datetime,symbol,open,high,low,close,volume
2024-01-31 17:00:00,FX:EURCAD,1.4527400000000001,1.45309,1.45262,1.45309,69.0
2024-01-31 17:15:00,FX:EURCAD,1.45309,1.4532100000000001,1.4529,1.4532,685.0
2024-01-31 17:30:00,FX:EURCAD,1.4532,1.45334,1.45255,1.45263,777.0
2024-01-31 17:45:00,FX:EURCAD,1.45263,1.45295,1.4518600000000002,1.4529400000000001,1146.0
2024-01-31 18:00:00,FX:EURCAD,1.4529400000000001,1.4531800000000001,1.4521600000000001,1.45256,619.0
2024-01-31 18:15:00,FX:EURCAD,1.45256,1.45256,1.4522300000000001,1.45226,529.0
2024-01-31 18:30:00,FX:EURCAD,1.45226,1.45239,1.4521600000000001,1.4522000000000002,403.0
2024-01-31 18:45:00,FX:EURCAD,1.4522000000000002,1.45236,1.4511,1.4511100000000001,646.0
2024-01-31 19:00:00,FX:EURCAD,1.4511100000000001,1.45156,1.45071,1.45099,1450.0
2024-01-31 19:15:00,FX:EURCAD,1.45099,1.45154,1.4508100000000002,1.4515,1431.0
2024-01-31 19:30:00,FX:EURCAD,1.4515,1.4517,1.4512800000000001,1.4515,1547.0
2024-01-31 19:45:00,FX:EURCAD,1.4515,1.45175,1.4512800000000001,1.45131,1575.0
2024-01-31 20:00:00,FX:EURCAD,1.45131,1.45207,1.45089,1.45201,2305.0
2024-01-31 20:15:00,FX:EURCAD,1.45201,1.45228,1.45188,1.45225,2137.0
2024-01-31 20:30:00,FX:EURCAD,1.45225,1.45231,1.45181,1.45204,2082.0
2024-01-31 20:45:00,FX:EURCAD,1.45204,1.45212,1.45181,1.45195,2075.0
2024-01-31 21:00:00,FX:EURCAD,1.45195,1.45211,1.45151,1.45175,2500.0
2024-01-31 21:15:00,FX:EURCAD,1.45175,1.45229,1.4516900000000001,1.45218,2473.0
2024-01-31 21:30:00,FX:EURCAD,1.45218,1.45231,1.45201,1.45229,2033.0
2024-01-31 21:45:00,FX:EURCAD,1.45229,1.45251,1.45214,1.45235,1708.0
2024-01-31 22:00:00,FX:EURCAD,1.45235,1.45239,1.45208,1.45234,1228.0
2024-01-31 22:15:00,FX:EURCAD,1.45234,1.45238,1.4519600000000001,1.45201,1612.0
2024-01-31 22:30:00,FX:EURCAD,1.45201,1.45227,1.45191,1.4522000000000002,1393.0
2024-01-31 22:45:00,FX:EURCAD,1.4522000000000002,1.4523000000000001,1.45188,1.4519600000000001,1178.0
2024-01-31 23:00:00,FX:EURCAD,1.4519600000000001,1.4521300000000001,1.45194,1.4521300000000001,1366.0
2024-01-31 23:15:00,FX:EURCAD,1.4521300000000001,1.45244,1.45205,1.45224,1260.0
2024-01-31 23:30:00,FX:EURCAD,1.45224,1.45232,1.45185,1.45198,1377.0
2024-01-31 23:45:00,FX:EURCAD,1.45198,1.4521600000000001,1.4517600000000002,1.45198,1422.0
2024-02-01 00:00:00,FX:EURCAD,1.45198,1.45222,1.45173,1.45219,1650.0
2024-02-01 00:15:00,FX:EURCAD,1.45219,1.45262,1.4521600000000001,1.45256,1540.0
2024-02-01 00:30:00,FX:EURCAD,1.45256,1.4525700000000001,1.45214,1.45255,1748.0
2024-02-01 00:45:00,FX:EURCAD,1.45255,1.45283,1.45246,1.4526400000000002,1472.0
2024-02-01 01:00:00,FX:EURCAD,1.4526400000000002,1.45304,1.45261,1.45283,2123.0
2024-02-01 01:15:00,FX:EURCAD,1.45283,1.45288,1.45251,1.4526000000000001,1570.0
2024-02-01 01:30:00,FX:EURCAD,1.4526000000000001,1.45271,1.452,1.45244,1572.0
2024-02-01 01:45:00,FX:EURCAD,1.45244,1.45255,1.4521300000000001,1.45228,1859.0
2024-02-01 02:00:00,FX:EURCAD,1.45228,1.4523700000000002,1.45164,1.4517,2763.0
2024-02-01 02:15:00,FX:EURCAD,1.4517,1.45182,1.45117,1.45149,2677.0
2024-02-01 02:30:00,FX:EURCAD,1.45149,1.45191,1.45131,1.4513200000000002,2624.0
2024-02-01 02:45:00,FX:EURCAD,1.4513200000000002,1.45285,1.4513,1.4525400000000002,3180.0
2024-02-01 03:00:00,FX:EURCAD,1.4525400000000002,1.45259,1.45092,1.45141,3806.0
2024-02-01 03:15:00,FX:EURCAD,1.45141,1.45204,1.45083,1.4508400000000001,2966.0
2024-02-01 03:30:00,FX:EURCAD,1.4508400000000001,1.4512800000000001,1.45025,1.45104,3458.0
2024-02-01 03:45:00,FX:EURCAD,1.45104,1.4518600000000002,1.45068,1.45129,4042.0
2024-02-01 04:00:00,FX:EURCAD,1.45129,1.4514500000000001,1.45065,1.45141,4346.0
2024-02-01 04:15:00,FX:EURCAD,1.45141,1.45214,1.45093,1.452,2585.0
2024-02-01 04:30:00,FX:EURCAD,1.452,1.4523300000000001,1.45178,1.45192,2721.0
2024-02-01 04:45:00,FX:EURCAD,1.45192,1.45253,1.45177,1.4518,2308.0
2024-02-01 05:00:00,FX:EURCAD,1.4518,1.4527,1.4517200000000001,1.45242,2447.0
2024-02-01 05:15:00,FX:EURCAD,1.45242,1.45251,1.45156,1.4521,2121.0
2024-02-01 05:30:00,FX:EURCAD,1.4521,1.4531800000000001,1.45202,1.45279,2121.0
2024-02-01 05:45:00,FX:EURCAD,1.45279,1.453,1.4521300000000001,1.45242,2793.0
2024-02-01 06:00:00,FX:EURCAD,1.45242,1.45309,1.45234,1.4529400000000001,2497.0
2024-02-01 06:15:00,FX:EURCAD,1.4529400000000001,1.45466,1.45279,1.45448,2766.0
2024-02-01 06:30:00,FX:EURCAD,1.45448,1.45471,1.4533,1.45361,2533.0
2024-02-01 06:45:00,FX:EURCAD,1.45361,1.4538600000000002,1.4530100000000001,1.45324,2595.0
2024-02-01 07:00:00,FX:EURCAD,1.45324,1.45463,1.45288,1.4542300000000001,3969.0
2024-02-01 07:15:00,FX:EURCAD,1.4542300000000001,1.45505,1.45401,1.4543000000000001,2841.0
2024-02-01 07:30:00,FX:EURCAD,1.4543000000000001,1.4544300000000001,1.4536,1.4543700000000002,3036.0
2024-02-01 07:45:00,FX:EURCAD,1.4543700000000002,1.45492,1.45401,1.45462,3510.0
2024-02-01 08:00:00,FX:EURCAD,1.45462,1.45482,1.45364,1.4547,4631.0
2024-02-01 08:15:00,FX:EURCAD,1.4547,1.4553,1.45377,1.45436,3896.0
2024-02-01 08:30:00,FX:EURCAD,1.45436,1.45533,1.45414,1.4543700000000002,6794.0
2024-02-01 08:45:00,FX:EURCAD,1.4543700000000002,1.45472,1.45339,1.4534200000000002,4190.0
2024-02-01 09:00:00,FX:EURCAD,1.4534200000000002,1.45486,1.45319,1.45446,5057.0
2024-02-01 09:15:00,FX:EURCAD,1.45446,1.45533,1.45425,1.45438,4304.0
2024-02-01 09:30:00,FX:EURCAD,1.45438,1.45441,1.45187,1.45279,4686.0
2024-02-01 09:45:00,FX:EURCAD,1.45279,1.45407,1.4517,1.45258,4452.0
2024-02-01 10:00:00,FX:EURCAD,1.45258,1.45283,1.45137,1.45235,9022.0
2024-02-01 10:15:00,FX:EURCAD,1.45235,1.45354,1.45222,1.4530800000000001,7347.0
2024-02-01 10:30:00,FX:EURCAD,1.4530800000000001,1.45383,1.45279,1.45292,6207.0
2024-02-01 10:45:00,FX:EURCAD,1.45292,1.4533,1.45209,1.45215,5306.0
2024-02-01 11:00:00,FX:EURCAD,1.45215,1.4539600000000001,1.4521300000000001,1.45356,6135.0
2024-02-01 11:15:00,FX:EURCAD,1.45356,1.45486,1.45356,1.4543000000000001,6124.0
2024-02-01 11:30:00,FX:EURCAD,1.4543000000000001,1.45463,1.45367,1.45393,5491.0
2024-02-01 11:45:00,FX:EURCAD,1.45393,1.45402,1.4531100000000001,1.4537900000000001,4610.0
2024-02-01 12:00:00,FX:EURCAD,1.4537900000000001,1.4538900000000001,1.4531800000000001,1.4532500000000002,4395.0
2024-02-01 12:15:00,FX:EURCAD,1.4532500000000002,1.45354,1.45221,1.45227,4129.0
2024-02-01 12:30:00,FX:EURCAD,1.45227,1.4542300000000001,1.4520300000000002,1.45392,4301.0
2024-02-01 12:45:00,FX:EURCAD,1.45392,1.45509,1.4539,1.45492,3977.0
2024-02-01 13:00:00,FX:EURCAD,1.45492,1.45503,1.45445,1.45472,4292.0
2024-02-01 13:15:00,FX:EURCAD,1.45472,1.45479,1.45367,1.45375,3413.0
2024-02-01 13:30:00,FX:EURCAD,1.45375,1.45435,1.45344,1.4539600000000001,4190.0
2024-02-01 13:45:00,FX:EURCAD,1.4539600000000001,1.45421,1.45344,1.45398,3018.0
2024-02-01 14:00:00,FX:EURCAD,1.45398,1.45493,1.45373,1.4549100000000001,3241.0
2024-02-01 14:15:00,FX:EURCAD,1.4549100000000001,1.45516,1.45455,1.4551,3288.0
2024-02-01 14:30:00,FX:EURCAD,1.4551,1.4553,1.45458,1.4551800000000001,3472.0
2024-02-01 14:45:00,FX:EURCAD,1.4551800000000001,1.45567,1.4549100000000001,1.4552500000000002,2990.0
2024-02-01 15:00:00,FX:EURCAD,1.4552500000000002,1.45558,1.45506,1.45549,2707.0
2024-02-01 15:15:00,FX:EURCAD,1.45549,1.45585,1.45529,1.45549,1865.0
2024-02-01 15:30:00,FX:EURCAD,1.45549,1.45557,1.45502,1.45514,1508.0
2024-02-01 15:45:00,FX:EURCAD,1.45514,1.45557,1.4550400000000001,1.45547,2427.0
2024-02-01 16:00:00,FX:EURCAD,1.45547,1.45547,1.45473,1.45483,1836.0
2024-02-01 16:15:00,FX:EURCAD,1.45483,1.45548,1.45471,1.45509,1221.0
2024-02-01 16:30:00,FX:EURCAD,1.45509,1.45539,1.4548,1.45493,1374.0
2024-02-01 16:45:00,FX:EURCAD,1.45493,1.45536,1.4547,1.4547,1313.0
2024-02-01 17:00:00,FX:EURCAD,1.4547,1.4550800000000002,1.4538900000000001,1.4549400000000001,218.0
2024-02-01 17:15:00,FX:EURCAD,1.4549400000000001,1.45544,1.45411,1.4553,433.0
2024-02-01 17:30:00,FX:EURCAD,1.4553,1.45541,1.45493,1.4551100000000001,1920.0
2024-02-01 17:45:00,FX:EURCAD,1.4551100000000001,1.45517,1.4546400000000002,1.45485,756.0
2024-02-01 18:00:00,FX:EURCAD,1.45485,1.45551,1.4547400000000001,1.45548,700.0
2024-02-01 18:15:00,FX:EURCAD,1.45548,1.45556,1.45529,1.45544,338.0
2024-02-01 18:30:00,FX:EURCAD,1.45544,1.45544,1.4551,1.4551800000000001,229.0
2024-02-01 18:45:00,FX:EURCAD,1.4551800000000001,1.45549,1.45517,1.4554500000000001,169.0
2024-02-01 19:00:00,FX:EURCAD,1.4554500000000001,1.45547,1.45487,1.45509,1053.0
2024-02-01 19:15:00,FX:EURCAD,1.45509,1.45523,1.4549800000000002,1.45519,856.0
2024-02-01 19:30:00,FX:EURCAD,1.45519,1.45522,1.4547,1.45506,1002.0
2024-02-01 19:45:00,FX:EURCAD,1.45506,1.45506,1.45444,1.45448,1537.0
2024-02-01 20:00:00,FX:EURCAD,1.45448,1.45462,1.45427,1.45439,1586.0
2024-02-01 20:15:00,FX:EURCAD,1.45439,1.45454,1.45417,1.4543000000000001,1798.0
2024-02-01 20:30:00,FX:EURCAD,1.4543000000000001,1.45455,1.45408,1.4544000000000001,2118.0
2024-02-01 20:45:00,FX:EURCAD,1.4544000000000001,1.4544700000000002,1.45397,1.454,1736.0
2024-02-01 21:00:00,FX:EURCAD,1.454,1.45422,1.45383,1.4542000000000002,1937.0
2024-02-01 21:15:00,FX:EURCAD,1.4542000000000002,1.45449,1.4541,1.45444,1494.0
2024-02-01 21:30:00,FX:EURCAD,1.45444,1.45456,1.45428,1.45434,1547.0
2024-02-01 21:45:00,FX:EURCAD,1.45434,1.4546000000000001,1.45429,1.45456,1419.0
2024-02-01 22:00:00,FX:EURCAD,1.45456,1.45468,1.4543300000000001,1.4546400000000002,1290.0
2024-02-01 22:15:00,FX:EURCAD,1.4546400000000002,1.45471,1.45436,1.45449,1265.0
2024-02-01 22:30:00,FX:EURCAD,1.45449,1.45455,1.45425,1.45444,1459.0
2024-02-01 22:45:00,FX:EURCAD,1.45444,1.4547700000000001,1.4544300000000001,1.45476,1291.0
2024-02-01 23:00:00,FX:EURCAD,1.45476,1.45485,1.4544700000000002,1.45456,917.0
2024-02-01 23:15:00,FX:EURCAD,1.45456,1.45458,1.45442,1.45449,1150.0
2024-02-01 23:30:00,FX:EURCAD,1.45449,1.4546000000000001,1.45434,1.45444,1058.0
2024-02-01 23:45:00,FX:EURCAD,1.45444,1.4545000000000001,1.45422,1.45427,975.0
2024-02-02 00:00:00,FX:EURCAD,1.45427,1.45471,1.45424,1.45453,1001.0
2024-02-02 00:15:00,FX:EURCAD,1.45453,1.45487,1.4544000000000001,1.45468,991.0
2024-02-02 00:30:00,FX:EURCAD,1.45468,1.45544,1.45468,1.4553,1018.0
2024-02-02 00:45:00,FX:EURCAD,1.4553,1.45546,1.45488,1.4549,1307.0
2024-02-02 01:00:00,FX:EURCAD,1.4549,1.4552,1.4548100000000002,1.45513,1414.0
2024-02-02 01:15:00,FX:EURCAD,1.45513,1.4552800000000001,1.45489,1.45493,1986.0
2024-02-02 01:30:00,FX:EURCAD,1.45493,1.45507,1.45459,1.45476,1737.0
2024-02-02 01:45:00,FX:EURCAD,1.45476,1.45495,1.45449,1.45479,1626.0
2024-02-02 02:00:00,FX:EURCAD,1.45479,1.45605,1.45466,1.45602,2138.0
2024-02-02 02:15:00,FX:EURCAD,1.45602,1.45628,1.4552800000000001,1.45534,1958.0
2024-02-02 02:30:00,FX:EURCAD,1.45534,1.4558200000000001,1.45517,1.45543,2687.0
2024-02-02 02:45:00,FX:EURCAD,1.45543,1.45611,1.4553,1.4558600000000002,2712.0
2024-02-02 03:00:00,FX:EURCAD,1.4558600000000002,1.4562000000000002,1.45472,1.45563,3693.0
2024-02-02 03:15:00,FX:EURCAD,1.45563,1.4557200000000001,1.4550800000000002,1.4552,3033.0
2024-02-02 03:30:00,FX:EURCAD,1.4552,1.45537,1.45471,1.4549400000000001,2162.0
2024-02-02 03:45:00,FX:EURCAD,1.4549400000000001,1.45577,1.45462,1.45563,2337.0
2024-02-02 04:00:00,FX:EURCAD,1.45563,1.45635,1.45548,1.45618,2473.0
2024-02-02 04:15:00,FX:EURCAD,1.45618,1.45702,1.4560600000000001,1.45668,2173.0
2024-02-02 04:30:00,FX:EURCAD,1.45668,1.45699,1.4561300000000001,1.45682,2194.0
2024-02-02 04:45:00,FX:EURCAD,1.45682,1.45693,1.4555500000000001,1.45595,1908.0
2024-02-02 05:00:00,FX:EURCAD,1.45595,1.45646,1.45539,1.45567,2041.0
2024-02-02 05:15:00,FX:EURCAD,1.45567,1.45611,1.4551,1.45529,1756.0
2024-02-02 05:30:00,FX:EURCAD,1.45529,1.45556,1.45488,1.45499,1790.0
2024-02-02 05:45:00,FX:EURCAD,1.45499,1.4557,1.45496,1.45548,1509.0
2024-02-02 06:00:00,FX:EURCAD,1.45548,1.45601,1.45524,1.45529,2034.0
2024-02-02 06:15:00,FX:EURCAD,1.45529,1.45577,1.45507,1.45561,1772.0
2024-02-02 06:30:00,FX:EURCAD,1.45561,1.45602,1.4554200000000002,1.45547,1383.0
2024-02-02 06:45:00,FX:EURCAD,1.45547,1.4557600000000002,1.4552500000000002,1.45575,1710.0
2024-02-02 07:00:00,FX:EURCAD,1.45575,1.4558600000000002,1.45534,1.45537,1669.0
2024-02-02 07:15:00,FX:EURCAD,1.45537,1.45614,1.45536,1.45597,1667.0
2024-02-02 07:30:00,FX:EURCAD,1.45597,1.4561600000000001,1.45516,1.45531,2253.0
2024-02-02 07:45:00,FX:EURCAD,1.45531,1.45585,1.4550800000000002,1.45515,2162.0
2024-02-02 08:00:00,FX:EURCAD,1.45515,1.45575,1.4550100000000001,1.45573,2977.0
2024-02-02 08:15:00,FX:EURCAD,1.45573,1.45602,1.4547400000000001,1.4555900000000002,3324.0
2024-02-02 08:30:00,FX:EURCAD,1.4555900000000002,1.4555900000000002,1.4503300000000001,1.45183,10989.0
2024-02-02 08:45:00,FX:EURCAD,1.45183,1.45208,1.45066,1.45188,7894.0
2024-02-02 09:00:00,FX:EURCAD,1.45188,1.45228,1.45073,1.45188,7605.0
2024-02-02 09:15:00,FX:EURCAD,1.45188,1.45255,1.4514,1.4515900000000002,5603.0
2024-02-02 09:30:00,FX:EURCAD,1.4515900000000002,1.45429,1.4515900000000002,1.45421,5979.0
2024-02-02 09:45:00,FX:EURCAD,1.45421,1.45566,1.45421,1.4548400000000001,5804.0
2024-02-02 10:00:00,FX:EURCAD,1.4548400000000001,1.4553,1.45365,1.45395,7112.0
2024-02-02 10:15:00,FX:EURCAD,1.45395,1.45405,1.4522000000000002,1.45228,5710.0
2024-02-02 10:30:00,FX:EURCAD,1.45228,1.45319,1.45212,1.4523000000000001,5895.0
2024-02-02 10:45:00,FX:EURCAD,1.4523000000000001,1.4536900000000001,1.45225,1.45307,5361.0
2024-02-02 11:00:00,FX:EURCAD,1.45307,1.45348,1.45243,1.45244,5230.0
2024-02-02 11:15:00,FX:EURCAD,1.45244,1.45272,1.45175,1.4518,3486.0
2024-02-02 11:30:00,FX:EURCAD,1.4518,1.45207,1.45147,1.45177,4109.0
2024-02-02 11:45:00,FX:EURCAD,1.45177,1.4519300000000002,1.45137,1.4517600000000002,3905.0
2024-02-02 12:00:00,FX:EURCAD,1.4517600000000002,1.4523000000000001,1.45147,1.45218,3975.0
2024-02-02 12:15:00,FX:EURCAD,1.45218,1.45269,1.45177,1.45182,3505.0
2024-02-02 12:30:00,FX:EURCAD,1.45182,1.45241,1.45165,1.45236,2987.0
2024-02-02 12:45:00,FX:EURCAD,1.45236,1.45278,1.45217,1.45217,3499.0
2024-02-02 13:00:00,FX:EURCAD,1.45217,1.45227,1.4515,1.4518900000000001,3138.0
2024-02-02 13:15:00,FX:EURCAD,1.4518900000000001,1.4522300000000001,1.4518,1.4519,3300.0
2024-02-02 13:30:00,FX:EURCAD,1.4519,1.45297,1.4517600000000002,1.45295,3289.0
2024-02-02 13:45:00,FX:EURCAD,1.45295,1.45313,1.45252,1.45288,2545.0
2024-02-02 14:00:00,FX:EURCAD,1.45288,1.4529,1.4523300000000001,1.45265,2338.0
2024-02-02 14:15:00,FX:EURCAD,1.45265,1.45299,1.4525000000000001,1.45275,2110.0
2024-02-02 14:30:00,FX:EURCAD,1.45275,1.45309,1.45236,1.45252,2528.0
2024-02-02 14:45:00,FX:EURCAD,1.45252,1.4529,1.45245,1.45279,2274.0
2024-02-02 15:00:00,FX:EURCAD,1.45279,1.45307,1.4527,1.45282,2053.0
2024-02-02 15:15:00,FX:EURCAD,1.45282,1.4528400000000001,1.45241,1.4524700000000001,2326.0
2024-02-02 15:30:00,FX:EURCAD,1.4524700000000001,1.45285,1.45242,1.4527,2110.0
2024-02-02 15:45:00,FX:EURCAD,1.4527,1.4529100000000001,1.45238,1.45246,2074.0
2024-02-02 16:00:00,FX:EURCAD,1.45246,1.45293,1.4523700000000002,1.4528400000000001,982.0
2024-02-02 16:15:00,FX:EURCAD,1.4528400000000001,1.45287,1.4523000000000001,1.45234,596.0
2024-02-02 16:30:00,FX:EURCAD,1.45234,1.45265,1.45218,1.45222,981.0
2024-02-02 16:45:00,FX:EURCAD,1.45222,1.45273,1.45122,1.45215,1383.0
2024-02-04 17:00:00,FX:EURCAD,1.45085,1.4518,1.45085,1.45174,149.0
2024-02-04 17:15:00,FX:EURCAD,1.45174,1.45194,1.4513800000000001,1.45154,1249.0
2024-02-04 17:30:00,FX:EURCAD,1.45154,1.4518600000000002,1.45143,1.45183,950.0
2024-02-04 17:45:00,FX:EURCAD,1.45183,1.45226,1.4513,1.45141,1222.0
2024-02-04 18:00:00,FX:EURCAD,1.45141,1.45215,1.4511100000000001,1.4512800000000001,1805.0
2024-02-04 18:15:00,FX:EURCAD,1.4512800000000001,1.4515,1.45103,1.4510800000000001,985.0
2024-02-04 18:30:00,FX:EURCAD,1.4510800000000001,1.4519900000000001,1.4510800000000001,1.4517900000000001,860.0
2024-02-04 18:45:00,FX:EURCAD,1.4517900000000001,1.45211,1.45174,1.45204,727.0
2024-02-04 19:00:00,FX:EURCAD,1.45204,1.4521600000000001,1.4511800000000001,1.4516900000000001,3656.0
2024-02-04 19:15:00,FX:EURCAD,1.4516900000000001,1.45234,1.45141,1.4522300000000001,3272.0
2024-02-04 19:30:00,FX:EURCAD,1.4522300000000001,1.45246,1.45208,1.45209,2998.0
2024-02-04 19:45:00,FX:EURCAD,1.45209,1.4527,1.45197,1.45214,2150.0
2024-02-04 20:00:00,FX:EURCAD,1.45214,1.4527400000000001,1.45214,1.45248,2227.0
2024-02-04 20:15:00,FX:EURCAD,1.45248,1.45288,1.45226,1.4527400000000001,2008.0
2024-02-04 20:30:00,FX:EURCAD,1.4527400000000001,1.4529100000000001,1.45235,1.45235,2491.0
2024-02-04 20:45:00,FX:EURCAD,1.45235,1.45244,1.45195,1.4521,1997.0
2024-02-04 21:00:00,FX:EURCAD,1.4521,1.45236,1.45192,1.45222,2478.0
2024-02-04 21:15:00,FX:EURCAD,1.45222,1.45273,1.45214,1.45259,2172.0
2024-02-04 21:30:00,FX:EURCAD,1.45259,1.45263,1.45235,1.4524700000000001,2073.0
2024-02-04 21:45:00,FX:EURCAD,1.4524700000000001,1.45271,1.4523000000000001,1.45266,2151.0
2024-02-04 22:00:00,FX:EURCAD,1.45266,1.45285,1.45228,1.45238,1893.0
2024-02-04 22:15:00,FX:EURCAD,1.45238,1.4525000000000001,1.45221,1.45225,2051.0
2024-02-04 22:30:00,FX:EURCAD,1.45225,1.4525700000000001,1.45224,1.45249,1236.0
2024-02-04 22:45:00,FX:EURCAD,1.45249,1.45272,1.45242,1.4525000000000001,1248.0
2024-02-04 23:00:00,FX:EURCAD,1.4525000000000001,1.45265,1.4523700000000002,1.4524000000000001,1251.0
2024-02-04 23:15:00,FX:EURCAD,1.4524000000000001,1.45243,1.45227,1.45232,775.0
2024-02-04 23:30:00,FX:EURCAD,1.45232,1.45243,1.4521,1.4521600000000001,825.0
2024-02-04 23:45:00,FX:EURCAD,1.4521600000000001,1.4524700000000001,1.45212,1.4523700000000002,1194.0
2024-02-05 00:00:00,FX:EURCAD,1.4523700000000002,1.45239,1.4519300000000002,1.4520600000000001,1688.0
2024-02-05 00:15:00,FX:EURCAD,1.4520600000000001,1.45224,1.4519,1.45215,1979.0
2024-02-05 00:30:00,FX:EURCAD,1.45215,1.45219,1.45191,1.4519600000000001,1701.0
2024-02-05 00:45:00,FX:EURCAD,1.4519600000000001,1.45238,1.45171,1.45235,1889.0
2024-02-05 01:00:00,FX:EURCAD,1.45235,1.4524000000000001,1.45201,1.45229,1733.0
2024-02-05 01:15:00,FX:EURCAD,1.45229,1.45252,1.45209,1.45236,1904.0
2024-02-05 01:30:00,FX:EURCAD,1.45236,1.4523700000000002,1.45181,1.45202,2352.0
2024-02-05 01:45:00,FX:EURCAD,1.45202,1.45214,1.4517200000000001,1.45195,1754.0
2024-02-05 02:00:00,FX:EURCAD,1.45195,1.45195,1.45129,1.45161,3731.0
2024-02-05 02:15:00,FX:EURCAD,1.45161,1.45201,1.4515200000000001,1.45195,2776.0
2024-02-05 02:30:00,FX:EURCAD,1.45195,1.45249,1.45183,1.45228,2949.0
2024-02-05 02:45:00,FX:EURCAD,1.45228,1.45305,1.45225,1.4529800000000002,3279.0
2024-02-05 03:00:00,FX:EURCAD,1.4529800000000002,1.45331,1.45245,1.453,4032.0
2024-02-05 03:15:00,FX:EURCAD,1.453,1.4532100000000001,1.4520600000000001,1.4520600000000001,3589.0
2024-02-05 03:30:00,FX:EURCAD,1.4520600000000001,1.45232,1.45148,1.45163,4082.0
2024-02-05 03:45:00,FX:EURCAD,1.45163,1.45173,1.45107,1.45114,3728.0
2024-02-05 04:00:00,FX:EURCAD,1.45114,1.45157,1.45065,1.451,3375.0
2024-02-05 04:15:00,FX:EURCAD,1.451,1.45133,1.45078,1.4511100000000001,2515.0
2024-02-05 04:30:00,FX:EURCAD,1.4511100000000001,1.45151,1.45109,1.45122,2970.0
2024-02-05 04:45:00,FX:EURCAD,1.45122,1.4515200000000001,1.45015,1.45024,2962.0
2024-02-05 05:00:00,FX:EURCAD,1.45024,1.4505700000000001,1.44983,1.45017,3039.0
2024-02-05 05:15:00,FX:EURCAD,1.45017,1.45044,1.44995,1.45031,2630.0
2024-02-05 05:30:00,FX:EURCAD,1.45031,1.45059,1.44943,1.44963,2771.0
2024-02-05 05:45:00,FX:EURCAD,1.44963,1.4501300000000001,1.44948,1.4498900000000001,2480.0
2024-02-05 06:00:00,FX:EURCAD,1.4498900000000001,1.4499600000000001,1.4494200000000002,1.44974,2430.0
2024-02-05 06:15:00,FX:EURCAD,1.44974,1.45041,1.44956,1.45032,2300.0
2024-02-05 06:30:00,FX:EURCAD,1.45032,1.45038,1.44941,1.4503700000000002,2915.0
2024-02-05 06:45:00,FX:EURCAD,1.4503700000000002,1.45075,1.44988,1.4506400000000002,3494.0
2024-02-05 07:00:00,FX:EURCAD,1.4506400000000002,1.45086,1.45008,1.45022,3497.0
2024-02-05 07:15:00,FX:EURCAD,1.45022,1.45117,1.45018,1.45113,3116.0
2024-02-05 07:30:00,FX:EURCAD,1.45113,1.45127,1.45071,1.45078,3138.0
2024-02-05 07:45:00,FX:EURCAD,1.45078,1.4513500000000001,1.45053,1.4509400000000001,2914.0
2024-02-05 08:00:00,FX:EURCAD,1.4509400000000001,1.45113,1.45045,1.4507,3470.0
2024-02-05 08:15:00,FX:EURCAD,1.4507,1.45163,1.45065,1.45149,3234.0
2024-02-05 08:30:00,FX:EURCAD,1.45149,1.45156,1.4509100000000001,1.45105,3514.0
2024-02-05 08:45:00,FX:EURCAD,1.45105,1.45168,1.4507,1.4508100000000002,3995.0
2024-02-05 09:00:00,FX:EURCAD,1.4508100000000002,1.45147,1.45058,1.45095,3304.0
2024-02-05 09:15:00,FX:EURCAD,1.45095,1.45117,1.4504000000000001,1.45041,2787.0
2024-02-05 09:30:00,FX:EURCAD,1.45041,1.45129,1.45032,1.4510100000000001,6046.0
2024-02-05 09:45:00,FX:EURCAD,1.4510100000000001,1.4518,1.45087,1.4514200000000002,5747.0
2024-02-05 10:00:00,FX:EURCAD,1.4514200000000002,1.45269,1.45049,1.45262,10561.0
2024-02-05 10:15:00,FX:EURCAD,1.45262,1.45348,1.45225,1.4532500000000002,7079.0
2024-02-05 10:30:00,FX:EURCAD,1.4532500000000002,1.4533800000000001,1.45219,1.4524000000000001,6056.0
2024-02-05 10:45:00,FX:EURCAD,1.4524000000000001,1.45299,1.45183,1.4519,6477.0
2024-02-05 11:00:00,FX:EURCAD,1.4519,1.45242,1.45153,1.4516200000000001,4432.0
2024-02-05 11:15:00,FX:EURCAD,1.4516200000000001,1.45296,1.4515200000000001,1.45252,3888.0
2024-02-05 11:30:00,FX:EURCAD,1.45252,1.45276,1.4521600000000001,1.45255,4318.0
2024-02-05 11:45:00,FX:EURCAD,1.45255,1.4534500000000001,1.45244,1.4530100000000001,3294.0
2024-02-05 12:00:00,FX:EURCAD,1.4530100000000001,1.45322,1.45241,1.4525700000000001,3818.0
2024-02-05 12:15:00,FX:EURCAD,1.4525700000000001,1.4529,1.45245,1.45279,3161.0
2024-02-05 12:30:00,FX:EURCAD,1.45279,1.45297,1.45221,1.45235,3160.0
2024-02-05 12:45:00,FX:EURCAD,1.45235,1.4531500000000002,1.45232,1.45276,3544.0
2024-02-05 13:00:00,FX:EURCAD,1.45276,1.45285,1.4523000000000001,1.45276,3416.0
2024-02-05 13:15:00,FX:EURCAD,1.45276,1.45322,1.4526400000000002,1.45286,2688.0
2024-02-05 13:30:00,FX:EURCAD,1.45286,1.4537200000000001,1.4527700000000001,1.45327,3016.0
2024-02-05 13:45:00,FX:EURCAD,1.45327,1.45383,1.45314,1.45358,2425.0
2024-02-05 14:00:00,FX:EURCAD,1.45358,1.45424,1.45354,1.45405,2742.0
2024-02-05 14:15:00,FX:EURCAD,1.45405,1.45411,1.45375,1.45408,2093.0
2024-02-05 14:30:00,FX:EURCAD,1.45408,1.45409,1.45326,1.45347,2149.0
2024-02-05 14:45:00,FX:EURCAD,1.45347,1.4541,1.4533500000000001,1.45405,2469.0
2024-02-05 15:00:00,FX:EURCAD,1.45405,1.4543700000000002,1.4539900000000001,1.45411,2695.0
2024-02-05 15:15:00,FX:EURCAD,1.45411,1.45425,1.45371,1.45384,3014.0
2024-02-05 15:30:00,FX:EURCAD,1.45384,1.45414,1.45377,1.45409,2343.0
2024-02-05 15:45:00,FX:EURCAD,1.45409,1.45456,1.45394,1.45451,2704.0
2024-02-05 16:00:00,FX:EURCAD,1.45451,1.45463,1.4539,1.4539600000000001,1451.0
2024-02-05 16:15:00,FX:EURCAD,1.4539600000000001,1.4543000000000001,1.4539600000000001,1.45426,805.0
2024-02-05 16:30:00,FX:EURCAD,1.45426,1.45441,1.4542000000000002,1.45428,1082.0
2024-02-05 16:45:00,FX:EURCAD,1.45428,1.4547400000000001,1.45385,1.45388,1203.0
2024-02-05 17:00:00,FX:EURCAD,1.45388,1.4543300000000001,1.45347,1.45353,300.0
2024-02-05 17:15:00,FX:EURCAD,1.45353,1.4536200000000001,1.45314,1.45351,621.0
2024-02-05 17:30:00,FX:EURCAD,1.45351,1.4543300000000001,1.45347,1.45378,1277.0
2024-02-05 17:45:00,FX:EURCAD,1.45378,1.4544000000000001,1.45378,1.45411,867.0
2024-02-05 18:00:00,FX:EURCAD,1.45411,1.45462,1.45409,1.45459,403.0
2024-02-05 18:15:00,FX:EURCAD,1.45459,1.45469,1.4545000000000001,1.45453,212.0
2024-02-05 18:30:00,FX:EURCAD,1.45453,1.4548100000000002,1.45451,1.45479,338.0
2024-02-05 18:45:00,FX:EURCAD,1.45479,1.4548,1.45458,1.45469,504.0
2024-02-05 19:00:00,FX:EURCAD,1.45469,1.4547700000000001,1.4544000000000001,1.45449,1338.0
2024-02-05 19:15:00,FX:EURCAD,1.45449,1.45473,1.45444,1.45473,982.0
2024-02-05 19:30:00,FX:EURCAD,1.45473,1.45473,1.45421,1.45445,750.0
2024-02-05 19:45:00,FX:EURCAD,1.45445,1.4545700000000001,1.45425,1.45432,1123.0
2024-02-05 20:00:00,FX:EURCAD,1.45432,1.45453,1.45398,1.45408,1361.0
2024-02-05 20:15:00,FX:EURCAD,1.45408,1.4541600000000001,1.4537200000000001,1.45383,1603.0
2024-02-05 20:30:00,FX:EURCAD,1.45383,1.45393,1.45322,1.45341,1693.0
2024-02-05 20:45:00,FX:EURCAD,1.45341,1.4534200000000002,1.45285,1.4529800000000002,1856.0
2024-02-05 21:00:00,FX:EURCAD,1.4529800000000002,1.45319,1.45279,1.4529400000000001,1830.0
2024-02-05 21:15:00,FX:EURCAD,1.4529400000000001,1.45304,1.4528,1.4529,1021.0
2024-02-05 21:30:00,FX:EURCAD,1.4529,1.45347,1.4528100000000002,1.4534500000000001,1235.0
2024-02-05 21:45:00,FX:EURCAD,1.4534500000000001,1.4535200000000001,1.45313,1.4532800000000001,1089.0
2024-02-05 22:00:00,FX:EURCAD,1.4532800000000001,1.4532800000000001,1.45299,1.4531,1246.0
2024-02-05 22:15:00,FX:EURCAD,1.4531,1.45337,1.45307,1.4530800000000001,1234.0
2024-02-05 22:30:00,FX:EURCAD,1.4530800000000001,1.45323,1.45271,1.45292,2431.0
2024-02-05 22:45:00,FX:EURCAD,1.45292,1.45295,1.45263,1.45271,1184.0
2024-02-05 23:00:00,FX:EURCAD,1.45271,1.45293,1.45263,1.4529100000000001,959.0
2024-02-05 23:15:00,FX:EURCAD,1.4529100000000001,1.45293,1.45255,1.45283,1607.0
2024-02-05 23:30:00,FX:EURCAD,1.45283,1.45286,1.4523700000000002,1.4526000000000001,1664.0
2024-02-05 23:45:00,FX:EURCAD,1.4526000000000001,1.45272,1.45249,1.4526700000000001,1045.0
2024-02-06 00:00:00,FX:EURCAD,1.4526700000000001,1.4526700000000001,1.45232,1.45266,2064.0
2024-02-06 00:15:00,FX:EURCAD,1.45266,1.45266,1.4524000000000001,1.4526000000000001,1322.0
2024-02-06 00:30:00,FX:EURCAD,1.4526000000000001,1.45304,1.45249,1.45288,1997.0
2024-02-06 00:45:00,FX:EURCAD,1.45288,1.4532100000000001,1.45275,1.4530800000000001,1592.0
2024-02-06 01:00:00,FX:EURCAD,1.4530800000000001,1.45309,1.4527400000000001,1.453,1509.0
2024-02-06 01:15:00,FX:EURCAD,1.453,1.453,1.45259,1.45262,1335.0
2024-02-06 01:30:00,FX:EURCAD,1.45262,1.45272,1.4523000000000001,1.45246,1374.0
2024-02-06 01:45:00,FX:EURCAD,1.45246,1.45252,1.45219,1.4522000000000002,1469.0
2024-02-06 02:00:00,FX:EURCAD,1.4522000000000002,1.45348,1.45217,1.4533800000000001,3502.0
2024-02-06 02:15:00,FX:EURCAD,1.4533800000000001,1.45373,1.4532800000000001,1.45353,2861.0
2024-02-06 02:30:00,FX:EURCAD,1.45353,1.4538,1.45307,1.45353,2402.0
2024-02-06 02:45:00,FX:EURCAD,1.45353,1.45361,1.4529400000000001,1.45305,2471.0
2024-02-06 03:00:00,FX:EURCAD,1.45305,1.45424,1.45303,1.45414,3873.0
2024-02-06 03:15:00,FX:EURCAD,1.45414,1.4545700000000001,1.45394,1.4542300000000001,3299.0
2024-02-06 03:30:00,FX:EURCAD,1.4542300000000001,1.45442,1.45381,1.4541300000000001,2530.0
2024-02-06 03:45:00,FX:EURCAD,1.4541300000000001,1.4542000000000002,1.45371,1.4540600000000001,3564.0
2024-02-06 04:00:00,FX:EURCAD,1.4540600000000001,1.45432,1.45276,1.45283,3410.0
2024-02-06 04:15:00,FX:EURCAD,1.45283,1.4530100000000001,1.45244,1.4530100000000001,1976.0
2024-02-06 04:30:00,FX:EURCAD,1.4530100000000001,1.45356,1.45252,1.45269,2739.0
2024-02-06 04:45:00,FX:EURCAD,1.45269,1.4527,1.4514200000000002,1.452,2890.0
2024-02-06 05:00:00,FX:EURCAD,1.452,1.45255,1.45167,1.45236,2245.0
2024-02-06 05:15:00,FX:EURCAD,1.45236,1.45304,1.45227,1.4525700000000001,1991.0
2024-02-06 05:30:00,FX:EURCAD,1.4525700000000001,1.4531,1.45241,1.45259,2475.0
2024-02-06 05:45:00,FX:EURCAD,1.45259,1.45326,1.45245,1.45261,2211.0
2024-02-06 06:00:00,FX:EURCAD,1.45261,1.4528,1.45226,1.45241,2113.0
2024-02-06 06:15:00,FX:EURCAD,1.45241,1.4528,1.4519600000000001,1.45249,2242.0
2024-02-06 06:30:00,FX:EURCAD,1.45249,1.4527700000000001,1.45214,1.4527400000000001,2133.0
2024-02-06 06:45:00,FX:EURCAD,1.4527400000000001,1.45312,1.45239,1.4524000000000001,2032.0
2024-02-06 07:00:00,FX:EURCAD,1.4524000000000001,1.45317,1.45231,1.45287,2362.0
2024-02-06 07:15:00,FX:EURCAD,1.45287,1.4532,1.4523000000000001,1.45243,2596.0
2024-02-06 07:30:00,FX:EURCAD,1.45243,1.45279,1.4520600000000001,1.45279,2669.0
2024-02-06 07:45:00,FX:EURCAD,1.45279,1.45283,1.45218,1.45232,2985.0
2024-02-06 08:00:00,FX:EURCAD,1.45232,1.45283,1.4516,1.4523300000000001,5047.0
2024-02-06 08:15:00,FX:EURCAD,1.4523300000000001,1.45249,1.45143,1.45146,4060.0
2024-02-06 08:30:00,FX:EURCAD,1.45146,1.4528,1.4513800000000001,1.45271,3779.0
2024-02-06 08:45:00,FX:EURCAD,1.45271,1.45276,1.45187,1.4522000000000002,4315.0
2024-02-06 09:00:00,FX:EURCAD,1.4522000000000002,1.45336,1.4522000000000002,1.45324,4432.0
2024-02-06 09:15:00,FX:EURCAD,1.45324,1.45326,1.45244,1.45285,4784.0
2024-02-06 09:30:00,FX:EURCAD,1.45285,1.45361,1.4516,1.45163,7062.0
2024-02-06 09:45:00,FX:EURCAD,1.45163,1.4528100000000002,1.45147,1.45255,4872.0
2024-02-06 10:00:00,FX:EURCAD,1.45255,1.45319,1.45239,1.45313,4827.0
2024-02-06 10:15:00,FX:EURCAD,1.45313,1.45314,1.4518600000000002,1.45246,5300.0
2024-02-06 10:30:00,FX:EURCAD,1.45246,1.45309,1.45198,1.45286,5552.0
2024-02-06 10:45:00,FX:EURCAD,1.45286,1.45305,1.4523300000000001,1.4528,4911.0
2024-02-06 11:00:00,FX:EURCAD,1.4528,1.45304,1.45158,1.45174,4078.0
2024-02-06 11:15:00,FX:EURCAD,1.45174,1.45187,1.45136,1.45143,3298.0
2024-02-06 11:30:00,FX:EURCAD,1.45143,1.45195,1.45105,1.45158,3640.0
2024-02-06 11:45:00,FX:EURCAD,1.45158,1.45194,1.45124,1.4513,3854.0
2024-02-06 12:00:00,FX:EURCAD,1.4513,1.4514500000000001,1.4508,1.4511800000000001,4447.0
2024-02-06 12:15:00,FX:EURCAD,1.4511800000000001,1.45129,1.45044,1.45088,3671.0
2024-02-06 12:30:00,FX:EURCAD,1.45088,1.45093,1.45015,1.45025,2910.0
2024-02-06 12:45:00,FX:EURCAD,1.45025,1.4503700000000002,1.4497900000000001,1.45001,2692.0
2024-02-06 13:00:00,FX:EURCAD,1.45001,1.45015,1.4497,1.44985,3736.0
2024-02-06 13:15:00,FX:EURCAD,1.44985,1.4501300000000001,1.4495900000000002,1.44965,2996.0
2024-02-06 13:30:00,FX:EURCAD,1.44965,1.44977,1.44924,1.4496200000000001,2605.0
2024-02-06 13:45:00,FX:EURCAD,1.4496200000000001,1.44982,1.44917,1.44941,2499.0
2024-02-06 14:00:00,FX:EURCAD,1.44941,1.44984,1.4493,1.44966,2885.0
2024-02-06 14:15:00,FX:EURCAD,1.44966,1.4501300000000001,1.44957,1.44973,2758.0
2024-02-06 14:30:00,FX:EURCAD,1.44973,1.4500300000000002,1.44939,1.4498,2459.0
2024-02-06 14:45:00,FX:EURCAD,1.4498,1.44983,1.44934,1.4493800000000001,1916.0
2024-02-06 15:00:00,FX:EURCAD,1.4493800000000001,1.4498900000000001,1.44924,1.44988,2069.0
2024-02-06 15:15:00,FX:EURCAD,1.44988,1.45015,1.4497200000000001,1.45001,2087.0
2024-02-06 15:30:00,FX:EURCAD,1.45001,1.4505400000000002,1.44998,1.45046,2401.0
2024-02-06 15:45:00,FX:EURCAD,1.45046,1.45069,1.4502300000000001,1.4506400000000002,2504.0
2024-02-06 16:00:00,FX:EURCAD,1.4506400000000002,1.45093,1.4503700000000002,1.45082,1123.0
2024-02-06 16:15:00,FX:EURCAD,1.45082,1.45086,1.4503000000000001,1.4504000000000001,563.0
2024-02-06 16:30:00,FX:EURCAD,1.4504000000000001,1.45093,1.45038,1.45092,587.0
2024-02-06 16:45:00,FX:EURCAD,1.45092,1.45121,1.45035,1.45038,1375.0
2024-02-06 17:00:00,FX:EURCAD,1.45038,1.451,1.44978,1.45061,324.0
2024-02-06 17:15:00,FX:EURCAD,1.45061,1.4506700000000001,1.44946,1.45056,1296.0
2024-02-06 17:30:00,FX:EURCAD,1.45056,1.45071,1.45027,1.4503300000000001,1586.0
2024-02-06 17:45:00,FX:EURCAD,1.4503300000000001,1.4505700000000001,1.45029,1.45052,425.0
2024-02-06 18:00:00,FX:EURCAD,1.45052,1.4509100000000001,1.45046,1.45061,625.0
2024-02-06 18:15:00,FX:EURCAD,1.45061,1.4507700000000001,1.45051,1.4507700000000001,314.0
2024-02-06 18:30:00,FX:EURCAD,1.4507700000000001,1.45093,1.45066,1.45079,373.0
2024-02-06 18:45:00,FX:EURCAD,1.45079,1.45107,1.45076,1.45105,321.0
2024-02-06 19:00:00,FX:EURCAD,1.45105,1.45137,1.45104,1.45117,656.0
2024-02-06 19:15:00,FX:EURCAD,1.45117,1.45134,1.45102,1.45113,593.0
2024-02-06 19:30:00,FX:EURCAD,1.45113,1.4512,1.45102,1.45114,580.0
2024-02-06 19:45:00,FX:EURCAD,1.45114,1.4513200000000002,1.45104,1.4512,863.0
2024-02-06 20:00:00,FX:EURCAD,1.4512,1.4512,1.4507400000000001,1.45082,1796.0
2024-02-06 20:15:00,FX:EURCAD,1.45082,1.4511,1.45079,1.4509800000000002,1821.0
2024-02-06 20:30:00,FX:EURCAD,1.4509800000000002,1.45102,1.45073,1.45082,2293.0
2024-02-06 20:45:00,FX:EURCAD,1.45082,1.45086,1.45059,1.45069,2290.0
2024-02-06 21:00:00,FX:EURCAD,1.45069,1.45069,1.45026,1.45062,1881.0
2024-02-06 21:15:00,FX:EURCAD,1.45062,1.45071,1.45046,1.4506700000000001,1517.0
2024-02-06 21:30:00,FX:EURCAD,1.4506700000000001,1.4510100000000001,1.45065,1.4509400000000001,1724.0
2024-02-06 21:45:00,FX:EURCAD,1.4509400000000001,1.4509800000000002,1.45072,1.45078,1673.0
2024-02-06 22:00:00,FX:EURCAD,1.45078,1.4508400000000001,1.45059,1.4507,1222.0
2024-02-06 22:15:00,FX:EURCAD,1.4507,1.45076,1.45041,1.45044,1241.0
2024-02-06 22:30:00,FX:EURCAD,1.45044,1.45061,1.4504000000000001,1.45043,1282.0
2024-02-06 22:45:00,FX:EURCAD,1.45043,1.45065,1.45038,1.45062,903.0
2024-02-06 23:00:00,FX:EURCAD,1.45062,1.45082,1.45046,1.45078,803.0
2024-02-06 23:15:00,FX:EURCAD,1.45078,1.45095,1.4507,1.4508,923.0
2024-02-06 23:30:00,FX:EURCAD,1.4508,1.45092,1.45071,1.45086,864.0
2024-02-06 23:45:00,FX:EURCAD,1.45086,1.4509800000000002,1.4508100000000002,1.4509100000000001,930.0
2024-02-07 00:00:00,FX:EURCAD,1.4509100000000001,1.45114,1.4509,1.45107,1336.0
2024-02-07 00:15:00,FX:EURCAD,1.45107,1.45129,1.45105,1.4512800000000001,1222.0
2024-02-07 00:30:00,FX:EURCAD,1.4512800000000001,1.45139,1.4510800000000001,1.4513500000000001,1475.0
2024-02-07 00:45:00,FX:EURCAD,1.4513500000000001,1.45143,1.45122,1.45127,1396.0
2024-02-07 01:00:00,FX:EURCAD,1.45127,1.4517600000000002,1.45127,1.45148,1450.0
2024-02-07 01:15:00,FX:EURCAD,1.45148,1.45154,1.4511800000000001,1.45119,1623.0
2024-02-07 01:30:00,FX:EURCAD,1.45119,1.4513500000000001,1.4509400000000001,1.45131,1596.0
2024-02-07 01:45:00,FX:EURCAD,1.45131,1.45158,1.45116,1.45121,1796.0
2024-02-07 02:00:00,FX:EURCAD,1.45121,1.45188,1.45107,1.4516900000000001,2791.0
2024-02-07 02:15:00,FX:EURCAD,1.4516900000000001,1.4518,1.4513500000000001,1.45149,2575.0
2024-02-07 02:30:00,FX:EURCAD,1.45149,1.45217,1.45149,1.45188,2472.0
2024-02-07 02:45:00,FX:EURCAD,1.45188,1.4523300000000001,1.45183,1.4522000000000002,2301.0
2024-02-07 03:00:00,FX:EURCAD,1.4522000000000002,1.45245,1.45122,1.45148,3832.0
2024-02-07 03:15:00,FX:EURCAD,1.45148,1.45187,1.45106,1.4516,3196.0
2024-02-07 03:30:00,FX:EURCAD,1.4516,1.4517900000000001,1.45042,1.45042,3149.0
2024-02-07 03:45:00,FX:EURCAD,1.45042,1.45063,1.45015,1.4503300000000001,2990.0
2024-02-07 04:00:00,FX:EURCAD,1.4503300000000001,1.45093,1.44998,1.45063,2761.0
2024-02-07 04:15:00,FX:EURCAD,1.45063,1.45072,1.45018,1.45055,2459.0
2024-02-07 04:30:00,FX:EURCAD,1.45055,1.45104,1.4503300000000001,1.45093,3031.0
2024-02-07 04:45:00,FX:EURCAD,1.45093,1.4512,1.45061,1.45072,2642.0
2024-02-07 05:00:00,FX:EURCAD,1.45072,1.4511100000000001,1.45039,1.45105,2923.0
2024-02-07 05:15:00,FX:EURCAD,1.45105,1.45175,1.4508,1.4515,2703.0
2024-02-07 05:30:00,FX:EURCAD,1.4515,1.4516,1.45088,1.45124,3056.0
2024-02-07 05:45:00,FX:EURCAD,1.45124,1.45171,1.45121,1.45134,2554.0
2024-02-07 06:00:00,FX:EURCAD,1.45134,1.45204,1.45107,1.45117,2568.0
2024-02-07 06:15:00,FX:EURCAD,1.45117,1.45144,1.4510100000000001,1.45121,2705.0
2024-02-07 06:30:00,FX:EURCAD,1.45121,1.45156,1.45075,1.45131,2652.0
2024-02-07 06:45:00,FX:EURCAD,1.45131,1.45211,1.45121,1.45149,2454.0
2024-02-07 07:00:00,FX:EURCAD,1.45149,1.45191,1.45133,1.45143,2487.0
2024-02-07 07:15:00,FX:EURCAD,1.45143,1.45146,1.4509400000000001,1.45126,2546.0
2024-02-07 07:30:00,FX:EURCAD,1.45126,1.45136,1.45061,1.45088,2254.0
2024-02-07 07:45:00,FX:EURCAD,1.45088,1.4509800000000002,1.4504700000000001,1.45072,2273.0
2024-02-07 08:00:00,FX:EURCAD,1.45072,1.4507400000000001,1.44985,1.45005,3626.0
2024-02-07 08:15:00,FX:EURCAD,1.45005,1.4509400000000001,1.44968,1.45092,3950.0
2024-02-07 08:30:00,FX:EURCAD,1.45092,1.45146,1.4503700000000002,1.4506400000000002,3807.0
2024-02-07 08:45:00,FX:EURCAD,1.4506400000000002,1.4508400000000001,1.45014,1.45026,3384.0
2024-02-07 09:00:00,FX:EURCAD,1.45026,1.451,1.45018,1.45088,3767.0
2024-02-07 09:15:00,FX:EURCAD,1.45088,1.45123,1.45017,1.45072,3218.0
2024-02-07 09:30:00,FX:EURCAD,1.45072,1.45117,1.4497,1.45082,6476.0
2024-02-07 09:45:00,FX:EURCAD,1.45082,1.4519300000000002,1.4506000000000001,1.45117,6291.0
2024-02-07 10:00:00,FX:EURCAD,1.45117,1.45139,1.4507,1.4511100000000001,6404.0
2024-02-07 10:15:00,FX:EURCAD,1.4511100000000001,1.4512800000000001,1.45049,1.4508100000000002,4503.0
2024-02-07 10:30:00,FX:EURCAD,1.4508100000000002,1.45153,1.45048,1.45087,6197.0
2024-02-07 10:45:00,FX:EURCAD,1.45087,1.45146,1.44853,1.4486700000000001,5524.0
2024-02-07 11:00:00,FX:EURCAD,1.4486700000000001,1.44954,1.4482300000000001,1.44917,5525.0
2024-02-07 11:15:00,FX:EURCAD,1.44917,1.44978,1.44843,1.4495900000000002,3793.0
2024-02-07 11:30:00,FX:EURCAD,1.4495900000000002,1.45093,1.4495900000000002,1.4508,3379.0
2024-02-07 11:45:00,FX:EURCAD,1.4508,1.4513500000000001,1.45028,1.45049,2980.0
2024-02-07 12:00:00,FX:EURCAD,1.45049,1.45055,1.44984,1.45012,2825.0
2024-02-07 12:15:00,FX:EURCAD,1.45012,1.45029,1.4495200000000001,1.45019,2449.0
2024-02-07 12:30:00,FX:EURCAD,1.45019,1.4505400000000002,1.4498900000000001,1.45048,2954.0
2024-02-07 12:45:00,FX:EURCAD,1.45048,1.45065,1.4500600000000001,1.45034,2314.0
2024-02-07 13:00:00,FX:EURCAD,1.45034,1.45116,1.44995,1.4511,4027.0
2024-02-07 13:15:00,FX:EURCAD,1.4511,1.45112,1.45052,1.45093,3399.0
2024-02-07 13:30:00,FX:EURCAD,1.45093,1.45147,1.4508,1.45124,2670.0
2024-02-07 13:45:00,FX:EURCAD,1.45124,1.45149,1.4509100000000001,1.45143,2011.0
2024-02-07 14:00:00,FX:EURCAD,1.45143,1.4515,1.45096,1.45103,2051.0
2024-02-07 14:15:00,FX:EURCAD,1.45103,1.45119,1.45082,1.45113,2105.0
2024-02-07 14:30:00,FX:EURCAD,1.45113,1.4512500000000002,1.45052,1.45056,2371.0
2024-02-07 14:45:00,FX:EURCAD,1.45056,1.45065,1.45017,1.45053,1563.0
2024-02-07 15:00:00,FX:EURCAD,1.45053,1.45097,1.45035,1.45055,1896.0
2024-02-07 15:15:00,FX:EURCAD,1.45055,1.4506700000000001,1.4502300000000001,1.45032,1538.0
2024-02-07 15:30:00,FX:EURCAD,1.45032,1.45055,1.4500300000000002,1.45011,2013.0
2024-02-07 15:45:00,FX:EURCAD,1.45011,1.45056,1.45008,1.4503000000000001,2011.0
2024-02-07 16:00:00,FX:EURCAD,1.4503000000000001,1.45055,1.45024,1.45034,846.0
2024-02-07 16:15:00,FX:EURCAD,1.45034,1.45049,1.45017,1.45018,640.0
2024-02-07 16:30:00,FX:EURCAD,1.45018,1.45049,1.4500300000000002,1.4500300000000002,740.0
2024-02-07 16:45:00,FX:EURCAD,1.4500300000000002,1.4504000000000001,1.4495500000000001,1.4496900000000001,708.0
2024-02-07 17:00:00,FX:EURCAD,1.4496900000000001,1.45001,1.4494500000000001,1.44964,393.0
2024-02-07 17:15:00,FX:EURCAD,1.44964,1.45032,1.44963,1.45025,492.0
2024-02-07 17:30:00,FX:EURCAD,1.45025,1.45042,1.4499600000000001,1.4499600000000001,431.0
2024-02-07 17:45:00,FX:EURCAD,1.4499600000000001,1.4501300000000001,1.4497,1.44997,649.0
2024-02-07 18:00:00,FX:EURCAD,1.44997,1.45053,1.44956,1.4503700000000002,508.0
2024-02-07 18:15:00,FX:EURCAD,1.4503700000000002,1.45045,1.45027,1.45043,284.0
2024-02-07 18:30:00,FX:EURCAD,1.45043,1.45062,1.4503300000000001,1.45053,582.0
2024-02-07 18:45:00,FX:EURCAD,1.45053,1.4507700000000001,1.45052,1.4506000000000001,352.0
2024-02-07 19:00:00,FX:EURCAD,1.4506000000000001,1.45062,1.4501600000000001,1.4505400000000002,893.0
2024-02-07 19:15:00,FX:EURCAD,1.4505400000000002,1.45071,1.45048,1.45066,678.0
2024-02-07 19:30:00,FX:EURCAD,1.45066,1.4508100000000002,1.4506400000000002,1.45075,957.0
2024-02-07 19:45:00,FX:EURCAD,1.45075,1.45085,1.4504700000000001,1.45072,1375.0
2024-02-07 20:00:00,FX:EURCAD,1.45072,1.45072,1.45034,1.45048,902.0
2024-02-07 20:15:00,FX:EURCAD,1.45048,1.45063,1.45027,1.45028,1175.0
2024-02-07 20:30:00,FX:EURCAD,1.45028,1.4504000000000001,1.44998,1.45014,2223.0
2024-02-07 20:45:00,FX:EURCAD,1.45014,1.4503700000000002,1.44991,1.45017,2144.0
2024-02-07 21:00:00,FX:EURCAD,1.45017,1.45031,1.44994,1.45001,1759.0
2024-02-07 21:15:00,FX:EURCAD,1.45001,1.45031,1.44997,1.45021,1753.0
2024-02-07 21:30:00,FX:EURCAD,1.45021,1.45036,1.45008,1.45027,1500.0
2024-02-07 21:45:00,FX:EURCAD,1.45027,1.4503300000000001,1.4501300000000001,1.45032,1033.0
2024-02-07 22:00:00,FX:EURCAD,1.45032,1.45038,1.4502300000000001,1.45035,980.0
2024-02-07 22:15:00,FX:EURCAD,1.45035,1.4506400000000002,1.45028,1.45062,1111.0
2024-02-07 22:30:00,FX:EURCAD,1.45062,1.45071,1.45046,1.45055,1114.0
2024-02-07 22:45:00,FX:EURCAD,1.45055,1.4506400000000002,1.4504000000000001,1.45049,966.0
2024-02-07 23:00:00,FX:EURCAD,1.45049,1.45065,1.45043,1.45051,969.0
2024-02-07 23:15:00,FX:EURCAD,1.45051,1.45102,1.45048,1.4507400000000001,836.0
2024-02-07 23:30:00,FX:EURCAD,1.4507400000000001,1.45082,1.4502300000000001,1.45026,1060.0
2024-02-07 23:45:00,FX:EURCAD,1.45026,1.45042,1.45019,1.45036,1195.0
2024-02-08 00:00:00,FX:EURCAD,1.45036,1.45055,1.45032,1.45053,1034.0
2024-02-08 00:15:00,FX:EURCAD,1.45053,1.45083,1.4504700000000001,1.45072,1176.0
2024-02-08 00:30:00,FX:EURCAD,1.45072,1.4509,1.45066,1.4508400000000001,733.0
2024-02-08 00:45:00,FX:EURCAD,1.4508400000000001,1.451,1.45055,1.45068,1062.0
2024-02-08 01:00:00,FX:EURCAD,1.45068,1.45085,1.4505400000000002,1.4508100000000002,1323.0
2024-02-08 01:15:00,FX:EURCAD,1.4508100000000002,1.45109,1.4508,1.4510100000000001,1183.0
2024-02-08 01:30:00,FX:EURCAD,1.4510100000000001,1.4512500000000002,1.4509400000000001,1.45107,1601.0
2024-02-08 01:45:00,FX:EURCAD,1.45107,1.4512,1.4506000000000001,1.45073,1415.0
2024-02-08 02:00:00,FX:EURCAD,1.45073,1.45104,1.45068,1.45079,3058.0
2024-02-08 02:15:00,FX:EURCAD,1.45079,1.45085,1.45042,1.4504700000000001,2296.0
2024-02-08 02:30:00,FX:EURCAD,1.4504700000000001,1.45105,1.45034,1.45041,3026.0
2024-02-08 02:45:00,FX:EURCAD,1.45041,1.45062,1.45007,1.45049,3252.0
2024-02-08 03:00:00,FX:EURCAD,1.45049,1.4511800000000001,1.45027,1.45106,3711.0
2024-02-08 03:15:00,FX:EURCAD,1.45106,1.45109,1.4503700000000002,1.45063,3233.0
2024-02-08 03:30:00,FX:EURCAD,1.45063,1.45068,1.45001,1.45038,3344.0
2024-02-08 03:45:00,FX:EURCAD,1.45038,1.45113,1.45028,1.451,3037.0
2024-02-08 04:00:00,FX:EURCAD,1.451,1.45112,1.4505000000000001,1.45063,2404.0
2024-02-08 04:15:00,FX:EURCAD,1.45063,1.45126,1.4504000000000001,1.45126,2466.0
2024-02-08 04:30:00,FX:EURCAD,1.45126,1.45197,1.45107,1.45171,3376.0
2024-02-08 04:45:00,FX:EURCAD,1.45171,1.45177,1.45117,1.45163,3030.0
2024-02-08 05:00:00,FX:EURCAD,1.45163,1.4519300000000002,1.4516,1.4516,2455.0
2024-02-08 05:15:00,FX:EURCAD,1.4516,1.45163,1.451,1.4511500000000002,2055.0
2024-02-08 05:30:00,FX:EURCAD,1.4511500000000002,1.4512500000000002,1.45062,1.4508,2523.0
2024-02-08 05:45:00,FX:EURCAD,1.4508,1.45131,1.4506700000000001,1.45087,2453.0
2024-02-08 06:00:00,FX:EURCAD,1.45087,1.45097,1.45058,1.45085,2407.0
2024-02-08 06:15:00,FX:EURCAD,1.45085,1.45104,1.45036,1.45086,2453.0
2024-02-08 06:30:00,FX:EURCAD,1.45086,1.45121,1.4506700000000001,1.4509,2687.0
2024-02-08 06:45:00,FX:EURCAD,1.4509,1.4509800000000002,1.4502000000000002,1.45038,2406.0
2024-02-08 07:00:00,FX:EURCAD,1.45038,1.45072,1.4499300000000002,1.4499300000000002,2762.0
2024-02-08 07:15:00,FX:EURCAD,1.4499300000000002,1.45001,1.4495900000000002,1.44965,2899.0
2024-02-08 07:30:00,FX:EURCAD,1.44965,1.44995,1.44923,1.4495900000000002,3468.0
2024-02-08 07:45:00,FX:EURCAD,1.4495900000000002,1.45065,1.4495200000000001,1.45051,3268.0
2024-02-08 08:00:00,FX:EURCAD,1.45051,1.4508400000000001,1.44992,1.45011,2930.0
2024-02-08 08:15:00,FX:EURCAD,1.45011,1.4508,1.44994,1.45019,3004.0
2024-02-08 08:30:00,FX:EURCAD,1.45019,1.45041,1.44878,1.4492500000000001,6015.0
2024-02-08 08:45:00,FX:EURCAD,1.4492500000000001,1.44957,1.44889,1.4489100000000001,5116.0
2024-02-08 09:00:00,FX:EURCAD,1.4489100000000001,1.44933,1.4485700000000001,1.44869,4262.0
2024-02-08 09:15:00,FX:EURCAD,1.44869,1.4493,1.4484700000000001,1.4488,3578.0
2024-02-08 09:30:00,FX:EURCAD,1.4488,1.45027,1.44865,1.44995,6613.0
2024-02-08 09:45:00,FX:EURCAD,1.44995,1.45055,1.4497600000000002,1.45007,5323.0
2024-02-08 10:00:00,FX:EURCAD,1.45007,1.45029,1.44844,1.44848,6458.0
2024-02-08 10:15:00,FX:EURCAD,1.44848,1.4497900000000001,1.44815,1.44933,4695.0
2024-02-08 10:30:00,FX:EURCAD,1.44933,1.4493500000000001,1.44815,1.4489400000000001,4613.0
2024-02-08 10:45:00,FX:EURCAD,1.4489400000000001,1.4496,1.44861,1.44876,4317.0
2024-02-08 11:00:00,FX:EURCAD,1.44876,1.4490800000000001,1.4485700000000001,1.44887,4239.0
2024-02-08 11:15:00,FX:EURCAD,1.44887,1.44992,1.4488100000000002,1.44967,3583.0
2024-02-08 11:30:00,FX:EURCAD,1.44967,1.45018,1.44967,1.45014,2620.0
2024-02-08 11:45:00,FX:EURCAD,1.45014,1.45107,1.45011,1.45052,2961.0
2024-02-08 12:00:00,FX:EURCAD,1.45052,1.4509800000000002,1.45018,1.4502300000000001,3022.0
2024-02-08 12:15:00,FX:EURCAD,1.4502300000000001,1.45095,1.4501300000000001,1.4509100000000001,2426.0
2024-02-08 12:30:00,FX:EURCAD,1.4509100000000001,1.4512500000000002,1.4507700000000001,1.4511,2263.0
2024-02-08 12:45:00,FX:EURCAD,1.4511,1.45126,1.4506000000000001,1.45062,2550.0
2024-02-08 13:00:00,FX:EURCAD,1.45062,1.4511,1.4502300000000001,1.45096,4543.0
2024-02-08 13:15:00,FX:EURCAD,1.45096,1.45137,1.45087,1.45113,2127.0
2024-02-08 13:30:00,FX:EURCAD,1.45113,1.45116,1.45045,1.45078,2119.0
2024-02-08 13:45:00,FX:EURCAD,1.45078,1.45082,1.45021,1.4502300000000001,1878.0
2024-02-08 14:00:00,FX:EURCAD,1.4502300000000001,1.45031,1.4497,1.44985,2590.0
2024-02-08 14:15:00,FX:EURCAD,1.44985,1.45028,1.44984,1.45017,2330.0
2024-02-08 14:30:00,FX:EURCAD,1.45017,1.45017,1.44967,1.4499,2265.0
2024-02-08 14:45:00,FX:EURCAD,1.4499,1.45034,1.44974,1.4498600000000001,2844.0
2024-02-08 15:00:00,FX:EURCAD,1.4498600000000001,1.45009,1.44971,1.4500300000000002,2306.0
2024-02-08 15:15:00,FX:EURCAD,1.4500300000000002,1.45026,1.44992,1.45018,1800.0
2024-02-08 15:30:00,FX:EURCAD,1.45018,1.45027,1.44997,1.45011,2033.0
2024-02-08 15:45:00,FX:EURCAD,1.45011,1.45044,1.4497200000000001,1.45034,2534.0
2024-02-08 16:00:00,FX:EURCAD,1.45034,1.45045,1.4501300000000001,1.45029,1019.0
2024-02-08 16:15:00,FX:EURCAD,1.45029,1.45034,1.45014,1.4502000000000002,629.0
2024-02-08 16:30:00,FX:EURCAD,1.4502000000000002,1.45038,1.45008,1.45008,824.0
2024-02-08 16:45:00,FX:EURCAD,1.45008,1.45052,1.44985,1.4498900000000001,857.0
2024-02-08 17:00:00,FX:EURCAD,1.4498900000000001,1.45048,1.4498900000000001,1.45019,519.0
2024-02-08 17:15:00,FX:EURCAD,1.45019,1.45058,1.44947,1.4502300000000001,804.0
2024-02-08 17:30:00,FX:EURCAD,1.4502300000000001,1.45082,1.4494500000000001,1.45031,1000.0
2024-02-08 17:45:00,FX:EURCAD,1.45031,1.45055,1.4502000000000002,1.45027,538.0
2024-02-08 18:00:00,FX:EURCAD,1.45027,1.45069,1.45012,1.45051,493.0
2024-02-08 18:15:00,FX:EURCAD,1.45051,1.45061,1.45036,1.45061,252.0
2024-02-08 18:30:00,FX:EURCAD,1.45061,1.45062,1.45038,1.45043,290.0
2024-02-08 18:45:00,FX:EURCAD,1.45043,1.4506700000000001,1.45029,1.4506700000000001,543.0
2024-02-08 19:00:00,FX:EURCAD,1.4506700000000001,1.45078,1.45049,1.4505700000000001,1197.0
2024-02-08 19:15:00,FX:EURCAD,1.4505700000000001,1.45073,1.45045,1.4505700000000001,874.0
2024-02-08 19:30:00,FX:EURCAD,1.4505700000000001,1.45066,1.4502000000000002,1.4503300000000001,1098.0
2024-02-08 19:45:00,FX:EURCAD,1.4503300000000001,1.4504700000000001,1.45014,1.45025,1264.0
2024-02-08 20:00:00,FX:EURCAD,1.45025,1.45059,1.45014,1.45056,1275.0
2024-02-08 20:15:00,FX:EURCAD,1.45056,1.45065,1.45041,1.45049,875.0
2024-02-08 20:30:00,FX:EURCAD,1.45049,1.4506000000000001,1.45039,1.4505400000000002,1273.0
2024-02-08 20:45:00,FX:EURCAD,1.4505400000000002,1.45073,1.4503000000000001,1.4504000000000001,1050.0
2024-02-08 21:00:00,FX:EURCAD,1.4504000000000001,1.45056,1.45032,1.4505000000000001,1172.0
2024-02-08 21:15:00,FX:EURCAD,1.4505000000000001,1.45072,1.45039,1.45065,1042.0
2024-02-08 21:30:00,FX:EURCAD,1.45065,1.45068,1.45039,1.4506400000000002,1042.0
2024-02-08 21:45:00,FX:EURCAD,1.4506400000000002,1.45066,1.45031,1.45046,985.0
2024-02-08 22:00:00,FX:EURCAD,1.45046,1.4507400000000001,1.4503300000000001,1.4503300000000001,996.0
2024-02-08 22:15:00,FX:EURCAD,1.4503300000000001,1.45041,1.45008,1.45008,950.0
2024-02-08 22:30:00,FX:EURCAD,1.45008,1.45015,1.44992,1.45008,1037.0
2024-02-08 22:45:00,FX:EURCAD,1.45008,1.45018,1.4499600000000001,1.45007,1141.0
2024-02-08 23:00:00,FX:EURCAD,1.45007,1.45017,1.44995,1.4501600000000001,1133.0
2024-02-08 23:15:00,FX:EURCAD,1.4501600000000001,1.45027,1.45002,1.4501300000000001,874.0
2024-02-08 23:30:00,FX:EURCAD,1.4501300000000001,1.4503300000000001,1.45004,1.45018,650.0
2024-02-08 23:45:00,FX:EURCAD,1.45018,1.4503300000000001,1.45014,1.45025,845.0
2024-02-09 00:00:00,FX:EURCAD,1.45025,1.45032,1.4501,1.45011,629.0
2024-02-09 00:15:00,FX:EURCAD,1.45011,1.45031,1.4501,1.4502300000000001,496.0
2024-02-09 00:30:00,FX:EURCAD,1.4502300000000001,1.45036,1.4501,1.45035,772.0
2024-02-09 00:45:00,FX:EURCAD,1.45035,1.45038,1.45007,1.45028,1239.0
2024-02-09 01:00:00,FX:EURCAD,1.45028,1.45029,1.45001,1.45008,938.0
2024-02-09 01:15:00,FX:EURCAD,1.45008,1.45014,1.44982,1.45008,675.0
2024-02-09 01:30:00,FX:EURCAD,1.45008,1.45015,1.4497200000000001,1.45002,849.0
2024-02-09 01:45:00,FX:EURCAD,1.45002,1.4502300000000001,1.44992,1.4502300000000001,1164.0
2024-02-09 02:00:00,FX:EURCAD,1.4502300000000001,1.45032,1.4499300000000002,1.45011,2198.0
2024-02-09 02:15:00,FX:EURCAD,1.45011,1.45051,1.45005,1.4504700000000001,1666.0
2024-02-09 02:30:00,FX:EURCAD,1.4504700000000001,1.4509800000000002,1.45038,1.4508400000000001,2206.0
2024-02-09 02:45:00,FX:EURCAD,1.4508400000000001,1.45124,1.45052,1.4509100000000001,2298.0
2024-02-09 03:00:00,FX:EURCAD,1.4509100000000001,1.45154,1.45049,1.4505400000000002,2939.0
2024-02-09 03:15:00,FX:EURCAD,1.4505400000000002,1.45136,1.45024,1.45109,3248.0
2024-02-09 03:30:00,FX:EURCAD,1.45109,1.4513200000000002,1.4503300000000001,1.45035,2646.0
2024-02-09 03:45:00,FX:EURCAD,1.45035,1.4506700000000001,1.4499,1.45007,2772.0
2024-02-09 04:00:00,FX:EURCAD,1.45007,1.45034,1.44929,1.44966,3243.0
2024-02-09 04:15:00,FX:EURCAD,1.44966,1.44981,1.44922,1.4493200000000002,2409.0
2024-02-09 04:30:00,FX:EURCAD,1.4493200000000002,1.44958,1.4485700000000001,1.44876,2990.0
2024-02-09 04:45:00,FX:EURCAD,1.44876,1.44936,1.4485700000000001,1.4489400000000001,2575.0
2024-02-09 05:00:00,FX:EURCAD,1.4489400000000001,1.44912,1.4485400000000002,1.4486,2372.0
2024-02-09 05:15:00,FX:EURCAD,1.4486,1.44905,1.44831,1.4488400000000001,2838.0
2024-02-09 05:30:00,FX:EURCAD,1.4488400000000001,1.4493500000000001,1.44866,1.4492500000000001,2023.0
2024-02-09 05:45:00,FX:EURCAD,1.4492500000000001,1.44939,1.44897,1.4490800000000001,1677.0
2024-02-09 06:00:00,FX:EURCAD,1.4490800000000001,1.4490800000000001,1.44852,1.4488100000000002,2447.0
2024-02-09 06:15:00,FX:EURCAD,1.4488100000000002,1.44909,1.4485400000000002,1.4486400000000001,1903.0
2024-02-09 06:30:00,FX:EURCAD,1.4486400000000001,1.44929,1.44859,1.44921,1731.0
2024-02-09 06:45:00,FX:EURCAD,1.44921,1.44936,1.44888,1.44906,1752.0
2024-02-09 07:00:00,FX:EURCAD,1.44906,1.44967,1.4489,1.44923,1975.0
2024-02-09 07:15:00,FX:EURCAD,1.44923,1.44951,1.4484000000000001,1.44858,2154.0
2024-02-09 07:30:00,FX:EURCAD,1.44858,1.44873,1.4477,1.44815,2246.0
2024-02-09 07:45:00,FX:EURCAD,1.44815,1.44886,1.44778,1.44863,2731.0
2024-02-09 08:00:00,FX:EURCAD,1.44863,1.4489800000000002,1.44824,1.44873,3100.0
2024-02-09 08:15:00,FX:EURCAD,1.44873,1.4490800000000001,1.44798,1.44801,3606.0
2024-02-09 08:30:00,FX:EURCAD,1.44801,1.44953,1.4459300000000002,1.44907,10152.0
2024-02-09 08:45:00,FX:EURCAD,1.44907,1.44966,1.4484000000000001,1.44895,6033.0
2024-02-09 09:00:00,FX:EURCAD,1.44895,1.45049,1.4488100000000002,1.45034,5390.0
2024-02-09 09:15:00,FX:EURCAD,1.45034,1.45036,1.44843,1.44873,4959.0
2024-02-09 09:30:00,FX:EURCAD,1.44873,1.44994,1.44865,1.4488400000000001,5695.0
2024-02-09 09:45:00,FX:EURCAD,1.4488400000000001,1.4499300000000002,1.4486,1.44914,4451.0
2024-02-09 10:00:00,FX:EURCAD,1.44914,1.44988,1.44887,1.44948,4512.0
2024-02-09 10:15:00,FX:EURCAD,1.44948,1.4511,1.44922,1.45055,4328.0
2024-02-09 10:30:00,FX:EURCAD,1.45055,1.4514200000000002,1.45049,1.45122,3497.0
2024-02-09 10:45:00,FX:EURCAD,1.45122,1.45198,1.4509400000000001,1.45192,3903.0
2024-02-09 11:00:00,FX:EURCAD,1.45192,1.4520300000000002,1.45119,1.45188,4211.0
2024-02-09 11:15:00,FX:EURCAD,1.45188,1.4522300000000001,1.45136,1.45175,3465.0
2024-02-09 11:30:00,FX:EURCAD,1.45175,1.45334,1.45167,1.45307,2690.0
2024-02-09 11:45:00,FX:EURCAD,1.45307,1.45347,1.45276,1.45331,2306.0
2024-02-09 12:00:00,FX:EURCAD,1.45331,1.45343,1.4528,1.4529400000000001,2210.0
2024-02-09 12:15:00,FX:EURCAD,1.4529400000000001,1.45302,1.4520300000000002,1.45219,2157.0
2024-02-09 12:30:00,FX:EURCAD,1.45219,1.4527400000000001,1.45208,1.45265,2237.0
2024-02-09 12:45:00,FX:EURCAD,1.45265,1.4529,1.45255,1.45275,2075.0
2024-02-09 13:00:00,FX:EURCAD,1.45275,1.45293,1.45239,1.4524700000000001,1491.0
2024-02-09 13:15:00,FX:EURCAD,1.4524700000000001,1.45295,1.45222,1.45229,1692.0
2024-02-09 13:30:00,FX:EURCAD,1.45229,1.45258,1.45217,1.45244,1410.0
2024-02-09 13:45:00,FX:EURCAD,1.45244,1.4525700000000001,1.45175,1.45177,1833.0
2024-02-09 14:00:00,FX:EURCAD,1.45177,1.4518900000000001,1.4513500000000001,1.45137,1338.0
2024-02-09 14:15:00,FX:EURCAD,1.45137,1.45147,1.4511100000000001,1.4513200000000002,1263.0
2024-02-09 14:30:00,FX:EURCAD,1.4513200000000002,1.45151,1.4510800000000001,1.45131,1517.0
2024-02-09 14:45:00,FX:EURCAD,1.45131,1.45163,1.45113,1.4515900000000002,1759.0
2024-02-09 15:00:00,FX:EURCAD,1.4515900000000002,1.45164,1.45131,1.45154,1594.0
2024-02-09 15:15:00,FX:EURCAD,1.45154,1.4517900000000001,1.45143,1.45161,1510.0
2024-02-09 15:30:00,FX:EURCAD,1.45161,1.45188,1.45154,1.45181,1668.0
2024-02-09 15:45:00,FX:EURCAD,1.45181,1.4521300000000001,1.45156,1.4515900000000002,1773.0
2024-02-09 16:00:00,FX:EURCAD,1.4515900000000002,1.4521,1.45144,1.45209,802.0
2024-02-09 16:15:00,FX:EURCAD,1.45209,1.45226,1.45202,1.45204,753.0
2024-02-09 16:30:00,FX:EURCAD,1.45204,1.45215,1.45158,1.4518600000000002,887.0
2024-02-09 16:45:00,FX:EURCAD,1.4518600000000002,1.4518900000000001,1.45036,1.45058,857.0
2024-02-11 17:00:00,FX:EURCAD,1.4506000000000001,1.45158,1.4506000000000001,1.45133,131.0
2024-02-11 17:15:00,FX:EURCAD,1.45133,1.45149,1.45116,1.45139,727.0
2024-02-11 17:30:00,FX:EURCAD,1.45139,1.45165,1.4513200000000002,1.45157,174.0
2024-02-11 17:45:00,FX:EURCAD,1.45157,1.45167,1.45137,1.45147,330.0
2024-02-11 18:00:00,FX:EURCAD,1.45147,1.4530800000000001,1.45144,1.45293,1381.0
2024-02-11 18:15:00,FX:EURCAD,1.45293,1.45309,1.4528100000000002,1.4529,1383.0
2024-02-11 18:30:00,FX:EURCAD,1.4529,1.45295,1.45242,1.45265,1245.0
2024-02-11 18:45:00,FX:EURCAD,1.45265,1.4532,1.4526400000000002,1.45312,670.0
2024-02-11 19:00:00,FX:EURCAD,1.45312,1.45314,1.45275,1.45282,1369.0
2024-02-11 19:15:00,FX:EURCAD,1.45282,1.453,1.45279,1.4528100000000002,769.0
2024-02-11 19:30:00,FX:EURCAD,1.4528100000000002,1.45293,1.45268,1.45286,795.0
2024-02-11 19:45:00,FX:EURCAD,1.45286,1.45292,1.4527400000000001,1.4528100000000002,697.0
2024-02-11 20:00:00,FX:EURCAD,1.4528100000000002,1.4529,1.45265,1.45266,1007.0
2024-02-11 20:15:00,FX:EURCAD,1.45266,1.4527,1.45249,1.4527,1218.0
2024-02-11 20:30:00,FX:EURCAD,1.4527,1.45305,1.45266,1.453,941.0
2024-02-11 20:45:00,FX:EURCAD,1.453,1.4530800000000001,1.45287,1.45292,490.0
2024-02-11 21:00:00,FX:EURCAD,1.45292,1.45319,1.45288,1.45307,798.0
2024-02-11 21:15:00,FX:EURCAD,1.45307,1.45317,1.4528400000000001,1.4529800000000002,570.0
2024-02-11 21:30:00,FX:EURCAD,1.4529800000000002,1.45327,1.4529400000000001,1.45326,407.0
2024-02-11 21:45:00,FX:EURCAD,1.45326,1.4533,1.45299,1.4530100000000001,519.0
2024-02-11 22:00:00,FX:EURCAD,1.4530100000000001,1.45322,1.4530100000000001,1.4531800000000001,623.0
2024-02-11 22:15:00,FX:EURCAD,1.4531800000000001,1.45322,1.4528400000000001,1.45299,567.0
2024-02-11 22:30:00,FX:EURCAD,1.45299,1.45309,1.45288,1.4529800000000002,638.0
2024-02-11 22:45:00,FX:EURCAD,1.4529800000000002,1.4529800000000002,1.45259,1.45268,580.0
2024-02-11 23:00:00,FX:EURCAD,1.45268,1.45283,1.45256,1.45262,699.0
2024-02-11 23:15:00,FX:EURCAD,1.45262,1.45278,1.45252,1.45278,688.0
2024-02-11 23:30:00,FX:EURCAD,1.45278,1.45278,1.45255,1.45262,463.0
2024-02-11 23:45:00,FX:EURCAD,1.45262,1.45262,1.45245,1.45258,553.0
2024-02-12 00:00:00,FX:EURCAD,1.45258,1.45273,1.4525700000000001,1.4526700000000001,344.0
2024-02-12 00:15:00,FX:EURCAD,1.4526700000000001,1.4528400000000001,1.45266,1.45269,598.0
2024-02-12 00:30:00,FX:EURCAD,1.45269,1.4529,1.45266,1.45275,405.0
2024-02-12 00:45:00,FX:EURCAD,1.45275,1.45279,1.4525700000000001,1.45266,601.0
2024-02-12 01:00:00,FX:EURCAD,1.45266,1.4527,1.45245,1.4526000000000001,749.0
2024-02-12 01:15:00,FX:EURCAD,1.4526000000000001,1.4526700000000001,1.45252,1.4526000000000001,802.0
2024-02-12 01:30:00,FX:EURCAD,1.4526000000000001,1.45268,1.45245,1.45259,787.0
2024-02-12 01:45:00,FX:EURCAD,1.45259,1.45263,1.45243,1.45255,709.0
2024-02-12 02:00:00,FX:EURCAD,1.45255,1.45285,1.45235,1.4524000000000001,1567.0
2024-02-12 02:15:00,FX:EURCAD,1.4524000000000001,1.45296,1.45229,1.45265,2391.0
2024-02-12 02:30:00,FX:EURCAD,1.45265,1.45272,1.45229,1.45248,2296.0
2024-02-12 02:45:00,FX:EURCAD,1.45248,1.4534500000000001,1.45246,1.45334,2521.0
2024-02-12 03:00:00,FX:EURCAD,1.45334,1.45341,1.45194,1.4521600000000001,4313.0
2024-02-12 03:15:00,FX:EURCAD,1.4521600000000001,1.4524700000000001,1.45092,1.4514,4125.0
2024-02-12 03:30:00,FX:EURCAD,1.4514,1.4514,1.45075,1.45103,3491.0
2024-02-12 03:45:00,FX:EURCAD,1.45103,1.4514200000000002,1.45071,1.45104,2998.0
2024-02-12 04:00:00,FX:EURCAD,1.45104,1.4511,1.45056,1.45075,2759.0
2024-02-12 04:15:00,FX:EURCAD,1.45075,1.4511800000000001,1.4503300000000001,1.45093,2560.0
2024-02-12 04:30:00,FX:EURCAD,1.45093,1.4509400000000001,1.44994,1.4501,2518.0
2024-02-12 04:45:00,FX:EURCAD,1.4501,1.45032,1.44968,1.45007,2646.0
2024-02-12 05:00:00,FX:EURCAD,1.45007,1.45062,1.44994,1.45034,2423.0
2024-02-12 05:15:00,FX:EURCAD,1.45034,1.45109,1.4499900000000001,1.45109,2350.0
2024-02-12 05:30:00,FX:EURCAD,1.45109,1.45122,1.4507,1.45078,2261.0
2024-02-12 05:45:00,FX:EURCAD,1.45078,1.4514,1.45068,1.4509800000000002,2297.0
2024-02-12 06:00:00,FX:EURCAD,1.4509800000000002,1.4510100000000001,1.45031,1.45052,2822.0
2024-02-12 06:15:00,FX:EURCAD,1.45052,1.45069,1.45019,1.45049,3063.0
2024-02-12 06:30:00,FX:EURCAD,1.45049,1.45049,1.4495200000000001,1.44953,2193.0
2024-02-12 06:45:00,FX:EURCAD,1.44953,1.45043,1.4493500000000001,1.4502000000000002,2199.0
2024-02-12 07:00:00,FX:EURCAD,1.4502000000000002,1.4506700000000001,1.4497,1.45024,2723.0
2024-02-12 07:15:00,FX:EURCAD,1.45024,1.45065,1.45018,1.45056,1971.0
2024-02-12 07:30:00,FX:EURCAD,1.45056,1.45092,1.45039,1.45042,2298.0
2024-02-12 07:45:00,FX:EURCAD,1.45042,1.45046,1.4495,1.45019,2711.0
2024-02-12 08:00:00,FX:EURCAD,1.45019,1.45052,1.4499900000000001,1.45039,3016.0
2024-02-12 08:15:00,FX:EURCAD,1.45039,1.45116,1.45011,1.4504000000000001,3856.0
2024-02-12 08:30:00,FX:EURCAD,1.4504000000000001,1.45063,1.4499300000000002,1.45012,3480.0
2024-02-12 08:45:00,FX:EURCAD,1.45012,1.45058,1.44943,1.45017,3494.0
2024-02-12 09:00:00,FX:EURCAD,1.45017,1.45044,1.44961,1.45011,3687.0
2024-02-12 09:15:00,FX:EURCAD,1.45011,1.45025,1.44947,1.44973,3258.0
2024-02-12 09:30:00,FX:EURCAD,1.44973,1.45049,1.44896,1.4494,4702.0
2024-02-12 09:45:00,FX:EURCAD,1.4494,1.44953,1.44849,1.44889,3579.0
2024-02-12 10:00:00,FX:EURCAD,1.44889,1.44939,1.44805,1.44889,4396.0
2024-02-12 10:15:00,FX:EURCAD,1.44889,1.4489100000000001,1.44764,1.44774,4637.0
2024-02-12 10:30:00,FX:EURCAD,1.44774,1.44818,1.44738,1.4475900000000002,3279.0
2024-02-12 10:45:00,FX:EURCAD,1.4475900000000002,1.4485700000000001,1.4472,1.44799,3768.0
2024-02-12 11:00:00,FX:EURCAD,1.44799,1.44839,1.44751,1.44839,4195.0
2024-02-12 11:15:00,FX:EURCAD,1.44839,1.44839,1.44761,1.44814,3591.0
2024-02-12 11:30:00,FX:EURCAD,1.44814,1.44845,1.4477900000000001,1.4481000000000002,3483.0
2024-02-12 11:45:00,FX:EURCAD,1.4481000000000002,1.44815,1.4475200000000001,1.4476900000000001,3086.0
2024-02-12 12:00:00,FX:EURCAD,1.4476900000000001,1.4483300000000001,1.44763,1.44784,2815.0
2024-02-12 12:15:00,FX:EURCAD,1.44784,1.44843,1.4477,1.44828,2567.0
2024-02-12 12:30:00,FX:EURCAD,1.44828,1.4484000000000001,1.4477600000000002,1.44825,2524.0
2024-02-12 12:45:00,FX:EURCAD,1.44825,1.4487400000000001,1.44811,1.4487100000000002,1885.0
2024-02-12 13:00:00,FX:EURCAD,1.4487100000000002,1.44893,1.44842,1.44845,2530.0
2024-02-12 13:15:00,FX:EURCAD,1.44845,1.44868,1.44828,1.4485700000000001,2130.0
2024-02-12 13:30:00,FX:EURCAD,1.4485700000000001,1.44895,1.44846,1.44868,2619.0
2024-02-12 13:45:00,FX:EURCAD,1.44868,1.4490100000000001,1.4484700000000001,1.44868,2442.0
2024-02-12 14:00:00,FX:EURCAD,1.44868,1.44902,1.44856,1.4489400000000001,2437.0
2024-02-12 14:15:00,FX:EURCAD,1.4489400000000001,1.4497,1.4489,1.44904,3107.0
2024-02-12 14:30:00,FX:EURCAD,1.44904,1.4494200000000002,1.44897,1.44926,2078.0
2024-02-12 14:45:00,FX:EURCAD,1.44926,1.44951,1.4488100000000002,1.44902,2851.0
2024-02-12 15:00:00,FX:EURCAD,1.44902,1.44954,1.4489100000000001,1.44937,3193.0
2024-02-12 15:15:00,FX:EURCAD,1.44937,1.44943,1.44903,1.4493200000000002,2287.0
2024-02-12 15:30:00,FX:EURCAD,1.4493200000000002,1.44953,1.44902,1.4491,2505.0
2024-02-12 15:45:00,FX:EURCAD,1.4491,1.4494500000000001,1.4489800000000002,1.44902,2597.0
2024-02-12 16:00:00,FX:EURCAD,1.44902,1.44931,1.4490100000000001,1.4493,1372.0
2024-02-12 16:15:00,FX:EURCAD,1.4493,1.4493500000000001,1.4488400000000001,1.44905,769.0
2024-02-12 16:30:00,FX:EURCAD,1.44905,1.44912,1.44872,1.44885,821.0
2024-02-12 16:45:00,FX:EURCAD,1.44885,1.44912,1.44831,1.44831,1034.0
2024-02-12 17:00:00,FX:EURCAD,1.44831,1.44927,1.44831,1.4488100000000002,278.0
2024-02-12 17:15:00,FX:EURCAD,1.4488100000000002,1.44907,1.4483300000000001,1.44892,710.0
2024-02-12 17:30:00,FX:EURCAD,1.44892,1.44967,1.44834,1.44913,478.0
2024-02-12 17:45:00,FX:EURCAD,1.44913,1.44927,1.44889,1.44913,476.0
2024-02-12 18:00:00,FX:EURCAD,1.44913,1.44913,1.44858,1.44907,457.0
2024-02-12 18:15:00,FX:EURCAD,1.44907,1.4492,1.44905,1.44914,315.0
2024-02-12 18:30:00,FX:EURCAD,1.44914,1.44923,1.44903,1.4492,302.0
2024-02-12 18:45:00,FX:EURCAD,1.4492,1.44941,1.44912,1.44941,324.0
2024-02-12 19:00:00,FX:EURCAD,1.44941,1.44948,1.44897,1.44903,817.0
2024-02-12 19:15:00,FX:EURCAD,1.44903,1.44906,1.44876,1.4488,1070.0
2024-02-12 19:30:00,FX:EURCAD,1.4488,1.4488400000000001,1.4485400000000002,1.4486,811.0
2024-02-12 19:45:00,FX:EURCAD,1.4486,1.4491500000000002,1.4486,1.449,1305.0
2024-02-12 20:00:00,FX:EURCAD,1.449,1.44937,1.44888,1.4489,1561.0
2024-02-12 20:15:00,FX:EURCAD,1.4489,1.44895,1.44869,1.44872,990.0
2024-02-12 20:30:00,FX:EURCAD,1.44872,1.4489,1.44863,1.44872,878.0
2024-02-12 20:45:00,FX:EURCAD,1.44872,1.44872,1.4483000000000001,1.44838,1115.0
2024-02-12 21:00:00,FX:EURCAD,1.44838,1.44846,1.44818,1.44839,877.0
2024-02-12 21:15:00,FX:EURCAD,1.44839,1.44853,1.44827,1.44839,1133.0
2024-02-12 21:30:00,FX:EURCAD,1.44839,1.44856,1.44832,1.44845,615.0
2024-02-12 21:45:00,FX:EURCAD,1.44845,1.4484700000000001,1.44832,1.44843,593.0
2024-02-12 22:00:00,FX:EURCAD,1.44843,1.4485000000000001,1.44834,1.4484000000000001,1068.0
2024-02-12 22:15:00,FX:EURCAD,1.4484000000000001,1.44844,1.44822,1.44827,907.0
2024-02-12 22:30:00,FX:EURCAD,1.44827,1.4484000000000001,1.44825,1.44835,1103.0
2024-02-12 22:45:00,FX:EURCAD,1.44835,1.4485400000000002,1.4483000000000001,1.44843,1003.0
2024-02-12 23:00:00,FX:EURCAD,1.44843,1.44852,1.44838,1.44846,847.0
2024-02-12 23:15:00,FX:EURCAD,1.44846,1.44861,1.44845,1.44851,1315.0
2024-02-12 23:30:00,FX:EURCAD,1.44851,1.44873,1.4485000000000001,1.44868,949.0
2024-02-12 23:45:00,FX:EURCAD,1.44868,1.44886,1.44862,1.4488,650.0
2024-02-13 00:00:00,FX:EURCAD,1.4488,1.44923,1.4487100000000002,1.44909,1119.0
2024-02-13 00:15:00,FX:EURCAD,1.44909,1.44917,1.44882,1.44885,1251.0
2024-02-13 00:30:00,FX:EURCAD,1.44885,1.4489800000000002,1.4488,1.44893,938.0
2024-02-13 00:45:00,FX:EURCAD,1.44893,1.44899,1.44888,1.44889,1108.0
2024-02-13 01:00:00,FX:EURCAD,1.44889,1.44904,1.4487700000000001,1.44883,1468.0
2024-02-13 01:15:00,FX:EURCAD,1.44883,1.44896,1.44879,1.44879,1073.0
2024-02-13 01:30:00,FX:EURCAD,1.44879,1.44905,1.44876,1.4489100000000001,1071.0
2024-02-13 01:45:00,FX:EURCAD,1.4489100000000001,1.44906,1.44836,1.4484000000000001,1584.0
2024-02-13 02:00:00,FX:EURCAD,1.4484000000000001,1.4492,1.4482000000000002,1.4491,2997.0
2024-02-13 02:15:00,FX:EURCAD,1.4491,1.4493800000000001,1.4486,1.44878,2376.0
2024-02-13 02:30:00,FX:EURCAD,1.44878,1.44946,1.44828,1.44845,3362.0
2024-02-13 02:45:00,FX:EURCAD,1.44845,1.4493800000000001,1.44843,1.44909,2816.0
2024-02-13 03:00:00,FX:EURCAD,1.44909,1.4494,1.44849,1.44931,3801.0
2024-02-13 03:15:00,FX:EURCAD,1.44931,1.44951,1.44876,1.44893,2225.0
2024-02-13 03:30:00,FX:EURCAD,1.44893,1.44903,1.44844,1.44866,2017.0
2024-02-13 03:45:00,FX:EURCAD,1.44866,1.44913,1.4483700000000002,1.44895,2934.0
2024-02-13 04:00:00,FX:EURCAD,1.44895,1.44926,1.44811,1.4483000000000001,2502.0
2024-02-13 04:15:00,FX:EURCAD,1.4483000000000001,1.44853,1.4480300000000002,1.4483300000000001,2965.0
2024-02-13 04:30:00,FX:EURCAD,1.4483300000000001,1.44834,1.44778,1.44791,2245.0
2024-02-13 04:45:00,FX:EURCAD,1.44791,1.44824,1.4477900000000001,1.44815,2561.0
2024-02-13 05:00:00,FX:EURCAD,1.44815,1.44892,1.4480300000000002,1.44858,3492.0
2024-02-13 05:15:00,FX:EURCAD,1.44858,1.44907,1.44851,1.44905,2538.0
2024-02-13 05:30:00,FX:EURCAD,1.44905,1.44923,1.44838,1.44858,2866.0
2024-02-13 05:45:00,FX:EURCAD,1.44858,1.4489400000000001,1.44855,1.44875,2000.0
2024-02-13 06:00:00,FX:EURCAD,1.44875,1.44956,1.44869,1.44889,2426.0
2024-02-13 06:15:00,FX:EURCAD,1.44889,1.44944,1.4486700000000001,1.44929,1929.0
2024-02-13 06:30:00,FX:EURCAD,1.44929,1.44941,1.44885,1.44893,2157.0
2024-02-13 06:45:00,FX:EURCAD,1.44893,1.44956,1.44873,1.44947,1733.0
2024-02-13 07:00:00,FX:EURCAD,1.44947,1.4498600000000001,1.4490100000000001,1.44982,2686.0
2024-02-13 07:15:00,FX:EURCAD,1.44982,1.45032,1.44924,1.45031,2270.0
2024-02-13 07:30:00,FX:EURCAD,1.45031,1.4505000000000001,1.44968,1.44971,2076.0
2024-02-13 07:45:00,FX:EURCAD,1.44971,1.45014,1.44958,1.4501,2400.0
2024-02-13 08:00:00,FX:EURCAD,1.4501,1.4511500000000002,1.4499300000000002,1.45062,3791.0
2024-02-13 08:15:00,FX:EURCAD,1.45062,1.4513,1.4504700000000001,1.45075,4568.0
2024-02-13 08:30:00,FX:EURCAD,1.45075,1.45123,1.44668,1.44724,14364.0
2024-02-13 08:45:00,FX:EURCAD,1.44724,1.44838,1.44683,1.4481300000000001,12027.0
2024-02-13 09:00:00,FX:EURCAD,1.4481300000000001,1.44929,1.4475900000000002,1.44922,9952.0
2024-02-13 09:15:00,FX:EURCAD,1.44922,1.4495900000000002,1.44844,1.4495,7631.0
2024-02-13 09:30:00,FX:EURCAD,1.4495,1.45261,1.4494,1.45225,9519.0
2024-02-13 09:45:00,FX:EURCAD,1.45225,1.45363,1.45181,1.45357,6051.0
2024-02-13 10:00:00,FX:EURCAD,1.45357,1.45432,1.4532100000000001,1.45414,6392.0
2024-02-13 10:15:00,FX:EURCAD,1.45414,1.45431,1.45336,1.45351,7062.0
2024-02-13 10:30:00,FX:EURCAD,1.45351,1.45404,1.45236,1.45283,5804.0
2024-02-13 10:45:00,FX:EURCAD,1.45283,1.45307,1.4517,1.45235,6940.0
2024-02-13 11:00:00,FX:EURCAD,1.45235,1.4527700000000001,1.4520300000000002,1.4525700000000001,6140.0
2024-02-13 11:15:00,FX:EURCAD,1.4525700000000001,1.4534200000000002,1.45231,1.4529,4532.0
2024-02-13 11:30:00,FX:EURCAD,1.4529,1.45331,1.45242,1.45329,3696.0
2024-02-13 11:45:00,FX:EURCAD,1.45329,1.45408,1.4531500000000002,1.454,2797.0
2024-02-13 12:00:00,FX:EURCAD,1.454,1.4543700000000002,1.45313,1.45319,3332.0
2024-02-13 12:15:00,FX:EURCAD,1.45319,1.45445,1.4531500000000002,1.45436,2810.0
2024-02-13 12:30:00,FX:EURCAD,1.45436,1.4547400000000001,1.4540300000000002,1.4541300000000001,3244.0
2024-02-13 12:45:00,FX:EURCAD,1.4541300000000001,1.45424,1.4537900000000001,1.4538900000000001,3150.0
2024-02-13 13:00:00,FX:EURCAD,1.4538900000000001,1.45526,1.4538600000000002,1.45509,2556.0
2024-02-13 13:15:00,FX:EURCAD,1.45509,1.45515,1.4543000000000001,1.45454,2069.0
2024-02-13 13:30:00,FX:EURCAD,1.45454,1.45454,1.45365,1.4541600000000001,1960.0
2024-02-13 13:45:00,FX:EURCAD,1.4541600000000001,1.45466,1.4539900000000001,1.4541600000000001,2086.0
2024-02-13 14:00:00,FX:EURCAD,1.4541600000000001,1.45426,1.4538600000000002,1.454,2671.0
2024-02-13 14:15:00,FX:EURCAD,1.454,1.45408,1.45326,1.45358,3251.0
2024-02-13 14:30:00,FX:EURCAD,1.45358,1.45385,1.45351,1.4537600000000002,3537.0
2024-02-13 14:45:00,FX:EURCAD,1.4537600000000002,1.45418,1.4535200000000001,1.45366,2857.0
2024-02-13 15:00:00,FX:EURCAD,1.45366,1.45392,1.45331,1.45361,2553.0
2024-02-13 15:15:00,FX:EURCAD,1.45361,1.4538900000000001,1.45324,1.45327,2979.0
2024-02-13 15:30:00,FX:EURCAD,1.45327,1.4535,1.4530800000000001,1.4532100000000001,3093.0
2024-02-13 15:45:00,FX:EURCAD,1.4532100000000001,1.45349,1.45282,1.45293,2505.0
2024-02-13 16:00:00,FX:EURCAD,1.45293,1.45312,1.45261,1.45263,1057.0
2024-02-13 16:15:00,FX:EURCAD,1.45263,1.45287,1.45246,1.45273,702.0
2024-02-13 16:30:00,FX:EURCAD,1.45273,1.45314,1.45238,1.45275,1092.0
2024-02-13 16:45:00,FX:EURCAD,1.45275,1.45285,1.4518600000000002,1.45188,1157.0
2024-02-13 17:00:00,FX:EURCAD,1.45188,1.4528400000000001,1.45188,1.45235,243.0
2024-02-13 17:15:00,FX:EURCAD,1.45235,1.45272,1.45211,1.45225,690.0
2024-02-13 17:30:00,FX:EURCAD,1.45225,1.4528,1.45211,1.45266,1242.0
2024-02-13 17:45:00,FX:EURCAD,1.45266,1.45276,1.45209,1.45263,989.0
2024-02-13 18:00:00,FX:EURCAD,1.45263,1.4530800000000001,1.45232,1.45303,949.0
2024-02-13 18:15:00,FX:EURCAD,1.45303,1.4530800000000001,1.45276,1.45279,287.0
2024-02-13 18:30:00,FX:EURCAD,1.45279,1.45295,1.45268,1.45289,409.0
2024-02-13 18:45:00,FX:EURCAD,1.45289,1.45297,1.45261,1.4526700000000001,358.0
2024-02-13 19:00:00,FX:EURCAD,1.4526700000000001,1.45316,1.45265,1.45295,754.0
2024-02-13 19:15:00,FX:EURCAD,1.45295,1.4532800000000001,1.45289,1.4532100000000001,1035.0
2024-02-13 19:30:00,FX:EURCAD,1.4532100000000001,1.4535200000000001,1.45319,1.45326,938.0
2024-02-13 19:45:00,FX:EURCAD,1.45326,1.45354,1.45258,1.4527,1590.0
2024-02-13 20:00:00,FX:EURCAD,1.4527,1.45288,1.4523000000000001,1.4527400000000001,2137.0
2024-02-13 20:15:00,FX:EURCAD,1.4527400000000001,1.45293,1.45269,1.45276,1999.0
2024-02-13 20:30:00,FX:EURCAD,1.45276,1.45292,1.4525700000000001,1.45269,1227.0
2024-02-13 20:45:00,FX:EURCAD,1.45269,1.45305,1.45265,1.45293,1514.0
2024-02-13 21:00:00,FX:EURCAD,1.45293,1.4532100000000001,1.4529100000000001,1.4532,1378.0
2024-02-13 21:15:00,FX:EURCAD,1.4532,1.4532100000000001,1.45293,1.45303,1377.0
2024-02-13 21:30:00,FX:EURCAD,1.45303,1.45319,1.45293,1.45293,1280.0
2024-02-13 21:45:00,FX:EURCAD,1.45293,1.45297,1.45275,1.45278,1044.0
2024-02-13 22:00:00,FX:EURCAD,1.45278,1.45289,1.45265,1.4527,1095.0
2024-02-13 22:15:00,FX:EURCAD,1.4527,1.45279,1.45246,1.45249,897.0
2024-02-13 22:30:00,FX:EURCAD,1.45249,1.45265,1.45238,1.45265,1163.0
2024-02-13 22:45:00,FX:EURCAD,1.45265,1.45282,1.45245,1.4527,1054.0
2024-02-13 23:00:00,FX:EURCAD,1.4527,1.45279,1.45239,1.45253,861.0
2024-02-13 23:15:00,FX:EURCAD,1.45253,1.45256,1.4523300000000001,1.45243,914.0
2024-02-13 23:30:00,FX:EURCAD,1.45243,1.45255,1.45231,1.4524000000000001,1025.0
2024-02-13 23:45:00,FX:EURCAD,1.4524000000000001,1.45272,1.45236,1.45263,964.0
2024-02-14 00:00:00,FX:EURCAD,1.45263,1.45265,1.45235,1.45236,1108.0
2024-02-14 00:15:00,FX:EURCAD,1.45236,1.45255,1.45224,1.45246,972.0
2024-02-14 00:30:00,FX:EURCAD,1.45246,1.45258,1.4523300000000001,1.45252,1263.0
2024-02-14 00:45:00,FX:EURCAD,1.45252,1.45265,1.4523300000000001,1.45253,1145.0
2024-02-14 01:00:00,FX:EURCAD,1.45253,1.45265,1.4522300000000001,1.45256,1350.0
2024-02-14 01:15:00,FX:EURCAD,1.45256,1.45256,1.45221,1.45222,1436.0
2024-02-14 01:30:00,FX:EURCAD,1.45222,1.45255,1.45217,1.4525400000000002,1379.0
2024-02-14 01:45:00,FX:EURCAD,1.4525400000000002,1.4527,1.4522300000000001,1.45242,1669.0
2024-02-14 02:00:00,FX:EURCAD,1.45242,1.45258,1.45139,1.45201,4661.0
2024-02-14 02:15:00,FX:EURCAD,1.45201,1.45201,1.45151,1.45151,2353.0
2024-02-14 02:30:00,FX:EURCAD,1.45151,1.45157,1.4507700000000001,1.45109,2903.0
2024-02-14 02:45:00,FX:EURCAD,1.45109,1.4517900000000001,1.45097,1.45103,2889.0
2024-02-14 03:00:00,FX:EURCAD,1.45103,1.45124,1.45032,1.45042,4857.0
2024-02-14 03:15:00,FX:EURCAD,1.45042,1.45095,1.45005,1.45024,3500.0
2024-02-14 03:30:00,FX:EURCAD,1.45024,1.45121,1.4500300000000002,1.45117,3392.0
2024-02-14 03:45:00,FX:EURCAD,1.45117,1.45154,1.45038,1.45045,3716.0
2024-02-14 04:00:00,FX:EURCAD,1.45045,1.45076,1.45,1.45004,2954.0
2024-02-14 04:15:00,FX:EURCAD,1.45004,1.4503300000000001,1.4496200000000001,1.4499900000000001,3316.0
2024-02-14 04:30:00,FX:EURCAD,1.4499900000000001,1.45035,1.44937,1.4495,2406.0
2024-02-14 04:45:00,FX:EURCAD,1.4495,1.4497,1.44879,1.44907,2724.0
2024-02-14 05:00:00,FX:EURCAD,1.44907,1.4493,1.44861,1.44929,2187.0
2024-02-14 05:15:00,FX:EURCAD,1.44929,1.4493800000000001,1.44875,1.44889,2219.0
2024-02-14 05:30:00,FX:EURCAD,1.44889,1.44896,1.44826,1.44896,2228.0
2024-02-14 05:45:00,FX:EURCAD,1.44896,1.4491100000000001,1.44841,1.4486400000000001,2458.0
2024-02-14 06:00:00,FX:EURCAD,1.4486400000000001,1.4487100000000002,1.44798,1.44818,2485.0
2024-02-14 06:15:00,FX:EURCAD,1.44818,1.44868,1.44782,1.44861,2200.0
2024-02-14 06:30:00,FX:EURCAD,1.44861,1.44937,1.4484000000000001,1.44914,2553.0
2024-02-14 06:45:00,FX:EURCAD,1.44914,1.44947,1.4489,1.4492500000000001,2398.0
2024-02-14 07:00:00,FX:EURCAD,1.4492500000000001,1.44957,1.44893,1.4493500000000001,2462.0
2024-02-14 07:15:00,FX:EURCAD,1.4493500000000001,1.44939,1.44844,1.44866,2303.0
2024-02-14 07:30:00,FX:EURCAD,1.44866,1.44907,1.4484000000000001,1.44859,2116.0
2024-02-14 07:45:00,FX:EURCAD,1.44859,1.44965,1.44841,1.44957,2724.0
2024-02-14 08:00:00,FX:EURCAD,1.44957,1.451,1.44956,1.4508,3888.0
2024-02-14 08:15:00,FX:EURCAD,1.4508,1.45148,1.4506400000000002,1.45107,4876.0
2024-02-14 08:30:00,FX:EURCAD,1.45107,1.45147,1.45072,1.45104,4758.0
2024-02-14 08:45:00,FX:EURCAD,1.45104,1.4514500000000001,1.4509400000000001,1.45109,4779.0
2024-02-14 09:00:00,FX:EURCAD,1.45109,1.4524700000000001,1.45086,1.4518600000000002,4782.0
2024-02-14 09:15:00,FX:EURCAD,1.4518600000000002,1.45249,1.4513800000000001,1.45173,4075.0
2024-02-14 09:30:00,FX:EURCAD,1.45173,1.45265,1.45161,1.4521,7644.0
2024-02-14 09:45:00,FX:EURCAD,1.4521,1.45278,1.4513200000000002,1.45195,5755.0
2024-02-14 10:00:00,FX:EURCAD,1.45195,1.45343,1.45191,1.45259,6361.0
2024-02-14 10:15:00,FX:EURCAD,1.45259,1.4536900000000001,1.45253,1.45337,5312.0
2024-02-14 10:30:00,FX:EURCAD,1.45337,1.45407,1.4532100000000001,1.4538600000000002,5323.0
2024-02-14 10:45:00,FX:EURCAD,1.4538600000000002,1.45397,1.45302,1.45316,5896.0
2024-02-14 11:00:00,FX:EURCAD,1.45316,1.45407,1.45296,1.45373,4766.0
2024-02-14 11:15:00,FX:EURCAD,1.45373,1.45426,1.45358,1.45408,3969.0
2024-02-14 11:30:00,FX:EURCAD,1.45408,1.4543700000000002,1.45357,1.4537200000000001,4221.0
2024-02-14 11:45:00,FX:EURCAD,1.4537200000000001,1.45466,1.4536200000000001,1.45459,3052.0
2024-02-14 12:00:00,FX:EURCAD,1.45459,1.4549100000000001,1.4542000000000002,1.45427,3863.0
2024-02-14 12:15:00,FX:EURCAD,1.45427,1.45436,1.45392,1.4541,2883.0
2024-02-14 12:30:00,FX:EURCAD,1.4541,1.45421,1.45388,1.45414,2827.0
2024-02-14 12:45:00,FX:EURCAD,1.45414,1.45441,1.4536200000000001,1.45375,2531.0
2024-02-14 13:00:00,FX:EURCAD,1.45375,1.4538600000000002,1.45334,1.45347,2862.0
2024-02-14 13:15:00,FX:EURCAD,1.45347,1.4537900000000001,1.4531800000000001,1.4537600000000002,2326.0
2024-02-14 13:30:00,FX:EURCAD,1.4537600000000002,1.45377,1.453,1.45317,2625.0
2024-02-14 13:45:00,FX:EURCAD,1.45317,1.4536,1.45316,1.4533500000000001,2309.0
2024-02-14 14:00:00,FX:EURCAD,1.4533500000000001,1.4537200000000001,1.4531,1.45361,2672.0
2024-02-14 14:15:00,FX:EURCAD,1.45361,1.4537200000000001,1.45323,1.45331,2503.0
2024-02-14 14:30:00,FX:EURCAD,1.45331,1.45333,1.45275,1.45283,2244.0
2024-02-14 14:45:00,FX:EURCAD,1.45283,1.45327,1.4527700000000001,1.45312,2403.0
2024-02-14 15:00:00,FX:EURCAD,1.45312,1.45316,1.4526000000000001,1.45282,1664.0
2024-02-14 15:15:00,FX:EURCAD,1.45282,1.453,1.45263,1.4528100000000002,2107.0
2024-02-14 15:30:00,FX:EURCAD,1.4528100000000002,1.4532,1.4527,1.45303,1944.0
2024-02-14 15:45:00,FX:EURCAD,1.45303,1.45323,1.45287,1.45289,1933.0
2024-02-14 16:00:00,FX:EURCAD,1.45289,1.45289,1.4525000000000001,1.45276,996.0
2024-02-14 16:15:00,FX:EURCAD,1.45276,1.45286,1.45249,1.45252,661.0
2024-02-14 16:30:00,FX:EURCAD,1.45252,1.4530800000000001,1.45252,1.45278,703.0
2024-02-14 16:45:00,FX:EURCAD,1.45278,1.4529,1.45226,1.4523300000000001,782.0
2024-02-14 17:00:00,FX:EURCAD,1.4523300000000001,1.4526700000000001,1.45182,1.4524000000000001,254.0
2024-02-14 17:15:00,FX:EURCAD,1.4524000000000001,1.45256,1.4521600000000001,1.45238,624.0
2024-02-14 17:30:00,FX:EURCAD,1.45238,1.45259,1.45201,1.45252,856.0
2024-02-14 17:45:00,FX:EURCAD,1.45252,1.45259,1.45231,1.4525000000000001,616.0
2024-02-14 18:00:00,FX:EURCAD,1.4525000000000001,1.4529100000000001,1.4520600000000001,1.45287,367.0
2024-02-14 18:15:00,FX:EURCAD,1.45287,1.45292,1.45276,1.45288,315.0
2024-02-14 18:30:00,FX:EURCAD,1.45288,1.45302,1.45278,1.453,257.0
2024-02-14 18:45:00,FX:EURCAD,1.453,1.45305,1.45268,1.45289,357.0
2024-02-14 19:00:00,FX:EURCAD,1.45289,1.45304,1.45282,1.45302,584.0
2024-02-14 19:15:00,FX:EURCAD,1.45302,1.4531,1.4528,1.45303,486.0
2024-02-14 19:30:00,FX:EURCAD,1.45303,1.45316,1.4527,1.45299,1556.0
2024-02-14 19:45:00,FX:EURCAD,1.45299,1.4535,1.4529800000000002,1.45327,1259.0
2024-02-14 20:00:00,FX:EURCAD,1.45327,1.4533500000000001,1.4528,1.45295,1309.0
2024-02-14 20:15:00,FX:EURCAD,1.45295,1.45305,1.45268,1.45293,1736.0
2024-02-14 20:30:00,FX:EURCAD,1.45293,1.45312,1.4527,1.45309,1788.0
2024-02-14 20:45:00,FX:EURCAD,1.45309,1.4532100000000001,1.4529100000000001,1.45309,1655.0
2024-02-14 21:00:00,FX:EURCAD,1.45309,1.4536,1.45304,1.4533500000000001,1320.0
2024-02-14 21:15:00,FX:EURCAD,1.4533500000000001,1.45358,1.45323,1.45334,1292.0
2024-02-14 21:30:00,FX:EURCAD,1.45334,1.45336,1.4530100000000001,1.4530800000000001,1139.0
2024-02-14 21:45:00,FX:EURCAD,1.4530800000000001,1.45316,1.45273,1.45282,945.0
2024-02-14 22:00:00,FX:EURCAD,1.45282,1.45296,1.45268,1.45282,784.0
2024-02-14 22:15:00,FX:EURCAD,1.45282,1.4529800000000002,1.4526700000000001,1.4528,1230.0
2024-02-14 22:30:00,FX:EURCAD,1.4528,1.45286,1.45261,1.4526700000000001,1160.0
2024-02-14 22:45:00,FX:EURCAD,1.4526700000000001,1.45276,1.45249,1.4527,1172.0
2024-02-14 23:00:00,FX:EURCAD,1.4527,1.45278,1.4526000000000001,1.4527400000000001,941.0
2024-02-14 23:15:00,FX:EURCAD,1.4527400000000001,1.45286,1.45268,1.45268,922.0
2024-02-14 23:30:00,FX:EURCAD,1.45268,1.45279,1.45265,1.4527400000000001,799.0
2024-02-14 23:45:00,FX:EURCAD,1.4527400000000001,1.45288,1.45261,1.45269,789.0
2024-02-15 00:00:00,FX:EURCAD,1.45269,1.4529400000000001,1.45263,1.45288,1142.0
2024-02-15 00:15:00,FX:EURCAD,1.45288,1.4532100000000001,1.45276,1.4531100000000001,1114.0
2024-02-15 00:30:00,FX:EURCAD,1.4531100000000001,1.4533500000000001,1.45297,1.4532500000000002,1063.0
2024-02-15 00:45:00,FX:EURCAD,1.4532500000000002,1.4533,1.45299,1.4531100000000001,944.0
2024-02-15 01:00:00,FX:EURCAD,1.4531100000000001,1.45313,1.45285,1.45296,1177.0
2024-02-15 01:15:00,FX:EURCAD,1.45296,1.45317,1.45275,1.45309,1422.0
2024-02-15 01:30:00,FX:EURCAD,1.45309,1.45339,1.4530100000000001,1.4532800000000001,1601.0
2024-02-15 01:45:00,FX:EURCAD,1.4532800000000001,1.45341,1.45283,1.45313,1878.0
2024-02-15 02:00:00,FX:EURCAD,1.45313,1.4537,1.45285,1.45351,3586.0
2024-02-15 02:15:00,FX:EURCAD,1.45351,1.4538200000000001,1.45326,1.4538200000000001,2448.0
2024-02-15 02:30:00,FX:EURCAD,1.4538200000000001,1.4543300000000001,1.4535900000000002,1.45401,3198.0
2024-02-15 02:45:00,FX:EURCAD,1.45401,1.4540600000000001,1.45331,1.4535500000000001,2767.0
2024-02-15 03:00:00,FX:EURCAD,1.4535500000000001,1.45363,1.45286,1.4529100000000001,3856.0
2024-02-15 03:15:00,FX:EURCAD,1.4529100000000001,1.45304,1.45211,1.45236,3036.0
2024-02-15 03:30:00,FX:EURCAD,1.45236,1.45268,1.45208,1.45238,2290.0
2024-02-15 03:45:00,FX:EURCAD,1.45238,1.4524000000000001,1.4518600000000002,1.45207,2783.0
2024-02-15 04:00:00,FX:EURCAD,1.45207,1.45312,1.45182,1.4528100000000002,3055.0
2024-02-15 04:15:00,FX:EURCAD,1.4528100000000002,1.45304,1.45256,1.4529100000000001,2772.0
2024-02-15 04:30:00,FX:EURCAD,1.4529100000000001,1.4533,1.4524700000000001,1.4524700000000001,2071.0
2024-02-15 04:45:00,FX:EURCAD,1.4524700000000001,1.45312,1.45236,1.45282,2418.0
2024-02-15 05:00:00,FX:EURCAD,1.45282,1.4531500000000002,1.45273,1.45286,2127.0
2024-02-15 05:15:00,FX:EURCAD,1.45286,1.4529,1.45239,1.45273,2123.0
2024-02-15 05:30:00,FX:EURCAD,1.45273,1.4531500000000002,1.45262,1.45296,2270.0
2024-02-15 05:45:00,FX:EURCAD,1.45296,1.45329,1.45273,1.45309,2134.0
2024-02-15 06:00:00,FX:EURCAD,1.45309,1.4538,1.4530800000000001,1.45368,2062.0
2024-02-15 06:15:00,FX:EURCAD,1.45368,1.45397,1.45346,1.4538,1922.0
2024-02-15 06:30:00,FX:EURCAD,1.4538,1.4538900000000001,1.45339,1.4537600000000002,2130.0
2024-02-15 06:45:00,FX:EURCAD,1.4537600000000002,1.45388,1.45348,1.4535500000000001,1483.0
2024-02-15 07:00:00,FX:EURCAD,1.4535500000000001,1.45415,1.45348,1.4540600000000001,2154.0
2024-02-15 07:15:00,FX:EURCAD,1.4540600000000001,1.4545700000000001,1.45397,1.4543700000000002,1990.0
2024-02-15 07:30:00,FX:EURCAD,1.4543700000000002,1.4549,1.45424,1.4545700000000001,2232.0
2024-02-15 07:45:00,FX:EURCAD,1.4545700000000001,1.4547400000000001,1.45404,1.45473,3065.0
2024-02-15 08:00:00,FX:EURCAD,1.45473,1.45475,1.4541600000000001,1.45427,3331.0
2024-02-15 08:15:00,FX:EURCAD,1.45427,1.45492,1.4535500000000001,1.45421,4074.0
2024-02-15 08:30:00,FX:EURCAD,1.45421,1.45609,1.4535900000000002,1.4553,11846.0
2024-02-15 08:45:00,FX:EURCAD,1.4553,1.4559600000000001,1.45454,1.4552100000000001,9456.0
2024-02-15 09:00:00,FX:EURCAD,1.4552100000000001,1.45571,1.4547700000000001,1.45497,8356.0
2024-02-15 09:15:00,FX:EURCAD,1.45497,1.45537,1.4547,1.45497,6462.0
2024-02-15 09:30:00,FX:EURCAD,1.45497,1.4557200000000001,1.45476,1.4549100000000001,8066.0
2024-02-15 09:45:00,FX:EURCAD,1.4549100000000001,1.45493,1.4533500000000001,1.4539900000000001,4986.0
2024-02-15 10:00:00,FX:EURCAD,1.4539900000000001,1.45453,1.45336,1.45346,5592.0
2024-02-15 10:15:00,FX:EURCAD,1.45346,1.4537900000000001,1.45249,1.4528,5718.0
2024-02-15 10:30:00,FX:EURCAD,1.4528,1.4534200000000002,1.45227,1.45249,6597.0
2024-02-15 10:45:00,FX:EURCAD,1.45249,1.45289,1.4518900000000001,1.45259,5002.0
2024-02-15 11:00:00,FX:EURCAD,1.45259,1.45336,1.4525400000000002,1.45297,5376.0
2024-02-15 11:15:00,FX:EURCAD,1.45297,1.4532100000000001,1.4524700000000001,1.45286,4488.0
2024-02-15 11:30:00,FX:EURCAD,1.45286,1.45295,1.4519300000000002,1.45222,3774.0
2024-02-15 11:45:00,FX:EURCAD,1.45222,1.45234,1.4515,1.4519600000000001,3402.0
2024-02-15 12:00:00,FX:EURCAD,1.4519600000000001,1.4520600000000001,1.45148,1.45181,3324.0
2024-02-15 12:15:00,FX:EURCAD,1.45181,1.4520300000000002,1.45147,1.45153,2473.0
2024-02-15 12:30:00,FX:EURCAD,1.45153,1.45183,1.4514,1.4515900000000002,2236.0
2024-02-15 12:45:00,FX:EURCAD,1.4515900000000002,1.45165,1.45129,1.4516,2521.0
2024-02-15 13:00:00,FX:EURCAD,1.4516,1.45167,1.4508400000000001,1.45117,3092.0
2024-02-15 13:15:00,FX:EURCAD,1.45117,1.4515500000000001,1.4510100000000001,1.45112,3175.0
2024-02-15 13:30:00,FX:EURCAD,1.45112,1.45137,1.45073,1.4513500000000001,2821.0
2024-02-15 13:45:00,FX:EURCAD,1.4513500000000001,1.4516200000000001,1.4512800000000001,1.45133,2091.0
2024-02-15 14:00:00,FX:EURCAD,1.45133,1.4514,1.4506700000000001,1.4509400000000001,2546.0
2024-02-15 14:15:00,FX:EURCAD,1.4509400000000001,1.45119,1.45073,1.45097,2413.0
2024-02-15 14:30:00,FX:EURCAD,1.45097,1.45107,1.45051,1.45056,2031.0
2024-02-15 14:45:00,FX:EURCAD,1.45056,1.4507,1.45035,1.45048,1916.0
2024-02-15 15:00:00,FX:EURCAD,1.45048,1.45102,1.45041,1.45055,2380.0
2024-02-15 15:15:00,FX:EURCAD,1.45055,1.45092,1.45043,1.45058,1936.0
2024-02-15 15:30:00,FX:EURCAD,1.45058,1.45079,1.45028,1.45073,2139.0
2024-02-15 15:45:00,FX:EURCAD,1.45073,1.4508400000000001,1.45035,1.45062,2120.0
2024-02-15 16:00:00,FX:EURCAD,1.45062,1.45076,1.45026,1.4503700000000002,890.0
2024-02-15 16:15:00,FX:EURCAD,1.4503700000000002,1.45069,1.45024,1.45058,573.0
2024-02-15 16:30:00,FX:EURCAD,1.45058,1.45061,1.45014,1.45048,867.0
2024-02-15 16:45:00,FX:EURCAD,1.45048,1.45052,1.44967,1.4499,926.0
2024-02-15 17:00:00,FX:EURCAD,1.4499,1.45043,1.4497600000000002,1.45042,206.0
2024-02-15 17:15:00,FX:EURCAD,1.45042,1.45048,1.44961,1.45046,395.0
2024-02-15 17:30:00,FX:EURCAD,1.45046,1.45078,1.44987,1.4499,1405.0
2024-02-15 17:45:00,FX:EURCAD,1.4499,1.45061,1.4498600000000001,1.4506000000000001,807.0
2024-02-15 18:00:00,FX:EURCAD,1.4506000000000001,1.45066,1.44956,1.4504700000000001,384.0
2024-02-15 18:15:00,FX:EURCAD,1.4504700000000001,1.45071,1.45032,1.4505000000000001,309.0
2024-02-15 18:30:00,FX:EURCAD,1.4505000000000001,1.4506000000000001,1.45024,1.45053,346.0
2024-02-15 18:45:00,FX:EURCAD,1.45053,1.4507700000000001,1.45041,1.45061,471.0
2024-02-15 19:00:00,FX:EURCAD,1.45061,1.45085,1.45042,1.4508100000000002,831.0
2024-02-15 19:15:00,FX:EURCAD,1.4508100000000002,1.45093,1.4503700000000002,1.45058,1424.0
2024-02-15 19:30:00,FX:EURCAD,1.45058,1.45058,1.45028,1.45052,1119.0
2024-02-15 19:45:00,FX:EURCAD,1.45052,1.4510800000000001,1.45036,1.45086,1906.0
2024-02-15 20:00:00,FX:EURCAD,1.45086,1.45104,1.45066,1.45096,2237.0
2024-02-15 20:15:00,FX:EURCAD,1.45096,1.45126,1.45095,1.4510800000000001,1448.0
2024-02-15 20:30:00,FX:EURCAD,1.4510800000000001,1.4512500000000002,1.451,1.45123,1644.0
2024-02-15 20:45:00,FX:EURCAD,1.45123,1.45123,1.45069,1.45088,1638.0
2024-02-15 21:00:00,FX:EURCAD,1.45088,1.45122,1.4507400000000001,1.45106,1577.0
2024-02-15 21:15:00,FX:EURCAD,1.45106,1.45114,1.45093,1.4509800000000002,1135.0
2024-02-15 21:30:00,FX:EURCAD,1.4509800000000002,1.4509800000000002,1.4507400000000001,1.45093,948.0
2024-02-15 21:45:00,FX:EURCAD,1.45093,1.45102,1.45069,1.45093,1613.0
2024-02-15 22:00:00,FX:EURCAD,1.45093,1.4512,1.4508400000000001,1.4510100000000001,1081.0
2024-02-15 22:15:00,FX:EURCAD,1.4510100000000001,1.4512,1.4509,1.45106,1258.0
2024-02-15 22:30:00,FX:EURCAD,1.45106,1.45112,1.45079,1.4510100000000001,1341.0
2024-02-15 22:45:00,FX:EURCAD,1.4510100000000001,1.45107,1.4508100000000002,1.45086,1393.0
2024-02-15 23:00:00,FX:EURCAD,1.45086,1.4509,1.4507,1.45073,1224.0
2024-02-15 23:15:00,FX:EURCAD,1.45073,1.45082,1.4506000000000001,1.45075,876.0
2024-02-15 23:30:00,FX:EURCAD,1.45075,1.45087,1.45065,1.45072,866.0
2024-02-15 23:45:00,FX:EURCAD,1.45072,1.45085,1.4506000000000001,1.4508,1251.0
2024-02-16 00:00:00,FX:EURCAD,1.4508,1.45099,1.45058,1.45079,1538.0
2024-02-16 00:15:00,FX:EURCAD,1.45079,1.45087,1.45059,1.45069,1084.0
2024-02-16 00:30:00,FX:EURCAD,1.45069,1.4508100000000002,1.45045,1.45079,1352.0
2024-02-16 00:45:00,FX:EURCAD,1.45079,1.45085,1.45053,1.45076,1271.0
2024-02-16 01:00:00,FX:EURCAD,1.45076,1.4507700000000001,1.45044,1.4506400000000002,1378.0
2024-02-16 01:15:00,FX:EURCAD,1.4506400000000002,1.45096,1.45055,1.45078,1493.0
2024-02-16 01:30:00,FX:EURCAD,1.45078,1.45104,1.45069,1.45099,1327.0
2024-02-16 01:45:00,FX:EURCAD,1.45099,1.45124,1.45068,1.45116,1630.0
2024-02-16 02:00:00,FX:EURCAD,1.45116,1.45129,1.45048,1.45088,3490.0
2024-02-16 02:15:00,FX:EURCAD,1.45088,1.45104,1.45066,1.4507400000000001,2588.0
2024-02-16 02:30:00,FX:EURCAD,1.4507400000000001,1.4511100000000001,1.45043,1.45055,2914.0
2024-02-16 02:45:00,FX:EURCAD,1.45055,1.4508,1.45025,1.45027,2752.0
2024-02-16 03:00:00,FX:EURCAD,1.45027,1.45113,1.4502300000000001,1.45069,3328.0
2024-02-16 03:15:00,FX:EURCAD,1.45069,1.45087,1.4503300000000001,1.45049,2798.0
2024-02-16 03:30:00,FX:EURCAD,1.45049,1.45156,1.45031,1.4514500000000001,2974.0
2024-02-16 03:45:00,FX:EURCAD,1.4514500000000001,1.45228,1.4514500000000001,1.4521600000000001,3037.0
2024-02-16 04:00:00,FX:EURCAD,1.4521600000000001,1.4522000000000002,1.45163,1.45163,2849.0
2024-02-16 04:15:00,FX:EURCAD,1.45163,1.4518,1.45127,1.45136,2705.0
2024-02-16 04:30:00,FX:EURCAD,1.45136,1.45183,1.45127,1.45139,2680.0
2024-02-16 04:45:00,FX:EURCAD,1.45139,1.45154,1.451,1.45131,2560.0
2024-02-16 05:00:00,FX:EURCAD,1.45131,1.45131,1.4507700000000001,1.45113,2406.0
2024-02-16 05:15:00,FX:EURCAD,1.45113,1.45146,1.4510100000000001,1.4512800000000001,1311.0
2024-02-16 05:30:00,FX:EURCAD,1.4512800000000001,1.45188,1.4512500000000002,1.45181,2151.0
2024-02-16 05:45:00,FX:EURCAD,1.45181,1.4519900000000001,1.4515200000000001,1.45166,1703.0
2024-02-16 06:00:00,FX:EURCAD,1.45166,1.4523000000000001,1.45149,1.45224,1724.0
2024-02-16 06:15:00,FX:EURCAD,1.45224,1.45265,1.45215,1.45229,1763.0
2024-02-16 06:30:00,FX:EURCAD,1.45229,1.4529,1.4519,1.4527400000000001,2175.0
2024-02-16 06:45:00,FX:EURCAD,1.4527400000000001,1.4529,1.4519900000000001,1.4523300000000001,2316.0
2024-02-16 07:00:00,FX:EURCAD,1.4523300000000001,1.45259,1.45191,1.45194,2607.0
2024-02-16 07:15:00,FX:EURCAD,1.45194,1.45211,1.45146,1.4515200000000001,1899.0
2024-02-16 07:30:00,FX:EURCAD,1.4515200000000001,1.45205,1.4512800000000001,1.45194,2752.0
2024-02-16 07:45:00,FX:EURCAD,1.45194,1.45212,1.45154,1.4516200000000001,3258.0
2024-02-16 08:00:00,FX:EURCAD,1.4516200000000001,1.45211,1.4514,1.4515500000000001,3480.0
2024-02-16 08:15:00,FX:EURCAD,1.4515500000000001,1.45197,1.4504000000000001,1.45119,3630.0
2024-02-16 08:30:00,FX:EURCAD,1.45119,1.45119,1.44835,1.45032,9351.0
2024-02-16 08:45:00,FX:EURCAD,1.45032,1.4509400000000001,1.44965,1.45027,7522.0
2024-02-16 09:00:00,FX:EURCAD,1.45027,1.45082,1.44998,1.45063,6602.0
2024-02-16 09:15:00,FX:EURCAD,1.45063,1.4513200000000002,1.45034,1.45121,4881.0
2024-02-16 09:30:00,FX:EURCAD,1.45121,1.45156,1.45028,1.45127,7252.0
2024-02-16 09:45:00,FX:EURCAD,1.45127,1.45211,1.45058,1.45096,6730.0
2024-02-16 10:00:00,FX:EURCAD,1.45096,1.45204,1.45058,1.45192,7102.0
2024-02-16 10:15:00,FX:EURCAD,1.45192,1.45251,1.45146,1.4515900000000002,6567.0
2024-02-16 10:30:00,FX:EURCAD,1.4515900000000002,1.45251,1.4515500000000001,1.45192,5527.0
2024-02-16 10:45:00,FX:EURCAD,1.45192,1.45248,1.45151,1.45211,5868.0
2024-02-16 11:00:00,FX:EURCAD,1.45211,1.45229,1.45147,1.45191,5114.0
2024-02-16 11:15:00,FX:EURCAD,1.45191,1.4519600000000001,1.4511100000000001,1.45166,3008.0
2024-02-16 11:30:00,FX:EURCAD,1.45166,1.45171,1.45095,1.45097,3393.0
2024-02-16 11:45:00,FX:EURCAD,1.45097,1.4521600000000001,1.45051,1.45208,4122.0
2024-02-16 12:00:00,FX:EURCAD,1.45208,1.4521,1.4514,1.45167,2412.0
2024-02-16 12:15:00,FX:EURCAD,1.45167,1.45202,1.45139,1.45184,2087.0
2024-02-16 12:30:00,FX:EURCAD,1.45184,1.45214,1.45156,1.45205,2613.0
2024-02-16 12:45:00,FX:EURCAD,1.45205,1.45249,1.4519300000000002,1.45226,2753.0
2024-02-16 13:00:00,FX:EURCAD,1.45226,1.45273,1.4520600000000001,1.45249,3272.0
2024-02-16 13:15:00,FX:EURCAD,1.45249,1.4525400000000002,1.4520300000000002,1.4522000000000002,2339.0
2024-02-16 13:30:00,FX:EURCAD,1.4522000000000002,1.4526000000000001,1.4519600000000001,1.4525700000000001,2248.0
2024-02-16 13:45:00,FX:EURCAD,1.4525700000000001,1.4535500000000001,1.4523700000000002,1.45348,2573.0
2024-02-16 14:00:00,FX:EURCAD,1.45348,1.45378,1.45279,1.45299,2408.0
2024-02-16 14:15:00,FX:EURCAD,1.45299,1.45324,1.45272,1.4531500000000002,1916.0
2024-02-16 14:30:00,FX:EURCAD,1.4531500000000002,1.45366,1.4531500000000002,1.4536200000000001,2012.0
2024-02-16 14:45:00,FX:EURCAD,1.4536200000000001,1.45407,1.45353,1.45384,3992.0
2024-02-16 15:00:00,FX:EURCAD,1.45384,1.45385,1.4531,1.45317,2175.0
2024-02-16 15:15:00,FX:EURCAD,1.45317,1.45331,1.45283,1.45305,2515.0
2024-02-16 15:30:00,FX:EURCAD,1.45305,1.45356,1.45289,1.45316,2112.0
2024-02-16 15:45:00,FX:EURCAD,1.45316,1.45354,1.45292,1.45337,2313.0
2024-02-16 16:00:00,FX:EURCAD,1.45337,1.4535,1.45304,1.45346,998.0
2024-02-16 16:15:00,FX:EURCAD,1.45346,1.45374,1.45331,1.45363,623.0
2024-02-16 16:30:00,FX:EURCAD,1.45363,1.4536900000000001,1.45312,1.45358,560.0
2024-02-16 16:45:00,FX:EURCAD,1.45358,1.4536,1.45149,1.45299,1355.0
2024-02-18 17:00:00,FX:EURCAD,1.4518600000000002,1.45287,1.4518600000000002,1.45276,317.0
2024-02-18 17:15:00,FX:EURCAD,1.45276,1.45276,1.4519300000000002,1.4525000000000001,483.0
2024-02-18 17:30:00,FX:EURCAD,1.4525000000000001,1.45324,1.4525000000000001,1.4531800000000001,721.0
2024-02-18 17:45:00,FX:EURCAD,1.4531800000000001,1.4532500000000002,1.45232,1.45265,576.0
2024-02-18 18:00:00,FX:EURCAD,1.45265,1.4535200000000001,1.4525700000000001,1.45341,977.0
2024-02-18 18:15:00,FX:EURCAD,1.45341,1.4535900000000002,1.45334,1.45357,453.0
2024-02-18 18:30:00,FX:EURCAD,1.45357,1.45366,1.45332,1.45365,446.0
2024-02-18 18:45:00,FX:EURCAD,1.45365,1.45366,1.45343,1.4534500000000001,432.0
2024-02-18 19:00:00,FX:EURCAD,1.4534500000000001,1.45354,1.4533500000000001,1.45339,1035.0
2024-02-18 19:15:00,FX:EURCAD,1.45339,1.45349,1.45292,1.45295,1089.0
2024-02-18 19:30:00,FX:EURCAD,1.45295,1.45316,1.45282,1.4529,1237.0
2024-02-18 19:45:00,FX:EURCAD,1.4529,1.45309,1.4526400000000002,1.4528400000000001,1902.0
2024-02-18 20:00:00,FX:EURCAD,1.4528400000000001,1.45317,1.4528,1.45292,2041.0
2024-02-18 20:15:00,FX:EURCAD,1.45292,1.45296,1.45244,1.45256,2109.0
2024-02-18 20:30:00,FX:EURCAD,1.45256,1.45293,1.45256,1.45276,2318.0
2024-02-18 20:45:00,FX:EURCAD,1.45276,1.45307,1.4526700000000001,1.45297,1888.0
2024-02-18 21:00:00,FX:EURCAD,1.45297,1.45306,1.4528,1.45295,1666.0
2024-02-18 21:15:00,FX:EURCAD,1.45295,1.45304,1.45287,1.4529400000000001,1543.0
2024-02-18 21:30:00,FX:EURCAD,1.4529400000000001,1.453,1.45271,1.45295,1125.0
2024-02-18 21:45:00,FX:EURCAD,1.45295,1.4534200000000002,1.4529400000000001,1.45333,976.0
2024-02-18 22:00:00,FX:EURCAD,1.45333,1.45344,1.4532100000000001,1.4533,1089.0
2024-02-18 22:15:00,FX:EURCAD,1.4533,1.45332,1.4529400000000001,1.45307,1162.0
2024-02-18 22:30:00,FX:EURCAD,1.45307,1.45312,1.45288,1.45293,1524.0
2024-02-18 22:45:00,FX:EURCAD,1.45293,1.45309,1.45253,1.4526700000000001,1084.0
2024-02-18 23:00:00,FX:EURCAD,1.4526700000000001,1.4527400000000001,1.4525000000000001,1.45269,1053.0
2024-02-18 23:15:00,FX:EURCAD,1.45269,1.4531,1.45261,1.4530100000000001,1267.0
2024-02-18 23:30:00,FX:EURCAD,1.4530100000000001,1.45304,1.45268,1.45289,1284.0
2024-02-18 23:45:00,FX:EURCAD,1.45289,1.4532,1.45249,1.45288,1404.0
2024-02-19 00:00:00,FX:EURCAD,1.45288,1.45296,1.45259,1.4527400000000001,1801.0
2024-02-19 00:15:00,FX:EURCAD,1.4527400000000001,1.45309,1.45268,1.45299,1303.0
2024-02-19 00:30:00,FX:EURCAD,1.45299,1.45327,1.45295,1.45306,1713.0
2024-02-19 00:45:00,FX:EURCAD,1.45306,1.45316,1.4529100000000001,1.45304,1568.0
2024-02-19 01:00:00,FX:EURCAD,1.45304,1.45324,1.45286,1.4531500000000002,1355.0
2024-02-19 01:15:00,FX:EURCAD,1.4531500000000002,1.45327,1.4529100000000001,1.45303,1927.0
2024-02-19 01:30:00,FX:EURCAD,1.45303,1.45313,1.45286,1.45306,1543.0
2024-02-19 01:45:00,FX:EURCAD,1.45306,1.4532800000000001,1.4529,1.4532100000000001,1510.0
2024-02-19 02:00:00,FX:EURCAD,1.4532100000000001,1.4536,1.4532100000000001,1.45339,2268.0
2024-02-19 02:15:00,FX:EURCAD,1.45339,1.45356,1.45316,1.4533,1870.0
2024-02-19 02:30:00,FX:EURCAD,1.4533,1.4535,1.45306,1.4531800000000001,2480.0
2024-02-19 02:45:00,FX:EURCAD,1.4531800000000001,1.4534,1.45293,1.45306,2333.0
2024-02-19 03:00:00,FX:EURCAD,1.45306,1.45343,1.45297,1.4532,3333.0
2024-02-19 03:15:00,FX:EURCAD,1.4532,1.4534200000000002,1.4529100000000001,1.45327,2810.0
2024-02-19 03:30:00,FX:EURCAD,1.45327,1.4533500000000001,1.45289,1.45304,2791.0
2024-02-19 03:45:00,FX:EURCAD,1.45304,1.45317,1.4523700000000002,1.4525700000000001,2635.0
2024-02-19 04:00:00,FX:EURCAD,1.4525700000000001,1.45316,1.4522000000000002,1.45228,3147.0
2024-02-19 04:15:00,FX:EURCAD,1.45228,1.45236,1.4516,1.45181,2265.0
2024-02-19 04:30:00,FX:EURCAD,1.45181,1.45201,1.45153,1.45158,2632.0
2024-02-19 04:45:00,FX:EURCAD,1.45158,1.45195,1.4513,1.45178,2382.0
2024-02-19 05:00:00,FX:EURCAD,1.45178,1.4521300000000001,1.45148,1.45183,2205.0
2024-02-19 05:15:00,FX:EURCAD,1.45183,1.45248,1.45165,1.45235,1654.0
2024-02-19 05:30:00,FX:EURCAD,1.45235,1.45256,1.45207,1.45245,1961.0
2024-02-19 05:45:00,FX:EURCAD,1.45245,1.45255,1.45201,1.45231,2340.0
2024-02-19 06:00:00,FX:EURCAD,1.45231,1.45256,1.45209,1.45252,2045.0
2024-02-19 06:15:00,FX:EURCAD,1.45252,1.45293,1.4522000000000002,1.4527,2543.0
2024-02-19 06:30:00,FX:EURCAD,1.4527,1.45282,1.4522300000000001,1.45227,2313.0
2024-02-19 06:45:00,FX:EURCAD,1.45227,1.45241,1.4519900000000001,1.45205,2053.0
2024-02-19 07:00:00,FX:EURCAD,1.45205,1.4523300000000001,1.45192,1.45219,1881.0
2024-02-19 07:15:00,FX:EURCAD,1.45219,1.45228,1.4518900000000001,1.45208,1929.0
2024-02-19 07:30:00,FX:EURCAD,1.45208,1.45215,1.45166,1.45198,1709.0
2024-02-19 07:45:00,FX:EURCAD,1.45198,1.45214,1.45141,1.4515500000000001,2061.0
2024-02-19 08:00:00,FX:EURCAD,1.4515500000000001,1.45249,1.45151,1.4523700000000002,3031.0
2024-02-19 08:15:00,FX:EURCAD,1.4523700000000002,1.45245,1.45164,1.4517,2437.0
2024-02-19 08:30:00,FX:EURCAD,1.4517,1.4520300000000002,1.45164,1.45184,2107.0
2024-02-19 08:45:00,FX:EURCAD,1.45184,1.45204,1.45144,1.4517900000000001,2768.0
2024-02-19 09:00:00,FX:EURCAD,1.4517900000000001,1.4519600000000001,1.4512500000000002,1.45149,2959.0
2024-02-19 09:15:00,FX:EURCAD,1.45149,1.4516,1.45103,1.4512,2472.0
2024-02-19 09:30:00,FX:EURCAD,1.4512,1.45156,1.45096,1.4514,2612.0
2024-02-19 09:45:00,FX:EURCAD,1.4514,1.4520300000000002,1.45117,1.45201,2801.0
2024-02-19 10:00:00,FX:EURCAD,1.45201,1.4521300000000001,1.45154,1.45209,2228.0
2024-02-19 10:15:00,FX:EURCAD,1.45209,1.4526700000000001,1.45195,1.45241,2691.0
2024-02-19 10:30:00,FX:EURCAD,1.45241,1.45278,1.4523000000000001,1.4527,2598.0
2024-02-19 10:45:00,FX:EURCAD,1.4527,1.45312,1.45259,1.45282,2714.0
2024-02-19 11:00:00,FX:EURCAD,1.45282,1.45283,1.4521600000000001,1.4525700000000001,2963.0
2024-02-19 11:15:00,FX:EURCAD,1.4525700000000001,1.4531,1.45248,1.45307,1728.0
2024-02-19 11:30:00,FX:EURCAD,1.45307,1.4531500000000002,1.45286,1.45302,1525.0
2024-02-19 11:45:00,FX:EURCAD,1.45302,1.4531,1.4528100000000002,1.4529,1315.0
2024-02-19 12:00:00,FX:EURCAD,1.4529,1.4531800000000001,1.4528100000000002,1.45316,1102.0
2024-02-19 12:15:00,FX:EURCAD,1.45316,1.45346,1.45307,1.4534200000000002,1088.0
2024-02-19 12:30:00,FX:EURCAD,1.4534200000000002,1.45375,1.45333,1.45373,1086.0
2024-02-19 12:45:00,FX:EURCAD,1.45373,1.4538,1.45358,1.45373,841.0
2024-02-19 13:00:00,FX:EURCAD,1.45373,1.4542000000000002,1.45364,1.4542000000000002,482.0
2024-02-19 13:15:00,FX:EURCAD,1.4542000000000002,1.45455,1.4541300000000001,1.45414,744.0
2024-02-19 13:30:00,FX:EURCAD,1.45414,1.45426,1.454,1.45415,503.0
2024-02-19 13:45:00,FX:EURCAD,1.45415,1.45425,1.45404,1.45414,599.0
2024-02-19 14:00:00,FX:EURCAD,1.45414,1.45436,1.45407,1.45415,792.0
2024-02-19 14:15:00,FX:EURCAD,1.45415,1.45417,1.4538600000000002,1.45388,608.0
2024-02-19 14:30:00,FX:EURCAD,1.45388,1.45426,1.45387,1.4542300000000001,258.0
2024-02-19 14:45:00,FX:EURCAD,1.4542300000000001,1.4543000000000001,1.45395,1.4539600000000001,366.0
2024-02-19 15:00:00,FX:EURCAD,1.4539600000000001,1.4539900000000001,1.4538900000000001,1.45395,231.0
2024-02-19 15:15:00,FX:EURCAD,1.45395,1.45401,1.45381,1.4539900000000001,225.0
2024-02-19 15:30:00,FX:EURCAD,1.4539900000000001,1.45401,1.45381,1.4539600000000001,313.0
2024-02-19 15:45:00,FX:EURCAD,1.4539600000000001,1.45422,1.4538900000000001,1.4542000000000002,634.0
2024-02-19 16:00:00,FX:EURCAD,1.4542000000000002,1.45426,1.45405,1.45418,341.0
2024-02-19 16:15:00,FX:EURCAD,1.45418,1.45446,1.4541,1.45444,266.0
2024-02-19 16:30:00,FX:EURCAD,1.45444,1.45452,1.4543000000000001,1.45435,579.0
2024-02-19 16:45:00,FX:EURCAD,1.45435,1.45442,1.45317,1.45317,371.0
2024-02-19 17:00:00,FX:EURCAD,1.45317,1.45351,1.45297,1.4533500000000001,396.0
2024-02-19 17:15:00,FX:EURCAD,1.4533500000000001,1.45392,1.4532500000000002,1.4537900000000001,591.0
2024-02-19 17:30:00,FX:EURCAD,1.4537900000000001,1.45412,1.4537900000000001,1.45392,336.0
2024-02-19 17:45:00,FX:EURCAD,1.45392,1.45397,1.4535,1.45384,950.0
2024-02-19 18:00:00,FX:EURCAD,1.45384,1.45445,1.45365,1.45435,542.0
2024-02-19 18:15:00,FX:EURCAD,1.45435,1.45456,1.45435,1.45454,474.0
2024-02-19 18:30:00,FX:EURCAD,1.45454,1.45466,1.4544300000000001,1.45458,350.0
2024-02-19 18:45:00,FX:EURCAD,1.45458,1.4546400000000002,1.45449,1.45461,305.0
2024-02-19 19:00:00,FX:EURCAD,1.45461,1.4546400000000002,1.4539900000000001,1.45411,997.0
2024-02-19 19:15:00,FX:EURCAD,1.45411,1.45411,1.4537900000000001,1.4538600000000002,1077.0
2024-02-19 19:30:00,FX:EURCAD,1.4538600000000002,1.45397,1.45368,1.45374,885.0
2024-02-19 19:45:00,FX:EURCAD,1.45374,1.45392,1.45367,1.45381,1410.0
2024-02-19 20:00:00,FX:EURCAD,1.45381,1.45415,1.45365,1.45377,1144.0
2024-02-19 20:15:00,FX:EURCAD,1.45377,1.4538600000000002,1.45349,1.4535900000000002,2067.0
2024-02-19 20:30:00,FX:EURCAD,1.4535900000000002,1.45391,1.45356,1.45377,1676.0
2024-02-19 20:45:00,FX:EURCAD,1.45377,1.4539600000000001,1.4537200000000001,1.45392,1562.0
2024-02-19 21:00:00,FX:EURCAD,1.45392,1.45407,1.45354,1.45363,2025.0
2024-02-19 21:15:00,FX:EURCAD,1.45363,1.45402,1.45357,1.45395,1424.0
2024-02-19 21:30:00,FX:EURCAD,1.45395,1.45418,1.45377,1.45407,1086.0
2024-02-19 21:45:00,FX:EURCAD,1.45407,1.45456,1.4538600000000002,1.45456,1582.0
2024-02-19 22:00:00,FX:EURCAD,1.45456,1.45456,1.45415,1.45435,1403.0
2024-02-19 22:15:00,FX:EURCAD,1.45435,1.45435,1.45404,1.45415,1161.0
2024-02-19 22:30:00,FX:EURCAD,1.45415,1.4543700000000002,1.45409,1.4542300000000001,948.0
2024-02-19 22:45:00,FX:EURCAD,1.4542300000000001,1.45438,1.45421,1.45436,1122.0
2024-02-19 23:00:00,FX:EURCAD,1.45436,1.45461,1.45429,1.45454,744.0
2024-02-19 23:15:00,FX:EURCAD,1.45454,1.45456,1.45432,1.45442,998.0
2024-02-19 23:30:00,FX:EURCAD,1.45442,1.45465,1.45441,1.45448,958.0
2024-02-19 23:45:00,FX:EURCAD,1.45448,1.45456,1.45445,1.45454,742.0
2024-02-20 00:00:00,FX:EURCAD,1.45454,1.4547700000000001,1.45451,1.4547700000000001,1074.0
2024-02-20 00:15:00,FX:EURCAD,1.4547700000000001,1.45485,1.45462,1.45466,579.0
2024-02-20 00:30:00,FX:EURCAD,1.45466,1.45473,1.45444,1.45458,1127.0
2024-02-20 00:45:00,FX:EURCAD,1.45458,1.4546000000000001,1.45431,1.45446,1309.0
2024-02-20 01:00:00,FX:EURCAD,1.45446,1.45459,1.45424,1.4545000000000001,1432.0
2024-02-20 01:15:00,FX:EURCAD,1.4545000000000001,1.45462,1.45438,1.4545700000000001,1132.0
2024-02-20 01:30:00,FX:EURCAD,1.4545700000000001,1.45485,1.45442,1.45444,1147.0
2024-02-20 01:45:00,FX:EURCAD,1.45444,1.45453,1.45428,1.45445,1193.0
2024-02-20 02:00:00,FX:EURCAD,1.45445,1.4550100000000001,1.45444,1.45459,1991.0
2024-02-20 02:15:00,FX:EURCAD,1.45459,1.45497,1.45442,1.45495,1936.0
2024-02-20 02:30:00,FX:EURCAD,1.45495,1.45507,1.45451,1.45465,2634.0
2024-02-20 02:45:00,FX:EURCAD,1.45465,1.45522,1.45459,1.45493,2856.0
2024-02-20 03:00:00,FX:EURCAD,1.45493,1.4554500000000001,1.45478,1.45502,2872.0
2024-02-20 03:15:00,FX:EURCAD,1.45502,1.45546,1.45499,1.45513,2782.0
2024-02-20 03:30:00,FX:EURCAD,1.45513,1.4552,1.45435,1.4546000000000001,3007.0
2024-02-20 03:45:00,FX:EURCAD,1.4546000000000001,1.45475,1.45426,1.45431,2985.0
2024-02-20 04:00:00,FX:EURCAD,1.45431,1.45488,1.45407,1.45476,2821.0
2024-02-20 04:15:00,FX:EURCAD,1.45476,1.4560600000000001,1.45468,1.45587,2679.0
2024-02-20 04:30:00,FX:EURCAD,1.45587,1.4570100000000001,1.45578,1.45676,2318.0
2024-02-20 04:45:00,FX:EURCAD,1.45676,1.45692,1.45609,1.45686,2533.0
2024-02-20 05:00:00,FX:EURCAD,1.45686,1.45705,1.45651,1.45692,3226.0
2024-02-20 05:15:00,FX:EURCAD,1.45692,1.45749,1.4568400000000001,1.45707,1978.0
2024-02-20 05:30:00,FX:EURCAD,1.45707,1.4575500000000001,1.45646,1.45662,3429.0
2024-02-20 05:45:00,FX:EURCAD,1.45662,1.4569100000000001,1.4561,1.45625,3204.0
2024-02-20 06:00:00,FX:EURCAD,1.45625,1.4564000000000001,1.45585,1.4561600000000001,3105.0
2024-02-20 06:15:00,FX:EURCAD,1.4561600000000001,1.4563000000000001,1.4557,1.45588,2474.0
2024-02-20 06:30:00,FX:EURCAD,1.45588,1.45688,1.45585,1.4565700000000001,2055.0
2024-02-20 06:45:00,FX:EURCAD,1.4565700000000001,1.4569800000000002,1.45624,1.45634,2408.0
2024-02-20 07:00:00,FX:EURCAD,1.45634,1.45644,1.45558,1.45571,3394.0
2024-02-20 07:15:00,FX:EURCAD,1.45571,1.45593,1.45539,1.4556200000000001,2834.0
2024-02-20 07:30:00,FX:EURCAD,1.4556200000000001,1.4561300000000001,1.45553,1.45592,2818.0
2024-02-20 07:45:00,FX:EURCAD,1.45592,1.4562000000000002,1.45557,1.456,4052.0
2024-02-20 08:00:00,FX:EURCAD,1.456,1.45655,1.45573,1.45638,3544.0
2024-02-20 08:15:00,FX:EURCAD,1.45638,1.45968,1.4559600000000001,1.45966,3509.0
2024-02-20 08:30:00,FX:EURCAD,1.45966,1.4614,1.45915,1.4608,6356.0
2024-02-20 08:45:00,FX:EURCAD,1.4608,1.4636200000000001,1.4608,1.46261,5855.0
2024-02-20 09:00:00,FX:EURCAD,1.46261,1.46261,1.4611800000000001,1.46141,3840.0
2024-02-20 09:15:00,FX:EURCAD,1.46141,1.46234,1.46097,1.46227,3796.0
2024-02-20 09:30:00,FX:EURCAD,1.46227,1.4638600000000002,1.46224,1.46359,7009.0
2024-02-20 09:45:00,FX:EURCAD,1.46359,1.46387,1.46273,1.4632500000000002,5978.0
2024-02-20 10:00:00,FX:EURCAD,1.4632500000000002,1.46473,1.4630400000000001,1.46405,6272.0
2024-02-20 10:15:00,FX:EURCAD,1.46405,1.46408,1.46341,1.46397,4022.0
2024-02-20 10:30:00,FX:EURCAD,1.46397,1.4642,1.46255,1.4630400000000001,4579.0
2024-02-20 10:45:00,FX:EURCAD,1.4630400000000001,1.46307,1.4619600000000001,1.4620600000000001,4484.0
2024-02-20 11:00:00,FX:EURCAD,1.4620600000000001,1.46288,1.4618600000000002,1.46218,4654.0
2024-02-20 11:15:00,FX:EURCAD,1.46218,1.4623300000000001,1.4618,1.4619,2910.0
2024-02-20 11:30:00,FX:EURCAD,1.4619,1.4622300000000001,1.46166,1.46168,2429.0
2024-02-20 11:45:00,FX:EURCAD,1.46168,1.46205,1.46144,1.4617,2774.0
2024-02-20 12:00:00,FX:EURCAD,1.4617,1.46258,1.4617,1.46205,3070.0
2024-02-20 12:15:00,FX:EURCAD,1.46205,1.46237,1.46166,1.46225,2613.0
2024-02-20 12:30:00,FX:EURCAD,1.46225,1.46253,1.4619600000000001,1.4621,2613.0
2024-02-20 12:45:00,FX:EURCAD,1.4621,1.46224,1.4615500000000001,1.4617200000000001,2483.0
2024-02-20 13:00:00,FX:EURCAD,1.4617200000000001,1.46204,1.4615,1.46198,1918.0
2024-02-20 13:15:00,FX:EURCAD,1.46198,1.4620900000000001,1.46114,1.4616200000000001,2371.0
2024-02-20 13:30:00,FX:EURCAD,1.4616200000000001,1.4618600000000002,1.46113,1.4614,1940.0
2024-02-20 13:45:00,FX:EURCAD,1.4614,1.46171,1.46107,1.4611100000000001,1629.0
2024-02-20 14:00:00,FX:EURCAD,1.4611100000000001,1.46187,1.4609400000000001,1.4617900000000001,2744.0
2024-02-20 14:15:00,FX:EURCAD,1.4617900000000001,1.46215,1.4617200000000001,1.46185,3183.0
2024-02-20 14:30:00,FX:EURCAD,1.46185,1.46192,1.46161,1.46166,2738.0
2024-02-20 14:45:00,FX:EURCAD,1.46166,1.46175,1.46117,1.46134,2630.0
2024-02-20 15:00:00,FX:EURCAD,1.46134,1.4617200000000001,1.46126,1.4616500000000001,2772.0
2024-02-20 15:15:00,FX:EURCAD,1.4616500000000001,1.46204,1.46158,1.4619,2262.0
2024-02-20 15:30:00,FX:EURCAD,1.4619,1.46218,1.4617900000000001,1.46198,2893.0
2024-02-20 15:45:00,FX:EURCAD,1.46198,1.4620900000000001,1.4617200000000001,1.46176,2330.0
2024-02-20 16:00:00,FX:EURCAD,1.46176,1.46198,1.46166,1.4616900000000002,802.0
2024-02-20 16:15:00,FX:EURCAD,1.4616900000000002,1.46183,1.46151,1.4615200000000002,584.0
2024-02-20 16:30:00,FX:EURCAD,1.4615200000000002,1.46166,1.4613500000000001,1.46147,966.0
2024-02-20 16:45:00,FX:EURCAD,1.46147,1.46176,1.46071,1.46086,875.0
2024-02-20 17:00:00,FX:EURCAD,1.46086,1.46123,1.46085,1.4609,187.0
2024-02-20 17:15:00,FX:EURCAD,1.4609,1.4614,1.4608100000000002,1.4612,787.0
2024-02-20 17:30:00,FX:EURCAD,1.4612,1.4614,1.46109,1.46124,547.0
2024-02-20 17:45:00,FX:EURCAD,1.46124,1.46147,1.46114,1.46146,566.0
2024-02-20 18:00:00,FX:EURCAD,1.46146,1.46183,1.46124,1.46176,844.0
2024-02-20 18:15:00,FX:EURCAD,1.46176,1.46183,1.4614800000000001,1.4615500000000001,645.0
2024-02-20 18:30:00,FX:EURCAD,1.4615500000000001,1.46183,1.46154,1.46174,430.0
2024-02-20 18:45:00,FX:EURCAD,1.46174,1.4619,1.4616500000000001,1.46183,469.0
2024-02-20 19:00:00,FX:EURCAD,1.46183,1.46188,1.4614800000000001,1.46175,1688.0
2024-02-20 19:15:00,FX:EURCAD,1.46175,1.46176,1.46136,1.4615,1126.0
2024-02-20 19:30:00,FX:EURCAD,1.4615,1.4616200000000001,1.46141,1.46157,786.0
2024-02-20 19:45:00,FX:EURCAD,1.46157,1.46187,1.46154,1.4618,1673.0
2024-02-20 20:00:00,FX:EURCAD,1.4618,1.46187,1.4616500000000001,1.46183,1613.0
2024-02-20 20:15:00,FX:EURCAD,1.46183,1.46192,1.46171,1.46181,1410.0
2024-02-20 20:30:00,FX:EURCAD,1.46181,1.4619,1.46166,1.4618900000000001,1534.0
2024-02-20 20:45:00,FX:EURCAD,1.4618900000000001,1.4619600000000001,1.46156,1.46158,1667.0
2024-02-20 21:00:00,FX:EURCAD,1.46158,1.46177,1.46141,1.46161,1722.0
2024-02-20 21:15:00,FX:EURCAD,1.46161,1.46187,1.46157,1.4618200000000001,1127.0
2024-02-20 21:30:00,FX:EURCAD,1.4618200000000001,1.46192,1.46154,1.4616200000000001,1218.0
2024-02-20 21:45:00,FX:EURCAD,1.4616200000000001,1.4616500000000001,1.4613500000000001,1.46146,1737.0
2024-02-20 22:00:00,FX:EURCAD,1.46146,1.4615,1.46115,1.4612100000000001,1483.0
2024-02-20 22:15:00,FX:EURCAD,1.4612100000000001,1.46127,1.46105,1.46105,1513.0
2024-02-20 22:30:00,FX:EURCAD,1.46105,1.4610800000000002,1.4609,1.46095,1030.0
2024-02-20 22:45:00,FX:EURCAD,1.46095,1.4613500000000001,1.46093,1.46126,957.0
2024-02-20 23:00:00,FX:EURCAD,1.46126,1.46151,1.4612,1.4613800000000001,1123.0
2024-02-20 23:15:00,FX:EURCAD,1.4613800000000001,1.46139,1.46113,1.46126,758.0
2024-02-20 23:30:00,FX:EURCAD,1.46126,1.46129,1.4611100000000001,1.46112,762.0
2024-02-20 23:45:00,FX:EURCAD,1.46112,1.46119,1.46096,1.46105,1187.0
2024-02-21 00:00:00,FX:EURCAD,1.46105,1.4611800000000001,1.4609,1.46116,1320.0
2024-02-21 00:15:00,FX:EURCAD,1.46116,1.46123,1.46098,1.4610100000000001,1015.0
2024-02-21 00:30:00,FX:EURCAD,1.4610100000000001,1.46107,1.4607700000000001,1.46082,1537.0
2024-02-21 00:45:00,FX:EURCAD,1.46082,1.46105,1.46062,1.46097,1530.0
2024-02-21 01:00:00,FX:EURCAD,1.46097,1.46099,1.46065,1.46082,1228.0
2024-02-21 01:15:00,FX:EURCAD,1.46082,1.4611100000000001,1.46069,1.4608,1306.0
2024-02-21 01:30:00,FX:EURCAD,1.4608,1.46086,1.46052,1.4606400000000002,1393.0
2024-02-21 01:45:00,FX:EURCAD,1.4606400000000002,1.461,1.46048,1.4608,1701.0
2024-02-21 02:00:00,FX:EURCAD,1.4608,1.46122,1.46061,1.46078,2164.0
2024-02-21 02:15:00,FX:EURCAD,1.46078,1.46113,1.46041,1.46051,2570.0
2024-02-21 02:30:00,FX:EURCAD,1.46051,1.46075,1.4603300000000001,1.46068,2942.0
2024-02-21 02:45:00,FX:EURCAD,1.46068,1.4614200000000002,1.4606700000000001,1.46136,2437.0
2024-02-21 03:00:00,FX:EURCAD,1.46136,1.4617200000000001,1.46112,1.4612500000000002,3693.0
2024-02-21 03:15:00,FX:EURCAD,1.4612500000000002,1.4615200000000002,1.46093,1.4613,2870.0
2024-02-21 03:30:00,FX:EURCAD,1.4613,1.46157,1.46112,1.46139,2731.0
2024-02-21 03:45:00,FX:EURCAD,1.46139,1.46159,1.46085,1.46116,2573.0
2024-02-21 04:00:00,FX:EURCAD,1.46116,1.4613,1.4602000000000002,1.4608,3726.0
2024-02-21 04:15:00,FX:EURCAD,1.4608,1.46102,1.4604000000000001,1.4607400000000001,3362.0
2024-02-21 04:30:00,FX:EURCAD,1.4607400000000001,1.46093,1.46054,1.46062,2785.0
2024-02-21 04:45:00,FX:EURCAD,1.46062,1.46088,1.46045,1.4608100000000002,2335.0
2024-02-21 05:00:00,FX:EURCAD,1.4608100000000002,1.46083,1.46024,1.46042,2067.0
2024-02-21 05:15:00,FX:EURCAD,1.46042,1.46061,1.45988,1.46034,2794.0
2024-02-21 05:30:00,FX:EURCAD,1.46034,1.46076,1.46027,1.4605700000000001,2302.0
2024-02-21 05:45:00,FX:EURCAD,1.4605700000000001,1.46092,1.46039,1.46044,2146.0
2024-02-21 06:00:00,FX:EURCAD,1.46044,1.4609400000000001,1.46009,1.4609100000000002,1892.0
2024-02-21 06:15:00,FX:EURCAD,1.4609100000000002,1.4610800000000002,1.46037,1.46065,2309.0
2024-02-21 06:30:00,FX:EURCAD,1.46065,1.4609400000000001,1.46056,1.46082,1936.0
2024-02-21 06:45:00,FX:EURCAD,1.46082,1.46095,1.46052,1.46078,1992.0
2024-02-21 07:00:00,FX:EURCAD,1.46078,1.4610400000000001,1.46066,1.4609100000000002,2556.0
2024-02-21 07:15:00,FX:EURCAD,1.4609100000000002,1.46122,1.4605700000000001,1.4611,2740.0
2024-02-21 07:30:00,FX:EURCAD,1.4611,1.46127,1.46052,1.46065,2640.0
2024-02-21 07:45:00,FX:EURCAD,1.46065,1.4615,1.46049,1.4614800000000001,3036.0
2024-02-21 08:00:00,FX:EURCAD,1.4614800000000001,1.46184,1.46129,1.46157,3542.0
2024-02-21 08:15:00,FX:EURCAD,1.46157,1.46215,1.46136,1.46141,3591.0
2024-02-21 08:30:00,FX:EURCAD,1.46141,1.46204,1.46119,1.46166,3375.0
2024-02-21 08:45:00,FX:EURCAD,1.46166,1.4619900000000001,1.46124,1.46184,2748.0
2024-02-21 09:00:00,FX:EURCAD,1.46184,1.4624000000000001,1.4614500000000001,1.46197,2863.0
2024-02-21 09:15:00,FX:EURCAD,1.46197,1.46215,1.46098,1.46136,3427.0
2024-02-21 09:30:00,FX:EURCAD,1.46136,1.4620600000000001,1.46112,1.4612500000000002,5694.0
2024-02-21 09:45:00,FX:EURCAD,1.4612500000000002,1.46177,1.461,1.46103,4637.0
2024-02-21 10:00:00,FX:EURCAD,1.46103,1.46185,1.4604000000000001,1.46154,4274.0
2024-02-21 10:15:00,FX:EURCAD,1.46154,1.46161,1.46035,1.46048,3811.0
2024-02-21 10:30:00,FX:EURCAD,1.46048,1.4612100000000001,1.4603300000000001,1.46092,3877.0
2024-02-21 10:45:00,FX:EURCAD,1.46092,1.4611100000000001,1.4597900000000001,1.46002,4325.0
2024-02-21 11:00:00,FX:EURCAD,1.46002,1.46065,1.45971,1.46037,4854.0
2024-02-21 11:15:00,FX:EURCAD,1.46037,1.46088,1.46018,1.4607700000000001,3429.0
2024-02-21 11:30:00,FX:EURCAD,1.4607700000000001,1.46124,1.46072,1.4609100000000002,3427.0
2024-02-21 11:45:00,FX:EURCAD,1.4609100000000002,1.4610100000000001,1.46027,1.46089,2849.0
2024-02-21 12:00:00,FX:EURCAD,1.46089,1.46119,1.46046,1.46099,2988.0
2024-02-21 12:15:00,FX:EURCAD,1.46099,1.46105,1.4601600000000001,1.4603300000000001,2803.0
2024-02-21 12:30:00,FX:EURCAD,1.4603300000000001,1.46049,1.46015,1.46015,2452.0
2024-02-21 12:45:00,FX:EURCAD,1.46015,1.46059,1.4598200000000001,1.45991,2589.0
2024-02-21 13:00:00,FX:EURCAD,1.45991,1.4603300000000001,1.45973,1.4602300000000001,4878.0
2024-02-21 13:15:00,FX:EURCAD,1.4602300000000001,1.4608,1.46014,1.4604300000000001,2471.0
2024-02-21 13:30:00,FX:EURCAD,1.4604300000000001,1.46086,1.4603000000000002,1.4606700000000001,2594.0
2024-02-21 13:45:00,FX:EURCAD,1.4606700000000001,1.46071,1.4598,1.46009,1974.0
2024-02-21 14:00:00,FX:EURCAD,1.46009,1.4607400000000001,1.45956,1.46071,5211.0
2024-02-21 14:15:00,FX:EURCAD,1.46071,1.4609100000000002,1.46037,1.46086,4278.0
2024-02-21 14:30:00,FX:EURCAD,1.46086,1.46107,1.46056,1.46076,3537.0
2024-02-21 14:45:00,FX:EURCAD,1.46076,1.46093,1.46028,1.46039,2985.0
2024-02-21 15:00:00,FX:EURCAD,1.46039,1.461,1.4602300000000001,1.46097,2634.0
2024-02-21 15:15:00,FX:EURCAD,1.46097,1.4615,1.4608700000000001,1.46149,2493.0
2024-02-21 15:30:00,FX:EURCAD,1.46149,1.46166,1.46137,1.46151,2642.0
2024-02-21 15:45:00,FX:EURCAD,1.46151,1.4615500000000001,1.46085,1.46089,2737.0
2024-02-21 16:00:00,FX:EURCAD,1.46089,1.46119,1.46071,1.46113,1451.0
2024-02-21 16:15:00,FX:EURCAD,1.46113,1.4616500000000001,1.4611100000000001,1.4613,1873.0
2024-02-21 16:30:00,FX:EURCAD,1.4613,1.46154,1.46099,1.46106,1208.0
2024-02-21 16:45:00,FX:EURCAD,1.46106,1.46123,1.46042,1.4605700000000001,838.0
2024-02-21 17:00:00,FX:EURCAD,1.4605700000000001,1.46065,1.45998,1.46044,532.0
2024-02-21 17:15:00,FX:EURCAD,1.46044,1.46083,1.4602600000000001,1.46071,930.0
2024-02-21 17:30:00,FX:EURCAD,1.46071,1.4612100000000001,1.46055,1.4608100000000002,1197.0
2024-02-21 17:45:00,FX:EURCAD,1.4608100000000002,1.46083,1.4605000000000001,1.46073,695.0
2024-02-21 18:00:00,FX:EURCAD,1.46073,1.4610400000000001,1.46058,1.46078,731.0
2024-02-21 18:15:00,FX:EURCAD,1.46078,1.4608700000000001,1.4606000000000001,1.4607400000000001,371.0
2024-02-21 18:30:00,FX:EURCAD,1.4607400000000001,1.46082,1.4605700000000001,1.4606400000000002,317.0
2024-02-21 18:45:00,FX:EURCAD,1.4606400000000002,1.4608,1.46004,1.4601,653.0
2024-02-21 19:00:00,FX:EURCAD,1.4601,1.46041,1.4601,1.46035,1301.0
2024-02-21 19:15:00,FX:EURCAD,1.46035,1.46065,1.46018,1.46059,1400.0
2024-02-21 19:30:00,FX:EURCAD,1.46059,1.46103,1.46059,1.46093,1019.0
2024-02-21 19:45:00,FX:EURCAD,1.46093,1.46097,1.46018,1.4602300000000001,2120.0
2024-02-21 20:00:00,FX:EURCAD,1.4602300000000001,1.46035,1.46004,1.46024,1567.0
2024-02-21 20:15:00,FX:EURCAD,1.46024,1.46029,1.4599900000000001,1.4602600000000001,1886.0
2024-02-21 20:30:00,FX:EURCAD,1.4602600000000001,1.46045,1.46019,1.46036,1927.0
2024-02-21 20:45:00,FX:EURCAD,1.46036,1.46039,1.46015,1.46015,1670.0
2024-02-21 21:00:00,FX:EURCAD,1.46015,1.46051,1.45992,1.46,1939.0
2024-02-21 21:15:00,FX:EURCAD,1.46,1.46012,1.45977,1.45983,1910.0
2024-02-21 21:30:00,FX:EURCAD,1.45983,1.45993,1.4596,1.45985,1451.0
2024-02-21 21:45:00,FX:EURCAD,1.45985,1.4599,1.4596500000000001,1.45974,1356.0
2024-02-21 22:00:00,FX:EURCAD,1.45974,1.45998,1.4597,1.45988,976.0
2024-02-21 22:15:00,FX:EURCAD,1.45988,1.45994,1.4595900000000002,1.45961,924.0
2024-02-21 22:30:00,FX:EURCAD,1.45961,1.45974,1.45956,1.45961,983.0
2024-02-21 22:45:00,FX:EURCAD,1.45961,1.46001,1.4595900000000002,1.45998,935.0
2024-02-21 23:00:00,FX:EURCAD,1.45998,1.46028,1.45998,1.4602000000000002,959.0
2024-02-21 23:15:00,FX:EURCAD,1.4602000000000002,1.46037,1.46012,1.46017,1081.0
2024-02-21 23:30:00,FX:EURCAD,1.46017,1.4602600000000001,1.46011,1.46017,943.0
2024-02-21 23:45:00,FX:EURCAD,1.46017,1.46034,1.46015,1.4602600000000001,891.0
2024-02-22 00:00:00,FX:EURCAD,1.4602600000000001,1.46049,1.4602000000000002,1.46041,1124.0
2024-02-22 00:15:00,FX:EURCAD,1.46041,1.4608,1.4604000000000001,1.46051,1336.0
2024-02-22 00:30:00,FX:EURCAD,1.46051,1.46056,1.4603000000000002,1.46044,1020.0
2024-02-22 00:45:00,FX:EURCAD,1.46044,1.46044,1.46007,1.46011,1649.0
2024-02-22 01:00:00,FX:EURCAD,1.46011,1.46039,1.46007,1.46032,1301.0
2024-02-22 01:15:00,FX:EURCAD,1.46032,1.46046,1.4602300000000001,1.4602600000000001,1193.0
2024-02-22 01:30:00,FX:EURCAD,1.4602600000000001,1.4604000000000001,1.46002,1.46009,1475.0
2024-02-22 01:45:00,FX:EURCAD,1.46009,1.46022,1.4598600000000002,1.45991,1613.0
2024-02-22 02:00:00,FX:EURCAD,1.45991,1.4600300000000002,1.4592,1.45933,3322.0
2024-02-22 02:15:00,FX:EURCAD,1.45933,1.46015,1.45929,1.4598600000000002,3634.0
2024-02-22 02:30:00,FX:EURCAD,1.4598600000000002,1.46024,1.45961,1.46022,3389.0
2024-02-22 02:45:00,FX:EURCAD,1.46022,1.46034,1.45993,1.4601,3472.0
2024-02-22 03:00:00,FX:EURCAD,1.4601,1.4607,1.45992,1.4604000000000001,4712.0
2024-02-22 03:15:00,FX:EURCAD,1.4604000000000001,1.46401,1.46039,1.46296,7647.0
2024-02-22 03:30:00,FX:EURCAD,1.46296,1.46296,1.45932,1.4618900000000001,6694.0
2024-02-22 03:45:00,FX:EURCAD,1.4618900000000001,1.46238,1.46143,1.46198,4213.0
2024-02-22 04:00:00,FX:EURCAD,1.46198,1.4619900000000001,1.46082,1.46089,3661.0
2024-02-22 04:15:00,FX:EURCAD,1.46089,1.46092,1.46009,1.46044,3321.0
2024-02-22 04:30:00,FX:EURCAD,1.46044,1.46046,1.45936,1.46,4067.0
2024-02-22 04:45:00,FX:EURCAD,1.46,1.46019,1.45958,1.4597200000000001,3074.0
2024-02-22 05:00:00,FX:EURCAD,1.4597200000000001,1.4603300000000001,1.4597,1.46009,2863.0
2024-02-22 05:15:00,FX:EURCAD,1.46009,1.46041,1.4598,1.45983,2327.0
2024-02-22 05:30:00,FX:EURCAD,1.45983,1.46063,1.45976,1.4606000000000001,2150.0
2024-02-22 05:45:00,FX:EURCAD,1.4606000000000001,1.46097,1.46032,1.46065,2378.0
2024-02-22 06:00:00,FX:EURCAD,1.46065,1.4607400000000001,1.45983,1.46028,3055.0
2024-02-22 06:15:00,FX:EURCAD,1.46028,1.46037,1.4594200000000002,1.4598600000000002,3219.0
2024-02-22 06:30:00,FX:EURCAD,1.4598600000000002,1.4604000000000001,1.4598200000000001,1.46022,2957.0
2024-02-22 06:45:00,FX:EURCAD,1.46022,1.4606000000000001,1.45991,1.4606000000000001,2407.0
2024-02-22 07:00:00,FX:EURCAD,1.4606000000000001,1.4610800000000002,1.46046,1.46058,2633.0
2024-02-22 07:15:00,FX:EURCAD,1.46058,1.46058,1.4597900000000001,1.4601300000000001,1884.0
2024-02-22 07:30:00,FX:EURCAD,1.4601300000000001,1.46107,1.4601300000000001,1.4610100000000001,2900.0
2024-02-22 07:45:00,FX:EURCAD,1.4610100000000001,1.46157,1.46083,1.46113,2997.0
2024-02-22 08:00:00,FX:EURCAD,1.46113,1.4620300000000002,1.46113,1.4618200000000001,3988.0
2024-02-22 08:15:00,FX:EURCAD,1.4618200000000001,1.46263,1.46181,1.46235,3250.0
2024-02-22 08:30:00,FX:EURCAD,1.46235,1.46244,1.4608400000000001,1.46191,7945.0
2024-02-22 08:45:00,FX:EURCAD,1.46191,1.46259,1.4615200000000002,1.46161,5409.0
2024-02-22 09:00:00,FX:EURCAD,1.46161,1.4617,1.46002,1.46014,4786.0
2024-02-22 09:15:00,FX:EURCAD,1.46014,1.46068,1.45932,1.45964,4549.0
2024-02-22 09:30:00,FX:EURCAD,1.45964,1.4596900000000002,1.45821,1.45835,5553.0
2024-02-22 09:45:00,FX:EURCAD,1.45835,1.4593,1.45787,1.45888,8390.0
2024-02-22 10:00:00,FX:EURCAD,1.45888,1.45924,1.45761,1.45923,8388.0
2024-02-22 10:15:00,FX:EURCAD,1.45923,1.46001,1.45889,1.45977,6231.0
2024-02-22 10:30:00,FX:EURCAD,1.45977,1.46017,1.45947,1.45975,4945.0
2024-02-22 10:45:00,FX:EURCAD,1.45975,1.46004,1.45907,1.45926,5187.0
2024-02-22 11:00:00,FX:EURCAD,1.45926,1.45988,1.45905,1.45967,4929.0
2024-02-22 11:15:00,FX:EURCAD,1.45967,1.46037,1.4596200000000001,1.45991,3053.0
2024-02-22 11:30:00,FX:EURCAD,1.45991,1.4600300000000002,1.4594500000000001,1.45981,3057.0
2024-02-22 11:45:00,FX:EURCAD,1.45981,1.4598600000000002,1.4594500000000001,1.45956,3124.0
2024-02-22 12:00:00,FX:EURCAD,1.45956,1.4598200000000001,1.45919,1.45978,2807.0
2024-02-22 12:15:00,FX:EURCAD,1.45978,1.46014,1.45966,1.4597900000000001,2101.0
2024-02-22 12:30:00,FX:EURCAD,1.4597900000000001,1.4602600000000001,1.4596200000000001,1.45974,2397.0
2024-02-22 12:45:00,FX:EURCAD,1.45974,1.46004,1.4596200000000001,1.45976,2378.0
2024-02-22 13:00:00,FX:EURCAD,1.45976,1.45991,1.45957,1.45973,2997.0
2024-02-22 13:15:00,FX:EURCAD,1.45973,1.46031,1.4596200000000001,1.46018,2430.0
2024-02-22 13:30:00,FX:EURCAD,1.46018,1.46048,1.46008,1.46039,2851.0
2024-02-22 13:45:00,FX:EURCAD,1.46039,1.46061,1.46011,1.46015,2365.0
2024-02-22 14:00:00,FX:EURCAD,1.46015,1.46015,1.45968,1.4598,2185.0
2024-02-22 14:15:00,FX:EURCAD,1.4598,1.45992,1.45922,1.45924,2057.0
2024-02-22 14:30:00,FX:EURCAD,1.45924,1.4595200000000002,1.45907,1.45932,2236.0
2024-02-22 14:45:00,FX:EURCAD,1.45932,1.4598200000000001,1.45927,1.45971,2270.0
2024-02-22 15:00:00,FX:EURCAD,1.45971,1.45975,1.45907,1.45937,2859.0
2024-02-22 15:15:00,FX:EURCAD,1.45937,1.4594,1.45903,1.45924,2419.0
2024-02-22 15:30:00,FX:EURCAD,1.45924,1.45941,1.4588700000000001,1.4589100000000002,2935.0
2024-02-22 15:45:00,FX:EURCAD,1.4589100000000002,1.4592,1.45868,1.4591100000000001,2251.0
2024-02-22 16:00:00,FX:EURCAD,1.4591100000000001,1.45916,1.45892,1.45903,760.0
2024-02-22 16:15:00,FX:EURCAD,1.45903,1.45917,1.45898,1.4590800000000002,312.0
2024-02-22 16:30:00,FX:EURCAD,1.4590800000000002,1.45937,1.45892,1.4590100000000001,585.0
2024-02-22 16:45:00,FX:EURCAD,1.4590100000000001,1.4591,1.4584300000000001,1.45898,616.0
2024-02-22 17:00:00,FX:EURCAD,1.45898,1.4590800000000002,1.45831,1.45882,338.0
2024-02-22 17:15:00,FX:EURCAD,1.45882,1.459,1.45842,1.45854,270.0
2024-02-22 17:30:00,FX:EURCAD,1.45854,1.4590400000000001,1.45842,1.4584700000000002,685.0
2024-02-22 17:45:00,FX:EURCAD,1.4584700000000002,1.45888,1.45817,1.45885,814.0
2024-02-22 18:00:00,FX:EURCAD,1.45885,1.45927,1.45872,1.4591,478.0
2024-02-22 18:15:00,FX:EURCAD,1.4591,1.45923,1.45902,1.45914,304.0
2024-02-22 18:30:00,FX:EURCAD,1.45914,1.45931,1.45914,1.4593,303.0
2024-02-22 18:45:00,FX:EURCAD,1.4593,1.45951,1.4592,1.45951,388.0
2024-02-22 19:00:00,FX:EURCAD,1.45951,1.45968,1.45944,1.4595900000000002,1215.0
2024-02-22 19:15:00,FX:EURCAD,1.4595900000000002,1.4596900000000002,1.45944,1.45963,706.0
2024-02-22 19:30:00,FX:EURCAD,1.45963,1.46012,1.4594,1.4600300000000002,2278.0
2024-02-22 19:45:00,FX:EURCAD,1.4600300000000002,1.46014,1.45976,1.4600600000000001,1942.0
2024-02-22 20:00:00,FX:EURCAD,1.4600600000000001,1.46056,1.46001,1.46022,1442.0
2024-02-22 20:15:00,FX:EURCAD,1.46022,1.46044,1.46018,1.46028,1374.0
2024-02-22 20:30:00,FX:EURCAD,1.46028,1.4603000000000002,1.45984,1.45991,1959.0
2024-02-22 20:45:00,FX:EURCAD,1.45991,1.46014,1.4595200000000002,1.4597,1592.0
2024-02-22 21:00:00,FX:EURCAD,1.4597,1.45997,1.45956,1.45995,1264.0
2024-02-22 21:15:00,FX:EURCAD,1.45995,1.45997,1.45953,1.45966,1148.0
2024-02-22 21:30:00,FX:EURCAD,1.45966,1.45974,1.4594,1.45946,1413.0
2024-02-22 21:45:00,FX:EURCAD,1.45946,1.45964,1.4594200000000002,1.4595,842.0
2024-02-22 22:00:00,FX:EURCAD,1.4595,1.4597900000000001,1.4594,1.45951,1044.0
2024-02-22 22:15:00,FX:EURCAD,1.45951,1.45954,1.4592800000000001,1.45949,914.0
2024-02-22 22:30:00,FX:EURCAD,1.45949,1.45958,1.45916,1.45922,762.0
2024-02-22 22:45:00,FX:EURCAD,1.45922,1.45947,1.45917,1.4594500000000001,818.0
2024-02-22 23:00:00,FX:EURCAD,1.4594500000000001,1.4595200000000002,1.4593,1.45943,815.0
2024-02-22 23:15:00,FX:EURCAD,1.45943,1.45967,1.4594,1.45958,581.0
2024-02-22 23:30:00,FX:EURCAD,1.45958,1.45966,1.45924,1.4592800000000001,429.0
2024-02-22 23:45:00,FX:EURCAD,1.4592800000000001,1.45934,1.4590800000000002,1.4591,720.0
2024-02-23 00:00:00,FX:EURCAD,1.4591,1.4592100000000001,1.4590400000000001,1.45909,934.0
2024-02-23 00:15:00,FX:EURCAD,1.45909,1.4593,1.4590800000000002,1.45923,727.0
2024-02-23 00:30:00,FX:EURCAD,1.45923,1.45926,1.4590100000000001,1.45924,896.0
2024-02-23 00:45:00,FX:EURCAD,1.45924,1.45929,1.45878,1.4589400000000001,1014.0
2024-02-23 01:00:00,FX:EURCAD,1.4589400000000001,1.45932,1.45893,1.4593,992.0
2024-02-23 01:15:00,FX:EURCAD,1.4593,1.4595,1.45923,1.45947,915.0
2024-02-23 01:30:00,FX:EURCAD,1.45947,1.45947,1.45902,1.45923,752.0
2024-02-23 01:45:00,FX:EURCAD,1.45923,1.45929,1.45886,1.45924,1384.0
2024-02-23 02:00:00,FX:EURCAD,1.45924,1.4593,1.4588400000000001,1.45929,2435.0
2024-02-23 02:15:00,FX:EURCAD,1.45929,1.4598200000000001,1.45924,1.45964,2208.0
2024-02-23 02:30:00,FX:EURCAD,1.45964,1.4596500000000001,1.45929,1.4593,1978.0
2024-02-23 02:45:00,FX:EURCAD,1.4593,1.4597,1.4592100000000001,1.45944,2161.0
2024-02-23 03:00:00,FX:EURCAD,1.45944,1.45992,1.45899,1.4597900000000001,3616.0
2024-02-23 03:15:00,FX:EURCAD,1.4597900000000001,1.46004,1.4592800000000001,1.45994,3117.0
2024-02-23 03:30:00,FX:EURCAD,1.45994,1.46072,1.45983,1.46062,3767.0
2024-02-23 03:45:00,FX:EURCAD,1.46062,1.46088,1.4597900000000001,1.46049,2821.0
2024-02-23 04:00:00,FX:EURCAD,1.46049,1.46075,1.46007,1.46019,2805.0
2024-02-23 04:15:00,FX:EURCAD,1.46019,1.4607400000000001,1.46005,1.4605000000000001,2124.0
2024-02-23 04:30:00,FX:EURCAD,1.4605000000000001,1.46092,1.46007,1.4602300000000001,2484.0
2024-02-23 04:45:00,FX:EURCAD,1.4602300000000001,1.46042,1.45967,1.45997,2598.0
2024-02-23 05:00:00,FX:EURCAD,1.45997,1.46045,1.4598600000000002,1.46028,2914.0
2024-02-23 05:15:00,FX:EURCAD,1.46028,1.46055,1.46009,1.46009,2239.0
2024-02-23 05:30:00,FX:EURCAD,1.46009,1.46015,1.45944,1.4596,1805.0
2024-02-23 05:45:00,FX:EURCAD,1.4596,1.46,1.45946,1.4598600000000002,1940.0
2024-02-23 06:00:00,FX:EURCAD,1.4598600000000002,1.46008,1.45951,1.45951,2070.0
2024-02-23 06:15:00,FX:EURCAD,1.45951,1.45993,1.45917,1.45983,2716.0
2024-02-23 06:30:00,FX:EURCAD,1.45983,1.46041,1.4595200000000002,1.46014,3356.0
2024-02-23 06:45:00,FX:EURCAD,1.46014,1.46014,1.45922,1.45941,3853.0
2024-02-23 07:00:00,FX:EURCAD,1.45941,1.4597,1.4592100000000001,1.4593500000000001,2744.0
2024-02-23 07:15:00,FX:EURCAD,1.4593500000000001,1.45976,1.4591100000000001,1.45968,2808.0
2024-02-23 07:30:00,FX:EURCAD,1.45968,1.46007,1.45907,1.4596200000000001,3408.0
2024-02-23 07:45:00,FX:EURCAD,1.4596200000000001,1.45983,1.45889,1.45915,2833.0
2024-02-23 08:00:00,FX:EURCAD,1.45915,1.45922,1.45851,1.4588100000000002,3269.0
2024-02-23 08:15:00,FX:EURCAD,1.4588100000000002,1.4589100000000002,1.45827,1.45858,3305.0
2024-02-23 08:30:00,FX:EURCAD,1.45858,1.45862,1.45777,1.45788,3701.0
2024-02-23 08:45:00,FX:EURCAD,1.45788,1.4588100000000002,1.4578600000000002,1.4583300000000001,3257.0
2024-02-23 09:00:00,FX:EURCAD,1.4583300000000001,1.45906,1.4583000000000002,1.4588400000000001,3888.0
2024-02-23 09:15:00,FX:EURCAD,1.4588400000000001,1.45973,1.4587700000000001,1.45971,3418.0
2024-02-23 09:30:00,FX:EURCAD,1.45971,1.46027,1.45915,1.45934,4428.0
2024-02-23 09:45:00,FX:EURCAD,1.45934,1.45948,1.45852,1.4589,4273.0
2024-02-23 10:00:00,FX:EURCAD,1.4589,1.46028,1.4587400000000001,1.46022,4646.0
2024-02-23 10:15:00,FX:EURCAD,1.46022,1.46099,1.4599900000000001,1.46086,3989.0
2024-02-23 10:30:00,FX:EURCAD,1.46086,1.46105,1.46015,1.46019,3479.0
2024-02-23 10:45:00,FX:EURCAD,1.46019,1.46098,1.4598,1.46093,4643.0
2024-02-23 11:00:00,FX:EURCAD,1.46093,1.46183,1.4609100000000002,1.46177,4481.0
2024-02-23 11:15:00,FX:EURCAD,1.46177,1.46258,1.46177,1.46249,3996.0
2024-02-23 11:30:00,FX:EURCAD,1.46249,1.4626400000000002,1.46173,1.4621300000000002,3359.0
2024-02-23 11:45:00,FX:EURCAD,1.4621300000000002,1.46242,1.46174,1.4620300000000002,3131.0
2024-02-23 12:00:00,FX:EURCAD,1.4620300000000002,1.4621600000000001,1.46173,1.46176,3143.0
2024-02-23 12:15:00,FX:EURCAD,1.46176,1.46185,1.46129,1.46149,2717.0
2024-02-23 12:30:00,FX:EURCAD,1.46149,1.46177,1.46102,1.46106,2532.0
2024-02-23 12:45:00,FX:EURCAD,1.46106,1.46139,1.46086,1.46097,2282.0
2024-02-23 13:00:00,FX:EURCAD,1.46097,1.46149,1.4608100000000002,1.46137,1930.0
2024-02-23 13:15:00,FX:EURCAD,1.46137,1.4615,1.46088,1.46117,1761.0
2024-02-23 13:30:00,FX:EURCAD,1.46117,1.46129,1.46072,1.4612800000000001,1615.0
2024-02-23 13:45:00,FX:EURCAD,1.4612800000000001,1.46144,1.46102,1.46102,1914.0
2024-02-23 14:00:00,FX:EURCAD,1.46102,1.46146,1.46085,1.4611800000000001,1871.0
2024-02-23 14:15:00,FX:EURCAD,1.4611800000000001,1.4612100000000001,1.46085,1.46106,1935.0
2024-02-23 14:30:00,FX:EURCAD,1.46106,1.4614500000000001,1.46098,1.46144,1770.0
2024-02-23 14:45:00,FX:EURCAD,1.46144,1.46153,1.46102,1.4611100000000001,1885.0
2024-02-23 15:00:00,FX:EURCAD,1.4611100000000001,1.4613800000000001,1.46099,1.4612,2425.0
2024-02-23 15:15:00,FX:EURCAD,1.4612,1.46133,1.46097,1.46106,2100.0
2024-02-23 15:30:00,FX:EURCAD,1.46106,1.46132,1.46102,1.46113,1626.0
2024-02-23 15:45:00,FX:EURCAD,1.46113,1.4612800000000001,1.46092,1.46124,2245.0
2024-02-23 16:00:00,FX:EURCAD,1.46124,1.4615200000000002,1.4611800000000001,1.46123,1187.0
2024-02-23 16:15:00,FX:EURCAD,1.46123,1.46134,1.46102,1.46129,627.0
2024-02-23 16:30:00,FX:EURCAD,1.46129,1.4615,1.4611800000000001,1.46146,1190.0
2024-02-23 16:45:00,FX:EURCAD,1.46146,1.46164,1.4602600000000001,1.46097,1258.0
2024-02-25 17:00:00,FX:EURCAD,1.46083,1.46133,1.4602000000000002,1.46034,151.0
2024-02-25 17:15:00,FX:EURCAD,1.46034,1.46123,1.4601300000000001,1.46069,540.0
2024-02-25 17:30:00,FX:EURCAD,1.46069,1.4609100000000002,1.46053,1.46062,383.0
2024-02-25 17:45:00,FX:EURCAD,1.46062,1.46136,1.46061,1.46093,956.0
2024-02-25 18:00:00,FX:EURCAD,1.46093,1.4617200000000001,1.46085,1.4616200000000001,959.0
2024-02-25 18:15:00,FX:EURCAD,1.4616200000000001,1.46163,1.4612500000000002,1.4612800000000001,328.0
2024-02-25 18:30:00,FX:EURCAD,1.4612800000000001,1.4615200000000002,1.46126,1.46141,445.0
2024-02-25 18:45:00,FX:EURCAD,1.46141,1.46173,1.4613,1.4616900000000002,335.0
2024-02-25 19:00:00,FX:EURCAD,1.4616900000000002,1.4618,1.4614500000000001,1.4616,1397.0
2024-02-25 19:15:00,FX:EURCAD,1.4616,1.4617200000000001,1.46132,1.4617,1507.0
2024-02-25 19:30:00,FX:EURCAD,1.4617,1.4620300000000002,1.4616200000000001,1.46183,1130.0
2024-02-25 19:45:00,FX:EURCAD,1.46183,1.46222,1.46183,1.462,1417.0
2024-02-25 20:00:00,FX:EURCAD,1.462,1.4620600000000001,1.46176,1.46195,1629.0
2024-02-25 20:15:00,FX:EURCAD,1.46195,1.462,1.46174,1.46178,1620.0
2024-02-25 20:30:00,FX:EURCAD,1.46178,1.46184,1.46158,1.4616200000000001,1503.0
2024-02-25 20:45:00,FX:EURCAD,1.4616200000000001,1.46173,1.4615,1.46163,1438.0
2024-02-25 21:00:00,FX:EURCAD,1.46163,1.46174,1.4615,1.4617,1412.0
2024-02-25 21:15:00,FX:EURCAD,1.4617,1.4618900000000001,1.4616200000000001,1.46183,1325.0
2024-02-25 21:30:00,FX:EURCAD,1.46183,1.46201,1.4616,1.46168,941.0
2024-02-25 21:45:00,FX:EURCAD,1.46168,1.46184,1.4616,1.4617900000000001,928.0
2024-02-25 22:00:00,FX:EURCAD,1.4617900000000001,1.46214,1.46178,1.4619900000000001,1051.0
2024-02-25 22:15:00,FX:EURCAD,1.4619900000000001,1.46211,1.46188,1.46208,847.0
2024-02-25 22:30:00,FX:EURCAD,1.46208,1.46225,1.46204,1.46219,631.0
2024-02-25 22:45:00,FX:EURCAD,1.46219,1.46222,1.462,1.46211,763.0
2024-02-25 23:00:00,FX:EURCAD,1.46211,1.4621600000000001,1.46202,1.4620900000000001,734.0
2024-02-25 23:15:00,FX:EURCAD,1.4620900000000001,1.4621600000000001,1.4620300000000002,1.46211,366.0
2024-02-25 23:30:00,FX:EURCAD,1.46211,1.4621300000000002,1.4618200000000001,1.46193,676.0
2024-02-25 23:45:00,FX:EURCAD,1.46193,1.4619900000000001,1.46181,1.46188,682.0
2024-02-26 00:00:00,FX:EURCAD,1.46188,1.46191,1.46157,1.46163,1149.0
2024-02-26 00:15:00,FX:EURCAD,1.46163,1.4617900000000001,1.46154,1.46173,1002.0
2024-02-26 00:30:00,FX:EURCAD,1.46173,1.46192,1.46166,1.46167,989.0
2024-02-26 00:45:00,FX:EURCAD,1.46167,1.46225,1.4616500000000001,1.4621600000000001,1344.0
2024-02-26 01:00:00,FX:EURCAD,1.4621600000000001,1.46254,1.4621,1.46245,1364.0
2024-02-26 01:15:00,FX:EURCAD,1.46245,1.4626000000000001,1.46227,1.46236,1296.0
2024-02-26 01:30:00,FX:EURCAD,1.46236,1.46258,1.46232,1.46234,1590.0
2024-02-26 01:45:00,FX:EURCAD,1.46234,1.4625000000000001,1.46225,1.46248,1263.0
2024-02-26 02:00:00,FX:EURCAD,1.46248,1.46337,1.46234,1.46326,2696.0
2024-02-26 02:15:00,FX:EURCAD,1.46326,1.46364,1.4630400000000001,1.46324,2290.0
2024-02-26 02:30:00,FX:EURCAD,1.46324,1.4639600000000002,1.46315,1.46359,2894.0
2024-02-26 02:45:00,FX:EURCAD,1.46359,1.46438,1.4635200000000002,1.4642,3137.0
2024-02-26 03:00:00,FX:EURCAD,1.4642,1.46469,1.46395,1.46434,3756.0
2024-02-26 03:15:00,FX:EURCAD,1.46434,1.4647700000000001,1.4640300000000002,1.46475,2389.0
2024-02-26 03:30:00,FX:EURCAD,1.46475,1.46524,1.46475,1.46502,2972.0
2024-02-26 03:45:00,FX:EURCAD,1.46502,1.46546,1.4649400000000001,1.46516,3447.0
2024-02-26 04:00:00,FX:EURCAD,1.46516,1.46576,1.46512,1.46544,2986.0
2024-02-26 04:15:00,FX:EURCAD,1.46544,1.46583,1.46541,1.46547,2806.0
2024-02-26 04:30:00,FX:EURCAD,1.46547,1.46629,1.46546,1.46624,2635.0
2024-02-26 04:45:00,FX:EURCAD,1.46624,1.46641,1.46576,1.46581,2366.0
2024-02-26 05:00:00,FX:EURCAD,1.46581,1.46598,1.4654,1.4658,2816.0
2024-02-26 05:15:00,FX:EURCAD,1.4658,1.46629,1.4656900000000002,1.4662600000000001,2265.0
2024-02-26 05:30:00,FX:EURCAD,1.4662600000000001,1.4666700000000001,1.46608,1.46628,2436.0
2024-02-26 05:45:00,FX:EURCAD,1.46628,1.46662,1.46607,1.4664700000000002,2770.0
2024-02-26 06:00:00,FX:EURCAD,1.4664700000000002,1.4667700000000001,1.46608,1.46661,2761.0
2024-02-26 06:15:00,FX:EURCAD,1.46661,1.4669400000000001,1.46642,1.46676,2537.0
2024-02-26 06:30:00,FX:EURCAD,1.46676,1.4667700000000001,1.4662300000000001,1.4666700000000001,2341.0
2024-02-26 06:45:00,FX:EURCAD,1.4666700000000001,1.46685,1.46628,1.46673,1779.0
2024-02-26 07:00:00,FX:EURCAD,1.46673,1.46699,1.4664300000000001,1.46661,2381.0
2024-02-26 07:15:00,FX:EURCAD,1.46661,1.46723,1.46656,1.4668400000000001,2221.0
2024-02-26 07:30:00,FX:EURCAD,1.4668400000000001,1.46729,1.4666700000000001,1.4672800000000001,2465.0
2024-02-26 07:45:00,FX:EURCAD,1.4672800000000001,1.4676200000000001,1.46681,1.46693,2787.0
2024-02-26 08:00:00,FX:EURCAD,1.46693,1.46757,1.4666700000000001,1.46756,3384.0
2024-02-26 08:15:00,FX:EURCAD,1.46756,1.46781,1.4665000000000001,1.46654,3258.0
2024-02-26 08:30:00,FX:EURCAD,1.46654,1.46656,1.46546,1.46608,3163.0
2024-02-26 08:45:00,FX:EURCAD,1.46608,1.46634,1.4656200000000001,1.46602,3435.0
2024-02-26 09:00:00,FX:EURCAD,1.46602,1.46604,1.4650800000000002,1.46532,3957.0
2024-02-26 09:15:00,FX:EURCAD,1.46532,1.46652,1.46526,1.4663000000000002,3603.0
2024-02-26 09:30:00,FX:EURCAD,1.4663000000000002,1.46727,1.46614,1.46628,4554.0
2024-02-26 09:45:00,FX:EURCAD,1.46628,1.46648,1.46533,1.4654,3852.0
2024-02-26 10:00:00,FX:EURCAD,1.4654,1.46598,1.46499,1.46585,5046.0
2024-02-26 10:15:00,FX:EURCAD,1.46585,1.46676,1.4656200000000001,1.4662300000000001,4002.0
2024-02-26 10:30:00,FX:EURCAD,1.4662300000000001,1.46683,1.4661,1.46639,3717.0
2024-02-26 10:45:00,FX:EURCAD,1.46639,1.46698,1.46632,1.46644,3676.0
2024-02-26 11:00:00,FX:EURCAD,1.46644,1.46686,1.4662300000000001,1.46629,3763.0
2024-02-26 11:15:00,FX:EURCAD,1.46629,1.4665700000000002,1.46601,1.4665700000000002,3198.0
2024-02-26 11:30:00,FX:EURCAD,1.4665700000000002,1.46678,1.46611,1.46673,3522.0
2024-02-26 11:45:00,FX:EURCAD,1.46673,1.4671,1.4664000000000001,1.4668400000000001,3167.0
2024-02-26 12:00:00,FX:EURCAD,1.4668400000000001,1.4672100000000001,1.46666,1.46686,2972.0
2024-02-26 12:15:00,FX:EURCAD,1.46686,1.46686,1.46619,1.46635,2354.0
2024-02-26 12:30:00,FX:EURCAD,1.46635,1.46665,1.46624,1.46637,2192.0
2024-02-26 12:45:00,FX:EURCAD,1.46637,1.46645,1.46587,1.4659600000000002,2590.0
2024-02-26 13:00:00,FX:EURCAD,1.4659600000000002,1.46605,1.46544,1.46567,2848.0
2024-02-26 13:15:00,FX:EURCAD,1.46567,1.4658900000000001,1.46553,1.46556,2452.0
2024-02-26 13:30:00,FX:EURCAD,1.46556,1.46585,1.46536,1.46567,2333.0
2024-02-26 13:45:00,FX:EURCAD,1.46567,1.4658600000000002,1.46557,1.46576,1766.0
2024-02-26 14:00:00,FX:EURCAD,1.46576,1.46594,1.4654500000000001,1.4656200000000001,2322.0
2024-02-26 14:15:00,FX:EURCAD,1.4656200000000001,1.46585,1.4654800000000001,1.46559,2257.0
2024-02-26 14:30:00,FX:EURCAD,1.46559,1.46588,1.46546,1.46574,2212.0
2024-02-26 14:45:00,FX:EURCAD,1.46574,1.46587,1.46551,1.46566,1993.0
2024-02-26 15:00:00,FX:EURCAD,1.46566,1.46567,1.4651800000000001,1.4653800000000001,2147.0
2024-02-26 15:15:00,FX:EURCAD,1.4653800000000001,1.46549,1.46498,1.46507,2643.0
2024-02-26 15:30:00,FX:EURCAD,1.46507,1.46534,1.4650400000000001,1.46526,2285.0
2024-02-26 15:45:00,FX:EURCAD,1.46526,1.46559,1.46523,1.46551,2257.0
2024-02-26 16:00:00,FX:EURCAD,1.46551,1.46559,1.46537,1.46553,1200.0
2024-02-26 16:15:00,FX:EURCAD,1.46553,1.46557,1.4653800000000001,1.4654500000000001,1338.0
2024-02-26 16:30:00,FX:EURCAD,1.4654500000000001,1.46546,1.4652,1.46524,886.0
2024-02-26 16:45:00,FX:EURCAD,1.46524,1.46554,1.4647700000000001,1.4648700000000001,859.0
2024-02-26 17:30:00,FX:EURCAD,1.4648700000000001,1.46513,1.4648700000000001,1.46507,132.0
2024-02-26 17:45:00,FX:EURCAD,1.46507,1.4653800000000001,1.46488,1.46536,624.0
2024-02-26 18:00:00,FX:EURCAD,1.46536,1.46566,1.46523,1.46533,435.0
2024-02-26 18:15:00,FX:EURCAD,1.46533,1.46551,1.4653100000000001,1.46536,336.0
2024-02-26 18:30:00,FX:EURCAD,1.46536,1.46553,1.46527,1.4653,446.0
2024-02-26 18:45:00,FX:EURCAD,1.4653,1.46532,1.46488,1.4649100000000002,319.0
2024-02-26 19:00:00,FX:EURCAD,1.4649100000000002,1.46523,1.46472,1.46516,958.0
2024-02-26 19:15:00,FX:EURCAD,1.46516,1.4655200000000002,1.46513,1.46526,948.0
2024-02-26 19:30:00,FX:EURCAD,1.46526,1.46543,1.46516,1.4653500000000002,765.0
2024-02-26 19:45:00,FX:EURCAD,1.4653500000000002,1.4655200000000002,1.4652100000000001,1.46533,1147.0
2024-02-26 20:00:00,FX:EURCAD,1.46533,1.46537,1.46496,1.4650800000000002,1377.0
2024-02-26 20:15:00,FX:EURCAD,1.4650800000000002,1.4653100000000001,1.46503,1.4653,1407.0
2024-02-26 20:30:00,FX:EURCAD,1.4653,1.46537,1.4651800000000001,1.46527,898.0
2024-02-26 20:45:00,FX:EURCAD,1.46527,1.46559,1.46517,1.4654800000000001,1101.0
2024-02-26 21:00:00,FX:EURCAD,1.4654800000000001,1.46566,1.4653500000000002,1.4656200000000001,1103.0
2024-02-26 21:15:00,FX:EURCAD,1.4656200000000001,1.46601,1.46543,1.4659600000000002,1917.0
2024-02-26 21:30:00,FX:EURCAD,1.4659600000000002,1.46614,1.46581,1.46598,1898.0
2024-02-26 21:45:00,FX:EURCAD,1.46598,1.4662300000000001,1.46591,1.46617,1264.0
2024-02-26 22:00:00,FX:EURCAD,1.46617,1.46632,1.46585,1.46587,1092.0
2024-02-26 22:15:00,FX:EURCAD,1.46587,1.46602,1.46578,1.46581,1103.0
2024-02-26 22:30:00,FX:EURCAD,1.46581,1.46587,1.46559,1.4656900000000002,1091.0
2024-02-26 22:45:00,FX:EURCAD,1.4656900000000002,1.46581,1.4656,1.4658,906.0
2024-02-26 23:00:00,FX:EURCAD,1.4658,1.46583,1.46558,1.4656900000000002,835.0
2024-02-26 23:15:00,FX:EURCAD,1.4656900000000002,1.46575,1.46553,1.46561,820.0
2024-02-26 23:30:00,FX:EURCAD,1.46561,1.46578,1.46559,1.46573,688.0
2024-02-26 23:45:00,FX:EURCAD,1.46573,1.46577,1.4654,1.4654500000000001,924.0
2024-02-27 00:00:00,FX:EURCAD,1.4654500000000001,1.46558,1.46516,1.4652100000000001,1085.0
2024-02-27 00:15:00,FX:EURCAD,1.4652100000000001,1.46527,1.465,1.46507,957.0
2024-02-27 00:30:00,FX:EURCAD,1.46507,1.46524,1.46499,1.4651100000000001,848.0
2024-02-27 00:45:00,FX:EURCAD,1.4651100000000001,1.46529,1.46495,1.4652,666.0
2024-02-27 01:00:00,FX:EURCAD,1.4652,1.4652500000000002,1.4648,1.46489,1129.0
2024-02-27 01:15:00,FX:EURCAD,1.46489,1.4649100000000002,1.4645000000000001,1.46465,935.0
2024-02-27 01:30:00,FX:EURCAD,1.46465,1.46488,1.46445,1.46454,1272.0
2024-02-27 01:45:00,FX:EURCAD,1.46454,1.4647400000000002,1.46439,1.46473,1265.0
2024-02-27 02:00:00,FX:EURCAD,1.46473,1.46522,1.46471,1.4651100000000001,1805.0
2024-02-27 02:15:00,FX:EURCAD,1.4651100000000001,1.4658600000000002,1.46502,1.46573,2082.0
2024-02-27 02:30:00,FX:EURCAD,1.46573,1.46584,1.46517,1.4654800000000001,3159.0
2024-02-27 02:45:00,FX:EURCAD,1.4654800000000001,1.46578,1.4653,1.46547,2001.0
2024-02-27 03:00:00,FX:EURCAD,1.46547,1.46566,1.46502,1.46534,2803.0
2024-02-27 03:15:00,FX:EURCAD,1.46534,1.4654,1.4649400000000001,1.46519,2650.0
2024-02-27 03:30:00,FX:EURCAD,1.46519,1.4658,1.46503,1.4658,2683.0
2024-02-27 03:45:00,FX:EURCAD,1.4658,1.4661300000000002,1.46523,1.46549,2650.0
2024-02-27 04:00:00,FX:EURCAD,1.46549,1.4655500000000001,1.46499,1.4652,2544.0
2024-02-27 04:15:00,FX:EURCAD,1.4652,1.46537,1.46454,1.46463,2391.0
2024-02-27 04:30:00,FX:EURCAD,1.46463,1.46503,1.46441,1.4646700000000001,2570.0
2024-02-27 04:45:00,FX:EURCAD,1.4646700000000001,1.46512,1.46424,1.4643300000000001,2459.0
2024-02-27 05:00:00,FX:EURCAD,1.4643300000000001,1.4643300000000001,1.46296,1.46351,2732.0
2024-02-27 05:15:00,FX:EURCAD,1.46351,1.4641600000000001,1.46347,1.46375,2466.0
2024-02-27 05:30:00,FX:EURCAD,1.46375,1.46472,1.4637,1.46442,1989.0
2024-02-27 05:45:00,FX:EURCAD,1.46442,1.46469,1.46418,1.46424,2144.0
2024-02-27 06:00:00,FX:EURCAD,1.46424,1.4642600000000001,1.46373,1.46424,2285.0
2024-02-27 06:15:00,FX:EURCAD,1.46424,1.4649400000000001,1.46418,1.46493,2096.0
2024-02-27 06:30:00,FX:EURCAD,1.46493,1.46517,1.4648400000000001,1.46517,1490.0
2024-02-27 06:45:00,FX:EURCAD,1.46517,1.4652800000000001,1.46476,1.46503,1931.0
2024-02-27 07:00:00,FX:EURCAD,1.46503,1.4652500000000002,1.4648700000000001,1.465,1682.0
2024-02-27 07:15:00,FX:EURCAD,1.465,1.46516,1.46432,1.46439,1893.0
2024-02-27 07:30:00,FX:EURCAD,1.46439,1.46499,1.46422,1.46481,2974.0
2024-02-27 07:45:00,FX:EURCAD,1.46481,1.4650800000000002,1.46412,1.4646700000000001,2492.0
2024-02-27 08:00:00,FX:EURCAD,1.4646700000000001,1.46513,1.46453,1.4650100000000001,3093.0
2024-02-27 08:15:00,FX:EURCAD,1.4650100000000001,1.4652,1.4645700000000001,1.46466,3152.0
2024-02-27 08:30:00,FX:EURCAD,1.46466,1.46517,1.4643000000000002,1.46442,4586.0
2024-02-27 08:45:00,FX:EURCAD,1.46442,1.46506,1.4643000000000002,1.4643000000000002,3569.0
2024-02-27 09:00:00,FX:EURCAD,1.4643000000000002,1.46455,1.4639,1.46408,3116.0
2024-02-27 09:15:00,FX:EURCAD,1.46408,1.46455,1.46394,1.46414,2693.0
2024-02-27 09:30:00,FX:EURCAD,1.46414,1.46524,1.46388,1.4650800000000002,4185.0
2024-02-27 09:45:00,FX:EURCAD,1.4650800000000002,1.46542,1.46431,1.46498,3346.0
2024-02-27 10:00:00,FX:EURCAD,1.46498,1.46573,1.46489,1.4653500000000002,6572.0
2024-02-27 10:15:00,FX:EURCAD,1.4653500000000002,1.46639,1.46526,1.46594,3742.0
2024-02-27 10:30:00,FX:EURCAD,1.46594,1.46695,1.46539,1.46685,3243.0
2024-02-27 10:45:00,FX:EURCAD,1.46685,1.4673800000000001,1.46634,1.46641,5147.0
2024-02-27 11:00:00,FX:EURCAD,1.46641,1.4672100000000001,1.46618,1.46717,4066.0
2024-02-27 11:15:00,FX:EURCAD,1.46717,1.46732,1.46675,1.46698,3333.0
2024-02-27 11:30:00,FX:EURCAD,1.46698,1.46805,1.46688,1.46794,3108.0
2024-02-27 11:45:00,FX:EURCAD,1.46794,1.46851,1.46788,1.46819,2468.0
2024-02-27 12:00:00,FX:EURCAD,1.46819,1.4688,1.46795,1.46878,2874.0
2024-02-27 12:15:00,FX:EURCAD,1.46878,1.46898,1.46851,1.46858,2836.0
2024-02-27 12:30:00,FX:EURCAD,1.46858,1.46871,1.4679900000000001,1.4681300000000002,2336.0
2024-02-27 12:45:00,FX:EURCAD,1.4681300000000002,1.46855,1.4673100000000001,1.4673100000000001,2097.0
2024-02-27 13:00:00,FX:EURCAD,1.4673100000000001,1.46768,1.46707,1.4673,2950.0
2024-02-27 13:15:00,FX:EURCAD,1.4673,1.4676900000000002,1.46713,1.4672500000000002,2386.0
2024-02-27 13:30:00,FX:EURCAD,1.4672500000000002,1.46756,1.46686,1.4675,2503.0
2024-02-27 13:45:00,FX:EURCAD,1.4675,1.46753,1.46707,1.4671800000000002,2492.0
2024-02-27 14:00:00,FX:EURCAD,1.4671800000000002,1.4675500000000001,1.467,1.46723,1767.0
2024-02-27 14:15:00,FX:EURCAD,1.46723,1.4675500000000001,1.4670100000000001,1.46723,2441.0
2024-02-27 14:30:00,FX:EURCAD,1.46723,1.46747,1.4671100000000001,1.46739,1592.0
2024-02-27 14:45:00,FX:EURCAD,1.46739,1.46751,1.46693,1.467,1735.0
2024-02-27 15:00:00,FX:EURCAD,1.467,1.46724,1.46689,1.4670100000000001,1570.0
2024-02-27 15:15:00,FX:EURCAD,1.4670100000000001,1.46732,1.46695,1.4670400000000001,1483.0
2024-02-27 15:30:00,FX:EURCAD,1.4670400000000001,1.46724,1.46686,1.46692,1114.0
2024-02-27 15:45:00,FX:EURCAD,1.46692,1.4673500000000002,1.46688,1.46723,2097.0
2024-02-27 16:00:00,FX:EURCAD,1.46723,1.46734,1.4670400000000001,1.46706,724.0
2024-02-27 16:15:00,FX:EURCAD,1.46706,1.46712,1.46685,1.4668700000000001,428.0
2024-02-27 16:30:00,FX:EURCAD,1.4668700000000001,1.46723,1.46683,1.46686,577.0
2024-02-27 16:45:00,FX:EURCAD,1.46686,1.46715,1.46637,1.46645,676.0
2024-02-27 17:00:00,FX:EURCAD,1.46645,1.4667400000000002,1.4659,1.46668,231.0
2024-02-27 17:15:00,FX:EURCAD,1.46668,1.4670400000000001,1.46642,1.4670100000000001,707.0
2024-02-27 17:30:00,FX:EURCAD,1.4670100000000001,1.46707,1.46652,1.46655,2254.0
2024-02-27 17:45:00,FX:EURCAD,1.46655,1.46695,1.46648,1.46683,1286.0
2024-02-27 18:00:00,FX:EURCAD,1.46683,1.4672,1.46668,1.4672,428.0
2024-02-27 18:15:00,FX:EURCAD,1.4672,1.4673,1.4671100000000001,1.46714,465.0
2024-02-27 18:30:00,FX:EURCAD,1.46714,1.4673800000000001,1.46713,1.4673500000000002,343.0
2024-02-27 18:45:00,FX:EURCAD,1.4673500000000002,1.46736,1.4668700000000001,1.46689,320.0
2024-02-27 19:00:00,FX:EURCAD,1.46689,1.46716,1.46689,1.46713,648.0
2024-02-27 19:15:00,FX:EURCAD,1.46713,1.4673800000000001,1.46713,1.46722,504.0
2024-02-27 19:30:00,FX:EURCAD,1.46722,1.4672800000000001,1.46692,1.46722,1171.0
2024-02-27 19:45:00,FX:EURCAD,1.46722,1.46734,1.46688,1.46707,1242.0
2024-02-27 20:00:00,FX:EURCAD,1.46707,1.46764,1.46695,1.4673,2552.0
2024-02-27 20:15:00,FX:EURCAD,1.4673,1.4676200000000001,1.46716,1.4673100000000001,1269.0
2024-02-27 20:30:00,FX:EURCAD,1.4673100000000001,1.4673800000000001,1.46696,1.46702,1143.0
2024-02-27 20:45:00,FX:EURCAD,1.46702,1.46727,1.46685,1.46697,1415.0
2024-02-27 21:00:00,FX:EURCAD,1.46697,1.4672500000000002,1.46675,1.46716,1217.0
2024-02-27 21:15:00,FX:EURCAD,1.46716,1.46729,1.46714,1.46717,986.0
2024-02-27 21:30:00,FX:EURCAD,1.46717,1.4673100000000001,1.46712,1.46714,1109.0
2024-02-27 21:45:00,FX:EURCAD,1.46714,1.4673100000000001,1.46707,1.46717,1119.0
2024-02-27 22:00:00,FX:EURCAD,1.46717,1.46732,1.46709,1.46724,731.0
2024-02-27 22:15:00,FX:EURCAD,1.46724,1.46732,1.46699,1.46706,1316.0
2024-02-27 22:30:00,FX:EURCAD,1.46706,1.46727,1.467,1.46722,1060.0
2024-02-27 22:45:00,FX:EURCAD,1.46722,1.4673100000000001,1.46699,1.46699,890.0
2024-02-27 23:00:00,FX:EURCAD,1.46699,1.46727,1.46697,1.46716,959.0
2024-02-27 23:15:00,FX:EURCAD,1.46716,1.46729,1.46709,1.4671800000000002,732.0
2024-02-27 23:30:00,FX:EURCAD,1.4671800000000002,1.46741,1.4671800000000002,1.46726,650.0
2024-02-27 23:45:00,FX:EURCAD,1.46726,1.46736,1.46715,1.46719,640.0
2024-02-28 00:00:00,FX:EURCAD,1.46719,1.46733,1.4670100000000001,1.46719,749.0
2024-02-28 00:15:00,FX:EURCAD,1.46719,1.46726,1.46699,1.46726,818.0
2024-02-28 00:30:00,FX:EURCAD,1.46726,1.4673,1.46681,1.4668700000000001,1065.0
2024-02-28 00:45:00,FX:EURCAD,1.4668700000000001,1.46697,1.46673,1.46678,1049.0
2024-02-28 01:00:00,FX:EURCAD,1.46678,1.46698,1.46668,1.46682,1190.0
2024-02-28 01:15:00,FX:EURCAD,1.46682,1.46682,1.4665300000000001,1.46676,1172.0
2024-02-28 01:30:00,FX:EURCAD,1.46676,1.46688,1.46655,1.46682,962.0
2024-02-28 01:45:00,FX:EURCAD,1.46682,1.46705,1.46672,1.46692,1484.0
2024-02-28 02:00:00,FX:EURCAD,1.46692,1.46737,1.4668,1.4668,2136.0
2024-02-28 02:15:00,FX:EURCAD,1.4668,1.46695,1.46636,1.46652,2163.0
2024-02-28 02:30:00,FX:EURCAD,1.46652,1.46666,1.4661300000000002,1.46652,2384.0
2024-02-28 02:45:00,FX:EURCAD,1.46652,1.46695,1.46652,1.46686,2559.0
2024-02-28 03:00:00,FX:EURCAD,1.46686,1.46774,1.4667400000000002,1.4675200000000002,2762.0
2024-02-28 03:15:00,FX:EURCAD,1.4675200000000002,1.4681,1.4673,1.46788,2420.0
2024-02-28 03:30:00,FX:EURCAD,1.46788,1.46842,1.46757,1.46783,3109.0
2024-02-28 03:45:00,FX:EURCAD,1.46783,1.46783,1.46707,1.46715,2870.0
2024-02-28 04:00:00,FX:EURCAD,1.46715,1.46773,1.46693,1.4672500000000002,3129.0
2024-02-28 04:15:00,FX:EURCAD,1.4672500000000002,1.46729,1.46624,1.46696,3524.0
2024-02-28 04:30:00,FX:EURCAD,1.46696,1.4670100000000001,1.46636,1.46664,3447.0
2024-02-28 04:45:00,FX:EURCAD,1.46664,1.46754,1.46654,1.4674,3192.0
2024-02-28 05:00:00,FX:EURCAD,1.4674,1.46834,1.46732,1.46793,4478.0
2024-02-28 05:15:00,FX:EURCAD,1.46793,1.4690400000000001,1.46777,1.46855,3902.0
2024-02-28 05:30:00,FX:EURCAD,1.46855,1.46888,1.4681,1.46868,3021.0
2024-02-28 05:45:00,FX:EURCAD,1.46868,1.4689400000000001,1.46839,1.46859,2574.0
2024-02-28 06:00:00,FX:EURCAD,1.46859,1.46917,1.4684300000000001,1.4691400000000001,2062.0
2024-02-28 06:15:00,FX:EURCAD,1.4691400000000001,1.4691400000000001,1.4687000000000001,1.46879,2308.0
2024-02-28 06:30:00,FX:EURCAD,1.46879,1.46892,1.46824,1.46841,2437.0
2024-02-28 06:45:00,FX:EURCAD,1.46841,1.46872,1.46825,1.4684700000000002,2388.0
2024-02-28 07:00:00,FX:EURCAD,1.4684700000000002,1.46899,1.46825,1.4687700000000001,2402.0
2024-02-28 07:15:00,FX:EURCAD,1.4687700000000001,1.4693,1.46869,1.46906,2394.0
2024-02-28 07:30:00,FX:EURCAD,1.46906,1.46951,1.46873,1.4695,2214.0
2024-02-28 07:45:00,FX:EURCAD,1.4695,1.47064,1.4695,1.47042,3503.0
2024-02-28 08:00:00,FX:EURCAD,1.47042,1.47042,1.4686000000000001,1.46905,3938.0
2024-02-28 08:15:00,FX:EURCAD,1.46905,1.46905,1.46828,1.4686700000000001,3550.0
2024-02-28 08:30:00,FX:EURCAD,1.4686700000000001,1.4692800000000001,1.46804,1.4692800000000001,4987.0
2024-02-28 08:45:00,FX:EURCAD,1.4692800000000001,1.47061,1.46899,1.47025,6248.0
2024-02-28 09:00:00,FX:EURCAD,1.47025,1.4703000000000002,1.46893,1.46897,5326.0
2024-02-28 09:15:00,FX:EURCAD,1.46897,1.47011,1.46868,1.46984,3452.0
2024-02-28 09:30:00,FX:EURCAD,1.46984,1.46984,1.46854,1.46863,6067.0
2024-02-28 09:45:00,FX:EURCAD,1.46863,1.4695200000000002,1.46861,1.4690400000000001,3981.0
2024-02-28 10:00:00,FX:EURCAD,1.4690400000000001,1.46936,1.46865,1.46906,4139.0
2024-02-28 10:15:00,FX:EURCAD,1.46906,1.47024,1.46883,1.47007,3745.0
2024-02-28 10:30:00,FX:EURCAD,1.47007,1.4704000000000002,1.46946,1.4695200000000002,3144.0
2024-02-28 10:45:00,FX:EURCAD,1.4695200000000002,1.47004,1.46929,1.4696,2846.0
2024-02-28 11:00:00,FX:EURCAD,1.4696,1.47048,1.4694800000000001,1.47031,3500.0
2024-02-28 11:15:00,FX:EURCAD,1.47031,1.47107,1.47025,1.47086,2999.0
2024-02-28 11:30:00,FX:EURCAD,1.47086,1.4712800000000001,1.4707700000000001,1.4711,2763.0
2024-02-28 11:45:00,FX:EURCAD,1.4711,1.47159,1.47092,1.47144,2774.0
2024-02-28 12:00:00,FX:EURCAD,1.47144,1.4719200000000001,1.47129,1.4713100000000001,2719.0
2024-02-28 12:15:00,FX:EURCAD,1.4713100000000001,1.47144,1.47089,1.47099,1881.0
2024-02-28 12:30:00,FX:EURCAD,1.47099,1.4713500000000002,1.47076,1.47099,2497.0
2024-02-28 12:45:00,FX:EURCAD,1.47099,1.47167,1.47078,1.47078,1872.0
2024-02-28 13:00:00,FX:EURCAD,1.47078,1.47129,1.47072,1.47093,2081.0
2024-02-28 13:15:00,FX:EURCAD,1.47093,1.4712100000000001,1.47064,1.47078,1896.0
2024-02-28 13:30:00,FX:EURCAD,1.47078,1.47088,1.47034,1.47064,1690.0
2024-02-28 13:45:00,FX:EURCAD,1.47064,1.47071,1.47021,1.47055,1363.0
2024-02-28 14:00:00,FX:EURCAD,1.47055,1.4709,1.47048,1.4708400000000001,1890.0
2024-02-28 14:15:00,FX:EURCAD,1.4708400000000001,1.4710400000000001,1.47063,1.47098,1967.0
2024-02-28 14:30:00,FX:EURCAD,1.47098,1.47134,1.4709,1.47124,1888.0
2024-02-28 14:45:00,FX:EURCAD,1.47124,1.4714500000000001,1.47097,1.47107,1926.0
2024-02-28 15:00:00,FX:EURCAD,1.47107,1.47109,1.4705300000000001,1.4707400000000002,1819.0
2024-02-28 15:15:00,FX:EURCAD,1.4707400000000002,1.4711800000000002,1.4707400000000002,1.47105,1495.0
2024-02-28 15:30:00,FX:EURCAD,1.47105,1.47132,1.4709400000000001,1.4712800000000001,1781.0
2024-02-28 15:45:00,FX:EURCAD,1.4712800000000001,1.4713,1.47086,1.4710400000000001,1643.0
2024-02-28 16:00:00,FX:EURCAD,1.4710400000000001,1.47126,1.4709100000000002,1.4712,993.0
2024-02-28 16:15:00,FX:EURCAD,1.4712,1.47161,1.47116,1.47123,533.0
2024-02-28 16:30:00,FX:EURCAD,1.47123,1.4717200000000001,1.4711,1.4714500000000001,850.0
2024-02-28 16:45:00,FX:EURCAD,1.4714500000000001,1.4716,1.47093,1.47095,844.0
2024-02-28 17:00:00,FX:EURCAD,1.47095,1.4710800000000002,1.47056,1.47107,342.0
2024-02-28 17:15:00,FX:EURCAD,1.47107,1.47129,1.47098,1.47109,373.0
2024-02-28 17:30:00,FX:EURCAD,1.47109,1.47158,1.47102,1.47136,1082.0
2024-02-28 17:45:00,FX:EURCAD,1.47136,1.47156,1.4713100000000001,1.4714,902.0
2024-02-28 18:00:00,FX:EURCAD,1.4714,1.47157,1.47115,1.47154,1031.0
2024-02-28 18:15:00,FX:EURCAD,1.47154,1.4715500000000001,1.47133,1.47142,591.0
2024-02-28 18:30:00,FX:EURCAD,1.47142,1.47143,1.47123,1.47136,228.0
2024-02-28 18:45:00,FX:EURCAD,1.47136,1.47151,1.4712,1.47151,340.0
2024-02-28 19:00:00,FX:EURCAD,1.47151,1.47185,1.47144,1.47177,829.0
2024-02-28 19:15:00,FX:EURCAD,1.47177,1.47188,1.4716200000000002,1.47167,839.0
2024-02-28 19:30:00,FX:EURCAD,1.47167,1.4718,1.47158,1.47167,994.0
2024-02-28 19:45:00,FX:EURCAD,1.47167,1.47205,1.4716500000000001,1.4718200000000001,1930.0
2024-02-28 20:00:00,FX:EURCAD,1.4718200000000001,1.4718200000000001,1.47151,1.4716500000000001,1649.0
2024-02-28 20:15:00,FX:EURCAD,1.4716500000000001,1.47187,1.47153,1.47177,1466.0
2024-02-28 20:30:00,FX:EURCAD,1.47177,1.4719,1.4714,1.4716,1836.0
2024-02-28 20:45:00,FX:EURCAD,1.4716,1.4716,1.47056,1.4705700000000002,2590.0
2024-02-28 21:00:00,FX:EURCAD,1.4705700000000002,1.47073,1.4703300000000001,1.47064,2341.0
2024-02-28 21:15:00,FX:EURCAD,1.47064,1.47082,1.47044,1.47059,1918.0
2024-02-28 21:30:00,FX:EURCAD,1.47059,1.47063,1.47035,1.4705000000000001,1778.0
2024-02-28 21:45:00,FX:EURCAD,1.4705000000000001,1.4707000000000001,1.47032,1.47061,1810.0
2024-02-28 22:00:00,FX:EURCAD,1.47061,1.47066,1.47032,1.4706000000000001,1745.0
2024-02-28 22:15:00,FX:EURCAD,1.4706000000000001,1.47068,1.47041,1.47054,1208.0
2024-02-28 22:30:00,FX:EURCAD,1.47054,1.47059,1.4702,1.47028,1221.0
2024-02-28 22:45:00,FX:EURCAD,1.47028,1.47065,1.47027,1.4706000000000001,881.0
2024-02-28 23:00:00,FX:EURCAD,1.4706000000000001,1.47076,1.47045,1.4706700000000001,938.0
2024-02-28 23:15:00,FX:EURCAD,1.4706700000000001,1.47069,1.47045,1.47058,963.0
2024-02-28 23:30:00,FX:EURCAD,1.47058,1.47065,1.4703000000000002,1.47042,1301.0
2024-02-28 23:45:00,FX:EURCAD,1.47042,1.47054,1.47027,1.47049,1219.0
2024-02-29 00:00:00,FX:EURCAD,1.47049,1.47058,1.47012,1.47017,1506.0
2024-02-29 00:15:00,FX:EURCAD,1.47017,1.47042,1.47011,1.47032,1581.0
2024-02-29 00:30:00,FX:EURCAD,1.47032,1.47069,1.4703000000000002,1.47049,1604.0
2024-02-29 00:45:00,FX:EURCAD,1.47049,1.47081,1.47039,1.47072,1596.0
2024-02-29 01:00:00,FX:EURCAD,1.47072,1.47079,1.47045,1.47061,1578.0
2024-02-29 01:15:00,FX:EURCAD,1.47061,1.47081,1.47048,1.47052,1033.0
2024-02-29 01:30:00,FX:EURCAD,1.47052,1.47081,1.47047,1.47056,906.0
2024-02-29 01:45:00,FX:EURCAD,1.47056,1.47061,1.47012,1.47044,1493.0
2024-02-29 02:00:00,FX:EURCAD,1.47044,1.47086,1.4702300000000001,1.4708,2349.0
2024-02-29 02:15:00,FX:EURCAD,1.4708,1.4708400000000001,1.47038,1.47066,2404.0
2024-02-29 02:30:00,FX:EURCAD,1.47066,1.47122,1.47058,1.47119,2969.0
2024-02-29 02:45:00,FX:EURCAD,1.47119,1.4716,1.4697,1.4700900000000001,4659.0
2024-02-29 03:00:00,FX:EURCAD,1.4700900000000001,1.47252,1.4700600000000001,1.4725000000000001,4987.0
2024-02-29 03:15:00,FX:EURCAD,1.4725000000000001,1.4727000000000001,1.47205,1.4726000000000001,4050.0
2024-02-29 03:30:00,FX:EURCAD,1.4726000000000001,1.47295,1.47242,1.4729100000000002,3129.0
2024-02-29 03:45:00,FX:EURCAD,1.4729100000000002,1.47313,1.4711800000000002,1.47161,3623.0
2024-02-29 04:00:00,FX:EURCAD,1.47161,1.47368,1.4716,1.4733500000000002,5159.0
2024-02-29 04:15:00,FX:EURCAD,1.4733500000000002,1.47376,1.47317,1.47334,3348.0
2024-02-29 04:30:00,FX:EURCAD,1.47334,1.47337,1.47276,1.4732100000000001,2596.0
2024-02-29 04:45:00,FX:EURCAD,1.4732100000000001,1.47401,1.4732100000000001,1.4739600000000002,3112.0
2024-02-29 05:00:00,FX:EURCAD,1.4739600000000002,1.47464,1.47395,1.47458,3010.0
2024-02-29 05:15:00,FX:EURCAD,1.47458,1.4747700000000001,1.47404,1.47411,2105.0
2024-02-29 05:30:00,FX:EURCAD,1.47411,1.47432,1.47346,1.47363,2672.0
2024-02-29 05:45:00,FX:EURCAD,1.47363,1.4737500000000001,1.47282,1.47293,2762.0
2024-02-29 06:00:00,FX:EURCAD,1.47293,1.4730100000000002,1.47251,1.4725700000000002,2621.0
2024-02-29 06:15:00,FX:EURCAD,1.4725700000000002,1.47334,1.47235,1.47235,2679.0
2024-02-29 06:30:00,FX:EURCAD,1.47235,1.4726000000000001,1.4715200000000002,1.4716,2829.0
2024-02-29 06:45:00,FX:EURCAD,1.4716,1.4722,1.4714,1.4716,3307.0
2024-02-29 07:00:00,FX:EURCAD,1.4716,1.4718900000000001,1.47105,1.4712800000000001,2743.0
2024-02-29 07:15:00,FX:EURCAD,1.4712800000000001,1.47201,1.47125,1.47159,2828.0
2024-02-29 07:30:00,FX:EURCAD,1.47159,1.47225,1.47157,1.47195,2623.0
2024-02-29 07:45:00,FX:EURCAD,1.47195,1.47214,1.4715500000000001,1.47184,2189.0
2024-02-29 08:00:00,FX:EURCAD,1.47184,1.47193,1.47109,1.47188,4083.0
2024-02-29 08:15:00,FX:EURCAD,1.47188,1.4722600000000001,1.47158,1.47173,3582.0
2024-02-29 08:30:00,FX:EURCAD,1.47173,1.47247,1.47029,1.47066,11553.0
2024-02-29 08:45:00,FX:EURCAD,1.47066,1.4706700000000001,1.46919,1.4701,7287.0
2024-02-29 09:00:00,FX:EURCAD,1.4701,1.47065,1.46967,1.47056,5670.0
2024-02-29 09:15:00,FX:EURCAD,1.47056,1.47107,1.47001,1.47045,5080.0
2024-02-29 09:30:00,FX:EURCAD,1.47045,1.47086,1.47007,1.47028,4762.0
2024-02-29 09:45:00,FX:EURCAD,1.47028,1.47066,1.4693500000000002,1.46936,4906.0
2024-02-29 10:00:00,FX:EURCAD,1.46936,1.47054,1.46902,1.46939,7344.0
2024-02-29 10:15:00,FX:EURCAD,1.46939,1.46967,1.4688,1.46889,5615.0
2024-02-29 10:30:00,FX:EURCAD,1.46889,1.46903,1.4676900000000002,1.4678,5948.0
2024-02-29 10:45:00,FX:EURCAD,1.4678,1.46802,1.46676,1.4678,9146.0
2024-02-29 11:00:00,FX:EURCAD,1.4678,1.46822,1.46695,1.46697,8035.0
2024-02-29 11:15:00,FX:EURCAD,1.46697,1.46713,1.46611,1.46695,5387.0
2024-02-29 11:30:00,FX:EURCAD,1.46695,1.46713,1.4659200000000001,1.46608,4859.0
2024-02-29 11:45:00,FX:EURCAD,1.46608,1.46665,1.46591,1.46612,5205.0
2024-02-29 12:00:00,FX:EURCAD,1.46612,1.46662,1.46561,1.46654,4869.0
2024-02-29 12:15:00,FX:EURCAD,1.46654,1.4668,1.4657200000000001,1.4668,3764.0
2024-02-29 12:30:00,FX:EURCAD,1.4668,1.4669,1.4662300000000001,1.46656,3303.0
2024-02-29 12:45:00,FX:EURCAD,1.46656,1.46656,1.46615,1.46634,3533.0
2024-02-29 13:00:00,FX:EURCAD,1.46634,1.4665700000000002,1.46604,1.4663300000000001,3064.0
2024-02-29 13:15:00,FX:EURCAD,1.4663300000000001,1.46689,1.46632,1.46676,2853.0
2024-02-29 13:30:00,FX:EURCAD,1.46676,1.46696,1.46649,1.46673,2423.0
2024-02-29 13:45:00,FX:EURCAD,1.46673,1.46707,1.46656,1.46681,3379.0
2024-02-29 14:00:00,FX:EURCAD,1.46681,1.4669400000000001,1.46659,1.46661,2866.0
2024-02-29 14:15:00,FX:EURCAD,1.46661,1.46703,1.46659,1.46675,2641.0
2024-02-29 14:30:00,FX:EURCAD,1.46675,1.4668,1.46624,1.46625,2642.0
2024-02-29 14:45:00,FX:EURCAD,1.46625,1.4668700000000001,1.4662,1.46651,2942.0
2024-02-29 15:00:00,FX:EURCAD,1.46651,1.46693,1.46644,1.46656,2510.0
2024-02-29 15:15:00,FX:EURCAD,1.46656,1.4670100000000001,1.46652,1.46682,1791.0
2024-02-29 15:30:00,FX:EURCAD,1.46682,1.4671,1.46665,1.4667700000000001,2467.0
2024-02-29 15:45:00,FX:EURCAD,1.4667700000000001,1.4668400000000001,1.46628,1.46678,3202.0
2024-02-29 16:00:00,FX:EURCAD,1.46678,1.46705,1.46652,1.467,1976.0
2024-02-29 16:15:00,FX:EURCAD,1.467,1.46705,1.46665,1.4669100000000002,1064.0
2024-02-29 16:30:00,FX:EURCAD,1.4669100000000002,1.46724,1.4669100000000002,1.46722,858.0
2024-02-29 16:45:00,FX:EURCAD,1.46722,1.46746,1.46638,1.4664000000000001,1349.0
2024-02-29 17:00:00,FX:EURCAD,1.4664000000000001,1.46672,1.46564,1.4666700000000001,622.0
2024-02-29 17:15:00,FX:EURCAD,1.4666700000000001,1.4671800000000002,1.46615,1.4671800000000002,955.0
2024-02-29 17:30:00,FX:EURCAD,1.4671800000000002,1.4672500000000002,1.46648,1.4667700000000001,3127.0
2024-02-29 17:45:00,FX:EURCAD,1.4667700000000001,1.4671100000000001,1.46636,1.4669400000000001,3839.0
2024-02-29 18:00:00,FX:EURCAD,1.4669400000000001,1.46706,1.4666700000000001,1.4667700000000001,549.0
2024-02-29 18:15:00,FX:EURCAD,1.4667700000000001,1.4670400000000001,1.46675,1.46699,396.0
2024-02-29 18:30:00,FX:EURCAD,1.46699,1.4672500000000002,1.46698,1.46713,568.0
2024-02-29 18:45:00,FX:EURCAD,1.46713,1.4671800000000002,1.4660600000000001,1.46611,1256.0
2024-02-29 19:00:00,FX:EURCAD,1.46611,1.46679,1.4658900000000001,1.46679,1533.0
2024-02-29 19:15:00,FX:EURCAD,1.46679,1.4670400000000001,1.4667700000000001,1.46693,541.0
2024-02-29 19:30:00,FX:EURCAD,1.46693,1.4671800000000002,1.46683,1.46688,841.0
2024-02-29 19:45:00,FX:EURCAD,1.46688,1.46756,1.4668700000000001,1.46743,1024.0
2024-02-29 20:00:00,FX:EURCAD,1.46743,1.4676900000000002,1.46733,1.46756,2150.0
2024-02-29 20:15:00,FX:EURCAD,1.46756,1.46773,1.46743,1.46754,1678.0
2024-02-29 20:30:00,FX:EURCAD,1.46754,1.46756,1.4672,1.46737,1389.0
2024-02-29 20:45:00,FX:EURCAD,1.46737,1.46797,1.4673,1.46797,1577.0
2024-02-29 21:00:00,FX:EURCAD,1.46797,1.46811,1.46784,1.46785,1497.0
2024-02-29 21:15:00,FX:EURCAD,1.46785,1.46785,1.4675200000000002,1.4676,1439.0
2024-02-29 21:30:00,FX:EURCAD,1.4676,1.46764,1.46739,1.4676,1243.0
2024-02-29 21:45:00,FX:EURCAD,1.4676,1.46764,1.4671100000000001,1.46733,1051.0
2024-02-29 22:00:00,FX:EURCAD,1.46733,1.4674800000000001,1.4672500000000002,1.46727,1010.0
2024-02-29 22:15:00,FX:EURCAD,1.46727,1.46743,1.46722,1.46729,900.0
2024-02-29 22:30:00,FX:EURCAD,1.46729,1.4673,1.46699,1.46706,638.0
2024-02-29 22:45:00,FX:EURCAD,1.46706,1.46719,1.4670100000000001,1.4671,577.0
2024-02-29 23:00:00,FX:EURCAD,1.4671,1.46715,1.46697,1.4671100000000001,559.0
2024-02-29 23:15:00,FX:EURCAD,1.4671100000000001,1.46714,1.46699,1.4670400000000001,671.0
2024-02-29 23:30:00,FX:EURCAD,1.4670400000000001,1.46744,1.4670100000000001,1.4673,677.0
2024-02-29 23:45:00,FX:EURCAD,1.4673,1.4673800000000001,1.4670800000000002,1.4673800000000001,524.0
2024-03-01 00:00:00,FX:EURCAD,1.4673800000000001,1.46744,1.4672,1.4673100000000001,849.0
2024-03-01 00:15:00,FX:EURCAD,1.4673100000000001,1.4673800000000001,1.46716,1.4672500000000002,745.0
2024-03-01 00:30:00,FX:EURCAD,1.4672500000000002,1.46741,1.46716,1.46733,758.0
2024-03-01 00:45:00,FX:EURCAD,1.46733,1.46733,1.4671100000000001,1.46719,816.0
2024-03-01 01:00:00,FX:EURCAD,1.46719,1.46732,1.46705,1.46713,955.0
2024-03-01 01:15:00,FX:EURCAD,1.46713,1.46729,1.46707,1.46716,1105.0
2024-03-01 01:30:00,FX:EURCAD,1.46716,1.4672800000000001,1.46683,1.46683,933.0
2024-03-01 01:45:00,FX:EURCAD,1.46683,1.46697,1.46664,1.4668400000000001,1231.0
2024-03-01 02:00:00,FX:EURCAD,1.4668400000000001,1.4675200000000002,1.4667400000000002,1.4673800000000001,2663.0
2024-03-01 02:15:00,FX:EURCAD,1.4673800000000001,1.46773,1.46729,1.46758,1901.0
2024-03-01 02:30:00,FX:EURCAD,1.46758,1.46778,1.4669,1.4670100000000001,2479.0
2024-03-01 02:45:00,FX:EURCAD,1.4670100000000001,1.46832,1.4670100000000001,1.46824,1681.0
2024-03-01 03:00:00,FX:EURCAD,1.46824,1.47007,1.4679900000000001,1.46964,3159.0
2024-03-01 03:15:00,FX:EURCAD,1.46964,1.47001,1.46927,1.46986,2340.0
2024-03-01 03:30:00,FX:EURCAD,1.46986,1.46997,1.4690100000000001,1.4693100000000001,2609.0
2024-03-01 03:45:00,FX:EURCAD,1.4693100000000001,1.4695200000000002,1.46892,1.46916,2861.0
2024-03-01 04:00:00,FX:EURCAD,1.46916,1.46924,1.4679,1.46841,3147.0
2024-03-01 04:15:00,FX:EURCAD,1.46841,1.46846,1.4677900000000002,1.46798,2913.0
2024-03-01 04:30:00,FX:EURCAD,1.46798,1.46812,1.46753,1.4679900000000001,2522.0
2024-03-01 04:45:00,FX:EURCAD,1.4679900000000001,1.46849,1.46797,1.46828,2172.0
2024-03-01 05:00:00,FX:EURCAD,1.46828,1.46925,1.46641,1.46651,4319.0
2024-03-01 05:15:00,FX:EURCAD,1.46651,1.46709,1.4663300000000001,1.4668,3745.0
2024-03-01 05:30:00,FX:EURCAD,1.4668,1.46741,1.46635,1.46736,2552.0
2024-03-01 05:45:00,FX:EURCAD,1.46736,1.4677900000000002,1.4673500000000002,1.46771,2392.0
2024-03-01 06:00:00,FX:EURCAD,1.46771,1.46835,1.46768,1.4680600000000001,2363.0
2024-03-01 06:15:00,FX:EURCAD,1.4680600000000001,1.46822,1.46777,1.46788,1980.0
2024-03-01 06:30:00,FX:EURCAD,1.46788,1.46834,1.46776,1.46802,1999.0
2024-03-01 06:45:00,FX:EURCAD,1.46802,1.46861,1.4679200000000001,1.4685700000000002,1946.0
2024-03-01 07:00:00,FX:EURCAD,1.4685700000000002,1.4693100000000001,1.46851,1.46899,2156.0
2024-03-01 07:15:00,FX:EURCAD,1.46899,1.46943,1.4688,1.4692100000000001,1948.0
2024-03-01 07:30:00,FX:EURCAD,1.4692100000000001,1.46922,1.46869,1.46882,2504.0
2024-03-01 07:45:00,FX:EURCAD,1.46882,1.46888,1.4680600000000001,1.46824,2661.0
2024-03-01 08:00:00,FX:EURCAD,1.46824,1.46844,1.46767,1.46791,3770.0
2024-03-01 08:15:00,FX:EURCAD,1.46791,1.46801,1.4674500000000001,1.46794,3989.0
2024-03-01 08:30:00,FX:EURCAD,1.46794,1.46836,1.46741,1.4679200000000001,5019.0
2024-03-01 08:45:00,FX:EURCAD,1.4679200000000001,1.46899,1.4679200000000001,1.4689400000000001,2923.0
2024-03-01 09:00:00,FX:EURCAD,1.4689400000000001,1.4698200000000001,1.4687700000000001,1.46978,3029.0
2024-03-01 09:15:00,FX:EURCAD,1.46978,1.47011,1.46941,1.46967,3175.0
2024-03-01 09:30:00,FX:EURCAD,1.46967,1.47004,1.4687700000000001,1.46897,4266.0
2024-03-01 09:45:00,FX:EURCAD,1.46897,1.4691,1.468,1.46817,4598.0
2024-03-01 10:00:00,FX:EURCAD,1.46817,1.47011,1.46754,1.4696500000000001,12350.0
2024-03-01 10:15:00,FX:EURCAD,1.4696500000000001,1.47037,1.4695200000000002,1.4701,8353.0
2024-03-01 10:30:00,FX:EURCAD,1.4701,1.4702600000000001,1.46829,1.4689,8149.0
2024-03-01 10:45:00,FX:EURCAD,1.4689,1.46895,1.46812,1.46829,5407.0
2024-03-01 11:00:00,FX:EURCAD,1.46829,1.4685300000000001,1.46764,1.46781,3543.0
2024-03-01 11:15:00,FX:EURCAD,1.46781,1.46784,1.4670400000000001,1.4677900000000002,2545.0
2024-03-01 11:30:00,FX:EURCAD,1.4677900000000002,1.46821,1.46757,1.46803,3249.0
2024-03-01 11:45:00,FX:EURCAD,1.46803,1.4685700000000002,1.4677200000000001,1.46812,3051.0
2024-03-01 12:00:00,FX:EURCAD,1.46812,1.46871,1.46771,1.46829,2886.0
2024-03-01 12:15:00,FX:EURCAD,1.46829,1.46848,1.4677,1.4678200000000001,1798.0
2024-03-01 12:30:00,FX:EURCAD,1.4678200000000001,1.46852,1.46775,1.4683300000000001,2354.0
2024-03-01 12:45:00,FX:EURCAD,1.4683300000000001,1.46886,1.46811,1.46885,2182.0
2024-03-01 13:00:00,FX:EURCAD,1.46885,1.46957,1.46863,1.46941,2635.0
2024-03-01 13:15:00,FX:EURCAD,1.46941,1.4694800000000001,1.4687700000000001,1.46924,2337.0
2024-03-01 13:30:00,FX:EURCAD,1.46924,1.46961,1.46913,1.4694800000000001,1949.0
2024-03-01 13:45:00,FX:EURCAD,1.4694800000000001,1.46988,1.46941,1.46949,1809.0
2024-03-01 14:00:00,FX:EURCAD,1.46949,1.46964,1.46917,1.4693,2556.0
2024-03-01 14:15:00,FX:EURCAD,1.4693,1.46964,1.46917,1.4695200000000002,2411.0
2024-03-01 14:30:00,FX:EURCAD,1.4695200000000002,1.46983,1.46946,1.4697,2289.0
2024-03-01 14:45:00,FX:EURCAD,1.4697,1.47003,1.46942,1.46991,1693.0
2024-03-01 15:00:00,FX:EURCAD,1.46991,1.47005,1.4692,1.46933,1869.0
2024-03-01 15:15:00,FX:EURCAD,1.46933,1.4695200000000002,1.4692100000000001,1.4694,1225.0
2024-03-01 15:30:00,FX:EURCAD,1.4694,1.46946,1.46919,1.4693500000000002,1417.0
2024-03-01 15:45:00,FX:EURCAD,1.4693500000000002,1.4695200000000002,1.46917,1.4693100000000001,1807.0
2024-03-01 16:00:00,FX:EURCAD,1.4693100000000001,1.46933,1.4690400000000001,1.4691,986.0
2024-03-01 16:15:00,FX:EURCAD,1.4691,1.46944,1.4688400000000001,1.46934,1033.0
2024-03-01 16:30:00,FX:EURCAD,1.46934,1.4698900000000001,1.46926,1.46954,1621.0
2024-03-01 16:45:00,FX:EURCAD,1.46954,1.46973,1.4693500000000002,1.46949,969.0
2024-03-03 17:00:00,FX:EURCAD,1.46829,1.46888,1.46818,1.46883,156.0
2024-03-03 17:15:00,FX:EURCAD,1.46883,1.4691800000000002,1.46852,1.46889,768.0
2024-03-03 17:30:00,FX:EURCAD,1.46889,1.4692100000000001,1.46881,1.46903,1173.0
2024-03-03 17:45:00,FX:EURCAD,1.46903,1.46959,1.4687700000000001,1.4690800000000002,1883.0
2024-03-03 18:00:00,FX:EURCAD,1.4690800000000002,1.46973,1.46907,1.46953,1368.0
2024-03-03 18:15:00,FX:EURCAD,1.46953,1.4698200000000001,1.46953,1.46959,619.0
2024-03-03 18:30:00,FX:EURCAD,1.46959,1.4696900000000002,1.46942,1.46966,601.0
2024-03-03 18:45:00,FX:EURCAD,1.46966,1.46966,1.46913,1.46919,386.0
2024-03-03 19:00:00,FX:EURCAD,1.46919,1.46954,1.46905,1.4694,923.0
2024-03-03 19:15:00,FX:EURCAD,1.4694,1.4694500000000001,1.4691100000000001,1.46915,960.0
2024-03-03 19:30:00,FX:EURCAD,1.46915,1.46949,1.46909,1.46949,953.0
2024-03-03 19:45:00,FX:EURCAD,1.46949,1.4696,1.4693800000000001,1.4694500000000001,928.0
2024-03-03 20:00:00,FX:EURCAD,1.4694500000000001,1.4698200000000001,1.46936,1.46978,1616.0
2024-03-03 20:15:00,FX:EURCAD,1.46978,1.47025,1.46971,1.47007,1269.0
2024-03-03 20:30:00,FX:EURCAD,1.47007,1.47024,1.46991,1.46997,1193.0
2024-03-03 20:45:00,FX:EURCAD,1.46997,1.47017,1.46994,1.47008,1383.0
2024-03-03 21:00:00,FX:EURCAD,1.47008,1.47047,1.47003,1.47044,1131.0
2024-03-03 21:15:00,FX:EURCAD,1.47044,1.47062,1.47038,1.47039,786.0
2024-03-03 21:30:00,FX:EURCAD,1.47039,1.47062,1.47031,1.47035,1163.0
2024-03-03 21:45:00,FX:EURCAD,1.47035,1.4705700000000002,1.47025,1.47055,1468.0
2024-03-03 22:00:00,FX:EURCAD,1.47055,1.47066,1.47024,1.47027,1437.0
2024-03-03 22:15:00,FX:EURCAD,1.47027,1.4704300000000001,1.47008,1.47024,1197.0
2024-03-03 22:30:00,FX:EURCAD,1.47024,1.47044,1.47015,1.4703300000000001,1154.0
2024-03-03 22:45:00,FX:EURCAD,1.4703300000000001,1.4704000000000002,1.4702600000000001,1.47034,595.0
2024-03-03 23:00:00,FX:EURCAD,1.47034,1.47056,1.4703000000000002,1.47054,990.0
2024-03-03 23:15:00,FX:EURCAD,1.47054,1.47061,1.47046,1.47046,429.0
2024-03-03 23:30:00,FX:EURCAD,1.47046,1.4706700000000001,1.47044,1.47054,1167.0
2024-03-03 23:45:00,FX:EURCAD,1.47054,1.47072,1.47047,1.47056,879.0
2024-03-04 00:00:00,FX:EURCAD,1.47056,1.47102,1.47055,1.4709100000000002,937.0
2024-03-04 00:15:00,FX:EURCAD,1.4709100000000002,1.47112,1.4709,1.4710100000000002,656.0
2024-03-04 00:30:00,FX:EURCAD,1.4710100000000002,1.4711,1.4708400000000001,1.47086,840.0
2024-03-04 00:45:00,FX:EURCAD,1.47086,1.4710400000000001,1.47082,1.47092,757.0
2024-03-04 01:00:00,FX:EURCAD,1.47092,1.4710800000000002,1.47085,1.47088,864.0
2024-03-04 01:15:00,FX:EURCAD,1.47088,1.47112,1.47082,1.47092,1036.0
2024-03-04 01:30:00,FX:EURCAD,1.47092,1.47127,1.4709100000000002,1.47116,1311.0
2024-03-04 01:45:00,FX:EURCAD,1.47116,1.47132,1.47102,1.47106,860.0
2024-03-04 02:00:00,FX:EURCAD,1.47106,1.4717500000000001,1.471,1.47174,2317.0
2024-03-04 02:15:00,FX:EURCAD,1.47174,1.47178,1.47134,1.47149,1449.0
2024-03-04 02:30:00,FX:EURCAD,1.47149,1.47159,1.47105,1.47136,2746.0
2024-03-04 02:45:00,FX:EURCAD,1.47136,1.47156,1.47112,1.4714500000000001,2459.0
2024-03-04 03:00:00,FX:EURCAD,1.4714500000000001,1.47218,1.47144,1.4716200000000002,3374.0
2024-03-04 03:15:00,FX:EURCAD,1.4716200000000002,1.47181,1.47044,1.47076,3369.0
2024-03-04 03:30:00,FX:EURCAD,1.47076,1.4712100000000001,1.47025,1.47081,3050.0
2024-03-04 03:45:00,FX:EURCAD,1.47081,1.47193,1.47078,1.4717500000000001,3289.0
2024-03-04 04:00:00,FX:EURCAD,1.4717500000000001,1.4717900000000002,1.47133,1.4716,3001.0
2024-03-04 04:15:00,FX:EURCAD,1.4716,1.47166,1.47103,1.47113,3202.0
2024-03-04 04:30:00,FX:EURCAD,1.47113,1.47168,1.47099,1.4712800000000001,3162.0
2024-03-04 04:45:00,FX:EURCAD,1.4712800000000001,1.4717200000000001,1.47122,1.47134,2797.0
2024-03-04 05:00:00,FX:EURCAD,1.47134,1.47153,1.4709,1.47147,3042.0
2024-03-04 05:15:00,FX:EURCAD,1.47147,1.47176,1.47134,1.47173,2404.0
2024-03-04 05:30:00,FX:EURCAD,1.47173,1.47187,1.4714800000000001,1.47184,2391.0
2024-03-04 05:45:00,FX:EURCAD,1.47184,1.4721600000000001,1.47154,1.47166,2283.0
2024-03-04 06:00:00,FX:EURCAD,1.47166,1.47211,1.47159,1.47201,2203.0
2024-03-04 06:15:00,FX:EURCAD,1.47201,1.47235,1.47193,1.47208,2068.0
2024-03-04 06:30:00,FX:EURCAD,1.47208,1.47245,1.4719600000000002,1.4723300000000001,2003.0
2024-03-04 06:45:00,FX:EURCAD,1.4723300000000001,1.4726000000000001,1.4722,1.47256,2035.0
2024-03-04 07:00:00,FX:EURCAD,1.47256,1.47282,1.4720900000000001,1.47215,2011.0
2024-03-04 07:15:00,FX:EURCAD,1.47215,1.4726700000000001,1.47215,1.4725300000000001,2393.0
2024-03-04 07:30:00,FX:EURCAD,1.4725300000000001,1.47266,1.47221,1.47229,2489.0
2024-03-04 07:45:00,FX:EURCAD,1.47229,1.47248,1.471,1.4714,3195.0
2024-03-04 08:00:00,FX:EURCAD,1.4714,1.47222,1.4714,1.47212,3171.0
2024-03-04 08:15:00,FX:EURCAD,1.47212,1.47266,1.47185,1.4725700000000002,3412.0
2024-03-04 08:30:00,FX:EURCAD,1.4725700000000002,1.47347,1.4725700000000002,1.47275,4401.0
2024-03-04 08:45:00,FX:EURCAD,1.47275,1.4728400000000001,1.4715500000000001,1.47177,3746.0
2024-03-04 09:00:00,FX:EURCAD,1.47177,1.4720600000000001,1.47143,1.47159,3745.0
2024-03-04 09:15:00,FX:EURCAD,1.47159,1.4719900000000001,1.4713800000000001,1.47164,3535.0
2024-03-04 09:30:00,FX:EURCAD,1.47164,1.47264,1.4714,1.4725000000000001,5400.0
2024-03-04 09:45:00,FX:EURCAD,1.4725000000000001,1.47349,1.4723600000000001,1.47308,4529.0
2024-03-04 10:00:00,FX:EURCAD,1.47308,1.47414,1.47308,1.4741,5414.0
2024-03-04 10:15:00,FX:EURCAD,1.4741,1.47466,1.47376,1.4739,4008.0
2024-03-04 10:30:00,FX:EURCAD,1.4739,1.47398,1.4733100000000001,1.47393,3774.0
2024-03-04 10:45:00,FX:EURCAD,1.47393,1.47415,1.47303,1.4731800000000002,4340.0
2024-03-04 11:00:00,FX:EURCAD,1.4731800000000002,1.4735,1.47302,1.47319,4556.0
2024-03-04 11:15:00,FX:EURCAD,1.47319,1.47325,1.47256,1.47285,4058.0
2024-03-04 11:30:00,FX:EURCAD,1.47285,1.4728700000000001,1.47239,1.47285,2899.0
2024-03-04 11:45:00,FX:EURCAD,1.47285,1.47343,1.4727000000000001,1.47337,2877.0
2024-03-04 12:00:00,FX:EURCAD,1.47337,1.47339,1.47283,1.47313,3071.0
2024-03-04 12:15:00,FX:EURCAD,1.47313,1.4735200000000002,1.47303,1.47327,2619.0
2024-03-04 12:30:00,FX:EURCAD,1.47327,1.4735,1.47293,1.47319,2370.0
2024-03-04 12:45:00,FX:EURCAD,1.47319,1.4735800000000001,1.47305,1.47351,2927.0
2024-03-04 13:00:00,FX:EURCAD,1.47351,1.4739900000000001,1.47305,1.4739600000000002,2406.0
2024-03-04 13:15:00,FX:EURCAD,1.4739600000000002,1.47424,1.47374,1.47401,1928.0
2024-03-04 13:30:00,FX:EURCAD,1.47401,1.47421,1.47377,1.47411,1840.0
2024-03-04 13:45:00,FX:EURCAD,1.47411,1.4741900000000001,1.4738200000000001,1.47401,1857.0
2024-03-04 14:00:00,FX:EURCAD,1.47401,1.47427,1.4739600000000002,1.47405,1849.0
2024-03-04 14:15:00,FX:EURCAD,1.47405,1.47447,1.4739900000000001,1.47434,1990.0
2024-03-04 14:30:00,FX:EURCAD,1.47434,1.47438,1.47386,1.47403,1989.0
2024-03-04 14:45:00,FX:EURCAD,1.47403,1.47427,1.4739,1.4742600000000001,2386.0
2024-03-04 15:00:00,FX:EURCAD,1.4742600000000001,1.47432,1.47384,1.47385,1717.0
2024-03-04 15:15:00,FX:EURCAD,1.47385,1.47425,1.4737900000000002,1.4742300000000002,1279.0
2024-03-04 15:30:00,FX:EURCAD,1.4742300000000002,1.47437,1.47404,1.47425,1937.0
2024-03-04 15:45:00,FX:EURCAD,1.47425,1.47438,1.47371,1.4737200000000001,2901.0
2024-03-04 16:00:00,FX:EURCAD,1.4737200000000001,1.4739600000000002,1.47361,1.4737500000000001,1640.0
2024-03-04 16:15:00,FX:EURCAD,1.4737500000000001,1.4740600000000001,1.4735200000000002,1.47357,957.0
2024-03-04 16:30:00,FX:EURCAD,1.47357,1.47374,1.47349,1.47367,702.0
2024-03-04 16:45:00,FX:EURCAD,1.47367,1.47367,1.47295,1.47298,1336.0
2024-03-04 17:00:00,FX:EURCAD,1.47298,1.47361,1.47271,1.47343,551.0
2024-03-04 17:15:00,FX:EURCAD,1.47343,1.47374,1.4729700000000001,1.47353,4065.0
2024-03-04 17:30:00,FX:EURCAD,1.47353,1.4737200000000001,1.473,1.47351,6811.0
2024-03-04 17:45:00,FX:EURCAD,1.47351,1.47367,1.47299,1.4731,1350.0
2024-03-04 18:00:00,FX:EURCAD,1.4731,1.47383,1.47309,1.47377,377.0
2024-03-04 18:15:00,FX:EURCAD,1.47377,1.47377,1.47349,1.4736,346.0
2024-03-04 18:30:00,FX:EURCAD,1.4736,1.47364,1.47337,1.47342,336.0
2024-03-04 18:45:00,FX:EURCAD,1.47342,1.4736200000000002,1.4733100000000001,1.4734800000000001,284.0
2024-03-04 19:00:00,FX:EURCAD,1.4734800000000001,1.47364,1.47341,1.47346,618.0
2024-03-04 19:15:00,FX:EURCAD,1.47346,1.47347,1.4732100000000001,1.4733100000000001,711.0
2024-03-04 19:30:00,FX:EURCAD,1.4733100000000001,1.47337,1.47309,1.47317,509.0
2024-03-04 19:45:00,FX:EURCAD,1.47317,1.4735200000000002,1.47317,1.4734800000000001,1074.0
2024-03-04 20:00:00,FX:EURCAD,1.4734800000000001,1.47353,1.47323,1.47325,1328.0
2024-03-04 20:15:00,FX:EURCAD,1.47325,1.4733800000000001,1.47313,1.47333,964.0
2024-03-04 20:30:00,FX:EURCAD,1.47333,1.47337,1.47302,1.4731100000000001,1042.0
2024-03-04 20:45:00,FX:EURCAD,1.4731100000000001,1.4731100000000001,1.4725000000000001,1.47252,1110.0
2024-03-04 21:00:00,FX:EURCAD,1.47252,1.47299,1.4724000000000002,1.4729,1459.0
2024-03-04 21:15:00,FX:EURCAD,1.4729,1.4732100000000001,1.47282,1.4732,959.0
2024-03-04 21:30:00,FX:EURCAD,1.4732,1.47376,1.47308,1.4736500000000001,1122.0
2024-03-04 21:45:00,FX:EURCAD,1.4736500000000001,1.47385,1.47337,1.47343,852.0
2024-03-04 22:00:00,FX:EURCAD,1.47343,1.47387,1.47343,1.47371,704.0
2024-03-04 22:15:00,FX:EURCAD,1.47371,1.4737900000000002,1.4734800000000001,1.4736200000000002,1113.0
2024-03-04 22:30:00,FX:EURCAD,1.4736200000000002,1.47387,1.47356,1.47377,741.0
2024-03-04 22:45:00,FX:EURCAD,1.47377,1.47394,1.47374,1.47393,688.0
2024-03-04 23:00:00,FX:EURCAD,1.47393,1.47394,1.4737500000000001,1.47384,735.0
2024-03-04 23:15:00,FX:EURCAD,1.47384,1.4739,1.4737200000000001,1.47388,619.0
2024-03-04 23:30:00,FX:EURCAD,1.47388,1.47388,1.47361,1.47361,662.0
2024-03-04 23:45:00,FX:EURCAD,1.47361,1.4738900000000001,1.4734800000000001,1.4738,1508.0
2024-03-05 00:00:00,FX:EURCAD,1.4738,1.4739600000000002,1.47373,1.47381,907.0
2024-03-05 00:15:00,FX:EURCAD,1.47381,1.47388,1.47367,1.47378,815.0
2024-03-05 00:30:00,FX:EURCAD,1.47378,1.47421,1.47377,1.47411,787.0
2024-03-05 00:45:00,FX:EURCAD,1.47411,1.47444,1.47388,1.47435,1094.0
2024-03-05 01:00:00,FX:EURCAD,1.47435,1.47446,1.474,1.4740600000000001,1023.0
2024-03-05 01:15:00,FX:EURCAD,1.4740600000000001,1.47451,1.47394,1.47444,1245.0
2024-03-05 01:30:00,FX:EURCAD,1.47444,1.4745300000000001,1.47418,1.47445,1059.0
2024-03-05 01:45:00,FX:EURCAD,1.47445,1.47459,1.4742300000000002,1.47439,1711.0
2024-03-05 02:00:00,FX:EURCAD,1.47439,1.47507,1.47439,1.47471,2195.0
2024-03-05 02:15:00,FX:EURCAD,1.47471,1.47502,1.47464,1.4747700000000001,1789.0
2024-03-05 02:30:00,FX:EURCAD,1.4747700000000001,1.4749100000000002,1.4745300000000001,1.47456,1908.0
2024-03-05 02:45:00,FX:EURCAD,1.47456,1.47475,1.4742300000000002,1.47475,2019.0
2024-03-05 03:00:00,FX:EURCAD,1.47475,1.47526,1.47471,1.47516,2817.0
2024-03-05 03:15:00,FX:EURCAD,1.47516,1.47624,1.47515,1.47581,2771.0
2024-03-05 03:30:00,FX:EURCAD,1.47581,1.47583,1.47516,1.47519,2611.0
2024-03-05 03:45:00,FX:EURCAD,1.47519,1.4753800000000001,1.4743600000000001,1.47517,2679.0
2024-03-05 04:00:00,FX:EURCAD,1.47517,1.47564,1.47516,1.47543,2587.0
2024-03-05 04:15:00,FX:EURCAD,1.47543,1.4754500000000002,1.47437,1.47445,2508.0
2024-03-05 04:30:00,FX:EURCAD,1.47445,1.47512,1.47425,1.47492,2163.0
2024-03-05 04:45:00,FX:EURCAD,1.47492,1.4749400000000001,1.47435,1.47448,1974.0
2024-03-05 05:00:00,FX:EURCAD,1.47448,1.47464,1.4741300000000002,1.4741900000000001,1738.0
2024-03-05 05:15:00,FX:EURCAD,1.4741900000000001,1.47437,1.47384,1.47403,1547.0
2024-03-05 05:30:00,FX:EURCAD,1.47403,1.47418,1.47367,1.47385,1426.0
2024-03-05 05:45:00,FX:EURCAD,1.47385,1.47414,1.47334,1.4736200000000002,1453.0
2024-03-05 06:00:00,FX:EURCAD,1.4736200000000002,1.47383,1.47332,1.47371,1920.0
2024-03-05 06:15:00,FX:EURCAD,1.47371,1.4741300000000002,1.4735,1.47403,1708.0
2024-03-05 06:30:00,FX:EURCAD,1.47403,1.47437,1.4739,1.47431,1768.0
2024-03-05 06:45:00,FX:EURCAD,1.47431,1.47439,1.4738200000000001,1.47404,1967.0
2024-03-05 07:00:00,FX:EURCAD,1.47404,1.4748,1.47395,1.47454,1911.0
2024-03-05 07:15:00,FX:EURCAD,1.47454,1.475,1.47451,1.47479,1621.0
2024-03-05 07:30:00,FX:EURCAD,1.47479,1.4748700000000001,1.47445,1.4746700000000001,1460.0
2024-03-05 07:45:00,FX:EURCAD,1.4746700000000001,1.4748700000000001,1.47454,1.47479,2112.0
2024-03-05 08:00:00,FX:EURCAD,1.47479,1.4748,1.47442,1.47473,2996.0
2024-03-05 08:15:00,FX:EURCAD,1.47473,1.47507,1.47432,1.47445,2345.0
2024-03-05 08:30:00,FX:EURCAD,1.47445,1.4746000000000001,1.47295,1.4732,4490.0
2024-03-05 08:45:00,FX:EURCAD,1.4732,1.4741600000000001,1.4732,1.47381,3110.0
2024-03-05 09:00:00,FX:EURCAD,1.47381,1.47415,1.47337,1.47377,3460.0
2024-03-05 09:15:00,FX:EURCAD,1.47377,1.47402,1.47276,1.47296,3452.0
2024-03-05 09:30:00,FX:EURCAD,1.47296,1.47325,1.47198,1.47204,4340.0
2024-03-05 09:45:00,FX:EURCAD,1.47204,1.47319,1.4717200000000001,1.47263,4941.0
2024-03-05 10:00:00,FX:EURCAD,1.47263,1.4748400000000002,1.47201,1.4738200000000001,10187.0
2024-03-05 10:15:00,FX:EURCAD,1.4738200000000001,1.47479,1.47353,1.47435,5786.0
2024-03-05 10:30:00,FX:EURCAD,1.47435,1.4753100000000001,1.47434,1.4753,4782.0
2024-03-05 10:45:00,FX:EURCAD,1.4753,1.47571,1.4747700000000001,1.4751100000000001,3758.0
2024-03-05 11:00:00,FX:EURCAD,1.4751100000000001,1.47523,1.47427,1.4749400000000001,4623.0
2024-03-05 11:15:00,FX:EURCAD,1.4749400000000001,1.4751800000000002,1.4746000000000001,1.4750100000000002,3385.0
2024-03-05 11:30:00,FX:EURCAD,1.4750100000000002,1.47506,1.47412,1.47465,3451.0
2024-03-05 11:45:00,FX:EURCAD,1.47465,1.4753100000000001,1.47442,1.47479,3012.0
2024-03-05 12:00:00,FX:EURCAD,1.47479,1.4749,1.4741600000000001,1.47448,2842.0
2024-03-05 12:15:00,FX:EURCAD,1.47448,1.47478,1.47434,1.47459,2397.0
2024-03-05 12:30:00,FX:EURCAD,1.47459,1.47481,1.47411,1.47422,1887.0
2024-03-05 12:45:00,FX:EURCAD,1.47422,1.47445,1.47408,1.4743600000000001,1797.0
2024-03-05 13:00:00,FX:EURCAD,1.4743600000000001,1.4743600000000001,1.4738,1.4740600000000001,2389.0
2024-03-05 13:15:00,FX:EURCAD,1.4740600000000001,1.47429,1.47376,1.47393,1853.0
2024-03-05 13:30:00,FX:EURCAD,1.47393,1.47449,1.47383,1.4744300000000001,2233.0
2024-03-05 13:45:00,FX:EURCAD,1.4744300000000001,1.47475,1.4742300000000002,1.47468,2028.0
2024-03-05 14:00:00,FX:EURCAD,1.47468,1.47522,1.47461,1.47506,2128.0
2024-03-05 14:15:00,FX:EURCAD,1.47506,1.4751,1.4745300000000001,1.47476,2531.0
2024-03-05 14:30:00,FX:EURCAD,1.47476,1.4751800000000002,1.47463,1.47468,2349.0
2024-03-05 14:45:00,FX:EURCAD,1.47468,1.47533,1.47463,1.47529,2738.0
2024-03-05 15:00:00,FX:EURCAD,1.47529,1.47539,1.4748400000000002,1.47517,2120.0
2024-03-05 15:15:00,FX:EURCAD,1.47517,1.47584,1.4749100000000002,1.47577,2296.0
2024-03-05 15:30:00,FX:EURCAD,1.47577,1.47595,1.4754800000000001,1.4759,2046.0
2024-03-05 15:45:00,FX:EURCAD,1.4759,1.4761,1.4757,1.47604,2467.0
2024-03-05 16:00:00,FX:EURCAD,1.47604,1.47604,1.47566,1.47569,1099.0
2024-03-05 16:15:00,FX:EURCAD,1.47569,1.47594,1.4755800000000001,1.47585,425.0
2024-03-05 16:30:00,FX:EURCAD,1.47585,1.4758900000000001,1.47563,1.47564,657.0
2024-03-05 16:45:00,FX:EURCAD,1.47564,1.47577,1.4750100000000002,1.47507,826.0
2024-03-05 17:00:00,FX:EURCAD,1.47507,1.47569,1.47483,1.47519,270.0
2024-03-05 17:15:00,FX:EURCAD,1.47519,1.47543,1.47465,1.47522,1656.0
2024-03-05 17:30:00,FX:EURCAD,1.47522,1.4755200000000002,1.4751,1.47549,1247.0
2024-03-05 17:45:00,FX:EURCAD,1.47549,1.4756500000000001,1.47527,1.4753800000000001,3388.0
2024-03-05 18:00:00,FX:EURCAD,1.4753800000000001,1.47591,1.47534,1.47563,564.0
2024-03-05 18:15:00,FX:EURCAD,1.47563,1.47566,1.47544,1.4755,387.0
2024-03-05 18:30:00,FX:EURCAD,1.4755,1.47557,1.4754,1.47542,319.0
2024-03-05 18:45:00,FX:EURCAD,1.47542,1.4755200000000002,1.4752,1.4752,354.0
2024-03-05 19:00:00,FX:EURCAD,1.4752,1.4754500000000002,1.47508,1.4751100000000001,706.0
2024-03-05 19:15:00,FX:EURCAD,1.4751100000000001,1.47536,1.47508,1.47532,562.0
2024-03-05 19:30:00,FX:EURCAD,1.47532,1.47546,1.47522,1.47539,726.0
2024-03-05 19:45:00,FX:EURCAD,1.47539,1.47556,1.47526,1.47536,1204.0
2024-03-05 20:00:00,FX:EURCAD,1.47536,1.4755,1.4749100000000002,1.47493,1417.0
2024-03-05 20:15:00,FX:EURCAD,1.47493,1.475,1.47451,1.4745300000000001,1589.0
2024-03-05 20:30:00,FX:EURCAD,1.4745300000000001,1.47468,1.4744000000000002,1.47448,1285.0
2024-03-05 20:45:00,FX:EURCAD,1.47448,1.47452,1.47317,1.47324,1575.0
2024-03-05 21:00:00,FX:EURCAD,1.47324,1.4739,1.4732100000000001,1.47369,1390.0
2024-03-05 21:15:00,FX:EURCAD,1.47369,1.47405,1.47367,1.47374,1356.0
2024-03-05 21:30:00,FX:EURCAD,1.47374,1.47386,1.47367,1.47384,1511.0
2024-03-05 21:45:00,FX:EURCAD,1.47384,1.47418,1.4737,1.4740900000000001,1275.0
2024-03-05 22:00:00,FX:EURCAD,1.4740900000000001,1.47439,1.47394,1.47427,1055.0
2024-03-05 22:15:00,FX:EURCAD,1.47427,1.4743600000000001,1.47391,1.47412,1231.0
2024-03-05 22:30:00,FX:EURCAD,1.47412,1.47431,1.47403,1.4742600000000001,964.0
2024-03-05 22:45:00,FX:EURCAD,1.4742600000000001,1.4745700000000002,1.47411,1.47415,1035.0
2024-03-05 23:00:00,FX:EURCAD,1.47415,1.47432,1.4741300000000002,1.47421,933.0
2024-03-05 23:15:00,FX:EURCAD,1.47421,1.47429,1.4740600000000001,1.4741900000000001,649.0
2024-03-05 23:30:00,FX:EURCAD,1.4741900000000001,1.47428,1.4741,1.47417,460.0
2024-03-05 23:45:00,FX:EURCAD,1.47417,1.47424,1.47403,1.47418,835.0
2024-03-06 00:00:00,FX:EURCAD,1.47418,1.47437,1.4741600000000001,1.47424,579.0
2024-03-06 00:15:00,FX:EURCAD,1.47424,1.47439,1.47422,1.47438,872.0
2024-03-06 00:30:00,FX:EURCAD,1.47438,1.47439,1.47417,1.4743600000000001,829.0
2024-03-06 00:45:00,FX:EURCAD,1.4743600000000001,1.4745300000000001,1.47432,1.47442,1007.0
2024-03-06 01:00:00,FX:EURCAD,1.47442,1.47454,1.47428,1.47445,1459.0
2024-03-06 01:15:00,FX:EURCAD,1.47445,1.4746700000000001,1.4744000000000002,1.47459,1698.0
2024-03-06 01:30:00,FX:EURCAD,1.47459,1.47516,1.47455,1.47512,1609.0
2024-03-06 01:45:00,FX:EURCAD,1.47512,1.47529,1.4749700000000001,1.47526,1438.0
2024-03-06 02:00:00,FX:EURCAD,1.47526,1.47561,1.475,1.4753800000000001,2627.0
2024-03-06 02:15:00,FX:EURCAD,1.4753800000000001,1.47573,1.47527,1.47557,2235.0
2024-03-06 02:30:00,FX:EURCAD,1.47557,1.47581,1.47543,1.47543,2046.0
2024-03-06 02:45:00,FX:EURCAD,1.47543,1.47591,1.4753800000000001,1.47585,2695.0
2024-03-06 03:00:00,FX:EURCAD,1.47585,1.47681,1.47585,1.4767000000000001,3058.0
2024-03-06 03:15:00,FX:EURCAD,1.4767000000000001,1.47722,1.47664,1.47672,2695.0
2024-03-06 03:30:00,FX:EURCAD,1.47672,1.47706,1.47618,1.47618,2651.0
2024-03-06 03:45:00,FX:EURCAD,1.47618,1.47702,1.47604,1.47699,2240.0
2024-03-06 04:00:00,FX:EURCAD,1.47699,1.4772100000000001,1.47679,1.47702,2204.0
2024-03-06 04:15:00,FX:EURCAD,1.47702,1.4772800000000001,1.47688,1.47703,1886.0
2024-03-06 04:30:00,FX:EURCAD,1.47703,1.4774,1.47678,1.47736,2204.0
2024-03-06 04:45:00,FX:EURCAD,1.47736,1.47751,1.47709,1.4771,1986.0
2024-03-06 05:00:00,FX:EURCAD,1.4771,1.47743,1.47691,1.47734,2359.0
2024-03-06 05:15:00,FX:EURCAD,1.47734,1.47751,1.47715,1.47717,2195.0
2024-03-06 05:30:00,FX:EURCAD,1.47717,1.47737,1.47689,1.47736,1746.0
2024-03-06 05:45:00,FX:EURCAD,1.47736,1.4779200000000001,1.47723,1.47781,1990.0
2024-03-06 06:00:00,FX:EURCAD,1.47781,1.47795,1.47709,1.47727,2312.0
2024-03-06 06:15:00,FX:EURCAD,1.47727,1.47737,1.47685,1.4769400000000001,2191.0
2024-03-06 06:30:00,FX:EURCAD,1.4769400000000001,1.47713,1.47647,1.47652,2106.0
2024-03-06 06:45:00,FX:EURCAD,1.47652,1.47682,1.4762600000000001,1.4765300000000001,1990.0
2024-03-06 07:00:00,FX:EURCAD,1.4765300000000001,1.47678,1.47621,1.47649,1910.0
2024-03-06 07:15:00,FX:EURCAD,1.47649,1.47664,1.4760600000000001,1.4761,1490.0
2024-03-06 07:30:00,FX:EURCAD,1.4761,1.47628,1.47523,1.4755,2306.0
2024-03-06 07:45:00,FX:EURCAD,1.4755,1.47695,1.47546,1.47691,3190.0
2024-03-06 08:00:00,FX:EURCAD,1.47691,1.47725,1.47641,1.47706,4045.0
2024-03-06 08:15:00,FX:EURCAD,1.47706,1.47743,1.47624,1.4766700000000001,4748.0
2024-03-06 08:30:00,FX:EURCAD,1.4766700000000001,1.4774100000000001,1.47621,1.4772,8330.0
2024-03-06 08:45:00,FX:EURCAD,1.4772,1.47725,1.4762,1.47658,5199.0
2024-03-06 09:00:00,FX:EURCAD,1.47658,1.4768000000000001,1.47612,1.4762,3790.0
2024-03-06 09:15:00,FX:EURCAD,1.4762,1.47678,1.47614,1.4763600000000001,3537.0
2024-03-06 09:30:00,FX:EURCAD,1.4763600000000001,1.47734,1.4755800000000001,1.4770100000000002,4753.0
2024-03-06 09:45:00,FX:EURCAD,1.4770100000000002,1.4770100000000002,1.47293,1.4733800000000001,6554.0
2024-03-06 10:00:00,FX:EURCAD,1.4733800000000001,1.4739,1.47242,1.47356,7468.0
2024-03-06 10:15:00,FX:EURCAD,1.47356,1.47449,1.4732,1.4743600000000001,6922.0
2024-03-06 10:30:00,FX:EURCAD,1.4743600000000001,1.47437,1.47285,1.47316,6354.0
2024-03-06 10:45:00,FX:EURCAD,1.47316,1.4738200000000001,1.4723300000000001,1.4736,5227.0
2024-03-06 11:00:00,FX:EURCAD,1.4736,1.47371,1.4728700000000001,1.47299,4822.0
2024-03-06 11:15:00,FX:EURCAD,1.47299,1.47367,1.47299,1.4733800000000001,3598.0
2024-03-06 11:30:00,FX:EURCAD,1.4733800000000001,1.47384,1.4731100000000001,1.47366,4097.0
2024-03-06 11:45:00,FX:EURCAD,1.47366,1.47431,1.4734800000000001,1.47428,3589.0
2024-03-06 12:00:00,FX:EURCAD,1.47428,1.47452,1.47383,1.4743600000000001,4671.0
2024-03-06 12:15:00,FX:EURCAD,1.4743600000000001,1.47438,1.47308,1.47308,3105.0
2024-03-06 12:30:00,FX:EURCAD,1.47308,1.4733100000000001,1.4723300000000001,1.47234,3748.0
2024-03-06 12:45:00,FX:EURCAD,1.47234,1.47275,1.4721600000000001,1.47237,3790.0
2024-03-06 13:00:00,FX:EURCAD,1.47237,1.47279,1.4722300000000001,1.47259,2506.0
2024-03-06 13:15:00,FX:EURCAD,1.47259,1.47273,1.47231,1.47238,2299.0
2024-03-06 13:30:00,FX:EURCAD,1.47238,1.47325,1.47235,1.4728400000000001,4946.0
2024-03-06 13:45:00,FX:EURCAD,1.4728400000000001,1.47349,1.47282,1.4733,3851.0
2024-03-06 14:00:00,FX:EURCAD,1.4733,1.47346,1.47232,1.4731,4686.0
2024-03-06 14:15:00,FX:EURCAD,1.4731,1.47334,1.47276,1.4729700000000001,2906.0
2024-03-06 14:30:00,FX:EURCAD,1.4729700000000001,1.47315,1.4726000000000001,1.47269,3566.0
2024-03-06 14:45:00,FX:EURCAD,1.47269,1.47307,1.47259,1.47282,3007.0
2024-03-06 15:00:00,FX:EURCAD,1.47282,1.4731,1.47264,1.47279,2573.0
2024-03-06 15:15:00,FX:EURCAD,1.47279,1.4731800000000002,1.47273,1.47315,2417.0
2024-03-06 15:30:00,FX:EURCAD,1.47315,1.47325,1.4729100000000002,1.47299,1979.0
2024-03-06 15:45:00,FX:EURCAD,1.47299,1.47329,1.4728700000000001,1.4732,2090.0
2024-03-06 16:00:00,FX:EURCAD,1.4732,1.4732,1.47269,1.4727000000000001,744.0
2024-03-06 16:15:00,FX:EURCAD,1.4727000000000001,1.47272,1.47234,1.4724000000000002,637.0
2024-03-06 16:30:00,FX:EURCAD,1.4724000000000002,1.47279,1.47237,1.47275,814.0
2024-03-06 16:45:00,FX:EURCAD,1.47275,1.47283,1.47186,1.47265,659.0
2024-03-06 17:00:00,FX:EURCAD,1.47265,1.47295,1.4717500000000001,1.47258,503.0
2024-03-06 17:15:00,FX:EURCAD,1.47258,1.47305,1.4720600000000001,1.4725700000000002,722.0
2024-03-06 17:30:00,FX:EURCAD,1.4725700000000002,1.47271,1.47235,1.47271,868.0
2024-03-06 17:45:00,FX:EURCAD,1.47271,1.47276,1.47256,1.47264,749.0
2024-03-06 18:00:00,FX:EURCAD,1.47264,1.4731,1.47261,1.47269,474.0
2024-03-06 18:15:00,FX:EURCAD,1.47269,1.47278,1.47266,1.4727700000000001,315.0
2024-03-06 18:30:00,FX:EURCAD,1.4727700000000001,1.47288,1.47266,1.4727700000000001,255.0
2024-03-06 18:45:00,FX:EURCAD,1.4727700000000001,1.47278,1.47255,1.47266,394.0
2024-03-06 19:00:00,FX:EURCAD,1.47266,1.4734500000000001,1.47264,1.4733800000000001,1416.0
2024-03-06 19:15:00,FX:EURCAD,1.4733800000000001,1.4734800000000001,1.47305,1.47334,1302.0
2024-03-06 19:30:00,FX:EURCAD,1.47334,1.47401,1.47325,1.47381,1297.0
2024-03-06 19:45:00,FX:EURCAD,1.47381,1.47384,1.47344,1.47361,1994.0
2024-03-06 20:00:00,FX:EURCAD,1.47361,1.47364,1.4731,1.47324,2312.0
2024-03-06 20:15:00,FX:EURCAD,1.47324,1.47364,1.47322,1.4732800000000001,2000.0
2024-03-06 20:30:00,FX:EURCAD,1.4732800000000001,1.47366,1.4732100000000001,1.4735500000000001,2474.0
2024-03-06 20:45:00,FX:EURCAD,1.4735500000000001,1.4735800000000001,1.47283,1.47286,2046.0
2024-03-06 21:00:00,FX:EURCAD,1.47286,1.4736,1.47282,1.47354,1732.0
2024-03-06 21:15:00,FX:EURCAD,1.47354,1.4737500000000001,1.47329,1.4733100000000001,1556.0
2024-03-06 21:30:00,FX:EURCAD,1.4733100000000001,1.4734,1.4730400000000001,1.47305,1165.0
2024-03-06 21:45:00,FX:EURCAD,1.47305,1.47309,1.47282,1.47295,1226.0
2024-03-06 22:00:00,FX:EURCAD,1.47295,1.47305,1.4727700000000001,1.47283,725.0
2024-03-06 22:15:00,FX:EURCAD,1.47283,1.47303,1.4727000000000001,1.4729100000000002,952.0
2024-03-06 22:30:00,FX:EURCAD,1.4729100000000002,1.47313,1.4728700000000001,1.47303,974.0
2024-03-06 22:45:00,FX:EURCAD,1.47303,1.47316,1.47249,1.47258,1073.0
2024-03-06 23:00:00,FX:EURCAD,1.47258,1.47286,1.47254,1.4728,1418.0
2024-03-06 23:15:00,FX:EURCAD,1.4728,1.4728,1.47239,1.47252,1383.0
2024-03-06 23:30:00,FX:EURCAD,1.47252,1.47264,1.47228,1.47258,1506.0
2024-03-06 23:45:00,FX:EURCAD,1.47258,1.47268,1.47232,1.4726700000000001,1381.0
2024-03-07 00:00:00,FX:EURCAD,1.4726700000000001,1.4727700000000001,1.47248,1.4725300000000001,974.0
2024-03-07 00:15:00,FX:EURCAD,1.4725300000000001,1.47273,1.47244,1.47259,1157.0
2024-03-07 00:30:00,FX:EURCAD,1.47259,1.47276,1.47251,1.47258,1262.0
2024-03-07 00:45:00,FX:EURCAD,1.47258,1.47285,1.47254,1.4727400000000002,1083.0
2024-03-07 01:00:00,FX:EURCAD,1.4727400000000002,1.47305,1.47272,1.4728400000000001,1337.0
2024-03-07 01:15:00,FX:EURCAD,1.4728400000000001,1.47296,1.47265,1.47269,1135.0
2024-03-07 01:30:00,FX:EURCAD,1.47269,1.47302,1.4725000000000001,1.47286,1276.0
2024-03-07 01:45:00,FX:EURCAD,1.47286,1.47293,1.47242,1.47271,1543.0
2024-03-07 02:00:00,FX:EURCAD,1.47271,1.47299,1.47234,1.4728,2467.0
2024-03-07 02:15:00,FX:EURCAD,1.4728,1.4728400000000001,1.47241,1.47269,2033.0
2024-03-07 02:30:00,FX:EURCAD,1.47269,1.47269,1.47141,1.47167,2285.0
2024-03-07 02:45:00,FX:EURCAD,1.47167,1.4717900000000002,1.47119,1.4714500000000001,2678.0
2024-03-07 03:00:00,FX:EURCAD,1.4714500000000001,1.47159,1.4709100000000002,1.4714500000000001,3705.0
2024-03-07 03:15:00,FX:EURCAD,1.4714500000000001,1.47158,1.4709400000000001,1.4713800000000001,2918.0
2024-03-07 03:30:00,FX:EURCAD,1.4713800000000001,1.47174,1.4710400000000001,1.4715,2772.0
2024-03-07 03:45:00,FX:EURCAD,1.4715,1.4723600000000001,1.4714500000000001,1.4721600000000001,2256.0
2024-03-07 04:00:00,FX:EURCAD,1.4721600000000001,1.4726000000000001,1.47201,1.4722,2550.0
2024-03-07 04:15:00,FX:EURCAD,1.4722,1.4722300000000001,1.47183,1.4721,2569.0
2024-03-07 04:30:00,FX:EURCAD,1.4721,1.47232,1.47195,1.47208,3186.0
2024-03-07 04:45:00,FX:EURCAD,1.47208,1.47258,1.472,1.47238,2692.0
2024-03-07 05:00:00,FX:EURCAD,1.47238,1.4724300000000001,1.4713800000000001,1.47141,2691.0
2024-03-07 05:15:00,FX:EURCAD,1.47141,1.47153,1.47106,1.47127,2207.0
2024-03-07 05:30:00,FX:EURCAD,1.47127,1.47139,1.4709400000000001,1.47106,2063.0
2024-03-07 05:45:00,FX:EURCAD,1.47106,1.47126,1.4706700000000001,1.47102,2671.0
2024-03-07 06:00:00,FX:EURCAD,1.47102,1.4711,1.4706000000000001,1.47086,2769.0
2024-03-07 06:15:00,FX:EURCAD,1.47086,1.47105,1.47082,1.471,1798.0
2024-03-07 06:30:00,FX:EURCAD,1.471,1.47117,1.4705300000000001,1.4707400000000002,1727.0
2024-03-07 06:45:00,FX:EURCAD,1.4707400000000002,1.47112,1.47028,1.47058,2365.0
2024-03-07 07:00:00,FX:EURCAD,1.47058,1.4709400000000001,1.47024,1.4708400000000001,2559.0
2024-03-07 07:15:00,FX:EURCAD,1.4708400000000001,1.47129,1.4707700000000001,1.47092,2545.0
2024-03-07 07:30:00,FX:EURCAD,1.47092,1.47106,1.4703000000000002,1.4705300000000001,2528.0
2024-03-07 07:45:00,FX:EURCAD,1.4705300000000001,1.47059,1.46993,1.47004,2635.0
2024-03-07 08:00:00,FX:EURCAD,1.47004,1.47066,1.46991,1.47,3130.0
2024-03-07 08:15:00,FX:EURCAD,1.47,1.47021,1.46746,1.46791,8941.0
2024-03-07 08:30:00,FX:EURCAD,1.46791,1.46832,1.4665300000000001,1.46715,7542.0
2024-03-07 08:45:00,FX:EURCAD,1.46715,1.46741,1.46578,1.46615,7506.0
2024-03-07 09:00:00,FX:EURCAD,1.46615,1.46875,1.46573,1.46831,9129.0
2024-03-07 09:15:00,FX:EURCAD,1.46831,1.47011,1.4681,1.47002,5442.0
2024-03-07 09:30:00,FX:EURCAD,1.47002,1.4709100000000002,1.4695200000000002,1.47054,6131.0
2024-03-07 09:45:00,FX:EURCAD,1.47054,1.47317,1.47011,1.47202,5822.0
2024-03-07 10:00:00,FX:EURCAD,1.47202,1.47255,1.47154,1.47201,4819.0
2024-03-07 10:15:00,FX:EURCAD,1.47201,1.4722600000000001,1.4711,1.47127,5034.0
2024-03-07 10:30:00,FX:EURCAD,1.47127,1.47283,1.4710400000000001,1.4723300000000001,4538.0
2024-03-07 10:45:00,FX:EURCAD,1.4723300000000001,1.47336,1.47217,1.47313,4696.0
2024-03-07 11:00:00,FX:EURCAD,1.47313,1.47315,1.47245,1.47288,4102.0
2024-03-07 11:15:00,FX:EURCAD,1.47288,1.47302,1.47177,1.47247,3819.0
2024-03-07 11:30:00,FX:EURCAD,1.47247,1.47307,1.4723300000000001,1.4729,4876.0
2024-03-07 11:45:00,FX:EURCAD,1.4729,1.4735200000000002,1.47278,1.4733100000000001,3957.0
2024-03-07 12:00:00,FX:EURCAD,1.4733100000000001,1.47356,1.4729700000000001,1.47354,3078.0
2024-03-07 12:15:00,FX:EURCAD,1.47354,1.4737,1.47334,1.4734500000000001,2387.0
2024-03-07 12:30:00,FX:EURCAD,1.4734500000000001,1.4736200000000002,1.4730100000000002,1.47312,2836.0
2024-03-07 12:45:00,FX:EURCAD,1.47312,1.4732,1.47276,1.4731800000000002,2388.0
2024-03-07 13:00:00,FX:EURCAD,1.4731800000000002,1.47333,1.47239,1.4727000000000001,2659.0
2024-03-07 13:15:00,FX:EURCAD,1.4727000000000001,1.47308,1.47244,1.47308,2092.0
2024-03-07 13:30:00,FX:EURCAD,1.47308,1.47351,1.47289,1.47306,1906.0
2024-03-07 13:45:00,FX:EURCAD,1.47306,1.47312,1.47252,1.4726700000000001,1838.0
2024-03-07 14:00:00,FX:EURCAD,1.4726700000000001,1.47324,1.47258,1.47298,1595.0
2024-03-07 14:15:00,FX:EURCAD,1.47298,1.4734500000000001,1.47264,1.47343,1668.0
2024-03-07 14:30:00,FX:EURCAD,1.47343,1.47343,1.4729400000000001,1.4732100000000001,1789.0
2024-03-07 14:45:00,FX:EURCAD,1.4732100000000001,1.47327,1.4728400000000001,1.47303,1886.0
2024-03-07 15:00:00,FX:EURCAD,1.47303,1.47332,1.47296,1.47298,1857.0
2024-03-07 15:15:00,FX:EURCAD,1.47298,1.47327,1.47286,1.47317,1819.0
2024-03-07 15:30:00,FX:EURCAD,1.47317,1.4735,1.47302,1.47323,1706.0
2024-03-07 15:45:00,FX:EURCAD,1.47323,1.47346,1.47309,1.47322,1889.0
2024-03-07 16:00:00,FX:EURCAD,1.47322,1.4737500000000001,1.4732,1.47373,1392.0
2024-03-07 16:15:00,FX:EURCAD,1.47373,1.47385,1.4734500000000001,1.4734800000000001,1090.0
2024-03-07 16:30:00,FX:EURCAD,1.4734800000000001,1.47349,1.4731800000000002,1.47339,872.0
2024-03-07 16:45:00,FX:EURCAD,1.47339,1.4735,1.47288,1.47288,943.0
2024-03-07 17:00:00,FX:EURCAD,1.47288,1.4732,1.4728,1.47313,138.0
2024-03-07 17:15:00,FX:EURCAD,1.47313,1.47357,1.47215,1.47306,768.0
2024-03-07 17:30:00,FX:EURCAD,1.47306,1.4733800000000001,1.47255,1.47315,5750.0
2024-03-07 17:45:00,FX:EURCAD,1.47315,1.47329,1.4727000000000001,1.47285,2549.0
2024-03-07 18:00:00,FX:EURCAD,1.47285,1.47342,1.4727700000000001,1.47323,338.0
2024-03-07 18:15:00,FX:EURCAD,1.47323,1.47342,1.47316,1.47319,284.0
2024-03-07 18:30:00,FX:EURCAD,1.47319,1.47333,1.47315,1.4732,213.0
2024-03-07 18:45:00,FX:EURCAD,1.4732,1.47332,1.47303,1.47324,286.0
2024-03-07 19:00:00,FX:EURCAD,1.47324,1.47346,1.4731100000000001,1.47327,1000.0
2024-03-07 19:15:00,FX:EURCAD,1.47327,1.47336,1.47315,1.47334,716.0
2024-03-07 19:30:00,FX:EURCAD,1.47334,1.47334,1.4729,1.47302,722.0
2024-03-07 19:45:00,FX:EURCAD,1.47302,1.4732100000000001,1.47276,1.47296,1200.0
2024-03-07 20:00:00,FX:EURCAD,1.47296,1.4733,1.47289,1.4731,1108.0
2024-03-07 20:15:00,FX:EURCAD,1.4731,1.47344,1.47309,1.47334,1287.0
2024-03-07 20:30:00,FX:EURCAD,1.47334,1.47336,1.4729100000000002,1.47303,1357.0
2024-03-07 20:45:00,FX:EURCAD,1.47303,1.47332,1.47229,1.47254,1459.0
2024-03-07 21:00:00,FX:EURCAD,1.47254,1.47278,1.47248,1.47254,1207.0
2024-03-07 21:15:00,FX:EURCAD,1.47254,1.47276,1.4725000000000001,1.47275,995.0
2024-03-07 21:30:00,FX:EURCAD,1.47275,1.4728400000000001,1.4723600000000001,1.4724300000000001,1061.0
2024-03-07 21:45:00,FX:EURCAD,1.4724300000000001,1.4728700000000001,1.4723000000000002,1.47266,933.0
2024-03-07 22:00:00,FX:EURCAD,1.47266,1.4727400000000002,1.47251,1.47261,797.0
2024-03-07 22:15:00,FX:EURCAD,1.47261,1.47272,1.4725000000000001,1.47255,1172.0
2024-03-07 22:30:00,FX:EURCAD,1.47255,1.47259,1.4721600000000001,1.47222,983.0
2024-03-07 22:45:00,FX:EURCAD,1.47222,1.4723300000000001,1.47211,1.4722600000000001,895.0
2024-03-07 23:00:00,FX:EURCAD,1.4722600000000001,1.4722600000000001,1.47204,1.47211,1143.0
2024-03-07 23:15:00,FX:EURCAD,1.47211,1.47214,1.47191,1.4719900000000001,627.0
2024-03-07 23:30:00,FX:EURCAD,1.4719900000000001,1.4721300000000002,1.47187,1.4719,922.0
2024-03-07 23:45:00,FX:EURCAD,1.4719,1.4721,1.47181,1.47208,966.0
2024-03-08 00:00:00,FX:EURCAD,1.47208,1.47218,1.47185,1.47202,1062.0
2024-03-08 00:15:00,FX:EURCAD,1.47202,1.47208,1.47186,1.4720600000000001,760.0
2024-03-08 00:30:00,FX:EURCAD,1.4720600000000001,1.4720900000000001,1.47188,1.47195,763.0
2024-03-08 00:45:00,FX:EURCAD,1.47195,1.4719900000000001,1.47166,1.47173,1031.0
2024-03-08 01:00:00,FX:EURCAD,1.47173,1.4721,1.4716500000000001,1.4719200000000001,1384.0
2024-03-08 01:15:00,FX:EURCAD,1.4719200000000001,1.47197,1.4716900000000002,1.47178,886.0
2024-03-08 01:30:00,FX:EURCAD,1.47178,1.47211,1.4717200000000001,1.47195,1299.0
2024-03-08 01:45:00,FX:EURCAD,1.47195,1.47207,1.4718,1.4719200000000001,919.0
2024-03-08 02:00:00,FX:EURCAD,1.4719200000000001,1.47221,1.4717900000000002,1.47193,2341.0
2024-03-08 02:15:00,FX:EURCAD,1.47193,1.47197,1.47041,1.47073,2870.0
2024-03-08 02:30:00,FX:EURCAD,1.47073,1.47096,1.46947,1.46978,3209.0
2024-03-08 02:45:00,FX:EURCAD,1.46978,1.46998,1.4695500000000001,1.46974,2649.0
2024-03-08 03:00:00,FX:EURCAD,1.46974,1.46974,1.46906,1.46924,3994.0
2024-03-08 03:15:00,FX:EURCAD,1.46924,1.46954,1.46907,1.46941,3014.0
2024-03-08 03:30:00,FX:EURCAD,1.46941,1.46976,1.46913,1.46937,3446.0
2024-03-08 03:45:00,FX:EURCAD,1.46937,1.4697,1.4689400000000001,1.4692800000000001,2696.0
2024-03-08 04:00:00,FX:EURCAD,1.4692800000000001,1.46944,1.46872,1.4689100000000002,2787.0
2024-03-08 04:15:00,FX:EURCAD,1.4689100000000002,1.46898,1.46805,1.46871,3045.0
2024-03-08 04:30:00,FX:EURCAD,1.46871,1.46909,1.46811,1.46856,3347.0
2024-03-08 04:45:00,FX:EURCAD,1.46856,1.46933,1.46846,1.4693100000000001,2597.0
2024-03-08 05:00:00,FX:EURCAD,1.4693100000000001,1.46953,1.4690100000000001,1.46937,2874.0
2024-03-08 05:15:00,FX:EURCAD,1.46937,1.46946,1.46846,1.4685300000000001,2214.0
2024-03-08 05:30:00,FX:EURCAD,1.4685300000000001,1.4691100000000001,1.46844,1.46899,2748.0
2024-03-08 05:45:00,FX:EURCAD,1.46899,1.46988,1.46876,1.46988,2638.0
2024-03-08 06:00:00,FX:EURCAD,1.46988,1.4702600000000001,1.4695200000000002,1.4702600000000001,2633.0
2024-03-08 06:15:00,FX:EURCAD,1.4702600000000001,1.47079,1.47018,1.47032,1921.0
2024-03-08 06:30:00,FX:EURCAD,1.47032,1.47039,1.46967,1.47028,1904.0
2024-03-08 06:45:00,FX:EURCAD,1.47028,1.47086,1.47028,1.47086,1784.0
2024-03-08 07:00:00,FX:EURCAD,1.47086,1.47105,1.4706000000000001,1.47083,2022.0
2024-03-08 07:15:00,FX:EURCAD,1.47083,1.47096,1.47041,1.47066,2176.0
2024-03-08 07:30:00,FX:EURCAD,1.47066,1.47089,1.4705300000000001,1.47071,2218.0
2024-03-08 07:45:00,FX:EURCAD,1.47071,1.47083,1.47021,1.47032,2493.0
2024-03-08 08:00:00,FX:EURCAD,1.47032,1.47092,1.47005,1.4709,3145.0
2024-03-08 08:15:00,FX:EURCAD,1.4709,1.4716200000000002,1.47063,1.47103,3477.0
2024-03-08 08:30:00,FX:EURCAD,1.47103,1.4737,1.46951,1.473,18645.0
2024-03-08 08:45:00,FX:EURCAD,1.473,1.4741300000000002,1.47252,1.47353,10846.0
2024-03-08 09:00:00,FX:EURCAD,1.47353,1.47387,1.4726000000000001,1.4727000000000001,8703.0
2024-03-08 09:15:00,FX:EURCAD,1.4727000000000001,1.47393,1.4722,1.47391,7008.0
2024-03-08 09:30:00,FX:EURCAD,1.47391,1.47405,1.47295,1.4734500000000001,8153.0
2024-03-08 09:45:00,FX:EURCAD,1.4734500000000001,1.47411,1.4730100000000002,1.47401,6140.0
2024-03-08 10:00:00,FX:EURCAD,1.47401,1.47446,1.47351,1.47425,6035.0
2024-03-08 10:15:00,FX:EURCAD,1.47425,1.4743300000000001,1.47354,1.47432,4975.0
2024-03-08 10:30:00,FX:EURCAD,1.47432,1.47451,1.47359,1.47431,6012.0
2024-03-08 10:45:00,FX:EURCAD,1.47431,1.47459,1.47402,1.47437,5019.0
2024-03-08 11:00:00,FX:EURCAD,1.47437,1.47462,1.4739900000000001,1.47432,5340.0
2024-03-08 11:15:00,FX:EURCAD,1.47432,1.47509,1.47395,1.47424,4576.0
2024-03-08 11:30:00,FX:EURCAD,1.47424,1.47449,1.4736,1.4736500000000001,4677.0
2024-03-08 11:45:00,FX:EURCAD,1.4736500000000001,1.4740900000000001,1.4733100000000001,1.4736200000000002,4736.0
2024-03-08 12:00:00,FX:EURCAD,1.4736200000000002,1.4742,1.47354,1.47402,4543.0
2024-03-08 12:15:00,FX:EURCAD,1.47402,1.47428,1.47371,1.4739900000000001,4189.0
2024-03-08 12:30:00,FX:EURCAD,1.4739900000000001,1.4743,1.47384,1.47394,3501.0
2024-03-08 12:45:00,FX:EURCAD,1.47394,1.4751800000000002,1.4739,1.47488,3169.0
2024-03-08 13:00:00,FX:EURCAD,1.47488,1.47505,1.47445,1.47466,3511.0
2024-03-08 13:15:00,FX:EURCAD,1.47466,1.4751100000000001,1.47452,1.47493,2480.0
2024-03-08 13:30:00,FX:EURCAD,1.47493,1.4757,1.47483,1.47568,3094.0
2024-03-08 13:45:00,FX:EURCAD,1.47568,1.47583,1.47532,1.4758200000000001,1911.0
2024-03-08 14:00:00,FX:EURCAD,1.4758200000000001,1.4761300000000002,1.4755500000000001,1.47569,2506.0
2024-03-08 14:15:00,FX:EURCAD,1.47569,1.47576,1.47546,1.47563,2553.0
2024-03-08 14:30:00,FX:EURCAD,1.47563,1.47568,1.47499,1.47513,2128.0
2024-03-08 14:45:00,FX:EURCAD,1.47513,1.47567,1.47506,1.47536,2153.0
2024-03-08 15:00:00,FX:EURCAD,1.47536,1.47585,1.47529,1.47566,2633.0
2024-03-08 15:15:00,FX:EURCAD,1.47566,1.47586,1.47556,1.47586,2415.0
2024-03-08 15:30:00,FX:EURCAD,1.47586,1.4759900000000001,1.47554,1.4757200000000001,1677.0
2024-03-08 15:45:00,FX:EURCAD,1.4757200000000001,1.4758,1.47551,1.47576,1603.0
2024-03-08 16:00:00,FX:EURCAD,1.47576,1.47578,1.47517,1.47519,1005.0
2024-03-08 16:15:00,FX:EURCAD,1.47519,1.47526,1.47473,1.47498,642.0
2024-03-08 16:30:00,FX:EURCAD,1.47498,1.47515,1.47482,1.47498,832.0
2024-03-08 16:45:00,FX:EURCAD,1.47498,1.47525,1.47428,1.4745000000000001,1210.0
2024-03-10 17:00:00,FX:EURCAD,1.47543,1.47544,1.47478,1.47495,196.0
2024-03-10 17:15:00,FX:EURCAD,1.47495,1.47519,1.4746700000000001,1.47485,330.0
2024-03-10 17:30:00,FX:EURCAD,1.47485,1.47498,1.4745700000000002,1.4747700000000001,647.0
2024-03-10 17:45:00,FX:EURCAD,1.4747700000000001,1.47485,1.47448,1.47465,215.0
2024-03-10 18:00:00,FX:EURCAD,1.47465,1.47526,1.47455,1.47513,426.0
2024-03-10 18:15:00,FX:EURCAD,1.47513,1.47566,1.47509,1.47564,283.0
2024-03-10 18:30:00,FX:EURCAD,1.47564,1.47574,1.47543,1.4755500000000001,346.0
2024-03-10 18:45:00,FX:EURCAD,1.4755500000000001,1.47561,1.47525,1.4755200000000002,289.0
2024-03-10 19:00:00,FX:EURCAD,1.4755200000000002,1.47567,1.47543,1.47554,610.0
2024-03-10 19:15:00,FX:EURCAD,1.47554,1.47577,1.47544,1.47577,908.0
2024-03-10 19:30:00,FX:EURCAD,1.47577,1.47577,1.4756,1.47566,653.0
2024-03-10 19:45:00,FX:EURCAD,1.47566,1.47577,1.4751,1.47512,484.0
2024-03-10 20:00:00,FX:EURCAD,1.47512,1.47534,1.47489,1.47517,758.0
2024-03-10 20:15:00,FX:EURCAD,1.47517,1.47517,1.4748400000000002,1.4749,700.0
2024-03-10 20:30:00,FX:EURCAD,1.4749,1.47532,1.47489,1.4753,959.0
2024-03-10 20:45:00,FX:EURCAD,1.4753,1.4753100000000001,1.47481,1.47489,1496.0
2024-03-10 21:00:00,FX:EURCAD,1.47489,1.47515,1.47472,1.4748400000000002,1866.0
2024-03-10 21:15:00,FX:EURCAD,1.4748400000000002,1.475,1.47451,1.4745700000000002,1370.0
2024-03-10 21:30:00,FX:EURCAD,1.4745700000000002,1.47485,1.4745000000000001,1.47468,1714.0
2024-03-10 21:45:00,FX:EURCAD,1.47468,1.47498,1.47424,1.47431,1677.0
2024-03-10 22:00:00,FX:EURCAD,1.47431,1.4751400000000001,1.4743,1.47513,1795.0
2024-03-10 22:15:00,FX:EURCAD,1.47513,1.47515,1.47496,1.475,853.0
2024-03-10 22:30:00,FX:EURCAD,1.475,1.47513,1.47481,1.4750400000000001,938.0
2024-03-10 22:45:00,FX:EURCAD,1.4750400000000001,1.47532,1.47502,1.47524,1082.0
2024-03-10 23:00:00,FX:EURCAD,1.47524,1.47544,1.475,1.4753,974.0
2024-03-10 23:15:00,FX:EURCAD,1.4753,1.47534,1.47509,1.4751400000000001,1156.0
2024-03-10 23:30:00,FX:EURCAD,1.4751400000000001,1.47536,1.4751100000000001,1.47527,759.0
2024-03-10 23:45:00,FX:EURCAD,1.47527,1.47549,1.47517,1.4752,683.0
2024-03-11 00:00:00,FX:EURCAD,1.4752,1.47529,1.4751,1.47519,813.0
2024-03-11 00:15:00,FX:EURCAD,1.47519,1.4752100000000001,1.47503,1.47513,810.0
2024-03-11 00:30:00,FX:EURCAD,1.47513,1.47523,1.47498,1.475,988.0
2024-03-11 00:45:00,FX:EURCAD,1.475,1.47527,1.47499,1.4752,1114.0
2024-03-11 01:00:00,FX:EURCAD,1.4752,1.4754,1.4751400000000001,1.47516,934.0
2024-03-11 01:15:00,FX:EURCAD,1.47516,1.47525,1.4749,1.47495,866.0
2024-03-11 01:30:00,FX:EURCAD,1.47495,1.47506,1.47469,1.4748700000000001,1567.0
2024-03-11 01:45:00,FX:EURCAD,1.4748700000000001,1.4751400000000001,1.4748,1.4749100000000002,1940.0
2024-03-11 02:00:00,FX:EURCAD,1.4749100000000002,1.4750100000000002,1.47468,1.4747000000000001,1930.0
2024-03-11 02:15:00,FX:EURCAD,1.4747000000000001,1.47481,1.47456,1.47466,1149.0
2024-03-11 02:30:00,FX:EURCAD,1.47466,1.47526,1.47461,1.47517,1464.0
2024-03-11 02:45:00,FX:EURCAD,1.47517,1.4755200000000002,1.47509,1.47523,1399.0
2024-03-11 03:00:00,FX:EURCAD,1.47523,1.47602,1.475,1.4759900000000001,1981.0
2024-03-11 03:15:00,FX:EURCAD,1.4759900000000001,1.47652,1.47594,1.47634,1942.0
2024-03-11 03:30:00,FX:EURCAD,1.47634,1.47659,1.47546,1.47549,3191.0
2024-03-11 03:45:00,FX:EURCAD,1.47549,1.47563,1.4751,1.47522,3264.0
2024-03-11 04:00:00,FX:EURCAD,1.47522,1.4753500000000002,1.47431,1.47507,3844.0
2024-03-11 04:15:00,FX:EURCAD,1.47507,1.4751100000000001,1.47448,1.47458,3113.0
2024-03-11 04:30:00,FX:EURCAD,1.47458,1.4747000000000001,1.47403,1.4746000000000001,4047.0
2024-03-11 04:45:00,FX:EURCAD,1.4746000000000001,1.47544,1.4745300000000001,1.47532,3530.0
2024-03-11 05:00:00,FX:EURCAD,1.47532,1.4753800000000001,1.4741600000000001,1.4742300000000002,3788.0
2024-03-11 05:15:00,FX:EURCAD,1.4742300000000002,1.47439,1.4738900000000001,1.4740600000000001,2654.0
2024-03-11 05:30:00,FX:EURCAD,1.4740600000000001,1.47427,1.47371,1.47402,2179.0
2024-03-11 05:45:00,FX:EURCAD,1.47402,1.47415,1.4729700000000001,1.47309,2846.0
2024-03-11 06:00:00,FX:EURCAD,1.47309,1.47388,1.4729100000000002,1.47361,2327.0
2024-03-11 06:15:00,FX:EURCAD,1.47361,1.4744000000000002,1.47359,1.4741300000000002,2270.0
2024-03-11 06:30:00,FX:EURCAD,1.4741300000000002,1.47462,1.4740900000000001,1.47411,2207.0
2024-03-11 06:45:00,FX:EURCAD,1.47411,1.47447,1.4738,1.47432,2477.0
2024-03-11 07:00:00,FX:EURCAD,1.47432,1.4747400000000002,1.4741900000000001,1.47462,2422.0
2024-03-11 07:15:00,FX:EURCAD,1.47462,1.47475,1.47427,1.47445,2408.0
2024-03-11 07:30:00,FX:EURCAD,1.47445,1.47481,1.47435,1.47454,1852.0
2024-03-11 07:45:00,FX:EURCAD,1.47454,1.47475,1.47421,1.47468,2378.0
2024-03-11 08:00:00,FX:EURCAD,1.47468,1.4754,1.47451,1.47539,3358.0
2024-03-11 08:15:00,FX:EURCAD,1.47539,1.47591,1.4752800000000001,1.47567,3097.0
2024-03-11 08:30:00,FX:EURCAD,1.47567,1.47594,1.4754800000000001,1.47584,3430.0
2024-03-11 08:45:00,FX:EURCAD,1.47584,1.47648,1.47559,1.47637,3814.0
2024-03-11 09:00:00,FX:EURCAD,1.47637,1.47637,1.4750100000000002,1.47525,3222.0
2024-03-11 09:15:00,FX:EURCAD,1.47525,1.4754,1.47464,1.47488,3715.0
2024-03-11 09:30:00,FX:EURCAD,1.47488,1.47513,1.47383,1.4747000000000001,5532.0
2024-03-11 09:45:00,FX:EURCAD,1.4747000000000001,1.47481,1.47408,1.47466,4303.0
2024-03-11 10:00:00,FX:EURCAD,1.47466,1.47486,1.47435,1.47461,4277.0
2024-03-11 10:15:00,FX:EURCAD,1.47461,1.4748400000000002,1.47439,1.47465,4214.0
2024-03-11 10:30:00,FX:EURCAD,1.47465,1.47466,1.47359,1.47385,3960.0
2024-03-11 10:45:00,FX:EURCAD,1.47385,1.47417,1.47353,1.4739200000000001,4201.0
2024-03-11 11:00:00,FX:EURCAD,1.4739200000000001,1.47402,1.47353,1.4736200000000002,4507.0
2024-03-11 11:15:00,FX:EURCAD,1.4736200000000002,1.47397,1.4734,1.47359,3934.0
2024-03-11 11:30:00,FX:EURCAD,1.47359,1.4737,1.47298,1.47333,4265.0
2024-03-11 11:45:00,FX:EURCAD,1.47333,1.47387,1.47325,1.4737,4419.0
2024-03-11 12:00:00,FX:EURCAD,1.4737,1.47378,1.4732,1.47339,3809.0
2024-03-11 12:15:00,FX:EURCAD,1.47339,1.47343,1.4729,1.4731400000000001,2663.0
2024-03-11 12:30:00,FX:EURCAD,1.4731400000000001,1.47322,1.47282,1.4729700000000001,3126.0
2024-03-11 12:45:00,FX:EURCAD,1.4729700000000001,1.47302,1.47272,1.47299,2604.0
2024-03-11 13:00:00,FX:EURCAD,1.47299,1.4737,1.47296,1.47357,3619.0
2024-03-11 13:15:00,FX:EURCAD,1.47357,1.47371,1.47333,1.47342,3182.0
2024-03-11 13:30:00,FX:EURCAD,1.47342,1.47357,1.47325,1.47339,2464.0
2024-03-11 13:45:00,FX:EURCAD,1.47339,1.47367,1.47315,1.47319,2190.0
2024-03-11 14:00:00,FX:EURCAD,1.47319,1.4735200000000002,1.47309,1.47349,2126.0
2024-03-11 14:15:00,FX:EURCAD,1.47349,1.47369,1.4733,1.4733500000000002,2074.0
2024-03-11 14:30:00,FX:EURCAD,1.4733500000000002,1.47341,1.47286,1.47315,2709.0
2024-03-11 14:45:00,FX:EURCAD,1.47315,1.47347,1.4731,1.4732,2406.0
2024-03-11 15:00:00,FX:EURCAD,1.4732,1.47346,1.47299,1.47341,2074.0
2024-03-11 15:15:00,FX:EURCAD,1.47341,1.47342,1.47316,1.47327,1523.0
2024-03-11 15:30:00,FX:EURCAD,1.47327,1.4734,1.47298,1.47332,1568.0
2024-03-11 15:45:00,FX:EURCAD,1.47332,1.4734,1.4729100000000002,1.473,2441.0
2024-03-11 16:00:00,FX:EURCAD,1.473,1.4731400000000001,1.4728700000000001,1.47303,1166.0
2024-03-11 16:15:00,FX:EURCAD,1.47303,1.47313,1.47281,1.47285,882.0
2024-03-11 16:30:00,FX:EURCAD,1.47285,1.4731,1.47273,1.47308,838.0
2024-03-11 16:45:00,FX:EURCAD,1.47308,1.47322,1.47227,1.47254,1188.0
2024-03-11 17:00:00,FX:EURCAD,1.47254,1.4729400000000001,1.472,1.47275,658.0
2024-03-11 17:15:00,FX:EURCAD,1.47275,1.4730400000000001,1.47238,1.47272,1332.0
2024-03-11 17:30:00,FX:EURCAD,1.47272,1.47315,1.47261,1.473,7069.0
2024-03-11 17:45:00,FX:EURCAD,1.473,1.47325,1.47299,1.4730400000000001,2435.0
2024-03-11 18:00:00,FX:EURCAD,1.4730400000000001,1.47306,1.47275,1.4729400000000001,387.0
2024-03-11 18:15:00,FX:EURCAD,1.4729400000000001,1.47308,1.47293,1.47298,281.0
2024-03-11 18:30:00,FX:EURCAD,1.47298,1.47306,1.47281,1.4729100000000002,276.0
2024-03-11 18:45:00,FX:EURCAD,1.4729100000000002,1.47299,1.4728,1.4729400000000001,253.0
2024-03-11 19:00:00,FX:EURCAD,1.4729400000000001,1.47303,1.4728700000000001,1.47302,210.0
2024-03-11 19:15:00,FX:EURCAD,1.47302,1.4732800000000001,1.4729700000000001,1.47322,411.0
2024-03-11 19:30:00,FX:EURCAD,1.47322,1.47342,1.4732100000000001,1.47327,508.0
2024-03-11 19:45:00,FX:EURCAD,1.47327,1.4733800000000001,1.47313,1.4731400000000001,375.0
2024-03-11 20:00:00,FX:EURCAD,1.4731400000000001,1.47332,1.47305,1.47319,1131.0
2024-03-11 20:15:00,FX:EURCAD,1.47319,1.4733,1.47317,1.47329,571.0
2024-03-11 20:30:00,FX:EURCAD,1.47329,1.4733100000000001,1.4731400000000001,1.47322,802.0
2024-03-11 20:45:00,FX:EURCAD,1.47322,1.4733,1.47316,1.47319,1160.0
2024-03-11 21:00:00,FX:EURCAD,1.47319,1.4732800000000001,1.47293,1.4729400000000001,996.0
2024-03-11 21:15:00,FX:EURCAD,1.4729400000000001,1.47319,1.47292,1.47309,886.0
2024-03-11 21:30:00,FX:EURCAD,1.47309,1.4734,1.47309,1.4732100000000001,1280.0
2024-03-11 21:45:00,FX:EURCAD,1.4732100000000001,1.47341,1.47315,1.47333,1144.0
2024-03-11 22:00:00,FX:EURCAD,1.47333,1.47356,1.47326,1.47347,1476.0
2024-03-11 22:15:00,FX:EURCAD,1.47347,1.47361,1.47327,1.4732800000000001,1474.0
2024-03-11 22:30:00,FX:EURCAD,1.4732800000000001,1.4736500000000001,1.47325,1.4736,1082.0
2024-03-11 22:45:00,FX:EURCAD,1.4736,1.4737200000000001,1.47349,1.4737200000000001,993.0
2024-03-11 23:00:00,FX:EURCAD,1.4737200000000001,1.4737900000000002,1.4734500000000001,1.47347,885.0
2024-03-11 23:15:00,FX:EURCAD,1.47347,1.4735800000000001,1.4733100000000001,1.47354,835.0
2024-03-11 23:30:00,FX:EURCAD,1.47354,1.4736500000000001,1.47349,1.47357,770.0
2024-03-11 23:45:00,FX:EURCAD,1.47357,1.4737,1.47344,1.47366,684.0
2024-03-12 00:00:00,FX:EURCAD,1.47366,1.4737500000000001,1.4735200000000002,1.47371,908.0
2024-03-12 00:15:00,FX:EURCAD,1.47371,1.47385,1.47361,1.47384,800.0
2024-03-12 00:30:00,FX:EURCAD,1.47384,1.47385,1.47353,1.47366,611.0
2024-03-12 00:45:00,FX:EURCAD,1.47366,1.47371,1.47351,1.47371,689.0
2024-03-12 01:00:00,FX:EURCAD,1.47371,1.4737500000000001,1.47349,1.4736200000000002,924.0
2024-03-12 01:15:00,FX:EURCAD,1.4736200000000002,1.4736500000000001,1.4735,1.4736,763.0
2024-03-12 01:30:00,FX:EURCAD,1.4736,1.47378,1.47353,1.47373,1134.0
2024-03-12 01:45:00,FX:EURCAD,1.47373,1.47403,1.47363,1.4739200000000001,1156.0
2024-03-12 02:00:00,FX:EURCAD,1.4739200000000001,1.47394,1.4736200000000002,1.47371,1587.0
2024-03-12 02:15:00,FX:EURCAD,1.47371,1.474,1.47366,1.47384,1011.0
2024-03-12 02:30:00,FX:EURCAD,1.47384,1.47386,1.4734800000000001,1.47361,1114.0
2024-03-12 02:45:00,FX:EURCAD,1.47361,1.47371,1.47342,1.47351,1251.0
2024-03-12 03:00:00,FX:EURCAD,1.47351,1.47371,1.47323,1.4734500000000001,2330.0
2024-03-12 03:15:00,FX:EURCAD,1.4734500000000001,1.47351,1.4731,1.4733500000000002,1872.0
2024-03-12 03:30:00,FX:EURCAD,1.4733500000000002,1.47377,1.47305,1.4731400000000001,2059.0
2024-03-12 03:45:00,FX:EURCAD,1.4731400000000001,1.47316,1.47273,1.47281,2164.0
2024-03-12 04:00:00,FX:EURCAD,1.47281,1.47316,1.47245,1.47288,2791.0
2024-03-12 04:15:00,FX:EURCAD,1.47288,1.47292,1.47228,1.4725700000000002,2625.0
2024-03-12 04:30:00,FX:EURCAD,1.4725700000000002,1.47264,1.47203,1.47222,2817.0
2024-03-12 04:45:00,FX:EURCAD,1.47222,1.4722300000000001,1.47183,1.47195,2445.0
2024-03-12 05:00:00,FX:EURCAD,1.47195,1.47239,1.47181,1.47201,2184.0
2024-03-12 05:15:00,FX:EURCAD,1.47201,1.4724000000000002,1.4717500000000001,1.4722600000000001,2025.0
2024-03-12 05:30:00,FX:EURCAD,1.4722600000000001,1.47272,1.47218,1.47269,2129.0
2024-03-12 05:45:00,FX:EURCAD,1.47269,1.47283,1.47237,1.47265,1888.0
2024-03-12 06:00:00,FX:EURCAD,1.47265,1.47288,1.47195,1.47232,2852.0
2024-03-12 06:15:00,FX:EURCAD,1.47232,1.4726000000000001,1.47208,1.47214,2274.0
2024-03-12 06:30:00,FX:EURCAD,1.47214,1.47251,1.4721300000000002,1.4724000000000002,1663.0
2024-03-12 06:45:00,FX:EURCAD,1.4724000000000002,1.47278,1.47237,1.4727700000000001,1745.0
2024-03-12 07:00:00,FX:EURCAD,1.4727700000000001,1.47339,1.4727700000000001,1.47313,2103.0
2024-03-12 07:15:00,FX:EURCAD,1.47313,1.4736,1.473,1.47351,2010.0
2024-03-12 07:30:00,FX:EURCAD,1.47351,1.47412,1.47299,1.47407,2471.0
2024-03-12 07:45:00,FX:EURCAD,1.47407,1.47432,1.47363,1.47385,2733.0
2024-03-12 08:00:00,FX:EURCAD,1.47385,1.4745000000000001,1.47374,1.47405,3221.0
2024-03-12 08:15:00,FX:EURCAD,1.47405,1.47437,1.4735800000000001,1.4739200000000001,3193.0
2024-03-12 08:30:00,FX:EURCAD,1.4739200000000001,1.4743300000000001,1.47203,1.47391,20423.0
2024-03-12 08:45:00,FX:EURCAD,1.47391,1.47427,1.47312,1.4735,10039.0
2024-03-12 09:00:00,FX:EURCAD,1.4735,1.47425,1.4732100000000001,1.47415,9829.0
2024-03-12 09:15:00,FX:EURCAD,1.47415,1.47432,1.47332,1.4735,6595.0
2024-03-12 09:30:00,FX:EURCAD,1.4735,1.4748700000000001,1.4731100000000001,1.4747700000000001,10224.0
2024-03-12 09:45:00,FX:EURCAD,1.4747700000000001,1.4747700000000001,1.47367,1.47373,7868.0
2024-03-12 10:00:00,FX:EURCAD,1.47373,1.47424,1.47333,1.47402,6779.0
2024-03-12 10:15:00,FX:EURCAD,1.47402,1.4741600000000001,1.47309,1.47364,5254.0
2024-03-12 10:30:00,FX:EURCAD,1.47364,1.4737500000000001,1.4730400000000001,1.47308,4090.0
2024-03-12 10:45:00,FX:EURCAD,1.47308,1.47373,1.47292,1.4733500000000002,4162.0
2024-03-12 11:00:00,FX:EURCAD,1.4733500000000002,1.47347,1.47259,1.4733500000000002,4170.0
2024-03-12 11:15:00,FX:EURCAD,1.4733500000000002,1.47339,1.47292,1.4732100000000001,3492.0
2024-03-12 11:30:00,FX:EURCAD,1.4732100000000001,1.4733100000000001,1.47239,1.47282,3777.0
2024-03-12 11:45:00,FX:EURCAD,1.47282,1.47385,1.47271,1.47351,4755.0
2024-03-12 12:00:00,FX:EURCAD,1.47351,1.4743,1.47349,1.4738,3032.0
2024-03-12 12:15:00,FX:EURCAD,1.4738,1.47432,1.47366,1.47391,3769.0
2024-03-12 12:30:00,FX:EURCAD,1.47391,1.4742600000000001,1.47353,1.47391,3409.0
2024-03-12 12:45:00,FX:EURCAD,1.47391,1.4740900000000001,1.4737,1.47398,3097.0
2024-03-12 13:00:00,FX:EURCAD,1.47398,1.47444,1.47383,1.4742300000000002,3843.0
2024-03-12 13:15:00,FX:EURCAD,1.4742300000000002,1.4743,1.47393,1.47405,2812.0
2024-03-12 13:30:00,FX:EURCAD,1.47405,1.4741300000000002,1.47381,1.4739200000000001,2402.0
2024-03-12 13:45:00,FX:EURCAD,1.4739200000000001,1.4743600000000001,1.47386,1.4740900000000001,1908.0
2024-03-12 14:00:00,FX:EURCAD,1.4740900000000001,1.4743,1.47391,1.47412,1458.0
2024-03-12 14:15:00,FX:EURCAD,1.47412,1.47427,1.47391,1.47401,1665.0
2024-03-12 14:30:00,FX:EURCAD,1.47401,1.47425,1.4739600000000002,1.47401,2034.0
2024-03-12 14:45:00,FX:EURCAD,1.47401,1.4744000000000002,1.47394,1.4743,1589.0
2024-03-12 15:00:00,FX:EURCAD,1.4743,1.4745300000000001,1.4741,1.4741600000000001,1380.0
2024-03-12 15:15:00,FX:EURCAD,1.4741600000000001,1.4742300000000002,1.47395,1.474,1310.0
2024-03-12 15:30:00,FX:EURCAD,1.474,1.4742,1.47391,1.47394,1302.0
2024-03-12 15:45:00,FX:EURCAD,1.47394,1.4743300000000001,1.4739,1.4740600000000001,1468.0
2024-03-12 16:00:00,FX:EURCAD,1.4740600000000001,1.4741600000000001,1.4739200000000001,1.4740900000000001,615.0
2024-03-12 16:15:00,FX:EURCAD,1.4740900000000001,1.47415,1.47395,1.4740900000000001,373.0
2024-03-12 16:30:00,FX:EURCAD,1.4740900000000001,1.47431,1.47407,1.47418,448.0
2024-03-12 16:45:00,FX:EURCAD,1.47418,1.47428,1.47351,1.47357,737.0
2024-03-12 17:00:00,FX:EURCAD,1.47357,1.47397,1.47332,1.4737900000000002,212.0
2024-03-12 17:15:00,FX:EURCAD,1.4737900000000002,1.47403,1.47366,1.47395,523.0
2024-03-12 17:30:00,FX:EURCAD,1.47395,1.47407,1.47384,1.47398,4333.0
2024-03-12 17:45:00,FX:EURCAD,1.47398,1.47404,1.47386,1.47398,2409.0
2024-03-12 18:00:00,FX:EURCAD,1.47398,1.47438,1.47397,1.47438,287.0
2024-03-12 18:15:00,FX:EURCAD,1.47438,1.47442,1.47424,1.47442,140.0
2024-03-12 18:30:00,FX:EURCAD,1.47442,1.47442,1.47429,1.47432,82.0
2024-03-12 18:45:00,FX:EURCAD,1.47432,1.47446,1.4741900000000001,1.4741900000000001,226.0
2024-03-12 19:00:00,FX:EURCAD,1.4741900000000001,1.47431,1.47415,1.47424,292.0
2024-03-12 19:15:00,FX:EURCAD,1.47424,1.4743,1.47412,1.47415,392.0
2024-03-12 19:30:00,FX:EURCAD,1.47415,1.4742300000000002,1.4740600000000001,1.47412,627.0
2024-03-12 19:45:00,FX:EURCAD,1.47412,1.47435,1.47411,1.47432,588.0
2024-03-12 20:00:00,FX:EURCAD,1.47432,1.47449,1.4742300000000002,1.47429,1053.0
2024-03-12 20:15:00,FX:EURCAD,1.47429,1.47448,1.47421,1.47448,798.0
2024-03-12 20:30:00,FX:EURCAD,1.47448,1.47452,1.4742600000000001,1.47441,623.0
2024-03-12 20:45:00,FX:EURCAD,1.47441,1.47451,1.4741600000000001,1.4743300000000001,1753.0
2024-03-12 21:00:00,FX:EURCAD,1.4743300000000001,1.47441,1.4741600000000001,1.4744000000000002,1881.0
2024-03-12 21:15:00,FX:EURCAD,1.4744000000000002,1.47447,1.47424,1.47438,1735.0
2024-03-12 21:30:00,FX:EURCAD,1.47438,1.47454,1.47415,1.47435,1731.0
2024-03-12 21:45:00,FX:EURCAD,1.47435,1.47442,1.4742300000000002,1.4742600000000001,1424.0
2024-03-12 22:00:00,FX:EURCAD,1.4742600000000001,1.4743600000000001,1.4741,1.47418,1125.0
2024-03-12 22:15:00,FX:EURCAD,1.47418,1.47434,1.47412,1.47428,1115.0
2024-03-12 22:30:00,FX:EURCAD,1.47428,1.47465,1.47425,1.47454,1137.0
2024-03-12 22:45:00,FX:EURCAD,1.47454,1.47464,1.47446,1.47451,1197.0
2024-03-12 23:00:00,FX:EURCAD,1.47451,1.4748400000000002,1.47439,1.4745000000000001,878.0
2024-03-12 23:15:00,FX:EURCAD,1.4745000000000001,1.4747700000000001,1.4743600000000001,1.47464,983.0
2024-03-12 23:30:00,FX:EURCAD,1.47464,1.4747000000000001,1.47446,1.47459,1414.0
2024-03-12 23:45:00,FX:EURCAD,1.47459,1.47461,1.47441,1.47454,1020.0
2024-03-13 00:00:00,FX:EURCAD,1.47454,1.47471,1.47425,1.47435,1224.0
2024-03-13 00:15:00,FX:EURCAD,1.47435,1.47455,1.47431,1.4744000000000002,1206.0
2024-03-13 00:30:00,FX:EURCAD,1.4744000000000002,1.47444,1.4742,1.4742600000000001,1843.0
2024-03-13 00:45:00,FX:EURCAD,1.4742600000000001,1.47438,1.47388,1.47405,1706.0
2024-03-13 01:00:00,FX:EURCAD,1.47405,1.47431,1.47402,1.47429,1100.0
2024-03-13 01:15:00,FX:EURCAD,1.47429,1.47454,1.4742300000000002,1.47444,1237.0
2024-03-13 01:30:00,FX:EURCAD,1.47444,1.47462,1.47429,1.47451,1257.0
2024-03-13 01:45:00,FX:EURCAD,1.47451,1.47465,1.4743300000000001,1.47448,950.0
2024-03-13 02:00:00,FX:EURCAD,1.47448,1.47448,1.4741300000000002,1.47435,926.0
2024-03-13 02:15:00,FX:EURCAD,1.47435,1.47463,1.47431,1.47461,895.0
2024-03-13 02:30:00,FX:EURCAD,1.47461,1.4747400000000002,1.47439,1.4745000000000001,1259.0
2024-03-13 02:45:00,FX:EURCAD,1.4745000000000001,1.47481,1.47444,1.47465,1179.0
2024-03-13 03:00:00,FX:EURCAD,1.47465,1.47481,1.4743300000000001,1.47473,1852.0
2024-03-13 03:15:00,FX:EURCAD,1.47473,1.47486,1.4739600000000002,1.4741,1848.0
2024-03-13 03:30:00,FX:EURCAD,1.4741,1.4742600000000001,1.4739600000000002,1.47422,2087.0
2024-03-13 03:45:00,FX:EURCAD,1.47422,1.4745000000000001,1.4736500000000001,1.4737,2173.0
2024-03-13 04:00:00,FX:EURCAD,1.4737,1.4744000000000002,1.4734800000000001,1.47418,3070.0
2024-03-13 04:15:00,FX:EURCAD,1.47418,1.4743600000000001,1.47374,1.47431,2458.0
2024-03-13 04:30:00,FX:EURCAD,1.47431,1.47454,1.47411,1.4745300000000001,2146.0
2024-03-13 04:45:00,FX:EURCAD,1.4745300000000001,1.47469,1.47367,1.47387,1832.0
2024-03-13 05:00:00,FX:EURCAD,1.47387,1.47393,1.47329,1.47351,2277.0
2024-03-13 05:15:00,FX:EURCAD,1.47351,1.47369,1.4731100000000001,1.47312,2759.0
2024-03-13 05:30:00,FX:EURCAD,1.47312,1.47384,1.47306,1.47374,2741.0
2024-03-13 05:45:00,FX:EURCAD,1.47374,1.47404,1.47344,1.4736500000000001,2200.0
2024-03-13 06:00:00,FX:EURCAD,1.4736500000000001,1.47468,1.47357,1.4746700000000001,2089.0
2024-03-13 06:15:00,FX:EURCAD,1.4746700000000001,1.4748700000000001,1.47437,1.4746700000000001,2050.0
2024-03-13 06:30:00,FX:EURCAD,1.4746700000000001,1.47509,1.4745000000000001,1.47482,2410.0
2024-03-13 06:45:00,FX:EURCAD,1.47482,1.47502,1.47451,1.47465,2013.0
2024-03-13 07:00:00,FX:EURCAD,1.47465,1.47542,1.47459,1.47529,2027.0
2024-03-13 07:15:00,FX:EURCAD,1.47529,1.47583,1.47509,1.47566,1774.0
2024-03-13 07:30:00,FX:EURCAD,1.47566,1.47593,1.47533,1.4757,2353.0
2024-03-13 07:45:00,FX:EURCAD,1.4757,1.47627,1.47563,1.4756500000000001,2277.0
2024-03-13 08:00:00,FX:EURCAD,1.4756500000000001,1.47584,1.4753100000000001,1.47542,3512.0
2024-03-13 08:15:00,FX:EURCAD,1.47542,1.47629,1.47522,1.4757500000000001,3181.0
2024-03-13 08:30:00,FX:EURCAD,1.4757500000000001,1.47595,1.4754,1.4759,3778.0
2024-03-13 08:45:00,FX:EURCAD,1.4759,1.4760600000000001,1.47508,1.47547,3534.0
2024-03-13 09:00:00,FX:EURCAD,1.47547,1.47588,1.47523,1.47576,3193.0
2024-03-13 09:15:00,FX:EURCAD,1.47576,1.47587,1.47546,1.4756,2403.0
2024-03-13 09:30:00,FX:EURCAD,1.4756,1.4756500000000001,1.47462,1.4747400000000002,4488.0
2024-03-13 09:45:00,FX:EURCAD,1.4747400000000002,1.4751100000000001,1.47369,1.47377,3849.0
2024-03-13 10:00:00,FX:EURCAD,1.47377,1.47387,1.47259,1.4732,4176.0
2024-03-13 10:15:00,FX:EURCAD,1.4732,1.4733800000000001,1.4729,1.47322,3417.0
2024-03-13 10:30:00,FX:EURCAD,1.47322,1.4734500000000001,1.47249,1.4732,4178.0
2024-03-13 10:45:00,FX:EURCAD,1.4732,1.47359,1.47262,1.4733,3853.0
2024-03-13 11:00:00,FX:EURCAD,1.4733,1.47366,1.47319,1.4734500000000001,3414.0
2024-03-13 11:15:00,FX:EURCAD,1.4734500000000001,1.47404,1.47329,1.47398,2930.0
2024-03-13 11:30:00,FX:EURCAD,1.47398,1.4742600000000001,1.47363,1.47368,2839.0
2024-03-13 11:45:00,FX:EURCAD,1.47368,1.4741900000000001,1.4735200000000002,1.47417,3196.0
2024-03-13 12:00:00,FX:EURCAD,1.47417,1.4742600000000001,1.4737500000000001,1.47405,3529.0
2024-03-13 12:15:00,FX:EURCAD,1.47405,1.47439,1.47377,1.47432,2929.0
2024-03-13 12:30:00,FX:EURCAD,1.47432,1.47432,1.4737500000000001,1.474,2378.0
2024-03-13 12:45:00,FX:EURCAD,1.474,1.47468,1.47384,1.47461,2507.0
2024-03-13 13:00:00,FX:EURCAD,1.47461,1.47595,1.47455,1.47567,5897.0
2024-03-13 13:15:00,FX:EURCAD,1.47567,1.4757900000000002,1.475,1.47512,3138.0
2024-03-13 13:30:00,FX:EURCAD,1.47512,1.4757,1.47506,1.47519,2184.0
2024-03-13 13:45:00,FX:EURCAD,1.47519,1.4752800000000001,1.47498,1.4750400000000001,1586.0
2024-03-13 14:00:00,FX:EURCAD,1.4750400000000001,1.47515,1.47478,1.47485,1440.0
2024-03-13 14:15:00,FX:EURCAD,1.47485,1.47499,1.4746000000000001,1.47471,1837.0
2024-03-13 14:30:00,FX:EURCAD,1.47471,1.47492,1.47459,1.4748,1518.0
2024-03-13 14:45:00,FX:EURCAD,1.4748,1.47489,1.47452,1.47468,1687.0
2024-03-13 15:00:00,FX:EURCAD,1.47468,1.47481,1.47447,1.4747000000000001,1871.0
2024-03-13 15:15:00,FX:EURCAD,1.4747000000000001,1.47486,1.47449,1.47478,2206.0
2024-03-13 15:30:00,FX:EURCAD,1.47478,1.47481,1.47438,1.4745000000000001,1771.0
2024-03-13 15:45:00,FX:EURCAD,1.4745000000000001,1.47475,1.47434,1.4747000000000001,1803.0
2024-03-13 16:00:00,FX:EURCAD,1.4747000000000001,1.47508,1.47463,1.4749400000000001,966.0
2024-03-13 16:15:00,FX:EURCAD,1.4749400000000001,1.47503,1.4747000000000001,1.4747700000000001,430.0
2024-03-13 16:30:00,FX:EURCAD,1.4747700000000001,1.47507,1.47452,1.4747000000000001,926.0
2024-03-13 16:45:00,FX:EURCAD,1.4747000000000001,1.4749100000000002,1.47407,1.4741,823.0
2024-03-13 17:00:00,FX:EURCAD,1.4741,1.47495,1.4741,1.47456,854.0
2024-03-13 17:15:00,FX:EURCAD,1.47456,1.47475,1.47429,1.47451,578.0
2024-03-13 17:30:00,FX:EURCAD,1.47451,1.4751,1.47404,1.47479,4321.0
2024-03-13 17:45:00,FX:EURCAD,1.47479,1.47489,1.47455,1.4747700000000001,1251.0
2024-03-13 18:00:00,FX:EURCAD,1.4747700000000001,1.4751,1.4746000000000001,1.47495,757.0
2024-03-13 18:15:00,FX:EURCAD,1.47495,1.4751,1.4749400000000001,1.47505,330.0
2024-03-13 18:30:00,FX:EURCAD,1.47505,1.47512,1.4749400000000001,1.47498,198.0
2024-03-13 18:45:00,FX:EURCAD,1.47498,1.47506,1.4749400000000001,1.47503,234.0
2024-03-13 19:00:00,FX:EURCAD,1.47503,1.4751800000000002,1.4749,1.47508,470.0
2024-03-13 19:15:00,FX:EURCAD,1.47508,1.4751800000000002,1.47503,1.47516,321.0
2024-03-13 19:30:00,FX:EURCAD,1.47516,1.4751800000000002,1.4749100000000002,1.47506,431.0
2024-03-13 19:45:00,FX:EURCAD,1.47506,1.47512,1.47473,1.47479,436.0
2024-03-13 20:00:00,FX:EURCAD,1.47479,1.47495,1.47441,1.47448,1339.0
2024-03-13 20:15:00,FX:EURCAD,1.47448,1.4748400000000002,1.47445,1.47471,729.0
2024-03-13 20:30:00,FX:EURCAD,1.47471,1.47471,1.4743300000000001,1.47442,842.0
2024-03-13 20:45:00,FX:EURCAD,1.47442,1.47452,1.4742300000000002,1.47449,1231.0
2024-03-13 21:00:00,FX:EURCAD,1.47449,1.47468,1.4742,1.47425,1540.0
2024-03-13 21:15:00,FX:EURCAD,1.47425,1.4744300000000001,1.47417,1.4744000000000002,1719.0
2024-03-13 21:30:00,FX:EURCAD,1.4744000000000002,1.47446,1.474,1.47403,988.0
2024-03-13 21:45:00,FX:EURCAD,1.47403,1.47428,1.4739,1.4741600000000001,1070.0
2024-03-13 22:00:00,FX:EURCAD,1.4741600000000001,1.47429,1.47407,1.47407,1015.0
2024-03-13 22:15:00,FX:EURCAD,1.47407,1.47432,1.4740600000000001,1.4742300000000002,908.0
2024-03-13 22:30:00,FX:EURCAD,1.4742300000000002,1.47437,1.47412,1.47415,738.0
2024-03-13 22:45:00,FX:EURCAD,1.47415,1.47437,1.4741,1.47432,846.0
2024-03-13 23:00:00,FX:EURCAD,1.47432,1.47439,1.47418,1.47421,1220.0
2024-03-13 23:15:00,FX:EURCAD,1.47421,1.47437,1.4742,1.47434,1139.0
2024-03-13 23:30:00,FX:EURCAD,1.47434,1.4746000000000001,1.47421,1.47454,2047.0
2024-03-13 23:45:00,FX:EURCAD,1.47454,1.4746700000000001,1.47442,1.47456,2196.0
2024-03-14 00:00:00,FX:EURCAD,1.47456,1.47461,1.47441,1.47449,2024.0
2024-03-14 00:15:00,FX:EURCAD,1.47449,1.47459,1.47421,1.4743,1119.0
2024-03-14 00:30:00,FX:EURCAD,1.4743,1.4744300000000001,1.47403,1.4744300000000001,990.0
2024-03-14 00:45:00,FX:EURCAD,1.4744300000000001,1.4745000000000001,1.4742300000000002,1.47447,727.0
2024-03-14 01:00:00,FX:EURCAD,1.47447,1.47468,1.47442,1.47445,1091.0
2024-03-14 01:15:00,FX:EURCAD,1.47445,1.47471,1.47445,1.47464,1072.0
2024-03-14 01:30:00,FX:EURCAD,1.47464,1.47481,1.4745000000000001,1.47458,1521.0
2024-03-14 01:45:00,FX:EURCAD,1.47458,1.47468,1.47439,1.4744000000000002,1458.0
2024-03-14 02:00:00,FX:EURCAD,1.4744000000000002,1.47469,1.47431,1.47449,1176.0
2024-03-14 02:15:00,FX:EURCAD,1.47449,1.47456,1.47417,1.47439,1067.0
2024-03-14 02:30:00,FX:EURCAD,1.47439,1.47441,1.47397,1.4739900000000001,1168.0
2024-03-14 02:45:00,FX:EURCAD,1.4739900000000001,1.4741300000000002,1.47351,1.47356,1296.0
2024-03-14 03:00:00,FX:EURCAD,1.47356,1.47438,1.4735500000000001,1.47435,2066.0
2024-03-14 03:15:00,FX:EURCAD,1.47435,1.47473,1.47429,1.4745300000000001,1695.0
2024-03-14 03:30:00,FX:EURCAD,1.4745300000000001,1.47465,1.47344,1.4735500000000001,3385.0
2024-03-14 03:45:00,FX:EURCAD,1.4735500000000001,1.47364,1.47306,1.47308,2407.0
2024-03-14 04:00:00,FX:EURCAD,1.47308,1.47344,1.473,1.47326,3354.0
2024-03-14 04:15:00,FX:EURCAD,1.47326,1.47424,1.4731,1.47418,2866.0
2024-03-14 04:30:00,FX:EURCAD,1.47418,1.47429,1.47366,1.47376,2490.0
2024-03-14 04:45:00,FX:EURCAD,1.47376,1.47377,1.47317,1.47342,2230.0
2024-03-14 05:00:00,FX:EURCAD,1.47342,1.47393,1.47334,1.47367,1964.0
2024-03-14 05:15:00,FX:EURCAD,1.47367,1.4738,1.4732,1.4737200000000001,1871.0
2024-03-14 05:30:00,FX:EURCAD,1.4737200000000001,1.4737900000000002,1.4732800000000001,1.47347,1765.0
2024-03-14 05:45:00,FX:EURCAD,1.47347,1.4736,1.47288,1.47309,2098.0
2024-03-14 06:00:00,FX:EURCAD,1.47309,1.47341,1.4728700000000001,1.47339,2583.0
2024-03-14 06:15:00,FX:EURCAD,1.47339,1.47341,1.47299,1.47299,2002.0
2024-03-14 06:30:00,FX:EURCAD,1.47299,1.47327,1.47269,1.47322,1822.0
2024-03-14 06:45:00,FX:EURCAD,1.47322,1.4735200000000002,1.47306,1.47325,1796.0
2024-03-14 07:00:00,FX:EURCAD,1.47325,1.47339,1.4728,1.4732800000000001,1639.0
2024-03-14 07:15:00,FX:EURCAD,1.4732800000000001,1.47371,1.47313,1.47349,1731.0
2024-03-14 07:30:00,FX:EURCAD,1.47349,1.47364,1.47327,1.4733,1817.0
2024-03-14 07:45:00,FX:EURCAD,1.4733,1.47347,1.4727000000000001,1.4729,2028.0
2024-03-14 08:00:00,FX:EURCAD,1.4729,1.4735200000000002,1.4727700000000001,1.47315,3136.0
2024-03-14 08:15:00,FX:EURCAD,1.47315,1.47336,1.47211,1.47225,2944.0
2024-03-14 08:30:00,FX:EURCAD,1.47225,1.47336,1.4713,1.47281,9786.0
2024-03-14 08:45:00,FX:EURCAD,1.47281,1.47339,1.47259,1.47303,6002.0
2024-03-14 09:00:00,FX:EURCAD,1.47303,1.47317,1.47225,1.4726000000000001,4845.0
2024-03-14 09:15:00,FX:EURCAD,1.4726000000000001,1.47273,1.47154,1.4715500000000001,5542.0
2024-03-14 09:30:00,FX:EURCAD,1.4715500000000001,1.4725300000000001,1.47149,1.47231,4922.0
2024-03-14 09:45:00,FX:EURCAD,1.47231,1.47268,1.4719900000000001,1.47234,5653.0
2024-03-14 10:00:00,FX:EURCAD,1.47234,1.47286,1.4721300000000002,1.47217,5304.0
2024-03-14 10:15:00,FX:EURCAD,1.47217,1.47239,1.47163,1.4723000000000002,4369.0
2024-03-14 10:30:00,FX:EURCAD,1.4723000000000002,1.4724300000000001,1.4718900000000001,1.47195,4305.0
2024-03-14 10:45:00,FX:EURCAD,1.47195,1.4723300000000001,1.47161,1.4719200000000001,4250.0
2024-03-14 11:00:00,FX:EURCAD,1.4719200000000001,1.4726700000000001,1.4718900000000001,1.47244,4414.0
2024-03-14 11:15:00,FX:EURCAD,1.47244,1.47275,1.47212,1.47273,4306.0
2024-03-14 11:30:00,FX:EURCAD,1.47273,1.47334,1.47256,1.47279,4698.0
2024-03-14 11:45:00,FX:EURCAD,1.47279,1.47282,1.47151,1.4716900000000002,4890.0
2024-03-14 12:00:00,FX:EURCAD,1.4716900000000002,1.47278,1.47167,1.47239,3380.0
2024-03-14 12:15:00,FX:EURCAD,1.47239,1.4725000000000001,1.47187,1.47204,2784.0
2024-03-14 12:30:00,FX:EURCAD,1.47204,1.47222,1.47153,1.47171,2348.0
2024-03-14 12:45:00,FX:EURCAD,1.47171,1.47228,1.4715500000000001,1.47222,3099.0
2024-03-14 13:00:00,FX:EURCAD,1.47222,1.47279,1.47217,1.47237,2916.0
2024-03-14 13:15:00,FX:EURCAD,1.47237,1.47296,1.47231,1.47283,1908.0
2024-03-14 13:30:00,FX:EURCAD,1.47283,1.4731100000000001,1.47229,1.47279,2604.0
2024-03-14 13:45:00,FX:EURCAD,1.47279,1.4729400000000001,1.47237,1.4724000000000002,1852.0
2024-03-14 14:00:00,FX:EURCAD,1.4724000000000002,1.4730100000000002,1.4724000000000002,1.47279,2265.0
2024-03-14 14:15:00,FX:EURCAD,1.47279,1.47312,1.4727000000000001,1.47299,1774.0
2024-03-14 14:30:00,FX:EURCAD,1.47299,1.47306,1.47265,1.47295,2407.0
2024-03-14 14:45:00,FX:EURCAD,1.47295,1.47315,1.4726700000000001,1.47295,1945.0
2024-03-14 15:00:00,FX:EURCAD,1.47295,1.47363,1.47295,1.47347,2159.0
2024-03-14 15:15:00,FX:EURCAD,1.47347,1.47349,1.4731,1.4731100000000001,1658.0
2024-03-14 15:30:00,FX:EURCAD,1.4731100000000001,1.4733500000000002,1.47286,1.47307,1554.0
2024-03-14 15:45:00,FX:EURCAD,1.47307,1.47364,1.47299,1.47344,2398.0
2024-03-14 16:00:00,FX:EURCAD,1.47344,1.47364,1.47296,1.47306,1156.0
2024-03-14 16:15:00,FX:EURCAD,1.47306,1.47307,1.47268,1.47285,972.0
2024-03-14 16:30:00,FX:EURCAD,1.47285,1.4731,1.47283,1.47286,613.0
2024-03-14 16:45:00,FX:EURCAD,1.47286,1.4731,1.47218,1.4722300000000001,1165.0
2024-03-14 17:00:00,FX:EURCAD,1.4722300000000001,1.4730100000000002,1.4722300000000001,1.4728,315.0
2024-03-14 17:15:00,FX:EURCAD,1.4728,1.47285,1.47241,1.47275,2035.0
2024-03-14 17:30:00,FX:EURCAD,1.47275,1.4728700000000001,1.47157,1.47275,6042.0
2024-03-14 17:45:00,FX:EURCAD,1.47275,1.47305,1.47241,1.4727700000000001,2325.0
2024-03-14 18:00:00,FX:EURCAD,1.4727700000000001,1.4732,1.4726700000000001,1.4731400000000001,428.0
2024-03-14 18:15:00,FX:EURCAD,1.4731400000000001,1.4731800000000002,1.47303,1.47305,236.0
2024-03-14 18:30:00,FX:EURCAD,1.47305,1.4732,1.47298,1.47319,189.0
2024-03-14 18:45:00,FX:EURCAD,1.47319,1.47339,1.47305,1.4733500000000002,265.0
2024-03-14 19:00:00,FX:EURCAD,1.4733500000000002,1.47361,1.47333,1.47347,297.0
2024-03-14 19:15:00,FX:EURCAD,1.47347,1.47363,1.47332,1.47359,340.0
2024-03-14 19:30:00,FX:EURCAD,1.47359,1.4737,1.47333,1.4736,801.0
2024-03-14 19:45:00,FX:EURCAD,1.4736,1.47364,1.47316,1.47316,571.0
2024-03-14 20:00:00,FX:EURCAD,1.47316,1.47343,1.4729100000000002,1.47293,1506.0
2024-03-14 20:15:00,FX:EURCAD,1.47293,1.47322,1.4728,1.4728700000000001,1099.0
2024-03-14 20:30:00,FX:EURCAD,1.4728700000000001,1.4731100000000001,1.47279,1.4728700000000001,839.0
2024-03-14 20:45:00,FX:EURCAD,1.4728700000000001,1.4732,1.47269,1.4728700000000001,1664.0
2024-03-14 21:00:00,FX:EURCAD,1.4728700000000001,1.47293,1.4725000000000001,1.47261,1352.0
2024-03-14 21:15:00,FX:EURCAD,1.47261,1.47276,1.47247,1.47266,1802.0
2024-03-14 21:30:00,FX:EURCAD,1.47266,1.4728700000000001,1.47247,1.47282,1137.0
2024-03-14 21:45:00,FX:EURCAD,1.47282,1.47296,1.47265,1.47282,1168.0
2024-03-14 22:00:00,FX:EURCAD,1.47282,1.4729100000000002,1.47268,1.47269,1292.0
2024-03-14 22:15:00,FX:EURCAD,1.47269,1.47289,1.4725000000000001,1.47256,1091.0
2024-03-14 22:30:00,FX:EURCAD,1.47256,1.47266,1.47235,1.47251,1655.0
2024-03-14 22:45:00,FX:EURCAD,1.47251,1.4727000000000001,1.47231,1.47232,985.0
2024-03-14 23:00:00,FX:EURCAD,1.47232,1.4727000000000001,1.47231,1.47266,856.0
2024-03-14 23:15:00,FX:EURCAD,1.47266,1.4726700000000001,1.47221,1.47238,1245.0
2024-03-14 23:30:00,FX:EURCAD,1.47238,1.47249,1.4723000000000002,1.4724300000000001,1022.0
2024-03-14 23:45:00,FX:EURCAD,1.4724300000000001,1.47256,1.4721300000000002,1.47215,1031.0
2024-03-15 00:00:00,FX:EURCAD,1.47215,1.47229,1.4719600000000002,1.4722300000000001,777.0
2024-03-15 00:15:00,FX:EURCAD,1.4722300000000001,1.47238,1.4722300000000001,1.47235,1601.0
2024-03-15 00:30:00,FX:EURCAD,1.47235,1.4724000000000002,1.47228,1.4723600000000001,303.0
2024-03-15 00:45:00,FX:EURCAD,1.4723600000000001,1.4724300000000001,1.47225,1.47239,1162.0
2024-03-15 01:00:00,FX:EURCAD,1.47239,1.47249,1.47222,1.47238,1134.0
2024-03-15 01:15:00,FX:EURCAD,1.47238,1.4724000000000002,1.4720900000000001,1.47212,1170.0
2024-03-15 01:30:00,FX:EURCAD,1.47212,1.47234,1.47208,1.47228,1080.0
2024-03-15 01:45:00,FX:EURCAD,1.47228,1.4724000000000002,1.4721,1.47222,1561.0
2024-03-15 02:00:00,FX:EURCAD,1.47222,1.47235,1.47212,1.4722300000000001,1360.0
2024-03-15 02:15:00,FX:EURCAD,1.4722300000000001,1.47239,1.4720900000000001,1.47238,1108.0
2024-03-15 02:30:00,FX:EURCAD,1.47238,1.47258,1.4722300000000001,1.47251,1774.0
2024-03-15 02:45:00,FX:EURCAD,1.47251,1.4730100000000002,1.47248,1.47285,1893.0
2024-03-15 03:00:00,FX:EURCAD,1.47285,1.4729400000000001,1.4722300000000001,1.47238,2219.0
2024-03-15 03:15:00,FX:EURCAD,1.47238,1.4729400000000001,1.47229,1.47281,2524.0
2024-03-15 03:30:00,FX:EURCAD,1.47281,1.47329,1.47281,1.47299,2102.0
2024-03-15 03:45:00,FX:EURCAD,1.47299,1.47386,1.47299,1.4738200000000001,2355.0
2024-03-15 04:00:00,FX:EURCAD,1.4738200000000001,1.4740600000000001,1.4734800000000001,1.47383,3119.0
2024-03-15 04:15:00,FX:EURCAD,1.47383,1.4744300000000001,1.47357,1.4744300000000001,2523.0
2024-03-15 04:30:00,FX:EURCAD,1.4744300000000001,1.47483,1.47422,1.47459,2641.0
2024-03-15 04:45:00,FX:EURCAD,1.47459,1.47461,1.47424,1.47439,2211.0
2024-03-15 05:00:00,FX:EURCAD,1.47439,1.47476,1.4741900000000001,1.47455,2860.0
2024-03-15 05:15:00,FX:EURCAD,1.47455,1.47482,1.47437,1.47439,2184.0
2024-03-15 05:30:00,FX:EURCAD,1.47439,1.47444,1.47366,1.47373,2244.0
2024-03-15 05:45:00,FX:EURCAD,1.47373,1.47465,1.4737200000000001,1.47441,2913.0
2024-03-15 06:00:00,FX:EURCAD,1.47441,1.4749400000000001,1.47431,1.4746000000000001,2308.0
2024-03-15 06:15:00,FX:EURCAD,1.4746000000000001,1.47472,1.47398,1.474,2045.0
2024-03-15 06:30:00,FX:EURCAD,1.474,1.47421,1.47378,1.47387,1610.0
2024-03-15 06:45:00,FX:EURCAD,1.47387,1.47394,1.4735800000000001,1.47377,1684.0
2024-03-15 07:00:00,FX:EURCAD,1.47377,1.47394,1.4735,1.4737900000000002,2093.0
2024-03-15 07:15:00,FX:EURCAD,1.4737900000000002,1.47383,1.4733100000000001,1.47346,1561.0
2024-03-15 07:30:00,FX:EURCAD,1.47346,1.4738,1.4733100000000001,1.47371,2003.0
2024-03-15 07:45:00,FX:EURCAD,1.47371,1.4739600000000002,1.47347,1.4737,1826.0
2024-03-15 08:00:00,FX:EURCAD,1.4737,1.4742300000000002,1.4735,1.4740900000000001,3172.0
2024-03-15 08:15:00,FX:EURCAD,1.4740900000000001,1.4741600000000001,1.47323,1.47341,3036.0
2024-03-15 08:30:00,FX:EURCAD,1.47341,1.47371,1.4727700000000001,1.47289,4556.0
2024-03-15 08:45:00,FX:EURCAD,1.47289,1.47359,1.47278,1.47298,3517.0
2024-03-15 09:00:00,FX:EURCAD,1.47298,1.47316,1.47231,1.4729100000000002,4074.0
2024-03-15 09:15:00,FX:EURCAD,1.4729100000000002,1.4731100000000001,1.4723600000000001,1.47247,3880.0
2024-03-15 09:30:00,FX:EURCAD,1.47247,1.47292,1.4722300000000001,1.47232,5564.0
2024-03-15 09:45:00,FX:EURCAD,1.47232,1.47272,1.4718900000000001,1.47239,3882.0
2024-03-15 10:00:00,FX:EURCAD,1.47239,1.47307,1.4721300000000002,1.47222,5217.0
2024-03-15 10:15:00,FX:EURCAD,1.47222,1.47246,1.4716,1.47207,5037.0
2024-03-15 10:30:00,FX:EURCAD,1.47207,1.47237,1.47167,1.4717200000000001,3501.0
2024-03-15 10:45:00,FX:EURCAD,1.4717200000000001,1.47227,1.47146,1.4716,3902.0
2024-03-15 11:00:00,FX:EURCAD,1.4716,1.4716200000000002,1.47106,1.4713100000000001,2970.0
2024-03-15 11:15:00,FX:EURCAD,1.4713100000000001,1.47151,1.47103,1.47144,2852.0
2024-03-15 11:30:00,FX:EURCAD,1.47144,1.4723300000000001,1.47133,1.47231,3090.0
2024-03-15 11:45:00,FX:EURCAD,1.47231,1.47333,1.47187,1.47324,3685.0
2024-03-15 12:00:00,FX:EURCAD,1.47324,1.47364,1.47271,1.47346,3303.0
2024-03-15 12:15:00,FX:EURCAD,1.47346,1.47353,1.47316,1.4733100000000001,2042.0
2024-03-15 12:30:00,FX:EURCAD,1.4733100000000001,1.47403,1.4730400000000001,1.4738900000000001,2818.0
2024-03-15 12:45:00,FX:EURCAD,1.4738900000000001,1.47475,1.4737900000000002,1.4744000000000002,2748.0
2024-03-15 13:00:00,FX:EURCAD,1.4744000000000002,1.4750100000000002,1.4741900000000001,1.4748700000000001,2963.0
2024-03-15 13:15:00,FX:EURCAD,1.4748700000000001,1.4749700000000001,1.47448,1.47459,2249.0
2024-03-15 13:30:00,FX:EURCAD,1.47459,1.47502,1.47455,1.47482,1994.0
2024-03-15 13:45:00,FX:EURCAD,1.47482,1.4748400000000002,1.47428,1.47429,2027.0
2024-03-15 14:00:00,FX:EURCAD,1.47429,1.47481,1.47427,1.47444,2369.0
2024-03-15 14:15:00,FX:EURCAD,1.47444,1.47482,1.47432,1.47475,1748.0
2024-03-15 14:30:00,FX:EURCAD,1.47475,1.47488,1.47429,1.4743600000000001,2318.0
2024-03-15 14:45:00,FX:EURCAD,1.4743600000000001,1.47463,1.4740900000000001,1.47451,1557.0
2024-03-15 15:00:00,FX:EURCAD,1.47451,1.47455,1.4741900000000001,1.47452,1734.0
2024-03-15 15:15:00,FX:EURCAD,1.47452,1.47452,1.4740600000000001,1.4742600000000001,1568.0
2024-03-15 15:30:00,FX:EURCAD,1.4742600000000001,1.47461,1.47412,1.47456,1359.0
2024-03-15 15:45:00,FX:EURCAD,1.47456,1.4750400000000001,1.47449,1.4749,1679.0
2024-03-15 16:00:00,FX:EURCAD,1.4749,1.4749700000000001,1.47445,1.47485,944.0
2024-03-15 16:15:00,FX:EURCAD,1.47485,1.47485,1.47428,1.47448,1620.0
2024-03-15 16:30:00,FX:EURCAD,1.47448,1.47465,1.4743600000000001,1.47455,1135.0
2024-03-15 16:45:00,FX:EURCAD,1.47455,1.4745700000000002,1.4735500000000001,1.4738200000000001,1184.0
2024-03-17 17:00:00,FX:EURCAD,1.4738,1.4741900000000001,1.47222,1.47333,342.0
2024-03-17 17:15:00,FX:EURCAD,1.47333,1.4739600000000002,1.47252,1.4737,848.0
2024-03-17 17:30:00,FX:EURCAD,1.4737,1.47385,1.4732,1.4738200000000001,678.0
2024-03-17 17:45:00,FX:EURCAD,1.4738200000000001,1.47393,1.4737900000000002,1.47387,312.0
2024-03-17 18:00:00,FX:EURCAD,1.47387,1.47482,1.47374,1.4745700000000002,642.0
2024-03-17 18:15:00,FX:EURCAD,1.4745700000000002,1.47466,1.47445,1.47448,259.0
2024-03-17 18:30:00,FX:EURCAD,1.47448,1.4745000000000001,1.4743,1.47445,342.0
2024-03-17 18:45:00,FX:EURCAD,1.47445,1.47455,1.47421,1.47455,531.0
2024-03-17 19:00:00,FX:EURCAD,1.47455,1.47455,1.47435,1.47441,862.0
2024-03-17 19:15:00,FX:EURCAD,1.47441,1.47448,1.47428,1.4743300000000001,791.0
2024-03-17 19:30:00,FX:EURCAD,1.4743300000000001,1.4743600000000001,1.47405,1.4741,949.0
2024-03-17 19:45:00,FX:EURCAD,1.4741,1.47425,1.47404,1.47424,739.0
2024-03-17 20:00:00,FX:EURCAD,1.47424,1.47476,1.4742300000000002,1.47469,1328.0
2024-03-17 20:15:00,FX:EURCAD,1.47469,1.47475,1.47455,1.47459,811.0
2024-03-17 20:30:00,FX:EURCAD,1.47459,1.4747400000000002,1.4744300000000001,1.47451,791.0
2024-03-17 20:45:00,FX:EURCAD,1.47451,1.47455,1.47427,1.4743300000000001,1489.0
2024-03-17 21:00:00,FX:EURCAD,1.4743300000000001,1.47468,1.47432,1.47465,1491.0
2024-03-17 21:15:00,FX:EURCAD,1.47465,1.47482,1.47452,1.47461,1192.0
2024-03-17 21:30:00,FX:EURCAD,1.47461,1.47475,1.47412,1.47437,1364.0
2024-03-17 21:45:00,FX:EURCAD,1.47437,1.47446,1.4741300000000002,1.4742600000000001,1395.0
2024-03-17 22:00:00,FX:EURCAD,1.4742600000000001,1.4743600000000001,1.4740600000000001,1.4740900000000001,1831.0
2024-03-17 22:15:00,FX:EURCAD,1.4740900000000001,1.47417,1.47398,1.47415,1373.0
2024-03-17 22:30:00,FX:EURCAD,1.47415,1.47425,1.47398,1.4740900000000001,1224.0
2024-03-17 22:45:00,FX:EURCAD,1.4740900000000001,1.47414,1.47384,1.4739200000000001,973.0
2024-03-17 23:00:00,FX:EURCAD,1.4739200000000001,1.47405,1.47388,1.4739,813.0
2024-03-17 23:15:00,FX:EURCAD,1.4739,1.47398,1.4738200000000001,1.47393,880.0
2024-03-17 23:30:00,FX:EURCAD,1.47393,1.47405,1.4737,1.47374,754.0
2024-03-17 23:45:00,FX:EURCAD,1.47374,1.47384,1.4736,1.4737900000000002,742.0
2024-03-18 00:00:00,FX:EURCAD,1.4737900000000002,1.47383,1.4736200000000002,1.47369,842.0
2024-03-18 00:15:00,FX:EURCAD,1.47369,1.47377,1.4735800000000001,1.47359,843.0
2024-03-18 00:30:00,FX:EURCAD,1.47359,1.47371,1.47354,1.47371,759.0
2024-03-18 00:45:00,FX:EURCAD,1.47371,1.47391,1.47367,1.47381,720.0
2024-03-18 01:00:00,FX:EURCAD,1.47381,1.47408,1.4737200000000001,1.4739200000000001,901.0
2024-03-18 01:15:00,FX:EURCAD,1.4739200000000001,1.4739900000000001,1.47376,1.47383,910.0
2024-03-18 01:30:00,FX:EURCAD,1.47383,1.47394,1.47367,1.47376,801.0
2024-03-18 01:45:00,FX:EURCAD,1.47376,1.4739600000000002,1.4737200000000001,1.47386,911.0
2024-03-18 02:00:00,FX:EURCAD,1.47386,1.4739200000000001,1.47361,1.47387,971.0
2024-03-18 02:15:00,FX:EURCAD,1.47387,1.4739,1.4735800000000001,1.4737,1491.0
2024-03-18 02:30:00,FX:EURCAD,1.4737,1.47386,1.4735,1.47384,1461.0
2024-03-18 02:45:00,FX:EURCAD,1.47384,1.47385,1.47363,1.4737900000000002,1160.0
2024-03-18 03:00:00,FX:EURCAD,1.4737900000000002,1.47459,1.47378,1.47451,2106.0
2024-03-18 03:15:00,FX:EURCAD,1.47451,1.47471,1.47421,1.47425,1287.0
2024-03-18 03:30:00,FX:EURCAD,1.47425,1.47442,1.4731400000000001,1.47316,2054.0
2024-03-18 03:45:00,FX:EURCAD,1.47316,1.47333,1.4728700000000001,1.47303,1740.0
2024-03-18 04:00:00,FX:EURCAD,1.47303,1.4737900000000002,1.4730100000000002,1.4735,2481.0
2024-03-18 04:15:00,FX:EURCAD,1.4735,1.47387,1.47329,1.47385,2260.0
2024-03-18 04:30:00,FX:EURCAD,1.47385,1.47397,1.4732100000000001,1.47333,2825.0
2024-03-18 04:45:00,FX:EURCAD,1.47333,1.4740900000000001,1.4733,1.47369,2691.0
2024-03-18 05:00:00,FX:EURCAD,1.47369,1.4737,1.47322,1.47349,2684.0
2024-03-18 05:15:00,FX:EURCAD,1.47349,1.4743300000000001,1.4734800000000001,1.47428,2317.0
2024-03-18 05:30:00,FX:EURCAD,1.47428,1.47513,1.47422,1.47483,2119.0
2024-03-18 05:45:00,FX:EURCAD,1.47483,1.4754800000000001,1.4748,1.47533,1882.0
2024-03-18 06:00:00,FX:EURCAD,1.47533,1.47581,1.4751800000000002,1.47563,2126.0
2024-03-18 06:15:00,FX:EURCAD,1.47563,1.47624,1.47563,1.47604,1900.0
2024-03-18 06:30:00,FX:EURCAD,1.47604,1.47615,1.47557,1.47604,2515.0
2024-03-18 06:45:00,FX:EURCAD,1.47604,1.47655,1.47584,1.4761900000000001,2194.0
2024-03-18 07:00:00,FX:EURCAD,1.4761900000000001,1.47676,1.47598,1.47669,1981.0
2024-03-18 07:15:00,FX:EURCAD,1.47669,1.47678,1.4760900000000001,1.47612,2299.0
2024-03-18 07:30:00,FX:EURCAD,1.47612,1.4765300000000001,1.47605,1.47651,1776.0
2024-03-18 07:45:00,FX:EURCAD,1.47651,1.4766700000000001,1.47622,1.47641,1823.0
2024-03-18 08:00:00,FX:EURCAD,1.47641,1.47661,1.476,1.4760600000000001,2323.0
2024-03-18 08:15:00,FX:EURCAD,1.4760600000000001,1.47615,1.47533,1.47561,2493.0
2024-03-18 08:30:00,FX:EURCAD,1.47561,1.47586,1.4748400000000002,1.47489,2890.0
2024-03-18 08:45:00,FX:EURCAD,1.47489,1.4751,1.4739600000000002,1.47402,2780.0
2024-03-18 09:00:00,FX:EURCAD,1.47402,1.4745300000000001,1.47376,1.47385,2668.0
2024-03-18 09:15:00,FX:EURCAD,1.47385,1.47397,1.4735200000000002,1.4735500000000001,2241.0
2024-03-18 09:30:00,FX:EURCAD,1.4735500000000001,1.47463,1.47353,1.47448,4751.0
2024-03-18 09:45:00,FX:EURCAD,1.47448,1.47523,1.47447,1.47516,3157.0
2024-03-18 10:00:00,FX:EURCAD,1.47516,1.4755800000000001,1.47455,1.47475,3657.0
2024-03-18 10:15:00,FX:EURCAD,1.47475,1.47559,1.47475,1.47529,3171.0
2024-03-18 10:30:00,FX:EURCAD,1.47529,1.47534,1.47454,1.47498,3651.0
2024-03-18 10:45:00,FX:EURCAD,1.47498,1.47524,1.47428,1.47441,3125.0
2024-03-18 11:00:00,FX:EURCAD,1.47441,1.47509,1.47429,1.47485,2799.0
2024-03-18 11:15:00,FX:EURCAD,1.47485,1.4750100000000002,1.47439,1.4744000000000002,2435.0
2024-03-18 11:30:00,FX:EURCAD,1.4744000000000002,1.47462,1.47391,1.47394,3345.0
2024-03-18 11:45:00,FX:EURCAD,1.47394,1.47452,1.47366,1.4739900000000001,3217.0
2024-03-18 12:00:00,FX:EURCAD,1.4739900000000001,1.47418,1.4733100000000001,1.47336,3262.0
2024-03-18 12:15:00,FX:EURCAD,1.47336,1.47351,1.47225,1.47246,2979.0
2024-03-18 12:30:00,FX:EURCAD,1.47246,1.47273,1.4723600000000001,1.47245,2796.0
2024-03-18 12:45:00,FX:EURCAD,1.47245,1.4728,1.47232,1.4726700000000001,2344.0
2024-03-18 13:00:00,FX:EURCAD,1.4726700000000001,1.4728,1.47212,1.4722,3019.0
2024-03-18 13:15:00,FX:EURCAD,1.4722,1.47222,1.47181,1.47203,2129.0
2024-03-18 13:30:00,FX:EURCAD,1.47203,1.4722600000000001,1.4718200000000001,1.47191,1960.0
2024-03-18 13:45:00,FX:EURCAD,1.47191,1.47197,1.47147,1.4714800000000001,1731.0
2024-03-18 14:00:00,FX:EURCAD,1.4714800000000001,1.47177,1.4714500000000001,1.4715500000000001,1944.0
2024-03-18 14:15:00,FX:EURCAD,1.4715500000000001,1.4716,1.4711800000000002,1.47137,1596.0
2024-03-18 14:30:00,FX:EURCAD,1.47137,1.4716200000000002,1.4712100000000001,1.47136,1880.0
2024-03-18 14:45:00,FX:EURCAD,1.47136,1.47151,1.47113,1.4712,1829.0
2024-03-18 15:00:00,FX:EURCAD,1.4712,1.47127,1.47103,1.4711800000000002,1733.0
2024-03-18 15:15:00,FX:EURCAD,1.4711800000000002,1.4711800000000002,1.4708700000000001,1.4709,1468.0
2024-03-18 15:30:00,FX:EURCAD,1.4709,1.47127,1.47089,1.4712100000000001,1517.0
2024-03-18 15:45:00,FX:EURCAD,1.4712100000000001,1.47147,1.4710400000000001,1.47139,2028.0
2024-03-18 16:00:00,FX:EURCAD,1.47139,1.47177,1.4713500000000002,1.47166,949.0
2024-03-18 16:15:00,FX:EURCAD,1.47166,1.47166,1.47129,1.47144,852.0
2024-03-18 16:30:00,FX:EURCAD,1.47144,1.4716200000000002,1.47141,1.4715,850.0
2024-03-18 16:45:00,FX:EURCAD,1.4715,1.4715500000000001,1.47122,1.47132,1244.0
2024-03-18 17:00:00,FX:EURCAD,1.47132,1.47132,1.47063,1.47063,9.0
2024-03-18 17:15:00,FX:EURCAD,1.47063,1.4714500000000001,1.47063,1.47143,182.0
2024-03-18 17:30:00,FX:EURCAD,1.47143,1.47151,1.4713100000000001,1.47142,2824.0
2024-03-18 17:45:00,FX:EURCAD,1.47142,1.47154,1.4713100000000001,1.4713800000000001,813.0
2024-03-18 18:00:00,FX:EURCAD,1.4713800000000001,1.4715200000000002,1.47125,1.47149,369.0
2024-03-18 18:15:00,FX:EURCAD,1.47149,1.47156,1.4714800000000001,1.47154,160.0
2024-03-18 18:30:00,FX:EURCAD,1.47154,1.47161,1.4715,1.47154,295.0
2024-03-18 18:45:00,FX:EURCAD,1.47154,1.4716200000000002,1.47143,1.47153,283.0
2024-03-18 19:00:00,FX:EURCAD,1.47153,1.4716,1.47151,1.47157,508.0
2024-03-18 19:15:00,FX:EURCAD,1.47157,1.47166,1.47149,1.47159,551.0
2024-03-18 19:30:00,FX:EURCAD,1.47159,1.47181,1.47156,1.47181,313.0
2024-03-18 19:45:00,FX:EURCAD,1.47181,1.47183,1.4716,1.4716900000000002,556.0
2024-03-18 20:00:00,FX:EURCAD,1.4716900000000002,1.47184,1.4715500000000001,1.47178,995.0
2024-03-18 20:15:00,FX:EURCAD,1.47178,1.47211,1.47178,1.4718900000000001,848.0
2024-03-18 20:30:00,FX:EURCAD,1.4718900000000001,1.47205,1.4717,1.47197,1068.0
2024-03-18 20:45:00,FX:EURCAD,1.47197,1.4721,1.47188,1.472,1715.0
2024-03-18 21:00:00,FX:EURCAD,1.472,1.4723600000000001,1.47198,1.47228,1625.0
2024-03-18 21:15:00,FX:EURCAD,1.47228,1.47247,1.4722300000000001,1.47239,2127.0
2024-03-18 21:30:00,FX:EURCAD,1.47239,1.47285,1.47237,1.47272,1242.0
2024-03-18 21:45:00,FX:EURCAD,1.47272,1.4727400000000002,1.4723000000000002,1.47235,1511.0
2024-03-18 22:00:00,FX:EURCAD,1.47235,1.47239,1.4721,1.4721300000000002,1461.0
2024-03-18 22:15:00,FX:EURCAD,1.4721300000000002,1.47219,1.47185,1.4720600000000001,1330.0
2024-03-18 22:30:00,FX:EURCAD,1.4720600000000001,1.47244,1.4720600000000001,1.47228,855.0
2024-03-18 22:45:00,FX:EURCAD,1.47228,1.4724300000000001,1.47227,1.4723600000000001,737.0
2024-03-18 23:00:00,FX:EURCAD,1.4723600000000001,1.47241,1.47208,1.4721300000000002,1470.0
2024-03-18 23:15:00,FX:EURCAD,1.4721300000000002,1.47237,1.47201,1.47231,938.0
2024-03-18 23:30:00,FX:EURCAD,1.47231,1.4727000000000001,1.472,1.4726700000000001,3523.0
2024-03-18 23:45:00,FX:EURCAD,1.4726700000000001,1.47306,1.47252,1.47275,2433.0
2024-03-19 00:00:00,FX:EURCAD,1.47275,1.47307,1.47266,1.4728,2156.0
2024-03-19 00:15:00,FX:EURCAD,1.4728,1.4729100000000002,1.47259,1.47276,1482.0
2024-03-19 00:30:00,FX:EURCAD,1.47276,1.47282,1.47242,1.47266,1995.0
2024-03-19 00:45:00,FX:EURCAD,1.47266,1.4730400000000001,1.47261,1.47295,1472.0
2024-03-19 01:00:00,FX:EURCAD,1.47295,1.47312,1.47271,1.47281,1885.0
2024-03-19 01:15:00,FX:EURCAD,1.47281,1.47313,1.47268,1.4730400000000001,1301.0
2024-03-19 01:30:00,FX:EURCAD,1.4730400000000001,1.47343,1.4730400000000001,1.47336,1836.0
2024-03-19 01:45:00,FX:EURCAD,1.47336,1.47349,1.47316,1.4733500000000002,2103.0
2024-03-19 02:00:00,FX:EURCAD,1.4733500000000002,1.4739200000000001,1.47323,1.47371,1687.0
2024-03-19 02:15:00,FX:EURCAD,1.47371,1.47418,1.47364,1.4741300000000002,1586.0
2024-03-19 02:30:00,FX:EURCAD,1.4741300000000002,1.47463,1.47402,1.47438,2314.0
2024-03-19 02:45:00,FX:EURCAD,1.47438,1.4746000000000001,1.47384,1.47445,2625.0
2024-03-19 03:00:00,FX:EURCAD,1.47445,1.47446,1.47353,1.47378,2793.0
2024-03-19 03:15:00,FX:EURCAD,1.47378,1.47401,1.47323,1.47327,2372.0
2024-03-19 03:30:00,FX:EURCAD,1.47327,1.4732800000000001,1.47295,1.4731400000000001,2287.0
2024-03-19 03:45:00,FX:EURCAD,1.4731400000000001,1.47317,1.47221,1.47237,2450.0
2024-03-19 04:00:00,FX:EURCAD,1.47237,1.47258,1.47177,1.47245,3346.0
2024-03-19 04:15:00,FX:EURCAD,1.47245,1.47265,1.47201,1.47262,2939.0
2024-03-19 04:30:00,FX:EURCAD,1.47262,1.47275,1.47181,1.4720600000000001,2447.0
2024-03-19 04:45:00,FX:EURCAD,1.4720600000000001,1.47254,1.47139,1.47208,3427.0
2024-03-19 05:00:00,FX:EURCAD,1.47208,1.47269,1.47208,1.4726000000000001,2544.0
2024-03-19 05:15:00,FX:EURCAD,1.4726000000000001,1.47283,1.47234,1.47249,2303.0
2024-03-19 05:30:00,FX:EURCAD,1.47249,1.47285,1.47217,1.4723000000000002,2226.0
2024-03-19 05:45:00,FX:EURCAD,1.4723000000000002,1.47239,1.4711800000000002,1.47124,2815.0
2024-03-19 06:00:00,FX:EURCAD,1.47124,1.47207,1.4712100000000001,1.4715500000000001,3512.0
2024-03-19 06:15:00,FX:EURCAD,1.4715500000000001,1.47181,1.4712,1.47146,2945.0
2024-03-19 06:30:00,FX:EURCAD,1.47146,1.47202,1.47146,1.47176,2579.0
2024-03-19 06:45:00,FX:EURCAD,1.47176,1.4719,1.47144,1.4715500000000001,2432.0
2024-03-19 07:00:00,FX:EURCAD,1.4715500000000001,1.4721,1.4714800000000001,1.47173,2084.0
2024-03-19 07:15:00,FX:EURCAD,1.47173,1.47185,1.4714500000000001,1.47159,1931.0
2024-03-19 07:30:00,FX:EURCAD,1.47159,1.4720900000000001,1.47153,1.4719,2233.0
2024-03-19 07:45:00,FX:EURCAD,1.4719,1.47225,1.4718,1.4722,2153.0
2024-03-19 08:00:00,FX:EURCAD,1.4722,1.47242,1.47185,1.4722,2513.0
2024-03-19 08:15:00,FX:EURCAD,1.4722,1.47222,1.47159,1.4716900000000002,3339.0
2024-03-19 08:30:00,FX:EURCAD,1.4716900000000002,1.47715,1.4716,1.47709,7471.0
2024-03-19 08:45:00,FX:EURCAD,1.47709,1.47719,1.47627,1.4764300000000001,4568.0
2024-03-19 09:00:00,FX:EURCAD,1.4764300000000001,1.47705,1.4763300000000001,1.47664,4430.0
2024-03-19 09:15:00,FX:EURCAD,1.47664,1.4770400000000001,1.47655,1.47689,2819.0
2024-03-19 09:30:00,FX:EURCAD,1.47689,1.4773500000000002,1.4761,1.47632,4091.0
2024-03-19 09:45:00,FX:EURCAD,1.47632,1.47732,1.47621,1.4773,3340.0
2024-03-19 10:00:00,FX:EURCAD,1.4773,1.47791,1.4772100000000001,1.4774800000000001,3338.0
2024-03-19 10:15:00,FX:EURCAD,1.4774800000000001,1.47767,1.47654,1.47654,3701.0
2024-03-19 10:30:00,FX:EURCAD,1.47654,1.47666,1.4758200000000001,1.47597,3665.0
2024-03-19 10:45:00,FX:EURCAD,1.47597,1.476,1.4753500000000002,1.4758200000000001,2909.0
2024-03-19 11:00:00,FX:EURCAD,1.4758200000000001,1.47594,1.47541,1.4755,3364.0
2024-03-19 11:15:00,FX:EURCAD,1.4755,1.47577,1.4753,1.47553,2287.0
2024-03-19 11:30:00,FX:EURCAD,1.47553,1.47566,1.4747700000000001,1.47503,2742.0
2024-03-19 11:45:00,FX:EURCAD,1.47503,1.47529,1.47422,1.47445,2940.0
2024-03-19 12:00:00,FX:EURCAD,1.47445,1.47451,1.474,1.47439,3155.0
2024-03-19 12:15:00,FX:EURCAD,1.47439,1.4744000000000002,1.47349,1.47359,3667.0
2024-03-19 12:30:00,FX:EURCAD,1.47359,1.4738200000000001,1.4731400000000001,1.47327,3461.0
2024-03-19 12:45:00,FX:EURCAD,1.47327,1.47354,1.47313,1.4732100000000001,2164.0
2024-03-19 13:00:00,FX:EURCAD,1.4732100000000001,1.47349,1.47275,1.4733100000000001,3500.0
2024-03-19 13:15:00,FX:EURCAD,1.4733100000000001,1.4735200000000002,1.4731,1.4732100000000001,1870.0
2024-03-19 13:30:00,FX:EURCAD,1.4732100000000001,1.47371,1.4731400000000001,1.4736200000000002,1832.0
2024-03-19 13:45:00,FX:EURCAD,1.4736200000000002,1.4738200000000001,1.47324,1.47326,1751.0
2024-03-19 14:00:00,FX:EURCAD,1.47326,1.47351,1.47319,1.47349,2040.0
2024-03-19 14:15:00,FX:EURCAD,1.47349,1.47388,1.47343,1.47385,2300.0
2024-03-19 14:30:00,FX:EURCAD,1.47385,1.4740900000000001,1.47368,1.47381,1776.0
2024-03-19 14:45:00,FX:EURCAD,1.47381,1.4741300000000002,1.47367,1.47374,1055.0
2024-03-19 15:00:00,FX:EURCAD,1.47374,1.47407,1.47366,1.47374,1569.0
2024-03-19 15:15:00,FX:EURCAD,1.47374,1.47384,1.4735200000000002,1.47374,2030.0
2024-03-19 15:30:00,FX:EURCAD,1.47374,1.47384,1.4735500000000001,1.4736500000000001,1255.0
2024-03-19 15:45:00,FX:EURCAD,1.4736500000000001,1.47414,1.47354,1.47403,1522.0
2024-03-19 16:00:00,FX:EURCAD,1.47403,1.47422,1.4739,1.4739900000000001,771.0
2024-03-19 16:15:00,FX:EURCAD,1.4739900000000001,1.47403,1.47381,1.47394,472.0
2024-03-19 16:30:00,FX:EURCAD,1.47394,1.4741300000000002,1.4739,1.47397,499.0
2024-03-19 16:45:00,FX:EURCAD,1.47397,1.47408,1.47343,1.47368,783.0
2024-03-19 17:00:00,FX:EURCAD,1.47368,1.4743600000000001,1.47322,1.47347,546.0
2024-03-19 17:15:00,FX:EURCAD,1.47347,1.47376,1.47334,1.47373,476.0
2024-03-19 17:30:00,FX:EURCAD,1.47373,1.4739900000000001,1.47326,1.4735,6785.0
2024-03-19 17:45:00,FX:EURCAD,1.4735,1.47366,1.47339,1.47353,2282.0
2024-03-19 18:00:00,FX:EURCAD,1.47353,1.47427,1.4735200000000002,1.4742300000000002,426.0
2024-03-19 18:15:00,FX:EURCAD,1.4742300000000002,1.47427,1.474,1.47407,226.0
2024-03-19 18:30:00,FX:EURCAD,1.47407,1.47411,1.474,1.47405,151.0
2024-03-19 18:45:00,FX:EURCAD,1.47405,1.4741,1.4739900000000001,1.47405,144.0
2024-03-19 19:00:00,FX:EURCAD,1.47405,1.47429,1.47402,1.47429,421.0
2024-03-19 19:15:00,FX:EURCAD,1.47429,1.47442,1.47425,1.47425,201.0
2024-03-19 19:30:00,FX:EURCAD,1.47425,1.47458,1.47417,1.4744300000000001,506.0
2024-03-19 19:45:00,FX:EURCAD,1.4744300000000001,1.47462,1.47427,1.47444,763.0
2024-03-19 20:00:00,FX:EURCAD,1.47444,1.4748,1.47439,1.4747400000000002,1004.0
2024-03-19 20:15:00,FX:EURCAD,1.4747400000000002,1.47488,1.47466,1.47483,652.0
2024-03-19 20:30:00,FX:EURCAD,1.47483,1.47509,1.4747400000000002,1.47493,670.0
2024-03-19 20:45:00,FX:EURCAD,1.47493,1.47498,1.4747000000000001,1.4748,1103.0
2024-03-19 21:00:00,FX:EURCAD,1.4748,1.4748700000000001,1.47461,1.47468,936.0
2024-03-19 21:15:00,FX:EURCAD,1.47468,1.4747400000000002,1.47449,1.47458,1037.0
2024-03-19 21:30:00,FX:EURCAD,1.47458,1.47472,1.47448,1.47454,1231.0
2024-03-19 21:45:00,FX:EURCAD,1.47454,1.4747000000000001,1.47447,1.47459,1415.0
2024-03-19 22:00:00,FX:EURCAD,1.47459,1.47464,1.4744000000000002,1.47456,1207.0
2024-03-19 22:15:00,FX:EURCAD,1.47456,1.47475,1.47454,1.47462,892.0
2024-03-19 22:30:00,FX:EURCAD,1.47462,1.47475,1.47454,1.47462,910.0
2024-03-19 22:45:00,FX:EURCAD,1.47462,1.47496,1.47451,1.47481,919.0
2024-03-19 23:00:00,FX:EURCAD,1.47481,1.47533,1.4748,1.4751100000000001,1079.0
2024-03-19 23:15:00,FX:EURCAD,1.4751100000000001,1.47522,1.4749400000000001,1.4750100000000002,952.0
2024-03-19 23:30:00,FX:EURCAD,1.4750100000000002,1.4751800000000002,1.47489,1.47509,951.0
2024-03-19 23:45:00,FX:EURCAD,1.47509,1.47519,1.4749700000000001,1.47503,620.0
2024-03-20 00:00:00,FX:EURCAD,1.47503,1.47519,1.47496,1.4751400000000001,517.0
2024-03-20 00:15:00,FX:EURCAD,1.4751400000000001,1.47525,1.47502,1.4751400000000001,508.0
2024-03-20 00:30:00,FX:EURCAD,1.4751400000000001,1.4753,1.47509,1.47517,625.0
2024-03-20 00:45:00,FX:EURCAD,1.47517,1.4756,1.4751400000000001,1.47544,1194.0
2024-03-20 01:00:00,FX:EURCAD,1.47544,1.4756200000000002,1.47522,1.4753100000000001,1310.0
2024-03-20 01:15:00,FX:EURCAD,1.4753100000000001,1.47537,1.47522,1.4753500000000002,830.0
2024-03-20 01:30:00,FX:EURCAD,1.4753500000000002,1.47553,1.4753500000000002,1.47539,1056.0
2024-03-20 01:45:00,FX:EURCAD,1.47539,1.47586,1.47525,1.4758200000000001,1257.0
2024-03-20 02:00:00,FX:EURCAD,1.4758200000000001,1.4759200000000001,1.4756,1.47574,1075.0
2024-03-20 02:15:00,FX:EURCAD,1.47574,1.4759,1.47561,1.47569,917.0
2024-03-20 02:30:00,FX:EURCAD,1.47569,1.47588,1.4756200000000002,1.47586,906.0
2024-03-20 02:45:00,FX:EURCAD,1.47586,1.4762,1.47574,1.47612,1219.0
2024-03-20 03:00:00,FX:EURCAD,1.47612,1.4761900000000001,1.47556,1.47577,2530.0
2024-03-20 03:15:00,FX:EURCAD,1.47577,1.47586,1.47551,1.47568,1813.0
2024-03-20 03:30:00,FX:EURCAD,1.47568,1.47634,1.47551,1.4760600000000001,2094.0
2024-03-20 03:45:00,FX:EURCAD,1.4760600000000001,1.47644,1.47595,1.47624,2572.0
2024-03-20 04:00:00,FX:EURCAD,1.47624,1.4764000000000002,1.4758200000000001,1.4758900000000001,3534.0
2024-03-20 04:15:00,FX:EURCAD,1.4758900000000001,1.47648,1.47576,1.47601,2357.0
2024-03-20 04:30:00,FX:EURCAD,1.47601,1.4761300000000002,1.47554,1.47557,2238.0
2024-03-20 04:45:00,FX:EURCAD,1.47557,1.4755800000000001,1.47483,1.47499,2453.0
2024-03-20 05:00:00,FX:EURCAD,1.47499,1.47505,1.4736500000000001,1.47368,3297.0
2024-03-20 05:15:00,FX:EURCAD,1.47368,1.47454,1.47367,1.47445,2820.0
2024-03-20 05:30:00,FX:EURCAD,1.47445,1.47483,1.47421,1.4745300000000001,2372.0
2024-03-20 05:45:00,FX:EURCAD,1.4745300000000001,1.47456,1.4741900000000001,1.47448,2452.0
2024-03-20 06:00:00,FX:EURCAD,1.47448,1.47463,1.47349,1.4739600000000002,2912.0
2024-03-20 06:15:00,FX:EURCAD,1.4739600000000002,1.47442,1.47373,1.4744000000000002,2155.0
2024-03-20 06:30:00,FX:EURCAD,1.4744000000000002,1.47444,1.47388,1.4739600000000002,1840.0
2024-03-20 06:45:00,FX:EURCAD,1.4739600000000002,1.47454,1.4739,1.47439,1838.0
2024-03-20 07:00:00,FX:EURCAD,1.47439,1.47445,1.47418,1.47429,1949.0
2024-03-20 07:15:00,FX:EURCAD,1.47429,1.47444,1.47384,1.47431,1861.0
2024-03-20 07:30:00,FX:EURCAD,1.47431,1.4746700000000001,1.47424,1.4744000000000002,2023.0
2024-03-20 07:45:00,FX:EURCAD,1.4744000000000002,1.4745000000000001,1.4736200000000002,1.4739600000000002,2158.0
2024-03-20 08:00:00,FX:EURCAD,1.4739600000000002,1.47405,1.4733800000000001,1.4737500000000001,2427.0
2024-03-20 08:15:00,FX:EURCAD,1.4737500000000001,1.4741600000000001,1.47309,1.4731400000000001,2086.0
2024-03-20 08:30:00,FX:EURCAD,1.4731400000000001,1.47349,1.47288,1.4732,2955.0
2024-03-20 08:45:00,FX:EURCAD,1.4732,1.47346,1.47258,1.47285,3235.0
2024-03-20 09:00:00,FX:EURCAD,1.47285,1.4737500000000001,1.4727400000000002,1.47357,2927.0
2024-03-20 09:15:00,FX:EURCAD,1.47357,1.47368,1.47326,1.4733100000000001,2609.0
2024-03-20 09:30:00,FX:EURCAD,1.4733100000000001,1.4733800000000001,1.47271,1.47307,4147.0
2024-03-20 09:45:00,FX:EURCAD,1.47307,1.47393,1.4728700000000001,1.4735200000000002,3173.0
2024-03-20 10:00:00,FX:EURCAD,1.4735200000000002,1.47357,1.47264,1.47312,4073.0
2024-03-20 10:15:00,FX:EURCAD,1.47312,1.47336,1.47273,1.47298,2757.0
2024-03-20 10:30:00,FX:EURCAD,1.47298,1.47374,1.47272,1.47347,2703.0
2024-03-20 10:45:00,FX:EURCAD,1.47347,1.4737200000000001,1.47312,1.47344,3082.0
2024-03-20 11:00:00,FX:EURCAD,1.47344,1.47351,1.47308,1.47319,2473.0
2024-03-20 11:15:00,FX:EURCAD,1.47319,1.47332,1.47288,1.4729,1989.0
2024-03-20 11:30:00,FX:EURCAD,1.4729,1.47322,1.47214,1.4725700000000002,2284.0
2024-03-20 11:45:00,FX:EURCAD,1.4725700000000002,1.47263,1.47204,1.47227,2865.0
2024-03-20 12:00:00,FX:EURCAD,1.47227,1.47256,1.4719600000000002,1.47214,2393.0
2024-03-20 12:15:00,FX:EURCAD,1.47214,1.47235,1.4716900000000002,1.47227,2179.0
2024-03-20 12:30:00,FX:EURCAD,1.47227,1.47239,1.47174,1.47203,1896.0
2024-03-20 12:45:00,FX:EURCAD,1.47203,1.47224,1.47164,1.47168,2779.0
2024-03-20 13:00:00,FX:EURCAD,1.47168,1.47266,1.4715200000000002,1.47242,2593.0
2024-03-20 13:15:00,FX:EURCAD,1.47242,1.4728400000000001,1.47234,1.4727000000000001,2046.0
2024-03-20 13:30:00,FX:EURCAD,1.4727000000000001,1.4729,1.47225,1.47248,1556.0
2024-03-20 13:45:00,FX:EURCAD,1.47248,1.4725700000000002,1.4717900000000002,1.4717900000000002,2339.0
2024-03-20 14:00:00,FX:EURCAD,1.4717900000000002,1.4731100000000001,1.47105,1.47204,16744.0
2024-03-20 14:15:00,FX:EURCAD,1.47204,1.47249,1.47161,1.47184,7849.0
2024-03-20 14:30:00,FX:EURCAD,1.47184,1.47266,1.4714500000000001,1.47262,16810.0
2024-03-20 14:45:00,FX:EURCAD,1.47262,1.47313,1.47204,1.47269,12524.0
2024-03-20 15:00:00,FX:EURCAD,1.47269,1.47309,1.47174,1.47219,8344.0
2024-03-20 15:15:00,FX:EURCAD,1.47219,1.47232,1.47143,1.47197,7009.0
2024-03-20 15:30:00,FX:EURCAD,1.47197,1.47323,1.4718200000000001,1.47317,4345.0
2024-03-20 15:45:00,FX:EURCAD,1.47317,1.47336,1.47266,1.47272,3381.0
2024-03-20 16:00:00,FX:EURCAD,1.47272,1.4727400000000002,1.47224,1.47263,1714.0
2024-03-20 16:15:00,FX:EURCAD,1.47263,1.47333,1.47242,1.47326,1211.0
2024-03-20 16:30:00,FX:EURCAD,1.47326,1.47357,1.47308,1.4734800000000001,1438.0
2024-03-20 16:45:00,FX:EURCAD,1.4734800000000001,1.47359,1.47333,1.47349,1326.0
2024-03-20 17:00:00,FX:EURCAD,1.47349,1.47349,1.47247,1.4731400000000001,334.0
2024-03-20 17:15:00,FX:EURCAD,1.4731400000000001,1.4735,1.4731,1.47349,354.0
2024-03-20 17:30:00,FX:EURCAD,1.47349,1.47353,1.47336,1.4735,1161.0
2024-03-20 17:45:00,FX:EURCAD,1.4735,1.47401,1.47308,1.47367,1926.0
2024-03-20 18:00:00,FX:EURCAD,1.47367,1.4740900000000001,1.4736,1.4739,612.0
2024-03-20 18:15:00,FX:EURCAD,1.4739,1.4739200000000001,1.4734,1.47374,524.0
2024-03-20 18:30:00,FX:EURCAD,1.47374,1.47378,1.47349,1.47356,454.0
2024-03-20 18:45:00,FX:EURCAD,1.47356,1.47373,1.4735,1.4736,369.0
2024-03-20 19:00:00,FX:EURCAD,1.4736,1.47367,1.47337,1.4734500000000001,800.0
2024-03-20 19:15:00,FX:EURCAD,1.4734500000000001,1.47386,1.4734,1.47374,1066.0
2024-03-20 19:30:00,FX:EURCAD,1.47374,1.47388,1.47342,1.47347,957.0
2024-03-20 19:45:00,FX:EURCAD,1.47347,1.4735500000000001,1.47333,1.47353,1011.0
2024-03-20 20:00:00,FX:EURCAD,1.47353,1.47364,1.47309,1.47336,1689.0
2024-03-20 20:15:00,FX:EURCAD,1.47336,1.47356,1.47289,1.47313,1521.0
2024-03-20 20:30:00,FX:EURCAD,1.47313,1.47332,1.4728400000000001,1.473,2542.0
2024-03-20 20:45:00,FX:EURCAD,1.473,1.4732,1.4726700000000001,1.47288,2254.0
2024-03-20 21:00:00,FX:EURCAD,1.47288,1.47309,1.4726000000000001,1.4728400000000001,1991.0
2024-03-20 21:15:00,FX:EURCAD,1.4728400000000001,1.4729700000000001,1.47245,1.47258,2091.0
2024-03-20 21:30:00,FX:EURCAD,1.47258,1.47285,1.47244,1.4728400000000001,1658.0
2024-03-20 21:45:00,FX:EURCAD,1.4728400000000001,1.4729700000000001,1.47264,1.4726700000000001,1620.0
2024-03-20 22:00:00,FX:EURCAD,1.4726700000000001,1.4729100000000002,1.47261,1.47281,1624.0
2024-03-20 22:15:00,FX:EURCAD,1.47281,1.47288,1.4725000000000001,1.47262,1271.0
2024-03-20 22:30:00,FX:EURCAD,1.47262,1.4728400000000001,1.4725300000000001,1.47271,1426.0
2024-03-20 22:45:00,FX:EURCAD,1.47271,1.47292,1.47258,1.4728700000000001,1049.0
2024-03-20 23:00:00,FX:EURCAD,1.4728700000000001,1.4730400000000001,1.47259,1.4727000000000001,1171.0
2024-03-20 23:15:00,FX:EURCAD,1.4727000000000001,1.47278,1.4724000000000002,1.4725000000000001,1199.0
2024-03-20 23:30:00,FX:EURCAD,1.4725000000000001,1.4725000000000001,1.47207,1.47235,875.0
2024-03-20 23:45:00,FX:EURCAD,1.47235,1.47247,1.47228,1.47239,1024.0
2024-03-21 00:00:00,FX:EURCAD,1.47239,1.47242,1.4721300000000002,1.47235,1000.0
2024-03-21 00:15:00,FX:EURCAD,1.47235,1.4724300000000001,1.47225,1.47242,885.0
2024-03-21 00:30:00,FX:EURCAD,1.47242,1.47252,1.47221,1.47231,792.0
2024-03-21 00:45:00,FX:EURCAD,1.47231,1.47249,1.47215,1.47217,723.0
2024-03-21 01:00:00,FX:EURCAD,1.47217,1.47239,1.4720900000000001,1.47237,1035.0
2024-03-21 01:15:00,FX:EURCAD,1.47237,1.47247,1.4722,1.4722600000000001,1083.0
2024-03-21 01:30:00,FX:EURCAD,1.4722600000000001,1.47234,1.47188,1.4720900000000001,1272.0
2024-03-21 01:45:00,FX:EURCAD,1.4720900000000001,1.47229,1.47197,1.47203,1616.0
2024-03-21 02:00:00,FX:EURCAD,1.47203,1.4723600000000001,1.4719200000000001,1.47224,1298.0
2024-03-21 02:15:00,FX:EURCAD,1.47224,1.4724300000000001,1.47203,1.47229,1156.0
2024-03-21 02:30:00,FX:EURCAD,1.47229,1.47262,1.47219,1.47234,1264.0
2024-03-21 02:45:00,FX:EURCAD,1.47234,1.47252,1.47205,1.47252,1192.0
2024-03-21 03:00:00,FX:EURCAD,1.47252,1.47281,1.4722,1.47227,1839.0
2024-03-21 03:15:00,FX:EURCAD,1.47227,1.47228,1.47171,1.47207,1909.0
2024-03-21 03:30:00,FX:EURCAD,1.47207,1.47214,1.47143,1.47151,3085.0
2024-03-21 03:45:00,FX:EURCAD,1.47151,1.47184,1.4711100000000001,1.4718,3104.0
2024-03-21 04:00:00,FX:EURCAD,1.4718,1.47245,1.4716200000000002,1.47183,4279.0
2024-03-21 04:15:00,FX:EURCAD,1.47183,1.4719600000000002,1.4699900000000001,1.47123,4619.0
2024-03-21 04:30:00,FX:EURCAD,1.47123,1.47123,1.4695500000000001,1.47047,8350.0
2024-03-21 04:45:00,FX:EURCAD,1.47047,1.47048,1.46925,1.46993,4626.0
2024-03-21 05:00:00,FX:EURCAD,1.46993,1.47066,1.46967,1.47028,3993.0
2024-03-21 05:15:00,FX:EURCAD,1.47028,1.47082,1.47007,1.47078,3187.0
2024-03-21 05:30:00,FX:EURCAD,1.47078,1.4711400000000001,1.47054,1.4711100000000001,3936.0
2024-03-21 05:45:00,FX:EURCAD,1.4711100000000001,1.47197,1.47096,1.4718200000000001,2922.0
2024-03-21 06:00:00,FX:EURCAD,1.4718200000000001,1.47268,1.47163,1.47264,2752.0
2024-03-21 06:15:00,FX:EURCAD,1.47264,1.47285,1.47215,1.47241,2072.0
2024-03-21 06:30:00,FX:EURCAD,1.47241,1.47307,1.47207,1.47292,2692.0
2024-03-21 06:45:00,FX:EURCAD,1.47292,1.47327,1.4728,1.47324,2386.0
2024-03-21 07:00:00,FX:EURCAD,1.47324,1.4734800000000001,1.47278,1.4729700000000001,2185.0
2024-03-21 07:15:00,FX:EURCAD,1.4729700000000001,1.47322,1.4728700000000001,1.47303,2364.0
2024-03-21 07:30:00,FX:EURCAD,1.47303,1.47325,1.47278,1.47306,2218.0
2024-03-21 07:45:00,FX:EURCAD,1.47306,1.4741,1.4728400000000001,1.47407,3174.0
2024-03-21 08:00:00,FX:EURCAD,1.47407,1.4743300000000001,1.47298,1.47346,4578.0
2024-03-21 08:15:00,FX:EURCAD,1.47346,1.4745300000000001,1.4733500000000002,1.47405,3593.0
2024-03-21 08:30:00,FX:EURCAD,1.47405,1.47417,1.47325,1.47359,4790.0
2024-03-21 08:45:00,FX:EURCAD,1.47359,1.47398,1.47337,1.47384,3613.0
2024-03-21 09:00:00,FX:EURCAD,1.47384,1.47402,1.47325,1.4736200000000002,3751.0
2024-03-21 09:15:00,FX:EURCAD,1.4736200000000002,1.4737500000000001,1.4723300000000001,1.47249,3596.0
2024-03-21 09:30:00,FX:EURCAD,1.47249,1.47323,1.47109,1.47117,5576.0
2024-03-21 09:45:00,FX:EURCAD,1.47117,1.4713800000000001,1.4695200000000002,1.4695200000000002,6776.0
2024-03-21 10:00:00,FX:EURCAD,1.4695200000000002,1.46983,1.46902,1.46959,7003.0
2024-03-21 10:15:00,FX:EURCAD,1.46959,1.47046,1.4692800000000001,1.4703600000000001,6044.0
2024-03-21 10:30:00,FX:EURCAD,1.4703600000000001,1.47075,1.4696500000000001,1.47001,5823.0
2024-03-21 10:45:00,FX:EURCAD,1.47001,1.4711,1.47001,1.47095,4110.0
2024-03-21 11:00:00,FX:EURCAD,1.47095,1.47099,1.4698200000000001,1.4698200000000001,4182.0
2024-03-21 11:15:00,FX:EURCAD,1.4698200000000001,1.47031,1.46936,1.4702300000000001,3846.0
2024-03-21 11:30:00,FX:EURCAD,1.4702300000000001,1.47042,1.4692100000000001,1.46924,3890.0
2024-03-21 11:45:00,FX:EURCAD,1.46924,1.47025,1.469,1.47025,4922.0
2024-03-21 12:00:00,FX:EURCAD,1.47025,1.47047,1.46973,1.47001,4104.0
2024-03-21 12:15:00,FX:EURCAD,1.47001,1.4701,1.4693800000000001,1.46954,3701.0
2024-03-21 12:30:00,FX:EURCAD,1.46954,1.46998,1.4693800000000001,1.4698200000000001,3147.0
2024-03-21 12:45:00,FX:EURCAD,1.4698200000000001,1.46984,1.46919,1.4693100000000001,2563.0
2024-03-21 13:00:00,FX:EURCAD,1.4693100000000001,1.4696500000000001,1.46922,1.46963,3205.0
2024-03-21 13:15:00,FX:EURCAD,1.46963,1.4697500000000001,1.46898,1.4691400000000001,2551.0
2024-03-21 13:30:00,FX:EURCAD,1.4691400000000001,1.46954,1.469,1.4692100000000001,2259.0
2024-03-21 13:45:00,FX:EURCAD,1.4692100000000001,1.46991,1.46919,1.4698200000000001,2551.0
2024-03-21 14:00:00,FX:EURCAD,1.4698200000000001,1.46988,1.46941,1.4697500000000001,2210.0
2024-03-21 14:15:00,FX:EURCAD,1.4697500000000001,1.46983,1.4695200000000002,1.4697500000000001,1634.0
2024-03-21 14:30:00,FX:EURCAD,1.4697500000000001,1.46998,1.46944,1.4698200000000001,2026.0
2024-03-21 14:45:00,FX:EURCAD,1.4698200000000001,1.4700900000000001,1.46957,1.46995,2137.0
2024-03-21 15:00:00,FX:EURCAD,1.46995,1.47002,1.46951,1.4695500000000001,2128.0
2024-03-21 15:15:00,FX:EURCAD,1.4695500000000001,1.4695500000000001,1.46898,1.4692800000000001,1833.0
2024-03-21 15:30:00,FX:EURCAD,1.4692800000000001,1.4696500000000001,1.4692,1.4692800000000001,2023.0
2024-03-21 15:45:00,FX:EURCAD,1.4692800000000001,1.46937,1.469,1.46922,1519.0
2024-03-21 16:00:00,FX:EURCAD,1.46922,1.46941,1.4690100000000001,1.46926,1139.0
2024-03-21 16:15:00,FX:EURCAD,1.46926,1.46927,1.46878,1.46881,595.0
2024-03-21 16:30:00,FX:EURCAD,1.46881,1.469,1.46854,1.46858,958.0
2024-03-21 16:45:00,FX:EURCAD,1.46858,1.46944,1.46858,1.46909,992.0
2024-03-21 17:00:00,FX:EURCAD,1.46909,1.4692800000000001,1.46899,1.4690400000000001,132.0
2024-03-21 17:15:00,FX:EURCAD,1.4690400000000001,1.46924,1.4689,1.4689100000000002,583.0
2024-03-21 17:30:00,FX:EURCAD,1.4689100000000002,1.46943,1.46862,1.4692,3844.0
2024-03-21 17:45:00,FX:EURCAD,1.4692,1.4694,1.46902,1.46905,2677.0
2024-03-21 18:00:00,FX:EURCAD,1.46905,1.46959,1.46905,1.4694500000000001,363.0
2024-03-21 18:15:00,FX:EURCAD,1.4694500000000001,1.4694800000000001,1.4693500000000002,1.4694,153.0
2024-03-21 18:30:00,FX:EURCAD,1.4694,1.46963,1.4693800000000001,1.4695,160.0
2024-03-21 18:45:00,FX:EURCAD,1.4695,1.46957,1.46946,1.46953,132.0
2024-03-21 19:00:00,FX:EURCAD,1.46953,1.46953,1.46934,1.4694500000000001,279.0
2024-03-21 19:15:00,FX:EURCAD,1.4694500000000001,1.4695,1.4693500000000002,1.4694500000000001,480.0
2024-03-21 19:30:00,FX:EURCAD,1.4694500000000001,1.4694800000000001,1.46923,1.4693100000000001,702.0
2024-03-21 19:45:00,FX:EURCAD,1.4693100000000001,1.46946,1.46926,1.46937,390.0
2024-03-21 20:00:00,FX:EURCAD,1.46937,1.46956,1.46924,1.46932,754.0
2024-03-21 20:15:00,FX:EURCAD,1.46932,1.46942,1.4692,1.46922,850.0
2024-03-21 20:30:00,FX:EURCAD,1.46922,1.4693800000000001,1.46916,1.46933,760.0
2024-03-21 20:45:00,FX:EURCAD,1.46933,1.46944,1.46919,1.46924,1129.0
2024-03-21 21:00:00,FX:EURCAD,1.46924,1.46933,1.4691400000000001,1.46919,948.0
2024-03-21 21:15:00,FX:EURCAD,1.46919,1.46929,1.4690100000000001,1.4690800000000002,1113.0
2024-03-21 21:30:00,FX:EURCAD,1.4690800000000002,1.46954,1.46886,1.4695,2603.0
2024-03-21 21:45:00,FX:EURCAD,1.4695,1.46976,1.46917,1.4697500000000001,3025.0
2024-03-21 22:00:00,FX:EURCAD,1.4697500000000001,1.46988,1.4695500000000001,1.46985,2706.0
2024-03-21 22:15:00,FX:EURCAD,1.46985,1.47037,1.4697500000000001,1.47032,2463.0
2024-03-21 22:30:00,FX:EURCAD,1.47032,1.4704000000000002,1.46994,1.47008,1654.0
2024-03-21 22:45:00,FX:EURCAD,1.47008,1.47029,1.46959,1.46963,1838.0
2024-03-21 23:00:00,FX:EURCAD,1.46963,1.46991,1.46949,1.4697200000000001,1609.0
2024-03-21 23:15:00,FX:EURCAD,1.4697200000000001,1.4698900000000001,1.46957,1.4696500000000001,1294.0
2024-03-21 23:30:00,FX:EURCAD,1.4696500000000001,1.46976,1.4694500000000001,1.4695500000000001,1623.0
2024-03-21 23:45:00,FX:EURCAD,1.4695500000000001,1.4698900000000001,1.46954,1.46973,959.0
2024-03-22 00:00:00,FX:EURCAD,1.46973,1.46986,1.46936,1.4694,1270.0
2024-03-22 00:15:00,FX:EURCAD,1.4694,1.46941,1.4691,1.46917,1496.0
2024-03-22 00:30:00,FX:EURCAD,1.46917,1.46926,1.46906,1.46912,940.0
2024-03-22 00:45:00,FX:EURCAD,1.46912,1.4691400000000001,1.46892,1.46903,926.0
2024-03-22 01:00:00,FX:EURCAD,1.46903,1.46933,1.46896,1.46896,1362.0
2024-03-22 01:15:00,FX:EURCAD,1.46896,1.46899,1.46864,1.46883,962.0
2024-03-22 01:30:00,FX:EURCAD,1.46883,1.4693,1.46883,1.46915,1415.0
2024-03-22 01:45:00,FX:EURCAD,1.46915,1.4697900000000002,1.4690800000000002,1.4697200000000001,2030.0
2024-03-22 02:00:00,FX:EURCAD,1.4697200000000001,1.46973,1.46924,1.46932,2110.0
2024-03-22 02:15:00,FX:EURCAD,1.46932,1.46934,1.46858,1.46883,1679.0
2024-03-22 02:30:00,FX:EURCAD,1.46883,1.46924,1.4685300000000001,1.46876,1500.0
2024-03-22 02:45:00,FX:EURCAD,1.46876,1.4691800000000002,1.4686700000000001,1.46885,2068.0
2024-03-22 03:00:00,FX:EURCAD,1.46885,1.46953,1.4687000000000001,1.4694800000000001,2767.0
2024-03-22 03:15:00,FX:EURCAD,1.4694800000000001,1.4695500000000001,1.46871,1.4688,2002.0
2024-03-22 03:30:00,FX:EURCAD,1.4688,1.46925,1.46873,1.4688400000000001,2456.0
2024-03-22 03:45:00,FX:EURCAD,1.4688400000000001,1.46898,1.46835,1.4684000000000001,2679.0
2024-03-22 04:00:00,FX:EURCAD,1.4684000000000001,1.46882,1.46783,1.4678900000000001,3030.0
2024-03-22 04:15:00,FX:EURCAD,1.4678900000000001,1.4678900000000001,1.46733,1.46751,2635.0
2024-03-22 04:30:00,FX:EURCAD,1.46751,1.46753,1.4664300000000001,1.46697,2665.0
2024-03-22 04:45:00,FX:EURCAD,1.46697,1.4673,1.46672,1.46697,2755.0
2024-03-22 05:00:00,FX:EURCAD,1.46697,1.46785,1.46695,1.46776,4455.0
2024-03-22 05:15:00,FX:EURCAD,1.46776,1.46801,1.4676200000000001,1.4679200000000001,2443.0
2024-03-22 05:30:00,FX:EURCAD,1.4679200000000001,1.46817,1.46771,1.4681,2012.0
2024-03-22 05:45:00,FX:EURCAD,1.4681,1.46827,1.46776,1.46821,2539.0
2024-03-22 06:00:00,FX:EURCAD,1.46821,1.4684700000000002,1.46776,1.46837,2522.0
2024-03-22 06:15:00,FX:EURCAD,1.46837,1.4690800000000002,1.46831,1.4689400000000001,2213.0
2024-03-22 06:30:00,FX:EURCAD,1.4689400000000001,1.4693800000000001,1.46889,1.4692100000000001,2101.0
2024-03-22 06:45:00,FX:EURCAD,1.4692100000000001,1.46932,1.46821,1.46844,2213.0
2024-03-22 07:00:00,FX:EURCAD,1.46844,1.46936,1.4684000000000001,1.46926,2119.0
2024-03-22 07:15:00,FX:EURCAD,1.46926,1.46932,1.46868,1.4692100000000001,2250.0
2024-03-22 07:30:00,FX:EURCAD,1.4692100000000001,1.4696900000000002,1.46903,1.46915,2248.0
2024-03-22 07:45:00,FX:EURCAD,1.46915,1.46942,1.46875,1.46878,2523.0
2024-03-22 08:00:00,FX:EURCAD,1.46878,1.46893,1.4677200000000001,1.4680600000000001,4116.0
2024-03-22 08:15:00,FX:EURCAD,1.4680600000000001,1.4691400000000001,1.46801,1.46881,4444.0
2024-03-22 08:30:00,FX:EURCAD,1.46881,1.46923,1.46821,1.46893,4224.0
2024-03-22 08:45:00,FX:EURCAD,1.46893,1.4695500000000001,1.46846,1.4685700000000002,3935.0
2024-03-22 09:00:00,FX:EURCAD,1.4685700000000002,1.46875,1.4680600000000001,1.46866,3761.0
2024-03-22 09:15:00,FX:EURCAD,1.46866,1.4690400000000001,1.46828,1.46836,3485.0
2024-03-22 09:30:00,FX:EURCAD,1.46836,1.4688700000000001,1.46793,1.46881,5696.0
2024-03-22 09:45:00,FX:EURCAD,1.46881,1.4699600000000002,1.46875,1.46993,3229.0
2024-03-22 10:00:00,FX:EURCAD,1.46993,1.46995,1.46886,1.46909,3836.0
2024-03-22 10:15:00,FX:EURCAD,1.46909,1.46922,1.46829,1.46835,3389.0
2024-03-22 10:30:00,FX:EURCAD,1.46835,1.46886,1.4682300000000001,1.4688400000000001,2850.0
2024-03-22 10:45:00,FX:EURCAD,1.4688400000000001,1.46964,1.4688,1.4692,2617.0
2024-03-22 11:00:00,FX:EURCAD,1.4692,1.47151,1.46919,1.47127,2992.0
2024-03-22 11:15:00,FX:EURCAD,1.47127,1.4719900000000001,1.47115,1.47142,2876.0
2024-03-22 11:30:00,FX:EURCAD,1.47142,1.4717900000000002,1.47034,1.47035,3091.0
2024-03-22 11:45:00,FX:EURCAD,1.47035,1.47076,1.4698900000000001,1.47046,3523.0
2024-03-22 12:00:00,FX:EURCAD,1.47046,1.47088,1.4701600000000001,1.47042,3810.0
2024-03-22 12:15:00,FX:EURCAD,1.47042,1.47073,1.47015,1.47047,2746.0
2024-03-22 12:30:00,FX:EURCAD,1.47047,1.4707400000000002,1.47001,1.47015,2029.0
2024-03-22 12:45:00,FX:EURCAD,1.47015,1.47028,1.4697500000000001,1.46977,1953.0
2024-03-22 13:00:00,FX:EURCAD,1.46977,1.4704000000000002,1.46971,1.47035,2209.0
2024-03-22 13:15:00,FX:EURCAD,1.47035,1.47107,1.4703300000000001,1.47079,1506.0
2024-03-22 13:30:00,FX:EURCAD,1.47079,1.47096,1.47049,1.47081,1371.0
2024-03-22 13:45:00,FX:EURCAD,1.47081,1.4708400000000001,1.47018,1.4703000000000002,1554.0
2024-03-22 14:00:00,FX:EURCAD,1.4703000000000002,1.47056,1.47011,1.47054,1418.0
2024-03-22 14:15:00,FX:EURCAD,1.47054,1.4706700000000001,1.47035,1.47049,1506.0
2024-03-22 14:30:00,FX:EURCAD,1.47049,1.4707400000000002,1.47034,1.47038,1552.0
2024-03-22 14:45:00,FX:EURCAD,1.47038,1.47075,1.47035,1.47039,1194.0
2024-03-22 15:00:00,FX:EURCAD,1.47039,1.4706700000000001,1.47022,1.4706000000000001,1488.0
2024-03-22 15:15:00,FX:EURCAD,1.4706000000000001,1.47062,1.47018,1.47027,1268.0
2024-03-22 15:30:00,FX:EURCAD,1.47027,1.47054,1.47015,1.47044,1756.0
2024-03-22 15:45:00,FX:EURCAD,1.47044,1.47085,1.4703300000000001,1.47072,1540.0
2024-03-22 16:00:00,FX:EURCAD,1.47072,1.47099,1.47049,1.47093,1362.0
2024-03-22 16:15:00,FX:EURCAD,1.47093,1.47093,1.47024,1.47031,1093.0
2024-03-22 16:30:00,FX:EURCAD,1.47031,1.47079,1.4703000000000002,1.4705000000000001,917.0
2024-03-22 16:45:00,FX:EURCAD,1.4705000000000001,1.47072,1.4703300000000001,1.4704300000000001,1273.0
2024-03-24 17:00:00,FX:EURCAD,1.46944,1.46967,1.4692,1.46967,84.0
2024-03-24 17:15:00,FX:EURCAD,1.46967,1.4698200000000001,1.4696,1.46971,189.0
2024-03-24 17:30:00,FX:EURCAD,1.46971,1.47011,1.46967,1.4700900000000001,152.0
2024-03-24 17:45:00,FX:EURCAD,1.4700900000000001,1.47012,1.46954,1.46958,263.0
2024-03-24 18:00:00,FX:EURCAD,1.46958,1.47088,1.4694500000000001,1.47086,723.0
2024-03-24 18:15:00,FX:EURCAD,1.47086,1.4709,1.47058,1.47076,190.0
2024-03-24 18:30:00,FX:EURCAD,1.47076,1.47076,1.47052,1.4706000000000001,230.0
2024-03-24 18:45:00,FX:EURCAD,1.4706000000000001,1.47078,1.47034,1.4706700000000001,290.0
2024-03-24 19:00:00,FX:EURCAD,1.4706700000000001,1.47083,1.4705300000000001,1.47081,758.0
2024-03-24 19:15:00,FX:EURCAD,1.47081,1.47099,1.47068,1.4708700000000001,734.0
2024-03-24 19:30:00,FX:EURCAD,1.4708700000000001,1.47093,1.47064,1.4706700000000001,453.0
2024-03-24 19:45:00,FX:EURCAD,1.4706700000000001,1.47106,1.47061,1.4710400000000001,701.0
2024-03-24 20:00:00,FX:EURCAD,1.4710400000000001,1.4710800000000002,1.47058,1.47085,1323.0
2024-03-24 20:15:00,FX:EURCAD,1.47085,1.47085,1.4705700000000002,1.47058,921.0
2024-03-24 20:30:00,FX:EURCAD,1.47058,1.4707700000000001,1.47058,1.47069,1007.0
2024-03-24 20:45:00,FX:EURCAD,1.47069,1.47073,1.47035,1.4705300000000001,1719.0
2024-03-24 21:00:00,FX:EURCAD,1.4705300000000001,1.47059,1.47011,1.47034,1501.0
2024-03-24 21:15:00,FX:EURCAD,1.47034,1.47082,1.47012,1.47044,3452.0
2024-03-24 21:30:00,FX:EURCAD,1.47044,1.47086,1.4704000000000002,1.47061,3403.0
2024-03-24 21:45:00,FX:EURCAD,1.47061,1.4708400000000001,1.47051,1.4707000000000001,1976.0
2024-03-24 22:00:00,FX:EURCAD,1.4707000000000001,1.4707400000000002,1.47042,1.47056,2450.0
2024-03-24 22:15:00,FX:EURCAD,1.47056,1.47071,1.47044,1.47048,2763.0
2024-03-24 22:30:00,FX:EURCAD,1.47048,1.47069,1.47042,1.47051,1584.0
2024-03-24 22:45:00,FX:EURCAD,1.47051,1.4705700000000002,1.47007,1.4703000000000002,1618.0
2024-03-24 23:00:00,FX:EURCAD,1.4703000000000002,1.47046,1.47011,1.47027,1821.0
2024-03-24 23:15:00,FX:EURCAD,1.47027,1.47038,1.4700600000000001,1.47035,1023.0
2024-03-24 23:30:00,FX:EURCAD,1.47035,1.47068,1.4703000000000002,1.47044,1484.0
2024-03-24 23:45:00,FX:EURCAD,1.47044,1.4706000000000001,1.47027,1.47042,1331.0
2024-03-25 00:00:00,FX:EURCAD,1.47042,1.4705300000000001,1.47011,1.47024,1292.0
2024-03-25 00:15:00,FX:EURCAD,1.47024,1.47046,1.47014,1.47046,1007.0
2024-03-25 00:30:00,FX:EURCAD,1.47046,1.47061,1.47035,1.47048,1480.0
2024-03-25 00:45:00,FX:EURCAD,1.47048,1.47065,1.47047,1.47051,1278.0
2024-03-25 01:00:00,FX:EURCAD,1.47051,1.4707700000000001,1.4704300000000001,1.47075,1635.0
2024-03-25 01:15:00,FX:EURCAD,1.47075,1.47102,1.4707400000000002,1.4709100000000002,1626.0
2024-03-25 01:30:00,FX:EURCAD,1.4709100000000002,1.47106,1.47081,1.47102,1286.0
2024-03-25 01:45:00,FX:EURCAD,1.47102,1.47164,1.47082,1.4715500000000001,1999.0
2024-03-25 02:00:00,FX:EURCAD,1.4715500000000001,1.47181,1.47132,1.4717200000000001,2049.0
2024-03-25 02:15:00,FX:EURCAD,1.4717200000000001,1.47184,1.4715500000000001,1.4716500000000001,2030.0
2024-03-25 02:30:00,FX:EURCAD,1.4716500000000001,1.4716900000000002,1.47142,1.4714500000000001,1976.0
2024-03-25 02:45:00,FX:EURCAD,1.4714500000000001,1.47159,1.47136,1.47144,1557.0
2024-03-25 03:00:00,FX:EURCAD,1.47144,1.47171,1.47119,1.4713100000000001,1787.0
2024-03-25 03:15:00,FX:EURCAD,1.4713100000000001,1.4713500000000002,1.471,1.47112,1716.0
2024-03-25 03:30:00,FX:EURCAD,1.47112,1.47157,1.47089,1.47099,2192.0
2024-03-25 03:45:00,FX:EURCAD,1.47099,1.47129,1.4707000000000001,1.47071,2574.0
2024-03-25 04:00:00,FX:EURCAD,1.47071,1.4709400000000001,1.4704300000000001,1.47072,2745.0
2024-03-25 04:15:00,FX:EURCAD,1.47072,1.47095,1.47028,1.4706700000000001,2633.0
2024-03-25 04:30:00,FX:EURCAD,1.4706700000000001,1.47079,1.4695500000000001,1.46961,3331.0
2024-03-25 04:45:00,FX:EURCAD,1.46961,1.47019,1.46954,1.4697200000000001,2337.0
2024-03-25 05:00:00,FX:EURCAD,1.4697200000000001,1.4704300000000001,1.46957,1.46995,2212.0
2024-03-25 05:15:00,FX:EURCAD,1.46995,1.4705000000000001,1.46991,1.47034,1924.0
2024-03-25 05:30:00,FX:EURCAD,1.47034,1.47068,1.47002,1.47021,1870.0
2024-03-25 05:45:00,FX:EURCAD,1.47021,1.47098,1.47005,1.47051,2308.0
2024-03-25 06:00:00,FX:EURCAD,1.47051,1.47072,1.47018,1.47041,2363.0
2024-03-25 06:15:00,FX:EURCAD,1.47041,1.47055,1.47028,1.47047,1673.0
2024-03-25 06:30:00,FX:EURCAD,1.47047,1.47072,1.47032,1.47041,2439.0
2024-03-25 06:45:00,FX:EURCAD,1.47041,1.47052,1.47008,1.4703300000000001,1695.0
2024-03-25 07:00:00,FX:EURCAD,1.4703300000000001,1.47052,1.46995,1.4704300000000001,1909.0
2024-03-25 07:15:00,FX:EURCAD,1.4704300000000001,1.47105,1.47039,1.47083,1707.0
2024-03-25 07:30:00,FX:EURCAD,1.47083,1.4711,1.47066,1.47081,2027.0
2024-03-25 07:45:00,FX:EURCAD,1.47081,1.4712,1.47066,1.47116,2199.0
2024-03-25 08:00:00,FX:EURCAD,1.47116,1.47197,1.47098,1.4713100000000001,3491.0
2024-03-25 08:15:00,FX:EURCAD,1.4713100000000001,1.47194,1.47098,1.4715500000000001,2476.0
2024-03-25 08:30:00,FX:EURCAD,1.4715500000000001,1.47202,1.47146,1.47195,2200.0
2024-03-25 08:45:00,FX:EURCAD,1.47195,1.47232,1.47184,1.47205,2267.0
2024-03-25 09:00:00,FX:EURCAD,1.47205,1.47245,1.47157,1.47227,2481.0
2024-03-25 09:15:00,FX:EURCAD,1.47227,1.47229,1.47139,1.47141,2462.0
2024-03-25 09:30:00,FX:EURCAD,1.47141,1.47146,1.47075,1.47129,4333.0
2024-03-25 09:45:00,FX:EURCAD,1.47129,1.4719,1.4710400000000001,1.47105,2800.0
2024-03-25 10:00:00,FX:EURCAD,1.47105,1.47181,1.4708700000000001,1.47171,3134.0
2024-03-25 10:15:00,FX:EURCAD,1.47171,1.4718,1.4713,1.47133,2609.0
2024-03-25 10:30:00,FX:EURCAD,1.47133,1.4716200000000002,1.47099,1.47143,2376.0
2024-03-25 10:45:00,FX:EURCAD,1.47143,1.4717900000000002,1.47132,1.4717200000000001,2426.0
2024-03-25 11:00:00,FX:EURCAD,1.4717200000000001,1.4719600000000002,1.4713800000000001,1.47176,2512.0
2024-03-25 11:15:00,FX:EURCAD,1.47176,1.47186,1.47115,1.4714800000000001,2745.0
2024-03-25 11:30:00,FX:EURCAD,1.4714800000000001,1.47176,1.47123,1.47166,2122.0
2024-03-25 11:45:00,FX:EURCAD,1.47166,1.4721600000000001,1.47163,1.47167,2764.0
2024-03-25 12:00:00,FX:EURCAD,1.47167,1.47185,1.47123,1.4714,2556.0
2024-03-25 12:15:00,FX:EURCAD,1.4714,1.47164,1.47132,1.4716,2047.0
2024-03-25 12:30:00,FX:EURCAD,1.4716,1.47225,1.4715,1.47225,1677.0
2024-03-25 12:45:00,FX:EURCAD,1.47225,1.47234,1.4717,1.47173,1899.0
2024-03-25 13:00:00,FX:EURCAD,1.47173,1.47227,1.4715200000000002,1.47204,2158.0
2024-03-25 13:15:00,FX:EURCAD,1.47204,1.4721300000000002,1.4716900000000002,1.4721300000000002,1733.0
2024-03-25 13:30:00,FX:EURCAD,1.4721300000000002,1.47217,1.4717900000000002,1.47193,1209.0
2024-03-25 13:45:00,FX:EURCAD,1.47193,1.4719600000000002,1.4715500000000001,1.4717,1319.0
2024-03-25 14:00:00,FX:EURCAD,1.4717,1.47203,1.47168,1.47183,1430.0
2024-03-25 14:15:00,FX:EURCAD,1.47183,1.47198,1.47171,1.47173,1061.0
2024-03-25 14:30:00,FX:EURCAD,1.47173,1.4719,1.47149,1.47186,1128.0
2024-03-25 14:45:00,FX:EURCAD,1.47186,1.472,1.47161,1.47176,1386.0
2024-03-25 15:00:00,FX:EURCAD,1.47176,1.47229,1.47176,1.47215,1791.0
2024-03-25 15:15:00,FX:EURCAD,1.47215,1.4724300000000001,1.4721,1.47234,1420.0
2024-03-25 15:30:00,FX:EURCAD,1.47234,1.47244,1.47214,1.4722300000000001,1526.0
2024-03-25 15:45:00,FX:EURCAD,1.4722300000000001,1.4726700000000001,1.4721300000000002,1.47245,1482.0
2024-03-25 16:00:00,FX:EURCAD,1.47245,1.47262,1.47234,1.47255,751.0
2024-03-25 16:15:00,FX:EURCAD,1.47255,1.47273,1.47235,1.47247,907.0
2024-03-25 16:30:00,FX:EURCAD,1.47247,1.4728400000000001,1.4723600000000001,1.47237,995.0
2024-03-25 16:45:00,FX:EURCAD,1.47237,1.47239,1.4718,1.4718200000000001,1131.0
2024-03-25 17:00:00,FX:EURCAD,1.4718200000000001,1.4720600000000001,1.47176,1.47193,87.0
2024-03-25 17:15:00,FX:EURCAD,1.47193,1.4719600000000002,1.47153,1.4719600000000002,903.0
2024-03-25 17:30:00,FX:EURCAD,1.4719600000000002,1.47198,1.47161,1.4719600000000002,7285.0
2024-03-25 17:45:00,FX:EURCAD,1.4719600000000002,1.4721,1.4717900000000002,1.47204,1569.0
2024-03-25 18:00:00,FX:EURCAD,1.47204,1.47228,1.47193,1.47198,321.0
2024-03-25 18:15:00,FX:EURCAD,1.47198,1.47202,1.47184,1.47184,185.0
2024-03-25 18:30:00,FX:EURCAD,1.47184,1.47218,1.47184,1.47212,185.0
2024-03-25 18:45:00,FX:EURCAD,1.47212,1.47221,1.47211,1.47215,197.0
2024-03-25 19:00:00,FX:EURCAD,1.47215,1.47227,1.47205,1.4721600000000001,441.0
2024-03-25 19:15:00,FX:EURCAD,1.4721600000000001,1.47229,1.47202,1.4722300000000001,451.0
2024-03-25 19:30:00,FX:EURCAD,1.4722300000000001,1.47237,1.47221,1.47224,361.0
2024-03-25 19:45:00,FX:EURCAD,1.47224,1.47239,1.4721,1.4722300000000001,437.0
2024-03-25 20:00:00,FX:EURCAD,1.4722300000000001,1.4722600000000001,1.47202,1.47222,673.0
2024-03-25 20:15:00,FX:EURCAD,1.47222,1.4723600000000001,1.47204,1.47214,652.0
2024-03-25 20:30:00,FX:EURCAD,1.47214,1.47232,1.47202,1.47208,912.0
2024-03-25 20:45:00,FX:EURCAD,1.47208,1.47244,1.47197,1.47229,1398.0
2024-03-25 21:00:00,FX:EURCAD,1.47229,1.47237,1.47204,1.47219,1417.0
2024-03-25 21:15:00,FX:EURCAD,1.47219,1.47221,1.47186,1.47198,2233.0
2024-03-25 21:30:00,FX:EURCAD,1.47198,1.4721,1.47174,1.4718200000000001,1622.0
2024-03-25 21:45:00,FX:EURCAD,1.4718200000000001,1.47197,1.47173,1.47183,1196.0
2024-03-25 22:00:00,FX:EURCAD,1.47183,1.47204,1.4718,1.47183,840.0
2024-03-25 22:15:00,FX:EURCAD,1.47183,1.47193,1.47167,1.47185,756.0
2024-03-25 22:30:00,FX:EURCAD,1.47185,1.4719,1.4716900000000002,1.4718,923.0
2024-03-25 22:45:00,FX:EURCAD,1.4718,1.47227,1.47177,1.47218,950.0
2024-03-25 23:00:00,FX:EURCAD,1.47218,1.47237,1.47208,1.47227,640.0
2024-03-25 23:15:00,FX:EURCAD,1.47227,1.47231,1.4721,1.4722600000000001,730.0
2024-03-25 23:30:00,FX:EURCAD,1.4722600000000001,1.47244,1.4720900000000001,1.47212,1073.0
2024-03-25 23:45:00,FX:EURCAD,1.47212,1.47227,1.4720900000000001,1.4721600000000001,309.0
2024-03-26 00:00:00,FX:EURCAD,1.4721600000000001,1.47228,1.4721300000000002,1.4722300000000001,505.0
2024-03-26 00:15:00,FX:EURCAD,1.4722300000000001,1.47241,1.4722,1.47235,635.0
2024-03-26 00:30:00,FX:EURCAD,1.47235,1.47251,1.4722600000000001,1.47248,728.0
2024-03-26 00:45:00,FX:EURCAD,1.47248,1.47252,1.47237,1.47239,646.0
2024-03-26 01:00:00,FX:EURCAD,1.47239,1.47275,1.47239,1.47259,1300.0
2024-03-26 01:15:00,FX:EURCAD,1.47259,1.4728,1.47256,1.47263,606.0
2024-03-26 01:30:00,FX:EURCAD,1.47263,1.47292,1.47249,1.4727400000000002,1000.0
2024-03-26 01:45:00,FX:EURCAD,1.4727400000000002,1.47332,1.47273,1.4733,1133.0
2024-03-26 02:00:00,FX:EURCAD,1.4733,1.47332,1.47298,1.4730400000000001,997.0
2024-03-26 02:15:00,FX:EURCAD,1.4730400000000001,1.47316,1.47289,1.47307,1066.0
2024-03-26 02:30:00,FX:EURCAD,1.47307,1.47323,1.47286,1.4730400000000001,1359.0
2024-03-26 02:45:00,FX:EURCAD,1.4730400000000001,1.47319,1.4729100000000002,1.47306,917.0
2024-03-26 03:00:00,FX:EURCAD,1.47306,1.47334,1.47276,1.4732100000000001,1536.0
2024-03-26 03:15:00,FX:EURCAD,1.4732100000000001,1.47323,1.4726000000000001,1.47272,1756.0
2024-03-26 03:30:00,FX:EURCAD,1.47272,1.47326,1.47262,1.47295,2491.0
2024-03-26 03:45:00,FX:EURCAD,1.47295,1.47327,1.47272,1.47309,2484.0
2024-03-26 04:00:00,FX:EURCAD,1.47309,1.47315,1.47256,1.4728700000000001,3537.0
2024-03-26 04:15:00,FX:EURCAD,1.4728700000000001,1.47323,1.4727400000000002,1.47308,2868.0
2024-03-26 04:30:00,FX:EURCAD,1.47308,1.47353,1.47296,1.4731,2354.0
2024-03-26 04:45:00,FX:EURCAD,1.4731,1.47332,1.4729,1.47316,2603.0
2024-03-26 05:00:00,FX:EURCAD,1.47316,1.4732100000000001,1.47255,1.47258,2620.0
2024-03-26 05:15:00,FX:EURCAD,1.47258,1.473,1.47241,1.47247,2561.0
2024-03-26 05:30:00,FX:EURCAD,1.47247,1.4729100000000002,1.4723300000000001,1.47273,2861.0
2024-03-26 05:45:00,FX:EURCAD,1.47273,1.47299,1.47249,1.47289,2097.0
2024-03-26 06:00:00,FX:EURCAD,1.47289,1.47324,1.47258,1.4731800000000002,2340.0
2024-03-26 06:15:00,FX:EURCAD,1.4731800000000002,1.47363,1.4730100000000002,1.4736200000000002,2366.0
2024-03-26 06:30:00,FX:EURCAD,1.4736200000000002,1.4738900000000001,1.47305,1.47316,2130.0
2024-03-26 06:45:00,FX:EURCAD,1.47316,1.47317,1.47235,1.47246,2357.0
2024-03-26 07:00:00,FX:EURCAD,1.47246,1.4727000000000001,1.4721300000000002,1.4724300000000001,2061.0
2024-03-26 07:15:00,FX:EURCAD,1.4724300000000001,1.47252,1.4720900000000001,1.4723000000000002,2047.0
2024-03-26 07:30:00,FX:EURCAD,1.4723000000000002,1.4726700000000001,1.47221,1.47238,1920.0
2024-03-26 07:45:00,FX:EURCAD,1.47238,1.4730100000000002,1.4723300000000001,1.47263,2148.0
2024-03-26 08:00:00,FX:EURCAD,1.47263,1.47307,1.47259,1.47279,2535.0
2024-03-26 08:15:00,FX:EURCAD,1.47279,1.47295,1.47184,1.47201,2924.0
2024-03-26 08:30:00,FX:EURCAD,1.47201,1.47254,1.4716500000000001,1.47177,3885.0
2024-03-26 08:45:00,FX:EURCAD,1.47177,1.47183,1.47086,1.47097,3011.0
2024-03-26 09:00:00,FX:EURCAD,1.47097,1.47228,1.47092,1.47211,3175.0
2024-03-26 09:15:00,FX:EURCAD,1.47211,1.4721600000000001,1.47062,1.47089,3066.0
2024-03-26 09:30:00,FX:EURCAD,1.47089,1.47193,1.47076,1.4719200000000001,3787.0
2024-03-26 09:45:00,FX:EURCAD,1.4719200000000001,1.4723300000000001,1.47133,1.4720600000000001,3103.0
2024-03-26 10:00:00,FX:EURCAD,1.4720600000000001,1.47242,1.47137,1.4718,4223.0
2024-03-26 10:15:00,FX:EURCAD,1.4718,1.4719200000000001,1.4712,1.47153,3505.0
2024-03-26 10:30:00,FX:EURCAD,1.47153,1.4717500000000001,1.4712100000000001,1.47133,3289.0
2024-03-26 10:45:00,FX:EURCAD,1.47133,1.47153,1.47093,1.47106,3534.0
2024-03-26 11:00:00,FX:EURCAD,1.47106,1.47113,1.47055,1.4708700000000001,2829.0
2024-03-26 11:15:00,FX:EURCAD,1.4708700000000001,1.47143,1.4705000000000001,1.47132,3026.0
2024-03-26 11:30:00,FX:EURCAD,1.47132,1.47154,1.47063,1.47069,3230.0
2024-03-26 11:45:00,FX:EURCAD,1.47069,1.47082,1.46903,1.46934,5188.0
2024-03-26 12:00:00,FX:EURCAD,1.46934,1.47004,1.46924,1.46963,3528.0
2024-03-26 12:15:00,FX:EURCAD,1.46963,1.4697200000000001,1.4692800000000001,1.46942,2109.0
2024-03-26 12:30:00,FX:EURCAD,1.46942,1.47018,1.46942,1.4701,2385.0
2024-03-26 12:45:00,FX:EURCAD,1.4701,1.4703300000000001,1.46967,1.47011,2522.0
2024-03-26 13:00:00,FX:EURCAD,1.47011,1.47086,1.4698200000000001,1.47086,2838.0
2024-03-26 13:15:00,FX:EURCAD,1.47086,1.471,1.47042,1.47048,1557.0
2024-03-26 13:30:00,FX:EURCAD,1.47048,1.47065,1.47041,1.47045,1418.0
2024-03-26 13:45:00,FX:EURCAD,1.47045,1.4705700000000002,1.4703000000000002,1.47039,1662.0
2024-03-26 14:00:00,FX:EURCAD,1.47039,1.47045,1.47011,1.4703000000000002,1480.0
2024-03-26 14:15:00,FX:EURCAD,1.4703000000000002,1.47054,1.47021,1.47052,1249.0
2024-03-26 14:30:00,FX:EURCAD,1.47052,1.4706700000000001,1.47027,1.47065,1233.0
2024-03-26 14:45:00,FX:EURCAD,1.47065,1.4709400000000001,1.47052,1.4709100000000002,1562.0
2024-03-26 15:00:00,FX:EURCAD,1.4709100000000002,1.4711400000000001,1.4708400000000001,1.47106,1001.0
2024-03-26 15:15:00,FX:EURCAD,1.47106,1.47147,1.47093,1.47132,1153.0
2024-03-26 15:30:00,FX:EURCAD,1.47132,1.4716500000000001,1.47129,1.47159,1381.0
2024-03-26 15:45:00,FX:EURCAD,1.47159,1.4716500000000001,1.4711,1.47124,1668.0
2024-03-26 16:00:00,FX:EURCAD,1.47124,1.47158,1.4712100000000001,1.47137,1100.0
2024-03-26 16:15:00,FX:EURCAD,1.47137,1.47144,1.47116,1.47122,407.0
2024-03-26 16:30:00,FX:EURCAD,1.47122,1.4716500000000001,1.4711400000000001,1.47126,849.0
2024-03-26 16:45:00,FX:EURCAD,1.47126,1.47139,1.4707700000000001,1.4708400000000001,1224.0
2024-03-26 17:00:00,FX:EURCAD,1.4708400000000001,1.4711400000000001,1.47076,1.47097,207.0
2024-03-26 17:15:00,FX:EURCAD,1.47097,1.47122,1.47097,1.4711800000000002,565.0
2024-03-26 17:30:00,FX:EURCAD,1.4711800000000002,1.47123,1.46977,1.47113,818.0
2024-03-26 17:45:00,FX:EURCAD,1.47113,1.4712800000000001,1.47095,1.47112,1176.0
2024-03-26 18:00:00,FX:EURCAD,1.47112,1.4715500000000001,1.4711,1.47146,273.0
2024-03-26 18:15:00,FX:EURCAD,1.47146,1.47154,1.47141,1.47142,152.0
2024-03-26 18:30:00,FX:EURCAD,1.47142,1.4715200000000002,1.47142,1.47149,142.0
2024-03-26 18:45:00,FX:EURCAD,1.47149,1.4715200000000002,1.47141,1.4714800000000001,117.0
2024-03-26 19:00:00,FX:EURCAD,1.4714800000000001,1.47157,1.4713500000000002,1.47144,857.0
2024-03-26 19:15:00,FX:EURCAD,1.47144,1.47144,1.47115,1.4712800000000001,408.0
2024-03-26 19:30:00,FX:EURCAD,1.4712800000000001,1.47137,1.47112,1.47127,440.0
2024-03-26 19:45:00,FX:EURCAD,1.47127,1.47129,1.47099,1.4711100000000001,553.0
2024-03-26 20:00:00,FX:EURCAD,1.4711100000000001,1.4715200000000002,1.4711,1.4715,1097.0
2024-03-26 20:15:00,FX:EURCAD,1.4715,1.47153,1.47124,1.4713500000000002,1074.0
2024-03-26 20:30:00,FX:EURCAD,1.4713500000000002,1.4714500000000001,1.47113,1.47129,1284.0
2024-03-26 20:45:00,FX:EURCAD,1.47129,1.47151,1.4712100000000001,1.4714,1613.0
2024-03-26 21:00:00,FX:EURCAD,1.4714,1.47156,1.4713100000000001,1.47139,2022.0
2024-03-26 21:15:00,FX:EURCAD,1.47139,1.47163,1.47129,1.47136,1918.0
2024-03-26 21:30:00,FX:EURCAD,1.47136,1.47159,1.47117,1.4713100000000001,2254.0
2024-03-26 21:45:00,FX:EURCAD,1.4713100000000001,1.47143,1.47123,1.47126,1718.0
2024-03-26 22:00:00,FX:EURCAD,1.47126,1.47159,1.47122,1.47157,1700.0
2024-03-26 22:15:00,FX:EURCAD,1.47157,1.4718,1.4714800000000001,1.47164,1016.0
2024-03-26 22:30:00,FX:EURCAD,1.47164,1.47218,1.47161,1.4720600000000001,1595.0
2024-03-26 22:45:00,FX:EURCAD,1.4720600000000001,1.47219,1.4718200000000001,1.47185,1286.0
2024-03-26 23:00:00,FX:EURCAD,1.47185,1.47195,1.4716,1.4717500000000001,1889.0
2024-03-26 23:15:00,FX:EURCAD,1.4717500000000001,1.47191,1.4716500000000001,1.47187,1606.0
2024-03-26 23:30:00,FX:EURCAD,1.47187,1.472,1.4718,1.4719900000000001,982.0
2024-03-26 23:45:00,FX:EURCAD,1.4719900000000001,1.472,1.47167,1.4717,887.0
2024-03-27 00:00:00,FX:EURCAD,1.4717,1.47187,1.4716900000000002,1.47174,869.0
2024-03-27 00:15:00,FX:EURCAD,1.47174,1.4718900000000001,1.47171,1.47174,1047.0
2024-03-27 00:30:00,FX:EURCAD,1.47174,1.47188,1.4716900000000002,1.47171,1108.0
2024-03-27 00:45:00,FX:EURCAD,1.47171,1.4717900000000002,1.47159,1.47168,1096.0
2024-03-27 01:00:00,FX:EURCAD,1.47168,1.4716900000000002,1.4715,1.47158,1278.0
2024-03-27 01:15:00,FX:EURCAD,1.47158,1.4716500000000001,1.4715,1.4716200000000002,1080.0
2024-03-27 01:30:00,FX:EURCAD,1.4716200000000002,1.47178,1.4714800000000001,1.47156,977.0
2024-03-27 01:45:00,FX:EURCAD,1.47156,1.4716,1.47133,1.4714,1166.0
2024-03-27 02:00:00,FX:EURCAD,1.4714,1.4716500000000001,1.4713,1.47146,1803.0
2024-03-27 02:15:00,FX:EURCAD,1.47146,1.4717500000000001,1.47146,1.4717,1653.0
2024-03-27 02:30:00,FX:EURCAD,1.4717,1.47205,1.4716900000000002,1.47205,1441.0
2024-03-27 02:45:00,FX:EURCAD,1.47205,1.47224,1.47191,1.4722300000000001,1712.0
2024-03-27 03:00:00,FX:EURCAD,1.4722300000000001,1.47242,1.4719200000000001,1.47202,1848.0
2024-03-27 03:15:00,FX:EURCAD,1.47202,1.4722,1.47126,1.4714500000000001,2359.0
2024-03-27 03:30:00,FX:EURCAD,1.4714500000000001,1.4719200000000001,1.47115,1.47153,2846.0
2024-03-27 03:45:00,FX:EURCAD,1.47153,1.47177,1.47123,1.4717200000000001,2945.0
2024-03-27 04:00:00,FX:EURCAD,1.4717200000000001,1.4722,1.47141,1.47201,2870.0
2024-03-27 04:15:00,FX:EURCAD,1.47201,1.4721,1.47177,1.4719600000000002,2660.0
2024-03-27 04:30:00,FX:EURCAD,1.4719600000000002,1.4731800000000002,1.4719200000000001,1.47312,2547.0
2024-03-27 04:45:00,FX:EURCAD,1.47312,1.4732800000000001,1.4729,1.4731100000000001,2208.0
2024-03-27 05:00:00,FX:EURCAD,1.4731100000000001,1.47337,1.4727400000000002,1.47325,4024.0
2024-03-27 05:15:00,FX:EURCAD,1.47325,1.47327,1.47293,1.47316,3047.0
2024-03-27 05:30:00,FX:EURCAD,1.47316,1.4734,1.47241,1.47242,3356.0
2024-03-27 05:45:00,FX:EURCAD,1.47242,1.47263,1.47184,1.47187,2899.0
2024-03-27 06:00:00,FX:EURCAD,1.47187,1.47225,1.47174,1.47218,2751.0
2024-03-27 06:15:00,FX:EURCAD,1.47218,1.4723300000000001,1.4716200000000002,1.4721300000000002,2598.0
2024-03-27 06:30:00,FX:EURCAD,1.4721300000000002,1.4724000000000002,1.47178,1.47215,3157.0
2024-03-27 06:45:00,FX:EURCAD,1.47215,1.47248,1.47203,1.47246,2397.0
2024-03-27 07:00:00,FX:EURCAD,1.47246,1.4726700000000001,1.47227,1.47238,2510.0
2024-03-27 07:15:00,FX:EURCAD,1.47238,1.47251,1.47215,1.4721600000000001,2197.0
2024-03-27 07:30:00,FX:EURCAD,1.4721600000000001,1.47221,1.4715200000000002,1.4715500000000001,2604.0
2024-03-27 07:45:00,FX:EURCAD,1.4715500000000001,1.4716,1.47088,1.47116,2427.0
2024-03-27 08:00:00,FX:EURCAD,1.47116,1.4713500000000002,1.47076,1.4711400000000001,2787.0
2024-03-27 08:15:00,FX:EURCAD,1.4711400000000001,1.47149,1.47103,1.4711100000000001,2763.0
2024-03-27 08:30:00,FX:EURCAD,1.4711100000000001,1.4716500000000001,1.47096,1.47134,2659.0
2024-03-27 08:45:00,FX:EURCAD,1.47134,1.47178,1.47134,1.47157,3122.0
2024-03-27 09:00:00,FX:EURCAD,1.47157,1.4716,1.47096,1.47119,2796.0
2024-03-27 09:15:00,FX:EURCAD,1.47119,1.4716200000000002,1.4711100000000001,1.4714500000000001,2513.0
2024-03-27 09:30:00,FX:EURCAD,1.4714500000000001,1.47146,1.4696,1.46974,4392.0
2024-03-27 09:45:00,FX:EURCAD,1.46974,1.46988,1.46927,1.46927,3975.0
2024-03-27 10:00:00,FX:EURCAD,1.46927,1.46959,1.46812,1.46817,3668.0
2024-03-27 10:15:00,FX:EURCAD,1.46817,1.46871,1.4678900000000001,1.46849,3316.0
2024-03-27 10:30:00,FX:EURCAD,1.46849,1.4692100000000001,1.46817,1.46885,3401.0
2024-03-27 10:45:00,FX:EURCAD,1.46885,1.46964,1.46882,1.4693100000000001,3897.0
2024-03-27 11:00:00,FX:EURCAD,1.4693100000000001,1.47019,1.4692800000000001,1.47003,2358.0
2024-03-27 11:15:00,FX:EURCAD,1.47003,1.47011,1.4693500000000002,1.4696500000000001,2884.0
2024-03-27 11:30:00,FX:EURCAD,1.4696500000000001,1.47032,1.46963,1.4698900000000001,3180.0
2024-03-27 11:45:00,FX:EURCAD,1.4698900000000001,1.4705300000000001,1.46963,1.4700900000000001,3657.0
2024-03-27 12:00:00,FX:EURCAD,1.4700900000000001,1.47075,1.4700900000000001,1.47069,2728.0
2024-03-27 12:15:00,FX:EURCAD,1.47069,1.47073,1.47012,1.4704000000000002,2274.0
2024-03-27 12:30:00,FX:EURCAD,1.4704000000000002,1.4708,1.4699900000000001,1.4699900000000001,3137.0
2024-03-27 12:45:00,FX:EURCAD,1.4699900000000001,1.4702600000000001,1.4697900000000002,1.47007,2582.0
2024-03-27 13:00:00,FX:EURCAD,1.47007,1.47035,1.46985,1.46987,3043.0
2024-03-27 13:15:00,FX:EURCAD,1.46987,1.4699600000000002,1.46936,1.46949,1832.0
2024-03-27 13:30:00,FX:EURCAD,1.46949,1.46995,1.46941,1.4698900000000001,1834.0
2024-03-27 13:45:00,FX:EURCAD,1.4698900000000001,1.47003,1.46968,1.46974,1893.0
2024-03-27 14:00:00,FX:EURCAD,1.46974,1.47007,1.46946,1.46946,1467.0
2024-03-27 14:15:00,FX:EURCAD,1.46946,1.4695,1.4691400000000001,1.46916,1530.0
2024-03-27 14:30:00,FX:EURCAD,1.46916,1.46927,1.46889,1.46898,1570.0
2024-03-27 14:45:00,FX:EURCAD,1.46898,1.46915,1.4687700000000001,1.46907,1407.0
2024-03-27 15:00:00,FX:EURCAD,1.46907,1.46907,1.46855,1.46881,1380.0
2024-03-27 15:15:00,FX:EURCAD,1.46881,1.46905,1.4687400000000002,1.4689100000000002,1158.0
2024-03-27 15:30:00,FX:EURCAD,1.4689100000000002,1.4691400000000001,1.4688700000000001,1.46897,1275.0
2024-03-27 15:45:00,FX:EURCAD,1.46897,1.46941,1.4688,1.4692,2422.0
2024-03-27 16:00:00,FX:EURCAD,1.4692,1.46944,1.46858,1.46896,1410.0
2024-03-27 16:15:00,FX:EURCAD,1.46896,1.46925,1.4688400000000001,1.46905,648.0
2024-03-27 16:30:00,FX:EURCAD,1.46905,1.46933,1.46895,1.46927,776.0
2024-03-27 16:45:00,FX:EURCAD,1.46927,1.46946,1.46883,1.4688700000000001,1145.0
2024-03-27 17:00:00,FX:EURCAD,1.4688700000000001,1.4688700000000001,1.46753,1.46862,153.0
2024-03-27 17:15:00,FX:EURCAD,1.46862,1.4688700000000001,1.46859,1.46868,609.0
2024-03-27 17:30:00,FX:EURCAD,1.46868,1.46892,1.4686700000000001,1.46876,1385.0
2024-03-27 17:45:00,FX:EURCAD,1.46876,1.4688400000000001,1.46859,1.4688400000000001,1539.0
2024-03-27 18:00:00,FX:EURCAD,1.4688400000000001,1.4693500000000002,1.46824,1.46916,1435.0
2024-03-27 18:15:00,FX:EURCAD,1.46916,1.4693500000000002,1.46888,1.4690100000000001,497.0
2024-03-27 18:30:00,FX:EURCAD,1.4690100000000001,1.4690100000000001,1.46852,1.46876,277.0
2024-03-27 18:45:00,FX:EURCAD,1.46876,1.46889,1.4685300000000001,1.4688400000000001,524.0
2024-03-27 19:00:00,FX:EURCAD,1.4688400000000001,1.46906,1.46858,1.46906,828.0
2024-03-27 19:15:00,FX:EURCAD,1.46906,1.4691100000000001,1.46883,1.46888,648.0
2024-03-27 19:30:00,FX:EURCAD,1.46888,1.46903,1.46888,1.4689100000000002,665.0
2024-03-27 19:45:00,FX:EURCAD,1.4689100000000002,1.46913,1.46879,1.46888,646.0
2024-03-27 20:00:00,FX:EURCAD,1.46888,1.4691100000000001,1.46879,1.4688400000000001,1383.0
2024-03-27 20:15:00,FX:EURCAD,1.4688400000000001,1.46907,1.46878,1.4689400000000001,881.0
2024-03-27 20:30:00,FX:EURCAD,1.4689400000000001,1.46924,1.4689,1.4692,984.0
2024-03-27 20:45:00,FX:EURCAD,1.4692,1.46993,1.4692,1.46934,1736.0
2024-03-27 21:00:00,FX:EURCAD,1.46934,1.46978,1.46934,1.4697500000000001,1222.0
2024-03-27 21:15:00,FX:EURCAD,1.4697500000000001,1.4698200000000001,1.46943,1.46954,1277.0
2024-03-27 21:30:00,FX:EURCAD,1.46954,1.46959,1.46936,1.4695,1894.0
2024-03-27 21:45:00,FX:EURCAD,1.4695,1.4696,1.46924,1.46957,1671.0
2024-03-27 22:00:00,FX:EURCAD,1.46957,1.46963,1.46872,1.46878,1761.0
2024-03-27 22:15:00,FX:EURCAD,1.46878,1.46924,1.46873,1.46912,1596.0
2024-03-27 22:30:00,FX:EURCAD,1.46912,1.4692800000000001,1.46896,1.4690800000000002,1263.0
2024-03-27 22:45:00,FX:EURCAD,1.4690800000000002,1.46925,1.46899,1.4691800000000002,1564.0
2024-03-27 23:00:00,FX:EURCAD,1.4691800000000002,1.4693500000000002,1.46913,1.4693100000000001,1311.0
2024-03-27 23:15:00,FX:EURCAD,1.4693100000000001,1.46933,1.4690100000000001,1.4691800000000002,1206.0
2024-03-27 23:30:00,FX:EURCAD,1.4691800000000002,1.46937,1.46902,1.46933,900.0
2024-03-27 23:45:00,FX:EURCAD,1.46933,1.4694,1.46915,1.46933,984.0
2024-03-28 00:00:00,FX:EURCAD,1.46933,1.46943,1.4692100000000001,1.4693100000000001,927.0
2024-03-28 00:15:00,FX:EURCAD,1.4693100000000001,1.46944,1.46922,1.46929,797.0
2024-03-28 00:30:00,FX:EURCAD,1.46929,1.4693500000000002,1.46916,1.46924,708.0
2024-03-28 00:45:00,FX:EURCAD,1.46924,1.46942,1.46919,1.46929,558.0
2024-03-28 01:00:00,FX:EURCAD,1.46929,1.46939,1.46917,1.46924,955.0
2024-03-28 01:15:00,FX:EURCAD,1.46924,1.46941,1.46923,1.4693800000000001,806.0
2024-03-28 01:30:00,FX:EURCAD,1.4693800000000001,1.46964,1.4693,1.4694800000000001,1327.0
2024-03-28 01:45:00,FX:EURCAD,1.4694800000000001,1.46985,1.46947,1.4697200000000001,1528.0
2024-03-28 02:00:00,FX:EURCAD,1.4697200000000001,1.46981,1.46946,1.46954,1758.0
2024-03-28 02:15:00,FX:EURCAD,1.46954,1.46959,1.4692800000000001,1.46934,1375.0
2024-03-28 02:30:00,FX:EURCAD,1.46934,1.46966,1.46933,1.4695,1543.0
2024-03-28 02:45:00,FX:EURCAD,1.4695,1.4695,1.4691,1.46923,1503.0
2024-03-28 03:00:00,FX:EURCAD,1.46923,1.4695,1.46902,1.46909,2074.0
2024-03-28 03:15:00,FX:EURCAD,1.46909,1.4692100000000001,1.46818,1.46842,2512.0
2024-03-28 03:30:00,FX:EURCAD,1.46842,1.46883,1.4682600000000001,1.46865,2527.0
2024-03-28 03:45:00,FX:EURCAD,1.46865,1.4688,1.46802,1.46812,2157.0
2024-03-28 04:00:00,FX:EURCAD,1.46812,1.46827,1.4672100000000001,1.46758,3220.0
2024-03-28 04:15:00,FX:EURCAD,1.46758,1.46785,1.46724,1.4677,2679.0
2024-03-28 04:30:00,FX:EURCAD,1.4677,1.46814,1.4677,1.46805,2398.0
2024-03-28 04:45:00,FX:EURCAD,1.46805,1.46815,1.4678600000000002,1.46804,2044.0
2024-03-28 05:00:00,FX:EURCAD,1.46804,1.4681300000000002,1.4671,1.46712,2606.0
2024-03-28 05:15:00,FX:EURCAD,1.46712,1.46743,1.46685,1.46733,2928.0
2024-03-28 05:30:00,FX:EURCAD,1.46733,1.46753,1.46712,1.46729,2148.0
2024-03-28 05:45:00,FX:EURCAD,1.46729,1.4673,1.46663,1.46673,1814.0
2024-03-28 06:00:00,FX:EURCAD,1.46673,1.46686,1.46648,1.4667700000000001,2676.0
2024-03-28 06:15:00,FX:EURCAD,1.4667700000000001,1.46695,1.4665000000000001,1.46665,2909.0
2024-03-28 06:30:00,FX:EURCAD,1.46665,1.46737,1.46646,1.4671100000000001,2566.0
2024-03-28 06:45:00,FX:EURCAD,1.4671100000000001,1.46722,1.46688,1.46698,2469.0
2024-03-28 07:00:00,FX:EURCAD,1.46698,1.4672500000000002,1.46658,1.46671,2128.0
2024-03-28 07:15:00,FX:EURCAD,1.46671,1.46695,1.46618,1.46627,2196.0
2024-03-28 07:30:00,FX:EURCAD,1.46627,1.46675,1.46621,1.46627,1976.0
2024-03-28 07:45:00,FX:EURCAD,1.46627,1.4663300000000001,1.4657,1.46621,2635.0
2024-03-28 08:00:00,FX:EURCAD,1.46621,1.4666000000000001,1.46594,1.46611,2574.0
2024-03-28 08:15:00,FX:EURCAD,1.46611,1.46659,1.46581,1.46624,2522.0
2024-03-28 08:30:00,FX:EURCAD,1.46624,1.46624,1.46507,1.46544,4735.0
2024-03-28 08:45:00,FX:EURCAD,1.46544,1.46678,1.4651800000000001,1.46666,4764.0
2024-03-28 09:00:00,FX:EURCAD,1.46666,1.46743,1.46658,1.46707,5264.0
2024-03-28 09:15:00,FX:EURCAD,1.46707,1.4670800000000002,1.4658600000000002,1.46641,3040.0
2024-03-28 09:30:00,FX:EURCAD,1.46641,1.46663,1.46539,1.46539,3213.0
2024-03-28 09:45:00,FX:EURCAD,1.46539,1.46639,1.46526,1.46526,4090.0
2024-03-28 10:00:00,FX:EURCAD,1.46526,1.46588,1.46418,1.46427,5811.0
2024-03-28 10:15:00,FX:EURCAD,1.46427,1.46505,1.46397,1.4645700000000001,3990.0
2024-03-28 10:30:00,FX:EURCAD,1.4645700000000001,1.46526,1.46444,1.4649100000000002,3474.0
2024-03-28 10:45:00,FX:EURCAD,1.4649100000000002,1.46497,1.4631,1.4635200000000002,3776.0
2024-03-28 11:00:00,FX:EURCAD,1.4635200000000002,1.4635500000000001,1.46298,1.46322,3200.0
2024-03-28 11:15:00,FX:EURCAD,1.46322,1.4632500000000002,1.462,1.4624300000000001,2898.0
2024-03-28 11:30:00,FX:EURCAD,1.4624300000000001,1.46305,1.462,1.4622,3032.0
2024-03-28 11:45:00,FX:EURCAD,1.4622,1.46269,1.46129,1.4615200000000002,6350.0
2024-03-28 12:00:00,FX:EURCAD,1.4615200000000002,1.46193,1.4610100000000001,1.46157,5039.0
2024-03-28 12:15:00,FX:EURCAD,1.46157,1.46235,1.4615500000000001,1.4618600000000002,2473.0
2024-03-28 12:30:00,FX:EURCAD,1.4618600000000002,1.4622,1.46113,1.46134,2505.0
2024-03-28 12:45:00,FX:EURCAD,1.46134,1.46208,1.46126,1.46184,2451.0
2024-03-28 13:00:00,FX:EURCAD,1.46184,1.46204,1.46139,1.4618600000000002,2836.0
2024-03-28 13:15:00,FX:EURCAD,1.4618600000000002,1.4620600000000001,1.46147,1.46168,1979.0
2024-03-28 13:30:00,FX:EURCAD,1.46168,1.46173,1.4610800000000002,1.4612500000000002,2021.0
2024-03-28 13:45:00,FX:EURCAD,1.4612500000000002,1.46164,1.46102,1.46143,2267.0
2024-03-28 14:00:00,FX:EURCAD,1.46143,1.46156,1.46105,1.46119,2069.0
2024-03-28 14:15:00,FX:EURCAD,1.46119,1.46151,1.46095,1.46109,2226.0
2024-03-28 14:30:00,FX:EURCAD,1.46109,1.46129,1.46092,1.4611800000000001,1314.0
2024-03-28 14:45:00,FX:EURCAD,1.4611800000000001,1.4612100000000001,1.46036,1.46052,1524.0
2024-03-28 15:00:00,FX:EURCAD,1.46052,1.46117,1.46052,1.46095,1708.0
2024-03-28 15:15:00,FX:EURCAD,1.46095,1.4612500000000002,1.46086,1.4611800000000001,1833.0
2024-03-28 15:30:00,FX:EURCAD,1.4611800000000001,1.46134,1.46083,1.46085,1806.0
2024-03-28 15:45:00,FX:EURCAD,1.46085,1.46122,1.46058,1.4611100000000001,2350.0
2024-03-28 16:00:00,FX:EURCAD,1.4611100000000001,1.46159,1.46103,1.4615500000000001,1315.0
2024-03-28 16:15:00,FX:EURCAD,1.4615500000000001,1.46159,1.4610400000000001,1.46116,705.0
2024-03-28 16:30:00,FX:EURCAD,1.46116,1.46122,1.46098,1.4610800000000002,625.0
2024-03-28 16:45:00,FX:EURCAD,1.4610800000000002,1.46109,1.46002,1.4605000000000001,923.0
2024-03-28 17:00:00,FX:EURCAD,1.4605000000000001,1.46056,1.45967,1.46053,253.0
2024-03-28 17:15:00,FX:EURCAD,1.46053,1.4608100000000002,1.46045,1.46051,2057.0
2024-03-28 17:30:00,FX:EURCAD,1.46051,1.4608100000000002,1.4602300000000001,1.4605700000000001,4598.0
2024-03-28 17:45:00,FX:EURCAD,1.4605700000000001,1.46068,1.46039,1.46042,3805.0
2024-03-28 18:00:00,FX:EURCAD,1.46042,1.46123,1.46029,1.4607700000000001,1439.0
2024-03-28 18:15:00,FX:EURCAD,1.4607700000000001,1.461,1.4605000000000001,1.46063,2847.0
2024-03-28 18:30:00,FX:EURCAD,1.46063,1.4608,1.4596900000000002,1.46059,1307.0
2024-03-28 18:45:00,FX:EURCAD,1.46059,1.4606000000000001,1.46031,1.46055,3013.0
2024-03-28 19:00:00,FX:EURCAD,1.46055,1.46068,1.45957,1.46012,4364.0
2024-03-28 19:15:00,FX:EURCAD,1.46012,1.46054,1.45957,1.46009,3579.0
2024-03-28 19:30:00,FX:EURCAD,1.46009,1.46063,1.45984,1.4602000000000002,4837.0
2024-03-28 19:45:00,FX:EURCAD,1.4602000000000002,1.46082,1.46011,1.46068,7452.0
2024-03-28 20:00:00,FX:EURCAD,1.46068,1.4608400000000001,1.4600600000000001,1.46027,4205.0
2024-03-28 20:15:00,FX:EURCAD,1.46027,1.46032,1.45987,1.46012,1426.0
2024-03-28 20:30:00,FX:EURCAD,1.46012,1.4602600000000001,1.45991,1.46025,2446.0
2024-03-28 20:45:00,FX:EURCAD,1.46025,1.4607400000000001,1.4597,1.45974,3023.0
2024-03-28 21:00:00,FX:EURCAD,1.45974,1.45984,1.4593,1.45976,793.0
2024-03-28 21:15:00,FX:EURCAD,1.45976,1.45998,1.45949,1.45949,1448.0
2024-03-28 21:30:00,FX:EURCAD,1.45949,1.45967,1.4590800000000002,1.45914,1378.0
2024-03-28 21:45:00,FX:EURCAD,1.45914,1.45951,1.45882,1.45883,2232.0
2024-03-28 22:00:00,FX:EURCAD,1.45883,1.45915,1.45841,1.4587700000000001,1249.0
2024-03-28 22:15:00,FX:EURCAD,1.4587700000000001,1.45913,1.4585700000000001,1.45876,2705.0
2024-03-28 22:30:00,FX:EURCAD,1.45876,1.45915,1.45871,1.45898,1682.0
2024-03-28 22:45:00,FX:EURCAD,1.45898,1.45917,1.45875,1.45903,1490.0
2024-03-28 23:00:00,FX:EURCAD,1.45903,1.45924,1.45897,1.45915,1118.0
2024-03-28 23:15:00,FX:EURCAD,1.45915,1.4592,1.45883,1.4588700000000001,1503.0
2024-03-28 23:30:00,FX:EURCAD,1.4588700000000001,1.45899,1.45885,1.45886,306.0
2024-03-28 23:45:00,FX:EURCAD,1.45886,1.45898,1.45879,1.4588,345.0
2024-03-29 00:00:00,FX:EURCAD,1.4588,1.45912,1.45879,1.4591,408.0
2024-03-29 00:15:00,FX:EURCAD,1.4591,1.4603000000000002,1.45907,1.4602000000000002,687.0
2024-03-29 00:30:00,FX:EURCAD,1.4602000000000002,1.46053,1.45985,1.45987,1306.0
2024-03-29 00:45:00,FX:EURCAD,1.45987,1.46046,1.45967,1.4604000000000001,753.0
2024-03-29 01:00:00,FX:EURCAD,1.4604000000000001,1.46051,1.4602300000000001,1.46024,580.0
2024-03-29 01:15:00,FX:EURCAD,1.46024,1.4604000000000001,1.46001,1.46008,569.0
2024-03-29 01:30:00,FX:EURCAD,1.46008,1.4602600000000001,1.46008,1.46017,1024.0
2024-03-29 01:45:00,FX:EURCAD,1.46017,1.46029,1.46009,1.46019,526.0
2024-03-29 02:00:00,FX:EURCAD,1.46019,1.46041,1.46007,1.4601300000000001,1237.0
2024-03-29 02:15:00,FX:EURCAD,1.4601300000000001,1.46076,1.4601300000000001,1.46048,1324.0
2024-03-29 02:30:00,FX:EURCAD,1.46048,1.46129,1.46046,1.4609400000000001,770.0
2024-03-29 02:45:00,FX:EURCAD,1.4609400000000001,1.4611,1.4601600000000001,1.46038,1059.0
2024-03-29 03:00:00,FX:EURCAD,1.46038,1.46055,1.46014,1.46051,2597.0
2024-03-29 03:15:00,FX:EURCAD,1.46051,1.46055,1.46039,1.46042,626.0
2024-03-29 03:30:00,FX:EURCAD,1.46042,1.4608,1.46015,1.46065,1055.0
2024-03-29 03:45:00,FX:EURCAD,1.46065,1.46093,1.4589400000000001,1.45953,1923.0
2024-03-29 04:00:00,FX:EURCAD,1.45953,1.45967,1.4590800000000002,1.45953,1115.0
2024-03-29 04:15:00,FX:EURCAD,1.45953,1.4599900000000001,1.45939,1.45998,1701.0
2024-03-29 04:30:00,FX:EURCAD,1.45998,1.46005,1.45953,1.45993,1593.0
2024-03-29 04:45:00,FX:EURCAD,1.45993,1.46052,1.45987,1.46049,1221.0
2024-03-29 05:00:00,FX:EURCAD,1.46049,1.46053,1.4600300000000002,1.46004,656.0
2024-03-29 05:15:00,FX:EURCAD,1.46004,1.46019,1.45961,1.45991,2289.0
2024-03-29 05:30:00,FX:EURCAD,1.45991,1.46035,1.4597200000000001,1.4602600000000001,2925.0
2024-03-29 05:45:00,FX:EURCAD,1.4602600000000001,1.4608700000000001,1.46015,1.4608700000000001,3473.0
2024-03-29 06:00:00,FX:EURCAD,1.4608700000000001,1.46146,1.46076,1.4610800000000002,3839.0
2024-03-29 06:15:00,FX:EURCAD,1.4610800000000002,1.4615200000000002,1.4608700000000001,1.4613,2464.0
2024-03-29 06:30:00,FX:EURCAD,1.4613,1.4617200000000001,1.46103,1.46129,2186.0
2024-03-29 06:45:00,FX:EURCAD,1.46129,1.46144,1.46089,1.4613500000000001,2362.0
2024-03-29 07:00:00,FX:EURCAD,1.4613500000000001,1.46176,1.46106,1.46157,2857.0
2024-03-29 07:15:00,FX:EURCAD,1.46157,1.46227,1.4615,1.4619900000000001,2497.0
2024-03-29 07:30:00,FX:EURCAD,1.4619900000000001,1.46208,1.46163,1.46176,2231.0
2024-03-29 07:45:00,FX:EURCAD,1.46176,1.46178,1.4614200000000002,1.46163,1663.0
2024-03-29 08:00:00,FX:EURCAD,1.46163,1.46167,1.46117,1.46137,2084.0
2024-03-29 08:15:00,FX:EURCAD,1.46137,1.4617,1.4598900000000001,1.46009,2750.0
2024-03-29 08:30:00,FX:EURCAD,1.46009,1.46319,1.4599,1.46252,5371.0
2024-03-29 08:45:00,FX:EURCAD,1.46252,1.46261,1.46133,1.4621300000000002,4337.0
2024-03-29 09:00:00,FX:EURCAD,1.4621300000000002,1.46239,1.46161,1.46238,2489.0
2024-03-29 09:15:00,FX:EURCAD,1.46238,1.46324,1.46235,1.46259,4641.0
2024-03-29 09:30:00,FX:EURCAD,1.46259,1.46263,1.4618900000000001,1.46202,3186.0
2024-03-29 09:45:00,FX:EURCAD,1.46202,1.46254,1.46195,1.46237,1675.0
2024-03-29 10:00:00,FX:EURCAD,1.46237,1.46256,1.46204,1.46224,3182.0
2024-03-29 10:15:00,FX:EURCAD,1.46224,1.46232,1.46208,1.4620900000000001,1078.0
2024-03-29 10:30:00,FX:EURCAD,1.4620900000000001,1.46244,1.46198,1.46237,2403.0
2024-03-29 10:45:00,FX:EURCAD,1.46237,1.46237,1.46176,1.46193,1926.0
2024-03-29 11:00:00,FX:EURCAD,1.46193,1.46194,1.46032,1.46082,3742.0
2024-03-29 11:15:00,FX:EURCAD,1.46082,1.46088,1.4603000000000002,1.46049,3597.0
2024-03-29 11:30:00,FX:EURCAD,1.46049,1.4610100000000001,1.46034,1.46044,3387.0
2024-03-29 11:45:00,FX:EURCAD,1.46044,1.46133,1.46028,1.46133,4608.0
2024-03-29 12:00:00,FX:EURCAD,1.46133,1.4615500000000001,1.46071,1.46071,879.0
2024-03-29 12:15:00,FX:EURCAD,1.46071,1.46098,1.4607,1.46072,156.0
2024-03-29 12:30:00,FX:EURCAD,1.46072,1.46083,1.46063,1.46065,589.0
2024-03-29 12:45:00,FX:EURCAD,1.46065,1.46083,1.46061,1.46072,2172.0
2024-03-29 13:00:00,FX:EURCAD,1.46072,1.46095,1.46068,1.4607400000000001,1245.0
2024-03-29 13:15:00,FX:EURCAD,1.4607400000000001,1.46088,1.4606400000000002,1.4607700000000001,1645.0
2024-03-29 13:30:00,FX:EURCAD,1.4607700000000001,1.4609,1.46071,1.46075,964.0
2024-03-29 13:45:00,FX:EURCAD,1.46075,1.46093,1.46071,1.4608100000000002,464.0
2024-03-29 14:00:00,FX:EURCAD,1.4608100000000002,1.4614200000000002,1.46069,1.46109,3425.0
2024-03-29 14:15:00,FX:EURCAD,1.46109,1.46132,1.46105,1.46116,2897.0
2024-03-29 14:30:00,FX:EURCAD,1.46116,1.4612800000000001,1.4611,1.4612,2476.0
2024-03-29 14:45:00,FX:EURCAD,1.4612,1.46147,1.46117,1.46137,1926.0
2024-03-29 15:00:00,FX:EURCAD,1.46137,1.46141,1.46114,1.4613,952.0
2024-03-29 15:15:00,FX:EURCAD,1.4613,1.46187,1.46122,1.4616500000000001,1994.0
2024-03-29 15:30:00,FX:EURCAD,1.4616500000000001,1.4618600000000002,1.4615,1.46159,2832.0
2024-03-29 15:45:00,FX:EURCAD,1.46159,1.4617,1.4610800000000002,1.4612,4568.0
2024-03-29 16:00:00,FX:EURCAD,1.4612,1.4614500000000001,1.46061,1.46095,3145.0
2024-03-29 16:15:00,FX:EURCAD,1.46095,1.46174,1.46063,1.46098,6652.0
2024-03-29 16:30:00,FX:EURCAD,1.46098,1.4614200000000002,1.46046,1.46082,4972.0
2024-03-29 16:45:00,FX:EURCAD,1.46082,1.46099,1.46018,1.46076,562.0
2024-03-31 17:00:00,FX:EURCAD,1.46076,1.4618900000000001,1.46032,1.46174,264.0
2024-03-31 17:15:00,FX:EURCAD,1.46174,1.46176,1.46046,1.46106,1517.0
2024-03-31 17:30:00,FX:EURCAD,1.46106,1.46123,1.46061,1.46096,2230.0
2024-03-31 17:45:00,FX:EURCAD,1.46096,1.46132,1.4603300000000001,1.46088,2116.0
2024-03-31 18:00:00,FX:EURCAD,1.46088,1.46089,1.45896,1.45984,1653.0
2024-03-31 18:15:00,FX:EURCAD,1.45984,1.46039,1.45973,1.46004,540.0
2024-03-31 18:30:00,FX:EURCAD,1.46004,1.4602300000000001,1.4595500000000001,1.4596200000000001,396.0
2024-03-31 18:45:00,FX:EURCAD,1.4596200000000001,1.45971,1.4593500000000001,1.4596,396.0
2024-03-31 19:00:00,FX:EURCAD,1.4596,1.45983,1.45953,1.4597900000000001,750.0
2024-03-31 19:15:00,FX:EURCAD,1.4597900000000001,1.45992,1.45966,1.4597200000000001,357.0
2024-03-31 19:30:00,FX:EURCAD,1.4597200000000001,1.45978,1.4594,1.45957,956.0
2024-03-31 19:45:00,FX:EURCAD,1.45957,1.45963,1.45917,1.4593800000000001,1218.0
2024-03-31 20:00:00,FX:EURCAD,1.4593800000000001,1.4596,1.4592,1.4592800000000001,2376.0
2024-03-31 20:15:00,FX:EURCAD,1.4592800000000001,1.45968,1.4589400000000001,1.4595200000000002,1373.0
2024-03-31 20:30:00,FX:EURCAD,1.4595200000000002,1.4596500000000001,1.45922,1.4593500000000001,2105.0
2024-03-31 20:45:00,FX:EURCAD,1.4593500000000001,1.45958,1.4591,1.45932,2296.0
2024-03-31 21:00:00,FX:EURCAD,1.45932,1.45967,1.4592,1.45954,1713.0
2024-03-31 21:15:00,FX:EURCAD,1.45954,1.4597200000000001,1.45947,1.45964,1907.0
2024-03-31 21:30:00,FX:EURCAD,1.45964,1.4598200000000001,1.45948,1.45961,1556.0
2024-03-31 21:45:00,FX:EURCAD,1.45961,1.4596900000000002,1.45909,1.45933,2366.0
2024-03-31 22:00:00,FX:EURCAD,1.45933,1.45948,1.45926,1.4592800000000001,1464.0
2024-03-31 22:15:00,FX:EURCAD,1.4592800000000001,1.45949,1.45917,1.45947,1061.0
2024-03-31 22:30:00,FX:EURCAD,1.45947,1.45961,1.4593,1.4593,1112.0
2024-03-31 22:45:00,FX:EURCAD,1.4593,1.45934,1.45909,1.4592500000000002,1305.0
2024-03-31 23:00:00,FX:EURCAD,1.4592500000000002,1.45941,1.45919,1.4593500000000001,1167.0
2024-03-31 23:15:00,FX:EURCAD,1.4593500000000001,1.45947,1.4592800000000001,1.45937,1129.0
2024-03-31 23:30:00,FX:EURCAD,1.45937,1.4595200000000002,1.45923,1.45932,940.0
2024-03-31 23:45:00,FX:EURCAD,1.45932,1.45944,1.45922,1.4593,1212.0
2024-04-01 00:00:00,FX:EURCAD,1.4593,1.4595,1.4593,1.4593800000000001,1404.0
2024-04-01 00:15:00,FX:EURCAD,1.4593800000000001,1.45941,1.45917,1.45927,1401.0
2024-04-01 00:30:00,FX:EURCAD,1.45927,1.45949,1.4592100000000001,1.45924,811.0
2024-04-01 00:45:00,FX:EURCAD,1.45924,1.45943,1.4592100000000001,1.45931,824.0
2024-04-01 01:00:00,FX:EURCAD,1.45931,1.4594500000000001,1.4592100000000001,1.4593,833.0
2024-04-01 01:15:00,FX:EURCAD,1.4593,1.45944,1.45926,1.4593500000000001,799.0
2024-04-01 01:30:00,FX:EURCAD,1.4593500000000001,1.4595,1.45932,1.45941,939.0
2024-04-01 01:45:00,FX:EURCAD,1.45941,1.45957,1.45941,1.45947,854.0
2024-04-01 02:00:00,FX:EURCAD,1.45947,1.4597900000000001,1.4592500000000002,1.45966,1103.0
2024-04-01 02:15:00,FX:EURCAD,1.45966,1.45976,1.4594200000000002,1.45971,1244.0
2024-04-01 02:30:00,FX:EURCAD,1.45971,1.45974,1.4593500000000001,1.45957,1599.0
2024-04-01 02:45:00,FX:EURCAD,1.45957,1.4596,1.4588400000000001,1.459,1619.0
2024-04-01 03:00:00,FX:EURCAD,1.459,1.45975,1.4588,1.4596,1916.0
2024-04-01 03:15:00,FX:EURCAD,1.4596,1.45991,1.4596,1.45971,1369.0
2024-04-01 03:30:00,FX:EURCAD,1.45971,1.4598200000000001,1.45936,1.4594200000000002,1725.0
2024-04-01 03:45:00,FX:EURCAD,1.4594200000000002,1.45948,1.45886,1.4592500000000002,1754.0
2024-04-01 04:00:00,FX:EURCAD,1.4592500000000002,1.4596200000000001,1.45898,1.45954,1577.0
2024-04-01 04:15:00,FX:EURCAD,1.45954,1.46005,1.4594500000000001,1.45953,1722.0
2024-04-01 04:30:00,FX:EURCAD,1.45953,1.45978,1.45941,1.45966,1399.0
2024-04-01 04:45:00,FX:EURCAD,1.45966,1.45998,1.45963,1.4596900000000002,1379.0
2024-04-01 05:00:00,FX:EURCAD,1.4596900000000002,1.4597200000000001,1.45929,1.45929,1388.0
2024-04-01 05:15:00,FX:EURCAD,1.45929,1.45961,1.45923,1.4593,1415.0
2024-04-01 05:30:00,FX:EURCAD,1.4593,1.45954,1.4592500000000002,1.45933,1450.0
2024-04-01 05:45:00,FX:EURCAD,1.45933,1.45946,1.45915,1.45931,1163.0
2024-04-01 06:00:00,FX:EURCAD,1.45931,1.45937,1.45899,1.4590800000000002,1692.0
2024-04-01 06:15:00,FX:EURCAD,1.4590800000000002,1.45937,1.45907,1.45933,1416.0
2024-04-01 06:30:00,FX:EURCAD,1.45933,1.45985,1.45933,1.4596200000000001,1414.0
2024-04-01 06:45:00,FX:EURCAD,1.4596200000000001,1.45976,1.45949,1.45975,1200.0
2024-04-01 07:00:00,FX:EURCAD,1.45975,1.46024,1.45951,1.46022,1806.0
2024-04-01 07:15:00,FX:EURCAD,1.46022,1.4604700000000002,1.45997,1.46045,1326.0
2024-04-01 07:30:00,FX:EURCAD,1.46045,1.46133,1.46044,1.4610100000000001,1819.0
2024-04-01 07:45:00,FX:EURCAD,1.4610100000000001,1.4613500000000001,1.46099,1.4612800000000001,1629.0
2024-04-01 08:00:00,FX:EURCAD,1.4612800000000001,1.4624300000000001,1.46126,1.46176,2800.0
2024-04-01 08:15:00,FX:EURCAD,1.46176,1.46237,1.46173,1.4622300000000001,2691.0
2024-04-01 08:30:00,FX:EURCAD,1.4622300000000001,1.46268,1.46208,1.46244,2527.0
2024-04-01 08:45:00,FX:EURCAD,1.46244,1.46256,1.46171,1.46188,2080.0
2024-04-01 09:00:00,FX:EURCAD,1.46188,1.46188,1.46082,1.46095,2946.0
2024-04-01 09:15:00,FX:EURCAD,1.46095,1.461,1.46018,1.4603000000000002,2472.0
2024-04-01 09:30:00,FX:EURCAD,1.4603000000000002,1.46183,1.46011,1.46116,3965.0
2024-04-01 09:45:00,FX:EURCAD,1.46116,1.46164,1.45997,1.45997,3666.0
2024-04-01 10:00:00,FX:EURCAD,1.45997,1.4605000000000001,1.45787,1.45876,7883.0
2024-04-01 10:15:00,FX:EURCAD,1.45876,1.45926,1.4584700000000002,1.45878,3791.0
2024-04-01 10:30:00,FX:EURCAD,1.45878,1.45948,1.45862,1.4588700000000001,3531.0
2024-04-01 10:45:00,FX:EURCAD,1.4588700000000001,1.45917,1.45814,1.4582000000000002,4509.0
2024-04-01 11:00:00,FX:EURCAD,1.4582000000000002,1.45859,1.45777,1.4578900000000001,4318.0
2024-04-01 11:15:00,FX:EURCAD,1.4578900000000001,1.45831,1.45753,1.45777,3041.0
2024-04-01 11:30:00,FX:EURCAD,1.45777,1.45787,1.45715,1.45743,2921.0
2024-04-01 11:45:00,FX:EURCAD,1.45743,1.45787,1.45736,1.4575900000000002,2378.0
2024-04-01 12:00:00,FX:EURCAD,1.4575900000000002,1.45774,1.45726,1.45726,2611.0
2024-04-01 12:15:00,FX:EURCAD,1.45726,1.45747,1.45716,1.4574200000000002,2301.0
2024-04-01 12:30:00,FX:EURCAD,1.4574200000000002,1.45758,1.45699,1.45722,2042.0
2024-04-01 12:45:00,FX:EURCAD,1.45722,1.45768,1.45717,1.4576200000000001,1717.0
2024-04-01 13:00:00,FX:EURCAD,1.4576200000000001,1.45865,1.4576200000000001,1.45861,1996.0
2024-04-01 13:15:00,FX:EURCAD,1.45861,1.45932,1.4585000000000001,1.45882,2036.0
2024-04-01 13:30:00,FX:EURCAD,1.45882,1.45888,1.45841,1.4585000000000001,1916.0
2024-04-01 13:45:00,FX:EURCAD,1.4585000000000001,1.45865,1.45815,1.45854,1459.0
2024-04-01 14:00:00,FX:EURCAD,1.45854,1.45902,1.45854,1.4588,1721.0
2024-04-01 14:15:00,FX:EURCAD,1.4588,1.45909,1.4588,1.45907,1255.0
2024-04-01 14:30:00,FX:EURCAD,1.45907,1.45913,1.45859,1.45872,1933.0
2024-04-01 14:45:00,FX:EURCAD,1.45872,1.45875,1.45837,1.4584300000000001,1668.0
2024-04-01 15:00:00,FX:EURCAD,1.4584300000000001,1.4589,1.4584300000000001,1.45868,2054.0
2024-04-01 15:15:00,FX:EURCAD,1.45868,1.45896,1.45856,1.45859,1811.0
2024-04-01 15:30:00,FX:EURCAD,1.45859,1.45878,1.45835,1.45837,2171.0
2024-04-01 15:45:00,FX:EURCAD,1.45837,1.4585700000000001,1.45807,1.45808,1797.0
2024-04-01 16:00:00,FX:EURCAD,1.45808,1.45831,1.4580600000000001,1.4582000000000002,1122.0
2024-04-01 16:15:00,FX:EURCAD,1.4582000000000002,1.4582600000000001,1.4579,1.45798,824.0
2024-04-01 16:30:00,FX:EURCAD,1.45798,1.45812,1.45778,1.4577900000000001,997.0
2024-04-01 16:45:00,FX:EURCAD,1.4577900000000001,1.45794,1.4576500000000001,1.45774,832.0
2024-04-01 17:00:00,FX:EURCAD,1.45774,1.45774,1.45683,1.45766,1182.0
2024-04-01 17:15:00,FX:EURCAD,1.45766,1.45814,1.45748,1.45805,1160.0
2024-04-01 17:30:00,FX:EURCAD,1.45805,1.4581,1.45768,1.4578900000000001,472.0
2024-04-01 17:45:00,FX:EURCAD,1.4578900000000001,1.45798,1.4578200000000001,1.45793,447.0
2024-04-01 18:00:00,FX:EURCAD,1.45793,1.45824,1.45778,1.45818,338.0
2024-04-01 18:15:00,FX:EURCAD,1.45818,1.45818,1.45776,1.45778,104.0
2024-04-01 18:30:00,FX:EURCAD,1.45778,1.45785,1.45773,1.45778,178.0
2024-04-01 18:45:00,FX:EURCAD,1.45778,1.4580300000000002,1.45768,1.4578600000000002,279.0
2024-04-01 19:00:00,FX:EURCAD,1.4578600000000002,1.45797,1.4574500000000001,1.4575500000000001,613.0
2024-04-01 19:15:00,FX:EURCAD,1.4575500000000001,1.45761,1.4573500000000001,1.45744,540.0
2024-04-01 19:30:00,FX:EURCAD,1.45744,1.4576,1.45731,1.4575500000000001,541.0
2024-04-01 19:45:00,FX:EURCAD,1.4575500000000001,1.45767,1.45739,1.45743,1070.0
2024-04-01 20:00:00,FX:EURCAD,1.45743,1.4575200000000001,1.4569,1.4572100000000001,1649.0
2024-04-01 20:15:00,FX:EURCAD,1.4572100000000001,1.45722,1.45683,1.4569,1712.0
2024-04-01 20:30:00,FX:EURCAD,1.4569,1.45733,1.45685,1.4572,1089.0
2024-04-01 20:45:00,FX:EURCAD,1.4572,1.4576900000000002,1.45705,1.45748,1876.0
2024-04-01 21:00:00,FX:EURCAD,1.45748,1.45753,1.45715,1.45722,1086.0
2024-04-01 21:15:00,FX:EURCAD,1.45722,1.4573500000000001,1.45685,1.45702,1862.0
2024-04-01 21:30:00,FX:EURCAD,1.45702,1.4573,1.45659,1.45671,1764.0
2024-04-01 21:45:00,FX:EURCAD,1.45671,1.45675,1.45658,1.45671,789.0
2024-04-01 22:00:00,FX:EURCAD,1.45671,1.4568400000000001,1.45648,1.4567,1048.0
2024-04-01 22:15:00,FX:EURCAD,1.4567,1.45705,1.45661,1.4570400000000001,869.0
2024-04-01 22:30:00,FX:EURCAD,1.4570400000000001,1.4572800000000001,1.4569800000000002,1.4572500000000002,910.0
2024-04-01 22:45:00,FX:EURCAD,1.4572500000000002,1.4573,1.45702,1.45709,697.0
2024-04-01 23:00:00,FX:EURCAD,1.45709,1.45726,1.457,1.45716,627.0
2024-04-01 23:15:00,FX:EURCAD,1.45716,1.45716,1.4568,1.4569,816.0
2024-04-01 23:30:00,FX:EURCAD,1.4569,1.45716,1.4568100000000002,1.4571,924.0
2024-04-01 23:45:00,FX:EURCAD,1.4571,1.4571800000000001,1.45703,1.45709,630.0
2024-04-02 00:00:00,FX:EURCAD,1.45709,1.45732,1.4570100000000001,1.45729,630.0
2024-04-02 00:15:00,FX:EURCAD,1.45729,1.4575500000000001,1.45729,1.45753,395.0
2024-04-02 00:30:00,FX:EURCAD,1.45753,1.45766,1.45751,1.4576500000000001,447.0
2024-04-02 00:45:00,FX:EURCAD,1.4576500000000001,1.45766,1.45743,1.45756,719.0
2024-04-02 01:00:00,FX:EURCAD,1.45756,1.45781,1.45743,1.45775,1027.0
2024-04-02 01:15:00,FX:EURCAD,1.45775,1.45784,1.45747,1.45751,809.0
2024-04-02 01:30:00,FX:EURCAD,1.45751,1.4576200000000001,1.45727,1.45748,798.0
2024-04-02 01:45:00,FX:EURCAD,1.45748,1.45754,1.45679,1.4569,1095.0
2024-04-02 02:00:00,FX:EURCAD,1.4569,1.45719,1.45652,1.4567700000000001,2104.0
2024-04-02 02:15:00,FX:EURCAD,1.4567700000000001,1.45699,1.4566000000000001,1.4569100000000001,1666.0
2024-04-02 02:30:00,FX:EURCAD,1.4569100000000001,1.4569100000000001,1.45617,1.4562300000000001,1975.0
2024-04-02 02:45:00,FX:EURCAD,1.4562300000000001,1.4564700000000002,1.4559900000000001,1.45628,2058.0
2024-04-02 03:00:00,FX:EURCAD,1.45628,1.45649,1.45575,1.45618,3030.0
2024-04-02 03:15:00,FX:EURCAD,1.45618,1.45658,1.456,1.45658,2595.0
2024-04-02 03:30:00,FX:EURCAD,1.45658,1.4570100000000001,1.45624,1.4569100000000001,2834.0
2024-04-02 03:45:00,FX:EURCAD,1.4569100000000001,1.45763,1.4566700000000001,1.45749,2338.0
2024-04-02 04:00:00,FX:EURCAD,1.45749,1.45749,1.4557200000000001,1.4559900000000001,3579.0
2024-04-02 04:15:00,FX:EURCAD,1.4559900000000001,1.45605,1.45458,1.45472,2489.0
2024-04-02 04:30:00,FX:EURCAD,1.45472,1.4554,1.4546000000000001,1.45539,2383.0
2024-04-02 04:45:00,FX:EURCAD,1.45539,1.45568,1.45492,1.4555900000000002,2166.0
2024-04-02 05:00:00,FX:EURCAD,1.4555900000000002,1.45661,1.45557,1.4564700000000002,2255.0
2024-04-02 05:15:00,FX:EURCAD,1.4564700000000002,1.45679,1.45571,1.45592,1596.0
2024-04-02 05:30:00,FX:EURCAD,1.45592,1.45628,1.45567,1.45612,1766.0
2024-04-02 05:45:00,FX:EURCAD,1.45612,1.45686,1.45595,1.45671,2195.0
2024-04-02 06:00:00,FX:EURCAD,1.45671,1.45689,1.45658,1.4568,1539.0
2024-04-02 06:15:00,FX:EURCAD,1.4568,1.4569,1.4566400000000002,1.45682,1783.0
2024-04-02 06:30:00,FX:EURCAD,1.45682,1.45707,1.4565700000000001,1.45669,1715.0
2024-04-02 06:45:00,FX:EURCAD,1.45669,1.45734,1.45661,1.4573,1587.0
2024-04-02 07:00:00,FX:EURCAD,1.4573,1.4577200000000001,1.45713,1.45741,2080.0
2024-04-02 07:15:00,FX:EURCAD,1.45741,1.4578,1.45739,1.45768,2243.0
2024-04-02 07:30:00,FX:EURCAD,1.45768,1.45785,1.4574,1.4576900000000002,2198.0
2024-04-02 07:45:00,FX:EURCAD,1.4576900000000002,1.45824,1.4575200000000001,1.4580600000000001,2831.0
2024-04-02 08:00:00,FX:EURCAD,1.4580600000000001,1.45861,1.4574,1.45766,3216.0
2024-04-02 08:15:00,FX:EURCAD,1.45766,1.4578900000000001,1.45729,1.4574,2681.0
2024-04-02 08:30:00,FX:EURCAD,1.4574,1.45839,1.45732,1.45834,3221.0
2024-04-02 08:45:00,FX:EURCAD,1.45834,1.4588400000000001,1.4582600000000001,1.45871,2999.0
2024-04-02 09:00:00,FX:EURCAD,1.45871,1.45947,1.4587,1.45929,2870.0
2024-04-02 09:15:00,FX:EURCAD,1.45929,1.4601300000000001,1.45913,1.4600300000000002,2999.0
2024-04-02 09:30:00,FX:EURCAD,1.4600300000000002,1.46208,1.45991,1.46146,4677.0
2024-04-02 09:45:00,FX:EURCAD,1.46146,1.46175,1.4608700000000001,1.46109,3595.0
2024-04-02 10:00:00,FX:EURCAD,1.46109,1.46201,1.46038,1.4616900000000002,7026.0
2024-04-02 10:15:00,FX:EURCAD,1.4616900000000002,1.46235,1.46134,1.46188,4657.0
2024-04-02 10:30:00,FX:EURCAD,1.46188,1.46188,1.4611,1.4614,4150.0
2024-04-02 10:45:00,FX:EURCAD,1.4614,1.4622,1.4612500000000002,1.46158,4992.0
2024-04-02 11:00:00,FX:EURCAD,1.46158,1.4621300000000002,1.46134,1.46134,3844.0
2024-04-02 11:15:00,FX:EURCAD,1.46134,1.46207,1.46134,1.46178,3186.0
2024-04-02 11:30:00,FX:EURCAD,1.46178,1.4625000000000001,1.46171,1.4618200000000001,3505.0
2024-04-02 11:45:00,FX:EURCAD,1.4618200000000001,1.46201,1.46141,1.4615200000000002,2820.0
2024-04-02 12:00:00,FX:EURCAD,1.4615200000000002,1.46192,1.46119,1.46163,2218.0
2024-04-02 12:15:00,FX:EURCAD,1.46163,1.46175,1.46136,1.46136,1954.0
2024-04-02 12:30:00,FX:EURCAD,1.46136,1.46197,1.46129,1.46187,1568.0
2024-04-02 12:45:00,FX:EURCAD,1.46187,1.46191,1.46133,1.46134,1337.0
2024-04-02 13:00:00,FX:EURCAD,1.46134,1.46141,1.46115,1.4614,1360.0
2024-04-02 13:15:00,FX:EURCAD,1.4614,1.46147,1.46116,1.46116,1410.0
2024-04-02 13:30:00,FX:EURCAD,1.46116,1.46158,1.46114,1.46144,1482.0
2024-04-02 13:45:00,FX:EURCAD,1.46144,1.46154,1.46114,1.46143,1501.0
2024-04-02 14:00:00,FX:EURCAD,1.46143,1.46157,1.46117,1.46129,1476.0
2024-04-02 14:15:00,FX:EURCAD,1.46129,1.46129,1.4609100000000002,1.46103,1050.0
2024-04-02 14:30:00,FX:EURCAD,1.46103,1.4612100000000001,1.46088,1.4609100000000002,1127.0
2024-04-02 14:45:00,FX:EURCAD,1.4609100000000002,1.4610800000000002,1.46078,1.46098,1052.0
2024-04-02 15:00:00,FX:EURCAD,1.46098,1.461,1.4606700000000001,1.46078,1226.0
2024-04-02 15:15:00,FX:EURCAD,1.46078,1.46086,1.46046,1.46052,1049.0
2024-04-02 15:30:00,FX:EURCAD,1.46052,1.4609,1.46046,1.46086,1051.0
2024-04-02 15:45:00,FX:EURCAD,1.46086,1.46149,1.46065,1.46143,1915.0
2024-04-02 16:00:00,FX:EURCAD,1.46143,1.46159,1.46119,1.46129,771.0
2024-04-02 16:15:00,FX:EURCAD,1.46129,1.4613500000000001,1.46069,1.46076,671.0
2024-04-02 16:30:00,FX:EURCAD,1.46076,1.46078,1.46046,1.46076,753.0
2024-04-02 16:45:00,FX:EURCAD,1.46076,1.4610100000000001,1.46027,1.4608700000000001,578.0
2024-04-02 17:00:00,FX:EURCAD,1.4608700000000001,1.4609400000000001,1.46028,1.4605700000000001,340.0
2024-04-02 17:15:00,FX:EURCAD,1.4605700000000001,1.46109,1.46051,1.46095,717.0
2024-04-02 17:30:00,FX:EURCAD,1.46095,1.46102,1.4608,1.4609,951.0
2024-04-02 17:45:00,FX:EURCAD,1.4609,1.46115,1.4607700000000001,1.46113,898.0
2024-04-02 18:00:00,FX:EURCAD,1.46113,1.46113,1.46079,1.46083,415.0
2024-04-02 18:15:00,FX:EURCAD,1.46083,1.46083,1.4606000000000001,1.4606700000000001,220.0
2024-04-02 18:30:00,FX:EURCAD,1.4606700000000001,1.4608100000000002,1.46055,1.46076,228.0
2024-04-02 18:45:00,FX:EURCAD,1.46076,1.46082,1.4605000000000001,1.4605000000000001,199.0
2024-04-02 19:00:00,FX:EURCAD,1.4605000000000001,1.4606700000000001,1.46044,1.46063,395.0
2024-04-02 19:15:00,FX:EURCAD,1.46063,1.4607700000000001,1.4605000000000001,1.4605000000000001,487.0
2024-04-02 19:30:00,FX:EURCAD,1.4605000000000001,1.46071,1.46041,1.46062,399.0
2024-04-02 19:45:00,FX:EURCAD,1.46062,1.46069,1.46046,1.4606000000000001,525.0
2024-04-02 20:00:00,FX:EURCAD,1.4606000000000001,1.46088,1.46058,1.46083,953.0
2024-04-02 20:15:00,FX:EURCAD,1.46083,1.46095,1.46073,1.4609,804.0
2024-04-02 20:30:00,FX:EURCAD,1.4609,1.46105,1.4607700000000001,1.46099,845.0
2024-04-02 20:45:00,FX:EURCAD,1.46099,1.4614,1.46089,1.46134,1178.0
2024-04-02 21:00:00,FX:EURCAD,1.46134,1.46137,1.4609400000000001,1.46137,1791.0
2024-04-02 21:15:00,FX:EURCAD,1.46137,1.46149,1.4612500000000002,1.46143,957.0
2024-04-02 21:30:00,FX:EURCAD,1.46143,1.4618900000000001,1.46134,1.46181,866.0
2024-04-02 21:45:00,FX:EURCAD,1.46181,1.46198,1.46167,1.46198,1016.0
2024-04-02 22:00:00,FX:EURCAD,1.46198,1.46208,1.46173,1.46187,1312.0
2024-04-02 22:15:00,FX:EURCAD,1.46187,1.4621,1.46187,1.4621,748.0
2024-04-02 22:30:00,FX:EURCAD,1.4621,1.46219,1.4619900000000001,1.46211,778.0
2024-04-02 22:45:00,FX:EURCAD,1.46211,1.4623300000000001,1.46208,1.46214,500.0
2024-04-02 23:00:00,FX:EURCAD,1.46214,1.46245,1.46193,1.46219,1160.0
2024-04-02 23:15:00,FX:EURCAD,1.46219,1.46224,1.46176,1.4617900000000001,1341.0
2024-04-02 23:30:00,FX:EURCAD,1.4617900000000001,1.46184,1.46163,1.46173,884.0
2024-04-02 23:45:00,FX:EURCAD,1.46173,1.46181,1.4616200000000001,1.46171,667.0
2024-04-03 00:00:00,FX:EURCAD,1.46171,1.46174,1.4614800000000001,1.46159,1109.0
2024-04-03 00:15:00,FX:EURCAD,1.46159,1.4618200000000001,1.4615500000000001,1.46178,700.0
2024-04-03 00:30:00,FX:EURCAD,1.46178,1.46184,1.46166,1.4617200000000001,479.0
2024-04-03 00:45:00,FX:EURCAD,1.4617200000000001,1.4620600000000001,1.4616900000000002,1.46184,581.0
2024-04-03 01:00:00,FX:EURCAD,1.46184,1.46227,1.46183,1.4622300000000001,886.0
2024-04-03 01:15:00,FX:EURCAD,1.4622300000000001,1.4622600000000001,1.46202,1.46202,881.0
2024-04-03 01:30:00,FX:EURCAD,1.46202,1.46214,1.4619,1.46207,805.0
2024-04-03 01:45:00,FX:EURCAD,1.46207,1.46225,1.462,1.46224,853.0
2024-04-03 02:00:00,FX:EURCAD,1.46224,1.46252,1.46208,1.46238,1809.0
2024-04-03 02:15:00,FX:EURCAD,1.46238,1.46258,1.46219,1.46237,1351.0
2024-04-03 02:30:00,FX:EURCAD,1.46237,1.46252,1.4617200000000001,1.4618600000000002,2254.0
2024-04-03 02:45:00,FX:EURCAD,1.4618600000000002,1.46207,1.46167,1.46167,1891.0
2024-04-03 03:00:00,FX:EURCAD,1.46167,1.46178,1.46117,1.4612100000000001,3006.0
2024-04-03 03:15:00,FX:EURCAD,1.4612100000000001,1.46167,1.4612,1.4615500000000001,2427.0
2024-04-03 03:30:00,FX:EURCAD,1.4615500000000001,1.46232,1.4615500000000001,1.46229,2641.0
2024-04-03 03:45:00,FX:EURCAD,1.46229,1.46269,1.4621600000000001,1.46248,2029.0
2024-04-03 04:00:00,FX:EURCAD,1.46248,1.4628400000000001,1.4623300000000001,1.4628,1403.0
2024-04-03 04:15:00,FX:EURCAD,1.4628,1.46373,1.46273,1.46373,1731.0
2024-04-03 04:30:00,FX:EURCAD,1.46373,1.46394,1.46322,1.46336,2085.0
2024-04-03 04:45:00,FX:EURCAD,1.46336,1.46347,1.4627000000000001,1.4627000000000001,1142.0
2024-04-03 05:00:00,FX:EURCAD,1.4627000000000001,1.4630800000000002,1.46151,1.46153,2488.0
2024-04-03 05:15:00,FX:EURCAD,1.46153,1.46177,1.46144,1.4616900000000002,2092.0
2024-04-03 05:30:00,FX:EURCAD,1.4616900000000002,1.46191,1.4615,1.4619,1821.0
2024-04-03 05:45:00,FX:EURCAD,1.4619,1.4621300000000002,1.4616,1.46163,2547.0
2024-04-03 06:00:00,FX:EURCAD,1.46163,1.46236,1.46154,1.46231,2139.0
2024-04-03 06:15:00,FX:EURCAD,1.46231,1.46268,1.46207,1.46265,1699.0
2024-04-03 06:30:00,FX:EURCAD,1.46265,1.46292,1.46248,1.46271,1815.0
2024-04-03 06:45:00,FX:EURCAD,1.46271,1.46289,1.4625000000000001,1.46272,1702.0
2024-04-03 07:00:00,FX:EURCAD,1.46272,1.46351,1.46266,1.4635,1813.0
2024-04-03 07:15:00,FX:EURCAD,1.4635,1.46353,1.46289,1.46297,2240.0
2024-04-03 07:30:00,FX:EURCAD,1.46297,1.46306,1.46252,1.46271,1834.0
2024-04-03 07:45:00,FX:EURCAD,1.46271,1.46279,1.46238,1.46269,2215.0
2024-04-03 08:00:00,FX:EURCAD,1.46269,1.46303,1.46238,1.46293,2746.0
2024-04-03 08:15:00,FX:EURCAD,1.46293,1.46312,1.46195,1.46207,4668.0
2024-04-03 08:30:00,FX:EURCAD,1.46207,1.4624700000000002,1.46184,1.46227,4002.0
2024-04-03 08:45:00,FX:EURCAD,1.46227,1.46236,1.46177,1.4623000000000002,4146.0
2024-04-03 09:00:00,FX:EURCAD,1.4623000000000002,1.46329,1.4622,1.46329,4935.0
2024-04-03 09:15:00,FX:EURCAD,1.46329,1.46387,1.46324,1.46383,4057.0
2024-04-03 09:30:00,FX:EURCAD,1.46383,1.46383,1.4620300000000002,1.4620300000000002,5462.0
2024-04-03 09:45:00,FX:EURCAD,1.4620300000000002,1.4623000000000002,1.46153,1.46178,4195.0
2024-04-03 10:00:00,FX:EURCAD,1.46178,1.46319,1.46137,1.46245,9285.0
2024-04-03 10:15:00,FX:EURCAD,1.46245,1.4630400000000001,1.46218,1.4626400000000002,6240.0
2024-04-03 10:30:00,FX:EURCAD,1.4626400000000002,1.46278,1.4618900000000001,1.46275,5177.0
2024-04-03 10:45:00,FX:EURCAD,1.46275,1.4632,1.4619600000000001,1.46295,5489.0
2024-04-03 11:00:00,FX:EURCAD,1.46295,1.46331,1.46251,1.46315,4562.0
2024-04-03 11:15:00,FX:EURCAD,1.46315,1.46373,1.4631,1.4635500000000001,3461.0
2024-04-03 11:30:00,FX:EURCAD,1.4635500000000001,1.4638200000000001,1.46298,1.4630800000000002,3150.0
2024-04-03 11:45:00,FX:EURCAD,1.4630800000000002,1.46427,1.46303,1.4640300000000002,3454.0
2024-04-03 12:00:00,FX:EURCAD,1.4640300000000002,1.46516,1.46383,1.46495,4113.0
2024-04-03 12:15:00,FX:EURCAD,1.46495,1.46517,1.46462,1.46493,4109.0
2024-04-03 12:30:00,FX:EURCAD,1.46493,1.46566,1.46488,1.46529,4280.0
2024-04-03 12:45:00,FX:EURCAD,1.46529,1.4656,1.46512,1.4653800000000001,2926.0
2024-04-03 13:00:00,FX:EURCAD,1.4653800000000001,1.46541,1.46488,1.4652800000000001,2454.0
2024-04-03 13:15:00,FX:EURCAD,1.4652800000000001,1.4653500000000002,1.46493,1.46507,1933.0
2024-04-03 13:30:00,FX:EURCAD,1.46507,1.46519,1.4648400000000001,1.46515,1880.0
2024-04-03 13:45:00,FX:EURCAD,1.46515,1.46523,1.46496,1.46514,1380.0
2024-04-03 14:00:00,FX:EURCAD,1.46514,1.46563,1.46499,1.4656,1795.0
2024-04-03 14:15:00,FX:EURCAD,1.4656,1.46576,1.46547,1.46568,1814.0
2024-04-03 14:30:00,FX:EURCAD,1.46568,1.4658900000000001,1.46553,1.4656900000000002,1553.0
2024-04-03 14:45:00,FX:EURCAD,1.4656900000000002,1.46605,1.4656500000000001,1.4659200000000001,1623.0
2024-04-03 15:00:00,FX:EURCAD,1.4659200000000001,1.4662,1.46571,1.46617,1674.0
2024-04-03 15:15:00,FX:EURCAD,1.46617,1.4663300000000001,1.46581,1.46583,2164.0
2024-04-03 15:30:00,FX:EURCAD,1.46583,1.4659600000000002,1.46559,1.4656500000000001,1756.0
2024-04-03 15:45:00,FX:EURCAD,1.4656500000000001,1.46632,1.46563,1.46601,1854.0
2024-04-03 16:00:00,FX:EURCAD,1.46601,1.46607,1.46585,1.4659600000000002,620.0
2024-04-03 16:15:00,FX:EURCAD,1.4659600000000002,1.46602,1.4658,1.4658600000000002,504.0
2024-04-03 16:30:00,FX:EURCAD,1.4658600000000002,1.4659900000000001,1.46567,1.46576,624.0
2024-04-03 16:45:00,FX:EURCAD,1.46576,1.46585,1.46553,1.46553,670.0
2024-04-03 17:00:00,FX:EURCAD,1.46553,1.46553,1.46424,1.4651800000000001,459.0
2024-04-03 17:15:00,FX:EURCAD,1.4651800000000001,1.4653,1.4651,1.46529,818.0
2024-04-03 17:30:00,FX:EURCAD,1.46529,1.46544,1.46513,1.4653100000000001,739.0
2024-04-03 17:45:00,FX:EURCAD,1.4653100000000001,1.46551,1.4652800000000001,1.4653800000000001,726.0
2024-04-03 18:00:00,FX:EURCAD,1.4653800000000001,1.46585,1.4653800000000001,1.4657900000000001,355.0
2024-04-03 18:15:00,FX:EURCAD,1.4657900000000001,1.4659900000000001,1.46577,1.46591,156.0
2024-04-03 18:30:00,FX:EURCAD,1.46591,1.46598,1.46587,1.4658900000000001,135.0
2024-04-03 18:45:00,FX:EURCAD,1.4658900000000001,1.46595,1.4658,1.46591,180.0
2024-04-03 19:00:00,FX:EURCAD,1.46591,1.46595,1.46575,1.46587,291.0
2024-04-03 19:15:00,FX:EURCAD,1.46587,1.4659600000000002,1.46576,1.4657900000000001,461.0
2024-04-03 19:30:00,FX:EURCAD,1.4657900000000001,1.4657900000000001,1.46553,1.46561,793.0
2024-04-03 19:45:00,FX:EURCAD,1.46561,1.46576,1.46557,1.46568,520.0
2024-04-03 20:00:00,FX:EURCAD,1.46568,1.46584,1.46556,1.4656200000000001,1081.0
2024-04-03 20:15:00,FX:EURCAD,1.4656200000000001,1.46576,1.4653800000000001,1.4655200000000002,1053.0
2024-04-03 20:30:00,FX:EURCAD,1.4655200000000002,1.4657,1.46544,1.46559,1154.0
2024-04-03 20:45:00,FX:EURCAD,1.46559,1.46567,1.4653500000000002,1.46563,1857.0
2024-04-03 21:00:00,FX:EURCAD,1.46563,1.46563,1.4651100000000001,1.4655200000000002,1551.0
2024-04-03 21:15:00,FX:EURCAD,1.4655200000000002,1.46567,1.46536,1.4654800000000001,1469.0
2024-04-03 21:30:00,FX:EURCAD,1.4654800000000001,1.46549,1.4652,1.46533,916.0
2024-04-03 21:45:00,FX:EURCAD,1.46533,1.46549,1.4653,1.46536,686.0
2024-04-03 22:00:00,FX:EURCAD,1.46536,1.4654500000000001,1.46519,1.4654,1069.0
2024-04-03 22:15:00,FX:EURCAD,1.4654,1.4656,1.46533,1.46543,914.0
2024-04-03 22:30:00,FX:EURCAD,1.46543,1.46564,1.46539,1.46559,656.0
2024-04-03 22:45:00,FX:EURCAD,1.46559,1.4656500000000001,1.46544,1.4655500000000001,756.0
2024-04-03 23:00:00,FX:EURCAD,1.4655500000000001,1.4655500000000001,1.4652500000000002,1.4653800000000001,622.0
2024-04-03 23:15:00,FX:EURCAD,1.4653800000000001,1.46541,1.4652,1.4653500000000002,823.0
2024-04-03 23:30:00,FX:EURCAD,1.4653500000000002,1.4654,1.4652100000000001,1.46527,1116.0
2024-04-03 23:45:00,FX:EURCAD,1.46527,1.46529,1.46516,1.46529,464.0
2024-04-04 00:00:00,FX:EURCAD,1.46529,1.46542,1.46522,1.46527,931.0
2024-04-04 00:15:00,FX:EURCAD,1.46527,1.4653500000000002,1.46516,1.46523,745.0
2024-04-04 00:30:00,FX:EURCAD,1.46523,1.4653,1.46512,1.4652100000000001,301.0
2024-04-04 00:45:00,FX:EURCAD,1.4652100000000001,1.4655500000000001,1.4652100000000001,1.4653100000000001,741.0
2024-04-04 01:00:00,FX:EURCAD,1.4653100000000001,1.46537,1.4651,1.4652,545.0
2024-04-04 01:15:00,FX:EURCAD,1.4652,1.46549,1.46517,1.4653800000000001,646.0
2024-04-04 01:30:00,FX:EURCAD,1.4653800000000001,1.46546,1.46526,1.46544,1016.0
2024-04-04 01:45:00,FX:EURCAD,1.46544,1.4654500000000001,1.46503,1.46513,888.0
2024-04-04 02:00:00,FX:EURCAD,1.46513,1.4652500000000002,1.4647700000000001,1.46522,2051.0
2024-04-04 02:15:00,FX:EURCAD,1.46522,1.46534,1.46502,1.46505,1189.0
2024-04-04 02:30:00,FX:EURCAD,1.46505,1.46509,1.46461,1.46486,2360.0
2024-04-04 02:45:00,FX:EURCAD,1.46486,1.46502,1.46451,1.46455,1902.0
2024-04-04 03:00:00,FX:EURCAD,1.46455,1.4651,1.46438,1.4648700000000001,2750.0
2024-04-04 03:15:00,FX:EURCAD,1.4648700000000001,1.46575,1.46481,1.46554,2777.0
2024-04-04 03:30:00,FX:EURCAD,1.46554,1.4660600000000001,1.46536,1.46576,2658.0
2024-04-04 03:45:00,FX:EURCAD,1.46576,1.46692,1.46576,1.4668700000000001,2431.0
2024-04-04 04:00:00,FX:EURCAD,1.4668700000000001,1.4669,1.46602,1.46634,2383.0
2024-04-04 04:15:00,FX:EURCAD,1.46634,1.46645,1.46557,1.46634,2216.0
2024-04-04 04:30:00,FX:EURCAD,1.46634,1.46661,1.4661600000000001,1.4662600000000001,1671.0
2024-04-04 04:45:00,FX:EURCAD,1.4662600000000001,1.46686,1.46612,1.46671,1710.0
2024-04-04 05:00:00,FX:EURCAD,1.46671,1.46671,1.46588,1.46605,2213.0
2024-04-04 05:15:00,FX:EURCAD,1.46605,1.46628,1.4656900000000002,1.4659600000000002,1816.0
2024-04-04 05:30:00,FX:EURCAD,1.4659600000000002,1.46659,1.4659600000000002,1.46636,1221.0
2024-04-04 05:45:00,FX:EURCAD,1.46636,1.46685,1.4658900000000001,1.46597,1751.0
2024-04-04 06:00:00,FX:EURCAD,1.46597,1.46615,1.46549,1.46567,1965.0
2024-04-04 06:15:00,FX:EURCAD,1.46567,1.46578,1.4654800000000001,1.46559,1096.0
2024-04-04 06:30:00,FX:EURCAD,1.46559,1.46598,1.46559,1.46591,1526.0
2024-04-04 06:45:00,FX:EURCAD,1.46591,1.4661300000000002,1.46577,1.46577,1325.0
2024-04-04 07:00:00,FX:EURCAD,1.46577,1.46627,1.4655500000000001,1.4660600000000001,1587.0
2024-04-04 07:15:00,FX:EURCAD,1.4660600000000001,1.4662300000000001,1.46574,1.46594,1485.0
2024-04-04 07:30:00,FX:EURCAD,1.46594,1.46629,1.4658,1.4659600000000002,1767.0
2024-04-04 07:45:00,FX:EURCAD,1.4659600000000002,1.46602,1.46514,1.46527,2178.0
2024-04-04 08:00:00,FX:EURCAD,1.46527,1.46541,1.46479,1.4648400000000001,2387.0
2024-04-04 08:15:00,FX:EURCAD,1.4648400000000001,1.46533,1.46481,1.4650100000000001,2622.0
2024-04-04 08:30:00,FX:EURCAD,1.4650100000000001,1.4653800000000001,1.46475,1.4652500000000002,3547.0
2024-04-04 08:45:00,FX:EURCAD,1.4652500000000002,1.46581,1.46499,1.4658,3463.0
2024-04-04 09:00:00,FX:EURCAD,1.4658,1.46615,1.46554,1.4656200000000001,3152.0
2024-04-04 09:15:00,FX:EURCAD,1.4656200000000001,1.4660600000000001,1.4649,1.46497,2757.0
2024-04-04 09:30:00,FX:EURCAD,1.46497,1.46597,1.46495,1.4658900000000001,3952.0
2024-04-04 09:45:00,FX:EURCAD,1.4658900000000001,1.46639,1.46557,1.46598,3018.0
2024-04-04 10:00:00,FX:EURCAD,1.46598,1.46602,1.46546,1.4656500000000001,3609.0
2024-04-04 10:15:00,FX:EURCAD,1.4656500000000001,1.46618,1.46544,1.46581,3069.0
2024-04-04 10:30:00,FX:EURCAD,1.46581,1.4662,1.46567,1.46597,2678.0
2024-04-04 10:45:00,FX:EURCAD,1.46597,1.46636,1.46561,1.46563,2975.0
2024-04-04 11:00:00,FX:EURCAD,1.46563,1.4661300000000002,1.46558,1.4659900000000001,2191.0
2024-04-04 11:15:00,FX:EURCAD,1.4659900000000001,1.46619,1.4656200000000001,1.4661,1728.0
2024-04-04 11:30:00,FX:EURCAD,1.4661,1.46634,1.4657900000000001,1.4658,1446.0
2024-04-04 11:45:00,FX:EURCAD,1.4658,1.46621,1.46576,1.46617,1676.0
2024-04-04 12:00:00,FX:EURCAD,1.46617,1.46663,1.4661600000000001,1.46628,1741.0
2024-04-04 12:15:00,FX:EURCAD,1.46628,1.46644,1.46602,1.46619,1552.0
2024-04-04 12:30:00,FX:EURCAD,1.46619,1.46642,1.4659600000000002,1.4660900000000001,1398.0
2024-04-04 12:45:00,FX:EURCAD,1.4660900000000001,1.46629,1.4658900000000001,1.46595,1039.0
2024-04-04 13:00:00,FX:EURCAD,1.46595,1.46642,1.46578,1.46642,1041.0
2024-04-04 13:15:00,FX:EURCAD,1.46642,1.46646,1.4661600000000001,1.46627,1054.0
2024-04-04 13:30:00,FX:EURCAD,1.46627,1.46661,1.46621,1.4665300000000001,1007.0
2024-04-04 13:45:00,FX:EURCAD,1.4665300000000001,1.46709,1.46645,1.4670400000000001,1394.0
2024-04-04 14:00:00,FX:EURCAD,1.4670400000000001,1.46749,1.46659,1.46749,3131.0
2024-04-04 14:15:00,FX:EURCAD,1.46749,1.46801,1.4674,1.46785,3306.0
2024-04-04 14:30:00,FX:EURCAD,1.46785,1.46819,1.4675200000000002,1.46814,4460.0
2024-04-04 14:45:00,FX:EURCAD,1.46814,1.46939,1.46787,1.46881,4881.0
2024-04-04 15:00:00,FX:EURCAD,1.46881,1.4692,1.4686000000000001,1.46865,6130.0
2024-04-04 15:15:00,FX:EURCAD,1.46865,1.46907,1.46852,1.46878,4462.0
2024-04-04 15:30:00,FX:EURCAD,1.46878,1.4693100000000001,1.46852,1.46909,4626.0
2024-04-04 15:45:00,FX:EURCAD,1.46909,1.4692800000000001,1.46811,1.46821,4202.0
2024-04-04 16:00:00,FX:EURCAD,1.46821,1.46821,1.46783,1.46801,1612.0
2024-04-04 16:15:00,FX:EURCAD,1.46801,1.46802,1.46736,1.46737,970.0
2024-04-04 16:30:00,FX:EURCAD,1.46737,1.46771,1.4672500000000002,1.46763,941.0
2024-04-04 16:45:00,FX:EURCAD,1.46763,1.4677900000000002,1.4674500000000001,1.4674800000000001,906.0
2024-04-04 17:00:00,FX:EURCAD,1.4674800000000001,1.4674800000000001,1.46716,1.46737,189.0
2024-04-04 17:15:00,FX:EURCAD,1.46737,1.46768,1.46683,1.46751,1780.0
2024-04-04 17:30:00,FX:EURCAD,1.46751,1.46801,1.4673,1.46764,3299.0
2024-04-04 17:45:00,FX:EURCAD,1.46764,1.46773,1.46734,1.4675200000000002,4262.0
2024-04-04 18:00:00,FX:EURCAD,1.4675200000000002,1.46804,1.46744,1.4679900000000001,803.0
2024-04-04 18:15:00,FX:EURCAD,1.4679900000000001,1.46837,1.46798,1.4681,394.0
2024-04-04 18:30:00,FX:EURCAD,1.4681,1.46822,1.46793,1.46805,351.0
2024-04-04 18:45:00,FX:EURCAD,1.46805,1.4682600000000001,1.4678900000000001,1.4679,304.0
2024-04-04 19:00:00,FX:EURCAD,1.4679,1.46829,1.4677,1.4682,664.0
2024-04-04 19:15:00,FX:EURCAD,1.4682,1.46835,1.46811,1.46814,734.0
2024-04-04 19:30:00,FX:EURCAD,1.46814,1.4682300000000001,1.46793,1.46797,606.0
2024-04-04 19:45:00,FX:EURCAD,1.46797,1.46803,1.46754,1.46763,943.0
2024-04-04 20:00:00,FX:EURCAD,1.46763,1.46797,1.46761,1.4679200000000001,1730.0
2024-04-04 20:15:00,FX:EURCAD,1.4679200000000001,1.4682300000000001,1.4678200000000001,1.46811,1839.0
2024-04-04 20:30:00,FX:EURCAD,1.46811,1.46863,1.46805,1.46858,2092.0
2024-04-04 20:45:00,FX:EURCAD,1.46858,1.46905,1.46855,1.46873,1558.0
2024-04-04 21:00:00,FX:EURCAD,1.46873,1.46899,1.46855,1.46873,1645.0
2024-04-04 21:15:00,FX:EURCAD,1.46873,1.46926,1.4686700000000001,1.46913,1727.0
2024-04-04 21:30:00,FX:EURCAD,1.46913,1.4692100000000001,1.46868,1.46895,2293.0
2024-04-04 21:45:00,FX:EURCAD,1.46895,1.4692100000000001,1.46882,1.46917,2085.0
2024-04-04 22:00:00,FX:EURCAD,1.46917,1.46956,1.4689100000000002,1.46946,1820.0
2024-04-04 22:15:00,FX:EURCAD,1.46946,1.46961,1.46926,1.46932,2066.0
2024-04-04 22:30:00,FX:EURCAD,1.46932,1.46954,1.46926,1.46953,2011.0
2024-04-04 22:45:00,FX:EURCAD,1.46953,1.46976,1.46944,1.46946,1393.0
2024-04-04 23:00:00,FX:EURCAD,1.46946,1.46967,1.4694500000000001,1.4696,1186.0
2024-04-04 23:15:00,FX:EURCAD,1.4696,1.46971,1.46949,1.46953,961.0
2024-04-04 23:30:00,FX:EURCAD,1.46953,1.46953,1.46937,1.46939,1325.0
2024-04-04 23:45:00,FX:EURCAD,1.46939,1.4694800000000001,1.46916,1.46924,1436.0
2024-04-05 00:00:00,FX:EURCAD,1.46924,1.46939,1.4691400000000001,1.4693500000000002,782.0
2024-04-05 00:15:00,FX:EURCAD,1.4693500000000002,1.4695,1.4693,1.46943,761.0
2024-04-05 00:30:00,FX:EURCAD,1.46943,1.46944,1.46929,1.46937,1086.0
2024-04-05 00:45:00,FX:EURCAD,1.46937,1.46942,1.4691800000000002,1.46925,865.0
2024-04-05 01:00:00,FX:EURCAD,1.46925,1.46929,1.4690100000000001,1.46909,958.0
2024-04-05 01:15:00,FX:EURCAD,1.46909,1.4691400000000001,1.46882,1.46885,989.0
2024-04-05 01:30:00,FX:EURCAD,1.46885,1.4690800000000002,1.46868,1.46871,1313.0
2024-04-05 01:45:00,FX:EURCAD,1.46871,1.4689100000000002,1.46858,1.4687400000000002,1130.0
2024-04-05 02:00:00,FX:EURCAD,1.4687400000000002,1.46893,1.46851,1.4688400000000001,2161.0
2024-04-05 02:15:00,FX:EURCAD,1.4688400000000001,1.4694500000000001,1.4687700000000001,1.46929,1477.0
2024-04-05 02:30:00,FX:EURCAD,1.46929,1.46929,1.46869,1.46873,2022.0
2024-04-05 02:45:00,FX:EURCAD,1.46873,1.46956,1.46869,1.4694,2272.0
2024-04-05 03:00:00,FX:EURCAD,1.4694,1.46949,1.46902,1.4691800000000002,2389.0
2024-04-05 03:15:00,FX:EURCAD,1.4691800000000002,1.46958,1.46899,1.46947,2330.0
2024-04-05 03:30:00,FX:EURCAD,1.46947,1.4699600000000002,1.46934,1.46988,3055.0
2024-04-05 03:45:00,FX:EURCAD,1.46988,1.47029,1.46978,1.4698,2381.0
2024-04-05 04:00:00,FX:EURCAD,1.4698,1.47045,1.46971,1.47005,2031.0
2024-04-05 04:15:00,FX:EURCAD,1.47005,1.4707000000000001,1.46997,1.4705300000000001,1961.0
2024-04-05 04:30:00,FX:EURCAD,1.4705300000000001,1.47073,1.47,1.47062,2080.0
2024-04-05 04:45:00,FX:EURCAD,1.47062,1.47079,1.46967,1.46971,2171.0
2024-04-05 05:00:00,FX:EURCAD,1.46971,1.4697200000000001,1.4690800000000002,1.46927,1910.0
2024-04-05 05:15:00,FX:EURCAD,1.46927,1.46977,1.46925,1.4695,2096.0
2024-04-05 05:30:00,FX:EURCAD,1.4695,1.4695500000000001,1.46889,1.46898,1724.0
2024-04-05 05:45:00,FX:EURCAD,1.46898,1.46942,1.4689100000000002,1.46932,1687.0
2024-04-05 06:00:00,FX:EURCAD,1.46932,1.4693500000000002,1.46886,1.4690800000000002,1451.0
2024-04-05 06:15:00,FX:EURCAD,1.4690800000000002,1.46916,1.46863,1.46871,1644.0
2024-04-05 06:30:00,FX:EURCAD,1.46871,1.46906,1.46852,1.4685700000000002,1661.0
2024-04-05 06:45:00,FX:EURCAD,1.4685700000000002,1.4690100000000001,1.46856,1.46881,1971.0
2024-04-05 07:00:00,FX:EURCAD,1.46881,1.4691100000000001,1.46855,1.46899,2320.0
2024-04-05 07:15:00,FX:EURCAD,1.46899,1.46951,1.46896,1.46944,1793.0
2024-04-05 07:30:00,FX:EURCAD,1.46944,1.46968,1.4692,1.46968,1766.0
2024-04-05 07:45:00,FX:EURCAD,1.46968,1.47007,1.469,1.4691100000000001,2154.0
2024-04-05 08:00:00,FX:EURCAD,1.4691100000000001,1.4703000000000002,1.4691,1.47021,3115.0
2024-04-05 08:15:00,FX:EURCAD,1.47021,1.47088,1.46977,1.46987,2565.0
2024-04-05 08:30:00,FX:EURCAD,1.46987,1.47343,1.4666700000000001,1.4731100000000001,20022.0
2024-04-05 08:45:00,FX:EURCAD,1.4731100000000001,1.4732100000000001,1.47212,1.47307,10209.0
2024-04-05 09:00:00,FX:EURCAD,1.47307,1.47325,1.47177,1.47234,8239.0
2024-04-05 09:15:00,FX:EURCAD,1.47234,1.47281,1.4719600000000002,1.47205,5625.0
2024-04-05 09:30:00,FX:EURCAD,1.47205,1.47313,1.4719200000000001,1.4730400000000001,7086.0
2024-04-05 09:45:00,FX:EURCAD,1.4730400000000001,1.47347,1.4727000000000001,1.47289,5262.0
2024-04-05 10:00:00,FX:EURCAD,1.47289,1.4735200000000002,1.47264,1.47326,6012.0
2024-04-05 10:15:00,FX:EURCAD,1.47326,1.47374,1.47315,1.47351,6118.0
2024-04-05 10:30:00,FX:EURCAD,1.47351,1.47422,1.47324,1.47371,5821.0
2024-04-05 10:45:00,FX:EURCAD,1.47371,1.4738,1.47117,1.4714800000000001,6303.0
2024-04-05 11:00:00,FX:EURCAD,1.4714800000000001,1.47203,1.4713500000000002,1.47195,5882.0
2024-04-05 11:15:00,FX:EURCAD,1.47195,1.4727000000000001,1.47183,1.47225,4273.0
2024-04-05 11:30:00,FX:EURCAD,1.47225,1.47259,1.4717,1.47252,3611.0
2024-04-05 11:45:00,FX:EURCAD,1.47252,1.47307,1.47218,1.4722300000000001,2983.0
2024-04-05 12:00:00,FX:EURCAD,1.4722300000000001,1.47264,1.47173,1.47215,2858.0
2024-04-05 12:15:00,FX:EURCAD,1.47215,1.47232,1.4715,1.47191,3020.0
2024-04-05 12:30:00,FX:EURCAD,1.47191,1.4721600000000001,1.47132,1.47163,2976.0
2024-04-05 12:45:00,FX:EURCAD,1.47163,1.4720900000000001,1.47144,1.47201,2246.0
2024-04-05 13:00:00,FX:EURCAD,1.47201,1.47268,1.47183,1.47247,2676.0
2024-04-05 13:15:00,FX:EURCAD,1.47247,1.4726700000000001,1.47201,1.47201,1563.0
2024-04-05 13:30:00,FX:EURCAD,1.47201,1.4724300000000001,1.47188,1.47229,1897.0
2024-04-05 13:45:00,FX:EURCAD,1.47229,1.47231,1.4716500000000001,1.47168,2067.0
2024-04-05 14:00:00,FX:EURCAD,1.47168,1.4721600000000001,1.47159,1.47198,3326.0
2024-04-05 14:15:00,FX:EURCAD,1.47198,1.47222,1.47173,1.47219,2770.0
2024-04-05 14:30:00,FX:EURCAD,1.47219,1.4725300000000001,1.47207,1.4723600000000001,2690.0
2024-04-05 14:45:00,FX:EURCAD,1.4723600000000001,1.47278,1.47231,1.47245,2462.0
2024-04-05 15:00:00,FX:EURCAD,1.47245,1.47254,1.47215,1.47237,1821.0
2024-04-05 15:15:00,FX:EURCAD,1.47237,1.47271,1.47231,1.47237,1939.0
2024-04-05 15:30:00,FX:EURCAD,1.47237,1.4727400000000002,1.47228,1.4724300000000001,2190.0
2024-04-05 15:45:00,FX:EURCAD,1.4724300000000001,1.47282,1.4723600000000001,1.47252,2708.0
2024-04-05 16:00:00,FX:EURCAD,1.47252,1.47279,1.47234,1.47278,1230.0
2024-04-05 16:15:00,FX:EURCAD,1.47278,1.47283,1.47239,1.4725700000000002,700.0
2024-04-05 16:30:00,FX:EURCAD,1.4725700000000002,1.47272,1.47247,1.47252,744.0
2024-04-05 16:45:00,FX:EURCAD,1.47252,1.47266,1.47183,1.47212,1041.0
2024-04-07 17:00:00,FX:EURCAD,1.4726700000000001,1.4726700000000001,1.4722600000000001,1.47241,297.0
2024-04-07 17:15:00,FX:EURCAD,1.47241,1.47251,1.47222,1.47232,224.0
2024-04-07 17:30:00,FX:EURCAD,1.47232,1.47286,1.4722,1.47279,770.0
2024-04-07 17:45:00,FX:EURCAD,1.47279,1.47305,1.47246,1.47296,351.0
2024-04-07 18:00:00,FX:EURCAD,1.47296,1.4735,1.47269,1.47269,793.0
2024-04-07 18:15:00,FX:EURCAD,1.47269,1.4729,1.47268,1.47278,247.0
2024-04-07 18:30:00,FX:EURCAD,1.47278,1.47295,1.47276,1.4728400000000001,506.0
2024-04-07 18:45:00,FX:EURCAD,1.4728400000000001,1.47306,1.47272,1.47276,357.0
2024-04-07 19:00:00,FX:EURCAD,1.47276,1.47308,1.4727400000000002,1.47298,473.0
2024-04-07 19:15:00,FX:EURCAD,1.47298,1.47323,1.4729700000000001,1.47317,479.0
2024-04-07 19:30:00,FX:EURCAD,1.47317,1.4733500000000002,1.47315,1.4732,553.0
2024-04-07 19:45:00,FX:EURCAD,1.4732,1.47337,1.4731400000000001,1.47327,754.0
2024-04-07 20:00:00,FX:EURCAD,1.47327,1.47347,1.47302,1.47334,2748.0
2024-04-07 20:15:00,FX:EURCAD,1.47334,1.4737500000000001,1.47332,1.47367,1576.0
2024-04-07 20:30:00,FX:EURCAD,1.47367,1.47377,1.47349,1.47361,1205.0
2024-04-07 20:45:00,FX:EURCAD,1.47361,1.47422,1.47356,1.47368,2256.0
2024-04-07 21:00:00,FX:EURCAD,1.47368,1.47404,1.47357,1.47373,3025.0
2024-04-07 21:15:00,FX:EURCAD,1.47373,1.47378,1.47343,1.47349,2181.0
2024-04-07 21:30:00,FX:EURCAD,1.47349,1.47369,1.47336,1.47349,2542.0
2024-04-07 21:45:00,FX:EURCAD,1.47349,1.4736200000000002,1.47333,1.47334,1801.0
2024-04-07 22:00:00,FX:EURCAD,1.47334,1.47343,1.47282,1.47289,1810.0
2024-04-07 22:15:00,FX:EURCAD,1.47289,1.47308,1.4727700000000001,1.47281,1678.0
2024-04-07 22:30:00,FX:EURCAD,1.47281,1.47303,1.47265,1.47298,2594.0
2024-04-07 22:45:00,FX:EURCAD,1.47298,1.47313,1.47281,1.47288,1768.0
2024-04-07 23:00:00,FX:EURCAD,1.47288,1.47332,1.4728400000000001,1.4732800000000001,1472.0
2024-04-07 23:15:00,FX:EURCAD,1.4732800000000001,1.4736500000000001,1.47324,1.4735800000000001,1393.0
2024-04-07 23:30:00,FX:EURCAD,1.4735800000000001,1.47387,1.47347,1.4735,1950.0
2024-04-07 23:45:00,FX:EURCAD,1.4735,1.4736,1.47336,1.47351,1026.0
2024-04-08 00:00:00,FX:EURCAD,1.47351,1.47383,1.47349,1.47359,849.0
2024-04-08 00:15:00,FX:EURCAD,1.47359,1.47374,1.47354,1.47361,1024.0
2024-04-08 00:30:00,FX:EURCAD,1.47361,1.47369,1.4734500000000001,1.47347,1339.0
2024-04-08 00:45:00,FX:EURCAD,1.47347,1.4734800000000001,1.47325,1.4733100000000001,828.0
2024-04-08 01:00:00,FX:EURCAD,1.4733100000000001,1.4734,1.4731400000000001,1.4732100000000001,1059.0
2024-04-08 01:15:00,FX:EURCAD,1.4732100000000001,1.4735,1.4731,1.47339,931.0
2024-04-08 01:30:00,FX:EURCAD,1.47339,1.4737200000000001,1.47337,1.47353,1700.0
2024-04-08 01:45:00,FX:EURCAD,1.47353,1.4738,1.4735200000000002,1.4738,2056.0
2024-04-08 02:00:00,FX:EURCAD,1.4738,1.47384,1.47317,1.4736500000000001,2474.0
2024-04-08 02:15:00,FX:EURCAD,1.4736500000000001,1.47378,1.47307,1.47312,2043.0
2024-04-08 02:30:00,FX:EURCAD,1.47312,1.47319,1.47276,1.4729700000000001,2666.0
2024-04-08 02:45:00,FX:EURCAD,1.4729700000000001,1.4737200000000001,1.47296,1.47343,2392.0
2024-04-08 03:00:00,FX:EURCAD,1.47343,1.47373,1.4731400000000001,1.47322,3167.0
2024-04-08 03:15:00,FX:EURCAD,1.47322,1.47342,1.47289,1.47296,2816.0
2024-04-08 03:30:00,FX:EURCAD,1.47296,1.47329,1.47276,1.47298,2455.0
2024-04-08 03:45:00,FX:EURCAD,1.47298,1.47324,1.47231,1.4726000000000001,2594.0
2024-04-08 04:00:00,FX:EURCAD,1.4726000000000001,1.47263,1.47205,1.47219,2550.0
2024-04-08 04:15:00,FX:EURCAD,1.47219,1.47295,1.47207,1.47258,3114.0
2024-04-08 04:30:00,FX:EURCAD,1.47258,1.47261,1.4716900000000002,1.47181,3245.0
2024-04-08 04:45:00,FX:EURCAD,1.47181,1.47219,1.47161,1.47178,3420.0
2024-04-08 05:00:00,FX:EURCAD,1.47178,1.47198,1.47158,1.4716200000000002,2599.0
2024-04-08 05:15:00,FX:EURCAD,1.4716200000000002,1.47201,1.47144,1.4718900000000001,2544.0
2024-04-08 05:30:00,FX:EURCAD,1.4718900000000001,1.47222,1.47171,1.47211,2425.0
2024-04-08 05:45:00,FX:EURCAD,1.47211,1.47239,1.47211,1.47224,1744.0
2024-04-08 06:00:00,FX:EURCAD,1.47224,1.4727700000000001,1.4720600000000001,1.47268,1803.0
2024-04-08 06:15:00,FX:EURCAD,1.47268,1.47273,1.47224,1.4723300000000001,1770.0
2024-04-08 06:30:00,FX:EURCAD,1.4723300000000001,1.47256,1.47225,1.47239,1790.0
2024-04-08 06:45:00,FX:EURCAD,1.47239,1.47239,1.4717900000000002,1.47187,1859.0
2024-04-08 07:00:00,FX:EURCAD,1.47187,1.47193,1.47139,1.47153,1888.0
2024-04-08 07:15:00,FX:EURCAD,1.47153,1.47194,1.47141,1.47188,1840.0
2024-04-08 07:30:00,FX:EURCAD,1.47188,1.47219,1.47159,1.47203,1624.0
2024-04-08 07:45:00,FX:EURCAD,1.47203,1.47208,1.47146,1.4716200000000002,2157.0
2024-04-08 08:00:00,FX:EURCAD,1.4716200000000002,1.47176,1.47136,1.47164,2633.0
2024-04-08 08:15:00,FX:EURCAD,1.47164,1.4718900000000001,1.47127,1.4713800000000001,2866.0
2024-04-08 08:30:00,FX:EURCAD,1.4713800000000001,1.47161,1.4711100000000001,1.4715,3040.0
2024-04-08 08:45:00,FX:EURCAD,1.4715,1.47168,1.47133,1.47156,2729.0
2024-04-08 09:00:00,FX:EURCAD,1.47156,1.4716,1.47105,1.47141,3657.0
2024-04-08 09:15:00,FX:EURCAD,1.47141,1.4717500000000001,1.47112,1.47164,2866.0
2024-04-08 09:30:00,FX:EURCAD,1.47164,1.47273,1.4715,1.47262,4988.0
2024-04-08 09:45:00,FX:EURCAD,1.47262,1.47421,1.47252,1.47407,4334.0
2024-04-08 10:00:00,FX:EURCAD,1.47407,1.47499,1.47402,1.47464,4936.0
2024-04-08 10:15:00,FX:EURCAD,1.47464,1.47508,1.47415,1.47488,3958.0
2024-04-08 10:30:00,FX:EURCAD,1.47488,1.47499,1.47401,1.4740900000000001,3803.0
2024-04-08 10:45:00,FX:EURCAD,1.4740900000000001,1.47454,1.47356,1.47421,4321.0
2024-04-08 11:00:00,FX:EURCAD,1.47421,1.47442,1.4737900000000002,1.47387,3694.0
2024-04-08 11:15:00,FX:EURCAD,1.47387,1.47462,1.47364,1.47454,2771.0
2024-04-08 11:30:00,FX:EURCAD,1.47454,1.47461,1.47394,1.4741300000000002,2581.0
2024-04-08 11:45:00,FX:EURCAD,1.4741300000000002,1.47446,1.4737500000000001,1.47428,2517.0
2024-04-08 12:00:00,FX:EURCAD,1.47428,1.47469,1.47428,1.47445,2363.0
2024-04-08 12:15:00,FX:EURCAD,1.47445,1.4745700000000002,1.47394,1.47403,2666.0
2024-04-08 12:30:00,FX:EURCAD,1.47403,1.47415,1.47351,1.47354,1924.0
2024-04-08 12:45:00,FX:EURCAD,1.47354,1.4738200000000001,1.4734500000000001,1.47376,2038.0
2024-04-08 13:00:00,FX:EURCAD,1.47376,1.47408,1.4737200000000001,1.47388,1880.0
2024-04-08 13:15:00,FX:EURCAD,1.47388,1.47438,1.47385,1.4741900000000001,1797.0
2024-04-08 13:30:00,FX:EURCAD,1.4741900000000001,1.4742600000000001,1.4738200000000001,1.4739600000000002,2027.0
2024-04-08 13:45:00,FX:EURCAD,1.4739600000000002,1.47424,1.4737900000000002,1.47414,1938.0
2024-04-08 14:00:00,FX:EURCAD,1.47414,1.47424,1.47395,1.4740900000000001,1456.0
2024-04-08 14:15:00,FX:EURCAD,1.4740900000000001,1.47432,1.4739600000000002,1.47424,1348.0
2024-04-08 14:30:00,FX:EURCAD,1.47424,1.47435,1.4739,1.47435,1634.0
2024-04-08 14:45:00,FX:EURCAD,1.47435,1.4744300000000001,1.4738,1.474,1911.0
2024-04-08 15:00:00,FX:EURCAD,1.474,1.47405,1.47377,1.4738,1975.0
2024-04-08 15:15:00,FX:EURCAD,1.4738,1.47397,1.47373,1.4739200000000001,1105.0
2024-04-08 15:30:00,FX:EURCAD,1.4739200000000001,1.47404,1.47366,1.47401,1666.0
2024-04-08 15:45:00,FX:EURCAD,1.47401,1.4742,1.47397,1.47404,1971.0
2024-04-08 16:00:00,FX:EURCAD,1.47404,1.47412,1.4738200000000001,1.47388,1044.0
2024-04-08 16:15:00,FX:EURCAD,1.47388,1.47398,1.47381,1.47381,771.0
2024-04-08 16:30:00,FX:EURCAD,1.47381,1.47414,1.47381,1.47381,691.0
2024-04-08 16:45:00,FX:EURCAD,1.47381,1.4739,1.47356,1.47374,1149.0
2024-04-08 17:00:00,FX:EURCAD,1.47374,1.4738200000000001,1.47276,1.4738,586.0
2024-04-08 17:15:00,FX:EURCAD,1.4738,1.47439,1.47317,1.47363,2510.0
2024-04-08 17:30:00,FX:EURCAD,1.47363,1.4741600000000001,1.47359,1.47407,3422.0
2024-04-08 17:45:00,FX:EURCAD,1.47407,1.4741900000000001,1.4739900000000001,1.47405,2032.0
2024-04-08 18:00:00,FX:EURCAD,1.47405,1.47407,1.47371,1.47391,289.0
2024-04-08 18:15:00,FX:EURCAD,1.47391,1.4739900000000001,1.47378,1.4738900000000001,219.0
2024-04-08 18:30:00,FX:EURCAD,1.4738900000000001,1.47393,1.4738,1.4739200000000001,199.0
2024-04-08 18:45:00,FX:EURCAD,1.4739200000000001,1.47397,1.4737900000000002,1.47385,137.0
2024-04-08 19:00:00,FX:EURCAD,1.47385,1.47397,1.47369,1.47397,421.0
2024-04-08 19:15:00,FX:EURCAD,1.47397,1.4739900000000001,1.47385,1.4738900000000001,457.0
2024-04-08 19:30:00,FX:EURCAD,1.4738900000000001,1.47407,1.47388,1.4740600000000001,519.0
2024-04-08 19:45:00,FX:EURCAD,1.4740600000000001,1.47418,1.47395,1.47402,737.0
2024-04-08 20:00:00,FX:EURCAD,1.47402,1.47407,1.47384,1.47387,1261.0
2024-04-08 20:15:00,FX:EURCAD,1.47387,1.47398,1.47367,1.4739200000000001,1165.0
2024-04-08 20:30:00,FX:EURCAD,1.4739200000000001,1.4740600000000001,1.47385,1.47393,1165.0
2024-04-08 20:45:00,FX:EURCAD,1.47393,1.47394,1.4735800000000001,1.4738,1431.0
2024-04-08 21:00:00,FX:EURCAD,1.4738,1.47408,1.47374,1.4739200000000001,1707.0
2024-04-08 21:15:00,FX:EURCAD,1.4739200000000001,1.47415,1.4737900000000002,1.47397,1409.0
2024-04-08 21:30:00,FX:EURCAD,1.47397,1.47427,1.47386,1.47422,2067.0
2024-04-08 21:45:00,FX:EURCAD,1.47422,1.47449,1.47414,1.47449,1615.0
2024-04-08 22:00:00,FX:EURCAD,1.47449,1.47458,1.47435,1.47455,1274.0
2024-04-08 22:15:00,FX:EURCAD,1.47455,1.4745700000000002,1.47411,1.47418,1244.0
2024-04-08 22:30:00,FX:EURCAD,1.47418,1.4745000000000001,1.4741600000000001,1.4743,943.0
2024-04-08 22:45:00,FX:EURCAD,1.4743,1.47451,1.47414,1.47447,473.0
2024-04-08 23:00:00,FX:EURCAD,1.47447,1.47455,1.47425,1.4744300000000001,761.0
2024-04-08 23:15:00,FX:EURCAD,1.4744300000000001,1.47458,1.47437,1.47447,851.0
2024-04-08 23:30:00,FX:EURCAD,1.47447,1.47464,1.47445,1.47454,649.0
2024-04-08 23:45:00,FX:EURCAD,1.47454,1.47466,1.47439,1.47447,835.0
2024-04-09 00:00:00,FX:EURCAD,1.47447,1.47451,1.4743,1.47437,596.0
2024-04-09 00:15:00,FX:EURCAD,1.47437,1.4744000000000002,1.47415,1.4742300000000002,684.0
2024-04-09 00:30:00,FX:EURCAD,1.4742300000000002,1.4742300000000002,1.4739900000000001,1.47405,586.0
2024-04-09 00:45:00,FX:EURCAD,1.47405,1.4741900000000001,1.47398,1.47407,472.0
2024-04-09 01:00:00,FX:EURCAD,1.47407,1.4741600000000001,1.4739200000000001,1.47403,629.0
2024-04-09 01:15:00,FX:EURCAD,1.47403,1.4745300000000001,1.47401,1.47442,584.0
2024-04-09 01:30:00,FX:EURCAD,1.47442,1.4744300000000001,1.47407,1.4742,769.0
2024-04-09 01:45:00,FX:EURCAD,1.4742,1.47421,1.47385,1.47411,961.0
2024-04-09 02:00:00,FX:EURCAD,1.47411,1.47437,1.4740600000000001,1.4741300000000002,1648.0
2024-04-09 02:15:00,FX:EURCAD,1.4741300000000002,1.47414,1.4737500000000001,1.4738200000000001,1476.0
2024-04-09 02:30:00,FX:EURCAD,1.4738200000000001,1.47402,1.47354,1.4739,1509.0
2024-04-09 02:45:00,FX:EURCAD,1.4739,1.47421,1.47341,1.47359,2005.0
2024-04-09 03:00:00,FX:EURCAD,1.47359,1.4745300000000001,1.47359,1.47432,2425.0
2024-04-09 03:15:00,FX:EURCAD,1.47432,1.4745000000000001,1.47397,1.47405,2353.0
2024-04-09 03:30:00,FX:EURCAD,1.47405,1.47439,1.47394,1.47404,1794.0
2024-04-09 03:45:00,FX:EURCAD,1.47404,1.4740900000000001,1.47354,1.47377,1626.0
2024-04-09 04:00:00,FX:EURCAD,1.47377,1.4740600000000001,1.4734,1.4738900000000001,2135.0
2024-04-09 04:15:00,FX:EURCAD,1.4738900000000001,1.4741,1.47373,1.47393,1516.0
2024-04-09 04:30:00,FX:EURCAD,1.47393,1.4740600000000001,1.47364,1.47397,1777.0
2024-04-09 04:45:00,FX:EURCAD,1.47397,1.47403,1.47363,1.47367,1402.0
2024-04-09 05:00:00,FX:EURCAD,1.47367,1.47401,1.47363,1.47378,1818.0
2024-04-09 05:15:00,FX:EURCAD,1.47378,1.47387,1.4731400000000001,1.47359,2252.0
2024-04-09 05:30:00,FX:EURCAD,1.47359,1.47424,1.4734800000000001,1.4740600000000001,2301.0
2024-04-09 05:45:00,FX:EURCAD,1.4740600000000001,1.47424,1.47364,1.47405,2080.0
2024-04-09 06:00:00,FX:EURCAD,1.47405,1.47421,1.47391,1.47421,1800.0
2024-04-09 06:15:00,FX:EURCAD,1.47421,1.4743300000000001,1.47386,1.47415,1316.0
2024-04-09 06:30:00,FX:EURCAD,1.47415,1.47468,1.4741300000000002,1.47466,1650.0
2024-04-09 06:45:00,FX:EURCAD,1.47466,1.47471,1.4744000000000002,1.4745300000000001,1527.0
2024-04-09 07:00:00,FX:EURCAD,1.4745300000000001,1.47551,1.4743300000000001,1.4748700000000001,1984.0
2024-04-09 07:15:00,FX:EURCAD,1.4748700000000001,1.47507,1.47464,1.47498,1958.0
2024-04-09 07:30:00,FX:EURCAD,1.47498,1.47499,1.47438,1.47449,2083.0
2024-04-09 07:45:00,FX:EURCAD,1.47449,1.47481,1.47444,1.47455,1562.0
2024-04-09 08:00:00,FX:EURCAD,1.47455,1.47527,1.47449,1.47509,2658.0
2024-04-09 08:15:00,FX:EURCAD,1.47509,1.47534,1.4748,1.47534,2990.0
2024-04-09 08:30:00,FX:EURCAD,1.47534,1.47588,1.4750100000000002,1.47569,2867.0
2024-04-09 08:45:00,FX:EURCAD,1.47569,1.47638,1.47549,1.4759,3407.0
2024-04-09 09:00:00,FX:EURCAD,1.4759,1.47598,1.47515,1.4755800000000001,3299.0
2024-04-09 09:15:00,FX:EURCAD,1.4755800000000001,1.4764000000000002,1.47541,1.47578,2967.0
2024-04-09 09:30:00,FX:EURCAD,1.47578,1.47587,1.47429,1.47539,4820.0
2024-04-09 09:45:00,FX:EURCAD,1.47539,1.47578,1.4750400000000001,1.47567,3551.0
2024-04-09 10:00:00,FX:EURCAD,1.47567,1.47586,1.47481,1.47507,2710.0
2024-04-09 10:15:00,FX:EURCAD,1.47507,1.4752800000000001,1.47414,1.47463,3059.0
2024-04-09 10:30:00,FX:EURCAD,1.47463,1.47618,1.47459,1.47615,5966.0
2024-04-09 10:45:00,FX:EURCAD,1.47615,1.4763300000000001,1.47557,1.4757200000000001,5924.0
2024-04-09 11:00:00,FX:EURCAD,1.4757200000000001,1.47598,1.47532,1.4758,4810.0
2024-04-09 11:15:00,FX:EURCAD,1.4758,1.47587,1.47471,1.47512,3506.0
2024-04-09 11:30:00,FX:EURCAD,1.47512,1.4752100000000001,1.47444,1.47446,3648.0
2024-04-09 11:45:00,FX:EURCAD,1.47446,1.4749100000000002,1.47438,1.47455,2682.0
2024-04-09 12:00:00,FX:EURCAD,1.47455,1.47488,1.47442,1.47472,2656.0
2024-04-09 12:15:00,FX:EURCAD,1.47472,1.4747400000000002,1.4741600000000001,1.47442,2103.0
2024-04-09 12:30:00,FX:EURCAD,1.47442,1.47456,1.4741600000000001,1.47432,1754.0
2024-04-09 12:45:00,FX:EURCAD,1.47432,1.47463,1.4742,1.47452,2047.0
2024-04-09 13:00:00,FX:EURCAD,1.47452,1.4746000000000001,1.4740600000000001,1.47421,2447.0
2024-04-09 13:15:00,FX:EURCAD,1.47421,1.4743600000000001,1.47401,1.47415,2314.0
2024-04-09 13:30:00,FX:EURCAD,1.47415,1.4743300000000001,1.47404,1.4742600000000001,2002.0
2024-04-09 13:45:00,FX:EURCAD,1.4742600000000001,1.47441,1.4741,1.47441,1700.0
2024-04-09 14:00:00,FX:EURCAD,1.47441,1.47458,1.47415,1.4742300000000002,1869.0
2024-04-09 14:15:00,FX:EURCAD,1.4742300000000002,1.4742600000000001,1.47391,1.47412,1436.0
2024-04-09 14:30:00,FX:EURCAD,1.47412,1.47425,1.47398,1.47408,1264.0
2024-04-09 14:45:00,FX:EURCAD,1.47408,1.4741300000000002,1.47386,1.47408,1772.0
2024-04-09 15:00:00,FX:EURCAD,1.47408,1.47421,1.47393,1.47407,1264.0
2024-04-09 15:15:00,FX:EURCAD,1.47407,1.47417,1.47351,1.47356,2107.0
2024-04-09 15:30:00,FX:EURCAD,1.47356,1.4738200000000001,1.47337,1.4737,2385.0
2024-04-09 15:45:00,FX:EURCAD,1.4737,1.4737900000000002,1.47327,1.47343,1551.0
2024-04-09 16:00:00,FX:EURCAD,1.47343,1.47351,1.4732,1.47339,1024.0
2024-04-09 16:15:00,FX:EURCAD,1.47339,1.47357,1.47333,1.47337,766.0
2024-04-09 16:30:00,FX:EURCAD,1.47337,1.47359,1.47334,1.47349,567.0
2024-04-09 16:45:00,FX:EURCAD,1.47349,1.47359,1.47268,1.47325,713.0
2024-04-09 17:00:00,FX:EURCAD,1.47325,1.4735500000000001,1.47269,1.4734800000000001,1189.0
2024-04-09 17:15:00,FX:EURCAD,1.4734800000000001,1.47364,1.47299,1.47346,1521.0
2024-04-09 17:30:00,FX:EURCAD,1.47346,1.4737,1.47283,1.47324,4504.0
2024-04-09 17:45:00,FX:EURCAD,1.47324,1.47364,1.4731800000000002,1.4734,2616.0
2024-04-09 18:00:00,FX:EURCAD,1.4734,1.4736,1.47324,1.4734800000000001,246.0
2024-04-09 18:15:00,FX:EURCAD,1.4734800000000001,1.47354,1.47343,1.47343,97.0
2024-04-09 18:30:00,FX:EURCAD,1.47343,1.47357,1.47341,1.47351,159.0
2024-04-09 18:45:00,FX:EURCAD,1.47351,1.47381,1.47347,1.4737200000000001,155.0
2024-04-09 19:00:00,FX:EURCAD,1.4737200000000001,1.47395,1.4737200000000001,1.47378,216.0
2024-04-09 19:15:00,FX:EURCAD,1.47378,1.47395,1.47377,1.4739,185.0
2024-04-09 19:30:00,FX:EURCAD,1.4739,1.47397,1.4737500000000001,1.47377,216.0
2024-04-09 19:45:00,FX:EURCAD,1.47377,1.47387,1.47363,1.47386,388.0
2024-04-09 20:00:00,FX:EURCAD,1.47386,1.47386,1.47319,1.47332,1101.0
2024-04-09 20:15:00,FX:EURCAD,1.47332,1.47334,1.4728700000000001,1.47295,1074.0
2024-04-09 20:30:00,FX:EURCAD,1.47295,1.47315,1.47283,1.47292,928.0
2024-04-09 20:45:00,FX:EURCAD,1.47292,1.47303,1.47279,1.4729400000000001,1075.0
2024-04-09 21:00:00,FX:EURCAD,1.4729400000000001,1.47324,1.4728400000000001,1.47306,1173.0
2024-04-09 21:15:00,FX:EURCAD,1.47306,1.47313,1.4727700000000001,1.47295,1165.0
2024-04-09 21:30:00,FX:EURCAD,1.47295,1.4730400000000001,1.47254,1.47256,1279.0
2024-04-09 21:45:00,FX:EURCAD,1.47256,1.47261,1.47228,1.47232,1176.0
2024-04-09 22:00:00,FX:EURCAD,1.47232,1.47259,1.4720600000000001,1.47241,1969.0
2024-04-09 22:15:00,FX:EURCAD,1.47241,1.47247,1.4722,1.47222,910.0
2024-04-09 22:30:00,FX:EURCAD,1.47222,1.47248,1.47219,1.47234,1249.0
2024-04-09 22:45:00,FX:EURCAD,1.47234,1.47245,1.4722,1.4723600000000001,1097.0
2024-04-09 23:00:00,FX:EURCAD,1.4723600000000001,1.4723600000000001,1.47207,1.47227,783.0
2024-04-09 23:15:00,FX:EURCAD,1.47227,1.47242,1.4722300000000001,1.4723000000000002,766.0
2024-04-09 23:30:00,FX:EURCAD,1.4723000000000002,1.47262,1.47225,1.47262,863.0
2024-04-09 23:45:00,FX:EURCAD,1.47262,1.47272,1.47247,1.47268,1259.0
2024-04-10 00:00:00,FX:EURCAD,1.47268,1.4727400000000002,1.47234,1.47241,1505.0
2024-04-10 00:15:00,FX:EURCAD,1.47241,1.47247,1.47228,1.4724300000000001,1060.0
2024-04-10 00:30:00,FX:EURCAD,1.4724300000000001,1.4725700000000002,1.47235,1.47252,752.0
2024-04-10 00:45:00,FX:EURCAD,1.47252,1.4727000000000001,1.4725000000000001,1.47262,670.0
2024-04-10 01:00:00,FX:EURCAD,1.47262,1.47264,1.47221,1.4724300000000001,1388.0
2024-04-10 01:15:00,FX:EURCAD,1.4724300000000001,1.47261,1.4723300000000001,1.47247,942.0
2024-04-10 01:30:00,FX:EURCAD,1.47247,1.4726700000000001,1.47235,1.47259,931.0
2024-04-10 01:45:00,FX:EURCAD,1.47259,1.47279,1.47251,1.47255,1152.0
2024-04-10 02:00:00,FX:EURCAD,1.47255,1.4727000000000001,1.47173,1.4718200000000001,2024.0
2024-04-10 02:15:00,FX:EURCAD,1.4718200000000001,1.4720600000000001,1.47142,1.47151,1335.0
2024-04-10 02:30:00,FX:EURCAD,1.47151,1.47186,1.47141,1.47185,1412.0
2024-04-10 02:45:00,FX:EURCAD,1.47185,1.4721,1.47167,1.4716900000000002,1735.0
2024-04-10 03:00:00,FX:EURCAD,1.4716900000000002,1.4723300000000001,1.4716900000000002,1.47228,2259.0
2024-04-10 03:15:00,FX:EURCAD,1.47228,1.47228,1.47178,1.47187,1597.0
2024-04-10 03:30:00,FX:EURCAD,1.47187,1.47221,1.47186,1.47207,2103.0
2024-04-10 03:45:00,FX:EURCAD,1.47207,1.47247,1.47195,1.4722300000000001,1815.0
2024-04-10 04:00:00,FX:EURCAD,1.4722300000000001,1.47248,1.47177,1.47245,1991.0
2024-04-10 04:15:00,FX:EURCAD,1.47245,1.47302,1.47237,1.47288,1735.0
2024-04-10 04:30:00,FX:EURCAD,1.47288,1.47293,1.47254,1.4727700000000001,1545.0
2024-04-10 04:45:00,FX:EURCAD,1.4727700000000001,1.4731400000000001,1.47272,1.47303,1623.0
2024-04-10 05:00:00,FX:EURCAD,1.47303,1.47333,1.4727700000000001,1.4727700000000001,1575.0
2024-04-10 05:15:00,FX:EURCAD,1.4727700000000001,1.4737,1.47263,1.4736,1344.0
2024-04-10 05:30:00,FX:EURCAD,1.4736,1.47387,1.47357,1.4736500000000001,1523.0
2024-04-10 05:45:00,FX:EURCAD,1.4736500000000001,1.4739200000000001,1.4733,1.47336,1940.0
2024-04-10 06:00:00,FX:EURCAD,1.47336,1.47344,1.47315,1.4731800000000002,1720.0
2024-04-10 06:15:00,FX:EURCAD,1.4731800000000002,1.47344,1.47299,1.47341,1663.0
2024-04-10 06:30:00,FX:EURCAD,1.47341,1.4736,1.4729100000000002,1.47339,1541.0
2024-04-10 06:45:00,FX:EURCAD,1.47339,1.47341,1.47273,1.47275,1177.0
2024-04-10 07:00:00,FX:EURCAD,1.47275,1.4731800000000002,1.47268,1.4730400000000001,1814.0
2024-04-10 07:15:00,FX:EURCAD,1.4730400000000001,1.47339,1.4729,1.47308,1405.0
2024-04-10 07:30:00,FX:EURCAD,1.47308,1.47319,1.47281,1.47281,1561.0
2024-04-10 07:45:00,FX:EURCAD,1.47281,1.47292,1.4722600000000001,1.4724300000000001,1638.0
2024-04-10 08:00:00,FX:EURCAD,1.4724300000000001,1.4729400000000001,1.47237,1.4728400000000001,2270.0
2024-04-10 08:15:00,FX:EURCAD,1.4728400000000001,1.4735200000000002,1.47271,1.4727700000000001,2768.0
2024-04-10 08:30:00,FX:EURCAD,1.4727700000000001,1.47349,1.47041,1.47137,21373.0
2024-04-10 08:45:00,FX:EURCAD,1.47137,1.47228,1.4711,1.47136,16515.0
2024-04-10 09:00:00,FX:EURCAD,1.47136,1.47212,1.4699200000000001,1.4699600000000002,12548.0
2024-04-10 09:15:00,FX:EURCAD,1.4699600000000002,1.4707700000000001,1.46875,1.47041,11145.0
2024-04-10 09:30:00,FX:EURCAD,1.47041,1.4717,1.4699200000000001,1.47105,14444.0
2024-04-10 09:45:00,FX:EURCAD,1.47105,1.47129,1.46683,1.4678,13697.0
2024-04-10 10:00:00,FX:EURCAD,1.4678,1.46851,1.46753,1.4685000000000001,10765.0
2024-04-10 10:15:00,FX:EURCAD,1.4685000000000001,1.46924,1.4679600000000002,1.46864,7756.0
2024-04-10 10:30:00,FX:EURCAD,1.46864,1.46997,1.46805,1.46984,7342.0
2024-04-10 10:45:00,FX:EURCAD,1.46984,1.47086,1.46936,1.47028,6567.0
2024-04-10 11:00:00,FX:EURCAD,1.47028,1.47164,1.47008,1.47147,5659.0
2024-04-10 11:15:00,FX:EURCAD,1.47147,1.47166,1.47055,1.47079,4677.0
2024-04-10 11:30:00,FX:EURCAD,1.47079,1.47083,1.47012,1.47027,4376.0
2024-04-10 11:45:00,FX:EURCAD,1.47027,1.47029,1.46953,1.4699200000000001,3854.0
2024-04-10 12:00:00,FX:EURCAD,1.4699200000000001,1.4703000000000002,1.4698,1.4700900000000001,3019.0
2024-04-10 12:15:00,FX:EURCAD,1.4700900000000001,1.4705700000000002,1.4697500000000001,1.46981,2566.0
2024-04-10 12:30:00,FX:EURCAD,1.46981,1.47001,1.46937,1.46983,2592.0
2024-04-10 12:45:00,FX:EURCAD,1.46983,1.47002,1.46946,1.46967,3182.0
2024-04-10 13:00:00,FX:EURCAD,1.46967,1.47035,1.4694800000000001,1.47022,5012.0
2024-04-10 13:15:00,FX:EURCAD,1.47022,1.4709400000000001,1.47018,1.47082,4235.0
2024-04-10 13:30:00,FX:EURCAD,1.47082,1.4710400000000001,1.4704300000000001,1.4708,7138.0
2024-04-10 13:45:00,FX:EURCAD,1.4708,1.4709400000000001,1.47002,1.47041,4412.0
2024-04-10 14:00:00,FX:EURCAD,1.47041,1.47071,1.47017,1.4702600000000001,3703.0
2024-04-10 14:15:00,FX:EURCAD,1.4702600000000001,1.47063,1.46993,1.47018,4231.0
2024-04-10 14:30:00,FX:EURCAD,1.47018,1.47032,1.46987,1.46995,3275.0
2024-04-10 14:45:00,FX:EURCAD,1.46995,1.4703000000000002,1.4699,1.47003,2925.0
2024-04-10 15:00:00,FX:EURCAD,1.47003,1.47011,1.46958,1.4697200000000001,3509.0
2024-04-10 15:15:00,FX:EURCAD,1.4697200000000001,1.4697900000000002,1.4692800000000001,1.46932,2918.0
2024-04-10 15:30:00,FX:EURCAD,1.46932,1.46974,1.46924,1.46949,2614.0
2024-04-10 15:45:00,FX:EURCAD,1.46949,1.46961,1.46919,1.4695,2179.0
2024-04-10 16:00:00,FX:EURCAD,1.4695,1.46973,1.4693100000000001,1.46966,881.0
2024-04-10 16:15:00,FX:EURCAD,1.46966,1.46984,1.4696,1.4697500000000001,603.0
2024-04-10 16:30:00,FX:EURCAD,1.4697500000000001,1.46987,1.46956,1.4697200000000001,716.0
2024-04-10 16:45:00,FX:EURCAD,1.4697200000000001,1.46988,1.46913,1.46956,962.0
2024-04-10 17:00:00,FX:EURCAD,1.46956,1.4696900000000002,1.4690800000000002,1.4693800000000001,324.0
2024-04-10 17:15:00,FX:EURCAD,1.4693800000000001,1.46976,1.46915,1.4697500000000001,775.0
2024-04-10 17:30:00,FX:EURCAD,1.4697500000000001,1.46986,1.46922,1.46957,2706.0
2024-04-10 17:45:00,FX:EURCAD,1.46957,1.4698200000000001,1.4695,1.46959,2800.0
2024-04-10 18:00:00,FX:EURCAD,1.46959,1.4699900000000001,1.46959,1.46994,526.0
2024-04-10 18:15:00,FX:EURCAD,1.46994,1.47012,1.4698900000000001,1.47003,228.0
2024-04-10 18:30:00,FX:EURCAD,1.47003,1.47011,1.46995,1.4700900000000001,197.0
2024-04-10 18:45:00,FX:EURCAD,1.4700900000000001,1.4702,1.47007,1.47011,248.0
2024-04-10 19:00:00,FX:EURCAD,1.47011,1.4702600000000001,1.47007,1.47019,521.0
2024-04-10 19:15:00,FX:EURCAD,1.47019,1.47039,1.4701,1.47035,666.0
2024-04-10 19:30:00,FX:EURCAD,1.47035,1.4704000000000002,1.47019,1.47021,593.0
2024-04-10 19:45:00,FX:EURCAD,1.47021,1.4703600000000001,1.47002,1.47024,777.0
2024-04-10 20:00:00,FX:EURCAD,1.47024,1.4707000000000001,1.4700600000000001,1.4707000000000001,2269.0
2024-04-10 20:15:00,FX:EURCAD,1.4707000000000001,1.47073,1.47038,1.47045,1704.0
2024-04-10 20:30:00,FX:EURCAD,1.47045,1.47064,1.47038,1.47056,1644.0
2024-04-10 20:45:00,FX:EURCAD,1.47056,1.47066,1.47031,1.47032,1428.0
2024-04-10 21:00:00,FX:EURCAD,1.47032,1.47062,1.47024,1.47055,1616.0
2024-04-10 21:15:00,FX:EURCAD,1.47055,1.47065,1.4703300000000001,1.47042,1481.0
2024-04-10 21:30:00,FX:EURCAD,1.47042,1.47066,1.4703600000000001,1.47039,1909.0
2024-04-10 21:45:00,FX:EURCAD,1.47039,1.47062,1.4701600000000001,1.47045,2054.0
2024-04-10 22:00:00,FX:EURCAD,1.47045,1.4705300000000001,1.47024,1.47046,1662.0
2024-04-10 22:15:00,FX:EURCAD,1.47046,1.47046,1.47021,1.4702300000000001,1306.0
2024-04-10 22:30:00,FX:EURCAD,1.4702300000000001,1.47037,1.47004,1.4700900000000001,1648.0
2024-04-10 22:45:00,FX:EURCAD,1.4700900000000001,1.47017,1.46994,1.47011,980.0
2024-04-10 23:00:00,FX:EURCAD,1.47011,1.4702600000000001,1.46995,1.47002,1023.0
2024-04-10 23:15:00,FX:EURCAD,1.47002,1.47017,1.46993,1.47001,1258.0
2024-04-10 23:30:00,FX:EURCAD,1.47001,1.47012,1.4699,1.47002,1085.0
2024-04-10 23:45:00,FX:EURCAD,1.47002,1.47004,1.4697900000000002,1.4698200000000001,951.0
2024-04-11 00:00:00,FX:EURCAD,1.4698200000000001,1.4699200000000001,1.46973,1.4698,680.0
2024-04-11 00:15:00,FX:EURCAD,1.4698,1.46981,1.46954,1.46967,594.0
2024-04-11 00:30:00,FX:EURCAD,1.46967,1.4699200000000001,1.4696500000000001,1.46981,825.0
2024-04-11 00:45:00,FX:EURCAD,1.46981,1.4698900000000001,1.46963,1.4697,985.0
2024-04-11 01:00:00,FX:EURCAD,1.4697,1.4697200000000001,1.46943,1.46961,1122.0
2024-04-11 01:15:00,FX:EURCAD,1.46961,1.46971,1.46937,1.4694500000000001,1136.0
2024-04-11 01:30:00,FX:EURCAD,1.4694500000000001,1.46951,1.4693100000000001,1.46932,1469.0
2024-04-11 01:45:00,FX:EURCAD,1.46932,1.4695500000000001,1.46927,1.4694,1541.0
2024-04-11 02:00:00,FX:EURCAD,1.4694,1.4696500000000001,1.4690800000000002,1.4692800000000001,2108.0
2024-04-11 02:15:00,FX:EURCAD,1.4692800000000001,1.46946,1.469,1.4690800000000002,1660.0
2024-04-11 02:30:00,FX:EURCAD,1.4690800000000002,1.4696200000000001,1.46905,1.46947,2245.0
2024-04-11 02:45:00,FX:EURCAD,1.46947,1.46977,1.4687000000000001,1.46878,2653.0
2024-04-11 03:00:00,FX:EURCAD,1.46878,1.46998,1.46861,1.46987,3179.0
2024-04-11 03:15:00,FX:EURCAD,1.46987,1.47017,1.46946,1.4696,3089.0
2024-04-11 03:30:00,FX:EURCAD,1.4696,1.4697500000000001,1.4689400000000001,1.46932,3245.0
2024-04-11 03:45:00,FX:EURCAD,1.46932,1.46983,1.46896,1.46961,3476.0
2024-04-11 04:00:00,FX:EURCAD,1.46961,1.47004,1.46934,1.4699,3350.0
2024-04-11 04:15:00,FX:EURCAD,1.4699,1.47011,1.4696,1.46983,2616.0
2024-04-11 04:30:00,FX:EURCAD,1.46983,1.4703000000000002,1.4697,1.47022,2657.0
2024-04-11 04:45:00,FX:EURCAD,1.47022,1.47028,1.46953,1.46985,3109.0
2024-04-11 05:00:00,FX:EURCAD,1.46985,1.4699,1.46909,1.4693800000000001,2626.0
2024-04-11 05:15:00,FX:EURCAD,1.4693800000000001,1.4697900000000002,1.46926,1.46951,2875.0
2024-04-11 05:30:00,FX:EURCAD,1.46951,1.4695500000000001,1.46872,1.46885,3094.0
2024-04-11 05:45:00,FX:EURCAD,1.46885,1.46925,1.46856,1.46883,2695.0
2024-04-11 06:00:00,FX:EURCAD,1.46883,1.4689100000000002,1.46852,1.46858,2773.0
2024-04-11 06:15:00,FX:EURCAD,1.46858,1.4690800000000002,1.46836,1.4690800000000002,2543.0
2024-04-11 06:30:00,FX:EURCAD,1.4690800000000002,1.4691800000000002,1.46859,1.46863,2301.0
2024-04-11 06:45:00,FX:EURCAD,1.46863,1.46871,1.46838,1.4684700000000002,1985.0
2024-04-11 07:00:00,FX:EURCAD,1.4684700000000002,1.4689100000000002,1.46844,1.4687400000000002,1862.0
2024-04-11 07:15:00,FX:EURCAD,1.4687400000000002,1.46883,1.4684000000000001,1.46858,2361.0
2024-04-11 07:30:00,FX:EURCAD,1.46858,1.46889,1.46839,1.46861,2256.0
2024-04-11 07:45:00,FX:EURCAD,1.46861,1.46886,1.4683300000000001,1.46881,2463.0
2024-04-11 08:00:00,FX:EURCAD,1.46881,1.4692100000000001,1.4685000000000001,1.46916,2581.0
2024-04-11 08:15:00,FX:EURCAD,1.46916,1.46917,1.46666,1.46836,8166.0
2024-04-11 08:30:00,FX:EURCAD,1.46836,1.46863,1.4667400000000002,1.46761,13447.0
2024-04-11 08:45:00,FX:EURCAD,1.46761,1.46879,1.46706,1.4682600000000001,9568.0
2024-04-11 09:00:00,FX:EURCAD,1.4682600000000001,1.46854,1.4670100000000001,1.46822,7794.0
2024-04-11 09:15:00,FX:EURCAD,1.46822,1.47042,1.46817,1.4699900000000001,7781.0
2024-04-11 09:30:00,FX:EURCAD,1.4699900000000001,1.47015,1.46852,1.4690100000000001,11898.0
2024-04-11 09:45:00,FX:EURCAD,1.4690100000000001,1.46991,1.4685000000000001,1.46978,6093.0
2024-04-11 10:00:00,FX:EURCAD,1.46978,1.47047,1.46943,1.46977,8203.0
2024-04-11 10:15:00,FX:EURCAD,1.46977,1.47014,1.46863,1.46876,7053.0
2024-04-11 10:30:00,FX:EURCAD,1.46876,1.4693100000000001,1.4682,1.46841,7661.0
2024-04-11 10:45:00,FX:EURCAD,1.46841,1.46851,1.46787,1.4683300000000001,6771.0
2024-04-11 11:00:00,FX:EURCAD,1.4683300000000001,1.46899,1.46798,1.4689,4887.0
2024-04-11 11:15:00,FX:EURCAD,1.4689,1.46924,1.46879,1.4689100000000002,3987.0
2024-04-11 11:30:00,FX:EURCAD,1.4689100000000002,1.46959,1.46875,1.46954,4416.0
2024-04-11 11:45:00,FX:EURCAD,1.46954,1.46987,1.4691800000000002,1.46943,3899.0
2024-04-11 12:00:00,FX:EURCAD,1.46943,1.46958,1.46845,1.46846,4886.0
2024-04-11 12:15:00,FX:EURCAD,1.46846,1.46888,1.46841,1.46883,2613.0
2024-04-11 12:30:00,FX:EURCAD,1.46883,1.46902,1.46859,1.46882,2720.0
2024-04-11 12:45:00,FX:EURCAD,1.46882,1.469,1.46844,1.46854,2970.0
2024-04-11 13:00:00,FX:EURCAD,1.46854,1.4687700000000001,1.4678,1.4679,4933.0
2024-04-11 13:15:00,FX:EURCAD,1.4679,1.4679,1.46713,1.46746,3408.0
2024-04-11 13:30:00,FX:EURCAD,1.46746,1.46775,1.4671100000000001,1.4675500000000001,2092.0
2024-04-11 13:45:00,FX:EURCAD,1.4675500000000001,1.46802,1.4674500000000001,1.46771,2536.0
2024-04-11 14:00:00,FX:EURCAD,1.46771,1.46785,1.46753,1.46784,2510.0
2024-04-11 14:15:00,FX:EURCAD,1.46784,1.46795,1.46746,1.46761,2245.0
2024-04-11 14:30:00,FX:EURCAD,1.46761,1.46777,1.46736,1.46753,1735.0
2024-04-11 14:45:00,FX:EURCAD,1.46753,1.46785,1.46734,1.46771,2504.0
2024-04-11 15:00:00,FX:EURCAD,1.46771,1.46777,1.4673,1.46734,1703.0
2024-04-11 15:15:00,FX:EURCAD,1.46734,1.4676500000000001,1.46729,1.4675,1376.0
2024-04-11 15:30:00,FX:EURCAD,1.4675,1.46778,1.46739,1.46766,2042.0
2024-04-11 15:45:00,FX:EURCAD,1.46766,1.46795,1.46761,1.4678900000000001,2153.0
2024-04-11 16:00:00,FX:EURCAD,1.4678900000000001,1.4679600000000002,1.46749,1.46764,851.0
2024-04-11 16:15:00,FX:EURCAD,1.46764,1.4679,1.46754,1.4678600000000002,578.0
2024-04-11 16:30:00,FX:EURCAD,1.4678600000000002,1.46811,1.4678,1.4679900000000001,407.0
2024-04-11 16:45:00,FX:EURCAD,1.4679900000000001,1.46831,1.46754,1.468,471.0
2024-04-11 17:00:00,FX:EURCAD,1.468,1.46828,1.46773,1.46819,52.0
2024-04-11 17:15:00,FX:EURCAD,1.46819,1.4682,1.46775,1.4680900000000001,247.0
2024-04-11 17:30:00,FX:EURCAD,1.4680900000000001,1.46812,1.4677200000000001,1.46794,598.0
2024-04-11 17:45:00,FX:EURCAD,1.46794,1.4685700000000002,1.4678900000000001,1.46844,385.0
2024-04-11 18:00:00,FX:EURCAD,1.46844,1.46844,1.46794,1.4680900000000001,433.0
2024-04-11 18:15:00,FX:EURCAD,1.4680900000000001,1.4682,1.46795,1.46801,283.0
2024-04-11 18:30:00,FX:EURCAD,1.46801,1.4681,1.46797,1.46803,174.0
2024-04-11 18:45:00,FX:EURCAD,1.46803,1.4683000000000002,1.4679900000000001,1.4683000000000002,148.0
2024-04-11 19:00:00,FX:EURCAD,1.4683000000000002,1.4684000000000001,1.4678900000000001,1.4678900000000001,329.0
2024-04-11 19:15:00,FX:EURCAD,1.4678900000000001,1.46798,1.46783,1.46788,204.0
2024-04-11 19:30:00,FX:EURCAD,1.46788,1.4679600000000002,1.4677900000000002,1.46781,283.0
2024-04-11 19:45:00,FX:EURCAD,1.46781,1.46818,1.46771,1.46805,605.0
2024-04-11 20:00:00,FX:EURCAD,1.46805,1.4682600000000001,1.46804,1.46822,1296.0
2024-04-11 20:15:00,FX:EURCAD,1.46822,1.4683000000000002,1.46791,1.46795,870.0
2024-04-11 20:30:00,FX:EURCAD,1.46795,1.46797,1.46763,1.46767,859.0
2024-04-11 20:45:00,FX:EURCAD,1.46767,1.46805,1.46758,1.46791,1001.0
2024-04-11 21:00:00,FX:EURCAD,1.46791,1.46831,1.4678,1.46798,1589.0
2024-04-11 21:15:00,FX:EURCAD,1.46798,1.4680900000000001,1.46771,1.46788,1326.0
2024-04-11 21:30:00,FX:EURCAD,1.46788,1.46797,1.46768,1.46788,1856.0
2024-04-11 21:45:00,FX:EURCAD,1.46788,1.4679200000000001,1.46753,1.46761,1187.0
2024-04-11 22:00:00,FX:EURCAD,1.46761,1.4679,1.46759,1.4678600000000002,1177.0
2024-04-11 22:15:00,FX:EURCAD,1.4678600000000002,1.4680900000000001,1.46783,1.4679900000000001,846.0
2024-04-11 22:30:00,FX:EURCAD,1.4679900000000001,1.46819,1.46791,1.46819,1188.0
2024-04-11 22:45:00,FX:EURCAD,1.46819,1.4684700000000002,1.46818,1.46841,1254.0
2024-04-11 23:00:00,FX:EURCAD,1.46841,1.4685000000000001,1.46807,1.46824,980.0
2024-04-11 23:15:00,FX:EURCAD,1.46824,1.46841,1.4680900000000001,1.4681,1386.0
2024-04-11 23:30:00,FX:EURCAD,1.4681,1.4684700000000002,1.4680900000000001,1.46844,1690.0
2024-04-11 23:45:00,FX:EURCAD,1.46844,1.4685000000000001,1.46814,1.46831,1190.0
2024-04-12 00:00:00,FX:EURCAD,1.46831,1.46852,1.46818,1.46836,902.0
2024-04-12 00:15:00,FX:EURCAD,1.46836,1.46842,1.46818,1.4682300000000001,773.0
2024-04-12 00:30:00,FX:EURCAD,1.4682300000000001,1.4683300000000001,1.46804,1.46815,731.0
2024-04-12 00:45:00,FX:EURCAD,1.46815,1.46856,1.46812,1.46831,1069.0
2024-04-12 01:00:00,FX:EURCAD,1.46831,1.4685700000000002,1.46824,1.4685300000000001,1123.0
2024-04-12 01:15:00,FX:EURCAD,1.4685300000000001,1.46855,1.46825,1.46831,775.0
2024-04-12 01:30:00,FX:EURCAD,1.46831,1.46846,1.4681300000000002,1.46819,1051.0
2024-04-12 01:45:00,FX:EURCAD,1.46819,1.46849,1.46812,1.46836,1093.0
2024-04-12 02:00:00,FX:EURCAD,1.46836,1.46849,1.46791,1.4682600000000001,2434.0
2024-04-12 02:15:00,FX:EURCAD,1.4682600000000001,1.4682600000000001,1.4676,1.46763,1975.0
2024-04-12 02:30:00,FX:EURCAD,1.46763,1.46781,1.4656900000000002,1.4658200000000001,3895.0
2024-04-12 02:45:00,FX:EURCAD,1.4658200000000001,1.46619,1.4655500000000001,1.4659,4138.0
2024-04-12 03:00:00,FX:EURCAD,1.4659,1.46642,1.46558,1.46563,4713.0
2024-04-12 03:15:00,FX:EURCAD,1.46563,1.46577,1.46498,1.46517,3749.0
2024-04-12 03:30:00,FX:EURCAD,1.46517,1.46619,1.46499,1.46556,3163.0
2024-04-12 03:45:00,FX:EURCAD,1.46556,1.46628,1.46527,1.4662,3673.0
2024-04-12 04:00:00,FX:EURCAD,1.4662,1.46622,1.46519,1.4652800000000001,2670.0
2024-04-12 04:15:00,FX:EURCAD,1.4652800000000001,1.46601,1.46509,1.46542,2707.0
2024-04-12 04:30:00,FX:EURCAD,1.46542,1.46603,1.46524,1.46583,2450.0
2024-04-12 04:45:00,FX:EURCAD,1.46583,1.46619,1.4656500000000001,1.46578,2662.0
2024-04-12 05:00:00,FX:EURCAD,1.46578,1.46619,1.4655,1.4657900000000001,2647.0
2024-04-12 05:15:00,FX:EURCAD,1.4657900000000001,1.46581,1.46407,1.46453,3815.0
2024-04-12 05:30:00,FX:EURCAD,1.46453,1.4651100000000001,1.46412,1.46414,2668.0
2024-04-12 05:45:00,FX:EURCAD,1.46414,1.4645700000000001,1.4636900000000002,1.46391,2618.0
2024-04-12 06:00:00,FX:EURCAD,1.46391,1.4641,1.46364,1.46384,3187.0
2024-04-12 06:15:00,FX:EURCAD,1.46384,1.46419,1.46315,1.4639900000000001,2364.0
2024-04-12 06:30:00,FX:EURCAD,1.4639900000000001,1.4644000000000001,1.46387,1.4638900000000001,1525.0
2024-04-12 06:45:00,FX:EURCAD,1.4638900000000001,1.46407,1.46347,1.46376,3076.0
2024-04-12 07:00:00,FX:EURCAD,1.46376,1.46428,1.46371,1.46415,2419.0
2024-04-12 07:15:00,FX:EURCAD,1.46415,1.46473,1.46414,1.4644000000000001,2903.0
2024-04-12 07:30:00,FX:EURCAD,1.4644000000000001,1.46449,1.4640300000000002,1.46418,2848.0
2024-04-12 07:45:00,FX:EURCAD,1.46418,1.46458,1.46395,1.4641300000000002,2610.0
2024-04-12 08:00:00,FX:EURCAD,1.4641300000000002,1.46451,1.46397,1.46418,3379.0
2024-04-12 08:15:00,FX:EURCAD,1.46418,1.46456,1.46415,1.46428,3536.0
2024-04-12 08:30:00,FX:EURCAD,1.46428,1.4646000000000001,1.46336,1.46376,5197.0
2024-04-12 08:45:00,FX:EURCAD,1.46376,1.46427,1.46343,1.46419,5717.0
2024-04-12 09:00:00,FX:EURCAD,1.46419,1.4644000000000001,1.4633800000000001,1.4634,5675.0
2024-04-12 09:15:00,FX:EURCAD,1.4634,1.4635200000000002,1.46286,1.4634500000000001,4028.0
2024-04-12 09:30:00,FX:EURCAD,1.4634500000000001,1.46349,1.46193,1.46195,6649.0
2024-04-12 09:45:00,FX:EURCAD,1.46195,1.4636900000000002,1.46184,1.4634200000000002,6058.0
2024-04-12 10:00:00,FX:EURCAD,1.4634200000000002,1.46398,1.46236,1.46237,9464.0
2024-04-12 10:15:00,FX:EURCAD,1.46237,1.46378,1.46237,1.4633500000000002,6481.0
2024-04-12 10:30:00,FX:EURCAD,1.4633500000000002,1.4634,1.46248,1.46271,5227.0
2024-04-12 10:45:00,FX:EURCAD,1.46271,1.46307,1.46228,1.46231,4973.0
2024-04-12 11:00:00,FX:EURCAD,1.46231,1.46324,1.46176,1.46303,5415.0
2024-04-12 11:15:00,FX:EURCAD,1.46303,1.4642300000000001,1.46299,1.4640900000000001,4629.0
2024-04-12 11:30:00,FX:EURCAD,1.4640900000000001,1.46476,1.4639,1.46454,6411.0
2024-04-12 11:45:00,FX:EURCAD,1.46454,1.46532,1.4643000000000002,1.4646700000000001,3726.0
2024-04-12 12:00:00,FX:EURCAD,1.4646700000000001,1.46475,1.4639900000000001,1.46417,4422.0
2024-04-12 12:15:00,FX:EURCAD,1.46417,1.4651,1.46401,1.46499,4022.0
2024-04-12 12:30:00,FX:EURCAD,1.46499,1.4653500000000002,1.46485,1.4653500000000002,3721.0
2024-04-12 12:45:00,FX:EURCAD,1.4653500000000002,1.46573,1.46517,1.46567,3081.0
2024-04-12 13:00:00,FX:EURCAD,1.46567,1.4662600000000001,1.46567,1.46594,3010.0
2024-04-12 13:15:00,FX:EURCAD,1.46594,1.46635,1.4657200000000001,1.46608,2999.0
2024-04-12 13:30:00,FX:EURCAD,1.46608,1.46621,1.46578,1.46583,4059.0
2024-04-12 13:45:00,FX:EURCAD,1.46583,1.46602,1.4655,1.46602,3242.0
2024-04-12 14:00:00,FX:EURCAD,1.46602,1.46642,1.46581,1.4660600000000001,2847.0
2024-04-12 14:15:00,FX:EURCAD,1.4660600000000001,1.46646,1.46597,1.46639,2408.0
2024-04-12 14:30:00,FX:EURCAD,1.46639,1.46656,1.4660600000000001,1.46628,2684.0
2024-04-12 14:45:00,FX:EURCAD,1.46628,1.46668,1.4662,1.46635,1998.0
2024-04-12 15:00:00,FX:EURCAD,1.46635,1.4667000000000001,1.46629,1.4665700000000002,2318.0
2024-04-12 15:15:00,FX:EURCAD,1.4665700000000002,1.46661,1.466,1.4663000000000002,2862.0
2024-04-12 15:30:00,FX:EURCAD,1.4663000000000002,1.4664000000000001,1.4656500000000001,1.4658900000000001,2598.0
2024-04-12 15:45:00,FX:EURCAD,1.4658900000000001,1.46601,1.46543,1.46553,2523.0
2024-04-12 16:00:00,FX:EURCAD,1.46553,1.4662,1.46541,1.46607,1331.0
2024-04-12 16:15:00,FX:EURCAD,1.46607,1.4661600000000001,1.46575,1.4658,853.0
2024-04-12 16:30:00,FX:EURCAD,1.4658,1.46591,1.46549,1.4655,1236.0
2024-04-12 16:45:00,FX:EURCAD,1.4655,1.4656200000000001,1.46483,1.4653500000000002,2018.0
2024-04-14 17:00:00,FX:EURCAD,1.4648400000000001,1.4651,1.46446,1.4648,2429.0
2024-04-14 17:15:00,FX:EURCAD,1.4648,1.46505,1.46465,1.46481,167.0
2024-04-14 17:30:00,FX:EURCAD,1.46481,1.46483,1.46427,1.46446,683.0
2024-04-14 17:45:00,FX:EURCAD,1.46446,1.46446,1.4638,1.46384,1324.0
2024-04-14 18:00:00,FX:EURCAD,1.46384,1.4658200000000001,1.46384,1.4653500000000002,3328.0
2024-04-14 18:15:00,FX:EURCAD,1.4653500000000002,1.4663000000000002,1.4653500000000002,1.46594,1165.0
2024-04-14 18:30:00,FX:EURCAD,1.46594,1.46603,1.46547,1.46556,1193.0
2024-04-14 18:45:00,FX:EURCAD,1.46556,1.46581,1.4654500000000001,1.46551,555.0
2024-04-14 19:00:00,FX:EURCAD,1.46551,1.46551,1.46497,1.46506,730.0
2024-04-14 19:15:00,FX:EURCAD,1.46506,1.4652,1.4649100000000002,1.46493,853.0
2024-04-14 19:30:00,FX:EURCAD,1.46493,1.4651100000000001,1.46486,1.46496,886.0
2024-04-14 19:45:00,FX:EURCAD,1.46496,1.46502,1.46469,1.46481,900.0
2024-04-14 20:00:00,FX:EURCAD,1.46481,1.46489,1.46448,1.46465,2645.0
2024-04-14 20:15:00,FX:EURCAD,1.46465,1.46524,1.46465,1.46515,2023.0
2024-04-14 20:30:00,FX:EURCAD,1.46515,1.46526,1.46492,1.46524,1473.0
2024-04-14 20:45:00,FX:EURCAD,1.46524,1.46583,1.46524,1.46557,1998.0
2024-04-14 21:00:00,FX:EURCAD,1.46557,1.4661300000000002,1.4655,1.4660900000000001,2290.0
2024-04-14 21:15:00,FX:EURCAD,1.4660900000000001,1.46655,1.4659900000000001,1.46602,2565.0
2024-04-14 21:30:00,FX:EURCAD,1.46602,1.46619,1.46558,1.46563,1809.0
2024-04-14 21:45:00,FX:EURCAD,1.46563,1.46588,1.4655200000000002,1.4658,1420.0
2024-04-14 22:00:00,FX:EURCAD,1.4658,1.4659600000000002,1.4656200000000001,1.46581,1989.0
2024-04-14 22:15:00,FX:EURCAD,1.46581,1.46595,1.46546,1.46549,1691.0
2024-04-14 22:30:00,FX:EURCAD,1.46549,1.46577,1.4653100000000001,1.46566,1187.0
2024-04-14 22:45:00,FX:EURCAD,1.46566,1.46591,1.4655200000000002,1.46554,1340.0
2024-04-14 23:00:00,FX:EURCAD,1.46554,1.46559,1.46527,1.4654500000000001,1455.0
2024-04-14 23:15:00,FX:EURCAD,1.4654500000000001,1.4655200000000002,1.46527,1.46527,1594.0
2024-04-14 23:30:00,FX:EURCAD,1.46527,1.46547,1.46505,1.4654500000000001,1689.0
2024-04-14 23:45:00,FX:EURCAD,1.4654500000000001,1.46558,1.46537,1.46549,1490.0
2024-04-15 00:00:00,FX:EURCAD,1.46549,1.4656,1.46522,1.46527,1118.0
2024-04-15 00:15:00,FX:EURCAD,1.46527,1.4656,1.4652100000000001,1.46557,1430.0
2024-04-15 00:30:00,FX:EURCAD,1.46557,1.46561,1.46532,1.46549,1674.0
2024-04-15 00:45:00,FX:EURCAD,1.46549,1.46553,1.46513,1.46514,1303.0
2024-04-15 01:00:00,FX:EURCAD,1.46514,1.46534,1.46507,1.46532,1567.0
2024-04-15 01:15:00,FX:EURCAD,1.46532,1.46553,1.4650800000000002,1.46516,1725.0
2024-04-15 01:30:00,FX:EURCAD,1.46516,1.4653500000000002,1.46503,1.4651,1990.0
2024-04-15 01:45:00,FX:EURCAD,1.4651,1.4653100000000001,1.46495,1.4652800000000001,2019.0
2024-04-15 02:00:00,FX:EURCAD,1.4652800000000001,1.46575,1.46505,1.46567,3468.0
2024-04-15 02:15:00,FX:EURCAD,1.46567,1.4658900000000001,1.4652100000000001,1.46547,3578.0
2024-04-15 02:30:00,FX:EURCAD,1.46547,1.4655,1.46471,1.46485,3240.0
2024-04-15 02:45:00,FX:EURCAD,1.46485,1.46523,1.46455,1.4651,3217.0
2024-04-15 03:00:00,FX:EURCAD,1.4651,1.46587,1.465,1.46549,4249.0
2024-04-15 03:15:00,FX:EURCAD,1.46549,1.46595,1.46542,1.4659,3598.0
2024-04-15 03:30:00,FX:EURCAD,1.4659,1.4661,1.4650100000000001,1.46536,3769.0
2024-04-15 03:45:00,FX:EURCAD,1.46536,1.46573,1.4652,1.4652,3822.0
2024-04-15 04:00:00,FX:EURCAD,1.4652,1.46539,1.46405,1.46412,3774.0
2024-04-15 04:15:00,FX:EURCAD,1.46412,1.4643000000000002,1.4636200000000001,1.4637,3450.0
2024-04-15 04:30:00,FX:EURCAD,1.4637,1.46404,1.46363,1.46385,2646.0
2024-04-15 04:45:00,FX:EURCAD,1.46385,1.4644300000000001,1.46377,1.46392,2504.0
2024-04-15 05:00:00,FX:EURCAD,1.46392,1.4648700000000001,1.46392,1.46483,2456.0
2024-04-15 05:15:00,FX:EURCAD,1.46483,1.46483,1.4643000000000002,1.46439,2761.0
2024-04-15 05:30:00,FX:EURCAD,1.46439,1.46455,1.46381,1.46422,2647.0
2024-04-15 05:45:00,FX:EURCAD,1.46422,1.46468,1.46393,1.46404,2448.0
2024-04-15 06:00:00,FX:EURCAD,1.46404,1.46442,1.4638200000000001,1.46431,2296.0
2024-04-15 06:15:00,FX:EURCAD,1.46431,1.46442,1.46393,1.464,2032.0
2024-04-15 06:30:00,FX:EURCAD,1.464,1.4644700000000002,1.46384,1.4640300000000002,2139.0
2024-04-15 06:45:00,FX:EURCAD,1.4640300000000002,1.46437,1.4636500000000001,1.46418,2691.0
2024-04-15 07:00:00,FX:EURCAD,1.46418,1.46523,1.46415,1.46522,2588.0
2024-04-15 07:15:00,FX:EURCAD,1.46522,1.46537,1.4646400000000002,1.46465,2406.0
2024-04-15 07:30:00,FX:EURCAD,1.46465,1.46475,1.4643000000000002,1.46439,2114.0
2024-04-15 07:45:00,FX:EURCAD,1.46439,1.4644000000000001,1.46383,1.4641300000000002,2646.0
2024-04-15 08:00:00,FX:EURCAD,1.4641300000000002,1.4646400000000002,1.46411,1.4642600000000001,3532.0
2024-04-15 08:15:00,FX:EURCAD,1.4642600000000001,1.46427,1.46307,1.4631100000000001,2743.0
2024-04-15 08:30:00,FX:EURCAD,1.4631100000000001,1.4634500000000001,1.46229,1.46271,8870.0
2024-04-15 08:45:00,FX:EURCAD,1.46271,1.46279,1.46201,1.4626000000000001,5049.0
2024-04-15 09:00:00,FX:EURCAD,1.4626000000000001,1.46359,1.46252,1.4626000000000001,4422.0
2024-04-15 09:15:00,FX:EURCAD,1.4626000000000001,1.46319,1.46258,1.4629100000000002,4418.0
2024-04-15 09:30:00,FX:EURCAD,1.4629100000000002,1.4630400000000001,1.4614,1.46238,6318.0
2024-04-15 09:45:00,FX:EURCAD,1.46238,1.46245,1.4614200000000002,1.4614500000000001,5377.0
2024-04-15 10:00:00,FX:EURCAD,1.4614500000000001,1.46262,1.46116,1.46245,5732.0
2024-04-15 10:15:00,FX:EURCAD,1.46245,1.46323,1.46227,1.463,6159.0
2024-04-15 10:30:00,FX:EURCAD,1.463,1.46346,1.46256,1.46295,9060.0
2024-04-15 10:45:00,FX:EURCAD,1.46295,1.46327,1.46253,1.4631100000000001,6938.0
2024-04-15 11:00:00,FX:EURCAD,1.4631100000000001,1.46377,1.4629400000000001,1.46358,4806.0
2024-04-15 11:15:00,FX:EURCAD,1.46358,1.464,1.46295,1.46378,4120.0
2024-04-15 11:30:00,FX:EURCAD,1.46378,1.46395,1.4631800000000001,1.46319,4471.0
2024-04-15 11:45:00,FX:EURCAD,1.46319,1.4638600000000002,1.4631,1.4637,3239.0
2024-04-15 12:00:00,FX:EURCAD,1.4637,1.46412,1.46346,1.46346,2800.0
2024-04-15 12:15:00,FX:EURCAD,1.46346,1.46438,1.4634500000000001,1.46428,3080.0
2024-04-15 12:30:00,FX:EURCAD,1.46428,1.46442,1.46376,1.4641,3553.0
2024-04-15 12:45:00,FX:EURCAD,1.4641,1.46428,1.46363,1.46366,3370.0
2024-04-15 13:00:00,FX:EURCAD,1.46366,1.4642,1.4634500000000001,1.46357,2975.0
2024-04-15 13:15:00,FX:EURCAD,1.46357,1.46439,1.46339,1.46429,4338.0
2024-04-15 13:30:00,FX:EURCAD,1.46429,1.46438,1.46391,1.4639900000000001,4708.0
2024-04-15 13:45:00,FX:EURCAD,1.4639900000000001,1.4643300000000001,1.4637900000000001,1.46391,3516.0
2024-04-15 14:00:00,FX:EURCAD,1.46391,1.46479,1.46384,1.46478,3924.0
2024-04-15 14:15:00,FX:EURCAD,1.46478,1.46515,1.46469,1.46492,3191.0
2024-04-15 14:30:00,FX:EURCAD,1.46492,1.46514,1.46468,1.4648400000000001,3208.0
2024-04-15 14:45:00,FX:EURCAD,1.4648400000000001,1.4652500000000002,1.46466,1.46522,2749.0
2024-04-15 15:00:00,FX:EURCAD,1.46522,1.4653100000000001,1.46479,1.46485,2890.0
2024-04-15 15:15:00,FX:EURCAD,1.46485,1.46497,1.4646000000000001,1.46489,2520.0
2024-04-15 15:30:00,FX:EURCAD,1.46489,1.46503,1.4647400000000002,1.46493,2611.0
2024-04-15 15:45:00,FX:EURCAD,1.46493,1.46495,1.46451,1.4648,2359.0
2024-04-15 16:00:00,FX:EURCAD,1.4648,1.4648400000000001,1.4644300000000001,1.46445,1162.0
2024-04-15 16:15:00,FX:EURCAD,1.46445,1.46495,1.46438,1.4649100000000002,760.0
2024-04-15 16:30:00,FX:EURCAD,1.4649100000000002,1.4652,1.46486,1.4649400000000001,900.0
2024-04-15 16:45:00,FX:EURCAD,1.4649400000000001,1.46513,1.4644700000000002,1.46466,999.0
2024-04-15 17:00:00,FX:EURCAD,1.46466,1.46489,1.46445,1.46453,304.0
2024-04-15 17:15:00,FX:EURCAD,1.46453,1.46471,1.46432,1.4644700000000002,403.0
2024-04-15 17:30:00,FX:EURCAD,1.4644700000000002,1.46482,1.4643000000000002,1.4647700000000001,1105.0
2024-04-15 17:45:00,FX:EURCAD,1.4647700000000001,1.4649100000000002,1.46465,1.46476,1228.0
2024-04-15 18:00:00,FX:EURCAD,1.46476,1.46513,1.46471,1.46479,444.0
2024-04-15 18:15:00,FX:EURCAD,1.46479,1.46498,1.46473,1.46483,275.0
2024-04-15 18:30:00,FX:EURCAD,1.46483,1.46497,1.4648,1.46489,244.0
2024-04-15 18:45:00,FX:EURCAD,1.46489,1.46499,1.4647700000000001,1.4648400000000001,351.0
2024-04-15 19:00:00,FX:EURCAD,1.4648400000000001,1.4650400000000001,1.46482,1.46493,738.0
2024-04-15 19:15:00,FX:EURCAD,1.46493,1.46503,1.4648700000000001,1.46495,730.0
2024-04-15 19:30:00,FX:EURCAD,1.46495,1.46496,1.4648400000000001,1.4649100000000002,585.0
2024-04-15 19:45:00,FX:EURCAD,1.4649100000000002,1.46503,1.46473,1.46478,749.0
2024-04-15 20:00:00,FX:EURCAD,1.46478,1.46492,1.46442,1.4647400000000002,1668.0
2024-04-15 20:15:00,FX:EURCAD,1.4647400000000002,1.46486,1.4646000000000001,1.46481,1410.0
2024-04-15 20:30:00,FX:EURCAD,1.46481,1.4648700000000001,1.46458,1.46478,1465.0
2024-04-15 20:45:00,FX:EURCAD,1.46478,1.46509,1.46462,1.4647400000000002,1255.0
2024-04-15 21:00:00,FX:EURCAD,1.4647400000000002,1.46476,1.46421,1.4644000000000001,1759.0
2024-04-15 21:15:00,FX:EURCAD,1.4644000000000001,1.4652800000000001,1.46392,1.46486,3955.0
2024-04-15 21:30:00,FX:EURCAD,1.46486,1.46517,1.4647400000000002,1.46481,2058.0
2024-04-15 21:45:00,FX:EURCAD,1.46481,1.4653500000000002,1.4648,1.4650100000000001,1748.0
2024-04-15 22:00:00,FX:EURCAD,1.4650100000000001,1.4652500000000002,1.46483,1.46509,2219.0
2024-04-15 22:15:00,FX:EURCAD,1.46509,1.46546,1.46505,1.4653500000000002,1902.0
2024-04-15 22:30:00,FX:EURCAD,1.4653500000000002,1.4654,1.4648,1.4649400000000001,2158.0
2024-04-15 22:45:00,FX:EURCAD,1.4649400000000001,1.46502,1.46459,1.4648,1645.0
2024-04-15 23:00:00,FX:EURCAD,1.4648,1.4649400000000001,1.46461,1.46481,1380.0
2024-04-15 23:15:00,FX:EURCAD,1.46481,1.46495,1.4646400000000002,1.46488,1242.0
2024-04-15 23:30:00,FX:EURCAD,1.46488,1.46523,1.46454,1.46468,1218.0
2024-04-15 23:45:00,FX:EURCAD,1.46468,1.46478,1.46454,1.46462,1239.0
2024-04-16 00:00:00,FX:EURCAD,1.46462,1.4647400000000002,1.46448,1.46455,995.0
2024-04-16 00:15:00,FX:EURCAD,1.46455,1.46468,1.46446,1.46468,835.0
2024-04-16 00:30:00,FX:EURCAD,1.46468,1.4647700000000001,1.46441,1.46442,1030.0
2024-04-16 00:45:00,FX:EURCAD,1.46442,1.46461,1.46441,1.46444,1020.0
2024-04-16 01:00:00,FX:EURCAD,1.46444,1.4645000000000001,1.4641300000000002,1.46439,1677.0
2024-04-16 01:15:00,FX:EURCAD,1.46439,1.4645000000000001,1.46417,1.4644000000000001,1178.0
2024-04-16 01:30:00,FX:EURCAD,1.4644000000000001,1.46472,1.46425,1.46446,1697.0
2024-04-16 01:45:00,FX:EURCAD,1.46446,1.46466,1.46435,1.46461,2130.0
2024-04-16 02:00:00,FX:EURCAD,1.46461,1.4649,1.46397,1.4641600000000001,3170.0
2024-04-16 02:15:00,FX:EURCAD,1.4641600000000001,1.46441,1.46395,1.46412,2657.0
2024-04-16 02:30:00,FX:EURCAD,1.46412,1.46505,1.46375,1.46499,3292.0
2024-04-16 02:45:00,FX:EURCAD,1.46499,1.4651100000000001,1.46458,1.46483,2681.0
2024-04-16 03:00:00,FX:EURCAD,1.46483,1.46503,1.46431,1.46458,4710.0
2024-04-16 03:15:00,FX:EURCAD,1.46458,1.46503,1.46428,1.46438,4551.0
2024-04-16 03:30:00,FX:EURCAD,1.46438,1.46468,1.46401,1.46441,3585.0
2024-04-16 03:45:00,FX:EURCAD,1.46441,1.46505,1.4642,1.46479,4277.0
2024-04-16 04:00:00,FX:EURCAD,1.46479,1.46566,1.46475,1.4650100000000001,4063.0
2024-04-16 04:15:00,FX:EURCAD,1.4650100000000001,1.46524,1.4641300000000002,1.46424,2733.0
2024-04-16 04:30:00,FX:EURCAD,1.46424,1.46515,1.46421,1.46506,2568.0
2024-04-16 04:45:00,FX:EURCAD,1.46506,1.4652800000000001,1.46461,1.4647000000000001,3017.0
2024-04-16 05:00:00,FX:EURCAD,1.4647000000000001,1.4661600000000001,1.46468,1.46612,3621.0
2024-04-16 05:15:00,FX:EURCAD,1.46612,1.46636,1.4652100000000001,1.46534,3507.0
2024-04-16 05:30:00,FX:EURCAD,1.46534,1.46583,1.46516,1.46577,3213.0
2024-04-16 05:45:00,FX:EURCAD,1.46577,1.4661,1.4656200000000001,1.4659600000000002,2486.0
2024-04-16 06:00:00,FX:EURCAD,1.4659600000000002,1.46655,1.46594,1.46624,2510.0
2024-04-16 06:15:00,FX:EURCAD,1.46624,1.46649,1.46597,1.4664700000000002,2545.0
2024-04-16 06:30:00,FX:EURCAD,1.4664700000000002,1.4664700000000002,1.46584,1.46588,2963.0
2024-04-16 06:45:00,FX:EURCAD,1.46588,1.46635,1.46588,1.4660600000000001,2195.0
2024-04-16 07:00:00,FX:EURCAD,1.4660600000000001,1.46661,1.46601,1.46652,2273.0
2024-04-16 07:15:00,FX:EURCAD,1.46652,1.4666700000000001,1.4662600000000001,1.46635,2338.0
2024-04-16 07:30:00,FX:EURCAD,1.46635,1.46635,1.4658,1.46602,2735.0
2024-04-16 07:45:00,FX:EURCAD,1.46602,1.46665,1.4658900000000001,1.4661,2989.0
2024-04-16 08:00:00,FX:EURCAD,1.4661,1.46703,1.46608,1.46686,2601.0
2024-04-16 08:15:00,FX:EURCAD,1.46686,1.4673100000000001,1.46583,1.4659200000000001,2965.0
2024-04-16 08:30:00,FX:EURCAD,1.4659200000000001,1.47171,1.4659,1.4702600000000001,6479.0
2024-04-16 08:45:00,FX:EURCAD,1.4702600000000001,1.47092,1.46967,1.4699900000000001,5157.0
2024-04-16 09:00:00,FX:EURCAD,1.4699900000000001,1.47082,1.46978,1.4697900000000002,6475.0
2024-04-16 09:15:00,FX:EURCAD,1.4697900000000002,1.47034,1.46949,1.47014,5362.0
2024-04-16 09:30:00,FX:EURCAD,1.47014,1.47173,1.47002,1.4709,11095.0
2024-04-16 09:45:00,FX:EURCAD,1.4709,1.47146,1.4703000000000002,1.4712800000000001,7663.0
2024-04-16 10:00:00,FX:EURCAD,1.4712800000000001,1.4729100000000002,1.4712100000000001,1.47184,7718.0
2024-04-16 10:15:00,FX:EURCAD,1.47184,1.47207,1.47065,1.4708700000000001,6869.0
2024-04-16 10:30:00,FX:EURCAD,1.4708700000000001,1.47115,1.4703000000000002,1.47048,6507.0
2024-04-16 10:45:00,FX:EURCAD,1.47048,1.47092,1.46981,1.4700900000000001,5599.0
2024-04-16 11:00:00,FX:EURCAD,1.4700900000000001,1.4703600000000001,1.4693800000000001,1.4698,5030.0
2024-04-16 11:15:00,FX:EURCAD,1.4698,1.4700600000000001,1.46881,1.4690800000000002,4379.0
2024-04-16 11:30:00,FX:EURCAD,1.4690800000000002,1.46912,1.46807,1.46821,4143.0
2024-04-16 11:45:00,FX:EURCAD,1.46821,1.46943,1.46808,1.46937,3769.0
2024-04-16 12:00:00,FX:EURCAD,1.46937,1.4693800000000001,1.4681600000000001,1.46871,3915.0
2024-04-16 12:15:00,FX:EURCAD,1.46871,1.46886,1.4679,1.46832,3421.0
2024-04-16 12:30:00,FX:EURCAD,1.46832,1.46838,1.46793,1.46819,2914.0
2024-04-16 12:45:00,FX:EURCAD,1.46819,1.46886,1.46803,1.46862,3936.0
2024-04-16 13:00:00,FX:EURCAD,1.46862,1.46876,1.46828,1.46841,3453.0
2024-04-16 13:15:00,FX:EURCAD,1.46841,1.46848,1.46763,1.46763,2578.0
2024-04-16 13:30:00,FX:EURCAD,1.46763,1.4681600000000001,1.4672500000000002,1.46795,11068.0
2024-04-16 13:45:00,FX:EURCAD,1.46795,1.46814,1.4675500000000001,1.4678200000000001,6281.0
2024-04-16 14:00:00,FX:EURCAD,1.4678200000000001,1.46812,1.46733,1.46764,6526.0
2024-04-16 14:15:00,FX:EURCAD,1.46764,1.4681,1.46746,1.46773,7385.0
2024-04-16 14:30:00,FX:EURCAD,1.46773,1.46845,1.46764,1.46814,5786.0
2024-04-16 14:45:00,FX:EURCAD,1.46814,1.46839,1.46777,1.46805,4182.0
2024-04-16 15:00:00,FX:EURCAD,1.46805,1.46815,1.46763,1.46787,3309.0
2024-04-16 15:15:00,FX:EURCAD,1.46787,1.46804,1.46758,1.46787,2405.0
2024-04-16 15:30:00,FX:EURCAD,1.46787,1.46821,1.46778,1.46787,3157.0
2024-04-16 15:45:00,FX:EURCAD,1.46787,1.4678900000000001,1.46732,1.4676900000000002,2560.0
2024-04-16 16:00:00,FX:EURCAD,1.4676900000000002,1.46802,1.4675500000000001,1.4679900000000001,898.0
2024-04-16 16:15:00,FX:EURCAD,1.4679900000000001,1.4682300000000001,1.46785,1.46802,736.0
2024-04-16 16:30:00,FX:EURCAD,1.46802,1.46831,1.46791,1.46827,829.0
2024-04-16 16:45:00,FX:EURCAD,1.46827,1.46866,1.4681600000000001,1.4682300000000001,1331.0
2024-04-16 17:00:00,FX:EURCAD,1.4682300000000001,1.4682300000000001,1.46719,1.46746,72.0
2024-04-16 17:15:00,FX:EURCAD,1.46746,1.46834,1.46719,1.46805,562.0
2024-04-16 17:30:00,FX:EURCAD,1.46805,1.46835,1.4676,1.46781,1392.0
2024-04-16 17:45:00,FX:EURCAD,1.46781,1.4682600000000001,1.46751,1.4679900000000001,2093.0
2024-04-16 18:00:00,FX:EURCAD,1.4679900000000001,1.4681300000000002,1.46698,1.4676200000000001,1012.0
2024-04-16 18:15:00,FX:EURCAD,1.4676200000000001,1.46781,1.46754,1.46776,263.0
2024-04-16 18:30:00,FX:EURCAD,1.46776,1.4677900000000002,1.4676,1.46771,249.0
2024-04-16 18:45:00,FX:EURCAD,1.46771,1.468,1.4674800000000001,1.46788,990.0
2024-04-16 19:00:00,FX:EURCAD,1.46788,1.46811,1.4678200000000001,1.4680900000000001,492.0
2024-04-16 19:15:00,FX:EURCAD,1.4680900000000001,1.46831,1.46807,1.46819,820.0
2024-04-16 19:30:00,FX:EURCAD,1.46819,1.46827,1.46793,1.46797,553.0
2024-04-16 19:45:00,FX:EURCAD,1.46797,1.46802,1.46758,1.4677,765.0
2024-04-16 20:00:00,FX:EURCAD,1.4677,1.4677900000000002,1.4673,1.46749,1601.0
2024-04-16 20:15:00,FX:EURCAD,1.46749,1.46791,1.46746,1.46787,1607.0
2024-04-16 20:30:00,FX:EURCAD,1.46787,1.46821,1.4678600000000002,1.46798,1452.0
2024-04-16 20:45:00,FX:EURCAD,1.46798,1.46835,1.4679600000000002,1.46819,1281.0
2024-04-16 21:00:00,FX:EURCAD,1.46819,1.46849,1.4681,1.46824,1762.0
2024-04-16 21:15:00,FX:EURCAD,1.46824,1.46838,1.46802,1.46834,2514.0
2024-04-16 21:30:00,FX:EURCAD,1.46834,1.46856,1.46807,1.46827,2362.0
2024-04-16 21:45:00,FX:EURCAD,1.46827,1.46852,1.46822,1.46834,2066.0
2024-04-16 22:00:00,FX:EURCAD,1.46834,1.46886,1.46825,1.4685000000000001,2131.0
2024-04-16 22:15:00,FX:EURCAD,1.4685000000000001,1.469,1.46846,1.46879,1709.0
2024-04-16 22:30:00,FX:EURCAD,1.46879,1.46888,1.46848,1.46871,1650.0
2024-04-16 22:45:00,FX:EURCAD,1.46871,1.46896,1.46865,1.46889,1747.0
2024-04-16 23:00:00,FX:EURCAD,1.46889,1.46896,1.46864,1.46872,1356.0
2024-04-16 23:15:00,FX:EURCAD,1.46872,1.46882,1.4685700000000002,1.46859,1034.0
2024-04-16 23:30:00,FX:EURCAD,1.46859,1.46883,1.46854,1.46882,1220.0
2024-04-16 23:45:00,FX:EURCAD,1.46882,1.46882,1.46855,1.46859,920.0
2024-04-17 00:00:00,FX:EURCAD,1.46859,1.46892,1.46848,1.46873,1048.0
2024-04-17 00:15:00,FX:EURCAD,1.46873,1.46889,1.4686700000000001,1.4687400000000002,901.0
2024-04-17 00:30:00,FX:EURCAD,1.4687400000000002,1.46881,1.46844,1.46851,1097.0
2024-04-17 00:45:00,FX:EURCAD,1.46851,1.46851,1.46828,1.4683300000000001,763.0
2024-04-17 01:00:00,FX:EURCAD,1.4683300000000001,1.46842,1.4679900000000001,1.46805,1916.0
2024-04-17 01:15:00,FX:EURCAD,1.46805,1.4683300000000001,1.4678600000000002,1.46798,1370.0
2024-04-17 01:30:00,FX:EURCAD,1.46798,1.46798,1.4674500000000001,1.4677900000000002,1727.0
2024-04-17 01:45:00,FX:EURCAD,1.4677900000000002,1.46793,1.4675200000000002,1.46771,2144.0
2024-04-17 02:00:00,FX:EURCAD,1.46771,1.4681,1.4672800000000001,1.4679900000000001,5021.0
2024-04-17 02:15:00,FX:EURCAD,1.4679900000000001,1.46825,1.4674800000000001,1.46751,3027.0
2024-04-17 02:30:00,FX:EURCAD,1.46751,1.4688,1.46746,1.46807,2818.0
2024-04-17 02:45:00,FX:EURCAD,1.46807,1.46873,1.46797,1.46824,4524.0
2024-04-17 03:00:00,FX:EURCAD,1.46824,1.46861,1.46791,1.46836,4519.0
2024-04-17 03:15:00,FX:EURCAD,1.46836,1.46842,1.4675200000000002,1.46831,3407.0
2024-04-17 03:30:00,FX:EURCAD,1.46831,1.4690800000000002,1.46808,1.46873,3013.0
2024-04-17 03:45:00,FX:EURCAD,1.46873,1.46873,1.46777,1.46778,3222.0
2024-04-17 04:00:00,FX:EURCAD,1.46778,1.46837,1.4676500000000001,1.4681300000000002,3072.0
2024-04-17 04:15:00,FX:EURCAD,1.4681300000000002,1.46922,1.46804,1.4689100000000002,3825.0
2024-04-17 04:30:00,FX:EURCAD,1.4689100000000002,1.46983,1.46886,1.46974,3221.0
2024-04-17 04:45:00,FX:EURCAD,1.46974,1.4699,1.46883,1.46899,2596.0
2024-04-17 05:00:00,FX:EURCAD,1.46899,1.4694,1.46879,1.46923,4463.0
2024-04-17 05:15:00,FX:EURCAD,1.46923,1.4696,1.46905,1.46953,3241.0
2024-04-17 05:30:00,FX:EURCAD,1.46953,1.46971,1.4689400000000001,1.4692800000000001,2694.0
2024-04-17 05:45:00,FX:EURCAD,1.4692800000000001,1.46961,1.46897,1.4691400000000001,2280.0
2024-04-17 06:00:00,FX:EURCAD,1.4691400000000001,1.46957,1.4691400000000001,1.46947,2609.0
2024-04-17 06:15:00,FX:EURCAD,1.46947,1.46966,1.4693500000000002,1.4695500000000001,1656.0
2024-04-17 06:30:00,FX:EURCAD,1.4695500000000001,1.46967,1.46923,1.4693500000000002,1977.0
2024-04-17 06:45:00,FX:EURCAD,1.4693500000000002,1.46946,1.46889,1.4692,1515.0
2024-04-17 07:00:00,FX:EURCAD,1.4692,1.46985,1.4690400000000001,1.46947,2388.0
2024-04-17 07:15:00,FX:EURCAD,1.46947,1.4696500000000001,1.4691400000000001,1.4692,2033.0
2024-04-17 07:30:00,FX:EURCAD,1.4692,1.46924,1.46875,1.4688700000000001,2134.0
2024-04-17 07:45:00,FX:EURCAD,1.4688700000000001,1.46892,1.46832,1.46872,2389.0
2024-04-17 08:00:00,FX:EURCAD,1.46872,1.46961,1.46872,1.4694500000000001,3889.0
2024-04-17 08:15:00,FX:EURCAD,1.4694500000000001,1.46947,1.46863,1.46875,3260.0
2024-04-17 08:30:00,FX:EURCAD,1.46875,1.4688400000000001,1.4682300000000001,1.46837,3425.0
2024-04-17 08:45:00,FX:EURCAD,1.46837,1.46869,1.46811,1.46846,2980.0
2024-04-17 09:00:00,FX:EURCAD,1.46846,1.46939,1.46837,1.46913,3512.0
2024-04-17 09:15:00,FX:EURCAD,1.46913,1.4693,1.46875,1.46905,3495.0
2024-04-17 09:30:00,FX:EURCAD,1.46905,1.46912,1.46774,1.46836,6212.0
2024-04-17 09:45:00,FX:EURCAD,1.46836,1.4684300000000001,1.46716,1.4674,5211.0
2024-04-17 10:00:00,FX:EURCAD,1.4674,1.4682,1.4670800000000002,1.4673800000000001,5534.0
2024-04-17 10:15:00,FX:EURCAD,1.4673800000000001,1.4681300000000002,1.4669400000000001,1.46697,4578.0
2024-04-17 10:30:00,FX:EURCAD,1.46697,1.46742,1.46688,1.46739,4673.0
2024-04-17 10:45:00,FX:EURCAD,1.46739,1.46855,1.4673800000000001,1.4682600000000001,5036.0
2024-04-17 11:00:00,FX:EURCAD,1.4682600000000001,1.46851,1.46757,1.46787,4567.0
2024-04-17 11:15:00,FX:EURCAD,1.46787,1.4686700000000001,1.4676200000000001,1.46866,4456.0
2024-04-17 11:30:00,FX:EURCAD,1.46866,1.46942,1.46858,1.46912,4780.0
2024-04-17 11:45:00,FX:EURCAD,1.46912,1.4694500000000001,1.4687700000000001,1.46929,3840.0
2024-04-17 12:00:00,FX:EURCAD,1.46929,1.4701600000000001,1.46919,1.4698,4883.0
2024-04-17 12:15:00,FX:EURCAD,1.4698,1.47064,1.4696200000000001,1.4705700000000002,4563.0
2024-04-17 12:30:00,FX:EURCAD,1.4705700000000002,1.4710800000000002,1.4699600000000002,1.47082,4389.0
2024-04-17 12:45:00,FX:EURCAD,1.47082,1.47092,1.47014,1.4701600000000001,4009.0
2024-04-17 13:00:00,FX:EURCAD,1.4701600000000001,1.47029,1.4698,1.4699,5395.0
2024-04-17 13:15:00,FX:EURCAD,1.4699,1.46993,1.46936,1.46943,3981.0
2024-04-17 13:30:00,FX:EURCAD,1.46943,1.47007,1.4691800000000002,1.46947,2951.0
2024-04-17 13:45:00,FX:EURCAD,1.46947,1.46987,1.4694,1.46985,2938.0
2024-04-17 14:00:00,FX:EURCAD,1.46985,1.47002,1.46956,1.46991,3439.0
2024-04-17 14:15:00,FX:EURCAD,1.46991,1.4700900000000001,1.46961,1.46964,4050.0
2024-04-17 14:30:00,FX:EURCAD,1.46964,1.46977,1.4689400000000001,1.46909,3496.0
2024-04-17 14:45:00,FX:EURCAD,1.46909,1.4697,1.46902,1.46937,4250.0
2024-04-17 15:00:00,FX:EURCAD,1.46937,1.46997,1.46925,1.4698,3811.0
2024-04-17 15:15:00,FX:EURCAD,1.4698,1.46993,1.4695500000000001,1.4697500000000001,3057.0
2024-04-17 15:30:00,FX:EURCAD,1.4697500000000001,1.4697900000000002,1.46946,1.4696200000000001,2923.0
2024-04-17 15:45:00,FX:EURCAD,1.4696200000000001,1.4697500000000001,1.46922,1.4696,3049.0
2024-04-17 16:00:00,FX:EURCAD,1.4696,1.46978,1.4694800000000001,1.46959,895.0
2024-04-17 16:15:00,FX:EURCAD,1.46959,1.46988,1.4695500000000001,1.4696,498.0
2024-04-17 16:30:00,FX:EURCAD,1.4696,1.46985,1.46957,1.4697900000000002,620.0
2024-04-17 16:45:00,FX:EURCAD,1.4697900000000002,1.47004,1.46967,1.46971,1115.0
2024-04-17 17:00:00,FX:EURCAD,1.46971,1.4697200000000001,1.46927,1.46941,330.0
2024-04-17 17:15:00,FX:EURCAD,1.46941,1.4695200000000002,1.46821,1.46831,1301.0
2024-04-17 17:30:00,FX:EURCAD,1.46831,1.4693,1.46803,1.4692100000000001,1163.0
2024-04-17 17:45:00,FX:EURCAD,1.4692100000000001,1.46933,1.46885,1.46929,1045.0
2024-04-17 18:00:00,FX:EURCAD,1.46929,1.46986,1.46929,1.46976,1070.0
2024-04-17 18:15:00,FX:EURCAD,1.46976,1.46978,1.46937,1.4695200000000002,345.0
2024-04-17 18:30:00,FX:EURCAD,1.4695200000000002,1.46961,1.46937,1.4694800000000001,402.0
2024-04-17 18:45:00,FX:EURCAD,1.4694800000000001,1.4697,1.46946,1.46966,278.0
2024-04-17 19:00:00,FX:EURCAD,1.46966,1.46977,1.46946,1.46949,763.0
2024-04-17 19:15:00,FX:EURCAD,1.46949,1.4696500000000001,1.4694500000000001,1.4695500000000001,985.0
2024-04-17 19:30:00,FX:EURCAD,1.4695500000000001,1.46956,1.4692,1.46926,573.0
2024-04-17 19:45:00,FX:EURCAD,1.46926,1.46941,1.46913,1.46923,1034.0
2024-04-17 20:00:00,FX:EURCAD,1.46923,1.4693,1.46881,1.46885,1626.0
2024-04-17 20:15:00,FX:EURCAD,1.46885,1.46917,1.46881,1.4691,1040.0
2024-04-17 20:30:00,FX:EURCAD,1.4691,1.4691400000000001,1.46878,1.46888,944.0
2024-04-17 20:45:00,FX:EURCAD,1.46888,1.4692,1.46878,1.46909,1326.0
2024-04-17 21:00:00,FX:EURCAD,1.46909,1.4691800000000002,1.4686000000000001,1.46865,2021.0
2024-04-17 21:15:00,FX:EURCAD,1.46865,1.46868,1.46835,1.46851,2110.0
2024-04-17 21:30:00,FX:EURCAD,1.46851,1.46886,1.4682600000000001,1.46849,2361.0
2024-04-17 21:45:00,FX:EURCAD,1.46849,1.46885,1.46832,1.46878,1886.0
2024-04-17 22:00:00,FX:EURCAD,1.46878,1.46886,1.46834,1.46854,2111.0
2024-04-17 22:15:00,FX:EURCAD,1.46854,1.46861,1.46817,1.4683000000000002,2366.0
2024-04-17 22:30:00,FX:EURCAD,1.4683000000000002,1.46856,1.46829,1.4684300000000001,1730.0
2024-04-17 22:45:00,FX:EURCAD,1.4684300000000001,1.46886,1.46836,1.46878,1591.0
2024-04-17 23:00:00,FX:EURCAD,1.46878,1.46886,1.46845,1.46868,1491.0
2024-04-17 23:15:00,FX:EURCAD,1.46868,1.46883,1.4685000000000001,1.46855,1007.0
2024-04-17 23:30:00,FX:EURCAD,1.46855,1.4686700000000001,1.46836,1.46849,1256.0
2024-04-17 23:45:00,FX:EURCAD,1.46849,1.46856,1.4683300000000001,1.46841,1063.0
2024-04-18 00:00:00,FX:EURCAD,1.46841,1.46852,1.46832,1.46839,959.0
2024-04-18 00:15:00,FX:EURCAD,1.46839,1.4684300000000001,1.46821,1.46832,613.0
2024-04-18 00:30:00,FX:EURCAD,1.46832,1.46851,1.46828,1.46835,963.0
2024-04-18 00:45:00,FX:EURCAD,1.46835,1.46856,1.4682300000000001,1.46855,638.0
2024-04-18 01:00:00,FX:EURCAD,1.46855,1.46873,1.46852,1.46868,1516.0
2024-04-18 01:15:00,FX:EURCAD,1.46868,1.4688400000000001,1.46846,1.46873,1974.0
2024-04-18 01:30:00,FX:EURCAD,1.46873,1.46899,1.4685000000000001,1.4688700000000001,1965.0
2024-04-18 01:45:00,FX:EURCAD,1.4688700000000001,1.46909,1.46859,1.46879,1662.0
2024-04-18 02:00:00,FX:EURCAD,1.46879,1.46933,1.4687000000000001,1.46902,2461.0
2024-04-18 02:15:00,FX:EURCAD,1.46902,1.4692800000000001,1.46876,1.46906,2069.0
2024-04-18 02:30:00,FX:EURCAD,1.46906,1.46912,1.46886,1.4690800000000002,2078.0
2024-04-18 02:45:00,FX:EURCAD,1.4690800000000002,1.46916,1.46858,1.46881,3198.0
2024-04-18 03:00:00,FX:EURCAD,1.46881,1.4693800000000001,1.46875,1.4690800000000002,3605.0
2024-04-18 03:15:00,FX:EURCAD,1.4690800000000002,1.46934,1.46871,1.46925,3534.0
2024-04-18 03:30:00,FX:EURCAD,1.46925,1.4696200000000001,1.46878,1.46939,3432.0
2024-04-18 03:45:00,FX:EURCAD,1.46939,1.4697,1.4693100000000001,1.46937,3064.0
2024-04-18 04:00:00,FX:EURCAD,1.46937,1.4695200000000002,1.4687700000000001,1.46907,3737.0
2024-04-18 04:15:00,FX:EURCAD,1.46907,1.4691800000000002,1.4683300000000001,1.46836,2851.0
2024-04-18 04:30:00,FX:EURCAD,1.46836,1.4685700000000002,1.46812,1.46844,2979.0
2024-04-18 04:45:00,FX:EURCAD,1.46844,1.4687400000000002,1.46831,1.46865,2211.0
2024-04-18 05:00:00,FX:EURCAD,1.46865,1.4691100000000001,1.4686000000000001,1.46892,2344.0
2024-04-18 05:15:00,FX:EURCAD,1.46892,1.4693100000000001,1.46876,1.46913,2766.0
2024-04-18 05:30:00,FX:EURCAD,1.46913,1.4691400000000001,1.4679600000000002,1.4679900000000001,2339.0
2024-04-18 05:45:00,FX:EURCAD,1.4679900000000001,1.46819,1.46783,1.4679200000000001,1798.0
2024-04-18 06:00:00,FX:EURCAD,1.4679200000000001,1.46839,1.4678900000000001,1.46834,2212.0
2024-04-18 06:15:00,FX:EURCAD,1.46834,1.46844,1.4680900000000001,1.4683300000000001,1899.0
2024-04-18 06:30:00,FX:EURCAD,1.4683300000000001,1.46837,1.46803,1.46829,1796.0
2024-04-18 06:45:00,FX:EURCAD,1.46829,1.46876,1.46818,1.46869,2160.0
2024-04-18 07:00:00,FX:EURCAD,1.46869,1.46895,1.46821,1.4683300000000001,2032.0
2024-04-18 07:15:00,FX:EURCAD,1.4683300000000001,1.46856,1.46805,1.46825,2424.0
2024-04-18 07:30:00,FX:EURCAD,1.46825,1.46834,1.46781,1.46807,2251.0
2024-04-18 07:45:00,FX:EURCAD,1.46807,1.46829,1.46747,1.4682300000000001,1755.0
2024-04-18 08:00:00,FX:EURCAD,1.4682300000000001,1.4687400000000002,1.46807,1.46859,2817.0
2024-04-18 08:15:00,FX:EURCAD,1.46859,1.46869,1.46744,1.46811,3140.0
2024-04-18 08:30:00,FX:EURCAD,1.46811,1.46825,1.46714,1.4674,8680.0
2024-04-18 08:45:00,FX:EURCAD,1.4674,1.46761,1.4665300000000001,1.46655,6527.0
2024-04-18 09:00:00,FX:EURCAD,1.46655,1.4667700000000001,1.46581,1.4662600000000001,6374.0
2024-04-18 09:15:00,FX:EURCAD,1.4662600000000001,1.467,1.46602,1.46635,4597.0
2024-04-18 09:30:00,FX:EURCAD,1.46635,1.46726,1.46573,1.46611,7920.0
2024-04-18 09:45:00,FX:EURCAD,1.46611,1.46629,1.46539,1.46578,7271.0
2024-04-18 10:00:00,FX:EURCAD,1.46578,1.46693,1.4657200000000001,1.4663000000000002,6417.0
2024-04-18 10:15:00,FX:EURCAD,1.4663000000000002,1.46679,1.46597,1.4666000000000001,5003.0
2024-04-18 10:30:00,FX:EURCAD,1.4666000000000001,1.46685,1.4663300000000001,1.46642,4938.0
2024-04-18 10:45:00,FX:EURCAD,1.46642,1.46648,1.46536,1.4654800000000001,5155.0
2024-04-18 11:00:00,FX:EURCAD,1.4654800000000001,1.46673,1.46543,1.46608,4259.0
2024-04-18 11:15:00,FX:EURCAD,1.46608,1.46636,1.4657,1.4659,3284.0
2024-04-18 11:30:00,FX:EURCAD,1.4659,1.4664000000000001,1.4657900000000001,1.4662300000000001,3274.0
2024-04-18 11:45:00,FX:EURCAD,1.4662300000000001,1.46663,1.46612,1.46639,3026.0
2024-04-18 12:00:00,FX:EURCAD,1.46639,1.4666700000000001,1.4659600000000002,1.46661,3296.0
2024-04-18 12:15:00,FX:EURCAD,1.46661,1.46675,1.46602,1.4663300000000001,2245.0
2024-04-18 12:30:00,FX:EURCAD,1.4663300000000001,1.46652,1.46591,1.46627,2706.0
2024-04-18 12:45:00,FX:EURCAD,1.46627,1.4665300000000001,1.46618,1.46631,2807.0
2024-04-18 13:00:00,FX:EURCAD,1.46631,1.46669,1.46624,1.46645,2999.0
2024-04-18 13:15:00,FX:EURCAD,1.46645,1.46685,1.46635,1.46656,3394.0
2024-04-18 13:30:00,FX:EURCAD,1.46656,1.46706,1.4664300000000001,1.46675,2990.0
2024-04-18 13:45:00,FX:EURCAD,1.46675,1.46709,1.46656,1.46682,3205.0
2024-04-18 14:00:00,FX:EURCAD,1.46682,1.467,1.46664,1.46686,3170.0
2024-04-18 14:15:00,FX:EURCAD,1.46686,1.46689,1.4659,1.4659,3055.0
2024-04-18 14:30:00,FX:EURCAD,1.4659,1.46642,1.4659,1.46604,2571.0
2024-04-18 14:45:00,FX:EURCAD,1.46604,1.46628,1.46601,1.4662,2121.0
2024-04-18 15:00:00,FX:EURCAD,1.4662,1.46627,1.4659,1.46602,2181.0
2024-04-18 15:15:00,FX:EURCAD,1.46602,1.46604,1.46549,1.46553,2054.0
2024-04-18 15:30:00,FX:EURCAD,1.46553,1.46568,1.4653500000000002,1.46542,1754.0
2024-04-18 15:45:00,FX:EURCAD,1.46542,1.4655,1.46515,1.46534,1896.0
2024-04-18 16:00:00,FX:EURCAD,1.46534,1.4654800000000001,1.46516,1.4653800000000001,1326.0
2024-04-18 16:15:00,FX:EURCAD,1.4653800000000001,1.46553,1.46527,1.46533,568.0
2024-04-18 16:30:00,FX:EURCAD,1.46533,1.46549,1.46513,1.4653100000000001,693.0
2024-04-18 16:45:00,FX:EURCAD,1.4653100000000001,1.46539,1.46472,1.4647700000000001,623.0
2024-04-18 17:00:00,FX:EURCAD,1.4647700000000001,1.46559,1.4647700000000001,1.46526,233.0
2024-04-18 17:15:00,FX:EURCAD,1.46526,1.46536,1.46506,1.46516,650.0
2024-04-18 17:30:00,FX:EURCAD,1.46516,1.46553,1.4650800000000002,1.4653100000000001,1125.0
2024-04-18 17:45:00,FX:EURCAD,1.4653100000000001,1.4655,1.4652500000000002,1.4653800000000001,1529.0
2024-04-18 18:00:00,FX:EURCAD,1.4653800000000001,1.46543,1.46516,1.4652100000000001,508.0
2024-04-18 18:15:00,FX:EURCAD,1.4652100000000001,1.46527,1.4651100000000001,1.46516,223.0
2024-04-18 18:30:00,FX:EURCAD,1.46516,1.46522,1.46502,1.46512,289.0
2024-04-18 18:45:00,FX:EURCAD,1.46512,1.46536,1.46503,1.46536,260.0
2024-04-18 19:00:00,FX:EURCAD,1.46536,1.46551,1.46533,1.46536,416.0
2024-04-18 19:15:00,FX:EURCAD,1.46536,1.46567,1.4653,1.46567,328.0
2024-04-18 19:30:00,FX:EURCAD,1.46567,1.46567,1.46541,1.46553,570.0
2024-04-18 19:45:00,FX:EURCAD,1.46553,1.4655500000000001,1.4654,1.4655,1176.0
2024-04-18 20:00:00,FX:EURCAD,1.4655,1.46564,1.4653500000000002,1.4655200000000002,1269.0
2024-04-18 20:15:00,FX:EURCAD,1.4655200000000002,1.46576,1.4654500000000001,1.46549,1764.0
2024-04-18 20:30:00,FX:EURCAD,1.46549,1.4658200000000001,1.46547,1.46578,1128.0
2024-04-18 20:45:00,FX:EURCAD,1.46578,1.4665000000000001,1.46575,1.4658600000000002,2432.0
2024-04-18 21:00:00,FX:EURCAD,1.4658600000000002,1.46595,1.46429,1.4645700000000001,4394.0
2024-04-18 21:15:00,FX:EURCAD,1.4645700000000001,1.46529,1.46438,1.4644300000000001,4023.0
2024-04-18 21:30:00,FX:EURCAD,1.4644300000000001,1.46493,1.4635500000000001,1.46431,7159.0
2024-04-18 21:45:00,FX:EURCAD,1.46431,1.46506,1.46407,1.4644300000000001,6667.0
2024-04-18 22:00:00,FX:EURCAD,1.4644300000000001,1.46514,1.46437,1.4645700000000001,5486.0
2024-04-18 22:15:00,FX:EURCAD,1.4645700000000001,1.4656,1.46419,1.46534,6722.0
2024-04-18 22:30:00,FX:EURCAD,1.46534,1.4656200000000001,1.46479,1.46536,5019.0
2024-04-18 22:45:00,FX:EURCAD,1.46536,1.46543,1.4644700000000002,1.46475,4716.0
2024-04-18 23:00:00,FX:EURCAD,1.46475,1.46534,1.46437,1.465,5722.0
2024-04-18 23:15:00,FX:EURCAD,1.465,1.46576,1.46483,1.46563,4217.0
2024-04-18 23:30:00,FX:EURCAD,1.46563,1.46594,1.4654800000000001,1.46559,3490.0
2024-04-18 23:45:00,FX:EURCAD,1.46559,1.4658600000000002,1.46533,1.46557,2774.0
2024-04-19 00:00:00,FX:EURCAD,1.46557,1.4658900000000001,1.46533,1.46541,2296.0
2024-04-19 00:15:00,FX:EURCAD,1.46541,1.46578,1.46534,1.4656,1831.0
2024-04-19 00:30:00,FX:EURCAD,1.4656,1.4657200000000001,1.46543,1.4656,1516.0
2024-04-19 00:45:00,FX:EURCAD,1.4656,1.46568,1.46514,1.4652,1268.0
2024-04-19 01:00:00,FX:EURCAD,1.4652,1.46561,1.46513,1.46515,1467.0
2024-04-19 01:15:00,FX:EURCAD,1.46515,1.46522,1.46468,1.46481,1378.0
2024-04-19 01:30:00,FX:EURCAD,1.46481,1.46502,1.46456,1.4648,2469.0
2024-04-19 01:45:00,FX:EURCAD,1.4648,1.4650100000000001,1.46469,1.46488,1958.0
2024-04-19 02:00:00,FX:EURCAD,1.46488,1.4660600000000001,1.46473,1.46553,4586.0
2024-04-19 02:15:00,FX:EURCAD,1.46553,1.46629,1.46544,1.46605,3009.0
2024-04-19 02:30:00,FX:EURCAD,1.46605,1.4661,1.46559,1.46577,4323.0
2024-04-19 02:45:00,FX:EURCAD,1.46577,1.4658900000000001,1.4648700000000001,1.46503,4165.0
2024-04-19 03:00:00,FX:EURCAD,1.46503,1.46524,1.4642300000000001,1.46449,6095.0
2024-04-19 03:15:00,FX:EURCAD,1.46449,1.46532,1.46415,1.46489,3887.0
2024-04-19 03:30:00,FX:EURCAD,1.46489,1.46505,1.46455,1.46499,3719.0
2024-04-19 03:45:00,FX:EURCAD,1.46499,1.46532,1.46471,1.46485,3018.0
2024-04-19 04:00:00,FX:EURCAD,1.46485,1.4656,1.46472,1.4652,3285.0
2024-04-19 04:15:00,FX:EURCAD,1.4652,1.46544,1.46471,1.46505,3101.0
2024-04-19 04:30:00,FX:EURCAD,1.46505,1.4654,1.46488,1.46499,3683.0
2024-04-19 04:45:00,FX:EURCAD,1.46499,1.4652100000000001,1.4647700000000001,1.46498,2665.0
2024-04-19 05:00:00,FX:EURCAD,1.46498,1.46573,1.46471,1.46556,3021.0
2024-04-19 05:15:00,FX:EURCAD,1.46556,1.4661,1.46522,1.46597,3296.0
2024-04-19 05:30:00,FX:EURCAD,1.46597,1.46624,1.4656900000000002,1.46602,2950.0
2024-04-19 05:45:00,FX:EURCAD,1.46602,1.46671,1.46598,1.46636,2720.0
2024-04-19 06:00:00,FX:EURCAD,1.46636,1.4667400000000002,1.466,1.46635,3162.0
2024-04-19 06:15:00,FX:EURCAD,1.46635,1.4668400000000001,1.46621,1.4665700000000002,2944.0
2024-04-19 06:30:00,FX:EURCAD,1.4665700000000002,1.4673,1.4665700000000002,1.4671,3058.0
2024-04-19 06:45:00,FX:EURCAD,1.4671,1.4671100000000001,1.4659200000000001,1.4661,2706.0
2024-04-19 07:00:00,FX:EURCAD,1.4661,1.46652,1.46585,1.466,2994.0
2024-04-19 07:15:00,FX:EURCAD,1.466,1.46651,1.46577,1.46631,2649.0
2024-04-19 07:30:00,FX:EURCAD,1.46631,1.46659,1.46564,1.4660900000000001,2627.0
2024-04-19 07:45:00,FX:EURCAD,1.4660900000000001,1.46656,1.46591,1.46605,2045.0
2024-04-19 08:00:00,FX:EURCAD,1.46605,1.46676,1.46581,1.4665000000000001,3622.0
2024-04-19 08:15:00,FX:EURCAD,1.4665000000000001,1.4665700000000002,1.46563,1.46598,4171.0
2024-04-19 08:30:00,FX:EURCAD,1.46598,1.46733,1.46581,1.46723,3818.0
2024-04-19 08:45:00,FX:EURCAD,1.46723,1.46747,1.46675,1.46727,3704.0
2024-04-19 09:00:00,FX:EURCAD,1.46727,1.46749,1.46682,1.46727,3329.0
2024-04-19 09:15:00,FX:EURCAD,1.46727,1.46803,1.46724,1.46773,3845.0
2024-04-19 09:30:00,FX:EURCAD,1.46773,1.4678,1.46651,1.46668,5766.0
2024-04-19 09:45:00,FX:EURCAD,1.46668,1.46696,1.46625,1.4664700000000002,4725.0
2024-04-19 10:00:00,FX:EURCAD,1.4664700000000002,1.46648,1.46463,1.46529,5547.0
2024-04-19 10:15:00,FX:EURCAD,1.46529,1.4658900000000001,1.46517,1.4652100000000001,4865.0
2024-04-19 10:30:00,FX:EURCAD,1.4652100000000001,1.46583,1.46493,1.4654,4628.0
2024-04-19 10:45:00,FX:EURCAD,1.4654,1.46564,1.46483,1.46486,5655.0
2024-04-19 11:00:00,FX:EURCAD,1.46486,1.46515,1.4639900000000001,1.4641300000000002,4525.0
2024-04-19 11:15:00,FX:EURCAD,1.4641300000000002,1.4653500000000002,1.4640600000000001,1.4652100000000001,3223.0
2024-04-19 11:30:00,FX:EURCAD,1.4652100000000001,1.4659200000000001,1.46505,1.46524,3979.0
2024-04-19 11:45:00,FX:EURCAD,1.46524,1.46529,1.46418,1.46436,3503.0
2024-04-19 12:00:00,FX:EURCAD,1.46436,1.46513,1.46434,1.46466,3332.0
2024-04-19 12:15:00,FX:EURCAD,1.46466,1.4647700000000001,1.4641300000000002,1.46428,3892.0
2024-04-19 12:30:00,FX:EURCAD,1.46428,1.4649100000000002,1.46422,1.4644300000000001,3305.0
2024-04-19 12:45:00,FX:EURCAD,1.4644300000000001,1.4644700000000002,1.4638900000000001,1.46392,2622.0
2024-04-19 13:00:00,FX:EURCAD,1.46392,1.46458,1.46392,1.46454,3080.0
2024-04-19 13:15:00,FX:EURCAD,1.46454,1.46471,1.46393,1.4641300000000002,2764.0
2024-04-19 13:30:00,FX:EURCAD,1.4641300000000002,1.46441,1.46395,1.46421,2521.0
2024-04-19 13:45:00,FX:EURCAD,1.46421,1.46431,1.46392,1.46421,2390.0
2024-04-19 14:00:00,FX:EURCAD,1.46421,1.46463,1.46411,1.46445,3320.0
2024-04-19 14:15:00,FX:EURCAD,1.46445,1.4648400000000001,1.46444,1.46476,2466.0
2024-04-19 14:30:00,FX:EURCAD,1.46476,1.46483,1.4645000000000001,1.4647000000000001,2885.0
2024-04-19 14:45:00,FX:EURCAD,1.4647000000000001,1.4650100000000001,1.46461,1.4646400000000002,3128.0
2024-04-19 15:00:00,FX:EURCAD,1.4646400000000002,1.46476,1.46436,1.46449,2042.0
2024-04-19 15:15:00,FX:EURCAD,1.46449,1.46476,1.46441,1.46476,2005.0
2024-04-19 15:30:00,FX:EURCAD,1.46476,1.46499,1.46454,1.46492,2358.0
2024-04-19 15:45:00,FX:EURCAD,1.46492,1.4651100000000001,1.4647700000000001,1.46497,2130.0
2024-04-19 16:00:00,FX:EURCAD,1.46497,1.4651,1.46473,1.46497,818.0
2024-04-19 16:15:00,FX:EURCAD,1.46497,1.46497,1.46471,1.4648,541.0
2024-04-19 16:30:00,FX:EURCAD,1.4648,1.4653800000000001,1.4648,1.46515,365.0
2024-04-19 16:45:00,FX:EURCAD,1.46515,1.4652500000000002,1.4641,1.46427,469.0
2024-04-21 17:00:00,FX:EURCAD,1.46427,1.46461,1.46324,1.46445,431.0
2024-04-21 17:15:00,FX:EURCAD,1.46445,1.4649,1.4633,1.46419,1044.0
2024-04-21 17:30:00,FX:EURCAD,1.46419,1.46454,1.46333,1.46449,736.0
2024-04-21 17:45:00,FX:EURCAD,1.46449,1.465,1.4641600000000001,1.46431,1064.0
2024-04-21 18:00:00,FX:EURCAD,1.46431,1.46533,1.4642,1.46519,951.0
2024-04-21 18:15:00,FX:EURCAD,1.46519,1.4652800000000001,1.46497,1.46509,393.0
2024-04-21 18:30:00,FX:EURCAD,1.46509,1.46524,1.46506,1.4651100000000001,319.0
2024-04-21 18:45:00,FX:EURCAD,1.4651100000000001,1.4652800000000001,1.46502,1.4650400000000001,159.0
2024-04-21 19:00:00,FX:EURCAD,1.4650400000000001,1.46524,1.4649100000000002,1.4649400000000001,307.0
2024-04-21 19:15:00,FX:EURCAD,1.4649400000000001,1.46505,1.4647400000000002,1.4649100000000002,277.0
2024-04-21 19:30:00,FX:EURCAD,1.4649100000000002,1.4649100000000002,1.46448,1.46461,470.0
2024-04-21 19:45:00,FX:EURCAD,1.46461,1.46466,1.4642300000000001,1.46425,645.0
2024-04-21 20:00:00,FX:EURCAD,1.46425,1.46441,1.4636200000000001,1.46373,2148.0
2024-04-21 20:15:00,FX:EURCAD,1.46373,1.46415,1.46371,1.46387,1752.0
2024-04-21 20:30:00,FX:EURCAD,1.46387,1.4638900000000001,1.46336,1.4636,1706.0
2024-04-21 20:45:00,FX:EURCAD,1.4636,1.46398,1.4634800000000001,1.4638600000000002,1836.0
2024-04-21 21:00:00,FX:EURCAD,1.4638600000000002,1.46402,1.46337,1.4636500000000001,2413.0
2024-04-21 21:15:00,FX:EURCAD,1.4636500000000001,1.46421,1.46346,1.46401,2469.0
2024-04-21 21:30:00,FX:EURCAD,1.46401,1.4640900000000001,1.4637200000000001,1.46384,2538.0
2024-04-21 21:45:00,FX:EURCAD,1.46384,1.46384,1.4634,1.4635500000000001,2332.0
2024-04-21 22:00:00,FX:EURCAD,1.4635500000000001,1.4637,1.46343,1.4636200000000001,1671.0
2024-04-21 22:15:00,FX:EURCAD,1.4636200000000001,1.4636200000000001,1.46322,1.46329,1066.0
2024-04-21 22:30:00,FX:EURCAD,1.46329,1.4634800000000001,1.46322,1.46346,952.0
2024-04-21 22:45:00,FX:EURCAD,1.46346,1.46357,1.46333,1.46344,846.0
2024-04-21 23:00:00,FX:EURCAD,1.46344,1.46356,1.46324,1.46349,727.0
2024-04-21 23:15:00,FX:EURCAD,1.46349,1.4637200000000001,1.46344,1.4636500000000001,1124.0
2024-04-21 23:30:00,FX:EURCAD,1.4636500000000001,1.4637900000000001,1.46361,1.46363,1054.0
2024-04-21 23:45:00,FX:EURCAD,1.46363,1.46364,1.4634800000000001,1.4635200000000002,814.0
2024-04-22 00:00:00,FX:EURCAD,1.4635200000000002,1.46368,1.46341,1.46368,725.0
2024-04-22 00:15:00,FX:EURCAD,1.46368,1.4638600000000002,1.46353,1.46385,1083.0
2024-04-22 00:30:00,FX:EURCAD,1.46385,1.46411,1.46383,1.46398,792.0
2024-04-22 00:45:00,FX:EURCAD,1.46398,1.4642300000000001,1.46384,1.4640600000000001,685.0
2024-04-22 01:00:00,FX:EURCAD,1.4640600000000001,1.46421,1.4639900000000001,1.46412,767.0
2024-04-22 01:15:00,FX:EURCAD,1.46412,1.46435,1.46407,1.46419,938.0
2024-04-22 01:30:00,FX:EURCAD,1.46419,1.46461,1.46419,1.4642300000000001,1237.0
2024-04-22 01:45:00,FX:EURCAD,1.4642300000000001,1.4643300000000001,1.46361,1.46385,1480.0
2024-04-22 02:00:00,FX:EURCAD,1.46385,1.46393,1.4633,1.4634,2764.0
2024-04-22 02:15:00,FX:EURCAD,1.4634,1.46351,1.46313,1.4632,1978.0
2024-04-22 02:30:00,FX:EURCAD,1.4632,1.46333,1.4626700000000001,1.46281,1891.0
2024-04-22 02:45:00,FX:EURCAD,1.46281,1.46376,1.46276,1.4635200000000002,2277.0
2024-04-22 03:00:00,FX:EURCAD,1.4635200000000002,1.46407,1.46334,1.46407,3079.0
2024-04-22 03:15:00,FX:EURCAD,1.46407,1.46411,1.46346,1.46353,2098.0
2024-04-22 03:30:00,FX:EURCAD,1.46353,1.4636900000000002,1.46302,1.46347,2581.0
2024-04-22 03:45:00,FX:EURCAD,1.46347,1.46425,1.46343,1.46398,2228.0
2024-04-22 04:00:00,FX:EURCAD,1.46398,1.46404,1.4628,1.46282,2712.0
2024-04-22 04:15:00,FX:EURCAD,1.46282,1.46332,1.46248,1.46307,2546.0
2024-04-22 04:30:00,FX:EURCAD,1.46307,1.46313,1.46239,1.46288,2528.0
2024-04-22 04:45:00,FX:EURCAD,1.46288,1.46351,1.4628700000000001,1.46307,2437.0
2024-04-22 05:00:00,FX:EURCAD,1.46307,1.46324,1.46246,1.46263,2216.0
2024-04-22 05:15:00,FX:EURCAD,1.46263,1.46263,1.4619600000000001,1.4621600000000001,2658.0
2024-04-22 05:30:00,FX:EURCAD,1.4621600000000001,1.46218,1.46146,1.4617200000000001,2041.0
2024-04-22 05:45:00,FX:EURCAD,1.4617200000000001,1.46174,1.4614200000000002,1.46166,1930.0
2024-04-22 06:00:00,FX:EURCAD,1.46166,1.46185,1.46137,1.46171,1922.0
2024-04-22 06:15:00,FX:EURCAD,1.46171,1.4617200000000001,1.46099,1.46137,2289.0
2024-04-22 06:30:00,FX:EURCAD,1.46137,1.46171,1.4612100000000001,1.4614200000000002,1946.0
2024-04-22 06:45:00,FX:EURCAD,1.4614200000000002,1.46171,1.46105,1.4612,1932.0
2024-04-22 07:00:00,FX:EURCAD,1.4612,1.46146,1.4605000000000001,1.46052,1910.0
2024-04-22 07:15:00,FX:EURCAD,1.46052,1.46062,1.4592500000000002,1.4595500000000001,2565.0
2024-04-22 07:30:00,FX:EURCAD,1.4595500000000001,1.46004,1.4595500000000001,1.45964,2180.0
2024-04-22 07:45:00,FX:EURCAD,1.45964,1.45974,1.45861,1.45879,2612.0
2024-04-22 08:00:00,FX:EURCAD,1.45879,1.4595500000000001,1.45856,1.4595,3105.0
2024-04-22 08:15:00,FX:EURCAD,1.4595,1.46019,1.4594500000000001,1.4601,2482.0
2024-04-22 08:30:00,FX:EURCAD,1.4601,1.46042,1.46001,1.46031,2705.0
2024-04-22 08:45:00,FX:EURCAD,1.46031,1.46083,1.46009,1.46056,2762.0
2024-04-22 09:00:00,FX:EURCAD,1.46056,1.46071,1.4602000000000002,1.46032,2864.0
2024-04-22 09:15:00,FX:EURCAD,1.46032,1.46049,1.4595,1.4595500000000001,3384.0
2024-04-22 09:30:00,FX:EURCAD,1.4595500000000001,1.4610400000000001,1.45954,1.4608700000000001,5507.0
2024-04-22 09:45:00,FX:EURCAD,1.4608700000000001,1.46088,1.45963,1.46009,3677.0
2024-04-22 10:00:00,FX:EURCAD,1.46009,1.46056,1.4595,1.45994,3895.0
2024-04-22 10:15:00,FX:EURCAD,1.45994,1.46027,1.45968,1.45992,3078.0
2024-04-22 10:30:00,FX:EURCAD,1.45992,1.46,1.45914,1.45929,3209.0
2024-04-22 10:45:00,FX:EURCAD,1.45929,1.4609400000000001,1.45927,1.46093,3106.0
2024-04-22 11:00:00,FX:EURCAD,1.46093,1.4614,1.46054,1.46105,2955.0
2024-04-22 11:15:00,FX:EURCAD,1.46105,1.4616,1.4610400000000001,1.46114,2369.0
2024-04-22 11:30:00,FX:EURCAD,1.46114,1.46119,1.46048,1.46097,2218.0
2024-04-22 11:45:00,FX:EURCAD,1.46097,1.4611100000000001,1.46037,1.4610100000000001,2055.0
2024-04-22 12:00:00,FX:EURCAD,1.4610100000000001,1.46117,1.4604700000000002,1.4606000000000001,1593.0
2024-04-22 12:15:00,FX:EURCAD,1.4606000000000001,1.4609100000000002,1.46039,1.46085,1675.0
2024-04-22 12:30:00,FX:EURCAD,1.46085,1.46115,1.46012,1.46027,1727.0
2024-04-22 12:45:00,FX:EURCAD,1.46027,1.46035,1.45983,1.4599600000000001,1542.0
2024-04-22 13:00:00,FX:EURCAD,1.4599600000000001,1.46005,1.45971,1.45995,1920.0
2024-04-22 13:15:00,FX:EURCAD,1.45995,1.46044,1.45983,1.4598900000000001,2069.0
2024-04-22 13:30:00,FX:EURCAD,1.4598900000000001,1.45993,1.45963,1.45973,2299.0
2024-04-22 13:45:00,FX:EURCAD,1.45973,1.46007,1.45943,1.45988,2347.0
2024-04-22 14:00:00,FX:EURCAD,1.45988,1.4599900000000001,1.45944,1.4596200000000001,2032.0
2024-04-22 14:15:00,FX:EURCAD,1.4596200000000001,1.45966,1.4592,1.45922,1772.0
2024-04-22 14:30:00,FX:EURCAD,1.45922,1.45932,1.45897,1.4592800000000001,2092.0
2024-04-22 14:45:00,FX:EURCAD,1.4592800000000001,1.45985,1.45923,1.45954,1977.0
2024-04-22 15:00:00,FX:EURCAD,1.45954,1.4597200000000001,1.4592100000000001,1.45924,2011.0
2024-04-22 15:15:00,FX:EURCAD,1.45924,1.4596,1.4591800000000001,1.4594500000000001,1622.0
2024-04-22 15:30:00,FX:EURCAD,1.4594500000000001,1.4597200000000001,1.4594200000000002,1.45956,2095.0
2024-04-22 15:45:00,FX:EURCAD,1.45956,1.45963,1.45929,1.4595,1770.0
2024-04-22 16:00:00,FX:EURCAD,1.4595,1.45971,1.45929,1.4593500000000001,923.0
2024-04-22 16:15:00,FX:EURCAD,1.4593500000000001,1.4595200000000002,1.45926,1.45946,954.0
2024-04-22 16:30:00,FX:EURCAD,1.45946,1.45967,1.45929,1.4596200000000001,672.0
2024-04-22 16:45:00,FX:EURCAD,1.4596200000000001,1.4597,1.4590400000000001,1.45909,1249.0
2024-04-22 17:00:00,FX:EURCAD,1.45909,1.45909,1.45812,1.45841,36.0
2024-04-22 17:15:00,FX:EURCAD,1.45841,1.4588,1.45798,1.45858,210.0
2024-04-22 17:30:00,FX:EURCAD,1.45858,1.45871,1.45834,1.45862,197.0
2024-04-22 17:45:00,FX:EURCAD,1.45862,1.45917,1.45862,1.45893,532.0
2024-04-22 18:00:00,FX:EURCAD,1.45893,1.45941,1.4589100000000002,1.4594,412.0
2024-04-22 18:15:00,FX:EURCAD,1.4594,1.4595500000000001,1.4594,1.45947,183.0
2024-04-22 18:30:00,FX:EURCAD,1.45947,1.45957,1.45937,1.45943,138.0
2024-04-22 18:45:00,FX:EURCAD,1.45943,1.45956,1.4594200000000002,1.45951,85.0
2024-04-22 19:00:00,FX:EURCAD,1.45951,1.45967,1.45948,1.45958,705.0
2024-04-22 19:15:00,FX:EURCAD,1.45958,1.45963,1.45949,1.45963,411.0
2024-04-22 19:30:00,FX:EURCAD,1.45963,1.45973,1.45951,1.45968,321.0
2024-04-22 19:45:00,FX:EURCAD,1.45968,1.45975,1.4595,1.45954,670.0
2024-04-22 20:00:00,FX:EURCAD,1.45954,1.4597200000000001,1.4594200000000002,1.4596200000000001,1400.0
2024-04-22 20:15:00,FX:EURCAD,1.4596200000000001,1.45964,1.45944,1.4595500000000001,979.0
2024-04-22 20:30:00,FX:EURCAD,1.4595500000000001,1.45964,1.45939,1.4595900000000002,934.0
2024-04-22 20:45:00,FX:EURCAD,1.4595900000000002,1.4596500000000001,1.4594200000000002,1.45953,1024.0
2024-04-22 21:00:00,FX:EURCAD,1.45953,1.45963,1.45924,1.45958,1686.0
2024-04-22 21:15:00,FX:EURCAD,1.45958,1.45976,1.4595200000000002,1.45964,1882.0
2024-04-22 21:30:00,FX:EURCAD,1.45964,1.4599600000000001,1.4596,1.4598200000000001,2046.0
2024-04-22 21:45:00,FX:EURCAD,1.4598200000000001,1.46004,1.4597,1.4599600000000001,1835.0
2024-04-22 22:00:00,FX:EURCAD,1.4599600000000001,1.46009,1.4596500000000001,1.4597200000000001,1413.0
2024-04-22 22:15:00,FX:EURCAD,1.4597200000000001,1.45978,1.45951,1.45963,1585.0
2024-04-22 22:30:00,FX:EURCAD,1.45963,1.45978,1.45954,1.45963,1360.0
2024-04-22 22:45:00,FX:EURCAD,1.45963,1.4596900000000002,1.45954,1.45958,867.0
2024-04-22 23:00:00,FX:EURCAD,1.45958,1.45974,1.4593800000000001,1.45944,1205.0
2024-04-22 23:15:00,FX:EURCAD,1.45944,1.45953,1.45926,1.4594,1322.0
2024-04-22 23:30:00,FX:EURCAD,1.4594,1.4598600000000002,1.4593500000000001,1.4597900000000001,762.0
2024-04-22 23:45:00,FX:EURCAD,1.4597900000000001,1.45995,1.45976,1.4598600000000002,745.0
2024-04-23 00:00:00,FX:EURCAD,1.4598600000000002,1.45995,1.45956,1.45958,820.0
2024-04-23 00:15:00,FX:EURCAD,1.45958,1.4598,1.45958,1.45967,886.0
2024-04-23 00:30:00,FX:EURCAD,1.45967,1.4597200000000001,1.45953,1.45967,1357.0
2024-04-23 00:45:00,FX:EURCAD,1.45967,1.4597,1.4595,1.45956,639.0
2024-04-23 01:00:00,FX:EURCAD,1.45956,1.4596900000000002,1.4594500000000001,1.4595200000000002,1396.0
2024-04-23 01:15:00,FX:EURCAD,1.4595200000000002,1.45966,1.4593800000000001,1.4593800000000001,1098.0
2024-04-23 01:30:00,FX:EURCAD,1.4593800000000001,1.45956,1.45932,1.45944,1611.0
2024-04-23 01:45:00,FX:EURCAD,1.45944,1.4595200000000002,1.4590800000000002,1.4591100000000001,1126.0
2024-04-23 02:00:00,FX:EURCAD,1.4591100000000001,1.45913,1.4582300000000001,1.45824,2172.0
2024-04-23 02:15:00,FX:EURCAD,1.45824,1.45835,1.45801,1.45832,1637.0
2024-04-23 02:30:00,FX:EURCAD,1.45832,1.4587700000000001,1.45831,1.45871,1924.0
2024-04-23 02:45:00,FX:EURCAD,1.45871,1.45937,1.45868,1.4588,2683.0
2024-04-23 03:00:00,FX:EURCAD,1.4588,1.45946,1.4587400000000001,1.4591,3603.0
2024-04-23 03:15:00,FX:EURCAD,1.4591,1.4612800000000001,1.4591,1.4608700000000001,4140.0
2024-04-23 03:30:00,FX:EURCAD,1.4608700000000001,1.46432,1.4608700000000001,1.4630100000000001,6888.0
2024-04-23 03:45:00,FX:EURCAD,1.4630100000000001,1.46323,1.46252,1.4629,3174.0
2024-04-23 04:00:00,FX:EURCAD,1.4629,1.46303,1.46205,1.46268,3630.0
2024-04-23 04:15:00,FX:EURCAD,1.46268,1.463,1.46232,1.46237,2393.0
2024-04-23 04:30:00,FX:EURCAD,1.46237,1.4632500000000002,1.46225,1.463,3426.0
2024-04-23 04:45:00,FX:EURCAD,1.463,1.463,1.46222,1.46273,2813.0
2024-04-23 05:00:00,FX:EURCAD,1.46273,1.4627400000000002,1.4616500000000001,1.4616900000000002,2536.0
2024-04-23 05:15:00,FX:EURCAD,1.4616900000000002,1.46208,1.46157,1.46181,2444.0
2024-04-23 05:30:00,FX:EURCAD,1.46181,1.46202,1.4616200000000001,1.46183,2404.0
2024-04-23 05:45:00,FX:EURCAD,1.46183,1.46191,1.46116,1.46137,2070.0
2024-04-23 06:00:00,FX:EURCAD,1.46137,1.46161,1.46114,1.46117,1823.0
2024-04-23 06:15:00,FX:EURCAD,1.46117,1.46126,1.46056,1.4611100000000001,1499.0
2024-04-23 06:30:00,FX:EURCAD,1.4611100000000001,1.4611100000000001,1.4604000000000001,1.46065,2439.0
2024-04-23 06:45:00,FX:EURCAD,1.46065,1.4608100000000002,1.46011,1.46027,1835.0
2024-04-23 07:00:00,FX:EURCAD,1.46027,1.46161,1.4602600000000001,1.46156,1483.0
2024-04-23 07:15:00,FX:EURCAD,1.46156,1.46249,1.46156,1.46235,3237.0
2024-04-23 07:30:00,FX:EURCAD,1.46235,1.46273,1.46219,1.46237,1751.0
2024-04-23 07:45:00,FX:EURCAD,1.46237,1.46331,1.46225,1.46283,2605.0
2024-04-23 08:00:00,FX:EURCAD,1.46283,1.46299,1.46205,1.46232,3137.0
2024-04-23 08:15:00,FX:EURCAD,1.46232,1.46244,1.46161,1.46171,2501.0
2024-04-23 08:30:00,FX:EURCAD,1.46171,1.46195,1.461,1.46113,2735.0
2024-04-23 08:45:00,FX:EURCAD,1.46113,1.4616900000000002,1.46069,1.46136,2877.0
2024-04-23 09:00:00,FX:EURCAD,1.46136,1.4614500000000001,1.46082,1.46106,2987.0
2024-04-23 09:15:00,FX:EURCAD,1.46106,1.46133,1.4608100000000002,1.46082,1949.0
2024-04-23 09:30:00,FX:EURCAD,1.46082,1.46124,1.46031,1.4607400000000001,5693.0
2024-04-23 09:45:00,FX:EURCAD,1.4607400000000001,1.4636,1.46071,1.46218,14344.0
2024-04-23 10:00:00,FX:EURCAD,1.46218,1.46259,1.46116,1.4618600000000002,10227.0
2024-04-23 10:15:00,FX:EURCAD,1.4618600000000002,1.4634,1.46173,1.46218,6805.0
2024-04-23 10:30:00,FX:EURCAD,1.46218,1.46278,1.46188,1.46228,5941.0
2024-04-23 10:45:00,FX:EURCAD,1.46228,1.46261,1.46153,1.46212,5540.0
2024-04-23 11:00:00,FX:EURCAD,1.46212,1.4625700000000001,1.46181,1.4624700000000002,5019.0
2024-04-23 11:15:00,FX:EURCAD,1.4624700000000002,1.46282,1.46194,1.46278,3090.0
2024-04-23 11:30:00,FX:EURCAD,1.46278,1.46337,1.46275,1.46285,3181.0
2024-04-23 11:45:00,FX:EURCAD,1.46285,1.46286,1.4623000000000002,1.46261,2863.0
2024-04-23 12:00:00,FX:EURCAD,1.46261,1.4628,1.4623300000000001,1.46261,2656.0
2024-04-23 12:15:00,FX:EURCAD,1.46261,1.46305,1.46253,1.46296,2072.0
2024-04-23 12:30:00,FX:EURCAD,1.46296,1.46299,1.46221,1.46242,1788.0
2024-04-23 12:45:00,FX:EURCAD,1.46242,1.4625700000000001,1.4621600000000001,1.4624300000000001,1797.0
2024-04-23 13:00:00,FX:EURCAD,1.4624300000000001,1.46292,1.46222,1.4623300000000001,3449.0
2024-04-23 13:15:00,FX:EURCAD,1.4623300000000001,1.46262,1.4622600000000001,1.46235,1933.0
2024-04-23 13:30:00,FX:EURCAD,1.46235,1.46268,1.46217,1.46266,1199.0
2024-04-23 13:45:00,FX:EURCAD,1.46266,1.46271,1.46214,1.46229,1493.0
2024-04-23 14:00:00,FX:EURCAD,1.46229,1.46254,1.46224,1.46237,1307.0
2024-04-23 14:15:00,FX:EURCAD,1.46237,1.4625000000000001,1.46218,1.46249,1144.0
2024-04-23 14:30:00,FX:EURCAD,1.46249,1.4627000000000001,1.46224,1.46231,1587.0
2024-04-23 14:45:00,FX:EURCAD,1.46231,1.46245,1.4620900000000001,1.46224,1810.0
2024-04-23 15:00:00,FX:EURCAD,1.46224,1.4624300000000001,1.46208,1.4623000000000002,1892.0
2024-04-23 15:15:00,FX:EURCAD,1.4623000000000002,1.46239,1.4621600000000001,1.46221,1165.0
2024-04-23 15:30:00,FX:EURCAD,1.46221,1.4623300000000001,1.46198,1.4620600000000001,1240.0
2024-04-23 15:45:00,FX:EURCAD,1.4620600000000001,1.46228,1.46198,1.46211,1413.0
2024-04-23 16:00:00,FX:EURCAD,1.46211,1.46211,1.4618200000000001,1.46195,717.0
2024-04-23 16:15:00,FX:EURCAD,1.46195,1.4621,1.46188,1.462,451.0
2024-04-23 16:30:00,FX:EURCAD,1.462,1.4623300000000001,1.46193,1.4621300000000002,599.0
2024-04-23 16:45:00,FX:EURCAD,1.4621300000000002,1.46228,1.4616,1.46161,596.0
2024-04-23 17:00:00,FX:EURCAD,1.46161,1.46208,1.46141,1.46194,275.0
2024-04-23 17:15:00,FX:EURCAD,1.46194,1.46232,1.46143,1.46183,916.0
2024-04-23 17:30:00,FX:EURCAD,1.46183,1.46198,1.46166,1.46193,682.0
2024-04-23 17:45:00,FX:EURCAD,1.46193,1.46222,1.46192,1.46217,542.0
2024-04-23 18:00:00,FX:EURCAD,1.46217,1.4623000000000002,1.46208,1.4621300000000002,501.0
2024-04-23 18:15:00,FX:EURCAD,1.4621300000000002,1.46225,1.46208,1.4622300000000001,234.0
2024-04-23 18:30:00,FX:EURCAD,1.4622300000000001,1.46231,1.46214,1.46225,169.0
2024-04-23 18:45:00,FX:EURCAD,1.46225,1.4624300000000001,1.46225,1.46234,120.0
2024-04-23 19:00:00,FX:EURCAD,1.46234,1.46236,1.46211,1.46224,449.0
2024-04-23 19:15:00,FX:EURCAD,1.46224,1.46227,1.46198,1.462,408.0
2024-04-23 19:30:00,FX:EURCAD,1.462,1.4621,1.46181,1.46204,549.0
2024-04-23 19:45:00,FX:EURCAD,1.46204,1.46219,1.46184,1.4621300000000002,494.0
2024-04-23 20:00:00,FX:EURCAD,1.4621300000000002,1.4622300000000001,1.46183,1.46217,1289.0
2024-04-23 20:15:00,FX:EURCAD,1.46217,1.46262,1.4620600000000001,1.46252,1395.0
2024-04-23 20:30:00,FX:EURCAD,1.46252,1.46278,1.46249,1.46263,950.0
2024-04-23 20:45:00,FX:EURCAD,1.46263,1.46281,1.46251,1.46273,1428.0
2024-04-23 21:00:00,FX:EURCAD,1.46273,1.4627400000000002,1.46237,1.46253,1369.0
2024-04-23 21:15:00,FX:EURCAD,1.46253,1.46275,1.4623000000000002,1.46273,1158.0
2024-04-23 21:30:00,FX:EURCAD,1.46273,1.4630800000000002,1.46253,1.46285,3032.0
2024-04-23 21:45:00,FX:EURCAD,1.46285,1.4630800000000002,1.46269,1.4627700000000001,1549.0
2024-04-23 22:00:00,FX:EURCAD,1.4627700000000001,1.46285,1.4625000000000001,1.46281,1575.0
2024-04-23 22:15:00,FX:EURCAD,1.46281,1.4629400000000001,1.4627400000000002,1.46278,1006.0
2024-04-23 22:30:00,FX:EURCAD,1.46278,1.4628700000000001,1.4626000000000001,1.46265,1124.0
2024-04-23 22:45:00,FX:EURCAD,1.46265,1.46293,1.46262,1.4628,1047.0
2024-04-23 23:00:00,FX:EURCAD,1.4628,1.4631100000000001,1.46275,1.46275,1291.0
2024-04-23 23:15:00,FX:EURCAD,1.46275,1.46285,1.46249,1.46254,1132.0
2024-04-23 23:30:00,FX:EURCAD,1.46254,1.46281,1.46249,1.4627400000000002,844.0
2024-04-23 23:45:00,FX:EURCAD,1.4627400000000002,1.46281,1.4625000000000001,1.4627400000000002,884.0
2024-04-24 00:00:00,FX:EURCAD,1.4627400000000002,1.46299,1.46269,1.46293,732.0
2024-04-24 00:15:00,FX:EURCAD,1.46293,1.46314,1.4629,1.46297,647.0
2024-04-24 00:30:00,FX:EURCAD,1.46297,1.46306,1.4628400000000001,1.4629400000000001,834.0
2024-04-24 00:45:00,FX:EURCAD,1.4629400000000001,1.46296,1.46271,1.46283,681.0
2024-04-24 01:00:00,FX:EURCAD,1.46283,1.46288,1.46262,1.46272,1024.0
2024-04-24 01:15:00,FX:EURCAD,1.46272,1.46282,1.4624700000000002,1.46253,937.0
2024-04-24 01:30:00,FX:EURCAD,1.46253,1.46255,1.46207,1.46225,1087.0
2024-04-24 01:45:00,FX:EURCAD,1.46225,1.46227,1.4619600000000001,1.46208,1244.0
2024-04-24 02:00:00,FX:EURCAD,1.46208,1.46263,1.462,1.4623300000000001,2498.0
2024-04-24 02:15:00,FX:EURCAD,1.4623300000000001,1.4626000000000001,1.46205,1.46246,1939.0
2024-04-24 02:30:00,FX:EURCAD,1.46246,1.4625700000000001,1.46205,1.46222,1802.0
2024-04-24 02:45:00,FX:EURCAD,1.46222,1.46238,1.4620300000000002,1.46228,2241.0
2024-04-24 03:00:00,FX:EURCAD,1.46228,1.46245,1.4616900000000002,1.46185,3569.0
2024-04-24 03:15:00,FX:EURCAD,1.46185,1.46228,1.46163,1.4618200000000001,2986.0
2024-04-24 03:30:00,FX:EURCAD,1.4618200000000001,1.4624300000000001,1.46167,1.4623300000000001,2403.0
2024-04-24 03:45:00,FX:EURCAD,1.4623300000000001,1.4623300000000001,1.46176,1.46192,2175.0
2024-04-24 04:00:00,FX:EURCAD,1.46192,1.46252,1.46187,1.46208,2223.0
2024-04-24 04:15:00,FX:EURCAD,1.46208,1.46215,1.46174,1.46181,1745.0
2024-04-24 04:30:00,FX:EURCAD,1.46181,1.4618900000000001,1.4612800000000001,1.4613500000000001,2317.0
2024-04-24 04:45:00,FX:EURCAD,1.4613500000000001,1.4617,1.4609400000000001,1.46147,2133.0
2024-04-24 05:00:00,FX:EURCAD,1.46147,1.4619600000000001,1.46129,1.4619600000000001,1515.0
2024-04-24 05:15:00,FX:EURCAD,1.4619600000000001,1.46231,1.4617900000000001,1.46215,1296.0
2024-04-24 05:30:00,FX:EURCAD,1.46215,1.46221,1.46192,1.4620900000000001,1625.0
2024-04-24 05:45:00,FX:EURCAD,1.4620900000000001,1.46221,1.46177,1.46178,1646.0
2024-04-24 06:00:00,FX:EURCAD,1.46178,1.46221,1.46175,1.46214,1222.0
2024-04-24 06:15:00,FX:EURCAD,1.46214,1.46239,1.4621,1.46217,1158.0
2024-04-24 06:30:00,FX:EURCAD,1.46217,1.46261,1.4621300000000002,1.4624700000000002,1581.0
2024-04-24 06:45:00,FX:EURCAD,1.4624700000000002,1.46297,1.46236,1.46282,1203.0
2024-04-24 07:00:00,FX:EURCAD,1.46282,1.46288,1.46239,1.46268,1901.0
2024-04-24 07:15:00,FX:EURCAD,1.46268,1.46279,1.46221,1.4622300000000001,1705.0
2024-04-24 07:30:00,FX:EURCAD,1.4622300000000001,1.46234,1.46194,1.46227,1438.0
2024-04-24 07:45:00,FX:EURCAD,1.46227,1.46299,1.46222,1.46299,1957.0
2024-04-24 08:00:00,FX:EURCAD,1.46299,1.46346,1.46224,1.46265,2936.0
2024-04-24 08:15:00,FX:EURCAD,1.46265,1.46282,1.46194,1.4623000000000002,3386.0
2024-04-24 08:30:00,FX:EURCAD,1.4623000000000002,1.4653500000000002,1.4623000000000002,1.46445,6703.0
2024-04-24 08:45:00,FX:EURCAD,1.46445,1.46544,1.46435,1.46529,3880.0
2024-04-24 09:00:00,FX:EURCAD,1.46529,1.4667400000000002,1.46509,1.4665000000000001,3272.0
2024-04-24 09:15:00,FX:EURCAD,1.4665000000000001,1.4667400000000002,1.46601,1.46625,2604.0
2024-04-24 09:30:00,FX:EURCAD,1.46625,1.46706,1.465,1.4651,5067.0
2024-04-24 09:45:00,FX:EURCAD,1.4651,1.4655500000000001,1.46465,1.4655200000000002,4176.0
2024-04-24 10:00:00,FX:EURCAD,1.4655200000000002,1.4665300000000001,1.46526,1.4663000000000002,4647.0
2024-04-24 10:15:00,FX:EURCAD,1.4663000000000002,1.4668400000000001,1.46612,1.46625,3622.0
2024-04-24 10:30:00,FX:EURCAD,1.46625,1.46639,1.46564,1.46597,3636.0
2024-04-24 10:45:00,FX:EURCAD,1.46597,1.46619,1.4654,1.4657200000000001,3798.0
2024-04-24 11:00:00,FX:EURCAD,1.4657200000000001,1.46695,1.46556,1.4663300000000001,3967.0
2024-04-24 11:15:00,FX:EURCAD,1.4663300000000001,1.46705,1.46611,1.46637,3087.0
2024-04-24 11:30:00,FX:EURCAD,1.46637,1.46693,1.46622,1.4664000000000001,2461.0
2024-04-24 11:45:00,FX:EURCAD,1.4664000000000001,1.4664700000000002,1.46601,1.46637,2346.0
2024-04-24 12:00:00,FX:EURCAD,1.46637,1.46644,1.4661,1.46638,2294.0
2024-04-24 12:15:00,FX:EURCAD,1.46638,1.46645,1.46603,1.46611,2427.0
2024-04-24 12:30:00,FX:EURCAD,1.46611,1.46631,1.4659200000000001,1.46628,2103.0
2024-04-24 12:45:00,FX:EURCAD,1.46628,1.46659,1.46612,1.46639,2387.0
2024-04-24 13:00:00,FX:EURCAD,1.46639,1.4668700000000001,1.46635,1.46654,2600.0
2024-04-24 13:15:00,FX:EURCAD,1.46654,1.46655,1.4660600000000001,1.4662300000000001,2173.0
2024-04-24 13:30:00,FX:EURCAD,1.4662300000000001,1.46627,1.4651,1.4652800000000001,1992.0
2024-04-24 13:45:00,FX:EURCAD,1.4652800000000001,1.46556,1.46516,1.46541,1649.0
2024-04-24 14:00:00,FX:EURCAD,1.46541,1.4658200000000001,1.46512,1.46527,2053.0
2024-04-24 14:15:00,FX:EURCAD,1.46527,1.4655,1.4652100000000001,1.46532,2370.0
2024-04-24 14:30:00,FX:EURCAD,1.46532,1.46542,1.4651,1.46534,1955.0
2024-04-24 14:45:00,FX:EURCAD,1.46534,1.4656500000000001,1.46534,1.4655200000000002,2051.0
2024-04-24 15:00:00,FX:EURCAD,1.4655200000000002,1.4661300000000002,1.4655,1.46598,1782.0
2024-04-24 15:15:00,FX:EURCAD,1.46598,1.46636,1.46585,1.4663000000000002,1581.0
2024-04-24 15:30:00,FX:EURCAD,1.4663000000000002,1.4664000000000001,1.4659600000000002,1.4661600000000001,1405.0
2024-04-24 15:45:00,FX:EURCAD,1.4661600000000001,1.46628,1.46585,1.46602,1741.0
2024-04-24 16:00:00,FX:EURCAD,1.46602,1.46614,1.46577,1.46611,1549.0
2024-04-24 16:15:00,FX:EURCAD,1.46611,1.46618,1.46584,1.4659900000000001,638.0
2024-04-24 16:30:00,FX:EURCAD,1.4659900000000001,1.46614,1.46585,1.4658900000000001,624.0
2024-04-24 16:45:00,FX:EURCAD,1.4658900000000001,1.4661300000000002,1.46541,1.46554,519.0
2024-04-24 17:00:00,FX:EURCAD,1.46554,1.46554,1.465,1.46526,256.0
2024-04-24 17:15:00,FX:EURCAD,1.46526,1.4656500000000001,1.46524,1.46546,380.0
2024-04-24 17:30:00,FX:EURCAD,1.46546,1.46602,1.4653800000000001,1.46591,579.0
2024-04-24 17:45:00,FX:EURCAD,1.46591,1.46593,1.46558,1.46567,1308.0
2024-04-24 18:00:00,FX:EURCAD,1.46567,1.4662300000000001,1.46564,1.46583,709.0
2024-04-24 18:15:00,FX:EURCAD,1.46583,1.46593,1.46581,1.46581,123.0
2024-04-24 18:30:00,FX:EURCAD,1.46581,1.46605,1.4658,1.46594,234.0
2024-04-24 18:45:00,FX:EURCAD,1.46594,1.4661300000000002,1.46593,1.4661,231.0
2024-04-24 19:00:00,FX:EURCAD,1.4661,1.46619,1.46601,1.46612,250.0
2024-04-24 19:15:00,FX:EURCAD,1.46612,1.46617,1.46604,1.46608,256.0
2024-04-24 19:30:00,FX:EURCAD,1.46608,1.46608,1.46588,1.46593,426.0
2024-04-24 19:45:00,FX:EURCAD,1.46593,1.46632,1.46591,1.46627,393.0
2024-04-24 20:00:00,FX:EURCAD,1.46627,1.46642,1.4661300000000002,1.46634,954.0
2024-04-24 20:15:00,FX:EURCAD,1.46634,1.46644,1.46588,1.46594,773.0
2024-04-24 20:30:00,FX:EURCAD,1.46594,1.4661300000000002,1.46583,1.4658600000000002,1047.0
2024-04-24 20:45:00,FX:EURCAD,1.4658600000000002,1.46611,1.46577,1.46601,1434.0
2024-04-24 21:00:00,FX:EURCAD,1.46601,1.4662600000000001,1.46581,1.46588,1469.0
2024-04-24 21:15:00,FX:EURCAD,1.46588,1.46652,1.46585,1.46641,1472.0
2024-04-24 21:30:00,FX:EURCAD,1.46641,1.4667400000000002,1.46641,1.46664,1888.0
2024-04-24 21:45:00,FX:EURCAD,1.46664,1.4667400000000002,1.4666000000000001,1.4667000000000001,1239.0
2024-04-24 22:00:00,FX:EURCAD,1.4667000000000001,1.4667000000000001,1.46621,1.46634,1802.0
2024-04-24 22:15:00,FX:EURCAD,1.46634,1.4664700000000002,1.4660600000000001,1.46617,1021.0
2024-04-24 22:30:00,FX:EURCAD,1.46617,1.46638,1.4661,1.46632,1300.0
2024-04-24 22:45:00,FX:EURCAD,1.46632,1.4664000000000001,1.46612,1.46615,822.0
2024-04-24 23:00:00,FX:EURCAD,1.46615,1.46627,1.46595,1.46621,829.0
2024-04-24 23:15:00,FX:EURCAD,1.46621,1.46634,1.46603,1.46632,899.0
2024-04-24 23:30:00,FX:EURCAD,1.46632,1.46634,1.46597,1.46603,684.0
2024-04-24 23:45:00,FX:EURCAD,1.46603,1.46607,1.46587,1.4659900000000001,463.0
2024-04-25 00:00:00,FX:EURCAD,1.4659900000000001,1.46612,1.46588,1.46612,503.0
2024-04-25 00:15:00,FX:EURCAD,1.46612,1.46618,1.46601,1.4660600000000001,346.0
2024-04-25 00:30:00,FX:EURCAD,1.4660600000000001,1.46624,1.46597,1.46621,452.0
2024-04-25 00:45:00,FX:EURCAD,1.46621,1.46631,1.46594,1.4661300000000002,485.0
2024-04-25 01:00:00,FX:EURCAD,1.4661300000000002,1.46628,1.466,1.466,879.0
2024-04-25 01:15:00,FX:EURCAD,1.466,1.46617,1.46595,1.46608,797.0
2024-04-25 01:30:00,FX:EURCAD,1.46608,1.46629,1.46598,1.4661,595.0
2024-04-25 01:45:00,FX:EURCAD,1.4661,1.4664700000000002,1.46607,1.46638,743.0
2024-04-25 02:00:00,FX:EURCAD,1.46638,1.46672,1.46638,1.4667000000000001,1570.0
2024-04-25 02:15:00,FX:EURCAD,1.4667000000000001,1.4671100000000001,1.46649,1.4670400000000001,1672.0
2024-04-25 02:30:00,FX:EURCAD,1.4670400000000001,1.4675,1.46693,1.46733,2436.0
2024-04-25 02:45:00,FX:EURCAD,1.46733,1.4673500000000002,1.46646,1.4665300000000001,2283.0
2024-04-25 03:00:00,FX:EURCAD,1.4665300000000001,1.4669,1.46577,1.46607,2970.0
2024-04-25 03:15:00,FX:EURCAD,1.46607,1.46686,1.4659200000000001,1.46658,2622.0
2024-04-25 03:30:00,FX:EURCAD,1.46658,1.46678,1.46595,1.46605,2233.0
2024-04-25 03:45:00,FX:EURCAD,1.46605,1.46671,1.4656,1.46655,2870.0
2024-04-25 04:00:00,FX:EURCAD,1.46655,1.46724,1.46645,1.4669100000000002,2442.0
2024-04-25 04:15:00,FX:EURCAD,1.4669100000000002,1.4669100000000002,1.46638,1.46665,1821.0
2024-04-25 04:30:00,FX:EURCAD,1.46665,1.4668,1.46637,1.46655,2251.0
2024-04-25 04:45:00,FX:EURCAD,1.46655,1.4666700000000001,1.46631,1.46637,1847.0
2024-04-25 05:00:00,FX:EURCAD,1.46637,1.4668,1.46604,1.4667000000000001,1887.0
2024-04-25 05:15:00,FX:EURCAD,1.4667000000000001,1.46673,1.46634,1.4664700000000002,1964.0
2024-04-25 05:30:00,FX:EURCAD,1.4664700000000002,1.46696,1.46635,1.46693,1638.0
2024-04-25 05:45:00,FX:EURCAD,1.46693,1.4672,1.46672,1.4669400000000001,1547.0
2024-04-25 06:00:00,FX:EURCAD,1.4669400000000001,1.46726,1.4668,1.46713,1864.0
2024-04-25 06:15:00,FX:EURCAD,1.46713,1.46751,1.4670800000000002,1.4671800000000002,1500.0
2024-04-25 06:30:00,FX:EURCAD,1.4671800000000002,1.46737,1.4668,1.46699,1653.0
2024-04-25 06:45:00,FX:EURCAD,1.46699,1.4672,1.4668700000000001,1.46716,1570.0
2024-04-25 07:00:00,FX:EURCAD,1.46716,1.46722,1.46661,1.46665,1446.0
2024-04-25 07:15:00,FX:EURCAD,1.46665,1.46668,1.46601,1.4661600000000001,1824.0
2024-04-25 07:30:00,FX:EURCAD,1.4661600000000001,1.46634,1.46529,1.46534,1564.0
2024-04-25 07:45:00,FX:EURCAD,1.46534,1.4657900000000001,1.46517,1.4657900000000001,1594.0
2024-04-25 08:00:00,FX:EURCAD,1.4657900000000001,1.46597,1.46541,1.46594,1959.0
2024-04-25 08:15:00,FX:EURCAD,1.46594,1.46628,1.46558,1.4659600000000002,2564.0
2024-04-25 08:30:00,FX:EURCAD,1.4659600000000002,1.46758,1.46496,1.4653100000000001,16945.0
2024-04-25 08:45:00,FX:EURCAD,1.4653100000000001,1.46585,1.46497,1.4655500000000001,10819.0
2024-04-25 09:00:00,FX:EURCAD,1.4655500000000001,1.46659,1.46526,1.46561,9521.0
2024-04-25 09:15:00,FX:EURCAD,1.46561,1.46681,1.46544,1.46652,6678.0
2024-04-25 09:30:00,FX:EURCAD,1.46652,1.4678,1.46584,1.4673100000000001,8650.0
2024-04-25 09:45:00,FX:EURCAD,1.4673100000000001,1.46862,1.46719,1.46841,5764.0
2024-04-25 10:00:00,FX:EURCAD,1.46841,1.46865,1.46743,1.46795,7487.0
2024-04-25 10:15:00,FX:EURCAD,1.46795,1.46905,1.46787,1.46859,6235.0
2024-04-25 10:30:00,FX:EURCAD,1.46859,1.4691,1.46817,1.46835,6132.0
2024-04-25 10:45:00,FX:EURCAD,1.46835,1.4685300000000001,1.4679200000000001,1.4680900000000001,5739.0
2024-04-25 11:00:00,FX:EURCAD,1.4680900000000001,1.4683300000000001,1.46778,1.46815,4629.0
2024-04-25 11:15:00,FX:EURCAD,1.46815,1.46829,1.4676,1.4681,3641.0
2024-04-25 11:30:00,FX:EURCAD,1.4681,1.46814,1.46773,1.4679200000000001,3156.0
2024-04-25 11:45:00,FX:EURCAD,1.4679200000000001,1.46829,1.4678,1.46784,2666.0
2024-04-25 12:00:00,FX:EURCAD,1.46784,1.4679900000000001,1.4675500000000001,1.46766,2799.0
2024-04-25 12:15:00,FX:EURCAD,1.46766,1.46771,1.46729,1.46768,2393.0
2024-04-25 12:30:00,FX:EURCAD,1.46768,1.46807,1.46746,1.46794,2252.0
2024-04-25 12:45:00,FX:EURCAD,1.46794,1.46854,1.46781,1.4679,2853.0
2024-04-25 13:00:00,FX:EURCAD,1.4679,1.4685000000000001,1.46788,1.46834,2768.0
2024-04-25 13:15:00,FX:EURCAD,1.46834,1.46834,1.46787,1.46793,2457.0
2024-04-25 13:30:00,FX:EURCAD,1.46793,1.46815,1.46686,1.467,2684.0
2024-04-25 13:45:00,FX:EURCAD,1.467,1.46703,1.46604,1.46612,3013.0
2024-04-25 14:00:00,FX:EURCAD,1.46612,1.4664300000000001,1.46573,1.46594,3679.0
2024-04-25 14:15:00,FX:EURCAD,1.46594,1.46611,1.4654500000000001,1.46603,3039.0
2024-04-25 14:30:00,FX:EURCAD,1.46603,1.4660900000000001,1.4657200000000001,1.46593,2203.0
2024-04-25 14:45:00,FX:EURCAD,1.46593,1.46594,1.4655,1.46558,1898.0
2024-04-25 15:00:00,FX:EURCAD,1.46558,1.4656200000000001,1.4654,1.4654800000000001,2004.0
2024-04-25 15:15:00,FX:EURCAD,1.4654800000000001,1.46556,1.4651,1.4653,1524.0
2024-04-25 15:30:00,FX:EURCAD,1.4653,1.46577,1.4652100000000001,1.46571,1680.0
2024-04-25 15:45:00,FX:EURCAD,1.46571,1.46595,1.46567,1.46587,1525.0
2024-04-25 16:00:00,FX:EURCAD,1.46587,1.4659900000000001,1.4648400000000001,1.4648400000000001,1633.0
2024-04-25 16:15:00,FX:EURCAD,1.4648400000000001,1.4651100000000001,1.4648400000000001,1.46497,419.0
2024-04-25 16:30:00,FX:EURCAD,1.46497,1.4652500000000002,1.46492,1.46524,526.0
2024-04-25 16:45:00,FX:EURCAD,1.46524,1.46542,1.4651100000000001,1.46517,861.0
2024-04-25 17:00:00,FX:EURCAD,1.46517,1.46542,1.46427,1.4652100000000001,114.0
2024-04-25 17:15:00,FX:EURCAD,1.4652100000000001,1.4656200000000001,1.46492,1.46532,311.0
2024-04-25 17:30:00,FX:EURCAD,1.46532,1.46541,1.4652,1.4653500000000002,255.0
2024-04-25 17:45:00,FX:EURCAD,1.4653500000000002,1.46544,1.46498,1.46516,516.0
2024-04-25 18:00:00,FX:EURCAD,1.46516,1.46546,1.46497,1.4653500000000002,437.0
2024-04-25 18:15:00,FX:EURCAD,1.4653500000000002,1.46537,1.46516,1.46517,151.0
2024-04-25 18:30:00,FX:EURCAD,1.46517,1.4652500000000002,1.4651,1.46515,177.0
2024-04-25 18:45:00,FX:EURCAD,1.46515,1.46522,1.4650400000000001,1.4651800000000001,211.0
2024-04-25 19:00:00,FX:EURCAD,1.4651800000000001,1.46527,1.4651100000000001,1.46523,377.0
2024-04-25 19:15:00,FX:EURCAD,1.46523,1.46529,1.46509,1.46522,375.0
2024-04-25 19:30:00,FX:EURCAD,1.46522,1.46529,1.46509,1.4651100000000001,391.0
2024-04-25 19:45:00,FX:EURCAD,1.4651100000000001,1.4652500000000002,1.46507,1.46513,408.0
2024-04-25 20:00:00,FX:EURCAD,1.46513,1.46517,1.46465,1.4647000000000001,971.0
2024-04-25 20:15:00,FX:EURCAD,1.4647000000000001,1.46507,1.4646700000000001,1.46502,1193.0
2024-04-25 20:30:00,FX:EURCAD,1.46502,1.46522,1.4650100000000001,1.46512,621.0
2024-04-25 20:45:00,FX:EURCAD,1.46512,1.4652500000000002,1.465,1.46519,788.0
2024-04-25 21:00:00,FX:EURCAD,1.46519,1.4652500000000002,1.46471,1.46483,1159.0
2024-04-25 21:15:00,FX:EURCAD,1.46483,1.4650100000000001,1.46462,1.46468,1142.0
2024-04-25 21:30:00,FX:EURCAD,1.46468,1.46476,1.46445,1.46468,1029.0
2024-04-25 21:45:00,FX:EURCAD,1.46468,1.46476,1.46439,1.46451,1300.0
2024-04-25 22:00:00,FX:EURCAD,1.46451,1.46486,1.46449,1.46461,878.0
2024-04-25 22:15:00,FX:EURCAD,1.46461,1.46473,1.46442,1.46451,739.0
2024-04-25 22:30:00,FX:EURCAD,1.46451,1.4646400000000002,1.46442,1.46444,1075.0
2024-04-25 22:45:00,FX:EURCAD,1.46444,1.4647400000000002,1.46434,1.46468,1010.0
2024-04-25 23:00:00,FX:EURCAD,1.46468,1.46468,1.4644700000000002,1.4644700000000002,863.0
2024-04-25 23:15:00,FX:EURCAD,1.4644700000000002,1.46463,1.46422,1.46429,1682.0
2024-04-25 23:30:00,FX:EURCAD,1.46429,1.46438,1.4640600000000001,1.46421,1718.0
2024-04-25 23:45:00,FX:EURCAD,1.46421,1.46435,1.4641,1.46435,1102.0
2024-04-26 00:00:00,FX:EURCAD,1.46435,1.46435,1.4640900000000001,1.4642,895.0
2024-04-26 00:15:00,FX:EURCAD,1.4642,1.4642300000000001,1.46404,1.4641300000000002,704.0
2024-04-26 00:30:00,FX:EURCAD,1.4641300000000002,1.46417,1.4639,1.464,755.0
2024-04-26 00:45:00,FX:EURCAD,1.464,1.46407,1.46383,1.46385,769.0
2024-04-26 01:00:00,FX:EURCAD,1.46385,1.46391,1.46373,1.4638200000000001,950.0
2024-04-26 01:15:00,FX:EURCAD,1.4638200000000001,1.46402,1.46375,1.46394,880.0
2024-04-26 01:30:00,FX:EURCAD,1.46394,1.46419,1.46391,1.46404,833.0
2024-04-26 01:45:00,FX:EURCAD,1.46404,1.46405,1.46344,1.4636500000000001,1805.0
2024-04-26 02:00:00,FX:EURCAD,1.4636500000000001,1.46381,1.46346,1.46378,1882.0
2024-04-26 02:15:00,FX:EURCAD,1.46378,1.46402,1.46361,1.46383,1706.0
2024-04-26 02:30:00,FX:EURCAD,1.46383,1.46422,1.46376,1.46417,2156.0
2024-04-26 02:45:00,FX:EURCAD,1.46417,1.4646400000000002,1.46404,1.46459,2207.0
2024-04-26 03:00:00,FX:EURCAD,1.46459,1.46498,1.4642300000000001,1.46435,3303.0
2024-04-26 03:15:00,FX:EURCAD,1.46435,1.46471,1.46395,1.4645700000000001,2619.0
2024-04-26 03:30:00,FX:EURCAD,1.4645700000000001,1.46463,1.46401,1.46407,2539.0
2024-04-26 03:45:00,FX:EURCAD,1.46407,1.46455,1.46394,1.46435,2048.0
2024-04-26 04:00:00,FX:EURCAD,1.46435,1.46536,1.46397,1.46502,6391.0
2024-04-26 04:15:00,FX:EURCAD,1.46502,1.46594,1.46493,1.46576,3561.0
2024-04-26 04:30:00,FX:EURCAD,1.46576,1.4665000000000001,1.46571,1.46597,3042.0
2024-04-26 04:45:00,FX:EURCAD,1.46597,1.46597,1.46549,1.46557,2869.0
2024-04-26 05:00:00,FX:EURCAD,1.46557,1.46614,1.46534,1.46612,2563.0
2024-04-26 05:15:00,FX:EURCAD,1.46612,1.4662,1.46497,1.4654,2474.0
2024-04-26 05:30:00,FX:EURCAD,1.4654,1.4654800000000001,1.46499,1.4652,2138.0
2024-04-26 05:45:00,FX:EURCAD,1.4652,1.4656500000000001,1.46514,1.46551,1814.0
2024-04-26 06:00:00,FX:EURCAD,1.46551,1.4658900000000001,1.46509,1.46567,2093.0
2024-04-26 06:15:00,FX:EURCAD,1.46567,1.46594,1.46524,1.4653100000000001,2236.0
2024-04-26 06:30:00,FX:EURCAD,1.4653100000000001,1.46542,1.4649100000000002,1.4650400000000001,2079.0
2024-04-26 06:45:00,FX:EURCAD,1.4650400000000001,1.4656900000000002,1.46497,1.46512,1769.0
2024-04-26 07:00:00,FX:EURCAD,1.46512,1.46539,1.46493,1.46539,1438.0
2024-04-26 07:15:00,FX:EURCAD,1.46539,1.4656,1.46509,1.46522,1873.0
2024-04-26 07:30:00,FX:EURCAD,1.46522,1.46522,1.4641600000000001,1.46431,1892.0
2024-04-26 07:45:00,FX:EURCAD,1.46431,1.46432,1.4632,1.46333,2047.0
2024-04-26 08:00:00,FX:EURCAD,1.46333,1.46358,1.463,1.46354,2411.0
2024-04-26 08:15:00,FX:EURCAD,1.46354,1.4648700000000001,1.46343,1.46432,3204.0
2024-04-26 08:30:00,FX:EURCAD,1.46432,1.46564,1.46297,1.46323,10794.0
2024-04-26 08:45:00,FX:EURCAD,1.46323,1.46347,1.4624700000000002,1.4628700000000001,7034.0
2024-04-26 09:00:00,FX:EURCAD,1.4628700000000001,1.4642600000000001,1.46279,1.46358,5428.0
2024-04-26 09:15:00,FX:EURCAD,1.46358,1.4643300000000001,1.4635500000000001,1.46385,3872.0
2024-04-26 09:30:00,FX:EURCAD,1.46385,1.46475,1.46316,1.4632,6582.0
2024-04-26 09:45:00,FX:EURCAD,1.4632,1.46376,1.4626400000000002,1.4626400000000002,4413.0
2024-04-26 10:00:00,FX:EURCAD,1.4626400000000002,1.46336,1.4620600000000001,1.4620900000000001,5694.0
2024-04-26 10:15:00,FX:EURCAD,1.4620900000000001,1.46218,1.4609100000000002,1.46127,3961.0
2024-04-26 10:30:00,FX:EURCAD,1.46127,1.4615200000000002,1.46085,1.46117,4739.0
2024-04-26 10:45:00,FX:EURCAD,1.46117,1.4618900000000001,1.46082,1.4612800000000001,6458.0
2024-04-26 11:00:00,FX:EURCAD,1.4612800000000001,1.46207,1.46127,1.46149,5193.0
2024-04-26 11:15:00,FX:EURCAD,1.46149,1.46207,1.4614500000000001,1.4618200000000001,3463.0
2024-04-26 11:30:00,FX:EURCAD,1.4618200000000001,1.4626000000000001,1.4618200000000001,1.4623300000000001,2653.0
2024-04-26 11:45:00,FX:EURCAD,1.4623300000000001,1.4624700000000002,1.4616200000000001,1.46167,2575.0
2024-04-26 12:00:00,FX:EURCAD,1.46167,1.4621600000000001,1.46167,1.4618900000000001,2590.0
2024-04-26 12:15:00,FX:EURCAD,1.4618900000000001,1.46246,1.46173,1.46229,2018.0
2024-04-26 12:30:00,FX:EURCAD,1.46229,1.46252,1.46197,1.46241,1454.0
2024-04-26 12:45:00,FX:EURCAD,1.46241,1.46246,1.46211,1.46219,1292.0
2024-04-26 13:00:00,FX:EURCAD,1.46219,1.4625000000000001,1.46218,1.46242,1452.0
2024-04-26 13:15:00,FX:EURCAD,1.46242,1.4624300000000001,1.4618900000000001,1.46204,1281.0
2024-04-26 13:30:00,FX:EURCAD,1.46204,1.4620900000000001,1.46184,1.46198,1213.0
2024-04-26 13:45:00,FX:EURCAD,1.46198,1.4620300000000002,1.46163,1.46173,1358.0
2024-04-26 14:00:00,FX:EURCAD,1.46173,1.46192,1.46136,1.4618600000000002,1218.0
2024-04-26 14:15:00,FX:EURCAD,1.4618600000000002,1.46204,1.46181,1.46197,1229.0
2024-04-26 14:30:00,FX:EURCAD,1.46197,1.4623300000000001,1.46188,1.4619600000000001,1551.0
2024-04-26 14:45:00,FX:EURCAD,1.4619600000000001,1.46214,1.46178,1.46185,1750.0
2024-04-26 15:00:00,FX:EURCAD,1.46185,1.4621300000000002,1.4617200000000001,1.4620900000000001,1576.0
2024-04-26 15:15:00,FX:EURCAD,1.4620900000000001,1.46219,1.46183,1.46187,1091.0
2024-04-26 15:30:00,FX:EURCAD,1.46187,1.4618900000000001,1.4615500000000001,1.46175,1327.0
2024-04-26 15:45:00,FX:EURCAD,1.46175,1.4623300000000001,1.46163,1.46228,1469.0
2024-04-26 16:00:00,FX:EURCAD,1.46228,1.4624000000000001,1.46163,1.4618200000000001,1045.0
2024-04-26 16:15:00,FX:EURCAD,1.4618200000000001,1.46215,1.46137,1.4614500000000001,1130.0
2024-04-26 16:30:00,FX:EURCAD,1.4614500000000001,1.46159,1.46109,1.46147,738.0
2024-04-26 16:45:00,FX:EURCAD,1.46147,1.46177,1.4608700000000001,1.46096,696.0
2024-04-28 17:00:00,FX:EURCAD,1.46258,1.46258,1.46103,1.46154,281.0
2024-04-28 17:15:00,FX:EURCAD,1.46154,1.4618200000000001,1.46119,1.46173,309.0
2024-04-28 17:30:00,FX:EURCAD,1.46173,1.46184,1.4614200000000002,1.46154,315.0
2024-04-28 17:45:00,FX:EURCAD,1.46154,1.46167,1.46132,1.46141,421.0
2024-04-28 18:00:00,FX:EURCAD,1.46141,1.46214,1.46107,1.46205,654.0
2024-04-28 18:15:00,FX:EURCAD,1.46205,1.4623000000000002,1.46201,1.46229,240.0
2024-04-28 18:30:00,FX:EURCAD,1.46229,1.4624300000000001,1.4621300000000002,1.46217,338.0
2024-04-28 18:45:00,FX:EURCAD,1.46217,1.46228,1.46205,1.46214,416.0
2024-04-28 19:00:00,FX:EURCAD,1.46214,1.4622600000000001,1.462,1.46222,514.0
2024-04-28 19:15:00,FX:EURCAD,1.46222,1.46235,1.4621,1.46235,603.0
2024-04-28 19:30:00,FX:EURCAD,1.46235,1.46235,1.46215,1.46219,708.0
2024-04-28 19:45:00,FX:EURCAD,1.46219,1.46231,1.46201,1.4620600000000001,629.0
2024-04-28 20:00:00,FX:EURCAD,1.4620600000000001,1.4624000000000001,1.4619600000000001,1.4623000000000002,1368.0
2024-04-28 20:15:00,FX:EURCAD,1.4623000000000002,1.4625000000000001,1.46228,1.46238,884.0
2024-04-28 20:30:00,FX:EURCAD,1.46238,1.46244,1.46225,1.4623000000000002,941.0
2024-04-28 20:45:00,FX:EURCAD,1.4623000000000002,1.46237,1.4620300000000002,1.4621300000000002,1070.0
2024-04-28 21:00:00,FX:EURCAD,1.4621300000000002,1.4624300000000001,1.4620900000000001,1.46235,2008.0
2024-04-28 21:15:00,FX:EURCAD,1.46235,1.46259,1.4622300000000001,1.46235,1429.0
2024-04-28 21:30:00,FX:EURCAD,1.46235,1.46273,1.46229,1.46245,3957.0
2024-04-28 21:45:00,FX:EURCAD,1.46245,1.46259,1.46225,1.46236,2381.0
2024-04-28 22:00:00,FX:EURCAD,1.46236,1.46244,1.4621600000000001,1.46222,1687.0
2024-04-28 22:15:00,FX:EURCAD,1.46222,1.4625000000000001,1.46219,1.46239,1281.0
2024-04-28 22:30:00,FX:EURCAD,1.46239,1.46252,1.46221,1.46248,1356.0
2024-04-28 22:45:00,FX:EURCAD,1.46248,1.46255,1.46222,1.46237,1488.0
2024-04-28 23:00:00,FX:EURCAD,1.46237,1.46258,1.46235,1.46242,956.0
2024-04-28 23:15:00,FX:EURCAD,1.46242,1.4626000000000001,1.46231,1.46258,803.0
2024-04-28 23:30:00,FX:EURCAD,1.46258,1.46273,1.46249,1.4626400000000002,1020.0
2024-04-28 23:45:00,FX:EURCAD,1.4626400000000002,1.46268,1.46249,1.46262,671.0
2024-04-29 00:00:00,FX:EURCAD,1.46262,1.46305,1.46237,1.46288,4618.0
2024-04-29 00:15:00,FX:EURCAD,1.46288,1.46327,1.46261,1.4627700000000001,5151.0
2024-04-29 00:30:00,FX:EURCAD,1.4627700000000001,1.4630100000000001,1.46258,1.4626700000000001,3946.0
2024-04-29 00:45:00,FX:EURCAD,1.4626700000000001,1.46358,1.46259,1.46324,3474.0
2024-04-29 01:00:00,FX:EURCAD,1.46324,1.46398,1.4631100000000001,1.46376,4764.0
2024-04-29 01:15:00,FX:EURCAD,1.46376,1.46401,1.46344,1.46351,2642.0
2024-04-29 01:30:00,FX:EURCAD,1.46351,1.46367,1.46337,1.46344,2922.0
2024-04-29 01:45:00,FX:EURCAD,1.46344,1.4636,1.46327,1.4633500000000002,2027.0
2024-04-29 02:00:00,FX:EURCAD,1.4633500000000002,1.46385,1.46307,1.46363,2924.0
2024-04-29 02:15:00,FX:EURCAD,1.46363,1.46364,1.46326,1.4634200000000002,2252.0
2024-04-29 02:30:00,FX:EURCAD,1.4634200000000002,1.46357,1.46313,1.46316,2524.0
2024-04-29 02:45:00,FX:EURCAD,1.46316,1.46343,1.46313,1.46339,2073.0
2024-04-29 03:00:00,FX:EURCAD,1.46339,1.4641,1.46256,1.46405,6597.0
2024-04-29 03:15:00,FX:EURCAD,1.46405,1.46437,1.46339,1.46341,6547.0
2024-04-29 03:30:00,FX:EURCAD,1.46341,1.4643300000000001,1.46326,1.4636500000000001,5813.0
2024-04-29 03:45:00,FX:EURCAD,1.4636500000000001,1.4638,1.46297,1.46362,3414.0
2024-04-29 04:00:00,FX:EURCAD,1.46362,1.46439,1.46345,1.46407,3929.0
2024-04-29 04:15:00,FX:EURCAD,1.46407,1.46414,1.46337,1.46356,3784.0
2024-04-29 04:30:00,FX:EURCAD,1.46356,1.46367,1.46219,1.4624300000000001,3946.0
2024-04-29 04:45:00,FX:EURCAD,1.4624300000000001,1.46261,1.46176,1.46196,3273.0
2024-04-29 05:00:00,FX:EURCAD,1.46196,1.46227,1.46123,1.46128,3422.0
2024-04-29 05:15:00,FX:EURCAD,1.46128,1.46287,1.46103,1.46278,3112.0
2024-04-29 05:30:00,FX:EURCAD,1.4627700000000001,1.4635,1.46255,1.46323,2301.0
2024-04-29 05:45:00,FX:EURCAD,1.46323,1.46329,1.46274,1.46298,2242.0
2024-04-29 06:00:00,FX:EURCAD,1.46298,1.4632,1.46268,1.46299,1805.0
2024-04-29 06:15:00,FX:EURCAD,1.46299,1.46314,1.46269,1.46298,1895.0
2024-04-29 06:30:00,FX:EURCAD,1.46298,1.46351,1.46292,1.46347,1362.0
2024-04-29 06:45:00,FX:EURCAD,1.46347,1.4636,1.46316,1.46321,1584.0
2024-04-29 07:00:00,FX:EURCAD,1.46321,1.46339,1.46294,1.46337,1640.0
2024-04-29 07:15:00,FX:EURCAD,1.46337,1.4639,1.46326,1.46328,1703.0
2024-04-29 07:30:00,FX:EURCAD,1.4632800000000001,1.46333,1.46236,1.46237,2716.0
2024-04-29 07:45:00,FX:EURCAD,1.46237,1.46278,1.46212,1.46268,2012.0
2024-04-29 08:00:00,FX:EURCAD,1.46268,1.46375,1.46258,1.46371,2415.0
2024-04-29 08:15:00,FX:EURCAD,1.46371,1.46421,1.4636,1.46408,2288.0
2024-04-29 08:30:00,FX:EURCAD,1.46408,1.46448,1.46331,1.46334,2988.0
2024-04-29 08:45:00,FX:EURCAD,1.46334,1.4634200000000002,1.46192,1.46201,3321.0
2024-04-29 09:00:00,FX:EURCAD,1.46201,1.46216,1.46138,1.46214,2977.0
2024-04-29 09:15:00,FX:EURCAD,1.46214,1.46242,1.46176,1.46177,2359.0
2024-04-29 09:30:00,FX:EURCAD,1.46177,1.4619900000000001,1.46059,1.4619900000000001,5566.0
2024-04-29 09:45:00,FX:EURCAD,1.4619900000000001,1.46263,1.46155,1.4625,3927.0
2024-04-29 10:00:00,FX:EURCAD,1.4625,1.46365,1.46244,1.46331,3285.0
2024-04-29 10:15:00,FX:EURCAD,1.46331,1.46362,1.46305,1.46359,2556.0
2024-04-29 10:30:00,FX:EURCAD,1.46359,1.46387,1.46324,1.4635500000000001,3274.0
2024-04-29 10:45:00,FX:EURCAD,1.4635500000000001,1.46363,1.46214,1.46221,3868.0
2024-04-29 11:00:00,FX:EURCAD,1.46221,1.46364,1.46221,1.46323,3992.0
2024-04-29 11:15:00,FX:EURCAD,1.46323,1.46328,1.4626,1.46301,2872.0
2024-04-29 11:30:00,FX:EURCAD,1.463,1.4632,1.46279,1.46285,2516.0
2024-04-29 11:45:00,FX:EURCAD,1.46285,1.46322,1.46285,1.4629,1869.0
2024-04-29 12:00:00,FX:EURCAD,1.4629,1.46356,1.46285,1.46337,1826.0
2024-04-29 12:15:00,FX:EURCAD,1.46337,1.46373,1.46312,1.46314,1857.0
2024-04-29 12:30:00,FX:EURCAD,1.46314,1.4636900000000002,1.46307,1.46358,2704.0
2024-04-29 12:45:00,FX:EURCAD,1.46358,1.4643,1.46347,1.46409,2904.0
2024-04-29 13:00:00,FX:EURCAD,1.46409,1.46447,1.46395,1.46434,1911.0
2024-04-29 13:15:00,FX:EURCAD,1.46434,1.46439,1.46374,1.46395,1569.0
2024-04-29 13:30:00,FX:EURCAD,1.46395,1.4641300000000002,1.4638600000000002,1.4640600000000001,1485.0
2024-04-29 13:45:00,FX:EURCAD,1.4640600000000001,1.46415,1.46389,1.46413,1360.0
2024-04-29 14:00:00,FX:EURCAD,1.46413,1.46417,1.46378,1.46396,2045.0
2024-04-29 14:15:00,FX:EURCAD,1.46396,1.46421,1.46389,1.46412,1388.0
2024-04-29 14:30:00,FX:EURCAD,1.46412,1.46448,1.46412,1.4642300000000001,2047.0
2024-04-29 14:45:00,FX:EURCAD,1.4642300000000001,1.46497,1.46421,1.4649,2385.0
2024-04-29 15:00:00,FX:EURCAD,1.4649,1.46509,1.4647,1.46475,3840.0
2024-04-29 15:15:00,FX:EURCAD,1.46475,1.46486,1.46445,1.46469,2327.0
2024-04-29 15:30:00,FX:EURCAD,1.46469,1.46488,1.46458,1.4647400000000002,2045.0
2024-04-29 15:45:00,FX:EURCAD,1.4647400000000002,1.46495,1.46463,1.4647,1695.0
2024-04-29 16:00:00,FX:EURCAD,1.4647,1.4647,1.46434,1.46449,1133.0
2024-04-29 16:15:00,FX:EURCAD,1.46449,1.46462,1.46438,1.46451,988.0
2024-04-29 16:30:00,FX:EURCAD,1.46451,1.4645700000000001,1.46427,1.46427,928.0
2024-04-29 16:45:00,FX:EURCAD,1.46427,1.46442,1.46399,1.46399,1409.0
2024-04-29 17:00:00,FX:EURCAD,1.46399,1.4651,1.46399,1.46449,190.0
2024-04-29 17:15:00,FX:EURCAD,1.46449,1.46449,1.46424,1.46442,412.0
2024-04-29 17:30:00,FX:EURCAD,1.46442,1.4646700000000001,1.46422,1.46453,819.0
2024-04-29 17:45:00,FX:EURCAD,1.46453,1.46466,1.46424,1.46443,1363.0
2024-04-29 18:00:00,FX:EURCAD,1.46443,1.46468,1.46424,1.46463,417.0
2024-04-29 18:15:00,FX:EURCAD,1.46463,1.46465,1.46435,1.46436,224.0
2024-04-29 18:30:00,FX:EURCAD,1.46436,1.46463,1.46429,1.46453,259.0
2024-04-29 18:45:00,FX:EURCAD,1.46453,1.46461,1.46435,1.46439,243.0
2024-04-29 19:00:00,FX:EURCAD,1.46439,1.46452,1.46421,1.46437,501.0
2024-04-29 19:15:00,FX:EURCAD,1.46437,1.4645,1.4643,1.46445,226.0
2024-04-29 19:30:00,FX:EURCAD,1.46445,1.4645700000000001,1.46434,1.46441,453.0
2024-04-29 19:45:00,FX:EURCAD,1.46441,1.46454,1.46432,1.46441,1005.0
2024-04-29 20:00:00,FX:EURCAD,1.46441,1.46448,1.46417,1.46429,1381.0
2024-04-29 20:15:00,FX:EURCAD,1.46429,1.46434,1.46402,1.46416,948.0
2024-04-29 20:30:00,FX:EURCAD,1.4641600000000001,1.46437,1.4641,1.4643300000000001,598.0
2024-04-29 20:45:00,FX:EURCAD,1.4643300000000001,1.46477,1.46429,1.46446,1374.0
2024-04-29 21:00:00,FX:EURCAD,1.46446,1.46456,1.4642,1.46426,1181.0
2024-04-29 21:15:00,FX:EURCAD,1.46426,1.46439,1.46407,1.46427,876.0
2024-04-29 21:30:00,FX:EURCAD,1.46427,1.4644000000000001,1.46366,1.46374,1413.0
2024-04-29 21:45:00,FX:EURCAD,1.46374,1.46405,1.46361,1.46394,1411.0
2024-04-29 22:00:00,FX:EURCAD,1.46394,1.464,1.4636,1.46374,1387.0
2024-04-29 22:15:00,FX:EURCAD,1.46374,1.46385,1.46358,1.46375,801.0
2024-04-29 22:30:00,FX:EURCAD,1.46375,1.46398,1.46373,1.46398,741.0
2024-04-29 22:45:00,FX:EURCAD,1.46398,1.46422,1.46393,1.46409,1092.0
2024-04-29 23:00:00,FX:EURCAD,1.46409,1.46438,1.46401,1.46437,1132.0
2024-04-29 23:15:00,FX:EURCAD,1.46437,1.46445,1.46422,1.46428,889.0
2024-04-29 23:30:00,FX:EURCAD,1.46428,1.46446,1.46418,1.4643000000000002,878.0
2024-04-29 23:45:00,FX:EURCAD,1.4643000000000002,1.46446,1.46424,1.46446,631.0
2024-04-30 00:00:00,FX:EURCAD,1.46446,1.46449,1.46427,1.46434,677.0
2024-04-30 00:15:00,FX:EURCAD,1.46434,1.4646,1.46425,1.46456,558.0
2024-04-30 00:30:00,FX:EURCAD,1.46456,1.46474,1.46441,1.46468,1113.0
2024-04-30 00:45:00,FX:EURCAD,1.46468,1.46478,1.46452,1.46462,788.0
2024-04-30 01:00:00,FX:EURCAD,1.46462,1.46493,1.46457,1.46483,1254.0
2024-04-30 01:15:00,FX:EURCAD,1.46483,1.46502,1.46482,1.4649,1012.0
2024-04-30 01:30:00,FX:EURCAD,1.4649,1.4650400000000001,1.46475,1.4649100000000002,1839.0
2024-04-30 01:45:00,FX:EURCAD,1.4649100000000002,1.4651800000000001,1.46456,1.4651100000000001,1732.0
2024-04-30 02:00:00,FX:EURCAD,1.4651100000000001,1.4651100000000001,1.4648400000000001,1.46498,458.0
