datetime,symbol,open,high,low,close,volume
2024-04-30 16:00:00,FX:EURGBP,0.8537399999999999,0.85397,0.85331,0.8536,381.0
2024-04-30 16:15:00,FX:EURGBP,0.8536,0.85403,0.85337,0.85394,498.0
2024-04-30 16:30:00,FX:EURGBP,0.85394,0.85397,0.85355,0.85359,736.0
2024-04-30 16:45:00,FX:EURGBP,0.85359,0.85381,0.85358,0.85367,505.0
2024-04-30 17:00:00,FX:EURGBP,0.85367,0.85407,0.85355,0.854,499.0
2024-04-30 17:15:00,FX:EURGBP,0.854,0.85404,0.85394,0.85397,387.0
2024-04-30 17:30:00,FX:EURGBP,0.85397,0.85403,0.85394,0.85399,319.0
2024-04-30 17:45:00,FX:EURGBP,0.85399,0.85405,0.85394,0.85399,646.0
2024-04-30 18:00:00,FX:EURGBP,0.85399,0.85407,0.85394,0.85403,567.0
2024-04-30 18:15:00,FX:EURGBP,0.85403,0.85406,0.8539599999999999,0.85404,561.0
2024-04-30 18:30:00,FX:EURGBP,0.85404,0.85407,0.854,0.85402,683.0
2024-04-30 18:45:00,FX:EURGBP,0.85402,0.85406,0.85399,0.85404,715.0
2024-04-30 19:00:00,FX:EURGBP,0.85404,0.85408,0.85392,0.85399,1063.0
2024-04-30 19:15:00,FX:EURGBP,0.85399,0.85405,0.85386,0.85398,1134.0
2024-04-30 19:30:00,FX:EURGBP,0.85398,0.85398,0.85377,0.85384,942.0
2024-04-30 19:45:00,FX:EURGBP,0.85384,0.8539,0.85372,0.85389,1063.0
2024-04-30 20:00:00,FX:EURGBP,0.85389,0.85393,0.85377,0.8537899999999999,929.0
2024-04-30 20:15:00,FX:EURGBP,0.8537899999999999,0.85388,0.85377,0.85385,994.0
2024-04-30 20:30:00,FX:EURGBP,0.85385,0.85404,0.85381,0.8540099999999999,726.0
2024-04-30 20:45:00,FX:EURGBP,0.8540099999999999,0.85404,0.8539,0.85394,840.0
2024-04-30 21:00:00,FX:EURGBP,0.85394,0.85405,0.8539,0.85399,623.0
2024-04-30 21:15:00,FX:EURGBP,0.85399,0.8540099999999999,0.85392,0.85392,485.0
2024-04-30 21:30:00,FX:EURGBP,0.85392,0.85393,0.8538,0.8538,563.0
2024-04-30 21:45:00,FX:EURGBP,0.8538,0.8539,0.85378,0.85389,486.0
2024-04-30 22:00:00,FX:EURGBP,0.85389,0.85414,0.85389,0.85412,428.0
2024-04-30 22:15:00,FX:EURGBP,0.85412,0.8542,0.85412,0.8541799999999999,403.0
2024-04-30 22:30:00,FX:EURGBP,0.8541799999999999,0.85427,0.85416,0.8542299999999999,320.0
2024-04-30 22:45:00,FX:EURGBP,0.8542299999999999,0.8543999999999999,0.85422,0.85431,685.0
2024-04-30 23:00:00,FX:EURGBP,0.85431,0.8543499999999999,0.85426,0.85432,542.0
2024-04-30 23:15:00,FX:EURGBP,0.85432,0.85432,0.85407,0.85408,549.0
2024-04-30 23:30:00,FX:EURGBP,0.85408,0.85412,0.85397,0.85398,640.0
2024-04-30 23:45:00,FX:EURGBP,0.85398,0.85402,0.85395,0.85399,601.0
2024-05-01 00:00:00,FX:EURGBP,0.85399,0.85408,0.85399,0.85406,801.0
2024-05-01 00:15:00,FX:EURGBP,0.85406,0.85409,0.854,0.85404,658.0
2024-05-01 00:30:00,FX:EURGBP,0.85404,0.85405,0.85384,0.85385,660.0
2024-05-01 00:45:00,FX:EURGBP,0.85385,0.85402,0.85385,0.8540099999999999,875.0
2024-05-01 01:00:00,FX:EURGBP,0.8540099999999999,0.85436,0.8540099999999999,0.85431,1634.0
2024-05-01 01:15:00,FX:EURGBP,0.85431,0.85433,0.85417,0.85424,1227.0
2024-05-01 01:30:00,FX:EURGBP,0.85424,0.8543499999999999,0.85407,0.85415,1399.0
2024-05-01 01:45:00,FX:EURGBP,0.85415,0.85434,0.85403,0.85432,1775.0
2024-05-01 02:00:00,FX:EURGBP,0.85432,0.85432,0.85402,0.85405,1828.0
2024-05-01 02:15:00,FX:EURGBP,0.85405,0.85414,0.8538,0.85385,1365.0
2024-05-01 02:30:00,FX:EURGBP,0.85385,0.85394,0.85377,0.85386,1025.0
2024-05-01 02:45:00,FX:EURGBP,0.85386,0.85404,0.85385,0.85392,1279.0
2024-05-01 03:00:00,FX:EURGBP,0.85392,0.85413,0.85387,0.85409,1555.0
2024-05-01 03:15:00,FX:EURGBP,0.85409,0.85421,0.8539599999999999,0.85403,1329.0
2024-05-01 03:30:00,FX:EURGBP,0.85403,0.85407,0.85376,0.8540099999999999,1541.0
2024-05-01 03:45:00,FX:EURGBP,0.8540099999999999,0.8540099999999999,0.85365,0.85369,1190.0
2024-05-01 04:00:00,FX:EURGBP,0.85369,0.85404,0.85369,0.8540099999999999,1465.0
2024-05-01 04:15:00,FX:EURGBP,0.8540099999999999,0.85438,0.854,0.85431,840.0
2024-05-01 04:30:00,FX:EURGBP,0.85431,0.85443,0.8542299999999999,0.85429,1238.0
2024-05-01 04:45:00,FX:EURGBP,0.85429,0.85443,0.85412,0.85421,1822.0
2024-05-01 05:00:00,FX:EURGBP,0.85421,0.8545,0.8541799999999999,0.85443,1589.0
2024-05-01 05:15:00,FX:EURGBP,0.85443,0.85463,0.8543,0.85458,1159.0
2024-05-01 05:30:00,FX:EURGBP,0.85458,0.85485,0.85454,0.85472,1315.0
2024-05-01 05:45:00,FX:EURGBP,0.85472,0.85477,0.85448,0.85452,1068.0
2024-05-01 06:00:00,FX:EURGBP,0.85452,0.85489,0.85452,0.85476,1306.0
2024-05-01 06:15:00,FX:EURGBP,0.85476,0.85522,0.85476,0.8551,1374.0
2024-05-01 06:30:00,FX:EURGBP,0.8551,0.8553,0.8549,0.85493,979.0
2024-05-01 06:45:00,FX:EURGBP,0.85493,0.85494,0.8547,0.85477,1579.0
2024-05-01 07:00:00,FX:EURGBP,0.85477,0.85506,0.8547399999999999,0.85488,1804.0
2024-05-01 07:15:00,FX:EURGBP,0.85488,0.85514,0.85463,0.85502,3341.0
2024-05-01 07:30:00,FX:EURGBP,0.85502,0.85532,0.85495,0.85512,3169.0
2024-05-01 07:45:00,FX:EURGBP,0.85512,0.8555699999999999,0.85512,0.8555699999999999,2542.0
2024-05-01 08:00:00,FX:EURGBP,0.8555699999999999,0.85564,0.85516,0.85546,1918.0
2024-05-01 08:15:00,FX:EURGBP,0.85546,0.85567,0.85539,0.85545,2173.0
2024-05-01 08:30:00,FX:EURGBP,0.85545,0.8555699999999999,0.85522,0.85536,2156.0
2024-05-01 08:45:00,FX:EURGBP,0.85536,0.85576,0.85531,0.8553499999999999,2558.0
2024-05-01 09:00:00,FX:EURGBP,0.8553499999999999,0.85583,0.8545,0.85567,7415.0
2024-05-01 09:15:00,FX:EURGBP,0.85567,0.85578,0.85552,0.8556,3313.0
2024-05-01 09:30:00,FX:EURGBP,0.8556,0.8556199999999999,0.85506,0.85507,2673.0
2024-05-01 09:45:00,FX:EURGBP,0.85507,0.8553,0.85499,0.85516,2567.0
2024-05-01 10:00:00,FX:EURGBP,0.85516,0.85543,0.85513,0.85514,2445.0
2024-05-01 10:15:00,FX:EURGBP,0.85514,0.85531,0.85503,0.85527,2239.0
2024-05-01 10:30:00,FX:EURGBP,0.85527,0.85551,0.85515,0.85541,1713.0
2024-05-01 10:45:00,FX:EURGBP,0.85541,0.85547,0.8551799999999999,0.85521,1224.0
2024-05-01 11:00:00,FX:EURGBP,0.85521,0.8553,0.85511,0.8551799999999999,1416.0
2024-05-01 11:15:00,FX:EURGBP,0.8551799999999999,0.85537,0.85504,0.85513,1234.0
2024-05-01 11:30:00,FX:EURGBP,0.85513,0.85531,0.85503,0.85505,1358.0
2024-05-01 11:45:00,FX:EURGBP,0.85505,0.85511,0.85491,0.85503,1203.0
2024-05-01 12:00:00,FX:EURGBP,0.85503,0.85516,0.85492,0.85515,1315.0
2024-05-01 12:15:00,FX:EURGBP,0.85515,0.85517,0.855,0.85512,1185.0
2024-05-01 12:30:00,FX:EURGBP,0.85512,0.8551799999999999,0.85505,0.85514,1094.0
2024-05-01 12:45:00,FX:EURGBP,0.85514,0.85524,0.85448,0.85448,2080.0
2024-05-01 13:00:00,FX:EURGBP,0.85448,0.85512,0.85441,0.85492,11408.0
2024-05-01 13:15:00,FX:EURGBP,0.85492,0.85516,0.85477,0.85486,4517.0
2024-05-01 13:30:00,FX:EURGBP,0.85486,0.85546,0.85482,0.85519,13751.0
2024-05-01 13:45:00,FX:EURGBP,0.85519,0.85537,0.85497,0.85508,9385.0
2024-05-01 14:00:00,FX:EURGBP,0.85508,0.85531,0.85488,0.85512,6763.0
2024-05-01 14:15:00,FX:EURGBP,0.85512,0.85548,0.85508,0.85531,6239.0
2024-05-01 14:30:00,FX:EURGBP,0.85531,0.85543,0.8551799999999999,0.85542,4902.0
2024-05-01 14:45:00,FX:EURGBP,0.85542,0.8556199999999999,0.85526,0.85559,3645.0
2024-05-01 15:00:00,FX:EURGBP,0.85559,0.85577,0.85524,0.85537,2890.0
2024-05-01 15:15:00,FX:EURGBP,0.85537,0.85558,0.85526,0.85529,4071.0
2024-05-01 15:30:00,FX:EURGBP,0.85529,0.85546,0.85513,0.85536,3863.0
2024-05-01 15:45:00,FX:EURGBP,0.85536,0.85554,0.85495,0.85522,3180.0
2024-05-01 16:00:00,FX:EURGBP,0.85522,0.85522,0.85476,0.85502,209.0
2024-05-01 16:15:00,FX:EURGBP,0.85502,0.85548,0.85486,0.85516,823.0
2024-05-01 16:30:00,FX:EURGBP,0.85516,0.85544,0.85448,0.85483,1820.0
2024-05-01 16:45:00,FX:EURGBP,0.85483,0.85544,0.85483,0.85519,1778.0
2024-05-01 17:00:00,FX:EURGBP,0.85519,0.8553499999999999,0.85488,0.85504,971.0
2024-05-01 17:15:00,FX:EURGBP,0.85504,0.85505,0.85486,0.85489,440.0
2024-05-01 17:30:00,FX:EURGBP,0.85489,0.85504,0.85483,0.85502,263.0
2024-05-01 17:45:00,FX:EURGBP,0.85502,0.85512,0.85502,0.85505,108.0
2024-05-01 18:00:00,FX:EURGBP,0.85505,0.85509,0.85494,0.85497,614.0
2024-05-01 18:15:00,FX:EURGBP,0.85497,0.8550099999999999,0.8549,0.8549599999999999,604.0
2024-05-01 18:30:00,FX:EURGBP,0.8549599999999999,0.85497,0.85476,0.85491,753.0
2024-05-01 18:45:00,FX:EURGBP,0.85491,0.85492,0.85473,0.85491,1004.0
2024-05-01 19:00:00,FX:EURGBP,0.85491,0.85495,0.85464,0.85487,1212.0
2024-05-01 19:15:00,FX:EURGBP,0.85487,0.8549599999999999,0.8547899999999999,0.85491,888.0
2024-05-01 19:30:00,FX:EURGBP,0.85491,0.855,0.85485,0.85497,833.0
2024-05-01 19:45:00,FX:EURGBP,0.85497,0.85513,0.85493,0.85507,1302.0
2024-05-01 20:00:00,FX:EURGBP,0.85507,0.8551799999999999,0.8550099999999999,0.85508,1347.0
2024-05-01 20:15:00,FX:EURGBP,0.85508,0.85513,0.855,0.85507,1081.0
2024-05-01 20:30:00,FX:EURGBP,0.85507,0.85521,0.85502,0.85508,1541.0
2024-05-01 20:45:00,FX:EURGBP,0.85508,0.8552299999999999,0.85507,0.8551,1104.0
2024-05-01 21:00:00,FX:EURGBP,0.8551,0.8551799999999999,0.85491,0.85492,1325.0
2024-05-01 21:15:00,FX:EURGBP,0.85492,0.85506,0.85492,0.85505,1259.0
2024-05-01 21:30:00,FX:EURGBP,0.85505,0.85513,0.8549599999999999,0.85498,1330.0
2024-05-01 21:45:00,FX:EURGBP,0.85498,0.85502,0.85487,0.85495,1370.0
2024-05-01 22:00:00,FX:EURGBP,0.85495,0.85502,0.85484,0.8549,1181.0
2024-05-01 22:15:00,FX:EURGBP,0.8549,0.85498,0.85485,0.8549599999999999,993.0
2024-05-01 22:30:00,FX:EURGBP,0.8549599999999999,0.85512,0.8549599999999999,0.85507,865.0
2024-05-01 22:45:00,FX:EURGBP,0.85507,0.85517,0.855,0.85511,801.0
2024-05-01 23:00:00,FX:EURGBP,0.85511,0.85514,0.85499,0.85505,907.0
2024-05-01 23:15:00,FX:EURGBP,0.85505,0.85514,0.855,0.85508,901.0
2024-05-01 23:30:00,FX:EURGBP,0.85508,0.85511,0.8550099999999999,0.85502,915.0
2024-05-01 23:45:00,FX:EURGBP,0.85502,0.85515,0.85502,0.85511,969.0
2024-05-02 00:00:00,FX:EURGBP,0.85511,0.85527,0.8551,0.8551799999999999,1031.0
2024-05-02 00:15:00,FX:EURGBP,0.8551799999999999,0.85524,0.85506,0.85506,1047.0
2024-05-02 00:30:00,FX:EURGBP,0.85506,0.85512,0.85484,0.85487,1260.0
2024-05-02 00:45:00,FX:EURGBP,0.85487,0.8549599999999999,0.85482,0.8549599999999999,1386.0
2024-05-02 01:00:00,FX:EURGBP,0.8549599999999999,0.85503,0.85486,0.8550099999999999,2558.0
2024-05-02 01:15:00,FX:EURGBP,0.8550099999999999,0.8551799999999999,0.85494,0.8550099999999999,2489.0
2024-05-02 01:30:00,FX:EURGBP,0.8550099999999999,0.85594,0.8549599999999999,0.8559,4144.0
2024-05-02 01:45:00,FX:EURGBP,0.8559,0.8561,0.85583,0.85588,2323.0
2024-05-02 02:00:00,FX:EURGBP,0.85588,0.85589,0.85526,0.85539,3730.0
2024-05-02 02:15:00,FX:EURGBP,0.85539,0.8557,0.85531,0.8555699999999999,3220.0
2024-05-02 02:30:00,FX:EURGBP,0.8555699999999999,0.85561,0.85521,0.85544,2771.0
2024-05-02 02:45:00,FX:EURGBP,0.85544,0.85556,0.8552,0.85532,3416.0
2024-05-02 03:00:00,FX:EURGBP,0.85532,0.85554,0.85522,0.85539,3084.0
2024-05-02 03:15:00,FX:EURGBP,0.85539,0.85573,0.85538,0.85551,2604.0
2024-05-02 03:30:00,FX:EURGBP,0.85551,0.85556,0.855,0.8552,2872.0
2024-05-02 03:45:00,FX:EURGBP,0.8552,0.85532,0.85492,0.85493,1958.0
2024-05-02 04:00:00,FX:EURGBP,0.85493,0.85516,0.85483,0.85485,2258.0
2024-05-02 04:15:00,FX:EURGBP,0.85485,0.85525,0.85467,0.85502,2061.0
2024-05-02 04:30:00,FX:EURGBP,0.85502,0.8553,0.8549,0.85529,2003.0
2024-05-02 04:45:00,FX:EURGBP,0.85529,0.85541,0.85503,0.85519,1988.0
2024-05-02 05:00:00,FX:EURGBP,0.85519,0.85543,0.85491,0.85492,2335.0
2024-05-02 05:15:00,FX:EURGBP,0.85492,0.8551799999999999,0.85491,0.8551,2073.0
2024-05-02 05:30:00,FX:EURGBP,0.8551,0.85558,0.85506,0.85546,1818.0
2024-05-02 05:45:00,FX:EURGBP,0.85546,0.85559,0.8552,0.85551,1844.0
2024-05-02 06:00:00,FX:EURGBP,0.85551,0.85558,0.8553499999999999,0.85556,1888.0
2024-05-02 06:15:00,FX:EURGBP,0.85556,0.85559,0.85516,0.85532,1838.0
2024-05-02 06:30:00,FX:EURGBP,0.85532,0.8555699999999999,0.85515,0.85522,2367.0
2024-05-02 06:45:00,FX:EURGBP,0.85522,0.85546,0.8551799999999999,0.85521,1852.0
2024-05-02 07:00:00,FX:EURGBP,0.85521,0.85543,0.85517,0.8553,3096.0
2024-05-02 07:15:00,FX:EURGBP,0.8553,0.85543,0.85486,0.8549,2641.0
2024-05-02 07:30:00,FX:EURGBP,0.8549,0.8552299999999999,0.85481,0.85487,5260.0
2024-05-02 07:45:00,FX:EURGBP,0.85487,0.85526,0.8547399999999999,0.85509,4323.0
2024-05-02 08:00:00,FX:EURGBP,0.85509,0.85544,0.8550099999999999,0.85511,3685.0
2024-05-02 08:15:00,FX:EURGBP,0.85511,0.85545,0.85504,0.8553499999999999,3616.0
2024-05-02 08:30:00,FX:EURGBP,0.8553499999999999,0.85553,0.85514,0.8553999999999999,4669.0
2024-05-02 08:45:00,FX:EURGBP,0.8553999999999999,0.85546,0.8551,0.85536,3982.0
2024-05-02 09:00:00,FX:EURGBP,0.85536,0.85593,0.8553499999999999,0.8557899999999999,4846.0
2024-05-02 09:15:00,FX:EURGBP,0.8557899999999999,0.85611,0.85567,0.85599,4826.0
2024-05-02 09:30:00,FX:EURGBP,0.85599,0.85614,0.85568,0.85591,3144.0
2024-05-02 09:45:00,FX:EURGBP,0.85591,0.8562299999999999,0.85582,0.85613,3908.0
2024-05-02 10:00:00,FX:EURGBP,0.85613,0.85626,0.85574,0.8562,3314.0
2024-05-02 10:15:00,FX:EURGBP,0.8562,0.85642,0.85587,0.85612,2669.0
2024-05-02 10:30:00,FX:EURGBP,0.85612,0.8565,0.8560099999999999,0.85616,3838.0
2024-05-02 10:45:00,FX:EURGBP,0.85616,0.85621,0.85587,0.85597,2294.0
2024-05-02 11:00:00,FX:EURGBP,0.85597,0.85614,0.85592,0.85606,2390.0
2024-05-02 11:15:00,FX:EURGBP,0.85606,0.8561,0.85566,0.85593,2160.0
2024-05-02 11:30:00,FX:EURGBP,0.85593,0.85613,0.85587,0.85612,1793.0
2024-05-02 11:45:00,FX:EURGBP,0.85612,0.85643,0.85607,0.85625,2325.0
2024-05-02 12:00:00,FX:EURGBP,0.85625,0.8563999999999999,0.85604,0.85609,1958.0
2024-05-02 12:15:00,FX:EURGBP,0.85609,0.85619,0.8560099999999999,0.85608,1619.0
2024-05-02 12:30:00,FX:EURGBP,0.85608,0.85611,0.85587,0.85595,1889.0
2024-05-02 12:45:00,FX:EURGBP,0.85595,0.85617,0.85586,0.85606,1730.0
2024-05-02 13:00:00,FX:EURGBP,0.85606,0.85614,0.85593,0.85598,1878.0
2024-05-02 13:15:00,FX:EURGBP,0.85598,0.856,0.85586,0.85592,1879.0
2024-05-02 13:30:00,FX:EURGBP,0.85592,0.85598,0.85577,0.8557899999999999,1828.0
2024-05-02 13:45:00,FX:EURGBP,0.8557899999999999,0.85583,0.85571,0.8558,2144.0
2024-05-02 14:00:00,FX:EURGBP,0.8558,0.85588,0.85576,0.85577,1500.0
2024-05-02 14:15:00,FX:EURGBP,0.85577,0.85577,0.85553,0.85559,1513.0
2024-05-02 14:30:00,FX:EURGBP,0.85559,0.85576,0.85555,0.85569,1708.0
2024-05-02 14:45:00,FX:EURGBP,0.85569,0.85573,0.85555,0.85568,1478.0
2024-05-02 15:00:00,FX:EURGBP,0.85568,0.85572,0.85563,0.85568,1019.0
2024-05-02 15:15:00,FX:EURGBP,0.85568,0.8557,0.85561,0.85566,676.0
2024-05-02 15:30:00,FX:EURGBP,0.85566,0.85575,0.8556,0.85563,1058.0
2024-05-02 15:45:00,FX:EURGBP,0.85563,0.85571,0.85553,0.85565,1047.0
2024-05-02 16:00:00,FX:EURGBP,0.85565,0.8557,0.85502,0.85544,136.0
2024-05-02 16:15:00,FX:EURGBP,0.85544,0.85561,0.85507,0.85524,849.0
2024-05-02 16:30:00,FX:EURGBP,0.85524,0.85538,0.8550099999999999,0.8551799999999999,617.0
2024-05-02 16:45:00,FX:EURGBP,0.8551799999999999,0.85588,0.85513,0.85552,678.0
2024-05-02 17:00:00,FX:EURGBP,0.85552,0.8557,0.85539,0.8556199999999999,442.0
2024-05-02 17:15:00,FX:EURGBP,0.8556199999999999,0.85568,0.85558,0.85561,381.0
2024-05-02 17:30:00,FX:EURGBP,0.85561,0.8557,0.85561,0.85567,305.0
2024-05-02 17:45:00,FX:EURGBP,0.85567,0.8557,0.85565,0.85567,311.0
2024-05-02 18:00:00,FX:EURGBP,0.85567,0.85571,0.85556,0.85565,461.0
2024-05-02 18:15:00,FX:EURGBP,0.85565,0.85572,0.8556,0.85561,537.0
2024-05-02 18:30:00,FX:EURGBP,0.85561,0.85572,0.85561,0.8557,605.0
2024-05-02 18:45:00,FX:EURGBP,0.8557,0.85574,0.85563,0.85569,696.0
2024-05-02 19:00:00,FX:EURGBP,0.85569,0.85574,0.85558,0.85572,1435.0
2024-05-02 19:15:00,FX:EURGBP,0.85572,0.85589,0.85569,0.85583,1365.0
2024-05-02 19:30:00,FX:EURGBP,0.85583,0.8558399999999999,0.85568,0.85572,945.0
2024-05-02 19:45:00,FX:EURGBP,0.85572,0.85573,0.85536,0.85553,1382.0
2024-05-02 20:00:00,FX:EURGBP,0.85553,0.85568,0.85551,0.85559,993.0
2024-05-02 20:15:00,FX:EURGBP,0.85559,0.85564,0.85546,0.85551,1261.0
2024-05-02 20:30:00,FX:EURGBP,0.85551,0.85559,0.85532,0.85538,1756.0
2024-05-02 20:45:00,FX:EURGBP,0.85538,0.85544,0.85517,0.8551799999999999,1434.0
2024-05-02 21:00:00,FX:EURGBP,0.8551799999999999,0.85524,0.85512,0.85517,913.0
2024-05-02 21:15:00,FX:EURGBP,0.85517,0.85528,0.85513,0.85521,878.0
2024-05-02 21:30:00,FX:EURGBP,0.85521,0.85525,0.85516,0.85521,690.0
2024-05-02 21:45:00,FX:EURGBP,0.85521,0.85527,0.8552,0.8552299999999999,920.0
2024-05-02 22:00:00,FX:EURGBP,0.8552299999999999,0.8553,0.85517,0.85526,732.0
2024-05-02 22:15:00,FX:EURGBP,0.85526,0.85529,0.85519,0.85521,797.0
2024-05-02 22:30:00,FX:EURGBP,0.85521,0.85531,0.85519,0.85529,841.0
2024-05-02 22:45:00,FX:EURGBP,0.85529,0.85531,0.85522,0.8552299999999999,785.0
2024-05-02 23:00:00,FX:EURGBP,0.8552299999999999,0.85529,0.85516,0.85521,693.0
2024-05-02 23:15:00,FX:EURGBP,0.85521,0.85529,0.8552,0.85522,309.0
2024-05-02 23:30:00,FX:EURGBP,0.85522,0.85524,0.85517,0.8552,337.0
2024-05-02 23:45:00,FX:EURGBP,0.8552,0.8553499999999999,0.8551799999999999,0.8553499999999999,375.0
2024-05-03 00:00:00,FX:EURGBP,0.8553499999999999,0.85539,0.85527,0.85534,701.0
2024-05-03 00:15:00,FX:EURGBP,0.85534,0.85545,0.8553,0.85538,827.0
2024-05-03 00:30:00,FX:EURGBP,0.85538,0.85543,0.8553,0.85533,1102.0
2024-05-03 00:45:00,FX:EURGBP,0.85533,0.85545,0.85521,0.85545,1036.0
2024-05-03 01:00:00,FX:EURGBP,0.85545,0.85551,0.85532,0.85541,2085.0
2024-05-03 01:15:00,FX:EURGBP,0.85541,0.85558,0.85531,0.85548,1764.0
2024-05-03 01:30:00,FX:EURGBP,0.85548,0.85568,0.85542,0.85556,1436.0
2024-05-03 01:45:00,FX:EURGBP,0.85556,0.85565,0.85538,0.85538,1855.0
2024-05-03 02:00:00,FX:EURGBP,0.85538,0.85541,0.8552299999999999,0.85524,2433.0
2024-05-03 02:15:00,FX:EURGBP,0.85524,0.85541,0.85516,0.85531,2462.0
2024-05-03 02:30:00,FX:EURGBP,0.85531,0.85548,0.85514,0.85542,1825.0
2024-05-03 02:45:00,FX:EURGBP,0.85542,0.85565,0.85538,0.8555,1774.0
2024-05-03 03:00:00,FX:EURGBP,0.8555,0.8556,0.85529,0.85544,2916.0
2024-05-03 03:15:00,FX:EURGBP,0.85544,0.8555699999999999,0.85542,0.85549,1785.0
2024-05-03 03:30:00,FX:EURGBP,0.85549,0.85551,0.85512,0.8551799999999999,1901.0
2024-05-03 03:45:00,FX:EURGBP,0.8551799999999999,0.85559,0.85516,0.8553499999999999,1874.0
2024-05-03 04:00:00,FX:EURGBP,0.8553499999999999,0.8556,0.85531,0.8556,1765.0
2024-05-03 04:15:00,FX:EURGBP,0.8556,0.85561,0.85529,0.85529,1416.0
2024-05-03 04:30:00,FX:EURGBP,0.85529,0.8553499999999999,0.8551,0.85529,1607.0
2024-05-03 04:45:00,FX:EURGBP,0.85529,0.8553999999999999,0.85519,0.8553499999999999,1595.0
2024-05-03 05:00:00,FX:EURGBP,0.8553499999999999,0.85563,0.85532,0.85554,1919.0
2024-05-03 05:15:00,FX:EURGBP,0.85554,0.8557,0.85542,0.85551,1866.0
2024-05-03 05:30:00,FX:EURGBP,0.85551,0.85564,0.85547,0.8555,1307.0
2024-05-03 05:45:00,FX:EURGBP,0.8555,0.85566,0.85541,0.85549,1432.0
2024-05-03 06:00:00,FX:EURGBP,0.85549,0.8559,0.85542,0.8558399999999999,1736.0
2024-05-03 06:15:00,FX:EURGBP,0.8558399999999999,0.85622,0.8557899999999999,0.85612,1502.0
2024-05-03 06:30:00,FX:EURGBP,0.85612,0.8561799999999999,0.85588,0.85597,1740.0
2024-05-03 06:45:00,FX:EURGBP,0.85597,0.85611,0.85578,0.85593,2016.0
2024-05-03 07:00:00,FX:EURGBP,0.85593,0.85599,0.85561,0.85595,2623.0
2024-05-03 07:15:00,FX:EURGBP,0.85595,0.8562299999999999,0.85539,0.85539,2845.0
2024-05-03 07:30:00,FX:EURGBP,0.85539,0.85643,0.85429,0.85606,13429.0
2024-05-03 07:45:00,FX:EURGBP,0.85606,0.8567899999999999,0.8559,0.85625,8484.0
2024-05-03 08:00:00,FX:EURGBP,0.85625,0.85703,0.85609,0.85681,7410.0
2024-05-03 08:15:00,FX:EURGBP,0.85681,0.85712,0.85664,0.85702,5421.0
2024-05-03 08:30:00,FX:EURGBP,0.85702,0.85741,0.85702,0.85732,7391.0
2024-05-03 08:45:00,FX:EURGBP,0.85732,0.85758,0.85692,0.8572,6616.0
2024-05-03 09:00:00,FX:EURGBP,0.8572,0.8580599999999999,0.85632,0.85795,13016.0
2024-05-03 09:15:00,FX:EURGBP,0.85795,0.8582299999999999,0.85778,0.85821,7635.0
2024-05-03 09:30:00,FX:EURGBP,0.85821,0.85841,0.85789,0.8581,5645.0
2024-05-03 09:45:00,FX:EURGBP,0.8581,0.85844,0.8578399999999999,0.85815,4592.0
2024-05-03 10:00:00,FX:EURGBP,0.85815,0.85825,0.85792,0.85808,4227.0
2024-05-03 10:15:00,FX:EURGBP,0.85808,0.85864,0.85803,0.85822,2998.0
2024-05-03 10:30:00,FX:EURGBP,0.85822,0.85831,0.85798,0.85807,2856.0
2024-05-03 10:45:00,FX:EURGBP,0.85807,0.85853,0.858,0.8583,2469.0
2024-05-03 11:00:00,FX:EURGBP,0.8583,0.85861,0.85815,0.85821,2371.0
2024-05-03 11:15:00,FX:EURGBP,0.85821,0.85843,0.85814,0.85832,2206.0
2024-05-03 11:30:00,FX:EURGBP,0.85832,0.85842,0.85816,0.85838,2226.0
2024-05-03 11:45:00,FX:EURGBP,0.85838,0.8583999999999999,0.85812,0.85817,1767.0
2024-05-03 12:00:00,FX:EURGBP,0.85817,0.85828,0.85796,0.85797,1282.0
2024-05-03 12:15:00,FX:EURGBP,0.85797,0.85799,0.85773,0.85792,1450.0
2024-05-03 12:30:00,FX:EURGBP,0.85792,0.85816,0.85788,0.85813,1014.0
2024-05-03 12:45:00,FX:EURGBP,0.85813,0.85819,0.85802,0.85812,1212.0
2024-05-03 13:00:00,FX:EURGBP,0.85812,0.85816,0.85795,0.85798,1550.0
2024-05-03 13:15:00,FX:EURGBP,0.85798,0.85803,0.8578399999999999,0.85793,1151.0
2024-05-03 13:30:00,FX:EURGBP,0.85793,0.85802,0.85786,0.8580099999999999,1316.0
2024-05-03 13:45:00,FX:EURGBP,0.8580099999999999,0.85811,0.8578399999999999,0.85789,1504.0
2024-05-03 14:00:00,FX:EURGBP,0.85789,0.85804,0.85789,0.8580099999999999,1085.0
2024-05-03 14:15:00,FX:EURGBP,0.8580099999999999,0.8580599999999999,0.85782,0.85785,978.0
2024-05-03 14:30:00,FX:EURGBP,0.85785,0.8580599999999999,0.8578,0.85802,1101.0
2024-05-03 14:45:00,FX:EURGBP,0.85802,0.85805,0.85777,0.85782,1851.0
2024-05-03 15:00:00,FX:EURGBP,0.85782,0.85792,0.85777,0.85788,840.0
2024-05-03 15:15:00,FX:EURGBP,0.85788,0.85793,0.8578399999999999,0.85791,845.0
2024-05-03 15:30:00,FX:EURGBP,0.85791,0.85794,0.85777,0.85783,727.0
2024-05-03 15:45:00,FX:EURGBP,0.85783,0.85791,0.85686,0.85686,874.0
2024-05-05 16:00:00,FX:EURGBP,0.85754,0.85763,0.85717,0.85751,322.0
2024-05-05 16:15:00,FX:EURGBP,0.85751,0.85763,0.85707,0.85734,344.0
2024-05-05 16:30:00,FX:EURGBP,0.85734,0.85773,0.8572299999999999,0.85755,367.0
2024-05-05 16:45:00,FX:EURGBP,0.85755,0.8578399999999999,0.8575,0.85764,430.0
2024-05-05 17:00:00,FX:EURGBP,0.85764,0.85781,0.85741,0.8577,406.0
2024-05-05 17:15:00,FX:EURGBP,0.8577,0.85778,0.85763,0.8577,261.0
2024-05-05 17:30:00,FX:EURGBP,0.8577,0.85776,0.85766,0.85774,227.0
2024-05-05 17:45:00,FX:EURGBP,0.85774,0.85775,0.8576199999999999,0.85765,149.0
2024-05-05 18:00:00,FX:EURGBP,0.85765,0.85765,0.85747,0.85754,370.0
2024-05-05 18:15:00,FX:EURGBP,0.85754,0.85761,0.8575,0.85759,478.0
2024-05-05 18:30:00,FX:EURGBP,0.85759,0.8577899999999999,0.85756,0.85776,1076.0
2024-05-05 18:45:00,FX:EURGBP,0.85776,0.8579,0.85772,0.85785,1532.0
2024-05-05 19:00:00,FX:EURGBP,0.85785,0.85786,0.85765,0.85767,1444.0
2024-05-05 19:15:00,FX:EURGBP,0.85767,0.85788,0.85766,0.85783,943.0
2024-05-05 19:30:00,FX:EURGBP,0.85783,0.85788,0.85775,0.85781,1024.0
2024-05-05 19:45:00,FX:EURGBP,0.85781,0.8579,0.85777,0.8579,1419.0
2024-05-05 20:00:00,FX:EURGBP,0.8579,0.8579,0.85764,0.85768,1815.0
2024-05-05 20:15:00,FX:EURGBP,0.85768,0.85788,0.85766,0.85781,1571.0
2024-05-05 20:30:00,FX:EURGBP,0.85781,0.85789,0.8578,0.85788,1374.0
2024-05-05 20:45:00,FX:EURGBP,0.85788,0.85802,0.85787,0.85799,889.0
2024-05-05 21:00:00,FX:EURGBP,0.85799,0.85816,0.8579,0.85812,1182.0
2024-05-05 21:15:00,FX:EURGBP,0.85812,0.85814,0.8579,0.85796,1186.0
2024-05-05 21:30:00,FX:EURGBP,0.85796,0.85798,0.85789,0.85795,999.0
2024-05-05 21:45:00,FX:EURGBP,0.85795,0.85796,0.85787,0.8579,942.0
2024-05-05 22:00:00,FX:EURGBP,0.8579,0.85805,0.85788,0.8579,887.0
2024-05-05 22:15:00,FX:EURGBP,0.8579,0.858,0.8579,0.85792,1229.0
2024-05-05 22:30:00,FX:EURGBP,0.85792,0.85797,0.85789,0.85791,1180.0
2024-05-05 22:45:00,FX:EURGBP,0.85791,0.85796,0.85787,0.85794,1239.0
2024-05-05 23:00:00,FX:EURGBP,0.85794,0.85802,0.85793,0.85795,738.0
2024-05-05 23:15:00,FX:EURGBP,0.85795,0.85805,0.8579,0.85795,771.0
2024-05-05 23:30:00,FX:EURGBP,0.85795,0.85799,0.8579,0.85795,1020.0
2024-05-05 23:45:00,FX:EURGBP,0.85795,0.85804,0.85788,0.85803,976.0
2024-05-06 00:00:00,FX:EURGBP,0.85803,0.8580599999999999,0.85794,0.85797,752.0
2024-05-06 00:15:00,FX:EURGBP,0.85797,0.858,0.85791,0.85794,1061.0
2024-05-06 00:30:00,FX:EURGBP,0.85794,0.85799,0.85786,0.85791,1126.0
2024-05-06 00:45:00,FX:EURGBP,0.85791,0.85795,0.85777,0.85777,1027.0
2024-05-06 01:00:00,FX:EURGBP,0.85777,0.85794,0.85756,0.85763,1532.0
2024-05-06 01:15:00,FX:EURGBP,0.85763,0.85763,0.85736,0.8575,1147.0
2024-05-06 01:30:00,FX:EURGBP,0.8575,0.8575699999999999,0.85707,0.8572299999999999,1665.0
2024-05-06 01:45:00,FX:EURGBP,0.8572299999999999,0.85727,0.85702,0.8571799999999999,1535.0
2024-05-06 02:00:00,FX:EURGBP,0.8571799999999999,0.8571799999999999,0.85664,0.85668,2128.0
2024-05-06 02:15:00,FX:EURGBP,0.85668,0.85686,0.8565699999999999,0.85661,1632.0
2024-05-06 02:30:00,FX:EURGBP,0.85661,0.85664,0.85612,0.85621,1521.0
2024-05-06 02:45:00,FX:EURGBP,0.85621,0.85643,0.85611,0.85624,1955.0
2024-05-06 03:00:00,FX:EURGBP,0.85624,0.85668,0.85619,0.8566199999999999,2263.0
2024-05-06 03:15:00,FX:EURGBP,0.8566199999999999,0.85677,0.85649,0.85666,2231.0
2024-05-06 03:30:00,FX:EURGBP,0.85666,0.85666,0.85619,0.85619,1874.0
2024-05-06 03:45:00,FX:EURGBP,0.85619,0.85631,0.8558399999999999,0.8559,1674.0
2024-05-06 04:00:00,FX:EURGBP,0.8559,0.8559599999999999,0.85569,0.85592,1223.0
2024-05-06 04:15:00,FX:EURGBP,0.85592,0.85615,0.85583,0.85612,1369.0
2024-05-06 04:30:00,FX:EURGBP,0.85612,0.8563,0.85603,0.85604,1438.0
2024-05-06 04:45:00,FX:EURGBP,0.85604,0.8563999999999999,0.856,0.85614,1810.0
2024-05-06 05:00:00,FX:EURGBP,0.85614,0.85631,0.856,0.85603,1710.0
2024-05-06 05:15:00,FX:EURGBP,0.85603,0.85635,0.856,0.85617,1445.0
2024-05-06 05:30:00,FX:EURGBP,0.85617,0.85643,0.85609,0.85642,1319.0
2024-05-06 05:45:00,FX:EURGBP,0.85642,0.85668,0.85641,0.85658,1707.0
2024-05-06 06:00:00,FX:EURGBP,0.85658,0.8566199999999999,0.85633,0.85633,1687.0
2024-05-06 06:15:00,FX:EURGBP,0.85633,0.85668,0.85633,0.85661,1499.0
2024-05-06 06:30:00,FX:EURGBP,0.85661,0.85666,0.85642,0.85643,1524.0
2024-05-06 06:45:00,FX:EURGBP,0.85643,0.85666,0.85638,0.85656,1801.0
2024-05-06 07:00:00,FX:EURGBP,0.85656,0.85674,0.85653,0.85669,1976.0
2024-05-06 07:15:00,FX:EURGBP,0.85669,0.85687,0.85667,0.85677,1978.0
2024-05-06 07:30:00,FX:EURGBP,0.85677,0.85682,0.85667,0.8567899999999999,2247.0
2024-05-06 07:45:00,FX:EURGBP,0.8567899999999999,0.85691,0.85669,0.85674,2658.0
2024-05-06 08:00:00,FX:EURGBP,0.85674,0.85686,0.85665,0.85674,2337.0
2024-05-06 08:15:00,FX:EURGBP,0.85674,0.85686,0.85666,0.8567899999999999,1955.0
2024-05-06 08:30:00,FX:EURGBP,0.8567899999999999,0.85702,0.85671,0.85699,2628.0
2024-05-06 08:45:00,FX:EURGBP,0.85699,0.85724,0.8569599999999999,0.85713,1857.0
2024-05-06 09:00:00,FX:EURGBP,0.85713,0.8572,0.85688,0.85709,2015.0
2024-05-06 09:15:00,FX:EURGBP,0.85709,0.85713,0.85685,0.85692,1735.0
2024-05-06 09:30:00,FX:EURGBP,0.85692,0.85705,0.8568,0.85691,1424.0
2024-05-06 09:45:00,FX:EURGBP,0.85691,0.85714,0.85688,0.85705,2361.0
2024-05-06 10:00:00,FX:EURGBP,0.85705,0.8573,0.85697,0.85713,1989.0
2024-05-06 10:15:00,FX:EURGBP,0.85713,0.85729,0.85711,0.85717,1459.0
2024-05-06 10:30:00,FX:EURGBP,0.85717,0.8573,0.85707,0.85709,1307.0
2024-05-06 10:45:00,FX:EURGBP,0.85709,0.85735,0.85708,0.85727,1137.0
2024-05-06 11:00:00,FX:EURGBP,0.85727,0.85736,0.8572,0.85727,1117.0
2024-05-06 11:15:00,FX:EURGBP,0.85727,0.85771,0.85727,0.85763,1440.0
2024-05-06 11:30:00,FX:EURGBP,0.85763,0.85774,0.85752,0.85763,1370.0
2024-05-06 11:45:00,FX:EURGBP,0.85763,0.85769,0.85755,0.85756,1146.0
2024-05-06 12:00:00,FX:EURGBP,0.85756,0.8575699999999999,0.85731,0.85735,2142.0
2024-05-06 12:15:00,FX:EURGBP,0.85735,0.85749,0.85731,0.85739,1323.0
2024-05-06 12:30:00,FX:EURGBP,0.85739,0.8574499999999999,0.85733,0.85738,1079.0
2024-05-06 12:45:00,FX:EURGBP,0.85738,0.85748,0.85732,0.8574499999999999,958.0
2024-05-06 13:00:00,FX:EURGBP,0.8574499999999999,0.8575,0.85721,0.85725,1304.0
2024-05-06 13:15:00,FX:EURGBP,0.85725,0.85729,0.85713,0.85721,1206.0
2024-05-06 13:30:00,FX:EURGBP,0.85721,0.85731,0.8572,0.85725,1028.0
2024-05-06 13:45:00,FX:EURGBP,0.85725,0.85731,0.85721,0.85729,1434.0
2024-05-06 14:00:00,FX:EURGBP,0.85729,0.85744,0.85722,0.8573999999999999,1302.0
2024-05-06 14:15:00,FX:EURGBP,0.8573999999999999,0.85743,0.85724,0.85731,1269.0
2024-05-06 14:30:00,FX:EURGBP,0.85731,0.85738,0.85724,0.85731,1316.0
2024-05-06 14:45:00,FX:EURGBP,0.85731,0.85734,0.85716,0.85725,1575.0
2024-05-06 15:00:00,FX:EURGBP,0.85725,0.8573,0.85717,0.85724,604.0
2024-05-06 15:15:00,FX:EURGBP,0.85724,0.85732,0.8572299999999999,0.8572299999999999,407.0
2024-05-06 15:30:00,FX:EURGBP,0.8572299999999999,0.85731,0.85719,0.8573,431.0
2024-05-06 15:45:00,FX:EURGBP,0.8573,0.85731,0.85716,0.8572,626.0
2024-05-06 16:00:00,FX:EURGBP,0.8572,0.8572,0.85625,0.85689,316.0
2024-05-06 16:15:00,FX:EURGBP,0.85689,0.85702,0.85665,0.8570099999999999,408.0
2024-05-06 16:30:00,FX:EURGBP,0.8570099999999999,0.85729,0.85689,0.85715,735.0
2024-05-06 16:45:00,FX:EURGBP,0.85715,0.85732,0.85695,0.857,1048.0
2024-05-06 17:00:00,FX:EURGBP,0.857,0.85732,0.85698,0.85726,279.0
2024-05-06 17:15:00,FX:EURGBP,0.85726,0.8573,0.85725,0.85728,60.0
2024-05-06 17:30:00,FX:EURGBP,0.85728,0.85729,0.8572299999999999,0.85724,100.0
2024-05-06 17:45:00,FX:EURGBP,0.85724,0.85727,0.8572299999999999,0.85725,48.0
2024-05-06 18:00:00,FX:EURGBP,0.85725,0.85736,0.8572,0.85731,223.0
2024-05-06 18:15:00,FX:EURGBP,0.85731,0.85735,0.85727,0.85734,193.0
2024-05-06 18:30:00,FX:EURGBP,0.85734,0.85738,0.8573,0.85733,131.0
2024-05-06 18:45:00,FX:EURGBP,0.85733,0.85735,0.85726,0.85729,252.0
2024-05-06 19:00:00,FX:EURGBP,0.85729,0.85746,0.85725,0.85746,730.0
2024-05-06 19:15:00,FX:EURGBP,0.85746,0.85749,0.85738,0.85746,933.0
2024-05-06 19:30:00,FX:EURGBP,0.85746,0.85747,0.85727,0.85728,875.0
2024-05-06 19:45:00,FX:EURGBP,0.85728,0.85739,0.8572299999999999,0.85731,1173.0
2024-05-06 20:00:00,FX:EURGBP,0.85731,0.85742,0.8572299999999999,0.85739,1126.0
2024-05-06 20:15:00,FX:EURGBP,0.85739,0.85742,0.8573,0.85733,1123.0
2024-05-06 20:30:00,FX:EURGBP,0.85733,0.85739,0.85716,0.85726,1233.0
2024-05-06 20:45:00,FX:EURGBP,0.85726,0.85731,0.85721,0.8573,816.0
2024-05-06 21:00:00,FX:EURGBP,0.8573,0.85738,0.85726,0.85734,865.0
2024-05-06 21:15:00,FX:EURGBP,0.85734,0.85748,0.8573,0.85741,1234.0
2024-05-06 21:30:00,FX:EURGBP,0.85741,0.85746,0.85732,0.85741,1063.0
2024-05-06 21:45:00,FX:EURGBP,0.85741,0.85743,0.85734,0.85737,577.0
2024-05-06 22:00:00,FX:EURGBP,0.85737,0.85743,0.85735,0.85741,491.0
2024-05-06 22:15:00,FX:EURGBP,0.85741,0.85756,0.8573999999999999,0.85753,454.0
2024-05-06 22:30:00,FX:EURGBP,0.85753,0.85754,0.8574499999999999,0.8575,533.0
2024-05-06 22:45:00,FX:EURGBP,0.8575,0.85756,0.85747,0.85756,489.0
2024-05-06 23:00:00,FX:EURGBP,0.85756,0.8576199999999999,0.85755,0.85759,380.0
2024-05-06 23:15:00,FX:EURGBP,0.85759,0.85761,0.85753,0.85756,485.0
2024-05-06 23:30:00,FX:EURGBP,0.85756,0.85772,0.85747,0.85769,1446.0
2024-05-06 23:45:00,FX:EURGBP,0.85769,0.8577,0.85761,0.8576199999999999,452.0
2024-05-07 00:00:00,FX:EURGBP,0.8576199999999999,0.85769,0.8575699999999999,0.85768,587.0
2024-05-07 00:15:00,FX:EURGBP,0.85768,0.85775,0.8576199999999999,0.8577,601.0
2024-05-07 00:30:00,FX:EURGBP,0.8577,0.85776,0.85765,0.85776,856.0
2024-05-07 00:45:00,FX:EURGBP,0.85776,0.85802,0.85773,0.85787,1438.0
2024-05-07 01:00:00,FX:EURGBP,0.85787,0.85802,0.85776,0.85778,1851.0
2024-05-07 01:15:00,FX:EURGBP,0.85778,0.85788,0.85767,0.85781,1475.0
2024-05-07 01:30:00,FX:EURGBP,0.85781,0.85798,0.85766,0.85786,1328.0
2024-05-07 01:45:00,FX:EURGBP,0.85786,0.8580099999999999,0.85783,0.85791,1231.0
2024-05-07 02:00:00,FX:EURGBP,0.85791,0.85859,0.85791,0.85844,2324.0
2024-05-07 02:15:00,FX:EURGBP,0.85844,0.8585,0.8581,0.85837,1983.0
2024-05-07 02:30:00,FX:EURGBP,0.85837,0.85878,0.85835,0.85873,1847.0
2024-05-07 02:45:00,FX:EURGBP,0.85873,0.85882,0.85844,0.85859,1398.0
2024-05-07 03:00:00,FX:EURGBP,0.85859,0.85861,0.85814,0.85825,1855.0
2024-05-07 03:15:00,FX:EURGBP,0.85825,0.85842,0.8582,0.85825,1786.0
2024-05-07 03:30:00,FX:EURGBP,0.85825,0.8585,0.85821,0.85837,1690.0
2024-05-07 03:45:00,FX:EURGBP,0.85837,0.85849,0.85824,0.85836,1275.0
2024-05-07 04:00:00,FX:EURGBP,0.85836,0.85847,0.85809,0.85828,2077.0
2024-05-07 04:15:00,FX:EURGBP,0.85828,0.8583,0.85789,0.8579,2032.0
2024-05-07 04:30:00,FX:EURGBP,0.8579,0.85797,0.85761,0.85785,1827.0
2024-05-07 04:45:00,FX:EURGBP,0.85785,0.85822,0.85776,0.85822,1922.0
2024-05-07 05:00:00,FX:EURGBP,0.85822,0.8588399999999999,0.85822,0.85876,1899.0
2024-05-07 05:15:00,FX:EURGBP,0.85876,0.85876,0.85846,0.85847,1429.0
2024-05-07 05:30:00,FX:EURGBP,0.85847,0.8585,0.85829,0.85842,1711.0
2024-05-07 05:45:00,FX:EURGBP,0.85842,0.85868,0.85839,0.85859,1349.0
2024-05-07 06:00:00,FX:EURGBP,0.85859,0.8586,0.8581799999999999,0.85851,1649.0
2024-05-07 06:15:00,FX:EURGBP,0.85851,0.85858,0.85817,0.85826,1418.0
2024-05-07 06:30:00,FX:EURGBP,0.85826,0.85838,0.8581799999999999,0.85828,1081.0
2024-05-07 06:45:00,FX:EURGBP,0.85828,0.85839,0.85825,0.85828,1569.0
2024-05-07 07:00:00,FX:EURGBP,0.85828,0.85829,0.858,0.85819,1916.0
2024-05-07 07:15:00,FX:EURGBP,0.85819,0.85852,0.85812,0.85848,1516.0
2024-05-07 07:30:00,FX:EURGBP,0.85848,0.85867,0.85842,0.85861,1522.0
2024-05-07 07:45:00,FX:EURGBP,0.85861,0.85864,0.85831,0.85835,2033.0
2024-05-07 08:00:00,FX:EURGBP,0.85835,0.85853,0.85821,0.85831,2549.0
2024-05-07 08:15:00,FX:EURGBP,0.85831,0.85852,0.8583,0.85833,2051.0
2024-05-07 08:30:00,FX:EURGBP,0.85833,0.85868,0.85825,0.85849,2242.0
2024-05-07 08:45:00,FX:EURGBP,0.85849,0.85872,0.8583999999999999,0.85844,2138.0
2024-05-07 09:00:00,FX:EURGBP,0.85844,0.85858,0.8583999999999999,0.85842,1593.0
2024-05-07 09:15:00,FX:EURGBP,0.85842,0.85867,0.85826,0.85832,1643.0
2024-05-07 09:30:00,FX:EURGBP,0.85832,0.85842,0.85814,0.85842,1308.0
2024-05-07 09:45:00,FX:EURGBP,0.85842,0.85867,0.8583,0.85852,2408.0
2024-05-07 10:00:00,FX:EURGBP,0.85852,0.85898,0.85851,0.85878,2518.0
2024-05-07 10:15:00,FX:EURGBP,0.85878,0.85917,0.85876,0.85912,1734.0
2024-05-07 10:30:00,FX:EURGBP,0.85912,0.85929,0.85895,0.85916,2035.0
2024-05-07 10:45:00,FX:EURGBP,0.85916,0.85943,0.85907,0.8591,2311.0
2024-05-07 11:00:00,FX:EURGBP,0.8591,0.85946,0.85907,0.85935,2377.0
2024-05-07 11:15:00,FX:EURGBP,0.85935,0.8596,0.85931,0.85949,1037.0
2024-05-07 11:30:00,FX:EURGBP,0.85949,0.85959,0.85941,0.85951,923.0
2024-05-07 11:45:00,FX:EURGBP,0.85951,0.85978,0.85949,0.85977,1235.0
2024-05-07 12:00:00,FX:EURGBP,0.85977,0.8597899999999999,0.85966,0.85969,1530.0
2024-05-07 12:15:00,FX:EURGBP,0.85969,0.8598,0.85937,0.85938,1553.0
2024-05-07 12:30:00,FX:EURGBP,0.85938,0.8596199999999999,0.85935,0.85957,1272.0
2024-05-07 12:45:00,FX:EURGBP,0.85957,0.8598399999999999,0.85956,0.85978,1976.0
2024-05-07 13:00:00,FX:EURGBP,0.85978,0.85988,0.85964,0.85966,1300.0
2024-05-07 13:15:00,FX:EURGBP,0.85966,0.85989,0.85965,0.85985,2005.0
2024-05-07 13:30:00,FX:EURGBP,0.85985,0.85987,0.85964,0.85964,1667.0
2024-05-07 13:45:00,FX:EURGBP,0.85964,0.85977,0.85958,0.85965,984.0
2024-05-07 14:00:00,FX:EURGBP,0.85965,0.85982,0.8596199999999999,0.85973,993.0
2024-05-07 14:15:00,FX:EURGBP,0.85973,0.85981,0.85965,0.85977,928.0
2024-05-07 14:30:00,FX:EURGBP,0.85977,0.85983,0.8597,0.85976,1036.0
2024-05-07 14:45:00,FX:EURGBP,0.85976,0.85992,0.85969,0.85988,1472.0
2024-05-07 15:00:00,FX:EURGBP,0.85988,0.85989,0.85972,0.85978,599.0
2024-05-07 15:15:00,FX:EURGBP,0.85978,0.8597899999999999,0.85973,0.85977,440.0
2024-05-07 15:30:00,FX:EURGBP,0.85977,0.85985,0.85977,0.85978,399.0
2024-05-07 15:45:00,FX:EURGBP,0.85978,0.85986,0.85968,0.85971,410.0
2024-05-07 16:00:00,FX:EURGBP,0.85971,0.8597899999999999,0.8591,0.85921,207.0
2024-05-07 16:15:00,FX:EURGBP,0.85921,0.85986,0.85919,0.85966,502.0
2024-05-07 16:30:00,FX:EURGBP,0.85966,0.85976,0.85952,0.85956,496.0
2024-05-07 16:45:00,FX:EURGBP,0.85956,0.85987,0.85955,0.85985,487.0
2024-05-07 17:00:00,FX:EURGBP,0.85985,0.85994,0.8597,0.85993,301.0
2024-05-07 17:15:00,FX:EURGBP,0.85993,0.85993,0.85982,0.8598399999999999,114.0
2024-05-07 17:30:00,FX:EURGBP,0.8598399999999999,0.85993,0.8597899999999999,0.85991,243.0
2024-05-07 17:45:00,FX:EURGBP,0.85991,0.85992,0.85986,0.85992,49.0
2024-05-07 18:00:00,FX:EURGBP,0.85992,0.85994,0.85988,0.85988,211.0
2024-05-07 18:15:00,FX:EURGBP,0.85988,0.85993,0.85986,0.85987,184.0
2024-05-07 18:30:00,FX:EURGBP,0.85987,0.85997,0.85987,0.85996,196.0
2024-05-07 18:45:00,FX:EURGBP,0.85996,0.86,0.85987,0.85987,642.0
2024-05-07 19:00:00,FX:EURGBP,0.85987,0.86009,0.85986,0.86005,1385.0
2024-05-07 19:15:00,FX:EURGBP,0.86005,0.86012,0.8600099999999999,0.86009,1142.0
2024-05-07 19:30:00,FX:EURGBP,0.86009,0.86022,0.86007,0.8602,1068.0
2024-05-07 19:45:00,FX:EURGBP,0.8602,0.8602,0.86003,0.86011,1060.0
2024-05-07 20:00:00,FX:EURGBP,0.86011,0.86015,0.85992,0.86003,973.0
2024-05-07 20:15:00,FX:EURGBP,0.86003,0.86005,0.85982,0.85987,962.0
2024-05-07 20:30:00,FX:EURGBP,0.85987,0.85999,0.8598,0.85998,1209.0
2024-05-07 20:45:00,FX:EURGBP,0.85998,0.86016,0.8599,0.86003,775.0
2024-05-07 21:00:00,FX:EURGBP,0.86003,0.86007,0.85996,0.8600099999999999,902.0
2024-05-07 21:15:00,FX:EURGBP,0.8600099999999999,0.86012,0.85995,0.86,1004.0
2024-05-07 21:30:00,FX:EURGBP,0.86,0.86011,0.85999,0.86009,1253.0
2024-05-07 21:45:00,FX:EURGBP,0.86009,0.86014,0.8600099999999999,0.86007,722.0
2024-05-07 22:00:00,FX:EURGBP,0.86007,0.8601,0.86,0.86008,868.0
2024-05-07 22:15:00,FX:EURGBP,0.86008,0.86015,0.8600599999999999,0.86012,829.0
2024-05-07 22:30:00,FX:EURGBP,0.86012,0.86016,0.86005,0.86008,873.0
2024-05-07 22:45:00,FX:EURGBP,0.86008,0.86021,0.86007,0.86018,871.0
2024-05-07 23:00:00,FX:EURGBP,0.86018,0.86035,0.86017,0.8603,732.0
2024-05-07 23:15:00,FX:EURGBP,0.8603,0.8603,0.86016,0.86021,698.0
2024-05-07 23:30:00,FX:EURGBP,0.86021,0.86027,0.8601,0.86016,688.0
2024-05-07 23:45:00,FX:EURGBP,0.86016,0.8602,0.86002,0.8602,744.0
2024-05-08 00:00:00,FX:EURGBP,0.8602,0.86021,0.86005,0.86007,736.0
2024-05-08 00:15:00,FX:EURGBP,0.86007,0.86012,0.86003,0.86005,635.0
2024-05-08 00:30:00,FX:EURGBP,0.86005,0.86013,0.86003,0.86012,525.0
2024-05-08 00:45:00,FX:EURGBP,0.86012,0.8602299999999999,0.86005,0.8600599999999999,861.0
2024-05-08 01:00:00,FX:EURGBP,0.8600599999999999,0.86048,0.86004,0.86044,1552.0
2024-05-08 01:15:00,FX:EURGBP,0.86044,0.86057,0.86031,0.86054,1256.0
2024-05-08 01:30:00,FX:EURGBP,0.86054,0.86055,0.86015,0.86018,1538.0
2024-05-08 01:45:00,FX:EURGBP,0.86018,0.86042,0.86009,0.86032,1655.0
2024-05-08 02:00:00,FX:EURGBP,0.86032,0.86069,0.86032,0.8606199999999999,2093.0
2024-05-08 02:15:00,FX:EURGBP,0.8606199999999999,0.86077,0.86052,0.86061,1835.0
2024-05-08 02:30:00,FX:EURGBP,0.86061,0.86072,0.86032,0.86054,2043.0
2024-05-08 02:45:00,FX:EURGBP,0.86054,0.8610099999999999,0.86054,0.86095,1944.0
2024-05-08 03:00:00,FX:EURGBP,0.86095,0.8610599999999999,0.86075,0.861,2134.0
2024-05-08 03:15:00,FX:EURGBP,0.861,0.8612799999999999,0.86087,0.86103,2056.0
2024-05-08 03:30:00,FX:EURGBP,0.86103,0.86121,0.86095,0.86112,1487.0
2024-05-08 03:45:00,FX:EURGBP,0.86112,0.86131,0.86112,0.8612299999999999,1647.0
2024-05-08 04:00:00,FX:EURGBP,0.8612299999999999,0.86139,0.86109,0.8611,2196.0
2024-05-08 04:15:00,FX:EURGBP,0.8611,0.8612799999999999,0.86094,0.86102,2009.0
2024-05-08 04:30:00,FX:EURGBP,0.86102,0.86116,0.86069,0.86078,2038.0
2024-05-08 04:45:00,FX:EURGBP,0.86078,0.8609,0.86061,0.8606199999999999,1836.0
2024-05-08 05:00:00,FX:EURGBP,0.8606199999999999,0.86087,0.86046,0.8607899999999999,1578.0
2024-05-08 05:15:00,FX:EURGBP,0.8607899999999999,0.86094,0.86069,0.86083,1604.0
2024-05-08 05:30:00,FX:EURGBP,0.86083,0.86091,0.86061,0.8608399999999999,1811.0
2024-05-08 05:45:00,FX:EURGBP,0.8608399999999999,0.86088,0.86018,0.86021,1871.0
2024-05-08 06:00:00,FX:EURGBP,0.86021,0.86037,0.86008,0.8602799999999999,1944.0
2024-05-08 06:15:00,FX:EURGBP,0.8602799999999999,0.8603999999999999,0.86017,0.86033,1303.0
2024-05-08 06:30:00,FX:EURGBP,0.86033,0.8604499999999999,0.8602299999999999,0.86029,1464.0
2024-05-08 06:45:00,FX:EURGBP,0.86029,0.8608,0.86025,0.86077,1953.0
2024-05-08 07:00:00,FX:EURGBP,0.86077,0.86099,0.86071,0.86096,1616.0
2024-05-08 07:15:00,FX:EURGBP,0.86096,0.86097,0.86076,0.86097,2394.0
2024-05-08 07:30:00,FX:EURGBP,0.86097,0.8610599999999999,0.86086,0.8610599999999999,1906.0
2024-05-08 07:45:00,FX:EURGBP,0.8610599999999999,0.8613999999999999,0.86103,0.86129,2115.0
2024-05-08 08:00:00,FX:EURGBP,0.86129,0.86142,0.86119,0.86141,2098.0
2024-05-08 08:15:00,FX:EURGBP,0.86141,0.86163,0.86137,0.86147,2231.0
2024-05-08 08:30:00,FX:EURGBP,0.86147,0.86169,0.86142,0.86159,2642.0
2024-05-08 08:45:00,FX:EURGBP,0.86159,0.86179,0.86153,0.8616,2089.0
2024-05-08 09:00:00,FX:EURGBP,0.8616,0.86173,0.86131,0.86143,2203.0
2024-05-08 09:15:00,FX:EURGBP,0.86143,0.86147,0.86077,0.8607899999999999,2293.0
2024-05-08 09:30:00,FX:EURGBP,0.8607899999999999,0.8607899999999999,0.8605,0.86057,2144.0
2024-05-08 09:45:00,FX:EURGBP,0.86057,0.8606699999999999,0.86011,0.86041,2899.0
2024-05-08 10:00:00,FX:EURGBP,0.86041,0.86046,0.86021,0.86044,1936.0
2024-05-08 10:15:00,FX:EURGBP,0.86044,0.86052,0.86022,0.86027,1546.0
2024-05-08 10:30:00,FX:EURGBP,0.86027,0.8603,0.8601,0.86012,1479.0
2024-05-08 10:45:00,FX:EURGBP,0.86012,0.86036,0.86004,0.8602299999999999,1560.0
2024-05-08 11:00:00,FX:EURGBP,0.8602299999999999,0.86034,0.86015,0.86031,1473.0
2024-05-08 11:15:00,FX:EURGBP,0.86031,0.8604499999999999,0.86012,0.86019,1187.0
2024-05-08 11:30:00,FX:EURGBP,0.86019,0.86026,0.86004,0.86004,1235.0
2024-05-08 11:45:00,FX:EURGBP,0.86004,0.86011,0.8597899999999999,0.85982,1077.0
2024-05-08 12:00:00,FX:EURGBP,0.85982,0.85989,0.8596199999999999,0.85969,1263.0
2024-05-08 12:15:00,FX:EURGBP,0.85969,0.85988,0.85966,0.85985,777.0
2024-05-08 12:30:00,FX:EURGBP,0.85985,0.8599,0.85971,0.85976,1298.0
2024-05-08 12:45:00,FX:EURGBP,0.85976,0.85985,0.85973,0.85973,981.0
2024-05-08 13:00:00,FX:EURGBP,0.85973,0.8598,0.8597,0.85974,602.0
2024-05-08 13:15:00,FX:EURGBP,0.85974,0.85988,0.85973,0.8598399999999999,1028.0
2024-05-08 13:30:00,FX:EURGBP,0.8598399999999999,0.85985,0.85969,0.85973,895.0
2024-05-08 13:45:00,FX:EURGBP,0.85973,0.85993,0.85972,0.85993,1105.0
2024-05-08 14:00:00,FX:EURGBP,0.85993,0.85997,0.85981,0.85983,1141.0
2024-05-08 14:15:00,FX:EURGBP,0.85983,0.85987,0.85976,0.85982,673.0
2024-05-08 14:30:00,FX:EURGBP,0.85982,0.85989,0.85978,0.85989,888.0
2024-05-08 14:45:00,FX:EURGBP,0.85989,0.85996,0.85982,0.85985,683.0
2024-05-08 15:00:00,FX:EURGBP,0.85985,0.85998,0.85983,0.85996,624.0
2024-05-08 15:15:00,FX:EURGBP,0.85996,0.86,0.85993,0.85996,418.0
2024-05-08 15:30:00,FX:EURGBP,0.85996,0.86002,0.85992,0.85996,337.0
2024-05-08 15:45:00,FX:EURGBP,0.85996,0.8600599999999999,0.85987,0.85996,499.0
2024-05-08 16:00:00,FX:EURGBP,0.85996,0.85996,0.8593999999999999,0.85987,348.0
2024-05-08 16:15:00,FX:EURGBP,0.85987,0.8600099999999999,0.8598399999999999,0.85986,365.0
2024-05-08 16:30:00,FX:EURGBP,0.85986,0.8599,0.85977,0.85989,491.0
2024-05-08 16:45:00,FX:EURGBP,0.85989,0.8601,0.85988,0.86008,577.0
2024-05-08 17:00:00,FX:EURGBP,0.86008,0.86015,0.85991,0.86012,324.0
2024-05-08 17:15:00,FX:EURGBP,0.86012,0.86016,0.86008,0.86014,165.0
2024-05-08 17:30:00,FX:EURGBP,0.86014,0.86018,0.8601,0.86014,257.0
2024-05-08 17:45:00,FX:EURGBP,0.86014,0.86014,0.86009,0.8601,214.0
2024-05-08 18:00:00,FX:EURGBP,0.8601,0.86017,0.86007,0.8601,349.0
2024-05-08 18:15:00,FX:EURGBP,0.8601,0.86016,0.86009,0.86012,302.0
2024-05-08 18:30:00,FX:EURGBP,0.86012,0.86025,0.8601,0.86018,526.0
2024-05-08 18:45:00,FX:EURGBP,0.86018,0.86026,0.86012,0.86022,393.0
2024-05-08 19:00:00,FX:EURGBP,0.86022,0.8602799999999999,0.86016,0.86025,1140.0
2024-05-08 19:15:00,FX:EURGBP,0.86025,0.86032,0.86022,0.8602799999999999,967.0
2024-05-08 19:30:00,FX:EURGBP,0.8602799999999999,0.86029,0.8602,0.8602299999999999,694.0
2024-05-08 19:45:00,FX:EURGBP,0.8602299999999999,0.86024,0.86009,0.86014,1012.0
2024-05-08 20:00:00,FX:EURGBP,0.86014,0.8602,0.8600599999999999,0.8600599999999999,931.0
2024-05-08 20:15:00,FX:EURGBP,0.8600599999999999,0.86017,0.86004,0.86012,862.0
2024-05-08 20:30:00,FX:EURGBP,0.86012,0.86013,0.86002,0.86007,812.0
2024-05-08 20:45:00,FX:EURGBP,0.86007,0.86014,0.86005,0.86008,888.0
2024-05-08 21:00:00,FX:EURGBP,0.86008,0.86013,0.86004,0.86012,1256.0
2024-05-08 21:15:00,FX:EURGBP,0.86012,0.86015,0.8600599999999999,0.86012,811.0
2024-05-08 21:30:00,FX:EURGBP,0.86012,0.86015,0.8600599999999999,0.86012,597.0
2024-05-08 21:45:00,FX:EURGBP,0.86012,0.86021,0.86009,0.86016,592.0
2024-05-08 22:00:00,FX:EURGBP,0.86016,0.86018,0.8600599999999999,0.86011,893.0
2024-05-08 22:15:00,FX:EURGBP,0.86011,0.86012,0.85994,0.85998,1166.0
2024-05-08 22:30:00,FX:EURGBP,0.85998,0.86005,0.85995,0.86005,1116.0
2024-05-08 22:45:00,FX:EURGBP,0.86005,0.86012,0.85997,0.86004,630.0
2024-05-08 23:00:00,FX:EURGBP,0.86004,0.86018,0.86003,0.86018,491.0
2024-05-08 23:15:00,FX:EURGBP,0.86018,0.86022,0.86015,0.8602,462.0
2024-05-08 23:30:00,FX:EURGBP,0.8602,0.86025,0.86017,0.86022,449.0
2024-05-08 23:45:00,FX:EURGBP,0.86022,0.86032,0.86016,0.86018,622.0
2024-05-09 00:00:00,FX:EURGBP,0.86018,0.86022,0.86011,0.86019,408.0
2024-05-09 00:15:00,FX:EURGBP,0.86019,0.8602,0.86015,0.86018,115.0
2024-05-09 00:30:00,FX:EURGBP,0.86018,0.86019,0.86012,0.86018,354.0
2024-05-09 00:45:00,FX:EURGBP,0.86018,0.86025,0.86015,0.86018,640.0
2024-05-09 01:00:00,FX:EURGBP,0.86018,0.86061,0.86007,0.8606,1280.0
2024-05-09 01:15:00,FX:EURGBP,0.8606,0.86061,0.86039,0.86039,1083.0
2024-05-09 01:30:00,FX:EURGBP,0.86039,0.86052,0.86036,0.86043,1335.0
2024-05-09 01:45:00,FX:EURGBP,0.86043,0.86058,0.86035,0.86038,1357.0
2024-05-09 02:00:00,FX:EURGBP,0.86038,0.86061,0.86015,0.86026,2369.0
2024-05-09 02:15:00,FX:EURGBP,0.86026,0.86051,0.86022,0.86042,1516.0
2024-05-09 02:30:00,FX:EURGBP,0.86042,0.86056,0.8602799999999999,0.86031,1679.0
2024-05-09 02:45:00,FX:EURGBP,0.86031,0.8603999999999999,0.86011,0.86033,1789.0
2024-05-09 03:00:00,FX:EURGBP,0.86033,0.86049,0.8602299999999999,0.86029,1987.0
2024-05-09 03:15:00,FX:EURGBP,0.86029,0.86031,0.86018,0.86019,1300.0
2024-05-09 03:30:00,FX:EURGBP,0.86019,0.86019,0.85986,0.85997,1567.0
2024-05-09 03:45:00,FX:EURGBP,0.85997,0.86012,0.8599,0.86007,1601.0
2024-05-09 04:00:00,FX:EURGBP,0.86007,0.86012,0.85981,0.86004,1467.0
2024-05-09 04:15:00,FX:EURGBP,0.86004,0.86019,0.85993,0.85996,1910.0
2024-05-09 04:30:00,FX:EURGBP,0.85996,0.85999,0.8593999999999999,0.85944,1140.0
2024-05-09 04:45:00,FX:EURGBP,0.85944,0.85953,0.85919,0.85932,1438.0
2024-05-09 05:00:00,FX:EURGBP,0.85932,0.85957,0.8592,0.8592299999999999,1438.0
2024-05-09 05:15:00,FX:EURGBP,0.8592299999999999,0.8593,0.85908,0.85914,1241.0
2024-05-09 05:30:00,FX:EURGBP,0.85914,0.85948,0.85912,0.85943,1355.0
2024-05-09 05:45:00,FX:EURGBP,0.85943,0.85982,0.85936,0.85948,1514.0
2024-05-09 06:00:00,FX:EURGBP,0.85948,0.86205,0.8592299999999999,0.86146,8139.0
2024-05-09 06:15:00,FX:EURGBP,0.86146,0.8616699999999999,0.8610099999999999,0.86126,2617.0
2024-05-09 06:30:00,FX:EURGBP,0.86126,0.86152,0.85933,0.86085,7031.0
2024-05-09 06:45:00,FX:EURGBP,0.86085,0.86102,0.8600099999999999,0.86026,5626.0
2024-05-09 07:00:00,FX:EURGBP,0.86026,0.8603999999999999,0.85969,0.85978,3381.0
2024-05-09 07:15:00,FX:EURGBP,0.85978,0.86061,0.85978,0.8603,2754.0
2024-05-09 07:30:00,FX:EURGBP,0.8603,0.86069,0.85977,0.86016,6627.0
2024-05-09 07:45:00,FX:EURGBP,0.86016,0.86077,0.8601,0.86056,4530.0
2024-05-09 08:00:00,FX:EURGBP,0.86056,0.86104,0.86054,0.8608399999999999,3322.0
2024-05-09 08:15:00,FX:EURGBP,0.8608399999999999,0.86105,0.86066,0.8608,3460.0
2024-05-09 08:30:00,FX:EURGBP,0.8608,0.8612299999999999,0.86074,0.861,3450.0
2024-05-09 08:45:00,FX:EURGBP,0.861,0.86151,0.86097,0.86124,2640.0
2024-05-09 09:00:00,FX:EURGBP,0.86124,0.86174,0.86121,0.86161,2774.0
2024-05-09 09:15:00,FX:EURGBP,0.86161,0.86173,0.86118,0.86142,3629.0
2024-05-09 09:30:00,FX:EURGBP,0.86142,0.8615,0.86102,0.86146,3302.0
2024-05-09 09:45:00,FX:EURGBP,0.86146,0.86148,0.8610599999999999,0.86122,3376.0
2024-05-09 10:00:00,FX:EURGBP,0.86122,0.86129,0.86091,0.86107,2456.0
2024-05-09 10:15:00,FX:EURGBP,0.86107,0.86131,0.86095,0.86113,2176.0
2024-05-09 10:30:00,FX:EURGBP,0.86113,0.86141,0.861,0.86132,1480.0
2024-05-09 10:45:00,FX:EURGBP,0.86132,0.86159,0.86131,0.86139,2061.0
2024-05-09 11:00:00,FX:EURGBP,0.86139,0.86142,0.8612299999999999,0.86139,1566.0
2024-05-09 11:15:00,FX:EURGBP,0.86139,0.86142,0.86104,0.86107,1306.0
2024-05-09 11:30:00,FX:EURGBP,0.86107,0.86114,0.861,0.86111,1550.0
2024-05-09 11:45:00,FX:EURGBP,0.86111,0.86117,0.86098,0.86108,1529.0
2024-05-09 12:00:00,FX:EURGBP,0.86108,0.86111,0.86081,0.8609,1974.0
2024-05-09 12:15:00,FX:EURGBP,0.8609,0.86092,0.8607,0.86073,1863.0
2024-05-09 12:30:00,FX:EURGBP,0.86073,0.86103,0.86072,0.86099,1702.0
2024-05-09 12:45:00,FX:EURGBP,0.86099,0.86118,0.86094,0.86118,1796.0
2024-05-09 13:00:00,FX:EURGBP,0.86118,0.86122,0.8610099999999999,0.8610099999999999,1159.0
2024-05-09 13:15:00,FX:EURGBP,0.8610099999999999,0.86104,0.86082,0.8608399999999999,865.0
2024-05-09 13:30:00,FX:EURGBP,0.8608399999999999,0.86086,0.86075,0.86078,803.0
2024-05-09 13:45:00,FX:EURGBP,0.86078,0.86091,0.86076,0.86089,1186.0
2024-05-09 14:00:00,FX:EURGBP,0.86089,0.86093,0.8608,0.86086,1118.0
2024-05-09 14:15:00,FX:EURGBP,0.86086,0.86092,0.8607899999999999,0.86087,890.0
2024-05-09 14:30:00,FX:EURGBP,0.86087,0.861,0.86081,0.861,654.0
2024-05-09 14:45:00,FX:EURGBP,0.861,0.86104,0.86092,0.8610099999999999,766.0
2024-05-09 15:00:00,FX:EURGBP,0.8610099999999999,0.8610099999999999,0.86092,0.861,648.0
2024-05-09 15:15:00,FX:EURGBP,0.861,0.86102,0.86093,0.86094,444.0
2024-05-09 15:30:00,FX:EURGBP,0.86094,0.86098,0.86091,0.86093,449.0
2024-05-09 15:45:00,FX:EURGBP,0.86093,0.86095,0.8608,0.8608399999999999,407.0
2024-05-09 16:00:00,FX:EURGBP,0.8608399999999999,0.86095,0.86047,0.86091,223.0
2024-05-09 16:15:00,FX:EURGBP,0.86091,0.8610099999999999,0.8607899999999999,0.86089,282.0
2024-05-09 16:30:00,FX:EURGBP,0.86089,0.86092,0.86075,0.86078,291.0
2024-05-09 16:45:00,FX:EURGBP,0.86078,0.86085,0.86076,0.86082,377.0
2024-05-09 17:00:00,FX:EURGBP,0.86082,0.8609,0.86072,0.86083,371.0
2024-05-09 17:15:00,FX:EURGBP,0.86083,0.86087,0.86073,0.86074,152.0
2024-05-09 17:30:00,FX:EURGBP,0.86074,0.86086,0.86074,0.8607899999999999,142.0
2024-05-09 17:45:00,FX:EURGBP,0.8607899999999999,0.86088,0.8607899999999999,0.8608399999999999,205.0
2024-05-09 18:00:00,FX:EURGBP,0.8608399999999999,0.8608399999999999,0.86075,0.86081,375.0
2024-05-09 18:15:00,FX:EURGBP,0.86081,0.8609,0.8608,0.8609,422.0
2024-05-09 18:30:00,FX:EURGBP,0.8609,0.86099,0.86076,0.86078,469.0
2024-05-09 18:45:00,FX:EURGBP,0.86078,0.86088,0.86077,0.86082,759.0
2024-05-09 19:00:00,FX:EURGBP,0.86082,0.86096,0.86077,0.86092,916.0
2024-05-09 19:15:00,FX:EURGBP,0.86092,0.86093,0.86083,0.86085,1024.0
2024-05-09 19:30:00,FX:EURGBP,0.86085,0.86093,0.8608399999999999,0.86086,1001.0
2024-05-09 19:45:00,FX:EURGBP,0.86086,0.86099,0.86086,0.86094,1264.0
2024-05-09 20:00:00,FX:EURGBP,0.86094,0.86094,0.86081,0.8609,1059.0
2024-05-09 20:15:00,FX:EURGBP,0.8609,0.8609,0.86083,0.86088,901.0
2024-05-09 20:30:00,FX:EURGBP,0.86088,0.86091,0.86073,0.86087,1531.0
2024-05-09 20:45:00,FX:EURGBP,0.86087,0.861,0.86087,0.8609,1190.0
2024-05-09 21:00:00,FX:EURGBP,0.8609,0.86107,0.86088,0.86093,1157.0
2024-05-09 21:15:00,FX:EURGBP,0.86093,0.86103,0.86091,0.861,935.0
2024-05-09 21:30:00,FX:EURGBP,0.861,0.86103,0.86088,0.86092,841.0
2024-05-09 21:45:00,FX:EURGBP,0.86092,0.86095,0.86073,0.86074,1020.0
2024-05-09 22:00:00,FX:EURGBP,0.86074,0.86095,0.86073,0.86093,585.0
2024-05-09 22:15:00,FX:EURGBP,0.86093,0.86099,0.86089,0.86096,593.0
2024-05-09 22:30:00,FX:EURGBP,0.86096,0.86098,0.86089,0.86094,551.0
2024-05-09 22:45:00,FX:EURGBP,0.86094,0.86096,0.86088,0.86089,731.0
2024-05-09 23:00:00,FX:EURGBP,0.86089,0.86094,0.86085,0.8609,641.0
2024-05-09 23:15:00,FX:EURGBP,0.8609,0.86091,0.8608399999999999,0.86085,729.0
2024-05-09 23:30:00,FX:EURGBP,0.86085,0.86096,0.8608399999999999,0.86091,722.0
2024-05-09 23:45:00,FX:EURGBP,0.86091,0.86092,0.86082,0.86086,877.0
2024-05-10 00:00:00,FX:EURGBP,0.86086,0.86091,0.86078,0.86085,485.0
2024-05-10 00:15:00,FX:EURGBP,0.86085,0.86086,0.86075,0.8608,525.0
2024-05-10 00:30:00,FX:EURGBP,0.8608,0.8609,0.86072,0.86089,1156.0
2024-05-10 00:45:00,FX:EURGBP,0.86089,0.86093,0.86058,0.86058,948.0
2024-05-10 01:00:00,FX:EURGBP,0.86058,0.86092,0.85934,0.85985,4621.0
2024-05-10 01:15:00,FX:EURGBP,0.85985,0.85996,0.85959,0.85961,1932.0
2024-05-10 01:30:00,FX:EURGBP,0.85961,0.85968,0.85952,0.85952,1822.0
2024-05-10 01:45:00,FX:EURGBP,0.85952,0.85983,0.8594499999999999,0.85951,1981.0
2024-05-10 02:00:00,FX:EURGBP,0.85951,0.85991,0.85951,0.8599,3230.0
2024-05-10 02:15:00,FX:EURGBP,0.8599,0.8602,0.85978,0.85998,2206.0
2024-05-10 02:30:00,FX:EURGBP,0.85998,0.86046,0.85988,0.86025,2288.0
2024-05-10 02:45:00,FX:EURGBP,0.86025,0.86054,0.86022,0.86039,2284.0
2024-05-10 03:00:00,FX:EURGBP,0.86039,0.86057,0.86031,0.86039,2771.0
2024-05-10 03:15:00,FX:EURGBP,0.86039,0.8606,0.86026,0.86029,2011.0
2024-05-10 03:30:00,FX:EURGBP,0.86029,0.86059,0.86024,0.86044,1873.0
2024-05-10 03:45:00,FX:EURGBP,0.86044,0.86048,0.86008,0.86021,1960.0
2024-05-10 04:00:00,FX:EURGBP,0.86021,0.86056,0.8602,0.86041,2107.0
2024-05-10 04:15:00,FX:EURGBP,0.86041,0.86055,0.86025,0.86048,1795.0
2024-05-10 04:30:00,FX:EURGBP,0.86048,0.86051,0.86035,0.86041,1361.0
2024-05-10 04:45:00,FX:EURGBP,0.86041,0.8604499999999999,0.86032,0.86032,1444.0
2024-05-10 05:00:00,FX:EURGBP,0.86032,0.8604499999999999,0.86026,0.86038,1817.0
2024-05-10 05:15:00,FX:EURGBP,0.86038,0.86046,0.86032,0.86033,1414.0
2024-05-10 05:30:00,FX:EURGBP,0.86033,0.86037,0.86005,0.86007,1481.0
2024-05-10 05:45:00,FX:EURGBP,0.86007,0.86015,0.85999,0.86003,1370.0
2024-05-10 06:00:00,FX:EURGBP,0.86003,0.86019,0.86,0.86013,1304.0
2024-05-10 06:15:00,FX:EURGBP,0.86013,0.86024,0.86002,0.86022,1150.0
2024-05-10 06:30:00,FX:EURGBP,0.86022,0.86041,0.86021,0.86033,1349.0
2024-05-10 06:45:00,FX:EURGBP,0.86033,0.86063,0.86032,0.8603999999999999,1251.0
2024-05-10 07:00:00,FX:EURGBP,0.8603999999999999,0.86063,0.86039,0.86047,1797.0
2024-05-10 07:15:00,FX:EURGBP,0.86047,0.86053,0.8602299999999999,0.86024,1374.0
2024-05-10 07:30:00,FX:EURGBP,0.86024,0.86053,0.86015,0.86017,2637.0
2024-05-10 07:45:00,FX:EURGBP,0.86017,0.86024,0.85994,0.86008,1893.0
2024-05-10 08:00:00,FX:EURGBP,0.86008,0.86027,0.86002,0.86022,1655.0
2024-05-10 08:15:00,FX:EURGBP,0.86022,0.86044,0.86011,0.86035,1991.0
2024-05-10 08:30:00,FX:EURGBP,0.86035,0.86058,0.86034,0.86052,2065.0
2024-05-10 08:45:00,FX:EURGBP,0.86052,0.86077,0.86037,0.86037,2040.0
2024-05-10 09:00:00,FX:EURGBP,0.86037,0.86082,0.86018,0.86075,4032.0
2024-05-10 09:15:00,FX:EURGBP,0.86075,0.8608,0.86042,0.86073,2501.0
2024-05-10 09:30:00,FX:EURGBP,0.86073,0.86074,0.86008,0.8604499999999999,2917.0
2024-05-10 09:45:00,FX:EURGBP,0.8604499999999999,0.86065,0.86013,0.86058,2844.0
2024-05-10 10:00:00,FX:EURGBP,0.86058,0.86083,0.86036,0.86077,2776.0
2024-05-10 10:15:00,FX:EURGBP,0.86077,0.8608399999999999,0.86044,0.86052,1999.0
2024-05-10 10:30:00,FX:EURGBP,0.86052,0.86059,0.86019,0.86031,1409.0
2024-05-10 10:45:00,FX:EURGBP,0.86031,0.86033,0.85995,0.85997,1255.0
2024-05-10 11:00:00,FX:EURGBP,0.85997,0.8601,0.85969,0.85973,1706.0
2024-05-10 11:15:00,FX:EURGBP,0.85973,0.85987,0.85958,0.8598399999999999,1101.0
2024-05-10 11:30:00,FX:EURGBP,0.8598399999999999,0.85992,0.85972,0.85973,987.0
2024-05-10 11:45:00,FX:EURGBP,0.85973,0.85988,0.85965,0.8597,1151.0
2024-05-10 12:00:00,FX:EURGBP,0.8597,0.85988,0.85966,0.85971,1058.0
2024-05-10 12:15:00,FX:EURGBP,0.85971,0.85994,0.8596699999999999,0.85981,1237.0
2024-05-10 12:30:00,FX:EURGBP,0.85981,0.85993,0.85968,0.85986,891.0
2024-05-10 12:45:00,FX:EURGBP,0.85986,0.85999,0.85978,0.85998,958.0
2024-05-10 13:00:00,FX:EURGBP,0.85998,0.85999,0.8597899999999999,0.85981,736.0
2024-05-10 13:15:00,FX:EURGBP,0.85981,0.85987,0.85975,0.8597899999999999,723.0
2024-05-10 13:30:00,FX:EURGBP,0.8597899999999999,0.85994,0.85978,0.85988,586.0
2024-05-10 13:45:00,FX:EURGBP,0.85988,0.85999,0.85981,0.85999,991.0
2024-05-10 14:00:00,FX:EURGBP,0.85999,0.86,0.85992,0.85992,943.0
2024-05-10 14:15:00,FX:EURGBP,0.85992,0.85995,0.85985,0.85988,1026.0
2024-05-10 14:30:00,FX:EURGBP,0.85988,0.85989,0.8598,0.85985,687.0
2024-05-10 14:45:00,FX:EURGBP,0.85985,0.85989,0.8598,0.85985,954.0
2024-05-10 15:00:00,FX:EURGBP,0.85985,0.85987,0.85966,0.85966,566.0
2024-05-10 15:15:00,FX:EURGBP,0.85966,0.85974,0.85959,0.8597,564.0
2024-05-10 15:30:00,FX:EURGBP,0.8597,0.85975,0.8596199999999999,0.85975,350.0
2024-05-10 15:45:00,FX:EURGBP,0.85975,0.85989,0.85898,0.85903,863.0
2024-05-12 16:00:00,FX:EURGBP,0.8599,0.86025,0.85917,0.86018,85.0
2024-05-12 16:15:00,FX:EURGBP,0.86018,0.86033,0.8599,0.86013,901.0
2024-05-12 16:30:00,FX:EURGBP,0.86013,0.86013,0.85976,0.8598,785.0
2024-05-12 16:45:00,FX:EURGBP,0.8598,0.86005,0.8596699999999999,0.86,774.0
2024-05-12 17:00:00,FX:EURGBP,0.86,0.86024,0.8598399999999999,0.86004,649.0
2024-05-12 17:15:00,FX:EURGBP,0.86004,0.86011,0.8600099999999999,0.86011,146.0
2024-05-12 17:30:00,FX:EURGBP,0.86011,0.86013,0.86003,0.86007,191.0
2024-05-12 17:45:00,FX:EURGBP,0.86007,0.86015,0.8600599999999999,0.86007,130.0
2024-05-12 18:00:00,FX:EURGBP,0.86007,0.86016,0.8600599999999999,0.86011,451.0
2024-05-12 18:15:00,FX:EURGBP,0.86011,0.86014,0.86008,0.86011,271.0
2024-05-12 18:30:00,FX:EURGBP,0.86011,0.86015,0.86007,0.86014,432.0
2024-05-12 18:45:00,FX:EURGBP,0.86014,0.86016,0.86007,0.86012,729.0
2024-05-12 19:00:00,FX:EURGBP,0.86012,0.86022,0.86007,0.86011,1227.0
2024-05-12 19:15:00,FX:EURGBP,0.86011,0.86017,0.8601,0.86013,1161.0
2024-05-12 19:30:00,FX:EURGBP,0.86013,0.86021,0.86012,0.86014,1348.0
2024-05-12 19:45:00,FX:EURGBP,0.86014,0.8602,0.8600599999999999,0.86007,1151.0
2024-05-12 20:00:00,FX:EURGBP,0.86007,0.86019,0.86002,0.86004,1317.0
2024-05-12 20:15:00,FX:EURGBP,0.86004,0.86011,0.86002,0.86008,1540.0
2024-05-12 20:30:00,FX:EURGBP,0.86008,0.8602799999999999,0.86005,0.86018,1749.0
2024-05-12 20:45:00,FX:EURGBP,0.86018,0.86022,0.86011,0.86015,1164.0
2024-05-12 21:00:00,FX:EURGBP,0.86015,0.8602,0.8601,0.86013,711.0
2024-05-12 21:15:00,FX:EURGBP,0.86013,0.86013,0.86,0.86003,863.0
2024-05-12 21:30:00,FX:EURGBP,0.86003,0.86005,0.85998,0.86002,849.0
2024-05-12 21:45:00,FX:EURGBP,0.86002,0.86005,0.85994,0.85996,1030.0
2024-05-12 22:00:00,FX:EURGBP,0.85996,0.86,0.85991,0.85993,1303.0
2024-05-12 22:15:00,FX:EURGBP,0.85993,0.85997,0.85989,0.85993,1073.0
2024-05-12 22:30:00,FX:EURGBP,0.85993,0.85997,0.85988,0.85997,1196.0
2024-05-12 22:45:00,FX:EURGBP,0.85997,0.85999,0.8598399999999999,0.85986,916.0
2024-05-12 23:00:00,FX:EURGBP,0.85986,0.8599,0.8597899999999999,0.85987,773.0
2024-05-12 23:15:00,FX:EURGBP,0.85987,0.85993,0.85986,0.8599,423.0
2024-05-12 23:30:00,FX:EURGBP,0.8599,0.85994,0.85987,0.85989,639.0
2024-05-12 23:45:00,FX:EURGBP,0.85989,0.85993,0.85986,0.85987,726.0
2024-05-13 00:00:00,FX:EURGBP,0.85987,0.85992,0.85986,0.85988,713.0
2024-05-13 00:15:00,FX:EURGBP,0.85988,0.8599,0.85985,0.85988,594.0
2024-05-13 00:30:00,FX:EURGBP,0.85988,0.85993,0.85971,0.85986,976.0
2024-05-13 00:45:00,FX:EURGBP,0.85986,0.85995,0.8597899999999999,0.8599,729.0
2024-05-13 01:00:00,FX:EURGBP,0.8599,0.86003,0.85968,0.8599,1527.0
2024-05-13 01:15:00,FX:EURGBP,0.8599,0.85993,0.85952,0.8596199999999999,1456.0
2024-05-13 01:30:00,FX:EURGBP,0.8596199999999999,0.85999,0.85958,0.8598,1336.0
2024-05-13 01:45:00,FX:EURGBP,0.8598,0.85995,0.85975,0.85987,1352.0
2024-05-13 02:00:00,FX:EURGBP,0.85987,0.86039,0.85978,0.8602799999999999,2196.0
2024-05-13 02:15:00,FX:EURGBP,0.8602799999999999,0.86059,0.86017,0.86058,2518.0
2024-05-13 02:30:00,FX:EURGBP,0.86058,0.86068,0.86032,0.86046,2162.0
2024-05-13 02:45:00,FX:EURGBP,0.86046,0.86053,0.86035,0.86043,1856.0
2024-05-13 03:00:00,FX:EURGBP,0.86043,0.86068,0.86034,0.86064,1983.0
2024-05-13 03:15:00,FX:EURGBP,0.86064,0.86071,0.86049,0.8606699999999999,1577.0
2024-05-13 03:30:00,FX:EURGBP,0.8606699999999999,0.86071,0.86057,0.86061,1167.0
2024-05-13 03:45:00,FX:EURGBP,0.86061,0.86063,0.86039,0.86042,1392.0
2024-05-13 04:00:00,FX:EURGBP,0.86042,0.8607,0.86035,0.8607,1504.0
2024-05-13 04:15:00,FX:EURGBP,0.8607,0.86085,0.86055,0.8606199999999999,1498.0
2024-05-13 04:30:00,FX:EURGBP,0.8606199999999999,0.86078,0.86054,0.8606699999999999,1139.0
2024-05-13 04:45:00,FX:EURGBP,0.8606699999999999,0.86085,0.86065,0.8607,1316.0
2024-05-13 05:00:00,FX:EURGBP,0.8607,0.86088,0.8606199999999999,0.8608,1149.0
2024-05-13 05:15:00,FX:EURGBP,0.8608,0.86082,0.86056,0.86061,1272.0
2024-05-13 05:30:00,FX:EURGBP,0.86061,0.8606199999999999,0.86004,0.86005,1488.0
2024-05-13 05:45:00,FX:EURGBP,0.86005,0.8603,0.85983,0.86021,1461.0
2024-05-13 06:00:00,FX:EURGBP,0.86021,0.86036,0.86002,0.86003,1442.0
2024-05-13 06:15:00,FX:EURGBP,0.86003,0.86012,0.85985,0.8600599999999999,1488.0
2024-05-13 06:30:00,FX:EURGBP,0.8600599999999999,0.8601,0.85958,0.8596699999999999,1401.0
2024-05-13 06:45:00,FX:EURGBP,0.8596699999999999,0.86008,0.85959,0.85996,2088.0
2024-05-13 07:00:00,FX:EURGBP,0.85996,0.86038,0.85993,0.86032,1847.0
2024-05-13 07:15:00,FX:EURGBP,0.86032,0.86047,0.86017,0.8602,1887.0
2024-05-13 07:30:00,FX:EURGBP,0.8602,0.86025,0.85994,0.86007,1622.0
2024-05-13 07:45:00,FX:EURGBP,0.86007,0.86016,0.85993,0.8600099999999999,2338.0
2024-05-13 08:00:00,FX:EURGBP,0.8600099999999999,0.86021,0.85992,0.8601,1840.0
2024-05-13 08:15:00,FX:EURGBP,0.8601,0.8603,0.85996,0.8602299999999999,2250.0
2024-05-13 08:30:00,FX:EURGBP,0.8602299999999999,0.86038,0.85998,0.86002,2164.0
2024-05-13 08:45:00,FX:EURGBP,0.86002,0.86007,0.85981,0.85988,1773.0
2024-05-13 09:00:00,FX:EURGBP,0.85988,0.86002,0.85975,0.85999,1937.0
2024-05-13 09:15:00,FX:EURGBP,0.85999,0.86008,0.85982,0.8599,1849.0
2024-05-13 09:30:00,FX:EURGBP,0.8599,0.86002,0.85965,0.85971,2007.0
2024-05-13 09:45:00,FX:EURGBP,0.85971,0.85998,0.85959,0.85997,2090.0
2024-05-13 10:00:00,FX:EURGBP,0.85997,0.86008,0.85965,0.85975,2739.0
2024-05-13 10:15:00,FX:EURGBP,0.85975,0.85978,0.8595,0.85959,2198.0
2024-05-13 10:30:00,FX:EURGBP,0.85959,0.85974,0.85952,0.85964,1747.0
2024-05-13 10:45:00,FX:EURGBP,0.85964,0.85966,0.8594499999999999,0.8594499999999999,1357.0
2024-05-13 11:00:00,FX:EURGBP,0.8594499999999999,0.85954,0.85942,0.85944,1172.0
2024-05-13 11:15:00,FX:EURGBP,0.85944,0.85948,0.85929,0.85933,1100.0
2024-05-13 11:30:00,FX:EURGBP,0.85933,0.85937,0.8592299999999999,0.85929,852.0
2024-05-13 11:45:00,FX:EURGBP,0.85929,0.8593999999999999,0.85924,0.85926,812.0
2024-05-13 12:00:00,FX:EURGBP,0.85926,0.85941,0.85909,0.8593,1197.0
2024-05-13 12:15:00,FX:EURGBP,0.8593,0.85931,0.85917,0.85926,911.0
2024-05-13 12:30:00,FX:EURGBP,0.85926,0.85942,0.85925,0.85941,551.0
2024-05-13 12:45:00,FX:EURGBP,0.85941,0.85944,0.85921,0.85921,832.0
2024-05-13 13:00:00,FX:EURGBP,0.85921,0.85939,0.8592,0.85936,1037.0
2024-05-13 13:15:00,FX:EURGBP,0.85936,0.85939,0.85925,0.85926,783.0
2024-05-13 13:30:00,FX:EURGBP,0.85926,0.85934,0.85924,0.85928,875.0
2024-05-13 13:45:00,FX:EURGBP,0.85928,0.85928,0.85914,0.85921,655.0
2024-05-13 14:00:00,FX:EURGBP,0.85921,0.8592299999999999,0.85911,0.85917,704.0
2024-05-13 14:15:00,FX:EURGBP,0.85917,0.85922,0.85913,0.85916,892.0
2024-05-13 14:30:00,FX:EURGBP,0.85916,0.8592299999999999,0.85913,0.8591799999999999,873.0
2024-05-13 14:45:00,FX:EURGBP,0.8591799999999999,0.85936,0.85913,0.85933,729.0
2024-05-13 15:00:00,FX:EURGBP,0.85933,0.8593999999999999,0.85928,0.85939,386.0
2024-05-13 15:15:00,FX:EURGBP,0.85939,0.85941,0.85927,0.85927,364.0
2024-05-13 15:30:00,FX:EURGBP,0.85927,0.85927,0.85909,0.8591,557.0
2024-05-13 15:45:00,FX:EURGBP,0.8591,0.85915,0.85903,0.85907,428.0
2024-05-13 16:00:00,FX:EURGBP,0.85907,0.85911,0.85873,0.85903,417.0
2024-05-13 16:15:00,FX:EURGBP,0.85903,0.85914,0.85878,0.85895,518.0
2024-05-13 16:30:00,FX:EURGBP,0.85895,0.8591799999999999,0.85894,0.8590599999999999,731.0
2024-05-13 16:45:00,FX:EURGBP,0.8590599999999999,0.85917,0.85892,0.85897,790.0
2024-05-13 17:00:00,FX:EURGBP,0.85897,0.8591,0.85897,0.85905,281.0
2024-05-13 17:15:00,FX:EURGBP,0.85905,0.85915,0.85904,0.85913,157.0
2024-05-13 17:30:00,FX:EURGBP,0.85913,0.85917,0.85908,0.8591,274.0
2024-05-13 17:45:00,FX:EURGBP,0.8591,0.8592299999999999,0.85908,0.85919,388.0
2024-05-13 18:00:00,FX:EURGBP,0.85919,0.85928,0.85914,0.85926,337.0
2024-05-13 18:15:00,FX:EURGBP,0.85926,0.85932,0.8592299999999999,0.85931,246.0
2024-05-13 18:30:00,FX:EURGBP,0.85931,0.85932,0.8592299999999999,0.85931,337.0
2024-05-13 18:45:00,FX:EURGBP,0.85931,0.85931,0.85919,0.85921,383.0
2024-05-13 19:00:00,FX:EURGBP,0.85921,0.85927,0.85917,0.85921,1087.0
2024-05-13 19:15:00,FX:EURGBP,0.85921,0.85927,0.85919,0.85925,942.0
2024-05-13 19:30:00,FX:EURGBP,0.85925,0.85927,0.85911,0.85911,806.0
2024-05-13 19:45:00,FX:EURGBP,0.85911,0.8591799999999999,0.85902,0.8590599999999999,1005.0
2024-05-13 20:00:00,FX:EURGBP,0.8590599999999999,0.85912,0.85902,0.85908,1077.0
2024-05-13 20:15:00,FX:EURGBP,0.85908,0.85909,0.85899,0.85903,1005.0
2024-05-13 20:30:00,FX:EURGBP,0.85903,0.85914,0.8590099999999999,0.85911,819.0
2024-05-13 20:45:00,FX:EURGBP,0.85911,0.85914,0.8590599999999999,0.8591,813.0
2024-05-13 21:00:00,FX:EURGBP,0.8591,0.85911,0.859,0.8590099999999999,654.0
2024-05-13 21:15:00,FX:EURGBP,0.8590099999999999,0.8590599999999999,0.85899,0.85903,575.0
2024-05-13 21:30:00,FX:EURGBP,0.85903,0.85907,0.85897,0.8590099999999999,801.0
2024-05-13 21:45:00,FX:EURGBP,0.8590099999999999,0.85915,0.85899,0.85903,990.0
2024-05-13 22:00:00,FX:EURGBP,0.85903,0.85905,0.85898,0.85904,1069.0
2024-05-13 22:15:00,FX:EURGBP,0.85904,0.85907,0.85899,0.85902,1057.0
2024-05-13 22:30:00,FX:EURGBP,0.85902,0.85908,0.85895,0.8590099999999999,781.0
2024-05-13 22:45:00,FX:EURGBP,0.8590099999999999,0.85903,0.85888,0.85895,1297.0
2024-05-13 23:00:00,FX:EURGBP,0.85895,0.85909,0.85892,0.85907,685.0
2024-05-13 23:15:00,FX:EURGBP,0.85907,0.85914,0.85904,0.85912,677.0
2024-05-13 23:30:00,FX:EURGBP,0.85912,0.8592,0.85904,0.85912,785.0
2024-05-13 23:45:00,FX:EURGBP,0.85912,0.85917,0.85907,0.85911,790.0
2024-05-14 00:00:00,FX:EURGBP,0.85911,0.85917,0.85904,0.85905,804.0
2024-05-14 00:15:00,FX:EURGBP,0.85905,0.85907,0.85897,0.8590599999999999,598.0
2024-05-14 00:30:00,FX:EURGBP,0.8590599999999999,0.85908,0.85895,0.85905,691.0
2024-05-14 00:45:00,FX:EURGBP,0.85905,0.85922,0.85903,0.85913,890.0
2024-05-14 01:00:00,FX:EURGBP,0.85913,0.85965,0.85868,0.85896,3128.0
2024-05-14 01:15:00,FX:EURGBP,0.85896,0.85908,0.85874,0.8588399999999999,1710.0
2024-05-14 01:30:00,FX:EURGBP,0.8588399999999999,0.8592299999999999,0.85881,0.85899,1754.0
2024-05-14 01:45:00,FX:EURGBP,0.85899,0.8591,0.85883,0.85897,1714.0
2024-05-14 02:00:00,FX:EURGBP,0.85897,0.85944,0.85897,0.85944,2090.0
2024-05-14 02:15:00,FX:EURGBP,0.85944,0.85982,0.85942,0.8597,1556.0
2024-05-14 02:30:00,FX:EURGBP,0.8597,0.85982,0.85941,0.85944,1382.0
2024-05-14 02:45:00,FX:EURGBP,0.85944,0.85973,0.85936,0.85939,1593.0
2024-05-14 03:00:00,FX:EURGBP,0.85939,0.86081,0.85926,0.86065,3590.0
2024-05-14 03:15:00,FX:EURGBP,0.86065,0.86142,0.8605,0.86125,3176.0
2024-05-14 03:30:00,FX:EURGBP,0.86125,0.86139,0.86088,0.86105,2401.0
2024-05-14 03:45:00,FX:EURGBP,0.86105,0.86131,0.86063,0.86068,1899.0
2024-05-14 04:00:00,FX:EURGBP,0.86068,0.86104,0.86068,0.86078,2324.0
2024-05-14 04:15:00,FX:EURGBP,0.86078,0.86093,0.86054,0.86058,2115.0
2024-05-14 04:30:00,FX:EURGBP,0.86058,0.86063,0.86046,0.86056,1699.0
2024-05-14 04:45:00,FX:EURGBP,0.86056,0.86071,0.86038,0.8603999999999999,1544.0
2024-05-14 05:00:00,FX:EURGBP,0.8603999999999999,0.86044,0.86011,0.86012,1421.0
2024-05-14 05:15:00,FX:EURGBP,0.86012,0.86025,0.85999,0.8600599999999999,1384.0
2024-05-14 05:30:00,FX:EURGBP,0.8600599999999999,0.86011,0.85986,0.85987,1803.0
2024-05-14 05:45:00,FX:EURGBP,0.85987,0.86002,0.85986,0.85997,1448.0
2024-05-14 06:00:00,FX:EURGBP,0.85997,0.86021,0.85982,0.85987,1802.0
2024-05-14 06:15:00,FX:EURGBP,0.85987,0.85999,0.8597899999999999,0.85995,1255.0
2024-05-14 06:30:00,FX:EURGBP,0.85995,0.85996,0.85975,0.8598399999999999,1268.0
2024-05-14 06:45:00,FX:EURGBP,0.8598399999999999,0.8600099999999999,0.8598,0.85982,1282.0
2024-05-14 07:00:00,FX:EURGBP,0.85982,0.85985,0.8596699999999999,0.8598,2037.0
2024-05-14 07:15:00,FX:EURGBP,0.8598,0.85996,0.8597,0.8597,1740.0
2024-05-14 07:30:00,FX:EURGBP,0.8597,0.86044,0.8594499999999999,0.86033,11557.0
2024-05-14 07:45:00,FX:EURGBP,0.86033,0.8606,0.86019,0.86059,4630.0
2024-05-14 08:00:00,FX:EURGBP,0.86059,0.86073,0.86016,0.8602799999999999,6129.0
2024-05-14 08:15:00,FX:EURGBP,0.8602799999999999,0.8605,0.86008,0.86024,4664.0
2024-05-14 08:30:00,FX:EURGBP,0.86024,0.86041,0.86002,0.8600599999999999,2894.0
2024-05-14 08:45:00,FX:EURGBP,0.8600599999999999,0.86014,0.85968,0.85975,2080.0
2024-05-14 09:00:00,FX:EURGBP,0.85975,0.8602,0.85965,0.86012,2238.0
2024-05-14 09:15:00,FX:EURGBP,0.86012,0.86015,0.85982,0.86009,3059.0
2024-05-14 09:30:00,FX:EURGBP,0.86009,0.86027,0.86005,0.86008,2452.0
2024-05-14 09:45:00,FX:EURGBP,0.86008,0.86008,0.85972,0.85987,2489.0
2024-05-14 10:00:00,FX:EURGBP,0.85987,0.86021,0.85986,0.86009,2602.0
2024-05-14 10:15:00,FX:EURGBP,0.86009,0.86015,0.85968,0.85978,1886.0
2024-05-14 10:30:00,FX:EURGBP,0.85978,0.85978,0.85932,0.85932,1646.0
2024-05-14 10:45:00,FX:EURGBP,0.85932,0.85952,0.85929,0.85941,1645.0
2024-05-14 11:00:00,FX:EURGBP,0.85941,0.85954,0.85931,0.85943,1405.0
2024-05-14 11:15:00,FX:EURGBP,0.85943,0.85956,0.8593999999999999,0.8595,1194.0
2024-05-14 11:30:00,FX:EURGBP,0.8595,0.85959,0.8593999999999999,0.85952,1182.0
2024-05-14 11:45:00,FX:EURGBP,0.85952,0.8596,0.8594499999999999,0.85948,968.0
2024-05-14 12:00:00,FX:EURGBP,0.85948,0.85964,0.85947,0.85963,871.0
2024-05-14 12:15:00,FX:EURGBP,0.85963,0.8597899999999999,0.8596199999999999,0.8597,736.0
2024-05-14 12:30:00,FX:EURGBP,0.8597,0.85981,0.85969,0.8598,718.0
2024-05-14 12:45:00,FX:EURGBP,0.8598,0.85981,0.8596699999999999,0.85968,721.0
2024-05-14 13:00:00,FX:EURGBP,0.85968,0.85968,0.85947,0.85954,775.0
2024-05-14 13:15:00,FX:EURGBP,0.85954,0.85959,0.8594499999999999,0.85948,735.0
2024-05-14 13:30:00,FX:EURGBP,0.85948,0.85957,0.8593999999999999,0.85944,678.0
2024-05-14 13:45:00,FX:EURGBP,0.85944,0.85949,0.85933,0.85946,892.0
2024-05-14 14:00:00,FX:EURGBP,0.85946,0.85947,0.85933,0.85936,976.0
2024-05-14 14:15:00,FX:EURGBP,0.85936,0.85944,0.85934,0.85937,715.0
2024-05-14 14:30:00,FX:EURGBP,0.85937,0.85946,0.85935,0.85939,1129.0
2024-05-14 14:45:00,FX:EURGBP,0.85939,0.85944,0.85936,0.8593999999999999,904.0
2024-05-14 15:00:00,FX:EURGBP,0.8593999999999999,0.85943,0.85927,0.85928,443.0
2024-05-14 15:15:00,FX:EURGBP,0.85928,0.85938,0.85927,0.8593,333.0
2024-05-14 15:30:00,FX:EURGBP,0.8593,0.85939,0.85926,0.85939,468.0
2024-05-14 15:45:00,FX:EURGBP,0.85939,0.8593999999999999,0.8592,0.85921,489.0
2024-05-14 16:00:00,FX:EURGBP,0.85921,0.85934,0.85867,0.85916,489.0
2024-05-14 16:15:00,FX:EURGBP,0.85916,0.85933,0.85903,0.85908,739.0
2024-05-14 16:30:00,FX:EURGBP,0.85908,0.85917,0.85905,0.85915,462.0
2024-05-14 16:45:00,FX:EURGBP,0.85915,0.85916,0.85907,0.85913,377.0
2024-05-14 17:00:00,FX:EURGBP,0.85913,0.85921,0.85908,0.85919,265.0
2024-05-14 17:15:00,FX:EURGBP,0.85919,0.8592299999999999,0.85919,0.85921,49.0
2024-05-14 17:30:00,FX:EURGBP,0.85921,0.85922,0.85915,0.8591799999999999,111.0
2024-05-14 17:45:00,FX:EURGBP,0.8591799999999999,0.85921,0.85916,0.85921,140.0
2024-05-14 18:00:00,FX:EURGBP,0.85921,0.85924,0.85915,0.85916,420.0
2024-05-14 18:15:00,FX:EURGBP,0.85916,0.8592,0.85915,0.85917,242.0
2024-05-14 18:30:00,FX:EURGBP,0.85917,0.85926,0.85913,0.85924,351.0
2024-05-14 18:45:00,FX:EURGBP,0.85924,0.85932,0.8592299999999999,0.8593,708.0
2024-05-14 19:00:00,FX:EURGBP,0.8593,0.85931,0.8591799999999999,0.85927,1155.0
2024-05-14 19:15:00,FX:EURGBP,0.85927,0.85931,0.85917,0.85929,723.0
2024-05-14 19:30:00,FX:EURGBP,0.85929,0.85932,0.85914,0.85927,679.0
2024-05-14 19:45:00,FX:EURGBP,0.85927,0.85935,0.85916,0.85927,963.0
2024-05-14 20:00:00,FX:EURGBP,0.85927,0.85931,0.85917,0.85926,806.0
2024-05-14 20:15:00,FX:EURGBP,0.85926,0.85936,0.85919,0.85932,942.0
2024-05-14 20:30:00,FX:EURGBP,0.85932,0.85943,0.85928,0.85935,903.0
2024-05-14 20:45:00,FX:EURGBP,0.85935,0.85947,0.85934,0.85942,783.0
2024-05-14 21:00:00,FX:EURGBP,0.85942,0.8594499999999999,0.85928,0.85933,673.0
2024-05-14 21:15:00,FX:EURGBP,0.85933,0.85952,0.85931,0.85952,568.0
2024-05-14 21:30:00,FX:EURGBP,0.85952,0.85959,0.85939,0.85943,864.0
2024-05-14 21:45:00,FX:EURGBP,0.85943,0.85951,0.85937,0.85946,709.0
2024-05-14 22:00:00,FX:EURGBP,0.85946,0.8595,0.85937,0.85937,534.0
2024-05-14 22:15:00,FX:EURGBP,0.85937,0.85941,0.85932,0.85932,564.0
2024-05-14 22:30:00,FX:EURGBP,0.85932,0.85943,0.8593,0.85935,567.0
2024-05-14 22:45:00,FX:EURGBP,0.85935,0.85938,0.85931,0.85932,470.0
2024-05-14 23:00:00,FX:EURGBP,0.85932,0.85934,0.85929,0.85932,416.0
2024-05-14 23:15:00,FX:EURGBP,0.85932,0.85933,0.85927,0.8593,407.0
2024-05-14 23:30:00,FX:EURGBP,0.8593,0.85941,0.85925,0.85936,555.0
2024-05-14 23:45:00,FX:EURGBP,0.85936,0.85936,0.85929,0.8593,543.0
2024-05-15 00:00:00,FX:EURGBP,0.8593,0.85941,0.8593,0.85934,635.0
2024-05-15 00:15:00,FX:EURGBP,0.85934,0.85939,0.85932,0.85936,537.0
2024-05-15 00:30:00,FX:EURGBP,0.85936,0.85944,0.85933,0.85937,735.0
2024-05-15 00:45:00,FX:EURGBP,0.85937,0.85951,0.85933,0.85942,894.0
2024-05-15 01:00:00,FX:EURGBP,0.85942,0.85952,0.8593,0.8595,1473.0
2024-05-15 01:15:00,FX:EURGBP,0.8595,0.85957,0.85937,0.85957,1139.0
2024-05-15 01:30:00,FX:EURGBP,0.85957,0.85994,0.85957,0.85988,1138.0
2024-05-15 01:45:00,FX:EURGBP,0.85988,0.86,0.85976,0.85999,1649.0
2024-05-15 02:00:00,FX:EURGBP,0.85999,0.8600099999999999,0.85964,0.8598,2534.0
2024-05-15 02:15:00,FX:EURGBP,0.8598,0.85999,0.85976,0.85992,1823.0
2024-05-15 02:30:00,FX:EURGBP,0.85992,0.85993,0.85958,0.8597,2038.0
2024-05-15 02:45:00,FX:EURGBP,0.8597,0.85972,0.85953,0.85958,1634.0
2024-05-15 03:00:00,FX:EURGBP,0.85958,0.8596199999999999,0.85931,0.85961,1553.0
2024-05-15 03:15:00,FX:EURGBP,0.85961,0.85961,0.85922,0.85942,1668.0
2024-05-15 03:30:00,FX:EURGBP,0.85942,0.85942,0.8590099999999999,0.85903,1748.0
2024-05-15 03:45:00,FX:EURGBP,0.85903,0.85909,0.85854,0.85866,2039.0
2024-05-15 04:00:00,FX:EURGBP,0.85866,0.85882,0.85846,0.85852,2501.0
2024-05-15 04:15:00,FX:EURGBP,0.85852,0.85855,0.85804,0.85819,1602.0
2024-05-15 04:30:00,FX:EURGBP,0.85819,0.8582,0.85775,0.85776,1612.0
2024-05-15 04:45:00,FX:EURGBP,0.85776,0.85783,0.85759,0.85771,1433.0
2024-05-15 05:00:00,FX:EURGBP,0.85771,0.85808,0.85766,0.85798,861.0
2024-05-15 05:15:00,FX:EURGBP,0.85798,0.8582299999999999,0.85786,0.85821,1036.0
2024-05-15 05:30:00,FX:EURGBP,0.85821,0.85837,0.8581799999999999,0.85828,1043.0
2024-05-15 05:45:00,FX:EURGBP,0.85828,0.85878,0.8582299999999999,0.85864,2462.0
2024-05-15 06:00:00,FX:EURGBP,0.85864,0.85889,0.85837,0.8583999999999999,2056.0
2024-05-15 06:15:00,FX:EURGBP,0.8583999999999999,0.85853,0.85821,0.8585,1786.0
2024-05-15 06:30:00,FX:EURGBP,0.8585,0.8586199999999999,0.8583,0.85848,1790.0
2024-05-15 06:45:00,FX:EURGBP,0.85848,0.8587,0.85834,0.85854,1941.0
2024-05-15 07:00:00,FX:EURGBP,0.85854,0.85869,0.85821,0.85849,2412.0
2024-05-15 07:15:00,FX:EURGBP,0.85849,0.8587899999999999,0.8572,0.8574499999999999,2744.0
2024-05-15 07:30:00,FX:EURGBP,0.8574499999999999,0.85921,0.85672,0.85868,11640.0
2024-05-15 07:45:00,FX:EURGBP,0.85868,0.85908,0.8585699999999999,0.85892,6491.0
2024-05-15 08:00:00,FX:EURGBP,0.85892,0.85894,0.85819,0.85834,4687.0
2024-05-15 08:15:00,FX:EURGBP,0.85834,0.85863,0.85826,0.8584499999999999,3920.0
2024-05-15 08:30:00,FX:EURGBP,0.8584499999999999,0.85865,0.85835,0.8586199999999999,3638.0
2024-05-15 08:45:00,FX:EURGBP,0.8586199999999999,0.85894,0.8585699999999999,0.85863,3940.0
2024-05-15 09:00:00,FX:EURGBP,0.85863,0.85888,0.85859,0.85878,3870.0
2024-05-15 09:15:00,FX:EURGBP,0.85878,0.85891,0.8587,0.8587899999999999,2885.0
2024-05-15 09:30:00,FX:EURGBP,0.8587899999999999,0.85883,0.85834,0.8586,2287.0
2024-05-15 09:45:00,FX:EURGBP,0.8586,0.85889,0.85837,0.85839,3045.0
2024-05-15 10:00:00,FX:EURGBP,0.85839,0.85843,0.85817,0.85821,2664.0
2024-05-15 10:15:00,FX:EURGBP,0.85821,0.85841,0.85812,0.85816,2335.0
2024-05-15 10:30:00,FX:EURGBP,0.85816,0.8583,0.85805,0.85812,2432.0
2024-05-15 10:45:00,FX:EURGBP,0.85812,0.85827,0.85794,0.85808,1873.0
2024-05-15 11:00:00,FX:EURGBP,0.85808,0.85822,0.8579,0.85798,1482.0
2024-05-15 11:15:00,FX:EURGBP,0.85798,0.8580099999999999,0.85776,0.85783,1393.0
2024-05-15 11:30:00,FX:EURGBP,0.85783,0.85789,0.85761,0.8577,1782.0
2024-05-15 11:45:00,FX:EURGBP,0.8577,0.85783,0.8576199999999999,0.85778,1477.0
2024-05-15 12:00:00,FX:EURGBP,0.85778,0.85796,0.85774,0.85786,1987.0
2024-05-15 12:15:00,FX:EURGBP,0.85786,0.85814,0.85785,0.8580099999999999,1604.0
2024-05-15 12:30:00,FX:EURGBP,0.8580099999999999,0.85816,0.85792,0.85796,1320.0
2024-05-15 12:45:00,FX:EURGBP,0.85796,0.85802,0.85778,0.85786,1388.0
2024-05-15 13:00:00,FX:EURGBP,0.85786,0.85788,0.85776,0.85786,1211.0
2024-05-15 13:15:00,FX:EURGBP,0.85786,0.85803,0.85782,0.85799,1233.0
2024-05-15 13:30:00,FX:EURGBP,0.85799,0.85808,0.8579,0.85793,1166.0
2024-05-15 13:45:00,FX:EURGBP,0.85793,0.8580099999999999,0.85781,0.8579,1375.0
2024-05-15 14:00:00,FX:EURGBP,0.8579,0.85807,0.85787,0.85804,807.0
2024-05-15 14:15:00,FX:EURGBP,0.85804,0.85819,0.858,0.85819,849.0
2024-05-15 14:30:00,FX:EURGBP,0.85819,0.85821,0.85809,0.85812,1014.0
2024-05-15 14:45:00,FX:EURGBP,0.85812,0.85814,0.85797,0.85802,1013.0
2024-05-15 15:00:00,FX:EURGBP,0.85802,0.8581799999999999,0.85796,0.8581799999999999,689.0
2024-05-15 15:15:00,FX:EURGBP,0.8581799999999999,0.85825,0.85795,0.85795,643.0
2024-05-15 15:30:00,FX:EURGBP,0.85795,0.85815,0.8579,0.8581,436.0
2024-05-15 15:45:00,FX:EURGBP,0.8581,0.8581,0.85787,0.85798,791.0
2024-05-15 16:00:00,FX:EURGBP,0.85798,0.85798,0.85746,0.8577899999999999,301.0
2024-05-15 16:15:00,FX:EURGBP,0.8577899999999999,0.85809,0.85751,0.85763,703.0
2024-05-15 16:30:00,FX:EURGBP,0.85763,0.85796,0.85758,0.85794,926.0
2024-05-15 16:45:00,FX:EURGBP,0.85794,0.85811,0.85772,0.85792,465.0
2024-05-15 17:00:00,FX:EURGBP,0.85792,0.85822,0.8579,0.85816,874.0
2024-05-15 17:15:00,FX:EURGBP,0.85816,0.8582299999999999,0.8581,0.85812,334.0
2024-05-15 17:30:00,FX:EURGBP,0.85812,0.85821,0.85811,0.85816,229.0
2024-05-15 17:45:00,FX:EURGBP,0.85816,0.85817,0.85813,0.85816,148.0
2024-05-15 18:00:00,FX:EURGBP,0.85816,0.85827,0.85811,0.85814,360.0
2024-05-15 18:15:00,FX:EURGBP,0.85814,0.85816,0.85805,0.85807,546.0
2024-05-15 18:30:00,FX:EURGBP,0.85807,0.85807,0.8579,0.8580099999999999,472.0
2024-05-15 18:45:00,FX:EURGBP,0.8580099999999999,0.85812,0.85786,0.8581,615.0
2024-05-15 19:00:00,FX:EURGBP,0.8581,0.8582299999999999,0.85802,0.85802,1315.0
2024-05-15 19:15:00,FX:EURGBP,0.85802,0.85803,0.85783,0.85791,947.0
2024-05-15 19:30:00,FX:EURGBP,0.85791,0.8580599999999999,0.85785,0.85793,1477.0
2024-05-15 19:45:00,FX:EURGBP,0.85793,0.8580099999999999,0.85773,0.8577899999999999,1457.0
2024-05-15 20:00:00,FX:EURGBP,0.8577899999999999,0.85804,0.85776,0.858,1411.0
2024-05-15 20:15:00,FX:EURGBP,0.858,0.85802,0.8578399999999999,0.8578399999999999,969.0
2024-05-15 20:30:00,FX:EURGBP,0.8578399999999999,0.85804,0.8578399999999999,0.85787,1601.0
2024-05-15 20:45:00,FX:EURGBP,0.85787,0.85802,0.85783,0.85799,1310.0
2024-05-15 21:00:00,FX:EURGBP,0.85799,0.8580599999999999,0.85787,0.85789,1735.0
2024-05-15 21:15:00,FX:EURGBP,0.85789,0.85799,0.85786,0.85787,1272.0
2024-05-15 21:30:00,FX:EURGBP,0.85787,0.85788,0.85777,0.8578,1039.0
2024-05-15 21:45:00,FX:EURGBP,0.8578,0.8579,0.85778,0.85789,859.0
2024-05-15 22:00:00,FX:EURGBP,0.85789,0.8580099999999999,0.85786,0.85796,785.0
2024-05-15 22:15:00,FX:EURGBP,0.85796,0.858,0.85787,0.8579,890.0
2024-05-15 22:30:00,FX:EURGBP,0.8579,0.85791,0.85772,0.85778,1067.0
2024-05-15 22:45:00,FX:EURGBP,0.85778,0.85785,0.85775,0.85782,657.0
2024-05-15 23:00:00,FX:EURGBP,0.85782,0.85792,0.85777,0.85789,656.0
2024-05-15 23:15:00,FX:EURGBP,0.85789,0.85791,0.85782,0.85786,608.0
2024-05-15 23:30:00,FX:EURGBP,0.85786,0.85789,0.85782,0.85783,679.0
2024-05-15 23:45:00,FX:EURGBP,0.85783,0.85795,0.85781,0.8579,739.0
2024-05-16 00:00:00,FX:EURGBP,0.8579,0.85793,0.85782,0.85786,1125.0
2024-05-16 00:15:00,FX:EURGBP,0.85786,0.858,0.85781,0.85783,725.0
2024-05-16 00:30:00,FX:EURGBP,0.85783,0.85796,0.85783,0.85785,740.0
2024-05-16 00:45:00,FX:EURGBP,0.85785,0.8579,0.85781,0.85783,953.0
2024-05-16 01:00:00,FX:EURGBP,0.85783,0.85814,0.85777,0.85805,1978.0
2024-05-16 01:15:00,FX:EURGBP,0.85805,0.85812,0.85789,0.8580599999999999,1624.0
2024-05-16 01:30:00,FX:EURGBP,0.8580599999999999,0.85817,0.85802,0.85807,1608.0
2024-05-16 01:45:00,FX:EURGBP,0.85807,0.8581,0.8579,0.85795,1413.0
2024-05-16 02:00:00,FX:EURGBP,0.85795,0.85809,0.85776,0.8577899999999999,2192.0
2024-05-16 02:15:00,FX:EURGBP,0.8577899999999999,0.85785,0.85765,0.85776,1815.0
2024-05-16 02:30:00,FX:EURGBP,0.85776,0.85793,0.85771,0.85774,1869.0
2024-05-16 02:45:00,FX:EURGBP,0.85774,0.8578399999999999,0.85747,0.85759,1402.0
2024-05-16 03:00:00,FX:EURGBP,0.85759,0.85786,0.85752,0.85777,1472.0
2024-05-16 03:15:00,FX:EURGBP,0.85777,0.85778,0.8574499999999999,0.85753,2019.0
2024-05-16 03:30:00,FX:EURGBP,0.85753,0.85792,0.85752,0.85787,1731.0
2024-05-16 03:45:00,FX:EURGBP,0.85787,0.85799,0.85781,0.85787,1367.0
2024-05-16 04:00:00,FX:EURGBP,0.85787,0.85803,0.85772,0.85783,1377.0
2024-05-16 04:15:00,FX:EURGBP,0.85783,0.85808,0.85777,0.85802,1407.0
2024-05-16 04:30:00,FX:EURGBP,0.85802,0.8582299999999999,0.85791,0.8582,1404.0
2024-05-16 04:45:00,FX:EURGBP,0.8582,0.85821,0.85792,0.85804,1569.0
2024-05-16 05:00:00,FX:EURGBP,0.85804,0.85815,0.85798,0.85803,1283.0
2024-05-16 05:15:00,FX:EURGBP,0.85803,0.85807,0.85791,0.85793,1147.0
2024-05-16 05:30:00,FX:EURGBP,0.85793,0.85799,0.8577899999999999,0.85785,1361.0
2024-05-16 05:45:00,FX:EURGBP,0.85785,0.8582,0.8578,0.85815,1333.0
2024-05-16 06:00:00,FX:EURGBP,0.85815,0.85828,0.85781,0.85796,1435.0
2024-05-16 06:15:00,FX:EURGBP,0.85796,0.85827,0.85782,0.85805,1637.0
2024-05-16 06:30:00,FX:EURGBP,0.85805,0.85853,0.85802,0.8582299999999999,2485.0
2024-05-16 06:45:00,FX:EURGBP,0.8582299999999999,0.85865,0.85811,0.8586,1846.0
2024-05-16 07:00:00,FX:EURGBP,0.8586,0.85861,0.8583999999999999,0.8583999999999999,2063.0
2024-05-16 07:15:00,FX:EURGBP,0.8583999999999999,0.85847,0.8582299999999999,0.85827,1867.0
2024-05-16 07:30:00,FX:EURGBP,0.85827,0.85846,0.85807,0.85808,5416.0
2024-05-16 07:45:00,FX:EURGBP,0.85808,0.85859,0.85805,0.85843,3074.0
2024-05-16 08:00:00,FX:EURGBP,0.85843,0.85875,0.85828,0.85835,2849.0
2024-05-16 08:15:00,FX:EURGBP,0.85835,0.85847,0.85821,0.85833,2432.0
2024-05-16 08:30:00,FX:EURGBP,0.85833,0.85853,0.85826,0.85851,2938.0
2024-05-16 08:45:00,FX:EURGBP,0.85851,0.85852,0.85816,0.85828,2020.0
2024-05-16 09:00:00,FX:EURGBP,0.85828,0.85858,0.85828,0.85836,2537.0
2024-05-16 09:15:00,FX:EURGBP,0.85836,0.85842,0.85791,0.85798,2148.0
2024-05-16 09:30:00,FX:EURGBP,0.85798,0.85812,0.85787,0.85808,2058.0
2024-05-16 09:45:00,FX:EURGBP,0.85808,0.85833,0.8578399999999999,0.85807,2947.0
2024-05-16 10:00:00,FX:EURGBP,0.85807,0.85814,0.8579,0.85797,2345.0
2024-05-16 10:15:00,FX:EURGBP,0.85797,0.85799,0.85774,0.8578399999999999,1594.0
2024-05-16 10:30:00,FX:EURGBP,0.8578399999999999,0.85794,0.85773,0.85776,1063.0
2024-05-16 10:45:00,FX:EURGBP,0.85776,0.8578,0.85766,0.85768,943.0
2024-05-16 11:00:00,FX:EURGBP,0.85768,0.85786,0.85767,0.85773,1538.0
2024-05-16 11:15:00,FX:EURGBP,0.85773,0.8578399999999999,0.85768,0.85783,889.0
2024-05-16 11:30:00,FX:EURGBP,0.85783,0.85794,0.85783,0.85783,1001.0
2024-05-16 11:45:00,FX:EURGBP,0.85783,0.8580099999999999,0.85781,0.85797,603.0
2024-05-16 12:00:00,FX:EURGBP,0.85797,0.85803,0.85792,0.85796,692.0
2024-05-16 12:15:00,FX:EURGBP,0.85796,0.85797,0.8578,0.85789,1400.0
2024-05-16 12:30:00,FX:EURGBP,0.85789,0.8579,0.85774,0.85776,994.0
2024-05-16 12:45:00,FX:EURGBP,0.85776,0.85778,0.85759,0.85764,610.0
2024-05-16 13:00:00,FX:EURGBP,0.85764,0.85769,0.85758,0.85769,925.0
2024-05-16 13:15:00,FX:EURGBP,0.85769,0.8578399999999999,0.85766,0.85766,995.0
2024-05-16 13:30:00,FX:EURGBP,0.85766,0.85767,0.85755,0.8576199999999999,619.0
2024-05-16 13:45:00,FX:EURGBP,0.8576199999999999,0.8577,0.8575,0.8576199999999999,894.0
2024-05-16 14:00:00,FX:EURGBP,0.8576199999999999,0.85773,0.85759,0.85767,711.0
2024-05-16 14:15:00,FX:EURGBP,0.85767,0.85777,0.85767,0.85775,834.0
2024-05-16 14:30:00,FX:EURGBP,0.85775,0.85788,0.85775,0.85782,894.0
2024-05-16 14:45:00,FX:EURGBP,0.85782,0.8578399999999999,0.85774,0.85774,710.0
2024-05-16 15:00:00,FX:EURGBP,0.85774,0.85776,0.85761,0.8576199999999999,448.0
2024-05-16 15:15:00,FX:EURGBP,0.8576199999999999,0.85768,0.85761,0.85766,477.0
2024-05-16 15:30:00,FX:EURGBP,0.85766,0.85775,0.85763,0.85771,309.0
2024-05-16 15:45:00,FX:EURGBP,0.85771,0.85773,0.8576199999999999,0.85771,440.0
2024-05-16 16:00:00,FX:EURGBP,0.85771,0.85771,0.85727,0.8574499999999999,270.0
2024-05-16 16:15:00,FX:EURGBP,0.8574499999999999,0.85766,0.85738,0.85759,488.0
2024-05-16 16:30:00,FX:EURGBP,0.85759,0.8576,0.8573,0.85747,984.0
2024-05-16 16:45:00,FX:EURGBP,0.85747,0.85759,0.85744,0.85749,727.0
2024-05-16 17:00:00,FX:EURGBP,0.85749,0.85776,0.85749,0.85766,277.0
2024-05-16 17:15:00,FX:EURGBP,0.85766,0.85768,0.85765,0.85768,118.0
2024-05-16 17:30:00,FX:EURGBP,0.85768,0.85775,0.85767,0.85768,147.0
2024-05-16 17:45:00,FX:EURGBP,0.85768,0.85771,0.85766,0.85769,234.0
2024-05-16 18:00:00,FX:EURGBP,0.85769,0.85772,0.85758,0.85758,451.0
2024-05-16 18:15:00,FX:EURGBP,0.85758,0.8576199999999999,0.85756,0.8575699999999999,303.0
2024-05-16 18:30:00,FX:EURGBP,0.8575699999999999,0.8576,0.85754,0.8576,158.0
2024-05-16 18:45:00,FX:EURGBP,0.8576,0.85766,0.85755,0.85765,422.0
2024-05-16 19:00:00,FX:EURGBP,0.85765,0.85773,0.8575699999999999,0.85769,984.0
2024-05-16 19:15:00,FX:EURGBP,0.85769,0.85772,0.85755,0.85761,1018.0
2024-05-16 19:30:00,FX:EURGBP,0.85761,0.85775,0.85759,0.85768,975.0
2024-05-16 19:45:00,FX:EURGBP,0.85768,0.85795,0.8576199999999999,0.85774,1148.0
2024-05-16 20:00:00,FX:EURGBP,0.85774,0.8580099999999999,0.85774,0.85789,1256.0
2024-05-16 20:15:00,FX:EURGBP,0.85789,0.8580099999999999,0.85786,0.85789,1087.0
2024-05-16 20:30:00,FX:EURGBP,0.85789,0.8579,0.85778,0.85783,992.0
2024-05-16 20:45:00,FX:EURGBP,0.85783,0.8579,0.85778,0.85789,1138.0
2024-05-16 21:00:00,FX:EURGBP,0.85789,0.85797,0.85783,0.85783,931.0
2024-05-16 21:15:00,FX:EURGBP,0.85783,0.85788,0.8578,0.85781,794.0
2024-05-16 21:30:00,FX:EURGBP,0.85781,0.85793,0.8578,0.8579,1089.0
2024-05-16 21:45:00,FX:EURGBP,0.8579,0.85796,0.8578399999999999,0.8578399999999999,710.0
2024-05-16 22:00:00,FX:EURGBP,0.8578399999999999,0.85796,0.8578,0.85795,849.0
2024-05-16 22:15:00,FX:EURGBP,0.85795,0.85799,0.85792,0.85793,622.0
2024-05-16 22:30:00,FX:EURGBP,0.85793,0.85804,0.85787,0.85787,571.0
2024-05-16 22:45:00,FX:EURGBP,0.85787,0.85791,0.85785,0.85789,419.0
2024-05-16 23:00:00,FX:EURGBP,0.85789,0.85789,0.85782,0.85786,456.0
2024-05-16 23:15:00,FX:EURGBP,0.85786,0.85787,0.85778,0.8578,359.0
2024-05-16 23:30:00,FX:EURGBP,0.8578,0.8578399999999999,0.85777,0.8578,663.0
2024-05-16 23:45:00,FX:EURGBP,0.8578,0.85787,0.8577899999999999,0.85783,425.0
2024-05-17 00:00:00,FX:EURGBP,0.85783,0.8579,0.85768,0.85769,705.0
2024-05-17 00:15:00,FX:EURGBP,0.85769,0.85783,0.85768,0.85783,900.0
2024-05-17 00:30:00,FX:EURGBP,0.85783,0.85787,0.85776,0.85781,733.0
2024-05-17 00:45:00,FX:EURGBP,0.85781,0.85791,0.85776,0.85781,648.0
2024-05-17 01:00:00,FX:EURGBP,0.85781,0.85803,0.8578,0.85789,1478.0
2024-05-17 01:15:00,FX:EURGBP,0.85789,0.85794,0.85782,0.85792,1031.0
2024-05-17 01:30:00,FX:EURGBP,0.85792,0.85793,0.85767,0.85774,1532.0
2024-05-17 01:45:00,FX:EURGBP,0.85774,0.85787,0.85766,0.8577899999999999,1596.0
2024-05-17 02:00:00,FX:EURGBP,0.8577899999999999,0.8580099999999999,0.8577,0.8578,1949.0
2024-05-17 02:15:00,FX:EURGBP,0.8578,0.85793,0.85774,0.85785,1536.0
2024-05-17 02:30:00,FX:EURGBP,0.85785,0.85788,0.85768,0.8577,1467.0
2024-05-17 02:45:00,FX:EURGBP,0.8577,0.85797,0.85758,0.85796,1516.0
2024-05-17 03:00:00,FX:EURGBP,0.85796,0.85797,0.8575,0.8575699999999999,2283.0
2024-05-17 03:15:00,FX:EURGBP,0.8575699999999999,0.85766,0.85749,0.85755,1669.0
2024-05-17 03:30:00,FX:EURGBP,0.85755,0.85761,0.8572,0.8573,2150.0
2024-05-17 03:45:00,FX:EURGBP,0.8573,0.85754,0.85726,0.85729,1452.0
2024-05-17 04:00:00,FX:EURGBP,0.85729,0.85755,0.85702,0.8573,1393.0
2024-05-17 04:15:00,FX:EURGBP,0.8573,0.8573,0.857,0.85713,1261.0
2024-05-17 04:30:00,FX:EURGBP,0.85713,0.85713,0.8568,0.8568399999999999,1363.0
2024-05-17 04:45:00,FX:EURGBP,0.8568399999999999,0.85699,0.85676,0.85692,1472.0
2024-05-17 05:00:00,FX:EURGBP,0.85692,0.85704,0.85681,0.85695,1330.0
2024-05-17 05:15:00,FX:EURGBP,0.85695,0.85709,0.85677,0.85678,1152.0
2024-05-17 05:30:00,FX:EURGBP,0.85678,0.85691,0.8567,0.85674,986.0
2024-05-17 05:45:00,FX:EURGBP,0.85674,0.85688,0.85654,0.85672,2081.0
2024-05-17 06:00:00,FX:EURGBP,0.85672,0.85711,0.85668,0.85711,1563.0
2024-05-17 06:15:00,FX:EURGBP,0.85711,0.85711,0.85686,0.85692,999.0
2024-05-17 06:30:00,FX:EURGBP,0.85692,0.85714,0.85681,0.85687,1349.0
2024-05-17 06:45:00,FX:EURGBP,0.85687,0.85697,0.8567899999999999,0.8569,1399.0
2024-05-17 07:00:00,FX:EURGBP,0.8569,0.85692,0.85669,0.8568399999999999,1670.0
2024-05-17 07:15:00,FX:EURGBP,0.8568399999999999,0.8569599999999999,0.85653,0.85654,1557.0
2024-05-17 07:30:00,FX:EURGBP,0.85654,0.85671,0.8565,0.85653,1400.0
2024-05-17 07:45:00,FX:EURGBP,0.85653,0.85656,0.85629,0.8565,1806.0
2024-05-17 08:00:00,FX:EURGBP,0.8565,0.85674,0.85639,0.8567,1887.0
2024-05-17 08:15:00,FX:EURGBP,0.8567,0.8569,0.8566199999999999,0.85673,1870.0
2024-05-17 08:30:00,FX:EURGBP,0.85673,0.8569,0.8566199999999999,0.85666,2375.0
2024-05-17 08:45:00,FX:EURGBP,0.85666,0.8568399999999999,0.85634,0.85635,2467.0
2024-05-17 09:00:00,FX:EURGBP,0.85635,0.85656,0.85621,0.85654,2252.0
2024-05-17 09:15:00,FX:EURGBP,0.85654,0.85673,0.8565,0.85668,1637.0
2024-05-17 09:30:00,FX:EURGBP,0.85668,0.85669,0.85631,0.85637,2288.0
2024-05-17 09:45:00,FX:EURGBP,0.85637,0.85658,0.85632,0.85653,2610.0
2024-05-17 10:00:00,FX:EURGBP,0.85653,0.85658,0.85603,0.8561799999999999,2474.0
2024-05-17 10:15:00,FX:EURGBP,0.8561799999999999,0.8561799999999999,0.85549,0.85561,2188.0
2024-05-17 10:30:00,FX:EURGBP,0.85561,0.85609,0.8556,0.85583,1875.0
2024-05-17 10:45:00,FX:EURGBP,0.85583,0.85595,0.85564,0.8557,1816.0
2024-05-17 11:00:00,FX:EURGBP,0.8557,0.85577,0.8555,0.85568,1874.0
2024-05-17 11:15:00,FX:EURGBP,0.85568,0.85573,0.85552,0.85565,864.0
2024-05-17 11:30:00,FX:EURGBP,0.85565,0.85581,0.85563,0.85573,943.0
2024-05-17 11:45:00,FX:EURGBP,0.85573,0.8557899999999999,0.85564,0.8557,1181.0
2024-05-17 12:00:00,FX:EURGBP,0.8557,0.85572,0.85551,0.8556199999999999,1107.0
2024-05-17 12:15:00,FX:EURGBP,0.8556199999999999,0.85566,0.85544,0.85559,1094.0
2024-05-17 12:30:00,FX:EURGBP,0.85559,0.85571,0.8555699999999999,0.8557,1019.0
2024-05-17 12:45:00,FX:EURGBP,0.8557,0.85576,0.8556199999999999,0.85576,995.0
2024-05-17 13:00:00,FX:EURGBP,0.85576,0.85588,0.85568,0.85575,1252.0
2024-05-17 13:15:00,FX:EURGBP,0.85575,0.85599,0.85575,0.8559,965.0
2024-05-17 13:30:00,FX:EURGBP,0.8559,0.85594,0.8558399999999999,0.8559,686.0
2024-05-17 13:45:00,FX:EURGBP,0.8559,0.8559,0.85569,0.85576,949.0
2024-05-17 14:00:00,FX:EURGBP,0.85576,0.85591,0.85576,0.85585,538.0
2024-05-17 14:15:00,FX:EURGBP,0.85585,0.85588,0.8557899999999999,0.8558,708.0
2024-05-17 14:30:00,FX:EURGBP,0.8558,0.8559,0.85575,0.85587,692.0
2024-05-17 14:45:00,FX:EURGBP,0.85587,0.8559,0.85563,0.85564,823.0
2024-05-17 15:00:00,FX:EURGBP,0.85564,0.85575,0.85563,0.85574,581.0
2024-05-17 15:15:00,FX:EURGBP,0.85574,0.85575,0.85556,0.85561,529.0
2024-05-17 15:30:00,FX:EURGBP,0.85561,0.8557899999999999,0.8555699999999999,0.85574,481.0
2024-05-17 15:45:00,FX:EURGBP,0.85574,0.85592,0.85491,0.85491,823.0
2024-05-19 16:00:00,FX:EURGBP,0.85548,0.85582,0.85509,0.85582,99.0
2024-05-19 16:15:00,FX:EURGBP,0.85582,0.85582,0.85554,0.85574,288.0
2024-05-19 16:30:00,FX:EURGBP,0.85574,0.85588,0.85566,0.85585,615.0
2024-05-19 16:45:00,FX:EURGBP,0.85585,0.85589,0.8555699999999999,0.85583,589.0
2024-05-19 17:00:00,FX:EURGBP,0.85583,0.85597,0.85542,0.85587,798.0
2024-05-19 17:15:00,FX:EURGBP,0.85587,0.85597,0.85581,0.85593,221.0
2024-05-19 17:30:00,FX:EURGBP,0.85593,0.85594,0.85576,0.85583,263.0
2024-05-19 17:45:00,FX:EURGBP,0.85583,0.8559,0.8558,0.85588,276.0
2024-05-19 18:00:00,FX:EURGBP,0.85588,0.85592,0.85581,0.85583,364.0
2024-05-19 18:15:00,FX:EURGBP,0.85583,0.85588,0.85572,0.85574,371.0
2024-05-19 18:30:00,FX:EURGBP,0.85574,0.85578,0.8556,0.85563,391.0
2024-05-19 18:45:00,FX:EURGBP,0.85563,0.85572,0.8556199999999999,0.85569,611.0
2024-05-19 19:00:00,FX:EURGBP,0.85569,0.856,0.85568,0.85599,1168.0
2024-05-19 19:15:00,FX:EURGBP,0.85599,0.85606,0.85582,0.85591,1011.0
2024-05-19 19:30:00,FX:EURGBP,0.85591,0.85597,0.85576,0.85586,1181.0
2024-05-19 19:45:00,FX:EURGBP,0.85586,0.85602,0.8558399999999999,0.85595,1315.0
2024-05-19 20:00:00,FX:EURGBP,0.85595,0.85607,0.85591,0.85595,2065.0
2024-05-19 20:15:00,FX:EURGBP,0.85595,0.85599,0.85588,0.85595,2009.0
2024-05-19 20:30:00,FX:EURGBP,0.85595,0.85607,0.85593,0.85597,1855.0
2024-05-19 20:45:00,FX:EURGBP,0.85597,0.85604,0.85586,0.8559,1565.0
2024-05-19 21:00:00,FX:EURGBP,0.8559,0.85592,0.8557899999999999,0.85586,1313.0
2024-05-19 21:15:00,FX:EURGBP,0.85586,0.85603,0.85585,0.856,952.0
2024-05-19 21:30:00,FX:EURGBP,0.856,0.85611,0.85595,0.8560099999999999,1035.0
2024-05-19 21:45:00,FX:EURGBP,0.8560099999999999,0.85602,0.85594,0.85595,703.0
2024-05-19 22:00:00,FX:EURGBP,0.85595,0.8561,0.85595,0.85606,749.0
2024-05-19 22:15:00,FX:EURGBP,0.85606,0.85626,0.8560099999999999,0.85622,753.0
2024-05-19 22:30:00,FX:EURGBP,0.85622,0.85622,0.85607,0.8561,733.0
2024-05-19 22:45:00,FX:EURGBP,0.8561,0.85621,0.85603,0.85621,844.0
2024-05-19 23:00:00,FX:EURGBP,0.85621,0.85625,0.85613,0.85613,813.0
2024-05-19 23:15:00,FX:EURGBP,0.85613,0.85619,0.85607,0.85609,1021.0
2024-05-19 23:30:00,FX:EURGBP,0.85609,0.8562,0.85608,0.8561799999999999,560.0
2024-05-19 23:45:00,FX:EURGBP,0.8561799999999999,0.85624,0.85616,0.8562,574.0
2024-05-20 00:00:00,FX:EURGBP,0.8562,0.85635,0.8561799999999999,0.85632,685.0
2024-05-20 00:15:00,FX:EURGBP,0.85632,0.85646,0.85631,0.85643,523.0
2024-05-20 00:30:00,FX:EURGBP,0.85643,0.85646,0.85632,0.85635,941.0
2024-05-20 00:45:00,FX:EURGBP,0.85635,0.85636,0.8561799999999999,0.8563,1156.0
2024-05-20 01:00:00,FX:EURGBP,0.8563,0.85651,0.8562299999999999,0.85648,2035.0
2024-05-20 01:15:00,FX:EURGBP,0.85648,0.85678,0.85647,0.85673,1744.0
2024-05-20 01:30:00,FX:EURGBP,0.85673,0.8567899999999999,0.85646,0.85652,1849.0
2024-05-20 01:45:00,FX:EURGBP,0.85652,0.85664,0.85642,0.85649,1781.0
2024-05-20 02:00:00,FX:EURGBP,0.85649,0.85649,0.85617,0.85628,2546.0
2024-05-20 02:15:00,FX:EURGBP,0.85628,0.85664,0.85619,0.85653,2185.0
2024-05-20 02:30:00,FX:EURGBP,0.85653,0.85655,0.85628,0.8563999999999999,1810.0
2024-05-20 02:45:00,FX:EURGBP,0.8563999999999999,0.85655,0.85627,0.85652,1976.0
2024-05-20 03:00:00,FX:EURGBP,0.85652,0.85664,0.85638,0.85646,1585.0
2024-05-20 03:15:00,FX:EURGBP,0.85646,0.85649,0.85621,0.8562299999999999,1449.0
2024-05-20 03:30:00,FX:EURGBP,0.8562299999999999,0.85637,0.85611,0.85622,1328.0
2024-05-20 03:45:00,FX:EURGBP,0.85622,0.85626,0.85581,0.85592,1833.0
2024-05-20 04:00:00,FX:EURGBP,0.85592,0.85621,0.85578,0.85587,1842.0
2024-05-20 04:15:00,FX:EURGBP,0.85587,0.85588,0.85551,0.85561,1422.0
2024-05-20 04:30:00,FX:EURGBP,0.85561,0.85564,0.85547,0.85551,1071.0
2024-05-20 04:45:00,FX:EURGBP,0.85551,0.85564,0.8555,0.85553,1332.0
2024-05-20 05:00:00,FX:EURGBP,0.85553,0.85588,0.85548,0.85583,1359.0
2024-05-20 05:15:00,FX:EURGBP,0.85583,0.85588,0.85573,0.85581,1118.0
2024-05-20 05:30:00,FX:EURGBP,0.85581,0.85607,0.85577,0.8558399999999999,1225.0
2024-05-20 05:45:00,FX:EURGBP,0.8558399999999999,0.85603,0.85574,0.8558,1285.0
2024-05-20 06:00:00,FX:EURGBP,0.8558,0.85593,0.8556199999999999,0.85569,1442.0
2024-05-20 06:15:00,FX:EURGBP,0.85569,0.85572,0.85559,0.8556199999999999,1308.0
2024-05-20 06:30:00,FX:EURGBP,0.8556199999999999,0.8557,0.85545,0.85547,1457.0
2024-05-20 06:45:00,FX:EURGBP,0.85547,0.85552,0.8553,0.85542,1268.0
2024-05-20 07:00:00,FX:EURGBP,0.85542,0.85568,0.85529,0.8553,1973.0
2024-05-20 07:15:00,FX:EURGBP,0.8553,0.8555,0.85485,0.85491,2433.0
2024-05-20 07:30:00,FX:EURGBP,0.85491,0.8551799999999999,0.85484,0.85509,3009.0
2024-05-20 07:45:00,FX:EURGBP,0.85509,0.85528,0.85506,0.85517,1945.0
2024-05-20 08:00:00,FX:EURGBP,0.85517,0.85537,0.85507,0.85526,2209.0
2024-05-20 08:15:00,FX:EURGBP,0.85526,0.85548,0.8552,0.85536,2511.0
2024-05-20 08:30:00,FX:EURGBP,0.85536,0.8555,0.85522,0.85529,2074.0
2024-05-20 08:45:00,FX:EURGBP,0.85529,0.85536,0.8551799999999999,0.8552299999999999,1750.0
2024-05-20 09:00:00,FX:EURGBP,0.8552299999999999,0.85524,0.85506,0.85519,1682.0
2024-05-20 09:15:00,FX:EURGBP,0.85519,0.85538,0.85513,0.85513,1608.0
2024-05-20 09:30:00,FX:EURGBP,0.85513,0.8551799999999999,0.85492,0.855,1544.0
2024-05-20 09:45:00,FX:EURGBP,0.855,0.85511,0.85494,0.85498,2140.0
2024-05-20 10:00:00,FX:EURGBP,0.85498,0.85509,0.8549,0.85502,2202.0
2024-05-20 10:15:00,FX:EURGBP,0.85502,0.85509,0.8549,0.85499,1313.0
2024-05-20 10:30:00,FX:EURGBP,0.85499,0.855,0.85476,0.85485,1206.0
2024-05-20 10:45:00,FX:EURGBP,0.85485,0.85489,0.85472,0.85483,1050.0
2024-05-20 11:00:00,FX:EURGBP,0.85483,0.85487,0.8545699999999999,0.85467,850.0
2024-05-20 11:15:00,FX:EURGBP,0.85467,0.85469,0.85439,0.85454,875.0
2024-05-20 11:30:00,FX:EURGBP,0.85454,0.85454,0.85432,0.85445,1040.0
2024-05-20 11:45:00,FX:EURGBP,0.85445,0.85447,0.85431,0.85437,1060.0
2024-05-20 12:00:00,FX:EURGBP,0.85437,0.85446,0.85412,0.85443,1004.0
2024-05-20 12:15:00,FX:EURGBP,0.85443,0.85465,0.8543999999999999,0.85459,789.0
2024-05-20 12:30:00,FX:EURGBP,0.85459,0.85485,0.85454,0.85476,1308.0
2024-05-20 12:45:00,FX:EURGBP,0.85476,0.85477,0.85451,0.8547,1590.0
2024-05-20 13:00:00,FX:EURGBP,0.8547,0.85476,0.85461,0.8547399999999999,1418.0
2024-05-20 13:15:00,FX:EURGBP,0.8547399999999999,0.85497,0.85473,0.85482,1169.0
2024-05-20 13:30:00,FX:EURGBP,0.85482,0.85484,0.85476,0.8548,886.0
2024-05-20 13:45:00,FX:EURGBP,0.8548,0.85482,0.85471,0.85473,1063.0
2024-05-20 14:00:00,FX:EURGBP,0.85473,0.85477,0.85466,0.85469,603.0
2024-05-20 14:15:00,FX:EURGBP,0.85469,0.85476,0.85465,0.85475,499.0
2024-05-20 14:30:00,FX:EURGBP,0.85475,0.8548,0.85473,0.85478,483.0
2024-05-20 14:45:00,FX:EURGBP,0.85478,0.8547899999999999,0.85458,0.85461,903.0
2024-05-20 15:00:00,FX:EURGBP,0.85461,0.85469,0.85459,0.85464,524.0
2024-05-20 15:15:00,FX:EURGBP,0.85464,0.85466,0.8545699999999999,0.8545699999999999,422.0
2024-05-20 15:30:00,FX:EURGBP,0.8545699999999999,0.85458,0.85447,0.85447,346.0
2024-05-20 15:45:00,FX:EURGBP,0.85447,0.85453,0.85436,0.85439,582.0
2024-05-20 16:00:00,FX:EURGBP,0.85439,0.85439,0.85384,0.85422,218.0
2024-05-20 16:15:00,FX:EURGBP,0.85422,0.85442,0.85422,0.85436,289.0
2024-05-20 16:30:00,FX:EURGBP,0.85436,0.85447,0.85433,0.85441,416.0
2024-05-20 16:45:00,FX:EURGBP,0.85441,0.85468,0.85432,0.85454,563.0
2024-05-20 17:00:00,FX:EURGBP,0.85454,0.85454,0.85434,0.8543999999999999,243.0
2024-05-20 17:15:00,FX:EURGBP,0.8543999999999999,0.85442,0.85439,0.85441,116.0
2024-05-20 17:30:00,FX:EURGBP,0.85441,0.85448,0.8543499999999999,0.85444,139.0
2024-05-20 17:45:00,FX:EURGBP,0.85444,0.85448,0.85441,0.85443,129.0
2024-05-20 18:00:00,FX:EURGBP,0.85443,0.85449,0.85439,0.85442,310.0
2024-05-20 18:15:00,FX:EURGBP,0.85442,0.85448,0.85439,0.85441,203.0
2024-05-20 18:30:00,FX:EURGBP,0.85441,0.85453,0.85437,0.85447,316.0
2024-05-20 18:45:00,FX:EURGBP,0.85447,0.8545,0.85443,0.85448,429.0
2024-05-20 19:00:00,FX:EURGBP,0.85448,0.8545,0.85437,0.85441,838.0
2024-05-20 19:15:00,FX:EURGBP,0.85441,0.85445,0.8543499999999999,0.85445,780.0
2024-05-20 19:30:00,FX:EURGBP,0.85445,0.85452,0.8543999999999999,0.85442,672.0
2024-05-20 19:45:00,FX:EURGBP,0.85442,0.85464,0.85441,0.85459,919.0
2024-05-20 20:00:00,FX:EURGBP,0.85459,0.85463,0.85441,0.85448,1130.0
2024-05-20 20:15:00,FX:EURGBP,0.85448,0.85451,0.8543999999999999,0.8545,680.0
2024-05-20 20:30:00,FX:EURGBP,0.8545,0.8546199999999999,0.85448,0.85453,1112.0
2024-05-20 20:45:00,FX:EURGBP,0.85453,0.85463,0.85449,0.85458,1127.0
2024-05-20 21:00:00,FX:EURGBP,0.85458,0.85465,0.85444,0.85455,1545.0
2024-05-20 21:15:00,FX:EURGBP,0.85455,0.85458,0.85434,0.8543499999999999,1274.0
2024-05-20 21:30:00,FX:EURGBP,0.8543499999999999,0.85456,0.85434,0.85454,1084.0
2024-05-20 21:45:00,FX:EURGBP,0.85454,0.85456,0.85441,0.85441,1210.0
2024-05-20 22:00:00,FX:EURGBP,0.85441,0.85441,0.8543,0.85432,810.0
2024-05-20 22:15:00,FX:EURGBP,0.85432,0.85438,0.85431,0.85436,678.0
2024-05-20 22:30:00,FX:EURGBP,0.85436,0.85441,0.85432,0.85438,647.0
2024-05-20 22:45:00,FX:EURGBP,0.85438,0.85441,0.85436,0.85436,438.0
2024-05-20 23:00:00,FX:EURGBP,0.85436,0.85437,0.85432,0.85433,617.0
2024-05-20 23:15:00,FX:EURGBP,0.85433,0.85438,0.85431,0.85432,703.0
2024-05-20 23:30:00,FX:EURGBP,0.85432,0.85437,0.8543,0.85433,652.0
2024-05-20 23:45:00,FX:EURGBP,0.85433,0.85437,0.85429,0.85432,645.0
2024-05-21 00:00:00,FX:EURGBP,0.85432,0.85437,0.85427,0.85432,660.0
2024-05-21 00:15:00,FX:EURGBP,0.85432,0.85441,0.85431,0.85441,624.0
2024-05-21 00:30:00,FX:EURGBP,0.85441,0.85443,0.85436,0.85442,1052.0
2024-05-21 00:45:00,FX:EURGBP,0.85442,0.85449,0.85429,0.85432,1048.0
2024-05-21 01:00:00,FX:EURGBP,0.85432,0.85432,0.85419,0.85428,1425.0
2024-05-21 01:15:00,FX:EURGBP,0.85428,0.8543999999999999,0.85419,0.85422,1752.0
2024-05-21 01:30:00,FX:EURGBP,0.85422,0.85428,0.85412,0.85427,1507.0
2024-05-21 01:45:00,FX:EURGBP,0.85427,0.85455,0.85421,0.85452,1365.0
2024-05-21 02:00:00,FX:EURGBP,0.85452,0.85458,0.85412,0.85422,2410.0
2024-05-21 02:15:00,FX:EURGBP,0.85422,0.85441,0.85417,0.85431,1827.0
2024-05-21 02:30:00,FX:EURGBP,0.85431,0.85446,0.85422,0.85432,1916.0
2024-05-21 02:45:00,FX:EURGBP,0.85432,0.85463,0.85426,0.8546,1592.0
2024-05-21 03:00:00,FX:EURGBP,0.8546,0.85483,0.85452,0.85468,2076.0
2024-05-21 03:15:00,FX:EURGBP,0.85468,0.85472,0.85446,0.8546199999999999,2083.0
2024-05-21 03:30:00,FX:EURGBP,0.8546199999999999,0.8549,0.8545699999999999,0.85469,1584.0
2024-05-21 03:45:00,FX:EURGBP,0.85469,0.85497,0.85468,0.8549,2056.0
2024-05-21 04:00:00,FX:EURGBP,0.8549,0.85493,0.85471,0.85481,2171.0
2024-05-21 04:15:00,FX:EURGBP,0.85481,0.85511,0.8548,0.85508,1526.0
2024-05-21 04:30:00,FX:EURGBP,0.85508,0.85509,0.85491,0.85504,1584.0
2024-05-21 04:45:00,FX:EURGBP,0.85504,0.85508,0.85455,0.85456,1168.0
2024-05-21 05:00:00,FX:EURGBP,0.85456,0.8549,0.85455,0.8547399999999999,1334.0
2024-05-21 05:15:00,FX:EURGBP,0.8547399999999999,0.85476,0.85441,0.85441,1197.0
2024-05-21 05:30:00,FX:EURGBP,0.85441,0.8545,0.8543999999999999,0.85447,1238.0
2024-05-21 05:45:00,FX:EURGBP,0.85447,0.85466,0.85444,0.85452,1108.0
2024-05-21 06:00:00,FX:EURGBP,0.85452,0.85475,0.85451,0.85469,1230.0
2024-05-21 06:15:00,FX:EURGBP,0.85469,0.85472,0.85446,0.85451,1031.0
2024-05-21 06:30:00,FX:EURGBP,0.85451,0.85455,0.85431,0.8543499999999999,1134.0
2024-05-21 06:45:00,FX:EURGBP,0.8543499999999999,0.85451,0.85424,0.85439,1534.0
2024-05-21 07:00:00,FX:EURGBP,0.85439,0.8545699999999999,0.85433,0.85438,1913.0
2024-05-21 07:15:00,FX:EURGBP,0.85438,0.85448,0.85427,0.85433,1516.0
2024-05-21 07:30:00,FX:EURGBP,0.85433,0.85441,0.85415,0.85416,2864.0
2024-05-21 07:45:00,FX:EURGBP,0.85416,0.85442,0.85412,0.85436,2202.0
2024-05-21 08:00:00,FX:EURGBP,0.85436,0.85468,0.85422,0.85433,6200.0
2024-05-21 08:15:00,FX:EURGBP,0.85433,0.85444,0.8542299999999999,0.85426,3262.0
2024-05-21 08:30:00,FX:EURGBP,0.85426,0.85426,0.85371,0.85371,3001.0
2024-05-21 08:45:00,FX:EURGBP,0.85371,0.8537399999999999,0.85346,0.85354,2627.0
2024-05-21 09:00:00,FX:EURGBP,0.85354,0.8536199999999999,0.8533499999999999,0.85343,2661.0
2024-05-21 09:15:00,FX:EURGBP,0.85343,0.8535699999999999,0.8533499999999999,0.85344,2136.0
2024-05-21 09:30:00,FX:EURGBP,0.85344,0.85387,0.85344,0.8537399999999999,2165.0
2024-05-21 09:45:00,FX:EURGBP,0.8537399999999999,0.85376,0.85338,0.85355,2927.0
2024-05-21 10:00:00,FX:EURGBP,0.85355,0.85375,0.85353,0.85361,2467.0
2024-05-21 10:15:00,FX:EURGBP,0.85361,0.85364,0.85351,0.8536,1650.0
2024-05-21 10:30:00,FX:EURGBP,0.8536,0.85391,0.85355,0.85391,1783.0
2024-05-21 10:45:00,FX:EURGBP,0.85391,0.85421,0.85381,0.85408,1797.0
2024-05-21 11:00:00,FX:EURGBP,0.85408,0.85429,0.85407,0.8541799999999999,1693.0
2024-05-21 11:15:00,FX:EURGBP,0.8541799999999999,0.85429,0.85411,0.85421,1434.0
2024-05-21 11:30:00,FX:EURGBP,0.85421,0.85422,0.85405,0.8542,805.0
2024-05-21 11:45:00,FX:EURGBP,0.8542,0.8542,0.85403,0.85413,1225.0
2024-05-21 12:00:00,FX:EURGBP,0.85413,0.85413,0.85391,0.85394,1481.0
2024-05-21 12:15:00,FX:EURGBP,0.85394,0.85404,0.85391,0.85397,1040.0
2024-05-21 12:30:00,FX:EURGBP,0.85397,0.8540099999999999,0.85382,0.85399,878.0
2024-05-21 12:45:00,FX:EURGBP,0.85399,0.854,0.85384,0.85389,1005.0
2024-05-21 13:00:00,FX:EURGBP,0.85389,0.85392,0.8538,0.85382,1104.0
2024-05-21 13:15:00,FX:EURGBP,0.85382,0.85412,0.85381,0.85397,1124.0
2024-05-21 13:30:00,FX:EURGBP,0.85397,0.85398,0.85381,0.85382,891.0
2024-05-21 13:45:00,FX:EURGBP,0.85382,0.85385,0.85369,0.85369,1020.0
2024-05-21 14:00:00,FX:EURGBP,0.85369,0.85382,0.85366,0.8537399999999999,915.0
2024-05-21 14:15:00,FX:EURGBP,0.8537399999999999,0.8537899999999999,0.85368,0.85376,1107.0
2024-05-21 14:30:00,FX:EURGBP,0.85376,0.8537899999999999,0.85373,0.85376,806.0
2024-05-21 14:45:00,FX:EURGBP,0.85376,0.85391,0.85375,0.85388,709.0
2024-05-21 15:00:00,FX:EURGBP,0.85388,0.85421,0.85384,0.85416,609.0
2024-05-21 15:15:00,FX:EURGBP,0.85416,0.85428,0.85413,0.85413,531.0
2024-05-21 15:30:00,FX:EURGBP,0.85413,0.8542,0.85411,0.85415,338.0
2024-05-21 15:45:00,FX:EURGBP,0.85415,0.85417,0.85397,0.85397,435.0
2024-05-21 16:00:00,FX:EURGBP,0.85397,0.85409,0.85352,0.85403,259.0
2024-05-21 16:15:00,FX:EURGBP,0.85403,0.85416,0.85376,0.85391,784.0
2024-05-21 16:30:00,FX:EURGBP,0.85391,0.854,0.85358,0.8539,703.0
2024-05-21 16:45:00,FX:EURGBP,0.8539,0.8540099999999999,0.85373,0.85383,286.0
2024-05-21 17:00:00,FX:EURGBP,0.85383,0.85411,0.85375,0.85404,232.0
2024-05-21 17:15:00,FX:EURGBP,0.85404,0.85408,0.85404,0.85404,95.0
2024-05-21 17:30:00,FX:EURGBP,0.85404,0.85415,0.85403,0.85413,149.0
2024-05-21 17:45:00,FX:EURGBP,0.85413,0.85417,0.8541,0.85415,166.0
2024-05-21 18:00:00,FX:EURGBP,0.85415,0.85419,0.85406,0.85409,377.0
2024-05-21 18:15:00,FX:EURGBP,0.85409,0.85414,0.85405,0.85405,351.0
2024-05-21 18:30:00,FX:EURGBP,0.85405,0.85406,0.85399,0.8540099999999999,298.0
2024-05-21 18:45:00,FX:EURGBP,0.8540099999999999,0.85402,0.85393,0.85399,502.0
2024-05-21 19:00:00,FX:EURGBP,0.85399,0.85409,0.8539599999999999,0.8540099999999999,992.0
2024-05-21 19:15:00,FX:EURGBP,0.8540099999999999,0.85407,0.854,0.8540099999999999,724.0
2024-05-21 19:30:00,FX:EURGBP,0.8540099999999999,0.85404,0.85398,0.85403,689.0
2024-05-21 19:45:00,FX:EURGBP,0.85403,0.85406,0.8539599999999999,0.854,919.0
2024-05-21 20:00:00,FX:EURGBP,0.854,0.85408,0.8539599999999999,0.854,1398.0
2024-05-21 20:15:00,FX:EURGBP,0.854,0.85408,0.85395,0.85407,1393.0
2024-05-21 20:30:00,FX:EURGBP,0.85407,0.85409,0.85393,0.85403,1017.0
2024-05-21 20:45:00,FX:EURGBP,0.85403,0.85405,0.85393,0.85394,1161.0
2024-05-21 21:00:00,FX:EURGBP,0.85394,0.85395,0.85378,0.85384,2271.0
2024-05-21 21:15:00,FX:EURGBP,0.85384,0.85388,0.8537899999999999,0.85382,1081.0
2024-05-21 21:30:00,FX:EURGBP,0.85382,0.85387,0.85378,0.85383,1049.0
2024-05-21 21:45:00,FX:EURGBP,0.85383,0.85392,0.8537899999999999,0.8539,1516.0
2024-05-21 22:00:00,FX:EURGBP,0.8539,0.8539599999999999,0.85386,0.85394,941.0
2024-05-21 22:15:00,FX:EURGBP,0.85394,0.85395,0.85382,0.85386,1124.0
2024-05-21 22:30:00,FX:EURGBP,0.85386,0.85392,0.85383,0.85383,1053.0
2024-05-21 22:45:00,FX:EURGBP,0.85383,0.85394,0.8537899999999999,0.85394,1159.0
2024-05-21 23:00:00,FX:EURGBP,0.85394,0.85397,0.85386,0.85389,893.0
2024-05-21 23:15:00,FX:EURGBP,0.85389,0.85392,0.85384,0.85387,799.0
2024-05-21 23:30:00,FX:EURGBP,0.85387,0.85393,0.85384,0.85391,770.0
2024-05-21 23:45:00,FX:EURGBP,0.85391,0.8539599999999999,0.85386,0.85394,749.0
2024-05-22 00:00:00,FX:EURGBP,0.85394,0.85397,0.8539,0.85393,907.0
2024-05-22 00:15:00,FX:EURGBP,0.85393,0.85397,0.85383,0.85393,854.0
2024-05-22 00:30:00,FX:EURGBP,0.85393,0.85393,0.85376,0.85385,1195.0
2024-05-22 00:45:00,FX:EURGBP,0.85385,0.85412,0.85385,0.85398,1049.0
2024-05-22 01:00:00,FX:EURGBP,0.85398,0.85403,0.8515199999999999,0.85171,5773.0
2024-05-22 01:15:00,FX:EURGBP,0.85171,0.8522,0.85138,0.8521,2654.0
2024-05-22 01:30:00,FX:EURGBP,0.8521,0.8521,0.85146,0.85175,2857.0
2024-05-22 01:45:00,FX:EURGBP,0.85175,0.85176,0.85122,0.85141,2417.0
2024-05-22 02:00:00,FX:EURGBP,0.85141,0.85199,0.85128,0.85167,3129.0
2024-05-22 02:15:00,FX:EURGBP,0.85167,0.85208,0.85154,0.85197,2453.0
2024-05-22 02:30:00,FX:EURGBP,0.85197,0.85207,0.85154,0.85161,2501.0
2024-05-22 02:45:00,FX:EURGBP,0.85161,0.85177,0.8515,0.85176,2355.0
2024-05-22 03:00:00,FX:EURGBP,0.85176,0.85208,0.8517,0.85203,2563.0
2024-05-22 03:15:00,FX:EURGBP,0.85203,0.85253,0.85199,0.85224,2380.0
2024-05-22 03:30:00,FX:EURGBP,0.85224,0.8523,0.85203,0.85204,1932.0
2024-05-22 03:45:00,FX:EURGBP,0.85204,0.85233,0.85203,0.8523,1795.0
2024-05-22 04:00:00,FX:EURGBP,0.8523,0.85242,0.85225,0.85234,1769.0
2024-05-22 04:15:00,FX:EURGBP,0.85234,0.8523999999999999,0.85217,0.85229,1381.0
2024-05-22 04:30:00,FX:EURGBP,0.85229,0.85232,0.8521,0.8522,1378.0
2024-05-22 04:45:00,FX:EURGBP,0.8522,0.85224,0.8519,0.8519599999999999,1387.0
2024-05-22 05:00:00,FX:EURGBP,0.8519599999999999,0.8519599999999999,0.85171,0.85178,1895.0
2024-05-22 05:15:00,FX:EURGBP,0.85178,0.8517899999999999,0.85155,0.85159,1698.0
2024-05-22 05:30:00,FX:EURGBP,0.85159,0.85198,0.85159,0.85189,1853.0
2024-05-22 05:45:00,FX:EURGBP,0.85189,0.85195,0.85176,0.85176,1698.0
2024-05-22 06:00:00,FX:EURGBP,0.85176,0.85177,0.85146,0.85175,2108.0
2024-05-22 06:15:00,FX:EURGBP,0.85175,0.85197,0.85172,0.85188,1716.0
2024-05-22 06:30:00,FX:EURGBP,0.85188,0.85231,0.85182,0.85229,2610.0
2024-05-22 06:45:00,FX:EURGBP,0.85229,0.85234,0.85177,0.85189,2899.0
2024-05-22 07:00:00,FX:EURGBP,0.85189,0.85198,0.85142,0.85153,3419.0
2024-05-22 07:15:00,FX:EURGBP,0.85153,0.85166,0.85125,0.85164,2883.0
2024-05-22 07:30:00,FX:EURGBP,0.85164,0.85168,0.8513499999999999,0.85143,2060.0
2024-05-22 07:45:00,FX:EURGBP,0.85143,0.8515,0.85104,0.85112,2509.0
2024-05-22 08:00:00,FX:EURGBP,0.85112,0.85132,0.85095,0.85107,2600.0
2024-05-22 08:15:00,FX:EURGBP,0.85107,0.85111,0.8506,0.85061,2564.0
2024-05-22 08:30:00,FX:EURGBP,0.85061,0.85065,0.85038,0.85054,3184.0
2024-05-22 08:45:00,FX:EURGBP,0.85054,0.85068,0.8503999999999999,0.85043,3404.0
2024-05-22 09:00:00,FX:EURGBP,0.85043,0.85082,0.8503499999999999,0.85069,3425.0
2024-05-22 09:15:00,FX:EURGBP,0.85069,0.85115,0.85066,0.851,3103.0
2024-05-22 09:30:00,FX:EURGBP,0.851,0.85127,0.85094,0.85122,2933.0
2024-05-22 09:45:00,FX:EURGBP,0.85122,0.85141,0.85108,0.8513499999999999,3079.0
2024-05-22 10:00:00,FX:EURGBP,0.8513499999999999,0.85162,0.85131,0.85146,2295.0
2024-05-22 10:15:00,FX:EURGBP,0.85146,0.85166,0.85137,0.8515,2005.0
2024-05-22 10:30:00,FX:EURGBP,0.8515,0.8515699999999999,0.8513,0.8513999999999999,1897.0
2024-05-22 10:45:00,FX:EURGBP,0.8513999999999999,0.85148,0.85082,0.85089,1544.0
2024-05-22 11:00:00,FX:EURGBP,0.85089,0.85116,0.85084,0.85101,1878.0
2024-05-22 11:15:00,FX:EURGBP,0.85101,0.85116,0.85072,0.85083,1688.0
2024-05-22 11:30:00,FX:EURGBP,0.85083,0.851,0.85064,0.85081,1497.0
2024-05-22 11:45:00,FX:EURGBP,0.85081,0.85081,0.85064,0.85077,1783.0
2024-05-22 12:00:00,FX:EURGBP,0.85077,0.85084,0.85066,0.85071,1724.0
2024-05-22 12:15:00,FX:EURGBP,0.85071,0.85089,0.85069,0.85086,1599.0
2024-05-22 12:30:00,FX:EURGBP,0.85086,0.85107,0.85083,0.85102,1504.0
2024-05-22 12:45:00,FX:EURGBP,0.85102,0.85121,0.85102,0.85109,1831.0
2024-05-22 13:00:00,FX:EURGBP,0.85109,0.85124,0.85094,0.85103,3448.0
2024-05-22 13:15:00,FX:EURGBP,0.85103,0.85115,0.85095,0.85111,2950.0
2024-05-22 13:30:00,FX:EURGBP,0.85111,0.85122,0.85103,0.85115,2277.0
2024-05-22 13:45:00,FX:EURGBP,0.85115,0.85121,0.85108,0.85111,2029.0
2024-05-22 14:00:00,FX:EURGBP,0.85111,0.85115,0.85103,0.85109,1399.0
2024-05-22 14:15:00,FX:EURGBP,0.85109,0.85111,0.85094,0.851,1576.0
2024-05-22 14:30:00,FX:EURGBP,0.851,0.85107,0.85087,0.85104,1764.0
2024-05-22 14:45:00,FX:EURGBP,0.85104,0.85112,0.85092,0.85092,1767.0
2024-05-22 15:00:00,FX:EURGBP,0.85092,0.85114,0.8509,0.85112,754.0
2024-05-22 15:15:00,FX:EURGBP,0.85112,0.85114,0.85101,0.85102,1018.0
2024-05-22 15:30:00,FX:EURGBP,0.85102,0.85105,0.85093,0.85093,587.0
2024-05-22 15:45:00,FX:EURGBP,0.85093,0.85102,0.85083,0.85101,476.0
2024-05-22 16:00:00,FX:EURGBP,0.85101,0.85102,0.8505,0.85095,244.0
2024-05-22 16:15:00,FX:EURGBP,0.85095,0.85101,0.85069,0.85099,666.0
2024-05-22 16:30:00,FX:EURGBP,0.85099,0.85109,0.85092,0.85093,1040.0
2024-05-22 16:45:00,FX:EURGBP,0.85093,0.85101,0.85088,0.851,399.0
2024-05-22 17:00:00,FX:EURGBP,0.851,0.8511,0.85099,0.85108,420.0
2024-05-22 17:15:00,FX:EURGBP,0.85108,0.8511,0.85104,0.8511,137.0
2024-05-22 17:30:00,FX:EURGBP,0.8511,0.8511299999999999,0.85097,0.851,380.0
2024-05-22 17:45:00,FX:EURGBP,0.851,0.85105,0.85094,0.8509599999999999,438.0
2024-05-22 18:00:00,FX:EURGBP,0.8509599999999999,0.85104,0.85095,0.85099,605.0
2024-05-22 18:15:00,FX:EURGBP,0.85099,0.85109,0.85098,0.85106,397.0
2024-05-22 18:30:00,FX:EURGBP,0.85106,0.8511,0.85101,0.85101,380.0
2024-05-22 18:45:00,FX:EURGBP,0.85101,0.85105,0.8509599999999999,0.85099,567.0
2024-05-22 19:00:00,FX:EURGBP,0.85099,0.8511799999999999,0.85097,0.8511,1023.0
2024-05-22 19:15:00,FX:EURGBP,0.8511,0.8511,0.85099,0.85106,993.0
2024-05-22 19:30:00,FX:EURGBP,0.85106,0.8511299999999999,0.85106,0.8511299999999999,751.0
2024-05-22 19:45:00,FX:EURGBP,0.8511299999999999,0.8511299999999999,0.85102,0.85107,917.0
2024-05-22 20:00:00,FX:EURGBP,0.85107,0.85117,0.85103,0.85114,1270.0
2024-05-22 20:15:00,FX:EURGBP,0.85114,0.85116,0.85103,0.85107,1388.0
2024-05-22 20:30:00,FX:EURGBP,0.85107,0.85114,0.8509599999999999,0.851,1257.0
2024-05-22 20:45:00,FX:EURGBP,0.851,0.85106,0.85097,0.85102,954.0
2024-05-22 21:00:00,FX:EURGBP,0.85102,0.85104,0.8509599999999999,0.85097,791.0
2024-05-22 21:15:00,FX:EURGBP,0.85097,0.851,0.85093,0.85098,975.0
2024-05-22 21:30:00,FX:EURGBP,0.85098,0.85109,0.8509599999999999,0.85099,1071.0
2024-05-22 21:45:00,FX:EURGBP,0.85099,0.85104,0.85095,0.85099,778.0
2024-05-22 22:00:00,FX:EURGBP,0.85099,0.85099,0.85092,0.8509599999999999,759.0
2024-05-22 22:15:00,FX:EURGBP,0.8509599999999999,0.85098,0.8509099999999999,0.85095,649.0
2024-05-22 22:30:00,FX:EURGBP,0.85095,0.85099,0.85085,0.85085,667.0
2024-05-22 22:45:00,FX:EURGBP,0.85085,0.85092,0.85083,0.85085,724.0
2024-05-22 23:00:00,FX:EURGBP,0.85085,0.85086,0.85072,0.85072,731.0
2024-05-22 23:15:00,FX:EURGBP,0.85072,0.85082,0.8507,0.85081,543.0
2024-05-22 23:30:00,FX:EURGBP,0.85081,0.85086,0.8507899999999999,0.85082,628.0
2024-05-22 23:45:00,FX:EURGBP,0.85082,0.85088,0.85075,0.85076,671.0
2024-05-23 00:00:00,FX:EURGBP,0.85076,0.85084,0.85073,0.85078,950.0
2024-05-23 00:15:00,FX:EURGBP,0.85078,0.85085,0.85071,0.85082,677.0
2024-05-23 00:30:00,FX:EURGBP,0.85082,0.85082,0.85066,0.85068,855.0
2024-05-23 00:45:00,FX:EURGBP,0.85068,0.85086,0.85067,0.85076,1105.0
2024-05-23 01:00:00,FX:EURGBP,0.85076,0.8508,0.85048,0.85058,2271.0
2024-05-23 01:15:00,FX:EURGBP,0.85058,0.85073,0.85045,0.85064,1729.0
2024-05-23 01:30:00,FX:EURGBP,0.85064,0.85086,0.85061,0.85086,1762.0
2024-05-23 01:45:00,FX:EURGBP,0.85086,0.85097,0.85076,0.8507899999999999,1555.0
2024-05-23 02:00:00,FX:EURGBP,0.8507899999999999,0.85105,0.85078,0.8509099999999999,2413.0
2024-05-23 02:15:00,FX:EURGBP,0.8509099999999999,0.8509099999999999,0.84993,0.84993,4957.0
2024-05-23 02:30:00,FX:EURGBP,0.84993,0.85087,0.84993,0.85076,4257.0
2024-05-23 02:45:00,FX:EURGBP,0.85076,0.8511299999999999,0.8507,0.85104,2500.0
2024-05-23 03:00:00,FX:EURGBP,0.85104,0.8513,0.85093,0.85128,2840.0
2024-05-23 03:15:00,FX:EURGBP,0.85128,0.8513,0.85108,0.85123,2434.0
2024-05-23 03:30:00,FX:EURGBP,0.85123,0.85214,0.8511299999999999,0.85198,3453.0
2024-05-23 03:45:00,FX:EURGBP,0.85198,0.8521,0.85175,0.85204,2189.0
2024-05-23 04:00:00,FX:EURGBP,0.85204,0.8525699999999999,0.8520099999999999,0.85253,3159.0
2024-05-23 04:15:00,FX:EURGBP,0.85253,0.85273,0.85249,0.85253,2682.0
2024-05-23 04:30:00,FX:EURGBP,0.85253,0.85272,0.85243,0.85267,2112.0
2024-05-23 04:45:00,FX:EURGBP,0.85267,0.85269,0.85226,0.85237,1912.0
2024-05-23 05:00:00,FX:EURGBP,0.85237,0.85243,0.85221,0.85228,1848.0
2024-05-23 05:15:00,FX:EURGBP,0.85228,0.85239,0.85224,0.85226,1594.0
2024-05-23 05:30:00,FX:EURGBP,0.85226,0.85241,0.8521299999999999,0.85221,1559.0
2024-05-23 05:45:00,FX:EURGBP,0.85221,0.8525,0.85219,0.85231,1616.0
2024-05-23 06:00:00,FX:EURGBP,0.85231,0.85234,0.85199,0.8521799999999999,1917.0
2024-05-23 06:15:00,FX:EURGBP,0.8521799999999999,0.85219,0.8517,0.85171,1357.0
2024-05-23 06:30:00,FX:EURGBP,0.85171,0.8518,0.85154,0.85175,1912.0
2024-05-23 06:45:00,FX:EURGBP,0.85175,0.85181,0.85156,0.85165,2056.0
2024-05-23 07:00:00,FX:EURGBP,0.85165,0.85189,0.8515699999999999,0.85187,2362.0
2024-05-23 07:15:00,FX:EURGBP,0.85187,0.85205,0.8517899999999999,0.8517899999999999,2615.0
2024-05-23 07:30:00,FX:EURGBP,0.8517899999999999,0.85227,0.85167,0.85212,4471.0
2024-05-23 07:45:00,FX:EURGBP,0.85212,0.85241,0.85203,0.85238,3196.0
2024-05-23 08:00:00,FX:EURGBP,0.85238,0.85252,0.85228,0.85241,3143.0
2024-05-23 08:15:00,FX:EURGBP,0.85241,0.85244,0.85203,0.8521299999999999,2787.0
2024-05-23 08:30:00,FX:EURGBP,0.8521299999999999,0.85246,0.8519599999999999,0.8523499999999999,3391.0
2024-05-23 08:45:00,FX:EURGBP,0.8523499999999999,0.85282,0.85189,0.85217,9090.0
2024-05-23 09:00:00,FX:EURGBP,0.85217,0.85225,0.85187,0.85202,6732.0
2024-05-23 09:15:00,FX:EURGBP,0.85202,0.85241,0.852,0.85223,4207.0
2024-05-23 09:30:00,FX:EURGBP,0.85223,0.85224,0.85194,0.8519599999999999,3676.0
2024-05-23 09:45:00,FX:EURGBP,0.8519599999999999,0.85198,0.8515199999999999,0.85155,3972.0
2024-05-23 10:00:00,FX:EURGBP,0.85155,0.8519599999999999,0.85155,0.85177,3602.0
2024-05-23 10:15:00,FX:EURGBP,0.85177,0.8518,0.85153,0.85154,2657.0
2024-05-23 10:30:00,FX:EURGBP,0.85154,0.85161,0.85138,0.85142,2240.0
2024-05-23 10:45:00,FX:EURGBP,0.85142,0.8515199999999999,0.85131,0.85133,2073.0
2024-05-23 11:00:00,FX:EURGBP,0.85133,0.85141,0.85126,0.85127,1951.0
2024-05-23 11:15:00,FX:EURGBP,0.85127,0.85141,0.85105,0.85107,1840.0
2024-05-23 11:30:00,FX:EURGBP,0.85107,0.8512,0.85105,0.85116,1678.0
2024-05-23 11:45:00,FX:EURGBP,0.85116,0.85129,0.85094,0.851,1720.0
2024-05-23 12:00:00,FX:EURGBP,0.851,0.85123,0.85089,0.85108,2067.0
2024-05-23 12:15:00,FX:EURGBP,0.85108,0.85136,0.85108,0.85117,1750.0
2024-05-23 12:30:00,FX:EURGBP,0.85117,0.85138,0.85117,0.85133,2473.0
2024-05-23 12:45:00,FX:EURGBP,0.85133,0.85169,0.85131,0.85161,2539.0
2024-05-23 13:00:00,FX:EURGBP,0.85161,0.85168,0.85139,0.85147,2608.0
2024-05-23 13:15:00,FX:EURGBP,0.85147,0.85159,0.85132,0.8513499999999999,2514.0
2024-05-23 13:30:00,FX:EURGBP,0.8513499999999999,0.8515699999999999,0.85121,0.85156,2204.0
2024-05-23 13:45:00,FX:EURGBP,0.85156,0.8517399999999999,0.85147,0.85171,1653.0
2024-05-23 14:00:00,FX:EURGBP,0.85171,0.85177,0.8516,0.85165,1660.0
2024-05-23 14:15:00,FX:EURGBP,0.85165,0.8517399999999999,0.85161,0.85173,1651.0
2024-05-23 14:30:00,FX:EURGBP,0.85173,0.8517399999999999,0.85158,0.85162,1445.0
2024-05-23 14:45:00,FX:EURGBP,0.85162,0.85173,0.8516,0.85163,1573.0
2024-05-23 15:00:00,FX:EURGBP,0.85163,0.85164,0.85151,0.85158,685.0
2024-05-23 15:15:00,FX:EURGBP,0.85158,0.85168,0.8515699999999999,0.85168,430.0
2024-05-23 15:30:00,FX:EURGBP,0.85168,0.8517399999999999,0.85164,0.85168,448.0
2024-05-23 15:45:00,FX:EURGBP,0.85168,0.8517,0.85155,0.85161,577.0
2024-05-23 16:00:00,FX:EURGBP,0.85161,0.85161,0.85111,0.8515,265.0
2024-05-23 16:15:00,FX:EURGBP,0.8515,0.85168,0.85124,0.85164,477.0
2024-05-23 16:30:00,FX:EURGBP,0.85164,0.85176,0.85142,0.85148,996.0
2024-05-23 16:45:00,FX:EURGBP,0.85148,0.85188,0.85133,0.8515699999999999,1007.0
2024-05-23 17:00:00,FX:EURGBP,0.8515699999999999,0.85172,0.85155,0.85163,503.0
2024-05-23 17:15:00,FX:EURGBP,0.85163,0.85172,0.85159,0.85172,213.0
2024-05-23 17:30:00,FX:EURGBP,0.85172,0.85173,0.85167,0.85172,191.0
2024-05-23 17:45:00,FX:EURGBP,0.85172,0.85177,0.85168,0.8517,193.0
2024-05-23 18:00:00,FX:EURGBP,0.8517,0.85178,0.85167,0.85177,137.0
2024-05-23 18:15:00,FX:EURGBP,0.85177,0.85183,0.8517399999999999,0.8517899999999999,221.0
2024-05-23 18:30:00,FX:EURGBP,0.8517899999999999,0.85183,0.85175,0.8517899999999999,179.0
2024-05-23 18:45:00,FX:EURGBP,0.8517899999999999,0.85182,0.85176,0.8517899999999999,207.0
2024-05-23 19:00:00,FX:EURGBP,0.8517899999999999,0.85182,0.8517,0.8517399999999999,726.0
2024-05-23 19:15:00,FX:EURGBP,0.8517399999999999,0.85175,0.85161,0.85166,871.0
2024-05-23 19:30:00,FX:EURGBP,0.85166,0.85175,0.85163,0.85165,913.0
2024-05-23 19:45:00,FX:EURGBP,0.85165,0.85173,0.85153,0.85162,1065.0
2024-05-23 20:00:00,FX:EURGBP,0.85162,0.85181,0.85153,0.8517899999999999,1062.0
2024-05-23 20:15:00,FX:EURGBP,0.8517899999999999,0.85182,0.85172,0.85178,838.0
2024-05-23 20:30:00,FX:EURGBP,0.85178,0.8517899999999999,0.85159,0.85162,1003.0
2024-05-23 20:45:00,FX:EURGBP,0.85162,0.85167,0.85155,0.85159,837.0
2024-05-23 21:00:00,FX:EURGBP,0.85159,0.85172,0.85159,0.85167,1051.0
2024-05-23 21:15:00,FX:EURGBP,0.85167,0.85167,0.8515699999999999,0.8515699999999999,867.0
2024-05-23 21:30:00,FX:EURGBP,0.8515699999999999,0.85175,0.85156,0.8517,771.0
2024-05-23 21:45:00,FX:EURGBP,0.8517,0.8517399999999999,0.85162,0.8517399999999999,344.0
2024-05-23 22:00:00,FX:EURGBP,0.8517399999999999,0.85181,0.85168,0.8517,475.0
2024-05-23 22:15:00,FX:EURGBP,0.8517,0.85176,0.85168,0.85171,419.0
2024-05-23 22:30:00,FX:EURGBP,0.85171,0.85175,0.85168,0.85173,462.0
2024-05-23 22:45:00,FX:EURGBP,0.85173,0.85177,0.85168,0.8517,280.0
2024-05-23 23:00:00,FX:EURGBP,0.8517,0.8517399999999999,0.85163,0.85167,542.0
2024-05-23 23:15:00,FX:EURGBP,0.85167,0.85175,0.85166,0.8517399999999999,518.0
2024-05-23 23:30:00,FX:EURGBP,0.8517399999999999,0.85177,0.85166,0.85167,351.0
2024-05-23 23:45:00,FX:EURGBP,0.85167,0.85171,0.85164,0.8517,264.0
2024-05-24 00:00:00,FX:EURGBP,0.8517,0.85176,0.85167,0.8517,528.0
2024-05-24 00:15:00,FX:EURGBP,0.8517,0.85176,0.85167,0.85175,547.0
2024-05-24 00:30:00,FX:EURGBP,0.85175,0.8519,0.85173,0.85187,490.0
2024-05-24 00:45:00,FX:EURGBP,0.85187,0.85202,0.85183,0.85186,769.0
2024-05-24 01:00:00,FX:EURGBP,0.85186,0.8528,0.85167,0.85175,3077.0
2024-05-24 01:15:00,FX:EURGBP,0.85175,0.85212,0.85172,0.85206,1423.0
2024-05-24 01:30:00,FX:EURGBP,0.85206,0.8523499999999999,0.85205,0.85225,1738.0
2024-05-24 01:45:00,FX:EURGBP,0.85225,0.85227,0.85183,0.85183,1325.0
2024-05-24 02:00:00,FX:EURGBP,0.85183,0.8519599999999999,0.85168,0.85176,1711.0
2024-05-24 02:15:00,FX:EURGBP,0.85176,0.85216,0.85161,0.85209,1533.0
2024-05-24 02:30:00,FX:EURGBP,0.85209,0.85214,0.85192,0.85206,1480.0
2024-05-24 02:45:00,FX:EURGBP,0.85206,0.85248,0.85206,0.85242,1399.0
2024-05-24 03:00:00,FX:EURGBP,0.85242,0.85245,0.85203,0.85239,1627.0
2024-05-24 03:15:00,FX:EURGBP,0.85239,0.8523999999999999,0.85193,0.85219,993.0
2024-05-24 03:30:00,FX:EURGBP,0.85219,0.85242,0.85208,0.8521799999999999,1283.0
2024-05-24 03:45:00,FX:EURGBP,0.8521799999999999,0.8523,0.8519599999999999,0.85206,1394.0
2024-05-24 04:00:00,FX:EURGBP,0.85206,0.85221,0.85202,0.8521,971.0
2024-05-24 04:15:00,FX:EURGBP,0.8521,0.85219,0.85193,0.85208,1238.0
2024-05-24 04:30:00,FX:EURGBP,0.85208,0.85221,0.85204,0.8521799999999999,1048.0
2024-05-24 04:45:00,FX:EURGBP,0.8521799999999999,0.85223,0.85203,0.85206,1059.0
2024-05-24 05:00:00,FX:EURGBP,0.85206,0.85212,0.852,0.85205,1052.0
2024-05-24 05:15:00,FX:EURGBP,0.85205,0.85227,0.8520099999999999,0.85219,979.0
2024-05-24 05:30:00,FX:EURGBP,0.85219,0.8523999999999999,0.85217,0.85233,997.0
2024-05-24 05:45:00,FX:EURGBP,0.85233,0.85243,0.85209,0.85212,1008.0
2024-05-24 06:00:00,FX:EURGBP,0.85212,0.85233,0.85198,0.8521299999999999,1268.0
2024-05-24 06:15:00,FX:EURGBP,0.8521299999999999,0.8523499999999999,0.85208,0.85224,1303.0
2024-05-24 06:30:00,FX:EURGBP,0.85224,0.85226,0.8521,0.85222,679.0
2024-05-24 06:45:00,FX:EURGBP,0.85222,0.85253,0.85222,0.85245,827.0
2024-05-24 07:00:00,FX:EURGBP,0.85245,0.85249,0.85228,0.85241,1500.0
2024-05-24 07:15:00,FX:EURGBP,0.85241,0.8528,0.85233,0.85267,1518.0
2024-05-24 07:30:00,FX:EURGBP,0.85267,0.8529599999999999,0.85259,0.85286,2835.0
2024-05-24 07:45:00,FX:EURGBP,0.85286,0.85321,0.85284,0.85308,1969.0
2024-05-24 08:00:00,FX:EURGBP,0.85308,0.85315,0.85286,0.85295,2301.0
2024-05-24 08:15:00,FX:EURGBP,0.85295,0.85303,0.85255,0.85256,1939.0
2024-05-24 08:30:00,FX:EURGBP,0.85256,0.8526199999999999,0.85234,0.85234,2477.0
2024-05-24 08:45:00,FX:EURGBP,0.85234,0.85271,0.85227,0.85227,1947.0
2024-05-24 09:00:00,FX:EURGBP,0.85227,0.85266,0.85214,0.85236,3073.0
2024-05-24 09:15:00,FX:EURGBP,0.85236,0.85241,0.85214,0.85225,1861.0
2024-05-24 09:30:00,FX:EURGBP,0.85225,0.85247,0.85183,0.85185,2095.0
2024-05-24 09:45:00,FX:EURGBP,0.85185,0.8519,0.85147,0.85151,2037.0
2024-05-24 10:00:00,FX:EURGBP,0.85151,0.85173,0.8513499999999999,0.85147,1888.0
2024-05-24 10:15:00,FX:EURGBP,0.85147,0.85155,0.85121,0.85155,1421.0
2024-05-24 10:30:00,FX:EURGBP,0.85155,0.85173,0.8515,0.85163,1506.0
2024-05-24 10:45:00,FX:EURGBP,0.85163,0.85175,0.8515,0.8515,1025.0
2024-05-24 11:00:00,FX:EURGBP,0.8515,0.85166,0.85147,0.8515699999999999,1126.0
2024-05-24 11:15:00,FX:EURGBP,0.8515699999999999,0.85171,0.85155,0.85168,852.0
2024-05-24 11:30:00,FX:EURGBP,0.85168,0.85192,0.85146,0.85191,866.0
2024-05-24 11:45:00,FX:EURGBP,0.85191,0.85192,0.85173,0.85186,1148.0
2024-05-24 12:00:00,FX:EURGBP,0.85186,0.85194,0.85173,0.85175,741.0
2024-05-24 12:15:00,FX:EURGBP,0.85175,0.85187,0.8517399999999999,0.8518,545.0
2024-05-24 12:30:00,FX:EURGBP,0.8518,0.85188,0.85175,0.85181,462.0
2024-05-24 12:45:00,FX:EURGBP,0.85181,0.85192,0.85159,0.85167,1084.0
2024-05-24 13:00:00,FX:EURGBP,0.85167,0.85176,0.85156,0.85162,831.0
2024-05-24 13:15:00,FX:EURGBP,0.85162,0.8517399999999999,0.85148,0.85173,775.0
2024-05-24 13:30:00,FX:EURGBP,0.85173,0.85176,0.85168,0.85175,937.0
2024-05-24 13:45:00,FX:EURGBP,0.85175,0.85189,0.8517,0.85186,743.0
2024-05-24 14:00:00,FX:EURGBP,0.85186,0.8519,0.85177,0.85185,1246.0
2024-05-24 14:15:00,FX:EURGBP,0.85185,0.85192,0.8517899999999999,0.85181,510.0
2024-05-24 14:30:00,FX:EURGBP,0.85181,0.85186,0.85175,0.8518,643.0
2024-05-24 14:45:00,FX:EURGBP,0.8518,0.85186,0.85159,0.85161,904.0
2024-05-24 15:00:00,FX:EURGBP,0.85161,0.85171,0.8515699999999999,0.85167,373.0
2024-05-24 15:15:00,FX:EURGBP,0.85167,0.85177,0.85167,0.8517399999999999,406.0
2024-05-24 15:30:00,FX:EURGBP,0.8517399999999999,0.85175,0.85161,0.85169,335.0
2024-05-24 15:45:00,FX:EURGBP,0.85169,0.85176,0.85146,0.85147,386.0
2024-05-26 16:00:00,FX:EURGBP,0.85126,0.8513499999999999,0.85092,0.8511799999999999,180.0
2024-05-26 16:15:00,FX:EURGBP,0.8511799999999999,0.85128,0.85106,0.85122,189.0
2024-05-26 16:30:00,FX:EURGBP,0.85122,0.85146,0.85122,0.8513499999999999,169.0
2024-05-26 16:45:00,FX:EURGBP,0.8513499999999999,0.8513999999999999,0.85117,0.85131,154.0
2024-05-26 17:00:00,FX:EURGBP,0.85131,0.85166,0.85127,0.85156,405.0
2024-05-26 17:15:00,FX:EURGBP,0.85156,0.8515699999999999,0.85142,0.8515,173.0
2024-05-26 17:30:00,FX:EURGBP,0.8515,0.8516,0.8515,0.85159,232.0
2024-05-26 17:45:00,FX:EURGBP,0.85159,0.85161,0.85154,0.85161,120.0
2024-05-26 18:00:00,FX:EURGBP,0.85161,0.85168,0.85154,0.85161,451.0
2024-05-26 18:15:00,FX:EURGBP,0.85161,0.8517,0.85158,0.85169,245.0
2024-05-26 18:30:00,FX:EURGBP,0.85169,0.8517399999999999,0.85163,0.85173,458.0
2024-05-26 18:45:00,FX:EURGBP,0.85173,0.85178,0.85165,0.85178,503.0
2024-05-26 19:00:00,FX:EURGBP,0.85178,0.85178,0.85164,0.85168,1027.0
2024-05-26 19:15:00,FX:EURGBP,0.85168,0.85172,0.8516,0.8517,823.0
2024-05-26 19:30:00,FX:EURGBP,0.8517,0.85175,0.85159,0.85173,871.0
2024-05-26 19:45:00,FX:EURGBP,0.85173,0.85176,0.8516,0.85168,698.0
2024-05-26 20:00:00,FX:EURGBP,0.85168,0.85168,0.85158,0.85162,887.0
2024-05-26 20:15:00,FX:EURGBP,0.85162,0.85171,0.8516,0.85168,1014.0
2024-05-26 20:30:00,FX:EURGBP,0.85168,0.85168,0.8516,0.85165,871.0
2024-05-26 20:45:00,FX:EURGBP,0.85165,0.85166,0.85154,0.85155,962.0
2024-05-26 21:00:00,FX:EURGBP,0.85155,0.85161,0.85153,0.85158,513.0
2024-05-26 21:15:00,FX:EURGBP,0.85158,0.8516,0.85153,0.85155,476.0
2024-05-26 21:30:00,FX:EURGBP,0.85155,0.85161,0.85153,0.85155,486.0
2024-05-26 21:45:00,FX:EURGBP,0.85155,0.85158,0.85153,0.85155,337.0
2024-05-26 22:00:00,FX:EURGBP,0.85155,0.8515699999999999,0.85153,0.85154,747.0
2024-05-26 22:15:00,FX:EURGBP,0.85154,0.85164,0.85154,0.85155,966.0
2024-05-26 22:30:00,FX:EURGBP,0.85155,0.85161,0.85154,0.85158,617.0
2024-05-26 22:45:00,FX:EURGBP,0.85158,0.85159,0.8513999999999999,0.85144,881.0
2024-05-26 23:00:00,FX:EURGBP,0.85144,0.85145,0.85138,0.85143,720.0
2024-05-26 23:15:00,FX:EURGBP,0.85143,0.85144,0.85137,0.85141,611.0
2024-05-26 23:30:00,FX:EURGBP,0.85141,0.85145,0.85137,0.85144,616.0
2024-05-26 23:45:00,FX:EURGBP,0.85144,0.85147,0.85138,0.85138,510.0
2024-05-27 00:00:00,FX:EURGBP,0.85138,0.8513999999999999,0.85134,0.85136,729.0
2024-05-27 00:15:00,FX:EURGBP,0.85136,0.85149,0.85136,0.85146,915.0
2024-05-27 00:30:00,FX:EURGBP,0.85146,0.85148,0.85141,0.85144,492.0
2024-05-27 00:45:00,FX:EURGBP,0.85144,0.85154,0.85143,0.85146,1019.0
2024-05-27 01:00:00,FX:EURGBP,0.85146,0.8515699999999999,0.8513999999999999,0.85149,1901.0
2024-05-27 01:15:00,FX:EURGBP,0.85149,0.85151,0.85127,0.85128,1368.0
2024-05-27 01:30:00,FX:EURGBP,0.85128,0.85138,0.85119,0.85136,1043.0
2024-05-27 01:45:00,FX:EURGBP,0.85136,0.85155,0.85124,0.85153,1070.0
2024-05-27 02:00:00,FX:EURGBP,0.85153,0.85156,0.8511799999999999,0.85132,1492.0
2024-05-27 02:15:00,FX:EURGBP,0.85132,0.8513999999999999,0.85115,0.85123,1236.0
2024-05-27 02:30:00,FX:EURGBP,0.85123,0.85164,0.85123,0.85158,1238.0
2024-05-27 02:45:00,FX:EURGBP,0.85158,0.85164,0.85151,0.85155,1056.0
2024-05-27 03:00:00,FX:EURGBP,0.85155,0.85177,0.85146,0.85161,1776.0
2024-05-27 03:15:00,FX:EURGBP,0.85161,0.85165,0.85134,0.85145,1369.0
2024-05-27 03:30:00,FX:EURGBP,0.85145,0.85151,0.85136,0.85143,867.0
2024-05-27 03:45:00,FX:EURGBP,0.85143,0.85149,0.85133,0.85146,1114.0
2024-05-27 04:00:00,FX:EURGBP,0.85146,0.85164,0.85137,0.85145,1234.0
2024-05-27 04:15:00,FX:EURGBP,0.85145,0.85158,0.85138,0.8515199999999999,983.0
2024-05-27 04:30:00,FX:EURGBP,0.8515199999999999,0.85171,0.85148,0.8516,988.0
2024-05-27 04:45:00,FX:EURGBP,0.8516,0.8520099999999999,0.8516,0.85194,2268.0
2024-05-27 05:00:00,FX:EURGBP,0.85194,0.85194,0.85139,0.85141,1489.0
2024-05-27 05:15:00,FX:EURGBP,0.85141,0.8515,0.8513,0.85133,1082.0
2024-05-27 05:30:00,FX:EURGBP,0.85133,0.85151,0.85131,0.8515,890.0
2024-05-27 05:45:00,FX:EURGBP,0.8515,0.8517,0.8515,0.85161,1070.0
2024-05-27 06:00:00,FX:EURGBP,0.85161,0.85172,0.85143,0.8515699999999999,893.0
2024-05-27 06:15:00,FX:EURGBP,0.8515699999999999,0.85163,0.85146,0.85148,955.0
2024-05-27 06:30:00,FX:EURGBP,0.85148,0.85151,0.85131,0.85148,1114.0
2024-05-27 06:45:00,FX:EURGBP,0.85148,0.85159,0.8513999999999999,0.85144,1488.0
2024-05-27 07:00:00,FX:EURGBP,0.85144,0.85151,0.85058,0.85093,3522.0
2024-05-27 07:15:00,FX:EURGBP,0.85093,0.85104,0.85084,0.85095,2342.0
2024-05-27 07:30:00,FX:EURGBP,0.85095,0.8509599999999999,0.85066,0.85069,2173.0
2024-05-27 07:45:00,FX:EURGBP,0.85069,0.85077,0.85038,0.85045,1891.0
2024-05-27 08:00:00,FX:EURGBP,0.85045,0.85061,0.85021,0.85028,2016.0
2024-05-27 08:15:00,FX:EURGBP,0.85028,0.85031,0.84977,0.84993,2160.0
2024-05-27 08:30:00,FX:EURGBP,0.84993,0.84999,0.84972,0.84997,1844.0
2024-05-27 08:45:00,FX:EURGBP,0.84997,0.85029,0.84997,0.85009,1748.0
2024-05-27 09:00:00,FX:EURGBP,0.85009,0.8501299999999999,0.84989,0.8499099999999999,1811.0
2024-05-27 09:15:00,FX:EURGBP,0.8499099999999999,0.84997,0.84965,0.84973,1699.0
2024-05-27 09:30:00,FX:EURGBP,0.84973,0.84986,0.8497,0.8497899999999999,1396.0
2024-05-27 09:45:00,FX:EURGBP,0.8497899999999999,0.84999,0.84978,0.84982,1481.0
2024-05-27 10:00:00,FX:EURGBP,0.84982,0.8499099999999999,0.84976,0.8499,1485.0
2024-05-27 10:15:00,FX:EURGBP,0.8499,0.84999,0.84985,0.84995,937.0
2024-05-27 10:30:00,FX:EURGBP,0.84995,0.85015,0.84992,0.85014,1015.0
2024-05-27 10:45:00,FX:EURGBP,0.85014,0.85038,0.85009,0.85026,817.0
2024-05-27 11:00:00,FX:EURGBP,0.85026,0.85031,0.8501299999999999,0.85031,935.0
2024-05-27 11:15:00,FX:EURGBP,0.85031,0.85037,0.85028,0.85032,431.0
2024-05-27 11:30:00,FX:EURGBP,0.85032,0.85043,0.85026,0.8503,630.0
2024-05-27 11:45:00,FX:EURGBP,0.8503,0.85046,0.85028,0.85043,555.0
2024-05-27 12:00:00,FX:EURGBP,0.85043,0.85043,0.8502,0.85036,2087.0
2024-05-27 12:15:00,FX:EURGBP,0.85036,0.8505199999999999,0.85031,0.85047,2508.0
2024-05-27 12:30:00,FX:EURGBP,0.85047,0.8505,0.8503,0.85036,561.0
2024-05-27 12:45:00,FX:EURGBP,0.85036,0.85036,0.85022,0.85025,439.0
2024-05-27 13:00:00,FX:EURGBP,0.85025,0.85026,0.85022,0.85025,275.0
2024-05-27 13:15:00,FX:EURGBP,0.85025,0.85032,0.8502,0.8503,618.0
2024-05-27 13:30:00,FX:EURGBP,0.8503,0.85033,0.85025,0.85026,493.0
2024-05-27 13:45:00,FX:EURGBP,0.85026,0.85034,0.85026,0.8503,250.0
2024-05-27 14:00:00,FX:EURGBP,0.8503,0.8503999999999999,0.85029,0.85039,564.0
2024-05-27 14:15:00,FX:EURGBP,0.85039,0.85042,0.85025,0.85025,307.0
2024-05-27 14:30:00,FX:EURGBP,0.85025,0.85033,0.85024,0.85032,456.0
2024-05-27 14:45:00,FX:EURGBP,0.85032,0.85036,0.85023,0.85032,293.0
2024-05-27 15:00:00,FX:EURGBP,0.85032,0.85036,0.85031,0.85036,262.0
2024-05-27 15:15:00,FX:EURGBP,0.85036,0.85048,0.8503499999999999,0.85037,325.0
2024-05-27 15:30:00,FX:EURGBP,0.85037,0.85046,0.8503499999999999,0.85045,187.0
2024-05-27 15:45:00,FX:EURGBP,0.85045,0.85048,0.84992,0.8499599999999999,355.0
2024-05-27 16:00:00,FX:EURGBP,0.8499599999999999,0.85043,0.84981,0.85033,6745.0
2024-05-27 16:15:00,FX:EURGBP,0.85033,0.85049,0.85021,0.85026,554.0
2024-05-27 16:30:00,FX:EURGBP,0.85026,0.85038,0.85003,0.85032,2470.0
2024-05-27 16:45:00,FX:EURGBP,0.85032,0.8503499999999999,0.85001,0.8501299999999999,671.0
2024-05-27 17:00:00,FX:EURGBP,0.8501299999999999,0.85036,0.8501,0.85036,389.0
2024-05-27 17:15:00,FX:EURGBP,0.85036,0.85036,0.85034,0.8503499999999999,171.0
2024-05-27 17:30:00,FX:EURGBP,0.8503499999999999,0.85039,0.85032,0.85039,192.0
2024-05-27 17:45:00,FX:EURGBP,0.85039,0.85042,0.85034,0.85038,219.0
2024-05-27 18:00:00,FX:EURGBP,0.85038,0.85044,0.85031,0.85031,390.0
2024-05-27 18:15:00,FX:EURGBP,0.85031,0.8503999999999999,0.85031,0.85039,235.0
2024-05-27 18:30:00,FX:EURGBP,0.85039,0.8503999999999999,0.8503499999999999,0.85038,180.0
2024-05-27 18:45:00,FX:EURGBP,0.85038,0.85044,0.85036,0.85039,423.0
2024-05-27 19:00:00,FX:EURGBP,0.85039,0.8505199999999999,0.85037,0.85048,1261.0
2024-05-27 19:15:00,FX:EURGBP,0.85048,0.85051,0.85039,0.85047,1214.0
2024-05-27 19:30:00,FX:EURGBP,0.85047,0.8505699999999999,0.85043,0.85053,1146.0
2024-05-27 19:45:00,FX:EURGBP,0.85053,0.8508,0.8505199999999999,0.85072,1971.0
2024-05-27 20:00:00,FX:EURGBP,0.85072,0.8507899999999999,0.85064,0.85072,1581.0
2024-05-27 20:15:00,FX:EURGBP,0.85072,0.85086,0.85065,0.8507399999999999,1528.0
2024-05-27 20:30:00,FX:EURGBP,0.8507399999999999,0.85085,0.85063,0.85082,1456.0
2024-05-27 20:45:00,FX:EURGBP,0.85082,0.85094,0.8507399999999999,0.8509,1449.0
2024-05-27 21:00:00,FX:EURGBP,0.8509,0.85092,0.8507899999999999,0.85082,1211.0
2024-05-27 21:15:00,FX:EURGBP,0.85082,0.85095,0.85077,0.85084,1444.0
2024-05-27 21:30:00,FX:EURGBP,0.85084,0.85107,0.8507899999999999,0.85093,1319.0
2024-05-27 21:45:00,FX:EURGBP,0.85093,0.85104,0.85087,0.85087,1550.0
2024-05-27 22:00:00,FX:EURGBP,0.85087,0.85092,0.85082,0.85089,1052.0
2024-05-27 22:15:00,FX:EURGBP,0.85089,0.85099,0.85086,0.85097,1064.0
2024-05-27 22:30:00,FX:EURGBP,0.85097,0.85102,0.8509,0.85102,1143.0
2024-05-27 22:45:00,FX:EURGBP,0.85102,0.85112,0.851,0.85111,663.0
2024-05-27 23:00:00,FX:EURGBP,0.85111,0.85127,0.85111,0.85124,1071.0
2024-05-27 23:15:00,FX:EURGBP,0.85124,0.85126,0.85114,0.85114,974.0
2024-05-27 23:30:00,FX:EURGBP,0.85114,0.85128,0.8511,0.85124,1563.0
2024-05-27 23:45:00,FX:EURGBP,0.85124,0.85136,0.85121,0.8513499999999999,1298.0
2024-05-28 00:00:00,FX:EURGBP,0.8513499999999999,0.85136,0.85112,0.8511799999999999,1001.0
2024-05-28 00:15:00,FX:EURGBP,0.8511799999999999,0.85121,0.85107,0.85115,1151.0
2024-05-28 00:30:00,FX:EURGBP,0.85115,0.85125,0.85103,0.85123,945.0
2024-05-28 00:45:00,FX:EURGBP,0.85123,0.85133,0.85115,0.85117,1228.0
2024-05-28 01:00:00,FX:EURGBP,0.85117,0.85129,0.85106,0.85122,1953.0
2024-05-28 01:15:00,FX:EURGBP,0.85122,0.85146,0.85121,0.85141,1517.0
2024-05-28 01:30:00,FX:EURGBP,0.85141,0.85159,0.85134,0.8513999999999999,1308.0
2024-05-28 01:45:00,FX:EURGBP,0.8513999999999999,0.85168,0.85133,0.85167,1527.0
2024-05-28 02:00:00,FX:EURGBP,0.85167,0.85168,0.85104,0.85132,2153.0
2024-05-28 02:15:00,FX:EURGBP,0.85132,0.85146,0.85125,0.85146,1649.0
2024-05-28 02:30:00,FX:EURGBP,0.85146,0.85168,0.85143,0.85162,1164.0
2024-05-28 02:45:00,FX:EURGBP,0.85162,0.85169,0.85148,0.85159,1167.0
2024-05-28 03:00:00,FX:EURGBP,0.85159,0.85165,0.85134,0.8515699999999999,2012.0
2024-05-28 03:15:00,FX:EURGBP,0.8515699999999999,0.85171,0.85149,0.85169,1732.0
2024-05-28 03:30:00,FX:EURGBP,0.85169,0.85178,0.85143,0.85146,2011.0
2024-05-28 03:45:00,FX:EURGBP,0.85146,0.85151,0.8512,0.85127,1745.0
2024-05-28 04:00:00,FX:EURGBP,0.85127,0.85133,0.85111,0.85127,1530.0
2024-05-28 04:15:00,FX:EURGBP,0.85127,0.8515699999999999,0.85125,0.85149,1330.0
2024-05-28 04:30:00,FX:EURGBP,0.85149,0.85168,0.85147,0.8515199999999999,1453.0
2024-05-28 04:45:00,FX:EURGBP,0.8515199999999999,0.85164,0.85142,0.85142,1253.0
2024-05-28 05:00:00,FX:EURGBP,0.85142,0.8515,0.85127,0.85139,1514.0
2024-05-28 05:15:00,FX:EURGBP,0.85139,0.85168,0.85138,0.85151,1446.0
2024-05-28 05:30:00,FX:EURGBP,0.85151,0.85163,0.85134,0.85146,1314.0
2024-05-28 05:45:00,FX:EURGBP,0.85146,0.85148,0.85115,0.85124,1040.0
2024-05-28 06:00:00,FX:EURGBP,0.85124,0.85148,0.85123,0.8513499999999999,1877.0
2024-05-28 06:15:00,FX:EURGBP,0.8513499999999999,0.8515699999999999,0.85132,0.85149,1524.0
2024-05-28 06:30:00,FX:EURGBP,0.85149,0.8517,0.85147,0.85148,1612.0
2024-05-28 06:45:00,FX:EURGBP,0.85148,0.85162,0.85124,0.85127,1390.0
2024-05-28 07:00:00,FX:EURGBP,0.85127,0.85129,0.85058,0.85067,2351.0
2024-05-28 07:15:00,FX:EURGBP,0.85067,0.85073,0.85037,0.85049,2209.0
2024-05-28 07:30:00,FX:EURGBP,0.85049,0.85049,0.85016,0.8503499999999999,1900.0
2024-05-28 07:45:00,FX:EURGBP,0.8503499999999999,0.85051,0.85017,0.85024,1938.0
2024-05-28 08:00:00,FX:EURGBP,0.85024,0.85027,0.85009,0.85017,2247.0
2024-05-28 08:15:00,FX:EURGBP,0.85017,0.85021,0.84956,0.84976,2820.0
2024-05-28 08:30:00,FX:EURGBP,0.84976,0.8499,0.8495199999999999,0.84985,3131.0
2024-05-28 08:45:00,FX:EURGBP,0.84985,0.85014,0.84981,0.84997,3352.0
2024-05-28 09:00:00,FX:EURGBP,0.84997,0.85044,0.84986,0.85033,3686.0
2024-05-28 09:15:00,FX:EURGBP,0.85033,0.8503999999999999,0.85011,0.85029,2522.0
2024-05-28 09:30:00,FX:EURGBP,0.85029,0.85048,0.85012,0.85036,2422.0
2024-05-28 09:45:00,FX:EURGBP,0.85036,0.8511,0.85031,0.85106,2841.0
2024-05-28 10:00:00,FX:EURGBP,0.85106,0.85112,0.8509099999999999,0.85112,2489.0
2024-05-28 10:15:00,FX:EURGBP,0.85112,0.85119,0.85097,0.85108,1714.0
2024-05-28 10:30:00,FX:EURGBP,0.85108,0.8512,0.8509599999999999,0.85101,1970.0
2024-05-28 10:45:00,FX:EURGBP,0.85101,0.85108,0.85089,0.85089,1393.0
2024-05-28 11:00:00,FX:EURGBP,0.85089,0.85115,0.85088,0.85089,1495.0
2024-05-28 11:15:00,FX:EURGBP,0.85089,0.85128,0.85088,0.85119,1372.0
2024-05-28 11:30:00,FX:EURGBP,0.85119,0.85122,0.85095,0.85102,1355.0
2024-05-28 11:45:00,FX:EURGBP,0.85102,0.85123,0.85101,0.85115,1091.0
2024-05-28 12:00:00,FX:EURGBP,0.85115,0.85128,0.8511,0.8511299999999999,2208.0
2024-05-28 12:15:00,FX:EURGBP,0.8511299999999999,0.85129,0.85112,0.85126,1388.0
2024-05-28 12:30:00,FX:EURGBP,0.85126,0.85137,0.85126,0.85132,1307.0
2024-05-28 12:45:00,FX:EURGBP,0.85132,0.85149,0.85111,0.85117,1608.0
2024-05-28 13:00:00,FX:EURGBP,0.85117,0.8511799999999999,0.85098,0.85111,1708.0
2024-05-28 13:15:00,FX:EURGBP,0.85111,0.85117,0.85106,0.85114,1760.0
2024-05-28 13:30:00,FX:EURGBP,0.85114,0.85119,0.85106,0.85114,1438.0
2024-05-28 13:45:00,FX:EURGBP,0.85114,0.85117,0.85105,0.85108,1139.0
2024-05-28 14:00:00,FX:EURGBP,0.85108,0.85112,0.8509599999999999,0.851,1487.0
2024-05-28 14:15:00,FX:EURGBP,0.851,0.85106,0.8509599999999999,0.85102,1376.0
2024-05-28 14:30:00,FX:EURGBP,0.85102,0.85105,0.85088,0.85093,1111.0
2024-05-28 14:45:00,FX:EURGBP,0.85093,0.85103,0.8509,0.85093,986.0
2024-05-28 15:00:00,FX:EURGBP,0.85093,0.85102,0.85092,0.85094,780.0
2024-05-28 15:15:00,FX:EURGBP,0.85094,0.8509599999999999,0.8509099999999999,0.85094,330.0
2024-05-28 15:30:00,FX:EURGBP,0.85094,0.85095,0.85078,0.8507899999999999,275.0
2024-05-28 15:45:00,FX:EURGBP,0.8507899999999999,0.8508,0.85064,0.85071,555.0
2024-05-28 16:00:00,FX:EURGBP,0.85071,0.85082,0.85037,0.85043,474.0
2024-05-28 16:15:00,FX:EURGBP,0.85043,0.85061,0.85028,0.8505199999999999,775.0
2024-05-28 16:30:00,FX:EURGBP,0.8505199999999999,0.8507,0.8505,0.85068,1168.0
2024-05-28 16:45:00,FX:EURGBP,0.85068,0.85088,0.85054,0.85069,2291.0
2024-05-28 17:00:00,FX:EURGBP,0.85069,0.85084,0.85068,0.85077,326.0
2024-05-28 17:15:00,FX:EURGBP,0.85077,0.85085,0.85076,0.85078,217.0
2024-05-28 17:30:00,FX:EURGBP,0.85078,0.85089,0.85075,0.85083,352.0
2024-05-28 17:45:00,FX:EURGBP,0.85083,0.85089,0.85077,0.85083,404.0
2024-05-28 18:00:00,FX:EURGBP,0.85083,0.8509,0.85068,0.85068,611.0
2024-05-28 18:15:00,FX:EURGBP,0.85068,0.85075,0.8506,0.85062,846.0
2024-05-28 18:30:00,FX:EURGBP,0.85062,0.85066,0.85054,0.85056,889.0
2024-05-28 18:45:00,FX:EURGBP,0.85056,0.85064,0.85053,0.85055,521.0
2024-05-28 19:00:00,FX:EURGBP,0.85055,0.85063,0.85048,0.8505,1182.0
2024-05-28 19:15:00,FX:EURGBP,0.8505,0.85059,0.85047,0.85059,804.0
2024-05-28 19:30:00,FX:EURGBP,0.85059,0.85069,0.8505699999999999,0.85064,1762.0
2024-05-28 19:45:00,FX:EURGBP,0.85064,0.85081,0.85063,0.85081,1436.0
2024-05-28 20:00:00,FX:EURGBP,0.85081,0.8509,0.85077,0.85083,1339.0
2024-05-28 20:15:00,FX:EURGBP,0.85083,0.85092,0.85078,0.85087,1400.0
2024-05-28 20:30:00,FX:EURGBP,0.85087,0.85089,0.85073,0.85078,2689.0
2024-05-28 20:45:00,FX:EURGBP,0.85078,0.8507899999999999,0.85067,0.85069,1274.0
2024-05-28 21:00:00,FX:EURGBP,0.85069,0.8508,0.85067,0.85071,1044.0
2024-05-28 21:15:00,FX:EURGBP,0.85071,0.85075,0.85053,0.85055,1547.0
2024-05-28 21:30:00,FX:EURGBP,0.85055,0.85061,0.8505199999999999,0.85054,1118.0
2024-05-28 21:45:00,FX:EURGBP,0.85054,0.8507399999999999,0.85053,0.85073,1039.0
2024-05-28 22:00:00,FX:EURGBP,0.85073,0.8507899999999999,0.85065,0.8507399999999999,1256.0
2024-05-28 22:15:00,FX:EURGBP,0.8507399999999999,0.85095,0.8507399999999999,0.8509099999999999,1029.0
2024-05-28 22:30:00,FX:EURGBP,0.8509099999999999,0.85094,0.85072,0.85073,1068.0
2024-05-28 22:45:00,FX:EURGBP,0.85073,0.8507899999999999,0.85064,0.85069,1172.0
2024-05-28 23:00:00,FX:EURGBP,0.85069,0.85078,0.85065,0.85073,1079.0
2024-05-28 23:15:00,FX:EURGBP,0.85073,0.8507399999999999,0.85065,0.8507,648.0
2024-05-28 23:30:00,FX:EURGBP,0.8507,0.85078,0.85069,0.85078,640.0
2024-05-28 23:45:00,FX:EURGBP,0.85078,0.85078,0.85062,0.85064,663.0
2024-05-29 00:00:00,FX:EURGBP,0.85064,0.85068,0.85054,0.85058,1215.0
2024-05-29 00:15:00,FX:EURGBP,0.85058,0.8506,0.85053,0.8505699999999999,1221.0
2024-05-29 00:30:00,FX:EURGBP,0.8505699999999999,0.85061,0.85047,0.8505699999999999,1450.0
2024-05-29 00:45:00,FX:EURGBP,0.8505699999999999,0.85067,0.85048,0.85061,1350.0
2024-05-29 01:00:00,FX:EURGBP,0.85061,0.8507399999999999,0.85056,0.85059,1706.0
2024-05-29 01:15:00,FX:EURGBP,0.85059,0.85066,0.85051,0.8506,1957.0
2024-05-29 01:30:00,FX:EURGBP,0.8506,0.85062,0.8503,0.8503499999999999,2089.0
2024-05-29 01:45:00,FX:EURGBP,0.8503499999999999,0.85051,0.85031,0.85044,2004.0
2024-05-29 02:00:00,FX:EURGBP,0.85044,0.85063,0.85017,0.8502,2610.0
2024-05-29 02:15:00,FX:EURGBP,0.8502,0.8503,0.85015,0.8501799999999999,1999.0
2024-05-29 02:30:00,FX:EURGBP,0.8501799999999999,0.85036,0.85016,0.85029,2060.0
2024-05-29 02:45:00,FX:EURGBP,0.85029,0.85033,0.85017,0.85023,2261.0
2024-05-29 03:00:00,FX:EURGBP,0.85023,0.85023,0.84836,0.84915,5667.0
2024-05-29 03:15:00,FX:EURGBP,0.84915,0.8495199999999999,0.84912,0.84917,2778.0
2024-05-29 03:30:00,FX:EURGBP,0.84917,0.84929,0.84892,0.84925,2609.0
2024-05-29 03:45:00,FX:EURGBP,0.84925,0.84961,0.84924,0.8495699999999999,1924.0
2024-05-29 04:00:00,FX:EURGBP,0.8495699999999999,0.84997,0.84936,0.84995,2275.0
2024-05-29 04:15:00,FX:EURGBP,0.84995,0.85034,0.84987,0.85032,1979.0
2024-05-29 04:30:00,FX:EURGBP,0.85032,0.85036,0.85001,0.85011,1971.0
2024-05-29 04:45:00,FX:EURGBP,0.85011,0.85055,0.85004,0.85039,2114.0
2024-05-29 05:00:00,FX:EURGBP,0.85039,0.85053,0.85026,0.85037,1855.0
2024-05-29 05:15:00,FX:EURGBP,0.85037,0.85054,0.85021,0.85037,1970.0
2024-05-29 05:30:00,FX:EURGBP,0.85037,0.85084,0.8503499999999999,0.85077,1683.0
2024-05-29 05:45:00,FX:EURGBP,0.85077,0.85107,0.85056,0.85102,1940.0
2024-05-29 06:00:00,FX:EURGBP,0.85102,0.85107,0.85075,0.85083,2204.0
2024-05-29 06:15:00,FX:EURGBP,0.85083,0.85089,0.8505199999999999,0.85055,2246.0
2024-05-29 06:30:00,FX:EURGBP,0.85055,0.8507399999999999,0.8503999999999999,0.85046,2095.0
2024-05-29 06:45:00,FX:EURGBP,0.85046,0.85111,0.85046,0.85103,2519.0
2024-05-29 07:00:00,FX:EURGBP,0.85103,0.85139,0.8509599999999999,0.85139,2840.0
2024-05-29 07:15:00,FX:EURGBP,0.85139,0.85167,0.85112,0.8511299999999999,2815.0
2024-05-29 07:30:00,FX:EURGBP,0.8511299999999999,0.85125,0.85102,0.85122,2386.0
2024-05-29 07:45:00,FX:EURGBP,0.85122,0.85141,0.85104,0.85106,3184.0
2024-05-29 08:00:00,FX:EURGBP,0.85106,0.85108,0.85053,0.85063,3042.0
2024-05-29 08:15:00,FX:EURGBP,0.85063,0.85075,0.85046,0.85063,2742.0
2024-05-29 08:30:00,FX:EURGBP,0.85063,0.85099,0.85053,0.85095,3461.0
2024-05-29 08:45:00,FX:EURGBP,0.85095,0.8513,0.85084,0.85107,3527.0
2024-05-29 09:00:00,FX:EURGBP,0.85107,0.85121,0.8507,0.8507899999999999,3432.0
2024-05-29 09:15:00,FX:EURGBP,0.8507899999999999,0.85089,0.8505699999999999,0.85075,3488.0
2024-05-29 09:30:00,FX:EURGBP,0.85075,0.85088,0.85047,0.85063,3406.0
2024-05-29 09:45:00,FX:EURGBP,0.85063,0.85065,0.85028,0.8505199999999999,4520.0
2024-05-29 10:00:00,FX:EURGBP,0.8505199999999999,0.85087,0.85045,0.85084,3717.0
2024-05-29 10:15:00,FX:EURGBP,0.85084,0.85084,0.85045,0.8505,2211.0
2024-05-29 10:30:00,FX:EURGBP,0.8505,0.85076,0.85049,0.85064,1958.0
2024-05-29 10:45:00,FX:EURGBP,0.85064,0.85069,0.85038,0.85044,1651.0
2024-05-29 11:00:00,FX:EURGBP,0.85044,0.85065,0.85039,0.8503999999999999,1909.0
2024-05-29 11:15:00,FX:EURGBP,0.8503999999999999,0.85058,0.85036,0.85049,2086.0
2024-05-29 11:30:00,FX:EURGBP,0.85049,0.85075,0.85046,0.8507,1561.0
2024-05-29 11:45:00,FX:EURGBP,0.8507,0.85071,0.85043,0.85047,1815.0
2024-05-29 12:00:00,FX:EURGBP,0.85047,0.85065,0.85041,0.85051,3258.0
2024-05-29 12:15:00,FX:EURGBP,0.85051,0.85065,0.85049,0.85059,1697.0
2024-05-29 12:30:00,FX:EURGBP,0.85059,0.85066,0.85045,0.85047,1878.0
2024-05-29 12:45:00,FX:EURGBP,0.85047,0.85051,0.85034,0.85048,1368.0
2024-05-29 13:00:00,FX:EURGBP,0.85048,0.85059,0.85044,0.85049,1587.0
2024-05-29 13:15:00,FX:EURGBP,0.85049,0.85059,0.85036,0.85048,1364.0
2024-05-29 13:30:00,FX:EURGBP,0.85048,0.85076,0.85045,0.85075,1519.0
2024-05-29 13:45:00,FX:EURGBP,0.85075,0.85086,0.85059,0.85062,1289.0
2024-05-29 14:00:00,FX:EURGBP,0.85062,0.85069,0.85053,0.85064,1368.0
2024-05-29 14:15:00,FX:EURGBP,0.85064,0.85066,0.85043,0.85048,1316.0
2024-05-29 14:30:00,FX:EURGBP,0.85048,0.8505199999999999,0.85021,0.85029,1474.0
2024-05-29 14:45:00,FX:EURGBP,0.85029,0.85045,0.85028,0.85039,1375.0
2024-05-29 15:00:00,FX:EURGBP,0.85039,0.85051,0.8503499999999999,0.8503499999999999,588.0
2024-05-29 15:15:00,FX:EURGBP,0.8503499999999999,0.8503999999999999,0.85029,0.85034,215.0
2024-05-29 15:30:00,FX:EURGBP,0.85034,0.85038,0.85017,0.85031,489.0
2024-05-29 15:45:00,FX:EURGBP,0.85031,0.85047,0.8503,0.85044,491.0
2024-05-29 16:00:00,FX:EURGBP,0.85044,0.8505199999999999,0.84992,0.85015,306.0
2024-05-29 16:15:00,FX:EURGBP,0.85015,0.85044,0.85011,0.85033,199.0
2024-05-29 16:30:00,FX:EURGBP,0.85033,0.85056,0.85016,0.85022,497.0
2024-05-29 16:45:00,FX:EURGBP,0.85022,0.85039,0.8501799999999999,0.85023,1220.0
2024-05-29 17:00:00,FX:EURGBP,0.85023,0.85063,0.8502,0.85053,547.0
2024-05-29 17:15:00,FX:EURGBP,0.85053,0.8505699999999999,0.8505,0.85053,276.0
2024-05-29 17:30:00,FX:EURGBP,0.85053,0.85061,0.85053,0.8506,167.0
2024-05-29 17:45:00,FX:EURGBP,0.8506,0.85064,0.8505699999999999,0.85062,292.0
2024-05-29 18:00:00,FX:EURGBP,0.85062,0.85065,0.85058,0.85063,516.0
2024-05-29 18:15:00,FX:EURGBP,0.85063,0.8507,0.85059,0.85063,617.0
2024-05-29 18:30:00,FX:EURGBP,0.85063,0.85067,0.85059,0.85063,771.0
2024-05-29 18:45:00,FX:EURGBP,0.85063,0.8507,0.85061,0.85062,873.0
2024-05-29 19:00:00,FX:EURGBP,0.85062,0.85073,0.85059,0.85064,1117.0
2024-05-29 19:15:00,FX:EURGBP,0.85064,0.85077,0.85055,0.85075,1271.0
2024-05-29 19:30:00,FX:EURGBP,0.85075,0.85077,0.85058,0.85062,1408.0
2024-05-29 19:45:00,FX:EURGBP,0.85062,0.85066,0.85051,0.85053,1491.0
2024-05-29 20:00:00,FX:EURGBP,0.85053,0.8505699999999999,0.85042,0.85047,1597.0
2024-05-29 20:15:00,FX:EURGBP,0.85047,0.85055,0.85043,0.85049,1404.0
2024-05-29 20:30:00,FX:EURGBP,0.85049,0.8506,0.85046,0.85053,2149.0
2024-05-29 20:45:00,FX:EURGBP,0.85053,0.85056,0.85043,0.85048,1713.0
2024-05-29 21:00:00,FX:EURGBP,0.85048,0.85049,0.85025,0.8503,1113.0
2024-05-29 21:15:00,FX:EURGBP,0.8503,0.85054,0.8503,0.85054,872.0
2024-05-29 21:30:00,FX:EURGBP,0.85054,0.8505699999999999,0.85049,0.85054,964.0
2024-05-29 21:45:00,FX:EURGBP,0.85054,0.85059,0.8505199999999999,0.85056,902.0
2024-05-29 22:00:00,FX:EURGBP,0.85056,0.85063,0.85053,0.85061,665.0
2024-05-29 22:15:00,FX:EURGBP,0.85061,0.85063,0.85051,0.85058,722.0
2024-05-29 22:30:00,FX:EURGBP,0.85058,0.85062,0.85055,0.85058,713.0
2024-05-29 22:45:00,FX:EURGBP,0.85058,0.85061,0.8505199999999999,0.8505699999999999,743.0
2024-05-29 23:00:00,FX:EURGBP,0.8505699999999999,0.85061,0.85047,0.85047,790.0
2024-05-29 23:15:00,FX:EURGBP,0.85047,0.8505,0.85044,0.85047,782.0
2024-05-29 23:30:00,FX:EURGBP,0.85047,0.85049,0.85026,0.85042,1406.0
2024-05-29 23:45:00,FX:EURGBP,0.85042,0.85047,0.85037,0.85037,1424.0
2024-05-30 00:00:00,FX:EURGBP,0.85037,0.8503999999999999,0.85029,0.85032,1023.0
2024-05-30 00:15:00,FX:EURGBP,0.85032,0.85036,0.85017,0.85021,985.0
2024-05-30 00:30:00,FX:EURGBP,0.85021,0.85053,0.85021,0.85043,1649.0
2024-05-30 00:45:00,FX:EURGBP,0.85043,0.85056,0.85036,0.85045,1725.0
2024-05-30 01:00:00,FX:EURGBP,0.85045,0.85058,0.85043,0.8505199999999999,2916.0
2024-05-30 01:15:00,FX:EURGBP,0.8505199999999999,0.85064,0.85041,0.85062,1736.0
2024-05-30 01:30:00,FX:EURGBP,0.85062,0.85088,0.85059,0.85078,1985.0
2024-05-30 01:45:00,FX:EURGBP,0.85078,0.8511299999999999,0.8507399999999999,0.851,2457.0
2024-05-30 02:00:00,FX:EURGBP,0.851,0.85103,0.85017,0.85025,3538.0
2024-05-30 02:15:00,FX:EURGBP,0.85025,0.85039,0.85015,0.85034,2584.0
2024-05-30 02:30:00,FX:EURGBP,0.85034,0.85069,0.8503,0.8505199999999999,3030.0
2024-05-30 02:45:00,FX:EURGBP,0.8505199999999999,0.85086,0.85041,0.8505,3023.0
2024-05-30 03:00:00,FX:EURGBP,0.8505,0.85093,0.85047,0.85092,2416.0
2024-05-30 03:15:00,FX:EURGBP,0.85092,0.85107,0.85081,0.85089,2363.0
2024-05-30 03:30:00,FX:EURGBP,0.85089,0.8511,0.85088,0.85099,2446.0
2024-05-30 03:45:00,FX:EURGBP,0.85099,0.85107,0.85068,0.8507399999999999,2062.0
2024-05-30 04:00:00,FX:EURGBP,0.8507399999999999,0.85078,0.85047,0.85056,2449.0
2024-05-30 04:15:00,FX:EURGBP,0.85056,0.85077,0.85053,0.8507399999999999,1688.0
2024-05-30 04:30:00,FX:EURGBP,0.8507399999999999,0.8507899999999999,0.85056,0.85061,2239.0
2024-05-30 04:45:00,FX:EURGBP,0.85061,0.85069,0.85054,0.85062,1544.0
2024-05-30 05:00:00,FX:EURGBP,0.85062,0.8509099999999999,0.85058,0.85077,1778.0
2024-05-30 05:15:00,FX:EURGBP,0.85077,0.85084,0.85051,0.85059,2104.0
2024-05-30 05:30:00,FX:EURGBP,0.85059,0.85064,0.85036,0.85058,2117.0
2024-05-30 05:45:00,FX:EURGBP,0.85058,0.85092,0.8505699999999999,0.85089,1853.0
2024-05-30 06:00:00,FX:EURGBP,0.85089,0.851,0.8505699999999999,0.8506,2128.0
2024-05-30 06:15:00,FX:EURGBP,0.8506,0.8507899999999999,0.85059,0.8507399999999999,1743.0
2024-05-30 06:30:00,FX:EURGBP,0.8507399999999999,0.85102,0.85067,0.85101,1734.0
2024-05-30 06:45:00,FX:EURGBP,0.85101,0.85127,0.85099,0.8511799999999999,1855.0
2024-05-30 07:00:00,FX:EURGBP,0.8511799999999999,0.8511799999999999,0.8509599999999999,0.85106,2194.0
2024-05-30 07:15:00,FX:EURGBP,0.85106,0.85112,0.85067,0.8507399999999999,1955.0
2024-05-30 07:30:00,FX:EURGBP,0.8507399999999999,0.85117,0.85061,0.85098,6167.0
2024-05-30 07:45:00,FX:EURGBP,0.85098,0.85119,0.85095,0.85104,3210.0
2024-05-30 08:00:00,FX:EURGBP,0.85104,0.85124,0.85097,0.85106,3141.0
2024-05-30 08:15:00,FX:EURGBP,0.85106,0.8513999999999999,0.85105,0.85107,2131.0
2024-05-30 08:30:00,FX:EURGBP,0.85107,0.8511299999999999,0.85068,0.85073,3088.0
2024-05-30 08:45:00,FX:EURGBP,0.85073,0.8508,0.85047,0.85066,3041.0
2024-05-30 09:00:00,FX:EURGBP,0.85066,0.85154,0.85061,0.85127,4172.0
2024-05-30 09:15:00,FX:EURGBP,0.85127,0.85142,0.8512,0.85133,2181.0
2024-05-30 09:30:00,FX:EURGBP,0.85133,0.85172,0.85129,0.8516,2201.0
2024-05-30 09:45:00,FX:EURGBP,0.8516,0.8516,0.85076,0.85102,2843.0
2024-05-30 10:00:00,FX:EURGBP,0.85102,0.85126,0.85092,0.85097,2755.0
2024-05-30 10:15:00,FX:EURGBP,0.85097,0.85107,0.85086,0.85097,2404.0
2024-05-30 10:30:00,FX:EURGBP,0.85097,0.85101,0.85075,0.85085,2246.0
2024-05-30 10:45:00,FX:EURGBP,0.85085,0.85094,0.85069,0.85075,1541.0
2024-05-30 11:00:00,FX:EURGBP,0.85075,0.8509099999999999,0.85075,0.85087,1998.0
2024-05-30 11:15:00,FX:EURGBP,0.85087,0.8509099999999999,0.85076,0.85077,1417.0
2024-05-30 11:30:00,FX:EURGBP,0.85077,0.85089,0.85076,0.8507899999999999,1371.0
2024-05-30 11:45:00,FX:EURGBP,0.8507899999999999,0.85092,0.85073,0.85077,958.0
2024-05-30 12:00:00,FX:EURGBP,0.85077,0.85094,0.85072,0.8508,1322.0
2024-05-30 12:15:00,FX:EURGBP,0.8508,0.85084,0.85075,0.8507899999999999,1082.0
2024-05-30 12:30:00,FX:EURGBP,0.8507899999999999,0.85086,0.85073,0.85076,941.0
2024-05-30 12:45:00,FX:EURGBP,0.85076,0.85089,0.85075,0.85077,1149.0
2024-05-30 13:00:00,FX:EURGBP,0.85077,0.85092,0.8507399999999999,0.85082,877.0
2024-05-30 13:15:00,FX:EURGBP,0.85082,0.85093,0.8507899999999999,0.85087,987.0
2024-05-30 13:30:00,FX:EURGBP,0.85087,0.85097,0.85083,0.85095,920.0
2024-05-30 13:45:00,FX:EURGBP,0.85095,0.85098,0.85073,0.85077,969.0
2024-05-30 14:00:00,FX:EURGBP,0.85077,0.85085,0.8507,0.8507,1052.0
2024-05-30 14:15:00,FX:EURGBP,0.8507,0.85087,0.85068,0.8508,978.0
2024-05-30 14:30:00,FX:EURGBP,0.8508,0.85082,0.85066,0.85075,1535.0
2024-05-30 14:45:00,FX:EURGBP,0.85075,0.85081,0.85064,0.85069,1611.0
2024-05-30 15:00:00,FX:EURGBP,0.85069,0.85078,0.85066,0.85073,735.0
2024-05-30 15:15:00,FX:EURGBP,0.85073,0.85075,0.85066,0.85069,550.0
2024-05-30 15:30:00,FX:EURGBP,0.85069,0.85072,0.85065,0.8507,470.0
2024-05-30 15:45:00,FX:EURGBP,0.8507,0.8507899999999999,0.85067,0.85072,409.0
2024-05-30 16:00:00,FX:EURGBP,0.85072,0.8508,0.85039,0.85078,395.0
2024-05-30 16:15:00,FX:EURGBP,0.85078,0.85102,0.85032,0.85066,770.0
2024-05-30 16:30:00,FX:EURGBP,0.85066,0.85076,0.85043,0.85068,771.0
2024-05-30 16:45:00,FX:EURGBP,0.85068,0.85082,0.85053,0.85064,1883.0
2024-05-30 17:00:00,FX:EURGBP,0.85064,0.85087,0.85053,0.85086,415.0
2024-05-30 17:15:00,FX:EURGBP,0.85086,0.85086,0.8507899999999999,0.85085,431.0
2024-05-30 17:30:00,FX:EURGBP,0.85085,0.85089,0.8507899999999999,0.85086,230.0
2024-05-30 17:45:00,FX:EURGBP,0.85086,0.8509099999999999,0.85085,0.85086,267.0
2024-05-30 18:00:00,FX:EURGBP,0.85086,0.851,0.85086,0.85099,190.0
2024-05-30 18:15:00,FX:EURGBP,0.85099,0.85103,0.85094,0.85094,292.0
2024-05-30 18:30:00,FX:EURGBP,0.85094,0.85098,0.85081,0.85082,569.0
2024-05-30 18:45:00,FX:EURGBP,0.85082,0.8509599999999999,0.85081,0.8509099999999999,888.0
2024-05-30 19:00:00,FX:EURGBP,0.8509099999999999,0.85093,0.85078,0.85084,1474.0
2024-05-30 19:15:00,FX:EURGBP,0.85084,0.85088,0.85078,0.85083,1616.0
2024-05-30 19:30:00,FX:EURGBP,0.85083,0.85089,0.8508,0.85081,1365.0
2024-05-30 19:45:00,FX:EURGBP,0.85081,0.85089,0.85062,0.85088,1518.0
2024-05-30 20:00:00,FX:EURGBP,0.85088,0.8509599999999999,0.85084,0.85087,1948.0
2024-05-30 20:15:00,FX:EURGBP,0.85087,0.8509099999999999,0.85078,0.85078,1522.0
2024-05-30 20:30:00,FX:EURGBP,0.85078,0.85087,0.85064,0.85067,1609.0
2024-05-30 20:45:00,FX:EURGBP,0.85067,0.85067,0.85051,0.85055,1472.0
2024-05-30 21:00:00,FX:EURGBP,0.85055,0.85055,0.85041,0.85047,1307.0
2024-05-30 21:15:00,FX:EURGBP,0.85047,0.85049,0.8503499999999999,0.85039,1205.0
2024-05-30 21:30:00,FX:EURGBP,0.85039,0.85045,0.85029,0.85031,1275.0
2024-05-30 21:45:00,FX:EURGBP,0.85031,0.8503999999999999,0.85015,0.85016,1802.0
2024-05-30 22:00:00,FX:EURGBP,0.85016,0.85027,0.85009,0.85021,1604.0
2024-05-30 22:15:00,FX:EURGBP,0.85021,0.85042,0.85021,0.85041,1404.0
2024-05-30 22:30:00,FX:EURGBP,0.85041,0.8505199999999999,0.85037,0.85048,1356.0
2024-05-30 22:45:00,FX:EURGBP,0.85048,0.8505199999999999,0.85034,0.8503499999999999,883.0
2024-05-30 23:00:00,FX:EURGBP,0.8503499999999999,0.8503999999999999,0.85025,0.85029,1244.0
2024-05-30 23:15:00,FX:EURGBP,0.85029,0.85046,0.85026,0.85042,990.0
2024-05-30 23:30:00,FX:EURGBP,0.85042,0.85058,0.85041,0.85055,753.0
2024-05-30 23:45:00,FX:EURGBP,0.85055,0.85055,0.85037,0.8503999999999999,1376.0
2024-05-31 00:00:00,FX:EURGBP,0.8503999999999999,0.85042,0.8503,0.85034,1220.0
2024-05-31 00:15:00,FX:EURGBP,0.85034,0.85049,0.85028,0.85047,1020.0
2024-05-31 00:30:00,FX:EURGBP,0.85047,0.85051,0.85039,0.85041,1267.0
2024-05-31 00:45:00,FX:EURGBP,0.85041,0.85065,0.85039,0.85063,1242.0
2024-05-31 01:00:00,FX:EURGBP,0.85063,0.85078,0.85051,0.8507,2144.0
2024-05-31 01:15:00,FX:EURGBP,0.8507,0.85083,0.8505699999999999,0.85077,1584.0
2024-05-31 01:30:00,FX:EURGBP,0.85077,0.85089,0.85064,0.85085,1361.0
2024-05-31 01:45:00,FX:EURGBP,0.85085,0.8513499999999999,0.85078,0.85131,2582.0
2024-05-31 02:00:00,FX:EURGBP,0.85131,0.85167,0.85121,0.85154,2836.0
2024-05-31 02:15:00,FX:EURGBP,0.85154,0.85193,0.85153,0.85165,2436.0
2024-05-31 02:30:00,FX:EURGBP,0.85165,0.85188,0.85158,0.85169,2504.0
2024-05-31 02:45:00,FX:EURGBP,0.85169,0.85191,0.85163,0.85175,2711.0
2024-05-31 03:00:00,FX:EURGBP,0.85175,0.85184,0.85158,0.8517,2080.0
2024-05-31 03:15:00,FX:EURGBP,0.8517,0.85176,0.8515,0.85169,1920.0
2024-05-31 03:30:00,FX:EURGBP,0.85169,0.85224,0.85165,0.85221,1841.0
2024-05-31 03:45:00,FX:EURGBP,0.85221,0.85266,0.85209,0.85237,2350.0
2024-05-31 04:00:00,FX:EURGBP,0.85237,0.85302,0.85236,0.85265,3143.0
2024-05-31 04:15:00,FX:EURGBP,0.85265,0.85298,0.8526199999999999,0.85265,2252.0
2024-05-31 04:30:00,FX:EURGBP,0.85265,0.8527399999999999,0.85219,0.85243,2065.0
2024-05-31 04:45:00,FX:EURGBP,0.85243,0.85255,0.85214,0.85252,1829.0
2024-05-31 05:00:00,FX:EURGBP,0.85252,0.85252,0.85228,0.85236,1485.0
2024-05-31 05:15:00,FX:EURGBP,0.85236,0.85259,0.85223,0.8525,1879.0
2024-05-31 05:30:00,FX:EURGBP,0.8525,0.85303,0.8525,0.8530099999999999,1566.0
2024-05-31 05:45:00,FX:EURGBP,0.8530099999999999,0.8531,0.8528,0.85282,1805.0
2024-05-31 06:00:00,FX:EURGBP,0.85282,0.8531,0.85281,0.85297,1631.0
2024-05-31 06:15:00,FX:EURGBP,0.85297,0.85311,0.8529,0.8530099999999999,1860.0
2024-05-31 06:30:00,FX:EURGBP,0.8530099999999999,0.85345,0.8529599999999999,0.85339,2137.0
2024-05-31 06:45:00,FX:EURGBP,0.85339,0.85367,0.85336,0.85358,2346.0
2024-05-31 07:00:00,FX:EURGBP,0.85358,0.85373,0.85349,0.85364,2111.0
2024-05-31 07:15:00,FX:EURGBP,0.85364,0.85377,0.85352,0.8535699999999999,1829.0
2024-05-31 07:30:00,FX:EURGBP,0.8535699999999999,0.85405,0.85275,0.85385,5968.0
2024-05-31 07:45:00,FX:EURGBP,0.85385,0.85388,0.85338,0.8535699999999999,4391.0
2024-05-31 08:00:00,FX:EURGBP,0.8535699999999999,0.85364,0.8529599999999999,0.85298,3263.0
2024-05-31 08:15:00,FX:EURGBP,0.85298,0.853,0.85269,0.85285,2161.0
2024-05-31 08:30:00,FX:EURGBP,0.85285,0.85298,0.85237,0.85254,3129.0
2024-05-31 08:45:00,FX:EURGBP,0.85254,0.85254,0.85176,0.8519599999999999,3705.0
2024-05-31 09:00:00,FX:EURGBP,0.8519599999999999,0.85225,0.85184,0.85224,3395.0
2024-05-31 09:15:00,FX:EURGBP,0.85224,0.85233,0.85168,0.8519,3922.0
2024-05-31 09:30:00,FX:EURGBP,0.8519,0.85204,0.85163,0.85198,3091.0
2024-05-31 09:45:00,FX:EURGBP,0.85198,0.85276,0.85198,0.85266,5068.0
2024-05-31 10:00:00,FX:EURGBP,0.85266,0.8529599999999999,0.85251,0.85268,4540.0
2024-05-31 10:15:00,FX:EURGBP,0.85268,0.85275,0.85231,0.85237,2868.0
2024-05-31 10:30:00,FX:EURGBP,0.85237,0.85239,0.85198,0.85198,2901.0
2024-05-31 10:45:00,FX:EURGBP,0.85198,0.85207,0.85165,0.85168,2242.0
2024-05-31 11:00:00,FX:EURGBP,0.85168,0.85216,0.85166,0.85215,2437.0
2024-05-31 11:15:00,FX:EURGBP,0.85215,0.85221,0.85193,0.85215,1723.0
2024-05-31 11:30:00,FX:EURGBP,0.85215,0.85217,0.85191,0.8519599999999999,1490.0
2024-05-31 11:45:00,FX:EURGBP,0.8519599999999999,0.85219,0.85194,0.85212,1360.0
2024-05-31 12:00:00,FX:EURGBP,0.85212,0.85234,0.85208,0.85229,1572.0
2024-05-31 12:15:00,FX:EURGBP,0.85229,0.8523999999999999,0.85212,0.8521299999999999,1112.0
2024-05-31 12:30:00,FX:EURGBP,0.8521299999999999,0.8521799999999999,0.85202,0.8521299999999999,1111.0
2024-05-31 12:45:00,FX:EURGBP,0.8521299999999999,0.85233,0.85207,0.85227,1085.0
2024-05-31 13:00:00,FX:EURGBP,0.85227,0.85227,0.85205,0.85211,1426.0
2024-05-31 13:15:00,FX:EURGBP,0.85211,0.85216,0.85204,0.85206,1018.0
2024-05-31 13:30:00,FX:EURGBP,0.85206,0.85207,0.85188,0.85193,1143.0
2024-05-31 13:45:00,FX:EURGBP,0.85193,0.85194,0.85161,0.85164,1149.0
2024-05-31 14:00:00,FX:EURGBP,0.85164,0.8518,0.85158,0.85159,1106.0
2024-05-31 14:15:00,FX:EURGBP,0.85159,0.8517,0.85146,0.85169,1348.0
2024-05-31 14:30:00,FX:EURGBP,0.85169,0.85173,0.85142,0.85142,1273.0
2024-05-31 14:45:00,FX:EURGBP,0.85142,0.85148,0.85116,0.85142,2114.0
2024-05-31 15:00:00,FX:EURGBP,0.85142,0.85151,0.85123,0.85126,1415.0
2024-05-31 15:15:00,FX:EURGBP,0.85126,0.85132,0.85108,0.85115,753.0
2024-05-31 15:30:00,FX:EURGBP,0.85115,0.85136,0.85115,0.85132,602.0
2024-05-31 15:45:00,FX:EURGBP,0.85132,0.85149,0.8509,0.85093,1175.0
2024-06-02 16:00:00,FX:EURGBP,0.85103,0.85163,0.85053,0.85145,292.0
2024-06-02 16:15:00,FX:EURGBP,0.85145,0.8515199999999999,0.85141,0.85147,275.0
2024-06-02 16:30:00,FX:EURGBP,0.85147,0.8516,0.8513999999999999,0.85153,772.0
2024-06-02 16:45:00,FX:EURGBP,0.85153,0.85159,0.85133,0.85138,828.0
2024-06-02 17:00:00,FX:EURGBP,0.85138,0.8518,0.85138,0.85171,856.0
2024-06-02 17:15:00,FX:EURGBP,0.85171,0.8517399999999999,0.85163,0.85169,484.0
2024-06-02 17:30:00,FX:EURGBP,0.85169,0.8517,0.85151,0.85158,343.0
2024-06-02 17:45:00,FX:EURGBP,0.85158,0.85159,0.8515199999999999,0.8515199999999999,339.0
2024-06-02 18:00:00,FX:EURGBP,0.8515199999999999,0.85154,0.85147,0.85149,389.0
2024-06-02 18:15:00,FX:EURGBP,0.85149,0.85153,0.85145,0.85149,391.0
2024-06-02 18:30:00,FX:EURGBP,0.85149,0.85164,0.85147,0.85164,413.0
2024-06-02 18:45:00,FX:EURGBP,0.85164,0.85164,0.85154,0.85155,356.0
2024-06-02 19:00:00,FX:EURGBP,0.85155,0.85161,0.85154,0.85156,1004.0
2024-06-02 19:15:00,FX:EURGBP,0.85156,0.8516,0.85139,0.8513999999999999,1019.0
2024-06-02 19:30:00,FX:EURGBP,0.8513999999999999,0.85145,0.85136,0.85139,1026.0
2024-06-02 19:45:00,FX:EURGBP,0.85139,0.85141,0.8511299999999999,0.85121,893.0
2024-06-02 20:00:00,FX:EURGBP,0.85121,0.85137,0.85116,0.85129,1369.0
2024-06-02 20:15:00,FX:EURGBP,0.85129,0.85149,0.85123,0.85136,1469.0
2024-06-02 20:30:00,FX:EURGBP,0.85136,0.85151,0.85133,0.85147,782.0
2024-06-02 20:45:00,FX:EURGBP,0.85147,0.85154,0.8513999999999999,0.85153,738.0
2024-06-02 21:00:00,FX:EURGBP,0.85153,0.85154,0.8513999999999999,0.85142,808.0
2024-06-02 21:15:00,FX:EURGBP,0.85142,0.85144,0.85136,0.85138,1131.0
2024-06-02 21:30:00,FX:EURGBP,0.85138,0.85143,0.85132,0.8513999999999999,1020.0
2024-06-02 21:45:00,FX:EURGBP,0.8513999999999999,0.85153,0.85137,0.85153,488.0
2024-06-02 22:00:00,FX:EURGBP,0.85153,0.85161,0.8515,0.8515699999999999,623.0
2024-06-02 22:15:00,FX:EURGBP,0.8515699999999999,0.85169,0.85155,0.85162,894.0
2024-06-02 22:30:00,FX:EURGBP,0.85162,0.85169,0.85159,0.85168,827.0
2024-06-02 22:45:00,FX:EURGBP,0.85168,0.85176,0.85163,0.85165,822.0
2024-06-02 23:00:00,FX:EURGBP,0.85165,0.85175,0.85163,0.85172,862.0
2024-06-02 23:15:00,FX:EURGBP,0.85172,0.8517399999999999,0.85167,0.85171,569.0
2024-06-02 23:30:00,FX:EURGBP,0.85171,0.8517399999999999,0.85161,0.85161,523.0
2024-06-02 23:45:00,FX:EURGBP,0.85161,0.85164,0.85156,0.85156,666.0
2024-06-03 00:00:00,FX:EURGBP,0.85156,0.85175,0.85156,0.8517399999999999,965.0
2024-06-03 00:15:00,FX:EURGBP,0.8517399999999999,0.8517899999999999,0.85172,0.85178,824.0
2024-06-03 00:30:00,FX:EURGBP,0.85178,0.85187,0.8517399999999999,0.85178,889.0
2024-06-03 00:45:00,FX:EURGBP,0.85178,0.85203,0.85175,0.85202,1171.0
2024-06-03 01:00:00,FX:EURGBP,0.85202,0.85212,0.85186,0.85209,2053.0
2024-06-03 01:15:00,FX:EURGBP,0.85209,0.85214,0.85185,0.85189,1747.0
2024-06-03 01:30:00,FX:EURGBP,0.85189,0.8521299999999999,0.85181,0.85212,1415.0
2024-06-03 01:45:00,FX:EURGBP,0.85212,0.8526,0.85205,0.85253,1761.0
2024-06-03 02:00:00,FX:EURGBP,0.85253,0.85253,0.8521799999999999,0.85241,2540.0
2024-06-03 02:15:00,FX:EURGBP,0.85241,0.85247,0.85227,0.85232,1785.0
2024-06-03 02:30:00,FX:EURGBP,0.85232,0.85253,0.85225,0.85236,1182.0
2024-06-03 02:45:00,FX:EURGBP,0.85236,0.85263,0.85228,0.85255,2048.0
2024-06-03 03:00:00,FX:EURGBP,0.85255,0.8527,0.8523,0.85239,2400.0
2024-06-03 03:15:00,FX:EURGBP,0.85239,0.8525,0.85207,0.8525,1975.0
2024-06-03 03:30:00,FX:EURGBP,0.8525,0.8530099999999999,0.85243,0.85298,2136.0
2024-06-03 03:45:00,FX:EURGBP,0.85298,0.85326,0.85285,0.85324,1804.0
2024-06-03 04:00:00,FX:EURGBP,0.85324,0.85354,0.85316,0.85349,1694.0
2024-06-03 04:15:00,FX:EURGBP,0.85349,0.85355,0.85309,0.85324,1725.0
2024-06-03 04:30:00,FX:EURGBP,0.85324,0.85329,0.85293,0.85323,1970.0
2024-06-03 04:45:00,FX:EURGBP,0.85323,0.85325,0.85281,0.85282,1637.0
2024-06-03 05:00:00,FX:EURGBP,0.85282,0.85285,0.85264,0.85278,1612.0
2024-06-03 05:15:00,FX:EURGBP,0.85278,0.85278,0.85264,0.85266,1526.0
2024-06-03 05:30:00,FX:EURGBP,0.85266,0.85269,0.8522,0.85221,1620.0
2024-06-03 05:45:00,FX:EURGBP,0.85221,0.85246,0.85195,0.85242,1764.0
2024-06-03 06:00:00,FX:EURGBP,0.85242,0.85245,0.8519,0.8519599999999999,2002.0
2024-06-03 06:15:00,FX:EURGBP,0.8519599999999999,0.85198,0.85151,0.85153,1519.0
2024-06-03 06:30:00,FX:EURGBP,0.85153,0.8517399999999999,0.8515,0.85169,2030.0
2024-06-03 06:45:00,FX:EURGBP,0.85169,0.85194,0.85169,0.85186,1464.0
2024-06-03 07:00:00,FX:EURGBP,0.85186,0.8519,0.85169,0.85178,2113.0
2024-06-03 07:15:00,FX:EURGBP,0.85178,0.85195,0.8516,0.85185,2103.0
2024-06-03 07:30:00,FX:EURGBP,0.85185,0.85205,0.8517899999999999,0.852,2208.0
2024-06-03 07:45:00,FX:EURGBP,0.852,0.85203,0.8517899999999999,0.85181,2685.0
2024-06-03 08:00:00,FX:EURGBP,0.85181,0.8519,0.85173,0.85186,2051.0
2024-06-03 08:15:00,FX:EURGBP,0.85186,0.85212,0.85177,0.85198,1980.0
2024-06-03 08:30:00,FX:EURGBP,0.85198,0.85209,0.85168,0.85183,2564.0
2024-06-03 08:45:00,FX:EURGBP,0.85183,0.85191,0.85149,0.85149,2568.0
2024-06-03 09:00:00,FX:EURGBP,0.85149,0.85165,0.85126,0.85129,6612.0
2024-06-03 09:15:00,FX:EURGBP,0.85129,0.8513999999999999,0.85097,0.85115,3348.0
2024-06-03 09:30:00,FX:EURGBP,0.85115,0.8513999999999999,0.85106,0.8513,2913.0
2024-06-03 09:45:00,FX:EURGBP,0.8513,0.85156,0.8509599999999999,0.85109,3485.0
2024-06-03 10:00:00,FX:EURGBP,0.85109,0.85121,0.85098,0.85098,2430.0
2024-06-03 10:15:00,FX:EURGBP,0.85098,0.85126,0.85098,0.85126,2106.0
2024-06-03 10:30:00,FX:EURGBP,0.85126,0.85132,0.85106,0.85122,1906.0
2024-06-03 10:45:00,FX:EURGBP,0.85122,0.85143,0.8512,0.85124,2008.0
2024-06-03 11:00:00,FX:EURGBP,0.85124,0.85161,0.85121,0.85159,2054.0
2024-06-03 11:15:00,FX:EURGBP,0.85159,0.85177,0.85154,0.85159,2115.0
2024-06-03 11:30:00,FX:EURGBP,0.85159,0.85167,0.85151,0.8515199999999999,1368.0
2024-06-03 11:45:00,FX:EURGBP,0.8515199999999999,0.85178,0.85144,0.85178,2007.0
2024-06-03 12:00:00,FX:EURGBP,0.85178,0.8517899999999999,0.8515,0.85161,2148.0
2024-06-03 12:15:00,FX:EURGBP,0.85161,0.85168,0.85156,0.85162,1938.0
2024-06-03 12:30:00,FX:EURGBP,0.85162,0.85168,0.85151,0.8515699999999999,1505.0
2024-06-03 12:45:00,FX:EURGBP,0.8515699999999999,0.85168,0.85145,0.85148,1311.0
2024-06-03 13:00:00,FX:EURGBP,0.85148,0.85161,0.85132,0.85158,1149.0
2024-06-03 13:15:00,FX:EURGBP,0.85158,0.8516,0.85141,0.8515699999999999,1904.0
2024-06-03 13:30:00,FX:EURGBP,0.8515699999999999,0.85162,0.85147,0.85158,1980.0
2024-06-03 13:45:00,FX:EURGBP,0.85158,0.85166,0.85149,0.8515199999999999,1722.0
2024-06-03 14:00:00,FX:EURGBP,0.8515199999999999,0.8515699999999999,0.85139,0.85144,1234.0
2024-06-03 14:15:00,FX:EURGBP,0.85144,0.85154,0.85142,0.85148,880.0
2024-06-03 14:30:00,FX:EURGBP,0.85148,0.85158,0.85141,0.85145,1049.0
2024-06-03 14:45:00,FX:EURGBP,0.85145,0.85163,0.85144,0.85154,1078.0
2024-06-03 15:00:00,FX:EURGBP,0.85154,0.85154,0.8513499999999999,0.85141,554.0
2024-06-03 15:15:00,FX:EURGBP,0.85141,0.85143,0.85124,0.85126,291.0
2024-06-03 15:30:00,FX:EURGBP,0.85126,0.85143,0.85125,0.85141,452.0
2024-06-03 15:45:00,FX:EURGBP,0.85141,0.85147,0.85129,0.85134,843.0
2024-06-03 16:00:00,FX:EURGBP,0.85134,0.85137,0.85107,0.8511,192.0
2024-06-03 16:15:00,FX:EURGBP,0.8511,0.85127,0.85105,0.85126,251.0
2024-06-03 16:30:00,FX:EURGBP,0.85126,0.8517,0.85125,0.85137,746.0
2024-06-03 16:45:00,FX:EURGBP,0.85137,0.8517,0.8512,0.85123,1295.0
2024-06-03 17:00:00,FX:EURGBP,0.85123,0.85161,0.85121,0.85147,830.0
2024-06-03 17:15:00,FX:EURGBP,0.85147,0.85154,0.85137,0.85153,376.0
2024-06-03 17:30:00,FX:EURGBP,0.85153,0.85153,0.85144,0.85146,263.0
2024-06-03 17:45:00,FX:EURGBP,0.85146,0.85148,0.85143,0.85144,327.0
2024-06-03 18:00:00,FX:EURGBP,0.85144,0.85151,0.85141,0.85149,522.0
2024-06-03 18:15:00,FX:EURGBP,0.85149,0.85149,0.85142,0.85145,334.0
2024-06-03 18:30:00,FX:EURGBP,0.85145,0.85148,0.85142,0.85144,584.0
2024-06-03 18:45:00,FX:EURGBP,0.85144,0.8515,0.85143,0.85146,638.0
2024-06-03 19:00:00,FX:EURGBP,0.85146,0.85163,0.8513999999999999,0.8515199999999999,1621.0
2024-06-03 19:15:00,FX:EURGBP,0.8515199999999999,0.85166,0.85146,0.85161,1528.0
2024-06-03 19:30:00,FX:EURGBP,0.85161,0.8517899999999999,0.85159,0.85177,878.0
2024-06-03 19:45:00,FX:EURGBP,0.85177,0.85192,0.8517399999999999,0.85175,1512.0
2024-06-03 20:00:00,FX:EURGBP,0.85175,0.85188,0.85173,0.85178,1917.0
2024-06-03 20:15:00,FX:EURGBP,0.85178,0.85188,0.85176,0.85185,1312.0
2024-06-03 20:30:00,FX:EURGBP,0.85185,0.85189,0.85175,0.8517899999999999,1238.0
2024-06-03 20:45:00,FX:EURGBP,0.8517899999999999,0.8518,0.85172,0.85175,1067.0
2024-06-03 21:00:00,FX:EURGBP,0.85175,0.85182,0.85169,0.8517399999999999,1369.0
2024-06-03 21:15:00,FX:EURGBP,0.8517399999999999,0.85176,0.85169,0.85171,1015.0
2024-06-03 21:30:00,FX:EURGBP,0.85171,0.85173,0.8515699999999999,0.8516,701.0
2024-06-03 21:45:00,FX:EURGBP,0.8516,0.85162,0.85153,0.85159,820.0
2024-06-03 22:00:00,FX:EURGBP,0.85159,0.85164,0.85153,0.85154,930.0
2024-06-03 22:15:00,FX:EURGBP,0.85154,0.85165,0.85145,0.85164,831.0
2024-06-03 22:30:00,FX:EURGBP,0.85164,0.85166,0.85153,0.85158,792.0
2024-06-03 22:45:00,FX:EURGBP,0.85158,0.85163,0.85148,0.85149,538.0
2024-06-03 23:00:00,FX:EURGBP,0.85149,0.85156,0.85149,0.85155,636.0
2024-06-03 23:15:00,FX:EURGBP,0.85155,0.8515699999999999,0.85143,0.8515,468.0
2024-06-03 23:30:00,FX:EURGBP,0.8515,0.8515,0.85141,0.85142,535.0
2024-06-03 23:45:00,FX:EURGBP,0.85142,0.85164,0.85138,0.85164,710.0
2024-06-04 00:00:00,FX:EURGBP,0.85164,0.85165,0.8515199999999999,0.85154,780.0
2024-06-04 00:15:00,FX:EURGBP,0.85154,0.85159,0.85153,0.85155,709.0
2024-06-04 00:30:00,FX:EURGBP,0.85155,0.8517399999999999,0.85155,0.8517399999999999,1045.0
2024-06-04 00:45:00,FX:EURGBP,0.8517399999999999,0.85176,0.85165,0.85171,1387.0
2024-06-04 01:00:00,FX:EURGBP,0.85171,0.85185,0.8517,0.85185,1917.0
2024-06-04 01:15:00,FX:EURGBP,0.85185,0.85186,0.85168,0.85169,1878.0
2024-06-04 01:30:00,FX:EURGBP,0.85169,0.85182,0.8515699999999999,0.85165,2728.0
2024-06-04 01:45:00,FX:EURGBP,0.85165,0.85173,0.85128,0.85137,2252.0
2024-06-04 02:00:00,FX:EURGBP,0.85137,0.8515199999999999,0.85123,0.85131,3005.0
2024-06-04 02:15:00,FX:EURGBP,0.85131,0.85154,0.85128,0.85144,2835.0
2024-06-04 02:30:00,FX:EURGBP,0.85144,0.8515699999999999,0.85123,0.85124,2142.0
2024-06-04 02:45:00,FX:EURGBP,0.85124,0.85148,0.85122,0.85138,1905.0
2024-06-04 03:00:00,FX:EURGBP,0.85138,0.85158,0.85127,0.85154,2602.0
2024-06-04 03:15:00,FX:EURGBP,0.85154,0.85154,0.85116,0.85129,2776.0
2024-06-04 03:30:00,FX:EURGBP,0.85129,0.85149,0.85115,0.8512,2588.0
2024-06-04 03:45:00,FX:EURGBP,0.8512,0.85167,0.85119,0.85162,2988.0
2024-06-04 04:00:00,FX:EURGBP,0.85162,0.85191,0.85144,0.85184,3031.0
2024-06-04 04:15:00,FX:EURGBP,0.85184,0.85221,0.8517,0.85216,2642.0
2024-06-04 04:30:00,FX:EURGBP,0.85216,0.85221,0.85187,0.85193,3009.0
2024-06-04 04:45:00,FX:EURGBP,0.85193,0.85207,0.85159,0.85177,2028.0
2024-06-04 05:00:00,FX:EURGBP,0.85177,0.8521299999999999,0.85172,0.85211,2455.0
2024-06-04 05:15:00,FX:EURGBP,0.85211,0.85217,0.85167,0.8517899999999999,2326.0
2024-06-04 05:30:00,FX:EURGBP,0.8517899999999999,0.85233,0.85165,0.85225,2684.0
2024-06-04 05:45:00,FX:EURGBP,0.85225,0.85247,0.85188,0.85189,2559.0
2024-06-04 06:00:00,FX:EURGBP,0.85189,0.8523,0.85189,0.8520099999999999,2411.0
2024-06-04 06:15:00,FX:EURGBP,0.8520099999999999,0.85208,0.85185,0.85199,2323.0
2024-06-04 06:30:00,FX:EURGBP,0.85199,0.85211,0.85161,0.85161,2390.0
2024-06-04 06:45:00,FX:EURGBP,0.85161,0.85166,0.85108,0.85115,2609.0
2024-06-04 07:00:00,FX:EURGBP,0.85115,0.85148,0.8511299999999999,0.85134,3274.0
2024-06-04 07:15:00,FX:EURGBP,0.85134,0.85168,0.8512,0.85154,2566.0
2024-06-04 07:30:00,FX:EURGBP,0.85154,0.85166,0.85123,0.85123,2251.0
2024-06-04 07:45:00,FX:EURGBP,0.85123,0.85123,0.85101,0.85112,2462.0
2024-06-04 08:00:00,FX:EURGBP,0.85112,0.85145,0.85103,0.85116,2798.0
2024-06-04 08:15:00,FX:EURGBP,0.85116,0.85116,0.85076,0.85085,2676.0
2024-06-04 08:30:00,FX:EURGBP,0.85085,0.8511299999999999,0.85072,0.85109,2730.0
2024-06-04 08:45:00,FX:EURGBP,0.85109,0.85121,0.85085,0.85087,2602.0
2024-06-04 09:00:00,FX:EURGBP,0.85087,0.8515699999999999,0.8503999999999999,0.85151,8094.0
2024-06-04 09:15:00,FX:EURGBP,0.85151,0.8515699999999999,0.85069,0.85073,3596.0
2024-06-04 09:30:00,FX:EURGBP,0.85073,0.85116,0.8506,0.8511,2917.0
2024-06-04 09:45:00,FX:EURGBP,0.8511,0.85138,0.85089,0.8513499999999999,3389.0
2024-06-04 10:00:00,FX:EURGBP,0.8513499999999999,0.85137,0.85093,0.85103,2981.0
2024-06-04 10:15:00,FX:EURGBP,0.85103,0.85125,0.8509599999999999,0.85112,2468.0
2024-06-04 10:30:00,FX:EURGBP,0.85112,0.85128,0.85088,0.85098,2418.0
2024-06-04 10:45:00,FX:EURGBP,0.85098,0.85121,0.8509,0.8509599999999999,1988.0
2024-06-04 11:00:00,FX:EURGBP,0.8509599999999999,0.851,0.85068,0.8507399999999999,1938.0
2024-06-04 11:15:00,FX:EURGBP,0.8507399999999999,0.85108,0.85071,0.85097,1604.0
2024-06-04 11:30:00,FX:EURGBP,0.85097,0.85105,0.85085,0.8509599999999999,1790.0
2024-06-04 11:45:00,FX:EURGBP,0.8509599999999999,0.85105,0.8507899999999999,0.8509099999999999,1578.0
2024-06-04 12:00:00,FX:EURGBP,0.8509099999999999,0.85105,0.8507899999999999,0.85083,1863.0
2024-06-04 12:15:00,FX:EURGBP,0.85083,0.85089,0.8507399999999999,0.8508,1543.0
2024-06-04 12:30:00,FX:EURGBP,0.8508,0.85089,0.85075,0.85087,1438.0
2024-06-04 12:45:00,FX:EURGBP,0.85087,0.8509,0.8507399999999999,0.85084,1233.0
2024-06-04 13:00:00,FX:EURGBP,0.85084,0.8509099999999999,0.85072,0.8509099999999999,1484.0
2024-06-04 13:15:00,FX:EURGBP,0.8509099999999999,0.85108,0.85085,0.85106,1876.0
2024-06-04 13:30:00,FX:EURGBP,0.85106,0.85124,0.85103,0.85124,981.0
2024-06-04 13:45:00,FX:EURGBP,0.85124,0.85146,0.85122,0.8513999999999999,1311.0
2024-06-04 14:00:00,FX:EURGBP,0.8513999999999999,0.85154,0.85138,0.85138,1299.0
2024-06-04 14:15:00,FX:EURGBP,0.85138,0.85161,0.85127,0.8515699999999999,1426.0
2024-06-04 14:30:00,FX:EURGBP,0.8515699999999999,0.85192,0.85155,0.85188,1079.0
2024-06-04 14:45:00,FX:EURGBP,0.85188,0.8519599999999999,0.85185,0.85194,646.0
2024-06-04 15:00:00,FX:EURGBP,0.85194,0.85195,0.8518,0.85194,361.0
2024-06-04 15:15:00,FX:EURGBP,0.85194,0.85199,0.85186,0.85194,311.0
2024-06-04 15:30:00,FX:EURGBP,0.85194,0.85208,0.85192,0.8519599999999999,376.0
2024-06-04 15:45:00,FX:EURGBP,0.8519599999999999,0.85205,0.85185,0.85185,580.0
2024-06-04 16:00:00,FX:EURGBP,0.85185,0.85185,0.85122,0.8515,344.0
2024-06-04 16:15:00,FX:EURGBP,0.8515,0.85202,0.85134,0.85197,429.0
2024-06-04 16:30:00,FX:EURGBP,0.85197,0.85198,0.85176,0.85182,477.0
2024-06-04 16:45:00,FX:EURGBP,0.85182,0.85195,0.85151,0.85168,1035.0
2024-06-04 17:00:00,FX:EURGBP,0.85168,0.85192,0.85168,0.85191,330.0
2024-06-04 17:15:00,FX:EURGBP,0.85191,0.85193,0.85186,0.85187,177.0
2024-06-04 17:30:00,FX:EURGBP,0.85187,0.8519,0.85186,0.85187,95.0
2024-06-04 17:45:00,FX:EURGBP,0.85187,0.8519,0.85183,0.85183,123.0
2024-06-04 18:00:00,FX:EURGBP,0.85183,0.85192,0.85183,0.85189,239.0
2024-06-04 18:15:00,FX:EURGBP,0.85189,0.85194,0.85188,0.85191,157.0
2024-06-04 18:30:00,FX:EURGBP,0.85191,0.85195,0.85186,0.85193,339.0
2024-06-04 18:45:00,FX:EURGBP,0.85193,0.85197,0.8519,0.85194,624.0
2024-06-04 19:00:00,FX:EURGBP,0.85194,0.85199,0.85191,0.85195,1434.0
2024-06-04 19:15:00,FX:EURGBP,0.85195,0.85199,0.8518,0.85183,859.0
2024-06-04 19:30:00,FX:EURGBP,0.85183,0.852,0.85181,0.85198,1733.0
2024-06-04 19:45:00,FX:EURGBP,0.85198,0.852,0.85192,0.85195,1566.0
2024-06-04 20:00:00,FX:EURGBP,0.85195,0.85199,0.85187,0.85198,1546.0
2024-06-04 20:15:00,FX:EURGBP,0.85198,0.85206,0.85194,0.85205,1153.0
2024-06-04 20:30:00,FX:EURGBP,0.85205,0.85205,0.85187,0.85189,1216.0
2024-06-04 20:45:00,FX:EURGBP,0.85189,0.85192,0.85176,0.85176,1055.0
2024-06-04 21:00:00,FX:EURGBP,0.85176,0.85183,0.8517399999999999,0.85178,1193.0
2024-06-04 21:15:00,FX:EURGBP,0.85178,0.85181,0.8517,0.85173,967.0
2024-06-04 21:30:00,FX:EURGBP,0.85173,0.85177,0.85167,0.85173,917.0
2024-06-04 21:45:00,FX:EURGBP,0.85173,0.85182,0.8517,0.8518,855.0
2024-06-04 22:00:00,FX:EURGBP,0.8518,0.85184,0.85151,0.85161,1463.0
2024-06-04 22:15:00,FX:EURGBP,0.85161,0.85163,0.8515199999999999,0.85158,1272.0
2024-06-04 22:30:00,FX:EURGBP,0.85158,0.85167,0.8515,0.85167,743.0
2024-06-04 22:45:00,FX:EURGBP,0.85167,0.85187,0.85167,0.8517899999999999,668.0
2024-06-04 23:00:00,FX:EURGBP,0.8517899999999999,0.85183,0.85169,0.85173,622.0
2024-06-04 23:15:00,FX:EURGBP,0.85173,0.85178,0.85167,0.8517399999999999,853.0
2024-06-04 23:30:00,FX:EURGBP,0.8517399999999999,0.8517899999999999,0.85171,0.85177,810.0
2024-06-04 23:45:00,FX:EURGBP,0.85177,0.8517899999999999,0.85173,0.85176,715.0
2024-06-05 00:00:00,FX:EURGBP,0.85176,0.85178,0.8517,0.8517399999999999,955.0
2024-06-05 00:15:00,FX:EURGBP,0.8517399999999999,0.85182,0.85163,0.85181,679.0
2024-06-05 00:30:00,FX:EURGBP,0.85181,0.85188,0.85177,0.85187,678.0
2024-06-05 00:45:00,FX:EURGBP,0.85187,0.85188,0.85173,0.85181,1103.0
2024-06-05 01:00:00,FX:EURGBP,0.85181,0.85181,0.85164,0.85176,1695.0
2024-06-05 01:15:00,FX:EURGBP,0.85176,0.85181,0.85162,0.8517899999999999,1522.0
2024-06-05 01:30:00,FX:EURGBP,0.8517899999999999,0.85191,0.85161,0.85177,1303.0
2024-06-05 01:45:00,FX:EURGBP,0.85177,0.85185,0.85162,0.85163,1473.0
2024-06-05 02:00:00,FX:EURGBP,0.85163,0.85163,0.85133,0.85158,2048.0
2024-06-05 02:15:00,FX:EURGBP,0.85158,0.85162,0.8511299999999999,0.85123,1769.0
2024-06-05 02:30:00,FX:EURGBP,0.85123,0.85134,0.851,0.85132,1605.0
2024-06-05 02:45:00,FX:EURGBP,0.85132,0.85143,0.85115,0.8511799999999999,1629.0
2024-06-05 03:00:00,FX:EURGBP,0.8511799999999999,0.8512,0.85097,0.85101,1770.0
2024-06-05 03:15:00,FX:EURGBP,0.85101,0.85133,0.851,0.85121,1247.0
2024-06-05 03:30:00,FX:EURGBP,0.85121,0.85141,0.85101,0.85141,1210.0
2024-06-05 03:45:00,FX:EURGBP,0.85141,0.85156,0.85131,0.85134,1177.0
2024-06-05 04:00:00,FX:EURGBP,0.85134,0.85154,0.85123,0.85142,1588.0
2024-06-05 04:15:00,FX:EURGBP,0.85142,0.8515199999999999,0.85125,0.85138,1607.0
2024-06-05 04:30:00,FX:EURGBP,0.85138,0.85144,0.85126,0.8513,1390.0
2024-06-05 04:45:00,FX:EURGBP,0.8513,0.85132,0.85104,0.85106,1162.0
2024-06-05 05:00:00,FX:EURGBP,0.85106,0.85111,0.85075,0.85095,1311.0
2024-06-05 05:15:00,FX:EURGBP,0.85095,0.85119,0.85092,0.85103,1058.0
2024-06-05 05:30:00,FX:EURGBP,0.85103,0.85103,0.85075,0.85084,1041.0
2024-06-05 05:45:00,FX:EURGBP,0.85084,0.85115,0.85084,0.85098,1192.0
2024-06-05 06:00:00,FX:EURGBP,0.85098,0.85101,0.85068,0.85076,1332.0
2024-06-05 06:15:00,FX:EURGBP,0.85076,0.85076,0.8505,0.8505199999999999,1145.0
2024-06-05 06:30:00,FX:EURGBP,0.8505199999999999,0.8507,0.85033,0.85063,1437.0
2024-06-05 06:45:00,FX:EURGBP,0.85063,0.85071,0.85042,0.85049,1654.0
2024-06-05 07:00:00,FX:EURGBP,0.85049,0.85069,0.8503999999999999,0.85049,1773.0
2024-06-05 07:15:00,FX:EURGBP,0.85049,0.8509599999999999,0.8503499999999999,0.85075,3428.0
2024-06-05 07:30:00,FX:EURGBP,0.85075,0.85095,0.85071,0.85077,1599.0
2024-06-05 07:45:00,FX:EURGBP,0.85077,0.85082,0.85044,0.8508,1768.0
2024-06-05 08:00:00,FX:EURGBP,0.8508,0.85103,0.8507399999999999,0.85082,2141.0
2024-06-05 08:15:00,FX:EURGBP,0.85082,0.85143,0.85071,0.85134,2335.0
2024-06-05 08:30:00,FX:EURGBP,0.85134,0.85154,0.85119,0.85148,3282.0
2024-06-05 08:45:00,FX:EURGBP,0.85148,0.85165,0.85076,0.85095,5155.0
2024-06-05 09:00:00,FX:EURGBP,0.85095,0.8515,0.85049,0.85144,7172.0
2024-06-05 09:15:00,FX:EURGBP,0.85144,0.85148,0.85114,0.85132,3867.0
2024-06-05 09:30:00,FX:EURGBP,0.85132,0.8513999999999999,0.85102,0.85102,2922.0
2024-06-05 09:45:00,FX:EURGBP,0.85102,0.85173,0.8509599999999999,0.85163,3048.0
2024-06-05 10:00:00,FX:EURGBP,0.85163,0.8517399999999999,0.85128,0.85141,2407.0
2024-06-05 10:15:00,FX:EURGBP,0.85141,0.85148,0.85108,0.85115,2092.0
2024-06-05 10:30:00,FX:EURGBP,0.85115,0.85119,0.85061,0.85062,1829.0
2024-06-05 10:45:00,FX:EURGBP,0.85062,0.85087,0.85061,0.85083,2066.0
2024-06-05 11:00:00,FX:EURGBP,0.85083,0.85084,0.8503999999999999,0.85045,1626.0
2024-06-05 11:15:00,FX:EURGBP,0.85045,0.85053,0.85034,0.85053,1642.0
2024-06-05 11:30:00,FX:EURGBP,0.85053,0.85058,0.85027,0.85034,1172.0
2024-06-05 11:45:00,FX:EURGBP,0.85034,0.85046,0.8502,0.85024,873.0
2024-06-05 12:00:00,FX:EURGBP,0.85024,0.85039,0.8501,0.85011,1061.0
2024-06-05 12:15:00,FX:EURGBP,0.85011,0.85023,0.85004,0.8501799999999999,1224.0
2024-06-05 12:30:00,FX:EURGBP,0.8501799999999999,0.85025,0.85012,0.85022,744.0
2024-06-05 12:45:00,FX:EURGBP,0.85022,0.85024,0.85004,0.8501,1374.0
2024-06-05 13:00:00,FX:EURGBP,0.8501,0.85011,0.84999,0.85001,978.0
2024-06-05 13:15:00,FX:EURGBP,0.85001,0.85009,0.84998,0.85002,1073.0
2024-06-05 13:30:00,FX:EURGBP,0.85002,0.85009,0.84995,0.85008,1132.0
2024-06-05 13:45:00,FX:EURGBP,0.85008,0.8501799999999999,0.85007,0.85014,1127.0
2024-06-05 14:00:00,FX:EURGBP,0.85014,0.85014,0.84999,0.85003,1046.0
2024-06-05 14:15:00,FX:EURGBP,0.85003,0.85007,0.8499599999999999,0.85002,710.0
2024-06-05 14:30:00,FX:EURGBP,0.85002,0.85019,0.85002,0.85014,614.0
2024-06-05 14:45:00,FX:EURGBP,0.85014,0.85022,0.85007,0.85008,860.0
2024-06-05 15:00:00,FX:EURGBP,0.85008,0.8501,0.84994,0.84999,497.0
2024-06-05 15:15:00,FX:EURGBP,0.84999,0.84999,0.84989,0.84989,310.0
2024-06-05 15:30:00,FX:EURGBP,0.84989,0.84993,0.84984,0.84986,352.0
2024-06-05 15:45:00,FX:EURGBP,0.84986,0.84998,0.84984,0.8499599999999999,368.0
2024-06-05 16:00:00,FX:EURGBP,0.8499599999999999,0.85017,0.84969,0.84993,378.0
2024-06-05 16:15:00,FX:EURGBP,0.84993,0.85002,0.84961,0.8497899999999999,1027.0
2024-06-05 16:30:00,FX:EURGBP,0.8497899999999999,0.85,0.8497,0.8499599999999999,764.0
2024-06-05 16:45:00,FX:EURGBP,0.8499599999999999,0.8501,0.8498,0.85,1203.0
2024-06-05 17:00:00,FX:EURGBP,0.85,0.85007,0.8499,0.85007,341.0
2024-06-05 17:15:00,FX:EURGBP,0.85007,0.85008,0.85001,0.85003,192.0
2024-06-05 17:30:00,FX:EURGBP,0.85003,0.85007,0.84999,0.85006,194.0
2024-06-05 17:45:00,FX:EURGBP,0.85006,0.85008,0.85003,0.85007,232.0
2024-06-05 18:00:00,FX:EURGBP,0.85007,0.85008,0.84995,0.84998,263.0
2024-06-05 18:15:00,FX:EURGBP,0.84998,0.85006,0.84998,0.85,217.0
2024-06-05 18:30:00,FX:EURGBP,0.85,0.85004,0.84994,0.84994,363.0
2024-06-05 18:45:00,FX:EURGBP,0.84994,0.85001,0.84994,0.84995,492.0
2024-06-05 19:00:00,FX:EURGBP,0.84995,0.85001,0.84988,0.84994,469.0
2024-06-05 19:15:00,FX:EURGBP,0.84994,0.84995,0.8499,0.84993,358.0
2024-06-05 19:30:00,FX:EURGBP,0.84993,0.84999,0.8499099999999999,0.8499099999999999,424.0
2024-06-05 19:45:00,FX:EURGBP,0.8499099999999999,0.85003,0.84989,0.84998,861.0
2024-06-05 20:00:00,FX:EURGBP,0.84998,0.85034,0.84998,0.85031,1659.0
2024-06-05 20:15:00,FX:EURGBP,0.85031,0.85039,0.8501799999999999,0.85037,1386.0
2024-06-05 20:30:00,FX:EURGBP,0.85037,0.85055,0.85036,0.85045,1469.0
2024-06-05 20:45:00,FX:EURGBP,0.85045,0.85056,0.85036,0.85055,1345.0
2024-06-05 21:00:00,FX:EURGBP,0.85055,0.85062,0.85048,0.85053,956.0
2024-06-05 21:15:00,FX:EURGBP,0.85053,0.8506,0.85047,0.85059,930.0
2024-06-05 21:30:00,FX:EURGBP,0.85059,0.85075,0.85058,0.85073,1161.0
2024-06-05 21:45:00,FX:EURGBP,0.85073,0.85086,0.85072,0.85075,1088.0
2024-06-05 22:00:00,FX:EURGBP,0.85075,0.85082,0.85071,0.85081,600.0
2024-06-05 22:15:00,FX:EURGBP,0.85081,0.85086,0.85076,0.85086,495.0
2024-06-05 22:30:00,FX:EURGBP,0.85086,0.85093,0.85083,0.85092,578.0
2024-06-05 22:45:00,FX:EURGBP,0.85092,0.85095,0.85087,0.85089,448.0
2024-06-05 23:00:00,FX:EURGBP,0.85089,0.8509,0.85085,0.85089,299.0
2024-06-05 23:15:00,FX:EURGBP,0.85089,0.8509099999999999,0.8507899999999999,0.85087,569.0
2024-06-05 23:30:00,FX:EURGBP,0.85087,0.8509,0.85083,0.85089,410.0
2024-06-05 23:45:00,FX:EURGBP,0.85089,0.8509099999999999,0.85085,0.85087,433.0
2024-06-06 00:00:00,FX:EURGBP,0.85087,0.8509,0.85084,0.85086,542.0
2024-06-06 00:15:00,FX:EURGBP,0.85086,0.85086,0.8507399999999999,0.85076,613.0
2024-06-06 00:30:00,FX:EURGBP,0.85076,0.85078,0.85066,0.85075,559.0
2024-06-06 00:45:00,FX:EURGBP,0.85075,0.85088,0.85071,0.85083,638.0
2024-06-06 01:00:00,FX:EURGBP,0.85083,0.85083,0.85058,0.85077,1634.0
2024-06-06 01:15:00,FX:EURGBP,0.85077,0.85078,0.85051,0.85058,1648.0
2024-06-06 01:30:00,FX:EURGBP,0.85058,0.85065,0.8503,0.85036,1462.0
2024-06-06 01:45:00,FX:EURGBP,0.85036,0.85047,0.85027,0.85043,1541.0
2024-06-06 02:00:00,FX:EURGBP,0.85043,0.85065,0.85037,0.85047,1935.0
2024-06-06 02:15:00,FX:EURGBP,0.85047,0.85059,0.85025,0.8505699999999999,1336.0
2024-06-06 02:30:00,FX:EURGBP,0.8505699999999999,0.85073,0.8503999999999999,0.85061,1485.0
2024-06-06 02:45:00,FX:EURGBP,0.85061,0.85067,0.85032,0.85041,1488.0
2024-06-06 03:00:00,FX:EURGBP,0.85041,0.85066,0.85039,0.85062,1614.0
2024-06-06 03:15:00,FX:EURGBP,0.85062,0.8508,0.8505699999999999,0.85071,1033.0
2024-06-06 03:30:00,FX:EURGBP,0.85071,0.85098,0.85056,0.85095,1525.0
2024-06-06 03:45:00,FX:EURGBP,0.85095,0.85111,0.8505199999999999,0.85064,1665.0
2024-06-06 04:00:00,FX:EURGBP,0.85064,0.85073,0.85046,0.85062,1319.0
2024-06-06 04:15:00,FX:EURGBP,0.85062,0.85077,0.85061,0.85075,1036.0
2024-06-06 04:30:00,FX:EURGBP,0.85075,0.8512,0.85071,0.85115,1270.0
2024-06-06 04:45:00,FX:EURGBP,0.85115,0.8512,0.8509599999999999,0.85099,1398.0
2024-06-06 05:00:00,FX:EURGBP,0.85099,0.8512,0.85089,0.85092,1206.0
2024-06-06 05:15:00,FX:EURGBP,0.85092,0.85115,0.85089,0.85107,1080.0
2024-06-06 05:30:00,FX:EURGBP,0.85107,0.85117,0.85076,0.85088,1056.0
2024-06-06 05:45:00,FX:EURGBP,0.85088,0.85102,0.8507,0.85098,1048.0
2024-06-06 06:00:00,FX:EURGBP,0.85098,0.85102,0.8508,0.85081,1103.0
2024-06-06 06:15:00,FX:EURGBP,0.85081,0.85094,0.8507399999999999,0.85089,1079.0
2024-06-06 06:30:00,FX:EURGBP,0.85089,0.8509,0.85055,0.8508,1011.0
2024-06-06 06:45:00,FX:EURGBP,0.8508,0.85099,0.85068,0.8509599999999999,1965.0
2024-06-06 07:00:00,FX:EURGBP,0.8509599999999999,0.85104,0.85077,0.85094,1627.0
2024-06-06 07:15:00,FX:EURGBP,0.85094,0.85246,0.8508,0.85185,5425.0
2024-06-06 07:30:00,FX:EURGBP,0.85185,0.85236,0.85159,0.85185,4850.0
2024-06-06 07:45:00,FX:EURGBP,0.85185,0.85186,0.85139,0.85153,3888.0
2024-06-06 08:00:00,FX:EURGBP,0.85153,0.85232,0.85149,0.85195,5065.0
2024-06-06 08:15:00,FX:EURGBP,0.85195,0.85206,0.85168,0.85192,3238.0
2024-06-06 08:30:00,FX:EURGBP,0.85192,0.85212,0.85171,0.85183,3154.0
2024-06-06 08:45:00,FX:EURGBP,0.85183,0.85183,0.85134,0.85142,2767.0
2024-06-06 09:00:00,FX:EURGBP,0.85142,0.85162,0.85136,0.8515699999999999,2829.0
2024-06-06 09:15:00,FX:EURGBP,0.8515699999999999,0.85159,0.85116,0.85133,2173.0
2024-06-06 09:30:00,FX:EURGBP,0.85133,0.8515199999999999,0.8513,0.85144,1730.0
2024-06-06 09:45:00,FX:EURGBP,0.85144,0.85176,0.8513999999999999,0.85166,2344.0
2024-06-06 10:00:00,FX:EURGBP,0.85166,0.8517,0.85127,0.8515,2368.0
2024-06-06 10:15:00,FX:EURGBP,0.8515,0.85153,0.85125,0.8513499999999999,1456.0
2024-06-06 10:30:00,FX:EURGBP,0.8513499999999999,0.85145,0.85121,0.85128,1460.0
2024-06-06 10:45:00,FX:EURGBP,0.85128,0.85132,0.8511799999999999,0.85123,1033.0
2024-06-06 11:00:00,FX:EURGBP,0.85123,0.85177,0.8512,0.85163,1433.0
2024-06-06 11:15:00,FX:EURGBP,0.85163,0.85172,0.85136,0.85145,1368.0
2024-06-06 11:30:00,FX:EURGBP,0.85145,0.85145,0.85123,0.85124,1421.0
2024-06-06 11:45:00,FX:EURGBP,0.85124,0.85161,0.85121,0.85156,1224.0
2024-06-06 12:00:00,FX:EURGBP,0.85156,0.8515699999999999,0.85134,0.8513499999999999,958.0
2024-06-06 12:15:00,FX:EURGBP,0.8513499999999999,0.85139,0.85127,0.85128,830.0
2024-06-06 12:30:00,FX:EURGBP,0.85128,0.85139,0.85123,0.85138,1221.0
2024-06-06 12:45:00,FX:EURGBP,0.85138,0.85143,0.8513,0.85134,1118.0
2024-06-06 13:00:00,FX:EURGBP,0.85134,0.85165,0.85132,0.8515699999999999,1516.0
2024-06-06 13:15:00,FX:EURGBP,0.8515699999999999,0.85158,0.85143,0.85148,1357.0
2024-06-06 13:30:00,FX:EURGBP,0.85148,0.85151,0.85129,0.85132,971.0
2024-06-06 13:45:00,FX:EURGBP,0.85132,0.85149,0.85132,0.85138,964.0
2024-06-06 14:00:00,FX:EURGBP,0.85138,0.85146,0.85133,0.85141,1037.0
2024-06-06 14:15:00,FX:EURGBP,0.85141,0.85155,0.8513499999999999,0.85146,1267.0
2024-06-06 14:30:00,FX:EURGBP,0.85146,0.85159,0.85142,0.85146,916.0
2024-06-06 14:45:00,FX:EURGBP,0.85146,0.85153,0.85137,0.85142,867.0
2024-06-06 15:00:00,FX:EURGBP,0.85142,0.85144,0.85136,0.85139,569.0
2024-06-06 15:15:00,FX:EURGBP,0.85139,0.85146,0.8513,0.85131,381.0
2024-06-06 15:30:00,FX:EURGBP,0.85131,0.85134,0.85126,0.85131,470.0
2024-06-06 15:45:00,FX:EURGBP,0.85131,0.85139,0.85124,0.85127,560.0
2024-06-06 16:00:00,FX:EURGBP,0.85127,0.85138,0.851,0.85133,182.0
2024-06-06 16:15:00,FX:EURGBP,0.85133,0.85137,0.85119,0.85132,236.0
2024-06-06 16:30:00,FX:EURGBP,0.85132,0.85138,0.85125,0.8513,519.0
2024-06-06 16:45:00,FX:EURGBP,0.8513,0.85142,0.85104,0.8511799999999999,1047.0
2024-06-06 17:00:00,FX:EURGBP,0.8511799999999999,0.85148,0.8511799999999999,0.85134,367.0
2024-06-06 17:15:00,FX:EURGBP,0.85134,0.85136,0.85133,0.85136,100.0
2024-06-06 17:30:00,FX:EURGBP,0.85136,0.85137,0.85133,0.8513499999999999,143.0
2024-06-06 17:45:00,FX:EURGBP,0.8513499999999999,0.85141,0.8513499999999999,0.85139,134.0
2024-06-06 18:00:00,FX:EURGBP,0.85139,0.85145,0.85134,0.85144,238.0
2024-06-06 18:15:00,FX:EURGBP,0.85144,0.85154,0.85144,0.85153,402.0
2024-06-06 18:30:00,FX:EURGBP,0.85153,0.85155,0.85144,0.85146,317.0
2024-06-06 18:45:00,FX:EURGBP,0.85146,0.85147,0.85139,0.8513999999999999,355.0
2024-06-06 19:00:00,FX:EURGBP,0.8513999999999999,0.85142,0.8513499999999999,0.85138,575.0
2024-06-06 19:15:00,FX:EURGBP,0.85138,0.8513999999999999,0.85131,0.85139,661.0
2024-06-06 19:30:00,FX:EURGBP,0.85139,0.85151,0.85136,0.85149,586.0
2024-06-06 19:45:00,FX:EURGBP,0.85149,0.85156,0.85144,0.85149,895.0
2024-06-06 20:00:00,FX:EURGBP,0.85149,0.85162,0.85148,0.85162,1104.0
2024-06-06 20:15:00,FX:EURGBP,0.85162,0.85166,0.85158,0.85161,1250.0
2024-06-06 20:30:00,FX:EURGBP,0.85161,0.85172,0.85158,0.85169,1026.0
2024-06-06 20:45:00,FX:EURGBP,0.85169,0.85181,0.85167,0.8518,1134.0
2024-06-06 21:00:00,FX:EURGBP,0.8518,0.85187,0.85178,0.85186,784.0
2024-06-06 21:15:00,FX:EURGBP,0.85186,0.85197,0.85185,0.85192,621.0
2024-06-06 21:30:00,FX:EURGBP,0.85192,0.852,0.85192,0.85197,645.0
2024-06-06 21:45:00,FX:EURGBP,0.85197,0.8520099999999999,0.85193,0.85199,764.0
2024-06-06 22:00:00,FX:EURGBP,0.85199,0.85202,0.85197,0.8520099999999999,544.0
2024-06-06 22:15:00,FX:EURGBP,0.8520099999999999,0.8520099999999999,0.85197,0.852,649.0
2024-06-06 22:30:00,FX:EURGBP,0.852,0.852,0.85193,0.85195,449.0
2024-06-06 22:45:00,FX:EURGBP,0.85195,0.85195,0.85185,0.85187,941.0
2024-06-06 23:00:00,FX:EURGBP,0.85187,0.85189,0.85183,0.85188,283.0
2024-06-06 23:15:00,FX:EURGBP,0.85188,0.85192,0.85185,0.85189,644.0
2024-06-06 23:30:00,FX:EURGBP,0.85189,0.85189,0.85182,0.85183,516.0
2024-06-06 23:45:00,FX:EURGBP,0.85183,0.85186,0.8518,0.85181,475.0
2024-06-07 00:00:00,FX:EURGBP,0.85181,0.85182,0.85168,0.85169,917.0
2024-06-07 00:15:00,FX:EURGBP,0.85169,0.85172,0.85162,0.85172,797.0
2024-06-07 00:30:00,FX:EURGBP,0.85172,0.85176,0.8516,0.8517399999999999,788.0
2024-06-07 00:45:00,FX:EURGBP,0.8517399999999999,0.85185,0.8517,0.85183,1222.0
2024-06-07 01:00:00,FX:EURGBP,0.85183,0.85191,0.85164,0.8517399999999999,1458.0
2024-06-07 01:15:00,FX:EURGBP,0.8517399999999999,0.85175,0.85149,0.85154,1638.0
2024-06-07 01:30:00,FX:EURGBP,0.85154,0.85159,0.85138,0.85148,1570.0
2024-06-07 01:45:00,FX:EURGBP,0.85148,0.85155,0.85124,0.85129,1439.0
2024-06-07 02:00:00,FX:EURGBP,0.85129,0.85136,0.85112,0.85134,2336.0
2024-06-07 02:15:00,FX:EURGBP,0.85134,0.85143,0.8511299999999999,0.85121,2071.0
2024-06-07 02:30:00,FX:EURGBP,0.85121,0.8515,0.8511799999999999,0.8513,2540.0
2024-06-07 02:45:00,FX:EURGBP,0.8513,0.85133,0.8509099999999999,0.85098,2458.0
2024-06-07 03:00:00,FX:EURGBP,0.85098,0.85142,0.85087,0.85125,3106.0
2024-06-07 03:15:00,FX:EURGBP,0.85125,0.8515199999999999,0.85114,0.85151,1784.0
2024-06-07 03:30:00,FX:EURGBP,0.85151,0.85158,0.85131,0.85137,2091.0
2024-06-07 03:45:00,FX:EURGBP,0.85137,0.8515,0.8513,0.85144,1697.0
2024-06-07 04:00:00,FX:EURGBP,0.85144,0.85162,0.85133,0.85153,2370.0
2024-06-07 04:15:00,FX:EURGBP,0.85153,0.85164,0.85142,0.85158,2158.0
2024-06-07 04:30:00,FX:EURGBP,0.85158,0.85161,0.8511299999999999,0.85114,1437.0
2024-06-07 04:45:00,FX:EURGBP,0.85114,0.8513,0.85108,0.85116,1885.0
2024-06-07 05:00:00,FX:EURGBP,0.85116,0.85127,0.8511299999999999,0.8512,1842.0
2024-06-07 05:15:00,FX:EURGBP,0.8512,0.85125,0.8511299999999999,0.85124,1473.0
2024-06-07 05:30:00,FX:EURGBP,0.85124,0.85134,0.85115,0.85119,1373.0
2024-06-07 05:45:00,FX:EURGBP,0.85119,0.8513999999999999,0.85114,0.8512,1635.0
2024-06-07 06:00:00,FX:EURGBP,0.8512,0.85125,0.85109,0.85115,1456.0
2024-06-07 06:15:00,FX:EURGBP,0.85115,0.85127,0.85102,0.85126,1200.0
2024-06-07 06:30:00,FX:EURGBP,0.85126,0.85127,0.85094,0.85109,1502.0
2024-06-07 06:45:00,FX:EURGBP,0.85109,0.85133,0.85089,0.85094,2378.0
2024-06-07 07:00:00,FX:EURGBP,0.85094,0.85121,0.85093,0.8511,2052.0
2024-06-07 07:15:00,FX:EURGBP,0.8511,0.85116,0.85054,0.85056,2374.0
2024-06-07 07:30:00,FX:EURGBP,0.85056,0.85104,0.84932,0.85039,12250.0
2024-06-07 07:45:00,FX:EURGBP,0.85039,0.85078,0.85038,0.85047,6169.0
2024-06-07 08:00:00,FX:EURGBP,0.85047,0.85076,0.85038,0.85076,4089.0
2024-06-07 08:15:00,FX:EURGBP,0.85076,0.8509599999999999,0.85043,0.85078,2681.0
2024-06-07 08:30:00,FX:EURGBP,0.85078,0.85099,0.85064,0.85078,2281.0
2024-06-07 08:45:00,FX:EURGBP,0.85078,0.8507899999999999,0.8501799999999999,0.8501799999999999,2996.0
2024-06-07 09:00:00,FX:EURGBP,0.8501799999999999,0.85038,0.85008,0.85033,3619.0
2024-06-07 09:15:00,FX:EURGBP,0.85033,0.8503499999999999,0.84999,0.85007,2568.0
2024-06-07 09:30:00,FX:EURGBP,0.85007,0.85007,0.8495199999999999,0.8496,2279.0
2024-06-07 09:45:00,FX:EURGBP,0.8496,0.84997,0.84922,0.84984,3470.0
2024-06-07 10:00:00,FX:EURGBP,0.84984,0.84999,0.84965,0.84983,2673.0
2024-06-07 10:15:00,FX:EURGBP,0.84983,0.84989,0.84925,0.8494,2053.0
2024-06-07 10:30:00,FX:EURGBP,0.8494,0.8495199999999999,0.84925,0.84946,1784.0
2024-06-07 10:45:00,FX:EURGBP,0.84946,0.84951,0.84922,0.84926,1243.0
2024-06-07 11:00:00,FX:EURGBP,0.84926,0.84942,0.8491299999999999,0.84936,1651.0
2024-06-07 11:15:00,FX:EURGBP,0.84936,0.84954,0.84932,0.8493499999999999,1619.0
2024-06-07 11:30:00,FX:EURGBP,0.8493499999999999,0.84938,0.84915,0.84925,1677.0
2024-06-07 11:45:00,FX:EURGBP,0.84925,0.84932,0.84914,0.84917,1309.0
2024-06-07 12:00:00,FX:EURGBP,0.84917,0.84929,0.84909,0.8491,1331.0
2024-06-07 12:15:00,FX:EURGBP,0.8491,0.84922,0.84901,0.8492,917.0
2024-06-07 12:30:00,FX:EURGBP,0.8492,0.84925,0.84909,0.84912,744.0
2024-06-07 12:45:00,FX:EURGBP,0.84912,0.84915,0.84899,0.84904,1054.0
2024-06-07 13:00:00,FX:EURGBP,0.84904,0.84929,0.84901,0.84922,1299.0
2024-06-07 13:15:00,FX:EURGBP,0.84922,0.84927,0.84909,0.84915,750.0
2024-06-07 13:30:00,FX:EURGBP,0.84915,0.84926,0.84912,0.84921,970.0
2024-06-07 13:45:00,FX:EURGBP,0.84921,0.84924,0.84911,0.84921,981.0
2024-06-07 14:00:00,FX:EURGBP,0.84921,0.84933,0.84919,0.84923,1233.0
2024-06-07 14:15:00,FX:EURGBP,0.84923,0.84923,0.84904,0.84907,855.0
2024-06-07 14:30:00,FX:EURGBP,0.84907,0.84911,0.84894,0.84898,1155.0
2024-06-07 14:45:00,FX:EURGBP,0.84898,0.84909,0.84892,0.849,1435.0
2024-06-07 15:00:00,FX:EURGBP,0.849,0.84912,0.84894,0.84906,653.0
2024-06-07 15:15:00,FX:EURGBP,0.84906,0.84915,0.84902,0.8491,417.0
2024-06-07 15:30:00,FX:EURGBP,0.8491,0.84912,0.84892,0.8489599999999999,509.0
2024-06-07 15:45:00,FX:EURGBP,0.8489599999999999,0.8491,0.84878,0.8489599999999999,1336.0
2024-06-09 16:00:00,FX:EURGBP,0.84579,0.84628,0.84531,0.84622,806.0
2024-06-09 16:15:00,FX:EURGBP,0.84622,0.84648,0.8459,0.84621,534.0
2024-06-09 16:30:00,FX:EURGBP,0.84621,0.84655,0.84592,0.84629,1805.0
2024-06-09 16:45:00,FX:EURGBP,0.84629,0.8468,0.8461299999999999,0.84619,1530.0
2024-06-09 17:00:00,FX:EURGBP,0.84619,0.84693,0.84593,0.84623,1284.0
2024-06-09 17:15:00,FX:EURGBP,0.84623,0.84627,0.84599,0.8460799999999999,408.0
2024-06-09 17:30:00,FX:EURGBP,0.8460799999999999,0.84686,0.8460799999999999,0.84685,572.0
2024-06-09 17:45:00,FX:EURGBP,0.84685,0.84695,0.84675,0.8469,327.0
2024-06-09 18:00:00,FX:EURGBP,0.8469,0.84698,0.84676,0.84679,758.0
2024-06-09 18:15:00,FX:EURGBP,0.84679,0.84681,0.84666,0.84676,514.0
2024-06-09 18:30:00,FX:EURGBP,0.84676,0.84678,0.84668,0.84673,251.0
2024-06-09 18:45:00,FX:EURGBP,0.84673,0.84685,0.84666,0.84684,491.0
2024-06-09 19:00:00,FX:EURGBP,0.84684,0.84692,0.84678,0.84689,939.0
2024-06-09 19:15:00,FX:EURGBP,0.84689,0.8469599999999999,0.84682,0.84686,772.0
2024-06-09 19:30:00,FX:EURGBP,0.84686,0.84714,0.84686,0.84711,597.0
2024-06-09 19:45:00,FX:EURGBP,0.84711,0.84717,0.84702,0.84704,808.0
2024-06-09 20:00:00,FX:EURGBP,0.84704,0.84705,0.8469099999999999,0.84699,910.0
2024-06-09 20:15:00,FX:EURGBP,0.84699,0.84704,0.84679,0.8468,967.0
2024-06-09 20:30:00,FX:EURGBP,0.8468,0.84682,0.84671,0.8467399999999999,975.0
2024-06-09 20:45:00,FX:EURGBP,0.8467399999999999,0.8468,0.84666,0.84676,692.0
2024-06-09 21:00:00,FX:EURGBP,0.84676,0.84678,0.84663,0.84666,288.0
2024-06-09 21:15:00,FX:EURGBP,0.84666,0.84673,0.84662,0.84665,290.0
2024-06-09 21:30:00,FX:EURGBP,0.84665,0.84672,0.84661,0.84668,334.0
2024-06-09 21:45:00,FX:EURGBP,0.84668,0.8466899999999999,0.84638,0.84643,559.0
2024-06-09 22:00:00,FX:EURGBP,0.84643,0.84649,0.84636,0.84638,412.0
2024-06-09 22:15:00,FX:EURGBP,0.84638,0.84644,0.84636,0.84638,573.0
2024-06-09 22:30:00,FX:EURGBP,0.84638,0.84642,0.84633,0.84637,558.0
2024-06-09 22:45:00,FX:EURGBP,0.84637,0.84637,0.84592,0.8459599999999999,1102.0
2024-06-09 23:00:00,FX:EURGBP,0.8459599999999999,0.8459599999999999,0.8456,0.84561,1272.0
2024-06-09 23:15:00,FX:EURGBP,0.84561,0.8457399999999999,0.8456,0.84565,783.0
2024-06-09 23:30:00,FX:EURGBP,0.84565,0.8457,0.84557,0.84565,960.0
2024-06-09 23:45:00,FX:EURGBP,0.84565,0.8457,0.84558,0.8457,738.0
2024-06-10 00:00:00,FX:EURGBP,0.8457,0.8457399999999999,0.84544,0.84553,1105.0
2024-06-10 00:15:00,FX:EURGBP,0.84553,0.84564,0.84541,0.84551,718.0
2024-06-10 00:30:00,FX:EURGBP,0.84551,0.84554,0.84532,0.84545,846.0
2024-06-10 00:45:00,FX:EURGBP,0.84545,0.8455199999999999,0.8454,0.8455,1071.0
2024-06-10 01:00:00,FX:EURGBP,0.8455,0.8457399999999999,0.84546,0.8455,2672.0
2024-06-10 01:15:00,FX:EURGBP,0.8455,0.8461,0.84549,0.84604,1975.0
2024-06-10 01:30:00,FX:EURGBP,0.84604,0.8462999999999999,0.84581,0.84627,2037.0
2024-06-10 01:45:00,FX:EURGBP,0.84627,0.84638,0.84586,0.84587,1984.0
2024-06-10 02:00:00,FX:EURGBP,0.84587,0.8461299999999999,0.8454699999999999,0.84568,3451.0
2024-06-10 02:15:00,FX:EURGBP,0.84568,0.84638,0.84564,0.84632,2446.0
2024-06-10 02:30:00,FX:EURGBP,0.84632,0.84639,0.8457399999999999,0.8462,2855.0
2024-06-10 02:45:00,FX:EURGBP,0.8462,0.84633,0.84583,0.84606,2401.0
2024-06-10 03:00:00,FX:EURGBP,0.84606,0.8464,0.84585,0.84594,2571.0
2024-06-10 03:15:00,FX:EURGBP,0.84594,0.8462,0.84585,0.84587,1935.0
2024-06-10 03:30:00,FX:EURGBP,0.84587,0.84624,0.84586,0.84616,1671.0
2024-06-10 03:45:00,FX:EURGBP,0.84616,0.8465,0.8461,0.84646,1816.0
2024-06-10 04:00:00,FX:EURGBP,0.84646,0.84656,0.84622,0.84628,1669.0
2024-06-10 04:15:00,FX:EURGBP,0.84628,0.8465199999999999,0.84626,0.84629,1390.0
2024-06-10 04:30:00,FX:EURGBP,0.84629,0.84648,0.84615,0.84624,1784.0
2024-06-10 04:45:00,FX:EURGBP,0.84624,0.84638,0.8459099999999999,0.84606,2040.0
2024-06-10 05:00:00,FX:EURGBP,0.84606,0.84631,0.84602,0.84611,1976.0
2024-06-10 05:15:00,FX:EURGBP,0.84611,0.84631,0.8459099999999999,0.84592,1760.0
2024-06-10 05:30:00,FX:EURGBP,0.84592,0.84607,0.84571,0.84577,1812.0
2024-06-10 05:45:00,FX:EURGBP,0.84577,0.84581,0.84555,0.84567,1555.0
2024-06-10 06:00:00,FX:EURGBP,0.84567,0.84575,0.84546,0.84555,1340.0
2024-06-10 06:15:00,FX:EURGBP,0.84555,0.84582,0.84555,0.84559,1638.0
2024-06-10 06:30:00,FX:EURGBP,0.84559,0.84565,0.84548,0.84558,1401.0
2024-06-10 06:45:00,FX:EURGBP,0.84558,0.84583,0.84545,0.84577,1649.0
2024-06-10 07:00:00,FX:EURGBP,0.84577,0.84584,0.84551,0.84554,2343.0
2024-06-10 07:15:00,FX:EURGBP,0.84554,0.8456,0.8450799999999999,0.84517,2218.0
2024-06-10 07:30:00,FX:EURGBP,0.84517,0.84517,0.84482,0.84482,2196.0
2024-06-10 07:45:00,FX:EURGBP,0.84482,0.84515,0.84481,0.8449099999999999,1785.0
2024-06-10 08:00:00,FX:EURGBP,0.8449099999999999,0.84563,0.8449,0.84558,2297.0
2024-06-10 08:15:00,FX:EURGBP,0.84558,0.84562,0.8452,0.8452,1907.0
2024-06-10 08:30:00,FX:EURGBP,0.8452,0.84523,0.84502,0.84507,2383.0
2024-06-10 08:45:00,FX:EURGBP,0.84507,0.84511,0.84456,0.8451,2283.0
2024-06-10 09:00:00,FX:EURGBP,0.8451,0.84511,0.8447399999999999,0.8448,2090.0
2024-06-10 09:15:00,FX:EURGBP,0.8448,0.8448,0.8445199999999999,0.84457,1803.0
2024-06-10 09:30:00,FX:EURGBP,0.84457,0.84473,0.84446,0.84458,1909.0
2024-06-10 09:45:00,FX:EURGBP,0.84458,0.84466,0.84405,0.84407,2518.0
2024-06-10 10:00:00,FX:EURGBP,0.84407,0.84439,0.84398,0.84434,2851.0
2024-06-10 10:15:00,FX:EURGBP,0.84434,0.84441,0.84418,0.84421,1724.0
2024-06-10 10:30:00,FX:EURGBP,0.84421,0.84438,0.84409,0.84436,1337.0
2024-06-10 10:45:00,FX:EURGBP,0.84436,0.8445199999999999,0.8443499999999999,0.8444,1269.0
2024-06-10 11:00:00,FX:EURGBP,0.8444,0.84472,0.8443499999999999,0.84453,1922.0
2024-06-10 11:15:00,FX:EURGBP,0.84453,0.84475,0.84448,0.84473,1769.0
2024-06-10 11:30:00,FX:EURGBP,0.84473,0.84493,0.84471,0.8449099999999999,1041.0
2024-06-10 11:45:00,FX:EURGBP,0.8449099999999999,0.84496,0.84483,0.84485,1253.0
2024-06-10 12:00:00,FX:EURGBP,0.84485,0.84495,0.84467,0.8449099999999999,2296.0
2024-06-10 12:15:00,FX:EURGBP,0.8449099999999999,0.8452,0.84484,0.84516,1656.0
2024-06-10 12:30:00,FX:EURGBP,0.84516,0.84518,0.84495,0.84496,1276.0
2024-06-10 12:45:00,FX:EURGBP,0.84496,0.84497,0.8447399999999999,0.84494,1639.0
2024-06-10 13:00:00,FX:EURGBP,0.84494,0.8451,0.84494,0.84494,1306.0
2024-06-10 13:15:00,FX:EURGBP,0.84494,0.84517,0.84492,0.84515,1557.0
2024-06-10 13:30:00,FX:EURGBP,0.84515,0.84515,0.84503,0.8451,1362.0
2024-06-10 13:45:00,FX:EURGBP,0.8451,0.84524,0.84503,0.84517,1281.0
2024-06-10 14:00:00,FX:EURGBP,0.84517,0.84529,0.84507,0.84527,1009.0
2024-06-10 14:15:00,FX:EURGBP,0.84527,0.8454,0.84524,0.84532,1032.0
2024-06-10 14:30:00,FX:EURGBP,0.84532,0.84542,0.84529,0.84539,938.0
2024-06-10 14:45:00,FX:EURGBP,0.84539,0.84548,0.84534,0.84542,974.0
2024-06-10 15:00:00,FX:EURGBP,0.84542,0.84546,0.84537,0.84541,391.0
2024-06-10 15:15:00,FX:EURGBP,0.84541,0.84545,0.84536,0.84539,226.0
2024-06-10 15:30:00,FX:EURGBP,0.84539,0.84548,0.84536,0.84548,129.0
2024-06-10 15:45:00,FX:EURGBP,0.84548,0.84566,0.8454699999999999,0.8455199999999999,475.0
2024-06-10 16:00:00,FX:EURGBP,0.8455199999999999,0.84566,0.84506,0.84561,448.0
2024-06-10 16:15:00,FX:EURGBP,0.84561,0.84565,0.8449,0.84524,857.0
2024-06-10 16:30:00,FX:EURGBP,0.84524,0.84534,0.84511,0.84534,293.0
2024-06-10 16:45:00,FX:EURGBP,0.84534,0.84568,0.84521,0.8456,1473.0
2024-06-10 17:00:00,FX:EURGBP,0.8456,0.84567,0.84544,0.84559,422.0
2024-06-10 17:15:00,FX:EURGBP,0.84559,0.84562,0.84549,0.8455199999999999,232.0
2024-06-10 17:30:00,FX:EURGBP,0.8455199999999999,0.84558,0.8455,0.84558,108.0
2024-06-10 17:45:00,FX:EURGBP,0.84558,0.84566,0.84555,0.84565,159.0
2024-06-10 18:00:00,FX:EURGBP,0.84565,0.84571,0.84563,0.84567,329.0
2024-06-10 18:15:00,FX:EURGBP,0.84567,0.84578,0.84566,0.84577,408.0
2024-06-10 18:30:00,FX:EURGBP,0.84577,0.84579,0.84572,0.84579,348.0
2024-06-10 18:45:00,FX:EURGBP,0.84579,0.84582,0.84568,0.84576,496.0
2024-06-10 19:00:00,FX:EURGBP,0.84576,0.84578,0.84564,0.84565,772.0
2024-06-10 19:15:00,FX:EURGBP,0.84565,0.84567,0.8456,0.84563,520.0
2024-06-10 19:30:00,FX:EURGBP,0.84563,0.8457,0.84559,0.8456899999999999,563.0
2024-06-10 19:45:00,FX:EURGBP,0.8456899999999999,0.84571,0.84564,0.84565,687.0
2024-06-10 20:00:00,FX:EURGBP,0.84565,0.84573,0.84562,0.84568,1000.0
2024-06-10 20:15:00,FX:EURGBP,0.84568,0.84582,0.84567,0.84581,1268.0
2024-06-10 20:30:00,FX:EURGBP,0.84581,0.84589,0.84578,0.84581,1373.0
2024-06-10 20:45:00,FX:EURGBP,0.84581,0.84584,0.84571,0.84575,803.0
2024-06-10 21:00:00,FX:EURGBP,0.84575,0.84579,0.84572,0.8457399999999999,599.0
2024-06-10 21:15:00,FX:EURGBP,0.8457399999999999,0.8457399999999999,0.84561,0.84562,819.0
2024-06-10 21:30:00,FX:EURGBP,0.84562,0.84572,0.84561,0.8457,937.0
2024-06-10 21:45:00,FX:EURGBP,0.8457,0.84576,0.84568,0.84571,698.0
2024-06-10 22:00:00,FX:EURGBP,0.84571,0.84573,0.8456,0.84562,539.0
2024-06-10 22:15:00,FX:EURGBP,0.84562,0.84565,0.8454699999999999,0.84553,522.0
2024-06-10 22:30:00,FX:EURGBP,0.84553,0.84554,0.84544,0.84551,427.0
2024-06-10 22:45:00,FX:EURGBP,0.84551,0.84553,0.8454699999999999,0.8455199999999999,412.0
2024-06-10 23:00:00,FX:EURGBP,0.8455199999999999,0.84555,0.84546,0.84553,534.0
2024-06-10 23:15:00,FX:EURGBP,0.84553,0.84554,0.84545,0.84546,516.0
2024-06-10 23:30:00,FX:EURGBP,0.84546,0.84551,0.84544,0.84545,734.0
2024-06-10 23:45:00,FX:EURGBP,0.84545,0.84558,0.84545,0.84557,447.0
2024-06-11 00:00:00,FX:EURGBP,0.84557,0.84563,0.84556,0.84556,571.0
2024-06-11 00:15:00,FX:EURGBP,0.84556,0.84563,0.8455199999999999,0.8456,279.0
2024-06-11 00:30:00,FX:EURGBP,0.8456,0.84561,0.84545,0.8454699999999999,692.0
2024-06-11 00:45:00,FX:EURGBP,0.8454699999999999,0.84551,0.84518,0.84523,1076.0
2024-06-11 01:00:00,FX:EURGBP,0.84523,0.84648,0.84506,0.84643,3406.0
2024-06-11 01:15:00,FX:EURGBP,0.84643,0.84647,0.84614,0.84622,1710.0
2024-06-11 01:30:00,FX:EURGBP,0.84622,0.84679,0.84622,0.84659,2595.0
2024-06-11 01:45:00,FX:EURGBP,0.84659,0.8466899999999999,0.84649,0.84655,2158.0
2024-06-11 02:00:00,FX:EURGBP,0.84655,0.84676,0.84639,0.8464,3009.0
2024-06-11 02:15:00,FX:EURGBP,0.8464,0.84646,0.84619,0.84633,2104.0
2024-06-11 02:30:00,FX:EURGBP,0.84633,0.84656,0.84626,0.84646,1655.0
2024-06-11 02:45:00,FX:EURGBP,0.84646,0.84668,0.84593,0.84605,2256.0
2024-06-11 03:00:00,FX:EURGBP,0.84605,0.84614,0.84582,0.84587,2550.0
2024-06-11 03:15:00,FX:EURGBP,0.84587,0.84588,0.84528,0.8452999999999999,2076.0
2024-06-11 03:30:00,FX:EURGBP,0.8452999999999999,0.8454699999999999,0.84509,0.8451299999999999,2169.0
2024-06-11 03:45:00,FX:EURGBP,0.8451299999999999,0.84517,0.8444,0.84445,3067.0
2024-06-11 04:00:00,FX:EURGBP,0.84445,0.84458,0.84406,0.84456,2967.0
2024-06-11 04:15:00,FX:EURGBP,0.84456,0.84467,0.84412,0.84415,2359.0
2024-06-11 04:30:00,FX:EURGBP,0.84415,0.84443,0.84405,0.84443,2964.0
2024-06-11 04:45:00,FX:EURGBP,0.84443,0.8445199999999999,0.84419,0.84425,2396.0
2024-06-11 05:00:00,FX:EURGBP,0.84425,0.84433,0.84336,0.84343,3246.0
2024-06-11 05:15:00,FX:EURGBP,0.84343,0.8434699999999999,0.8429099999999999,0.84295,2570.0
2024-06-11 05:30:00,FX:EURGBP,0.84295,0.84302,0.84272,0.84277,2252.0
2024-06-11 05:45:00,FX:EURGBP,0.84277,0.84294,0.8426,0.8429,2519.0
2024-06-11 06:00:00,FX:EURGBP,0.8429,0.84298,0.84241,0.84245,2629.0
2024-06-11 06:15:00,FX:EURGBP,0.84245,0.8425,0.8421,0.84243,2506.0
2024-06-11 06:30:00,FX:EURGBP,0.84243,0.8424699999999999,0.84216,0.84238,2335.0
2024-06-11 06:45:00,FX:EURGBP,0.84238,0.84246,0.84189,0.8422499999999999,2652.0
2024-06-11 07:00:00,FX:EURGBP,0.8422499999999999,0.84233,0.84189,0.84223,2551.0
2024-06-11 07:15:00,FX:EURGBP,0.84223,0.84248,0.84222,0.84229,2025.0
2024-06-11 07:30:00,FX:EURGBP,0.84229,0.84238,0.84216,0.84221,2116.0
2024-06-11 07:45:00,FX:EURGBP,0.84221,0.84234,0.84212,0.8421299999999999,1871.0
2024-06-11 08:00:00,FX:EURGBP,0.8421299999999999,0.84254,0.84178,0.84181,2481.0
2024-06-11 08:15:00,FX:EURGBP,0.84181,0.84242,0.8418,0.8422,2710.0
2024-06-11 08:30:00,FX:EURGBP,0.8422,0.84281,0.84219,0.84276,2399.0
2024-06-11 08:45:00,FX:EURGBP,0.84276,0.84364,0.84265,0.84351,2955.0
2024-06-11 09:00:00,FX:EURGBP,0.84351,0.84379,0.84333,0.8434699999999999,3043.0
2024-06-11 09:15:00,FX:EURGBP,0.8434699999999999,0.84361,0.84328,0.84339,2226.0
2024-06-11 09:30:00,FX:EURGBP,0.84339,0.84344,0.84332,0.84335,1530.0
2024-06-11 09:45:00,FX:EURGBP,0.84335,0.84359,0.84301,0.8434699999999999,2489.0
2024-06-11 10:00:00,FX:EURGBP,0.8434699999999999,0.84355,0.84312,0.84318,2424.0
2024-06-11 10:15:00,FX:EURGBP,0.84318,0.84333,0.84309,0.84328,1618.0
2024-06-11 10:30:00,FX:EURGBP,0.84328,0.84343,0.84319,0.84343,1629.0
2024-06-11 10:45:00,FX:EURGBP,0.84343,0.84368,0.84327,0.84361,1830.0
2024-06-11 11:00:00,FX:EURGBP,0.84361,0.84394,0.8436,0.8438,1338.0
2024-06-11 11:15:00,FX:EURGBP,0.8438,0.84406,0.84376,0.84396,1081.0
2024-06-11 11:30:00,FX:EURGBP,0.84396,0.84398,0.84359,0.84364,895.0
2024-06-11 11:45:00,FX:EURGBP,0.84364,0.84364,0.84344,0.84353,693.0
2024-06-11 12:00:00,FX:EURGBP,0.84353,0.84364,0.84344,0.8434699999999999,1704.0
2024-06-11 12:15:00,FX:EURGBP,0.8434699999999999,0.84364,0.8434699999999999,0.8436,828.0
2024-06-11 12:30:00,FX:EURGBP,0.8436,0.84383,0.84356,0.84377,1070.0
2024-06-11 12:45:00,FX:EURGBP,0.84377,0.8439,0.84365,0.84371,1089.0
2024-06-11 13:00:00,FX:EURGBP,0.84371,0.84372,0.8435199999999999,0.84353,790.0
2024-06-11 13:15:00,FX:EURGBP,0.84353,0.84357,0.8432999999999999,0.8432999999999999,584.0
2024-06-11 13:30:00,FX:EURGBP,0.8432999999999999,0.84331,0.84307,0.8431299999999999,1202.0
2024-06-11 13:45:00,FX:EURGBP,0.8431299999999999,0.84316,0.84288,0.84289,1034.0
2024-06-11 14:00:00,FX:EURGBP,0.84289,0.843,0.84281,0.8429,902.0
2024-06-11 14:15:00,FX:EURGBP,0.8429,0.84305,0.8429,0.84301,622.0
2024-06-11 14:30:00,FX:EURGBP,0.84301,0.84311,0.84292,0.8431,499.0
2024-06-11 14:45:00,FX:EURGBP,0.8431,0.84318,0.8429099999999999,0.8429099999999999,962.0
2024-06-11 15:00:00,FX:EURGBP,0.8429099999999999,0.8431,0.8429099999999999,0.84303,386.0
2024-06-11 15:15:00,FX:EURGBP,0.84303,0.8431299999999999,0.84301,0.8430799999999999,252.0
2024-06-11 15:30:00,FX:EURGBP,0.8430799999999999,0.84318,0.84306,0.84307,339.0
2024-06-11 15:45:00,FX:EURGBP,0.84307,0.84319,0.84295,0.84296,479.0
2024-06-11 16:00:00,FX:EURGBP,0.84296,0.84318,0.84205,0.84283,446.0
2024-06-11 16:15:00,FX:EURGBP,0.84283,0.84301,0.84265,0.8429099999999999,452.0
2024-06-11 16:30:00,FX:EURGBP,0.8429099999999999,0.84311,0.84263,0.84303,429.0
2024-06-11 16:45:00,FX:EURGBP,0.84303,0.84307,0.84283,0.84301,429.0
2024-06-11 17:00:00,FX:EURGBP,0.84301,0.84314,0.84284,0.84312,451.0
2024-06-11 17:15:00,FX:EURGBP,0.84312,0.84314,0.8431,0.8431299999999999,138.0
2024-06-11 17:30:00,FX:EURGBP,0.8431299999999999,0.84316,0.84312,0.84312,85.0
2024-06-11 17:45:00,FX:EURGBP,0.84312,0.84316,0.8431,0.84312,136.0
2024-06-11 18:00:00,FX:EURGBP,0.84312,0.84318,0.84309,0.84314,399.0
2024-06-11 18:15:00,FX:EURGBP,0.84314,0.84319,0.8430799999999999,0.84309,243.0
2024-06-11 18:30:00,FX:EURGBP,0.84309,0.84309,0.84304,0.84305,258.0
2024-06-11 18:45:00,FX:EURGBP,0.84305,0.84307,0.843,0.84304,760.0
2024-06-11 19:00:00,FX:EURGBP,0.84304,0.84307,0.84296,0.84303,947.0
2024-06-11 19:15:00,FX:EURGBP,0.84303,0.84304,0.84297,0.84297,563.0
2024-06-11 19:30:00,FX:EURGBP,0.84297,0.84304,0.84296,0.84303,402.0
2024-06-11 19:45:00,FX:EURGBP,0.84303,0.8431299999999999,0.84299,0.84311,851.0
2024-06-11 20:00:00,FX:EURGBP,0.84311,0.84312,0.84297,0.84305,1009.0
2024-06-11 20:15:00,FX:EURGBP,0.84305,0.8430799999999999,0.84299,0.84307,941.0
2024-06-11 20:30:00,FX:EURGBP,0.84307,0.84311,0.84303,0.84306,786.0
2024-06-11 20:45:00,FX:EURGBP,0.84306,0.8430799999999999,0.84301,0.84303,857.0
2024-06-11 21:00:00,FX:EURGBP,0.84303,0.8430799999999999,0.84303,0.84306,467.0
2024-06-11 21:15:00,FX:EURGBP,0.84306,0.8430799999999999,0.84301,0.84306,514.0
2024-06-11 21:30:00,FX:EURGBP,0.84306,0.84312,0.84303,0.84307,757.0
2024-06-11 21:45:00,FX:EURGBP,0.84307,0.8430799999999999,0.843,0.84302,784.0
2024-06-11 22:00:00,FX:EURGBP,0.84302,0.84307,0.84296,0.84297,443.0
2024-06-11 22:15:00,FX:EURGBP,0.84297,0.84301,0.84296,0.84296,393.0
2024-06-11 22:30:00,FX:EURGBP,0.84296,0.84297,0.84282,0.84289,691.0
2024-06-11 22:45:00,FX:EURGBP,0.84289,0.8429099999999999,0.84282,0.84283,653.0
2024-06-11 23:00:00,FX:EURGBP,0.84283,0.8429099999999999,0.84282,0.84288,542.0
2024-06-11 23:15:00,FX:EURGBP,0.84288,0.8429099999999999,0.84281,0.84282,377.0
2024-06-11 23:30:00,FX:EURGBP,0.84282,0.8428599999999999,0.8428,0.84281,526.0
2024-06-11 23:45:00,FX:EURGBP,0.84281,0.84285,0.8428,0.8428,229.0
2024-06-12 00:00:00,FX:EURGBP,0.8428,0.8429099999999999,0.84279,0.8429099999999999,357.0
2024-06-12 00:15:00,FX:EURGBP,0.8429099999999999,0.84292,0.84284,0.84285,582.0
2024-06-12 00:30:00,FX:EURGBP,0.84285,0.84292,0.8428,0.8429099999999999,623.0
2024-06-12 00:45:00,FX:EURGBP,0.8429099999999999,0.8431,0.84277,0.84281,1154.0
2024-06-12 01:00:00,FX:EURGBP,0.84281,0.84316,0.84263,0.8428599999999999,2121.0
2024-06-12 01:15:00,FX:EURGBP,0.8428599999999999,0.84301,0.84277,0.84293,1312.0
2024-06-12 01:30:00,FX:EURGBP,0.84293,0.8432499999999999,0.8429,0.84322,1347.0
2024-06-12 01:45:00,FX:EURGBP,0.84322,0.84334,0.84307,0.84322,1838.0
2024-06-12 02:00:00,FX:EURGBP,0.84322,0.84334,0.84283,0.84283,1748.0
2024-06-12 02:15:00,FX:EURGBP,0.84283,0.8431,0.84263,0.8431,1514.0
2024-06-12 02:30:00,FX:EURGBP,0.8431,0.8431299999999999,0.84277,0.84284,1702.0
2024-06-12 02:45:00,FX:EURGBP,0.84284,0.8429099999999999,0.84248,0.84268,1318.0
2024-06-12 03:00:00,FX:EURGBP,0.84268,0.84295,0.84263,0.84279,1757.0
2024-06-12 03:15:00,FX:EURGBP,0.84279,0.84306,0.84267,0.84297,1479.0
2024-06-12 03:30:00,FX:EURGBP,0.84297,0.84298,0.84258,0.8426,1700.0
2024-06-12 03:45:00,FX:EURGBP,0.8426,0.8427399999999999,0.84235,0.84236,1623.0
2024-06-12 04:00:00,FX:EURGBP,0.84236,0.84294,0.84232,0.84281,1596.0
2024-06-12 04:15:00,FX:EURGBP,0.84281,0.84314,0.84272,0.84304,1556.0
2024-06-12 04:30:00,FX:EURGBP,0.84304,0.84326,0.84296,0.84296,1387.0
2024-06-12 04:45:00,FX:EURGBP,0.84296,0.84307,0.84276,0.8429099999999999,1258.0
2024-06-12 05:00:00,FX:EURGBP,0.8429099999999999,0.84307,0.84281,0.84301,1313.0
2024-06-12 05:15:00,FX:EURGBP,0.84301,0.84311,0.84287,0.84306,1226.0
2024-06-12 05:30:00,FX:EURGBP,0.84306,0.84332,0.84306,0.84328,982.0
2024-06-12 05:45:00,FX:EURGBP,0.84328,0.84335,0.84298,0.84306,1165.0
2024-06-12 06:00:00,FX:EURGBP,0.84306,0.84318,0.84293,0.84303,1611.0
2024-06-12 06:15:00,FX:EURGBP,0.84303,0.84343,0.843,0.84341,1755.0
2024-06-12 06:30:00,FX:EURGBP,0.84341,0.84355,0.84336,0.84343,1578.0
2024-06-12 06:45:00,FX:EURGBP,0.84343,0.84371,0.84339,0.84357,1652.0
2024-06-12 07:00:00,FX:EURGBP,0.84357,0.84372,0.84348,0.84367,2268.0
2024-06-12 07:15:00,FX:EURGBP,0.84367,0.84381,0.8428,0.84295,1896.0
2024-06-12 07:30:00,FX:EURGBP,0.84295,0.84417,0.84219,0.84265,13335.0
2024-06-12 07:45:00,FX:EURGBP,0.84265,0.84273,0.84219,0.84235,5581.0
2024-06-12 08:00:00,FX:EURGBP,0.84235,0.84235,0.84178,0.84219,4574.0
2024-06-12 08:15:00,FX:EURGBP,0.84219,0.8428,0.84215,0.8427399999999999,2532.0
2024-06-12 08:30:00,FX:EURGBP,0.8427399999999999,0.84349,0.84259,0.84341,3932.0
2024-06-12 08:45:00,FX:EURGBP,0.84341,0.8442999999999999,0.84322,0.84422,3997.0
2024-06-12 09:00:00,FX:EURGBP,0.84422,0.84423,0.84326,0.84346,4300.0
2024-06-12 09:15:00,FX:EURGBP,0.84346,0.84371,0.84342,0.84354,2523.0
2024-06-12 09:30:00,FX:EURGBP,0.84354,0.84427,0.8435199999999999,0.84424,3295.0
2024-06-12 09:45:00,FX:EURGBP,0.84424,0.84493,0.84424,0.84467,3469.0
2024-06-12 10:00:00,FX:EURGBP,0.84467,0.84485,0.8444,0.84484,2901.0
2024-06-12 10:15:00,FX:EURGBP,0.84484,0.84517,0.84482,0.84503,2039.0
2024-06-12 10:30:00,FX:EURGBP,0.84503,0.84516,0.84461,0.84482,2628.0
2024-06-12 10:45:00,FX:EURGBP,0.84482,0.84482,0.84439,0.84441,1973.0
2024-06-12 11:00:00,FX:EURGBP,0.84441,0.8445,0.8441299999999999,0.84414,1586.0
2024-06-12 11:15:00,FX:EURGBP,0.84414,0.84415,0.8439,0.84407,1362.0
2024-06-12 11:30:00,FX:EURGBP,0.84407,0.8444699999999999,0.84406,0.84443,1763.0
2024-06-12 11:45:00,FX:EURGBP,0.84443,0.84446,0.8440799999999999,0.84416,1499.0
2024-06-12 12:00:00,FX:EURGBP,0.84416,0.84432,0.84409,0.84425,1814.0
2024-06-12 12:15:00,FX:EURGBP,0.84425,0.84426,0.8441,0.84426,952.0
2024-06-12 12:30:00,FX:EURGBP,0.84426,0.84446,0.84418,0.84422,1598.0
2024-06-12 12:45:00,FX:EURGBP,0.84422,0.84444,0.84388,0.84389,1638.0
2024-06-12 13:00:00,FX:EURGBP,0.84389,0.84448,0.84332,0.84411,12540.0
2024-06-12 13:15:00,FX:EURGBP,0.84411,0.84443,0.84402,0.84439,4426.0
2024-06-12 13:30:00,FX:EURGBP,0.84439,0.8444,0.84404,0.84423,8458.0
2024-06-12 13:45:00,FX:EURGBP,0.84423,0.84448,0.84388,0.8439,6507.0
2024-06-12 14:00:00,FX:EURGBP,0.8439,0.84429,0.84385,0.84423,2515.0
2024-06-12 14:15:00,FX:EURGBP,0.84423,0.84467,0.84416,0.84461,2982.0
2024-06-12 14:30:00,FX:EURGBP,0.84461,0.84464,0.84441,0.8445,3145.0
2024-06-12 14:45:00,FX:EURGBP,0.8445,0.84463,0.84433,0.84444,1477.0
2024-06-12 15:00:00,FX:EURGBP,0.84444,0.84453,0.84437,0.84443,652.0
2024-06-12 15:15:00,FX:EURGBP,0.84443,0.84457,0.84439,0.84454,410.0
2024-06-12 15:30:00,FX:EURGBP,0.84454,0.8447399999999999,0.84453,0.84467,319.0
2024-06-12 15:45:00,FX:EURGBP,0.84467,0.8447,0.84454,0.84454,523.0
2024-06-12 16:00:00,FX:EURGBP,0.84454,0.84454,0.84405,0.84426,392.0
2024-06-12 16:15:00,FX:EURGBP,0.84426,0.84461,0.84418,0.84453,688.0
2024-06-12 16:30:00,FX:EURGBP,0.84453,0.84465,0.84451,0.84458,878.0
2024-06-12 16:45:00,FX:EURGBP,0.84458,0.84463,0.84412,0.84416,292.0
2024-06-12 17:00:00,FX:EURGBP,0.84416,0.84488,0.84412,0.84488,460.0
2024-06-12 17:15:00,FX:EURGBP,0.84488,0.84499,0.84488,0.84492,182.0
2024-06-12 17:30:00,FX:EURGBP,0.84492,0.84509,0.8449099999999999,0.84505,401.0
2024-06-12 17:45:00,FX:EURGBP,0.84505,0.84507,0.84493,0.84495,294.0
2024-06-12 18:00:00,FX:EURGBP,0.84495,0.84511,0.84492,0.84509,542.0
2024-06-12 18:15:00,FX:EURGBP,0.84509,0.84511,0.845,0.84507,503.0
2024-06-12 18:30:00,FX:EURGBP,0.84507,0.8451299999999999,0.84503,0.8451,505.0
2024-06-12 18:45:00,FX:EURGBP,0.8451,0.84516,0.84497,0.84498,684.0
2024-06-12 19:00:00,FX:EURGBP,0.84498,0.84505,0.84493,0.845,892.0
2024-06-12 19:15:00,FX:EURGBP,0.845,0.84514,0.84497,0.84506,867.0
2024-06-12 19:30:00,FX:EURGBP,0.84506,0.84512,0.84502,0.8450799999999999,691.0
2024-06-12 19:45:00,FX:EURGBP,0.8450799999999999,0.84512,0.84501,0.84506,993.0
2024-06-12 20:00:00,FX:EURGBP,0.84506,0.8451,0.84498,0.84505,1210.0
2024-06-12 20:15:00,FX:EURGBP,0.84505,0.8450799999999999,0.84496,0.84504,892.0
2024-06-12 20:30:00,FX:EURGBP,0.84504,0.84506,0.8449099999999999,0.84504,1423.0
2024-06-12 20:45:00,FX:EURGBP,0.84504,0.8451299999999999,0.84502,0.84506,1356.0
2024-06-12 21:00:00,FX:EURGBP,0.84506,0.84512,0.84498,0.845,1349.0
2024-06-12 21:15:00,FX:EURGBP,0.845,0.84509,0.84496,0.84503,951.0
2024-06-12 21:30:00,FX:EURGBP,0.84503,0.84507,0.845,0.84505,833.0
2024-06-12 21:45:00,FX:EURGBP,0.84505,0.84521,0.845,0.84518,1128.0
2024-06-12 22:00:00,FX:EURGBP,0.84518,0.84524,0.84514,0.84518,826.0
2024-06-12 22:15:00,FX:EURGBP,0.84518,0.84519,0.84506,0.84515,762.0
2024-06-12 22:30:00,FX:EURGBP,0.84515,0.84522,0.84512,0.84517,493.0
2024-06-12 22:45:00,FX:EURGBP,0.84517,0.84528,0.84515,0.84526,581.0
2024-06-12 23:00:00,FX:EURGBP,0.84526,0.84529,0.84522,0.84525,518.0
2024-06-12 23:15:00,FX:EURGBP,0.84525,0.84527,0.84522,0.84526,234.0
2024-06-12 23:30:00,FX:EURGBP,0.84526,0.84534,0.84522,0.84533,371.0
2024-06-12 23:45:00,FX:EURGBP,0.84533,0.84538,0.8452999999999999,0.8453499999999999,391.0
2024-06-13 00:00:00,FX:EURGBP,0.8453499999999999,0.84548,0.84532,0.84536,912.0
2024-06-13 00:15:00,FX:EURGBP,0.84536,0.8456899999999999,0.8452999999999999,0.84563,986.0
2024-06-13 00:30:00,FX:EURGBP,0.84563,0.84579,0.84558,0.84558,767.0
2024-06-13 00:45:00,FX:EURGBP,0.84558,0.84561,0.84544,0.84544,1217.0
2024-06-13 01:00:00,FX:EURGBP,0.84544,0.84559,0.84537,0.84538,1935.0
2024-06-13 01:15:00,FX:EURGBP,0.84538,0.8455,0.84531,0.84541,1547.0
2024-06-13 01:30:00,FX:EURGBP,0.84541,0.84546,0.8451299999999999,0.8454,1467.0
2024-06-13 01:45:00,FX:EURGBP,0.8454,0.84554,0.84526,0.84548,1693.0
2024-06-13 02:00:00,FX:EURGBP,0.84548,0.84568,0.84539,0.84562,3158.0
2024-06-13 02:15:00,FX:EURGBP,0.84562,0.84571,0.84536,0.84544,2489.0
2024-06-13 02:30:00,FX:EURGBP,0.84544,0.8457399999999999,0.84542,0.84564,2315.0
2024-06-13 02:45:00,FX:EURGBP,0.84564,0.84567,0.8455,0.84561,1692.0
2024-06-13 03:00:00,FX:EURGBP,0.84561,0.84563,0.84514,0.84515,1378.0
2024-06-13 03:15:00,FX:EURGBP,0.84515,0.84518,0.8448,0.84487,1907.0
2024-06-13 03:30:00,FX:EURGBP,0.84487,0.84495,0.84455,0.84475,1646.0
2024-06-13 03:45:00,FX:EURGBP,0.84475,0.84482,0.84427,0.84432,1467.0
2024-06-13 04:00:00,FX:EURGBP,0.84432,0.84464,0.84418,0.84455,1614.0
2024-06-13 04:15:00,FX:EURGBP,0.84455,0.84487,0.84455,0.84483,1818.0
2024-06-13 04:30:00,FX:EURGBP,0.84483,0.84507,0.84483,0.84495,1950.0
2024-06-13 04:45:00,FX:EURGBP,0.84495,0.84517,0.84487,0.845,1611.0
2024-06-13 05:00:00,FX:EURGBP,0.845,0.84523,0.84492,0.84512,1968.0
2024-06-13 05:15:00,FX:EURGBP,0.84512,0.84543,0.84512,0.84538,1786.0
2024-06-13 05:30:00,FX:EURGBP,0.84538,0.84542,0.84509,0.84527,1863.0
2024-06-13 05:45:00,FX:EURGBP,0.84527,0.84538,0.8449099999999999,0.84495,2071.0
2024-06-13 06:00:00,FX:EURGBP,0.84495,0.84497,0.84443,0.8446,1726.0
2024-06-13 06:15:00,FX:EURGBP,0.8446,0.84485,0.84459,0.84481,1867.0
2024-06-13 06:30:00,FX:EURGBP,0.84481,0.84494,0.8442999999999999,0.84443,2225.0
2024-06-13 06:45:00,FX:EURGBP,0.84443,0.84494,0.84438,0.84477,2108.0
2024-06-13 07:00:00,FX:EURGBP,0.84477,0.8449,0.84462,0.8448599999999999,2131.0
2024-06-13 07:15:00,FX:EURGBP,0.8448599999999999,0.84493,0.84419,0.84422,1977.0
2024-06-13 07:30:00,FX:EURGBP,0.84422,0.84493,0.844,0.84455,6247.0
2024-06-13 07:45:00,FX:EURGBP,0.84455,0.84493,0.84416,0.84425,3690.0
2024-06-13 08:00:00,FX:EURGBP,0.84425,0.8444,0.84403,0.84432,3290.0
2024-06-13 08:15:00,FX:EURGBP,0.84432,0.84454,0.84405,0.84448,2752.0
2024-06-13 08:30:00,FX:EURGBP,0.84448,0.84523,0.84445,0.84522,3157.0
2024-06-13 08:45:00,FX:EURGBP,0.84522,0.8452999999999999,0.84436,0.84436,2886.0
2024-06-13 09:00:00,FX:EURGBP,0.84436,0.8445199999999999,0.84416,0.84433,2411.0
2024-06-13 09:15:00,FX:EURGBP,0.84433,0.84434,0.84359,0.8437,2760.0
2024-06-13 09:30:00,FX:EURGBP,0.8437,0.84381,0.84336,0.8435199999999999,3071.0
2024-06-13 09:45:00,FX:EURGBP,0.8435199999999999,0.84381,0.84344,0.84372,3574.0
2024-06-13 10:00:00,FX:EURGBP,0.84372,0.84397,0.84361,0.84394,2796.0
2024-06-13 10:15:00,FX:EURGBP,0.84394,0.84401,0.8432,0.84335,2089.0
2024-06-13 10:30:00,FX:EURGBP,0.84335,0.8434699999999999,0.8429,0.8429,2100.0
2024-06-13 10:45:00,FX:EURGBP,0.8429,0.843,0.84264,0.84271,1821.0
2024-06-13 11:00:00,FX:EURGBP,0.84271,0.84305,0.84271,0.8429,2382.0
2024-06-13 11:15:00,FX:EURGBP,0.8429,0.84303,0.84276,0.84279,1912.0
2024-06-13 11:30:00,FX:EURGBP,0.84279,0.84296,0.8426,0.84266,1866.0
2024-06-13 11:45:00,FX:EURGBP,0.84266,0.84271,0.84211,0.84226,1850.0
2024-06-13 12:00:00,FX:EURGBP,0.84226,0.84237,0.84199,0.84204,2146.0
2024-06-13 12:15:00,FX:EURGBP,0.84204,0.84222,0.842,0.8420799999999999,1574.0
2024-06-13 12:30:00,FX:EURGBP,0.8420799999999999,0.84222,0.842,0.84201,1226.0
2024-06-13 12:45:00,FX:EURGBP,0.84201,0.84209,0.84182,0.84185,992.0
2024-06-13 13:00:00,FX:EURGBP,0.84185,0.84187,0.8417,0.84181,1295.0
2024-06-13 13:15:00,FX:EURGBP,0.84181,0.84182,0.84135,0.84137,926.0
2024-06-13 13:30:00,FX:EURGBP,0.84137,0.84146,0.84134,0.84145,1161.0
2024-06-13 13:45:00,FX:EURGBP,0.84145,0.84146,0.84128,0.84133,1012.0
2024-06-13 14:00:00,FX:EURGBP,0.84133,0.8414699999999999,0.84128,0.84145,749.0
2024-06-13 14:15:00,FX:EURGBP,0.84145,0.84157,0.84139,0.84148,538.0
2024-06-13 14:30:00,FX:EURGBP,0.84148,0.84153,0.84145,0.84146,384.0
2024-06-13 14:45:00,FX:EURGBP,0.84146,0.84151,0.84139,0.8414,783.0
2024-06-13 15:00:00,FX:EURGBP,0.8414,0.84156,0.84137,0.84155,467.0
2024-06-13 15:15:00,FX:EURGBP,0.84155,0.84156,0.84131,0.84133,394.0
2024-06-13 15:30:00,FX:EURGBP,0.84133,0.84135,0.84126,0.8412999999999999,325.0
2024-06-13 15:45:00,FX:EURGBP,0.8412999999999999,0.84144,0.84121,0.84131,875.0
2024-06-13 16:00:00,FX:EURGBP,0.84131,0.84144,0.84106,0.84142,248.0
2024-06-13 16:15:00,FX:EURGBP,0.84142,0.84146,0.84133,0.84145,631.0
2024-06-13 16:30:00,FX:EURGBP,0.84145,0.84153,0.84136,0.84145,1153.0
2024-06-13 16:45:00,FX:EURGBP,0.84145,0.8415199999999999,0.8412999999999999,0.8415,321.0
2024-06-13 17:00:00,FX:EURGBP,0.8415,0.84158,0.84129,0.84143,484.0
2024-06-13 17:15:00,FX:EURGBP,0.84143,0.84155,0.84136,0.8415,330.0
2024-06-13 17:30:00,FX:EURGBP,0.8415,0.8417,0.84149,0.8416899999999999,341.0
2024-06-13 17:45:00,FX:EURGBP,0.8416899999999999,0.84174,0.8416,0.84166,189.0
2024-06-13 18:00:00,FX:EURGBP,0.84166,0.84173,0.84158,0.8416899999999999,376.0
2024-06-13 18:15:00,FX:EURGBP,0.8416899999999999,0.84185,0.8416899999999999,0.84183,306.0
2024-06-13 18:30:00,FX:EURGBP,0.84183,0.84195,0.84182,0.84195,468.0
2024-06-13 18:45:00,FX:EURGBP,0.84195,0.84201,0.8418599999999999,0.84192,568.0
2024-06-13 19:00:00,FX:EURGBP,0.84192,0.84206,0.84185,0.84204,1133.0
2024-06-13 19:15:00,FX:EURGBP,0.84204,0.84206,0.84193,0.84201,838.0
2024-06-13 19:30:00,FX:EURGBP,0.84201,0.84212,0.84198,0.84199,791.0
2024-06-13 19:45:00,FX:EURGBP,0.84199,0.84209,0.84197,0.842,849.0
2024-06-13 20:00:00,FX:EURGBP,0.842,0.84214,0.84194,0.8421,839.0
2024-06-13 20:15:00,FX:EURGBP,0.8421,0.84214,0.84197,0.84201,937.0
2024-06-13 20:30:00,FX:EURGBP,0.84201,0.8421,0.84196,0.84198,961.0
2024-06-13 20:45:00,FX:EURGBP,0.84198,0.842,0.84188,0.8419099999999999,1100.0
2024-06-13 21:00:00,FX:EURGBP,0.8419099999999999,0.84193,0.8418599999999999,0.8419099999999999,985.0
2024-06-13 21:15:00,FX:EURGBP,0.8419099999999999,0.84193,0.84187,0.8419,1004.0
2024-06-13 21:30:00,FX:EURGBP,0.8419,0.84196,0.84182,0.84185,862.0
2024-06-13 21:45:00,FX:EURGBP,0.84185,0.8419,0.84183,0.84185,881.0
2024-06-13 22:00:00,FX:EURGBP,0.84185,0.84189,0.84179,0.84181,1099.0
2024-06-13 22:15:00,FX:EURGBP,0.84181,0.84211,0.84175,0.8421,1595.0
2024-06-13 22:30:00,FX:EURGBP,0.8421,0.8422,0.84202,0.84216,1480.0
2024-06-13 22:45:00,FX:EURGBP,0.84216,0.84222,0.84207,0.84218,1365.0
2024-06-13 23:00:00,FX:EURGBP,0.84218,0.8422,0.842,0.84203,918.0
2024-06-13 23:15:00,FX:EURGBP,0.84203,0.84205,0.84192,0.84194,749.0
2024-06-13 23:30:00,FX:EURGBP,0.84194,0.84209,0.8419099999999999,0.84207,779.0
2024-06-13 23:45:00,FX:EURGBP,0.84207,0.8421299999999999,0.84201,0.84209,517.0
2024-06-14 00:00:00,FX:EURGBP,0.84209,0.84214,0.84201,0.84203,894.0
2024-06-14 00:15:00,FX:EURGBP,0.84203,0.84205,0.84185,0.84189,641.0
2024-06-14 00:30:00,FX:EURGBP,0.84189,0.84203,0.84187,0.84201,866.0
2024-06-14 00:45:00,FX:EURGBP,0.84201,0.84211,0.84197,0.84205,1218.0
2024-06-14 01:00:00,FX:EURGBP,0.84205,0.8422499999999999,0.84196,0.84218,1899.0
2024-06-14 01:15:00,FX:EURGBP,0.84218,0.84236,0.84214,0.84223,2282.0
2024-06-14 01:30:00,FX:EURGBP,0.84223,0.84228,0.84143,0.84173,2637.0
2024-06-14 01:45:00,FX:EURGBP,0.84173,0.84222,0.84172,0.84217,2152.0
2024-06-14 02:00:00,FX:EURGBP,0.84217,0.84228,0.84171,0.8418,2460.0
2024-06-14 02:15:00,FX:EURGBP,0.8418,0.8420799999999999,0.84161,0.84198,3347.0
2024-06-14 02:30:00,FX:EURGBP,0.84198,0.84221,0.8415199999999999,0.84155,2278.0
2024-06-14 02:45:00,FX:EURGBP,0.84155,0.8416,0.84111,0.84111,2632.0
2024-06-14 03:00:00,FX:EURGBP,0.84111,0.84134,0.841,0.8410799999999999,2434.0
2024-06-14 03:15:00,FX:EURGBP,0.8410799999999999,0.84122,0.84081,0.84097,2427.0
2024-06-14 03:30:00,FX:EURGBP,0.84097,0.84113,0.84051,0.84053,2176.0
2024-06-14 03:45:00,FX:EURGBP,0.84053,0.84059,0.84012,0.84042,2398.0
2024-06-14 04:00:00,FX:EURGBP,0.84042,0.84051,0.83972,0.83979,2821.0
2024-06-14 04:15:00,FX:EURGBP,0.83979,0.84031,0.83975,0.84016,3317.0
2024-06-14 04:30:00,FX:EURGBP,0.84016,0.84089,0.84011,0.84076,2922.0
2024-06-14 04:45:00,FX:EURGBP,0.84076,0.84131,0.84073,0.8410799999999999,3255.0
2024-06-14 05:00:00,FX:EURGBP,0.8410799999999999,0.84117,0.84079,0.84094,3026.0
2024-06-14 05:15:00,FX:EURGBP,0.84094,0.84165,0.84083,0.84136,3244.0
2024-06-14 05:30:00,FX:EURGBP,0.84136,0.8415,0.84105,0.84127,2612.0
2024-06-14 05:45:00,FX:EURGBP,0.84127,0.84212,0.84113,0.84193,2435.0
2024-06-14 06:00:00,FX:EURGBP,0.84193,0.84207,0.84178,0.84195,2572.0
2024-06-14 06:15:00,FX:EURGBP,0.84195,0.84223,0.84192,0.84215,2284.0
2024-06-14 06:30:00,FX:EURGBP,0.84215,0.8422,0.8414699999999999,0.84151,2660.0
2024-06-14 06:45:00,FX:EURGBP,0.84151,0.84198,0.84136,0.84176,2786.0
2024-06-14 07:00:00,FX:EURGBP,0.84176,0.84206,0.84165,0.84188,3886.0
2024-06-14 07:15:00,FX:EURGBP,0.84188,0.84275,0.84187,0.84275,3385.0
2024-06-14 07:30:00,FX:EURGBP,0.84275,0.84305,0.84251,0.84282,4098.0
2024-06-14 07:45:00,FX:EURGBP,0.84282,0.84285,0.8422499999999999,0.84231,3625.0
2024-06-14 08:00:00,FX:EURGBP,0.84231,0.84272,0.84212,0.84263,3156.0
2024-06-14 08:15:00,FX:EURGBP,0.84263,0.843,0.84244,0.84292,2594.0
2024-06-14 08:30:00,FX:EURGBP,0.84292,0.84312,0.84268,0.84276,3824.0
2024-06-14 08:45:00,FX:EURGBP,0.84276,0.84292,0.84245,0.84245,2786.0
2024-06-14 09:00:00,FX:EURGBP,0.84245,0.84302,0.84204,0.84295,3659.0
2024-06-14 09:15:00,FX:EURGBP,0.84295,0.84342,0.84284,0.84331,3025.0
2024-06-14 09:30:00,FX:EURGBP,0.84331,0.84333,0.84261,0.84273,3201.0
2024-06-14 09:45:00,FX:EURGBP,0.84273,0.84384,0.84272,0.84367,4876.0
2024-06-14 10:00:00,FX:EURGBP,0.84367,0.84368,0.84324,0.8434,3064.0
2024-06-14 10:15:00,FX:EURGBP,0.8434,0.84364,0.84334,0.8436,2341.0
2024-06-14 10:30:00,FX:EURGBP,0.8436,0.84378,0.84332,0.84357,1861.0
2024-06-14 10:45:00,FX:EURGBP,0.84357,0.84375,0.84336,0.84353,2236.0
2024-06-14 11:00:00,FX:EURGBP,0.84353,0.84372,0.84343,0.84355,1730.0
2024-06-14 11:15:00,FX:EURGBP,0.84355,0.8437,0.8434,0.84343,1715.0
2024-06-14 11:30:00,FX:EURGBP,0.84343,0.84355,0.84326,0.84333,1444.0
2024-06-14 11:45:00,FX:EURGBP,0.84333,0.8434699999999999,0.8432999999999999,0.84344,1522.0
2024-06-14 12:00:00,FX:EURGBP,0.84344,0.84355,0.8434,0.84343,1409.0
2024-06-14 12:15:00,FX:EURGBP,0.84343,0.84344,0.84317,0.8432999999999999,1483.0
2024-06-14 12:30:00,FX:EURGBP,0.8432999999999999,0.8435,0.8432,0.84342,1499.0
2024-06-14 12:45:00,FX:EURGBP,0.84342,0.84358,0.84335,0.84339,1072.0
2024-06-14 13:00:00,FX:EURGBP,0.84339,0.84339,0.84324,0.84326,1441.0
2024-06-14 13:15:00,FX:EURGBP,0.84326,0.84348,0.84323,0.84344,1676.0
2024-06-14 13:30:00,FX:EURGBP,0.84344,0.84365,0.84343,0.84361,1749.0
2024-06-14 13:45:00,FX:EURGBP,0.84361,0.84373,0.84344,0.84373,963.0
2024-06-14 14:00:00,FX:EURGBP,0.84373,0.84379,0.84366,0.8436899999999999,1554.0
2024-06-14 14:15:00,FX:EURGBP,0.8436899999999999,0.84372,0.84362,0.8436899999999999,373.0
2024-06-14 14:30:00,FX:EURGBP,0.8436899999999999,0.84375,0.84365,0.84366,840.0
2024-06-14 14:45:00,FX:EURGBP,0.84366,0.8436899999999999,0.84355,0.84365,646.0
2024-06-14 15:00:00,FX:EURGBP,0.84365,0.84372,0.84351,0.8436899999999999,661.0
2024-06-14 15:15:00,FX:EURGBP,0.8436899999999999,0.84393,0.8436899999999999,0.84393,412.0
2024-06-14 15:30:00,FX:EURGBP,0.84393,0.84407,0.8439099999999999,0.84401,614.0
2024-06-14 15:45:00,FX:EURGBP,0.84401,0.84402,0.84266,0.84266,874.0
2024-06-16 16:00:00,FX:EURGBP,0.84262,0.84395,0.84262,0.84387,208.0
2024-06-16 16:15:00,FX:EURGBP,0.84387,0.84428,0.84362,0.84397,633.0
2024-06-16 16:30:00,FX:EURGBP,0.84397,0.84402,0.8437399999999999,0.84397,306.0
2024-06-16 16:45:00,FX:EURGBP,0.84397,0.84409,0.84363,0.84384,1077.0
2024-06-16 17:00:00,FX:EURGBP,0.84384,0.84411,0.84383,0.84406,842.0
2024-06-16 17:15:00,FX:EURGBP,0.84406,0.84406,0.84393,0.84405,237.0
2024-06-16 17:30:00,FX:EURGBP,0.84405,0.84409,0.84393,0.84399,458.0
2024-06-16 17:45:00,FX:EURGBP,0.84399,0.84399,0.84382,0.8439099999999999,216.0
2024-06-16 18:00:00,FX:EURGBP,0.8439099999999999,0.84401,0.8439099999999999,0.84398,382.0
2024-06-16 18:15:00,FX:EURGBP,0.84398,0.84411,0.84394,0.8441,367.0
2024-06-16 18:30:00,FX:EURGBP,0.8441,0.84418,0.84403,0.8441,435.0
2024-06-16 18:45:00,FX:EURGBP,0.8441,0.84414,0.84383,0.84385,466.0
2024-06-16 19:00:00,FX:EURGBP,0.84385,0.84388,0.84376,0.84382,911.0
2024-06-16 19:15:00,FX:EURGBP,0.84382,0.84392,0.8438,0.84381,648.0
2024-06-16 19:30:00,FX:EURGBP,0.84381,0.84382,0.84367,0.84381,447.0
2024-06-16 19:45:00,FX:EURGBP,0.84381,0.8439099999999999,0.84379,0.84389,555.0
2024-06-16 20:00:00,FX:EURGBP,0.84389,0.84395,0.8438599999999999,0.8439099999999999,977.0
2024-06-16 20:15:00,FX:EURGBP,0.8439099999999999,0.84398,0.84384,0.84392,991.0
2024-06-16 20:30:00,FX:EURGBP,0.84392,0.844,0.84387,0.84392,859.0
2024-06-16 20:45:00,FX:EURGBP,0.84392,0.84394,0.8437,0.8438,925.0
2024-06-16 21:00:00,FX:EURGBP,0.8438,0.8438599999999999,0.84371,0.84385,627.0
2024-06-16 21:15:00,FX:EURGBP,0.84385,0.8438599999999999,0.84375,0.84378,742.0
2024-06-16 21:30:00,FX:EURGBP,0.84378,0.84381,0.84373,0.84375,408.0
2024-06-16 21:45:00,FX:EURGBP,0.84375,0.84389,0.84372,0.84388,497.0
2024-06-16 22:00:00,FX:EURGBP,0.84388,0.84406,0.84385,0.84406,673.0
2024-06-16 22:15:00,FX:EURGBP,0.84406,0.84412,0.84401,0.84405,583.0
2024-06-16 22:30:00,FX:EURGBP,0.84405,0.8440799999999999,0.84396,0.84401,729.0
2024-06-16 22:45:00,FX:EURGBP,0.84401,0.84404,0.8439,0.84401,661.0
2024-06-16 23:00:00,FX:EURGBP,0.84401,0.84404,0.84398,0.84402,287.0
2024-06-16 23:15:00,FX:EURGBP,0.84402,0.84411,0.84402,0.8441,477.0
2024-06-16 23:30:00,FX:EURGBP,0.8441,0.84411,0.84394,0.84397,806.0
2024-06-16 23:45:00,FX:EURGBP,0.84397,0.84401,0.84393,0.84396,756.0
2024-06-17 00:00:00,FX:EURGBP,0.84396,0.84404,0.84392,0.84402,949.0
2024-06-17 00:15:00,FX:EURGBP,0.84402,0.8440799999999999,0.84395,0.84399,718.0
2024-06-17 00:30:00,FX:EURGBP,0.84399,0.84406,0.84396,0.84405,1080.0
2024-06-17 00:45:00,FX:EURGBP,0.84405,0.84412,0.844,0.84403,786.0
2024-06-17 01:00:00,FX:EURGBP,0.84403,0.84414,0.84375,0.8439099999999999,2713.0
2024-06-17 01:15:00,FX:EURGBP,0.8439099999999999,0.84415,0.84383,0.84403,1686.0
2024-06-17 01:30:00,FX:EURGBP,0.84403,0.84439,0.84397,0.84436,2155.0
2024-06-17 01:45:00,FX:EURGBP,0.84436,0.8445,0.84418,0.84445,1673.0
2024-06-17 02:00:00,FX:EURGBP,0.84445,0.84445,0.8441,0.84419,2273.0
2024-06-17 02:15:00,FX:EURGBP,0.84419,0.84487,0.84418,0.84481,1969.0
2024-06-17 02:30:00,FX:EURGBP,0.84481,0.84482,0.84454,0.84464,2452.0
2024-06-17 02:45:00,FX:EURGBP,0.84464,0.84467,0.84422,0.84466,2210.0
2024-06-17 03:00:00,FX:EURGBP,0.84466,0.84497,0.84457,0.84478,1831.0
2024-06-17 03:15:00,FX:EURGBP,0.84478,0.84495,0.84476,0.84489,1338.0
2024-06-17 03:30:00,FX:EURGBP,0.84489,0.84511,0.84483,0.84487,1334.0
2024-06-17 03:45:00,FX:EURGBP,0.84487,0.84505,0.84478,0.84479,1525.0
2024-06-17 04:00:00,FX:EURGBP,0.84479,0.84519,0.84476,0.84516,1567.0
2024-06-17 04:15:00,FX:EURGBP,0.84516,0.8454699999999999,0.84504,0.8454,1647.0
2024-06-17 04:30:00,FX:EURGBP,0.8454,0.84573,0.8452,0.84554,1487.0
2024-06-17 04:45:00,FX:EURGBP,0.84554,0.84571,0.84539,0.84557,1718.0
2024-06-17 05:00:00,FX:EURGBP,0.84557,0.84568,0.84531,0.84539,1687.0
2024-06-17 05:15:00,FX:EURGBP,0.84539,0.8454699999999999,0.84532,0.84539,1074.0
2024-06-17 05:30:00,FX:EURGBP,0.84539,0.84561,0.84532,0.84537,1041.0
2024-06-17 05:45:00,FX:EURGBP,0.84537,0.84556,0.84534,0.84536,828.0
2024-06-17 06:00:00,FX:EURGBP,0.84536,0.84563,0.84531,0.84533,1129.0
2024-06-17 06:15:00,FX:EURGBP,0.84533,0.8457,0.84523,0.8456899999999999,1354.0
2024-06-17 06:30:00,FX:EURGBP,0.8456899999999999,0.84578,0.84553,0.8456,1613.0
2024-06-17 06:45:00,FX:EURGBP,0.8456,0.84581,0.84556,0.84575,1338.0
2024-06-17 07:00:00,FX:EURGBP,0.84575,0.84584,0.84554,0.84583,1457.0
2024-06-17 07:15:00,FX:EURGBP,0.84583,0.84595,0.84555,0.84561,1500.0
2024-06-17 07:30:00,FX:EURGBP,0.84561,0.84566,0.84539,0.8454699999999999,2481.0
2024-06-17 07:45:00,FX:EURGBP,0.8454699999999999,0.84582,0.84532,0.84578,1151.0
2024-06-17 08:00:00,FX:EURGBP,0.84578,0.8459099999999999,0.84566,0.8459099999999999,1044.0
2024-06-17 08:15:00,FX:EURGBP,0.8459099999999999,0.84614,0.84585,0.84606,1064.0
2024-06-17 08:30:00,FX:EURGBP,0.84606,0.84607,0.84572,0.84577,1518.0
2024-06-17 08:45:00,FX:EURGBP,0.84577,0.84579,0.84525,0.84548,1981.0
2024-06-17 09:00:00,FX:EURGBP,0.84548,0.84567,0.84533,0.8454,1644.0
2024-06-17 09:15:00,FX:EURGBP,0.8454,0.84563,0.84527,0.84537,1160.0
2024-06-17 09:30:00,FX:EURGBP,0.84537,0.84539,0.84509,0.84512,1300.0
2024-06-17 09:45:00,FX:EURGBP,0.84512,0.84525,0.84503,0.84514,1832.0
2024-06-17 10:00:00,FX:EURGBP,0.84514,0.84553,0.84514,0.84551,1361.0
2024-06-17 10:15:00,FX:EURGBP,0.84551,0.84553,0.84503,0.84504,1146.0
2024-06-17 10:30:00,FX:EURGBP,0.84504,0.84512,0.8449,0.84511,1234.0
2024-06-17 10:45:00,FX:EURGBP,0.84511,0.84534,0.84509,0.84512,837.0
2024-06-17 11:00:00,FX:EURGBP,0.84512,0.84512,0.8448,0.84482,1065.0
2024-06-17 11:15:00,FX:EURGBP,0.84482,0.84492,0.84473,0.84482,756.0
2024-06-17 11:30:00,FX:EURGBP,0.84482,0.8449099999999999,0.8446899999999999,0.84476,993.0
2024-06-17 11:45:00,FX:EURGBP,0.84476,0.8448,0.84468,0.84475,831.0
2024-06-17 12:00:00,FX:EURGBP,0.84475,0.84485,0.84464,0.84467,584.0
2024-06-17 12:15:00,FX:EURGBP,0.84467,0.8446899999999999,0.84458,0.84458,442.0
2024-06-17 12:30:00,FX:EURGBP,0.84458,0.84458,0.84443,0.8445,599.0
2024-06-17 12:45:00,FX:EURGBP,0.8445,0.84455,0.84434,0.84437,502.0
2024-06-17 13:00:00,FX:EURGBP,0.84437,0.8446,0.8443499999999999,0.84457,943.0
2024-06-17 13:15:00,FX:EURGBP,0.84457,0.84462,0.84448,0.84458,730.0
2024-06-17 13:30:00,FX:EURGBP,0.84458,0.84487,0.84458,0.84485,433.0
2024-06-17 13:45:00,FX:EURGBP,0.84485,0.845,0.84483,0.84496,462.0
2024-06-17 14:00:00,FX:EURGBP,0.84496,0.84498,0.84484,0.84489,495.0
2024-06-17 14:15:00,FX:EURGBP,0.84489,0.84497,0.84484,0.84496,390.0
2024-06-17 14:30:00,FX:EURGBP,0.84496,0.84499,0.84481,0.84481,377.0
2024-06-17 14:45:00,FX:EURGBP,0.84481,0.84488,0.84477,0.84484,547.0
2024-06-17 15:00:00,FX:EURGBP,0.84484,0.84499,0.84482,0.8449099999999999,291.0
2024-06-17 15:15:00,FX:EURGBP,0.8449099999999999,0.84495,0.84485,0.8448599999999999,158.0
2024-06-17 15:30:00,FX:EURGBP,0.8448599999999999,0.84496,0.84479,0.84496,205.0
2024-06-17 15:45:00,FX:EURGBP,0.84496,0.84499,0.84479,0.84485,483.0
2024-06-17 16:00:00,FX:EURGBP,0.84485,0.84489,0.84448,0.84464,262.0
2024-06-17 16:15:00,FX:EURGBP,0.84464,0.84476,0.84464,0.84468,120.0
2024-06-17 16:30:00,FX:EURGBP,0.84468,0.8451,0.8444,0.84459,290.0
2024-06-17 16:45:00,FX:EURGBP,0.84459,0.8448599999999999,0.84451,0.8448,398.0
2024-06-17 17:00:00,FX:EURGBP,0.8448,0.84498,0.84475,0.84484,398.0
2024-06-17 17:15:00,FX:EURGBP,0.84484,0.84493,0.84484,0.8449,190.0
2024-06-17 17:30:00,FX:EURGBP,0.8449,0.845,0.84488,0.845,175.0
2024-06-17 17:45:00,FX:EURGBP,0.845,0.84504,0.84494,0.84494,228.0
2024-06-17 18:00:00,FX:EURGBP,0.84494,0.84498,0.8448599999999999,0.84493,440.0
2024-06-17 18:15:00,FX:EURGBP,0.84493,0.84493,0.84476,0.84477,610.0
2024-06-17 18:30:00,FX:EURGBP,0.84477,0.8448,0.84476,0.84478,354.0
2024-06-17 18:45:00,FX:EURGBP,0.84478,0.84484,0.84472,0.84472,444.0
2024-06-17 19:00:00,FX:EURGBP,0.84472,0.84479,0.84466,0.84477,1103.0
2024-06-17 19:15:00,FX:EURGBP,0.84477,0.84485,0.84475,0.84484,854.0
2024-06-17 19:30:00,FX:EURGBP,0.84484,0.8449,0.8447399999999999,0.84476,1044.0
2024-06-17 19:45:00,FX:EURGBP,0.84476,0.84477,0.84463,0.8446899999999999,781.0
2024-06-17 20:00:00,FX:EURGBP,0.8446899999999999,0.84471,0.84442,0.84453,1003.0
2024-06-17 20:15:00,FX:EURGBP,0.84453,0.84463,0.84453,0.84457,818.0
2024-06-17 20:30:00,FX:EURGBP,0.84457,0.8446899999999999,0.84456,0.84468,820.0
2024-06-17 20:45:00,FX:EURGBP,0.84468,0.84482,0.84466,0.84477,1090.0
2024-06-17 21:00:00,FX:EURGBP,0.84477,0.84478,0.84463,0.84465,766.0
2024-06-17 21:15:00,FX:EURGBP,0.84465,0.84479,0.84462,0.8447399999999999,901.0
2024-06-17 21:30:00,FX:EURGBP,0.8447399999999999,0.84476,0.84465,0.84465,935.0
2024-06-17 21:45:00,FX:EURGBP,0.84465,0.84467,0.84459,0.8446,888.0
2024-06-17 22:00:00,FX:EURGBP,0.8446,0.84461,0.8444,0.84446,758.0
2024-06-17 22:15:00,FX:EURGBP,0.84446,0.84457,0.8444,0.84453,989.0
2024-06-17 22:30:00,FX:EURGBP,0.84453,0.84463,0.8445199999999999,0.84462,685.0
2024-06-17 22:45:00,FX:EURGBP,0.84462,0.84467,0.84461,0.84462,527.0
2024-06-17 23:00:00,FX:EURGBP,0.84462,0.8447399999999999,0.8446,0.84471,695.0
2024-06-17 23:15:00,FX:EURGBP,0.84471,0.84475,0.84457,0.84462,715.0
2024-06-17 23:30:00,FX:EURGBP,0.84462,0.8446899999999999,0.84455,0.84457,975.0
2024-06-17 23:45:00,FX:EURGBP,0.84457,0.84459,0.8445199999999999,0.84457,689.0
2024-06-18 00:00:00,FX:EURGBP,0.84457,0.84461,0.84445,0.84448,1222.0
2024-06-18 00:15:00,FX:EURGBP,0.84448,0.84463,0.84442,0.8445199999999999,1322.0
2024-06-18 00:30:00,FX:EURGBP,0.8445199999999999,0.8446899999999999,0.84448,0.84467,1337.0
2024-06-18 00:45:00,FX:EURGBP,0.84467,0.84476,0.84457,0.84472,1384.0
2024-06-18 01:00:00,FX:EURGBP,0.84472,0.84501,0.84466,0.84498,1672.0
2024-06-18 01:15:00,FX:EURGBP,0.84498,0.84521,0.84492,0.84517,2170.0
2024-06-18 01:30:00,FX:EURGBP,0.84517,0.84537,0.84506,0.84536,1533.0
2024-06-18 01:45:00,FX:EURGBP,0.84536,0.84546,0.84493,0.84502,2346.0
2024-06-18 02:00:00,FX:EURGBP,0.84502,0.84527,0.84498,0.84519,2186.0
2024-06-18 02:15:00,FX:EURGBP,0.84519,0.84564,0.84504,0.84558,2248.0
2024-06-18 02:30:00,FX:EURGBP,0.84558,0.84587,0.84553,0.84585,2485.0
2024-06-18 02:45:00,FX:EURGBP,0.84585,0.8459099999999999,0.84573,0.84573,1937.0
2024-06-18 03:00:00,FX:EURGBP,0.84573,0.84585,0.84557,0.84565,2016.0
2024-06-18 03:15:00,FX:EURGBP,0.84565,0.8456899999999999,0.84527,0.8454699999999999,2257.0
2024-06-18 03:30:00,FX:EURGBP,0.8454699999999999,0.84564,0.84531,0.84563,1711.0
2024-06-18 03:45:00,FX:EURGBP,0.84563,0.8456899999999999,0.84529,0.8453499999999999,1897.0
2024-06-18 04:00:00,FX:EURGBP,0.8453499999999999,0.84543,0.84497,0.84522,2891.0
2024-06-18 04:15:00,FX:EURGBP,0.84522,0.8453499999999999,0.84504,0.84505,1965.0
2024-06-18 04:30:00,FX:EURGBP,0.84505,0.84537,0.84499,0.84526,1857.0
2024-06-18 04:45:00,FX:EURGBP,0.84526,0.84551,0.84498,0.84507,1698.0
2024-06-18 05:00:00,FX:EURGBP,0.84507,0.84523,0.84499,0.84505,1528.0
2024-06-18 05:15:00,FX:EURGBP,0.84505,0.84523,0.84458,0.84468,1351.0
2024-06-18 05:30:00,FX:EURGBP,0.84468,0.8452,0.84468,0.84516,1579.0
2024-06-18 05:45:00,FX:EURGBP,0.84516,0.84517,0.84459,0.84468,1815.0
2024-06-18 06:00:00,FX:EURGBP,0.84468,0.84473,0.84448,0.84461,1498.0
2024-06-18 06:15:00,FX:EURGBP,0.84461,0.84466,0.84442,0.84466,1833.0
2024-06-18 06:30:00,FX:EURGBP,0.84466,0.84511,0.84465,0.84505,1763.0
2024-06-18 06:45:00,FX:EURGBP,0.84505,0.84559,0.84498,0.8455,1924.0
2024-06-18 07:00:00,FX:EURGBP,0.8455,0.84562,0.8452,0.84522,1969.0
2024-06-18 07:15:00,FX:EURGBP,0.84522,0.84564,0.84517,0.84517,1920.0
2024-06-18 07:30:00,FX:EURGBP,0.84517,0.8459599999999999,0.845,0.84571,6369.0
2024-06-18 07:45:00,FX:EURGBP,0.84571,0.84587,0.8454,0.84555,3286.0
2024-06-18 08:00:00,FX:EURGBP,0.84555,0.84573,0.84516,0.84522,2310.0
2024-06-18 08:15:00,FX:EURGBP,0.84522,0.8455,0.84516,0.84541,2400.0
2024-06-18 08:30:00,FX:EURGBP,0.84541,0.84542,0.84505,0.84526,2986.0
2024-06-18 08:45:00,FX:EURGBP,0.84526,0.84559,0.84525,0.84537,2782.0
2024-06-18 09:00:00,FX:EURGBP,0.84537,0.84562,0.84497,0.84559,2582.0
2024-06-18 09:15:00,FX:EURGBP,0.84559,0.84599,0.84539,0.8459099999999999,3319.0
2024-06-18 09:30:00,FX:EURGBP,0.8459099999999999,0.84599,0.84558,0.84581,2574.0
2024-06-18 09:45:00,FX:EURGBP,0.84581,0.84629,0.84579,0.84624,3389.0
2024-06-18 10:00:00,FX:EURGBP,0.84624,0.84645,0.84606,0.84624,2899.0
2024-06-18 10:15:00,FX:EURGBP,0.84624,0.8463499999999999,0.84607,0.84619,2409.0
2024-06-18 10:30:00,FX:EURGBP,0.84619,0.84627,0.84576,0.84604,2202.0
2024-06-18 10:45:00,FX:EURGBP,0.84604,0.84605,0.84583,0.84584,2100.0
2024-06-18 11:00:00,FX:EURGBP,0.84584,0.8460799999999999,0.84572,0.84585,1833.0
2024-06-18 11:15:00,FX:EURGBP,0.84585,0.84589,0.8456899999999999,0.84571,1528.0
2024-06-18 11:30:00,FX:EURGBP,0.84571,0.84576,0.84554,0.84567,1492.0
2024-06-18 11:45:00,FX:EURGBP,0.84567,0.84571,0.84539,0.84546,1733.0
2024-06-18 12:00:00,FX:EURGBP,0.84546,0.84548,0.84529,0.8452999999999999,1960.0
2024-06-18 12:15:00,FX:EURGBP,0.8452999999999999,0.84538,0.84511,0.84529,1554.0
2024-06-18 12:30:00,FX:EURGBP,0.84529,0.84529,0.84504,0.84505,1216.0
2024-06-18 12:45:00,FX:EURGBP,0.84505,0.84519,0.84504,0.84505,1253.0
2024-06-18 13:00:00,FX:EURGBP,0.84505,0.84509,0.8449,0.84506,1410.0
2024-06-18 13:15:00,FX:EURGBP,0.84506,0.84509,0.8449099999999999,0.84498,1092.0
2024-06-18 13:30:00,FX:EURGBP,0.84498,0.84507,0.84492,0.84498,1314.0
2024-06-18 13:45:00,FX:EURGBP,0.84498,0.8451299999999999,0.84493,0.84503,1134.0
2024-06-18 14:00:00,FX:EURGBP,0.84503,0.84505,0.84488,0.84502,1209.0
2024-06-18 14:15:00,FX:EURGBP,0.84502,0.84509,0.84498,0.84499,994.0
2024-06-18 14:30:00,FX:EURGBP,0.84499,0.845,0.8449099999999999,0.84493,549.0
2024-06-18 14:45:00,FX:EURGBP,0.84493,0.84507,0.8449,0.84501,1156.0
2024-06-18 15:00:00,FX:EURGBP,0.84501,0.84505,0.84493,0.84502,380.0
2024-06-18 15:15:00,FX:EURGBP,0.84502,0.84504,0.84497,0.84504,250.0
2024-06-18 15:30:00,FX:EURGBP,0.84504,0.84506,0.84497,0.84501,255.0
2024-06-18 15:45:00,FX:EURGBP,0.84501,0.84507,0.84496,0.84503,222.0
2024-06-18 16:00:00,FX:EURGBP,0.84503,0.84503,0.84414,0.84485,355.0
2024-06-18 16:15:00,FX:EURGBP,0.84485,0.84493,0.84455,0.84493,496.0
2024-06-18 16:30:00,FX:EURGBP,0.84493,0.84507,0.84488,0.84501,1126.0
2024-06-18 16:45:00,FX:EURGBP,0.84501,0.84509,0.8448599999999999,0.84498,1672.0
2024-06-18 17:00:00,FX:EURGBP,0.84498,0.84503,0.84487,0.84497,258.0
2024-06-18 17:15:00,FX:EURGBP,0.84497,0.84503,0.84495,0.84502,142.0
2024-06-18 17:30:00,FX:EURGBP,0.84502,0.84506,0.84497,0.84503,176.0
2024-06-18 17:45:00,FX:EURGBP,0.84503,0.84505,0.84502,0.84504,61.0
2024-06-18 18:00:00,FX:EURGBP,0.84504,0.84509,0.84499,0.84504,179.0
2024-06-18 18:15:00,FX:EURGBP,0.84504,0.8451,0.84499,0.8450799999999999,327.0
2024-06-18 18:30:00,FX:EURGBP,0.8450799999999999,0.84515,0.84503,0.84512,409.0
2024-06-18 18:45:00,FX:EURGBP,0.84512,0.84514,0.84505,0.8450799999999999,340.0
2024-06-18 19:00:00,FX:EURGBP,0.8450799999999999,0.84516,0.84507,0.8451299999999999,530.0
2024-06-18 19:15:00,FX:EURGBP,0.8451299999999999,0.84517,0.8451,0.84514,651.0
2024-06-18 19:30:00,FX:EURGBP,0.84514,0.84524,0.84512,0.8452,645.0
2024-06-18 19:45:00,FX:EURGBP,0.8452,0.84523,0.84514,0.84518,724.0
2024-06-18 20:00:00,FX:EURGBP,0.84518,0.84525,0.84499,0.84502,1078.0
2024-06-18 20:15:00,FX:EURGBP,0.84502,0.84503,0.84496,0.845,995.0
2024-06-18 20:30:00,FX:EURGBP,0.845,0.84502,0.84495,0.84497,641.0
2024-06-18 20:45:00,FX:EURGBP,0.84497,0.84502,0.84495,0.84497,646.0
2024-06-18 21:00:00,FX:EURGBP,0.84497,0.84501,0.84493,0.84493,718.0
2024-06-18 21:15:00,FX:EURGBP,0.84493,0.84496,0.84489,0.8449099999999999,602.0
2024-06-18 21:30:00,FX:EURGBP,0.8449099999999999,0.84497,0.8448599999999999,0.84488,612.0
2024-06-18 21:45:00,FX:EURGBP,0.84488,0.84488,0.8448,0.84482,594.0
2024-06-18 22:00:00,FX:EURGBP,0.84482,0.84485,0.84479,0.84484,479.0
2024-06-18 22:15:00,FX:EURGBP,0.84484,0.84487,0.84477,0.84481,870.0
2024-06-18 22:30:00,FX:EURGBP,0.84481,0.8449,0.8448,0.84489,461.0
2024-06-18 22:45:00,FX:EURGBP,0.84489,0.84493,0.84487,0.84493,247.0
2024-06-18 23:00:00,FX:EURGBP,0.84493,0.84502,0.84493,0.84497,374.0
2024-06-18 23:15:00,FX:EURGBP,0.84497,0.84498,0.84489,0.84498,709.0
2024-06-18 23:30:00,FX:EURGBP,0.84498,0.84499,0.84493,0.84495,192.0
2024-06-18 23:45:00,FX:EURGBP,0.84495,0.84497,0.8449099999999999,0.84494,746.0
2024-06-19 00:00:00,FX:EURGBP,0.84494,0.84497,0.8448599999999999,0.84493,868.0
2024-06-19 00:15:00,FX:EURGBP,0.84493,0.84493,0.84478,0.8448,892.0
2024-06-19 00:30:00,FX:EURGBP,0.8448,0.84485,0.8447,0.84479,945.0
2024-06-19 00:45:00,FX:EURGBP,0.84479,0.84546,0.84479,0.8451299999999999,1241.0
2024-06-19 01:00:00,FX:EURGBP,0.8451299999999999,0.84519,0.8436899999999999,0.84438,5094.0
2024-06-19 01:15:00,FX:EURGBP,0.84438,0.84463,0.84436,0.84451,2343.0
2024-06-19 01:30:00,FX:EURGBP,0.84451,0.8445199999999999,0.84307,0.8432499999999999,3372.0
2024-06-19 01:45:00,FX:EURGBP,0.8432499999999999,0.84334,0.84298,0.84327,2664.0
2024-06-19 02:00:00,FX:EURGBP,0.84327,0.8436,0.84303,0.8434699999999999,2874.0
2024-06-19 02:15:00,FX:EURGBP,0.8434699999999999,0.84349,0.8431299999999999,0.84331,3186.0
2024-06-19 02:30:00,FX:EURGBP,0.84331,0.84342,0.84312,0.84331,2478.0
2024-06-19 02:45:00,FX:EURGBP,0.84331,0.8436899999999999,0.84323,0.84357,2313.0
2024-06-19 03:00:00,FX:EURGBP,0.84357,0.8436899999999999,0.8435,0.8436,2746.0
2024-06-19 03:15:00,FX:EURGBP,0.8436,0.84367,0.84322,0.84351,2479.0
2024-06-19 03:30:00,FX:EURGBP,0.84351,0.84379,0.8435,0.84367,2387.0
2024-06-19 03:45:00,FX:EURGBP,0.84367,0.84377,0.84343,0.84351,2051.0
2024-06-19 04:00:00,FX:EURGBP,0.84351,0.84366,0.84327,0.84331,2287.0
2024-06-19 04:15:00,FX:EURGBP,0.84331,0.84367,0.8432999999999999,0.84355,2153.0
2024-06-19 04:30:00,FX:EURGBP,0.84355,0.84365,0.8432,0.84327,2048.0
2024-06-19 04:45:00,FX:EURGBP,0.84327,0.84343,0.84314,0.84338,1808.0
2024-06-19 05:00:00,FX:EURGBP,0.84338,0.84363,0.8432999999999999,0.84355,1986.0
2024-06-19 05:15:00,FX:EURGBP,0.84355,0.84388,0.84348,0.84382,1630.0
2024-06-19 05:30:00,FX:EURGBP,0.84382,0.84398,0.84344,0.84349,2122.0
2024-06-19 05:45:00,FX:EURGBP,0.84349,0.84414,0.8434699999999999,0.84411,2897.0
2024-06-19 06:00:00,FX:EURGBP,0.84411,0.84461,0.84407,0.84448,2242.0
2024-06-19 06:15:00,FX:EURGBP,0.84448,0.8445199999999999,0.84437,0.84446,1579.0
2024-06-19 06:30:00,FX:EURGBP,0.84446,0.8444699999999999,0.84412,0.84416,1444.0
2024-06-19 06:45:00,FX:EURGBP,0.84416,0.8445199999999999,0.84415,0.84433,1875.0
2024-06-19 07:00:00,FX:EURGBP,0.84433,0.84463,0.84428,0.84462,1759.0
2024-06-19 07:15:00,FX:EURGBP,0.84462,0.84464,0.84418,0.84423,1757.0
2024-06-19 07:30:00,FX:EURGBP,0.84423,0.84454,0.84421,0.84451,1808.0
2024-06-19 07:45:00,FX:EURGBP,0.84451,0.8451,0.8445,0.84481,1535.0
2024-06-19 08:00:00,FX:EURGBP,0.84481,0.84493,0.84456,0.84483,1575.0
2024-06-19 08:15:00,FX:EURGBP,0.84483,0.84483,0.84449,0.84453,1354.0
2024-06-19 08:30:00,FX:EURGBP,0.84453,0.84462,0.84445,0.84445,1155.0
2024-06-19 08:45:00,FX:EURGBP,0.84445,0.84462,0.84444,0.84449,946.0
2024-06-19 09:00:00,FX:EURGBP,0.84449,0.84455,0.84431,0.84445,1209.0
2024-06-19 09:15:00,FX:EURGBP,0.84445,0.84464,0.84444,0.84459,900.0
2024-06-19 09:30:00,FX:EURGBP,0.84459,0.8446,0.84437,0.84443,1011.0
2024-06-19 09:45:00,FX:EURGBP,0.84443,0.8445199999999999,0.84417,0.84427,1632.0
2024-06-19 10:00:00,FX:EURGBP,0.84427,0.84444,0.84424,0.84433,1307.0
2024-06-19 10:15:00,FX:EURGBP,0.84433,0.8444,0.84418,0.84433,1026.0
2024-06-19 10:30:00,FX:EURGBP,0.84433,0.84458,0.84432,0.84457,364.0
2024-06-19 10:45:00,FX:EURGBP,0.84457,0.84488,0.84457,0.84483,908.0
2024-06-19 11:00:00,FX:EURGBP,0.84483,0.84483,0.84467,0.84471,803.0
2024-06-19 11:15:00,FX:EURGBP,0.84471,0.84471,0.84462,0.84465,744.0
2024-06-19 11:30:00,FX:EURGBP,0.84465,0.84475,0.84463,0.8447399999999999,517.0
2024-06-19 11:45:00,FX:EURGBP,0.8447399999999999,0.84488,0.8447399999999999,0.84485,720.0
2024-06-19 12:00:00,FX:EURGBP,0.84485,0.8449,0.84475,0.84478,586.0
2024-06-19 12:15:00,FX:EURGBP,0.84478,0.84485,0.84476,0.84483,302.0
2024-06-19 12:30:00,FX:EURGBP,0.84483,0.8449,0.84479,0.84488,571.0
2024-06-19 12:45:00,FX:EURGBP,0.84488,0.84495,0.84487,0.84488,213.0
2024-06-19 13:00:00,FX:EURGBP,0.84488,0.84498,0.84487,0.84494,419.0
2024-06-19 13:15:00,FX:EURGBP,0.84494,0.84495,0.8449099999999999,0.84492,348.0
2024-06-19 13:30:00,FX:EURGBP,0.84492,0.84494,0.84484,0.84487,279.0
2024-06-19 13:45:00,FX:EURGBP,0.84487,0.8449099999999999,0.8447399999999999,0.84475,267.0
2024-06-19 14:00:00,FX:EURGBP,0.84475,0.84481,0.84464,0.8448,422.0
2024-06-19 14:15:00,FX:EURGBP,0.8448,0.84484,0.84477,0.84483,243.0
2024-06-19 14:30:00,FX:EURGBP,0.84483,0.8448599999999999,0.8448,0.8448,163.0
2024-06-19 14:45:00,FX:EURGBP,0.8448,0.84484,0.84477,0.84482,315.0
2024-06-19 15:00:00,FX:EURGBP,0.84482,0.8449,0.84482,0.8449,138.0
2024-06-19 15:15:00,FX:EURGBP,0.8449,0.8449,0.84473,0.84473,268.0
2024-06-19 15:30:00,FX:EURGBP,0.84473,0.84475,0.8446899999999999,0.84472,173.0
2024-06-19 15:45:00,FX:EURGBP,0.84472,0.8447399999999999,0.8441299999999999,0.8441299999999999,160.0
2024-06-19 16:00:00,FX:EURGBP,0.8441299999999999,0.84443,0.8439099999999999,0.84434,201.0
2024-06-19 16:15:00,FX:EURGBP,0.84434,0.84462,0.84398,0.84456,285.0
2024-06-19 16:30:00,FX:EURGBP,0.84456,0.84465,0.84449,0.84461,235.0
2024-06-19 16:45:00,FX:EURGBP,0.84461,0.84472,0.84441,0.84451,1258.0
2024-06-19 17:00:00,FX:EURGBP,0.84451,0.84471,0.84444,0.84467,784.0
2024-06-19 17:15:00,FX:EURGBP,0.84467,0.8446899999999999,0.84464,0.84467,73.0
2024-06-19 17:30:00,FX:EURGBP,0.84467,0.84482,0.84467,0.8448,234.0
2024-06-19 17:45:00,FX:EURGBP,0.8448,0.84481,0.84466,0.84476,351.0
2024-06-19 18:00:00,FX:EURGBP,0.84476,0.84481,0.84473,0.84479,216.0
2024-06-19 18:15:00,FX:EURGBP,0.84479,0.84494,0.84479,0.8449,440.0
2024-06-19 18:30:00,FX:EURGBP,0.8449,0.84495,0.84487,0.84488,399.0
2024-06-19 18:45:00,FX:EURGBP,0.84488,0.8449099999999999,0.84482,0.84487,643.0
2024-06-19 19:00:00,FX:EURGBP,0.84487,0.84516,0.84482,0.84509,967.0
2024-06-19 19:15:00,FX:EURGBP,0.84509,0.8452,0.84506,0.84514,867.0
2024-06-19 19:30:00,FX:EURGBP,0.84514,0.84516,0.84503,0.8451,564.0
2024-06-19 19:45:00,FX:EURGBP,0.8451,0.84518,0.84505,0.8451,1127.0
2024-06-19 20:00:00,FX:EURGBP,0.8451,0.84511,0.84498,0.8450799999999999,738.0
2024-06-19 20:15:00,FX:EURGBP,0.8450799999999999,0.84527,0.8449099999999999,0.84525,903.0
2024-06-19 20:30:00,FX:EURGBP,0.84525,0.84526,0.84497,0.8451,1137.0
2024-06-19 20:45:00,FX:EURGBP,0.8451,0.8451299999999999,0.84498,0.84506,729.0
2024-06-19 21:00:00,FX:EURGBP,0.84506,0.84507,0.84496,0.84506,756.0
2024-06-19 21:15:00,FX:EURGBP,0.84506,0.84507,0.84496,0.84498,863.0
2024-06-19 21:30:00,FX:EURGBP,0.84498,0.84501,0.84484,0.8448599999999999,775.0
2024-06-19 21:45:00,FX:EURGBP,0.8448599999999999,0.8449,0.84476,0.84477,825.0
2024-06-19 22:00:00,FX:EURGBP,0.84477,0.84481,0.8447399999999999,0.84476,553.0
2024-06-19 22:15:00,FX:EURGBP,0.84476,0.84483,0.84473,0.84477,244.0
2024-06-19 22:30:00,FX:EURGBP,0.84477,0.8448599999999999,0.84476,0.84485,430.0
2024-06-19 22:45:00,FX:EURGBP,0.84485,0.84485,0.84476,0.84478,710.0
2024-06-19 23:00:00,FX:EURGBP,0.84478,0.84483,0.84475,0.84482,565.0
2024-06-19 23:15:00,FX:EURGBP,0.84482,0.84489,0.84477,0.8448599999999999,675.0
2024-06-19 23:30:00,FX:EURGBP,0.8448599999999999,0.84492,0.84485,0.84488,611.0
2024-06-19 23:45:00,FX:EURGBP,0.84488,0.84499,0.84487,0.84494,723.0
2024-06-20 00:00:00,FX:EURGBP,0.84494,0.84499,0.84488,0.84497,652.0
2024-06-20 00:15:00,FX:EURGBP,0.84497,0.84502,0.8449099999999999,0.84492,549.0
2024-06-20 00:30:00,FX:EURGBP,0.84492,0.84505,0.84487,0.84492,907.0
2024-06-20 00:45:00,FX:EURGBP,0.84492,0.84497,0.84476,0.8448,974.0
2024-06-20 01:00:00,FX:EURGBP,0.8448,0.84488,0.84464,0.84467,1983.0
2024-06-20 01:15:00,FX:EURGBP,0.84467,0.84487,0.8446,0.84484,1682.0
2024-06-20 01:30:00,FX:EURGBP,0.84484,0.84504,0.84471,0.84473,1562.0
2024-06-20 01:45:00,FX:EURGBP,0.84473,0.84484,0.84461,0.84462,1264.0
2024-06-20 02:00:00,FX:EURGBP,0.84462,0.84467,0.84412,0.84415,1715.0
2024-06-20 02:15:00,FX:EURGBP,0.84415,0.84436,0.84414,0.84428,1216.0
2024-06-20 02:30:00,FX:EURGBP,0.84428,0.84453,0.84406,0.84406,2768.0
2024-06-20 02:45:00,FX:EURGBP,0.84406,0.84425,0.84392,0.84398,1809.0
2024-06-20 03:00:00,FX:EURGBP,0.84398,0.84401,0.84366,0.84393,1724.0
2024-06-20 03:15:00,FX:EURGBP,0.84393,0.84394,0.84343,0.84365,2233.0
2024-06-20 03:30:00,FX:EURGBP,0.84365,0.84394,0.84363,0.84364,1810.0
2024-06-20 03:45:00,FX:EURGBP,0.84364,0.8441299999999999,0.84362,0.84402,1942.0
2024-06-20 04:00:00,FX:EURGBP,0.84402,0.84434,0.84401,0.84425,2196.0
2024-06-20 04:15:00,FX:EURGBP,0.84425,0.84428,0.8437399999999999,0.84383,1689.0
2024-06-20 04:30:00,FX:EURGBP,0.84383,0.84424,0.84382,0.84424,1290.0
2024-06-20 04:45:00,FX:EURGBP,0.84424,0.84439,0.84404,0.8441,1538.0
2024-06-20 05:00:00,FX:EURGBP,0.8441,0.84456,0.8440799999999999,0.84432,1242.0
2024-06-20 05:15:00,FX:EURGBP,0.84432,0.84443,0.84423,0.84428,1427.0
2024-06-20 05:30:00,FX:EURGBP,0.84428,0.84453,0.84426,0.8444699999999999,1465.0
2024-06-20 05:45:00,FX:EURGBP,0.8444699999999999,0.8447,0.8442999999999999,0.84445,1516.0
2024-06-20 06:00:00,FX:EURGBP,0.84445,0.84607,0.84439,0.84537,5675.0
2024-06-20 06:15:00,FX:EURGBP,0.84537,0.8457399999999999,0.84525,0.84546,2710.0
2024-06-20 06:30:00,FX:EURGBP,0.84546,0.8455199999999999,0.845,0.84524,2533.0
2024-06-20 06:45:00,FX:EURGBP,0.84524,0.84557,0.84493,0.84495,2789.0
2024-06-20 07:00:00,FX:EURGBP,0.84495,0.84522,0.84488,0.845,2987.0
2024-06-20 07:15:00,FX:EURGBP,0.845,0.84543,0.84493,0.84537,2645.0
2024-06-20 07:30:00,FX:EURGBP,0.84537,0.84551,0.84517,0.84544,4728.0
2024-06-20 07:45:00,FX:EURGBP,0.84544,0.84578,0.84544,0.84549,3269.0
2024-06-20 08:00:00,FX:EURGBP,0.84549,0.8456899999999999,0.84531,0.84543,2686.0
2024-06-20 08:15:00,FX:EURGBP,0.84543,0.8456,0.84541,0.84548,2120.0
2024-06-20 08:30:00,FX:EURGBP,0.84548,0.84587,0.84548,0.84577,2827.0
2024-06-20 08:45:00,FX:EURGBP,0.84577,0.84606,0.84573,0.84597,2382.0
2024-06-20 09:00:00,FX:EURGBP,0.84597,0.84609,0.84578,0.84578,2082.0
2024-06-20 09:15:00,FX:EURGBP,0.84578,0.84606,0.84551,0.84605,2046.0
2024-06-20 09:30:00,FX:EURGBP,0.84605,0.84609,0.84571,0.84579,1822.0
2024-06-20 09:45:00,FX:EURGBP,0.84579,0.84585,0.84517,0.84522,2439.0
2024-06-20 10:00:00,FX:EURGBP,0.84522,0.84537,0.84502,0.84516,2345.0
2024-06-20 10:15:00,FX:EURGBP,0.84516,0.8454,0.84516,0.84537,2473.0
2024-06-20 10:30:00,FX:EURGBP,0.84537,0.84565,0.84537,0.84544,1732.0
2024-06-20 10:45:00,FX:EURGBP,0.84544,0.84546,0.84518,0.84523,1925.0
2024-06-20 11:00:00,FX:EURGBP,0.84523,0.84567,0.84519,0.8455199999999999,1818.0
2024-06-20 11:15:00,FX:EURGBP,0.8455199999999999,0.84565,0.8454699999999999,0.84561,1737.0
2024-06-20 11:30:00,FX:EURGBP,0.84561,0.84565,0.84539,0.84544,2097.0
2024-06-20 11:45:00,FX:EURGBP,0.84544,0.84575,0.84544,0.84551,1733.0
2024-06-20 12:00:00,FX:EURGBP,0.84551,0.84563,0.84548,0.8456,1996.0
2024-06-20 12:15:00,FX:EURGBP,0.8456,0.84566,0.8455,0.84559,1907.0
2024-06-20 12:30:00,FX:EURGBP,0.84559,0.8456,0.8454699999999999,0.84555,1871.0
2024-06-20 12:45:00,FX:EURGBP,0.84555,0.84559,0.8453499999999999,0.84539,1503.0
2024-06-20 13:00:00,FX:EURGBP,0.84539,0.8454,0.84512,0.8451299999999999,1560.0
2024-06-20 13:15:00,FX:EURGBP,0.8451299999999999,0.84514,0.84501,0.8450799999999999,1272.0
2024-06-20 13:30:00,FX:EURGBP,0.8450799999999999,0.84521,0.84507,0.84515,1579.0
2024-06-20 13:45:00,FX:EURGBP,0.84515,0.84533,0.84507,0.84528,1450.0
2024-06-20 14:00:00,FX:EURGBP,0.84528,0.84537,0.84522,0.84527,1472.0
2024-06-20 14:15:00,FX:EURGBP,0.84527,0.84537,0.84525,0.84536,1371.0
2024-06-20 14:30:00,FX:EURGBP,0.84536,0.84551,0.8452999999999999,0.84534,1497.0
2024-06-20 14:45:00,FX:EURGBP,0.84534,0.8455,0.84528,0.84536,1618.0
2024-06-20 15:00:00,FX:EURGBP,0.84536,0.84541,0.84528,0.84532,574.0
2024-06-20 15:15:00,FX:EURGBP,0.84532,0.84553,0.84527,0.84549,453.0
2024-06-20 15:30:00,FX:EURGBP,0.84549,0.84571,0.84548,0.8455,618.0
2024-06-20 15:45:00,FX:EURGBP,0.8455,0.84563,0.84537,0.8455,583.0
2024-06-20 16:00:00,FX:EURGBP,0.8455,0.84551,0.84492,0.84522,106.0
2024-06-20 16:15:00,FX:EURGBP,0.84522,0.8454699999999999,0.84499,0.84532,388.0
2024-06-20 16:30:00,FX:EURGBP,0.84532,0.84557,0.84528,0.8455199999999999,1989.0
2024-06-20 16:45:00,FX:EURGBP,0.8455199999999999,0.8456,0.84546,0.84549,574.0
2024-06-20 17:00:00,FX:EURGBP,0.84549,0.84557,0.84543,0.84545,343.0
2024-06-20 17:15:00,FX:EURGBP,0.84545,0.8455,0.84541,0.84545,175.0
2024-06-20 17:30:00,FX:EURGBP,0.84545,0.8455199999999999,0.84543,0.8455,188.0
2024-06-20 17:45:00,FX:EURGBP,0.8455,0.8455199999999999,0.84546,0.84551,156.0
2024-06-20 18:00:00,FX:EURGBP,0.84551,0.84564,0.84549,0.84561,353.0
2024-06-20 18:15:00,FX:EURGBP,0.84561,0.84568,0.84561,0.84561,232.0
2024-06-20 18:30:00,FX:EURGBP,0.84561,0.84567,0.84557,0.84563,203.0
2024-06-20 18:45:00,FX:EURGBP,0.84563,0.84573,0.84562,0.84567,161.0
2024-06-20 19:00:00,FX:EURGBP,0.84567,0.84573,0.84561,0.84571,482.0
2024-06-20 19:15:00,FX:EURGBP,0.84571,0.84589,0.84571,0.84587,476.0
2024-06-20 19:30:00,FX:EURGBP,0.84587,0.8459,0.84585,0.84589,515.0
2024-06-20 19:45:00,FX:EURGBP,0.84589,0.84598,0.84585,0.84597,455.0
2024-06-20 20:00:00,FX:EURGBP,0.84597,0.84601,0.84587,0.84588,483.0
2024-06-20 20:15:00,FX:EURGBP,0.84588,0.84598,0.84588,0.84595,670.0
2024-06-20 20:30:00,FX:EURGBP,0.84595,0.846,0.84592,0.84597,493.0
2024-06-20 20:45:00,FX:EURGBP,0.84597,0.84612,0.84595,0.84607,609.0
2024-06-20 21:00:00,FX:EURGBP,0.84607,0.84616,0.84607,0.84614,429.0
2024-06-20 21:15:00,FX:EURGBP,0.84614,0.84615,0.84604,0.84614,338.0
2024-06-20 21:30:00,FX:EURGBP,0.84614,0.8462999999999999,0.8461299999999999,0.84622,607.0
2024-06-20 21:45:00,FX:EURGBP,0.84622,0.84642,0.84618,0.8464,653.0
2024-06-20 22:00:00,FX:EURGBP,0.8464,0.8464,0.84624,0.84633,441.0
2024-06-20 22:15:00,FX:EURGBP,0.84633,0.84644,0.84628,0.84641,389.0
2024-06-20 22:30:00,FX:EURGBP,0.84641,0.84643,0.84639,0.84642,242.0
2024-06-20 22:45:00,FX:EURGBP,0.84642,0.84643,0.84639,0.84642,260.0
2024-06-20 23:00:00,FX:EURGBP,0.84642,0.84643,0.84637,0.84642,165.0
2024-06-20 23:15:00,FX:EURGBP,0.84642,0.84642,0.84639,0.84641,221.0
2024-06-20 23:30:00,FX:EURGBP,0.84641,0.84644,0.84639,0.8464,441.0
2024-06-20 23:45:00,FX:EURGBP,0.8464,0.8465199999999999,0.84636,0.84651,408.0
2024-06-21 00:00:00,FX:EURGBP,0.84651,0.84653,0.84646,0.84649,344.0
2024-06-21 00:15:00,FX:EURGBP,0.84649,0.8465199999999999,0.84643,0.84646,289.0
2024-06-21 00:30:00,FX:EURGBP,0.84646,0.84647,0.84631,0.84633,475.0
2024-06-21 00:45:00,FX:EURGBP,0.84633,0.84642,0.84625,0.84628,742.0
2024-06-21 01:00:00,FX:EURGBP,0.84628,0.8464,0.84549,0.84628,2948.0
2024-06-21 01:15:00,FX:EURGBP,0.84628,0.84645,0.84627,0.84636,1422.0
2024-06-21 01:30:00,FX:EURGBP,0.84636,0.84637,0.8460799999999999,0.84622,1428.0
2024-06-21 01:45:00,FX:EURGBP,0.84622,0.84636,0.84599,0.84626,1153.0
2024-06-21 02:00:00,FX:EURGBP,0.84626,0.84644,0.8461,0.84627,1696.0
2024-06-21 02:15:00,FX:EURGBP,0.84627,0.84627,0.84543,0.84563,2474.0
2024-06-21 02:30:00,FX:EURGBP,0.84563,0.84564,0.84427,0.8445199999999999,5254.0
2024-06-21 02:45:00,FX:EURGBP,0.8445199999999999,0.84503,0.8444,0.84457,2620.0
2024-06-21 03:00:00,FX:EURGBP,0.84457,0.84483,0.84441,0.84482,2732.0
2024-06-21 03:15:00,FX:EURGBP,0.84482,0.84496,0.8443499999999999,0.84438,2296.0
2024-06-21 03:30:00,FX:EURGBP,0.84438,0.84548,0.84438,0.84472,3412.0
2024-06-21 03:45:00,FX:EURGBP,0.84472,0.84495,0.84441,0.84487,2131.0
2024-06-21 04:00:00,FX:EURGBP,0.84487,0.84505,0.84443,0.84467,2141.0
2024-06-21 04:15:00,FX:EURGBP,0.84467,0.84487,0.84448,0.84454,1597.0
2024-06-21 04:30:00,FX:EURGBP,0.84454,0.84507,0.84443,0.84505,1695.0
2024-06-21 04:45:00,FX:EURGBP,0.84505,0.84561,0.84504,0.84549,1506.0
2024-06-21 05:00:00,FX:EURGBP,0.84549,0.84573,0.8454699999999999,0.84562,1931.0
2024-06-21 05:15:00,FX:EURGBP,0.84562,0.84563,0.8451,0.8454699999999999,1646.0
2024-06-21 05:30:00,FX:EURGBP,0.8454699999999999,0.84565,0.84504,0.8452999999999999,1920.0
2024-06-21 05:45:00,FX:EURGBP,0.8452999999999999,0.84556,0.84507,0.84553,2226.0
2024-06-21 06:00:00,FX:EURGBP,0.84553,0.84563,0.84528,0.84554,2150.0
2024-06-21 06:15:00,FX:EURGBP,0.84554,0.8458,0.8455199999999999,0.84578,1554.0
2024-06-21 06:30:00,FX:EURGBP,0.84578,0.84592,0.84566,0.84566,1441.0
2024-06-21 06:45:00,FX:EURGBP,0.84566,0.8457,0.84521,0.84543,2368.0
2024-06-21 07:00:00,FX:EURGBP,0.84543,0.84557,0.84511,0.84518,1819.0
2024-06-21 07:15:00,FX:EURGBP,0.84518,0.8455199999999999,0.84512,0.84551,1416.0
2024-06-21 07:30:00,FX:EURGBP,0.84551,0.84593,0.84543,0.84582,1523.0
2024-06-21 07:45:00,FX:EURGBP,0.84582,0.8459,0.84534,0.8455,1294.0
2024-06-21 08:00:00,FX:EURGBP,0.8455,0.84595,0.8455,0.84577,1512.0
2024-06-21 08:15:00,FX:EURGBP,0.84577,0.84582,0.8456,0.84571,1692.0
2024-06-21 08:30:00,FX:EURGBP,0.84571,0.84598,0.84566,0.84577,1535.0
2024-06-21 08:45:00,FX:EURGBP,0.84577,0.84634,0.84515,0.84565,3682.0
2024-06-21 09:00:00,FX:EURGBP,0.84565,0.84597,0.84556,0.84582,3080.0
2024-06-21 09:15:00,FX:EURGBP,0.84582,0.84631,0.84579,0.8462,1827.0
2024-06-21 09:30:00,FX:EURGBP,0.8462,0.84623,0.84595,0.84598,1310.0
2024-06-21 09:45:00,FX:EURGBP,0.84598,0.8462,0.84584,0.84601,2487.0
2024-06-21 10:00:00,FX:EURGBP,0.84601,0.84612,0.84588,0.84605,2340.0
2024-06-21 10:15:00,FX:EURGBP,0.84605,0.84633,0.84603,0.84622,1543.0
2024-06-21 10:30:00,FX:EURGBP,0.84622,0.84626,0.84586,0.8459099999999999,1351.0
2024-06-21 10:45:00,FX:EURGBP,0.8459099999999999,0.8461299999999999,0.84583,0.84585,1236.0
2024-06-21 11:00:00,FX:EURGBP,0.84585,0.84628,0.84585,0.846,1241.0
2024-06-21 11:15:00,FX:EURGBP,0.846,0.84601,0.84576,0.84581,913.0
2024-06-21 11:30:00,FX:EURGBP,0.84581,0.84593,0.84573,0.84575,622.0
2024-06-21 11:45:00,FX:EURGBP,0.84575,0.84597,0.84558,0.8459599999999999,858.0
2024-06-21 12:00:00,FX:EURGBP,0.8459599999999999,0.84602,0.8459,0.84595,748.0
2024-06-21 12:15:00,FX:EURGBP,0.84595,0.84618,0.84595,0.84618,567.0
2024-06-21 12:30:00,FX:EURGBP,0.84618,0.84618,0.84586,0.84588,642.0
2024-06-21 12:45:00,FX:EURGBP,0.84588,0.84609,0.8458,0.8459,752.0
2024-06-21 13:00:00,FX:EURGBP,0.8459,0.8459599999999999,0.84583,0.8459099999999999,762.0
2024-06-21 13:15:00,FX:EURGBP,0.8459099999999999,0.84597,0.84586,0.84586,560.0
2024-06-21 13:30:00,FX:EURGBP,0.84586,0.84589,0.8457399999999999,0.84575,549.0
2024-06-21 13:45:00,FX:EURGBP,0.84575,0.8458,0.84554,0.84562,598.0
2024-06-21 14:00:00,FX:EURGBP,0.84562,0.84575,0.84558,0.84572,775.0
2024-06-21 14:15:00,FX:EURGBP,0.84572,0.84576,0.84551,0.84553,497.0
2024-06-21 14:30:00,FX:EURGBP,0.84553,0.84558,0.84533,0.84541,544.0
2024-06-21 14:45:00,FX:EURGBP,0.84541,0.84553,0.84531,0.84532,733.0
2024-06-21 15:00:00,FX:EURGBP,0.84532,0.84534,0.84521,0.84532,395.0
2024-06-21 15:15:00,FX:EURGBP,0.84532,0.84542,0.84529,0.8453499999999999,381.0
2024-06-21 15:30:00,FX:EURGBP,0.8453499999999999,0.84559,0.8453499999999999,0.84556,656.0
2024-06-21 15:45:00,FX:EURGBP,0.84556,0.84594,0.84525,0.84539,1711.0
2024-06-23 16:00:00,FX:EURGBP,0.84411,0.84542,0.84411,0.8452999999999999,258.0
2024-06-23 16:15:00,FX:EURGBP,0.8452999999999999,0.84566,0.84492,0.84556,541.0
2024-06-23 16:30:00,FX:EURGBP,0.84556,0.84565,0.84514,0.84539,801.0
2024-06-23 16:45:00,FX:EURGBP,0.84539,0.84565,0.84533,0.84559,343.0
2024-06-23 17:00:00,FX:EURGBP,0.84559,0.8459,0.8453499999999999,0.8456,606.0
2024-06-23 17:15:00,FX:EURGBP,0.8456,0.8457,0.8456,0.84567,203.0
2024-06-23 17:30:00,FX:EURGBP,0.84567,0.84573,0.84561,0.84573,242.0
2024-06-23 17:45:00,FX:EURGBP,0.84573,0.84585,0.84567,0.84572,372.0
2024-06-23 18:00:00,FX:EURGBP,0.84572,0.84595,0.84572,0.84592,511.0
2024-06-23 18:15:00,FX:EURGBP,0.84592,0.84598,0.84585,0.8459,384.0
2024-06-23 18:30:00,FX:EURGBP,0.8459,0.8459099999999999,0.84579,0.84586,413.0
2024-06-23 18:45:00,FX:EURGBP,0.84586,0.84587,0.84566,0.84568,512.0
2024-06-23 19:00:00,FX:EURGBP,0.84568,0.8457,0.84551,0.84553,741.0
2024-06-23 19:15:00,FX:EURGBP,0.84553,0.84562,0.84551,0.8456,747.0
2024-06-23 19:30:00,FX:EURGBP,0.8456,0.84566,0.84558,0.8456,577.0
2024-06-23 19:45:00,FX:EURGBP,0.8456,0.84585,0.8456,0.84584,1080.0
2024-06-23 20:00:00,FX:EURGBP,0.84584,0.84592,0.84571,0.84575,1073.0
2024-06-23 20:15:00,FX:EURGBP,0.84575,0.84581,0.84563,0.84573,1861.0
2024-06-23 20:30:00,FX:EURGBP,0.84573,0.84585,0.84563,0.84582,1516.0
2024-06-23 20:45:00,FX:EURGBP,0.84582,0.84601,0.8457399999999999,0.84595,903.0
2024-06-23 21:00:00,FX:EURGBP,0.84595,0.8462,0.84594,0.84619,914.0
2024-06-23 21:15:00,FX:EURGBP,0.84619,0.84619,0.84603,0.84616,1112.0
2024-06-23 21:30:00,FX:EURGBP,0.84616,0.84617,0.84579,0.8458,1161.0
2024-06-23 21:45:00,FX:EURGBP,0.8458,0.84582,0.8457,0.84579,1635.0
2024-06-23 22:00:00,FX:EURGBP,0.84579,0.84584,0.8456899999999999,0.84573,1068.0
2024-06-23 22:15:00,FX:EURGBP,0.84573,0.84573,0.84561,0.84565,900.0
2024-06-23 22:30:00,FX:EURGBP,0.84565,0.8457399999999999,0.84563,0.84572,584.0
2024-06-23 22:45:00,FX:EURGBP,0.84572,0.84575,0.84568,0.84572,489.0
2024-06-23 23:00:00,FX:EURGBP,0.84572,0.8457399999999999,0.84567,0.8457,550.0
2024-06-23 23:15:00,FX:EURGBP,0.8457,0.84572,0.84564,0.84571,690.0
2024-06-23 23:30:00,FX:EURGBP,0.84571,0.84575,0.84566,0.84575,853.0
2024-06-23 23:45:00,FX:EURGBP,0.84575,0.84579,0.8457,0.84572,715.0
2024-06-24 00:00:00,FX:EURGBP,0.84572,0.84578,0.84563,0.84573,1193.0
2024-06-24 00:15:00,FX:EURGBP,0.84573,0.84584,0.8457,0.8458,894.0
2024-06-24 00:30:00,FX:EURGBP,0.8458,0.8459099999999999,0.84576,0.84587,895.0
2024-06-24 00:45:00,FX:EURGBP,0.84587,0.8459599999999999,0.84582,0.84588,723.0
2024-06-24 01:00:00,FX:EURGBP,0.84588,0.84612,0.84586,0.84605,2143.0
2024-06-24 01:15:00,FX:EURGBP,0.84605,0.84628,0.8459599999999999,0.84612,2502.0
2024-06-24 01:30:00,FX:EURGBP,0.84612,0.84628,0.84607,0.84627,1719.0
2024-06-24 01:45:00,FX:EURGBP,0.84627,0.84627,0.84595,0.84604,1380.0
2024-06-24 02:00:00,FX:EURGBP,0.84604,0.84642,0.84593,0.84641,2093.0
2024-06-24 02:15:00,FX:EURGBP,0.84641,0.8465199999999999,0.84624,0.84627,1951.0
2024-06-24 02:30:00,FX:EURGBP,0.84627,0.84672,0.84623,0.84667,2662.0
2024-06-24 02:45:00,FX:EURGBP,0.84667,0.84672,0.84647,0.84655,1680.0
2024-06-24 03:00:00,FX:EURGBP,0.84655,0.8465699999999999,0.84617,0.84642,2344.0
2024-06-24 03:15:00,FX:EURGBP,0.84642,0.84649,0.84597,0.84606,1975.0
2024-06-24 03:30:00,FX:EURGBP,0.84606,0.84638,0.84598,0.84631,1890.0
2024-06-24 03:45:00,FX:EURGBP,0.84631,0.84646,0.84621,0.84639,1898.0
2024-06-24 04:00:00,FX:EURGBP,0.84639,0.84671,0.84636,0.8466,2332.0
2024-06-24 04:15:00,FX:EURGBP,0.8466,0.84707,0.84659,0.84694,2501.0
2024-06-24 04:30:00,FX:EURGBP,0.84694,0.84723,0.84683,0.84687,2511.0
2024-06-24 04:45:00,FX:EURGBP,0.84687,0.84697,0.8463499999999999,0.84636,1651.0
2024-06-24 05:00:00,FX:EURGBP,0.84636,0.8466,0.84617,0.84628,2593.0
2024-06-24 05:15:00,FX:EURGBP,0.84628,0.84638,0.84618,0.84631,2078.0
2024-06-24 05:30:00,FX:EURGBP,0.84631,0.8469099999999999,0.84625,0.84685,1745.0
2024-06-24 05:45:00,FX:EURGBP,0.84685,0.84732,0.84685,0.8472999999999999,2188.0
2024-06-24 06:00:00,FX:EURGBP,0.8472999999999999,0.84766,0.84729,0.8475199999999999,2337.0
2024-06-24 06:15:00,FX:EURGBP,0.8475199999999999,0.8475199999999999,0.84727,0.84731,2004.0
2024-06-24 06:30:00,FX:EURGBP,0.84731,0.84739,0.84702,0.84722,1598.0
2024-06-24 06:45:00,FX:EURGBP,0.84722,0.84778,0.84711,0.84777,1983.0
2024-06-24 07:00:00,FX:EURGBP,0.84777,0.84777,0.84719,0.84725,2426.0
2024-06-24 07:15:00,FX:EURGBP,0.84725,0.84741,0.8470799999999999,0.84709,1553.0
2024-06-24 07:30:00,FX:EURGBP,0.84709,0.84721,0.8469099999999999,0.84706,2075.0
2024-06-24 07:45:00,FX:EURGBP,0.84706,0.8475699999999999,0.84701,0.84753,2203.0
2024-06-24 08:00:00,FX:EURGBP,0.84753,0.84771,0.84739,0.84747,2432.0
2024-06-24 08:15:00,FX:EURGBP,0.84747,0.84748,0.84694,0.84694,2530.0
2024-06-24 08:30:00,FX:EURGBP,0.84694,0.8469599999999999,0.84654,0.84654,2926.0
2024-06-24 08:45:00,FX:EURGBP,0.84654,0.84671,0.8464,0.84667,2730.0
2024-06-24 09:00:00,FX:EURGBP,0.84667,0.84667,0.84609,0.84611,3139.0
2024-06-24 09:15:00,FX:EURGBP,0.84611,0.84614,0.84578,0.84578,2226.0
2024-06-24 09:30:00,FX:EURGBP,0.84578,0.84579,0.84541,0.84541,2799.0
2024-06-24 09:45:00,FX:EURGBP,0.84541,0.8457399999999999,0.84529,0.8457,2869.0
2024-06-24 10:00:00,FX:EURGBP,0.8457,0.84583,0.84523,0.8452999999999999,2229.0
2024-06-24 10:15:00,FX:EURGBP,0.8452999999999999,0.84549,0.84524,0.8452999999999999,2087.0
2024-06-24 10:30:00,FX:EURGBP,0.8452999999999999,0.84554,0.84521,0.8454699999999999,1894.0
2024-06-24 10:45:00,FX:EURGBP,0.8454699999999999,0.84598,0.84543,0.84585,2219.0
2024-06-24 11:00:00,FX:EURGBP,0.84585,0.84603,0.84571,0.84589,1764.0
2024-06-24 11:15:00,FX:EURGBP,0.84589,0.8460799999999999,0.84575,0.84601,1314.0
2024-06-24 11:30:00,FX:EURGBP,0.84601,0.8461299999999999,0.84584,0.84594,1034.0
2024-06-24 11:45:00,FX:EURGBP,0.84594,0.84605,0.84587,0.84605,1332.0
2024-06-24 12:00:00,FX:EURGBP,0.84605,0.8461299999999999,0.84598,0.8461,1936.0
2024-06-24 12:15:00,FX:EURGBP,0.8461,0.84612,0.84595,0.84605,1788.0
2024-06-24 12:30:00,FX:EURGBP,0.84605,0.84609,0.8459599999999999,0.84606,1956.0
2024-06-24 12:45:00,FX:EURGBP,0.84606,0.84611,0.84587,0.84589,1428.0
2024-06-24 13:00:00,FX:EURGBP,0.84589,0.846,0.84588,0.8459599999999999,1904.0
2024-06-24 13:15:00,FX:EURGBP,0.8459599999999999,0.84615,0.84594,0.84607,2068.0
2024-06-24 13:30:00,FX:EURGBP,0.84607,0.84616,0.84603,0.84604,936.0
2024-06-24 13:45:00,FX:EURGBP,0.84604,0.84609,0.8458,0.84587,1206.0
2024-06-24 14:00:00,FX:EURGBP,0.84587,0.84603,0.84581,0.84598,1113.0
2024-06-24 14:15:00,FX:EURGBP,0.84598,0.84604,0.84593,0.84595,1005.0
2024-06-24 14:30:00,FX:EURGBP,0.84595,0.8461,0.84593,0.84604,1046.0
2024-06-24 14:45:00,FX:EURGBP,0.84604,0.8462999999999999,0.84601,0.84626,2492.0
2024-06-24 15:00:00,FX:EURGBP,0.84626,0.84639,0.8461,0.84616,1457.0
2024-06-24 15:15:00,FX:EURGBP,0.84616,0.84631,0.84615,0.84628,423.0
2024-06-24 15:30:00,FX:EURGBP,0.84628,0.84632,0.84619,0.84622,415.0
2024-06-24 15:45:00,FX:EURGBP,0.84622,0.84624,0.84567,0.84595,581.0
2024-06-24 16:00:00,FX:EURGBP,0.84595,0.84595,0.84534,0.84584,165.0
2024-06-24 16:15:00,FX:EURGBP,0.84584,0.84588,0.84568,0.84578,298.0
2024-06-24 16:30:00,FX:EURGBP,0.84578,0.846,0.84571,0.84595,662.0
2024-06-24 16:45:00,FX:EURGBP,0.84595,0.84604,0.8458,0.84598,1688.0
2024-06-24 17:00:00,FX:EURGBP,0.84598,0.84611,0.84593,0.84611,520.0
2024-06-24 17:15:00,FX:EURGBP,0.84611,0.84614,0.84607,0.8461299999999999,255.0
2024-06-24 17:30:00,FX:EURGBP,0.8461299999999999,0.84622,0.84612,0.8462,181.0
2024-06-24 17:45:00,FX:EURGBP,0.8462,0.84627,0.84615,0.84626,217.0
2024-06-24 18:00:00,FX:EURGBP,0.84626,0.84636,0.84624,0.84628,485.0
2024-06-24 18:15:00,FX:EURGBP,0.84628,0.84632,0.84626,0.84626,175.0
2024-06-24 18:30:00,FX:EURGBP,0.84626,0.84627,0.84621,0.84624,490.0
2024-06-24 18:45:00,FX:EURGBP,0.84624,0.84631,0.8462,0.84623,554.0
2024-06-24 19:00:00,FX:EURGBP,0.84623,0.84625,0.84605,0.84609,908.0
2024-06-24 19:15:00,FX:EURGBP,0.84609,0.84616,0.84603,0.84603,908.0
2024-06-24 19:30:00,FX:EURGBP,0.84603,0.84612,0.846,0.84604,1027.0
2024-06-24 19:45:00,FX:EURGBP,0.84604,0.84612,0.8459,0.84609,1526.0
2024-06-24 20:00:00,FX:EURGBP,0.84609,0.8461299999999999,0.846,0.84609,1812.0
2024-06-24 20:15:00,FX:EURGBP,0.84609,0.84621,0.8460799999999999,0.8461299999999999,1259.0
2024-06-24 20:30:00,FX:EURGBP,0.8461299999999999,0.84619,0.8460799999999999,0.84615,1362.0
2024-06-24 20:45:00,FX:EURGBP,0.84615,0.84618,0.8460799999999999,0.8461299999999999,1079.0
2024-06-24 21:00:00,FX:EURGBP,0.8461299999999999,0.84617,0.8461,0.84616,644.0
2024-06-24 21:15:00,FX:EURGBP,0.84616,0.84617,0.84599,0.846,619.0
2024-06-24 21:30:00,FX:EURGBP,0.846,0.84606,0.84598,0.84602,883.0
2024-06-24 21:45:00,FX:EURGBP,0.84602,0.84611,0.846,0.8461,916.0
2024-06-24 22:00:00,FX:EURGBP,0.8461,0.8461,0.84592,0.84594,932.0
2024-06-24 22:15:00,FX:EURGBP,0.84594,0.84598,0.8458,0.84584,656.0
2024-06-24 22:30:00,FX:EURGBP,0.84584,0.84585,0.8458,0.84582,506.0
2024-06-24 22:45:00,FX:EURGBP,0.84582,0.84582,0.84576,0.84581,367.0
2024-06-24 23:00:00,FX:EURGBP,0.84581,0.84588,0.84577,0.84586,609.0
2024-06-24 23:15:00,FX:EURGBP,0.84586,0.84599,0.84583,0.84598,663.0
2024-06-24 23:30:00,FX:EURGBP,0.84598,0.84607,0.8459599999999999,0.84605,834.0
2024-06-24 23:45:00,FX:EURGBP,0.84605,0.8461,0.84599,0.84599,629.0
2024-06-25 00:00:00,FX:EURGBP,0.84599,0.84601,0.8459099999999999,0.84599,1023.0
2024-06-25 00:15:00,FX:EURGBP,0.84599,0.84611,0.8459599999999999,0.84605,1044.0
2024-06-25 00:30:00,FX:EURGBP,0.84605,0.8461299999999999,0.84598,0.8461,1083.0
2024-06-25 00:45:00,FX:EURGBP,0.8461,0.84626,0.84609,0.84625,1041.0
2024-06-25 01:00:00,FX:EURGBP,0.84625,0.84632,0.84599,0.846,2478.0
2024-06-25 01:15:00,FX:EURGBP,0.846,0.84611,0.84597,0.84603,1535.0
2024-06-25 01:30:00,FX:EURGBP,0.84603,0.84623,0.84598,0.84614,1417.0
2024-06-25 01:45:00,FX:EURGBP,0.84614,0.84616,0.84576,0.84576,2298.0
2024-06-25 02:00:00,FX:EURGBP,0.84576,0.84593,0.8455,0.84561,2882.0
2024-06-25 02:15:00,FX:EURGBP,0.84561,0.84567,0.84525,0.84527,3145.0
2024-06-25 02:30:00,FX:EURGBP,0.84527,0.8455199999999999,0.84519,0.8452999999999999,2460.0
2024-06-25 02:45:00,FX:EURGBP,0.8452999999999999,0.84538,0.84506,0.84537,2165.0
2024-06-25 03:00:00,FX:EURGBP,0.84537,0.84539,0.84503,0.8451,2256.0
2024-06-25 03:15:00,FX:EURGBP,0.8451,0.84516,0.84503,0.84514,1481.0
2024-06-25 03:30:00,FX:EURGBP,0.84514,0.84533,0.84507,0.84522,1747.0
2024-06-25 03:45:00,FX:EURGBP,0.84522,0.84527,0.84506,0.84514,1919.0
2024-06-25 04:00:00,FX:EURGBP,0.84514,0.84541,0.84506,0.84533,2050.0
2024-06-25 04:15:00,FX:EURGBP,0.84533,0.84536,0.84512,0.84527,1812.0
2024-06-25 04:30:00,FX:EURGBP,0.84527,0.84529,0.84507,0.84515,1542.0
2024-06-25 04:45:00,FX:EURGBP,0.84515,0.84527,0.84501,0.84507,1553.0
2024-06-25 05:00:00,FX:EURGBP,0.84507,0.84545,0.84504,0.8453499999999999,2019.0
2024-06-25 05:15:00,FX:EURGBP,0.8453499999999999,0.84551,0.84515,0.84528,1879.0
2024-06-25 05:30:00,FX:EURGBP,0.84528,0.84538,0.84502,0.84507,1737.0
2024-06-25 05:45:00,FX:EURGBP,0.84507,0.8451,0.84471,0.8451,2206.0
2024-06-25 06:00:00,FX:EURGBP,0.8451,0.84531,0.84472,0.84477,2211.0
2024-06-25 06:15:00,FX:EURGBP,0.84477,0.84478,0.84444,0.84446,1964.0
2024-06-25 06:30:00,FX:EURGBP,0.84446,0.8449,0.84442,0.84482,2425.0
2024-06-25 06:45:00,FX:EURGBP,0.84482,0.84485,0.8444,0.84441,2682.0
2024-06-25 07:00:00,FX:EURGBP,0.84441,0.84472,0.84438,0.84465,2006.0
2024-06-25 07:15:00,FX:EURGBP,0.84465,0.84472,0.84448,0.84455,1305.0
2024-06-25 07:30:00,FX:EURGBP,0.84455,0.84475,0.84443,0.84468,2493.0
2024-06-25 07:45:00,FX:EURGBP,0.84468,0.8447399999999999,0.84419,0.84422,1869.0
2024-06-25 08:00:00,FX:EURGBP,0.84422,0.84501,0.84422,0.84497,2278.0
2024-06-25 08:15:00,FX:EURGBP,0.84497,0.845,0.84405,0.84412,1911.0
2024-06-25 08:30:00,FX:EURGBP,0.84412,0.84426,0.84403,0.84406,2221.0
2024-06-25 08:45:00,FX:EURGBP,0.84406,0.84411,0.84361,0.84372,1843.0
2024-06-25 09:00:00,FX:EURGBP,0.84372,0.84379,0.8430799999999999,0.84354,3638.0
2024-06-25 09:15:00,FX:EURGBP,0.84354,0.84365,0.8434,0.84357,2652.0
2024-06-25 09:30:00,FX:EURGBP,0.84357,0.8438,0.84341,0.84356,2905.0
2024-06-25 09:45:00,FX:EURGBP,0.84356,0.84449,0.84355,0.84443,3446.0
2024-06-25 10:00:00,FX:EURGBP,0.84443,0.84459,0.84426,0.8445199999999999,2793.0
2024-06-25 10:15:00,FX:EURGBP,0.8445199999999999,0.84484,0.84451,0.84475,1938.0
2024-06-25 10:30:00,FX:EURGBP,0.84475,0.84479,0.8445,0.84472,1856.0
2024-06-25 10:45:00,FX:EURGBP,0.84472,0.8448,0.84445,0.84454,1623.0
2024-06-25 11:00:00,FX:EURGBP,0.84454,0.84464,0.8442999999999999,0.8444699999999999,1458.0
2024-06-25 11:15:00,FX:EURGBP,0.8444699999999999,0.84449,0.84429,0.84438,1419.0
2024-06-25 11:30:00,FX:EURGBP,0.84438,0.84441,0.84426,0.84429,1132.0
2024-06-25 11:45:00,FX:EURGBP,0.84429,0.84431,0.84415,0.84429,1564.0
2024-06-25 12:00:00,FX:EURGBP,0.84429,0.84442,0.84425,0.8443499999999999,1274.0
2024-06-25 12:15:00,FX:EURGBP,0.8443499999999999,0.84438,0.84425,0.84427,1098.0
2024-06-25 12:30:00,FX:EURGBP,0.84427,0.8442999999999999,0.84421,0.84425,945.0
2024-06-25 12:45:00,FX:EURGBP,0.84425,0.84439,0.84416,0.84437,1213.0
2024-06-25 13:00:00,FX:EURGBP,0.84437,0.84437,0.84419,0.84431,882.0
2024-06-25 13:15:00,FX:EURGBP,0.84431,0.84433,0.84416,0.84419,997.0
2024-06-25 13:30:00,FX:EURGBP,0.84419,0.84436,0.84415,0.84428,1223.0
2024-06-25 13:45:00,FX:EURGBP,0.84428,0.84443,0.84415,0.8442,1250.0
2024-06-25 14:00:00,FX:EURGBP,0.8442,0.84432,0.84418,0.84423,1076.0
2024-06-25 14:15:00,FX:EURGBP,0.84423,0.84425,0.84414,0.84417,814.0
2024-06-25 14:30:00,FX:EURGBP,0.84417,0.84424,0.84411,0.84418,438.0
2024-06-25 14:45:00,FX:EURGBP,0.84418,0.84451,0.84416,0.84446,1014.0
2024-06-25 15:00:00,FX:EURGBP,0.84446,0.84454,0.84441,0.84446,590.0
2024-06-25 15:15:00,FX:EURGBP,0.84446,0.8444699999999999,0.84432,0.84436,265.0
2024-06-25 15:30:00,FX:EURGBP,0.84436,0.8445,0.8443499999999999,0.84449,297.0
2024-06-25 15:45:00,FX:EURGBP,0.84449,0.84455,0.84442,0.84448,489.0
2024-06-25 16:00:00,FX:EURGBP,0.84448,0.8445,0.84357,0.84433,286.0
2024-06-25 16:15:00,FX:EURGBP,0.84433,0.84453,0.84398,0.8445,311.0
2024-06-25 16:30:00,FX:EURGBP,0.8445,0.84455,0.84419,0.84431,314.0
2024-06-25 16:45:00,FX:EURGBP,0.84431,0.84448,0.84418,0.84434,1028.0
2024-06-25 17:00:00,FX:EURGBP,0.84434,0.84455,0.84434,0.84449,418.0
2024-06-25 17:15:00,FX:EURGBP,0.84449,0.84453,0.84445,0.84448,233.0
2024-06-25 17:30:00,FX:EURGBP,0.84448,0.84454,0.84445,0.84453,248.0
2024-06-25 17:45:00,FX:EURGBP,0.84453,0.84455,0.8445,0.8445,262.0
2024-06-25 18:00:00,FX:EURGBP,0.8445,0.8445,0.84439,0.8444,301.0
2024-06-25 18:15:00,FX:EURGBP,0.8444,0.84442,0.84434,0.8443499999999999,181.0
2024-06-25 18:30:00,FX:EURGBP,0.8443499999999999,0.84441,0.84434,0.84438,389.0
2024-06-25 18:45:00,FX:EURGBP,0.84438,0.84441,0.84427,0.84429,524.0
2024-06-25 19:00:00,FX:EURGBP,0.84429,0.84441,0.84415,0.84436,638.0
2024-06-25 19:15:00,FX:EURGBP,0.84436,0.84448,0.84434,0.84448,488.0
2024-06-25 19:30:00,FX:EURGBP,0.84448,0.84456,0.84441,0.84441,607.0
2024-06-25 19:45:00,FX:EURGBP,0.84441,0.84443,0.84427,0.8444,750.0
2024-06-25 20:00:00,FX:EURGBP,0.8444,0.84453,0.8444,0.84451,894.0
2024-06-25 20:15:00,FX:EURGBP,0.84451,0.84462,0.84427,0.84427,1193.0
2024-06-25 20:30:00,FX:EURGBP,0.84427,0.84449,0.84417,0.84444,2352.0
2024-06-25 20:45:00,FX:EURGBP,0.84444,0.84462,0.84442,0.8445,1234.0
2024-06-25 21:00:00,FX:EURGBP,0.8445,0.84463,0.8445,0.84458,874.0
2024-06-25 21:15:00,FX:EURGBP,0.84458,0.84461,0.8445,0.84451,762.0
2024-06-25 21:30:00,FX:EURGBP,0.84451,0.84454,0.84441,0.84441,713.0
2024-06-25 21:45:00,FX:EURGBP,0.84441,0.84444,0.84419,0.84422,860.0
2024-06-25 22:00:00,FX:EURGBP,0.84422,0.84428,0.8442,0.84425,696.0
2024-06-25 22:15:00,FX:EURGBP,0.84425,0.84428,0.84417,0.84419,715.0
2024-06-25 22:30:00,FX:EURGBP,0.84419,0.84436,0.84416,0.8442999999999999,822.0
2024-06-25 22:45:00,FX:EURGBP,0.8442999999999999,0.84432,0.8442,0.84424,705.0
2024-06-25 23:00:00,FX:EURGBP,0.84424,0.84426,0.84412,0.84421,494.0
2024-06-25 23:15:00,FX:EURGBP,0.84421,0.84429,0.84419,0.84426,579.0
2024-06-25 23:30:00,FX:EURGBP,0.84426,0.8442999999999999,0.84412,0.8442,481.0
2024-06-25 23:45:00,FX:EURGBP,0.8442,0.84431,0.84417,0.84427,746.0
2024-06-26 00:00:00,FX:EURGBP,0.84427,0.84428,0.84415,0.84415,1212.0
2024-06-26 00:15:00,FX:EURGBP,0.84415,0.84423,0.84399,0.84402,988.0
2024-06-26 00:30:00,FX:EURGBP,0.84402,0.84405,0.84379,0.84381,839.0
2024-06-26 00:45:00,FX:EURGBP,0.84381,0.84395,0.8436,0.84372,1441.0
2024-06-26 01:00:00,FX:EURGBP,0.84372,0.84388,0.84368,0.84375,2348.0
2024-06-26 01:15:00,FX:EURGBP,0.84375,0.84388,0.84365,0.84373,1854.0
2024-06-26 01:30:00,FX:EURGBP,0.84373,0.84377,0.84344,0.84348,1933.0
2024-06-26 01:45:00,FX:EURGBP,0.84348,0.84379,0.84344,0.84372,1984.0
2024-06-26 02:00:00,FX:EURGBP,0.84372,0.84383,0.84357,0.84376,2026.0
2024-06-26 02:15:00,FX:EURGBP,0.84376,0.84379,0.8432999999999999,0.8435,2589.0
2024-06-26 02:30:00,FX:EURGBP,0.8435,0.8437399999999999,0.84348,0.84373,2669.0
2024-06-26 02:45:00,FX:EURGBP,0.84373,0.84419,0.84365,0.84397,2472.0
2024-06-26 03:00:00,FX:EURGBP,0.84397,0.84433,0.8439,0.84428,2227.0
2024-06-26 03:15:00,FX:EURGBP,0.84428,0.84453,0.8441,0.84443,1856.0
2024-06-26 03:30:00,FX:EURGBP,0.84443,0.84449,0.84416,0.84418,2314.0
2024-06-26 03:45:00,FX:EURGBP,0.84418,0.84454,0.84398,0.84437,2431.0
2024-06-26 04:00:00,FX:EURGBP,0.84437,0.84465,0.8443499999999999,0.84459,2287.0
2024-06-26 04:15:00,FX:EURGBP,0.84459,0.84467,0.84439,0.84439,2188.0
2024-06-26 04:30:00,FX:EURGBP,0.84439,0.84444,0.84367,0.8437,2664.0
2024-06-26 04:45:00,FX:EURGBP,0.8437,0.84378,0.84344,0.84371,1861.0
2024-06-26 05:00:00,FX:EURGBP,0.84371,0.84398,0.84357,0.84393,2139.0
2024-06-26 05:15:00,FX:EURGBP,0.84393,0.84412,0.84393,0.84401,1867.0
2024-06-26 05:30:00,FX:EURGBP,0.84401,0.84403,0.8436899999999999,0.84393,2409.0
2024-06-26 05:45:00,FX:EURGBP,0.84393,0.84427,0.84375,0.84422,2038.0
2024-06-26 06:00:00,FX:EURGBP,0.84422,0.84449,0.8442,0.84433,2363.0
2024-06-26 06:15:00,FX:EURGBP,0.84433,0.84503,0.84432,0.84499,2348.0
2024-06-26 06:30:00,FX:EURGBP,0.84499,0.84502,0.84455,0.84466,2584.0
2024-06-26 06:45:00,FX:EURGBP,0.84466,0.84475,0.84438,0.84471,3254.0
2024-06-26 07:00:00,FX:EURGBP,0.84471,0.8447399999999999,0.84437,0.8444699999999999,2932.0
2024-06-26 07:15:00,FX:EURGBP,0.8444699999999999,0.84461,0.84415,0.84443,2885.0
2024-06-26 07:30:00,FX:EURGBP,0.84443,0.84448,0.84412,0.84441,3292.0
2024-06-26 07:45:00,FX:EURGBP,0.84441,0.84466,0.84421,0.84436,3239.0
2024-06-26 08:00:00,FX:EURGBP,0.84436,0.8446899999999999,0.84423,0.84463,4041.0
2024-06-26 08:15:00,FX:EURGBP,0.84463,0.8447,0.84421,0.84454,3275.0
2024-06-26 08:30:00,FX:EURGBP,0.84454,0.84482,0.8445199999999999,0.84481,3914.0
2024-06-26 08:45:00,FX:EURGBP,0.84481,0.84499,0.84454,0.84472,2829.0
2024-06-26 09:00:00,FX:EURGBP,0.84472,0.84537,0.84458,0.84518,3554.0
2024-06-26 09:15:00,FX:EURGBP,0.84518,0.84567,0.8448599999999999,0.84561,3275.0
2024-06-26 09:30:00,FX:EURGBP,0.84561,0.84577,0.84538,0.84558,3182.0
2024-06-26 09:45:00,FX:EURGBP,0.84558,0.84625,0.84542,0.8461,6118.0
2024-06-26 10:00:00,FX:EURGBP,0.8461,0.84625,0.84564,0.8456899999999999,3583.0
2024-06-26 10:15:00,FX:EURGBP,0.8456899999999999,0.84624,0.84568,0.84622,2669.0
2024-06-26 10:30:00,FX:EURGBP,0.84622,0.84634,0.8460799999999999,0.84616,2566.0
2024-06-26 10:45:00,FX:EURGBP,0.84616,0.84631,0.8460799999999999,0.84622,2132.0
2024-06-26 11:00:00,FX:EURGBP,0.84622,0.84634,0.8461,0.84619,2397.0
2024-06-26 11:15:00,FX:EURGBP,0.84619,0.84632,0.84598,0.84612,2168.0
2024-06-26 11:30:00,FX:EURGBP,0.84612,0.84615,0.84592,0.84595,1703.0
2024-06-26 11:45:00,FX:EURGBP,0.84595,0.84607,0.84587,0.84601,1692.0
2024-06-26 12:00:00,FX:EURGBP,0.84601,0.84628,0.84597,0.84621,2334.0
2024-06-26 12:15:00,FX:EURGBP,0.84621,0.84621,0.84601,0.84611,1878.0
2024-06-26 12:30:00,FX:EURGBP,0.84611,0.84616,0.8457,0.84577,1748.0
2024-06-26 12:45:00,FX:EURGBP,0.84577,0.84594,0.84568,0.8459099999999999,1975.0
2024-06-26 13:00:00,FX:EURGBP,0.8459099999999999,0.84602,0.84582,0.84589,1466.0
2024-06-26 13:15:00,FX:EURGBP,0.84589,0.84594,0.84582,0.84589,1552.0
2024-06-26 13:30:00,FX:EURGBP,0.84589,0.8461,0.84587,0.84593,1341.0
2024-06-26 13:45:00,FX:EURGBP,0.84593,0.8462,0.84593,0.84617,855.0
2024-06-26 14:00:00,FX:EURGBP,0.84617,0.84629,0.84609,0.84612,1652.0
2024-06-26 14:15:00,FX:EURGBP,0.84612,0.84622,0.8461,0.84621,1105.0
2024-06-26 14:30:00,FX:EURGBP,0.84621,0.84624,0.84597,0.84607,1152.0
2024-06-26 14:45:00,FX:EURGBP,0.84607,0.84612,0.84597,0.846,1030.0
2024-06-26 15:00:00,FX:EURGBP,0.846,0.84619,0.84598,0.84614,636.0
2024-06-26 15:15:00,FX:EURGBP,0.84614,0.84617,0.84604,0.84604,295.0
2024-06-26 15:30:00,FX:EURGBP,0.84604,0.84617,0.84602,0.8461,346.0
2024-06-26 15:45:00,FX:EURGBP,0.8461,0.84623,0.84597,0.84618,755.0
2024-06-26 16:00:00,FX:EURGBP,0.84618,0.84618,0.84565,0.84589,195.0
2024-06-26 16:15:00,FX:EURGBP,0.84589,0.84612,0.84579,0.84599,438.0
2024-06-26 16:30:00,FX:EURGBP,0.84599,0.84617,0.84583,0.8460799999999999,1360.0
2024-06-26 16:45:00,FX:EURGBP,0.8460799999999999,0.8461,0.84586,0.84597,762.0
2024-06-26 17:00:00,FX:EURGBP,0.84597,0.84624,0.84593,0.84624,410.0
2024-06-26 17:15:00,FX:EURGBP,0.84624,0.84624,0.84607,0.84616,182.0
2024-06-26 17:30:00,FX:EURGBP,0.84616,0.84618,0.8460799999999999,0.84609,356.0
2024-06-26 17:45:00,FX:EURGBP,0.84609,0.84624,0.8460799999999999,0.84622,230.0
2024-06-26 18:00:00,FX:EURGBP,0.84622,0.84622,0.84612,0.84615,593.0
2024-06-26 18:15:00,FX:EURGBP,0.84615,0.84618,0.84614,0.84616,450.0
2024-06-26 18:30:00,FX:EURGBP,0.84616,0.84627,0.8461,0.84626,392.0
2024-06-26 18:45:00,FX:EURGBP,0.84626,0.84626,0.84614,0.84618,296.0
2024-06-26 19:00:00,FX:EURGBP,0.84618,0.84624,0.84614,0.84624,1036.0
2024-06-26 19:15:00,FX:EURGBP,0.84624,0.84646,0.84622,0.84641,903.0
2024-06-26 19:30:00,FX:EURGBP,0.84641,0.84661,0.84641,0.8465699999999999,905.0
2024-06-26 19:45:00,FX:EURGBP,0.8465699999999999,0.84658,0.84644,0.84649,989.0
2024-06-26 20:00:00,FX:EURGBP,0.84649,0.84649,0.84636,0.84643,1044.0
2024-06-26 20:15:00,FX:EURGBP,0.84643,0.8465,0.84639,0.84648,796.0
2024-06-26 20:30:00,FX:EURGBP,0.84648,0.84656,0.84643,0.84648,976.0
2024-06-26 20:45:00,FX:EURGBP,0.84648,0.84653,0.84637,0.8464,1263.0
2024-06-26 21:00:00,FX:EURGBP,0.8464,0.84649,0.84639,0.84643,649.0
2024-06-26 21:15:00,FX:EURGBP,0.84643,0.84645,0.8463499999999999,0.84643,875.0
2024-06-26 21:30:00,FX:EURGBP,0.84643,0.8465699999999999,0.8464,0.8465199999999999,820.0
2024-06-26 21:45:00,FX:EURGBP,0.8465199999999999,0.84654,0.84642,0.84646,649.0
2024-06-26 22:00:00,FX:EURGBP,0.84646,0.84651,0.84639,0.8464,494.0
2024-06-26 22:15:00,FX:EURGBP,0.8464,0.84643,0.84632,0.84636,760.0
2024-06-26 22:30:00,FX:EURGBP,0.84636,0.84646,0.8463499999999999,0.84645,620.0
2024-06-26 22:45:00,FX:EURGBP,0.84645,0.84647,0.84637,0.84642,585.0
2024-06-26 23:00:00,FX:EURGBP,0.84642,0.84645,0.8462999999999999,0.84637,588.0
2024-06-26 23:15:00,FX:EURGBP,0.84637,0.8465199999999999,0.84636,0.84646,435.0
2024-06-26 23:30:00,FX:EURGBP,0.84646,0.84653,0.84645,0.84648,311.0
2024-06-26 23:45:00,FX:EURGBP,0.84648,0.84651,0.8462999999999999,0.84631,442.0
2024-06-27 00:00:00,FX:EURGBP,0.84631,0.84633,0.84616,0.84631,748.0
2024-06-27 00:15:00,FX:EURGBP,0.84631,0.84648,0.8462999999999999,0.84644,507.0
2024-06-27 00:30:00,FX:EURGBP,0.84644,0.84646,0.84629,0.84631,740.0
2024-06-27 00:45:00,FX:EURGBP,0.84631,0.84638,0.84621,0.84628,1108.0
2024-06-27 01:00:00,FX:EURGBP,0.84628,0.8463499999999999,0.84609,0.84627,2179.0
2024-06-27 01:15:00,FX:EURGBP,0.84627,0.84628,0.84602,0.84604,1791.0
2024-06-27 01:30:00,FX:EURGBP,0.84604,0.84628,0.84603,0.84616,1716.0
2024-06-27 01:45:00,FX:EURGBP,0.84616,0.84625,0.8457,0.84571,2124.0
2024-06-27 02:00:00,FX:EURGBP,0.84571,0.84614,0.8457,0.8461299999999999,3129.0
2024-06-27 02:15:00,FX:EURGBP,0.8461299999999999,0.84623,0.8456899999999999,0.84573,2695.0
2024-06-27 02:30:00,FX:EURGBP,0.84573,0.84634,0.84573,0.84616,2999.0
2024-06-27 02:45:00,FX:EURGBP,0.84616,0.84619,0.84598,0.84617,2351.0
2024-06-27 03:00:00,FX:EURGBP,0.84617,0.84627,0.8459,0.84597,2221.0
2024-06-27 03:15:00,FX:EURGBP,0.84597,0.84615,0.84575,0.84599,2206.0
2024-06-27 03:30:00,FX:EURGBP,0.84599,0.84614,0.84583,0.84589,2568.0
2024-06-27 03:45:00,FX:EURGBP,0.84589,0.84606,0.8458,0.84587,2209.0
2024-06-27 04:00:00,FX:EURGBP,0.84587,0.84594,0.84571,0.84584,2529.0
2024-06-27 04:15:00,FX:EURGBP,0.84584,0.84607,0.84578,0.84586,2709.0
2024-06-27 04:30:00,FX:EURGBP,0.84586,0.84618,0.84585,0.84597,2421.0
2024-06-27 04:45:00,FX:EURGBP,0.84597,0.84612,0.84572,0.84581,2078.0
2024-06-27 05:00:00,FX:EURGBP,0.84581,0.84585,0.84534,0.84542,2293.0
2024-06-27 05:15:00,FX:EURGBP,0.84542,0.8456899999999999,0.84536,0.84556,2073.0
2024-06-27 05:30:00,FX:EURGBP,0.84556,0.84572,0.84543,0.84566,2313.0
2024-06-27 05:45:00,FX:EURGBP,0.84566,0.84603,0.84562,0.84601,2268.0
2024-06-27 06:00:00,FX:EURGBP,0.84601,0.84618,0.84584,0.84587,2256.0
2024-06-27 06:15:00,FX:EURGBP,0.84587,0.84606,0.84579,0.84599,2331.0
2024-06-27 06:30:00,FX:EURGBP,0.84599,0.8462999999999999,0.84585,0.84627,2254.0
2024-06-27 06:45:00,FX:EURGBP,0.84627,0.84639,0.84585,0.84585,2477.0
2024-06-27 07:00:00,FX:EURGBP,0.84585,0.84599,0.84583,0.84593,2320.0
2024-06-27 07:15:00,FX:EURGBP,0.84593,0.8463499999999999,0.84585,0.84598,1794.0
2024-06-27 07:30:00,FX:EURGBP,0.84598,0.84683,0.8454,0.8466899999999999,6202.0
2024-06-27 07:45:00,FX:EURGBP,0.8466899999999999,0.84706,0.84666,0.84703,3673.0
2024-06-27 08:00:00,FX:EURGBP,0.84703,0.84749,0.84699,0.84746,3528.0
2024-06-27 08:15:00,FX:EURGBP,0.84746,0.84756,0.84675,0.84675,3356.0
2024-06-27 08:30:00,FX:EURGBP,0.84675,0.84697,0.8466899999999999,0.84684,3796.0
2024-06-27 08:45:00,FX:EURGBP,0.84684,0.84695,0.8465,0.84661,3085.0
2024-06-27 09:00:00,FX:EURGBP,0.84661,0.84667,0.84627,0.8465699999999999,4207.0
2024-06-27 09:15:00,FX:EURGBP,0.8465699999999999,0.84684,0.84641,0.84659,3665.0
2024-06-27 09:30:00,FX:EURGBP,0.84659,0.8467,0.84628,0.84628,3662.0
2024-06-27 09:45:00,FX:EURGBP,0.84628,0.84681,0.84626,0.84681,3710.0
2024-06-27 10:00:00,FX:EURGBP,0.84681,0.84684,0.84639,0.84646,3631.0
2024-06-27 10:15:00,FX:EURGBP,0.84646,0.84651,0.84625,0.84629,2165.0
2024-06-27 10:30:00,FX:EURGBP,0.84629,0.84679,0.84621,0.84666,2854.0
2024-06-27 10:45:00,FX:EURGBP,0.84666,0.84671,0.84624,0.84631,2502.0
2024-06-27 11:00:00,FX:EURGBP,0.84631,0.84641,0.84606,0.84621,2449.0
2024-06-27 11:15:00,FX:EURGBP,0.84621,0.84629,0.84603,0.84609,1670.0
2024-06-27 11:30:00,FX:EURGBP,0.84609,0.8462999999999999,0.8460799999999999,0.84629,1396.0
2024-06-27 11:45:00,FX:EURGBP,0.84629,0.8463499999999999,0.84619,0.84627,1692.0
2024-06-27 12:00:00,FX:EURGBP,0.84627,0.84646,0.84624,0.84642,1683.0
2024-06-27 12:15:00,FX:EURGBP,0.84642,0.84644,0.84633,0.84636,1162.0
2024-06-27 12:30:00,FX:EURGBP,0.84636,0.84639,0.8462,0.84628,1169.0
2024-06-27 12:45:00,FX:EURGBP,0.84628,0.84663,0.84626,0.84658,1154.0
2024-06-27 13:00:00,FX:EURGBP,0.84658,0.84665,0.84647,0.84656,1971.0
2024-06-27 13:15:00,FX:EURGBP,0.84656,0.84667,0.8465199999999999,0.8466,1548.0
2024-06-27 13:30:00,FX:EURGBP,0.8466,0.8467399999999999,0.8465199999999999,0.84671,1222.0
2024-06-27 13:45:00,FX:EURGBP,0.84671,0.8467399999999999,0.8466,0.84661,1108.0
2024-06-27 14:00:00,FX:EURGBP,0.84661,0.84668,0.84653,0.84658,1435.0
2024-06-27 14:15:00,FX:EURGBP,0.84658,0.84675,0.84655,0.84673,825.0
2024-06-27 14:30:00,FX:EURGBP,0.84673,0.8467399999999999,0.8465199999999999,0.84653,1218.0
2024-06-27 14:45:00,FX:EURGBP,0.84653,0.84688,0.84649,0.84682,1662.0
2024-06-27 15:00:00,FX:EURGBP,0.84682,0.84689,0.8466899999999999,0.84672,609.0
2024-06-27 15:15:00,FX:EURGBP,0.84672,0.84678,0.84668,0.84671,178.0
2024-06-27 15:30:00,FX:EURGBP,0.84671,0.84675,0.84663,0.84665,251.0
2024-06-27 15:45:00,FX:EURGBP,0.84665,0.84682,0.84664,0.8468,502.0
2024-06-27 16:00:00,FX:EURGBP,0.8468,0.8468,0.84599,0.84665,317.0
2024-06-27 16:15:00,FX:EURGBP,0.84665,0.84687,0.8465,0.84661,376.0
2024-06-27 16:30:00,FX:EURGBP,0.84661,0.8469099999999999,0.84654,0.8467399999999999,1906.0
2024-06-27 16:45:00,FX:EURGBP,0.8467399999999999,0.84681,0.84664,0.84675,820.0
2024-06-27 17:00:00,FX:EURGBP,0.84675,0.84689,0.8466,0.84688,234.0
2024-06-27 17:15:00,FX:EURGBP,0.84688,0.84689,0.84683,0.84684,94.0
2024-06-27 17:30:00,FX:EURGBP,0.84684,0.84692,0.84683,0.84689,173.0
2024-06-27 17:45:00,FX:EURGBP,0.84689,0.8469,0.84685,0.84688,129.0
2024-06-27 18:00:00,FX:EURGBP,0.84688,0.84692,0.84688,0.8469,100.0
2024-06-27 18:15:00,FX:EURGBP,0.8469,0.84704,0.8469,0.84703,123.0
2024-06-27 18:30:00,FX:EURGBP,0.84703,0.84715,0.847,0.84706,382.0
2024-06-27 18:45:00,FX:EURGBP,0.84706,0.8470799999999999,0.8468,0.84685,565.0
2024-06-27 19:00:00,FX:EURGBP,0.84685,0.84695,0.8468,0.84692,884.0
2024-06-27 19:15:00,FX:EURGBP,0.84692,0.84697,0.84687,0.8469599999999999,641.0
2024-06-27 19:30:00,FX:EURGBP,0.8469599999999999,0.84703,0.8469,0.84697,660.0
2024-06-27 19:45:00,FX:EURGBP,0.84697,0.84722,0.84694,0.84706,1161.0
2024-06-27 20:00:00,FX:EURGBP,0.84706,0.8470799999999999,0.84682,0.84686,1279.0
2024-06-27 20:15:00,FX:EURGBP,0.84686,0.84692,0.84663,0.84672,1738.0
2024-06-27 20:30:00,FX:EURGBP,0.84672,0.84676,0.84645,0.84662,1815.0
2024-06-27 20:45:00,FX:EURGBP,0.84662,0.8467399999999999,0.84649,0.8466,1696.0
2024-06-27 21:00:00,FX:EURGBP,0.8466,0.84663,0.84639,0.84651,1776.0
2024-06-27 21:15:00,FX:EURGBP,0.84651,0.8465199999999999,0.8464,0.8465,1150.0
2024-06-27 21:30:00,FX:EURGBP,0.8465,0.84653,0.84638,0.84644,722.0
2024-06-27 21:45:00,FX:EURGBP,0.84644,0.84646,0.84621,0.84636,1010.0
2024-06-27 22:00:00,FX:EURGBP,0.84636,0.84651,0.8462999999999999,0.8465,1228.0
2024-06-27 22:15:00,FX:EURGBP,0.8465,0.8465199999999999,0.84638,0.84646,1214.0
2024-06-27 22:30:00,FX:EURGBP,0.84646,0.84656,0.84646,0.84651,710.0
2024-06-27 22:45:00,FX:EURGBP,0.84651,0.84658,0.84647,0.8465699999999999,520.0
2024-06-27 23:00:00,FX:EURGBP,0.8465699999999999,0.8466,0.84649,0.84651,413.0
2024-06-27 23:15:00,FX:EURGBP,0.84651,0.84662,0.84651,0.8465699999999999,520.0
2024-06-27 23:30:00,FX:EURGBP,0.8465699999999999,0.84664,0.84651,0.84656,504.0
2024-06-27 23:45:00,FX:EURGBP,0.84656,0.84662,0.84654,0.8465699999999999,541.0
2024-06-28 00:00:00,FX:EURGBP,0.8465699999999999,0.8466899999999999,0.84654,0.84655,663.0
2024-06-28 00:15:00,FX:EURGBP,0.84655,0.84659,0.8465,0.8465,471.0
2024-06-28 00:30:00,FX:EURGBP,0.8465,0.84651,0.84632,0.84634,557.0
2024-06-28 00:45:00,FX:EURGBP,0.84634,0.84637,0.84622,0.84625,945.0
2024-06-28 01:00:00,FX:EURGBP,0.84625,0.84643,0.8461299999999999,0.84624,2926.0
2024-06-28 01:15:00,FX:EURGBP,0.84624,0.84637,0.84605,0.84623,2369.0
2024-06-28 01:30:00,FX:EURGBP,0.84623,0.8464,0.84623,0.84639,1777.0
2024-06-28 01:45:00,FX:EURGBP,0.84639,0.84644,0.84616,0.84619,1906.0
2024-06-28 02:00:00,FX:EURGBP,0.84619,0.84653,0.84612,0.8461299999999999,2421.0
2024-06-28 02:15:00,FX:EURGBP,0.8461299999999999,0.84636,0.84586,0.8461,2542.0
2024-06-28 02:30:00,FX:EURGBP,0.8461,0.8463499999999999,0.846,0.84606,2811.0
2024-06-28 02:45:00,FX:EURGBP,0.84606,0.8460799999999999,0.84577,0.84603,1960.0
2024-06-28 03:00:00,FX:EURGBP,0.84603,0.84632,0.84582,0.84604,2451.0
2024-06-28 03:15:00,FX:EURGBP,0.84604,0.84628,0.84598,0.84626,2102.0
2024-06-28 03:30:00,FX:EURGBP,0.84626,0.8465,0.84625,0.84641,1800.0
2024-06-28 03:45:00,FX:EURGBP,0.84641,0.84682,0.84622,0.84662,2748.0
2024-06-28 04:00:00,FX:EURGBP,0.84662,0.84689,0.84624,0.84626,2928.0
2024-06-28 04:15:00,FX:EURGBP,0.84626,0.8463499999999999,0.84607,0.84617,2283.0
2024-06-28 04:30:00,FX:EURGBP,0.84617,0.84667,0.8461,0.84645,2588.0
2024-06-28 04:45:00,FX:EURGBP,0.84645,0.84665,0.84629,0.84663,2016.0
2024-06-28 05:00:00,FX:EURGBP,0.84663,0.84682,0.8465,0.8467399999999999,1966.0
2024-06-28 05:15:00,FX:EURGBP,0.8467399999999999,0.84677,0.8465,0.8465199999999999,1811.0
2024-06-28 05:30:00,FX:EURGBP,0.8465199999999999,0.8466,0.84621,0.84643,2086.0
2024-06-28 05:45:00,FX:EURGBP,0.84643,0.84644,0.8461,0.84621,2114.0
2024-06-28 06:00:00,FX:EURGBP,0.84621,0.84646,0.84611,0.84637,1840.0
2024-06-28 06:15:00,FX:EURGBP,0.84637,0.84653,0.8462,0.84632,1608.0
2024-06-28 06:30:00,FX:EURGBP,0.84632,0.84639,0.84609,0.84636,2149.0
2024-06-28 06:45:00,FX:EURGBP,0.84636,0.84638,0.84595,0.84615,2242.0
2024-06-28 07:00:00,FX:EURGBP,0.84615,0.84649,0.8461299999999999,0.8464,2559.0
2024-06-28 07:15:00,FX:EURGBP,0.8464,0.84663,0.84631,0.8465199999999999,2184.0
2024-06-28 07:30:00,FX:EURGBP,0.8465199999999999,0.84658,0.84475,0.84628,7200.0
2024-06-28 07:45:00,FX:EURGBP,0.84628,0.84644,0.84614,0.84618,3806.0
2024-06-28 08:00:00,FX:EURGBP,0.84618,0.84654,0.84615,0.84628,3718.0
2024-06-28 08:15:00,FX:EURGBP,0.84628,0.84661,0.84622,0.84632,3876.0
2024-06-28 08:30:00,FX:EURGBP,0.84632,0.84655,0.84615,0.84654,4383.0
2024-06-28 08:45:00,FX:EURGBP,0.84654,0.8469,0.8464,0.8466899999999999,3672.0
2024-06-28 09:00:00,FX:EURGBP,0.8466899999999999,0.8474,0.84648,0.8473499999999999,5217.0
2024-06-28 09:15:00,FX:EURGBP,0.8473499999999999,0.84737,0.84694,0.84706,3751.0
2024-06-28 09:30:00,FX:EURGBP,0.84706,0.84751,0.84698,0.84723,4353.0
2024-06-28 09:45:00,FX:EURGBP,0.84723,0.84821,0.84718,0.84779,9140.0
2024-06-28 10:00:00,FX:EURGBP,0.84779,0.84788,0.84736,0.84758,6669.0
2024-06-28 10:15:00,FX:EURGBP,0.84758,0.84794,0.8474,0.8478,3671.0
2024-06-28 10:30:00,FX:EURGBP,0.8478,0.84798,0.84753,0.84762,2626.0
2024-06-28 10:45:00,FX:EURGBP,0.84762,0.84777,0.84741,0.84758,2761.0
2024-06-28 11:00:00,FX:EURGBP,0.84758,0.84797,0.84732,0.84793,3579.0
2024-06-28 11:15:00,FX:EURGBP,0.84793,0.84795,0.84746,0.84771,2849.0
2024-06-28 11:30:00,FX:EURGBP,0.84771,0.84793,0.84761,0.84764,2730.0
2024-06-28 11:45:00,FX:EURGBP,0.84764,0.84768,0.84749,0.84762,1821.0
2024-06-28 12:00:00,FX:EURGBP,0.84762,0.84772,0.84742,0.84744,2093.0
2024-06-28 12:15:00,FX:EURGBP,0.84744,0.84765,0.84734,0.84762,1860.0
2024-06-28 12:30:00,FX:EURGBP,0.84762,0.84773,0.84749,0.84767,2102.0
2024-06-28 12:45:00,FX:EURGBP,0.84767,0.8477,0.84753,0.84763,1341.0
2024-06-28 13:00:00,FX:EURGBP,0.84763,0.84767,0.84754,0.84761,1442.0
2024-06-28 13:15:00,FX:EURGBP,0.84761,0.84767,0.84747,0.84751,1486.0
2024-06-28 13:30:00,FX:EURGBP,0.84751,0.84756,0.84744,0.84751,1432.0
2024-06-28 13:45:00,FX:EURGBP,0.84751,0.84762,0.84734,0.8473499999999999,1587.0
2024-06-28 14:00:00,FX:EURGBP,0.8473499999999999,0.84771,0.84729,0.8477,1690.0
2024-06-28 14:15:00,FX:EURGBP,0.8477,0.8477,0.84754,0.84755,1115.0
2024-06-28 14:30:00,FX:EURGBP,0.84755,0.84759,0.84738,0.84748,2036.0
2024-06-28 14:45:00,FX:EURGBP,0.84748,0.8475199999999999,0.84724,0.84732,2085.0
2024-06-28 15:00:00,FX:EURGBP,0.84732,0.84732,0.84714,0.84719,1077.0
2024-06-28 15:15:00,FX:EURGBP,0.84719,0.84725,0.84707,0.84716,697.0
2024-06-28 15:30:00,FX:EURGBP,0.84716,0.84721,0.84705,0.84712,750.0
2024-06-28 15:45:00,FX:EURGBP,0.84712,0.84732,0.84686,0.84686,1400.0
2024-06-30 16:00:00,FX:EURGBP,0.84839,0.84883,0.84799,0.84883,258.0
2024-06-30 16:15:00,FX:EURGBP,0.84883,0.84937,0.84879,0.84892,520.0
2024-06-30 16:30:00,FX:EURGBP,0.84892,0.84912,0.84881,0.84881,968.0
2024-06-30 16:45:00,FX:EURGBP,0.84881,0.84892,0.8486,0.84882,1200.0
2024-06-30 17:00:00,FX:EURGBP,0.84882,0.84893,0.84843,0.84872,1498.0
2024-06-30 17:15:00,FX:EURGBP,0.84872,0.84892,0.84861,0.8489099999999999,978.0
2024-06-30 17:30:00,FX:EURGBP,0.8489099999999999,0.84893,0.84864,0.84867,713.0
2024-06-30 17:45:00,FX:EURGBP,0.84867,0.84877,0.8486,0.84876,467.0
2024-06-30 18:00:00,FX:EURGBP,0.84876,0.84894,0.84876,0.84887,674.0
2024-06-30 18:15:00,FX:EURGBP,0.84887,0.84893,0.8488,0.8488,367.0
2024-06-30 18:30:00,FX:EURGBP,0.8488,0.84882,0.84873,0.84876,346.0
2024-06-30 18:45:00,FX:EURGBP,0.84876,0.84883,0.8486899999999999,0.84871,516.0
2024-06-30 19:00:00,FX:EURGBP,0.84871,0.84898,0.8487,0.84885,1317.0
2024-06-30 19:15:00,FX:EURGBP,0.84885,0.84936,0.84885,0.84916,1479.0
2024-06-30 19:30:00,FX:EURGBP,0.84916,0.84941,0.84915,0.84938,1438.0
2024-06-30 19:45:00,FX:EURGBP,0.84938,0.84942,0.84927,0.84928,1782.0
2024-06-30 20:00:00,FX:EURGBP,0.84928,0.84928,0.84911,0.84923,1710.0
2024-06-30 20:15:00,FX:EURGBP,0.84923,0.8495,0.84916,0.84945,1924.0
2024-06-30 20:30:00,FX:EURGBP,0.84945,0.84964,0.84908,0.84911,2400.0
2024-06-30 20:45:00,FX:EURGBP,0.84911,0.84915,0.8489599999999999,0.84907,1785.0
2024-06-30 21:00:00,FX:EURGBP,0.84907,0.8491,0.84898,0.84907,1545.0
2024-06-30 21:15:00,FX:EURGBP,0.84907,0.84925,0.84905,0.84916,1091.0
2024-06-30 21:30:00,FX:EURGBP,0.84916,0.84925,0.84912,0.8492,1079.0
2024-06-30 21:45:00,FX:EURGBP,0.8492,0.84947,0.8491799999999999,0.84944,728.0
2024-06-30 22:00:00,FX:EURGBP,0.84944,0.84954,0.84937,0.84948,1053.0
2024-06-30 22:15:00,FX:EURGBP,0.84948,0.8496,0.84948,0.8495699999999999,732.0
2024-06-30 22:30:00,FX:EURGBP,0.8495699999999999,0.84964,0.8495199999999999,0.84955,504.0
2024-06-30 22:45:00,FX:EURGBP,0.84955,0.84963,0.84951,0.84961,608.0
2024-06-30 23:00:00,FX:EURGBP,0.84961,0.84983,0.8496,0.84983,477.0
2024-06-30 23:15:00,FX:EURGBP,0.84983,0.84985,0.84976,0.8497899999999999,834.0
2024-06-30 23:30:00,FX:EURGBP,0.8497899999999999,0.8497899999999999,0.84971,0.8497399999999999,463.0
2024-06-30 23:45:00,FX:EURGBP,0.8497399999999999,0.8497399999999999,0.84964,0.84969,521.0
2024-07-01 00:00:00,FX:EURGBP,0.84969,0.8498,0.84964,0.8497899999999999,765.0
2024-07-01 00:15:00,FX:EURGBP,0.8497899999999999,0.8497899999999999,0.84954,0.84958,1015.0
2024-07-01 00:30:00,FX:EURGBP,0.84958,0.84968,0.84955,0.84967,986.0
2024-07-01 00:45:00,FX:EURGBP,0.84967,0.84968,0.84912,0.84915,1440.0
2024-07-01 01:00:00,FX:EURGBP,0.84915,0.84954,0.84915,0.8492,3272.0
2024-07-01 01:15:00,FX:EURGBP,0.8492,0.8492999999999999,0.84901,0.84926,3382.0
2024-07-01 01:30:00,FX:EURGBP,0.84926,0.84939,0.84877,0.84887,3392.0
2024-07-01 01:45:00,FX:EURGBP,0.84887,0.8491299999999999,0.8486899999999999,0.84904,3362.0
2024-07-01 02:00:00,FX:EURGBP,0.84904,0.84989,0.84883,0.84926,4825.0
2024-07-01 02:15:00,FX:EURGBP,0.84926,0.84926,0.8488,0.84894,2856.0
2024-07-01 02:30:00,FX:EURGBP,0.84894,0.84912,0.84873,0.84901,2901.0
2024-07-01 02:45:00,FX:EURGBP,0.84901,0.84925,0.84885,0.84923,2829.0
2024-07-01 03:00:00,FX:EURGBP,0.84923,0.84926,0.84867,0.84881,3260.0
2024-07-01 03:15:00,FX:EURGBP,0.84881,0.84902,0.8487,0.84893,2654.0
2024-07-01 03:30:00,FX:EURGBP,0.84893,0.84948,0.84893,0.84938,2826.0
2024-07-01 03:45:00,FX:EURGBP,0.84938,0.84977,0.84936,0.84962,2299.0
2024-07-01 04:00:00,FX:EURGBP,0.84962,0.84976,0.84912,0.8491799999999999,2433.0
2024-07-01 04:15:00,FX:EURGBP,0.8491799999999999,0.84948,0.84917,0.84931,2148.0
2024-07-01 04:30:00,FX:EURGBP,0.84931,0.84942,0.84905,0.8491299999999999,1637.0
2024-07-01 04:45:00,FX:EURGBP,0.8491299999999999,0.84922,0.84887,0.8489,1930.0
2024-07-01 05:00:00,FX:EURGBP,0.8489,0.84894,0.84845,0.84848,1867.0
2024-07-01 05:15:00,FX:EURGBP,0.84848,0.84887,0.84848,0.84858,2333.0
2024-07-01 05:30:00,FX:EURGBP,0.84858,0.8487399999999999,0.84826,0.84838,2145.0
2024-07-01 05:45:00,FX:EURGBP,0.84838,0.84849,0.84812,0.8481799999999999,2441.0
2024-07-01 06:00:00,FX:EURGBP,0.8481799999999999,0.8482,0.84782,0.84803,2175.0
2024-07-01 06:15:00,FX:EURGBP,0.84803,0.84823,0.84797,0.8482,1593.0
2024-07-01 06:30:00,FX:EURGBP,0.8482,0.84827,0.84799,0.84811,1657.0
2024-07-01 06:45:00,FX:EURGBP,0.84811,0.84811,0.84781,0.8479,2457.0
2024-07-01 07:00:00,FX:EURGBP,0.8479,0.84802,0.84781,0.84798,2112.0
2024-07-01 07:15:00,FX:EURGBP,0.84798,0.84812,0.84788,0.84795,2262.0
2024-07-01 07:30:00,FX:EURGBP,0.84795,0.84858,0.84787,0.84856,2448.0
2024-07-01 07:45:00,FX:EURGBP,0.84856,0.8486,0.84833,0.8486,2069.0
2024-07-01 08:00:00,FX:EURGBP,0.8486,0.84898,0.84859,0.8486899999999999,2986.0
2024-07-01 08:15:00,FX:EURGBP,0.8486899999999999,0.84881,0.8486,0.84866,2339.0
2024-07-01 08:30:00,FX:EURGBP,0.84866,0.8486899999999999,0.84808,0.84814,3033.0
2024-07-01 08:45:00,FX:EURGBP,0.84814,0.84832,0.84771,0.84783,1979.0
2024-07-01 09:00:00,FX:EURGBP,0.84783,0.84801,0.84654,0.84792,6595.0
2024-07-01 09:15:00,FX:EURGBP,0.84792,0.84823,0.84772,0.84812,3731.0
2024-07-01 09:30:00,FX:EURGBP,0.84812,0.84851,0.84807,0.8484,3582.0
2024-07-01 09:45:00,FX:EURGBP,0.8484,0.84882,0.84831,0.84847,4655.0
2024-07-01 10:00:00,FX:EURGBP,0.84847,0.84863,0.8482,0.84845,4188.0
2024-07-01 10:15:00,FX:EURGBP,0.84845,0.84862,0.84832,0.84846,3173.0
2024-07-01 10:30:00,FX:EURGBP,0.84846,0.8485,0.84819,0.84829,2307.0
2024-07-01 10:45:00,FX:EURGBP,0.84829,0.84847,0.84816,0.84819,1986.0
2024-07-01 11:00:00,FX:EURGBP,0.84819,0.8482999999999999,0.84801,0.8482,1499.0
2024-07-01 11:15:00,FX:EURGBP,0.8482,0.84831,0.84788,0.84802,1726.0
2024-07-01 11:30:00,FX:EURGBP,0.84802,0.84837,0.84797,0.84836,1627.0
2024-07-01 11:45:00,FX:EURGBP,0.84836,0.84855,0.84831,0.84844,2070.0
2024-07-01 12:00:00,FX:EURGBP,0.84844,0.84867,0.8484,0.84865,1387.0
2024-07-01 12:15:00,FX:EURGBP,0.84865,0.8486899999999999,0.84854,0.84862,1296.0
2024-07-01 12:30:00,FX:EURGBP,0.84862,0.84873,0.84859,0.84863,1304.0
2024-07-01 12:45:00,FX:EURGBP,0.84863,0.84883,0.84862,0.84883,1131.0
2024-07-01 13:00:00,FX:EURGBP,0.84883,0.84895,0.84881,0.84892,1306.0
2024-07-01 13:15:00,FX:EURGBP,0.84892,0.84893,0.84878,0.84882,1044.0
2024-07-01 13:30:00,FX:EURGBP,0.84882,0.84895,0.8488,0.84884,1066.0
2024-07-01 13:45:00,FX:EURGBP,0.84884,0.84886,0.8487399999999999,0.84878,1228.0
2024-07-01 14:00:00,FX:EURGBP,0.84878,0.84898,0.8486899999999999,0.8489599999999999,1330.0
2024-07-01 14:15:00,FX:EURGBP,0.8489599999999999,0.84917,0.84895,0.84917,868.0
2024-07-01 14:30:00,FX:EURGBP,0.84917,0.84921,0.84911,0.84915,821.0
2024-07-01 14:45:00,FX:EURGBP,0.84915,0.8493499999999999,0.8491299999999999,0.84931,1026.0
2024-07-01 15:00:00,FX:EURGBP,0.84931,0.84939,0.84919,0.84921,549.0
2024-07-01 15:15:00,FX:EURGBP,0.84921,0.84928,0.84917,0.84927,293.0
2024-07-01 15:30:00,FX:EURGBP,0.84927,0.84934,0.84916,0.8492,469.0
2024-07-01 15:45:00,FX:EURGBP,0.8492,0.8492,0.84881,0.849,689.0
2024-07-01 16:00:00,FX:EURGBP,0.849,0.849,0.84844,0.84872,216.0
2024-07-01 16:15:00,FX:EURGBP,0.84872,0.849,0.84836,0.84879,394.0
2024-07-01 16:30:00,FX:EURGBP,0.84879,0.84911,0.8487,0.8489099999999999,788.0
2024-07-01 16:45:00,FX:EURGBP,0.8489099999999999,0.84906,0.84879,0.84886,572.0
2024-07-01 17:00:00,FX:EURGBP,0.84886,0.84907,0.84871,0.84901,469.0
2024-07-01 17:15:00,FX:EURGBP,0.84901,0.84911,0.84901,0.84905,144.0
2024-07-01 17:30:00,FX:EURGBP,0.84905,0.8491299999999999,0.849,0.84902,224.0
2024-07-01 17:45:00,FX:EURGBP,0.84902,0.84906,0.84902,0.84905,147.0
2024-07-01 18:00:00,FX:EURGBP,0.84905,0.84912,0.84904,0.84905,546.0
2024-07-01 18:15:00,FX:EURGBP,0.84905,0.84908,0.849,0.84907,336.0
2024-07-01 18:30:00,FX:EURGBP,0.84907,0.84914,0.84906,0.8491,521.0
2024-07-01 18:45:00,FX:EURGBP,0.8491,0.8491299999999999,0.84904,0.84905,290.0
2024-07-01 19:00:00,FX:EURGBP,0.84905,0.84912,0.84902,0.84908,1101.0
2024-07-01 19:15:00,FX:EURGBP,0.84908,0.84912,0.84903,0.84905,841.0
2024-07-01 19:30:00,FX:EURGBP,0.84905,0.8492,0.84902,0.84916,1087.0
2024-07-01 19:45:00,FX:EURGBP,0.84916,0.84925,0.84914,0.8491799999999999,1031.0
2024-07-01 20:00:00,FX:EURGBP,0.8491799999999999,0.84924,0.84908,0.84924,867.0
2024-07-01 20:15:00,FX:EURGBP,0.84924,0.84942,0.84923,0.84938,1005.0
2024-07-01 20:30:00,FX:EURGBP,0.84938,0.84938,0.8492,0.84925,679.0
2024-07-01 20:45:00,FX:EURGBP,0.84925,0.84931,0.84919,0.84922,816.0
2024-07-01 21:00:00,FX:EURGBP,0.84922,0.84929,0.84921,0.84928,841.0
2024-07-01 21:15:00,FX:EURGBP,0.84928,0.84929,0.84911,0.8491799999999999,694.0
2024-07-01 21:30:00,FX:EURGBP,0.8491799999999999,0.8492999999999999,0.8491299999999999,0.84929,542.0
2024-07-01 21:45:00,FX:EURGBP,0.84929,0.8495,0.84928,0.84948,885.0
2024-07-01 22:00:00,FX:EURGBP,0.84948,0.84949,0.8494,0.84946,727.0
2024-07-01 22:15:00,FX:EURGBP,0.84946,0.84955,0.84945,0.84948,711.0
2024-07-01 22:30:00,FX:EURGBP,0.84948,0.8495199999999999,0.8494,0.84942,733.0
2024-07-01 22:45:00,FX:EURGBP,0.84942,0.84951,0.84942,0.84946,625.0
2024-07-01 23:00:00,FX:EURGBP,0.84946,0.8495,0.84942,0.84943,379.0
2024-07-01 23:15:00,FX:EURGBP,0.84943,0.84945,0.8493499999999999,0.8494,707.0
2024-07-01 23:30:00,FX:EURGBP,0.8494,0.84944,0.84926,0.84929,566.0
2024-07-01 23:45:00,FX:EURGBP,0.84929,0.84933,0.8492,0.84929,545.0
2024-07-02 00:00:00,FX:EURGBP,0.84929,0.8493499999999999,0.84921,0.84922,715.0
2024-07-02 00:15:00,FX:EURGBP,0.84922,0.84924,0.849,0.84902,626.0
2024-07-02 00:30:00,FX:EURGBP,0.84902,0.84928,0.84902,0.84923,699.0
2024-07-02 00:45:00,FX:EURGBP,0.84923,0.84933,0.8492,0.8492,983.0
2024-07-02 01:00:00,FX:EURGBP,0.8492,0.84943,0.84916,0.84925,1919.0
2024-07-02 01:15:00,FX:EURGBP,0.84925,0.84932,0.8492,0.8492999999999999,2085.0
2024-07-02 01:30:00,FX:EURGBP,0.8492999999999999,0.84934,0.8491,0.84927,1922.0
2024-07-02 01:45:00,FX:EURGBP,0.84927,0.84931,0.8489099999999999,0.84898,2284.0
2024-07-02 02:00:00,FX:EURGBP,0.84898,0.84929,0.84881,0.84901,3063.0
2024-07-02 02:15:00,FX:EURGBP,0.84901,0.84927,0.84884,0.84904,3118.0
2024-07-02 02:30:00,FX:EURGBP,0.84904,0.84946,0.8489599999999999,0.84915,3216.0
2024-07-02 02:45:00,FX:EURGBP,0.84915,0.8492,0.84881,0.84895,2876.0
2024-07-02 03:00:00,FX:EURGBP,0.84895,0.84914,0.84883,0.84904,2689.0
2024-07-02 03:15:00,FX:EURGBP,0.84904,0.84906,0.84867,0.84868,2654.0
2024-07-02 03:30:00,FX:EURGBP,0.84868,0.84879,0.84855,0.8486899999999999,2117.0
2024-07-02 03:45:00,FX:EURGBP,0.8486899999999999,0.84894,0.84859,0.84887,2655.0
2024-07-02 04:00:00,FX:EURGBP,0.84887,0.84898,0.8485199999999999,0.84859,2595.0
2024-07-02 04:15:00,FX:EURGBP,0.84859,0.84864,0.8482999999999999,0.84832,2558.0
2024-07-02 04:30:00,FX:EURGBP,0.84832,0.8485,0.8481299999999999,0.84814,2169.0
2024-07-02 04:45:00,FX:EURGBP,0.84814,0.8481799999999999,0.84782,0.84783,1632.0
2024-07-02 05:00:00,FX:EURGBP,0.84783,0.84804,0.84779,0.84795,1905.0
2024-07-02 05:15:00,FX:EURGBP,0.84795,0.84823,0.84794,0.84812,1625.0
2024-07-02 05:30:00,FX:EURGBP,0.84812,0.8481299999999999,0.8476899999999999,0.84786,1834.0
2024-07-02 05:45:00,FX:EURGBP,0.84786,0.84786,0.84738,0.84772,2578.0
2024-07-02 06:00:00,FX:EURGBP,0.84772,0.8477399999999999,0.84725,0.8475199999999999,1779.0
2024-07-02 06:15:00,FX:EURGBP,0.8475199999999999,0.84778,0.8473499999999999,0.84767,1793.0
2024-07-02 06:30:00,FX:EURGBP,0.84767,0.8477399999999999,0.84745,0.84761,1718.0
2024-07-02 06:45:00,FX:EURGBP,0.84761,0.84776,0.84745,0.8475,1963.0
2024-07-02 07:00:00,FX:EURGBP,0.8475,0.84767,0.8473499999999999,0.84759,2855.0
2024-07-02 07:15:00,FX:EURGBP,0.84759,0.84773,0.84741,0.84764,2946.0
2024-07-02 07:30:00,FX:EURGBP,0.84764,0.84776,0.84736,0.84743,2402.0
2024-07-02 07:45:00,FX:EURGBP,0.84743,0.84753,0.8470799999999999,0.84738,2343.0
2024-07-02 08:00:00,FX:EURGBP,0.84738,0.84739,0.847,0.84707,2848.0
2024-07-02 08:15:00,FX:EURGBP,0.84707,0.84727,0.84702,0.84718,2609.0
2024-07-02 08:30:00,FX:EURGBP,0.84718,0.84751,0.84698,0.84709,4128.0
2024-07-02 08:45:00,FX:EURGBP,0.84709,0.84728,0.84698,0.84706,3642.0
2024-07-02 09:00:00,FX:EURGBP,0.84706,0.8474,0.8469,0.8470799999999999,7849.0
2024-07-02 09:15:00,FX:EURGBP,0.8470799999999999,0.8471299999999999,0.84671,0.84679,3242.0
2024-07-02 09:30:00,FX:EURGBP,0.84679,0.84701,0.84666,0.84675,2954.0
2024-07-02 09:45:00,FX:EURGBP,0.84675,0.8475199999999999,0.84673,0.84749,3372.0
2024-07-02 10:00:00,FX:EURGBP,0.84749,0.84761,0.84694,0.84709,3360.0
2024-07-02 10:15:00,FX:EURGBP,0.84709,0.84715,0.84675,0.84692,2542.0
2024-07-02 10:30:00,FX:EURGBP,0.84692,0.84698,0.8466,0.8468,1806.0
2024-07-02 10:45:00,FX:EURGBP,0.8468,0.84703,0.84668,0.847,1796.0
2024-07-02 11:00:00,FX:EURGBP,0.847,0.84722,0.84695,0.84714,1777.0
2024-07-02 11:15:00,FX:EURGBP,0.84714,0.84715,0.84698,0.84703,1353.0
2024-07-02 11:30:00,FX:EURGBP,0.84703,0.84727,0.847,0.84725,1004.0
2024-07-02 11:45:00,FX:EURGBP,0.84725,0.8472999999999999,0.8471,0.84714,1346.0
2024-07-02 12:00:00,FX:EURGBP,0.84714,0.84728,0.8470799999999999,0.84726,1568.0
2024-07-02 12:15:00,FX:EURGBP,0.84726,0.84742,0.84726,0.84737,898.0
2024-07-02 12:30:00,FX:EURGBP,0.84737,0.84746,0.84727,0.8473499999999999,920.0
2024-07-02 12:45:00,FX:EURGBP,0.8473499999999999,0.84737,0.84704,0.84706,991.0
2024-07-02 13:00:00,FX:EURGBP,0.84706,0.84716,0.84704,0.84707,1133.0
2024-07-02 13:15:00,FX:EURGBP,0.84707,0.84712,0.84701,0.84702,1305.0
2024-07-02 13:30:00,FX:EURGBP,0.84702,0.84707,0.84692,0.84695,658.0
2024-07-02 13:45:00,FX:EURGBP,0.84695,0.84698,0.84688,0.84692,1256.0
2024-07-02 14:00:00,FX:EURGBP,0.84692,0.84706,0.8469099999999999,0.84703,930.0
2024-07-02 14:15:00,FX:EURGBP,0.84703,0.84707,0.84693,0.84706,626.0
2024-07-02 14:30:00,FX:EURGBP,0.84706,0.84706,0.84694,0.84699,1012.0
2024-07-02 14:45:00,FX:EURGBP,0.84699,0.84702,0.8469099999999999,0.84697,1091.0
2024-07-02 15:00:00,FX:EURGBP,0.84697,0.8471,0.84694,0.84701,470.0
2024-07-02 15:15:00,FX:EURGBP,0.84701,0.84707,0.84701,0.84704,344.0
2024-07-02 15:30:00,FX:EURGBP,0.84704,0.8470799999999999,0.84701,0.84707,264.0
2024-07-02 15:45:00,FX:EURGBP,0.84707,0.84711,0.84702,0.84704,407.0
2024-07-02 16:00:00,FX:EURGBP,0.84704,0.84712,0.84612,0.84683,250.0
2024-07-02 16:15:00,FX:EURGBP,0.84683,0.84715,0.84661,0.84684,432.0
2024-07-02 16:30:00,FX:EURGBP,0.84684,0.84707,0.84681,0.84699,963.0
2024-07-02 16:45:00,FX:EURGBP,0.84699,0.84712,0.8469,0.84704,583.0
2024-07-02 17:00:00,FX:EURGBP,0.84704,0.8471299999999999,0.84698,0.8470799999999999,320.0
2024-07-02 17:15:00,FX:EURGBP,0.8470799999999999,0.8470799999999999,0.84693,0.84695,315.0
2024-07-02 17:30:00,FX:EURGBP,0.84695,0.84701,0.84694,0.84695,146.0
2024-07-02 17:45:00,FX:EURGBP,0.84695,0.84698,0.8469,0.84693,162.0
2024-07-02 18:00:00,FX:EURGBP,0.84693,0.84702,0.84692,0.8469599999999999,325.0
2024-07-02 18:15:00,FX:EURGBP,0.8469599999999999,0.847,0.84693,0.8469599999999999,188.0
2024-07-02 18:30:00,FX:EURGBP,0.8469599999999999,0.84712,0.84694,0.8470799999999999,409.0
2024-07-02 18:45:00,FX:EURGBP,0.8470799999999999,0.84714,0.84703,0.8471299999999999,443.0
2024-07-02 19:00:00,FX:EURGBP,0.8471299999999999,0.84725,0.84701,0.84719,845.0
2024-07-02 19:15:00,FX:EURGBP,0.84719,0.84729,0.84715,0.8472,650.0
2024-07-02 19:30:00,FX:EURGBP,0.8472,0.8472,0.84705,0.8471,699.0
2024-07-02 19:45:00,FX:EURGBP,0.8471,0.84715,0.84695,0.84704,761.0
2024-07-02 20:00:00,FX:EURGBP,0.84704,0.84706,0.8469,0.8469099999999999,571.0
2024-07-02 20:15:00,FX:EURGBP,0.8469099999999999,0.84698,0.84687,0.84692,390.0
2024-07-02 20:30:00,FX:EURGBP,0.84692,0.84698,0.84686,0.84693,849.0
2024-07-02 20:45:00,FX:EURGBP,0.84693,0.847,0.84689,0.8469099999999999,639.0
2024-07-02 21:00:00,FX:EURGBP,0.8469099999999999,0.847,0.8469099999999999,0.84699,762.0
2024-07-02 21:15:00,FX:EURGBP,0.84699,0.84704,0.84695,0.84697,407.0
2024-07-02 21:30:00,FX:EURGBP,0.84697,0.84704,0.8469,0.84692,695.0
2024-07-02 21:45:00,FX:EURGBP,0.84692,0.84705,0.8469099999999999,0.847,557.0
2024-07-02 22:00:00,FX:EURGBP,0.847,0.84701,0.84689,0.84693,503.0
2024-07-02 22:15:00,FX:EURGBP,0.84693,0.8469599999999999,0.8469,0.84693,313.0
2024-07-02 22:30:00,FX:EURGBP,0.84693,0.84694,0.84688,0.8469,431.0
2024-07-02 22:45:00,FX:EURGBP,0.8469,0.84692,0.84683,0.84685,401.0
2024-07-02 23:00:00,FX:EURGBP,0.84685,0.84686,0.84679,0.84681,686.0
2024-07-02 23:15:00,FX:EURGBP,0.84681,0.84683,0.84678,0.84678,467.0
2024-07-02 23:30:00,FX:EURGBP,0.84678,0.84681,0.8467399999999999,0.84678,498.0
2024-07-02 23:45:00,FX:EURGBP,0.84678,0.84678,0.84671,0.84673,368.0
2024-07-03 00:00:00,FX:EURGBP,0.84673,0.84679,0.84668,0.84672,607.0
2024-07-03 00:15:00,FX:EURGBP,0.84672,0.84688,0.8466899999999999,0.84684,467.0
2024-07-03 00:30:00,FX:EURGBP,0.84684,0.84688,0.84678,0.84681,655.0
2024-07-03 00:45:00,FX:EURGBP,0.84681,0.84688,0.84672,0.84679,440.0
2024-07-03 01:00:00,FX:EURGBP,0.84679,0.84693,0.8467,0.84686,1951.0
2024-07-03 01:15:00,FX:EURGBP,0.84686,0.84689,0.84676,0.84682,1757.0
2024-07-03 01:30:00,FX:EURGBP,0.84682,0.84682,0.84668,0.84671,1261.0
2024-07-03 01:45:00,FX:EURGBP,0.84671,0.8471,0.84663,0.84706,2090.0
2024-07-03 02:00:00,FX:EURGBP,0.84706,0.84743,0.84706,0.84718,2956.0
2024-07-03 02:15:00,FX:EURGBP,0.84718,0.8475699999999999,0.84703,0.84721,2105.0
2024-07-03 02:30:00,FX:EURGBP,0.84721,0.8475,0.84715,0.84746,2134.0
2024-07-03 02:45:00,FX:EURGBP,0.84746,0.84781,0.84739,0.84766,2899.0
2024-07-03 03:00:00,FX:EURGBP,0.84766,0.84776,0.84743,0.84754,2095.0
2024-07-03 03:15:00,FX:EURGBP,0.84754,0.8476899999999999,0.84744,0.84754,2066.0
2024-07-03 03:30:00,FX:EURGBP,0.84754,0.8475699999999999,0.84723,0.84748,2217.0
2024-07-03 03:45:00,FX:EURGBP,0.84748,0.84764,0.84732,0.84739,2039.0
2024-07-03 04:00:00,FX:EURGBP,0.84739,0.84759,0.84727,0.84747,1694.0
2024-07-03 04:15:00,FX:EURGBP,0.84747,0.84749,0.84734,0.84741,1932.0
2024-07-03 04:30:00,FX:EURGBP,0.84741,0.84753,0.84731,0.84734,1516.0
2024-07-03 04:45:00,FX:EURGBP,0.84734,0.8474,0.84705,0.84707,2272.0
2024-07-03 05:00:00,FX:EURGBP,0.84707,0.84719,0.84698,0.84704,1702.0
2024-07-03 05:15:00,FX:EURGBP,0.84704,0.84743,0.84684,0.84734,1816.0
2024-07-03 05:30:00,FX:EURGBP,0.84734,0.84741,0.84679,0.84683,1842.0
2024-07-03 05:45:00,FX:EURGBP,0.84683,0.84717,0.84683,0.8471299999999999,1885.0
2024-07-03 06:00:00,FX:EURGBP,0.8471299999999999,0.84731,0.84701,0.84726,1361.0
2024-07-03 06:15:00,FX:EURGBP,0.84726,0.84743,0.84714,0.84722,1922.0
2024-07-03 06:30:00,FX:EURGBP,0.84722,0.84722,0.84687,0.84702,1745.0
2024-07-03 06:45:00,FX:EURGBP,0.84702,0.84705,0.8466,0.84663,1998.0
2024-07-03 07:00:00,FX:EURGBP,0.84663,0.84686,0.84644,0.84649,2078.0
2024-07-03 07:15:00,FX:EURGBP,0.84649,0.84694,0.8462,0.84686,3208.0
2024-07-03 07:30:00,FX:EURGBP,0.84686,0.84724,0.84678,0.84711,3881.0
2024-07-03 07:45:00,FX:EURGBP,0.84711,0.84719,0.84694,0.84712,2614.0
2024-07-03 08:00:00,FX:EURGBP,0.84712,0.84717,0.84661,0.84662,2436.0
2024-07-03 08:15:00,FX:EURGBP,0.84662,0.84678,0.84656,0.8467,2451.0
2024-07-03 08:30:00,FX:EURGBP,0.8467,0.84683,0.84648,0.84658,2412.0
2024-07-03 08:45:00,FX:EURGBP,0.84658,0.84697,0.84654,0.84661,3168.0
2024-07-03 09:00:00,FX:EURGBP,0.84661,0.84712,0.84543,0.84654,8764.0
2024-07-03 09:15:00,FX:EURGBP,0.84654,0.84668,0.84638,0.84645,4487.0
2024-07-03 09:30:00,FX:EURGBP,0.84645,0.84668,0.84599,0.84601,3815.0
2024-07-03 09:45:00,FX:EURGBP,0.84601,0.8468,0.84587,0.84671,5106.0
2024-07-03 10:00:00,FX:EURGBP,0.84671,0.84682,0.8462999999999999,0.84638,4128.0
2024-07-03 10:15:00,FX:EURGBP,0.84638,0.84648,0.8461,0.8462,3177.0
2024-07-03 10:30:00,FX:EURGBP,0.8462,0.84639,0.84607,0.8462,3182.0
2024-07-03 10:45:00,FX:EURGBP,0.8462,0.84624,0.84586,0.84604,2220.0
2024-07-03 11:00:00,FX:EURGBP,0.84604,0.84616,0.84587,0.84609,1712.0
2024-07-03 11:15:00,FX:EURGBP,0.84609,0.84617,0.84599,0.84612,1911.0
2024-07-03 11:30:00,FX:EURGBP,0.84612,0.84626,0.84606,0.8461299999999999,1698.0
2024-07-03 11:45:00,FX:EURGBP,0.8461299999999999,0.84649,0.8461,0.84645,1558.0
2024-07-03 12:00:00,FX:EURGBP,0.84645,0.84647,0.84628,0.84639,1314.0
2024-07-03 12:15:00,FX:EURGBP,0.84639,0.84648,0.84636,0.84648,1111.0
2024-07-03 12:30:00,FX:EURGBP,0.84648,0.8465699999999999,0.8462999999999999,0.84656,902.0
2024-07-03 12:45:00,FX:EURGBP,0.84656,0.84668,0.84644,0.84645,866.0
2024-07-03 13:00:00,FX:EURGBP,0.84645,0.84654,0.84628,0.84631,933.0
2024-07-03 13:15:00,FX:EURGBP,0.84631,0.84642,0.84625,0.84639,1510.0
2024-07-03 13:30:00,FX:EURGBP,0.84639,0.84659,0.84637,0.84653,1213.0
2024-07-03 13:45:00,FX:EURGBP,0.84653,0.8466,0.84633,0.84643,832.0
2024-07-03 14:00:00,FX:EURGBP,0.84643,0.84653,0.8463499999999999,0.84649,998.0
2024-07-03 14:15:00,FX:EURGBP,0.84649,0.8467,0.84646,0.84655,871.0
2024-07-03 14:30:00,FX:EURGBP,0.84655,0.84663,0.84651,0.84656,452.0
2024-07-03 14:45:00,FX:EURGBP,0.84656,0.84667,0.8465,0.8465199999999999,627.0
2024-07-03 15:00:00,FX:EURGBP,0.8465199999999999,0.84659,0.84647,0.8465699999999999,330.0
2024-07-03 15:15:00,FX:EURGBP,0.8465699999999999,0.84668,0.84653,0.84664,215.0
2024-07-03 15:30:00,FX:EURGBP,0.84664,0.84666,0.84653,0.84655,200.0
2024-07-03 15:45:00,FX:EURGBP,0.84655,0.84665,0.84585,0.84585,421.0
2024-07-03 16:00:00,FX:EURGBP,0.84585,0.84607,0.8454699999999999,0.846,364.0
2024-07-03 16:15:00,FX:EURGBP,0.846,0.84617,0.8457399999999999,0.84614,404.0
2024-07-03 16:30:00,FX:EURGBP,0.84614,0.84633,0.84592,0.84614,2948.0
2024-07-03 16:45:00,FX:EURGBP,0.84614,0.84627,0.84598,0.8462,700.0
2024-07-03 17:00:00,FX:EURGBP,0.8462,0.84649,0.8462,0.84641,358.0
2024-07-03 17:15:00,FX:EURGBP,0.84641,0.84643,0.84637,0.84643,125.0
2024-07-03 17:30:00,FX:EURGBP,0.84643,0.84646,0.84639,0.84645,144.0
2024-07-03 17:45:00,FX:EURGBP,0.84645,0.84651,0.84645,0.84649,122.0
2024-07-03 18:00:00,FX:EURGBP,0.84649,0.84653,0.84647,0.8465199999999999,215.0
2024-07-03 18:15:00,FX:EURGBP,0.8465199999999999,0.84659,0.84647,0.84654,218.0
2024-07-03 18:30:00,FX:EURGBP,0.84654,0.84655,0.84643,0.8465,255.0
2024-07-03 18:45:00,FX:EURGBP,0.8465,0.84656,0.84648,0.84655,451.0
2024-07-03 19:00:00,FX:EURGBP,0.84655,0.84662,0.84647,0.84651,1180.0
2024-07-03 19:15:00,FX:EURGBP,0.84651,0.84653,0.84643,0.84651,668.0
2024-07-03 19:30:00,FX:EURGBP,0.84651,0.8465199999999999,0.84645,0.84647,465.0
2024-07-03 19:45:00,FX:EURGBP,0.84647,0.84648,0.84637,0.84642,718.0
2024-07-03 20:00:00,FX:EURGBP,0.84642,0.84653,0.84634,0.84639,1209.0
2024-07-03 20:15:00,FX:EURGBP,0.84639,0.84646,0.84633,0.84637,963.0
2024-07-03 20:30:00,FX:EURGBP,0.84637,0.8464,0.84625,0.84632,493.0
2024-07-03 20:45:00,FX:EURGBP,0.84632,0.84633,0.84625,0.84628,586.0
2024-07-03 21:00:00,FX:EURGBP,0.84628,0.84636,0.84626,0.84629,484.0
2024-07-03 21:15:00,FX:EURGBP,0.84629,0.84633,0.84617,0.84618,451.0
2024-07-03 21:30:00,FX:EURGBP,0.84618,0.8463499999999999,0.84618,0.84633,439.0
2024-07-03 21:45:00,FX:EURGBP,0.84633,0.8463499999999999,0.84623,0.84624,339.0
2024-07-03 22:00:00,FX:EURGBP,0.84624,0.84628,0.84621,0.84627,434.0
2024-07-03 22:15:00,FX:EURGBP,0.84627,0.84631,0.84623,0.84629,180.0
2024-07-03 22:30:00,FX:EURGBP,0.84629,0.8463499999999999,0.84627,0.8463499999999999,373.0
2024-07-03 22:45:00,FX:EURGBP,0.8463499999999999,0.84642,0.84628,0.84642,328.0
2024-07-03 23:00:00,FX:EURGBP,0.84642,0.84642,0.84636,0.84637,313.0
2024-07-03 23:15:00,FX:EURGBP,0.84637,0.84644,0.84637,0.84639,252.0
2024-07-03 23:30:00,FX:EURGBP,0.84639,0.84641,0.84633,0.84636,338.0
2024-07-03 23:45:00,FX:EURGBP,0.84636,0.84643,0.84634,0.8464,268.0
2024-07-04 00:00:00,FX:EURGBP,0.8464,0.84643,0.84637,0.84641,360.0
2024-07-04 00:15:00,FX:EURGBP,0.84641,0.84647,0.84639,0.84646,291.0
2024-07-04 00:30:00,FX:EURGBP,0.84646,0.8465699999999999,0.84644,0.84647,606.0
2024-07-04 00:45:00,FX:EURGBP,0.84647,0.8465,0.8463499999999999,0.84638,804.0
2024-07-04 01:00:00,FX:EURGBP,0.84638,0.84647,0.84621,0.84629,2040.0
2024-07-04 01:15:00,FX:EURGBP,0.84629,0.84643,0.84625,0.8463499999999999,1874.0
2024-07-04 01:30:00,FX:EURGBP,0.8463499999999999,0.84665,0.84632,0.8465199999999999,2669.0
2024-07-04 01:45:00,FX:EURGBP,0.8465199999999999,0.84655,0.84637,0.84648,2253.0
2024-07-04 02:00:00,FX:EURGBP,0.84648,0.84655,0.84621,0.84648,2169.0
2024-07-04 02:15:00,FX:EURGBP,0.84648,0.84701,0.84639,0.84688,2638.0
2024-07-04 02:30:00,FX:EURGBP,0.84688,0.8469099999999999,0.8465699999999999,0.84662,2494.0
2024-07-04 02:45:00,FX:EURGBP,0.84662,0.8467399999999999,0.84632,0.8464,1774.0
2024-07-04 03:00:00,FX:EURGBP,0.8464,0.84647,0.84603,0.84616,2451.0
2024-07-04 03:15:00,FX:EURGBP,0.84616,0.84664,0.84603,0.84661,2160.0
2024-07-04 03:30:00,FX:EURGBP,0.84661,0.84689,0.84661,0.84679,2482.0
2024-07-04 03:45:00,FX:EURGBP,0.84679,0.8471,0.84676,0.84685,2610.0
2024-07-04 04:00:00,FX:EURGBP,0.84685,0.84694,0.84668,0.8467,2253.0
2024-07-04 04:15:00,FX:EURGBP,0.8467,0.84683,0.84668,0.8467399999999999,2123.0
2024-07-04 04:30:00,FX:EURGBP,0.8467399999999999,0.8469,0.8467,0.8468,1694.0
2024-07-04 04:45:00,FX:EURGBP,0.8468,0.84692,0.84662,0.84687,1979.0
2024-07-04 05:00:00,FX:EURGBP,0.84687,0.84698,0.8463499999999999,0.8463499999999999,1814.0
2024-07-04 05:15:00,FX:EURGBP,0.8463499999999999,0.84646,0.84621,0.84626,1826.0
2024-07-04 05:30:00,FX:EURGBP,0.84626,0.84629,0.84605,0.84626,1979.0
2024-07-04 05:45:00,FX:EURGBP,0.84626,0.8467,0.84625,0.8467,1867.0
2024-07-04 06:00:00,FX:EURGBP,0.8467,0.84675,0.84649,0.84662,2093.0
2024-07-04 06:15:00,FX:EURGBP,0.84662,0.84662,0.84644,0.84647,1043.0
2024-07-04 06:30:00,FX:EURGBP,0.84647,0.84679,0.84645,0.84664,1164.0
2024-07-04 06:45:00,FX:EURGBP,0.84664,0.84686,0.84659,0.84664,1881.0
2024-07-04 07:00:00,FX:EURGBP,0.84664,0.8466899999999999,0.84643,0.8465699999999999,1843.0
2024-07-04 07:15:00,FX:EURGBP,0.8465699999999999,0.84672,0.84648,0.8466,1614.0
2024-07-04 07:30:00,FX:EURGBP,0.8466,0.84698,0.84659,0.84693,1574.0
2024-07-04 07:45:00,FX:EURGBP,0.84693,0.8471299999999999,0.84683,0.84685,2065.0
2024-07-04 08:00:00,FX:EURGBP,0.84685,0.84693,0.84665,0.84665,1446.0
2024-07-04 08:15:00,FX:EURGBP,0.84665,0.84685,0.84664,0.84681,1071.0
2024-07-04 08:30:00,FX:EURGBP,0.84681,0.84706,0.84676,0.84681,1472.0
2024-07-04 08:45:00,FX:EURGBP,0.84681,0.8469099999999999,0.8467,0.84671,1482.0
2024-07-04 09:00:00,FX:EURGBP,0.84671,0.84679,0.8465199999999999,0.8465699999999999,2058.0
2024-07-04 09:15:00,FX:EURGBP,0.8465699999999999,0.84679,0.84653,0.84675,1493.0
2024-07-04 09:30:00,FX:EURGBP,0.84675,0.84685,0.84667,0.84681,1375.0
2024-07-04 09:45:00,FX:EURGBP,0.84681,0.84705,0.8467399999999999,0.84689,2307.0
2024-07-04 10:00:00,FX:EURGBP,0.84689,0.8470799999999999,0.84683,0.84702,1862.0
2024-07-04 10:15:00,FX:EURGBP,0.84702,0.8471299999999999,0.8469099999999999,0.84695,988.0
2024-07-04 10:30:00,FX:EURGBP,0.84695,0.84721,0.84694,0.84717,679.0
2024-07-04 10:45:00,FX:EURGBP,0.84717,0.84731,0.84716,0.84721,669.0
2024-07-04 11:00:00,FX:EURGBP,0.84721,0.84733,0.8472,0.84728,626.0
2024-07-04 11:15:00,FX:EURGBP,0.84728,0.84733,0.84724,0.84731,332.0
2024-07-04 11:30:00,FX:EURGBP,0.84731,0.84734,0.84726,0.84729,470.0
2024-07-04 11:45:00,FX:EURGBP,0.84729,0.84734,0.84716,0.84726,453.0
2024-07-04 12:00:00,FX:EURGBP,0.84726,0.8472999999999999,0.8472,0.84725,260.0
2024-07-04 12:15:00,FX:EURGBP,0.84725,0.84727,0.84719,0.84719,264.0
2024-07-04 12:30:00,FX:EURGBP,0.84719,0.84727,0.84719,0.84724,165.0
2024-07-04 12:45:00,FX:EURGBP,0.84724,0.84731,0.84721,0.84726,225.0
2024-07-04 13:00:00,FX:EURGBP,0.84726,0.84736,0.84725,0.8473499999999999,121.0
2024-07-04 13:15:00,FX:EURGBP,0.8473499999999999,0.84739,0.84734,0.84738,93.0
2024-07-04 13:30:00,FX:EURGBP,0.84738,0.84741,0.84733,0.84733,162.0
2024-07-04 13:45:00,FX:EURGBP,0.84733,0.8473499999999999,0.84721,0.84722,176.0
2024-07-04 14:00:00,FX:EURGBP,0.84722,0.84725,0.84717,0.84723,276.0
2024-07-04 14:15:00,FX:EURGBP,0.84723,0.84732,0.84721,0.8472999999999999,493.0
2024-07-04 14:30:00,FX:EURGBP,0.8472999999999999,0.84733,0.84727,0.8472999999999999,188.0
2024-07-04 14:45:00,FX:EURGBP,0.8472999999999999,0.8473499999999999,0.84727,0.84732,213.0
2024-07-04 15:00:00,FX:EURGBP,0.84732,0.84737,0.84729,0.8473499999999999,218.0
2024-07-04 15:15:00,FX:EURGBP,0.8473499999999999,0.84741,0.84732,0.8473499999999999,195.0
2024-07-04 15:30:00,FX:EURGBP,0.8473499999999999,0.84739,0.84725,0.84737,142.0
2024-07-04 15:45:00,FX:EURGBP,0.84737,0.84743,0.84721,0.84722,229.0
2024-07-04 16:00:00,FX:EURGBP,0.84722,0.84722,0.84688,0.84689,154.0
2024-07-04 16:15:00,FX:EURGBP,0.84689,0.84728,0.84686,0.84724,152.0
2024-07-04 16:30:00,FX:EURGBP,0.84724,0.84736,0.8471,0.84727,379.0
2024-07-04 16:45:00,FX:EURGBP,0.84727,0.84733,0.84715,0.84722,1102.0
2024-07-04 17:00:00,FX:EURGBP,0.84722,0.84736,0.84722,0.84733,478.0
2024-07-04 17:15:00,FX:EURGBP,0.84733,0.8473499999999999,0.84728,0.84734,185.0
2024-07-04 17:30:00,FX:EURGBP,0.84734,0.84748,0.84734,0.84747,173.0
2024-07-04 17:45:00,FX:EURGBP,0.84747,0.8475,0.84745,0.84749,114.0
2024-07-04 18:00:00,FX:EURGBP,0.84749,0.84749,0.8474,0.84745,369.0
2024-07-04 18:15:00,FX:EURGBP,0.84745,0.84754,0.84742,0.8475199999999999,209.0
2024-07-04 18:30:00,FX:EURGBP,0.8475199999999999,0.84753,0.84745,0.84748,163.0
2024-07-04 18:45:00,FX:EURGBP,0.84748,0.84755,0.84748,0.84753,154.0
2024-07-04 19:00:00,FX:EURGBP,0.84753,0.84762,0.84748,0.84751,770.0
2024-07-04 19:15:00,FX:EURGBP,0.84751,0.84763,0.84745,0.84748,561.0
2024-07-04 19:30:00,FX:EURGBP,0.84748,0.84749,0.84728,0.84737,802.0
2024-07-04 19:45:00,FX:EURGBP,0.84737,0.84741,0.84725,0.84727,973.0
2024-07-04 20:00:00,FX:EURGBP,0.84727,0.84738,0.84721,0.84727,618.0
2024-07-04 20:15:00,FX:EURGBP,0.84727,0.84736,0.84719,0.8473499999999999,478.0
2024-07-04 20:30:00,FX:EURGBP,0.8473499999999999,0.84737,0.84726,0.84727,726.0
2024-07-04 20:45:00,FX:EURGBP,0.84727,0.84738,0.84723,0.84727,545.0
2024-07-04 21:00:00,FX:EURGBP,0.84727,0.84736,0.84725,0.84733,570.0
2024-07-04 21:15:00,FX:EURGBP,0.84733,0.84734,0.84728,0.8472999999999999,362.0
2024-07-04 21:30:00,FX:EURGBP,0.8472999999999999,0.8474,0.84729,0.84737,578.0
2024-07-04 21:45:00,FX:EURGBP,0.84737,0.84755,0.84737,0.84753,466.0
2024-07-04 22:00:00,FX:EURGBP,0.84753,0.84764,0.84747,0.8475199999999999,722.0
2024-07-04 22:15:00,FX:EURGBP,0.8475199999999999,0.8475699999999999,0.84743,0.84754,950.0
2024-07-04 22:30:00,FX:EURGBP,0.84754,0.84761,0.8475,0.84751,886.0
2024-07-04 22:45:00,FX:EURGBP,0.84751,0.84753,0.84734,0.84734,553.0
2024-07-04 23:00:00,FX:EURGBP,0.84734,0.8474,0.84721,0.84726,437.0
2024-07-04 23:15:00,FX:EURGBP,0.84726,0.84732,0.84724,0.84728,116.0
2024-07-04 23:30:00,FX:EURGBP,0.84728,0.84736,0.84727,0.84736,440.0
2024-07-04 23:45:00,FX:EURGBP,0.84736,0.84743,0.84734,0.84741,628.0
2024-07-05 00:00:00,FX:EURGBP,0.84741,0.8475,0.84737,0.84738,664.0
2024-07-05 00:15:00,FX:EURGBP,0.84738,0.84758,0.84736,0.84754,656.0
2024-07-05 00:30:00,FX:EURGBP,0.84754,0.84759,0.84749,0.84749,584.0
2024-07-05 00:45:00,FX:EURGBP,0.84749,0.8475,0.8474,0.8474,633.0
2024-07-05 01:00:00,FX:EURGBP,0.8474,0.84742,0.84705,0.84711,1439.0
2024-07-05 01:15:00,FX:EURGBP,0.84711,0.84739,0.8471,0.84719,1375.0
2024-07-05 01:30:00,FX:EURGBP,0.84719,0.8475699999999999,0.84719,0.84747,1844.0
2024-07-05 01:45:00,FX:EURGBP,0.84747,0.84753,0.84721,0.84724,1436.0
2024-07-05 02:00:00,FX:EURGBP,0.84724,0.84771,0.84714,0.84764,2568.0
2024-07-05 02:15:00,FX:EURGBP,0.84764,0.84782,0.84758,0.84767,2268.0
2024-07-05 02:30:00,FX:EURGBP,0.84767,0.84773,0.84734,0.84754,2182.0
2024-07-05 02:45:00,FX:EURGBP,0.84754,0.84762,0.84723,0.8472999999999999,2056.0
2024-07-05 03:00:00,FX:EURGBP,0.8472999999999999,0.84743,0.84715,0.84718,2238.0
2024-07-05 03:15:00,FX:EURGBP,0.84718,0.84737,0.84711,0.8473499999999999,1831.0
2024-07-05 03:30:00,FX:EURGBP,0.8473499999999999,0.84744,0.84714,0.84739,1690.0
2024-07-05 03:45:00,FX:EURGBP,0.84739,0.84745,0.84725,0.84731,1698.0
2024-07-05 04:00:00,FX:EURGBP,0.84731,0.84749,0.84725,0.84738,1748.0
2024-07-05 04:15:00,FX:EURGBP,0.84738,0.84739,0.8471299999999999,0.84717,1653.0
2024-07-05 04:30:00,FX:EURGBP,0.84717,0.84729,0.84695,0.8469599999999999,1812.0
2024-07-05 04:45:00,FX:EURGBP,0.8469599999999999,0.84706,0.84649,0.84662,1755.0
2024-07-05 05:00:00,FX:EURGBP,0.84662,0.84678,0.8465,0.84677,1482.0
2024-07-05 05:15:00,FX:EURGBP,0.84677,0.84693,0.84658,0.84661,1729.0
2024-07-05 05:30:00,FX:EURGBP,0.84661,0.84692,0.84655,0.84665,1881.0
2024-07-05 05:45:00,FX:EURGBP,0.84665,0.84665,0.8464,0.84644,1571.0
2024-07-05 06:00:00,FX:EURGBP,0.84644,0.84651,0.84624,0.8464,1968.0
2024-07-05 06:15:00,FX:EURGBP,0.8464,0.84642,0.84615,0.84631,1538.0
2024-07-05 06:30:00,FX:EURGBP,0.84631,0.84639,0.84616,0.84636,1067.0
2024-07-05 06:45:00,FX:EURGBP,0.84636,0.84643,0.84621,0.84624,1512.0
2024-07-05 07:00:00,FX:EURGBP,0.84624,0.8462999999999999,0.84595,0.84627,1996.0
2024-07-05 07:15:00,FX:EURGBP,0.84627,0.8466,0.84584,0.84584,2474.0
2024-07-05 07:30:00,FX:EURGBP,0.84584,0.84665,0.84522,0.84618,13760.0
2024-07-05 07:45:00,FX:EURGBP,0.84618,0.84626,0.84581,0.84585,6980.0
2024-07-05 08:00:00,FX:EURGBP,0.84585,0.8462,0.84557,0.84566,6028.0
2024-07-05 08:15:00,FX:EURGBP,0.84566,0.84575,0.84532,0.8455199999999999,4242.0
2024-07-05 08:30:00,FX:EURGBP,0.8455199999999999,0.84563,0.8452,0.84524,4359.0
2024-07-05 08:45:00,FX:EURGBP,0.84524,0.84562,0.84515,0.84531,4711.0
2024-07-05 09:00:00,FX:EURGBP,0.84531,0.84561,0.8452,0.84539,4371.0
2024-07-05 09:15:00,FX:EURGBP,0.84539,0.84587,0.84539,0.8458,3681.0
2024-07-05 09:30:00,FX:EURGBP,0.8458,0.84617,0.84561,0.8456899999999999,4294.0
2024-07-05 09:45:00,FX:EURGBP,0.8456899999999999,0.84598,0.84549,0.8457399999999999,4044.0
2024-07-05 10:00:00,FX:EURGBP,0.8457399999999999,0.8458,0.84543,0.84545,4069.0
2024-07-05 10:15:00,FX:EURGBP,0.84545,0.84561,0.84538,0.84544,2567.0
2024-07-05 10:30:00,FX:EURGBP,0.84544,0.84546,0.84528,0.84533,2534.0
2024-07-05 10:45:00,FX:EURGBP,0.84533,0.84561,0.84527,0.8454699999999999,2241.0
2024-07-05 11:00:00,FX:EURGBP,0.8454699999999999,0.84571,0.8454,0.84571,1935.0
2024-07-05 11:15:00,FX:EURGBP,0.84571,0.84571,0.84551,0.84561,1586.0
2024-07-05 11:30:00,FX:EURGBP,0.84561,0.84593,0.84556,0.8459,1362.0
2024-07-05 11:45:00,FX:EURGBP,0.8459,0.84592,0.84576,0.84584,1629.0
2024-07-05 12:00:00,FX:EURGBP,0.84584,0.84585,0.84566,0.8458,1560.0
2024-07-05 12:15:00,FX:EURGBP,0.8458,0.84592,0.84576,0.8459099999999999,950.0
2024-07-05 12:30:00,FX:EURGBP,0.8459099999999999,0.8459099999999999,0.84573,0.84577,1229.0
2024-07-05 12:45:00,FX:EURGBP,0.84577,0.84581,0.84563,0.84568,908.0
2024-07-05 13:00:00,FX:EURGBP,0.84568,0.84573,0.84561,0.84572,868.0
2024-07-05 13:15:00,FX:EURGBP,0.84572,0.84573,0.84554,0.84558,657.0
2024-07-05 13:30:00,FX:EURGBP,0.84558,0.84568,0.8455,0.84556,811.0
2024-07-05 13:45:00,FX:EURGBP,0.84556,0.84565,0.84549,0.84555,863.0
2024-07-05 14:00:00,FX:EURGBP,0.84555,0.84592,0.84553,0.84588,1114.0
2024-07-05 14:15:00,FX:EURGBP,0.84588,0.84601,0.84581,0.84601,889.0
2024-07-05 14:30:00,FX:EURGBP,0.84601,0.84607,0.84588,0.84595,1287.0
2024-07-05 14:45:00,FX:EURGBP,0.84595,0.84595,0.84576,0.8459,1173.0
2024-07-05 15:00:00,FX:EURGBP,0.8459,0.8459099999999999,0.84575,0.84576,388.0
2024-07-05 15:15:00,FX:EURGBP,0.84576,0.84589,0.84576,0.84586,300.0
2024-07-05 15:30:00,FX:EURGBP,0.84586,0.84588,0.84575,0.84576,385.0
2024-07-05 15:45:00,FX:EURGBP,0.84576,0.84589,0.8448599999999999,0.84495,1650.0
2024-07-07 16:00:00,FX:EURGBP,0.8435199999999999,0.84465,0.84342,0.84463,322.0
2024-07-07 16:15:00,FX:EURGBP,0.84463,0.8449,0.84423,0.8443499999999999,565.0
2024-07-07 16:30:00,FX:EURGBP,0.8443499999999999,0.84477,0.8441,0.84446,1119.0
2024-07-07 16:45:00,FX:EURGBP,0.84446,0.84497,0.84429,0.84444,1087.0
2024-07-07 17:00:00,FX:EURGBP,0.84444,0.84542,0.84425,0.84499,1666.0
2024-07-07 17:15:00,FX:EURGBP,0.84499,0.84524,0.84495,0.84504,556.0
2024-07-07 17:30:00,FX:EURGBP,0.84504,0.84515,0.84493,0.84506,515.0
2024-07-07 17:45:00,FX:EURGBP,0.84506,0.84518,0.84502,0.84516,483.0
2024-07-07 18:00:00,FX:EURGBP,0.84516,0.84524,0.8450799999999999,0.84522,704.0
2024-07-07 18:15:00,FX:EURGBP,0.84522,0.84526,0.8452,0.84524,506.0
2024-07-07 18:30:00,FX:EURGBP,0.84524,0.84538,0.84522,0.84537,588.0
2024-07-07 18:45:00,FX:EURGBP,0.84537,0.84539,0.8452999999999999,0.84536,742.0
2024-07-07 19:00:00,FX:EURGBP,0.84536,0.84542,0.84523,0.84532,962.0
2024-07-07 19:15:00,FX:EURGBP,0.84532,0.8454,0.8452999999999999,0.84536,792.0
2024-07-07 19:30:00,FX:EURGBP,0.84536,0.84541,0.84505,0.8451,1488.0
2024-07-07 19:45:00,FX:EURGBP,0.8451,0.8451299999999999,0.84494,0.8450799999999999,1173.0
2024-07-07 20:00:00,FX:EURGBP,0.8450799999999999,0.84527,0.84505,0.84522,1012.0
2024-07-07 20:15:00,FX:EURGBP,0.84522,0.84531,0.84521,0.84524,1037.0
2024-07-07 20:30:00,FX:EURGBP,0.84524,0.84537,0.84516,0.8452999999999999,990.0
2024-07-07 20:45:00,FX:EURGBP,0.8452999999999999,0.84531,0.8452,0.84525,773.0
2024-07-07 21:00:00,FX:EURGBP,0.84525,0.84534,0.84523,0.8452999999999999,676.0
2024-07-07 21:15:00,FX:EURGBP,0.8452999999999999,0.84537,0.8452,0.84524,709.0
2024-07-07 21:30:00,FX:EURGBP,0.84524,0.84532,0.84517,0.84526,855.0
2024-07-07 21:45:00,FX:EURGBP,0.84526,0.84528,0.84514,0.84515,551.0
2024-07-07 22:00:00,FX:EURGBP,0.84515,0.8452999999999999,0.84515,0.84524,795.0
2024-07-07 22:15:00,FX:EURGBP,0.84524,0.84534,0.84517,0.84524,882.0
2024-07-07 22:30:00,FX:EURGBP,0.84524,0.84536,0.84521,0.84529,963.0
2024-07-07 22:45:00,FX:EURGBP,0.84529,0.84532,0.84516,0.84526,932.0
2024-07-07 23:00:00,FX:EURGBP,0.84526,0.84534,0.84521,0.84533,479.0
2024-07-07 23:15:00,FX:EURGBP,0.84533,0.8453499999999999,0.8452,0.84522,461.0
2024-07-07 23:30:00,FX:EURGBP,0.84522,0.84523,0.84507,0.84511,750.0
2024-07-07 23:45:00,FX:EURGBP,0.84511,0.84512,0.845,0.84503,608.0
2024-07-08 00:00:00,FX:EURGBP,0.84503,0.84511,0.84493,0.84511,878.0
2024-07-08 00:15:00,FX:EURGBP,0.84511,0.8451299999999999,0.84494,0.84496,884.0
2024-07-08 00:30:00,FX:EURGBP,0.84496,0.84501,0.84488,0.84495,985.0
2024-07-08 00:45:00,FX:EURGBP,0.84495,0.84498,0.8448599999999999,0.84487,995.0
2024-07-08 01:00:00,FX:EURGBP,0.84487,0.84502,0.84459,0.84466,2476.0
2024-07-08 01:15:00,FX:EURGBP,0.84466,0.84485,0.84454,0.84475,2549.0
2024-07-08 01:30:00,FX:EURGBP,0.84475,0.84543,0.84471,0.84536,2972.0
2024-07-08 01:45:00,FX:EURGBP,0.84536,0.8455199999999999,0.84517,0.84528,3035.0
2024-07-08 02:00:00,FX:EURGBP,0.84528,0.8455199999999999,0.84516,0.84546,3452.0
2024-07-08 02:15:00,FX:EURGBP,0.84546,0.84562,0.8453499999999999,0.84548,3419.0
2024-07-08 02:30:00,FX:EURGBP,0.84548,0.84595,0.84546,0.84573,3065.0
2024-07-08 02:45:00,FX:EURGBP,0.84573,0.84586,0.84558,0.8457,3304.0
2024-07-08 03:00:00,FX:EURGBP,0.8457,0.84585,0.84549,0.84575,2795.0
2024-07-08 03:15:00,FX:EURGBP,0.84575,0.84582,0.84558,0.84562,2028.0
2024-07-08 03:30:00,FX:EURGBP,0.84562,0.84572,0.8455199999999999,0.84568,2461.0
2024-07-08 03:45:00,FX:EURGBP,0.84568,0.8458,0.84543,0.84549,2835.0
2024-07-08 04:00:00,FX:EURGBP,0.84549,0.84562,0.84543,0.84558,2585.0
2024-07-08 04:15:00,FX:EURGBP,0.84558,0.846,0.84553,0.84597,1825.0
2024-07-08 04:30:00,FX:EURGBP,0.84597,0.84599,0.8455,0.84555,2067.0
2024-07-08 04:45:00,FX:EURGBP,0.84555,0.84561,0.84537,0.84546,2100.0
2024-07-08 05:00:00,FX:EURGBP,0.84546,0.8454699999999999,0.84495,0.84502,1988.0
2024-07-08 05:15:00,FX:EURGBP,0.84502,0.84534,0.84471,0.84471,1588.0
2024-07-08 05:30:00,FX:EURGBP,0.84471,0.8448,0.84448,0.84473,2483.0
2024-07-08 05:45:00,FX:EURGBP,0.84473,0.84496,0.84454,0.84495,2450.0
2024-07-08 06:00:00,FX:EURGBP,0.84495,0.84505,0.84442,0.84455,2859.0
2024-07-08 06:15:00,FX:EURGBP,0.84455,0.84459,0.84426,0.84433,1869.0
2024-07-08 06:30:00,FX:EURGBP,0.84433,0.8444699999999999,0.84421,0.84439,1825.0
2024-07-08 06:45:00,FX:EURGBP,0.84439,0.84444,0.8440799999999999,0.8442,2041.0
2024-07-08 07:00:00,FX:EURGBP,0.8442,0.8444699999999999,0.84397,0.84406,2572.0
2024-07-08 07:15:00,FX:EURGBP,0.84406,0.84455,0.84405,0.84444,2416.0
2024-07-08 07:30:00,FX:EURGBP,0.84444,0.84457,0.84429,0.8443499999999999,2836.0
2024-07-08 07:45:00,FX:EURGBP,0.8443499999999999,0.84468,0.84431,0.84464,2363.0
2024-07-08 08:00:00,FX:EURGBP,0.84464,0.8447,0.84439,0.84455,2747.0
2024-07-08 08:15:00,FX:EURGBP,0.84455,0.8446899999999999,0.84449,0.84467,2339.0
2024-07-08 08:30:00,FX:EURGBP,0.84467,0.8447,0.84411,0.84424,3702.0
2024-07-08 08:45:00,FX:EURGBP,0.84424,0.84434,0.84401,0.84424,2446.0
2024-07-08 09:00:00,FX:EURGBP,0.84424,0.84441,0.84411,0.84411,2366.0
2024-07-08 09:15:00,FX:EURGBP,0.84411,0.8442,0.84395,0.84407,2717.0
2024-07-08 09:30:00,FX:EURGBP,0.84407,0.84416,0.84393,0.844,2606.0
2024-07-08 09:45:00,FX:EURGBP,0.844,0.84444,0.84392,0.84424,3282.0
2024-07-08 10:00:00,FX:EURGBP,0.84424,0.84449,0.84418,0.84432,2927.0
2024-07-08 10:15:00,FX:EURGBP,0.84432,0.84448,0.84423,0.84438,2258.0
2024-07-08 10:30:00,FX:EURGBP,0.84438,0.84457,0.84434,0.84455,2119.0
2024-07-08 10:45:00,FX:EURGBP,0.84455,0.84478,0.84451,0.84478,2010.0
2024-07-08 11:00:00,FX:EURGBP,0.84478,0.8448599999999999,0.84466,0.84471,1637.0
2024-07-08 11:15:00,FX:EURGBP,0.84471,0.84475,0.84459,0.84472,1184.0
2024-07-08 11:30:00,FX:EURGBP,0.84472,0.84483,0.84468,0.84479,917.0
2024-07-08 11:45:00,FX:EURGBP,0.84479,0.84489,0.84476,0.84487,1359.0
2024-07-08 12:00:00,FX:EURGBP,0.84487,0.84497,0.84473,0.84494,1184.0
2024-07-08 12:15:00,FX:EURGBP,0.84494,0.84506,0.8448,0.845,1219.0
2024-07-08 12:30:00,FX:EURGBP,0.845,0.84522,0.845,0.84516,1144.0
2024-07-08 12:45:00,FX:EURGBP,0.84516,0.84524,0.84506,0.84506,1232.0
2024-07-08 13:00:00,FX:EURGBP,0.84506,0.84517,0.84505,0.84511,1245.0
2024-07-08 13:15:00,FX:EURGBP,0.84511,0.84524,0.84509,0.84514,502.0
2024-07-08 13:30:00,FX:EURGBP,0.84514,0.84514,0.84503,0.8450799999999999,687.0
2024-07-08 13:45:00,FX:EURGBP,0.8450799999999999,0.8450799999999999,0.84493,0.84497,795.0
2024-07-08 14:00:00,FX:EURGBP,0.84497,0.84501,0.8449099999999999,0.84495,806.0
2024-07-08 14:15:00,FX:EURGBP,0.84495,0.84495,0.84484,0.84494,491.0
2024-07-08 14:30:00,FX:EURGBP,0.84494,0.8451,0.8449099999999999,0.845,897.0
2024-07-08 14:45:00,FX:EURGBP,0.845,0.84517,0.845,0.8450799999999999,1281.0
2024-07-08 15:00:00,FX:EURGBP,0.8450799999999999,0.8451,0.84498,0.84509,415.0
2024-07-08 15:15:00,FX:EURGBP,0.84509,0.8451,0.845,0.84504,313.0
2024-07-08 15:30:00,FX:EURGBP,0.84504,0.8451299999999999,0.845,0.84512,323.0
2024-07-08 15:45:00,FX:EURGBP,0.84512,0.8452,0.8450799999999999,0.84517,392.0
2024-07-08 16:00:00,FX:EURGBP,0.84517,0.84518,0.8446,0.84465,242.0
2024-07-08 16:15:00,FX:EURGBP,0.84465,0.8450799999999999,0.84465,0.845,220.0
2024-07-08 16:30:00,FX:EURGBP,0.845,0.8450799999999999,0.84488,0.84504,273.0
2024-07-08 16:45:00,FX:EURGBP,0.84504,0.84511,0.84473,0.8450799999999999,1352.0
2024-07-08 17:00:00,FX:EURGBP,0.8450799999999999,0.84517,0.84496,0.84517,201.0
2024-07-08 17:15:00,FX:EURGBP,0.84517,0.8452,0.8451299999999999,0.84516,195.0
2024-07-08 17:30:00,FX:EURGBP,0.84516,0.84517,0.8451,0.84511,142.0
2024-07-08 17:45:00,FX:EURGBP,0.84511,0.84516,0.84509,0.84512,154.0
2024-07-08 18:00:00,FX:EURGBP,0.84512,0.84522,0.84512,0.84518,402.0
2024-07-08 18:15:00,FX:EURGBP,0.84518,0.84528,0.84516,0.84525,365.0
2024-07-08 18:30:00,FX:EURGBP,0.84525,0.84527,0.84517,0.84518,209.0
2024-07-08 18:45:00,FX:EURGBP,0.84518,0.8452,0.84512,0.84512,287.0
2024-07-08 19:00:00,FX:EURGBP,0.84512,0.84526,0.84511,0.84522,636.0
2024-07-08 19:15:00,FX:EURGBP,0.84522,0.84536,0.84522,0.84534,487.0
2024-07-08 19:30:00,FX:EURGBP,0.84534,0.84541,0.84523,0.84532,857.0
2024-07-08 19:45:00,FX:EURGBP,0.84532,0.84537,0.84528,0.8452999999999999,760.0
2024-07-08 20:00:00,FX:EURGBP,0.8452999999999999,0.84546,0.84527,0.84545,693.0
2024-07-08 20:15:00,FX:EURGBP,0.84545,0.84563,0.84543,0.84555,914.0
2024-07-08 20:30:00,FX:EURGBP,0.84555,0.84561,0.84541,0.84542,807.0
2024-07-08 20:45:00,FX:EURGBP,0.84542,0.8455,0.84534,0.84536,1144.0
2024-07-08 21:00:00,FX:EURGBP,0.84536,0.84542,0.84528,0.84533,1026.0
2024-07-08 21:15:00,FX:EURGBP,0.84533,0.84539,0.8452999999999999,0.84536,441.0
2024-07-08 21:30:00,FX:EURGBP,0.84536,0.84545,0.84534,0.84544,464.0
2024-07-08 21:45:00,FX:EURGBP,0.84544,0.84555,0.84543,0.84553,515.0
2024-07-08 22:00:00,FX:EURGBP,0.84553,0.84559,0.8455,0.84553,330.0
2024-07-08 22:15:00,FX:EURGBP,0.84553,0.84558,0.8455,0.84555,380.0
2024-07-08 22:30:00,FX:EURGBP,0.84555,0.84561,0.8455199999999999,0.8456,343.0
2024-07-08 22:45:00,FX:EURGBP,0.8456,0.84565,0.84558,0.84561,436.0
2024-07-08 23:00:00,FX:EURGBP,0.84561,0.8456899999999999,0.84559,0.84561,559.0
2024-07-08 23:15:00,FX:EURGBP,0.84561,0.84563,0.84553,0.84554,596.0
2024-07-08 23:30:00,FX:EURGBP,0.84554,0.84556,0.8455,0.84553,278.0
2024-07-08 23:45:00,FX:EURGBP,0.84553,0.84562,0.84551,0.84551,604.0
2024-07-09 00:00:00,FX:EURGBP,0.84551,0.8456,0.84548,0.84556,497.0
2024-07-09 00:15:00,FX:EURGBP,0.84556,0.84557,0.84544,0.8454699999999999,425.0
2024-07-09 00:30:00,FX:EURGBP,0.8454699999999999,0.84551,0.84541,0.84551,554.0
2024-07-09 00:45:00,FX:EURGBP,0.84551,0.84551,0.84526,0.84532,993.0
2024-07-09 01:00:00,FX:EURGBP,0.84532,0.84543,0.84516,0.84536,2343.0
2024-07-09 01:15:00,FX:EURGBP,0.84536,0.84559,0.84533,0.84553,1859.0
2024-07-09 01:30:00,FX:EURGBP,0.84553,0.84557,0.84532,0.84542,1798.0
2024-07-09 01:45:00,FX:EURGBP,0.84542,0.8454699999999999,0.84518,0.84524,1815.0
2024-07-09 02:00:00,FX:EURGBP,0.84524,0.84533,0.84507,0.8452999999999999,2323.0
2024-07-09 02:15:00,FX:EURGBP,0.8452999999999999,0.84549,0.84526,0.84536,2275.0
2024-07-09 02:30:00,FX:EURGBP,0.84536,0.84539,0.84505,0.84522,2083.0
2024-07-09 02:45:00,FX:EURGBP,0.84522,0.84538,0.84512,0.84523,2438.0
2024-07-09 03:00:00,FX:EURGBP,0.84523,0.84528,0.84499,0.84502,2204.0
2024-07-09 03:15:00,FX:EURGBP,0.84502,0.84509,0.84485,0.84496,2072.0
2024-07-09 03:30:00,FX:EURGBP,0.84496,0.8451,0.8449,0.84507,1830.0
2024-07-09 03:45:00,FX:EURGBP,0.84507,0.84542,0.84501,0.84512,1555.0
2024-07-09 04:00:00,FX:EURGBP,0.84512,0.8452,0.84488,0.84488,1652.0
2024-07-09 04:15:00,FX:EURGBP,0.84488,0.84492,0.84458,0.84484,2022.0
2024-07-09 04:30:00,FX:EURGBP,0.84484,0.84497,0.8447,0.84477,1962.0
2024-07-09 04:45:00,FX:EURGBP,0.84477,0.84502,0.84476,0.84498,1827.0
2024-07-09 05:00:00,FX:EURGBP,0.84498,0.84499,0.8447399999999999,0.84493,1708.0
2024-07-09 05:15:00,FX:EURGBP,0.84493,0.84494,0.84451,0.84454,1642.0
2024-07-09 05:30:00,FX:EURGBP,0.84454,0.84467,0.8442,0.84458,2546.0
2024-07-09 05:45:00,FX:EURGBP,0.84458,0.84467,0.84438,0.8445199999999999,2371.0
2024-07-09 06:00:00,FX:EURGBP,0.8445199999999999,0.84489,0.84451,0.84478,2409.0
2024-07-09 06:15:00,FX:EURGBP,0.84478,0.84496,0.84463,0.84483,2672.0
2024-07-09 06:30:00,FX:EURGBP,0.84483,0.84515,0.84478,0.84504,2478.0
2024-07-09 06:45:00,FX:EURGBP,0.84504,0.84512,0.84479,0.84484,2458.0
2024-07-09 07:00:00,FX:EURGBP,0.84484,0.84501,0.84478,0.84487,2519.0
2024-07-09 07:15:00,FX:EURGBP,0.84487,0.84488,0.84463,0.84473,2077.0
2024-07-09 07:30:00,FX:EURGBP,0.84473,0.84509,0.84473,0.84487,2351.0
2024-07-09 07:45:00,FX:EURGBP,0.84487,0.84498,0.84453,0.84454,3328.0
2024-07-09 08:00:00,FX:EURGBP,0.84454,0.8449,0.84442,0.8448599999999999,3013.0
2024-07-09 08:15:00,FX:EURGBP,0.8448599999999999,0.84495,0.84464,0.8446899999999999,2349.0
2024-07-09 08:30:00,FX:EURGBP,0.8446899999999999,0.8447399999999999,0.84441,0.84449,2731.0
2024-07-09 08:45:00,FX:EURGBP,0.84449,0.84457,0.84428,0.84442,2287.0
2024-07-09 09:00:00,FX:EURGBP,0.84442,0.8448599999999999,0.84439,0.84483,6006.0
2024-07-09 09:15:00,FX:EURGBP,0.84483,0.84499,0.84458,0.84481,4497.0
2024-07-09 09:30:00,FX:EURGBP,0.84481,0.84559,0.8446899999999999,0.84548,4317.0
2024-07-09 09:45:00,FX:EURGBP,0.84548,0.84562,0.84507,0.84519,5398.0
2024-07-09 10:00:00,FX:EURGBP,0.84519,0.8452999999999999,0.84493,0.84506,4009.0
2024-07-09 10:15:00,FX:EURGBP,0.84506,0.8456899999999999,0.84501,0.84561,3734.0
2024-07-09 10:30:00,FX:EURGBP,0.84561,0.84599,0.84555,0.84581,2718.0
2024-07-09 10:45:00,FX:EURGBP,0.84581,0.846,0.84571,0.84578,2112.0
2024-07-09 11:00:00,FX:EURGBP,0.84578,0.84597,0.84561,0.84592,2058.0
2024-07-09 11:15:00,FX:EURGBP,0.84592,0.84597,0.8458,0.8459599999999999,1458.0
2024-07-09 11:30:00,FX:EURGBP,0.8459599999999999,0.8459599999999999,0.84562,0.84566,1779.0
2024-07-09 11:45:00,FX:EURGBP,0.84566,0.84568,0.84548,0.84562,1271.0
2024-07-09 12:00:00,FX:EURGBP,0.84562,0.84567,0.84539,0.8454699999999999,1667.0
2024-07-09 12:15:00,FX:EURGBP,0.8454699999999999,0.84564,0.8453499999999999,0.84542,1622.0
2024-07-09 12:30:00,FX:EURGBP,0.84542,0.84564,0.84539,0.84557,1609.0
2024-07-09 12:45:00,FX:EURGBP,0.84557,0.84565,0.8455,0.84561,1311.0
2024-07-09 13:00:00,FX:EURGBP,0.84561,0.84565,0.84545,0.84551,1595.0
2024-07-09 13:15:00,FX:EURGBP,0.84551,0.8456,0.8455,0.84555,1367.0
2024-07-09 13:30:00,FX:EURGBP,0.84555,0.84563,0.84544,0.84551,917.0
2024-07-09 13:45:00,FX:EURGBP,0.84551,0.8457,0.84549,0.84566,1230.0
2024-07-09 14:00:00,FX:EURGBP,0.84566,0.84573,0.84556,0.84564,1261.0
2024-07-09 14:15:00,FX:EURGBP,0.84564,0.84573,0.8456,0.8456899999999999,840.0
2024-07-09 14:30:00,FX:EURGBP,0.8456899999999999,0.84573,0.84563,0.84566,396.0
2024-07-09 14:45:00,FX:EURGBP,0.84566,0.84573,0.84546,0.84554,981.0
2024-07-09 15:00:00,FX:EURGBP,0.84554,0.8456899999999999,0.84549,0.8456,681.0
2024-07-09 15:15:00,FX:EURGBP,0.8456,0.84571,0.84559,0.84567,210.0
2024-07-09 15:30:00,FX:EURGBP,0.84567,0.84572,0.8456,0.84563,213.0
2024-07-09 15:45:00,FX:EURGBP,0.84563,0.84573,0.84562,0.84567,388.0
2024-07-09 16:00:00,FX:EURGBP,0.84567,0.84568,0.84499,0.8455199999999999,196.0
2024-07-09 16:15:00,FX:EURGBP,0.8455199999999999,0.84578,0.84524,0.84546,403.0
2024-07-09 16:30:00,FX:EURGBP,0.84546,0.84572,0.84529,0.8456899999999999,562.0
2024-07-09 16:45:00,FX:EURGBP,0.8456899999999999,0.8456899999999999,0.84546,0.84557,869.0
2024-07-09 17:00:00,FX:EURGBP,0.84557,0.8456899999999999,0.84543,0.84566,346.0
2024-07-09 17:15:00,FX:EURGBP,0.84566,0.84567,0.84563,0.84566,93.0
2024-07-09 17:30:00,FX:EURGBP,0.84566,0.84566,0.84564,0.84565,94.0
2024-07-09 17:45:00,FX:EURGBP,0.84565,0.8456899999999999,0.84564,0.84568,193.0
2024-07-09 18:00:00,FX:EURGBP,0.84568,0.84571,0.84566,0.8457,150.0
2024-07-09 18:15:00,FX:EURGBP,0.8457,0.84571,0.84568,0.8456899999999999,155.0
2024-07-09 18:30:00,FX:EURGBP,0.8456899999999999,0.84576,0.84566,0.84567,317.0
2024-07-09 18:45:00,FX:EURGBP,0.84567,0.8457399999999999,0.8456,0.84564,477.0
2024-07-09 19:00:00,FX:EURGBP,0.84564,0.84572,0.84561,0.84562,575.0
2024-07-09 19:15:00,FX:EURGBP,0.84562,0.84566,0.84555,0.84566,581.0
2024-07-09 19:30:00,FX:EURGBP,0.84566,0.84573,0.84563,0.84565,660.0
2024-07-09 19:45:00,FX:EURGBP,0.84565,0.8457399999999999,0.84558,0.8456,882.0
2024-07-09 20:00:00,FX:EURGBP,0.8456,0.8456899999999999,0.84554,0.84568,790.0
2024-07-09 20:15:00,FX:EURGBP,0.84568,0.84568,0.84553,0.84554,705.0
2024-07-09 20:30:00,FX:EURGBP,0.84554,0.84563,0.84548,0.84557,773.0
2024-07-09 20:45:00,FX:EURGBP,0.84557,0.84572,0.84555,0.8456899999999999,788.0
2024-07-09 21:00:00,FX:EURGBP,0.8456899999999999,0.84575,0.84561,0.84575,1493.0
2024-07-09 21:15:00,FX:EURGBP,0.84575,0.84593,0.84568,0.84589,1304.0
2024-07-09 21:30:00,FX:EURGBP,0.84589,0.8459,0.84573,0.84577,575.0
2024-07-09 21:45:00,FX:EURGBP,0.84577,0.84579,0.84571,0.8457399999999999,406.0
2024-07-09 22:00:00,FX:EURGBP,0.8457399999999999,0.84579,0.84571,0.84571,449.0
2024-07-09 22:15:00,FX:EURGBP,0.84571,0.84575,0.84567,0.8457,308.0
2024-07-09 22:30:00,FX:EURGBP,0.8457,0.84575,0.84568,0.84572,242.0
2024-07-09 22:45:00,FX:EURGBP,0.84572,0.8458,0.8456899999999999,0.84579,244.0
2024-07-09 23:00:00,FX:EURGBP,0.84579,0.84581,0.84572,0.84575,596.0
2024-07-09 23:15:00,FX:EURGBP,0.84575,0.84579,0.8456,0.84565,306.0
2024-07-09 23:30:00,FX:EURGBP,0.84565,0.8457399999999999,0.84565,0.84572,503.0
2024-07-09 23:45:00,FX:EURGBP,0.84572,0.84576,0.84557,0.84558,492.0
2024-07-10 00:00:00,FX:EURGBP,0.84558,0.84578,0.84557,0.84577,516.0
2024-07-10 00:15:00,FX:EURGBP,0.84577,0.84581,0.84571,0.84571,440.0
2024-07-10 00:30:00,FX:EURGBP,0.84571,0.8457399999999999,0.84566,0.84568,490.0
2024-07-10 00:45:00,FX:EURGBP,0.84568,0.84578,0.84568,0.8457399999999999,588.0
2024-07-10 01:00:00,FX:EURGBP,0.8457399999999999,0.84579,0.84557,0.84559,1662.0
2024-07-10 01:15:00,FX:EURGBP,0.84559,0.84567,0.84553,0.8456,1392.0
2024-07-10 01:30:00,FX:EURGBP,0.8456,0.84584,0.84559,0.84576,1883.0
2024-07-10 01:45:00,FX:EURGBP,0.84576,0.84593,0.84558,0.84568,2088.0
2024-07-10 02:00:00,FX:EURGBP,0.84568,0.84585,0.84553,0.84563,2369.0
2024-07-10 02:15:00,FX:EURGBP,0.84563,0.8457399999999999,0.84541,0.84551,2154.0
2024-07-10 02:30:00,FX:EURGBP,0.84551,0.8456899999999999,0.84551,0.84561,2154.0
2024-07-10 02:45:00,FX:EURGBP,0.84561,0.84564,0.84545,0.8455,2365.0
2024-07-10 03:00:00,FX:EURGBP,0.8455,0.84554,0.84521,0.84533,2216.0
2024-07-10 03:15:00,FX:EURGBP,0.84533,0.8454699999999999,0.84531,0.84537,2227.0
2024-07-10 03:30:00,FX:EURGBP,0.84537,0.84537,0.845,0.84503,2084.0
2024-07-10 03:45:00,FX:EURGBP,0.84503,0.84521,0.845,0.84515,2167.0
2024-07-10 04:00:00,FX:EURGBP,0.84515,0.84536,0.84505,0.84512,2109.0
2024-07-10 04:15:00,FX:EURGBP,0.84512,0.84548,0.84507,0.8451299999999999,2086.0
2024-07-10 04:30:00,FX:EURGBP,0.8451299999999999,0.84531,0.84468,0.8448,1911.0
2024-07-10 04:45:00,FX:EURGBP,0.8448,0.84485,0.84454,0.84462,1559.0
2024-07-10 05:00:00,FX:EURGBP,0.84462,0.84482,0.84458,0.84465,2055.0
2024-07-10 05:15:00,FX:EURGBP,0.84465,0.84471,0.84455,0.8446899999999999,1492.0
2024-07-10 05:30:00,FX:EURGBP,0.8446899999999999,0.8449099999999999,0.84465,0.84471,1654.0
2024-07-10 05:45:00,FX:EURGBP,0.84471,0.84497,0.84466,0.84485,1799.0
2024-07-10 06:00:00,FX:EURGBP,0.84485,0.84494,0.84482,0.84489,1697.0
2024-07-10 06:15:00,FX:EURGBP,0.84489,0.84502,0.84487,0.8449,1898.0
2024-07-10 06:30:00,FX:EURGBP,0.8449,0.84524,0.84481,0.84524,1751.0
2024-07-10 06:45:00,FX:EURGBP,0.84524,0.84542,0.8451,0.84534,2252.0
2024-07-10 07:00:00,FX:EURGBP,0.84534,0.84536,0.84509,0.84526,2250.0
2024-07-10 07:15:00,FX:EURGBP,0.84526,0.84528,0.84502,0.8451299999999999,2137.0
2024-07-10 07:30:00,FX:EURGBP,0.8451299999999999,0.8453499999999999,0.84512,0.84529,1747.0
2024-07-10 07:45:00,FX:EURGBP,0.84529,0.84546,0.84521,0.8452999999999999,1954.0
2024-07-10 08:00:00,FX:EURGBP,0.8452999999999999,0.84531,0.84495,0.84503,2243.0
2024-07-10 08:15:00,FX:EURGBP,0.84503,0.8451299999999999,0.8448599999999999,0.845,1698.0
2024-07-10 08:30:00,FX:EURGBP,0.845,0.84501,0.84317,0.84341,5200.0
2024-07-10 08:45:00,FX:EURGBP,0.84341,0.84376,0.8432999999999999,0.8436,3308.0
2024-07-10 09:00:00,FX:EURGBP,0.8436,0.84373,0.8432,0.8432499999999999,3432.0
2024-07-10 09:15:00,FX:EURGBP,0.8432499999999999,0.84341,0.84292,0.84321,2752.0
2024-07-10 09:30:00,FX:EURGBP,0.84321,0.8432999999999999,0.84295,0.8431299999999999,3216.0
2024-07-10 09:45:00,FX:EURGBP,0.8431299999999999,0.8436899999999999,0.84312,0.84359,3196.0
2024-07-10 10:00:00,FX:EURGBP,0.84359,0.8436,0.8430799999999999,0.8430799999999999,2791.0
2024-07-10 10:15:00,FX:EURGBP,0.8430799999999999,0.84318,0.8428599999999999,0.84288,2306.0
2024-07-10 10:30:00,FX:EURGBP,0.84288,0.843,0.84275,0.84285,2090.0
2024-07-10 10:45:00,FX:EURGBP,0.84285,0.8429099999999999,0.84253,0.84278,1983.0
2024-07-10 11:00:00,FX:EURGBP,0.84278,0.84295,0.84267,0.84293,1542.0
2024-07-10 11:15:00,FX:EURGBP,0.84293,0.84306,0.8428,0.84298,1819.0
2024-07-10 11:30:00,FX:EURGBP,0.84298,0.843,0.84289,0.84294,1326.0
2024-07-10 11:45:00,FX:EURGBP,0.84294,0.84296,0.84278,0.8428,1589.0
2024-07-10 12:00:00,FX:EURGBP,0.8428,0.84304,0.84279,0.843,1667.0
2024-07-10 12:15:00,FX:EURGBP,0.843,0.84303,0.84287,0.84296,1743.0
2024-07-10 12:30:00,FX:EURGBP,0.84296,0.84314,0.84295,0.84298,1618.0
2024-07-10 12:45:00,FX:EURGBP,0.84298,0.84299,0.84279,0.84285,1123.0
2024-07-10 13:00:00,FX:EURGBP,0.84285,0.8429,0.84275,0.84275,977.0
2024-07-10 13:15:00,FX:EURGBP,0.84275,0.84276,0.84265,0.8427,920.0
2024-07-10 13:30:00,FX:EURGBP,0.8427,0.84285,0.84268,0.84281,927.0
2024-07-10 13:45:00,FX:EURGBP,0.84281,0.84282,0.84265,0.84268,901.0
2024-07-10 14:00:00,FX:EURGBP,0.84268,0.84293,0.84268,0.84288,1285.0
2024-07-10 14:15:00,FX:EURGBP,0.84288,0.84303,0.84284,0.84302,666.0
2024-07-10 14:30:00,FX:EURGBP,0.84302,0.84305,0.84293,0.84295,955.0
2024-07-10 14:45:00,FX:EURGBP,0.84295,0.8431,0.84293,0.84296,1657.0
2024-07-10 15:00:00,FX:EURGBP,0.84296,0.84298,0.84288,0.84289,631.0
2024-07-10 15:15:00,FX:EURGBP,0.84289,0.84296,0.84289,0.84293,212.0
2024-07-10 15:30:00,FX:EURGBP,0.84293,0.84296,0.84284,0.84285,272.0
2024-07-10 15:45:00,FX:EURGBP,0.84285,0.84293,0.84279,0.84285,499.0
2024-07-10 16:00:00,FX:EURGBP,0.84285,0.84285,0.84256,0.84266,87.0
2024-07-10 16:15:00,FX:EURGBP,0.84266,0.84275,0.8424699999999999,0.84268,45.0
2024-07-10 16:30:00,FX:EURGBP,0.84268,0.84279,0.84265,0.8427399999999999,58.0
2024-07-10 16:45:00,FX:EURGBP,0.8427399999999999,0.84285,0.8427,0.84277,137.0
2024-07-10 17:00:00,FX:EURGBP,0.84277,0.84305,0.84268,0.84303,332.0
2024-07-10 17:15:00,FX:EURGBP,0.84303,0.84309,0.84301,0.84301,169.0
2024-07-10 17:30:00,FX:EURGBP,0.84301,0.84307,0.84301,0.84306,254.0
2024-07-10 17:45:00,FX:EURGBP,0.84306,0.84309,0.84302,0.84303,176.0
2024-07-10 18:00:00,FX:EURGBP,0.84303,0.84309,0.84294,0.843,623.0
2024-07-10 18:15:00,FX:EURGBP,0.843,0.84307,0.84298,0.84299,355.0
2024-07-10 18:30:00,FX:EURGBP,0.84299,0.84299,0.8429099999999999,0.84292,433.0
2024-07-10 18:45:00,FX:EURGBP,0.84292,0.84293,0.84279,0.8428,516.0
2024-07-10 19:00:00,FX:EURGBP,0.8428,0.8429,0.84273,0.84289,1053.0
2024-07-10 19:15:00,FX:EURGBP,0.84289,0.84293,0.84285,0.84289,1312.0
2024-07-10 19:30:00,FX:EURGBP,0.84289,0.84295,0.84285,0.84285,886.0
2024-07-10 19:45:00,FX:EURGBP,0.84285,0.84288,0.84272,0.84287,926.0
2024-07-10 20:00:00,FX:EURGBP,0.84287,0.84298,0.84283,0.84298,911.0
2024-07-10 20:15:00,FX:EURGBP,0.84298,0.84305,0.84295,0.84303,854.0
2024-07-10 20:30:00,FX:EURGBP,0.84303,0.8432,0.84302,0.8431299999999999,885.0
2024-07-10 20:45:00,FX:EURGBP,0.8431299999999999,0.84322,0.8430799999999999,0.84311,863.0
2024-07-10 21:00:00,FX:EURGBP,0.84311,0.84314,0.84267,0.84268,820.0
2024-07-10 21:15:00,FX:EURGBP,0.84268,0.84283,0.84265,0.84275,589.0
2024-07-10 21:30:00,FX:EURGBP,0.84275,0.8428,0.84268,0.8427,601.0
2024-07-10 21:45:00,FX:EURGBP,0.8427,0.84275,0.8426,0.84261,468.0
2024-07-10 22:00:00,FX:EURGBP,0.84261,0.84272,0.84259,0.8426899999999999,679.0
2024-07-10 22:15:00,FX:EURGBP,0.8426899999999999,0.84273,0.84268,0.84271,753.0
2024-07-10 22:30:00,FX:EURGBP,0.84271,0.84275,0.84268,0.84271,648.0
2024-07-10 22:45:00,FX:EURGBP,0.84271,0.84273,0.84266,0.8427,570.0
2024-07-10 23:00:00,FX:EURGBP,0.8427,0.84277,0.8427,0.8427399999999999,617.0
2024-07-10 23:15:00,FX:EURGBP,0.8427399999999999,0.8427399999999999,0.84265,0.84268,230.0
2024-07-10 23:30:00,FX:EURGBP,0.84268,0.84272,0.84267,0.8427,387.0
2024-07-10 23:45:00,FX:EURGBP,0.8427,0.84284,0.8426899999999999,0.84278,468.0
2024-07-11 00:00:00,FX:EURGBP,0.84278,0.84283,0.8427399999999999,0.84281,482.0
2024-07-11 00:15:00,FX:EURGBP,0.84281,0.84292,0.84276,0.84276,548.0
2024-07-11 00:30:00,FX:EURGBP,0.84276,0.84281,0.84267,0.8426899999999999,362.0
2024-07-11 00:45:00,FX:EURGBP,0.8426899999999999,0.84288,0.84267,0.8427,688.0
2024-07-11 01:00:00,FX:EURGBP,0.8427,0.84271,0.8420799999999999,0.84251,2784.0
2024-07-11 01:15:00,FX:EURGBP,0.84251,0.84294,0.84245,0.8429,1746.0
2024-07-11 01:30:00,FX:EURGBP,0.8429,0.8429,0.84246,0.84255,2085.0
2024-07-11 01:45:00,FX:EURGBP,0.84255,0.84259,0.84244,0.8425,1326.0
2024-07-11 02:00:00,FX:EURGBP,0.8425,0.84273,0.84224,0.84228,2383.0
2024-07-11 02:15:00,FX:EURGBP,0.84228,0.84248,0.84221,0.84234,2091.0
2024-07-11 02:30:00,FX:EURGBP,0.84234,0.84244,0.8422,0.84222,2107.0
2024-07-11 02:45:00,FX:EURGBP,0.84222,0.84249,0.84204,0.84246,2345.0
2024-07-11 03:00:00,FX:EURGBP,0.84246,0.84246,0.84211,0.84218,2606.0
2024-07-11 03:15:00,FX:EURGBP,0.84218,0.8424,0.84214,0.84232,1699.0
2024-07-11 03:30:00,FX:EURGBP,0.84232,0.84256,0.84223,0.84248,1785.0
2024-07-11 03:45:00,FX:EURGBP,0.84248,0.84268,0.84242,0.8424699999999999,1980.0
2024-07-11 04:00:00,FX:EURGBP,0.8424699999999999,0.84273,0.84246,0.84262,1950.0
2024-07-11 04:15:00,FX:EURGBP,0.84262,0.8427,0.8422999999999999,0.84231,1753.0
2024-07-11 04:30:00,FX:EURGBP,0.84231,0.84249,0.84206,0.84248,1962.0
2024-07-11 04:45:00,FX:EURGBP,0.84248,0.84255,0.84236,0.84239,1364.0
2024-07-11 05:00:00,FX:EURGBP,0.84239,0.84256,0.8422499999999999,0.84256,1659.0
2024-07-11 05:15:00,FX:EURGBP,0.84256,0.84259,0.84241,0.84255,1495.0
2024-07-11 05:30:00,FX:EURGBP,0.84255,0.84263,0.84239,0.84243,1559.0
2024-07-11 05:45:00,FX:EURGBP,0.84243,0.84266,0.84237,0.84248,1786.0
2024-07-11 06:00:00,FX:EURGBP,0.84248,0.8429099999999999,0.84245,0.84289,1635.0
2024-07-11 06:15:00,FX:EURGBP,0.84289,0.84299,0.84279,0.8429,1427.0
2024-07-11 06:30:00,FX:EURGBP,0.8429,0.84299,0.84279,0.84281,1341.0
2024-07-11 06:45:00,FX:EURGBP,0.84281,0.84306,0.84275,0.84294,2044.0
2024-07-11 07:00:00,FX:EURGBP,0.84294,0.84317,0.84285,0.8429,2512.0
2024-07-11 07:15:00,FX:EURGBP,0.8429,0.84294,0.84168,0.84168,2927.0
2024-07-11 07:30:00,FX:EURGBP,0.84168,0.84323,0.8415,0.8418599999999999,15867.0
2024-07-11 07:45:00,FX:EURGBP,0.8418599999999999,0.84212,0.84133,0.84185,11509.0
2024-07-11 08:00:00,FX:EURGBP,0.84185,0.84235,0.8414699999999999,0.84232,9231.0
2024-07-11 08:15:00,FX:EURGBP,0.84232,0.84278,0.84206,0.84273,6543.0
2024-07-11 08:30:00,FX:EURGBP,0.84273,0.84275,0.84218,0.84235,7108.0
2024-07-11 08:45:00,FX:EURGBP,0.84235,0.84249,0.84199,0.84217,5154.0
2024-07-11 09:00:00,FX:EURGBP,0.84217,0.8422,0.84149,0.84154,4093.0
2024-07-11 09:15:00,FX:EURGBP,0.84154,0.8420799999999999,0.8415199999999999,0.84176,3917.0
2024-07-11 09:30:00,FX:EURGBP,0.84176,0.84195,0.84159,0.84176,4051.0
2024-07-11 09:45:00,FX:EURGBP,0.84176,0.8419,0.84154,0.8416899999999999,4748.0
2024-07-11 10:00:00,FX:EURGBP,0.8416899999999999,0.84178,0.8414,0.84154,3499.0
2024-07-11 10:15:00,FX:EURGBP,0.84154,0.84159,0.84141,0.84153,3138.0
2024-07-11 10:30:00,FX:EURGBP,0.84153,0.84183,0.84141,0.84178,2501.0
2024-07-11 10:45:00,FX:EURGBP,0.84178,0.84185,0.84139,0.84154,2402.0
2024-07-11 11:00:00,FX:EURGBP,0.84154,0.84174,0.84141,0.84151,2110.0
2024-07-11 11:15:00,FX:EURGBP,0.84151,0.84175,0.84143,0.84172,2097.0
2024-07-11 11:30:00,FX:EURGBP,0.84172,0.84182,0.84158,0.84174,1999.0
2024-07-11 11:45:00,FX:EURGBP,0.84174,0.84183,0.84166,0.84167,1891.0
2024-07-11 12:00:00,FX:EURGBP,0.84167,0.8418,0.84162,0.84168,2536.0
2024-07-11 12:15:00,FX:EURGBP,0.84168,0.84179,0.84165,0.84176,1649.0
2024-07-11 12:30:00,FX:EURGBP,0.84176,0.84197,0.84172,0.84187,1524.0
2024-07-11 12:45:00,FX:EURGBP,0.84187,0.84194,0.8418,0.84181,1503.0
2024-07-11 13:00:00,FX:EURGBP,0.84181,0.84183,0.84165,0.84173,1417.0
2024-07-11 13:15:00,FX:EURGBP,0.84173,0.84181,0.84165,0.84178,1273.0
2024-07-11 13:30:00,FX:EURGBP,0.84178,0.84179,0.84154,0.84158,1384.0
2024-07-11 13:45:00,FX:EURGBP,0.84158,0.8416399999999999,0.84149,0.84163,1408.0
2024-07-11 14:00:00,FX:EURGBP,0.84163,0.84173,0.84159,0.84165,1101.0
2024-07-11 14:15:00,FX:EURGBP,0.84165,0.84173,0.84156,0.84168,1349.0
2024-07-11 14:30:00,FX:EURGBP,0.84168,0.84171,0.84159,0.84161,1652.0
2024-07-11 14:45:00,FX:EURGBP,0.84161,0.84167,0.84142,0.84146,1329.0
2024-07-11 15:00:00,FX:EURGBP,0.84146,0.84159,0.84131,0.84156,661.0
2024-07-11 15:15:00,FX:EURGBP,0.84156,0.84162,0.84148,0.84151,358.0
2024-07-11 15:30:00,FX:EURGBP,0.84151,0.84156,0.84148,0.84154,256.0
2024-07-11 15:45:00,FX:EURGBP,0.84154,0.84161,0.8414,0.84143,446.0
2024-07-11 16:00:00,FX:EURGBP,0.84143,0.84159,0.84092,0.84153,316.0
2024-07-11 16:15:00,FX:EURGBP,0.84153,0.84165,0.84111,0.84131,528.0
2024-07-11 16:30:00,FX:EURGBP,0.84131,0.84155,0.84121,0.84127,1719.0
2024-07-11 16:45:00,FX:EURGBP,0.84127,0.84151,0.84127,0.84148,358.0
2024-07-11 17:00:00,FX:EURGBP,0.84148,0.84155,0.84122,0.84149,463.0
2024-07-11 17:15:00,FX:EURGBP,0.84149,0.8415,0.84146,0.84149,298.0
2024-07-11 17:30:00,FX:EURGBP,0.84149,0.8415199999999999,0.84139,0.84144,348.0
2024-07-11 17:45:00,FX:EURGBP,0.84144,0.84151,0.84141,0.8415,207.0
2024-07-11 18:00:00,FX:EURGBP,0.8415,0.8415,0.84137,0.84137,319.0
2024-07-11 18:15:00,FX:EURGBP,0.84137,0.84141,0.84124,0.84138,957.0
2024-07-11 18:30:00,FX:EURGBP,0.84138,0.84156,0.84133,0.84151,1628.0
2024-07-11 18:45:00,FX:EURGBP,0.84151,0.84155,0.84133,0.84141,3599.0
2024-07-11 19:00:00,FX:EURGBP,0.84141,0.84153,0.84135,0.8414,1510.0
2024-07-11 19:15:00,FX:EURGBP,0.8414,0.84156,0.84139,0.84155,1119.0
2024-07-11 19:30:00,FX:EURGBP,0.84155,0.84166,0.8415,0.84162,1343.0
2024-07-11 19:45:00,FX:EURGBP,0.84162,0.84214,0.84159,0.84199,1968.0
2024-07-11 20:00:00,FX:EURGBP,0.84199,0.84206,0.84193,0.84194,1221.0
2024-07-11 20:15:00,FX:EURGBP,0.84194,0.84201,0.84188,0.84196,845.0
2024-07-11 20:30:00,FX:EURGBP,0.84196,0.84207,0.84188,0.842,1411.0
2024-07-11 20:45:00,FX:EURGBP,0.842,0.84207,0.84193,0.84198,1083.0
2024-07-11 21:00:00,FX:EURGBP,0.84198,0.84202,0.84189,0.84198,1152.0
2024-07-11 21:15:00,FX:EURGBP,0.84198,0.84202,0.84192,0.84196,999.0
2024-07-11 21:30:00,FX:EURGBP,0.84196,0.84204,0.84192,0.84199,956.0
2024-07-11 21:45:00,FX:EURGBP,0.84199,0.84207,0.84195,0.84199,939.0
2024-07-11 22:00:00,FX:EURGBP,0.84199,0.84202,0.84193,0.84194,820.0
2024-07-11 22:15:00,FX:EURGBP,0.84194,0.84209,0.8419,0.84209,614.0
2024-07-11 22:30:00,FX:EURGBP,0.84209,0.84216,0.84206,0.8421299999999999,990.0
2024-07-11 22:45:00,FX:EURGBP,0.8421299999999999,0.84215,0.84199,0.84202,508.0
2024-07-11 23:00:00,FX:EURGBP,0.84202,0.84202,0.84192,0.84196,698.0
2024-07-11 23:15:00,FX:EURGBP,0.84196,0.842,0.8419099999999999,0.84198,547.0
2024-07-11 23:30:00,FX:EURGBP,0.84198,0.84201,0.84185,0.84187,540.0
2024-07-11 23:45:00,FX:EURGBP,0.84187,0.84197,0.84184,0.84188,578.0
2024-07-12 00:00:00,FX:EURGBP,0.84188,0.84189,0.84178,0.84183,943.0
2024-07-12 00:15:00,FX:EURGBP,0.84183,0.8419,0.84177,0.84189,745.0
2024-07-12 00:30:00,FX:EURGBP,0.84189,0.84192,0.84182,0.84185,1217.0
2024-07-12 00:45:00,FX:EURGBP,0.84185,0.84187,0.84171,0.84175,1328.0
2024-07-12 01:00:00,FX:EURGBP,0.84175,0.84175,0.84154,0.84161,1984.0
2024-07-12 01:15:00,FX:EURGBP,0.84161,0.84179,0.84154,0.84179,2011.0
2024-07-12 01:30:00,FX:EURGBP,0.84179,0.84199,0.84165,0.84189,1797.0
2024-07-12 01:45:00,FX:EURGBP,0.84189,0.84197,0.84168,0.84181,1986.0
2024-07-12 02:00:00,FX:EURGBP,0.84181,0.84194,0.84129,0.84142,2101.0
2024-07-12 02:15:00,FX:EURGBP,0.84142,0.84167,0.84129,0.84167,2332.0
2024-07-12 02:30:00,FX:EURGBP,0.84167,0.84177,0.84146,0.8415,1856.0
2024-07-12 02:45:00,FX:EURGBP,0.8415,0.8415,0.841,0.84122,1824.0
2024-07-12 03:00:00,FX:EURGBP,0.84122,0.84142,0.84112,0.84131,2535.0
2024-07-12 03:15:00,FX:EURGBP,0.84131,0.84141,0.84119,0.84135,1659.0
2024-07-12 03:30:00,FX:EURGBP,0.84135,0.8414,0.84116,0.8412,2194.0
2024-07-12 03:45:00,FX:EURGBP,0.8412,0.84132,0.84084,0.84092,2434.0
2024-07-12 04:00:00,FX:EURGBP,0.84092,0.84134,0.84077,0.84084,2600.0
2024-07-12 04:15:00,FX:EURGBP,0.84084,0.8408599999999999,0.84058,0.84065,2080.0
2024-07-12 04:30:00,FX:EURGBP,0.84065,0.8406899999999999,0.84045,0.84051,1819.0
2024-07-12 04:45:00,FX:EURGBP,0.84051,0.8408599999999999,0.84049,0.84058,1738.0
2024-07-12 05:00:00,FX:EURGBP,0.84058,0.8407,0.8404,0.84043,1811.0
2024-07-12 05:15:00,FX:EURGBP,0.84043,0.84061,0.84031,0.84039,2019.0
2024-07-12 05:30:00,FX:EURGBP,0.84039,0.8405199999999999,0.84027,0.84043,1973.0
2024-07-12 05:45:00,FX:EURGBP,0.84043,0.84051,0.84015,0.84017,2122.0
2024-07-12 06:00:00,FX:EURGBP,0.84017,0.84029,0.8400299999999999,0.8400799999999999,1731.0
2024-07-12 06:15:00,FX:EURGBP,0.8400799999999999,0.84032,0.83999,0.84012,1531.0
2024-07-12 06:30:00,FX:EURGBP,0.84012,0.8404,0.83999,0.84014,1713.0
2024-07-12 06:45:00,FX:EURGBP,0.84014,0.84026,0.84001,0.8400299999999999,1413.0
2024-07-12 07:00:00,FX:EURGBP,0.8400299999999999,0.84039,0.8400299999999999,0.84033,2757.0
2024-07-12 07:15:00,FX:EURGBP,0.84033,0.8404,0.8398599999999999,0.84,3487.0
2024-07-12 07:30:00,FX:EURGBP,0.84,0.84092,0.83982,0.84018,8468.0
2024-07-12 07:45:00,FX:EURGBP,0.84018,0.84023,0.8398,0.83997,4870.0
2024-07-12 08:00:00,FX:EURGBP,0.83997,0.83998,0.83939,0.83977,5771.0
2024-07-12 08:15:00,FX:EURGBP,0.83977,0.84062,0.83972,0.84055,4614.0
2024-07-12 08:30:00,FX:EURGBP,0.84055,0.84075,0.84032,0.84042,4231.0
2024-07-12 08:45:00,FX:EURGBP,0.84042,0.84045,0.83944,0.83944,2968.0
2024-07-12 09:00:00,FX:EURGBP,0.83944,0.83995,0.83941,0.8398,5763.0
2024-07-12 09:15:00,FX:EURGBP,0.8398,0.83989,0.8392499999999999,0.83933,6124.0
2024-07-12 09:30:00,FX:EURGBP,0.83933,0.83957,0.83917,0.83953,3726.0
2024-07-12 09:45:00,FX:EURGBP,0.83953,0.83987,0.8394199999999999,0.83983,4314.0
2024-07-12 10:00:00,FX:EURGBP,0.83983,0.83998,0.83972,0.83983,2922.0
2024-07-12 10:15:00,FX:EURGBP,0.83983,0.83983,0.83949,0.8396899999999999,2818.0
2024-07-12 10:30:00,FX:EURGBP,0.8396899999999999,0.83979,0.83959,0.8396399999999999,2305.0
2024-07-12 10:45:00,FX:EURGBP,0.8396399999999999,0.8398,0.83948,0.83959,2470.0
2024-07-12 11:00:00,FX:EURGBP,0.83959,0.8396899999999999,0.83935,0.83935,2543.0
2024-07-12 11:15:00,FX:EURGBP,0.83935,0.8396399999999999,0.83931,0.83953,2154.0
2024-07-12 11:30:00,FX:EURGBP,0.83953,0.83963,0.83945,0.83956,1770.0
2024-07-12 11:45:00,FX:EURGBP,0.83956,0.8396399999999999,0.83951,0.83963,1319.0
2024-07-12 12:00:00,FX:EURGBP,0.83963,0.8398599999999999,0.83958,0.83981,1721.0
2024-07-12 12:15:00,FX:EURGBP,0.83981,0.83982,0.8396,0.83962,1627.0
2024-07-12 12:30:00,FX:EURGBP,0.83962,0.8397,0.83954,0.8396399999999999,1481.0
2024-07-12 12:45:00,FX:EURGBP,0.8396399999999999,0.83973,0.83962,0.83967,1566.0
2024-07-12 13:00:00,FX:EURGBP,0.83967,0.8396899999999999,0.8395,0.83961,1904.0
2024-07-12 13:15:00,FX:EURGBP,0.83961,0.83968,0.83953,0.83959,1105.0
2024-07-12 13:30:00,FX:EURGBP,0.83959,0.83962,0.83949,0.83956,1192.0
2024-07-12 13:45:00,FX:EURGBP,0.83956,0.8396399999999999,0.83955,0.83962,995.0
2024-07-12 14:00:00,FX:EURGBP,0.83962,0.8398599999999999,0.83961,0.83983,993.0
2024-07-12 14:15:00,FX:EURGBP,0.83983,0.83996,0.83982,0.8399,457.0
2024-07-12 14:30:00,FX:EURGBP,0.8399,0.83999,0.83988,0.83995,913.0
2024-07-12 14:45:00,FX:EURGBP,0.83995,0.84,0.83978,0.83984,1024.0
2024-07-12 15:00:00,FX:EURGBP,0.83984,0.8399,0.83977,0.83988,589.0
2024-07-12 15:15:00,FX:EURGBP,0.83988,0.83992,0.83975,0.83978,322.0
2024-07-12 15:30:00,FX:EURGBP,0.83978,0.83984,0.83974,0.83976,506.0
2024-07-12 15:45:00,FX:EURGBP,0.83976,0.83979,0.83882,0.83883,1172.0
2024-07-14 16:00:00,FX:EURGBP,0.83892,0.83919,0.83827,0.83889,215.0
2024-07-14 16:15:00,FX:EURGBP,0.83889,0.83937,0.83863,0.8389099999999999,378.0
2024-07-14 16:30:00,FX:EURGBP,0.8389099999999999,0.83924,0.83868,0.83874,731.0
2024-07-14 16:45:00,FX:EURGBP,0.83874,0.83928,0.8386399999999999,0.83895,1542.0
2024-07-14 17:00:00,FX:EURGBP,0.83895,0.83976,0.8389099999999999,0.83973,1441.0
2024-07-14 17:15:00,FX:EURGBP,0.83973,0.83973,0.83959,0.83961,790.0
2024-07-14 17:30:00,FX:EURGBP,0.83961,0.83963,0.8394699999999999,0.8396,665.0
2024-07-14 17:45:00,FX:EURGBP,0.8396,0.83967,0.83948,0.83949,532.0
2024-07-14 18:00:00,FX:EURGBP,0.83949,0.83962,0.8394699999999999,0.8396,987.0
2024-07-14 18:15:00,FX:EURGBP,0.8396,0.8396,0.83939,0.8394199999999999,835.0
2024-07-14 18:30:00,FX:EURGBP,0.8394199999999999,0.83948,0.83937,0.83946,618.0
2024-07-14 18:45:00,FX:EURGBP,0.83946,0.8395,0.83941,0.8394699999999999,662.0
2024-07-14 19:00:00,FX:EURGBP,0.8394699999999999,0.83977,0.83945,0.83967,864.0
2024-07-14 19:15:00,FX:EURGBP,0.83967,0.83982,0.83967,0.83976,888.0
2024-07-14 19:30:00,FX:EURGBP,0.83976,0.83982,0.83972,0.83979,726.0
2024-07-14 19:45:00,FX:EURGBP,0.83979,0.83981,0.83971,0.83974,725.0
2024-07-14 20:00:00,FX:EURGBP,0.83974,0.83987,0.83971,0.83981,1169.0
2024-07-14 20:15:00,FX:EURGBP,0.83981,0.83983,0.83972,0.83977,917.0
2024-07-14 20:30:00,FX:EURGBP,0.83977,0.83982,0.83971,0.83977,1002.0
2024-07-14 20:45:00,FX:EURGBP,0.83977,0.83987,0.83973,0.83985,639.0
2024-07-14 21:00:00,FX:EURGBP,0.83985,0.8399,0.83972,0.83973,1099.0
2024-07-14 21:15:00,FX:EURGBP,0.83973,0.83975,0.83967,0.83974,925.0
2024-07-14 21:30:00,FX:EURGBP,0.83974,0.83981,0.83968,0.83975,838.0
2024-07-14 21:45:00,FX:EURGBP,0.83975,0.83975,0.83966,0.83974,616.0
2024-07-14 22:00:00,FX:EURGBP,0.83974,0.83977,0.8397,0.83971,659.0
2024-07-14 22:15:00,FX:EURGBP,0.83971,0.83976,0.8396899999999999,0.83975,408.0
2024-07-14 22:30:00,FX:EURGBP,0.83975,0.83979,0.83972,0.83976,379.0
2024-07-14 22:45:00,FX:EURGBP,0.83976,0.83978,0.8396399999999999,0.83968,419.0
2024-07-14 23:00:00,FX:EURGBP,0.83968,0.83973,0.8396399999999999,0.8396899999999999,451.0
2024-07-14 23:15:00,FX:EURGBP,0.8396899999999999,0.83975,0.83962,0.83967,413.0
2024-07-14 23:30:00,FX:EURGBP,0.83967,0.83971,0.83962,0.83967,435.0
2024-07-14 23:45:00,FX:EURGBP,0.83967,0.83973,0.83958,0.83958,527.0
2024-07-15 00:00:00,FX:EURGBP,0.83958,0.83967,0.83954,0.83957,621.0
2024-07-15 00:15:00,FX:EURGBP,0.83957,0.83961,0.83949,0.83956,397.0
2024-07-15 00:30:00,FX:EURGBP,0.83956,0.83961,0.83951,0.83956,383.0
2024-07-15 00:45:00,FX:EURGBP,0.83956,0.83976,0.83956,0.83962,675.0
2024-07-15 01:00:00,FX:EURGBP,0.83962,0.8397,0.83949,0.8396399999999999,1669.0
2024-07-15 01:15:00,FX:EURGBP,0.8396399999999999,0.83985,0.83955,0.83971,1982.0
2024-07-15 01:30:00,FX:EURGBP,0.83971,0.83981,0.8396,0.83973,1468.0
2024-07-15 01:45:00,FX:EURGBP,0.83973,0.83989,0.83953,0.83958,1776.0
2024-07-15 02:00:00,FX:EURGBP,0.83958,0.83971,0.83938,0.83946,2485.0
2024-07-15 02:15:00,FX:EURGBP,0.83946,0.83952,0.83914,0.83917,2375.0
2024-07-15 02:30:00,FX:EURGBP,0.83917,0.8394,0.83909,0.8392999999999999,2767.0
2024-07-15 02:45:00,FX:EURGBP,0.8392999999999999,0.83941,0.83916,0.83927,2482.0
2024-07-15 03:00:00,FX:EURGBP,0.83927,0.83963,0.83922,0.83959,2646.0
2024-07-15 03:15:00,FX:EURGBP,0.83959,0.83996,0.8395,0.8398,2127.0
2024-07-15 03:30:00,FX:EURGBP,0.8398,0.83996,0.83972,0.8399099999999999,1904.0
2024-07-15 03:45:00,FX:EURGBP,0.8399099999999999,0.84009,0.83979,0.83983,1748.0
2024-07-15 04:00:00,FX:EURGBP,0.83983,0.84005,0.83967,0.8397,2138.0
2024-07-15 04:15:00,FX:EURGBP,0.8397,0.84005,0.83968,0.8398599999999999,1796.0
2024-07-15 04:30:00,FX:EURGBP,0.8398599999999999,0.8402999999999999,0.8398599999999999,0.84024,2255.0
2024-07-15 04:45:00,FX:EURGBP,0.84024,0.84059,0.84011,0.84055,2207.0
2024-07-15 05:00:00,FX:EURGBP,0.84055,0.84077,0.84053,0.84071,1949.0
2024-07-15 05:15:00,FX:EURGBP,0.84071,0.84119,0.84065,0.84102,2396.0
2024-07-15 05:30:00,FX:EURGBP,0.84102,0.84106,0.84075,0.84087,2497.0
2024-07-15 05:45:00,FX:EURGBP,0.84087,0.84093,0.84057,0.84057,2187.0
2024-07-15 06:00:00,FX:EURGBP,0.84057,0.84093,0.84046,0.84074,2331.0
2024-07-15 06:15:00,FX:EURGBP,0.84074,0.84088,0.84065,0.84076,1959.0
2024-07-15 06:30:00,FX:EURGBP,0.84076,0.84098,0.8407,0.84085,1939.0
2024-07-15 06:45:00,FX:EURGBP,0.84085,0.84085,0.84059,0.84063,2297.0
2024-07-15 07:00:00,FX:EURGBP,0.84063,0.84071,0.84042,0.84056,2879.0
2024-07-15 07:15:00,FX:EURGBP,0.84056,0.84075,0.8405199999999999,0.8407,2681.0
2024-07-15 07:30:00,FX:EURGBP,0.8407,0.84078,0.84056,0.84058,2671.0
2024-07-15 07:45:00,FX:EURGBP,0.84058,0.8406899999999999,0.84045,0.84049,2524.0
2024-07-15 08:00:00,FX:EURGBP,0.84049,0.84054,0.84029,0.84046,2545.0
2024-07-15 08:15:00,FX:EURGBP,0.84046,0.84054,0.84036,0.84044,2392.0
2024-07-15 08:30:00,FX:EURGBP,0.84044,0.84045,0.84004,0.84013,3023.0
2024-07-15 08:45:00,FX:EURGBP,0.84013,0.84029,0.83995,0.8400299999999999,3138.0
2024-07-15 09:00:00,FX:EURGBP,0.8400299999999999,0.84037,0.84,0.84026,2483.0
2024-07-15 09:15:00,FX:EURGBP,0.84026,0.84048,0.84021,0.8404699999999999,2310.0
2024-07-15 09:30:00,FX:EURGBP,0.8404699999999999,0.8404699999999999,0.84013,0.84039,2048.0
2024-07-15 09:45:00,FX:EURGBP,0.84039,0.84098,0.84039,0.84085,3537.0
2024-07-15 10:00:00,FX:EURGBP,0.84085,0.84087,0.84058,0.84074,3279.0
2024-07-15 10:15:00,FX:EURGBP,0.84074,0.84075,0.84032,0.84046,2646.0
2024-07-15 10:30:00,FX:EURGBP,0.84046,0.84062,0.84021,0.84027,2554.0
2024-07-15 10:45:00,FX:EURGBP,0.84027,0.84051,0.8402,0.84051,1703.0
2024-07-15 11:00:00,FX:EURGBP,0.84051,0.8406,0.84036,0.8405199999999999,2296.0
2024-07-15 11:15:00,FX:EURGBP,0.8405199999999999,0.84061,0.84037,0.8405199999999999,1870.0
2024-07-15 11:30:00,FX:EURGBP,0.8405199999999999,0.84058,0.8402999999999999,0.84039,4339.0
2024-07-15 11:45:00,FX:EURGBP,0.84039,0.84063,0.84035,0.84037,3719.0
2024-07-15 12:00:00,FX:EURGBP,0.84037,0.84057,0.84033,0.84049,3456.0
2024-07-15 12:15:00,FX:EURGBP,0.84049,0.84056,0.84037,0.84043,2647.0
2024-07-15 12:30:00,FX:EURGBP,0.84043,0.84055,0.84024,0.84034,2627.0
2024-07-15 12:45:00,FX:EURGBP,0.84034,0.84043,0.8402,0.84028,2074.0
2024-07-15 13:00:00,FX:EURGBP,0.84028,0.84033,0.8402,0.84026,1342.0
2024-07-15 13:15:00,FX:EURGBP,0.84026,0.84032,0.84015,0.84023,1646.0
2024-07-15 13:30:00,FX:EURGBP,0.84023,0.84038,0.84019,0.84034,1390.0
2024-07-15 13:45:00,FX:EURGBP,0.84034,0.84037,0.84023,0.84035,786.0
2024-07-15 14:00:00,FX:EURGBP,0.84035,0.84037,0.84023,0.84034,992.0
2024-07-15 14:15:00,FX:EURGBP,0.84034,0.84038,0.84024,0.84031,1546.0
2024-07-15 14:30:00,FX:EURGBP,0.84031,0.84041,0.84026,0.84039,1269.0
2024-07-15 14:45:00,FX:EURGBP,0.84039,0.84044,0.84028,0.8404,1678.0
2024-07-15 15:00:00,FX:EURGBP,0.8404,0.84042,0.84027,0.8402999999999999,624.0
2024-07-15 15:15:00,FX:EURGBP,0.8402999999999999,0.84038,0.84027,0.84032,372.0
2024-07-15 15:30:00,FX:EURGBP,0.84032,0.84034,0.8402499999999999,0.84031,433.0
2024-07-15 15:45:00,FX:EURGBP,0.84031,0.84034,0.84007,0.84012,480.0
2024-07-15 16:00:00,FX:EURGBP,0.84012,0.84012,0.83977,0.84001,204.0
2024-07-15 16:15:00,FX:EURGBP,0.84001,0.84026,0.8398,0.84007,485.0
2024-07-15 16:30:00,FX:EURGBP,0.84007,0.84012,0.83974,0.8399099999999999,4704.0
2024-07-15 16:45:00,FX:EURGBP,0.8399099999999999,0.84022,0.83978,0.84019,1019.0
2024-07-15 17:00:00,FX:EURGBP,0.84019,0.84027,0.84014,0.84014,271.0
2024-07-15 17:15:00,FX:EURGBP,0.84014,0.84023,0.84014,0.84023,221.0
2024-07-15 17:30:00,FX:EURGBP,0.84023,0.84024,0.84013,0.84017,162.0
2024-07-15 17:45:00,FX:EURGBP,0.84017,0.84024,0.84012,0.8402,163.0
2024-07-15 18:00:00,FX:EURGBP,0.8402,0.84032,0.8402,0.84028,691.0
2024-07-15 18:15:00,FX:EURGBP,0.84028,0.8402999999999999,0.84022,0.84029,465.0
2024-07-15 18:30:00,FX:EURGBP,0.84029,0.8402999999999999,0.84021,0.84028,358.0
2024-07-15 18:45:00,FX:EURGBP,0.84028,0.84034,0.8402499999999999,0.8402999999999999,764.0
2024-07-15 19:00:00,FX:EURGBP,0.8402999999999999,0.84033,0.8402,0.8402,1125.0
2024-07-15 19:15:00,FX:EURGBP,0.8402,0.84023,0.84011,0.84018,921.0
2024-07-15 19:30:00,FX:EURGBP,0.84018,0.84019,0.8400299999999999,0.84004,1168.0
2024-07-15 19:45:00,FX:EURGBP,0.84004,0.84012,0.83999,0.84005,1367.0
2024-07-15 20:00:00,FX:EURGBP,0.84005,0.84022,0.84002,0.84022,1530.0
2024-07-15 20:15:00,FX:EURGBP,0.84022,0.84026,0.84013,0.84015,1465.0
2024-07-15 20:30:00,FX:EURGBP,0.84015,0.84021,0.8400799999999999,0.84019,814.0
2024-07-15 20:45:00,FX:EURGBP,0.84019,0.84021,0.84009,0.8401,680.0
2024-07-15 21:00:00,FX:EURGBP,0.8401,0.84014,0.84002,0.84005,909.0
2024-07-15 21:15:00,FX:EURGBP,0.84005,0.84013,0.84002,0.84013,835.0
2024-07-15 21:30:00,FX:EURGBP,0.84013,0.84013,0.84,0.84004,980.0
2024-07-15 21:45:00,FX:EURGBP,0.84004,0.84015,0.83998,0.84014,840.0
2024-07-15 22:00:00,FX:EURGBP,0.84014,0.84026,0.84013,0.84022,734.0
2024-07-15 22:15:00,FX:EURGBP,0.84022,0.84027,0.84017,0.84024,881.0
2024-07-15 22:30:00,FX:EURGBP,0.84024,0.84027,0.84014,0.84018,749.0
2024-07-15 22:45:00,FX:EURGBP,0.84018,0.84027,0.84015,0.84027,615.0
2024-07-15 23:00:00,FX:EURGBP,0.84027,0.84027,0.84016,0.8402499999999999,667.0
2024-07-15 23:15:00,FX:EURGBP,0.8402499999999999,0.84029,0.84018,0.84028,557.0
2024-07-15 23:30:00,FX:EURGBP,0.84028,0.84033,0.84026,0.84027,674.0
2024-07-15 23:45:00,FX:EURGBP,0.84027,0.8402999999999999,0.84017,0.8402499999999999,550.0
2024-07-16 00:00:00,FX:EURGBP,0.8402499999999999,0.84032,0.8402,0.8402499999999999,624.0
2024-07-16 00:15:00,FX:EURGBP,0.8402499999999999,0.84036,0.84022,0.84033,609.0
2024-07-16 00:30:00,FX:EURGBP,0.84033,0.84035,0.84014,0.84024,894.0
2024-07-16 00:45:00,FX:EURGBP,0.84024,0.84034,0.84018,0.84029,615.0
2024-07-16 01:00:00,FX:EURGBP,0.84029,0.84029,0.8400799999999999,0.84011,1921.0
2024-07-16 01:15:00,FX:EURGBP,0.84011,0.84017,0.83989,0.84015,1915.0
2024-07-16 01:30:00,FX:EURGBP,0.84015,0.8405199999999999,0.84006,0.84051,2192.0
2024-07-16 01:45:00,FX:EURGBP,0.84051,0.84068,0.84037,0.84048,1725.0
2024-07-16 02:00:00,FX:EURGBP,0.84048,0.84071,0.84043,0.84056,2851.0
2024-07-16 02:15:00,FX:EURGBP,0.84056,0.8406399999999999,0.84041,0.84049,2056.0
2024-07-16 02:30:00,FX:EURGBP,0.84049,0.8405199999999999,0.8402499999999999,0.84029,2012.0
2024-07-16 02:45:00,FX:EURGBP,0.84029,0.84048,0.84007,0.84039,2530.0
2024-07-16 03:00:00,FX:EURGBP,0.84039,0.84042,0.84019,0.84036,2572.0
2024-07-16 03:15:00,FX:EURGBP,0.84036,0.84063,0.84024,0.84051,2131.0
2024-07-16 03:30:00,FX:EURGBP,0.84051,0.84081,0.84039,0.84081,1935.0
2024-07-16 03:45:00,FX:EURGBP,0.84081,0.84097,0.84053,0.84082,2793.0
2024-07-16 04:00:00,FX:EURGBP,0.84082,0.84104,0.84061,0.8409099999999999,2552.0
2024-07-16 04:15:00,FX:EURGBP,0.8409099999999999,0.84106,0.84078,0.84098,2070.0
2024-07-16 04:30:00,FX:EURGBP,0.84098,0.84102,0.84036,0.84038,2176.0
2024-07-16 04:45:00,FX:EURGBP,0.84038,0.84044,0.84015,0.84036,2360.0
2024-07-16 05:00:00,FX:EURGBP,0.84036,0.84058,0.84032,0.84042,2396.0
2024-07-16 05:15:00,FX:EURGBP,0.84042,0.84072,0.84042,0.84062,1811.0
2024-07-16 05:30:00,FX:EURGBP,0.84062,0.84081,0.84056,0.84076,1745.0
2024-07-16 05:45:00,FX:EURGBP,0.84076,0.84082,0.84049,0.84058,1435.0
2024-07-16 06:00:00,FX:EURGBP,0.84058,0.84062,0.84046,0.8405,1732.0
2024-07-16 06:15:00,FX:EURGBP,0.8405,0.8406,0.84041,0.84057,1854.0
2024-07-16 06:30:00,FX:EURGBP,0.84057,0.84071,0.84035,0.84036,1512.0
2024-07-16 06:45:00,FX:EURGBP,0.84036,0.84073,0.84034,0.84061,2281.0
2024-07-16 07:00:00,FX:EURGBP,0.84061,0.84068,0.84035,0.84036,2383.0
2024-07-16 07:15:00,FX:EURGBP,0.84036,0.84042,0.83976,0.83978,2862.0
2024-07-16 07:30:00,FX:EURGBP,0.83978,0.84046,0.83974,0.84033,7415.0
2024-07-16 07:45:00,FX:EURGBP,0.84033,0.84065,0.84028,0.84041,4968.0
2024-07-16 08:00:00,FX:EURGBP,0.84041,0.84045,0.83988,0.83992,3695.0
2024-07-16 08:15:00,FX:EURGBP,0.83992,0.84011,0.83984,0.84,2898.0
2024-07-16 08:30:00,FX:EURGBP,0.84,0.84018,0.83999,0.84004,3191.0
2024-07-16 08:45:00,FX:EURGBP,0.84004,0.84015,0.83984,0.84015,2327.0
2024-07-16 09:00:00,FX:EURGBP,0.84015,0.84019,0.83989,0.83995,3234.0
2024-07-16 09:15:00,FX:EURGBP,0.83995,0.84012,0.83978,0.83988,3120.0
2024-07-16 09:30:00,FX:EURGBP,0.83988,0.8400799999999999,0.83983,0.84007,2916.0
2024-07-16 09:45:00,FX:EURGBP,0.84007,0.8404,0.84004,0.84021,4225.0
2024-07-16 10:00:00,FX:EURGBP,0.84021,0.84024,0.83992,0.84009,2455.0
2024-07-16 10:15:00,FX:EURGBP,0.84009,0.84014,0.83994,0.83997,2912.0
2024-07-16 10:30:00,FX:EURGBP,0.83997,0.84012,0.83995,0.84001,2250.0
2024-07-16 10:45:00,FX:EURGBP,0.84001,0.84013,0.83999,0.84011,1920.0
2024-07-16 11:00:00,FX:EURGBP,0.84011,0.84033,0.8401,0.84027,1673.0
2024-07-16 11:15:00,FX:EURGBP,0.84027,0.84036,0.84021,0.84024,1880.0
2024-07-16 11:30:00,FX:EURGBP,0.84024,0.84039,0.84023,0.84034,1941.0
2024-07-16 11:45:00,FX:EURGBP,0.84034,0.84057,0.84034,0.84054,2140.0
2024-07-16 12:00:00,FX:EURGBP,0.84054,0.8406399999999999,0.8405,0.84061,1702.0
2024-07-16 12:15:00,FX:EURGBP,0.84061,0.84061,0.84048,0.84048,1890.0
2024-07-16 12:30:00,FX:EURGBP,0.84048,0.8405,0.84039,0.84046,1937.0
2024-07-16 12:45:00,FX:EURGBP,0.84046,0.84049,0.84029,0.84048,1191.0
2024-07-16 13:00:00,FX:EURGBP,0.84048,0.84051,0.8402499999999999,0.84031,1768.0
2024-07-16 13:15:00,FX:EURGBP,0.84031,0.84039,0.84028,0.84037,1693.0
2024-07-16 13:30:00,FX:EURGBP,0.84037,0.84044,0.8402999999999999,0.84033,959.0
2024-07-16 13:45:00,FX:EURGBP,0.84033,0.84034,0.84017,0.84018,953.0
2024-07-16 14:00:00,FX:EURGBP,0.84018,0.8402499999999999,0.84011,0.84018,1380.0
2024-07-16 14:15:00,FX:EURGBP,0.84018,0.84031,0.84018,0.84023,786.0
2024-07-16 14:30:00,FX:EURGBP,0.84023,0.84026,0.84015,0.84018,1200.0
2024-07-16 14:45:00,FX:EURGBP,0.84018,0.8402499999999999,0.84009,0.84023,1690.0
2024-07-16 15:00:00,FX:EURGBP,0.84023,0.84028,0.84018,0.84019,372.0
2024-07-16 15:15:00,FX:EURGBP,0.84019,0.84022,0.84015,0.84019,402.0
2024-07-16 15:30:00,FX:EURGBP,0.84019,0.84022,0.84014,0.84021,442.0
2024-07-16 15:45:00,FX:EURGBP,0.84021,0.84022,0.83993,0.84007,618.0
2024-07-16 16:00:00,FX:EURGBP,0.84007,0.84021,0.83971,0.84019,265.0
2024-07-16 16:15:00,FX:EURGBP,0.84019,0.84024,0.83993,0.84007,379.0
2024-07-16 16:30:00,FX:EURGBP,0.84007,0.8402,0.84,0.84018,859.0
2024-07-16 16:45:00,FX:EURGBP,0.84018,0.8402,0.83995,0.84013,1463.0
2024-07-16 17:00:00,FX:EURGBP,0.84013,0.84019,0.84006,0.84015,346.0
2024-07-16 17:15:00,FX:EURGBP,0.84015,0.84015,0.84009,0.84012,149.0
2024-07-16 17:30:00,FX:EURGBP,0.84012,0.84016,0.8400799999999999,0.84009,238.0
2024-07-16 17:45:00,FX:EURGBP,0.84009,0.84021,0.84005,0.84016,437.0
2024-07-16 18:00:00,FX:EURGBP,0.84016,0.84021,0.84013,0.8402,492.0
2024-07-16 18:15:00,FX:EURGBP,0.8402,0.84022,0.84012,0.84019,460.0
2024-07-16 18:30:00,FX:EURGBP,0.84019,0.84032,0.84016,0.84024,601.0
2024-07-16 18:45:00,FX:EURGBP,0.84024,0.84027,0.84005,0.8400799999999999,756.0
2024-07-16 19:00:00,FX:EURGBP,0.8400799999999999,0.84023,0.83999,0.84022,1143.0
2024-07-16 19:15:00,FX:EURGBP,0.84022,0.84028,0.84016,0.84023,627.0
2024-07-16 19:30:00,FX:EURGBP,0.84023,0.84028,0.84016,0.8402,717.0
2024-07-16 19:45:00,FX:EURGBP,0.8402,0.84029,0.84016,0.84023,1334.0
2024-07-16 20:00:00,FX:EURGBP,0.84023,0.84029,0.84018,0.84022,1258.0
2024-07-16 20:15:00,FX:EURGBP,0.84022,0.84029,0.84019,0.84024,934.0
2024-07-16 20:30:00,FX:EURGBP,0.84024,0.8402999999999999,0.84021,0.84027,661.0
2024-07-16 20:45:00,FX:EURGBP,0.84027,0.84034,0.84024,0.84031,555.0
2024-07-16 21:00:00,FX:EURGBP,0.84031,0.84033,0.84027,0.84031,388.0
2024-07-16 21:15:00,FX:EURGBP,0.84031,0.84035,0.84027,0.8402999999999999,374.0
2024-07-16 21:30:00,FX:EURGBP,0.8402999999999999,0.84039,0.84028,0.84033,713.0
2024-07-16 21:45:00,FX:EURGBP,0.84033,0.84043,0.84032,0.84043,492.0
2024-07-16 22:00:00,FX:EURGBP,0.84043,0.84045,0.84035,0.84042,714.0
2024-07-16 22:15:00,FX:EURGBP,0.84042,0.84046,0.84038,0.8404,664.0
2024-07-16 22:30:00,FX:EURGBP,0.8404,0.84051,0.84039,0.84046,697.0
2024-07-16 22:45:00,FX:EURGBP,0.84046,0.84057,0.84046,0.8405,794.0
2024-07-16 23:00:00,FX:EURGBP,0.8405,0.84053,0.84044,0.84045,798.0
2024-07-16 23:15:00,FX:EURGBP,0.84045,0.84051,0.84043,0.8405,509.0
2024-07-16 23:30:00,FX:EURGBP,0.8405,0.84061,0.84044,0.84056,607.0
2024-07-16 23:45:00,FX:EURGBP,0.84056,0.84073,0.84054,0.84072,579.0
2024-07-17 00:00:00,FX:EURGBP,0.84072,0.84077,0.84067,0.8406899999999999,833.0
2024-07-17 00:15:00,FX:EURGBP,0.8406899999999999,0.8408,0.84066,0.84067,861.0
2024-07-17 00:30:00,FX:EURGBP,0.84067,0.84083,0.84059,0.84081,679.0
2024-07-17 00:45:00,FX:EURGBP,0.84081,0.8409099999999999,0.8402499999999999,0.84035,1385.0
2024-07-17 01:00:00,FX:EURGBP,0.84035,0.84054,0.83946,0.84022,4697.0
2024-07-17 01:15:00,FX:EURGBP,0.84022,0.84033,0.83995,0.84024,3403.0
2024-07-17 01:30:00,FX:EURGBP,0.84024,0.84027,0.83945,0.8395,3342.0
2024-07-17 01:45:00,FX:EURGBP,0.8395,0.8396,0.8390799999999999,0.83909,2819.0
2024-07-17 02:00:00,FX:EURGBP,0.83909,0.83945,0.8389099999999999,0.8390299999999999,3756.0
2024-07-17 02:15:00,FX:EURGBP,0.8390299999999999,0.8394,0.83895,0.83919,3382.0
2024-07-17 02:30:00,FX:EURGBP,0.83919,0.83939,0.83858,0.83868,3657.0
2024-07-17 02:45:00,FX:EURGBP,0.83868,0.83894,0.83851,0.83856,3366.0
2024-07-17 03:00:00,FX:EURGBP,0.83856,0.83873,0.8384699999999999,0.83849,3244.0
2024-07-17 03:15:00,FX:EURGBP,0.83849,0.8386399999999999,0.83829,0.83843,2580.0
2024-07-17 03:30:00,FX:EURGBP,0.83843,0.83944,0.83841,0.8392,4175.0
2024-07-17 03:45:00,FX:EURGBP,0.8392,0.83989,0.83914,0.83981,3868.0
2024-07-17 04:00:00,FX:EURGBP,0.83981,0.8399,0.83963,0.83974,4046.0
2024-07-17 04:15:00,FX:EURGBP,0.83974,0.83977,0.83918,0.83932,3434.0
2024-07-17 04:30:00,FX:EURGBP,0.83932,0.83936,0.83907,0.83913,2996.0
2024-07-17 04:45:00,FX:EURGBP,0.83913,0.83933,0.83899,0.83906,2496.0
2024-07-17 05:00:00,FX:EURGBP,0.83906,0.8392999999999999,0.8389,0.83928,2607.0
2024-07-17 05:15:00,FX:EURGBP,0.83928,0.83937,0.83901,0.83922,1696.0
2024-07-17 05:30:00,FX:EURGBP,0.83922,0.83929,0.83892,0.83915,2224.0
2024-07-17 05:45:00,FX:EURGBP,0.83915,0.83917,0.83865,0.8386899999999999,2198.0
2024-07-17 06:00:00,FX:EURGBP,0.8386899999999999,0.83873,0.83841,0.8386,2111.0
2024-07-17 06:15:00,FX:EURGBP,0.8386,0.8390299999999999,0.83854,0.83902,2203.0
2024-07-17 06:30:00,FX:EURGBP,0.83902,0.83917,0.83877,0.8389,2860.0
2024-07-17 06:45:00,FX:EURGBP,0.8389,0.8392,0.8389,0.839,2547.0
2024-07-17 07:00:00,FX:EURGBP,0.839,0.8394199999999999,0.83894,0.8392999999999999,2812.0
2024-07-17 07:15:00,FX:EURGBP,0.8392999999999999,0.83968,0.8392499999999999,0.83958,2743.0
2024-07-17 07:30:00,FX:EURGBP,0.83958,0.83974,0.83944,0.83966,3085.0
2024-07-17 07:45:00,FX:EURGBP,0.83966,0.83967,0.83941,0.83962,2885.0
2024-07-17 08:00:00,FX:EURGBP,0.83962,0.83979,0.83943,0.83944,2363.0
2024-07-17 08:15:00,FX:EURGBP,0.83944,0.83988,0.83941,0.83983,3295.0
2024-07-17 08:30:00,FX:EURGBP,0.83983,0.8399099999999999,0.8394199999999999,0.83943,5265.0
2024-07-17 08:45:00,FX:EURGBP,0.83943,0.8394699999999999,0.83926,0.8394,3578.0
2024-07-17 09:00:00,FX:EURGBP,0.8394,0.84017,0.83939,0.8398,3800.0
2024-07-17 09:15:00,FX:EURGBP,0.8398,0.83993,0.83961,0.83981,4123.0
2024-07-17 09:30:00,FX:EURGBP,0.83981,0.83992,0.8397,0.83981,3244.0
2024-07-17 09:45:00,FX:EURGBP,0.83981,0.84039,0.8398,0.8401,2975.0
2024-07-17 10:00:00,FX:EURGBP,0.8401,0.8404699999999999,0.83995,0.84035,3104.0
2024-07-17 10:15:00,FX:EURGBP,0.84035,0.8406399999999999,0.8402999999999999,0.84063,2832.0
2024-07-17 10:30:00,FX:EURGBP,0.84063,0.84073,0.84051,0.84056,3190.0
2024-07-17 10:45:00,FX:EURGBP,0.84056,0.84075,0.8404699999999999,0.84059,2458.0
2024-07-17 11:00:00,FX:EURGBP,0.84059,0.84065,0.84024,0.84026,2516.0
2024-07-17 11:15:00,FX:EURGBP,0.84026,0.84041,0.8401,0.8402999999999999,3065.0
2024-07-17 11:30:00,FX:EURGBP,0.8402999999999999,0.84036,0.84021,0.84031,1917.0
2024-07-17 11:45:00,FX:EURGBP,0.84031,0.84049,0.84023,0.8404699999999999,1880.0
2024-07-17 12:00:00,FX:EURGBP,0.8404699999999999,0.84063,0.84043,0.84056,2981.0
2024-07-17 12:15:00,FX:EURGBP,0.84056,0.8406899999999999,0.84054,0.84065,1551.0
2024-07-17 12:30:00,FX:EURGBP,0.84065,0.84067,0.84042,0.84067,2375.0
2024-07-17 12:45:00,FX:EURGBP,0.84067,0.8406899999999999,0.84053,0.84054,1906.0
2024-07-17 13:00:00,FX:EURGBP,0.84054,0.84072,0.84048,0.8406,1372.0
2024-07-17 13:15:00,FX:EURGBP,0.8406,0.84075,0.84053,0.8407,2067.0
2024-07-17 13:30:00,FX:EURGBP,0.8407,0.84092,0.8406899999999999,0.8409099999999999,1591.0
2024-07-17 13:45:00,FX:EURGBP,0.8409099999999999,0.84092,0.84079,0.8409,905.0
2024-07-17 14:00:00,FX:EURGBP,0.8409,0.8409,0.84075,0.84076,1455.0
2024-07-17 14:15:00,FX:EURGBP,0.84076,0.84079,0.8406399999999999,0.84072,1371.0
2024-07-17 14:30:00,FX:EURGBP,0.84072,0.84075,0.8406399999999999,0.8406899999999999,1140.0
2024-07-17 14:45:00,FX:EURGBP,0.8406899999999999,0.84077,0.84068,0.8407,940.0
2024-07-17 15:00:00,FX:EURGBP,0.8407,0.84079,0.8406899999999999,0.84071,438.0
2024-07-17 15:15:00,FX:EURGBP,0.84071,0.84073,0.84057,0.84071,383.0
2024-07-17 15:30:00,FX:EURGBP,0.84071,0.84088,0.8406899999999999,0.84087,394.0
2024-07-17 15:45:00,FX:EURGBP,0.84087,0.84102,0.84084,0.84087,581.0
2024-07-17 16:00:00,FX:EURGBP,0.84087,0.84088,0.8404699999999999,0.84074,121.0
2024-07-17 16:15:00,FX:EURGBP,0.84074,0.84077,0.84063,0.84065,191.0
2024-07-17 16:30:00,FX:EURGBP,0.84065,0.84087,0.84063,0.84073,1357.0
2024-07-17 16:45:00,FX:EURGBP,0.84073,0.84088,0.84054,0.84081,2205.0
2024-07-17 17:00:00,FX:EURGBP,0.84081,0.84094,0.8406899999999999,0.84092,386.0
2024-07-17 17:15:00,FX:EURGBP,0.84092,0.84092,0.84083,0.84088,204.0
2024-07-17 17:30:00,FX:EURGBP,0.84088,0.84094,0.84088,0.84092,235.0
2024-07-17 17:45:00,FX:EURGBP,0.84092,0.84093,0.84088,0.8409099999999999,176.0
2024-07-17 18:00:00,FX:EURGBP,0.8409099999999999,0.84099,0.84082,0.84099,1020.0
2024-07-17 18:15:00,FX:EURGBP,0.84099,0.8410299999999999,0.84088,0.84092,763.0
2024-07-17 18:30:00,FX:EURGBP,0.84092,0.84111,0.84085,0.84109,748.0
2024-07-17 18:45:00,FX:EURGBP,0.84109,0.84112,0.84099,0.84102,503.0
2024-07-17 19:00:00,FX:EURGBP,0.84102,0.84107,0.84089,0.84097,1364.0
2024-07-17 19:15:00,FX:EURGBP,0.84097,0.84106,0.84094,0.84101,1112.0
2024-07-17 19:30:00,FX:EURGBP,0.84101,0.84109,0.84099,0.84107,1053.0
2024-07-17 19:45:00,FX:EURGBP,0.84107,0.84114,0.8410299999999999,0.84105,840.0
2024-07-17 20:00:00,FX:EURGBP,0.84105,0.84113,0.84095,0.84101,1733.0
2024-07-17 20:15:00,FX:EURGBP,0.84101,0.84107,0.84097,0.84101,1428.0
2024-07-17 20:30:00,FX:EURGBP,0.84101,0.8410299999999999,0.8409,0.84094,1319.0
2024-07-17 20:45:00,FX:EURGBP,0.84094,0.84101,0.84084,0.84087,1588.0
2024-07-17 21:00:00,FX:EURGBP,0.84087,0.84098,0.84085,0.8409099999999999,1227.0
2024-07-17 21:15:00,FX:EURGBP,0.8409099999999999,0.84102,0.8409,0.84098,1407.0
2024-07-17 21:30:00,FX:EURGBP,0.84098,0.841,0.84092,0.84095,704.0
2024-07-17 21:45:00,FX:EURGBP,0.84095,0.8410299999999999,0.8409099999999999,0.84098,875.0
2024-07-17 22:00:00,FX:EURGBP,0.84098,0.84105,0.84089,0.84092,1156.0
2024-07-17 22:15:00,FX:EURGBP,0.84092,0.84096,0.84087,0.84088,930.0
2024-07-17 22:30:00,FX:EURGBP,0.84088,0.8409,0.8408,0.84083,961.0
2024-07-17 22:45:00,FX:EURGBP,0.84083,0.84085,0.84074,0.84084,867.0
2024-07-17 23:00:00,FX:EURGBP,0.84084,0.84092,0.84079,0.8409,899.0
2024-07-17 23:15:00,FX:EURGBP,0.8409,0.84099,0.84087,0.84089,817.0
2024-07-17 23:30:00,FX:EURGBP,0.84089,0.84094,0.8408599999999999,0.84088,919.0
2024-07-17 23:45:00,FX:EURGBP,0.84088,0.84096,0.8408599999999999,0.8409099999999999,917.0
2024-07-18 00:00:00,FX:EURGBP,0.8409099999999999,0.84094,0.84081,0.84087,523.0
2024-07-18 00:15:00,FX:EURGBP,0.84087,0.8409,0.84066,0.84068,595.0
2024-07-18 00:30:00,FX:EURGBP,0.84068,0.84071,0.8405,0.84056,1242.0
2024-07-18 00:45:00,FX:EURGBP,0.84056,0.84078,0.8402499999999999,0.84027,1500.0
2024-07-18 01:00:00,FX:EURGBP,0.84027,0.84082,0.84024,0.84078,3107.0
2024-07-18 01:15:00,FX:EURGBP,0.84078,0.84096,0.84074,0.8408,2569.0
2024-07-18 01:30:00,FX:EURGBP,0.8408,0.8416,0.84078,0.84153,3218.0
2024-07-18 01:45:00,FX:EURGBP,0.84153,0.84168,0.84129,0.84137,3021.0
2024-07-18 02:00:00,FX:EURGBP,0.84137,0.84146,0.8410299999999999,0.8411,3275.0
2024-07-18 02:15:00,FX:EURGBP,0.8411,0.84118,0.84073,0.84105,3043.0
2024-07-18 02:30:00,FX:EURGBP,0.84105,0.84109,0.84074,0.84078,3112.0
2024-07-18 02:45:00,FX:EURGBP,0.84078,0.84092,0.8407,0.8408599999999999,2880.0
2024-07-18 03:00:00,FX:EURGBP,0.8408599999999999,0.84094,0.84074,0.8409,2505.0
2024-07-18 03:15:00,FX:EURGBP,0.8409,0.84132,0.84083,0.84131,2369.0
2024-07-18 03:30:00,FX:EURGBP,0.84131,0.84187,0.8412999999999999,0.8417,2804.0
2024-07-18 03:45:00,FX:EURGBP,0.8417,0.84192,0.84159,0.84172,2819.0
2024-07-18 04:00:00,FX:EURGBP,0.84172,0.84194,0.84146,0.84155,2166.0
2024-07-18 04:15:00,FX:EURGBP,0.84155,0.8416399999999999,0.84122,0.84137,1736.0
2024-07-18 04:30:00,FX:EURGBP,0.84137,0.84155,0.84133,0.84143,1625.0
2024-07-18 04:45:00,FX:EURGBP,0.84143,0.84155,0.84126,0.84151,1798.0
2024-07-18 05:00:00,FX:EURGBP,0.84151,0.84165,0.84146,0.8416399999999999,1874.0
2024-07-18 05:15:00,FX:EURGBP,0.8416399999999999,0.84174,0.84151,0.84154,1946.0
2024-07-18 05:30:00,FX:EURGBP,0.84154,0.84161,0.84133,0.84151,1830.0
2024-07-18 05:45:00,FX:EURGBP,0.84151,0.8416,0.84135,0.84157,1592.0
2024-07-18 06:00:00,FX:EURGBP,0.84157,0.84185,0.84153,0.84165,1684.0
2024-07-18 06:15:00,FX:EURGBP,0.84165,0.842,0.8416,0.84197,1606.0
2024-07-18 06:30:00,FX:EURGBP,0.84197,0.84211,0.84194,0.84206,1340.0
2024-07-18 06:45:00,FX:EURGBP,0.84206,0.84209,0.8417,0.84178,2089.0
2024-07-18 07:00:00,FX:EURGBP,0.84178,0.84187,0.84151,0.84151,2131.0
2024-07-18 07:15:00,FX:EURGBP,0.84151,0.84214,0.84146,0.8419099999999999,2099.0
2024-07-18 07:30:00,FX:EURGBP,0.8419099999999999,0.84221,0.84143,0.84199,4347.0
2024-07-18 07:45:00,FX:EURGBP,0.84199,0.84224,0.84175,0.84184,3337.0
2024-07-18 08:00:00,FX:EURGBP,0.84184,0.84199,0.84123,0.8414699999999999,4752.0
2024-07-18 08:15:00,FX:EURGBP,0.8414699999999999,0.84156,0.8409,0.841,3182.0
2024-07-18 08:30:00,FX:EURGBP,0.841,0.84106,0.84079,0.841,3921.0
2024-07-18 08:45:00,FX:EURGBP,0.841,0.84105,0.8405199999999999,0.84081,3548.0
2024-07-18 09:00:00,FX:EURGBP,0.84081,0.8410299999999999,0.84075,0.8408599999999999,3411.0
2024-07-18 09:15:00,FX:EURGBP,0.8408599999999999,0.84089,0.84049,0.84051,2650.0
2024-07-18 09:30:00,FX:EURGBP,0.84051,0.8406,0.84033,0.84043,3492.0
2024-07-18 09:45:00,FX:EURGBP,0.84043,0.8410799999999999,0.84039,0.84099,4486.0
2024-07-18 10:00:00,FX:EURGBP,0.84099,0.84112,0.8407,0.84071,2956.0
2024-07-18 10:15:00,FX:EURGBP,0.84071,0.8409099999999999,0.84061,0.84085,2666.0
2024-07-18 10:30:00,FX:EURGBP,0.84085,0.84149,0.84066,0.84126,3801.0
2024-07-18 10:45:00,FX:EURGBP,0.84126,0.84143,0.84111,0.84116,3555.0
2024-07-18 11:00:00,FX:EURGBP,0.84116,0.8412,0.84099,0.84104,3252.0
2024-07-18 11:15:00,FX:EURGBP,0.84104,0.84128,0.84099,0.84123,3026.0
2024-07-18 11:30:00,FX:EURGBP,0.84123,0.84138,0.84111,0.84137,2397.0
2024-07-18 11:45:00,FX:EURGBP,0.84137,0.84151,0.84133,0.8415,1658.0
2024-07-18 12:00:00,FX:EURGBP,0.8415,0.8416399999999999,0.84146,0.8416399999999999,1917.0
2024-07-18 12:15:00,FX:EURGBP,0.8416399999999999,0.8416399999999999,0.84148,0.84157,1768.0
2024-07-18 12:30:00,FX:EURGBP,0.84157,0.84165,0.84149,0.84154,1712.0
2024-07-18 12:45:00,FX:EURGBP,0.84154,0.84159,0.84144,0.84148,2171.0
2024-07-18 13:00:00,FX:EURGBP,0.84148,0.84174,0.84148,0.84159,2446.0
2024-07-18 13:15:00,FX:EURGBP,0.84159,0.84179,0.84157,0.84165,2292.0
2024-07-18 13:30:00,FX:EURGBP,0.84165,0.84179,0.84161,0.84166,2071.0
2024-07-18 13:45:00,FX:EURGBP,0.84166,0.84179,0.84163,0.8417,1729.0
2024-07-18 14:00:00,FX:EURGBP,0.8417,0.84184,0.84167,0.84179,2483.0
2024-07-18 14:15:00,FX:EURGBP,0.84179,0.84192,0.84174,0.84181,1600.0
2024-07-18 14:30:00,FX:EURGBP,0.84181,0.84188,0.84178,0.84181,2232.0
2024-07-18 14:45:00,FX:EURGBP,0.84181,0.84184,0.84172,0.84177,1646.0
2024-07-18 15:00:00,FX:EURGBP,0.84177,0.84188,0.84175,0.84184,759.0
2024-07-18 15:15:00,FX:EURGBP,0.84184,0.84184,0.84176,0.84178,677.0
2024-07-18 15:30:00,FX:EURGBP,0.84178,0.84187,0.8417,0.84179,471.0
2024-07-18 15:45:00,FX:EURGBP,0.84179,0.84183,0.8417,0.84178,456.0
2024-07-18 16:00:00,FX:EURGBP,0.84178,0.84181,0.84043,0.84142,588.0
2024-07-18 16:15:00,FX:EURGBP,0.84142,0.8414699999999999,0.84119,0.84133,533.0
2024-07-18 16:30:00,FX:EURGBP,0.84133,0.84156,0.84133,0.8415,657.0
2024-07-18 16:45:00,FX:EURGBP,0.8415,0.84185,0.8414,0.84184,854.0
2024-07-18 17:00:00,FX:EURGBP,0.84184,0.84188,0.84165,0.84187,512.0
2024-07-18 17:15:00,FX:EURGBP,0.84187,0.84202,0.84181,0.84201,367.0
2024-07-18 17:30:00,FX:EURGBP,0.84201,0.84201,0.84184,0.84187,273.0
2024-07-18 17:45:00,FX:EURGBP,0.84187,0.84195,0.84182,0.84184,322.0
2024-07-18 18:00:00,FX:EURGBP,0.84184,0.84196,0.84183,0.84193,280.0
2024-07-18 18:15:00,FX:EURGBP,0.84193,0.84194,0.8418599999999999,0.84194,291.0
2024-07-18 18:30:00,FX:EURGBP,0.84194,0.84194,0.84182,0.84182,343.0
2024-07-18 18:45:00,FX:EURGBP,0.84182,0.8418599999999999,0.84174,0.84178,967.0
2024-07-18 19:00:00,FX:EURGBP,0.84178,0.84189,0.84171,0.84174,2102.0
2024-07-18 19:15:00,FX:EURGBP,0.84174,0.84178,0.84165,0.8416899999999999,1698.0
2024-07-18 19:30:00,FX:EURGBP,0.8416899999999999,0.84171,0.84158,0.8416,1405.0
2024-07-18 19:45:00,FX:EURGBP,0.8416,0.84161,0.84137,0.84144,1550.0
2024-07-18 20:00:00,FX:EURGBP,0.84144,0.84153,0.84142,0.84149,1638.0
2024-07-18 20:15:00,FX:EURGBP,0.84149,0.84158,0.8414699999999999,0.84153,1675.0
2024-07-18 20:30:00,FX:EURGBP,0.84153,0.84165,0.8415,0.84163,1270.0
2024-07-18 20:45:00,FX:EURGBP,0.84163,0.84173,0.8416,0.84171,1191.0
2024-07-18 21:00:00,FX:EURGBP,0.84171,0.84173,0.84158,0.84168,1126.0
2024-07-18 21:15:00,FX:EURGBP,0.84168,0.84173,0.8416,0.84165,1080.0
2024-07-18 21:30:00,FX:EURGBP,0.84165,0.84166,0.8414699999999999,0.84148,931.0
2024-07-18 21:45:00,FX:EURGBP,0.84148,0.84153,0.84142,0.8414699999999999,1075.0
2024-07-18 22:00:00,FX:EURGBP,0.8414699999999999,0.84148,0.84131,0.84137,1043.0
2024-07-18 22:15:00,FX:EURGBP,0.84137,0.84145,0.84134,0.84143,699.0
2024-07-18 22:30:00,FX:EURGBP,0.84143,0.84149,0.8414,0.84142,784.0
2024-07-18 22:45:00,FX:EURGBP,0.84142,0.84151,0.84131,0.84143,815.0
2024-07-18 23:00:00,FX:EURGBP,0.84143,0.84144,0.84136,0.84138,576.0
2024-07-18 23:15:00,FX:EURGBP,0.84138,0.8414,0.84129,0.84133,738.0
2024-07-18 23:30:00,FX:EURGBP,0.84133,0.84139,0.84132,0.84136,539.0
2024-07-18 23:45:00,FX:EURGBP,0.84136,0.84146,0.84134,0.84143,664.0
2024-07-19 00:00:00,FX:EURGBP,0.84143,0.84156,0.84143,0.84155,651.0
2024-07-19 00:15:00,FX:EURGBP,0.84155,0.84157,0.8414699999999999,0.84155,438.0
2024-07-19 00:30:00,FX:EURGBP,0.84155,0.84158,0.84148,0.8415,355.0
2024-07-19 00:45:00,FX:EURGBP,0.8415,0.8416399999999999,0.8412499999999999,0.8412499999999999,948.0
2024-07-19 01:00:00,FX:EURGBP,0.8412499999999999,0.84204,0.8412499999999999,0.8419099999999999,3238.0
2024-07-19 01:15:00,FX:EURGBP,0.8419099999999999,0.84204,0.84175,0.84189,1965.0
2024-07-19 01:30:00,FX:EURGBP,0.84189,0.84201,0.84176,0.84178,2148.0
2024-07-19 01:45:00,FX:EURGBP,0.84178,0.84179,0.84148,0.8415199999999999,2549.0
2024-07-19 02:00:00,FX:EURGBP,0.8415199999999999,0.84188,0.84139,0.84185,4052.0
2024-07-19 02:15:00,FX:EURGBP,0.84185,0.84222,0.84176,0.8421299999999999,2866.0
2024-07-19 02:30:00,FX:EURGBP,0.8421299999999999,0.8422999999999999,0.84204,0.84204,2730.0
2024-07-19 02:45:00,FX:EURGBP,0.84204,0.84228,0.8419,0.8421299999999999,1820.0
2024-07-19 03:00:00,FX:EURGBP,0.8421299999999999,0.84223,0.84175,0.84176,2575.0
2024-07-19 03:15:00,FX:EURGBP,0.84176,0.84204,0.84165,0.8418,2031.0
2024-07-19 03:30:00,FX:EURGBP,0.8418,0.84207,0.84178,0.84206,2364.0
2024-07-19 03:45:00,FX:EURGBP,0.84206,0.84231,0.84199,0.84223,2625.0
2024-07-19 04:00:00,FX:EURGBP,0.84223,0.84254,0.84219,0.84241,2131.0
2024-07-19 04:15:00,FX:EURGBP,0.84241,0.84268,0.84234,0.84251,2182.0
2024-07-19 04:30:00,FX:EURGBP,0.84251,0.84282,0.84248,0.84277,2059.0
2024-07-19 04:45:00,FX:EURGBP,0.84277,0.8431,0.84276,0.84296,1655.0
2024-07-19 05:00:00,FX:EURGBP,0.84296,0.8432,0.84292,0.84316,2194.0
2024-07-19 05:15:00,FX:EURGBP,0.84316,0.84329,0.8429099999999999,0.84292,2168.0
2024-07-19 05:30:00,FX:EURGBP,0.84292,0.84293,0.84257,0.84262,2274.0
2024-07-19 05:45:00,FX:EURGBP,0.84262,0.84282,0.84242,0.84249,2424.0
2024-07-19 06:00:00,FX:EURGBP,0.84249,0.84273,0.84223,0.84272,2490.0
2024-07-19 06:15:00,FX:EURGBP,0.84272,0.84277,0.84255,0.84272,1956.0
2024-07-19 06:30:00,FX:EURGBP,0.84272,0.84276,0.84248,0.84271,2144.0
2024-07-19 06:45:00,FX:EURGBP,0.84271,0.84282,0.84248,0.84262,1896.0
2024-07-19 07:00:00,FX:EURGBP,0.84262,0.84281,0.84243,0.84276,2366.0
2024-07-19 07:15:00,FX:EURGBP,0.84276,0.84285,0.84264,0.84281,1878.0
2024-07-19 07:30:00,FX:EURGBP,0.84281,0.84301,0.84273,0.84275,1828.0
2024-07-19 07:45:00,FX:EURGBP,0.84275,0.84284,0.8425199999999999,0.84277,2894.0
2024-07-19 08:00:00,FX:EURGBP,0.84277,0.84293,0.84266,0.8427,2496.0
2024-07-19 08:15:00,FX:EURGBP,0.8427,0.84282,0.84241,0.84246,3451.0
2024-07-19 08:30:00,FX:EURGBP,0.84246,0.84262,0.84224,0.8422999999999999,4740.0
2024-07-19 08:45:00,FX:EURGBP,0.8422999999999999,0.84245,0.84212,0.84215,3068.0
2024-07-19 09:00:00,FX:EURGBP,0.84215,0.84254,0.84206,0.84246,3341.0
2024-07-19 09:15:00,FX:EURGBP,0.84246,0.84271,0.8424,0.84261,3258.0
2024-07-19 09:30:00,FX:EURGBP,0.84261,0.84273,0.8425,0.84267,3052.0
2024-07-19 09:45:00,FX:EURGBP,0.84267,0.84318,0.84255,0.84306,4225.0
2024-07-19 10:00:00,FX:EURGBP,0.84306,0.84306,0.84261,0.84273,3035.0
2024-07-19 10:15:00,FX:EURGBP,0.84273,0.84289,0.84262,0.84279,1886.0
2024-07-19 10:30:00,FX:EURGBP,0.84279,0.84297,0.8426899999999999,0.84272,2606.0
2024-07-19 10:45:00,FX:EURGBP,0.84272,0.84283,0.84264,0.84267,2086.0
2024-07-19 11:00:00,FX:EURGBP,0.84267,0.8426899999999999,0.84256,0.84262,1938.0
2024-07-19 11:15:00,FX:EURGBP,0.84262,0.8427,0.84259,0.8427,1636.0
2024-07-19 11:30:00,FX:EURGBP,0.8427,0.8427,0.84251,0.84262,2230.0
2024-07-19 11:45:00,FX:EURGBP,0.84262,0.84289,0.84258,0.84285,1826.0
2024-07-19 12:00:00,FX:EURGBP,0.84285,0.84303,0.84285,0.84289,1609.0
2024-07-19 12:15:00,FX:EURGBP,0.84289,0.84293,0.84259,0.8427,1956.0
2024-07-19 12:30:00,FX:EURGBP,0.8427,0.84281,0.84261,0.84267,1988.0
2024-07-19 12:45:00,FX:EURGBP,0.84267,0.84267,0.8425199999999999,0.84257,1934.0
2024-07-19 13:00:00,FX:EURGBP,0.84257,0.84261,0.84249,0.8425199999999999,1797.0
2024-07-19 13:15:00,FX:EURGBP,0.8425199999999999,0.84262,0.84246,0.84258,1325.0
2024-07-19 13:30:00,FX:EURGBP,0.84258,0.84267,0.8424699999999999,0.84261,1244.0
2024-07-19 13:45:00,FX:EURGBP,0.84261,0.8426899999999999,0.84255,0.8426899999999999,1709.0
2024-07-19 14:00:00,FX:EURGBP,0.8426899999999999,0.84275,0.84259,0.84263,1967.0
2024-07-19 14:15:00,FX:EURGBP,0.84263,0.84264,0.84245,0.84248,1488.0
2024-07-19 14:30:00,FX:EURGBP,0.84248,0.84261,0.84244,0.84254,1130.0
2024-07-19 14:45:00,FX:EURGBP,0.84254,0.84268,0.84243,0.84263,1351.0
2024-07-19 15:00:00,FX:EURGBP,0.84263,0.84276,0.84258,0.8426899999999999,881.0
2024-07-19 15:15:00,FX:EURGBP,0.8426899999999999,0.84283,0.84267,0.84281,616.0
2024-07-19 15:30:00,FX:EURGBP,0.84281,0.84294,0.8427,0.8429099999999999,640.0
2024-07-19 15:45:00,FX:EURGBP,0.8429099999999999,0.84296,0.84171,0.84177,1330.0
2024-07-21 16:00:00,FX:EURGBP,0.8421,0.84275,0.84187,0.84272,196.0
2024-07-21 16:15:00,FX:EURGBP,0.84272,0.8428599999999999,0.84245,0.8424699999999999,341.0
2024-07-21 16:30:00,FX:EURGBP,0.8424699999999999,0.8429,0.84216,0.84248,1101.0
2024-07-21 16:45:00,FX:EURGBP,0.84248,0.8428599999999999,0.84234,0.84263,3871.0
2024-07-21 17:00:00,FX:EURGBP,0.84263,0.84285,0.84259,0.84273,921.0
2024-07-21 17:15:00,FX:EURGBP,0.84273,0.8427399999999999,0.8426,0.8427,385.0
2024-07-21 17:30:00,FX:EURGBP,0.8427,0.84289,0.84265,0.84282,419.0
2024-07-21 17:45:00,FX:EURGBP,0.84282,0.84284,0.84267,0.84271,392.0
2024-07-21 18:00:00,FX:EURGBP,0.84271,0.84273,0.84262,0.84265,810.0
2024-07-21 18:15:00,FX:EURGBP,0.84265,0.84271,0.84257,0.8426,709.0
2024-07-21 18:30:00,FX:EURGBP,0.8426,0.84271,0.84253,0.8426,534.0
2024-07-21 18:45:00,FX:EURGBP,0.8426,0.8428,0.8426,0.84272,990.0
2024-07-21 19:00:00,FX:EURGBP,0.84272,0.84278,0.84263,0.84264,1204.0
2024-07-21 19:15:00,FX:EURGBP,0.84264,0.84276,0.84257,0.84265,1188.0
2024-07-21 19:30:00,FX:EURGBP,0.84265,0.84276,0.84263,0.84273,778.0
2024-07-21 19:45:00,FX:EURGBP,0.84273,0.84283,0.8426,0.84261,871.0
2024-07-21 20:00:00,FX:EURGBP,0.84261,0.8427399999999999,0.84258,0.8427,1010.0
2024-07-21 20:15:00,FX:EURGBP,0.8427,0.84281,0.8426,0.84279,831.0
2024-07-21 20:30:00,FX:EURGBP,0.84279,0.84284,0.84275,0.84281,895.0
2024-07-21 20:45:00,FX:EURGBP,0.84281,0.84292,0.8426899999999999,0.84289,1140.0
2024-07-21 21:00:00,FX:EURGBP,0.84289,0.84312,0.84289,0.84294,1056.0
2024-07-21 21:15:00,FX:EURGBP,0.84294,0.84312,0.8429,0.84309,1030.0
2024-07-21 21:30:00,FX:EURGBP,0.84309,0.84309,0.84294,0.84295,645.0
2024-07-21 21:45:00,FX:EURGBP,0.84295,0.84309,0.84294,0.84296,705.0
2024-07-21 22:00:00,FX:EURGBP,0.84296,0.84297,0.8428,0.84287,995.0
2024-07-21 22:15:00,FX:EURGBP,0.84287,0.84298,0.84285,0.84295,930.0
2024-07-21 22:30:00,FX:EURGBP,0.84295,0.84303,0.84294,0.84297,868.0
2024-07-21 22:45:00,FX:EURGBP,0.84297,0.843,0.84281,0.84281,736.0
2024-07-21 23:00:00,FX:EURGBP,0.84281,0.84288,0.8428,0.84283,823.0
2024-07-21 23:15:00,FX:EURGBP,0.84283,0.84284,0.84278,0.8428,801.0
2024-07-21 23:30:00,FX:EURGBP,0.8428,0.84285,0.84276,0.84281,591.0
2024-07-21 23:45:00,FX:EURGBP,0.84281,0.84282,0.84266,0.84282,756.0
2024-07-22 00:00:00,FX:EURGBP,0.84282,0.84293,0.84279,0.84284,959.0
2024-07-22 00:15:00,FX:EURGBP,0.84284,0.84293,0.84278,0.84283,849.0
2024-07-22 00:30:00,FX:EURGBP,0.84283,0.84288,0.84277,0.8428,849.0
2024-07-22 00:45:00,FX:EURGBP,0.8428,0.8429,0.84276,0.8429,1108.0
2024-07-22 01:00:00,FX:EURGBP,0.8429,0.84303,0.84282,0.84294,2730.0
2024-07-22 01:15:00,FX:EURGBP,0.84294,0.84298,0.84273,0.84283,2866.0
2024-07-22 01:30:00,FX:EURGBP,0.84283,0.84296,0.84258,0.8426899999999999,3276.0
2024-07-22 01:45:00,FX:EURGBP,0.8426899999999999,0.8426899999999999,0.84226,0.8422999999999999,2990.0
2024-07-22 02:00:00,FX:EURGBP,0.8422999999999999,0.84237,0.84198,0.84218,3835.0
2024-07-22 02:15:00,FX:EURGBP,0.84218,0.84229,0.84189,0.84206,3748.0
2024-07-22 02:30:00,FX:EURGBP,0.84206,0.84217,0.8419,0.84202,2818.0
2024-07-22 02:45:00,FX:EURGBP,0.84202,0.84243,0.84189,0.84239,2687.0
2024-07-22 03:00:00,FX:EURGBP,0.84239,0.84262,0.84232,0.84256,2305.0
2024-07-22 03:15:00,FX:EURGBP,0.84256,0.84262,0.84233,0.84235,2046.0
2024-07-22 03:30:00,FX:EURGBP,0.84235,0.84241,0.84203,0.8420799999999999,1847.0
2024-07-22 03:45:00,FX:EURGBP,0.8420799999999999,0.8424,0.8420799999999999,0.84222,2560.0
2024-07-22 04:00:00,FX:EURGBP,0.84222,0.84242,0.84211,0.84211,2127.0
2024-07-22 04:15:00,FX:EURGBP,0.84211,0.8425,0.8420799999999999,0.8424699999999999,1797.0
2024-07-22 04:30:00,FX:EURGBP,0.8424699999999999,0.84268,0.84245,0.84258,2106.0
2024-07-22 04:45:00,FX:EURGBP,0.84258,0.84258,0.84228,0.84233,1738.0
2024-07-22 05:00:00,FX:EURGBP,0.84233,0.84237,0.84199,0.84222,2255.0
2024-07-22 05:15:00,FX:EURGBP,0.84222,0.84236,0.84198,0.84203,2011.0
2024-07-22 05:30:00,FX:EURGBP,0.84203,0.84209,0.84163,0.84181,2638.0
2024-07-22 05:45:00,FX:EURGBP,0.84181,0.84184,0.84158,0.84163,2124.0
2024-07-22 06:00:00,FX:EURGBP,0.84163,0.8416899999999999,0.84142,0.84144,2292.0
2024-07-22 06:15:00,FX:EURGBP,0.84144,0.84176,0.84135,0.84167,1693.0
2024-07-22 06:30:00,FX:EURGBP,0.84167,0.84181,0.84161,0.84179,1537.0
2024-07-22 06:45:00,FX:EURGBP,0.84179,0.84222,0.84178,0.84221,2331.0
2024-07-22 07:00:00,FX:EURGBP,0.84221,0.84222,0.84194,0.84202,2393.0
2024-07-22 07:15:00,FX:EURGBP,0.84202,0.84227,0.84198,0.84216,2101.0
2024-07-22 07:30:00,FX:EURGBP,0.84216,0.84243,0.84211,0.84234,2837.0
2024-07-22 07:45:00,FX:EURGBP,0.84234,0.84236,0.842,0.84216,2988.0
2024-07-22 08:00:00,FX:EURGBP,0.84216,0.84217,0.8419,0.8421,2677.0
2024-07-22 08:15:00,FX:EURGBP,0.8421,0.8425199999999999,0.84206,0.84244,2751.0
2024-07-22 08:30:00,FX:EURGBP,0.84244,0.84266,0.84238,0.84261,2897.0
2024-07-22 08:45:00,FX:EURGBP,0.84261,0.8427,0.84218,0.8422999999999999,3024.0
2024-07-22 09:00:00,FX:EURGBP,0.8422999999999999,0.8424699999999999,0.84226,0.84229,2783.0
2024-07-22 09:15:00,FX:EURGBP,0.84229,0.8426899999999999,0.8422499999999999,0.84257,3374.0
2024-07-22 09:30:00,FX:EURGBP,0.84257,0.84276,0.84253,0.84271,2608.0
2024-07-22 09:45:00,FX:EURGBP,0.84271,0.84298,0.84259,0.84293,2476.0
2024-07-22 10:00:00,FX:EURGBP,0.84293,0.84294,0.84261,0.84261,2358.0
2024-07-22 10:15:00,FX:EURGBP,0.84261,0.84264,0.84242,0.84257,2548.0
2024-07-22 10:30:00,FX:EURGBP,0.84257,0.84294,0.84254,0.84285,2613.0
2024-07-22 10:45:00,FX:EURGBP,0.84285,0.8429099999999999,0.8426899999999999,0.84284,2266.0
2024-07-22 11:00:00,FX:EURGBP,0.84284,0.843,0.84281,0.84297,1553.0
2024-07-22 11:15:00,FX:EURGBP,0.84297,0.84297,0.84273,0.8428,1712.0
2024-07-22 11:30:00,FX:EURGBP,0.8428,0.84295,0.84276,0.84281,1570.0
2024-07-22 11:45:00,FX:EURGBP,0.84281,0.84285,0.84266,0.84273,1903.0
2024-07-22 12:00:00,FX:EURGBP,0.84273,0.84277,0.84254,0.84265,1871.0
2024-07-22 12:15:00,FX:EURGBP,0.84265,0.84275,0.84259,0.84273,1411.0
2024-07-22 12:30:00,FX:EURGBP,0.84273,0.8427399999999999,0.84255,0.84255,1289.0
2024-07-22 12:45:00,FX:EURGBP,0.84255,0.84277,0.8425,0.84275,1194.0
2024-07-22 13:00:00,FX:EURGBP,0.84275,0.84276,0.84265,0.84268,1439.0
2024-07-22 13:15:00,FX:EURGBP,0.84268,0.8427399999999999,0.8426,0.84273,1040.0
2024-07-22 13:30:00,FX:EURGBP,0.84273,0.84282,0.8426899999999999,0.84272,1160.0
2024-07-22 13:45:00,FX:EURGBP,0.84272,0.84279,0.84251,0.8425199999999999,1317.0
2024-07-22 14:00:00,FX:EURGBP,0.8425199999999999,0.84256,0.84248,0.84251,1134.0
2024-07-22 14:15:00,FX:EURGBP,0.84251,0.84251,0.84243,0.84243,398.0
2024-07-22 14:30:00,FX:EURGBP,0.84243,0.84243,0.84228,0.84232,858.0
2024-07-22 14:45:00,FX:EURGBP,0.84232,0.84237,0.84203,0.84205,1052.0
2024-07-22 15:00:00,FX:EURGBP,0.84205,0.8421,0.842,0.84202,478.0
2024-07-22 15:15:00,FX:EURGBP,0.84202,0.84209,0.84193,0.84195,373.0
2024-07-22 15:30:00,FX:EURGBP,0.84195,0.84204,0.84193,0.84201,273.0
2024-07-22 15:45:00,FX:EURGBP,0.84201,0.84216,0.84192,0.84207,804.0
2024-07-22 16:00:00,FX:EURGBP,0.84207,0.8421,0.84151,0.84187,589.0
2024-07-22 16:15:00,FX:EURGBP,0.84187,0.84209,0.84177,0.84192,552.0
2024-07-22 16:30:00,FX:EURGBP,0.84192,0.8422,0.8419,0.8421,5650.0
2024-07-22 16:45:00,FX:EURGBP,0.8421,0.84217,0.84192,0.84212,2949.0
2024-07-22 17:00:00,FX:EURGBP,0.84212,0.84222,0.84196,0.84215,442.0
2024-07-22 17:15:00,FX:EURGBP,0.84215,0.84217,0.8421299999999999,0.84216,96.0
2024-07-22 17:30:00,FX:EURGBP,0.84216,0.84218,0.84201,0.84201,81.0
2024-07-22 17:45:00,FX:EURGBP,0.84201,0.84214,0.84201,0.84211,106.0
2024-07-22 18:00:00,FX:EURGBP,0.84211,0.84215,0.8421,0.84214,175.0
2024-07-22 18:15:00,FX:EURGBP,0.84214,0.84216,0.84212,0.84214,407.0
2024-07-22 18:30:00,FX:EURGBP,0.84214,0.84216,0.84209,0.84211,514.0
2024-07-22 18:45:00,FX:EURGBP,0.84211,0.84214,0.84204,0.84209,425.0
2024-07-22 19:00:00,FX:EURGBP,0.84209,0.84221,0.84205,0.8422,1304.0
2024-07-22 19:15:00,FX:EURGBP,0.8422,0.84235,0.84217,0.84235,871.0
2024-07-22 19:30:00,FX:EURGBP,0.84235,0.84237,0.8422,0.84226,680.0
2024-07-22 19:45:00,FX:EURGBP,0.84226,0.84238,0.84224,0.8422999999999999,1243.0
2024-07-22 20:00:00,FX:EURGBP,0.8422999999999999,0.84244,0.84226,0.84235,1253.0
2024-07-22 20:15:00,FX:EURGBP,0.84235,0.84237,0.8422,0.8422,1439.0
2024-07-22 20:30:00,FX:EURGBP,0.8422,0.8422499999999999,0.8421299999999999,0.84216,1087.0
2024-07-22 20:45:00,FX:EURGBP,0.84216,0.84221,0.84204,0.8421,1019.0
2024-07-22 21:00:00,FX:EURGBP,0.8421,0.84242,0.8421,0.84239,1179.0
2024-07-22 21:15:00,FX:EURGBP,0.84239,0.84253,0.84237,0.84245,996.0
2024-07-22 21:30:00,FX:EURGBP,0.84245,0.8425199999999999,0.8424,0.8424699999999999,937.0
2024-07-22 21:45:00,FX:EURGBP,0.8424699999999999,0.84255,0.84243,0.84251,1297.0
2024-07-22 22:00:00,FX:EURGBP,0.84251,0.84254,0.84244,0.84251,812.0
2024-07-22 22:15:00,FX:EURGBP,0.84251,0.84258,0.84248,0.84256,1193.0
2024-07-22 22:30:00,FX:EURGBP,0.84256,0.84257,0.84244,0.84256,998.0
2024-07-22 22:45:00,FX:EURGBP,0.84256,0.8426,0.84249,0.84249,896.0
2024-07-22 23:00:00,FX:EURGBP,0.84249,0.8425,0.84239,0.84246,622.0
2024-07-22 23:15:00,FX:EURGBP,0.84246,0.8425199999999999,0.84245,0.8425199999999999,552.0
2024-07-22 23:30:00,FX:EURGBP,0.8425199999999999,0.84253,0.84237,0.84239,460.0
2024-07-22 23:45:00,FX:EURGBP,0.84239,0.84245,0.84236,0.8424,535.0
2024-07-23 00:00:00,FX:EURGBP,0.8424,0.84242,0.8422999999999999,0.84239,836.0
2024-07-23 00:15:00,FX:EURGBP,0.84239,0.84241,0.8422499999999999,0.84226,526.0
2024-07-23 00:30:00,FX:EURGBP,0.84226,0.84241,0.8422499999999999,0.8424,675.0
2024-07-23 00:45:00,FX:EURGBP,0.8424,0.8425,0.84235,0.84243,1038.0
2024-07-23 01:00:00,FX:EURGBP,0.84243,0.84258,0.84236,0.84248,2137.0
2024-07-23 01:15:00,FX:EURGBP,0.84248,0.84261,0.84234,0.8424,2136.0
2024-07-23 01:30:00,FX:EURGBP,0.8424,0.84264,0.84232,0.84249,1983.0
2024-07-23 01:45:00,FX:EURGBP,0.84249,0.84266,0.84234,0.84259,1909.0
2024-07-23 02:00:00,FX:EURGBP,0.84259,0.84262,0.84215,0.84221,3103.0
2024-07-23 02:15:00,FX:EURGBP,0.84221,0.84234,0.84206,0.84216,2952.0
2024-07-23 02:30:00,FX:EURGBP,0.84216,0.84239,0.84201,0.84221,2852.0
2024-07-23 02:45:00,FX:EURGBP,0.84221,0.84223,0.84187,0.84203,2427.0
2024-07-23 03:00:00,FX:EURGBP,0.84203,0.84216,0.84184,0.84206,3555.0
2024-07-23 03:15:00,FX:EURGBP,0.84206,0.84211,0.84169,0.84176,2813.0
2024-07-23 03:30:00,FX:EURGBP,0.84176,0.84179,0.84148,0.84176,2361.0
2024-07-23 03:45:00,FX:EURGBP,0.84176,0.84185,0.84151,0.8417,2433.0
2024-07-23 04:00:00,FX:EURGBP,0.8417,0.8417,0.84144,0.84149,2371.0
2024-07-23 04:15:00,FX:EURGBP,0.84149,0.84185,0.84142,0.84175,1634.0
2024-07-23 04:30:00,FX:EURGBP,0.84174,0.84189,0.84151,0.84178,2037.0
2024-07-23 04:45:00,FX:EURGBP,0.84178,0.84186,0.84153,0.84168,2047.0
2024-07-23 05:00:00,FX:EURGBP,0.84168,0.8419,0.84157,0.8417,3130.0
2024-07-23 05:15:00,FX:EURGBP,0.8417,0.84182,0.8417,0.8418,139.0
