datetime,symbol,open,high,low,close,volume
2024-01-31 17:00:00,FX:EURUSD,1.0818,1.08184,1.08136,1.08184,88.0
2024-01-31 17:15:00,FX:EURUSD,1.08184,1.08189,1.08178,1.08186,125.0
2024-01-31 17:30:00,FX:EURUSD,1.08186,1.08206,1.08158,1.08158,676.0
2024-01-31 17:45:00,FX:EURUSD,1.08158,1.0816,1.08085,1.08138,507.0
2024-01-31 18:00:00,FX:EURUSD,1.08138,1.0816999999999999,1.08115,1.08138,499.0
2024-01-31 18:15:00,FX:EURUSD,1.08138,1.08138,1.08094,1.08097,420.0
2024-01-31 18:30:00,FX:EURUSD,1.08097,1.0810899999999999,1.08087,1.08102,398.0
2024-01-31 18:45:00,FX:EURUSD,1.08102,1.0810899999999999,1.08032,1.0804,630.0
2024-01-31 19:00:00,FX:EURUSD,1.0804,1.08066,1.08021,1.08029,1476.0
2024-01-31 19:15:00,FX:EURUSD,1.08029,1.08099,1.08018,1.08097,1532.0
2024-01-31 19:30:00,FX:EURUSD,1.08097,1.08136,1.0809,1.08133,1862.0
2024-01-31 19:45:00,FX:EURUSD,1.08133,1.08145,1.08081,1.08083,1582.0
2024-01-31 20:00:00,FX:EURUSD,1.08083,1.08111,1.08045,1.08103,2053.0
2024-01-31 20:15:00,FX:EURUSD,1.08103,1.08124,1.08085,1.08099,1797.0
2024-01-31 20:30:00,FX:EURUSD,1.08099,1.08104,1.08066,1.0809199999999999,1889.0
2024-01-31 20:45:00,FX:EURUSD,1.0809199999999999,1.08102,1.08064,1.0809,1595.0
2024-01-31 21:00:00,FX:EURUSD,1.0809,1.08183,1.08085,1.08167,1808.0
2024-01-31 21:15:00,FX:EURUSD,1.08167,1.08191,1.08163,1.08176,1844.0
2024-01-31 21:30:00,FX:EURUSD,1.08176,1.08217,1.08173,1.08216,1447.0
2024-01-31 21:45:00,FX:EURUSD,1.08216,1.08217,1.08188,1.08193,1365.0
2024-01-31 22:00:00,FX:EURUSD,1.08193,1.08208,1.0818,1.08196,1201.0
2024-01-31 22:15:00,FX:EURUSD,1.08196,1.08198,1.08136,1.08143,1074.0
2024-01-31 22:30:00,FX:EURUSD,1.08143,1.08143,1.08107,1.08131,1194.0
2024-01-31 22:45:00,FX:EURUSD,1.08131,1.08148,1.08115,1.08118,916.0
2024-01-31 23:00:00,FX:EURUSD,1.08118,1.08128,1.08108,1.08111,743.0
2024-01-31 23:15:00,FX:EURUSD,1.08111,1.08135,1.08094,1.08096,1116.0
2024-01-31 23:30:00,FX:EURUSD,1.08096,1.08096,1.08074,1.08076,905.0
2024-01-31 23:45:00,FX:EURUSD,1.08076,1.0809,1.08052,1.08077,1243.0
2024-02-01 00:00:00,FX:EURUSD,1.08077,1.08077,1.08035,1.08055,1024.0
2024-02-01 00:15:00,FX:EURUSD,1.08055,1.08068,1.08042,1.0805,1085.0
2024-02-01 00:30:00,FX:EURUSD,1.0805,1.08059,1.08027,1.08043,1260.0
2024-02-01 00:45:00,FX:EURUSD,1.08043,1.08056,1.08026,1.08026,1141.0
2024-02-01 01:00:00,FX:EURUSD,1.08026,1.08052,1.08024,1.08033,1256.0
2024-02-01 01:15:00,FX:EURUSD,1.08033,1.0804,1.07997,1.08002,1304.0
2024-02-01 01:30:00,FX:EURUSD,1.08002,1.08043,1.07994,1.08016,1182.0
2024-02-01 01:45:00,FX:EURUSD,1.08016,1.08019,1.07936,1.0796,1416.0
2024-02-01 02:00:00,FX:EURUSD,1.0796,1.07974,1.07907,1.07916,2781.0
2024-02-01 02:15:00,FX:EURUSD,1.07916,1.0792,1.0784,1.0784,2741.0
2024-02-01 02:30:00,FX:EURUSD,1.0784,1.07894,1.07836,1.0785,2697.0
2024-02-01 02:45:00,FX:EURUSD,1.0785,1.07942,1.07838,1.07932,3099.0
2024-02-01 03:00:00,FX:EURUSD,1.07932,1.07939,1.07812,1.07857,3793.0
2024-02-01 03:15:00,FX:EURUSD,1.07857,1.07895,1.07828,1.07828,3252.0
2024-02-01 03:30:00,FX:EURUSD,1.07828,1.07869,1.07798,1.0786,3156.0
2024-02-01 03:45:00,FX:EURUSD,1.0786,1.07923,1.07851,1.07917,3399.0
2024-02-01 04:00:00,FX:EURUSD,1.07917,1.07934,1.0786499999999999,1.07927,3543.0
2024-02-01 04:15:00,FX:EURUSD,1.07927,1.07992,1.07906,1.07984,2557.0
2024-02-01 04:30:00,FX:EURUSD,1.07984,1.08,1.07938,1.07942,2708.0
2024-02-01 04:45:00,FX:EURUSD,1.07942,1.08016,1.07942,1.07983,2061.0
2024-02-01 05:00:00,FX:EURUSD,1.07983,1.08028,1.07955,1.08013,2711.0
2024-02-01 05:15:00,FX:EURUSD,1.08013,1.08019,1.07948,1.07966,2400.0
2024-02-01 05:30:00,FX:EURUSD,1.07966,1.07999,1.07944,1.07969,2294.0
2024-02-01 05:45:00,FX:EURUSD,1.07969,1.07982,1.07913,1.07931,2169.0
2024-02-01 06:00:00,FX:EURUSD,1.07931,1.07969,1.07927,1.07943,1922.0
2024-02-01 06:15:00,FX:EURUSD,1.07943,1.08069,1.07931,1.08057,2908.0
2024-02-01 06:30:00,FX:EURUSD,1.08057,1.08105,1.08034,1.08073,2153.0
2024-02-01 06:45:00,FX:EURUSD,1.08073,1.08132,1.08061,1.08083,2337.0
2024-02-01 07:00:00,FX:EURUSD,1.08083,1.08139,1.08055,1.08121,4007.0
2024-02-01 07:15:00,FX:EURUSD,1.08121,1.08169,1.08106,1.08145,3105.0
2024-02-01 07:30:00,FX:EURUSD,1.08145,1.08177,1.0808,1.08177,2975.0
2024-02-01 07:45:00,FX:EURUSD,1.08177,1.08198,1.08132,1.08152,3354.0
2024-02-01 08:00:00,FX:EURUSD,1.08152,1.08174,1.08102,1.08151,3244.0
2024-02-01 08:15:00,FX:EURUSD,1.08151,1.08167,1.08088,1.08128,3512.0
2024-02-01 08:30:00,FX:EURUSD,1.08128,1.08259,1.08127,1.08228,7325.0
2024-02-01 08:45:00,FX:EURUSD,1.08228,1.08273,1.08138,1.08138,4150.0
2024-02-01 09:00:00,FX:EURUSD,1.08138,1.08199,1.08115,1.08194,4250.0
2024-02-01 09:15:00,FX:EURUSD,1.08194,1.08213,1.08149,1.08159,3006.0
2024-02-01 09:30:00,FX:EURUSD,1.08159,1.08245,1.08125,1.08234,4870.0
2024-02-01 09:45:00,FX:EURUSD,1.08234,1.08298,1.08184,1.08264,4571.0
2024-02-01 10:00:00,FX:EURUSD,1.08264,1.08278,1.0806499999999999,1.08232,11222.0
2024-02-01 10:15:00,FX:EURUSD,1.08232,1.08317,1.08204,1.08313,6930.0
2024-02-01 10:30:00,FX:EURUSD,1.08313,1.08318,1.0824,1.08279,5968.0
2024-02-01 10:45:00,FX:EURUSD,1.08279,1.08317,1.08245,1.08264,5660.0
2024-02-01 11:00:00,FX:EURUSD,1.08264,1.08437,1.08264,1.08422,6385.0
2024-02-01 11:15:00,FX:EURUSD,1.08422,1.08508,1.08413,1.08493,5749.0
2024-02-01 11:30:00,FX:EURUSD,1.08493,1.08605,1.08477,1.086,4831.0
2024-02-01 11:45:00,FX:EURUSD,1.086,1.0865799999999999,1.08584,1.08644,5028.0
2024-02-01 12:00:00,FX:EURUSD,1.08644,1.08746,1.08621,1.08693,4953.0
2024-02-01 12:15:00,FX:EURUSD,1.08693,1.08709,1.08612,1.08617,3855.0
2024-02-01 12:30:00,FX:EURUSD,1.08617,1.08689,1.08606,1.08666,3734.0
2024-02-01 12:45:00,FX:EURUSD,1.08666,1.08747,1.08662,1.08727,3663.0
2024-02-01 13:00:00,FX:EURUSD,1.08727,1.08732,1.08648,1.08696,4290.0
2024-02-01 13:15:00,FX:EURUSD,1.08696,1.08697,1.0863,1.08634,3021.0
2024-02-01 13:30:00,FX:EURUSD,1.08634,1.08713,1.08629,1.08689,3318.0
2024-02-01 13:45:00,FX:EURUSD,1.08689,1.08715,1.08656,1.08698,2865.0
2024-02-01 14:00:00,FX:EURUSD,1.08698,1.08745,1.08697,1.08744,2418.0
2024-02-01 14:15:00,FX:EURUSD,1.08744,1.08747,1.08715,1.08732,2563.0
2024-02-01 14:30:00,FX:EURUSD,1.08732,1.08741,1.08678,1.08726,2875.0
2024-02-01 14:45:00,FX:EURUSD,1.08726,1.08739,1.08715,1.0872,2697.0
2024-02-01 15:00:00,FX:EURUSD,1.0872,1.08748,1.08714,1.08725,1869.0
2024-02-01 15:15:00,FX:EURUSD,1.08725,1.08727,1.08696,1.0871,1271.0
2024-02-01 15:30:00,FX:EURUSD,1.0871,1.08718,1.08693,1.08707,1453.0
2024-02-01 15:45:00,FX:EURUSD,1.08707,1.0872,1.08681,1.08715,2024.0
2024-02-01 16:00:00,FX:EURUSD,1.08715,1.08715,1.08681,1.08702,1357.0
2024-02-01 16:15:00,FX:EURUSD,1.08702,1.08732,1.087,1.08705,771.0
2024-02-01 16:30:00,FX:EURUSD,1.08705,1.0873,1.08702,1.0871,982.0
2024-02-01 16:45:00,FX:EURUSD,1.0871,1.08725,1.08706,1.08715,885.0
2024-02-01 17:00:00,FX:EURUSD,1.08715,1.08721,1.08695,1.08712,88.0
2024-02-01 17:15:00,FX:EURUSD,1.08712,1.08746,1.08638,1.08718,324.0
2024-02-01 17:30:00,FX:EURUSD,1.08718,1.08729,1.08709,1.08724,2279.0
2024-02-01 17:45:00,FX:EURUSD,1.08724,1.08738,1.08716,1.08716,356.0
2024-02-01 18:00:00,FX:EURUSD,1.08716,1.08762,1.08716,1.08752,465.0
2024-02-01 18:15:00,FX:EURUSD,1.08752,1.0875299999999999,1.08738,1.08743,316.0
2024-02-01 18:30:00,FX:EURUSD,1.08743,1.08743,1.0873,1.08737,215.0
2024-02-01 18:45:00,FX:EURUSD,1.08737,1.08744,1.08737,1.08741,175.0
2024-02-01 19:00:00,FX:EURUSD,1.08741,1.08774,1.08737,1.08768,944.0
2024-02-01 19:15:00,FX:EURUSD,1.08768,1.08796,1.08758,1.08792,722.0
2024-02-01 19:30:00,FX:EURUSD,1.08792,1.0879699999999999,1.08781,1.08794,613.0
2024-02-01 19:45:00,FX:EURUSD,1.08794,1.08794,1.08715,1.08726,1125.0
2024-02-01 20:00:00,FX:EURUSD,1.08726,1.08757,1.08707,1.08732,1109.0
2024-02-01 20:15:00,FX:EURUSD,1.08732,1.08743,1.08721,1.0873599999999999,1004.0
2024-02-01 20:30:00,FX:EURUSD,1.0873599999999999,1.08745,1.08705,1.08728,1523.0
2024-02-01 20:45:00,FX:EURUSD,1.08728,1.08732,1.087,1.08717,1102.0
2024-02-01 21:00:00,FX:EURUSD,1.08717,1.08743,1.08711,1.08727,1417.0
2024-02-01 21:15:00,FX:EURUSD,1.08727,1.08737,1.08723,1.08737,982.0
2024-02-01 21:30:00,FX:EURUSD,1.08737,1.08747,1.08722,1.08739,1044.0
2024-02-01 21:45:00,FX:EURUSD,1.08739,1.08786,1.0873599999999999,1.08784,1086.0
2024-02-01 22:00:00,FX:EURUSD,1.08784,1.08787,1.08764,1.0877,962.0
2024-02-01 22:15:00,FX:EURUSD,1.0877,1.08772,1.08743,1.08747,862.0
2024-02-01 22:30:00,FX:EURUSD,1.08747,1.08755,1.08733,1.08737,992.0
2024-02-01 22:45:00,FX:EURUSD,1.08737,1.08771,1.08735,1.08767,770.0
2024-02-01 23:00:00,FX:EURUSD,1.08767,1.08774,1.08755,1.08758,824.0
2024-02-01 23:15:00,FX:EURUSD,1.08758,1.08766,1.08739,1.08739,831.0
2024-02-01 23:30:00,FX:EURUSD,1.08739,1.08744,1.08732,1.08732,622.0
2024-02-01 23:45:00,FX:EURUSD,1.08732,1.08743,1.0871899999999999,1.08729,992.0
2024-02-02 00:00:00,FX:EURUSD,1.08729,1.08746,1.08722,1.08738,1008.0
2024-02-02 00:15:00,FX:EURUSD,1.08738,1.08779,1.08732,1.0877,1007.0
2024-02-02 00:30:00,FX:EURUSD,1.0877,1.0881399999999999,1.08767,1.08805,969.0
2024-02-02 00:45:00,FX:EURUSD,1.08805,1.08825,1.08773,1.08775,841.0
2024-02-02 01:00:00,FX:EURUSD,1.08775,1.08809,1.08765,1.08804,851.0
2024-02-02 01:15:00,FX:EURUSD,1.08804,1.08804,1.0876,1.08791,1465.0
2024-02-02 01:30:00,FX:EURUSD,1.08791,1.08802,1.08773,1.08789,1454.0
2024-02-02 01:45:00,FX:EURUSD,1.08789,1.08802,1.08738,1.08756,1580.0
2024-02-02 02:00:00,FX:EURUSD,1.08756,1.08838,1.08742,1.08835,1775.0
2024-02-02 02:15:00,FX:EURUSD,1.08835,1.0887,1.08803,1.08803,1626.0
2024-02-02 02:30:00,FX:EURUSD,1.08803,1.08857,1.08798,1.08824,2173.0
2024-02-02 02:45:00,FX:EURUSD,1.08824,1.08835,1.08777,1.08807,2122.0
2024-02-02 03:00:00,FX:EURUSD,1.08807,1.08902,1.08796,1.08873,3014.0
2024-02-02 03:15:00,FX:EURUSD,1.08873,1.08873,1.08759,1.08772,2504.0
2024-02-02 03:30:00,FX:EURUSD,1.08772,1.08801,1.08734,1.08779,2560.0
2024-02-02 03:45:00,FX:EURUSD,1.08779,1.08803,1.08745,1.08793,2072.0
2024-02-02 04:00:00,FX:EURUSD,1.08793,1.0887499999999999,1.08792,1.08855,2370.0
2024-02-02 04:15:00,FX:EURUSD,1.08855,1.08954,1.08842,1.08949,1983.0
2024-02-02 04:30:00,FX:EURUSD,1.08949,1.08975,1.08915,1.08969,1509.0
2024-02-02 04:45:00,FX:EURUSD,1.08969,1.08972,1.08881,1.08907,1749.0
2024-02-02 05:00:00,FX:EURUSD,1.08907,1.0895,1.08891,1.08907,2013.0
2024-02-02 05:15:00,FX:EURUSD,1.08907,1.08926,1.08851,1.08877,1511.0
2024-02-02 05:30:00,FX:EURUSD,1.08877,1.08883,1.08812,1.08816,1809.0
2024-02-02 05:45:00,FX:EURUSD,1.08816,1.08867,1.08807,1.08844,1649.0
2024-02-02 06:00:00,FX:EURUSD,1.08844,1.08863,1.08788,1.08793,1625.0
2024-02-02 06:15:00,FX:EURUSD,1.08793,1.08834,1.08781,1.08833,1807.0
2024-02-02 06:30:00,FX:EURUSD,1.08833,1.08849,1.08822,1.0883,1631.0
2024-02-02 06:45:00,FX:EURUSD,1.0883,1.08838,1.08807,1.08836,1448.0
2024-02-02 07:00:00,FX:EURUSD,1.08836,1.08851,1.08802,1.08811,1412.0
2024-02-02 07:15:00,FX:EURUSD,1.08811,1.08846,1.08807,1.0882,1459.0
2024-02-02 07:30:00,FX:EURUSD,1.0882,1.0883,1.08777,1.08787,1795.0
2024-02-02 07:45:00,FX:EURUSD,1.08787,1.08832,1.08776,1.08803,1903.0
2024-02-02 08:00:00,FX:EURUSD,1.08803,1.08854,1.08792,1.08851,2401.0
2024-02-02 08:15:00,FX:EURUSD,1.08851,1.08861,1.08809,1.08838,3044.0
2024-02-02 08:30:00,FX:EURUSD,1.08838,1.08838,1.0811,1.08277,18368.0
2024-02-02 08:45:00,FX:EURUSD,1.08277,1.08277,1.08036,1.08071,8848.0
2024-02-02 09:00:00,FX:EURUSD,1.08071,1.08085,1.07915,1.08034,8775.0
2024-02-02 09:15:00,FX:EURUSD,1.08034,1.08085,1.07992,1.07994,6193.0
2024-02-02 09:30:00,FX:EURUSD,1.07994,1.08057,1.07938,1.08024,6002.0
2024-02-02 09:45:00,FX:EURUSD,1.08024,1.08168,1.08024,1.08088,5623.0
2024-02-02 10:00:00,FX:EURUSD,1.08088,1.08111,1.07898,1.07936,8006.0
2024-02-02 10:15:00,FX:EURUSD,1.07936,1.0794,1.07839,1.07844,5653.0
2024-02-02 10:30:00,FX:EURUSD,1.07844,1.07984,1.0783,1.0796999999999999,5221.0
2024-02-02 10:45:00,FX:EURUSD,1.0796999999999999,1.08044,1.07945,1.08025,5479.0
2024-02-02 11:00:00,FX:EURUSD,1.08025,1.08037,1.07949,1.07954,5247.0
2024-02-02 11:15:00,FX:EURUSD,1.07954,1.07972,1.07903,1.07932,3593.0
2024-02-02 11:30:00,FX:EURUSD,1.07932,1.07951,1.07854,1.07863,2788.0
2024-02-02 11:45:00,FX:EURUSD,1.07863,1.07863,1.07823,1.0786,2831.0
2024-02-02 12:00:00,FX:EURUSD,1.0786,1.07879,1.07827,1.0787,2885.0
2024-02-02 12:15:00,FX:EURUSD,1.0787,1.0792599999999999,1.07856,1.0789,2551.0
2024-02-02 12:30:00,FX:EURUSD,1.0789,1.07913,1.07826,1.0783099999999999,2704.0
2024-02-02 12:45:00,FX:EURUSD,1.0783099999999999,1.07852,1.07807,1.07834,2972.0
2024-02-02 13:00:00,FX:EURUSD,1.07834,1.07846,1.07805,1.07813,2440.0
2024-02-02 13:15:00,FX:EURUSD,1.07813,1.0786499999999999,1.0780399999999999,1.0783,2360.0
2024-02-02 13:30:00,FX:EURUSD,1.0783,1.0791,1.07819,1.0790899999999999,2872.0
2024-02-02 13:45:00,FX:EURUSD,1.0790899999999999,1.0791,1.07854,1.07881,2049.0
2024-02-02 14:00:00,FX:EURUSD,1.07881,1.0790899999999999,1.07861,1.07905,1512.0
2024-02-02 14:15:00,FX:EURUSD,1.07905,1.07927,1.07889,1.07906,1890.0
2024-02-02 14:30:00,FX:EURUSD,1.07906,1.07936,1.07895,1.07927,1839.0
2024-02-02 14:45:00,FX:EURUSD,1.07927,1.0796,1.07904,1.07925,2291.0
2024-02-02 15:00:00,FX:EURUSD,1.07925,1.0796999999999999,1.07919,1.07958,1876.0
2024-02-02 15:15:00,FX:EURUSD,1.07958,1.07973,1.07927,1.07949,1150.0
2024-02-02 15:30:00,FX:EURUSD,1.07949,1.07951,1.07924,1.07931,1331.0
2024-02-02 15:45:00,FX:EURUSD,1.07931,1.0795299999999999,1.07928,1.0793,1166.0
2024-02-02 16:00:00,FX:EURUSD,1.0793,1.07938,1.07923,1.07938,1056.0
2024-02-02 16:15:00,FX:EURUSD,1.07938,1.07939,1.0790899999999999,1.07913,851.0
2024-02-02 16:30:00,FX:EURUSD,1.07913,1.07914,1.07874,1.07878,481.0
2024-02-02 16:45:00,FX:EURUSD,1.07878,1.07895,1.07834,1.07864,1274.0
2024-02-04 17:00:00,FX:EURUSD,1.0782,1.07851,1.07816,1.07829,121.0
2024-02-04 17:15:00,FX:EURUSD,1.07829,1.07843,1.07819,1.07838,566.0
2024-02-04 17:30:00,FX:EURUSD,1.07838,1.07861,1.07833,1.07861,347.0
2024-02-04 17:45:00,FX:EURUSD,1.07861,1.0786499999999999,1.07801,1.07806,581.0
2024-02-04 18:00:00,FX:EURUSD,1.07806,1.07834,1.07704,1.07712,1486.0
2024-02-04 18:15:00,FX:EURUSD,1.07712,1.0774,1.07698,1.0774,785.0
2024-02-04 18:30:00,FX:EURUSD,1.0774,1.078,1.0774,1.07772,851.0
2024-02-04 18:45:00,FX:EURUSD,1.07772,1.07814,1.07766,1.07798,1131.0
2024-02-04 19:00:00,FX:EURUSD,1.07798,1.0783099999999999,1.0770899999999999,1.07777,3539.0
2024-02-04 19:15:00,FX:EURUSD,1.07777,1.07779,1.07701,1.07731,3045.0
2024-02-04 19:30:00,FX:EURUSD,1.07731,1.07734,1.07672,1.077,2768.0
2024-02-04 19:45:00,FX:EURUSD,1.077,1.0774299999999999,1.07676,1.0772599999999999,2179.0
2024-02-04 20:00:00,FX:EURUSD,1.0772599999999999,1.07773,1.0772,1.0772,1875.0
2024-02-04 20:15:00,FX:EURUSD,1.0772,1.07728,1.07685,1.07711,1599.0
2024-02-04 20:30:00,FX:EURUSD,1.07711,1.07766,1.07711,1.07756,1806.0
2024-02-04 20:45:00,FX:EURUSD,1.07756,1.0778699999999999,1.07738,1.07783,1786.0
2024-02-04 21:00:00,FX:EURUSD,1.07783,1.0780399999999999,1.07776,1.07796,1750.0
2024-02-04 21:15:00,FX:EURUSD,1.07796,1.07814,1.0776999999999999,1.07799,1596.0
2024-02-04 21:30:00,FX:EURUSD,1.07799,1.07807,1.0776999999999999,1.07779,1541.0
2024-02-04 21:45:00,FX:EURUSD,1.07779,1.07799,1.07754,1.07788,1268.0
2024-02-04 22:00:00,FX:EURUSD,1.07788,1.07809,1.07762,1.07768,1643.0
2024-02-04 22:15:00,FX:EURUSD,1.07768,1.07786,1.0774299999999999,1.0776,1490.0
2024-02-04 22:30:00,FX:EURUSD,1.0776,1.0778699999999999,1.07759,1.07783,1149.0
2024-02-04 22:45:00,FX:EURUSD,1.07783,1.07808,1.07778,1.07791,982.0
2024-02-04 23:00:00,FX:EURUSD,1.07791,1.078,1.07772,1.07777,724.0
2024-02-04 23:15:00,FX:EURUSD,1.07777,1.07794,1.07769,1.07773,646.0
2024-02-04 23:30:00,FX:EURUSD,1.07773,1.07789,1.07754,1.07756,713.0
2024-02-04 23:45:00,FX:EURUSD,1.07756,1.0779,1.07755,1.0779,818.0
2024-02-05 00:00:00,FX:EURUSD,1.0779,1.07791,1.07733,1.07762,1361.0
2024-02-05 00:15:00,FX:EURUSD,1.07762,1.07796,1.07761,1.07788,1047.0
2024-02-05 00:30:00,FX:EURUSD,1.07788,1.07793,1.07757,1.07779,1339.0
2024-02-05 00:45:00,FX:EURUSD,1.07779,1.07821,1.07758,1.0782,1707.0
2024-02-05 01:00:00,FX:EURUSD,1.0782,1.0784799999999999,1.07796,1.07823,1387.0
2024-02-05 01:15:00,FX:EURUSD,1.07823,1.07847,1.078,1.07846,1103.0
2024-02-05 01:30:00,FX:EURUSD,1.07846,1.07846,1.07786,1.07797,1680.0
2024-02-05 01:45:00,FX:EURUSD,1.07797,1.0781,1.07772,1.07779,1546.0
2024-02-05 02:00:00,FX:EURUSD,1.07779,1.0778699999999999,1.0774299999999999,1.07748,2645.0
2024-02-05 02:15:00,FX:EURUSD,1.07748,1.07763,1.07732,1.07748,1777.0
2024-02-05 02:30:00,FX:EURUSD,1.07748,1.07835,1.0772599999999999,1.078,2438.0
2024-02-05 02:45:00,FX:EURUSD,1.078,1.0782,1.07768,1.07802,2535.0
2024-02-05 03:00:00,FX:EURUSD,1.07802,1.07861,1.07771,1.07844,3462.0
2024-02-05 03:15:00,FX:EURUSD,1.07844,1.07851,1.07727,1.07728,2693.0
2024-02-05 03:30:00,FX:EURUSD,1.07728,1.07744,1.07677,1.07699,2768.0
2024-02-05 03:45:00,FX:EURUSD,1.07699,1.0770899999999999,1.07633,1.0766499999999999,2945.0
2024-02-05 04:00:00,FX:EURUSD,1.0766499999999999,1.07728,1.0766,1.07669,2635.0
2024-02-05 04:15:00,FX:EURUSD,1.07669,1.0767,1.0760399999999999,1.07614,1704.0
2024-02-05 04:30:00,FX:EURUSD,1.07614,1.07636,1.07597,1.07602,1939.0
2024-02-05 04:45:00,FX:EURUSD,1.07602,1.07618,1.07517,1.07536,2303.0
2024-02-05 05:00:00,FX:EURUSD,1.07536,1.07561,1.07504,1.0753,2395.0
2024-02-05 05:15:00,FX:EURUSD,1.0753,1.07558,1.07497,1.07501,1773.0
2024-02-05 05:30:00,FX:EURUSD,1.07501,1.07552,1.07479,1.07494,2490.0
2024-02-05 05:45:00,FX:EURUSD,1.07494,1.07522,1.07475,1.07492,1920.0
2024-02-05 06:00:00,FX:EURUSD,1.07492,1.0754299999999999,1.07469,1.07527,1626.0
2024-02-05 06:15:00,FX:EURUSD,1.07527,1.07573,1.07517,1.07563,1757.0
2024-02-05 06:30:00,FX:EURUSD,1.07563,1.07566,1.0748,1.07553,2187.0
2024-02-05 06:45:00,FX:EURUSD,1.07553,1.07586,1.0751,1.07548,2557.0
2024-02-05 07:00:00,FX:EURUSD,1.07548,1.07561,1.07494,1.07523,2217.0
2024-02-05 07:15:00,FX:EURUSD,1.07523,1.07576,1.0750899999999999,1.07571,1836.0
2024-02-05 07:30:00,FX:EURUSD,1.07571,1.07576,1.07507,1.07507,2339.0
2024-02-05 07:45:00,FX:EURUSD,1.07507,1.07549,1.07494,1.07496,2084.0
2024-02-05 08:00:00,FX:EURUSD,1.07496,1.07506,1.0744799999999999,1.07464,2453.0
2024-02-05 08:15:00,FX:EURUSD,1.07464,1.07475,1.07447,1.07458,2829.0
2024-02-05 08:30:00,FX:EURUSD,1.07458,1.07479,1.07429,1.07435,2767.0
2024-02-05 08:45:00,FX:EURUSD,1.07435,1.07456,1.07361,1.07374,2859.0
2024-02-05 09:00:00,FX:EURUSD,1.07374,1.07446,1.07372,1.07444,2684.0
2024-02-05 09:15:00,FX:EURUSD,1.07444,1.0745,1.07415,1.07418,1896.0
2024-02-05 09:30:00,FX:EURUSD,1.07418,1.07443,1.07348,1.07351,4023.0
2024-02-05 09:45:00,FX:EURUSD,1.07351,1.0744,1.07351,1.0742,4805.0
2024-02-05 10:00:00,FX:EURUSD,1.0742,1.0742,1.07253,1.07339,10239.0
2024-02-05 10:15:00,FX:EURUSD,1.07339,1.07378,1.07269,1.07367,5830.0
2024-02-05 10:30:00,FX:EURUSD,1.07367,1.07381,1.07231,1.07253,4846.0
2024-02-05 10:45:00,FX:EURUSD,1.07253,1.07317,1.07235,1.07252,4643.0
2024-02-05 11:00:00,FX:EURUSD,1.07252,1.07315,1.07246,1.07269,2782.0
2024-02-05 11:15:00,FX:EURUSD,1.07269,1.07296,1.07253,1.07272,2656.0
2024-02-05 11:30:00,FX:EURUSD,1.07272,1.07315,1.07272,1.07286,2410.0
2024-02-05 11:45:00,FX:EURUSD,1.07286,1.07362,1.07285,1.07353,1875.0
2024-02-05 12:00:00,FX:EURUSD,1.07353,1.07365,1.0734,1.07357,2039.0
2024-02-05 12:15:00,FX:EURUSD,1.07357,1.07412,1.07353,1.0740399999999999,1740.0
2024-02-05 12:30:00,FX:EURUSD,1.0740399999999999,1.07429,1.07378,1.07382,1926.0
2024-02-05 12:45:00,FX:EURUSD,1.07382,1.0742099999999999,1.07379,1.07393,1854.0
2024-02-05 13:00:00,FX:EURUSD,1.07393,1.07437,1.07373,1.07428,1790.0
2024-02-05 13:15:00,FX:EURUSD,1.07428,1.07442,1.07407,1.07414,1438.0
2024-02-05 13:30:00,FX:EURUSD,1.07414,1.07459,1.07413,1.07445,1571.0
2024-02-05 13:45:00,FX:EURUSD,1.07445,1.07466,1.07427,1.0744,1456.0
2024-02-05 14:00:00,FX:EURUSD,1.0744,1.0746,1.07432,1.07437,1400.0
2024-02-05 14:15:00,FX:EURUSD,1.07437,1.07459,1.07422,1.07452,1430.0
2024-02-05 14:30:00,FX:EURUSD,1.07452,1.07464,1.07431,1.07434,1240.0
2024-02-05 14:45:00,FX:EURUSD,1.07434,1.07453,1.0742099999999999,1.07429,1868.0
2024-02-05 15:00:00,FX:EURUSD,1.07429,1.07431,1.07368,1.07372,1492.0
2024-02-05 15:15:00,FX:EURUSD,1.07372,1.07406,1.0737,1.07392,1813.0
2024-02-05 15:30:00,FX:EURUSD,1.07392,1.07419,1.0739,1.07413,1229.0
2024-02-05 15:45:00,FX:EURUSD,1.07413,1.07443,1.07413,1.07427,1485.0
2024-02-05 16:00:00,FX:EURUSD,1.07427,1.07429,1.07398,1.07399,845.0
2024-02-05 16:15:00,FX:EURUSD,1.07399,1.07406,1.07393,1.07403,631.0
2024-02-05 16:30:00,FX:EURUSD,1.07403,1.07409,1.07397,1.07407,558.0
2024-02-05 16:45:00,FX:EURUSD,1.07407,1.07427,1.07405,1.07423,881.0
2024-02-05 17:00:00,FX:EURUSD,1.07423,1.07423,1.07381,1.0739,115.0
2024-02-05 17:15:00,FX:EURUSD,1.0739,1.07393,1.07371,1.07383,331.0
2024-02-05 17:30:00,FX:EURUSD,1.07383,1.07422,1.07382,1.07407,175.0
2024-02-05 17:45:00,FX:EURUSD,1.07407,1.07442,1.07407,1.07431,175.0
2024-02-05 18:00:00,FX:EURUSD,1.07431,1.07433,1.07419,1.07426,237.0
2024-02-05 18:15:00,FX:EURUSD,1.07426,1.07433,1.07425,1.07428,197.0
2024-02-05 18:30:00,FX:EURUSD,1.07428,1.0743,1.0741,1.07427,304.0
2024-02-05 18:45:00,FX:EURUSD,1.07427,1.07435,1.07409,1.0741,359.0
2024-02-05 19:00:00,FX:EURUSD,1.0741,1.07438,1.0741,1.07423,859.0
2024-02-05 19:15:00,FX:EURUSD,1.07423,1.07432,1.0742,1.07423,830.0
2024-02-05 19:30:00,FX:EURUSD,1.07423,1.07441,1.0742099999999999,1.07439,585.0
2024-02-05 19:45:00,FX:EURUSD,1.07439,1.07452,1.07429,1.07438,849.0
2024-02-05 20:00:00,FX:EURUSD,1.07438,1.07472,1.07437,1.07463,1342.0
2024-02-05 20:15:00,FX:EURUSD,1.07463,1.07469,1.07426,1.07447,1186.0
2024-02-05 20:30:00,FX:EURUSD,1.07447,1.07462,1.07416,1.07431,1552.0
2024-02-05 20:45:00,FX:EURUSD,1.07431,1.07462,1.07429,1.07453,1668.0
2024-02-05 21:00:00,FX:EURUSD,1.07453,1.07467,1.07438,1.07444,1334.0
2024-02-05 21:15:00,FX:EURUSD,1.07444,1.07459,1.07442,1.0745,1140.0
2024-02-05 21:30:00,FX:EURUSD,1.0745,1.07491,1.0744799999999999,1.07488,981.0
2024-02-05 21:45:00,FX:EURUSD,1.07488,1.0749,1.07454,1.07459,569.0
2024-02-05 22:00:00,FX:EURUSD,1.07459,1.07471,1.07454,1.07458,627.0
2024-02-05 22:15:00,FX:EURUSD,1.07458,1.0748199999999999,1.07453,1.07462,875.0
2024-02-05 22:30:00,FX:EURUSD,1.07462,1.07486,1.07444,1.07444,1859.0
2024-02-05 22:45:00,FX:EURUSD,1.07444,1.07452,1.07434,1.0744,984.0
2024-02-05 23:00:00,FX:EURUSD,1.0744,1.07454,1.07434,1.07444,608.0
2024-02-05 23:15:00,FX:EURUSD,1.07444,1.07504,1.07439,1.07503,989.0
2024-02-05 23:30:00,FX:EURUSD,1.07503,1.07504,1.0747,1.07483,1031.0
2024-02-05 23:45:00,FX:EURUSD,1.07483,1.07501,1.0748,1.07489,802.0
2024-02-06 00:00:00,FX:EURUSD,1.07489,1.07516,1.07486,1.075,1536.0
2024-02-06 00:15:00,FX:EURUSD,1.075,1.07513,1.07491,1.0751,1111.0
2024-02-06 00:30:00,FX:EURUSD,1.0751,1.07539,1.0751,1.07538,1620.0
2024-02-06 00:45:00,FX:EURUSD,1.07538,1.07542,1.07524,1.07535,1100.0
2024-02-06 01:00:00,FX:EURUSD,1.07535,1.07535,1.07493,1.07508,1114.0
2024-02-06 01:15:00,FX:EURUSD,1.07508,1.07511,1.0749,1.07493,1350.0
2024-02-06 01:30:00,FX:EURUSD,1.07493,1.07528,1.07481,1.07513,1477.0
2024-02-06 01:45:00,FX:EURUSD,1.07513,1.07531,1.07502,1.0750899999999999,1135.0
2024-02-06 02:00:00,FX:EURUSD,1.0750899999999999,1.07614,1.07507,1.0760399999999999,3191.0
2024-02-06 02:15:00,FX:EURUSD,1.0760399999999999,1.07623,1.07573,1.0758,2167.0
2024-02-06 02:30:00,FX:EURUSD,1.0758,1.07602,1.07539,1.07569,2331.0
2024-02-06 02:45:00,FX:EURUSD,1.07569,1.07574,1.07516,1.07518,2296.0
2024-02-06 03:00:00,FX:EURUSD,1.07518,1.07574,1.07518,1.07568,3566.0
2024-02-06 03:15:00,FX:EURUSD,1.07568,1.076,1.07545,1.07563,3463.0
2024-02-06 03:30:00,FX:EURUSD,1.07563,1.07577,1.07506,1.07518,2785.0
2024-02-06 03:45:00,FX:EURUSD,1.07518,1.07518,1.0745,1.0746,2513.0
2024-02-06 04:00:00,FX:EURUSD,1.0746,1.07473,1.07408,1.07438,3474.0
2024-02-06 04:15:00,FX:EURUSD,1.07438,1.07438,1.07389,1.07406,1580.0
2024-02-06 04:30:00,FX:EURUSD,1.07406,1.07452,1.0738,1.07384,2698.0
2024-02-06 04:45:00,FX:EURUSD,1.07384,1.07385,1.07254,1.07291,2399.0
2024-02-06 05:00:00,FX:EURUSD,1.07291,1.07337,1.07278,1.07334,2018.0
2024-02-06 05:15:00,FX:EURUSD,1.07334,1.07364,1.07305,1.07307,1484.0
2024-02-06 05:30:00,FX:EURUSD,1.07307,1.0732599999999999,1.07277,1.07286,1769.0
2024-02-06 05:45:00,FX:EURUSD,1.07286,1.07333,1.07277,1.07292,1458.0
2024-02-06 06:00:00,FX:EURUSD,1.07292,1.07306,1.07252,1.07262,1451.0
2024-02-06 06:15:00,FX:EURUSD,1.07262,1.07346,1.07242,1.0734,1502.0
2024-02-06 06:30:00,FX:EURUSD,1.0734,1.07394,1.07324,1.07394,1556.0
2024-02-06 06:45:00,FX:EURUSD,1.07394,1.07429,1.07385,1.07386,1517.0
2024-02-06 07:00:00,FX:EURUSD,1.07386,1.07392,1.07345,1.07346,1561.0
2024-02-06 07:15:00,FX:EURUSD,1.07346,1.0735999999999999,1.07271,1.07277,1782.0
2024-02-06 07:30:00,FX:EURUSD,1.07277,1.07333,1.07225,1.07333,1977.0
2024-02-06 07:45:00,FX:EURUSD,1.07333,1.0738699999999999,1.07327,1.07359,2251.0
2024-02-06 08:00:00,FX:EURUSD,1.07359,1.0744,1.07318,1.074,3809.0
2024-02-06 08:15:00,FX:EURUSD,1.074,1.07415,1.07316,1.07317,3721.0
2024-02-06 08:30:00,FX:EURUSD,1.07317,1.07347,1.0728,1.07316,2503.0
2024-02-06 08:45:00,FX:EURUSD,1.07316,1.07336,1.0728,1.07303,3013.0
2024-02-06 09:00:00,FX:EURUSD,1.07303,1.07377,1.07296,1.0735,3125.0
2024-02-06 09:15:00,FX:EURUSD,1.0735,1.07357,1.0729,1.0732599999999999,3560.0
2024-02-06 09:30:00,FX:EURUSD,1.0732599999999999,1.07403,1.073,1.07393,4900.0
2024-02-06 09:45:00,FX:EURUSD,1.07393,1.07437,1.0738699999999999,1.07403,3715.0
2024-02-06 10:00:00,FX:EURUSD,1.07403,1.07471,1.07367,1.07468,4181.0
2024-02-06 10:15:00,FX:EURUSD,1.07468,1.0748,1.07393,1.0742099999999999,4680.0
2024-02-06 10:30:00,FX:EURUSD,1.0742099999999999,1.07484,1.07394,1.07451,3879.0
2024-02-06 10:45:00,FX:EURUSD,1.07451,1.07464,1.07406,1.07432,3639.0
2024-02-06 11:00:00,FX:EURUSD,1.07432,1.0744799999999999,1.07391,1.07415,2994.0
2024-02-06 11:15:00,FX:EURUSD,1.07415,1.07494,1.07415,1.07485,2020.0
2024-02-06 11:30:00,FX:EURUSD,1.07485,1.07533,1.07458,1.0752599999999999,3038.0
2024-02-06 11:45:00,FX:EURUSD,1.0752599999999999,1.07532,1.07502,1.07504,3317.0
2024-02-06 12:00:00,FX:EURUSD,1.07504,1.07518,1.07477,1.07504,2879.0
2024-02-06 12:15:00,FX:EURUSD,1.07504,1.07537,1.07498,1.07515,2593.0
2024-02-06 12:30:00,FX:EURUSD,1.07515,1.07525,1.0748199999999999,1.07515,1780.0
2024-02-06 12:45:00,FX:EURUSD,1.07515,1.07552,1.07497,1.0751,2314.0
2024-02-06 13:00:00,FX:EURUSD,1.0751,1.07557,1.07475,1.07491,3043.0
2024-02-06 13:15:00,FX:EURUSD,1.07491,1.07515,1.07435,1.07458,2417.0
2024-02-06 13:30:00,FX:EURUSD,1.07458,1.0752,1.07458,1.07517,1842.0
2024-02-06 13:45:00,FX:EURUSD,1.07517,1.0754299999999999,1.07517,1.07539,1921.0
2024-02-06 14:00:00,FX:EURUSD,1.07539,1.07548,1.07469,1.07471,2292.0
2024-02-06 14:15:00,FX:EURUSD,1.07471,1.07514,1.0747,1.07479,2542.0
2024-02-06 14:30:00,FX:EURUSD,1.07479,1.07506,1.07468,1.07481,2137.0
2024-02-06 14:45:00,FX:EURUSD,1.07481,1.07503,1.07473,1.07493,2108.0
2024-02-06 15:00:00,FX:EURUSD,1.07493,1.0754299999999999,1.07493,1.07537,1346.0
2024-02-06 15:15:00,FX:EURUSD,1.07537,1.07539,1.0751,1.07528,1567.0
2024-02-06 15:30:00,FX:EURUSD,1.07528,1.07544,1.07517,1.07533,1524.0
2024-02-06 15:45:00,FX:EURUSD,1.07533,1.07573,1.07529,1.07566,1644.0
2024-02-06 16:00:00,FX:EURUSD,1.07566,1.07567,1.07533,1.07546,834.0
2024-02-06 16:15:00,FX:EURUSD,1.07546,1.07546,1.07525,1.07531,344.0
2024-02-06 16:30:00,FX:EURUSD,1.07531,1.07551,1.07525,1.0754299999999999,694.0
2024-02-06 16:45:00,FX:EURUSD,1.0754299999999999,1.07561,1.07535,1.07542,1137.0
2024-02-06 17:00:00,FX:EURUSD,1.07542,1.07542,1.07487,1.07538,133.0
2024-02-06 17:15:00,FX:EURUSD,1.07538,1.07541,1.07493,1.07528,586.0
2024-02-06 17:30:00,FX:EURUSD,1.07528,1.07537,1.07523,1.07524,1210.0
2024-02-06 17:45:00,FX:EURUSD,1.07524,1.07534,1.07519,1.07522,290.0
2024-02-06 18:00:00,FX:EURUSD,1.07522,1.07565,1.07517,1.07559,480.0
2024-02-06 18:15:00,FX:EURUSD,1.07559,1.0756,1.07553,1.07558,219.0
2024-02-06 18:30:00,FX:EURUSD,1.07558,1.07566,1.07555,1.07559,257.0
2024-02-06 18:45:00,FX:EURUSD,1.07559,1.07569,1.07556,1.07568,284.0
2024-02-06 19:00:00,FX:EURUSD,1.07568,1.07578,1.07562,1.07572,741.0
2024-02-06 19:15:00,FX:EURUSD,1.07572,1.07572,1.0756,1.0756999999999999,855.0
2024-02-06 19:30:00,FX:EURUSD,1.0756999999999999,1.07594,1.07569,1.07581,788.0
2024-02-06 19:45:00,FX:EURUSD,1.07581,1.07593,1.07571,1.0759,868.0
2024-02-06 20:00:00,FX:EURUSD,1.0759,1.07625,1.07588,1.07614,1582.0
2024-02-06 20:15:00,FX:EURUSD,1.07614,1.07626,1.07602,1.0762,1311.0
2024-02-06 20:30:00,FX:EURUSD,1.0762,1.07624,1.0760399999999999,1.0762099999999999,2050.0
2024-02-06 20:45:00,FX:EURUSD,1.0762099999999999,1.07649,1.07619,1.07635,1783.0
2024-02-06 21:00:00,FX:EURUSD,1.07635,1.0764,1.07616,1.07639,1403.0
2024-02-06 21:15:00,FX:EURUSD,1.07639,1.07658,1.07635,1.0765,1123.0
2024-02-06 21:30:00,FX:EURUSD,1.0765,1.07655,1.07637,1.07646,1345.0
2024-02-06 21:45:00,FX:EURUSD,1.07646,1.07652,1.07632,1.07637,971.0
2024-02-06 22:00:00,FX:EURUSD,1.07637,1.07656,1.07628,1.07656,1000.0
2024-02-06 22:15:00,FX:EURUSD,1.07656,1.07664,1.07632,1.07637,817.0
2024-02-06 22:30:00,FX:EURUSD,1.07637,1.07637,1.0760399999999999,1.07611,866.0
2024-02-06 22:45:00,FX:EURUSD,1.07611,1.07612,1.07584,1.07588,585.0
2024-02-06 23:00:00,FX:EURUSD,1.07588,1.07589,1.07566,1.07576,567.0
2024-02-06 23:15:00,FX:EURUSD,1.07576,1.076,1.07575,1.0758699999999999,792.0
2024-02-06 23:30:00,FX:EURUSD,1.0758699999999999,1.07589,1.07578,1.07584,552.0
2024-02-06 23:45:00,FX:EURUSD,1.07584,1.07601,1.07577,1.0759,939.0
2024-02-07 00:00:00,FX:EURUSD,1.0759,1.07609,1.07579,1.07586,1045.0
2024-02-07 00:15:00,FX:EURUSD,1.07586,1.07615,1.07584,1.07615,968.0
2024-02-07 00:30:00,FX:EURUSD,1.07615,1.07625,1.076,1.0762,941.0
2024-02-07 00:45:00,FX:EURUSD,1.0762,1.07645,1.07617,1.07627,977.0
2024-02-07 01:00:00,FX:EURUSD,1.07627,1.07655,1.07625,1.07628,997.0
2024-02-07 01:15:00,FX:EURUSD,1.07628,1.07638,1.07584,1.07585,1061.0
2024-02-07 01:30:00,FX:EURUSD,1.07585,1.07605,1.07567,1.076,1333.0
2024-02-07 01:45:00,FX:EURUSD,1.076,1.07629,1.07595,1.0761,1297.0
2024-02-07 02:00:00,FX:EURUSD,1.0761,1.07692,1.07607,1.0769,2584.0
2024-02-07 02:15:00,FX:EURUSD,1.0769,1.07713,1.07681,1.07706,1881.0
2024-02-07 02:30:00,FX:EURUSD,1.07706,1.0772,1.07681,1.07698,2100.0
2024-02-07 02:45:00,FX:EURUSD,1.07698,1.07728,1.07671,1.07725,2660.0
2024-02-07 03:00:00,FX:EURUSD,1.07725,1.07734,1.0765,1.07656,3271.0
2024-02-07 03:15:00,FX:EURUSD,1.07656,1.07673,1.0760399999999999,1.0763,2978.0
2024-02-07 03:30:00,FX:EURUSD,1.0763,1.0765,1.07608,1.07633,2352.0
2024-02-07 03:45:00,FX:EURUSD,1.07633,1.07652,1.07614,1.07627,2149.0
2024-02-07 04:00:00,FX:EURUSD,1.07627,1.07633,1.07578,1.0762,2164.0
2024-02-07 04:15:00,FX:EURUSD,1.0762,1.07637,1.07599,1.07634,1690.0
2024-02-07 04:30:00,FX:EURUSD,1.07634,1.07696,1.07628,1.07679,2098.0
2024-02-07 04:45:00,FX:EURUSD,1.07679,1.07711,1.0766499999999999,1.07694,1810.0
2024-02-07 05:00:00,FX:EURUSD,1.07694,1.07707,1.07646,1.07668,2239.0
2024-02-07 05:15:00,FX:EURUSD,1.07668,1.07708,1.07646,1.07697,2267.0
2024-02-07 05:30:00,FX:EURUSD,1.07697,1.07704,1.07641,1.07654,2583.0
2024-02-07 05:45:00,FX:EURUSD,1.07654,1.07667,1.07626,1.07641,2235.0
2024-02-07 06:00:00,FX:EURUSD,1.07641,1.07707,1.07622,1.0764,2156.0
2024-02-07 06:15:00,FX:EURUSD,1.0764,1.07694,1.07637,1.0769,2173.0
2024-02-07 06:30:00,FX:EURUSD,1.0769,1.07731,1.07673,1.07699,1967.0
2024-02-07 06:45:00,FX:EURUSD,1.07699,1.07738,1.07692,1.07711,1711.0
2024-02-07 07:00:00,FX:EURUSD,1.07711,1.07735,1.07689,1.07702,2291.0
2024-02-07 07:15:00,FX:EURUSD,1.07702,1.07708,1.0766,1.07699,2031.0
2024-02-07 07:30:00,FX:EURUSD,1.07699,1.07706,1.0766499999999999,1.07703,2031.0
2024-02-07 07:45:00,FX:EURUSD,1.07703,1.07752,1.07679,1.07737,2332.0
2024-02-07 08:00:00,FX:EURUSD,1.07737,1.07767,1.07717,1.07763,2600.0
2024-02-07 08:15:00,FX:EURUSD,1.07763,1.07821,1.07736,1.0782,2666.0
2024-02-07 08:30:00,FX:EURUSD,1.0782,1.07839,1.07732,1.07733,3403.0
2024-02-07 08:45:00,FX:EURUSD,1.07733,1.07734,1.07667,1.07702,2740.0
2024-02-07 09:00:00,FX:EURUSD,1.07702,1.07779,1.07699,1.07727,3280.0
2024-02-07 09:15:00,FX:EURUSD,1.07727,1.07738,1.07653,1.0769,2627.0
2024-02-07 09:30:00,FX:EURUSD,1.0769,1.07776,1.0766,1.0775,6628.0
2024-02-07 09:45:00,FX:EURUSD,1.0775,1.07762,1.07701,1.07713,6758.0
2024-02-07 10:00:00,FX:EURUSD,1.07713,1.07724,1.07643,1.07701,4947.0
2024-02-07 10:15:00,FX:EURUSD,1.07701,1.07744,1.07658,1.07737,4225.0
2024-02-07 10:30:00,FX:EURUSD,1.07737,1.07799,1.07694,1.0774299999999999,5889.0
2024-02-07 10:45:00,FX:EURUSD,1.0774299999999999,1.07766,1.07556,1.07566,5538.0
2024-02-07 11:00:00,FX:EURUSD,1.07566,1.0764799999999999,1.07561,1.07641,4750.0
2024-02-07 11:15:00,FX:EURUSD,1.07641,1.07654,1.07572,1.07644,2758.0
2024-02-07 11:30:00,FX:EURUSD,1.07644,1.07676,1.07644,1.07668,3578.0
2024-02-07 11:45:00,FX:EURUSD,1.07668,1.07713,1.07662,1.07677,2769.0
2024-02-07 12:00:00,FX:EURUSD,1.07677,1.07678,1.07603,1.07641,2446.0
2024-02-07 12:15:00,FX:EURUSD,1.07641,1.07657,1.07594,1.07618,2317.0
2024-02-07 12:30:00,FX:EURUSD,1.07618,1.07636,1.07592,1.07633,2753.0
2024-02-07 12:45:00,FX:EURUSD,1.07633,1.07649,1.07625,1.07647,1888.0
2024-02-07 13:00:00,FX:EURUSD,1.07647,1.07724,1.07642,1.07723,3834.0
2024-02-07 13:15:00,FX:EURUSD,1.07723,1.07736,1.07691,1.07734,2158.0
2024-02-07 13:30:00,FX:EURUSD,1.07734,1.07736,1.07671,1.07672,2019.0
2024-02-07 13:45:00,FX:EURUSD,1.07672,1.07713,1.0766,1.07711,1616.0
2024-02-07 14:00:00,FX:EURUSD,1.07711,1.07741,1.07699,1.07727,1812.0
2024-02-07 14:15:00,FX:EURUSD,1.07727,1.07731,1.07703,1.07729,1499.0
2024-02-07 14:30:00,FX:EURUSD,1.07729,1.07755,1.07723,1.07748,1642.0
2024-02-07 14:45:00,FX:EURUSD,1.07748,1.07752,1.07711,1.0772,1386.0
2024-02-07 15:00:00,FX:EURUSD,1.0772,1.0774299999999999,1.0770899999999999,1.07718,1237.0
2024-02-07 15:15:00,FX:EURUSD,1.07718,1.07734,1.0771,1.07717,1084.0
2024-02-07 15:30:00,FX:EURUSD,1.07717,1.07736,1.0771,1.07721,1400.0
2024-02-07 15:45:00,FX:EURUSD,1.07721,1.07734,1.0770899999999999,1.07727,1569.0
2024-02-07 16:00:00,FX:EURUSD,1.07727,1.07744,1.07725,1.07739,685.0
2024-02-07 16:15:00,FX:EURUSD,1.07739,1.0774,1.07723,1.07724,405.0
2024-02-07 16:30:00,FX:EURUSD,1.07724,1.07747,1.07717,1.07719,385.0
2024-02-07 16:45:00,FX:EURUSD,1.07719,1.07739,1.07717,1.0772,1185.0
2024-02-07 17:00:00,FX:EURUSD,1.0772,1.07729,1.07675,1.07702,273.0
2024-02-07 17:15:00,FX:EURUSD,1.07702,1.07736,1.07696,1.0773,216.0
2024-02-07 17:30:00,FX:EURUSD,1.0773,1.07731,1.07708,1.07711,274.0
2024-02-07 17:45:00,FX:EURUSD,1.07711,1.07723,1.07705,1.07714,438.0
2024-02-07 18:00:00,FX:EURUSD,1.07714,1.07756,1.07713,1.07753,361.0
2024-02-07 18:15:00,FX:EURUSD,1.07753,1.07768,1.07753,1.07767,315.0
2024-02-07 18:30:00,FX:EURUSD,1.07767,1.07769,1.07737,1.07744,404.0
2024-02-07 18:45:00,FX:EURUSD,1.07744,1.07756,1.07741,1.07755,242.0
2024-02-07 19:00:00,FX:EURUSD,1.07755,1.07766,1.07742,1.07754,619.0
2024-02-07 19:15:00,FX:EURUSD,1.07754,1.0778,1.07754,1.07778,546.0
2024-02-07 19:30:00,FX:EURUSD,1.07778,1.07794,1.07777,1.0779,670.0
2024-02-07 19:45:00,FX:EURUSD,1.0779,1.07794,1.0776999999999999,1.07778,869.0
2024-02-07 20:00:00,FX:EURUSD,1.07778,1.07782,1.07754,1.07775,990.0
2024-02-07 20:15:00,FX:EURUSD,1.07775,1.07785,1.07762,1.07782,905.0
2024-02-07 20:30:00,FX:EURUSD,1.07782,1.07798,1.07751,1.07775,1817.0
2024-02-07 20:45:00,FX:EURUSD,1.07775,1.07796,1.07771,1.07786,1747.0
2024-02-07 21:00:00,FX:EURUSD,1.07786,1.07826,1.07782,1.07823,1372.0
2024-02-07 21:15:00,FX:EURUSD,1.07823,1.07829,1.07805,1.07828,896.0
2024-02-07 21:30:00,FX:EURUSD,1.07828,1.07833,1.07808,1.0783,1059.0
2024-02-07 21:45:00,FX:EURUSD,1.0783,1.07832,1.07822,1.07828,493.0
2024-02-07 22:00:00,FX:EURUSD,1.07828,1.07828,1.07822,1.07827,350.0
2024-02-07 22:15:00,FX:EURUSD,1.07827,1.0784799999999999,1.07825,1.07847,384.0
2024-02-07 22:30:00,FX:EURUSD,1.07847,1.0784799999999999,1.07818,1.07818,653.0
2024-02-07 22:45:00,FX:EURUSD,1.07818,1.07828,1.07815,1.07823,726.0
2024-02-07 23:00:00,FX:EURUSD,1.07823,1.07849,1.07821,1.07845,714.0
2024-02-07 23:15:00,FX:EURUSD,1.07845,1.07882,1.07843,1.07858,698.0
2024-02-07 23:30:00,FX:EURUSD,1.07858,1.0786499999999999,1.07819,1.07828,763.0
2024-02-07 23:45:00,FX:EURUSD,1.07828,1.07828,1.07793,1.07796,695.0
2024-02-08 00:00:00,FX:EURUSD,1.07796,1.07807,1.07785,1.07807,870.0
2024-02-08 00:15:00,FX:EURUSD,1.07807,1.07841,1.07806,1.0783099999999999,887.0
2024-02-08 00:30:00,FX:EURUSD,1.0783099999999999,1.0783099999999999,1.07812,1.07826,830.0
2024-02-08 00:45:00,FX:EURUSD,1.07826,1.07829,1.07795,1.07826,1061.0
2024-02-08 01:00:00,FX:EURUSD,1.07826,1.07845,1.07815,1.07822,1111.0
2024-02-08 01:15:00,FX:EURUSD,1.07822,1.07837,1.07811,1.07822,920.0
2024-02-08 01:30:00,FX:EURUSD,1.07822,1.07855,1.0782,1.0785,1214.0
2024-02-08 01:45:00,FX:EURUSD,1.0785,1.07863,1.07833,1.07839,1568.0
2024-02-08 02:00:00,FX:EURUSD,1.07839,1.07873,1.07814,1.07866,2174.0
2024-02-08 02:15:00,FX:EURUSD,1.07866,1.07888,1.07837,1.07843,2150.0
2024-02-08 02:30:00,FX:EURUSD,1.07843,1.07872,1.07801,1.07812,2282.0
2024-02-08 02:45:00,FX:EURUSD,1.07812,1.07813,1.07767,1.078,2041.0
2024-02-08 03:00:00,FX:EURUSD,1.078,1.07841,1.07777,1.07818,2724.0
2024-02-08 03:15:00,FX:EURUSD,1.07818,1.07821,1.07732,1.07739,2980.0
2024-02-08 03:30:00,FX:EURUSD,1.07739,1.07752,1.07683,1.07716,2703.0
2024-02-08 03:45:00,FX:EURUSD,1.07716,1.07774,1.07704,1.07772,2613.0
2024-02-08 04:00:00,FX:EURUSD,1.07772,1.07793,1.07735,1.07758,2353.0
2024-02-08 04:15:00,FX:EURUSD,1.07758,1.07788,1.07739,1.07765,2175.0
2024-02-08 04:30:00,FX:EURUSD,1.07765,1.0784,1.07758,1.07828,2578.0
2024-02-08 04:45:00,FX:EURUSD,1.07828,1.07842,1.07769,1.07829,2421.0
2024-02-08 05:00:00,FX:EURUSD,1.07829,1.07855,1.07826,1.07827,1535.0
2024-02-08 05:15:00,FX:EURUSD,1.07827,1.07829,1.0778,1.07809,1461.0
2024-02-08 05:30:00,FX:EURUSD,1.07809,1.07809,1.07727,1.07737,2347.0
2024-02-08 05:45:00,FX:EURUSD,1.07737,1.07759,1.0771,1.07717,1947.0
2024-02-08 06:00:00,FX:EURUSD,1.07717,1.07731,1.07662,1.0768199999999999,1660.0
2024-02-08 06:15:00,FX:EURUSD,1.0768199999999999,1.07686,1.07627,1.07632,1537.0
2024-02-08 06:30:00,FX:EURUSD,1.07632,1.0768,1.07619,1.07678,1710.0
2024-02-08 06:45:00,FX:EURUSD,1.07678,1.07678,1.0761,1.07629,1872.0
2024-02-08 07:00:00,FX:EURUSD,1.07629,1.07635,1.07601,1.07617,1973.0
2024-02-08 07:15:00,FX:EURUSD,1.07617,1.07617,1.07563,1.07571,1895.0
2024-02-08 07:30:00,FX:EURUSD,1.07571,1.07572,1.07498,1.0754299999999999,2345.0
2024-02-08 07:45:00,FX:EURUSD,1.0754299999999999,1.07571,1.07511,1.07567,2182.0
2024-02-08 08:00:00,FX:EURUSD,1.07567,1.07593,1.07553,1.07589,2336.0
2024-02-08 08:15:00,FX:EURUSD,1.07589,1.0762099999999999,1.07553,1.07593,2951.0
2024-02-08 08:30:00,FX:EURUSD,1.07593,1.07593,1.07424,1.07449,6806.0
2024-02-08 08:45:00,FX:EURUSD,1.07449,1.07488,1.07414,1.0744,4042.0
2024-02-08 09:00:00,FX:EURUSD,1.0744,1.07494,1.07433,1.07484,2835.0
2024-02-08 09:15:00,FX:EURUSD,1.07484,1.07551,1.0748199999999999,1.07537,3048.0
2024-02-08 09:30:00,FX:EURUSD,1.07537,1.076,1.07529,1.07574,4670.0
2024-02-08 09:45:00,FX:EURUSD,1.07574,1.07674,1.07574,1.0764799999999999,3237.0
2024-02-08 10:00:00,FX:EURUSD,1.0764799999999999,1.07676,1.07541,1.07544,3736.0
2024-02-08 10:15:00,FX:EURUSD,1.07544,1.07632,1.07512,1.076,3402.0
2024-02-08 10:30:00,FX:EURUSD,1.076,1.0762099999999999,1.07529,1.07579,3618.0
2024-02-08 10:45:00,FX:EURUSD,1.07579,1.07637,1.07537,1.07611,3843.0
2024-02-08 11:00:00,FX:EURUSD,1.07611,1.07643,1.07602,1.07618,2513.0
2024-02-08 11:15:00,FX:EURUSD,1.07618,1.07644,1.07612,1.07626,2303.0
2024-02-08 11:30:00,FX:EURUSD,1.07626,1.0766,1.07615,1.07649,2305.0
2024-02-08 11:45:00,FX:EURUSD,1.07649,1.07739,1.07643,1.07732,2337.0
2024-02-08 12:00:00,FX:EURUSD,1.07732,1.07747,1.07714,1.07719,2439.0
2024-02-08 12:15:00,FX:EURUSD,1.07719,1.07753,1.07716,1.07748,1648.0
2024-02-08 12:30:00,FX:EURUSD,1.07748,1.07766,1.07731,1.07757,1399.0
2024-02-08 12:45:00,FX:EURUSD,1.07757,1.0776,1.07732,1.07733,1499.0
2024-02-08 13:00:00,FX:EURUSD,1.07733,1.07828,1.07731,1.07799,4890.0
2024-02-08 13:15:00,FX:EURUSD,1.07799,1.07816,1.07788,1.07796,2272.0
2024-02-08 13:30:00,FX:EURUSD,1.07796,1.07802,1.07766,1.0776999999999999,1729.0
2024-02-08 13:45:00,FX:EURUSD,1.0776999999999999,1.07774,1.07752,1.07765,1584.0
2024-02-08 14:00:00,FX:EURUSD,1.07765,1.07775,1.07746,1.07765,2237.0
2024-02-08 14:15:00,FX:EURUSD,1.07765,1.07786,1.07751,1.07766,1976.0
2024-02-08 14:30:00,FX:EURUSD,1.07766,1.07769,1.0772599999999999,1.07744,1865.0
2024-02-08 14:45:00,FX:EURUSD,1.07744,1.07758,1.0772599999999999,1.07748,1911.0
2024-02-08 15:00:00,FX:EURUSD,1.07748,1.07779,1.07748,1.07771,1276.0
2024-02-08 15:15:00,FX:EURUSD,1.07771,1.07784,1.07761,1.07783,1286.0
2024-02-08 15:30:00,FX:EURUSD,1.07783,1.07798,1.07768,1.07775,1290.0
2024-02-08 15:45:00,FX:EURUSD,1.07775,1.0779,1.07757,1.07778,1769.0
2024-02-08 16:00:00,FX:EURUSD,1.07778,1.07784,1.07767,1.07772,432.0
2024-02-08 16:15:00,FX:EURUSD,1.07772,1.07784,1.07771,1.07775,343.0
2024-02-08 16:30:00,FX:EURUSD,1.07775,1.07778,1.07761,1.07762,409.0
2024-02-08 16:45:00,FX:EURUSD,1.07762,1.07785,1.07761,1.07775,698.0
2024-02-08 17:00:00,FX:EURUSD,1.07775,1.07776,1.0772599999999999,1.07774,360.0
2024-02-08 17:15:00,FX:EURUSD,1.07774,1.07792,1.07745,1.07745,332.0
2024-02-08 17:30:00,FX:EURUSD,1.07745,1.07782,1.07731,1.07768,573.0
2024-02-08 17:45:00,FX:EURUSD,1.07768,1.07775,1.07747,1.07751,183.0
2024-02-08 18:00:00,FX:EURUSD,1.07751,1.07779,1.07737,1.07744,590.0
2024-02-08 18:15:00,FX:EURUSD,1.07744,1.07759,1.07744,1.07759,181.0
2024-02-08 18:30:00,FX:EURUSD,1.07759,1.07759,1.07748,1.07749,289.0
2024-02-08 18:45:00,FX:EURUSD,1.07749,1.07778,1.0774299999999999,1.07777,495.0
2024-02-08 19:00:00,FX:EURUSD,1.07777,1.07788,1.07767,1.07768,785.0
2024-02-08 19:15:00,FX:EURUSD,1.07768,1.07785,1.07767,1.07771,794.0
2024-02-08 19:30:00,FX:EURUSD,1.07771,1.07775,1.07731,1.07746,998.0
2024-02-08 19:45:00,FX:EURUSD,1.07746,1.07757,1.07722,1.07729,1173.0
2024-02-08 20:00:00,FX:EURUSD,1.07729,1.07766,1.07728,1.07766,1196.0
2024-02-08 20:15:00,FX:EURUSD,1.07766,1.0778699999999999,1.07754,1.07761,1083.0
2024-02-08 20:30:00,FX:EURUSD,1.07761,1.07778,1.07751,1.07769,1119.0
2024-02-08 20:45:00,FX:EURUSD,1.07769,1.07773,1.07735,1.0774299999999999,896.0
2024-02-08 21:00:00,FX:EURUSD,1.0774299999999999,1.07758,1.07731,1.07754,1018.0
2024-02-08 21:15:00,FX:EURUSD,1.07754,1.07783,1.07754,1.07771,1062.0
2024-02-08 21:30:00,FX:EURUSD,1.07771,1.07778,1.07757,1.07773,820.0
2024-02-08 21:45:00,FX:EURUSD,1.07773,1.07775,1.0776,1.07762,743.0
2024-02-08 22:00:00,FX:EURUSD,1.07762,1.07775,1.07745,1.0775,981.0
2024-02-08 22:15:00,FX:EURUSD,1.0775,1.07757,1.07733,1.07733,662.0
2024-02-08 22:30:00,FX:EURUSD,1.07733,1.07737,1.07714,1.07724,736.0
2024-02-08 22:45:00,FX:EURUSD,1.07724,1.07731,1.077,1.07708,1020.0
2024-02-08 23:00:00,FX:EURUSD,1.07708,1.07712,1.07694,1.07696,684.0
2024-02-08 23:15:00,FX:EURUSD,1.07696,1.0772,1.07695,1.0771,655.0
2024-02-08 23:30:00,FX:EURUSD,1.0771,1.07725,1.07706,1.07721,502.0
2024-02-08 23:45:00,FX:EURUSD,1.07721,1.07723,1.0771,1.07711,667.0
2024-02-09 00:00:00,FX:EURUSD,1.07711,1.07729,1.0771,1.07717,346.0
2024-02-09 00:15:00,FX:EURUSD,1.07717,1.07724,1.07704,1.0772,541.0
2024-02-09 00:30:00,FX:EURUSD,1.0772,1.07738,1.07714,1.07717,587.0
2024-02-09 00:45:00,FX:EURUSD,1.07717,1.07722,1.07695,1.07711,689.0
2024-02-09 01:00:00,FX:EURUSD,1.07711,1.07723,1.07702,1.07718,673.0
2024-02-09 01:15:00,FX:EURUSD,1.07718,1.0772,1.07698,1.07714,384.0
2024-02-09 01:30:00,FX:EURUSD,1.07714,1.07733,1.07714,1.07729,638.0
2024-02-09 01:45:00,FX:EURUSD,1.07729,1.07755,1.07729,1.07745,894.0
2024-02-09 02:00:00,FX:EURUSD,1.07745,1.07778,1.0774299999999999,1.0776999999999999,1927.0
2024-02-09 02:15:00,FX:EURUSD,1.0776999999999999,1.0779,1.07754,1.0779,1629.0
2024-02-09 02:30:00,FX:EURUSD,1.0779,1.07817,1.0778,1.0781,1779.0
2024-02-09 02:45:00,FX:EURUSD,1.0781,1.07827,1.07775,1.07801,1722.0
2024-02-09 03:00:00,FX:EURUSD,1.07801,1.07842,1.0774,1.07747,2259.0
2024-02-09 03:15:00,FX:EURUSD,1.07747,1.07834,1.07729,1.07823,2953.0
2024-02-09 03:30:00,FX:EURUSD,1.07823,1.07847,1.07754,1.07755,2760.0
2024-02-09 03:45:00,FX:EURUSD,1.07755,1.07766,1.07723,1.07727,2630.0
2024-02-09 04:00:00,FX:EURUSD,1.07727,1.07754,1.07694,1.07718,2794.0
2024-02-09 04:15:00,FX:EURUSD,1.07718,1.07754,1.07699,1.07749,2532.0
2024-02-09 04:30:00,FX:EURUSD,1.07749,1.07768,1.0766499999999999,1.07687,2661.0
2024-02-09 04:45:00,FX:EURUSD,1.07687,1.07705,1.0766,1.0767,2697.0
2024-02-09 05:00:00,FX:EURUSD,1.0767,1.07687,1.07632,1.07638,2293.0
2024-02-09 05:15:00,FX:EURUSD,1.07638,1.07691,1.0762099999999999,1.07684,2431.0
2024-02-09 05:30:00,FX:EURUSD,1.07684,1.07698,1.07663,1.07693,1628.0
2024-02-09 05:45:00,FX:EURUSD,1.07693,1.07702,1.07656,1.07667,1643.0
2024-02-09 06:00:00,FX:EURUSD,1.07667,1.07672,1.07635,1.0766499999999999,2008.0
2024-02-09 06:15:00,FX:EURUSD,1.0766499999999999,1.0769,1.0766,1.07673,1538.0
2024-02-09 06:30:00,FX:EURUSD,1.07673,1.07708,1.07671,1.07699,1763.0
2024-02-09 06:45:00,FX:EURUSD,1.07699,1.07733,1.07691,1.07716,1634.0
2024-02-09 07:00:00,FX:EURUSD,1.07716,1.07765,1.07711,1.07738,1834.0
2024-02-09 07:15:00,FX:EURUSD,1.07738,1.07757,1.07684,1.07702,1924.0
2024-02-09 07:30:00,FX:EURUSD,1.07702,1.07702,1.07629,1.07646,2218.0
2024-02-09 07:45:00,FX:EURUSD,1.07646,1.07693,1.07629,1.07671,2431.0
2024-02-09 08:00:00,FX:EURUSD,1.07671,1.07737,1.07653,1.07723,2930.0
2024-02-09 08:15:00,FX:EURUSD,1.07723,1.07736,1.07684,1.07716,2906.0
2024-02-09 08:30:00,FX:EURUSD,1.07716,1.07948,1.07684,1.07813,14316.0
2024-02-09 08:45:00,FX:EURUSD,1.07813,1.0786,1.07773,1.0783099999999999,6242.0
2024-02-09 09:00:00,FX:EURUSD,1.0783099999999999,1.07955,1.07796,1.07942,5167.0
2024-02-09 09:15:00,FX:EURUSD,1.07942,1.07945,1.07748,1.07771,4693.0
2024-02-09 09:30:00,FX:EURUSD,1.07771,1.07875,1.07764,1.07857,5264.0
2024-02-09 09:45:00,FX:EURUSD,1.07857,1.0786,1.078,1.07816,3757.0
2024-02-09 10:00:00,FX:EURUSD,1.07816,1.07899,1.07797,1.0786499999999999,3863.0
2024-02-09 10:15:00,FX:EURUSD,1.0786499999999999,1.07872,1.07832,1.07856,4469.0
2024-02-09 10:30:00,FX:EURUSD,1.07856,1.07885,1.07817,1.07828,3610.0
2024-02-09 10:45:00,FX:EURUSD,1.07828,1.07874,1.07811,1.07862,3500.0
2024-02-09 11:00:00,FX:EURUSD,1.07862,1.07873,1.07806,1.07855,3297.0
2024-02-09 11:15:00,FX:EURUSD,1.07855,1.0788,1.07816,1.07829,2518.0
2024-02-09 11:30:00,FX:EURUSD,1.07829,1.07859,1.07818,1.07826,2544.0
2024-02-09 11:45:00,FX:EURUSD,1.07826,1.07842,1.07796,1.07816,1817.0
2024-02-09 12:00:00,FX:EURUSD,1.07816,1.07841,1.07803,1.0783099999999999,1717.0
2024-02-09 12:15:00,FX:EURUSD,1.0783099999999999,1.07839,1.07791,1.07826,1830.0
2024-02-09 12:30:00,FX:EURUSD,1.07826,1.07832,1.0781,1.0783,1746.0
2024-02-09 12:45:00,FX:EURUSD,1.0783,1.07866,1.07822,1.07855,1446.0
2024-02-09 13:00:00,FX:EURUSD,1.07855,1.07879,1.07855,1.07861,1268.0
2024-02-09 13:15:00,FX:EURUSD,1.07861,1.07902,1.07861,1.0789199999999999,1115.0
2024-02-09 13:30:00,FX:EURUSD,1.0789199999999999,1.07908,1.07872,1.07873,1183.0
2024-02-09 13:45:00,FX:EURUSD,1.07873,1.07878,1.0786,1.07866,905.0
2024-02-09 14:00:00,FX:EURUSD,1.07866,1.07868,1.07851,1.0786,928.0
2024-02-09 14:15:00,FX:EURUSD,1.0786,1.07877,1.07849,1.07871,895.0
2024-02-09 14:30:00,FX:EURUSD,1.07871,1.07873,1.07854,1.07859,1077.0
2024-02-09 14:45:00,FX:EURUSD,1.07859,1.07859,1.07814,1.07825,1182.0
2024-02-09 15:00:00,FX:EURUSD,1.07825,1.0783099999999999,1.07796,1.07821,838.0
2024-02-09 15:15:00,FX:EURUSD,1.07821,1.07854,1.07817,1.07849,848.0
2024-02-09 15:30:00,FX:EURUSD,1.07849,1.07855,1.07839,1.07853,863.0
2024-02-09 15:45:00,FX:EURUSD,1.07853,1.07881,1.07853,1.07862,1213.0
2024-02-09 16:00:00,FX:EURUSD,1.07862,1.07878,1.07857,1.07877,515.0
2024-02-09 16:15:00,FX:EURUSD,1.07877,1.07885,1.07871,1.0788,359.0
2024-02-09 16:30:00,FX:EURUSD,1.0788,1.0788,1.07853,1.07859,389.0
2024-02-09 16:45:00,FX:EURUSD,1.07859,1.0786499999999999,1.0783,1.0783,821.0
2024-02-11 17:00:00,FX:EURUSD,1.07776,1.07822,1.07776,1.07821,93.0
2024-02-11 17:15:00,FX:EURUSD,1.07821,1.07838,1.07817,1.07834,451.0
2024-02-11 17:30:00,FX:EURUSD,1.07834,1.07856,1.07832,1.07855,69.0
2024-02-11 17:45:00,FX:EURUSD,1.07855,1.07866,1.07839,1.0784,138.0
2024-02-11 18:00:00,FX:EURUSD,1.0784,1.0794,1.07834,1.07908,1154.0
2024-02-11 18:15:00,FX:EURUSD,1.07908,1.07949,1.07907,1.07944,1153.0
2024-02-11 18:30:00,FX:EURUSD,1.07944,1.07949,1.07923,1.07943,990.0
2024-02-11 18:45:00,FX:EURUSD,1.07943,1.07983,1.07942,1.07978,1048.0
2024-02-11 19:00:00,FX:EURUSD,1.07978,1.07984,1.0796999999999999,1.07971,1488.0
2024-02-11 19:15:00,FX:EURUSD,1.07971,1.07989,1.07965,1.07982,1199.0
2024-02-11 19:30:00,FX:EURUSD,1.07982,1.07998,1.07981,1.07991,1084.0
2024-02-11 19:45:00,FX:EURUSD,1.07991,1.07994,1.07984,1.07986,689.0
2024-02-11 20:00:00,FX:EURUSD,1.07986,1.07986,1.07952,1.07952,748.0
2024-02-11 20:15:00,FX:EURUSD,1.07952,1.07952,1.07936,1.07942,566.0
2024-02-11 20:30:00,FX:EURUSD,1.07942,1.07982,1.07937,1.07973,721.0
2024-02-11 20:45:00,FX:EURUSD,1.07973,1.07977,1.0795,1.07956,584.0
2024-02-11 21:00:00,FX:EURUSD,1.07956,1.0796,1.0795,1.07956,468.0
2024-02-11 21:15:00,FX:EURUSD,1.07956,1.07959,1.0793,1.07942,497.0
2024-02-11 21:30:00,FX:EURUSD,1.07942,1.07972,1.07942,1.07972,515.0
2024-02-11 21:45:00,FX:EURUSD,1.07972,1.07978,1.07946,1.07948,446.0
2024-02-11 22:00:00,FX:EURUSD,1.07948,1.0796999999999999,1.07947,1.07963,592.0
2024-02-11 22:15:00,FX:EURUSD,1.07963,1.07965,1.07921,1.07932,746.0
2024-02-11 22:30:00,FX:EURUSD,1.07932,1.07937,1.07912,1.07929,571.0
2024-02-11 22:45:00,FX:EURUSD,1.07929,1.07929,1.0790899999999999,1.07918,492.0
2024-02-11 23:00:00,FX:EURUSD,1.07918,1.07934,1.07917,1.07928,384.0
2024-02-11 23:15:00,FX:EURUSD,1.07928,1.0794,1.07919,1.07928,480.0
2024-02-11 23:30:00,FX:EURUSD,1.07928,1.07929,1.07905,1.07908,340.0
2024-02-11 23:45:00,FX:EURUSD,1.07908,1.0791,1.07894,1.07904,466.0
2024-02-12 00:00:00,FX:EURUSD,1.07904,1.07915,1.07899,1.07914,533.0
2024-02-12 00:15:00,FX:EURUSD,1.07914,1.07944,1.07913,1.07937,343.0
2024-02-12 00:30:00,FX:EURUSD,1.07937,1.0794,1.07928,1.0793,451.0
2024-02-12 00:45:00,FX:EURUSD,1.0793,1.0793,1.07907,1.07916,470.0
2024-02-12 01:00:00,FX:EURUSD,1.07916,1.07925,1.07903,1.07923,525.0
2024-02-12 01:15:00,FX:EURUSD,1.07923,1.0793,1.07911,1.07925,595.0
2024-02-12 01:30:00,FX:EURUSD,1.07925,1.0793,1.0790899999999999,1.07923,629.0
2024-02-12 01:45:00,FX:EURUSD,1.07923,1.07924,1.07899,1.07914,518.0
2024-02-12 02:00:00,FX:EURUSD,1.07914,1.07964,1.07913,1.0793,1564.0
2024-02-12 02:15:00,FX:EURUSD,1.0793,1.0799,1.07894,1.07965,1994.0
2024-02-12 02:30:00,FX:EURUSD,1.07965,1.07968,1.07933,1.07946,1680.0
2024-02-12 02:45:00,FX:EURUSD,1.07946,1.08055,1.07946,1.0803099999999999,2023.0
2024-02-12 03:00:00,FX:EURUSD,1.0803099999999999,1.08032,1.07888,1.07895,3287.0
2024-02-12 03:15:00,FX:EURUSD,1.07895,1.07904,1.07776,1.07802,3290.0
2024-02-12 03:30:00,FX:EURUSD,1.07802,1.07817,1.07775,1.07808,2568.0
2024-02-12 03:45:00,FX:EURUSD,1.07808,1.07827,1.0774299999999999,1.07754,2118.0
2024-02-12 04:00:00,FX:EURUSD,1.07754,1.07781,1.07721,1.07758,1761.0
2024-02-12 04:15:00,FX:EURUSD,1.07758,1.07778,1.07713,1.07744,1628.0
2024-02-12 04:30:00,FX:EURUSD,1.07744,1.07753,1.07707,1.07719,1801.0
2024-02-12 04:45:00,FX:EURUSD,1.07719,1.07722,1.07667,1.07691,1852.0
2024-02-12 05:00:00,FX:EURUSD,1.07691,1.07735,1.07685,1.07724,1703.0
2024-02-12 05:15:00,FX:EURUSD,1.07724,1.07747,1.07672,1.07747,1840.0
2024-02-12 05:30:00,FX:EURUSD,1.07747,1.07773,1.07731,1.07749,1425.0
2024-02-12 05:45:00,FX:EURUSD,1.07749,1.0778699999999999,1.07744,1.07767,1650.0
2024-02-12 06:00:00,FX:EURUSD,1.07767,1.07777,1.07706,1.07719,1917.0
2024-02-12 06:15:00,FX:EURUSD,1.07719,1.0773,1.07684,1.07699,1587.0
2024-02-12 06:30:00,FX:EURUSD,1.07699,1.07704,1.07674,1.07674,1491.0
2024-02-12 06:45:00,FX:EURUSD,1.07674,1.07703,1.07629,1.07694,1305.0
2024-02-12 07:00:00,FX:EURUSD,1.07694,1.0772,1.07652,1.077,2015.0
2024-02-12 07:15:00,FX:EURUSD,1.077,1.07736,1.07699,1.07717,1543.0
2024-02-12 07:30:00,FX:EURUSD,1.07717,1.07718,1.0766,1.07664,1626.0
2024-02-12 07:45:00,FX:EURUSD,1.07664,1.07706,1.07651,1.07698,1893.0
2024-02-12 08:00:00,FX:EURUSD,1.07698,1.07736,1.07687,1.07725,2342.0
2024-02-12 08:15:00,FX:EURUSD,1.07725,1.07731,1.07669,1.0768,2495.0
2024-02-12 08:30:00,FX:EURUSD,1.0768,1.07693,1.07645,1.07656,2624.0
2024-02-12 08:45:00,FX:EURUSD,1.07656,1.07668,1.0761,1.07638,2796.0
2024-02-12 09:00:00,FX:EURUSD,1.07638,1.07702,1.07631,1.07673,2556.0
2024-02-12 09:15:00,FX:EURUSD,1.07673,1.07688,1.07653,1.07684,2574.0
2024-02-12 09:30:00,FX:EURUSD,1.07684,1.07721,1.07669,1.0772,3134.0
2024-02-12 09:45:00,FX:EURUSD,1.0772,1.07741,1.07702,1.07721,2364.0
2024-02-12 10:00:00,FX:EURUSD,1.07721,1.07725,1.07631,1.07635,2443.0
2024-02-12 10:15:00,FX:EURUSD,1.07635,1.07637,1.07558,1.07591,2964.0
2024-02-12 10:30:00,FX:EURUSD,1.07591,1.07632,1.07583,1.07626,1992.0
2024-02-12 10:45:00,FX:EURUSD,1.07626,1.0768199999999999,1.07616,1.07673,2206.0
2024-02-12 11:00:00,FX:EURUSD,1.07673,1.07728,1.07653,1.07727,2399.0
2024-02-12 11:15:00,FX:EURUSD,1.07727,1.07766,1.0770899999999999,1.0776,2194.0
2024-02-12 11:30:00,FX:EURUSD,1.0776,1.07773,1.07746,1.07752,2129.0
2024-02-12 11:45:00,FX:EURUSD,1.07752,1.07757,1.07714,1.07731,1980.0
2024-02-12 12:00:00,FX:EURUSD,1.07731,1.07795,1.07729,1.07775,2077.0
2024-02-12 12:15:00,FX:EURUSD,1.07775,1.07781,1.07737,1.07777,1784.0
2024-02-12 12:30:00,FX:EURUSD,1.07777,1.078,1.07753,1.07781,1821.0
2024-02-12 12:45:00,FX:EURUSD,1.07781,1.07824,1.07773,1.07823,1381.0
2024-02-12 13:00:00,FX:EURUSD,1.07823,1.07859,1.07823,1.07837,1486.0
2024-02-12 13:15:00,FX:EURUSD,1.07837,1.07861,1.07805,1.07822,1440.0
2024-02-12 13:30:00,FX:EURUSD,1.07822,1.07837,1.07808,1.07815,1972.0
2024-02-12 13:45:00,FX:EURUSD,1.07815,1.07843,1.0781,1.07811,1529.0
2024-02-12 14:00:00,FX:EURUSD,1.07811,1.07829,1.07808,1.07821,1159.0
2024-02-12 14:15:00,FX:EURUSD,1.07821,1.07825,1.07759,1.07773,1667.0
2024-02-12 14:30:00,FX:EURUSD,1.07773,1.07773,1.0772599999999999,1.07727,1473.0
2024-02-12 14:45:00,FX:EURUSD,1.07727,1.0773,1.07679,1.07693,1773.0
2024-02-12 15:00:00,FX:EURUSD,1.07693,1.07745,1.07693,1.0774299999999999,1991.0
2024-02-12 15:15:00,FX:EURUSD,1.0774299999999999,1.07744,1.07722,1.0774,1374.0
2024-02-12 15:30:00,FX:EURUSD,1.0774,1.07746,1.07716,1.07722,1291.0
2024-02-12 15:45:00,FX:EURUSD,1.07722,1.0775,1.07717,1.07741,1295.0
2024-02-12 16:00:00,FX:EURUSD,1.07741,1.07749,1.07735,1.07735,415.0
2024-02-12 16:15:00,FX:EURUSD,1.07735,1.07735,1.07717,1.07724,272.0
2024-02-12 16:30:00,FX:EURUSD,1.07724,1.07725,1.07702,1.07714,453.0
2024-02-12 16:45:00,FX:EURUSD,1.07714,1.07725,1.07706,1.0772,763.0
2024-02-12 17:00:00,FX:EURUSD,1.0772,1.07729,1.07698,1.07704,266.0
2024-02-12 17:15:00,FX:EURUSD,1.07704,1.07719,1.0769,1.07697,877.0
2024-02-12 17:30:00,FX:EURUSD,1.07697,1.07759,1.07694,1.07738,1081.0
2024-02-12 17:45:00,FX:EURUSD,1.07738,1.07739,1.07702,1.0772,447.0
2024-02-12 18:00:00,FX:EURUSD,1.0772,1.07728,1.07707,1.07717,376.0
2024-02-12 18:15:00,FX:EURUSD,1.07717,1.07724,1.0770899999999999,1.07717,235.0
2024-02-12 18:30:00,FX:EURUSD,1.07717,1.07722,1.07706,1.07718,388.0
2024-02-12 18:45:00,FX:EURUSD,1.07718,1.07723,1.07713,1.07717,334.0
2024-02-12 19:00:00,FX:EURUSD,1.07717,1.07729,1.07697,1.07704,629.0
2024-02-12 19:15:00,FX:EURUSD,1.07704,1.0770899999999999,1.07669,1.07672,658.0
2024-02-12 19:30:00,FX:EURUSD,1.07672,1.07687,1.07671,1.07676,569.0
2024-02-12 19:45:00,FX:EURUSD,1.07676,1.07731,1.07672,1.07727,893.0
2024-02-12 20:00:00,FX:EURUSD,1.07727,1.07746,1.07707,1.0770899999999999,882.0
2024-02-12 20:15:00,FX:EURUSD,1.0770899999999999,1.07711,1.07681,1.07687,590.0
2024-02-12 20:30:00,FX:EURUSD,1.07687,1.077,1.07686,1.07687,437.0
2024-02-12 20:45:00,FX:EURUSD,1.07687,1.07689,1.07655,1.07669,572.0
2024-02-12 21:00:00,FX:EURUSD,1.07669,1.07669,1.07638,1.07653,404.0
2024-02-12 21:15:00,FX:EURUSD,1.07653,1.07655,1.07622,1.07638,620.0
2024-02-12 21:30:00,FX:EURUSD,1.07638,1.0764799999999999,1.07631,1.07643,709.0
2024-02-12 21:45:00,FX:EURUSD,1.07643,1.0764799999999999,1.07633,1.07643,657.0
2024-02-12 22:00:00,FX:EURUSD,1.07643,1.07647,1.07612,1.07617,901.0
2024-02-12 22:15:00,FX:EURUSD,1.07617,1.07622,1.07608,1.0761,616.0
2024-02-12 22:30:00,FX:EURUSD,1.0761,1.07625,1.07605,1.0762,751.0
2024-02-12 22:45:00,FX:EURUSD,1.0762,1.07627,1.07616,1.07617,501.0
2024-02-12 23:00:00,FX:EURUSD,1.07617,1.07625,1.07612,1.07622,366.0
2024-02-12 23:15:00,FX:EURUSD,1.07622,1.07636,1.07622,1.07632,558.0
2024-02-12 23:30:00,FX:EURUSD,1.07632,1.07637,1.07623,1.07629,394.0
2024-02-12 23:45:00,FX:EURUSD,1.07629,1.07642,1.0762099999999999,1.07636,387.0
2024-02-13 00:00:00,FX:EURUSD,1.07636,1.07672,1.07633,1.07668,460.0
2024-02-13 00:15:00,FX:EURUSD,1.07668,1.07677,1.0766,1.07673,432.0
2024-02-13 00:30:00,FX:EURUSD,1.07673,1.07678,1.07661,1.07662,391.0
2024-02-13 00:45:00,FX:EURUSD,1.07662,1.07674,1.07662,1.07668,670.0
2024-02-13 01:00:00,FX:EURUSD,1.07668,1.07678,1.07661,1.07673,653.0
2024-02-13 01:15:00,FX:EURUSD,1.07673,1.0769,1.07672,1.0768199999999999,707.0
2024-02-13 01:30:00,FX:EURUSD,1.0768199999999999,1.07712,1.07681,1.07707,661.0
2024-02-13 01:45:00,FX:EURUSD,1.07707,1.07724,1.077,1.07704,855.0
2024-02-13 02:00:00,FX:EURUSD,1.07704,1.07755,1.07693,1.07752,2381.0
2024-02-13 02:15:00,FX:EURUSD,1.07752,1.07777,1.07698,1.07717,2017.0
2024-02-13 02:30:00,FX:EURUSD,1.07717,1.07756,1.07658,1.07661,3245.0
2024-02-13 02:45:00,FX:EURUSD,1.07661,1.0772599999999999,1.0766,1.07712,1871.0
2024-02-13 03:00:00,FX:EURUSD,1.07712,1.07746,1.07672,1.07695,3024.0
2024-02-13 03:15:00,FX:EURUSD,1.07695,1.07711,1.07644,1.07649,2433.0
2024-02-13 03:30:00,FX:EURUSD,1.07649,1.07668,1.07631,1.07636,1838.0
2024-02-13 03:45:00,FX:EURUSD,1.07636,1.07684,1.07622,1.07675,1889.0
2024-02-13 04:00:00,FX:EURUSD,1.07675,1.07694,1.07567,1.07611,2320.0
2024-02-13 04:15:00,FX:EURUSD,1.07611,1.07642,1.07603,1.07618,2232.0
2024-02-13 04:30:00,FX:EURUSD,1.07618,1.07633,1.07585,1.07609,1730.0
2024-02-13 04:45:00,FX:EURUSD,1.07609,1.07668,1.07608,1.07666,1665.0
2024-02-13 05:00:00,FX:EURUSD,1.07666,1.0774,1.07662,1.07721,2424.0
2024-02-13 05:15:00,FX:EURUSD,1.07721,1.07755,1.07715,1.07755,1721.0
2024-02-13 05:30:00,FX:EURUSD,1.07755,1.07762,1.07714,1.0773,1721.0
2024-02-13 05:45:00,FX:EURUSD,1.0773,1.0774299999999999,1.077,1.07722,1596.0
2024-02-13 06:00:00,FX:EURUSD,1.07722,1.07798,1.0772,1.07765,1530.0
2024-02-13 06:15:00,FX:EURUSD,1.07765,1.07818,1.07757,1.0781,1689.0
2024-02-13 06:30:00,FX:EURUSD,1.0781,1.0781,1.07729,1.07741,1499.0
2024-02-13 06:45:00,FX:EURUSD,1.07741,1.07785,1.07725,1.07778,1403.0
2024-02-13 07:00:00,FX:EURUSD,1.07778,1.07816,1.07761,1.07815,1844.0
2024-02-13 07:15:00,FX:EURUSD,1.07815,1.07828,1.07764,1.07813,2255.0
2024-02-13 07:30:00,FX:EURUSD,1.07813,1.07861,1.0781,1.07829,1519.0
2024-02-13 07:45:00,FX:EURUSD,1.07829,1.0786499999999999,1.07825,1.07855,1908.0
2024-02-13 08:00:00,FX:EURUSD,1.07855,1.07939,1.07843,1.07938,2891.0
2024-02-13 08:15:00,FX:EURUSD,1.07938,1.07946,1.07895,1.07895,2864.0
2024-02-13 08:30:00,FX:EURUSD,1.07895,1.07941,1.07116,1.07174,18447.0
2024-02-13 08:45:00,FX:EURUSD,1.07174,1.07201,1.0703,1.07085,11522.0
2024-02-13 09:00:00,FX:EURUSD,1.07085,1.07085,1.0700399999999999,1.07081,9305.0
2024-02-13 09:15:00,FX:EURUSD,1.07081,1.07197,1.07071,1.07195,7223.0
2024-02-13 09:30:00,FX:EURUSD,1.07195,1.07237,1.07119,1.07223,7846.0
2024-02-13 09:45:00,FX:EURUSD,1.07223,1.07224,1.07132,1.0718,5341.0
2024-02-13 10:00:00,FX:EURUSD,1.0718,1.07196,1.07058,1.07119,5311.0
2024-02-13 10:15:00,FX:EURUSD,1.07119,1.07247,1.0709,1.07225,5471.0
2024-02-13 10:30:00,FX:EURUSD,1.07225,1.07268,1.07169,1.07172,4690.0
2024-02-13 10:45:00,FX:EURUSD,1.07172,1.07189,1.0712599999999999,1.07167,5116.0
2024-02-13 11:00:00,FX:EURUSD,1.07167,1.0722,1.07167,1.07186,3601.0
2024-02-13 11:15:00,FX:EURUSD,1.07186,1.07202,1.07127,1.07151,3103.0
2024-02-13 11:30:00,FX:EURUSD,1.07151,1.07215,1.0714,1.0715999999999999,2899.0
2024-02-13 11:45:00,FX:EURUSD,1.0715999999999999,1.07194,1.07136,1.07192,2484.0
2024-02-13 12:00:00,FX:EURUSD,1.07192,1.07202,1.0714,1.07155,2779.0
2024-02-13 12:15:00,FX:EURUSD,1.07155,1.07163,1.07122,1.07134,2335.0
2024-02-13 12:30:00,FX:EURUSD,1.07134,1.07192,1.07134,1.07178,1872.0
2024-02-13 12:45:00,FX:EURUSD,1.07178,1.07186,1.07136,1.07153,2130.0
2024-02-13 13:00:00,FX:EURUSD,1.07153,1.07202,1.07152,1.0717,2203.0
2024-02-13 13:15:00,FX:EURUSD,1.0717,1.07174,1.0712599999999999,1.07138,1639.0
2024-02-13 13:30:00,FX:EURUSD,1.07138,1.07138,1.07101,1.07116,1941.0
2024-02-13 13:45:00,FX:EURUSD,1.07116,1.07123,1.07075,1.07083,1580.0
2024-02-13 14:00:00,FX:EURUSD,1.07083,1.07083,1.07026,1.07032,2131.0
2024-02-13 14:15:00,FX:EURUSD,1.07032,1.07061,1.07024,1.07043,2525.0
2024-02-13 14:30:00,FX:EURUSD,1.07043,1.07066,1.07041,1.07066,1785.0
2024-02-13 14:45:00,FX:EURUSD,1.07066,1.07068,1.0700399999999999,1.07012,1659.0
2024-02-13 15:00:00,FX:EURUSD,1.07012,1.07053,1.07005,1.07034,1741.0
2024-02-13 15:15:00,FX:EURUSD,1.07034,1.07079,1.07034,1.07061,1857.0
2024-02-13 15:30:00,FX:EURUSD,1.07061,1.07098,1.07061,1.07094,1543.0
2024-02-13 15:45:00,FX:EURUSD,1.07094,1.07101,1.07069,1.07072,1607.0
2024-02-13 16:00:00,FX:EURUSD,1.07072,1.07084,1.07069,1.07083,819.0
2024-02-13 16:15:00,FX:EURUSD,1.07083,1.07103,1.07074,1.07092,532.0
2024-02-13 16:30:00,FX:EURUSD,1.07092,1.07101,1.07089,1.07095,490.0
2024-02-13 16:45:00,FX:EURUSD,1.07095,1.07096,1.0708,1.07085,781.0
2024-02-13 17:00:00,FX:EURUSD,1.07085,1.07089,1.07075,1.07087,166.0
2024-02-13 17:15:00,FX:EURUSD,1.07087,1.0713,1.07079,1.071,430.0
2024-02-13 17:30:00,FX:EURUSD,1.071,1.07121,1.07098,1.0711,257.0
2024-02-13 17:45:00,FX:EURUSD,1.0711,1.07115,1.07084,1.07106,191.0
2024-02-13 18:00:00,FX:EURUSD,1.07106,1.07108,1.07077,1.07107,685.0
2024-02-13 18:15:00,FX:EURUSD,1.07107,1.07108,1.07087,1.07088,195.0
2024-02-13 18:30:00,FX:EURUSD,1.07088,1.07104,1.07087,1.07098,265.0
2024-02-13 18:45:00,FX:EURUSD,1.07098,1.07103,1.07079,1.07084,213.0
2024-02-13 19:00:00,FX:EURUSD,1.07084,1.07084,1.0706,1.07068,620.0
2024-02-13 19:15:00,FX:EURUSD,1.07068,1.07119,1.07068,1.07113,1165.0
2024-02-13 19:30:00,FX:EURUSD,1.07113,1.07129,1.07102,1.07114,678.0
2024-02-13 19:45:00,FX:EURUSD,1.07114,1.07145,1.07077,1.07078,1300.0
2024-02-13 20:00:00,FX:EURUSD,1.07078,1.07096,1.07034,1.07062,1958.0
2024-02-13 20:15:00,FX:EURUSD,1.07062,1.07073,1.07043,1.07071,1335.0
2024-02-13 20:30:00,FX:EURUSD,1.07071,1.07107,1.07061,1.07098,1184.0
2024-02-13 20:45:00,FX:EURUSD,1.07098,1.07121,1.07081,1.07116,1402.0
2024-02-13 21:00:00,FX:EURUSD,1.07116,1.07134,1.0711,1.07122,1130.0
2024-02-13 21:15:00,FX:EURUSD,1.07122,1.0714,1.07122,1.07123,1351.0
2024-02-13 21:30:00,FX:EURUSD,1.07123,1.07123,1.07087,1.07098,944.0
2024-02-13 21:45:00,FX:EURUSD,1.07098,1.07103,1.07091,1.07096,788.0
2024-02-13 22:00:00,FX:EURUSD,1.07096,1.07103,1.07083,1.07096,852.0
2024-02-13 22:15:00,FX:EURUSD,1.07096,1.07107,1.07086,1.071,762.0
2024-02-13 22:30:00,FX:EURUSD,1.071,1.07125,1.07095,1.07117,1034.0
2024-02-13 22:45:00,FX:EURUSD,1.07117,1.07138,1.07115,1.0712599999999999,698.0
2024-02-13 23:00:00,FX:EURUSD,1.0712599999999999,1.07135,1.07104,1.07105,728.0
2024-02-13 23:15:00,FX:EURUSD,1.07105,1.07115,1.07092,1.07112,826.0
2024-02-13 23:30:00,FX:EURUSD,1.07112,1.07124,1.07105,1.07115,880.0
2024-02-13 23:45:00,FX:EURUSD,1.07115,1.07146,1.07115,1.07144,665.0
2024-02-14 00:00:00,FX:EURUSD,1.07144,1.07147,1.07117,1.07117,958.0
2024-02-14 00:15:00,FX:EURUSD,1.07117,1.07137,1.07115,1.07133,680.0
2024-02-14 00:30:00,FX:EURUSD,1.07133,1.07151,1.07128,1.0714299999999999,633.0
2024-02-14 00:45:00,FX:EURUSD,1.0714299999999999,1.0714299999999999,1.07127,1.0714,710.0
2024-02-14 01:00:00,FX:EURUSD,1.0714,1.07161,1.07139,1.07158,954.0
2024-02-14 01:15:00,FX:EURUSD,1.07158,1.07167,1.07151,1.07155,861.0
2024-02-14 01:30:00,FX:EURUSD,1.07155,1.0718699999999999,1.07148,1.07184,852.0
2024-02-14 01:45:00,FX:EURUSD,1.07184,1.07186,1.07141,1.07164,1059.0
2024-02-14 02:00:00,FX:EURUSD,1.07164,1.07174,1.07057,1.07127,4195.0
2024-02-14 02:15:00,FX:EURUSD,1.07127,1.07137,1.07073,1.07074,2142.0
2024-02-14 02:30:00,FX:EURUSD,1.07074,1.07097,1.0705,1.07097,2004.0
2024-02-14 02:45:00,FX:EURUSD,1.07097,1.07161,1.07071,1.07076,2175.0
2024-02-14 03:00:00,FX:EURUSD,1.07076,1.0708199999999999,1.06991,1.07012,3746.0
2024-02-14 03:15:00,FX:EURUSD,1.07012,1.07033,1.06973,1.06993,2651.0
2024-02-14 03:30:00,FX:EURUSD,1.06993,1.0706,1.06949,1.07053,2730.0
2024-02-14 03:45:00,FX:EURUSD,1.07053,1.07066,1.07006,1.07022,2881.0
2024-02-14 04:00:00,FX:EURUSD,1.07022,1.07052,1.06996,1.07002,2277.0
2024-02-14 04:15:00,FX:EURUSD,1.07002,1.07053,1.06962,1.07029,2267.0
2024-02-14 04:30:00,FX:EURUSD,1.07029,1.07058,1.06982,1.06985,1919.0
2024-02-14 04:45:00,FX:EURUSD,1.06985,1.07017,1.06978,1.07,1927.0
2024-02-14 05:00:00,FX:EURUSD,1.07,1.07018,1.06978,1.06993,1752.0
2024-02-14 05:15:00,FX:EURUSD,1.06993,1.0701,1.06963,1.06989,1575.0
2024-02-14 05:30:00,FX:EURUSD,1.06989,1.07014,1.06965,1.07008,1552.0
2024-02-14 05:45:00,FX:EURUSD,1.07008,1.07043,1.06986,1.07036,1664.0
2024-02-14 06:00:00,FX:EURUSD,1.07036,1.07043,1.06996,1.07008,1561.0
2024-02-14 06:15:00,FX:EURUSD,1.07008,1.07023,1.06971,1.06993,1491.0
2024-02-14 06:30:00,FX:EURUSD,1.06993,1.07063,1.06976,1.07045,1912.0
2024-02-14 06:45:00,FX:EURUSD,1.07045,1.07104,1.07025,1.07078,1873.0
2024-02-14 07:00:00,FX:EURUSD,1.07078,1.07103,1.07061,1.071,1791.0
2024-02-14 07:15:00,FX:EURUSD,1.071,1.071,1.0703,1.07034,1591.0
2024-02-14 07:30:00,FX:EURUSD,1.07034,1.07053,1.0701,1.07031,1841.0
2024-02-14 07:45:00,FX:EURUSD,1.07031,1.07069,1.07013,1.07058,2130.0
2024-02-14 08:00:00,FX:EURUSD,1.07058,1.07147,1.07058,1.0713,2927.0
2024-02-14 08:15:00,FX:EURUSD,1.0713,1.07146,1.07087,1.07112,3477.0
2024-02-14 08:30:00,FX:EURUSD,1.07112,1.07167,1.071,1.07144,4069.0
2024-02-14 08:45:00,FX:EURUSD,1.07144,1.0715,1.07066,1.07086,3346.0
2024-02-14 09:00:00,FX:EURUSD,1.07086,1.07129,1.0706499999999999,1.07103,3551.0
2024-02-14 09:15:00,FX:EURUSD,1.07103,1.07148,1.07067,1.07128,3375.0
2024-02-14 09:30:00,FX:EURUSD,1.07128,1.07211,1.0712599999999999,1.07195,5686.0
2024-02-14 09:45:00,FX:EURUSD,1.07195,1.0723,1.07131,1.0715999999999999,3789.0
2024-02-14 10:00:00,FX:EURUSD,1.0715999999999999,1.07226,1.07131,1.0715,4018.0
2024-02-14 10:15:00,FX:EURUSD,1.0715,1.07247,1.07138,1.07219,3400.0
2024-02-14 10:30:00,FX:EURUSD,1.07219,1.07254,1.0717,1.07208,2807.0
2024-02-14 10:45:00,FX:EURUSD,1.07208,1.07237,1.07177,1.07211,3795.0
2024-02-14 11:00:00,FX:EURUSD,1.07211,1.0728199999999999,1.07191,1.07247,3398.0
2024-02-14 11:15:00,FX:EURUSD,1.07247,1.07289,1.07244,1.07277,2969.0
2024-02-14 11:30:00,FX:EURUSD,1.07277,1.07307,1.0726499999999999,1.07267,2671.0
2024-02-14 11:45:00,FX:EURUSD,1.07267,1.07344,1.07262,1.07338,2318.0
2024-02-14 12:00:00,FX:EURUSD,1.07338,1.07338,1.07281,1.07301,2541.0
2024-02-14 12:15:00,FX:EURUSD,1.07301,1.07313,1.07281,1.07313,2255.0
2024-02-14 12:30:00,FX:EURUSD,1.07313,1.07316,1.07276,1.07306,2000.0
2024-02-14 12:45:00,FX:EURUSD,1.07306,1.07329,1.073,1.07307,1693.0
2024-02-14 13:00:00,FX:EURUSD,1.07307,1.07337,1.0727,1.07277,1870.0
2024-02-14 13:15:00,FX:EURUSD,1.07277,1.07291,1.07259,1.07271,1784.0
2024-02-14 13:30:00,FX:EURUSD,1.07271,1.07318,1.07269,1.0729899999999999,1963.0
2024-02-14 13:45:00,FX:EURUSD,1.0729899999999999,1.07311,1.07266,1.07269,1690.0
2024-02-14 14:00:00,FX:EURUSD,1.07269,1.07288,1.07259,1.0728,1610.0
2024-02-14 14:15:00,FX:EURUSD,1.0728,1.07294,1.0726499999999999,1.07279,1419.0
2024-02-14 14:30:00,FX:EURUSD,1.07279,1.07293,1.07262,1.0726499999999999,1615.0
2024-02-14 14:45:00,FX:EURUSD,1.0726499999999999,1.07288,1.07255,1.07281,1491.0
2024-02-14 15:00:00,FX:EURUSD,1.07281,1.07288,1.0726499999999999,1.07267,1814.0
2024-02-14 15:15:00,FX:EURUSD,1.07267,1.07277,1.07259,1.07271,1695.0
2024-02-14 15:30:00,FX:EURUSD,1.07271,1.07286,1.07264,1.0728,1761.0
2024-02-14 15:45:00,FX:EURUSD,1.0728,1.07288,1.07266,1.07276,1465.0
2024-02-14 16:00:00,FX:EURUSD,1.07276,1.07276,1.07253,1.07266,844.0
2024-02-14 16:15:00,FX:EURUSD,1.07266,1.07271,1.07262,1.0726499999999999,592.0
2024-02-14 16:30:00,FX:EURUSD,1.0726499999999999,1.07277,1.0726499999999999,1.07272,389.0
2024-02-14 16:45:00,FX:EURUSD,1.07272,1.07283,1.07251,1.07274,641.0
2024-02-14 17:00:00,FX:EURUSD,1.07274,1.07289,1.07235,1.07277,201.0
2024-02-14 17:15:00,FX:EURUSD,1.07277,1.07279,1.07256,1.07276,307.0
2024-02-14 17:30:00,FX:EURUSD,1.07276,1.0728199999999999,1.07268,1.07279,1202.0
2024-02-14 17:45:00,FX:EURUSD,1.07279,1.07283,1.07257,1.07275,418.0
2024-02-14 18:00:00,FX:EURUSD,1.07275,1.07307,1.07266,1.07302,323.0
2024-02-14 18:15:00,FX:EURUSD,1.07302,1.07308,1.07297,1.07303,307.0
2024-02-14 18:30:00,FX:EURUSD,1.07303,1.07314,1.07302,1.07313,169.0
2024-02-14 18:45:00,FX:EURUSD,1.07313,1.07322,1.07307,1.07319,337.0
2024-02-14 19:00:00,FX:EURUSD,1.07319,1.07334,1.07319,1.07323,532.0
2024-02-14 19:15:00,FX:EURUSD,1.07323,1.0733,1.07309,1.07312,458.0
2024-02-14 19:30:00,FX:EURUSD,1.07312,1.07336,1.07292,1.07328,1173.0
2024-02-14 19:45:00,FX:EURUSD,1.07328,1.07355,1.07323,1.07339,1180.0
2024-02-14 20:00:00,FX:EURUSD,1.07339,1.07352,1.07288,1.07293,981.0
2024-02-14 20:15:00,FX:EURUSD,1.07293,1.07301,1.07271,1.07272,833.0
2024-02-14 20:30:00,FX:EURUSD,1.07272,1.07293,1.07263,1.07283,1064.0
2024-02-14 20:45:00,FX:EURUSD,1.07283,1.07298,1.07277,1.07283,933.0
2024-02-14 21:00:00,FX:EURUSD,1.07283,1.07286,1.07258,1.07263,906.0
2024-02-14 21:15:00,FX:EURUSD,1.07263,1.07283,1.07262,1.07281,728.0
2024-02-14 21:30:00,FX:EURUSD,1.07281,1.07316,1.07278,1.07303,664.0
2024-02-14 21:45:00,FX:EURUSD,1.07303,1.07312,1.07286,1.07292,575.0
2024-02-14 22:00:00,FX:EURUSD,1.07292,1.07302,1.07285,1.07298,503.0
2024-02-14 22:15:00,FX:EURUSD,1.07298,1.07305,1.07287,1.07287,754.0
2024-02-14 22:30:00,FX:EURUSD,1.07287,1.07292,1.0726,1.0726,817.0
2024-02-14 22:45:00,FX:EURUSD,1.0726,1.07261,1.07248,1.07256,665.0
2024-02-14 23:00:00,FX:EURUSD,1.07256,1.07267,1.07251,1.0726499999999999,729.0
2024-02-14 23:15:00,FX:EURUSD,1.0726499999999999,1.07267,1.07247,1.07252,678.0
2024-02-14 23:30:00,FX:EURUSD,1.07252,1.07259,1.07246,1.07248,577.0
2024-02-14 23:45:00,FX:EURUSD,1.07248,1.07263,1.07248,1.07259,654.0
2024-02-15 00:00:00,FX:EURUSD,1.07259,1.0728199999999999,1.07259,1.07281,821.0
2024-02-15 00:15:00,FX:EURUSD,1.07281,1.07309,1.07273,1.07308,671.0
2024-02-15 00:30:00,FX:EURUSD,1.07308,1.07322,1.07308,1.07314,669.0
2024-02-15 00:45:00,FX:EURUSD,1.07314,1.07314,1.07278,1.0729,569.0
2024-02-15 01:00:00,FX:EURUSD,1.0729,1.07295,1.07277,1.0728199999999999,891.0
2024-02-15 01:15:00,FX:EURUSD,1.0728199999999999,1.0729899999999999,1.0727,1.0729,893.0
2024-02-15 01:30:00,FX:EURUSD,1.0729,1.07338,1.07288,1.07327,895.0
2024-02-15 01:45:00,FX:EURUSD,1.07327,1.07334,1.07286,1.07309,1208.0
2024-02-15 02:00:00,FX:EURUSD,1.07309,1.07341,1.07274,1.07334,2720.0
2024-02-15 02:15:00,FX:EURUSD,1.07334,1.07389,1.07319,1.07389,1907.0
2024-02-15 02:30:00,FX:EURUSD,1.07389,1.07415,1.07346,1.07361,2673.0
2024-02-15 02:45:00,FX:EURUSD,1.07361,1.07361,1.07312,1.07328,1566.0
2024-02-15 03:00:00,FX:EURUSD,1.07328,1.07375,1.0729899999999999,1.07342,2853.0
2024-02-15 03:15:00,FX:EURUSD,1.07342,1.07362,1.07306,1.07325,2511.0
2024-02-15 03:30:00,FX:EURUSD,1.07325,1.07348,1.07307,1.07336,2355.0
2024-02-15 03:45:00,FX:EURUSD,1.07336,1.07358,1.07296,1.07308,1969.0
2024-02-15 04:00:00,FX:EURUSD,1.07308,1.07338,1.07278,1.07298,2238.0
2024-02-15 04:15:00,FX:EURUSD,1.07298,1.07338,1.07288,1.07338,1848.0
2024-02-15 04:30:00,FX:EURUSD,1.07338,1.07368,1.07318,1.07319,1790.0
2024-02-15 04:45:00,FX:EURUSD,1.07319,1.07358,1.07312,1.07331,1921.0
2024-02-15 05:00:00,FX:EURUSD,1.07331,1.07351,1.0732,1.07333,1574.0
2024-02-15 05:15:00,FX:EURUSD,1.07333,1.07346,1.07307,1.07345,1765.0
2024-02-15 05:30:00,FX:EURUSD,1.07345,1.07368,1.0732599999999999,1.07334,1870.0
2024-02-15 05:45:00,FX:EURUSD,1.07334,1.07349,1.07323,1.07346,1576.0
2024-02-15 06:00:00,FX:EURUSD,1.07346,1.074,1.07346,1.07378,1718.0
2024-02-15 06:15:00,FX:EURUSD,1.07378,1.07385,1.07358,1.07368,1459.0
2024-02-15 06:30:00,FX:EURUSD,1.07368,1.0737,1.07337,1.07368,1272.0
2024-02-15 06:45:00,FX:EURUSD,1.07368,1.07378,1.07347,1.07354,1170.0
2024-02-15 07:00:00,FX:EURUSD,1.07354,1.07391,1.07353,1.0738,1442.0
2024-02-15 07:15:00,FX:EURUSD,1.0738,1.07445,1.07379,1.07439,1404.0
2024-02-15 07:30:00,FX:EURUSD,1.07439,1.07477,1.07429,1.07455,1533.0
2024-02-15 07:45:00,FX:EURUSD,1.07455,1.07486,1.07425,1.07449,1853.0
2024-02-15 08:00:00,FX:EURUSD,1.07449,1.0746499999999999,1.07426,1.07453,2361.0
2024-02-15 08:15:00,FX:EURUSD,1.07453,1.07507,1.07438,1.07461,3280.0
2024-02-15 08:30:00,FX:EURUSD,1.07461,1.07725,1.07461,1.07706,13444.0
2024-02-15 08:45:00,FX:EURUSD,1.07706,1.07711,1.07609,1.07664,8036.0
2024-02-15 09:00:00,FX:EURUSD,1.07664,1.07675,1.0759,1.07635,6021.0
2024-02-15 09:15:00,FX:EURUSD,1.07635,1.07703,1.07635,1.07692,5358.0
2024-02-15 09:30:00,FX:EURUSD,1.07692,1.07828,1.07689,1.07769,5850.0
2024-02-15 09:45:00,FX:EURUSD,1.07769,1.0778,1.07695,1.0776,4671.0
2024-02-15 10:00:00,FX:EURUSD,1.0776,1.07843,1.07756,1.0782,4263.0
2024-02-15 10:15:00,FX:EURUSD,1.0782,1.0784799999999999,1.07762,1.07764,3246.0
2024-02-15 10:30:00,FX:EURUSD,1.07764,1.07788,1.07644,1.07655,4091.0
2024-02-15 10:45:00,FX:EURUSD,1.07655,1.0768199999999999,1.07585,1.07611,2851.0
2024-02-15 11:00:00,FX:EURUSD,1.07611,1.07631,1.07569,1.07578,3524.0
2024-02-15 11:15:00,FX:EURUSD,1.07578,1.07591,1.07553,1.07557,3310.0
2024-02-15 11:30:00,FX:EURUSD,1.07557,1.07602,1.07551,1.07591,2878.0
2024-02-15 11:45:00,FX:EURUSD,1.07591,1.07598,1.07552,1.07595,2514.0
2024-02-15 12:00:00,FX:EURUSD,1.07595,1.07629,1.07565,1.0760399999999999,2744.0
2024-02-15 12:15:00,FX:EURUSD,1.0760399999999999,1.07614,1.07585,1.0759,1787.0
2024-02-15 12:30:00,FX:EURUSD,1.0759,1.07619,1.0759,1.07611,1276.0
2024-02-15 12:45:00,FX:EURUSD,1.07611,1.07624,1.07586,1.07624,1784.0
2024-02-15 13:00:00,FX:EURUSD,1.07624,1.07644,1.07605,1.07624,2138.0
2024-02-15 13:15:00,FX:EURUSD,1.07624,1.07649,1.0761,1.07644,1903.0
2024-02-15 13:30:00,FX:EURUSD,1.07644,1.07654,1.07623,1.07646,1574.0
2024-02-15 13:45:00,FX:EURUSD,1.07646,1.07674,1.07633,1.07669,1039.0
2024-02-15 14:00:00,FX:EURUSD,1.07669,1.07724,1.0766499999999999,1.07697,2004.0
2024-02-15 14:15:00,FX:EURUSD,1.07697,1.0772,1.0768199999999999,1.07692,1846.0
2024-02-15 14:30:00,FX:EURUSD,1.07692,1.07711,1.0768,1.07688,1194.0
2024-02-15 14:45:00,FX:EURUSD,1.07688,1.07697,1.07671,1.07689,1374.0
2024-02-15 15:00:00,FX:EURUSD,1.07689,1.07701,1.0768199999999999,1.07688,1543.0
2024-02-15 15:15:00,FX:EURUSD,1.07688,1.07701,1.07679,1.07697,1059.0
2024-02-15 15:30:00,FX:EURUSD,1.07697,1.07711,1.07692,1.07702,1384.0
2024-02-15 15:45:00,FX:EURUSD,1.07702,1.07718,1.07691,1.07715,1440.0
2024-02-15 16:00:00,FX:EURUSD,1.07715,1.07715,1.07702,1.07711,613.0
2024-02-15 16:15:00,FX:EURUSD,1.07711,1.07714,1.07705,1.0770899999999999,336.0
2024-02-15 16:30:00,FX:EURUSD,1.0770899999999999,1.07715,1.07701,1.07713,402.0
2024-02-15 16:45:00,FX:EURUSD,1.07713,1.07738,1.07711,1.07724,678.0
2024-02-15 17:00:00,FX:EURUSD,1.07724,1.07724,1.07656,1.07705,136.0
2024-02-15 17:15:00,FX:EURUSD,1.07705,1.07713,1.0769,1.07698,192.0
2024-02-15 17:30:00,FX:EURUSD,1.07698,1.07721,1.07698,1.07707,405.0
2024-02-15 17:45:00,FX:EURUSD,1.07707,1.07727,1.07703,1.07727,510.0
2024-02-15 18:00:00,FX:EURUSD,1.07727,1.07752,1.0770899999999999,1.07749,274.0
2024-02-15 18:15:00,FX:EURUSD,1.07749,1.07768,1.07746,1.07759,299.0
2024-02-15 18:30:00,FX:EURUSD,1.07759,1.07761,1.07744,1.07744,302.0
2024-02-15 18:45:00,FX:EURUSD,1.07744,1.07754,1.0772,1.0772599999999999,354.0
2024-02-15 19:00:00,FX:EURUSD,1.0772599999999999,1.07736,1.07706,1.07707,593.0
2024-02-15 19:15:00,FX:EURUSD,1.07707,1.07714,1.07641,1.07649,960.0
2024-02-15 19:30:00,FX:EURUSD,1.07649,1.0765,1.07627,1.07636,751.0
2024-02-15 19:45:00,FX:EURUSD,1.07636,1.07659,1.07611,1.07647,1646.0
2024-02-15 20:00:00,FX:EURUSD,1.07647,1.07655,1.0761,1.07638,1335.0
2024-02-15 20:15:00,FX:EURUSD,1.07638,1.0766,1.07636,1.07658,1410.0
2024-02-15 20:30:00,FX:EURUSD,1.07658,1.0766,1.07639,1.07654,1202.0
2024-02-15 20:45:00,FX:EURUSD,1.07654,1.07657,1.07636,1.0764799999999999,929.0
2024-02-15 21:00:00,FX:EURUSD,1.0764799999999999,1.07649,1.07617,1.0763,1021.0
2024-02-15 21:15:00,FX:EURUSD,1.0763,1.07641,1.07627,1.07635,909.0
2024-02-15 21:30:00,FX:EURUSD,1.07635,1.07641,1.07629,1.07634,914.0
2024-02-15 21:45:00,FX:EURUSD,1.07634,1.07634,1.07598,1.07605,799.0
2024-02-15 22:00:00,FX:EURUSD,1.07605,1.07631,1.076,1.07614,870.0
2024-02-15 22:15:00,FX:EURUSD,1.07614,1.0762,1.07605,1.07614,900.0
2024-02-15 22:30:00,FX:EURUSD,1.07614,1.07625,1.07595,1.0760399999999999,791.0
2024-02-15 22:45:00,FX:EURUSD,1.0760399999999999,1.07605,1.0759,1.07599,1198.0
2024-02-15 23:00:00,FX:EURUSD,1.07599,1.076,1.0758,1.07581,687.0
2024-02-15 23:15:00,FX:EURUSD,1.07581,1.07588,1.07573,1.07586,584.0
2024-02-15 23:30:00,FX:EURUSD,1.07586,1.07601,1.07582,1.07596,751.0
2024-02-15 23:45:00,FX:EURUSD,1.07596,1.07612,1.07589,1.07591,749.0
2024-02-16 00:00:00,FX:EURUSD,1.07591,1.07619,1.07582,1.07607,851.0
2024-02-16 00:15:00,FX:EURUSD,1.07607,1.07612,1.07592,1.07598,810.0
2024-02-16 00:30:00,FX:EURUSD,1.07598,1.07609,1.07591,1.07605,802.0
2024-02-16 00:45:00,FX:EURUSD,1.07605,1.07609,1.07595,1.07601,1012.0
2024-02-16 01:00:00,FX:EURUSD,1.07601,1.07608,1.0759,1.07601,734.0
2024-02-16 01:15:00,FX:EURUSD,1.07601,1.07609,1.07586,1.07594,861.0
2024-02-16 01:30:00,FX:EURUSD,1.07594,1.0762099999999999,1.0758699999999999,1.07619,882.0
2024-02-16 01:45:00,FX:EURUSD,1.07619,1.07627,1.07609,1.07625,1140.0
2024-02-16 02:00:00,FX:EURUSD,1.07625,1.07647,1.07615,1.07638,2199.0
2024-02-16 02:15:00,FX:EURUSD,1.07638,1.07673,1.07615,1.07652,2087.0
2024-02-16 02:30:00,FX:EURUSD,1.07652,1.07679,1.07616,1.07626,2319.0
2024-02-16 02:45:00,FX:EURUSD,1.07626,1.07636,1.07601,1.07606,2311.0
2024-02-16 03:00:00,FX:EURUSD,1.07606,1.07642,1.076,1.07607,2461.0
2024-02-16 03:15:00,FX:EURUSD,1.07607,1.07656,1.07595,1.07629,2200.0
2024-02-16 03:30:00,FX:EURUSD,1.07629,1.07684,1.07625,1.07671,2193.0
2024-02-16 03:45:00,FX:EURUSD,1.07671,1.07714,1.07671,1.07698,2006.0
2024-02-16 04:00:00,FX:EURUSD,1.07698,1.07717,1.0766499999999999,1.0766499999999999,2062.0
2024-02-16 04:15:00,FX:EURUSD,1.0766499999999999,1.07702,1.07653,1.07692,1929.0
2024-02-16 04:30:00,FX:EURUSD,1.07692,1.07716,1.07654,1.07662,1933.0
2024-02-16 04:45:00,FX:EURUSD,1.07662,1.0767,1.0764,1.0766,1620.0
2024-02-16 05:00:00,FX:EURUSD,1.0766,1.07663,1.07634,1.07653,1502.0
2024-02-16 05:15:00,FX:EURUSD,1.07653,1.07655,1.07625,1.07633,1052.0
2024-02-16 05:30:00,FX:EURUSD,1.07633,1.07699,1.07632,1.07691,1517.0
2024-02-16 05:45:00,FX:EURUSD,1.07691,1.07708,1.07674,1.0768,1323.0
2024-02-16 06:00:00,FX:EURUSD,1.0768,1.07739,1.07668,1.07734,1412.0
2024-02-16 06:15:00,FX:EURUSD,1.07734,1.07763,1.07728,1.07732,1416.0
2024-02-16 06:30:00,FX:EURUSD,1.07732,1.07795,1.07728,1.07783,1575.0
2024-02-16 06:45:00,FX:EURUSD,1.07783,1.078,1.07775,1.07775,1657.0
2024-02-16 07:00:00,FX:EURUSD,1.07775,1.0778,1.07742,1.07742,1573.0
2024-02-16 07:15:00,FX:EURUSD,1.07742,1.07759,1.07732,1.07734,1335.0
2024-02-16 07:30:00,FX:EURUSD,1.07734,1.07759,1.07697,1.07712,2013.0
2024-02-16 07:45:00,FX:EURUSD,1.07712,1.07729,1.07675,1.07679,2127.0
2024-02-16 08:00:00,FX:EURUSD,1.07679,1.0771,1.0766,1.07661,2663.0
2024-02-16 08:15:00,FX:EURUSD,1.07661,1.0768,1.07617,1.07671,2979.0
2024-02-16 08:30:00,FX:EURUSD,1.07671,1.07675,1.0732,1.07409,10761.0
2024-02-16 08:45:00,FX:EURUSD,1.07409,1.07491,1.0738699999999999,1.07464,6450.0
2024-02-16 09:00:00,FX:EURUSD,1.07464,1.0753,1.07431,1.07436,5603.0
2024-02-16 09:15:00,FX:EURUSD,1.07436,1.07503,1.0741,1.07501,4016.0
2024-02-16 09:30:00,FX:EURUSD,1.07501,1.0756999999999999,1.07478,1.07537,5227.0
2024-02-16 09:45:00,FX:EURUSD,1.07537,1.07556,1.07468,1.0748,4682.0
2024-02-16 10:00:00,FX:EURUSD,1.0748,1.0769,1.0748,1.0769,6019.0
2024-02-16 10:15:00,FX:EURUSD,1.0769,1.07718,1.07662,1.07675,5221.0
2024-02-16 10:30:00,FX:EURUSD,1.07675,1.07769,1.07646,1.07757,4277.0
2024-02-16 10:45:00,FX:EURUSD,1.07757,1.0776,1.07704,1.07708,3974.0
2024-02-16 11:00:00,FX:EURUSD,1.07708,1.07735,1.07683,1.07718,3320.0
2024-02-16 11:15:00,FX:EURUSD,1.07718,1.07753,1.07713,1.07729,2221.0
2024-02-16 11:30:00,FX:EURUSD,1.07729,1.07741,1.07705,1.07713,2627.0
2024-02-16 11:45:00,FX:EURUSD,1.07713,1.07723,1.07656,1.07683,2645.0
2024-02-16 12:00:00,FX:EURUSD,1.07683,1.07694,1.0765,1.07668,1879.0
2024-02-16 12:15:00,FX:EURUSD,1.07668,1.07675,1.07626,1.07661,1867.0
2024-02-16 12:30:00,FX:EURUSD,1.07661,1.07705,1.07655,1.07705,2300.0
2024-02-16 12:45:00,FX:EURUSD,1.07705,1.0778,1.07703,1.07777,1615.0
2024-02-16 13:00:00,FX:EURUSD,1.07777,1.0778699999999999,1.07738,1.07754,2203.0
2024-02-16 13:15:00,FX:EURUSD,1.07754,1.07765,1.07739,1.07752,1641.0
2024-02-16 13:30:00,FX:EURUSD,1.07752,1.07816,1.07745,1.07815,1279.0
2024-02-16 13:45:00,FX:EURUSD,1.07815,1.07859,1.0780399999999999,1.07851,1789.0
2024-02-16 14:00:00,FX:EURUSD,1.07851,1.07874,1.07845,1.07856,1386.0
2024-02-16 14:15:00,FX:EURUSD,1.07856,1.07869,1.07844,1.07847,1253.0
2024-02-16 14:30:00,FX:EURUSD,1.07847,1.07851,1.07799,1.07808,1412.0
2024-02-16 14:45:00,FX:EURUSD,1.07808,1.07811,1.07754,1.0776999999999999,2515.0
2024-02-16 15:00:00,FX:EURUSD,1.0776999999999999,1.0776999999999999,1.07738,1.07744,1239.0
2024-02-16 15:15:00,FX:EURUSD,1.07744,1.07769,1.07738,1.07764,1217.0
2024-02-16 15:30:00,FX:EURUSD,1.07764,1.07775,1.07739,1.0774299999999999,1742.0
2024-02-16 15:45:00,FX:EURUSD,1.0774299999999999,1.07771,1.07729,1.07763,1671.0
2024-02-16 16:00:00,FX:EURUSD,1.07763,1.07772,1.07746,1.07762,614.0
2024-02-16 16:15:00,FX:EURUSD,1.07762,1.07779,1.07758,1.07777,471.0
2024-02-16 16:30:00,FX:EURUSD,1.07777,1.0778,1.07757,1.07771,620.0
2024-02-16 16:45:00,FX:EURUSD,1.07771,1.07788,1.07732,1.0774299999999999,839.0
2024-02-18 17:00:00,FX:EURUSD,1.0772,1.07769,1.0772,1.07768,120.0
2024-02-18 17:15:00,FX:EURUSD,1.07768,1.07768,1.07716,1.07737,362.0
2024-02-18 17:30:00,FX:EURUSD,1.07737,1.0776,1.07737,1.07739,412.0
2024-02-18 17:45:00,FX:EURUSD,1.07739,1.07754,1.07733,1.07746,230.0
2024-02-18 18:00:00,FX:EURUSD,1.07746,1.07801,1.0774299999999999,1.07799,560.0
2024-02-18 18:15:00,FX:EURUSD,1.07799,1.07816,1.07794,1.07816,344.0
2024-02-18 18:30:00,FX:EURUSD,1.07816,1.07822,1.07802,1.07822,410.0
2024-02-18 18:45:00,FX:EURUSD,1.07822,1.07851,1.07818,1.0784,466.0
2024-02-18 19:00:00,FX:EURUSD,1.0784,1.07877,1.07837,1.07875,833.0
2024-02-18 19:15:00,FX:EURUSD,1.07875,1.07888,1.0787,1.07874,697.0
2024-02-18 19:30:00,FX:EURUSD,1.07874,1.07888,1.07846,1.07855,935.0
2024-02-18 19:45:00,FX:EURUSD,1.07855,1.0787,1.0785,1.07868,1190.0
2024-02-18 20:00:00,FX:EURUSD,1.07868,1.0788,1.07864,1.07873,1153.0
2024-02-18 20:15:00,FX:EURUSD,1.07873,1.07875,1.07813,1.07814,1412.0
2024-02-18 20:30:00,FX:EURUSD,1.07814,1.07821,1.07782,1.07788,1609.0
2024-02-18 20:45:00,FX:EURUSD,1.07788,1.07827,1.07784,1.07803,983.0
2024-02-18 21:00:00,FX:EURUSD,1.07803,1.07803,1.0778,1.07791,960.0
2024-02-18 21:15:00,FX:EURUSD,1.07791,1.0780399999999999,1.07783,1.0779,846.0
2024-02-18 21:30:00,FX:EURUSD,1.0779,1.07792,1.0778,1.0779,758.0
2024-02-18 21:45:00,FX:EURUSD,1.0779,1.07817,1.07789,1.07811,710.0
2024-02-18 22:00:00,FX:EURUSD,1.07811,1.07832,1.0781,1.0783099999999999,795.0
2024-02-18 22:15:00,FX:EURUSD,1.0783099999999999,1.07832,1.07809,1.0782,703.0
2024-02-18 22:30:00,FX:EURUSD,1.0782,1.07821,1.07788,1.0779,715.0
2024-02-18 22:45:00,FX:EURUSD,1.0779,1.07792,1.07749,1.07754,769.0
2024-02-18 23:00:00,FX:EURUSD,1.07754,1.07761,1.07738,1.07757,708.0
2024-02-18 23:15:00,FX:EURUSD,1.07757,1.07778,1.07747,1.07771,619.0
2024-02-18 23:30:00,FX:EURUSD,1.07771,1.07786,1.07761,1.07786,559.0
2024-02-18 23:45:00,FX:EURUSD,1.07786,1.0781,1.07749,1.07778,890.0
2024-02-19 00:00:00,FX:EURUSD,1.07778,1.07789,1.07771,1.07781,753.0
2024-02-19 00:15:00,FX:EURUSD,1.07781,1.0780399999999999,1.0778,1.07803,713.0
2024-02-19 00:30:00,FX:EURUSD,1.07803,1.07828,1.07802,1.07823,891.0
2024-02-19 00:45:00,FX:EURUSD,1.07823,1.07829,1.07816,1.07817,966.0
2024-02-19 01:00:00,FX:EURUSD,1.07817,1.0783,1.07803,1.07826,817.0
2024-02-19 01:15:00,FX:EURUSD,1.07826,1.07827,1.07797,1.07816,971.0
2024-02-19 01:30:00,FX:EURUSD,1.07816,1.07836,1.0780399999999999,1.07834,901.0
2024-02-19 01:45:00,FX:EURUSD,1.07834,1.07867,1.07825,1.07862,1057.0
2024-02-19 02:00:00,FX:EURUSD,1.07862,1.07885,1.07862,1.07882,1338.0
2024-02-19 02:15:00,FX:EURUSD,1.07882,1.07894,1.07862,1.07867,1233.0
2024-02-19 02:30:00,FX:EURUSD,1.07867,1.07887,1.07859,1.0786,1335.0
2024-02-19 02:45:00,FX:EURUSD,1.0786,1.0786499999999999,1.07807,1.07826,1796.0
2024-02-19 03:00:00,FX:EURUSD,1.07826,1.07863,1.07824,1.07859,2555.0
2024-02-19 03:15:00,FX:EURUSD,1.07859,1.07874,1.07826,1.07867,1984.0
2024-02-19 03:30:00,FX:EURUSD,1.07867,1.07869,1.07817,1.07827,2070.0
2024-02-19 03:45:00,FX:EURUSD,1.07827,1.07844,1.07758,1.07783,1883.0
2024-02-19 04:00:00,FX:EURUSD,1.07783,1.07834,1.07765,1.07773,2460.0
2024-02-19 04:15:00,FX:EURUSD,1.07773,1.0778699999999999,1.07735,1.0775,1462.0
2024-02-19 04:30:00,FX:EURUSD,1.0775,1.07784,1.07722,1.07754,1761.0
2024-02-19 04:45:00,FX:EURUSD,1.07754,1.07756,1.0772599999999999,1.07749,1635.0
2024-02-19 05:00:00,FX:EURUSD,1.07749,1.07754,1.07715,1.07742,1546.0
2024-02-19 05:15:00,FX:EURUSD,1.07742,1.07777,1.0773,1.07771,984.0
2024-02-19 05:30:00,FX:EURUSD,1.07771,1.07788,1.07749,1.07763,944.0
2024-02-19 05:45:00,FX:EURUSD,1.07763,1.07774,1.07741,1.07753,1468.0
2024-02-19 06:00:00,FX:EURUSD,1.07753,1.07758,1.07735,1.07748,1281.0
2024-02-19 06:15:00,FX:EURUSD,1.07748,1.07808,1.07745,1.07801,1386.0
2024-02-19 06:30:00,FX:EURUSD,1.07801,1.07817,1.07783,1.07789,1408.0
2024-02-19 06:45:00,FX:EURUSD,1.07789,1.07803,1.07769,1.0776999999999999,1370.0
2024-02-19 07:00:00,FX:EURUSD,1.0776999999999999,1.07783,1.07748,1.07779,1309.0
2024-02-19 07:15:00,FX:EURUSD,1.07779,1.07794,1.07763,1.07775,1023.0
2024-02-19 07:30:00,FX:EURUSD,1.07775,1.07778,1.07733,1.0774299999999999,1294.0
2024-02-19 07:45:00,FX:EURUSD,1.0774299999999999,1.07765,1.07694,1.07703,1616.0
2024-02-19 08:00:00,FX:EURUSD,1.07703,1.07788,1.07702,1.07772,1903.0
2024-02-19 08:15:00,FX:EURUSD,1.07772,1.07774,1.07708,1.07713,1452.0
2024-02-19 08:30:00,FX:EURUSD,1.07713,1.0773,1.0771,1.07723,1350.0
2024-02-19 08:45:00,FX:EURUSD,1.07723,1.07728,1.07676,1.07701,1804.0
2024-02-19 09:00:00,FX:EURUSD,1.07701,1.07706,1.07657,1.07685,1909.0
2024-02-19 09:15:00,FX:EURUSD,1.07685,1.07701,1.07654,1.07671,1684.0
2024-02-19 09:30:00,FX:EURUSD,1.07671,1.07677,1.07635,1.07655,1919.0
2024-02-19 09:45:00,FX:EURUSD,1.07655,1.07666,1.07628,1.07664,1612.0
2024-02-19 10:00:00,FX:EURUSD,1.07664,1.0766499999999999,1.0762,1.07627,1533.0
2024-02-19 10:15:00,FX:EURUSD,1.07627,1.07672,1.07619,1.0764799999999999,1574.0
2024-02-19 10:30:00,FX:EURUSD,1.0764799999999999,1.07679,1.0764,1.07658,1271.0
2024-02-19 10:45:00,FX:EURUSD,1.07658,1.07686,1.07647,1.07674,1784.0
2024-02-19 11:00:00,FX:EURUSD,1.07674,1.07674,1.07627,1.07653,1570.0
2024-02-19 11:15:00,FX:EURUSD,1.07653,1.0768199999999999,1.07649,1.0768,784.0
2024-02-19 11:30:00,FX:EURUSD,1.0768,1.07698,1.07676,1.07694,447.0
2024-02-19 11:45:00,FX:EURUSD,1.07694,1.07708,1.0768199999999999,1.07698,896.0
2024-02-19 12:00:00,FX:EURUSD,1.07698,1.0772,1.07694,1.07717,546.0
2024-02-19 12:15:00,FX:EURUSD,1.07717,1.07738,1.07713,1.07737,492.0
2024-02-19 12:30:00,FX:EURUSD,1.07737,1.07758,1.07737,1.07758,486.0
2024-02-19 12:45:00,FX:EURUSD,1.07758,1.07765,1.07751,1.07762,532.0
2024-02-19 13:00:00,FX:EURUSD,1.07762,1.07798,1.07758,1.07797,352.0
2024-02-19 13:15:00,FX:EURUSD,1.07797,1.07837,1.07796,1.07803,570.0
2024-02-19 13:30:00,FX:EURUSD,1.07803,1.07808,1.07793,1.07798,332.0
2024-02-19 13:45:00,FX:EURUSD,1.07798,1.07798,1.07779,1.07791,369.0
2024-02-19 14:00:00,FX:EURUSD,1.07791,1.07821,1.07791,1.07799,420.0
2024-02-19 14:15:00,FX:EURUSD,1.07799,1.078,1.0778,1.07785,246.0
2024-02-19 14:30:00,FX:EURUSD,1.07785,1.07807,1.07784,1.0780399999999999,197.0
2024-02-19 14:45:00,FX:EURUSD,1.0780399999999999,1.0781,1.07785,1.07786,421.0
2024-02-19 15:00:00,FX:EURUSD,1.07786,1.07788,1.07779,1.07783,315.0
2024-02-19 15:15:00,FX:EURUSD,1.07783,1.07788,1.0778,1.07788,183.0
2024-02-19 15:30:00,FX:EURUSD,1.07788,1.07789,1.07775,1.07782,165.0
2024-02-19 15:45:00,FX:EURUSD,1.07782,1.07799,1.07778,1.07794,162.0
2024-02-19 16:00:00,FX:EURUSD,1.07794,1.07797,1.07789,1.07793,156.0
2024-02-19 16:15:00,FX:EURUSD,1.07793,1.07816,1.07788,1.07815,261.0
2024-02-19 16:30:00,FX:EURUSD,1.07815,1.07823,1.07812,1.07814,237.0
2024-02-19 16:45:00,FX:EURUSD,1.07814,1.07818,1.07757,1.07769,222.0
2024-02-19 17:00:00,FX:EURUSD,1.07769,1.07772,1.07693,1.07745,211.0
2024-02-19 17:15:00,FX:EURUSD,1.07745,1.0778,1.07741,1.07779,386.0
2024-02-19 17:30:00,FX:EURUSD,1.07779,1.07784,1.07771,1.07781,248.0
2024-02-19 17:45:00,FX:EURUSD,1.07781,1.07783,1.07762,1.0776999999999999,956.0
2024-02-19 18:00:00,FX:EURUSD,1.0776999999999999,1.07795,1.07761,1.07768,404.0
2024-02-19 18:15:00,FX:EURUSD,1.07768,1.07769,1.07747,1.07752,437.0
2024-02-19 18:30:00,FX:EURUSD,1.07752,1.07759,1.07748,1.07754,398.0
2024-02-19 18:45:00,FX:EURUSD,1.07754,1.07757,1.07737,1.07753,371.0
2024-02-19 19:00:00,FX:EURUSD,1.07753,1.07768,1.07729,1.0773,990.0
2024-02-19 19:15:00,FX:EURUSD,1.0773,1.07739,1.07692,1.07717,982.0
2024-02-19 19:30:00,FX:EURUSD,1.07717,1.07731,1.07691,1.07694,1163.0
2024-02-19 19:45:00,FX:EURUSD,1.07694,1.07705,1.07675,1.07696,1344.0
2024-02-19 20:00:00,FX:EURUSD,1.07696,1.077,1.07649,1.07649,1320.0
2024-02-19 20:15:00,FX:EURUSD,1.07649,1.0770899999999999,1.0764799999999999,1.07706,2146.0
2024-02-19 20:30:00,FX:EURUSD,1.07706,1.07712,1.07654,1.07669,1751.0
2024-02-19 20:45:00,FX:EURUSD,1.07669,1.07672,1.07651,1.07659,1674.0
2024-02-19 21:00:00,FX:EURUSD,1.07659,1.0766,1.07616,1.07631,1418.0
2024-02-19 21:15:00,FX:EURUSD,1.07631,1.07658,1.07626,1.07657,1204.0
2024-02-19 21:30:00,FX:EURUSD,1.07657,1.07657,1.07636,1.07647,954.0
2024-02-19 21:45:00,FX:EURUSD,1.07647,1.07669,1.07615,1.07669,1381.0
2024-02-19 22:00:00,FX:EURUSD,1.07669,1.07669,1.07645,1.07657,1295.0
2024-02-19 22:15:00,FX:EURUSD,1.07657,1.07677,1.07654,1.07677,1080.0
2024-02-19 22:30:00,FX:EURUSD,1.07677,1.07684,1.07667,1.07677,948.0
2024-02-19 22:45:00,FX:EURUSD,1.07677,1.07687,1.07659,1.07679,812.0
2024-02-19 23:00:00,FX:EURUSD,1.07679,1.077,1.07673,1.07699,1033.0
2024-02-19 23:15:00,FX:EURUSD,1.07699,1.0771,1.07684,1.07699,967.0
2024-02-19 23:30:00,FX:EURUSD,1.07699,1.07703,1.07688,1.07692,843.0
2024-02-19 23:45:00,FX:EURUSD,1.07692,1.07702,1.07685,1.0769,728.0
2024-02-20 00:00:00,FX:EURUSD,1.0769,1.077,1.07683,1.07686,1164.0
2024-02-20 00:15:00,FX:EURUSD,1.07686,1.07693,1.07669,1.07677,770.0
2024-02-20 00:30:00,FX:EURUSD,1.07677,1.07681,1.07652,1.07671,1196.0
2024-02-20 00:45:00,FX:EURUSD,1.07671,1.07683,1.07666,1.07678,1118.0
2024-02-20 01:00:00,FX:EURUSD,1.07678,1.07702,1.07672,1.07702,1344.0
2024-02-20 01:15:00,FX:EURUSD,1.07702,1.0772,1.07699,1.07717,858.0
2024-02-20 01:30:00,FX:EURUSD,1.07717,1.07728,1.07707,1.0772,1177.0
2024-02-20 01:45:00,FX:EURUSD,1.0772,1.07725,1.0769,1.07708,1030.0
2024-02-20 02:00:00,FX:EURUSD,1.07708,1.07749,1.07708,1.07734,2091.0
2024-02-20 02:15:00,FX:EURUSD,1.07734,1.07749,1.07705,1.07721,2011.0
2024-02-20 02:30:00,FX:EURUSD,1.07721,1.07729,1.07674,1.07683,2356.0
2024-02-20 02:45:00,FX:EURUSD,1.07683,1.07736,1.0768199999999999,1.07697,2537.0
2024-02-20 03:00:00,FX:EURUSD,1.07697,1.07748,1.07695,1.07731,2873.0
2024-02-20 03:15:00,FX:EURUSD,1.07731,1.07751,1.07705,1.07737,3266.0
2024-02-20 03:30:00,FX:EURUSD,1.07737,1.07738,1.07688,1.07716,2793.0
2024-02-20 03:45:00,FX:EURUSD,1.07716,1.07777,1.07707,1.07757,2827.0
2024-02-20 04:00:00,FX:EURUSD,1.07757,1.07803,1.07738,1.07792,2350.0
2024-02-20 04:15:00,FX:EURUSD,1.07792,1.07916,1.07791,1.07894,2516.0
2024-02-20 04:30:00,FX:EURUSD,1.07894,1.07974,1.07884,1.07955,2344.0
2024-02-20 04:45:00,FX:EURUSD,1.07955,1.07988,1.07921,1.07977,2096.0
2024-02-20 05:00:00,FX:EURUSD,1.07977,1.07991,1.07954,1.07989,2280.0
2024-02-20 05:15:00,FX:EURUSD,1.07989,1.08033,1.0798,1.08019,1815.0
2024-02-20 05:30:00,FX:EURUSD,1.08019,1.08093,1.08007,1.0805,2773.0
2024-02-20 05:45:00,FX:EURUSD,1.0805,1.08078,1.08028,1.08039,2672.0
2024-02-20 06:00:00,FX:EURUSD,1.08039,1.08043,1.07976,1.07979,2417.0
2024-02-20 06:15:00,FX:EURUSD,1.07979,1.08002,1.07935,1.0795299999999999,2558.0
2024-02-20 06:30:00,FX:EURUSD,1.0795299999999999,1.08017,1.07938,1.07993,2100.0
2024-02-20 06:45:00,FX:EURUSD,1.07993,1.08024,1.07963,1.07983,2475.0
2024-02-20 07:00:00,FX:EURUSD,1.07983,1.08011,1.07967,1.0799,2098.0
2024-02-20 07:15:00,FX:EURUSD,1.0799,1.08052,1.07974,1.08047,1946.0
2024-02-20 07:30:00,FX:EURUSD,1.08047,1.08056,1.08012,1.08016,2150.0
2024-02-20 07:45:00,FX:EURUSD,1.08016,1.08024,1.0795299999999999,1.0798,2498.0
2024-02-20 08:00:00,FX:EURUSD,1.0798,1.08063,1.07968,1.08053,3164.0
2024-02-20 08:15:00,FX:EURUSD,1.08053,1.08088,1.08041,1.08088,3171.0
2024-02-20 08:30:00,FX:EURUSD,1.08088,1.0816,1.08084,1.0815,4354.0
2024-02-20 08:45:00,FX:EURUSD,1.0815,1.08249,1.0815,1.08234,3776.0
2024-02-20 09:00:00,FX:EURUSD,1.08234,1.0824,1.08182,1.08228,2678.0
2024-02-20 09:15:00,FX:EURUSD,1.08228,1.08315,1.08222,1.08301,3247.0
2024-02-20 09:30:00,FX:EURUSD,1.08301,1.08387,1.08256,1.08264,4290.0
2024-02-20 09:45:00,FX:EURUSD,1.08264,1.08339,1.08264,1.0829,4672.0
2024-02-20 10:00:00,FX:EURUSD,1.0829,1.08296,1.08209,1.08215,4580.0
2024-02-20 10:15:00,FX:EURUSD,1.08215,1.08281,1.08202,1.08256,3414.0
2024-02-20 10:30:00,FX:EURUSD,1.08256,1.08258,1.08139,1.08145,4107.0
2024-02-20 10:45:00,FX:EURUSD,1.08145,1.08237,1.0813,1.08227,3720.0
2024-02-20 11:00:00,FX:EURUSD,1.08227,1.08247,1.08169,1.08175,3679.0
2024-02-20 11:15:00,FX:EURUSD,1.08175,1.08198,1.08158,1.08177,2556.0
2024-02-20 11:30:00,FX:EURUSD,1.08177,1.08189,1.08124,1.08125,2217.0
2024-02-20 11:45:00,FX:EURUSD,1.08125,1.08169,1.08124,1.0813,2010.0
2024-02-20 12:00:00,FX:EURUSD,1.0813,1.08148,1.08091,1.08093,2260.0
2024-02-20 12:15:00,FX:EURUSD,1.08093,1.08136,1.0809199999999999,1.08113,1790.0
2024-02-20 12:30:00,FX:EURUSD,1.08113,1.08142,1.08095,1.08114,2211.0
2024-02-20 12:45:00,FX:EURUSD,1.08114,1.08122,1.08103,1.08118,1791.0
2024-02-20 13:00:00,FX:EURUSD,1.08118,1.0812,1.0809,1.08108,1585.0
2024-02-20 13:15:00,FX:EURUSD,1.08108,1.08108,1.08081,1.08103,1634.0
2024-02-20 13:30:00,FX:EURUSD,1.08103,1.08108,1.0807,1.08102,1309.0
2024-02-20 13:45:00,FX:EURUSD,1.08102,1.0813,1.08088,1.08099,1537.0
2024-02-20 14:00:00,FX:EURUSD,1.08099,1.081,1.08076,1.0809199999999999,1823.0
2024-02-20 14:15:00,FX:EURUSD,1.0809199999999999,1.08113,1.08081,1.08093,2079.0
2024-02-20 14:30:00,FX:EURUSD,1.08093,1.081,1.08085,1.08091,1818.0
2024-02-20 14:45:00,FX:EURUSD,1.08091,1.08103,1.08062,1.08063,2531.0
2024-02-20 15:00:00,FX:EURUSD,1.08063,1.0809199999999999,1.08043,1.08084,1824.0
2024-02-20 15:15:00,FX:EURUSD,1.08084,1.0812599999999999,1.08077,1.08124,1444.0
2024-02-20 15:30:00,FX:EURUSD,1.08124,1.08127,1.08089,1.08116,2084.0
2024-02-20 15:45:00,FX:EURUSD,1.08116,1.0812599999999999,1.08101,1.08104,1931.0
2024-02-20 16:00:00,FX:EURUSD,1.08104,1.08106,1.08071,1.08072,638.0
2024-02-20 16:15:00,FX:EURUSD,1.08072,1.08083,1.08066,1.08077,470.0
2024-02-20 16:30:00,FX:EURUSD,1.08077,1.0808,1.0806499999999999,1.08073,472.0
2024-02-20 16:45:00,FX:EURUSD,1.08073,1.08086,1.08071,1.08075,726.0
2024-02-20 17:00:00,FX:EURUSD,1.08075,1.08075,1.08043,1.0805,89.0
2024-02-20 17:15:00,FX:EURUSD,1.0805,1.08084,1.08047,1.08074,528.0
2024-02-20 17:30:00,FX:EURUSD,1.08074,1.08086,1.08074,1.08078,380.0
2024-02-20 17:45:00,FX:EURUSD,1.08078,1.08094,1.08076,1.08079,319.0
2024-02-20 18:00:00,FX:EURUSD,1.08079,1.08091,1.08075,1.0809,439.0
2024-02-20 18:15:00,FX:EURUSD,1.0809,1.0811,1.08085,1.08105,455.0
2024-02-20 18:30:00,FX:EURUSD,1.08105,1.08105,1.08089,1.08096,394.0
2024-02-20 18:45:00,FX:EURUSD,1.08096,1.0811,1.08093,1.08096,522.0
2024-02-20 19:00:00,FX:EURUSD,1.08096,1.08112,1.08066,1.0809199999999999,1304.0
2024-02-20 19:15:00,FX:EURUSD,1.0809199999999999,1.08097,1.08066,1.08091,1083.0
2024-02-20 19:30:00,FX:EURUSD,1.08091,1.08105,1.08079,1.08103,1089.0
2024-02-20 19:45:00,FX:EURUSD,1.08103,1.08105,1.08085,1.08101,1789.0
2024-02-20 20:00:00,FX:EURUSD,1.08101,1.08102,1.0806499999999999,1.0807,1616.0
2024-02-20 20:15:00,FX:EURUSD,1.0807,1.08082,1.08054,1.08076,1465.0
2024-02-20 20:30:00,FX:EURUSD,1.08076,1.08123,1.08063,1.08122,1725.0
2024-02-20 20:45:00,FX:EURUSD,1.08122,1.08127,1.08097,1.08119,1344.0
2024-02-20 21:00:00,FX:EURUSD,1.08119,1.08157,1.08119,1.08145,1387.0
2024-02-20 21:15:00,FX:EURUSD,1.08145,1.08163,1.08143,1.08157,1130.0
2024-02-20 21:30:00,FX:EURUSD,1.08157,1.08162,1.08137,1.0816,1108.0
2024-02-20 21:45:00,FX:EURUSD,1.0816,1.08172,1.08143,1.0815,1610.0
2024-02-20 22:00:00,FX:EURUSD,1.0815,1.08171,1.08147,1.08167,1139.0
2024-02-20 22:15:00,FX:EURUSD,1.08167,1.08178,1.0815,1.08155,1238.0
2024-02-20 22:30:00,FX:EURUSD,1.08155,1.08155,1.08135,1.08145,1216.0
2024-02-20 22:45:00,FX:EURUSD,1.08145,1.08188,1.08142,1.08178,1108.0
2024-02-20 23:00:00,FX:EURUSD,1.08178,1.08191,1.08162,1.08168,1101.0
2024-02-20 23:15:00,FX:EURUSD,1.08168,1.08169,1.08136,1.08149,753.0
2024-02-20 23:30:00,FX:EURUSD,1.08149,1.0815299999999999,1.08141,1.08143,841.0
2024-02-20 23:45:00,FX:EURUSD,1.08143,1.08159,1.08134,1.0814,954.0
2024-02-21 00:00:00,FX:EURUSD,1.0814,1.08157,1.08133,1.08138,1032.0
2024-02-21 00:15:00,FX:EURUSD,1.08138,1.08144,1.08124,1.08129,834.0
2024-02-21 00:30:00,FX:EURUSD,1.08129,1.08149,1.08125,1.08146,991.0
2024-02-21 00:45:00,FX:EURUSD,1.08146,1.08166,1.08145,1.08151,1217.0
2024-02-21 01:00:00,FX:EURUSD,1.08151,1.0815299999999999,1.0810899999999999,1.0811,1129.0
2024-02-21 01:15:00,FX:EURUSD,1.0811,1.08128,1.081,1.08105,1585.0
2024-02-21 01:30:00,FX:EURUSD,1.08105,1.0811,1.0809,1.08095,1124.0
2024-02-21 01:45:00,FX:EURUSD,1.08095,1.08122,1.08075,1.08114,1459.0
2024-02-21 02:00:00,FX:EURUSD,1.08114,1.08141,1.08095,1.0811,1971.0
2024-02-21 02:15:00,FX:EURUSD,1.0811,1.08138,1.08086,1.08098,2038.0
2024-02-21 02:30:00,FX:EURUSD,1.08098,1.08102,1.08064,1.08081,1828.0
2024-02-21 02:45:00,FX:EURUSD,1.08081,1.08137,1.08079,1.08108,1858.0
2024-02-21 03:00:00,FX:EURUSD,1.08108,1.08146,1.08089,1.08105,2839.0
2024-02-21 03:15:00,FX:EURUSD,1.08105,1.08123,1.08063,1.08075,2397.0
2024-02-21 03:30:00,FX:EURUSD,1.08075,1.0809199999999999,1.08053,1.08062,2049.0
2024-02-21 03:45:00,FX:EURUSD,1.08062,1.08074,1.07971,1.07988,1675.0
2024-02-21 04:00:00,FX:EURUSD,1.07988,1.07988,1.07899,1.07927,2857.0
2024-02-21 04:15:00,FX:EURUSD,1.07927,1.07959,1.07924,1.07948,2133.0
2024-02-21 04:30:00,FX:EURUSD,1.07948,1.07991,1.07936,1.07975,1487.0
2024-02-21 04:45:00,FX:EURUSD,1.07975,1.08004,1.07956,1.07998,1774.0
2024-02-21 05:00:00,FX:EURUSD,1.07998,1.08002,1.0796,1.07983,1768.0
2024-02-21 05:15:00,FX:EURUSD,1.07983,1.08007,1.07969,1.08006,2070.0
2024-02-21 05:30:00,FX:EURUSD,1.08006,1.08013,1.07976,1.07995,1660.0
2024-02-21 05:45:00,FX:EURUSD,1.07995,1.08032,1.07985,1.08011,1596.0
2024-02-21 06:00:00,FX:EURUSD,1.08011,1.08023,1.07991,1.08002,1600.0
2024-02-21 06:15:00,FX:EURUSD,1.08002,1.08013,1.07957,1.07967,1525.0
2024-02-21 06:30:00,FX:EURUSD,1.07967,1.07984,1.07942,1.07948,1342.0
2024-02-21 06:45:00,FX:EURUSD,1.07948,1.0799,1.07947,1.0799,1233.0
2024-02-21 07:00:00,FX:EURUSD,1.0799,1.08017,1.07964,1.08016,1799.0
2024-02-21 07:15:00,FX:EURUSD,1.08016,1.08022,1.07988,1.0799,1885.0
2024-02-21 07:30:00,FX:EURUSD,1.0799,1.08004,1.07962,1.07975,1861.0
2024-02-21 07:45:00,FX:EURUSD,1.07975,1.08032,1.07968,1.0803099999999999,2766.0
2024-02-21 08:00:00,FX:EURUSD,1.0803099999999999,1.08108,1.0803099999999999,1.08098,2819.0
2024-02-21 08:15:00,FX:EURUSD,1.08098,1.08107,1.0804,1.08047,2812.0
2024-02-21 08:30:00,FX:EURUSD,1.08047,1.08102,1.08039,1.08095,2918.0
2024-02-21 08:45:00,FX:EURUSD,1.08095,1.08115,1.08073,1.08101,2502.0
2024-02-21 09:00:00,FX:EURUSD,1.08101,1.08154,1.08097,1.08133,2341.0
2024-02-21 09:15:00,FX:EURUSD,1.08133,1.08147,1.08081,1.08094,3002.0
2024-02-21 09:30:00,FX:EURUSD,1.08094,1.08105,1.08061,1.08101,4447.0
2024-02-21 09:45:00,FX:EURUSD,1.08101,1.08162,1.08101,1.08131,2800.0
2024-02-21 10:00:00,FX:EURUSD,1.08131,1.08199,1.08108,1.08171,2829.0
2024-02-21 10:15:00,FX:EURUSD,1.08171,1.08194,1.08113,1.08134,3206.0
2024-02-21 10:30:00,FX:EURUSD,1.08134,1.08152,1.08097,1.08114,2884.0
2024-02-21 10:45:00,FX:EURUSD,1.08114,1.08118,1.08042,1.08051,3693.0
2024-02-21 11:00:00,FX:EURUSD,1.08051,1.0812,1.08008,1.0812,3123.0
2024-02-21 11:15:00,FX:EURUSD,1.0812,1.08152,1.08084,1.08146,2462.0
2024-02-21 11:30:00,FX:EURUSD,1.08146,1.08181,1.08132,1.08175,2772.0
2024-02-21 11:45:00,FX:EURUSD,1.08175,1.08189,1.08148,1.08169,2303.0
2024-02-21 12:00:00,FX:EURUSD,1.08169,1.08172,1.08108,1.08125,2989.0
2024-02-21 12:15:00,FX:EURUSD,1.08125,1.08137,1.08079,1.08093,2275.0
2024-02-21 12:30:00,FX:EURUSD,1.08093,1.08097,1.08074,1.0808,1983.0
2024-02-21 12:45:00,FX:EURUSD,1.0808,1.08097,1.08067,1.08076,1845.0
2024-02-21 13:00:00,FX:EURUSD,1.08076,1.0808,1.07999,1.0807,4674.0
2024-02-21 13:15:00,FX:EURUSD,1.0807,1.08108,1.0806499999999999,1.08091,2726.0
2024-02-21 13:30:00,FX:EURUSD,1.08091,1.08136,1.08089,1.0812599999999999,1918.0
2024-02-21 13:45:00,FX:EURUSD,1.0812599999999999,1.08131,1.08095,1.08112,2094.0
2024-02-21 14:00:00,FX:EURUSD,1.08112,1.08244,1.0804799999999999,1.08177,7351.0
2024-02-21 14:15:00,FX:EURUSD,1.08177,1.08191,1.08142,1.08175,4641.0
2024-02-21 14:30:00,FX:EURUSD,1.08175,1.08196,1.08134,1.08138,3331.0
2024-02-21 14:45:00,FX:EURUSD,1.08138,1.0818699999999999,1.08129,1.08165,3083.0
2024-02-21 15:00:00,FX:EURUSD,1.08165,1.08173,1.08137,1.08166,3254.0
2024-02-21 15:15:00,FX:EURUSD,1.08166,1.08166,1.08124,1.08161,2424.0
2024-02-21 15:30:00,FX:EURUSD,1.08161,1.08209,1.08161,1.08199,1901.0
2024-02-21 15:45:00,FX:EURUSD,1.08199,1.08208,1.08169,1.08172,2542.0
2024-02-21 16:00:00,FX:EURUSD,1.08172,1.08183,1.0813,1.08139,1114.0
2024-02-21 16:15:00,FX:EURUSD,1.08139,1.08168,1.08133,1.08167,1642.0
2024-02-21 16:30:00,FX:EURUSD,1.08167,1.08201,1.08166,1.08182,951.0
2024-02-21 16:45:00,FX:EURUSD,1.08182,1.08202,1.08171,1.08189,794.0
2024-02-21 17:00:00,FX:EURUSD,1.08189,1.0819,1.08119,1.0819,212.0
2024-02-21 17:15:00,FX:EURUSD,1.0819,1.08206,1.08171,1.08189,598.0
2024-02-21 17:30:00,FX:EURUSD,1.08189,1.08209,1.0818,1.08191,937.0
2024-02-21 17:45:00,FX:EURUSD,1.08191,1.08196,1.08181,1.0819,282.0
2024-02-21 18:00:00,FX:EURUSD,1.0819,1.08226,1.08188,1.08205,323.0
2024-02-21 18:15:00,FX:EURUSD,1.08205,1.08222,1.08205,1.0821399999999999,281.0
2024-02-21 18:30:00,FX:EURUSD,1.0821399999999999,1.08216,1.08196,1.08201,381.0
2024-02-21 18:45:00,FX:EURUSD,1.08201,1.08206,1.08185,1.08201,505.0
2024-02-21 19:00:00,FX:EURUSD,1.08201,1.08244,1.082,1.08244,783.0
2024-02-21 19:15:00,FX:EURUSD,1.08244,1.08274,1.08234,1.08267,1064.0
2024-02-21 19:30:00,FX:EURUSD,1.08267,1.08305,1.08263,1.08301,898.0
2024-02-21 19:45:00,FX:EURUSD,1.08301,1.08324,1.08288,1.08301,1884.0
2024-02-21 20:00:00,FX:EURUSD,1.08301,1.08306,1.0827,1.08282,1315.0
2024-02-21 20:15:00,FX:EURUSD,1.08282,1.08293,1.08266,1.08283,1304.0
2024-02-21 20:30:00,FX:EURUSD,1.08283,1.08302,1.08274,1.0828,1313.0
2024-02-21 20:45:00,FX:EURUSD,1.0828,1.08291,1.08265,1.08265,1163.0
2024-02-21 21:00:00,FX:EURUSD,1.08265,1.0827,1.08194,1.08194,1493.0
2024-02-21 21:15:00,FX:EURUSD,1.08194,1.08226,1.0819,1.08218,1159.0
2024-02-21 21:30:00,FX:EURUSD,1.08218,1.08242,1.08203,1.0824,855.0
2024-02-21 21:45:00,FX:EURUSD,1.0824,1.08264,1.08235,1.0826,810.0
2024-02-21 22:00:00,FX:EURUSD,1.0826,1.08273,1.08252,1.08266,789.0
2024-02-21 22:15:00,FX:EURUSD,1.08266,1.08267,1.08235,1.08246,670.0
2024-02-21 22:30:00,FX:EURUSD,1.08246,1.0825,1.08232,1.08234,786.0
2024-02-21 22:45:00,FX:EURUSD,1.08234,1.08258,1.0823,1.08258,789.0
2024-02-21 23:00:00,FX:EURUSD,1.08258,1.0827499999999999,1.08252,1.08269,512.0
2024-02-21 23:15:00,FX:EURUSD,1.08269,1.08291,1.08267,1.08289,831.0
2024-02-21 23:30:00,FX:EURUSD,1.08289,1.08296,1.08278,1.08293,674.0
2024-02-21 23:45:00,FX:EURUSD,1.08293,1.0830899999999999,1.08289,1.08302,503.0
2024-02-22 00:00:00,FX:EURUSD,1.08302,1.08326,1.08296,1.08326,788.0
2024-02-22 00:15:00,FX:EURUSD,1.08326,1.08348,1.08324,1.08329,941.0
2024-02-22 00:30:00,FX:EURUSD,1.08329,1.08355,1.08324,1.08355,435.0
2024-02-22 00:45:00,FX:EURUSD,1.08355,1.08377,1.0833,1.08335,897.0
2024-02-22 01:00:00,FX:EURUSD,1.08335,1.08367,1.08331,1.08362,1085.0
2024-02-22 01:15:00,FX:EURUSD,1.08362,1.08374,1.08354,1.08367,1006.0
2024-02-22 01:30:00,FX:EURUSD,1.08367,1.08383,1.08366,1.08377,996.0
2024-02-22 01:45:00,FX:EURUSD,1.08377,1.08402,1.08372,1.08385,1125.0
2024-02-22 02:00:00,FX:EURUSD,1.08385,1.08451,1.08375,1.08443,2576.0
2024-02-22 02:15:00,FX:EURUSD,1.08443,1.08505,1.08443,1.0849199999999999,2625.0
2024-02-22 02:30:00,FX:EURUSD,1.0849199999999999,1.08538,1.08486,1.08527,2854.0
2024-02-22 02:45:00,FX:EURUSD,1.08527,1.08535,1.08503,1.08531,2501.0
2024-02-22 03:00:00,FX:EURUSD,1.08531,1.08618,1.08526,1.0859699999999999,3468.0
2024-02-22 03:15:00,FX:EURUSD,1.0859699999999999,1.08883,1.0859699999999999,1.08857,7048.0
2024-02-22 03:30:00,FX:EURUSD,1.08857,1.08857,1.08566,1.08669,7163.0
2024-02-22 03:45:00,FX:EURUSD,1.08669,1.08744,1.08663,1.08712,4170.0
2024-02-22 04:00:00,FX:EURUSD,1.08712,1.08716,1.08637,1.08649,3575.0
2024-02-22 04:15:00,FX:EURUSD,1.08649,1.08649,1.08535,1.08562,3387.0
2024-02-22 04:30:00,FX:EURUSD,1.08562,1.08569,1.08479,1.08541,3634.0
2024-02-22 04:45:00,FX:EURUSD,1.08541,1.08575,1.08512,1.08529,2296.0
2024-02-22 05:00:00,FX:EURUSD,1.08529,1.0855299999999999,1.08503,1.08545,2216.0
2024-02-22 05:15:00,FX:EURUSD,1.08545,1.08562,1.08512,1.0853,1695.0
2024-02-22 05:30:00,FX:EURUSD,1.0853,1.08585,1.08521,1.08579,1629.0
2024-02-22 05:45:00,FX:EURUSD,1.08579,1.08585,1.08533,1.08567,1674.0
2024-02-22 06:00:00,FX:EURUSD,1.08567,1.08569,1.0844799999999999,1.0846,2121.0
2024-02-22 06:15:00,FX:EURUSD,1.0846,1.08498,1.08457,1.08495,2076.0
2024-02-22 06:30:00,FX:EURUSD,1.08495,1.08521,1.08477,1.08514,2159.0
2024-02-22 06:45:00,FX:EURUSD,1.08514,1.08573,1.08511,1.08573,1679.0
2024-02-22 07:00:00,FX:EURUSD,1.08573,1.08586,1.08535,1.08551,2140.0
2024-02-22 07:15:00,FX:EURUSD,1.08551,1.08551,1.0847499999999999,1.0849,1667.0
2024-02-22 07:30:00,FX:EURUSD,1.0849,1.0852,1.08427,1.08446,2435.0
2024-02-22 07:45:00,FX:EURUSD,1.08446,1.08477,1.08424,1.08439,2446.0
2024-02-22 08:00:00,FX:EURUSD,1.08439,1.08481,1.08415,1.08425,2997.0
2024-02-22 08:15:00,FX:EURUSD,1.08425,1.08433,1.0836999999999999,1.08384,2733.0
2024-02-22 08:30:00,FX:EURUSD,1.08384,1.08384,1.08256,1.08297,6529.0
2024-02-22 08:45:00,FX:EURUSD,1.08297,1.08343,1.0822,1.0823099999999999,4223.0
2024-02-22 09:00:00,FX:EURUSD,1.0823099999999999,1.08247,1.08124,1.08158,3386.0
2024-02-22 09:15:00,FX:EURUSD,1.08158,1.08173,1.08104,1.08129,3547.0
2024-02-22 09:30:00,FX:EURUSD,1.08129,1.08147,1.08027,1.08073,4571.0
2024-02-22 09:45:00,FX:EURUSD,1.08073,1.08204,1.08073,1.08179,8636.0
2024-02-22 10:00:00,FX:EURUSD,1.08179,1.08179,1.08034,1.08118,7413.0
2024-02-22 10:15:00,FX:EURUSD,1.08118,1.08141,1.0806,1.08121,5433.0
2024-02-22 10:30:00,FX:EURUSD,1.08121,1.08194,1.08114,1.08151,3859.0
2024-02-22 10:45:00,FX:EURUSD,1.08151,1.08168,1.08091,1.08102,4916.0
2024-02-22 11:00:00,FX:EURUSD,1.08102,1.08185,1.0809199999999999,1.08166,3684.0
2024-02-22 11:15:00,FX:EURUSD,1.08166,1.08177,1.08149,1.08151,2137.0
2024-02-22 11:30:00,FX:EURUSD,1.08151,1.08168,1.0812,1.08137,2186.0
2024-02-22 11:45:00,FX:EURUSD,1.08137,1.08144,1.08088,1.08141,2543.0
2024-02-22 12:00:00,FX:EURUSD,1.08141,1.08158,1.08118,1.08149,2216.0
2024-02-22 12:15:00,FX:EURUSD,1.08149,1.08211,1.08147,1.08209,1939.0
2024-02-22 12:30:00,FX:EURUSD,1.08209,1.0824,1.08207,1.08229,1731.0
2024-02-22 12:45:00,FX:EURUSD,1.08229,1.0823,1.08195,1.08201,1778.0
2024-02-22 13:00:00,FX:EURUSD,1.08201,1.0821399999999999,1.08167,1.08169,2139.0
2024-02-22 13:15:00,FX:EURUSD,1.08169,1.08228,1.08144,1.08227,2018.0
2024-02-22 13:30:00,FX:EURUSD,1.08227,1.08261,1.08219,1.08256,2016.0
2024-02-22 13:45:00,FX:EURUSD,1.08256,1.08262,1.08233,1.0824799999999999,1820.0
2024-02-22 14:00:00,FX:EURUSD,1.0824799999999999,1.08251,1.08221,1.08227,1776.0
2024-02-22 14:15:00,FX:EURUSD,1.08227,1.08242,1.08222,1.0823099999999999,1310.0
2024-02-22 14:30:00,FX:EURUSD,1.0823099999999999,1.08234,1.08192,1.08199,1432.0
2024-02-22 14:45:00,FX:EURUSD,1.08199,1.08232,1.08198,1.08225,1965.0
2024-02-22 15:00:00,FX:EURUSD,1.08225,1.08232,1.082,1.08207,2258.0
2024-02-22 15:15:00,FX:EURUSD,1.08207,1.08229,1.08199,1.08218,1853.0
2024-02-22 15:30:00,FX:EURUSD,1.08218,1.0823,1.08185,1.08203,1977.0
2024-02-22 15:45:00,FX:EURUSD,1.08203,1.08225,1.08192,1.08217,1365.0
2024-02-22 16:00:00,FX:EURUSD,1.08217,1.08219,1.08207,1.08216,609.0
2024-02-22 16:15:00,FX:EURUSD,1.08216,1.08226,1.08212,1.0822,351.0
2024-02-22 16:30:00,FX:EURUSD,1.0822,1.08232,1.08211,1.08219,605.0
2024-02-22 16:45:00,FX:EURUSD,1.08219,1.08236,1.08219,1.08226,977.0
2024-02-22 17:00:00,FX:EURUSD,1.08226,1.08234,1.08177,1.08229,238.0
2024-02-22 17:15:00,FX:EURUSD,1.08229,1.08239,1.082,1.08208,227.0
2024-02-22 17:30:00,FX:EURUSD,1.08208,1.08244,1.08196,1.08213,887.0
2024-02-22 17:45:00,FX:EURUSD,1.08213,1.08227,1.0816999999999999,1.0821399999999999,582.0
2024-02-22 18:00:00,FX:EURUSD,1.0821399999999999,1.08256,1.08201,1.08253,437.0
2024-02-22 18:15:00,FX:EURUSD,1.08253,1.08257,1.0824799999999999,1.08253,291.0
2024-02-22 18:30:00,FX:EURUSD,1.08253,1.08259,1.08252,1.08255,305.0
2024-02-22 18:45:00,FX:EURUSD,1.08255,1.08256,1.08249,1.08253,334.0
2024-02-22 19:00:00,FX:EURUSD,1.08253,1.0828,1.08252,1.08274,945.0
2024-02-22 19:15:00,FX:EURUSD,1.08274,1.08279,1.08266,1.08274,863.0
2024-02-22 19:30:00,FX:EURUSD,1.08274,1.0828,1.08148,1.08229,2082.0
2024-02-22 19:45:00,FX:EURUSD,1.08229,1.08233,1.08185,1.08219,1842.0
2024-02-22 20:00:00,FX:EURUSD,1.08219,1.08279,1.08216,1.08263,1821.0
2024-02-22 20:15:00,FX:EURUSD,1.08263,1.08268,1.08253,1.08262,1432.0
2024-02-22 20:30:00,FX:EURUSD,1.08262,1.08304,1.08258,1.08303,1393.0
2024-02-22 20:45:00,FX:EURUSD,1.08303,1.08319,1.08251,1.08269,1539.0
2024-02-22 21:00:00,FX:EURUSD,1.08269,1.08305,1.08254,1.08298,1357.0
2024-02-22 21:15:00,FX:EURUSD,1.08298,1.08304,1.08266,1.08274,1346.0
2024-02-22 21:30:00,FX:EURUSD,1.08274,1.08276,1.0824799999999999,1.08274,1418.0
2024-02-22 21:45:00,FX:EURUSD,1.08274,1.08285,1.08255,1.08255,970.0
2024-02-22 22:00:00,FX:EURUSD,1.08255,1.08259,1.08225,1.08234,1307.0
2024-02-22 22:15:00,FX:EURUSD,1.08234,1.08243,1.08232,1.0824,1286.0
2024-02-22 22:30:00,FX:EURUSD,1.0824,1.08253,1.08227,1.08245,1190.0
2024-02-22 22:45:00,FX:EURUSD,1.08245,1.08253,1.08242,1.08253,1117.0
2024-02-22 23:00:00,FX:EURUSD,1.08253,1.08266,1.08249,1.08263,811.0
2024-02-22 23:15:00,FX:EURUSD,1.08263,1.08284,1.08262,1.08282,928.0
2024-02-22 23:30:00,FX:EURUSD,1.08282,1.08283,1.08268,1.08269,917.0
2024-02-22 23:45:00,FX:EURUSD,1.08269,1.08271,1.08254,1.08255,872.0
2024-02-23 00:00:00,FX:EURUSD,1.08255,1.08259,1.08249,1.08254,1032.0
2024-02-23 00:15:00,FX:EURUSD,1.08254,1.08269,1.08253,1.08259,1018.0
2024-02-23 00:30:00,FX:EURUSD,1.08259,1.0826,1.08232,1.08241,1312.0
2024-02-23 00:45:00,FX:EURUSD,1.08241,1.08242,1.08209,1.08227,1297.0
2024-02-23 01:00:00,FX:EURUSD,1.08227,1.08271,1.08227,1.08269,1351.0
2024-02-23 01:15:00,FX:EURUSD,1.08269,1.0827499999999999,1.08244,1.08259,1098.0
2024-02-23 01:30:00,FX:EURUSD,1.08259,1.08262,1.08223,1.08234,1212.0
2024-02-23 01:45:00,FX:EURUSD,1.08234,1.0827499999999999,1.08217,1.08255,1880.0
2024-02-23 02:00:00,FX:EURUSD,1.08255,1.08284,1.08237,1.08283,2443.0
2024-02-23 02:15:00,FX:EURUSD,1.08283,1.08308,1.08269,1.08286,2040.0
2024-02-23 02:30:00,FX:EURUSD,1.08286,1.08291,1.08243,1.08269,1727.0
2024-02-23 02:45:00,FX:EURUSD,1.08269,1.08317,1.08268,1.08295,2438.0
2024-02-23 03:00:00,FX:EURUSD,1.08295,1.08325,1.08284,1.08322,3440.0
2024-02-23 03:15:00,FX:EURUSD,1.08322,1.08322,1.08259,1.08266,2369.0
2024-02-23 03:30:00,FX:EURUSD,1.08266,1.08287,1.08254,1.08267,2277.0
2024-02-23 03:45:00,FX:EURUSD,1.08267,1.08272,1.08209,1.08251,1966.0
2024-02-23 04:00:00,FX:EURUSD,1.08251,1.08255,1.08205,1.08213,2570.0
2024-02-23 04:15:00,FX:EURUSD,1.08213,1.08239,1.08198,1.08213,2186.0
2024-02-23 04:30:00,FX:EURUSD,1.08213,1.08223,1.0815,1.08159,2087.0
2024-02-23 04:45:00,FX:EURUSD,1.08159,1.08193,1.0814,1.08174,1977.0
2024-02-23 05:00:00,FX:EURUSD,1.08174,1.08224,1.08171,1.08224,1648.0
2024-02-23 05:15:00,FX:EURUSD,1.08224,1.08244,1.08218,1.08229,1710.0
2024-02-23 05:30:00,FX:EURUSD,1.08229,1.08244,1.08204,1.08208,2371.0
2024-02-23 05:45:00,FX:EURUSD,1.08208,1.0824799999999999,1.08206,1.08238,2166.0
2024-02-23 06:00:00,FX:EURUSD,1.08238,1.08263,1.08228,1.0824,1718.0
2024-02-23 06:15:00,FX:EURUSD,1.0824,1.08314,1.08223,1.08293,2272.0
2024-02-23 06:30:00,FX:EURUSD,1.08293,1.08303,1.08258,1.08301,1992.0
2024-02-23 06:45:00,FX:EURUSD,1.08301,1.08313,1.08253,1.08271,2595.0
2024-02-23 07:00:00,FX:EURUSD,1.08271,1.08291,1.08245,1.08264,2092.0
2024-02-23 07:15:00,FX:EURUSD,1.08264,1.08347,1.0824799999999999,1.08337,2323.0
2024-02-23 07:30:00,FX:EURUSD,1.08337,1.08395,1.0833599999999999,1.08365,3587.0
2024-02-23 07:45:00,FX:EURUSD,1.08365,1.08388,1.08345,1.0836,2842.0
2024-02-23 08:00:00,FX:EURUSD,1.0836,1.08367,1.08305,1.0836,3950.0
2024-02-23 08:15:00,FX:EURUSD,1.0836,1.08363,1.083,1.08313,3312.0
2024-02-23 08:30:00,FX:EURUSD,1.08313,1.08335,1.08268,1.08274,3425.0
2024-02-23 08:45:00,FX:EURUSD,1.08274,1.08342,1.08274,1.08318,3148.0
2024-02-23 09:00:00,FX:EURUSD,1.08318,1.08333,1.08267,1.0827499999999999,3800.0
2024-02-23 09:15:00,FX:EURUSD,1.0827499999999999,1.08338,1.08274,1.08327,3065.0
2024-02-23 09:30:00,FX:EURUSD,1.08327,1.08368,1.08284,1.08289,4174.0
2024-02-23 09:45:00,FX:EURUSD,1.08289,1.08294,1.08244,1.08254,4662.0
2024-02-23 10:00:00,FX:EURUSD,1.08254,1.08255,1.08158,1.0819,4751.0
2024-02-23 10:15:00,FX:EURUSD,1.0819,1.08221,1.08166,1.08197,4508.0
2024-02-23 10:30:00,FX:EURUSD,1.08197,1.08222,1.08168,1.08171,3539.0
2024-02-23 10:45:00,FX:EURUSD,1.08171,1.08222,1.08118,1.08206,3819.0
2024-02-23 11:00:00,FX:EURUSD,1.08206,1.08225,1.08149,1.08155,4549.0
2024-02-23 11:15:00,FX:EURUSD,1.08155,1.08225,1.0815299999999999,1.0822,3203.0
2024-02-23 11:30:00,FX:EURUSD,1.0822,1.08257,1.0822,1.08228,4389.0
2024-02-23 11:45:00,FX:EURUSD,1.08228,1.08287,1.08227,1.08273,4007.0
2024-02-23 12:00:00,FX:EURUSD,1.08273,1.08288,1.08254,1.0826,3059.0
2024-02-23 12:15:00,FX:EURUSD,1.0826,1.08268,1.08239,1.08246,2754.0
2024-02-23 12:30:00,FX:EURUSD,1.08246,1.08274,1.08237,1.08247,2759.0
2024-02-23 12:45:00,FX:EURUSD,1.08247,1.08257,1.0821,1.08247,2360.0
2024-02-23 13:00:00,FX:EURUSD,1.08247,1.08255,1.08229,1.08244,1955.0
2024-02-23 13:15:00,FX:EURUSD,1.08244,1.08284,1.08243,1.0828,2101.0
2024-02-23 13:30:00,FX:EURUSD,1.0828,1.08296,1.08268,1.08282,2221.0
2024-02-23 13:45:00,FX:EURUSD,1.08282,1.08287,1.08265,1.08266,2179.0
2024-02-23 14:00:00,FX:EURUSD,1.08266,1.08266,1.08239,1.08245,2536.0
2024-02-23 14:15:00,FX:EURUSD,1.08245,1.0824799999999999,1.082,1.08209,1250.0
2024-02-23 14:30:00,FX:EURUSD,1.08209,1.08224,1.08204,1.08212,1450.0
2024-02-23 14:45:00,FX:EURUSD,1.08212,1.08235,1.08205,1.08229,1885.0
2024-02-23 15:00:00,FX:EURUSD,1.08229,1.08244,1.08207,1.08221,1943.0
2024-02-23 15:15:00,FX:EURUSD,1.08221,1.08226,1.0818699999999999,1.08194,1665.0
2024-02-23 15:30:00,FX:EURUSD,1.08194,1.08198,1.08175,1.08197,1124.0
2024-02-23 15:45:00,FX:EURUSD,1.08197,1.08228,1.08197,1.08223,1567.0
2024-02-23 16:00:00,FX:EURUSD,1.08223,1.08225,1.08213,1.08219,736.0
2024-02-23 16:15:00,FX:EURUSD,1.08219,1.0823099999999999,1.08207,1.08225,436.0
2024-02-23 16:30:00,FX:EURUSD,1.08225,1.08226,1.08203,1.08209,594.0
2024-02-23 16:45:00,FX:EURUSD,1.08209,1.08221,1.08162,1.08175,725.0
2024-02-25 17:00:00,FX:EURUSD,1.08319,1.08319,1.08194,1.08207,283.0
2024-02-25 17:15:00,FX:EURUSD,1.08207,1.08223,1.08163,1.08185,405.0
2024-02-25 17:30:00,FX:EURUSD,1.08185,1.08204,1.08178,1.08191,172.0
2024-02-25 17:45:00,FX:EURUSD,1.08191,1.0824,1.08183,1.08224,1087.0
2024-02-25 18:00:00,FX:EURUSD,1.08224,1.0823,1.08198,1.08218,431.0
2024-02-25 18:15:00,FX:EURUSD,1.08218,1.08218,1.08203,1.08204,171.0
2024-02-25 18:30:00,FX:EURUSD,1.08204,1.08205,1.08189,1.082,490.0
2024-02-25 18:45:00,FX:EURUSD,1.082,1.08203,1.08189,1.08189,314.0
2024-02-25 19:00:00,FX:EURUSD,1.08189,1.08201,1.08177,1.08186,1059.0
2024-02-25 19:15:00,FX:EURUSD,1.08186,1.08196,1.0816,1.08191,1368.0
2024-02-25 19:30:00,FX:EURUSD,1.08191,1.08192,1.08167,1.08186,893.0
2024-02-25 19:45:00,FX:EURUSD,1.08186,1.08195,1.08165,1.08167,1489.0
2024-02-25 20:00:00,FX:EURUSD,1.08167,1.08167,1.08132,1.08141,1369.0
2024-02-25 20:15:00,FX:EURUSD,1.08141,1.08175,1.0812599999999999,1.08169,1174.0
2024-02-25 20:30:00,FX:EURUSD,1.08169,1.08195,1.08166,1.08194,1218.0
2024-02-25 20:45:00,FX:EURUSD,1.08194,1.08194,1.0816,1.08165,1325.0
2024-02-25 21:00:00,FX:EURUSD,1.08165,1.08169,1.08146,1.08168,887.0
2024-02-25 21:15:00,FX:EURUSD,1.08168,1.08169,1.08142,1.08164,919.0
2024-02-25 21:30:00,FX:EURUSD,1.08164,1.08172,1.0815,1.08172,910.0
2024-02-25 21:45:00,FX:EURUSD,1.08172,1.08175,1.0815,1.08171,1098.0
2024-02-25 22:00:00,FX:EURUSD,1.08171,1.08174,1.0816,1.08167,911.0
2024-02-25 22:15:00,FX:EURUSD,1.08167,1.08185,1.08166,1.08183,833.0
2024-02-25 22:30:00,FX:EURUSD,1.08183,1.08192,1.08178,1.08185,829.0
2024-02-25 22:45:00,FX:EURUSD,1.08185,1.08194,1.08178,1.08184,637.0
2024-02-25 23:00:00,FX:EURUSD,1.08184,1.08201,1.08174,1.08199,620.0
2024-02-25 23:15:00,FX:EURUSD,1.08199,1.0821399999999999,1.08198,1.08205,515.0
2024-02-25 23:30:00,FX:EURUSD,1.08205,1.08227,1.08205,1.08219,843.0
2024-02-25 23:45:00,FX:EURUSD,1.08219,1.0822,1.08204,1.08211,569.0
2024-02-26 00:00:00,FX:EURUSD,1.08211,1.08218,1.08201,1.08206,1124.0
2024-02-26 00:15:00,FX:EURUSD,1.08206,1.08208,1.08188,1.08196,751.0
2024-02-26 00:30:00,FX:EURUSD,1.08196,1.08215,1.08195,1.08208,816.0
2024-02-26 00:45:00,FX:EURUSD,1.08208,1.08241,1.08208,1.0823,961.0
2024-02-26 01:00:00,FX:EURUSD,1.0823,1.0824,1.08219,1.08232,868.0
2024-02-26 01:15:00,FX:EURUSD,1.08232,1.08247,1.08229,1.08245,1076.0
2024-02-26 01:30:00,FX:EURUSD,1.08245,1.08255,1.08236,1.08241,944.0
2024-02-26 01:45:00,FX:EURUSD,1.08241,1.08247,1.0823,1.08239,1183.0
2024-02-26 02:00:00,FX:EURUSD,1.08239,1.08325,1.08228,1.08319,2449.0
2024-02-26 02:15:00,FX:EURUSD,1.08319,1.08319,1.0829199999999999,1.08312,1947.0
2024-02-26 02:30:00,FX:EURUSD,1.08312,1.08367,1.08298,1.08301,2216.0
2024-02-26 02:45:00,FX:EURUSD,1.08301,1.08343,1.08299,1.08321,2648.0
2024-02-26 03:00:00,FX:EURUSD,1.08321,1.08324,1.0827,1.0827499999999999,2839.0
2024-02-26 03:15:00,FX:EURUSD,1.0827499999999999,1.0833,1.0827499999999999,1.08326,2818.0
2024-02-26 03:30:00,FX:EURUSD,1.08326,1.08356,1.08326,1.08333,2232.0
2024-02-26 03:45:00,FX:EURUSD,1.08333,1.08356,1.08304,1.08321,2729.0
2024-02-26 04:00:00,FX:EURUSD,1.08321,1.08364,1.08305,1.08344,2601.0
2024-02-26 04:15:00,FX:EURUSD,1.08344,1.08376,1.08337,1.0836,2017.0
2024-02-26 04:30:00,FX:EURUSD,1.0836,1.08395,1.0836,1.08391,1905.0
2024-02-26 04:45:00,FX:EURUSD,1.08391,1.08403,1.08374,1.08399,1810.0
2024-02-26 05:00:00,FX:EURUSD,1.08399,1.0846,1.08384,1.0845,2224.0
2024-02-26 05:15:00,FX:EURUSD,1.0845,1.08472,1.08424,1.0847,1767.0
2024-02-26 05:30:00,FX:EURUSD,1.0847,1.08487,1.0844799999999999,1.08467,1759.0
2024-02-26 05:45:00,FX:EURUSD,1.08467,1.08485,1.08457,1.08477,1759.0
2024-02-26 06:00:00,FX:EURUSD,1.08477,1.08504,1.08449,1.08494,1731.0
2024-02-26 06:15:00,FX:EURUSD,1.08494,1.08533,1.08473,1.08525,1936.0
2024-02-26 06:30:00,FX:EURUSD,1.08525,1.08539,1.08502,1.08529,1469.0
2024-02-26 06:45:00,FX:EURUSD,1.08529,1.08532,1.08493,1.08519,1544.0
2024-02-26 07:00:00,FX:EURUSD,1.08519,1.08544,1.08507,1.08512,1676.0
2024-02-26 07:15:00,FX:EURUSD,1.08512,1.08555,1.08511,1.0854,1712.0
2024-02-26 07:30:00,FX:EURUSD,1.0854,1.08559,1.08531,1.08558,1815.0
2024-02-26 07:45:00,FX:EURUSD,1.08558,1.0859699999999999,1.08487,1.08495,2538.0
2024-02-26 08:00:00,FX:EURUSD,1.08495,1.08547,1.08483,1.08521,2811.0
2024-02-26 08:15:00,FX:EURUSD,1.08521,1.08537,1.08495,1.08514,2361.0
2024-02-26 08:30:00,FX:EURUSD,1.08514,1.08557,1.08505,1.08552,2595.0
2024-02-26 08:45:00,FX:EURUSD,1.08552,1.08588,1.0853,1.0858,2257.0
2024-02-26 09:00:00,FX:EURUSD,1.0858,1.08588,1.08451,1.08453,3227.0
2024-02-26 09:15:00,FX:EURUSD,1.08453,1.0850899999999999,1.0844799999999999,1.085,2593.0
2024-02-26 09:30:00,FX:EURUSD,1.085,1.08546,1.08496,1.08504,2844.0
2024-02-26 09:45:00,FX:EURUSD,1.08504,1.08507,1.08438,1.08458,2645.0
2024-02-26 10:00:00,FX:EURUSD,1.08458,1.08484,1.08386,1.0841399999999999,3750.0
2024-02-26 10:15:00,FX:EURUSD,1.0841399999999999,1.0847,1.08389,1.08457,2729.0
2024-02-26 10:30:00,FX:EURUSD,1.08457,1.08512,1.08453,1.0848,2693.0
2024-02-26 10:45:00,FX:EURUSD,1.0848,1.08543,1.08469,1.08508,2491.0
2024-02-26 11:00:00,FX:EURUSD,1.08508,1.08525,1.08477,1.08481,2822.0
2024-02-26 11:15:00,FX:EURUSD,1.08481,1.0850899999999999,1.0847,1.08496,2368.0
2024-02-26 11:30:00,FX:EURUSD,1.08496,1.08522,1.08477,1.0850899999999999,2555.0
2024-02-26 11:45:00,FX:EURUSD,1.0850899999999999,1.08555,1.0850899999999999,1.0854,1862.0
2024-02-26 12:00:00,FX:EURUSD,1.0854,1.08549,1.08507,1.08517,1781.0
2024-02-26 12:15:00,FX:EURUSD,1.08517,1.08519,1.08474,1.08487,1362.0
2024-02-26 12:30:00,FX:EURUSD,1.08487,1.085,1.08456,1.08464,1337.0
2024-02-26 12:45:00,FX:EURUSD,1.08464,1.08469,1.08435,1.08453,2010.0
2024-02-26 13:00:00,FX:EURUSD,1.08453,1.08458,1.0841,1.08438,2530.0
2024-02-26 13:15:00,FX:EURUSD,1.08438,1.08444,1.08409,1.08416,1636.0
2024-02-26 13:30:00,FX:EURUSD,1.08416,1.08436,1.0839699999999999,1.08427,1438.0
2024-02-26 13:45:00,FX:EURUSD,1.08427,1.08452,1.08419,1.08445,936.0
2024-02-26 14:00:00,FX:EURUSD,1.08445,1.08473,1.08442,1.08445,1666.0
2024-02-26 14:15:00,FX:EURUSD,1.08445,1.08461,1.08439,1.0845,1189.0
2024-02-26 14:30:00,FX:EURUSD,1.0845,1.0847499999999999,1.08442,1.0846,1449.0
2024-02-26 14:45:00,FX:EURUSD,1.0846,1.08473,1.08451,1.08463,1614.0
2024-02-26 15:00:00,FX:EURUSD,1.08463,1.08513,1.08462,1.08512,1497.0
2024-02-26 15:15:00,FX:EURUSD,1.08512,1.08526,1.085,1.08519,1763.0
2024-02-26 15:30:00,FX:EURUSD,1.08519,1.08524,1.08502,1.08514,2089.0
2024-02-26 15:45:00,FX:EURUSD,1.08514,1.08526,1.08503,1.08507,1619.0
2024-02-26 16:00:00,FX:EURUSD,1.08507,1.0850899999999999,1.085,1.08507,490.0
2024-02-26 16:15:00,FX:EURUSD,1.08507,1.08511,1.085,1.08503,433.0
2024-02-26 16:30:00,FX:EURUSD,1.08503,1.08507,1.08496,1.08503,462.0
2024-02-26 16:45:00,FX:EURUSD,1.08503,1.08515,1.08503,1.0851,527.0
2024-02-26 17:00:00,FX:EURUSD,1.0851,1.0851,1.0845,1.08477,27.0
2024-02-26 17:15:00,FX:EURUSD,1.08477,1.08477,1.08437,1.08453,19.0
2024-02-26 17:30:00,FX:EURUSD,1.08453,1.08485,1.08451,1.08483,82.0
2024-02-26 17:45:00,FX:EURUSD,1.08483,1.08503,1.08482,1.08501,346.0
2024-02-26 18:00:00,FX:EURUSD,1.08501,1.0850899999999999,1.08484,1.08486,285.0
2024-02-26 18:15:00,FX:EURUSD,1.08486,1.08491,1.08481,1.08488,371.0
2024-02-26 18:30:00,FX:EURUSD,1.08488,1.08514,1.08488,1.0850899999999999,498.0
2024-02-26 18:45:00,FX:EURUSD,1.0850899999999999,1.08512,1.08502,1.08503,288.0
2024-02-26 19:00:00,FX:EURUSD,1.08503,1.08507,1.0847499999999999,1.08488,927.0
2024-02-26 19:15:00,FX:EURUSD,1.08488,1.08495,1.0847499999999999,1.08493,1489.0
2024-02-26 19:30:00,FX:EURUSD,1.08493,1.08495,1.08473,1.08473,1108.0
2024-02-26 19:45:00,FX:EURUSD,1.08473,1.08487,1.08467,1.08474,1046.0
2024-02-26 20:00:00,FX:EURUSD,1.08474,1.08481,1.08456,1.08462,1350.0
2024-02-26 20:15:00,FX:EURUSD,1.08462,1.08472,1.08453,1.08468,1076.0
2024-02-26 20:30:00,FX:EURUSD,1.08468,1.08494,1.08463,1.08493,1563.0
2024-02-26 20:45:00,FX:EURUSD,1.08493,1.08507,1.08474,1.08499,1500.0
2024-02-26 21:00:00,FX:EURUSD,1.08499,1.08534,1.08499,1.08528,890.0
2024-02-26 21:15:00,FX:EURUSD,1.08528,1.08529,1.08482,1.08504,1225.0
2024-02-26 21:30:00,FX:EURUSD,1.08504,1.08526,1.08504,1.08514,1165.0
2024-02-26 21:45:00,FX:EURUSD,1.08514,1.08519,1.08508,1.08514,1056.0
2024-02-26 22:00:00,FX:EURUSD,1.08514,1.08516,1.08485,1.08499,762.0
2024-02-26 22:15:00,FX:EURUSD,1.08499,1.08526,1.08496,1.08515,1184.0
2024-02-26 22:30:00,FX:EURUSD,1.08515,1.08525,1.08514,1.08522,545.0
2024-02-26 22:45:00,FX:EURUSD,1.08522,1.08531,1.08521,1.08528,1139.0
2024-02-26 23:00:00,FX:EURUSD,1.08528,1.08539,1.08524,1.08534,1254.0
2024-02-26 23:15:00,FX:EURUSD,1.08534,1.08547,1.08529,1.08547,931.0
2024-02-26 23:30:00,FX:EURUSD,1.08547,1.0855299999999999,1.08542,1.08543,781.0
2024-02-26 23:45:00,FX:EURUSD,1.08543,1.08548,1.08527,1.08533,777.0
2024-02-27 00:00:00,FX:EURUSD,1.08533,1.0854,1.08527,1.08534,674.0
2024-02-27 00:15:00,FX:EURUSD,1.08534,1.08534,1.08501,1.08501,895.0
2024-02-27 00:30:00,FX:EURUSD,1.08501,1.0850899999999999,1.08485,1.0849199999999999,1304.0
2024-02-27 00:45:00,FX:EURUSD,1.0849199999999999,1.08529,1.08487,1.08519,1208.0
2024-02-27 01:00:00,FX:EURUSD,1.08519,1.08528,1.085,1.08507,939.0
2024-02-27 01:15:00,FX:EURUSD,1.08507,1.0851,1.08476,1.0849199999999999,1079.0
2024-02-27 01:30:00,FX:EURUSD,1.0849199999999999,1.08517,1.0847,1.08477,1230.0
2024-02-27 01:45:00,FX:EURUSD,1.08477,1.085,1.0847,1.085,1441.0
2024-02-27 02:00:00,FX:EURUSD,1.085,1.08576,1.08498,1.08574,1509.0
2024-02-27 02:15:00,FX:EURUSD,1.08574,1.08627,1.08565,1.08615,1417.0
2024-02-27 02:30:00,FX:EURUSD,1.08615,1.08621,1.08564,1.08571,1957.0
2024-02-27 02:45:00,FX:EURUSD,1.08571,1.08591,1.0855299999999999,1.0856,1809.0
2024-02-27 03:00:00,FX:EURUSD,1.0856,1.08583,1.08529,1.08572,2216.0
2024-02-27 03:15:00,FX:EURUSD,1.08572,1.08615,1.08561,1.08603,1923.0
2024-02-27 03:30:00,FX:EURUSD,1.08603,1.08642,1.08575,1.08635,1988.0
2024-02-27 03:45:00,FX:EURUSD,1.08635,1.08659,1.08559,1.08574,2264.0
2024-02-27 04:00:00,FX:EURUSD,1.08574,1.08593,1.08565,1.08574,1830.0
2024-02-27 04:15:00,FX:EURUSD,1.08574,1.08589,1.0853,1.08538,1872.0
2024-02-27 04:30:00,FX:EURUSD,1.08538,1.08554,1.08518,1.08534,1875.0
2024-02-27 04:45:00,FX:EURUSD,1.08534,1.08569,1.08521,1.08529,2067.0
2024-02-27 05:00:00,FX:EURUSD,1.08529,1.08529,1.08418,1.08441,2082.0
2024-02-27 05:15:00,FX:EURUSD,1.08441,1.08479,1.08433,1.08456,1839.0
2024-02-27 05:30:00,FX:EURUSD,1.08456,1.0850899999999999,1.08455,1.08501,1584.0
2024-02-27 05:45:00,FX:EURUSD,1.08501,1.08531,1.08488,1.08516,1432.0
2024-02-27 06:00:00,FX:EURUSD,1.08516,1.08528,1.08478,1.08524,1781.0
2024-02-27 06:15:00,FX:EURUSD,1.08524,1.08549,1.08516,1.08542,1430.0
2024-02-27 06:30:00,FX:EURUSD,1.08542,1.08567,1.08534,1.08567,1453.0
2024-02-27 06:45:00,FX:EURUSD,1.08567,1.08589,1.08548,1.08575,1763.0
2024-02-27 07:00:00,FX:EURUSD,1.08575,1.08613,1.0856999999999999,1.08612,1286.0
2024-02-27 07:15:00,FX:EURUSD,1.08612,1.08616,1.08582,1.08586,1146.0
2024-02-27 07:30:00,FX:EURUSD,1.08586,1.08605,1.08576,1.08598,1994.0
2024-02-27 07:45:00,FX:EURUSD,1.08598,1.0863099999999999,1.08557,1.08566,2030.0
2024-02-27 08:00:00,FX:EURUSD,1.08566,1.08577,1.0853,1.0855299999999999,3281.0
2024-02-27 08:15:00,FX:EURUSD,1.0855299999999999,1.08561,1.08498,1.08504,2605.0
2024-02-27 08:30:00,FX:EURUSD,1.08504,1.08564,1.08456,1.08461,4794.0
2024-02-27 08:45:00,FX:EURUSD,1.08461,1.08514,1.0844799999999999,1.08479,3055.0
2024-02-27 09:00:00,FX:EURUSD,1.08479,1.0850899999999999,1.08418,1.08422,3115.0
2024-02-27 09:15:00,FX:EURUSD,1.08422,1.08451,1.08399,1.08413,2542.0
2024-02-27 09:30:00,FX:EURUSD,1.08413,1.08447,1.08367,1.084,3209.0
2024-02-27 09:45:00,FX:EURUSD,1.084,1.08407,1.08358,1.084,2346.0
2024-02-27 10:00:00,FX:EURUSD,1.084,1.08465,1.08357,1.08383,5493.0
2024-02-27 10:15:00,FX:EURUSD,1.08383,1.08427,1.08376,1.08391,3279.0
2024-02-27 10:30:00,FX:EURUSD,1.08391,1.08393,1.08329,1.08364,3014.0
2024-02-27 10:45:00,FX:EURUSD,1.08364,1.08511,1.0836,1.08469,4419.0
2024-02-27 11:00:00,FX:EURUSD,1.08469,1.08521,1.08447,1.08515,4060.0
2024-02-27 11:15:00,FX:EURUSD,1.08515,1.08547,1.08497,1.08523,2911.0
2024-02-27 11:30:00,FX:EURUSD,1.08523,1.08543,1.08483,1.08523,2974.0
2024-02-27 11:45:00,FX:EURUSD,1.08523,1.08578,1.08523,1.0856,2207.0
2024-02-27 12:00:00,FX:EURUSD,1.0856,1.08565,1.08501,1.08508,2276.0
2024-02-27 12:15:00,FX:EURUSD,1.08508,1.0854,1.08488,1.08523,2477.0
2024-02-27 12:30:00,FX:EURUSD,1.08523,1.08559,1.08512,1.08521,1967.0
2024-02-27 12:45:00,FX:EURUSD,1.08521,1.0855299999999999,1.08502,1.08507,2270.0
2024-02-27 13:00:00,FX:EURUSD,1.08507,1.08554,1.08493,1.0855299999999999,3125.0
2024-02-27 13:15:00,FX:EURUSD,1.0855299999999999,1.08567,1.08524,1.08524,2096.0
2024-02-27 13:30:00,FX:EURUSD,1.08524,1.08533,1.08504,1.08519,2538.0
2024-02-27 13:45:00,FX:EURUSD,1.08519,1.0852,1.08489,1.08495,2950.0
2024-02-27 14:00:00,FX:EURUSD,1.08495,1.08495,1.08469,1.08469,1353.0
2024-02-27 14:15:00,FX:EURUSD,1.08469,1.08484,1.08428,1.08454,1773.0
2024-02-27 14:30:00,FX:EURUSD,1.08454,1.0846,1.08423,1.08429,1855.0
2024-02-27 14:45:00,FX:EURUSD,1.08429,1.08447,1.08407,1.08442,2005.0
2024-02-27 15:00:00,FX:EURUSD,1.08442,1.08443,1.08419,1.08425,1921.0
2024-02-27 15:15:00,FX:EURUSD,1.08425,1.08461,1.0842,1.08455,1724.0
2024-02-27 15:30:00,FX:EURUSD,1.08455,1.08474,1.08447,1.08472,1895.0
2024-02-27 15:45:00,FX:EURUSD,1.08472,1.0847499999999999,1.08441,1.08442,1612.0
2024-02-27 16:00:00,FX:EURUSD,1.08442,1.0846,1.08439,1.08457,328.0
2024-02-27 16:15:00,FX:EURUSD,1.08457,1.08461,1.08446,1.08446,202.0
2024-02-27 16:30:00,FX:EURUSD,1.08446,1.08451,1.08436,1.0844799999999999,326.0
2024-02-27 16:45:00,FX:EURUSD,1.0844799999999999,1.08453,1.08439,1.08441,491.0
2024-02-27 17:00:00,FX:EURUSD,1.08441,1.08454,1.08413,1.08445,184.0
2024-02-27 17:15:00,FX:EURUSD,1.08445,1.08458,1.0844,1.08452,355.0
2024-02-27 17:30:00,FX:EURUSD,1.08452,1.08462,1.08441,1.08444,1795.0
2024-02-27 17:45:00,FX:EURUSD,1.08444,1.08456,1.08437,1.08437,662.0
2024-02-27 18:00:00,FX:EURUSD,1.08437,1.08452,1.08429,1.0845,307.0
2024-02-27 18:15:00,FX:EURUSD,1.0845,1.08452,1.08437,1.08439,424.0
2024-02-27 18:30:00,FX:EURUSD,1.08439,1.08443,1.08426,1.0843099999999999,410.0
2024-02-27 18:45:00,FX:EURUSD,1.0843099999999999,1.0843099999999999,1.08409,1.08409,343.0
2024-02-27 19:00:00,FX:EURUSD,1.08409,1.08424,1.08405,1.08419,628.0
2024-02-27 19:15:00,FX:EURUSD,1.08419,1.08446,1.08416,1.08426,605.0
2024-02-27 19:30:00,FX:EURUSD,1.08426,1.08454,1.0841,1.0845,983.0
2024-02-27 19:45:00,FX:EURUSD,1.0845,1.08457,1.08429,1.08447,1149.0
2024-02-27 20:00:00,FX:EURUSD,1.08447,1.0844799999999999,1.084,1.08404,2211.0
2024-02-27 20:15:00,FX:EURUSD,1.08404,1.08436,1.08404,1.08405,982.0
2024-02-27 20:30:00,FX:EURUSD,1.08405,1.08416,1.08378,1.0841399999999999,1100.0
2024-02-27 20:45:00,FX:EURUSD,1.0841399999999999,1.08416,1.08393,1.08395,979.0
2024-02-27 21:00:00,FX:EURUSD,1.08395,1.08401,1.0836999999999999,1.08389,875.0
2024-02-27 21:15:00,FX:EURUSD,1.08389,1.08402,1.08374,1.08394,913.0
2024-02-27 21:30:00,FX:EURUSD,1.08394,1.08399,1.08373,1.08373,773.0
2024-02-27 21:45:00,FX:EURUSD,1.08373,1.08384,1.0836999999999999,1.08375,795.0
2024-02-27 22:00:00,FX:EURUSD,1.08375,1.08381,1.08358,1.08359,876.0
2024-02-27 22:15:00,FX:EURUSD,1.08359,1.08359,1.08327,1.0833,1132.0
2024-02-27 22:30:00,FX:EURUSD,1.0833,1.08346,1.08329,1.08332,646.0
2024-02-27 22:45:00,FX:EURUSD,1.08332,1.0835,1.08327,1.08343,1127.0
2024-02-27 23:00:00,FX:EURUSD,1.08343,1.08357,1.08327,1.0833,791.0
2024-02-27 23:15:00,FX:EURUSD,1.0833,1.08342,1.08325,1.0834,772.0
2024-02-27 23:30:00,FX:EURUSD,1.0834,1.08346,1.08328,1.0833,417.0
2024-02-27 23:45:00,FX:EURUSD,1.0833,1.08335,1.08318,1.08322,704.0
2024-02-28 00:00:00,FX:EURUSD,1.08322,1.08331,1.08316,1.08324,673.0
2024-02-28 00:15:00,FX:EURUSD,1.08324,1.08329,1.08298,1.08305,524.0
2024-02-28 00:30:00,FX:EURUSD,1.08305,1.08306,1.08259,1.08263,728.0
2024-02-28 00:45:00,FX:EURUSD,1.08263,1.0827,1.08254,1.08267,922.0
2024-02-28 01:00:00,FX:EURUSD,1.08267,1.08294,1.08265,1.08284,724.0
2024-02-28 01:15:00,FX:EURUSD,1.08284,1.0829,1.08258,1.0827,919.0
2024-02-28 01:30:00,FX:EURUSD,1.0827,1.08271,1.08252,1.08262,1081.0
2024-02-28 01:45:00,FX:EURUSD,1.08262,1.08267,1.08219,1.08224,1416.0
2024-02-28 02:00:00,FX:EURUSD,1.08224,1.0824799999999999,1.0821399999999999,1.0823099999999999,2157.0
2024-02-28 02:15:00,FX:EURUSD,1.0823099999999999,1.08246,1.08188,1.08189,2250.0
2024-02-28 02:30:00,FX:EURUSD,1.08189,1.08199,1.08164,1.08172,3016.0
2024-02-28 02:45:00,FX:EURUSD,1.08172,1.0824,1.08171,1.08232,2555.0
2024-02-28 03:00:00,FX:EURUSD,1.08232,1.08241,1.08179,1.08188,2703.0
2024-02-28 03:15:00,FX:EURUSD,1.08188,1.08189,1.08142,1.08151,1943.0
2024-02-28 03:30:00,FX:EURUSD,1.08151,1.0818699999999999,1.0814,1.08151,2374.0
2024-02-28 03:45:00,FX:EURUSD,1.08151,1.08151,1.08082,1.08089,2677.0
2024-02-28 04:00:00,FX:EURUSD,1.08089,1.0812599999999999,1.0805,1.08072,2939.0
2024-02-28 04:15:00,FX:EURUSD,1.08072,1.08073,1.07978,1.08036,3575.0
2024-02-28 04:30:00,FX:EURUSD,1.08036,1.08037,1.07965,1.08003,3439.0
2024-02-28 04:45:00,FX:EURUSD,1.08003,1.08018,1.07982,1.07998,3060.0
2024-02-28 05:00:00,FX:EURUSD,1.07998,1.08094,1.07993,1.08072,3144.0
2024-02-28 05:15:00,FX:EURUSD,1.08072,1.08159,1.08068,1.08149,3049.0
2024-02-28 05:30:00,FX:EURUSD,1.08149,1.08176,1.08144,1.08156,2777.0
2024-02-28 05:45:00,FX:EURUSD,1.08156,1.08175,1.08139,1.08155,2650.0
2024-02-28 06:00:00,FX:EURUSD,1.08155,1.08165,1.0811,1.08138,2103.0
2024-02-28 06:15:00,FX:EURUSD,1.08138,1.08168,1.08122,1.08165,1846.0
2024-02-28 06:30:00,FX:EURUSD,1.08165,1.08179,1.08145,1.0815299999999999,1862.0
2024-02-28 06:45:00,FX:EURUSD,1.0815299999999999,1.08175,1.08148,1.08154,1976.0
2024-02-28 07:00:00,FX:EURUSD,1.08154,1.08208,1.08154,1.08189,1899.0
2024-02-28 07:15:00,FX:EURUSD,1.08189,1.0819,1.08136,1.08138,1889.0
2024-02-28 07:30:00,FX:EURUSD,1.08138,1.0815,1.081,1.08128,1721.0
2024-02-28 07:45:00,FX:EURUSD,1.08128,1.0815,1.08071,1.08088,2353.0
2024-02-28 08:00:00,FX:EURUSD,1.08088,1.08136,1.08067,1.08136,2524.0
2024-02-28 08:15:00,FX:EURUSD,1.08136,1.08151,1.08117,1.08136,2871.0
2024-02-28 08:30:00,FX:EURUSD,1.08136,1.08216,1.08085,1.08208,6080.0
2024-02-28 08:45:00,FX:EURUSD,1.08208,1.08311,1.08186,1.08276,5731.0
2024-02-28 09:00:00,FX:EURUSD,1.08276,1.08327,1.08217,1.0822,4591.0
2024-02-28 09:15:00,FX:EURUSD,1.0822,1.08317,1.08213,1.08293,3508.0
2024-02-28 09:30:00,FX:EURUSD,1.08293,1.08297,1.08226,1.08274,4276.0
2024-02-28 09:45:00,FX:EURUSD,1.08274,1.08337,1.08272,1.08298,3304.0
2024-02-28 10:00:00,FX:EURUSD,1.08298,1.08332,1.0826,1.08322,3305.0
2024-02-28 10:15:00,FX:EURUSD,1.08322,1.08377,1.08321,1.08364,3304.0
2024-02-28 10:30:00,FX:EURUSD,1.08364,1.08367,1.08288,1.08295,3050.0
2024-02-28 10:45:00,FX:EURUSD,1.08295,1.08347,1.08277,1.08342,2894.0
2024-02-28 11:00:00,FX:EURUSD,1.08342,1.08366,1.08311,1.08331,3027.0
2024-02-28 11:15:00,FX:EURUSD,1.08331,1.08359,1.08322,1.08345,2571.0
2024-02-28 11:30:00,FX:EURUSD,1.08345,1.08387,1.08328,1.08386,2483.0
2024-02-28 11:45:00,FX:EURUSD,1.08386,1.08423,1.08371,1.08421,2029.0
2024-02-28 12:00:00,FX:EURUSD,1.08421,1.08458,1.08416,1.08425,2248.0
2024-02-28 12:15:00,FX:EURUSD,1.08425,1.08429,1.0839699999999999,1.08399,1275.0
2024-02-28 12:30:00,FX:EURUSD,1.08399,1.08399,1.08338,1.08359,1485.0
2024-02-28 12:45:00,FX:EURUSD,1.08359,1.08394,1.08358,1.08383,1534.0
2024-02-28 13:00:00,FX:EURUSD,1.08383,1.0839699999999999,1.08365,1.08373,1524.0
2024-02-28 13:15:00,FX:EURUSD,1.08373,1.08403,1.08365,1.08396,1757.0
2024-02-28 13:30:00,FX:EURUSD,1.08396,1.08404,1.08368,1.0836999999999999,1309.0
2024-02-28 13:45:00,FX:EURUSD,1.0836999999999999,1.08376,1.08329,1.08343,877.0
2024-02-28 14:00:00,FX:EURUSD,1.08343,1.08358,1.0834,1.08346,1667.0
2024-02-28 14:15:00,FX:EURUSD,1.08346,1.08373,1.08339,1.08366,2007.0
2024-02-28 14:30:00,FX:EURUSD,1.08366,1.08366,1.08328,1.08341,1553.0
2024-02-28 14:45:00,FX:EURUSD,1.08341,1.08347,1.08324,1.0833599999999999,1597.0
2024-02-28 15:00:00,FX:EURUSD,1.0833599999999999,1.0835,1.08329,1.08343,1654.0
2024-02-28 15:15:00,FX:EURUSD,1.08343,1.0839699999999999,1.08337,1.08393,1327.0
2024-02-28 15:30:00,FX:EURUSD,1.08393,1.08398,1.08365,1.08369,1257.0
2024-02-28 15:45:00,FX:EURUSD,1.08369,1.08382,1.08362,1.08381,1208.0
2024-02-28 16:00:00,FX:EURUSD,1.08381,1.08382,1.08362,1.08376,711.0
2024-02-28 16:15:00,FX:EURUSD,1.08376,1.08378,1.08367,1.0836999999999999,336.0
2024-02-28 16:30:00,FX:EURUSD,1.0836999999999999,1.08381,1.08362,1.08366,485.0
2024-02-28 16:45:00,FX:EURUSD,1.08366,1.08394,1.08365,1.08382,483.0
2024-02-28 17:00:00,FX:EURUSD,1.08382,1.08382,1.08312,1.0836,286.0
2024-02-28 17:15:00,FX:EURUSD,1.0836,1.08384,1.0836,1.08367,270.0
2024-02-28 17:30:00,FX:EURUSD,1.08367,1.08403,1.0836,1.0839,941.0
2024-02-28 17:45:00,FX:EURUSD,1.0839,1.08391,1.08367,1.08369,372.0
2024-02-28 18:00:00,FX:EURUSD,1.08369,1.08402,1.08369,1.08394,433.0
2024-02-28 18:15:00,FX:EURUSD,1.08394,1.084,1.08386,1.08389,371.0
2024-02-28 18:30:00,FX:EURUSD,1.08389,1.08389,1.08375,1.08385,387.0
2024-02-28 18:45:00,FX:EURUSD,1.08385,1.08389,1.08374,1.08382,397.0
2024-02-28 19:00:00,FX:EURUSD,1.08382,1.084,1.08378,1.08392,915.0
2024-02-28 19:15:00,FX:EURUSD,1.08392,1.08395,1.08374,1.08375,953.0
2024-02-28 19:30:00,FX:EURUSD,1.08375,1.08377,1.08346,1.0835299999999999,959.0
2024-02-28 19:45:00,FX:EURUSD,1.0835299999999999,1.08367,1.08347,1.08362,1527.0
2024-02-28 20:00:00,FX:EURUSD,1.08362,1.08396,1.08361,1.08368,1685.0
2024-02-28 20:15:00,FX:EURUSD,1.08368,1.08391,1.08359,1.0839,1858.0
2024-02-28 20:30:00,FX:EURUSD,1.0839,1.08403,1.0838,1.08396,2651.0
2024-02-28 20:45:00,FX:EURUSD,1.08396,1.08398,1.08279,1.0829,2383.0
2024-02-28 21:00:00,FX:EURUSD,1.0829,1.08325,1.08287,1.08322,2575.0
2024-02-28 21:15:00,FX:EURUSD,1.08322,1.08365,1.08307,1.08349,1908.0
2024-02-28 21:30:00,FX:EURUSD,1.08349,1.08352,1.0833,1.08343,1960.0
2024-02-28 21:45:00,FX:EURUSD,1.08343,1.08367,1.08321,1.08364,1672.0
2024-02-28 22:00:00,FX:EURUSD,1.08364,1.0836999999999999,1.08337,1.08354,1481.0
2024-02-28 22:15:00,FX:EURUSD,1.08354,1.08358,1.08337,1.08347,1440.0
2024-02-28 22:30:00,FX:EURUSD,1.08347,1.0836,1.08342,1.08345,1303.0
2024-02-28 22:45:00,FX:EURUSD,1.08345,1.08378,1.08344,1.08369,1259.0
2024-02-28 23:00:00,FX:EURUSD,1.08369,1.08372,1.08347,1.08372,1342.0
2024-02-28 23:15:00,FX:EURUSD,1.08372,1.08376,1.08358,1.08364,1340.0
2024-02-28 23:30:00,FX:EURUSD,1.08364,1.08368,1.08351,1.08362,921.0
2024-02-28 23:45:00,FX:EURUSD,1.08362,1.08365,1.08339,1.08362,1247.0
2024-02-29 00:00:00,FX:EURUSD,1.08362,1.08374,1.08332,1.08341,1844.0
2024-02-29 00:15:00,FX:EURUSD,1.08341,1.08343,1.08321,1.08329,1380.0
2024-02-29 00:30:00,FX:EURUSD,1.08329,1.08359,1.08317,1.08354,1657.0
2024-02-29 00:45:00,FX:EURUSD,1.08354,1.0836999999999999,1.08347,1.08355,2109.0
2024-02-29 01:00:00,FX:EURUSD,1.08355,1.08356,1.08337,1.08342,2241.0
2024-02-29 01:15:00,FX:EURUSD,1.08342,1.08369,1.08339,1.08351,1928.0
2024-02-29 01:30:00,FX:EURUSD,1.08351,1.08381,1.08346,1.08348,1369.0
2024-02-29 01:45:00,FX:EURUSD,1.08348,1.0835,1.0832,1.08329,1618.0
2024-02-29 02:00:00,FX:EURUSD,1.08329,1.08379,1.08301,1.08363,2126.0
2024-02-29 02:15:00,FX:EURUSD,1.08363,1.08369,1.08313,1.08328,1736.0
2024-02-29 02:30:00,FX:EURUSD,1.08328,1.08351,1.08314,1.08349,2259.0
2024-02-29 02:45:00,FX:EURUSD,1.08349,1.08394,1.08259,1.08286,3771.0
2024-02-29 03:00:00,FX:EURUSD,1.08286,1.08417,1.08285,1.08406,4500.0
2024-02-29 03:15:00,FX:EURUSD,1.08406,1.08473,1.08403,1.08443,3426.0
2024-02-29 03:30:00,FX:EURUSD,1.08443,1.08473,1.08428,1.08459,2522.0
2024-02-29 03:45:00,FX:EURUSD,1.08459,1.08464,1.08346,1.08375,3096.0
2024-02-29 04:00:00,FX:EURUSD,1.08375,1.08517,1.08374,1.08466,4984.0
2024-02-29 04:15:00,FX:EURUSD,1.08466,1.08503,1.0845,1.08456,2542.0
2024-02-29 04:30:00,FX:EURUSD,1.08456,1.08473,1.08427,1.08468,2442.0
2024-02-29 04:45:00,FX:EURUSD,1.08468,1.0852,1.08468,1.08504,2714.0
2024-02-29 05:00:00,FX:EURUSD,1.08504,1.08539,1.08496,1.08532,2491.0
2024-02-29 05:15:00,FX:EURUSD,1.08532,1.08542,1.08478,1.08481,2046.0
2024-02-29 05:30:00,FX:EURUSD,1.08481,1.08499,1.08413,1.08427,2491.0
2024-02-29 05:45:00,FX:EURUSD,1.08427,1.08445,1.08375,1.08377,2548.0
2024-02-29 06:00:00,FX:EURUSD,1.08377,1.08421,1.08367,1.08405,2302.0
2024-02-29 06:15:00,FX:EURUSD,1.08405,1.08429,1.08365,1.08366,1927.0
2024-02-29 06:30:00,FX:EURUSD,1.08366,1.08376,1.08288,1.08293,2709.0
2024-02-29 06:45:00,FX:EURUSD,1.08293,1.08367,1.08288,1.08343,2403.0
2024-02-29 07:00:00,FX:EURUSD,1.08343,1.08358,1.08268,1.08272,2535.0
2024-02-29 07:15:00,FX:EURUSD,1.08272,1.08307,1.08265,1.0829,2654.0
2024-02-29 07:30:00,FX:EURUSD,1.0829,1.0833,1.08284,1.08291,2096.0
2024-02-29 07:45:00,FX:EURUSD,1.08291,1.0830899999999999,1.08273,1.08289,1805.0
2024-02-29 08:00:00,FX:EURUSD,1.08289,1.0829,1.0822,1.08255,3994.0
2024-02-29 08:15:00,FX:EURUSD,1.08255,1.0832,1.08253,1.08282,3415.0
2024-02-29 08:30:00,FX:EURUSD,1.08282,1.08467,1.08273,1.08368,11521.0
2024-02-29 08:45:00,FX:EURUSD,1.08368,1.08409,1.08335,1.08378,6713.0
2024-02-29 09:00:00,FX:EURUSD,1.08378,1.08482,1.08361,1.08458,4858.0
2024-02-29 09:15:00,FX:EURUSD,1.08458,1.0848,1.08429,1.0843,3934.0
2024-02-29 09:30:00,FX:EURUSD,1.0843,1.08452,1.08367,1.08432,4455.0
2024-02-29 09:45:00,FX:EURUSD,1.08432,1.08504,1.08432,1.08464,4448.0
2024-02-29 10:00:00,FX:EURUSD,1.08464,1.08558,1.08464,1.08499,6280.0
2024-02-29 10:15:00,FX:EURUSD,1.08499,1.08499,1.08424,1.08436,4766.0
2024-02-29 10:30:00,FX:EURUSD,1.08436,1.08442,1.08327,1.08329,4733.0
2024-02-29 10:45:00,FX:EURUSD,1.08329,1.08329,1.08189,1.08225,7823.0
2024-02-29 11:00:00,FX:EURUSD,1.08225,1.0825,1.08143,1.0815299999999999,7499.0
2024-02-29 11:15:00,FX:EURUSD,1.0815299999999999,1.08157,1.08061,1.0809,4468.0
2024-02-29 11:30:00,FX:EURUSD,1.0809,1.08131,1.08045,1.08051,4173.0
2024-02-29 11:45:00,FX:EURUSD,1.08051,1.08102,1.08049,1.08062,3479.0
2024-02-29 12:00:00,FX:EURUSD,1.08062,1.08073,1.08023,1.08047,4262.0
2024-02-29 12:15:00,FX:EURUSD,1.08047,1.08054,1.07977,1.07988,3051.0
2024-02-29 12:30:00,FX:EURUSD,1.07988,1.07993,1.07958,1.07972,2306.0
2024-02-29 12:45:00,FX:EURUSD,1.07972,1.08009,1.0796,1.07999,2126.0
2024-02-29 13:00:00,FX:EURUSD,1.07999,1.08013,1.07984,1.08012,2484.0
2024-02-29 13:15:00,FX:EURUSD,1.08012,1.08066,1.08009,1.08052,2005.0
2024-02-29 13:30:00,FX:EURUSD,1.08052,1.08059,1.08032,1.08042,1927.0
2024-02-29 13:45:00,FX:EURUSD,1.08042,1.08103,1.08041,1.08093,2357.0
2024-02-29 14:00:00,FX:EURUSD,1.08093,1.081,1.08066,1.08079,1978.0
2024-02-29 14:15:00,FX:EURUSD,1.08079,1.08111,1.08077,1.08081,2178.0
2024-02-29 14:30:00,FX:EURUSD,1.08081,1.08089,1.0802,1.0802,2202.0
2024-02-29 14:45:00,FX:EURUSD,1.0802,1.08043,1.08009,1.08025,2233.0
2024-02-29 15:00:00,FX:EURUSD,1.08025,1.08064,1.08025,1.08036,2490.0
2024-02-29 15:15:00,FX:EURUSD,1.08036,1.08072,1.08034,1.08071,1570.0
2024-02-29 15:30:00,FX:EURUSD,1.08071,1.08095,1.0806,1.08081,2327.0
2024-02-29 15:45:00,FX:EURUSD,1.08081,1.08091,1.08074,1.08083,2513.0
2024-02-29 16:00:00,FX:EURUSD,1.08083,1.08086,1.08045,1.0806,1432.0
2024-02-29 16:15:00,FX:EURUSD,1.0806,1.08063,1.08037,1.0804799999999999,802.0
2024-02-29 16:30:00,FX:EURUSD,1.0804799999999999,1.08052,1.08039,1.08049,638.0
2024-02-29 16:45:00,FX:EURUSD,1.08049,1.08061,1.08039,1.08052,893.0
2024-02-29 17:00:00,FX:EURUSD,1.08052,1.08057,1.07977,1.0805,534.0
2024-02-29 17:15:00,FX:EURUSD,1.0805,1.08054,1.08013,1.0804799999999999,705.0
2024-02-29 17:30:00,FX:EURUSD,1.0804799999999999,1.08051,1.08018,1.08021,3380.0
2024-02-29 17:45:00,FX:EURUSD,1.08021,1.08049,1.0801,1.08044,3219.0
2024-02-29 18:00:00,FX:EURUSD,1.08044,1.08051,1.08028,1.08033,395.0
2024-02-29 18:15:00,FX:EURUSD,1.08033,1.08046,1.0803099999999999,1.08046,343.0
2024-02-29 18:30:00,FX:EURUSD,1.08046,1.08046,1.08021,1.08023,383.0
2024-02-29 18:45:00,FX:EURUSD,1.08023,1.08056,1.08023,1.08055,433.0
2024-02-29 19:00:00,FX:EURUSD,1.08055,1.08087,1.08051,1.08086,680.0
2024-02-29 19:15:00,FX:EURUSD,1.08086,1.0809199999999999,1.08075,1.08077,1047.0
2024-02-29 19:30:00,FX:EURUSD,1.08077,1.08098,1.08076,1.08087,1056.0
2024-02-29 19:45:00,FX:EURUSD,1.08087,1.08124,1.08085,1.08113,998.0
2024-02-29 20:00:00,FX:EURUSD,1.08113,1.08132,1.08108,1.0813,1217.0
2024-02-29 20:15:00,FX:EURUSD,1.0813,1.08147,1.08124,1.08142,1326.0
2024-02-29 20:30:00,FX:EURUSD,1.08142,1.08168,1.08137,1.08167,1744.0
2024-02-29 20:45:00,FX:EURUSD,1.08167,1.08213,1.08164,1.08212,1974.0
2024-02-29 21:00:00,FX:EURUSD,1.08212,1.08217,1.0819,1.082,1977.0
2024-02-29 21:15:00,FX:EURUSD,1.082,1.082,1.08166,1.08185,777.0
2024-02-29 21:30:00,FX:EURUSD,1.08185,1.08195,1.08167,1.08192,696.0
2024-02-29 21:45:00,FX:EURUSD,1.08192,1.08196,1.0818,1.08183,755.0
2024-02-29 22:00:00,FX:EURUSD,1.08183,1.08211,1.08178,1.08197,972.0
2024-02-29 22:15:00,FX:EURUSD,1.08197,1.08203,1.08188,1.08193,1029.0
2024-02-29 22:30:00,FX:EURUSD,1.08193,1.08194,1.08167,1.0816999999999999,769.0
2024-02-29 22:45:00,FX:EURUSD,1.0816999999999999,1.0818,1.08165,1.08169,568.0
2024-02-29 23:00:00,FX:EURUSD,1.08169,1.0816999999999999,1.0815299999999999,1.08156,580.0
2024-02-29 23:15:00,FX:EURUSD,1.08156,1.08158,1.08145,1.08146,377.0
2024-02-29 23:30:00,FX:EURUSD,1.08146,1.08163,1.0814,1.08147,634.0
2024-02-29 23:45:00,FX:EURUSD,1.08147,1.08152,1.08121,1.08136,612.0
2024-03-01 00:00:00,FX:EURUSD,1.08136,1.08142,1.08114,1.08117,630.0
2024-03-01 00:15:00,FX:EURUSD,1.08117,1.08128,1.08111,1.08122,704.0
2024-03-01 00:30:00,FX:EURUSD,1.08122,1.08137,1.08116,1.08121,788.0
2024-03-01 00:45:00,FX:EURUSD,1.08121,1.08129,1.08113,1.08121,883.0
2024-03-01 01:00:00,FX:EURUSD,1.08121,1.08134,1.08115,1.08127,829.0
2024-03-01 01:15:00,FX:EURUSD,1.08127,1.08139,1.08111,1.08112,1076.0
2024-03-01 01:30:00,FX:EURUSD,1.08112,1.08118,1.08087,1.08088,824.0
2024-03-01 01:45:00,FX:EURUSD,1.08088,1.081,1.08081,1.08091,966.0
2024-03-01 02:00:00,FX:EURUSD,1.08091,1.08169,1.08086,1.0816,3283.0
2024-03-01 02:15:00,FX:EURUSD,1.0816,1.08175,1.08129,1.08139,1808.0
2024-03-01 02:30:00,FX:EURUSD,1.08139,1.08163,1.08089,1.08097,2863.0
2024-03-01 02:45:00,FX:EURUSD,1.08097,1.08144,1.08094,1.08125,1710.0
2024-03-01 03:00:00,FX:EURUSD,1.08125,1.08184,1.08102,1.08142,3082.0
2024-03-01 03:15:00,FX:EURUSD,1.08142,1.08198,1.08131,1.08165,3051.0
2024-03-01 03:30:00,FX:EURUSD,1.08165,1.08175,1.08106,1.08122,2972.0
2024-03-01 03:45:00,FX:EURUSD,1.08122,1.08132,1.08089,1.08113,3108.0
2024-03-01 04:00:00,FX:EURUSD,1.08113,1.08158,1.08086,1.08124,3668.0
2024-03-01 04:15:00,FX:EURUSD,1.08124,1.08139,1.08094,1.08124,3193.0
2024-03-01 04:30:00,FX:EURUSD,1.08124,1.08141,1.08095,1.0813,3033.0
2024-03-01 04:45:00,FX:EURUSD,1.0813,1.08176,1.0812599999999999,1.08152,2324.0
2024-03-01 05:00:00,FX:EURUSD,1.08152,1.08224,1.08043,1.0804799999999999,4556.0
2024-03-01 05:15:00,FX:EURUSD,1.0804799999999999,1.08054,1.0799,1.08006,4250.0
2024-03-01 05:30:00,FX:EURUSD,1.08006,1.08089,1.07984,1.0808,3232.0
2024-03-01 05:45:00,FX:EURUSD,1.0808,1.08112,1.08076,1.08106,3548.0
2024-03-01 06:00:00,FX:EURUSD,1.08106,1.08185,1.08102,1.0815,2930.0
2024-03-01 06:15:00,FX:EURUSD,1.0815,1.08164,1.08131,1.08149,2465.0
2024-03-01 06:30:00,FX:EURUSD,1.08149,1.0819,1.08149,1.08184,2514.0
2024-03-01 06:45:00,FX:EURUSD,1.08184,1.08191,1.08166,1.08185,2124.0
2024-03-01 07:00:00,FX:EURUSD,1.08185,1.08237,1.08175,1.08228,2095.0
2024-03-01 07:15:00,FX:EURUSD,1.08228,1.08246,1.08212,1.0821399999999999,1725.0
2024-03-01 07:30:00,FX:EURUSD,1.0821399999999999,1.08227,1.08192,1.082,2157.0
2024-03-01 07:45:00,FX:EURUSD,1.082,1.08213,1.08118,1.0813,2476.0
2024-03-01 08:00:00,FX:EURUSD,1.0813,1.08145,1.08111,1.08122,2749.0
2024-03-01 08:15:00,FX:EURUSD,1.08122,1.0812599999999999,1.08077,1.0811,3093.0
2024-03-01 08:30:00,FX:EURUSD,1.0811,1.0815299999999999,1.08087,1.08107,4874.0
2024-03-01 08:45:00,FX:EURUSD,1.08107,1.08142,1.08104,1.08127,3198.0
2024-03-01 09:00:00,FX:EURUSD,1.08127,1.08159,1.0811,1.0815,3194.0
2024-03-01 09:15:00,FX:EURUSD,1.0815,1.08206,1.08123,1.08134,2406.0
2024-03-01 09:30:00,FX:EURUSD,1.08134,1.08171,1.08076,1.08103,4451.0
2024-03-01 09:45:00,FX:EURUSD,1.08103,1.08103,1.0798,1.07998,4535.0
2024-03-01 10:00:00,FX:EURUSD,1.07998,1.08216,1.07998,1.08203,12219.0
2024-03-01 10:15:00,FX:EURUSD,1.08203,1.08408,1.082,1.08394,7257.0
2024-03-01 10:30:00,FX:EURUSD,1.08394,1.08416,1.08328,1.08362,6477.0
2024-03-01 10:45:00,FX:EURUSD,1.08362,1.0841,1.0833599999999999,1.08349,5439.0
2024-03-01 11:00:00,FX:EURUSD,1.08349,1.08368,1.08305,1.08326,4582.0
2024-03-01 11:15:00,FX:EURUSD,1.08326,1.08346,1.08234,1.08249,3364.0
2024-03-01 11:30:00,FX:EURUSD,1.08249,1.08315,1.0824799999999999,1.0830899999999999,3044.0
2024-03-01 11:45:00,FX:EURUSD,1.0830899999999999,1.08345,1.08295,1.0830899999999999,2118.0
2024-03-01 12:00:00,FX:EURUSD,1.0830899999999999,1.08366,1.08287,1.08359,2785.0
2024-03-01 12:15:00,FX:EURUSD,1.08359,1.08367,1.08342,1.08359,1797.0
2024-03-01 12:30:00,FX:EURUSD,1.08359,1.08384,1.08356,1.08363,1479.0
2024-03-01 12:45:00,FX:EURUSD,1.08363,1.08398,1.08361,1.08375,1727.0
2024-03-01 13:00:00,FX:EURUSD,1.08375,1.08389,1.08314,1.08369,2344.0
2024-03-01 13:15:00,FX:EURUSD,1.08369,1.08388,1.0833599999999999,1.08369,2126.0
2024-03-01 13:30:00,FX:EURUSD,1.08369,1.08418,1.08363,1.08415,1851.0
2024-03-01 13:45:00,FX:EURUSD,1.08415,1.08425,1.08372,1.08398,1812.0
2024-03-01 14:00:00,FX:EURUSD,1.08398,1.08427,1.08398,1.08418,1731.0
2024-03-01 14:15:00,FX:EURUSD,1.08418,1.08421,1.08399,1.08417,1526.0
2024-03-01 14:30:00,FX:EURUSD,1.08417,1.08432,1.08389,1.08393,1881.0
2024-03-01 14:45:00,FX:EURUSD,1.08393,1.08427,1.0838,1.08411,1874.0
2024-03-01 15:00:00,FX:EURUSD,1.08411,1.08413,1.08355,1.08362,1244.0
2024-03-01 15:15:00,FX:EURUSD,1.08362,1.08373,1.08351,1.08354,1325.0
2024-03-01 15:30:00,FX:EURUSD,1.08354,1.08361,1.08347,1.08359,773.0
2024-03-01 15:45:00,FX:EURUSD,1.08359,1.08382,1.08356,1.08374,1655.0
2024-03-01 16:00:00,FX:EURUSD,1.08374,1.08374,1.08345,1.0835,1075.0
2024-03-01 16:15:00,FX:EURUSD,1.0835,1.08365,1.08333,1.08364,824.0
2024-03-01 16:30:00,FX:EURUSD,1.08364,1.08398,1.08359,1.08388,918.0
2024-03-01 16:45:00,FX:EURUSD,1.08388,1.08404,1.08347,1.08374,758.0
2024-03-03 17:00:00,FX:EURUSD,1.08345,1.08392,1.08345,1.08391,161.0
2024-03-03 17:15:00,FX:EURUSD,1.08391,1.08403,1.08376,1.08389,515.0
2024-03-03 17:30:00,FX:EURUSD,1.08389,1.08407,1.08386,1.08402,650.0
2024-03-03 17:45:00,FX:EURUSD,1.08402,1.0843099999999999,1.08372,1.084,768.0
2024-03-03 18:00:00,FX:EURUSD,1.084,1.0843099999999999,1.08396,1.08425,633.0
2024-03-03 18:15:00,FX:EURUSD,1.08425,1.08437,1.08422,1.08428,486.0
2024-03-03 18:30:00,FX:EURUSD,1.08428,1.0844,1.08424,1.08424,740.0
2024-03-03 18:45:00,FX:EURUSD,1.08424,1.08426,1.0841,1.08415,637.0
2024-03-03 19:00:00,FX:EURUSD,1.08415,1.08435,1.08406,1.08433,1187.0
2024-03-03 19:15:00,FX:EURUSD,1.08433,1.08447,1.0843,1.08445,1756.0
2024-03-03 19:30:00,FX:EURUSD,1.08445,1.0848,1.08443,1.08478,1646.0
2024-03-03 19:45:00,FX:EURUSD,1.08478,1.08479,1.08452,1.08457,1674.0
2024-03-03 20:00:00,FX:EURUSD,1.08457,1.08457,1.08418,1.08426,1489.0
2024-03-03 20:15:00,FX:EURUSD,1.08426,1.08444,1.08426,1.08433,1601.0
2024-03-03 20:30:00,FX:EURUSD,1.08433,1.08436,1.084,1.08401,1911.0
2024-03-03 20:45:00,FX:EURUSD,1.08401,1.08412,1.08384,1.08401,1249.0
2024-03-03 21:00:00,FX:EURUSD,1.08401,1.08412,1.08384,1.08411,1433.0
2024-03-03 21:15:00,FX:EURUSD,1.08411,1.08437,1.0841,1.08436,1769.0
2024-03-03 21:30:00,FX:EURUSD,1.08436,1.08458,1.08432,1.08447,1208.0
2024-03-03 21:45:00,FX:EURUSD,1.08447,1.08457,1.08446,1.08453,991.0
2024-03-03 22:00:00,FX:EURUSD,1.08453,1.08457,1.08422,1.08427,1210.0
2024-03-03 22:15:00,FX:EURUSD,1.08427,1.0845,1.08427,1.08439,887.0
2024-03-03 22:30:00,FX:EURUSD,1.08439,1.08444,1.08428,1.08434,749.0
2024-03-03 22:45:00,FX:EURUSD,1.08434,1.08447,1.08434,1.08439,391.0
2024-03-03 23:00:00,FX:EURUSD,1.08439,1.08457,1.08438,1.0844799999999999,613.0
2024-03-03 23:15:00,FX:EURUSD,1.0844799999999999,1.08454,1.08444,1.08446,616.0
2024-03-03 23:30:00,FX:EURUSD,1.08446,1.08451,1.0844,1.08443,767.0
2024-03-03 23:45:00,FX:EURUSD,1.08443,1.08449,1.0843099999999999,1.08436,647.0
2024-03-04 00:00:00,FX:EURUSD,1.08436,1.08466,1.08435,1.08458,719.0
2024-03-04 00:15:00,FX:EURUSD,1.08458,1.08468,1.08455,1.08458,776.0
2024-03-04 00:30:00,FX:EURUSD,1.08458,1.08464,1.08436,1.08437,842.0
2024-03-04 00:45:00,FX:EURUSD,1.08437,1.0844799999999999,1.08426,1.08443,841.0
2024-03-04 01:00:00,FX:EURUSD,1.08443,1.08457,1.0843,1.0844799999999999,1147.0
2024-03-04 01:15:00,FX:EURUSD,1.0844799999999999,1.08459,1.08438,1.08442,1253.0
2024-03-04 01:30:00,FX:EURUSD,1.08442,1.08473,1.08437,1.08454,1291.0
2024-03-04 01:45:00,FX:EURUSD,1.08454,1.08478,1.08453,1.08468,1076.0
2024-03-04 02:00:00,FX:EURUSD,1.08468,1.08528,1.08468,1.08519,1837.0
2024-03-04 02:15:00,FX:EURUSD,1.08519,1.08519,1.08469,1.08478,1361.0
2024-03-04 02:30:00,FX:EURUSD,1.08478,1.08497,1.08451,1.0849199999999999,2117.0
2024-03-04 02:45:00,FX:EURUSD,1.0849199999999999,1.08539,1.08491,1.0853599999999999,1713.0
2024-03-04 03:00:00,FX:EURUSD,1.0853599999999999,1.08579,1.0852,1.08526,2965.0
2024-03-04 03:15:00,FX:EURUSD,1.08526,1.08526,1.08401,1.0842,3084.0
2024-03-04 03:30:00,FX:EURUSD,1.0842,1.08434,1.08377,1.08405,2836.0
2024-03-04 03:45:00,FX:EURUSD,1.08405,1.08467,1.08391,1.0844799999999999,2495.0
2024-03-04 04:00:00,FX:EURUSD,1.0844799999999999,1.08462,1.08421,1.08462,2285.0
2024-03-04 04:15:00,FX:EURUSD,1.08462,1.08476,1.08422,1.0846,2554.0
2024-03-04 04:30:00,FX:EURUSD,1.0846,1.08518,1.08449,1.085,2116.0
2024-03-04 04:45:00,FX:EURUSD,1.085,1.0852,1.08477,1.08491,2218.0
2024-03-04 05:00:00,FX:EURUSD,1.08491,1.08499,1.08457,1.08489,1988.0
2024-03-04 05:15:00,FX:EURUSD,1.08489,1.0852,1.08487,1.08495,1448.0
2024-03-04 05:30:00,FX:EURUSD,1.08495,1.08545,1.08483,1.08542,1824.0
2024-03-04 05:45:00,FX:EURUSD,1.08542,1.0855,1.08527,1.0853599999999999,1630.0
2024-03-04 06:00:00,FX:EURUSD,1.0853599999999999,1.0855299999999999,1.08526,1.08538,1529.0
2024-03-04 06:15:00,FX:EURUSD,1.08538,1.08548,1.08516,1.0853599999999999,1807.0
2024-03-04 06:30:00,FX:EURUSD,1.0853599999999999,1.08568,1.08527,1.08562,1671.0
2024-03-04 06:45:00,FX:EURUSD,1.08562,1.08568,1.0854,1.08562,1403.0
2024-03-04 07:00:00,FX:EURUSD,1.08562,1.08575,1.085,1.0851,1442.0
2024-03-04 07:15:00,FX:EURUSD,1.0851,1.0853599999999999,1.08506,1.08527,1656.0
2024-03-04 07:30:00,FX:EURUSD,1.08527,1.08534,1.08505,1.08521,1898.0
2024-03-04 07:45:00,FX:EURUSD,1.08521,1.08524,1.08415,1.08426,2411.0
2024-03-04 08:00:00,FX:EURUSD,1.08426,1.08471,1.08426,1.08466,2574.0
2024-03-04 08:15:00,FX:EURUSD,1.08466,1.08466,1.08401,1.0843099999999999,3256.0
2024-03-04 08:30:00,FX:EURUSD,1.0843099999999999,1.08499,1.08428,1.08469,3994.0
2024-03-04 08:45:00,FX:EURUSD,1.08469,1.0849,1.08434,1.08486,2915.0
2024-03-04 09:00:00,FX:EURUSD,1.08486,1.085,1.0845,1.08458,3364.0
2024-03-04 09:15:00,FX:EURUSD,1.08458,1.0850899999999999,1.08458,1.08504,3019.0
2024-03-04 09:30:00,FX:EURUSD,1.08504,1.08544,1.08494,1.08528,3979.0
2024-03-04 09:45:00,FX:EURUSD,1.08528,1.08617,1.08526,1.08598,3443.0
2024-03-04 10:00:00,FX:EURUSD,1.08598,1.08617,1.0855299999999999,1.0858,3650.0
2024-03-04 10:15:00,FX:EURUSD,1.0858,1.08633,1.08561,1.086,2897.0
2024-03-04 10:30:00,FX:EURUSD,1.086,1.08622,1.08579,1.0862,2896.0
2024-03-04 10:45:00,FX:EURUSD,1.0862,1.08636,1.08595,1.08632,3533.0
2024-03-04 11:00:00,FX:EURUSD,1.08632,1.08667,1.08623,1.08664,3478.0
2024-03-04 11:15:00,FX:EURUSD,1.08664,1.08666,1.08592,1.08594,3157.0
2024-03-04 11:30:00,FX:EURUSD,1.08594,1.08609,1.08568,1.08592,2805.0
2024-03-04 11:45:00,FX:EURUSD,1.08592,1.0862,1.08586,1.0861399999999999,2033.0
2024-03-04 12:00:00,FX:EURUSD,1.0861399999999999,1.08615,1.08554,1.08582,3116.0
2024-03-04 12:15:00,FX:EURUSD,1.08582,1.08623,1.08575,1.08592,2751.0
2024-03-04 12:30:00,FX:EURUSD,1.08592,1.08606,1.0858,1.08589,1982.0
2024-03-04 12:45:00,FX:EURUSD,1.08589,1.08592,1.08559,1.08579,1752.0
2024-03-04 13:00:00,FX:EURUSD,1.08579,1.08606,1.08563,1.08579,1651.0
2024-03-04 13:15:00,FX:EURUSD,1.08579,1.08596,1.08561,1.08574,1457.0
2024-03-04 13:30:00,FX:EURUSD,1.08574,1.08588,1.08566,1.08583,1193.0
2024-03-04 13:45:00,FX:EURUSD,1.08583,1.08583,1.08557,1.08564,1086.0
2024-03-04 14:00:00,FX:EURUSD,1.08564,1.08577,1.0855299999999999,1.0856,1429.0
2024-03-04 14:15:00,FX:EURUSD,1.0856,1.0856999999999999,1.0855299999999999,1.08562,1607.0
2024-03-04 14:30:00,FX:EURUSD,1.08562,1.08581,1.0855299999999999,1.08573,1376.0
2024-03-04 14:45:00,FX:EURUSD,1.08573,1.08584,1.0856,1.08565,1943.0
2024-03-04 15:00:00,FX:EURUSD,1.08565,1.08578,1.08562,1.08568,1550.0
2024-03-04 15:15:00,FX:EURUSD,1.08568,1.08576,1.08562,1.08574,1456.0
2024-03-04 15:30:00,FX:EURUSD,1.08574,1.08595,1.08555,1.08584,1753.0
2024-03-04 15:45:00,FX:EURUSD,1.08584,1.08584,1.0855299999999999,1.08558,1480.0
2024-03-04 16:00:00,FX:EURUSD,1.08558,1.08573,1.08551,1.08552,549.0
2024-03-04 16:15:00,FX:EURUSD,1.08552,1.08559,1.0855,1.08551,250.0
2024-03-04 16:30:00,FX:EURUSD,1.08551,1.08567,1.08549,1.08559,387.0
2024-03-04 16:45:00,FX:EURUSD,1.08559,1.08562,1.08554,1.08555,791.0
2024-03-04 17:00:00,FX:EURUSD,1.08555,1.08558,1.08504,1.0853599999999999,310.0
2024-03-04 17:15:00,FX:EURUSD,1.0853599999999999,1.08569,1.08512,1.08531,4319.0
2024-03-04 17:30:00,FX:EURUSD,1.08531,1.0856,1.08525,1.0854,5889.0
2024-03-04 17:45:00,FX:EURUSD,1.0854,1.08554,1.08519,1.08525,856.0
2024-03-04 18:00:00,FX:EURUSD,1.08525,1.08576,1.08516,1.08563,273.0
2024-03-04 18:15:00,FX:EURUSD,1.08563,1.08579,1.08552,1.08572,322.0
2024-03-04 18:30:00,FX:EURUSD,1.08572,1.0858,1.08557,1.08559,270.0
2024-03-04 18:45:00,FX:EURUSD,1.08559,1.0856,1.08537,1.08538,236.0
2024-03-04 19:00:00,FX:EURUSD,1.08538,1.0855299999999999,1.08528,1.08547,542.0
2024-03-04 19:15:00,FX:EURUSD,1.08547,1.08548,1.08514,1.08516,642.0
2024-03-04 19:30:00,FX:EURUSD,1.08516,1.08522,1.08513,1.0852,664.0
2024-03-04 19:45:00,FX:EURUSD,1.0852,1.08544,1.08516,1.08529,812.0
2024-03-04 20:00:00,FX:EURUSD,1.08529,1.08546,1.08519,1.08529,1387.0
2024-03-04 20:15:00,FX:EURUSD,1.08529,1.0853599999999999,1.08497,1.08518,1381.0
2024-03-04 20:30:00,FX:EURUSD,1.08518,1.08519,1.08494,1.08515,1049.0
2024-03-04 20:45:00,FX:EURUSD,1.08515,1.08515,1.0847499999999999,1.08494,1031.0
2024-03-04 21:00:00,FX:EURUSD,1.08494,1.08513,1.08486,1.08504,1026.0
2024-03-04 21:15:00,FX:EURUSD,1.08504,1.08512,1.08484,1.085,1026.0
2024-03-04 21:30:00,FX:EURUSD,1.085,1.08518,1.08499,1.08511,846.0
2024-03-04 21:45:00,FX:EURUSD,1.08511,1.08512,1.08488,1.08501,630.0
2024-03-04 22:00:00,FX:EURUSD,1.08501,1.08514,1.08494,1.08511,617.0
2024-03-04 22:15:00,FX:EURUSD,1.08511,1.08526,1.0850899999999999,1.08521,503.0
2024-03-04 22:30:00,FX:EURUSD,1.08521,1.08547,1.0852,1.08541,290.0
2024-03-04 22:45:00,FX:EURUSD,1.08541,1.08543,1.08531,1.08543,441.0
2024-03-04 23:00:00,FX:EURUSD,1.08543,1.08543,1.08526,1.08528,544.0
2024-03-04 23:15:00,FX:EURUSD,1.08528,1.08532,1.08519,1.0853,582.0
2024-03-04 23:30:00,FX:EURUSD,1.0853,1.0853599999999999,1.08502,1.08505,632.0
2024-03-04 23:45:00,FX:EURUSD,1.08505,1.08511,1.08498,1.08506,623.0
2024-03-05 00:00:00,FX:EURUSD,1.08506,1.08521,1.08503,1.0852,503.0
2024-03-05 00:15:00,FX:EURUSD,1.0852,1.08534,1.08516,1.0852,565.0
2024-03-05 00:30:00,FX:EURUSD,1.0852,1.08542,1.08515,1.08522,900.0
2024-03-05 00:45:00,FX:EURUSD,1.08522,1.08532,1.08491,1.08528,965.0
2024-03-05 01:00:00,FX:EURUSD,1.08528,1.08532,1.0850899999999999,1.08513,806.0
2024-03-05 01:15:00,FX:EURUSD,1.08513,1.08516,1.08479,1.08495,1103.0
2024-03-05 01:30:00,FX:EURUSD,1.08495,1.08498,1.08462,1.08471,789.0
2024-03-05 01:45:00,FX:EURUSD,1.08471,1.08487,1.08445,1.08467,1113.0
2024-03-05 02:00:00,FX:EURUSD,1.08467,1.08512,1.08466,1.08469,2461.0
2024-03-05 02:15:00,FX:EURUSD,1.08469,1.08486,1.08462,1.08471,2014.0
2024-03-05 02:30:00,FX:EURUSD,1.08471,1.08474,1.08442,1.08446,1965.0
2024-03-05 02:45:00,FX:EURUSD,1.08446,1.08464,1.0841399999999999,1.08464,1963.0
2024-03-05 03:00:00,FX:EURUSD,1.08464,1.08508,1.0844799999999999,1.08494,3525.0
2024-03-05 03:15:00,FX:EURUSD,1.08494,1.08518,1.08476,1.08477,2665.0
2024-03-05 03:30:00,FX:EURUSD,1.08477,1.08494,1.08467,1.08486,2270.0
2024-03-05 03:45:00,FX:EURUSD,1.08486,1.0849,1.0843,1.0847,2782.0
2024-03-05 04:00:00,FX:EURUSD,1.0847,1.0853599999999999,1.0847,1.08533,2191.0
2024-03-05 04:15:00,FX:EURUSD,1.08533,1.08558,1.08515,1.0855299999999999,2004.0
2024-03-05 04:30:00,FX:EURUSD,1.0855299999999999,1.08557,1.08532,1.08544,2307.0
2024-03-05 04:45:00,FX:EURUSD,1.08544,1.08544,1.08495,1.08514,2288.0
2024-03-05 05:00:00,FX:EURUSD,1.08514,1.08534,1.08496,1.08512,1805.0
2024-03-05 05:15:00,FX:EURUSD,1.08512,1.08549,1.0850899999999999,1.08526,1598.0
2024-03-05 05:30:00,FX:EURUSD,1.08526,1.0853599999999999,1.08511,1.08518,1227.0
2024-03-05 05:45:00,FX:EURUSD,1.08518,1.08521,1.08493,1.08502,1664.0
2024-03-05 06:00:00,FX:EURUSD,1.08502,1.08519,1.08478,1.08503,1831.0
2024-03-05 06:15:00,FX:EURUSD,1.08503,1.08519,1.08496,1.08518,1516.0
2024-03-05 06:30:00,FX:EURUSD,1.08518,1.0853599999999999,1.08506,1.08533,1531.0
2024-03-05 06:45:00,FX:EURUSD,1.08533,1.08535,1.0848,1.08498,1948.0
2024-03-05 07:00:00,FX:EURUSD,1.08498,1.08504,1.08462,1.08469,1739.0
2024-03-05 07:15:00,FX:EURUSD,1.08469,1.08486,1.08468,1.08482,1323.0
2024-03-05 07:30:00,FX:EURUSD,1.08482,1.08482,1.08455,1.08465,1877.0
2024-03-05 07:45:00,FX:EURUSD,1.08465,1.08482,1.08458,1.08471,2089.0
2024-03-05 08:00:00,FX:EURUSD,1.08471,1.08495,1.08456,1.0849,2119.0
2024-03-05 08:15:00,FX:EURUSD,1.0849,1.08494,1.0843099999999999,1.08447,1831.0
2024-03-05 08:30:00,FX:EURUSD,1.08447,1.08516,1.0842,1.08438,4585.0
2024-03-05 08:45:00,FX:EURUSD,1.08438,1.08485,1.08427,1.08463,3258.0
2024-03-05 09:00:00,FX:EURUSD,1.08463,1.08519,1.0846,1.0850899999999999,3317.0
2024-03-05 09:15:00,FX:EURUSD,1.0850899999999999,1.08544,1.08489,1.085,2752.0
2024-03-05 09:30:00,FX:EURUSD,1.085,1.08516,1.08442,1.0846,3963.0
2024-03-05 09:45:00,FX:EURUSD,1.0846,1.08467,1.08401,1.08449,3889.0
2024-03-05 10:00:00,FX:EURUSD,1.08449,1.08761,1.08449,1.08693,9925.0
2024-03-05 10:15:00,FX:EURUSD,1.08693,1.08744,1.08663,1.08668,4819.0
2024-03-05 10:30:00,FX:EURUSD,1.08668,1.08739,1.08639,1.08738,4500.0
2024-03-05 10:45:00,FX:EURUSD,1.08738,1.08747,1.08688,1.08713,4177.0
2024-03-05 11:00:00,FX:EURUSD,1.08713,1.0871899999999999,1.08607,1.0864,3580.0
2024-03-05 11:15:00,FX:EURUSD,1.0864,1.08685,1.08632,1.08666,2445.0
2024-03-05 11:30:00,FX:EURUSD,1.08666,1.08679,1.08581,1.08598,3277.0
2024-03-05 11:45:00,FX:EURUSD,1.08598,1.08619,1.08581,1.08609,2390.0
2024-03-05 12:00:00,FX:EURUSD,1.08609,1.08624,1.08585,1.08606,2091.0
2024-03-05 12:15:00,FX:EURUSD,1.08606,1.08644,1.08605,1.0863,1567.0
2024-03-05 12:30:00,FX:EURUSD,1.0863,1.08635,1.08576,1.08587,1919.0
2024-03-05 12:45:00,FX:EURUSD,1.08587,1.08609,1.08583,1.08599,1271.0
2024-03-05 13:00:00,FX:EURUSD,1.08599,1.086,1.08565,1.08577,1642.0
2024-03-05 13:15:00,FX:EURUSD,1.08577,1.0858,1.08533,1.0853599999999999,1496.0
2024-03-05 13:30:00,FX:EURUSD,1.0853599999999999,1.08572,1.08529,1.08532,1473.0
2024-03-05 13:45:00,FX:EURUSD,1.08532,1.08538,1.08514,1.08526,1633.0
2024-03-05 14:00:00,FX:EURUSD,1.08526,1.08552,1.08512,1.08544,1515.0
2024-03-05 14:15:00,FX:EURUSD,1.08544,1.08577,1.08543,1.08569,1681.0
2024-03-05 14:30:00,FX:EURUSD,1.08569,1.08571,1.08529,1.0853599999999999,1570.0
2024-03-05 14:45:00,FX:EURUSD,1.0853599999999999,1.08538,1.08513,1.08529,2428.0
2024-03-05 15:00:00,FX:EURUSD,1.08529,1.08543,1.0849,1.08497,1928.0
2024-03-05 15:15:00,FX:EURUSD,1.08497,1.08526,1.0849199999999999,1.08515,2072.0
2024-03-05 15:30:00,FX:EURUSD,1.08515,1.08556,1.08512,1.08554,1627.0
2024-03-05 15:45:00,FX:EURUSD,1.08554,1.08585,1.08548,1.08577,1498.0
2024-03-05 16:00:00,FX:EURUSD,1.08577,1.0859,1.08571,1.08571,559.0
2024-03-05 16:15:00,FX:EURUSD,1.08571,1.08579,1.08566,1.08569,308.0
2024-03-05 16:30:00,FX:EURUSD,1.08569,1.0856999999999999,1.08558,1.08562,564.0
2024-03-05 16:45:00,FX:EURUSD,1.08562,1.08569,1.08559,1.08565,898.0
2024-03-05 17:00:00,FX:EURUSD,1.08565,1.08565,1.08521,1.08548,147.0
2024-03-05 17:15:00,FX:EURUSD,1.08548,1.08569,1.08546,1.08567,544.0
2024-03-05 17:30:00,FX:EURUSD,1.08567,1.08568,1.08555,1.08566,435.0
2024-03-05 17:45:00,FX:EURUSD,1.08566,1.08571,1.08562,1.08568,863.0
2024-03-05 18:00:00,FX:EURUSD,1.08568,1.08589,1.08558,1.08581,356.0
2024-03-05 18:15:00,FX:EURUSD,1.08581,1.08585,1.08572,1.08576,364.0
2024-03-05 18:30:00,FX:EURUSD,1.08576,1.08576,1.08564,1.08565,334.0
2024-03-05 18:45:00,FX:EURUSD,1.08565,1.08568,1.08554,1.08554,377.0
2024-03-05 19:00:00,FX:EURUSD,1.08554,1.08556,1.08521,1.08521,875.0
2024-03-05 19:15:00,FX:EURUSD,1.08521,1.08523,1.08496,1.08517,1275.0
2024-03-05 19:30:00,FX:EURUSD,1.08517,1.08525,1.08506,1.08521,1440.0
2024-03-05 19:45:00,FX:EURUSD,1.08521,1.08523,1.0849199999999999,1.08498,1222.0
2024-03-05 20:00:00,FX:EURUSD,1.08498,1.08502,1.08479,1.0848,1623.0
2024-03-05 20:15:00,FX:EURUSD,1.0848,1.08497,1.08457,1.08459,1427.0
2024-03-05 20:30:00,FX:EURUSD,1.08459,1.08462,1.08432,1.08447,1649.0
2024-03-05 20:45:00,FX:EURUSD,1.08447,1.08447,1.0842,1.08438,1996.0
2024-03-05 21:00:00,FX:EURUSD,1.08438,1.08479,1.08438,1.08477,1229.0
2024-03-05 21:15:00,FX:EURUSD,1.08477,1.08487,1.08467,1.08469,1326.0
2024-03-05 21:30:00,FX:EURUSD,1.08469,1.08504,1.0846,1.08502,921.0
2024-03-05 21:45:00,FX:EURUSD,1.08502,1.08533,1.0849199999999999,1.08525,1399.0
2024-03-05 22:00:00,FX:EURUSD,1.08525,1.08532,1.08511,1.08522,906.0
2024-03-05 22:15:00,FX:EURUSD,1.08522,1.08532,1.08502,1.08518,1202.0
2024-03-05 22:30:00,FX:EURUSD,1.08518,1.08529,1.08505,1.08506,918.0
2024-03-05 22:45:00,FX:EURUSD,1.08506,1.08522,1.08503,1.08507,891.0
2024-03-05 23:00:00,FX:EURUSD,1.08507,1.0852,1.08495,1.08513,1408.0
2024-03-05 23:15:00,FX:EURUSD,1.08513,1.08514,1.08501,1.08507,829.0
2024-03-05 23:30:00,FX:EURUSD,1.08507,1.0852,1.08506,1.0850899999999999,1100.0
2024-03-05 23:45:00,FX:EURUSD,1.0850899999999999,1.08522,1.08502,1.08517,572.0
2024-03-06 00:00:00,FX:EURUSD,1.08517,1.08538,1.08516,1.08537,1012.0
2024-03-06 00:15:00,FX:EURUSD,1.08537,1.08544,1.08529,1.08538,1055.0
2024-03-06 00:30:00,FX:EURUSD,1.08538,1.0856,1.08538,1.0855299999999999,1262.0
2024-03-06 00:45:00,FX:EURUSD,1.0855299999999999,1.08568,1.08545,1.0855,847.0
2024-03-06 01:00:00,FX:EURUSD,1.0855,1.08567,1.08548,1.08563,1289.0
2024-03-06 01:15:00,FX:EURUSD,1.08563,1.08589,1.08557,1.08571,1285.0
2024-03-06 01:30:00,FX:EURUSD,1.08571,1.08599,1.08566,1.08595,1607.0
2024-03-06 01:45:00,FX:EURUSD,1.08595,1.08605,1.08589,1.08595,1173.0
2024-03-06 02:00:00,FX:EURUSD,1.08595,1.08637,1.08585,1.0863,2395.0
2024-03-06 02:15:00,FX:EURUSD,1.0863,1.08646,1.08608,1.08629,2348.0
2024-03-06 02:30:00,FX:EURUSD,1.08629,1.08663,1.0861399999999999,1.08638,2155.0
2024-03-06 02:45:00,FX:EURUSD,1.08638,1.08642,1.08604,1.08619,2231.0
2024-03-06 03:00:00,FX:EURUSD,1.08619,1.08677,1.08591,1.08673,2310.0
2024-03-06 03:15:00,FX:EURUSD,1.08673,1.0871,1.08653,1.08661,2310.0
2024-03-06 03:30:00,FX:EURUSD,1.08661,1.08688,1.08653,1.0868,2181.0
2024-03-06 03:45:00,FX:EURUSD,1.0868,1.08742,1.08663,1.08731,2374.0
2024-03-06 04:00:00,FX:EURUSD,1.08731,1.0875,1.08693,1.08699,1817.0
2024-03-06 04:15:00,FX:EURUSD,1.08699,1.08723,1.08699,1.08709,1831.0
2024-03-06 04:30:00,FX:EURUSD,1.08709,1.08749,1.08709,1.0873599999999999,1870.0
2024-03-06 04:45:00,FX:EURUSD,1.0873599999999999,1.08777,1.0873,1.08764,1768.0
2024-03-06 05:00:00,FX:EURUSD,1.08764,1.08779,1.0875,1.0877,1803.0
2024-03-06 05:15:00,FX:EURUSD,1.0877,1.08795,1.08766,1.08771,1852.0
2024-03-06 05:30:00,FX:EURUSD,1.08771,1.08778,1.08733,1.08741,1416.0
2024-03-06 05:45:00,FX:EURUSD,1.08741,1.08776,1.08739,1.08772,1403.0
2024-03-06 06:00:00,FX:EURUSD,1.08772,1.08783,1.08765,1.0877999999999999,1437.0
2024-03-06 06:15:00,FX:EURUSD,1.0877999999999999,1.08783,1.08717,1.08724,1617.0
2024-03-06 06:30:00,FX:EURUSD,1.08724,1.0875,1.08715,1.08739,1291.0
2024-03-06 06:45:00,FX:EURUSD,1.08739,1.08772,1.08734,1.08756,1461.0
2024-03-06 07:00:00,FX:EURUSD,1.08756,1.08785,1.08752,1.08773,1694.0
2024-03-06 07:15:00,FX:EURUSD,1.08773,1.08773,1.08746,1.08747,1428.0
2024-03-06 07:30:00,FX:EURUSD,1.08747,1.08756,1.08704,1.08704,1795.0
2024-03-06 07:45:00,FX:EURUSD,1.08704,1.08724,1.0867499999999999,1.08687,2275.0
2024-03-06 08:00:00,FX:EURUSD,1.08687,1.08747,1.08683,1.0874,3121.0
2024-03-06 08:15:00,FX:EURUSD,1.0874,1.08769,1.08713,1.08745,4761.0
2024-03-06 08:30:00,FX:EURUSD,1.08745,1.08827,1.08683,1.08819,9314.0
2024-03-06 08:45:00,FX:EURUSD,1.08819,1.0885,1.08769,1.08847,4678.0
2024-03-06 09:00:00,FX:EURUSD,1.08847,1.0888,1.08833,1.08836,3883.0
2024-03-06 09:15:00,FX:EURUSD,1.08836,1.08879,1.0883,1.0885,2764.0
2024-03-06 09:30:00,FX:EURUSD,1.0885,1.08888,1.08832,1.08877,4385.0
2024-03-06 09:45:00,FX:EURUSD,1.08877,1.08895,1.0884,1.08869,4161.0
2024-03-06 10:00:00,FX:EURUSD,1.08869,1.08891,1.08812,1.08886,7702.0
2024-03-06 10:15:00,FX:EURUSD,1.08886,1.0892,1.08853,1.08903,5080.0
2024-03-06 10:30:00,FX:EURUSD,1.08903,1.08973,1.0885799999999999,1.08962,5430.0
2024-03-06 10:45:00,FX:EURUSD,1.08962,1.09087,1.0896,1.09051,4912.0
2024-03-06 11:00:00,FX:EURUSD,1.09051,1.09052,1.09005,1.0902,3572.0
2024-03-06 11:15:00,FX:EURUSD,1.0902,1.09057,1.08994,1.09057,3533.0
2024-03-06 11:30:00,FX:EURUSD,1.09057,1.09086,1.09013,1.0908,4370.0
2024-03-06 11:45:00,FX:EURUSD,1.0908,1.09148,1.09074,1.09122,4082.0
2024-03-06 12:00:00,FX:EURUSD,1.09122,1.09154,1.09078,1.09084,4133.0
2024-03-06 12:15:00,FX:EURUSD,1.09084,1.09124,1.09077,1.09078,3298.0
2024-03-06 12:30:00,FX:EURUSD,1.09078,1.09105,1.0901,1.09012,3153.0
2024-03-06 12:45:00,FX:EURUSD,1.09012,1.09033,1.08993,1.09023,3117.0
2024-03-06 13:00:00,FX:EURUSD,1.09023,1.09053,1.09022,1.09039,2225.0
2024-03-06 13:15:00,FX:EURUSD,1.09039,1.09077,1.09039,1.0907499999999999,1902.0
2024-03-06 13:30:00,FX:EURUSD,1.0907499999999999,1.09077,1.09006,1.09054,3750.0
2024-03-06 13:45:00,FX:EURUSD,1.09054,1.09059,1.09005,1.09029,3111.0
2024-03-06 14:00:00,FX:EURUSD,1.09029,1.09029,1.08957,1.08959,4447.0
2024-03-06 14:15:00,FX:EURUSD,1.08959,1.08979,1.08934,1.08975,2820.0
2024-03-06 14:30:00,FX:EURUSD,1.08975,1.08988,1.08949,1.08963,3863.0
2024-03-06 14:45:00,FX:EURUSD,1.08963,1.08982,1.08932,1.08966,3327.0
2024-03-06 15:00:00,FX:EURUSD,1.08966,1.08977,1.08929,1.08934,2861.0
2024-03-06 15:15:00,FX:EURUSD,1.08934,1.08958,1.08928,1.08958,3510.0
2024-03-06 15:30:00,FX:EURUSD,1.08958,1.08965,1.08937,1.0895,2491.0
2024-03-06 15:45:00,FX:EURUSD,1.0895,1.08996,1.08948,1.08989,2634.0
2024-03-06 16:00:00,FX:EURUSD,1.08989,1.08995,1.08959,1.08962,955.0
2024-03-06 16:15:00,FX:EURUSD,1.08962,1.08967,1.08954,1.08959,471.0
2024-03-06 16:30:00,FX:EURUSD,1.08959,1.08973,1.08954,1.08971,542.0
2024-03-06 16:45:00,FX:EURUSD,1.08971,1.08991,1.08971,1.08985,776.0
2024-03-06 17:00:00,FX:EURUSD,1.08985,1.0899,1.08932,1.08988,281.0
2024-03-06 17:15:00,FX:EURUSD,1.08988,1.0901,1.08937,1.08976,576.0
2024-03-06 17:30:00,FX:EURUSD,1.08976,1.08991,1.08969,1.08981,592.0
2024-03-06 17:45:00,FX:EURUSD,1.08981,1.08986,1.08969,1.08971,348.0
2024-03-06 18:00:00,FX:EURUSD,1.08971,1.09015,1.08958,1.08987,401.0
2024-03-06 18:15:00,FX:EURUSD,1.08987,1.08996,1.08987,1.08994,258.0
2024-03-06 18:30:00,FX:EURUSD,1.08994,1.09009,1.0899,1.08994,302.0
2024-03-06 18:45:00,FX:EURUSD,1.08994,1.09,1.08979,1.08995,312.0
2024-03-06 19:00:00,FX:EURUSD,1.08995,1.09073,1.08992,1.09059,1225.0
2024-03-06 19:15:00,FX:EURUSD,1.09059,1.09065,1.09004,1.09009,1030.0
2024-03-06 19:30:00,FX:EURUSD,1.09009,1.09054,1.09003,1.09031,1660.0
2024-03-06 19:45:00,FX:EURUSD,1.09031,1.09044,1.0901399999999999,1.09031,1766.0
2024-03-06 20:00:00,FX:EURUSD,1.09031,1.09034,1.08989,1.09004,1745.0
2024-03-06 20:15:00,FX:EURUSD,1.09004,1.09043,1.09004,1.09019,2507.0
2024-03-06 20:30:00,FX:EURUSD,1.09019,1.09031,1.08989,1.09009,2146.0
2024-03-06 20:45:00,FX:EURUSD,1.09009,1.0901,1.08964,1.08978,1759.0
2024-03-06 21:00:00,FX:EURUSD,1.08978,1.0899,1.0897,1.08974,1645.0
2024-03-06 21:15:00,FX:EURUSD,1.08974,1.08984,1.08935,1.0893599999999999,1523.0
2024-03-06 21:30:00,FX:EURUSD,1.0893599999999999,1.08963,1.0893599999999999,1.08955,1516.0
2024-03-06 21:45:00,FX:EURUSD,1.08955,1.08985,1.08948,1.08984,1132.0
2024-03-06 22:00:00,FX:EURUSD,1.08984,1.08988,1.08977,1.08981,906.0
2024-03-06 22:15:00,FX:EURUSD,1.08981,1.0899,1.0895299999999999,1.08978,932.0
2024-03-06 22:30:00,FX:EURUSD,1.08978,1.08992,1.08971,1.0899,973.0
2024-03-06 22:45:00,FX:EURUSD,1.0899,1.09015,1.08985,1.09005,903.0
2024-03-06 23:00:00,FX:EURUSD,1.09005,1.09024,1.09002,1.09013,1644.0
2024-03-06 23:15:00,FX:EURUSD,1.09013,1.09042,1.09013,1.0904099999999999,1237.0
2024-03-06 23:30:00,FX:EURUSD,1.0904099999999999,1.09055,1.09025,1.09044,897.0
2024-03-06 23:45:00,FX:EURUSD,1.09044,1.09046,1.09029,1.09036,930.0
2024-03-07 00:00:00,FX:EURUSD,1.09036,1.0904,1.09021,1.09027,1145.0
2024-03-07 00:15:00,FX:EURUSD,1.09027,1.09056,1.0902,1.09033,689.0
2024-03-07 00:30:00,FX:EURUSD,1.09033,1.09036,1.09001,1.09004,1066.0
2024-03-07 00:45:00,FX:EURUSD,1.09004,1.09017,1.0899699999999999,1.09004,1047.0
2024-03-07 01:00:00,FX:EURUSD,1.09004,1.09009,1.08991,1.09001,1188.0
2024-03-07 01:15:00,FX:EURUSD,1.09001,1.09029,1.08998,1.09024,1223.0
2024-03-07 01:30:00,FX:EURUSD,1.09024,1.09028,1.09009,1.09013,1212.0
2024-03-07 01:45:00,FX:EURUSD,1.09013,1.09022,1.08985,1.09016,1230.0
2024-03-07 02:00:00,FX:EURUSD,1.09016,1.09043,1.08998,1.09009,3386.0
2024-03-07 02:15:00,FX:EURUSD,1.09009,1.09009,1.0896,1.08964,2252.0
2024-03-07 02:30:00,FX:EURUSD,1.08964,1.08974,1.08921,1.08931,2111.0
2024-03-07 02:45:00,FX:EURUSD,1.08931,1.0895,1.08911,1.0893599999999999,2479.0
2024-03-07 03:00:00,FX:EURUSD,1.0893599999999999,1.08958,1.08876,1.08907,2688.0
2024-03-07 03:15:00,FX:EURUSD,1.08907,1.08934,1.08891,1.08932,2865.0
2024-03-07 03:30:00,FX:EURUSD,1.08932,1.08958,1.08913,1.08934,3381.0
2024-03-07 03:45:00,FX:EURUSD,1.08934,1.08978,1.08929,1.08978,2109.0
2024-03-07 04:00:00,FX:EURUSD,1.08978,1.08979,1.08938,1.08939,2159.0
2024-03-07 04:15:00,FX:EURUSD,1.08939,1.08992,1.08927,1.08992,2177.0
2024-03-07 04:30:00,FX:EURUSD,1.08992,1.09007,1.08983,1.0899,2040.0
2024-03-07 04:45:00,FX:EURUSD,1.0899,1.09028,1.08985,1.09016,1920.0
2024-03-07 05:00:00,FX:EURUSD,1.09016,1.09018,1.08946,1.08962,2132.0
2024-03-07 05:15:00,FX:EURUSD,1.08962,1.0897,1.08933,1.08942,2028.0
2024-03-07 05:30:00,FX:EURUSD,1.08942,1.08947,1.08896,1.08913,1987.0
2024-03-07 05:45:00,FX:EURUSD,1.08913,1.08978,1.08912,1.08964,2352.0
2024-03-07 06:00:00,FX:EURUSD,1.08964,1.08984,1.08947,1.08979,2356.0
2024-03-07 06:15:00,FX:EURUSD,1.08979,1.08992,1.08958,1.08974,1868.0
2024-03-07 06:30:00,FX:EURUSD,1.08974,1.0899,1.08935,1.0893599999999999,1629.0
2024-03-07 06:45:00,FX:EURUSD,1.0893599999999999,1.08962,1.08923,1.0894,2095.0
2024-03-07 07:00:00,FX:EURUSD,1.0894,1.08978,1.08939,1.0896,2071.0
2024-03-07 07:15:00,FX:EURUSD,1.0896,1.09001,1.08959,1.08992,1847.0
2024-03-07 07:30:00,FX:EURUSD,1.08992,1.09001,1.0897,1.08998,2145.0
2024-03-07 07:45:00,FX:EURUSD,1.08998,1.08998,1.08921,1.08943,2505.0
2024-03-07 08:00:00,FX:EURUSD,1.08943,1.08967,1.08931,1.0893599999999999,2586.0
2024-03-07 08:15:00,FX:EURUSD,1.0893599999999999,1.08959,1.08734,1.08807,8165.0
2024-03-07 08:30:00,FX:EURUSD,1.08807,1.08855,1.0871899999999999,1.08815,7071.0
2024-03-07 08:45:00,FX:EURUSD,1.08815,1.08829,1.08677,1.08722,6615.0
2024-03-07 09:00:00,FX:EURUSD,1.08722,1.08901,1.08691,1.08868,10023.0
2024-03-07 09:15:00,FX:EURUSD,1.08868,1.09019,1.08833,1.0901,5899.0
2024-03-07 09:30:00,FX:EURUSD,1.0901,1.0907499999999999,1.08957,1.09003,5423.0
2024-03-07 09:45:00,FX:EURUSD,1.09003,1.09194,1.08968,1.09156,5341.0
2024-03-07 10:00:00,FX:EURUSD,1.09156,1.09174,1.09088,1.0916,4279.0
2024-03-07 10:15:00,FX:EURUSD,1.0916,1.09177,1.09082,1.09108,4441.0
2024-03-07 10:30:00,FX:EURUSD,1.09108,1.0926,1.0910199999999999,1.09251,3769.0
2024-03-07 10:45:00,FX:EURUSD,1.09251,1.09309,1.09228,1.09299,4286.0
2024-03-07 11:00:00,FX:EURUSD,1.09299,1.09303,1.09246,1.09287,3421.0
2024-03-07 11:15:00,FX:EURUSD,1.09287,1.09378,1.09267,1.09362,3342.0
2024-03-07 11:30:00,FX:EURUSD,1.09362,1.0937,1.09314,1.09353,5002.0
2024-03-07 11:45:00,FX:EURUSD,1.09353,1.0942,1.09323,1.09401,3316.0
2024-03-07 12:00:00,FX:EURUSD,1.09401,1.09402,1.09366,1.09394,2267.0
2024-03-07 12:15:00,FX:EURUSD,1.09394,1.09416,1.09359,1.09365,1974.0
2024-03-07 12:30:00,FX:EURUSD,1.09365,1.09374,1.09313,1.09317,2154.0
2024-03-07 12:45:00,FX:EURUSD,1.09317,1.09371,1.09312,1.09369,1964.0
2024-03-07 13:00:00,FX:EURUSD,1.09369,1.09406,1.09364,1.09399,1710.0
2024-03-07 13:15:00,FX:EURUSD,1.09399,1.09419,1.09391,1.09418,1403.0
2024-03-07 13:30:00,FX:EURUSD,1.09418,1.09431,1.0939699999999999,1.09417,1503.0
2024-03-07 13:45:00,FX:EURUSD,1.09417,1.09448,1.09414,1.09421,1249.0
2024-03-07 14:00:00,FX:EURUSD,1.09421,1.09442,1.09407,1.09439,1247.0
2024-03-07 14:15:00,FX:EURUSD,1.09439,1.09472,1.09428,1.09468,1526.0
2024-03-07 14:30:00,FX:EURUSD,1.09468,1.09469,1.09429,1.09459,1614.0
2024-03-07 14:45:00,FX:EURUSD,1.09459,1.09487,1.09455,1.09467,1597.0
2024-03-07 15:00:00,FX:EURUSD,1.09467,1.09468,1.09425,1.09448,1590.0
2024-03-07 15:15:00,FX:EURUSD,1.09448,1.09467,1.09447,1.0945799999999999,1345.0
2024-03-07 15:30:00,FX:EURUSD,1.0945799999999999,1.09492,1.09448,1.09475,1347.0
2024-03-07 15:45:00,FX:EURUSD,1.09475,1.0948,1.09461,1.09469,2092.0
2024-03-07 16:00:00,FX:EURUSD,1.09469,1.09484,1.09467,1.09472,658.0
2024-03-07 16:15:00,FX:EURUSD,1.09472,1.09473,1.09457,1.09462,890.0
2024-03-07 16:30:00,FX:EURUSD,1.09462,1.09475,1.09457,1.09472,726.0
2024-03-07 16:45:00,FX:EURUSD,1.09472,1.09488,1.0947,1.0948,831.0
2024-03-07 17:00:00,FX:EURUSD,1.0948,1.0948,1.09422,1.09462,190.0
2024-03-07 17:15:00,FX:EURUSD,1.09462,1.0947,1.0945,1.09461,235.0
2024-03-07 17:30:00,FX:EURUSD,1.09461,1.09478,1.09459,1.09476,4592.0
2024-03-07 17:45:00,FX:EURUSD,1.09476,1.09478,1.0945799999999999,1.09469,973.0
2024-03-07 18:00:00,FX:EURUSD,1.09469,1.09492,1.0945799999999999,1.09491,350.0
2024-03-07 18:15:00,FX:EURUSD,1.09491,1.09499,1.09489,1.0949,293.0
2024-03-07 18:30:00,FX:EURUSD,1.0949,1.095,1.09489,1.09497,289.0
2024-03-07 18:45:00,FX:EURUSD,1.09497,1.09514,1.09494,1.0951,260.0
2024-03-07 19:00:00,FX:EURUSD,1.0951,1.09538,1.09504,1.09537,924.0
2024-03-07 19:15:00,FX:EURUSD,1.09537,1.09542,1.09521,1.09542,831.0
2024-03-07 19:30:00,FX:EURUSD,1.09542,1.09557,1.09531,1.09538,1160.0
2024-03-07 19:45:00,FX:EURUSD,1.09538,1.09539,1.09503,1.09513,1324.0
2024-03-07 20:00:00,FX:EURUSD,1.09513,1.09528,1.09481,1.09488,1230.0
2024-03-07 20:15:00,FX:EURUSD,1.09488,1.09496,1.09465,1.0948,1115.0
2024-03-07 20:30:00,FX:EURUSD,1.0948,1.09492,1.09467,1.09475,1417.0
2024-03-07 20:45:00,FX:EURUSD,1.09475,1.09507,1.09474,1.09479,1038.0
2024-03-07 21:00:00,FX:EURUSD,1.09479,1.09487,1.09464,1.09475,1186.0
2024-03-07 21:15:00,FX:EURUSD,1.09475,1.09504,1.09474,1.0950199999999999,1096.0
2024-03-07 21:30:00,FX:EURUSD,1.0950199999999999,1.09508,1.09467,1.09469,1095.0
2024-03-07 21:45:00,FX:EURUSD,1.09469,1.09469,1.09448,1.09457,981.0
2024-03-07 22:00:00,FX:EURUSD,1.09457,1.09462,1.0944099999999999,1.09453,905.0
2024-03-07 22:15:00,FX:EURUSD,1.09453,1.09475,1.0945,1.09472,848.0
2024-03-07 22:30:00,FX:EURUSD,1.09472,1.09479,1.09462,1.09465,748.0
2024-03-07 22:45:00,FX:EURUSD,1.09465,1.09476,1.09461,1.09473,764.0
2024-03-07 23:00:00,FX:EURUSD,1.09473,1.09483,1.09467,1.0948,746.0
2024-03-07 23:15:00,FX:EURUSD,1.0948,1.09491,1.09462,1.09467,643.0
2024-03-07 23:30:00,FX:EURUSD,1.09467,1.09471,1.09449,1.09454,555.0
2024-03-07 23:45:00,FX:EURUSD,1.09454,1.09471,1.09444,1.09456,812.0
2024-03-08 00:00:00,FX:EURUSD,1.09456,1.09471,1.09449,1.09462,836.0
2024-03-08 00:15:00,FX:EURUSD,1.09462,1.09472,1.09447,1.09471,809.0
2024-03-08 00:30:00,FX:EURUSD,1.09471,1.0948499999999999,1.09467,1.09477,644.0
2024-03-08 00:45:00,FX:EURUSD,1.09477,1.09478,1.09457,1.09464,1013.0
2024-03-08 01:00:00,FX:EURUSD,1.09464,1.09487,1.09455,1.09471,1291.0
2024-03-08 01:15:00,FX:EURUSD,1.09471,1.09472,1.0944099999999999,1.09463,826.0
2024-03-08 01:30:00,FX:EURUSD,1.09463,1.0949,1.09459,1.09467,1028.0
2024-03-08 01:45:00,FX:EURUSD,1.09467,1.0948499999999999,1.09462,1.0948,1033.0
2024-03-08 02:00:00,FX:EURUSD,1.0948,1.0951,1.09457,1.09465,2761.0
2024-03-08 02:15:00,FX:EURUSD,1.09465,1.09467,1.0936,1.09383,3105.0
2024-03-08 02:30:00,FX:EURUSD,1.09383,1.09387,1.09316,1.09334,3137.0
2024-03-08 02:45:00,FX:EURUSD,1.09334,1.0935,1.09323,1.0933599999999999,2716.0
2024-03-08 03:00:00,FX:EURUSD,1.0933599999999999,1.09345,1.09305,1.09321,2894.0
2024-03-08 03:15:00,FX:EURUSD,1.09321,1.09338,1.0929,1.09332,2691.0
2024-03-08 03:30:00,FX:EURUSD,1.09332,1.09364,1.09317,1.0936299999999999,2199.0
2024-03-08 03:45:00,FX:EURUSD,1.0936299999999999,1.09388,1.0934,1.09358,2409.0
2024-03-08 04:00:00,FX:EURUSD,1.09358,1.09373,1.0931899999999999,1.09324,2243.0
2024-03-08 04:15:00,FX:EURUSD,1.09324,1.09325,1.09261,1.09323,3288.0
2024-03-08 04:30:00,FX:EURUSD,1.09323,1.09341,1.09261,1.09291,3691.0
2024-03-08 04:45:00,FX:EURUSD,1.09291,1.0936299999999999,1.09291,1.09352,3036.0
2024-03-08 05:00:00,FX:EURUSD,1.09352,1.09371,1.09333,1.09365,2866.0
2024-03-08 05:15:00,FX:EURUSD,1.09365,1.09368,1.09297,1.09299,2255.0
2024-03-08 05:30:00,FX:EURUSD,1.09299,1.09308,1.09263,1.093,2566.0
2024-03-08 05:45:00,FX:EURUSD,1.093,1.0935,1.09296,1.09335,2169.0
2024-03-08 06:00:00,FX:EURUSD,1.09335,1.0935,1.09316,1.09343,1867.0
2024-03-08 06:15:00,FX:EURUSD,1.09343,1.09389,1.09337,1.09373,1680.0
2024-03-08 06:30:00,FX:EURUSD,1.09373,1.09374,1.09295,1.09315,2240.0
2024-03-08 06:45:00,FX:EURUSD,1.09315,1.09347,1.09299,1.09346,2107.0
2024-03-08 07:00:00,FX:EURUSD,1.09346,1.0935,1.09296,1.09301,1929.0
2024-03-08 07:15:00,FX:EURUSD,1.09301,1.0931899999999999,1.0928,1.09308,1959.0
2024-03-08 07:30:00,FX:EURUSD,1.09308,1.09333,1.09297,1.0931,2095.0
2024-03-08 07:45:00,FX:EURUSD,1.0931,1.09323,1.09285,1.09318,2549.0
2024-03-08 08:00:00,FX:EURUSD,1.09318,1.09362,1.09311,1.09357,2213.0
2024-03-08 08:15:00,FX:EURUSD,1.09357,1.09442,1.09345,1.09388,3271.0
2024-03-08 08:30:00,FX:EURUSD,1.09388,1.09812,1.09178,1.09718,19248.0
2024-03-08 08:45:00,FX:EURUSD,1.09718,1.09744,1.09543,1.09581,9156.0
2024-03-08 09:00:00,FX:EURUSD,1.09581,1.09667,1.09506,1.09515,8512.0
2024-03-08 09:15:00,FX:EURUSD,1.09515,1.09564,1.09446,1.0956,6352.0
2024-03-08 09:30:00,FX:EURUSD,1.0956,1.09625,1.0951,1.09587,8062.0
2024-03-08 09:45:00,FX:EURUSD,1.09587,1.09629,1.09549,1.09578,5653.0
2024-03-08 10:00:00,FX:EURUSD,1.09578,1.09607,1.0951,1.09514,4867.0
2024-03-08 10:15:00,FX:EURUSD,1.09514,1.09527,1.09434,1.0952,4592.0
2024-03-08 10:30:00,FX:EURUSD,1.0952,1.09541,1.09489,1.09532,5001.0
2024-03-08 10:45:00,FX:EURUSD,1.09532,1.09618,1.09491,1.09608,3924.0
2024-03-08 11:00:00,FX:EURUSD,1.09608,1.09613,1.09484,1.09496,4806.0
2024-03-08 11:15:00,FX:EURUSD,1.09496,1.0950199999999999,1.09425,1.09425,3931.0
2024-03-08 11:30:00,FX:EURUSD,1.09425,1.09469,1.09401,1.09409,4457.0
2024-03-08 11:45:00,FX:EURUSD,1.09409,1.0942399999999999,1.09372,1.09403,3598.0
2024-03-08 12:00:00,FX:EURUSD,1.09403,1.09457,1.09403,1.09432,4216.0
2024-03-08 12:15:00,FX:EURUSD,1.09432,1.09445,1.09374,1.09442,3539.0
2024-03-08 12:30:00,FX:EURUSD,1.09442,1.0945,1.09368,1.09378,3398.0
2024-03-08 12:45:00,FX:EURUSD,1.09378,1.09401,1.09372,1.09394,3871.0
2024-03-08 13:00:00,FX:EURUSD,1.09394,1.094,1.09337,1.09343,3601.0
2024-03-08 13:15:00,FX:EURUSD,1.09343,1.09381,1.09342,1.09351,2187.0
2024-03-08 13:30:00,FX:EURUSD,1.09351,1.09372,1.09333,1.09357,2533.0
2024-03-08 13:45:00,FX:EURUSD,1.09357,1.0937999999999999,1.0935,1.0937,2217.0
2024-03-08 14:00:00,FX:EURUSD,1.0937,1.0939,1.09344,1.09361,2384.0
2024-03-08 14:15:00,FX:EURUSD,1.09361,1.09402,1.09356,1.09392,2394.0
2024-03-08 14:30:00,FX:EURUSD,1.09392,1.09414,1.09387,1.09408,1770.0
2024-03-08 14:45:00,FX:EURUSD,1.09408,1.09422,1.0939,1.09416,1668.0
2024-03-08 15:00:00,FX:EURUSD,1.09416,1.09438,1.09379,1.09384,1575.0
2024-03-08 15:15:00,FX:EURUSD,1.09384,1.09401,1.09353,1.09354,1590.0
2024-03-08 15:30:00,FX:EURUSD,1.09354,1.09365,1.09344,1.09352,948.0
2024-03-08 15:45:00,FX:EURUSD,1.09352,1.09373,1.0935,1.09361,1432.0
2024-03-08 16:00:00,FX:EURUSD,1.09361,1.09394,1.09358,1.09371,838.0
2024-03-08 16:15:00,FX:EURUSD,1.09371,1.09379,1.09354,1.0936299999999999,750.0
2024-03-08 16:30:00,FX:EURUSD,1.0936299999999999,1.0937,1.09353,1.0936,673.0
2024-03-08 16:45:00,FX:EURUSD,1.0936,1.09407,1.0934,1.09343,867.0
2024-03-10 17:00:00,FX:EURUSD,1.09426,1.09426,1.09376,1.0939,154.0
2024-03-10 17:15:00,FX:EURUSD,1.0939,1.09406,1.09366,1.09379,249.0
2024-03-10 17:30:00,FX:EURUSD,1.09379,1.09391,1.09372,1.09379,581.0
2024-03-10 17:45:00,FX:EURUSD,1.09379,1.09392,1.09377,1.09392,92.0
2024-03-10 18:00:00,FX:EURUSD,1.09392,1.09415,1.09358,1.09359,446.0
2024-03-10 18:15:00,FX:EURUSD,1.09359,1.09387,1.09358,1.09387,291.0
2024-03-10 18:30:00,FX:EURUSD,1.09387,1.0939,1.09377,1.09381,302.0
2024-03-10 18:45:00,FX:EURUSD,1.09381,1.09392,1.09366,1.09374,408.0
2024-03-10 19:00:00,FX:EURUSD,1.09374,1.0939699999999999,1.09374,1.09392,1098.0
2024-03-10 19:15:00,FX:EURUSD,1.09392,1.09419,1.0939,1.09419,1457.0
2024-03-10 19:30:00,FX:EURUSD,1.09419,1.09425,1.09406,1.09419,1581.0
2024-03-10 19:45:00,FX:EURUSD,1.09419,1.09437,1.09404,1.09427,990.0
2024-03-10 20:00:00,FX:EURUSD,1.09427,1.0943,1.09381,1.09407,1698.0
2024-03-10 20:15:00,FX:EURUSD,1.09407,1.09427,1.09406,1.09414,1524.0
2024-03-10 20:30:00,FX:EURUSD,1.09414,1.09436,1.09412,1.09427,1558.0
2024-03-10 20:45:00,FX:EURUSD,1.09427,1.09466,1.09415,1.09423,1344.0
2024-03-10 21:00:00,FX:EURUSD,1.09423,1.09453,1.0942,1.09442,2380.0
2024-03-10 21:15:00,FX:EURUSD,1.09442,1.09457,1.09421,1.09423,1536.0
2024-03-10 21:30:00,FX:EURUSD,1.09423,1.09447,1.09423,1.09423,2208.0
2024-03-10 21:45:00,FX:EURUSD,1.09423,1.09431,1.09389,1.09405,2014.0
2024-03-10 22:00:00,FX:EURUSD,1.09405,1.09419,1.09372,1.09412,1465.0
2024-03-10 22:15:00,FX:EURUSD,1.09412,1.09417,1.09398,1.09402,1101.0
2024-03-10 22:30:00,FX:EURUSD,1.09402,1.09409,1.09384,1.09392,1387.0
2024-03-10 22:45:00,FX:EURUSD,1.09392,1.09401,1.09382,1.09388,1177.0
2024-03-10 23:00:00,FX:EURUSD,1.09388,1.09401,1.09379,1.09401,1072.0
2024-03-10 23:15:00,FX:EURUSD,1.09401,1.09429,1.094,1.09427,842.0
2024-03-10 23:30:00,FX:EURUSD,1.09427,1.09439,1.09412,1.09437,892.0
2024-03-10 23:45:00,FX:EURUSD,1.09437,1.09444,1.09411,1.09414,937.0
2024-03-11 00:00:00,FX:EURUSD,1.09414,1.09414,1.09396,1.09405,1290.0
2024-03-11 00:15:00,FX:EURUSD,1.09405,1.09416,1.09395,1.09395,930.0
2024-03-11 00:30:00,FX:EURUSD,1.09395,1.09395,1.09374,1.09382,833.0
2024-03-11 00:45:00,FX:EURUSD,1.09382,1.09387,1.09369,1.09387,692.0
2024-03-11 01:00:00,FX:EURUSD,1.09387,1.0941,1.09386,1.09402,1108.0
2024-03-11 01:15:00,FX:EURUSD,1.09402,1.09412,1.09399,1.09408,871.0
2024-03-11 01:30:00,FX:EURUSD,1.09408,1.0942,1.09402,1.09417,889.0
2024-03-11 01:45:00,FX:EURUSD,1.09417,1.0942,1.09391,1.09413,1146.0
2024-03-11 02:00:00,FX:EURUSD,1.09413,1.09418,1.09382,1.09382,1606.0
2024-03-11 02:15:00,FX:EURUSD,1.09382,1.09393,1.09376,1.09377,1187.0
2024-03-11 02:30:00,FX:EURUSD,1.09377,1.09393,1.09353,1.09388,1108.0
2024-03-11 02:45:00,FX:EURUSD,1.09388,1.09437,1.09383,1.09421,1379.0
2024-03-11 03:00:00,FX:EURUSD,1.09421,1.09453,1.09419,1.09434,1901.0
2024-03-11 03:15:00,FX:EURUSD,1.09434,1.09469,1.094,1.09468,1968.0
2024-03-11 03:30:00,FX:EURUSD,1.09468,1.09474,1.0939,1.09393,2236.0
2024-03-11 03:45:00,FX:EURUSD,1.09393,1.09447,1.09371,1.09418,2215.0
2024-03-11 04:00:00,FX:EURUSD,1.09418,1.09449,1.09385,1.09448,3490.0
2024-03-11 04:15:00,FX:EURUSD,1.09448,1.09481,1.0941,1.09431,2523.0
2024-03-11 04:30:00,FX:EURUSD,1.09431,1.0944099999999999,1.09394,1.09423,2896.0
2024-03-11 04:45:00,FX:EURUSD,1.09423,1.09453,1.09413,1.09445,3018.0
2024-03-11 05:00:00,FX:EURUSD,1.09445,1.0945,1.09413,1.09423,2537.0
2024-03-11 05:15:00,FX:EURUSD,1.09423,1.09435,1.09403,1.09432,1682.0
2024-03-11 05:30:00,FX:EURUSD,1.09432,1.09432,1.094,1.09406,1707.0
2024-03-11 05:45:00,FX:EURUSD,1.09406,1.09416,1.09338,1.09346,2275.0
2024-03-11 06:00:00,FX:EURUSD,1.09346,1.09379,1.0933,1.09373,1822.0
2024-03-11 06:15:00,FX:EURUSD,1.09373,1.09409,1.09367,1.09384,1648.0
2024-03-11 06:30:00,FX:EURUSD,1.09384,1.09409,1.09384,1.09391,1628.0
2024-03-11 06:45:00,FX:EURUSD,1.09391,1.09435,1.09386,1.09416,1734.0
2024-03-11 07:00:00,FX:EURUSD,1.09416,1.0942,1.09392,1.09393,1448.0
2024-03-11 07:15:00,FX:EURUSD,1.09393,1.09405,1.09377,1.09398,1649.0
2024-03-11 07:30:00,FX:EURUSD,1.09398,1.09429,1.09395,1.09422,1119.0
2024-03-11 07:45:00,FX:EURUSD,1.09422,1.09434,1.09413,1.09429,1279.0
2024-03-11 08:00:00,FX:EURUSD,1.09429,1.09433,1.09402,1.09404,2837.0
2024-03-11 08:15:00,FX:EURUSD,1.09404,1.09417,1.09388,1.0939,2479.0
2024-03-11 08:30:00,FX:EURUSD,1.0939,1.09407,1.09353,1.09356,2736.0
2024-03-11 08:45:00,FX:EURUSD,1.09356,1.09381,1.09293,1.09294,2973.0
2024-03-11 09:00:00,FX:EURUSD,1.09294,1.09317,1.09255,1.09263,2573.0
2024-03-11 09:15:00,FX:EURUSD,1.09263,1.0927,1.09237,1.09268,2495.0
2024-03-11 09:30:00,FX:EURUSD,1.09268,1.09286,1.0925,1.09268,4199.0
2024-03-11 09:45:00,FX:EURUSD,1.09268,1.09271,1.09177,1.09196,3205.0
2024-03-11 10:00:00,FX:EURUSD,1.09196,1.09209,1.09157,1.09178,3481.0
2024-03-11 10:15:00,FX:EURUSD,1.09178,1.09219,1.09177,1.09216,2903.0
2024-03-11 10:30:00,FX:EURUSD,1.09216,1.09223,1.09162,1.09198,3352.0
2024-03-11 10:45:00,FX:EURUSD,1.09198,1.09249,1.09183,1.09244,3087.0
2024-03-11 11:00:00,FX:EURUSD,1.09244,1.09246,1.09195,1.09196,3269.0
2024-03-11 11:15:00,FX:EURUSD,1.09196,1.09227,1.09191,1.0919699999999999,3269.0
2024-03-11 11:30:00,FX:EURUSD,1.0919699999999999,1.0919699999999999,1.09145,1.09152,3058.0
2024-03-11 11:45:00,FX:EURUSD,1.09152,1.09288,1.09145,1.09272,3356.0
2024-03-11 12:00:00,FX:EURUSD,1.09272,1.09278,1.09228,1.09264,3105.0
2024-03-11 12:15:00,FX:EURUSD,1.09264,1.09281,1.09263,1.0927,1534.0
2024-03-11 12:30:00,FX:EURUSD,1.0927,1.0927499999999999,1.09243,1.09261,2383.0
2024-03-11 12:45:00,FX:EURUSD,1.09261,1.09277,1.09249,1.09272,1998.0
2024-03-11 13:00:00,FX:EURUSD,1.09272,1.0930199999999999,1.09264,1.09281,3482.0
2024-03-11 13:15:00,FX:EURUSD,1.09281,1.0930199999999999,1.09271,1.0927499999999999,2464.0
2024-03-11 13:30:00,FX:EURUSD,1.0927499999999999,1.09289,1.0926,1.09266,2136.0
2024-03-11 13:45:00,FX:EURUSD,1.09266,1.09272,1.09245,1.09252,2018.0
2024-03-11 14:00:00,FX:EURUSD,1.09252,1.09262,1.09234,1.09242,2148.0
2024-03-11 14:15:00,FX:EURUSD,1.09242,1.09247,1.09229,1.0923,2091.0
2024-03-11 14:30:00,FX:EURUSD,1.0923,1.09232,1.09182,1.09212,2107.0
2024-03-11 14:45:00,FX:EURUSD,1.09212,1.09252,1.09204,1.0924099999999999,2970.0
2024-03-11 15:00:00,FX:EURUSD,1.0924099999999999,1.09253,1.09219,1.09239,2235.0
2024-03-11 15:15:00,FX:EURUSD,1.09239,1.0926,1.09232,1.09252,1886.0
2024-03-11 15:30:00,FX:EURUSD,1.09252,1.09263,1.09229,1.0925799999999999,1529.0
2024-03-11 15:45:00,FX:EURUSD,1.0925799999999999,1.09264,1.09236,1.09262,1998.0
2024-03-11 16:00:00,FX:EURUSD,1.09262,1.09267,1.09257,1.09267,645.0
2024-03-11 16:15:00,FX:EURUSD,1.09267,1.09274,1.09262,1.09263,331.0
2024-03-11 16:30:00,FX:EURUSD,1.09263,1.09268,1.09255,1.09261,299.0
2024-03-11 16:45:00,FX:EURUSD,1.09261,1.09271,1.0925,1.09257,810.0
2024-03-11 17:00:00,FX:EURUSD,1.09257,1.09259,1.09194,1.09244,621.0
2024-03-11 17:15:00,FX:EURUSD,1.09244,1.09263,1.09236,1.09243,558.0
2024-03-11 17:30:00,FX:EURUSD,1.09243,1.0926,1.09239,1.09249,10430.0
2024-03-11 17:45:00,FX:EURUSD,1.09249,1.09261,1.09248,1.09251,1407.0
2024-03-11 18:00:00,FX:EURUSD,1.09251,1.09261,1.09243,1.0925799999999999,362.0
2024-03-11 18:15:00,FX:EURUSD,1.0925799999999999,1.0927,1.0925799999999999,1.09265,279.0
2024-03-11 18:30:00,FX:EURUSD,1.09265,1.09265,1.09251,1.09254,326.0
2024-03-11 18:45:00,FX:EURUSD,1.09254,1.09257,1.09245,1.09251,427.0
2024-03-11 19:00:00,FX:EURUSD,1.09251,1.09267,1.0925,1.09266,559.0
2024-03-11 19:15:00,FX:EURUSD,1.09266,1.09283,1.09259,1.09279,430.0
2024-03-11 19:30:00,FX:EURUSD,1.09279,1.09296,1.09277,1.09281,403.0
2024-03-11 19:45:00,FX:EURUSD,1.09281,1.0931,1.09277,1.09306,435.0
2024-03-11 20:00:00,FX:EURUSD,1.09306,1.09321,1.09294,1.09312,1268.0
2024-03-11 20:15:00,FX:EURUSD,1.09312,1.09322,1.0931,1.09321,738.0
2024-03-11 20:30:00,FX:EURUSD,1.09321,1.09322,1.09296,1.09306,876.0
2024-03-11 20:45:00,FX:EURUSD,1.09306,1.09306,1.09284,1.09287,1089.0
2024-03-11 21:00:00,FX:EURUSD,1.09287,1.09303,1.0927,1.09271,1014.0
2024-03-11 21:15:00,FX:EURUSD,1.09271,1.09296,1.09268,1.09293,850.0
2024-03-11 21:30:00,FX:EURUSD,1.09293,1.09312,1.0928,1.09311,1168.0
2024-03-11 21:45:00,FX:EURUSD,1.09311,1.09343,1.09309,1.09337,981.0
2024-03-11 22:00:00,FX:EURUSD,1.09337,1.09342,1.09309,1.09312,1225.0
2024-03-11 22:15:00,FX:EURUSD,1.09312,1.09343,1.0930199999999999,1.09335,1228.0
2024-03-11 22:30:00,FX:EURUSD,1.09335,1.09361,1.09332,1.0934,1186.0
2024-03-11 22:45:00,FX:EURUSD,1.0934,1.09364,1.09337,1.0936299999999999,1037.0
2024-03-11 23:00:00,FX:EURUSD,1.0936299999999999,1.09374,1.09341,1.09348,887.0
2024-03-11 23:15:00,FX:EURUSD,1.09348,1.09375,1.09348,1.09367,880.0
2024-03-11 23:30:00,FX:EURUSD,1.09367,1.09381,1.09366,1.09372,623.0
2024-03-11 23:45:00,FX:EURUSD,1.09372,1.09372,1.09355,1.0936299999999999,456.0
2024-03-12 00:00:00,FX:EURUSD,1.0936299999999999,1.09373,1.09347,1.09367,645.0
2024-03-12 00:15:00,FX:EURUSD,1.09367,1.09381,1.09359,1.0937999999999999,675.0
2024-03-12 00:30:00,FX:EURUSD,1.0937999999999999,1.09381,1.09346,1.09352,552.0
2024-03-12 00:45:00,FX:EURUSD,1.09352,1.09372,1.09346,1.09368,574.0
2024-03-12 01:00:00,FX:EURUSD,1.09368,1.09388,1.09368,1.09386,1006.0
2024-03-12 01:15:00,FX:EURUSD,1.09386,1.09387,1.09366,1.09371,825.0
2024-03-12 01:30:00,FX:EURUSD,1.09371,1.09383,1.09368,1.09374,657.0
2024-03-12 01:45:00,FX:EURUSD,1.09374,1.09392,1.09366,1.09385,961.0
2024-03-12 02:00:00,FX:EURUSD,1.09385,1.09385,1.09353,1.09361,1716.0
2024-03-12 02:15:00,FX:EURUSD,1.09361,1.09381,1.09342,1.09367,998.0
2024-03-12 02:30:00,FX:EURUSD,1.09367,1.09391,1.09361,1.09378,1012.0
2024-03-12 02:45:00,FX:EURUSD,1.09378,1.0939,1.09368,1.09379,951.0
2024-03-12 03:00:00,FX:EURUSD,1.09379,1.09384,1.09338,1.09371,2584.0
2024-03-12 03:15:00,FX:EURUSD,1.09371,1.09374,1.09333,1.09352,2117.0
2024-03-12 03:30:00,FX:EURUSD,1.09352,1.09393,1.09332,1.0933599999999999,2255.0
2024-03-12 03:45:00,FX:EURUSD,1.0933599999999999,1.09349,1.09315,1.0931899999999999,2245.0
2024-03-12 04:00:00,FX:EURUSD,1.0931899999999999,1.09334,1.09301,1.09305,2684.0
2024-03-12 04:15:00,FX:EURUSD,1.09305,1.09308,1.0926,1.09262,2589.0
2024-03-12 04:30:00,FX:EURUSD,1.09262,1.09265,1.09228,1.09238,2273.0
2024-03-12 04:45:00,FX:EURUSD,1.09238,1.09255,1.09212,1.09248,1943.0
2024-03-12 05:00:00,FX:EURUSD,1.09248,1.09273,1.0923,1.09244,1830.0
2024-03-12 05:15:00,FX:EURUSD,1.09244,1.0927,1.09232,1.09267,1747.0
2024-03-12 05:30:00,FX:EURUSD,1.09267,1.0932,1.09263,1.09315,1262.0
2024-03-12 05:45:00,FX:EURUSD,1.09315,1.09334,1.09285,1.0930199999999999,2167.0
2024-03-12 06:00:00,FX:EURUSD,1.0930199999999999,1.0932,1.09267,1.09318,2437.0
2024-03-12 06:15:00,FX:EURUSD,1.09318,1.09329,1.09303,1.09312,1580.0
2024-03-12 06:30:00,FX:EURUSD,1.09312,1.09342,1.09306,1.0933,1527.0
2024-03-12 06:45:00,FX:EURUSD,1.0933,1.09343,1.09326,1.0934,1542.0
2024-03-12 07:00:00,FX:EURUSD,1.0934,1.0935,1.09326,1.09338,1405.0
2024-03-12 07:15:00,FX:EURUSD,1.09338,1.09348,1.09326,1.09347,1825.0
2024-03-12 07:30:00,FX:EURUSD,1.09347,1.09354,1.09331,1.09349,1749.0
2024-03-12 07:45:00,FX:EURUSD,1.09349,1.09349,1.09318,1.09335,1594.0
2024-03-12 08:00:00,FX:EURUSD,1.09335,1.09362,1.09328,1.0935,2039.0
2024-03-12 08:15:00,FX:EURUSD,1.0935,1.09365,1.09331,1.09352,2420.0
2024-03-12 08:30:00,FX:EURUSD,1.09352,1.09438,1.09022,1.09393,20836.0
2024-03-12 08:45:00,FX:EURUSD,1.09393,1.0942,1.09184,1.09201,10039.0
2024-03-12 09:00:00,FX:EURUSD,1.09201,1.09231,1.09084,1.09157,8801.0
2024-03-12 09:15:00,FX:EURUSD,1.09157,1.09182,1.09099,1.0915,6828.0
2024-03-12 09:30:00,FX:EURUSD,1.0915,1.0915,1.09022,1.09061,8967.0
2024-03-12 09:45:00,FX:EURUSD,1.09061,1.09133,1.09023,1.09106,5539.0
2024-03-12 10:00:00,FX:EURUSD,1.09106,1.09145,1.09062,1.09091,5124.0
2024-03-12 10:15:00,FX:EURUSD,1.09091,1.09165,1.09089,1.09144,4630.0
2024-03-12 10:30:00,FX:EURUSD,1.09144,1.09157,1.09106,1.09107,3966.0
2024-03-12 10:45:00,FX:EURUSD,1.09107,1.09195,1.09093,1.0917,3394.0
2024-03-12 11:00:00,FX:EURUSD,1.0917,1.09177,1.09106,1.09135,3038.0
2024-03-12 11:15:00,FX:EURUSD,1.09135,1.09147,1.09074,1.09099,2626.0
2024-03-12 11:30:00,FX:EURUSD,1.09099,1.09142,1.09099,1.09117,2721.0
2024-03-12 11:45:00,FX:EURUSD,1.09117,1.09186,1.09115,1.09177,3272.0
2024-03-12 12:00:00,FX:EURUSD,1.09177,1.0919,1.09153,1.09182,2216.0
2024-03-12 12:15:00,FX:EURUSD,1.09182,1.09191,1.09167,1.09169,1763.0
2024-03-12 12:30:00,FX:EURUSD,1.09169,1.0919,1.0916,1.09167,2129.0
2024-03-12 12:45:00,FX:EURUSD,1.09167,1.09183,1.0913599999999999,1.09176,2488.0
2024-03-12 13:00:00,FX:EURUSD,1.09176,1.09198,1.09127,1.09152,4009.0
2024-03-12 13:15:00,FX:EURUSD,1.09152,1.09195,1.09141,1.09174,2255.0
2024-03-12 13:30:00,FX:EURUSD,1.09174,1.09203,1.09165,1.09201,1722.0
2024-03-12 13:45:00,FX:EURUSD,1.09201,1.09208,1.0917999999999999,1.09193,1502.0
2024-03-12 14:00:00,FX:EURUSD,1.09193,1.09217,1.09184,1.09201,1615.0
2024-03-12 14:15:00,FX:EURUSD,1.09201,1.09209,1.09185,1.09205,1311.0
2024-03-12 14:30:00,FX:EURUSD,1.09205,1.09231,1.09202,1.09203,1690.0
2024-03-12 14:45:00,FX:EURUSD,1.09203,1.09246,1.092,1.0924099999999999,1498.0
2024-03-12 15:00:00,FX:EURUSD,1.0924099999999999,1.09243,1.09217,1.09225,1261.0
2024-03-12 15:15:00,FX:EURUSD,1.09225,1.09236,1.0921,1.0923,1214.0
2024-03-12 15:30:00,FX:EURUSD,1.0923,1.09244,1.09215,1.09236,1139.0
2024-03-12 15:45:00,FX:EURUSD,1.09236,1.0926,1.09233,1.0925799999999999,1297.0
2024-03-12 16:00:00,FX:EURUSD,1.0925799999999999,1.09267,1.09252,1.0926,686.0
2024-03-12 16:15:00,FX:EURUSD,1.0926,1.09263,1.09249,1.09257,333.0
2024-03-12 16:30:00,FX:EURUSD,1.09257,1.09273,1.09256,1.09271,384.0
2024-03-12 16:45:00,FX:EURUSD,1.09271,1.09273,1.09259,1.09266,485.0
2024-03-12 17:00:00,FX:EURUSD,1.09266,1.09269,1.09228,1.09248,187.0
2024-03-12 17:15:00,FX:EURUSD,1.09248,1.09273,1.09244,1.09253,469.0
2024-03-12 17:30:00,FX:EURUSD,1.09253,1.09267,1.09251,1.09257,2904.0
2024-03-12 17:45:00,FX:EURUSD,1.09257,1.09269,1.09257,1.09261,900.0
2024-03-12 18:00:00,FX:EURUSD,1.09261,1.09277,1.0925799999999999,1.09273,180.0
2024-03-12 18:15:00,FX:EURUSD,1.09273,1.09276,1.09269,1.0927499999999999,112.0
2024-03-12 18:30:00,FX:EURUSD,1.0927499999999999,1.0927499999999999,1.09266,1.09268,191.0
2024-03-12 18:45:00,FX:EURUSD,1.09268,1.09288,1.09266,1.09274,400.0
2024-03-12 19:00:00,FX:EURUSD,1.09274,1.09287,1.09269,1.0928,475.0
2024-03-12 19:15:00,FX:EURUSD,1.0928,1.0929,1.09273,1.09274,612.0
2024-03-12 19:30:00,FX:EURUSD,1.09274,1.09284,1.09269,1.0927,543.0
2024-03-12 19:45:00,FX:EURUSD,1.0927,1.0928,1.09265,1.09267,731.0
2024-03-12 20:00:00,FX:EURUSD,1.09267,1.09286,1.09263,1.0927,917.0
2024-03-12 20:15:00,FX:EURUSD,1.0927,1.09295,1.09268,1.09295,1199.0
2024-03-12 20:30:00,FX:EURUSD,1.09295,1.09296,1.09263,1.09274,985.0
2024-03-12 20:45:00,FX:EURUSD,1.09274,1.09286,1.0925799999999999,1.09269,1363.0
2024-03-12 21:00:00,FX:EURUSD,1.09269,1.09289,1.09252,1.09253,1653.0
2024-03-12 21:15:00,FX:EURUSD,1.09253,1.09263,1.09247,1.09253,1088.0
2024-03-12 21:30:00,FX:EURUSD,1.09253,1.09266,1.09245,1.09246,1170.0
2024-03-12 21:45:00,FX:EURUSD,1.09246,1.09252,1.09233,1.09239,1405.0
2024-03-12 22:00:00,FX:EURUSD,1.09239,1.0926,1.09234,1.0925799999999999,1511.0
2024-03-12 22:15:00,FX:EURUSD,1.0925799999999999,1.09265,1.09244,1.09248,1136.0
2024-03-12 22:30:00,FX:EURUSD,1.09248,1.0927,1.09245,1.09268,1077.0
2024-03-12 22:45:00,FX:EURUSD,1.09268,1.09276,1.0926,1.09269,1080.0
2024-03-12 23:00:00,FX:EURUSD,1.09269,1.09288,1.09253,1.09265,988.0
2024-03-12 23:15:00,FX:EURUSD,1.09265,1.0930199999999999,1.0925,1.093,1085.0
2024-03-12 23:30:00,FX:EURUSD,1.093,1.09307,1.09273,1.09273,773.0
2024-03-12 23:45:00,FX:EURUSD,1.09273,1.09282,1.09262,1.09278,661.0
2024-03-13 00:00:00,FX:EURUSD,1.09278,1.09281,1.09263,1.0927499999999999,808.0
2024-03-13 00:15:00,FX:EURUSD,1.0927499999999999,1.09281,1.09265,1.09265,771.0
2024-03-13 00:30:00,FX:EURUSD,1.09265,1.09265,1.09244,1.09251,970.0
2024-03-13 00:45:00,FX:EURUSD,1.09251,1.09255,1.09221,1.09234,871.0
2024-03-13 01:00:00,FX:EURUSD,1.09234,1.09247,1.09227,1.09243,1050.0
2024-03-13 01:15:00,FX:EURUSD,1.09243,1.09264,1.09232,1.09254,1255.0
2024-03-13 01:30:00,FX:EURUSD,1.09254,1.09286,1.09253,1.09282,1489.0
2024-03-13 01:45:00,FX:EURUSD,1.09282,1.0929,1.09253,1.09287,1159.0
2024-03-13 02:00:00,FX:EURUSD,1.09287,1.09293,1.09276,1.09285,1253.0
2024-03-13 02:15:00,FX:EURUSD,1.09285,1.09291,1.09256,1.09271,1252.0
2024-03-13 02:30:00,FX:EURUSD,1.09271,1.09289,1.09253,1.0926,1859.0
2024-03-13 02:45:00,FX:EURUSD,1.0926,1.09284,1.0925799999999999,1.09279,1123.0
2024-03-13 03:00:00,FX:EURUSD,1.09279,1.09315,1.09271,1.09304,1681.0
2024-03-13 03:15:00,FX:EURUSD,1.09304,1.09318,1.09208,1.09225,1615.0
2024-03-13 03:30:00,FX:EURUSD,1.09225,1.09249,1.09216,1.09247,1897.0
2024-03-13 03:45:00,FX:EURUSD,1.09247,1.09273,1.09243,1.09267,2006.0
2024-03-13 04:00:00,FX:EURUSD,1.09267,1.0932,1.09261,1.09294,2339.0
2024-03-13 04:15:00,FX:EURUSD,1.09294,1.09308,1.09281,1.09299,1910.0
2024-03-13 04:30:00,FX:EURUSD,1.09299,1.09317,1.09279,1.09315,1828.0
2024-03-13 04:45:00,FX:EURUSD,1.09315,1.09327,1.09265,1.09277,1916.0
2024-03-13 05:00:00,FX:EURUSD,1.09277,1.0928,1.0923,1.0924,1810.0
2024-03-13 05:15:00,FX:EURUSD,1.0924,1.09251,1.09205,1.0921,2293.0
2024-03-13 05:30:00,FX:EURUSD,1.0921,1.09249,1.09199,1.09229,2008.0
2024-03-13 05:45:00,FX:EURUSD,1.09229,1.0925799999999999,1.09222,1.09232,1696.0
2024-03-13 06:00:00,FX:EURUSD,1.09232,1.09279,1.0922,1.09279,2006.0
2024-03-13 06:15:00,FX:EURUSD,1.09279,1.09305,1.09266,1.09305,1433.0
2024-03-13 06:30:00,FX:EURUSD,1.09305,1.09326,1.0928,1.09317,1656.0
2024-03-13 06:45:00,FX:EURUSD,1.09317,1.09333,1.0929,1.09305,1270.0
2024-03-13 07:00:00,FX:EURUSD,1.09305,1.09355,1.093,1.09352,1575.0
2024-03-13 07:15:00,FX:EURUSD,1.09352,1.09395,1.09347,1.09387,1433.0
2024-03-13 07:30:00,FX:EURUSD,1.09387,1.09415,1.09375,1.09405,1458.0
2024-03-13 07:45:00,FX:EURUSD,1.09405,1.0945799999999999,1.09405,1.09421,1827.0
2024-03-13 08:00:00,FX:EURUSD,1.09421,1.0945,1.09396,1.09438,2740.0
2024-03-13 08:15:00,FX:EURUSD,1.09438,1.09474,1.09396,1.0939699999999999,2711.0
2024-03-13 08:30:00,FX:EURUSD,1.0939699999999999,1.09399,1.09365,1.09399,2751.0
2024-03-13 08:45:00,FX:EURUSD,1.09399,1.09407,1.0933599999999999,1.09365,3037.0
2024-03-13 09:00:00,FX:EURUSD,1.09365,1.0941,1.09362,1.09394,2409.0
2024-03-13 09:15:00,FX:EURUSD,1.09394,1.09401,1.0937,1.09376,2129.0
2024-03-13 09:30:00,FX:EURUSD,1.09376,1.09418,1.09358,1.09367,4444.0
2024-03-13 09:45:00,FX:EURUSD,1.09367,1.0942,1.09362,1.0937,3193.0
2024-03-13 10:00:00,FX:EURUSD,1.0937,1.09391,1.09313,1.09353,3457.0
2024-03-13 10:15:00,FX:EURUSD,1.09353,1.094,1.09349,1.09385,3112.0
2024-03-13 10:30:00,FX:EURUSD,1.09385,1.09444,1.09364,1.09429,3220.0
2024-03-13 10:45:00,FX:EURUSD,1.09429,1.09442,1.09389,1.09419,3142.0
2024-03-13 11:00:00,FX:EURUSD,1.09419,1.09449,1.09405,1.09423,3179.0
2024-03-13 11:15:00,FX:EURUSD,1.09423,1.09471,1.09423,1.09462,2696.0
2024-03-13 11:30:00,FX:EURUSD,1.09462,1.09462,1.0937999999999999,1.09385,2957.0
2024-03-13 11:45:00,FX:EURUSD,1.09385,1.0945,1.09378,1.09435,3369.0
2024-03-13 12:00:00,FX:EURUSD,1.09435,1.09444,1.094,1.09432,2285.0
2024-03-13 12:15:00,FX:EURUSD,1.09432,1.09461,1.09421,1.09444,2817.0
2024-03-13 12:30:00,FX:EURUSD,1.09444,1.09455,1.09419,1.09429,2262.0
2024-03-13 12:45:00,FX:EURUSD,1.09429,1.09494,1.09429,1.0949,2231.0
2024-03-13 13:00:00,FX:EURUSD,1.0949,1.09638,1.09486,1.096,5362.0
2024-03-13 13:15:00,FX:EURUSD,1.096,1.09606,1.0956299999999999,1.09573,1888.0
2024-03-13 13:30:00,FX:EURUSD,1.09573,1.09612,1.09569,1.09585,2156.0
2024-03-13 13:45:00,FX:EURUSD,1.09585,1.09592,1.09564,1.0957,1726.0
2024-03-13 14:00:00,FX:EURUSD,1.0957,1.09584,1.09549,1.09551,1655.0
2024-03-13 14:15:00,FX:EURUSD,1.09551,1.0957,1.09535,1.09542,1701.0
2024-03-13 14:30:00,FX:EURUSD,1.09542,1.09557,1.09539,1.09547,1511.0
2024-03-13 14:45:00,FX:EURUSD,1.09547,1.09547,1.0950199999999999,1.09507,1995.0
2024-03-13 15:00:00,FX:EURUSD,1.09507,1.09517,1.09498,1.09499,1402.0
2024-03-13 15:15:00,FX:EURUSD,1.09499,1.0950199999999999,1.09463,1.0948,2275.0
2024-03-13 15:30:00,FX:EURUSD,1.0948,1.09482,1.09463,1.0947,2147.0
2024-03-13 15:45:00,FX:EURUSD,1.0947,1.09475,1.09456,1.09472,1412.0
2024-03-13 16:00:00,FX:EURUSD,1.09472,1.09491,1.0947,1.09482,702.0
2024-03-13 16:15:00,FX:EURUSD,1.09482,1.09492,1.09475,1.09479,453.0
2024-03-13 16:30:00,FX:EURUSD,1.09479,1.09486,1.09472,1.09476,520.0
2024-03-13 16:45:00,FX:EURUSD,1.09476,1.09487,1.09469,1.09475,662.0
2024-03-13 17:00:00,FX:EURUSD,1.09475,1.09522,1.09457,1.09482,1126.0
2024-03-13 17:15:00,FX:EURUSD,1.09482,1.09489,1.09466,1.0948499999999999,350.0
2024-03-13 17:30:00,FX:EURUSD,1.0948499999999999,1.09507,1.0948,1.0949,4854.0
2024-03-13 17:45:00,FX:EURUSD,1.0949,1.09496,1.09478,1.0948499999999999,626.0
2024-03-13 18:00:00,FX:EURUSD,1.0948499999999999,1.09513,1.09484,1.09501,560.0
2024-03-13 18:15:00,FX:EURUSD,1.09501,1.0951,1.09497,1.09505,428.0
2024-03-13 18:30:00,FX:EURUSD,1.09505,1.09512,1.09503,1.09504,200.0
2024-03-13 18:45:00,FX:EURUSD,1.09504,1.09506,1.09488,1.09488,182.0
2024-03-13 19:00:00,FX:EURUSD,1.09488,1.09508,1.09488,1.09498,524.0
2024-03-13 19:15:00,FX:EURUSD,1.09498,1.0952,1.09497,1.0952,405.0
2024-03-13 19:30:00,FX:EURUSD,1.0952,1.0953,1.09518,1.09524,411.0
2024-03-13 19:45:00,FX:EURUSD,1.09524,1.09531,1.09508,1.09531,584.0
2024-03-13 20:00:00,FX:EURUSD,1.09531,1.09547,1.09484,1.09489,1161.0
2024-03-13 20:15:00,FX:EURUSD,1.09489,1.09497,1.09482,1.09491,567.0
2024-03-13 20:30:00,FX:EURUSD,1.09491,1.09492,1.09459,1.09464,586.0
2024-03-13 20:45:00,FX:EURUSD,1.09464,1.09498,1.09459,1.09486,955.0
2024-03-13 21:00:00,FX:EURUSD,1.09486,1.09528,1.09461,1.09462,1277.0
2024-03-13 21:15:00,FX:EURUSD,1.09462,1.09479,1.0946,1.09476,796.0
2024-03-13 21:30:00,FX:EURUSD,1.09476,1.09482,1.09452,1.09457,1073.0
2024-03-13 21:45:00,FX:EURUSD,1.09457,1.09493,1.09451,1.09488,812.0
2024-03-13 22:00:00,FX:EURUSD,1.09488,1.09498,1.0945799999999999,1.0945799999999999,780.0
2024-03-13 22:15:00,FX:EURUSD,1.0945799999999999,1.0946,1.09449,1.09454,504.0
2024-03-13 22:30:00,FX:EURUSD,1.09454,1.09465,1.09448,1.09449,460.0
2024-03-13 22:45:00,FX:EURUSD,1.09449,1.09453,1.0943,1.09438,672.0
2024-03-13 23:00:00,FX:EURUSD,1.09438,1.09453,1.09436,1.09448,910.0
2024-03-13 23:15:00,FX:EURUSD,1.09448,1.09453,1.09429,1.09432,797.0
2024-03-13 23:30:00,FX:EURUSD,1.09432,1.09437,1.09412,1.09418,961.0
2024-03-13 23:45:00,FX:EURUSD,1.09418,1.09434,1.09413,1.09422,691.0
2024-03-14 00:00:00,FX:EURUSD,1.09422,1.0942399999999999,1.09402,1.09403,585.0
2024-03-14 00:15:00,FX:EURUSD,1.09403,1.09416,1.094,1.09408,651.0
2024-03-14 00:30:00,FX:EURUSD,1.09408,1.09421,1.09389,1.09413,735.0
2024-03-14 00:45:00,FX:EURUSD,1.09413,1.09427,1.09408,1.0942399999999999,422.0
2024-03-14 01:00:00,FX:EURUSD,1.0942399999999999,1.09431,1.0941,1.0942,583.0
2024-03-14 01:15:00,FX:EURUSD,1.0942,1.09426,1.09405,1.09413,481.0
2024-03-14 01:30:00,FX:EURUSD,1.09413,1.09423,1.09408,1.09408,695.0
2024-03-14 01:45:00,FX:EURUSD,1.09408,1.09408,1.09391,1.09395,819.0
2024-03-14 02:00:00,FX:EURUSD,1.09395,1.09404,1.09391,1.094,884.0
2024-03-14 02:15:00,FX:EURUSD,1.094,1.09419,1.09395,1.09405,914.0
2024-03-14 02:30:00,FX:EURUSD,1.09405,1.09411,1.09384,1.09387,928.0
2024-03-14 02:45:00,FX:EURUSD,1.09387,1.09392,1.09369,1.09377,1061.0
2024-03-14 03:00:00,FX:EURUSD,1.09377,1.09413,1.09375,1.09401,1688.0
2024-03-14 03:15:00,FX:EURUSD,1.09401,1.09429,1.09393,1.09419,1717.0
2024-03-14 03:30:00,FX:EURUSD,1.09419,1.09421,1.09316,1.09335,3432.0
2024-03-14 03:45:00,FX:EURUSD,1.09335,1.09377,1.09332,1.09353,2303.0
2024-03-14 04:00:00,FX:EURUSD,1.09353,1.09389,1.09351,1.09377,2871.0
2024-03-14 04:15:00,FX:EURUSD,1.09377,1.0944099999999999,1.09353,1.09423,2760.0
2024-03-14 04:30:00,FX:EURUSD,1.09423,1.09425,1.09376,1.09388,1874.0
2024-03-14 04:45:00,FX:EURUSD,1.09388,1.09399,1.09359,1.09377,2461.0
2024-03-14 05:00:00,FX:EURUSD,1.09377,1.09434,1.0937,1.09414,2020.0
2024-03-14 05:15:00,FX:EURUSD,1.09414,1.09416,1.09382,1.09403,1668.0
2024-03-14 05:30:00,FX:EURUSD,1.09403,1.09442,1.09395,1.09438,1713.0
2024-03-14 05:45:00,FX:EURUSD,1.09438,1.09443,1.09379,1.09414,1747.0
2024-03-14 06:00:00,FX:EURUSD,1.09414,1.09445,1.09381,1.0944099999999999,2011.0
2024-03-14 06:15:00,FX:EURUSD,1.0944099999999999,1.09453,1.09403,1.09403,1602.0
2024-03-14 06:30:00,FX:EURUSD,1.09403,1.0941,1.09377,1.09386,1736.0
2024-03-14 06:45:00,FX:EURUSD,1.09386,1.09418,1.0937999999999999,1.09396,1432.0
2024-03-14 07:00:00,FX:EURUSD,1.09396,1.09418,1.09373,1.09417,1532.0
2024-03-14 07:15:00,FX:EURUSD,1.09417,1.09435,1.09401,1.09413,1598.0
2024-03-14 07:30:00,FX:EURUSD,1.09413,1.0943,1.09403,1.09419,1469.0
2024-03-14 07:45:00,FX:EURUSD,1.09419,1.09429,1.09387,1.09413,1622.0
2024-03-14 08:00:00,FX:EURUSD,1.09413,1.09428,1.09387,1.09408,2229.0
2024-03-14 08:15:00,FX:EURUSD,1.09408,1.09412,1.09313,1.09344,3294.0
2024-03-14 08:30:00,FX:EURUSD,1.09344,1.09447,1.0923,1.09417,10987.0
2024-03-14 08:45:00,FX:EURUSD,1.09417,1.09422,1.09274,1.09298,5365.0
2024-03-14 09:00:00,FX:EURUSD,1.09298,1.09313,1.09239,1.0927499999999999,4549.0
2024-03-14 09:15:00,FX:EURUSD,1.0927499999999999,1.09293,1.09191,1.09193,6638.0
2024-03-14 09:30:00,FX:EURUSD,1.09193,1.09207,1.09155,1.09174,5120.0
2024-03-14 09:45:00,FX:EURUSD,1.09174,1.09185,1.09086,1.09118,5398.0
2024-03-14 10:00:00,FX:EURUSD,1.09118,1.0914,1.09073,1.09089,4454.0
2024-03-14 10:15:00,FX:EURUSD,1.09089,1.09095,1.09009,1.09044,4040.0
2024-03-14 10:30:00,FX:EURUSD,1.09044,1.09077,1.09002,1.0902,3703.0
2024-03-14 10:45:00,FX:EURUSD,1.0902,1.09034,1.08958,1.08978,3943.0
2024-03-14 11:00:00,FX:EURUSD,1.08978,1.08995,1.08881,1.08899,3119.0
2024-03-14 11:15:00,FX:EURUSD,1.08899,1.08911,1.08828,1.08856,3181.0
2024-03-14 11:30:00,FX:EURUSD,1.08856,1.08889,1.0883,1.08843,3519.0
2024-03-14 11:45:00,FX:EURUSD,1.08843,1.08886,1.08842,1.0887499999999999,3482.0
2024-03-14 12:00:00,FX:EURUSD,1.0887499999999999,1.08917,1.08844,1.08884,3008.0
2024-03-14 12:15:00,FX:EURUSD,1.08884,1.08926,1.0886,1.08911,2156.0
2024-03-14 12:30:00,FX:EURUSD,1.08911,1.08926,1.08873,1.08879,2150.0
2024-03-14 12:45:00,FX:EURUSD,1.08879,1.08908,1.08852,1.08871,2393.0
2024-03-14 13:00:00,FX:EURUSD,1.08871,1.08889,1.08852,1.08863,2169.0
2024-03-14 13:15:00,FX:EURUSD,1.08863,1.08868,1.08845,1.08849,1572.0
2024-03-14 13:30:00,FX:EURUSD,1.08849,1.08853,1.08811,1.08849,1692.0
2024-03-14 13:45:00,FX:EURUSD,1.08849,1.08886,1.08843,1.08864,1548.0
2024-03-14 14:00:00,FX:EURUSD,1.08864,1.08897,1.08863,1.08887,1694.0
2024-03-14 14:15:00,FX:EURUSD,1.08887,1.08898,1.08849,1.0885,1370.0
2024-03-14 14:30:00,FX:EURUSD,1.0885,1.08881,1.08838,1.08881,1480.0
2024-03-14 14:45:00,FX:EURUSD,1.08881,1.08893,1.0884,1.0885,1809.0
2024-03-14 15:00:00,FX:EURUSD,1.0885,1.08864,1.08825,1.0883,1786.0
2024-03-14 15:15:00,FX:EURUSD,1.0883,1.08834,1.0881,1.08826,1338.0
2024-03-14 15:30:00,FX:EURUSD,1.08826,1.08828,1.08806,1.08825,1345.0
2024-03-14 15:45:00,FX:EURUSD,1.08825,1.08911,1.08819,1.0891,2183.0
2024-03-14 16:00:00,FX:EURUSD,1.0891,1.08918,1.08866,1.08869,1218.0
2024-03-14 16:15:00,FX:EURUSD,1.08869,1.08869,1.08837,1.08854,664.0
2024-03-14 16:30:00,FX:EURUSD,1.08854,1.08863,1.08848,1.08849,340.0
2024-03-14 16:45:00,FX:EURUSD,1.08849,1.08856,1.08822,1.0883,834.0
2024-03-14 17:00:00,FX:EURUSD,1.0883,1.08848,1.08785,1.08846,195.0
2024-03-14 17:15:00,FX:EURUSD,1.08846,1.08849,1.08819,1.08825,1912.0
2024-03-14 17:30:00,FX:EURUSD,1.08825,1.08848,1.0881399999999999,1.08846,6548.0
2024-03-14 17:45:00,FX:EURUSD,1.08846,1.08857,1.08843,1.08857,216.0
2024-03-14 18:00:00,FX:EURUSD,1.08857,1.08862,1.08838,1.0885,298.0
2024-03-14 18:15:00,FX:EURUSD,1.0885,1.08853,1.08846,1.08849,177.0
2024-03-14 18:30:00,FX:EURUSD,1.08849,1.08856,1.08848,1.0885,187.0
2024-03-14 18:45:00,FX:EURUSD,1.0885,1.0885,1.0883099999999999,1.0884,255.0
2024-03-14 19:00:00,FX:EURUSD,1.0884,1.08843,1.0883,1.08834,656.0
2024-03-14 19:15:00,FX:EURUSD,1.08834,1.08849,1.08833,1.08839,672.0
2024-03-14 19:30:00,FX:EURUSD,1.08839,1.0885,1.08825,1.0883,695.0
2024-03-14 19:45:00,FX:EURUSD,1.0883,1.08836,1.08825,1.08827,716.0
2024-03-14 20:00:00,FX:EURUSD,1.08827,1.08845,1.08782,1.08782,1740.0
2024-03-14 20:15:00,FX:EURUSD,1.08782,1.088,1.08769,1.08769,1185.0
2024-03-14 20:30:00,FX:EURUSD,1.08769,1.08792,1.08769,1.08779,1095.0
2024-03-14 20:45:00,FX:EURUSD,1.08779,1.08815,1.0876,1.08779,1730.0
2024-03-14 21:00:00,FX:EURUSD,1.08779,1.08788,1.08767,1.08774,1269.0
2024-03-14 21:15:00,FX:EURUSD,1.08774,1.08784,1.08755,1.08772,1220.0
2024-03-14 21:30:00,FX:EURUSD,1.08772,1.08784,1.0876,1.0877999999999999,1126.0
2024-03-14 21:45:00,FX:EURUSD,1.0877999999999999,1.08802,1.08765,1.08771,1218.0
2024-03-14 22:00:00,FX:EURUSD,1.08771,1.08772,1.08751,1.08752,1179.0
2024-03-14 22:15:00,FX:EURUSD,1.08752,1.08766,1.08747,1.0875299999999999,1078.0
2024-03-14 22:30:00,FX:EURUSD,1.0875299999999999,1.08759,1.08728,1.08737,791.0
2024-03-14 22:45:00,FX:EURUSD,1.08737,1.08752,1.08731,1.08732,1041.0
2024-03-14 23:00:00,FX:EURUSD,1.08732,1.08752,1.08732,1.0875,1188.0
2024-03-14 23:15:00,FX:EURUSD,1.0875,1.08768,1.08742,1.08762,1158.0
2024-03-14 23:30:00,FX:EURUSD,1.08762,1.08781,1.08762,1.08774,1027.0
2024-03-14 23:45:00,FX:EURUSD,1.08774,1.08776,1.08766,1.08769,764.0
2024-03-15 00:00:00,FX:EURUSD,1.08769,1.08772,1.0876,1.08768,704.0
2024-03-15 00:15:00,FX:EURUSD,1.08768,1.08769,1.08754,1.08763,735.0
2024-03-15 00:30:00,FX:EURUSD,1.08763,1.08763,1.08756,1.08763,588.0
2024-03-15 00:45:00,FX:EURUSD,1.08763,1.08768,1.08748,1.08765,1065.0
2024-03-15 01:00:00,FX:EURUSD,1.08765,1.08773,1.0875,1.0875299999999999,1001.0
2024-03-15 01:15:00,FX:EURUSD,1.0875299999999999,1.0876,1.08743,1.08743,681.0
2024-03-15 01:30:00,FX:EURUSD,1.08743,1.08745,1.08732,1.08735,731.0
2024-03-15 01:45:00,FX:EURUSD,1.08735,1.08771,1.08732,1.08769,1123.0
2024-03-15 02:00:00,FX:EURUSD,1.08769,1.08778,1.08754,1.08772,1372.0
2024-03-15 02:15:00,FX:EURUSD,1.08772,1.08788,1.0877,1.08782,1298.0
2024-03-15 02:30:00,FX:EURUSD,1.08782,1.08783,1.08759,1.08772,1095.0
2024-03-15 02:45:00,FX:EURUSD,1.08772,1.08806,1.08766,1.0879699999999999,1845.0
2024-03-15 03:00:00,FX:EURUSD,1.0879699999999999,1.08817,1.08784,1.08805,1824.0
2024-03-15 03:15:00,FX:EURUSD,1.08805,1.08822,1.08795,1.08816,1474.0
2024-03-15 03:30:00,FX:EURUSD,1.08816,1.08836,1.08809,1.08817,1425.0
2024-03-15 03:45:00,FX:EURUSD,1.08817,1.08848,1.08787,1.08808,1893.0
2024-03-15 04:00:00,FX:EURUSD,1.08808,1.08826,1.08779,1.0879699999999999,2646.0
2024-03-15 04:15:00,FX:EURUSD,1.0879699999999999,1.08842,1.08779,1.08842,2359.0
2024-03-15 04:30:00,FX:EURUSD,1.08842,1.08867,1.08819,1.08851,2282.0
2024-03-15 04:45:00,FX:EURUSD,1.08851,1.08852,1.08823,1.08828,2066.0
2024-03-15 05:00:00,FX:EURUSD,1.08828,1.08882,1.08824,1.08865,1993.0
2024-03-15 05:15:00,FX:EURUSD,1.08865,1.08893,1.08852,1.0888,1456.0
2024-03-15 05:30:00,FX:EURUSD,1.0888,1.08901,1.08869,1.08895,1666.0
2024-03-15 05:45:00,FX:EURUSD,1.08895,1.08995,1.0889199999999999,1.0897999999999999,2416.0
2024-03-15 06:00:00,FX:EURUSD,1.0897999999999999,1.0899699999999999,1.08964,1.08964,2075.0
2024-03-15 06:15:00,FX:EURUSD,1.08964,1.08964,1.08931,1.08944,1414.0
2024-03-15 06:30:00,FX:EURUSD,1.08944,1.08948,1.08897,1.089,1372.0
2024-03-15 06:45:00,FX:EURUSD,1.089,1.08918,1.0889,1.0891,1230.0
2024-03-15 07:00:00,FX:EURUSD,1.0891,1.08912,1.08882,1.08888,1379.0
2024-03-15 07:15:00,FX:EURUSD,1.08888,1.08894,1.08867,1.08879,901.0
2024-03-15 07:30:00,FX:EURUSD,1.08879,1.0895,1.08872,1.08948,1449.0
2024-03-15 07:45:00,FX:EURUSD,1.08948,1.08964,1.08933,1.0893599999999999,1214.0
2024-03-15 08:00:00,FX:EURUSD,1.0893599999999999,1.08941,1.0889,1.08918,2110.0
2024-03-15 08:15:00,FX:EURUSD,1.08918,1.08937,1.0889199999999999,1.08897,2380.0
2024-03-15 08:30:00,FX:EURUSD,1.08897,1.08943,1.08855,1.08859,4224.0
2024-03-15 08:45:00,FX:EURUSD,1.08859,1.08901,1.08842,1.08872,3876.0
2024-03-15 09:00:00,FX:EURUSD,1.08872,1.0894,1.08871,1.08929,3102.0
2024-03-15 09:15:00,FX:EURUSD,1.08929,1.08947,1.0884,1.08844,3898.0
2024-03-15 09:30:00,FX:EURUSD,1.08844,1.08915,1.08832,1.08867,5121.0
2024-03-15 09:45:00,FX:EURUSD,1.08867,1.08899,1.08843,1.08862,3946.0
2024-03-15 10:00:00,FX:EURUSD,1.08862,1.08927,1.08842,1.08917,4973.0
2024-03-15 10:15:00,FX:EURUSD,1.08917,1.08944,1.08872,1.0888,3854.0
2024-03-15 10:30:00,FX:EURUSD,1.0888,1.08924,1.0887499999999999,1.08881,3774.0
2024-03-15 10:45:00,FX:EURUSD,1.08881,1.08915,1.08864,1.0888,3525.0
2024-03-15 11:00:00,FX:EURUSD,1.0888,1.0889,1.08857,1.08866,2530.0
2024-03-15 11:15:00,FX:EURUSD,1.08866,1.08885,1.08841,1.08871,2183.0
2024-03-15 11:30:00,FX:EURUSD,1.08871,1.08879,1.08846,1.0886,2435.0
2024-03-15 11:45:00,FX:EURUSD,1.0886,1.08883,1.08812,1.08876,2800.0
2024-03-15 12:00:00,FX:EURUSD,1.08876,1.08886,1.08836,1.0888,2629.0
2024-03-15 12:15:00,FX:EURUSD,1.0888,1.08895,1.08869,1.08884,2364.0
2024-03-15 12:30:00,FX:EURUSD,1.08884,1.08896,1.08859,1.0887,2694.0
2024-03-15 12:45:00,FX:EURUSD,1.0887,1.08899,1.08856,1.0885799999999999,2540.0
2024-03-15 13:00:00,FX:EURUSD,1.0885799999999999,1.08879,1.08847,1.08848,2218.0
2024-03-15 13:15:00,FX:EURUSD,1.08848,1.08878,1.08837,1.0885,1933.0
2024-03-15 13:30:00,FX:EURUSD,1.0885,1.0886,1.08836,1.08844,1699.0
2024-03-15 13:45:00,FX:EURUSD,1.08844,1.08856,1.08833,1.08838,1817.0
2024-03-15 14:00:00,FX:EURUSD,1.08838,1.08873,1.08837,1.08853,1733.0
2024-03-15 14:15:00,FX:EURUSD,1.08853,1.08869,1.08848,1.08864,1574.0
2024-03-15 14:30:00,FX:EURUSD,1.08864,1.08909,1.08862,1.08897,1538.0
2024-03-15 14:45:00,FX:EURUSD,1.08897,1.08911,1.08877,1.08902,1625.0
2024-03-15 15:00:00,FX:EURUSD,1.08902,1.08912,1.08885,1.08908,815.0
2024-03-15 15:15:00,FX:EURUSD,1.08908,1.08915,1.08894,1.0891,1174.0
2024-03-15 15:30:00,FX:EURUSD,1.0891,1.08913,1.0889199999999999,1.08894,1964.0
2024-03-15 15:45:00,FX:EURUSD,1.08894,1.08897,1.08869,1.08893,1762.0
2024-03-15 16:00:00,FX:EURUSD,1.08893,1.08897,1.08876,1.08882,594.0
2024-03-15 16:15:00,FX:EURUSD,1.08882,1.0889,1.08868,1.0889,412.0
2024-03-15 16:30:00,FX:EURUSD,1.0889,1.08901,1.08886,1.08893,262.0
2024-03-15 16:45:00,FX:EURUSD,1.08893,1.08898,1.0886,1.0887499999999999,789.0
2024-03-17 17:00:00,FX:EURUSD,1.08901,1.08902,1.0881399999999999,1.08823,169.0
2024-03-17 17:15:00,FX:EURUSD,1.08823,1.0889,1.08803,1.0888,598.0
2024-03-17 17:30:00,FX:EURUSD,1.0888,1.08899,1.08852,1.08885,289.0
2024-03-17 17:45:00,FX:EURUSD,1.08885,1.08899,1.08878,1.08883,44.0
2024-03-17 18:00:00,FX:EURUSD,1.08883,1.08912,1.08883,1.08896,425.0
2024-03-17 18:15:00,FX:EURUSD,1.08896,1.08897,1.08877,1.08878,304.0
2024-03-17 18:30:00,FX:EURUSD,1.08878,1.08881,1.08868,1.08872,590.0
2024-03-17 18:45:00,FX:EURUSD,1.08872,1.08879,1.0886,1.08865,693.0
2024-03-17 19:00:00,FX:EURUSD,1.08865,1.08866,1.08841,1.08842,924.0
2024-03-17 19:15:00,FX:EURUSD,1.08842,1.08847,1.08825,1.08829,1190.0
2024-03-17 19:30:00,FX:EURUSD,1.08829,1.08835,1.08817,1.08819,737.0
2024-03-17 19:45:00,FX:EURUSD,1.08819,1.08836,1.08817,1.08834,947.0
2024-03-17 20:00:00,FX:EURUSD,1.08834,1.08844,1.08805,1.08837,891.0
2024-03-17 20:15:00,FX:EURUSD,1.08837,1.0887,1.08834,1.08865,628.0
2024-03-17 20:30:00,FX:EURUSD,1.08865,1.08872,1.08853,1.0886,431.0
2024-03-17 20:45:00,FX:EURUSD,1.0886,1.08882,1.08852,1.08853,945.0
2024-03-17 21:00:00,FX:EURUSD,1.08853,1.08864,1.08846,1.08864,775.0
2024-03-17 21:15:00,FX:EURUSD,1.08864,1.08864,1.08828,1.08838,844.0
2024-03-17 21:30:00,FX:EURUSD,1.08838,1.08873,1.08838,1.08871,1261.0
2024-03-17 21:45:00,FX:EURUSD,1.08871,1.089,1.08862,1.0889,815.0
2024-03-17 22:00:00,FX:EURUSD,1.0889,1.08902,1.08876,1.08881,994.0
2024-03-17 22:15:00,FX:EURUSD,1.08881,1.08895,1.08876,1.08894,853.0
2024-03-17 22:30:00,FX:EURUSD,1.08894,1.08909,1.08889,1.08899,857.0
2024-03-17 22:45:00,FX:EURUSD,1.08899,1.08917,1.08887,1.08891,941.0
2024-03-17 23:00:00,FX:EURUSD,1.08891,1.08898,1.08886,1.08889,563.0
2024-03-17 23:15:00,FX:EURUSD,1.08889,1.08896,1.08885,1.0889,478.0
2024-03-17 23:30:00,FX:EURUSD,1.0889,1.08905,1.08863,1.08864,542.0
2024-03-17 23:45:00,FX:EURUSD,1.08864,1.08865,1.08852,1.08853,660.0
2024-03-18 00:00:00,FX:EURUSD,1.08853,1.08865,1.08853,1.08863,598.0
2024-03-18 00:15:00,FX:EURUSD,1.08863,1.0887,1.08859,1.08864,593.0
2024-03-18 00:30:00,FX:EURUSD,1.08864,1.08876,1.08859,1.08869,698.0
2024-03-18 00:45:00,FX:EURUSD,1.08869,1.08881,1.08862,1.0887499999999999,593.0
2024-03-18 01:00:00,FX:EURUSD,1.0887499999999999,1.0887499999999999,1.0885799999999999,1.08862,645.0
2024-03-18 01:15:00,FX:EURUSD,1.08862,1.0887499999999999,1.08853,1.0887,679.0
2024-03-18 01:30:00,FX:EURUSD,1.0887,1.08884,1.08864,1.08864,747.0
2024-03-18 01:45:00,FX:EURUSD,1.08864,1.08887,1.08861,1.08871,631.0
2024-03-18 02:00:00,FX:EURUSD,1.08871,1.08893,1.08869,1.08889,945.0
2024-03-18 02:15:00,FX:EURUSD,1.08889,1.08891,1.08865,1.08877,1148.0
2024-03-18 02:30:00,FX:EURUSD,1.08877,1.08894,1.0887499999999999,1.08894,519.0
2024-03-18 02:45:00,FX:EURUSD,1.08894,1.08894,1.08869,1.08889,638.0
2024-03-18 03:00:00,FX:EURUSD,1.08889,1.0893599999999999,1.08888,1.08927,1873.0
2024-03-18 03:15:00,FX:EURUSD,1.08927,1.08957,1.08922,1.08947,1299.0
2024-03-18 03:30:00,FX:EURUSD,1.08947,1.08966,1.08942,1.08947,1636.0
2024-03-18 03:45:00,FX:EURUSD,1.08947,1.08949,1.08911,1.08924,1741.0
2024-03-18 04:00:00,FX:EURUSD,1.08924,1.08968,1.08908,1.08939,2606.0
2024-03-18 04:15:00,FX:EURUSD,1.08939,1.08978,1.08924,1.08957,2645.0
2024-03-18 04:30:00,FX:EURUSD,1.08957,1.08961,1.08911,1.08934,2007.0
2024-03-18 04:45:00,FX:EURUSD,1.08934,1.08977,1.08931,1.08938,2232.0
2024-03-18 05:00:00,FX:EURUSD,1.08938,1.08959,1.08925,1.0895299999999999,1767.0
2024-03-18 05:15:00,FX:EURUSD,1.0895299999999999,1.08971,1.08947,1.08966,1523.0
2024-03-18 05:30:00,FX:EURUSD,1.08966,1.09005,1.08963,1.08984,1695.0
2024-03-18 05:45:00,FX:EURUSD,1.08984,1.09005,1.08982,1.08994,1430.0
2024-03-18 06:00:00,FX:EURUSD,1.08994,1.08994,1.08962,1.08982,1398.0
2024-03-18 06:15:00,FX:EURUSD,1.08982,1.09001,1.08978,1.08994,1410.0
2024-03-18 06:30:00,FX:EURUSD,1.08994,1.09006,1.08962,1.08979,2108.0
2024-03-18 06:45:00,FX:EURUSD,1.08979,1.09019,1.08968,1.08998,1660.0
2024-03-18 07:00:00,FX:EURUSD,1.08998,1.09037,1.08987,1.09031,1609.0
2024-03-18 07:15:00,FX:EURUSD,1.09031,1.09047,1.09022,1.09043,1833.0
2024-03-18 07:30:00,FX:EURUSD,1.09043,1.09051,1.09037,1.0905,1534.0
2024-03-18 07:45:00,FX:EURUSD,1.0905,1.09061,1.09022,1.09024,1502.0
2024-03-18 08:00:00,FX:EURUSD,1.09024,1.0905,1.09017,1.0903,1775.0
2024-03-18 08:15:00,FX:EURUSD,1.0903,1.09047,1.09013,1.09035,1797.0
2024-03-18 08:30:00,FX:EURUSD,1.09035,1.09037,1.08941,1.08946,2451.0
2024-03-18 08:45:00,FX:EURUSD,1.08946,1.08956,1.08898,1.08922,2250.0
2024-03-18 09:00:00,FX:EURUSD,1.08922,1.08935,1.08883,1.0889199999999999,1778.0
2024-03-18 09:15:00,FX:EURUSD,1.0889199999999999,1.08911,1.08888,1.089,2159.0
2024-03-18 09:30:00,FX:EURUSD,1.089,1.08904,1.08856,1.08878,3106.0
2024-03-18 09:45:00,FX:EURUSD,1.08878,1.08901,1.08871,1.08891,2392.0
2024-03-18 10:00:00,FX:EURUSD,1.08891,1.08932,1.0888,1.08904,2722.0
2024-03-18 10:15:00,FX:EURUSD,1.08904,1.08932,1.08896,1.08902,2238.0
2024-03-18 10:30:00,FX:EURUSD,1.08902,1.08903,1.08849,1.08872,2104.0
2024-03-18 10:45:00,FX:EURUSD,1.08872,1.08895,1.08843,1.08856,1696.0
2024-03-18 11:00:00,FX:EURUSD,1.08856,1.0889,1.08849,1.08876,1930.0
2024-03-18 11:15:00,FX:EURUSD,1.08876,1.08889,1.0885799999999999,1.08881,2236.0
2024-03-18 11:30:00,FX:EURUSD,1.08881,1.08886,1.08815,1.08826,2208.0
2024-03-18 11:45:00,FX:EURUSD,1.08826,1.08869,1.0881,1.08852,2787.0
2024-03-18 12:00:00,FX:EURUSD,1.08852,1.08853,1.08768,1.08774,3039.0
2024-03-18 12:15:00,FX:EURUSD,1.08774,1.08776,1.08694,1.08713,2957.0
2024-03-18 12:30:00,FX:EURUSD,1.08713,1.08729,1.08694,1.0872,2160.0
2024-03-18 12:45:00,FX:EURUSD,1.0872,1.08743,1.08709,1.08723,1487.0
2024-03-18 13:00:00,FX:EURUSD,1.08723,1.08752,1.08715,1.08722,2624.0
2024-03-18 13:15:00,FX:EURUSD,1.08722,1.08725,1.08695,1.08722,1584.0
2024-03-18 13:30:00,FX:EURUSD,1.08722,1.08731,1.08667,1.08671,1261.0
2024-03-18 13:45:00,FX:EURUSD,1.08671,1.0869199999999999,1.0866,1.08685,770.0
2024-03-18 14:00:00,FX:EURUSD,1.08685,1.08697,1.08673,1.08689,1144.0
2024-03-18 14:15:00,FX:EURUSD,1.08689,1.08701,1.0867499999999999,1.08701,818.0
2024-03-18 14:30:00,FX:EURUSD,1.08701,1.08707,1.08687,1.08694,1132.0
2024-03-18 14:45:00,FX:EURUSD,1.08694,1.0871,1.0869199999999999,1.0871,1023.0
2024-03-18 15:00:00,FX:EURUSD,1.0871,1.08733,1.08707,1.08724,1060.0
2024-03-18 15:15:00,FX:EURUSD,1.08724,1.0873,1.08715,1.08715,1048.0
2024-03-18 15:30:00,FX:EURUSD,1.08715,1.08728,1.0871,1.08717,960.0
2024-03-18 15:45:00,FX:EURUSD,1.08717,1.08717,1.0867499999999999,1.0869199999999999,1152.0
2024-03-18 16:00:00,FX:EURUSD,1.0869199999999999,1.0871,1.08691,1.08703,673.0
2024-03-18 16:15:00,FX:EURUSD,1.08703,1.0871,1.087,1.08707,396.0
2024-03-18 16:30:00,FX:EURUSD,1.08707,1.08712,1.08696,1.08706,337.0
2024-03-18 16:45:00,FX:EURUSD,1.08706,1.08724,1.08706,1.08722,635.0
2024-03-18 17:00:00,FX:EURUSD,1.08722,1.08733,1.08704,1.08728,158.0
2024-03-18 17:15:00,FX:EURUSD,1.08728,1.0874,1.08713,1.08728,87.0
2024-03-18 17:30:00,FX:EURUSD,1.08728,1.08733,1.08721,1.08733,2166.0
2024-03-18 17:45:00,FX:EURUSD,1.08733,1.08735,1.08721,1.08731,784.0
2024-03-18 18:00:00,FX:EURUSD,1.08731,1.08738,1.0871,1.08737,326.0
2024-03-18 18:15:00,FX:EURUSD,1.08737,1.08739,1.08733,1.08737,118.0
2024-03-18 18:30:00,FX:EURUSD,1.08737,1.08738,1.08721,1.08722,360.0
2024-03-18 18:45:00,FX:EURUSD,1.08722,1.08728,1.08712,1.0871899999999999,338.0
2024-03-18 19:00:00,FX:EURUSD,1.0871899999999999,1.08723,1.08712,1.08718,622.0
2024-03-18 19:15:00,FX:EURUSD,1.08718,1.08725,1.08713,1.08718,362.0
2024-03-18 19:30:00,FX:EURUSD,1.08718,1.08727,1.08713,1.08724,515.0
2024-03-18 19:45:00,FX:EURUSD,1.08724,1.08735,1.08723,1.08734,545.0
2024-03-18 20:00:00,FX:EURUSD,1.08734,1.08742,1.08705,1.08741,1272.0
2024-03-18 20:15:00,FX:EURUSD,1.08741,1.08745,1.08721,1.08722,1075.0
2024-03-18 20:30:00,FX:EURUSD,1.08722,1.08728,1.08699,1.08707,1381.0
2024-03-18 20:45:00,FX:EURUSD,1.08707,1.08709,1.0869199999999999,1.08693,1388.0
2024-03-18 21:00:00,FX:EURUSD,1.08693,1.08717,1.08691,1.08709,1520.0
2024-03-18 21:15:00,FX:EURUSD,1.08709,1.0871,1.08671,1.08676,1463.0
2024-03-18 21:30:00,FX:EURUSD,1.08676,1.08697,1.08667,1.08682,1664.0
2024-03-18 21:45:00,FX:EURUSD,1.08682,1.08689,1.08671,1.08682,1078.0
2024-03-18 22:00:00,FX:EURUSD,1.08682,1.08731,1.08682,1.0873,1115.0
2024-03-18 22:15:00,FX:EURUSD,1.0873,1.08734,1.0872,1.08732,1527.0
2024-03-18 22:30:00,FX:EURUSD,1.08732,1.08747,1.08729,1.08738,1050.0
2024-03-18 22:45:00,FX:EURUSD,1.08738,1.08743,1.08726,1.08734,1010.0
2024-03-18 23:00:00,FX:EURUSD,1.08734,1.08762,1.08729,1.08757,1144.0
2024-03-18 23:15:00,FX:EURUSD,1.08757,1.08764,1.08735,1.08752,1221.0
2024-03-18 23:30:00,FX:EURUSD,1.08752,1.08763,1.08704,1.08733,4601.0
2024-03-18 23:45:00,FX:EURUSD,1.08733,1.08748,1.087,1.08739,2674.0
2024-03-19 00:00:00,FX:EURUSD,1.08739,1.08766,1.08729,1.08757,1970.0
2024-03-19 00:15:00,FX:EURUSD,1.08757,1.08765,1.08717,1.08724,1222.0
2024-03-19 00:30:00,FX:EURUSD,1.08724,1.08725,1.08674,1.08679,1771.0
2024-03-19 00:45:00,FX:EURUSD,1.08679,1.08717,1.08674,1.08707,1454.0
2024-03-19 01:00:00,FX:EURUSD,1.08707,1.08721,1.08678,1.08684,1847.0
2024-03-19 01:15:00,FX:EURUSD,1.08684,1.08685,1.08655,1.08663,1005.0
2024-03-19 01:30:00,FX:EURUSD,1.08663,1.08665,1.08648,1.08659,1596.0
2024-03-19 01:45:00,FX:EURUSD,1.08659,1.08663,1.08627,1.08642,1524.0
2024-03-19 02:00:00,FX:EURUSD,1.08642,1.08654,1.08619,1.0864,1628.0
2024-03-19 02:15:00,FX:EURUSD,1.0864,1.08676,1.08636,1.08674,1493.0
2024-03-19 02:30:00,FX:EURUSD,1.08674,1.08685,1.0864,1.08646,2340.0
2024-03-19 02:45:00,FX:EURUSD,1.08646,1.08677,1.0863,1.0867499999999999,2628.0
2024-03-19 03:00:00,FX:EURUSD,1.0867499999999999,1.0867499999999999,1.08616,1.08638,2226.0
2024-03-19 03:15:00,FX:EURUSD,1.08638,1.08666,1.08626,1.08632,2307.0
2024-03-19 03:30:00,FX:EURUSD,1.08632,1.08639,1.08604,1.0861,1837.0
2024-03-19 03:45:00,FX:EURUSD,1.0861,1.08612,1.08516,1.08547,2342.0
2024-03-19 04:00:00,FX:EURUSD,1.08547,1.08561,1.08501,1.08508,2984.0
2024-03-19 04:15:00,FX:EURUSD,1.08508,1.0850899999999999,1.08456,1.08502,2858.0
2024-03-19 04:30:00,FX:EURUSD,1.08502,1.08513,1.08423,1.08433,2398.0
2024-03-19 04:45:00,FX:EURUSD,1.08433,1.08495,1.0843099999999999,1.08474,3250.0
2024-03-19 05:00:00,FX:EURUSD,1.08474,1.08501,1.0844799999999999,1.08469,2562.0
2024-03-19 05:15:00,FX:EURUSD,1.08469,1.08491,1.08438,1.08444,2238.0
2024-03-19 05:30:00,FX:EURUSD,1.08444,1.08462,1.08415,1.0843,2060.0
2024-03-19 05:45:00,FX:EURUSD,1.0843,1.08433,1.08346,1.08366,2857.0
2024-03-19 06:00:00,FX:EURUSD,1.08366,1.0844,1.08366,1.0842,3305.0
2024-03-19 06:15:00,FX:EURUSD,1.0842,1.08438,1.08394,1.08417,2129.0
2024-03-19 06:30:00,FX:EURUSD,1.08417,1.08456,1.0841399999999999,1.08449,2295.0
2024-03-19 06:45:00,FX:EURUSD,1.08449,1.08458,1.08427,1.08443,1468.0
2024-03-19 07:00:00,FX:EURUSD,1.08443,1.08468,1.08427,1.08451,1478.0
2024-03-19 07:15:00,FX:EURUSD,1.08451,1.08481,1.08449,1.08458,1569.0
2024-03-19 07:30:00,FX:EURUSD,1.08458,1.08497,1.08452,1.08495,1652.0
2024-03-19 07:45:00,FX:EURUSD,1.08495,1.08516,1.08477,1.08502,1348.0
2024-03-19 08:00:00,FX:EURUSD,1.08502,1.08517,1.08486,1.08508,2725.0
2024-03-19 08:15:00,FX:EURUSD,1.08508,1.08511,1.08456,1.08476,3252.0
2024-03-19 08:30:00,FX:EURUSD,1.08476,1.08555,1.08468,1.08552,4524.0
2024-03-19 08:45:00,FX:EURUSD,1.08552,1.0856,1.08493,1.08516,2918.0
2024-03-19 09:00:00,FX:EURUSD,1.08516,1.08573,1.08511,1.08534,3410.0
2024-03-19 09:15:00,FX:EURUSD,1.08534,1.08562,1.08517,1.08539,3036.0
2024-03-19 09:30:00,FX:EURUSD,1.08539,1.0856,1.08494,1.08494,3037.0
2024-03-19 09:45:00,FX:EURUSD,1.08494,1.08544,1.0849199999999999,1.08542,2685.0
2024-03-19 10:00:00,FX:EURUSD,1.08542,1.08598,1.0853599999999999,1.0859699999999999,2522.0
2024-03-19 10:15:00,FX:EURUSD,1.0859699999999999,1.08655,1.0859699999999999,1.08625,2874.0
2024-03-19 10:30:00,FX:EURUSD,1.08625,1.08634,1.08604,1.08617,3054.0
2024-03-19 10:45:00,FX:EURUSD,1.08617,1.08635,1.08605,1.08623,2965.0
2024-03-19 11:00:00,FX:EURUSD,1.08623,1.08624,1.08567,1.08569,1980.0
2024-03-19 11:15:00,FX:EURUSD,1.08569,1.08575,1.08541,1.08557,1790.0
2024-03-19 11:30:00,FX:EURUSD,1.08557,1.08564,1.08533,1.0856,2744.0
2024-03-19 11:45:00,FX:EURUSD,1.0856,1.08599,1.08545,1.08584,2881.0
2024-03-19 12:00:00,FX:EURUSD,1.08584,1.08592,1.08546,1.08585,2268.0
2024-03-19 12:15:00,FX:EURUSD,1.08585,1.08619,1.08581,1.0861399999999999,2332.0
2024-03-19 12:30:00,FX:EURUSD,1.0861399999999999,1.08626,1.08603,1.08625,2495.0
2024-03-19 12:45:00,FX:EURUSD,1.08625,1.0864,1.08616,1.08634,2102.0
2024-03-19 13:00:00,FX:EURUSD,1.08634,1.08676,1.08627,1.08634,3185.0
2024-03-19 13:15:00,FX:EURUSD,1.08634,1.0864,1.0861399999999999,1.08639,1970.0
2024-03-19 13:30:00,FX:EURUSD,1.08639,1.08655,1.08596,1.08604,1477.0
2024-03-19 13:45:00,FX:EURUSD,1.08604,1.08644,1.08598,1.08635,1459.0
2024-03-19 14:00:00,FX:EURUSD,1.08635,1.08652,1.08623,1.08639,1197.0
2024-03-19 14:15:00,FX:EURUSD,1.08639,1.08646,1.08617,1.08636,1485.0
2024-03-19 14:30:00,FX:EURUSD,1.08636,1.08648,1.08627,1.0863099999999999,1616.0
2024-03-19 14:45:00,FX:EURUSD,1.0863099999999999,1.08635,1.08612,1.08625,993.0
2024-03-19 15:00:00,FX:EURUSD,1.08625,1.08633,1.0861,1.08627,1369.0
2024-03-19 15:15:00,FX:EURUSD,1.08627,1.08652,1.08624,1.08641,2302.0
2024-03-19 15:30:00,FX:EURUSD,1.08641,1.08643,1.08624,1.08635,1548.0
2024-03-19 15:45:00,FX:EURUSD,1.08635,1.08656,1.08628,1.08648,1599.0
2024-03-19 16:00:00,FX:EURUSD,1.08648,1.08664,1.08641,1.08644,768.0
2024-03-19 16:15:00,FX:EURUSD,1.08644,1.08649,1.08639,1.08642,362.0
2024-03-19 16:30:00,FX:EURUSD,1.08642,1.08646,1.08641,1.08642,214.0
2024-03-19 16:45:00,FX:EURUSD,1.08642,1.08662,1.08641,1.08656,955.0
2024-03-19 17:00:00,FX:EURUSD,1.08656,1.08667,1.08595,1.08629,489.0
2024-03-19 17:15:00,FX:EURUSD,1.08629,1.08656,1.08622,1.08653,184.0
2024-03-19 17:30:00,FX:EURUSD,1.08653,1.08657,1.08615,1.08655,3278.0
2024-03-19 17:45:00,FX:EURUSD,1.08655,1.08659,1.08639,1.08647,274.0
2024-03-19 18:00:00,FX:EURUSD,1.08647,1.0866,1.08642,1.0866,361.0
2024-03-19 18:15:00,FX:EURUSD,1.0866,1.08663,1.08654,1.08657,143.0
2024-03-19 18:30:00,FX:EURUSD,1.08657,1.08659,1.08646,1.08646,206.0
2024-03-19 18:45:00,FX:EURUSD,1.08646,1.08656,1.08646,1.08654,159.0
2024-03-19 19:00:00,FX:EURUSD,1.08654,1.08664,1.08636,1.08639,575.0
2024-03-19 19:15:00,FX:EURUSD,1.08639,1.08645,1.08635,1.08637,274.0
2024-03-19 19:30:00,FX:EURUSD,1.08637,1.08655,1.08624,1.0865,619.0
2024-03-19 19:45:00,FX:EURUSD,1.0865,1.08665,1.08615,1.08616,638.0
2024-03-19 20:00:00,FX:EURUSD,1.08616,1.08619,1.0859699999999999,1.08603,1046.0
2024-03-19 20:15:00,FX:EURUSD,1.08603,1.08609,1.08583,1.08596,686.0
2024-03-19 20:30:00,FX:EURUSD,1.08596,1.0863,1.0859,1.08628,461.0
2024-03-19 20:45:00,FX:EURUSD,1.08628,1.0865,1.08607,1.08644,795.0
2024-03-19 21:00:00,FX:EURUSD,1.08644,1.08648,1.08634,1.08639,718.0
2024-03-19 21:15:00,FX:EURUSD,1.08639,1.08644,1.08627,1.08633,794.0
2024-03-19 21:30:00,FX:EURUSD,1.08633,1.0864,1.08621,1.08635,872.0
2024-03-19 21:45:00,FX:EURUSD,1.08635,1.0865799999999999,1.08634,1.08642,812.0
2024-03-19 22:00:00,FX:EURUSD,1.08642,1.08648,1.08626,1.08644,621.0
2024-03-19 22:15:00,FX:EURUSD,1.08644,1.08649,1.08632,1.0864,479.0
2024-03-19 22:30:00,FX:EURUSD,1.0864,1.0865799999999999,1.08634,1.0865799999999999,590.0
2024-03-19 22:45:00,FX:EURUSD,1.0865799999999999,1.08693,1.0865,1.08687,701.0
2024-03-19 23:00:00,FX:EURUSD,1.08687,1.0871,1.08677,1.08691,611.0
2024-03-19 23:15:00,FX:EURUSD,1.08691,1.08693,1.08679,1.08684,452.0
2024-03-19 23:30:00,FX:EURUSD,1.08684,1.08696,1.0868,1.08685,565.0
2024-03-19 23:45:00,FX:EURUSD,1.08685,1.08711,1.08684,1.08699,532.0
2024-03-20 00:00:00,FX:EURUSD,1.08699,1.08705,1.08686,1.0869,594.0
2024-03-20 00:15:00,FX:EURUSD,1.0869,1.08695,1.08682,1.08688,425.0
2024-03-20 00:30:00,FX:EURUSD,1.08688,1.08702,1.08683,1.08684,557.0
2024-03-20 00:45:00,FX:EURUSD,1.08684,1.08688,1.08662,1.08667,1009.0
2024-03-20 01:00:00,FX:EURUSD,1.08667,1.08677,1.08663,1.08668,660.0
2024-03-20 01:15:00,FX:EURUSD,1.08668,1.08668,1.08653,1.08664,566.0
2024-03-20 01:30:00,FX:EURUSD,1.08664,1.08683,1.08663,1.08676,712.0
2024-03-20 01:45:00,FX:EURUSD,1.08676,1.0868,1.08657,1.08657,699.0
2024-03-20 02:00:00,FX:EURUSD,1.08657,1.08687,1.08649,1.08679,664.0
2024-03-20 02:15:00,FX:EURUSD,1.08679,1.0869,1.08667,1.08671,721.0
2024-03-20 02:30:00,FX:EURUSD,1.08671,1.08695,1.08668,1.08686,553.0
2024-03-20 02:45:00,FX:EURUSD,1.08686,1.08705,1.08676,1.08702,704.0
2024-03-20 03:00:00,FX:EURUSD,1.08702,1.0872,1.08659,1.08718,2235.0
2024-03-20 03:15:00,FX:EURUSD,1.08718,1.08718,1.08671,1.08691,1725.0
2024-03-20 03:30:00,FX:EURUSD,1.08691,1.08709,1.08677,1.08683,2073.0
2024-03-20 03:45:00,FX:EURUSD,1.08683,1.08685,1.08649,1.08653,2055.0
2024-03-20 04:00:00,FX:EURUSD,1.08653,1.08653,1.08561,1.08567,2733.0
2024-03-20 04:15:00,FX:EURUSD,1.08567,1.08594,1.08547,1.08573,2032.0
2024-03-20 04:30:00,FX:EURUSD,1.08573,1.08575,1.08524,1.08532,1358.0
2024-03-20 04:45:00,FX:EURUSD,1.08532,1.08534,1.08499,1.08521,2095.0
2024-03-20 05:00:00,FX:EURUSD,1.08521,1.08523,1.08388,1.08396,2517.0
2024-03-20 05:15:00,FX:EURUSD,1.08396,1.08442,1.08396,1.0844,2786.0
2024-03-20 05:30:00,FX:EURUSD,1.0844,1.0845,1.08412,1.08424,1753.0
2024-03-20 05:45:00,FX:EURUSD,1.08424,1.08425,1.08364,1.08391,2252.0
2024-03-20 06:00:00,FX:EURUSD,1.08391,1.08421,1.08364,1.0842,2529.0
2024-03-20 06:15:00,FX:EURUSD,1.0842,1.08426,1.08392,1.08425,1586.0
2024-03-20 06:30:00,FX:EURUSD,1.08425,1.08428,1.08384,1.08391,1597.0
2024-03-20 06:45:00,FX:EURUSD,1.08391,1.08412,1.08388,1.08396,1791.0
2024-03-20 07:00:00,FX:EURUSD,1.08396,1.0843099999999999,1.0839,1.08419,1629.0
2024-03-20 07:15:00,FX:EURUSD,1.08419,1.08425,1.08371,1.08407,1580.0
2024-03-20 07:30:00,FX:EURUSD,1.08407,1.0843099999999999,1.084,1.08421,1623.0
2024-03-20 07:45:00,FX:EURUSD,1.08421,1.08438,1.08408,1.08426,1824.0
2024-03-20 08:00:00,FX:EURUSD,1.08426,1.08445,1.08402,1.08417,1902.0
2024-03-20 08:15:00,FX:EURUSD,1.08417,1.08432,1.08405,1.08427,1613.0
2024-03-20 08:30:00,FX:EURUSD,1.08427,1.0843099999999999,1.08379,1.08409,1503.0
2024-03-20 08:45:00,FX:EURUSD,1.08409,1.08449,1.084,1.08422,2277.0
2024-03-20 09:00:00,FX:EURUSD,1.08422,1.08455,1.08399,1.0845,1818.0
2024-03-20 09:15:00,FX:EURUSD,1.0845,1.08453,1.084,1.08403,1593.0
2024-03-20 09:30:00,FX:EURUSD,1.08403,1.0841,1.08372,1.08402,2408.0
2024-03-20 09:45:00,FX:EURUSD,1.08402,1.08455,1.08392,1.08446,1942.0
2024-03-20 10:00:00,FX:EURUSD,1.08446,1.08506,1.08436,1.08506,1985.0
2024-03-20 10:15:00,FX:EURUSD,1.08506,1.08514,1.08477,1.08491,2127.0
2024-03-20 10:30:00,FX:EURUSD,1.08491,1.08507,1.08473,1.08483,1375.0
2024-03-20 10:45:00,FX:EURUSD,1.08483,1.08503,1.08478,1.08496,1758.0
2024-03-20 11:00:00,FX:EURUSD,1.08496,1.08531,1.08486,1.0853,1594.0
2024-03-20 11:15:00,FX:EURUSD,1.0853,1.0856,1.08529,1.08546,1643.0
2024-03-20 11:30:00,FX:EURUSD,1.08546,1.08557,1.08523,1.08524,1305.0
2024-03-20 11:45:00,FX:EURUSD,1.08524,1.08554,1.0851,1.08547,2028.0
2024-03-20 12:00:00,FX:EURUSD,1.08547,1.08586,1.08534,1.08574,1401.0
2024-03-20 12:15:00,FX:EURUSD,1.08574,1.08585,1.08559,1.0858,1219.0
2024-03-20 12:30:00,FX:EURUSD,1.0858,1.08582,1.08558,1.08578,1110.0
2024-03-20 12:45:00,FX:EURUSD,1.08578,1.08611,1.08572,1.08606,1298.0
2024-03-20 13:00:00,FX:EURUSD,1.08606,1.08622,1.08586,1.08611,1456.0
2024-03-20 13:15:00,FX:EURUSD,1.08611,1.08649,1.08608,1.08641,1326.0
2024-03-20 13:30:00,FX:EURUSD,1.08641,1.08648,1.0862,1.0864,948.0
2024-03-20 13:45:00,FX:EURUSD,1.0864,1.08669,1.08633,1.08635,1588.0
2024-03-20 14:00:00,FX:EURUSD,1.08635,1.08938,1.08616,1.08757,16435.0
2024-03-20 14:15:00,FX:EURUSD,1.08757,1.08819,1.08698,1.08813,8189.0
2024-03-20 14:30:00,FX:EURUSD,1.08813,1.08963,1.08657,1.08939,18855.0
2024-03-20 14:45:00,FX:EURUSD,1.08939,1.09176,1.08939,1.09143,14169.0
2024-03-20 15:00:00,FX:EURUSD,1.09143,1.0915,1.09027,1.09053,9316.0
2024-03-20 15:15:00,FX:EURUSD,1.09053,1.09162,1.09019,1.09157,6990.0
2024-03-20 15:30:00,FX:EURUSD,1.09157,1.09226,1.09147,1.09198,3986.0
2024-03-20 15:45:00,FX:EURUSD,1.09198,1.09228,1.09157,1.09209,3252.0
2024-03-20 16:00:00,FX:EURUSD,1.09209,1.09218,1.09186,1.09206,1341.0
2024-03-20 16:15:00,FX:EURUSD,1.09206,1.09219,1.0919,1.09204,861.0
2024-03-20 16:30:00,FX:EURUSD,1.09204,1.09221,1.09201,1.09218,516.0
2024-03-20 16:45:00,FX:EURUSD,1.09218,1.09227,1.0921,1.09218,842.0
2024-03-20 17:00:00,FX:EURUSD,1.09218,1.09218,1.0917,1.09204,332.0
2024-03-20 17:15:00,FX:EURUSD,1.09204,1.09223,1.092,1.09223,354.0
2024-03-20 17:30:00,FX:EURUSD,1.09223,1.09224,1.09206,1.09222,1089.0
2024-03-20 17:45:00,FX:EURUSD,1.09222,1.09233,1.09181,1.09207,1080.0
2024-03-20 18:00:00,FX:EURUSD,1.09207,1.09296,1.09206,1.09294,507.0
2024-03-20 18:15:00,FX:EURUSD,1.09294,1.09309,1.09276,1.09303,747.0
2024-03-20 18:30:00,FX:EURUSD,1.09303,1.09312,1.09301,1.09309,657.0
2024-03-20 18:45:00,FX:EURUSD,1.09309,1.09322,1.09304,1.09321,662.0
2024-03-20 19:00:00,FX:EURUSD,1.09321,1.09325,1.09293,1.0932,1323.0
2024-03-20 19:15:00,FX:EURUSD,1.0932,1.09357,1.09315,1.09349,1472.0
2024-03-20 19:30:00,FX:EURUSD,1.09349,1.09371,1.09348,1.09369,1115.0
2024-03-20 19:45:00,FX:EURUSD,1.09369,1.09374,1.09358,1.09373,1007.0
2024-03-20 20:00:00,FX:EURUSD,1.09373,1.09374,1.09329,1.09361,2533.0
2024-03-20 20:15:00,FX:EURUSD,1.09361,1.09373,1.09314,1.09318,1748.0
2024-03-20 20:30:00,FX:EURUSD,1.09318,1.09364,1.09306,1.09339,2438.0
2024-03-20 20:45:00,FX:EURUSD,1.09339,1.09349,1.09312,1.09334,2711.0
2024-03-20 21:00:00,FX:EURUSD,1.09334,1.09379,1.09331,1.09368,2882.0
2024-03-20 21:15:00,FX:EURUSD,1.09368,1.09388,1.09353,1.09368,2093.0
2024-03-20 21:30:00,FX:EURUSD,1.09368,1.09375,1.09334,1.09354,1511.0
2024-03-20 21:45:00,FX:EURUSD,1.09354,1.09374,1.09342,1.09352,1243.0
2024-03-20 22:00:00,FX:EURUSD,1.09352,1.09368,1.09333,1.0936299999999999,1177.0
2024-03-20 22:15:00,FX:EURUSD,1.0936299999999999,1.09364,1.09326,1.09343,1137.0
2024-03-20 22:30:00,FX:EURUSD,1.09343,1.09373,1.09339,1.09365,881.0
2024-03-20 22:45:00,FX:EURUSD,1.09365,1.09366,1.09341,1.09354,1104.0
2024-03-20 23:00:00,FX:EURUSD,1.09354,1.0937,1.09345,1.09345,969.0
2024-03-20 23:15:00,FX:EURUSD,1.09345,1.09352,1.09337,1.09347,1061.0
2024-03-20 23:30:00,FX:EURUSD,1.09347,1.09358,1.09337,1.09353,928.0
2024-03-20 23:45:00,FX:EURUSD,1.09353,1.09355,1.09335,1.0935,1253.0
2024-03-21 00:00:00,FX:EURUSD,1.0935,1.09353,1.0933599999999999,1.09345,610.0
2024-03-21 00:15:00,FX:EURUSD,1.09345,1.09347,1.09338,1.09344,526.0
2024-03-21 00:30:00,FX:EURUSD,1.09344,1.09354,1.09328,1.09333,629.0
2024-03-21 00:45:00,FX:EURUSD,1.09333,1.09349,1.09331,1.09331,784.0
2024-03-21 01:00:00,FX:EURUSD,1.09331,1.09348,1.09326,1.09348,1243.0
2024-03-21 01:15:00,FX:EURUSD,1.09348,1.09355,1.09338,1.09339,1258.0
2024-03-21 01:30:00,FX:EURUSD,1.09339,1.09368,1.0933599999999999,1.09348,1060.0
2024-03-21 01:45:00,FX:EURUSD,1.09348,1.09349,1.09316,1.09316,1119.0
2024-03-21 02:00:00,FX:EURUSD,1.09316,1.09374,1.09315,1.09367,1464.0
2024-03-21 02:15:00,FX:EURUSD,1.09367,1.09381,1.09351,1.09358,1440.0
2024-03-21 02:30:00,FX:EURUSD,1.09358,1.09374,1.0935,1.09352,786.0
2024-03-21 02:45:00,FX:EURUSD,1.09352,1.09378,1.09346,1.09377,1063.0
2024-03-21 03:00:00,FX:EURUSD,1.09377,1.09425,1.09371,1.09395,1812.0
2024-03-21 03:15:00,FX:EURUSD,1.09395,1.09395,1.09333,1.09374,1718.0
2024-03-21 03:30:00,FX:EURUSD,1.09374,1.09381,1.09305,1.09307,2502.0
2024-03-21 03:45:00,FX:EURUSD,1.09307,1.09313,1.09255,1.09287,2215.0
2024-03-21 04:00:00,FX:EURUSD,1.09287,1.09287,1.09199,1.09204,2932.0
2024-03-21 04:15:00,FX:EURUSD,1.09204,1.09204,1.09068,1.09135,3956.0
2024-03-21 04:30:00,FX:EURUSD,1.09135,1.0913599999999999,1.08931,1.08968,8234.0
2024-03-21 04:45:00,FX:EURUSD,1.08968,1.08968,1.08871,1.08916,4634.0
2024-03-21 05:00:00,FX:EURUSD,1.08916,1.08955,1.0889,1.08938,3991.0
2024-03-21 05:15:00,FX:EURUSD,1.08938,1.09033,1.08929,1.09024,2804.0
2024-03-21 05:30:00,FX:EURUSD,1.09024,1.09088,1.08996,1.09083,3337.0
2024-03-21 05:45:00,FX:EURUSD,1.09083,1.09146,1.09067,1.0913,2891.0
2024-03-21 06:00:00,FX:EURUSD,1.0913,1.09222,1.09122,1.09219,2325.0
2024-03-21 06:15:00,FX:EURUSD,1.09219,1.09237,1.09175,1.09192,2098.0
2024-03-21 06:30:00,FX:EURUSD,1.09192,1.09204,1.09152,1.0917,2404.0
2024-03-21 06:45:00,FX:EURUSD,1.0917,1.09203,1.09165,1.09193,2279.0
2024-03-21 07:00:00,FX:EURUSD,1.09193,1.09203,1.09139,1.0915,1866.0
2024-03-21 07:15:00,FX:EURUSD,1.0915,1.09165,1.09094,1.09101,1760.0
2024-03-21 07:30:00,FX:EURUSD,1.09101,1.09109,1.09063,1.09078,1794.0
2024-03-21 07:45:00,FX:EURUSD,1.09078,1.09097,1.09049,1.09096,2067.0
2024-03-21 08:00:00,FX:EURUSD,1.09096,1.09128,1.09055,1.09081,5190.0
2024-03-21 08:15:00,FX:EURUSD,1.09081,1.09171,1.09076,1.09142,3674.0
2024-03-21 08:30:00,FX:EURUSD,1.09142,1.09154,1.09035,1.0908,4776.0
2024-03-21 08:45:00,FX:EURUSD,1.0908,1.09127,1.09057,1.09115,3430.0
2024-03-21 09:00:00,FX:EURUSD,1.09115,1.09117,1.0903,1.09047,3188.0
2024-03-21 09:15:00,FX:EURUSD,1.09047,1.09053,1.08941,1.08954,3119.0
2024-03-21 09:30:00,FX:EURUSD,1.08954,1.09011,1.0894,1.08966,4850.0
2024-03-21 09:45:00,FX:EURUSD,1.08966,1.09003,1.08839,1.08857,7866.0
2024-03-21 10:00:00,FX:EURUSD,1.08857,1.0886,1.08749,1.08777,5451.0
2024-03-21 10:15:00,FX:EURUSD,1.08777,1.08817,1.08727,1.08756,4766.0
2024-03-21 10:30:00,FX:EURUSD,1.08756,1.08777,1.08706,1.08732,4427.0
2024-03-21 10:45:00,FX:EURUSD,1.08732,1.08798,1.08732,1.08789,3565.0
2024-03-21 11:00:00,FX:EURUSD,1.08789,1.08791,1.08669,1.0867,4074.0
2024-03-21 11:15:00,FX:EURUSD,1.0867,1.08687,1.08618,1.08642,3467.0
2024-03-21 11:30:00,FX:EURUSD,1.08642,1.08665,1.08592,1.08592,3315.0
2024-03-21 11:45:00,FX:EURUSD,1.08592,1.08607,1.08556,1.08604,3718.0
2024-03-21 12:00:00,FX:EURUSD,1.08604,1.08646,1.0858,1.08635,3678.0
2024-03-21 12:15:00,FX:EURUSD,1.08635,1.08641,1.08582,1.08608,2862.0
2024-03-21 12:30:00,FX:EURUSD,1.08608,1.08633,1.08592,1.08598,2768.0
2024-03-21 12:45:00,FX:EURUSD,1.08598,1.08624,1.08589,1.08609,2552.0
2024-03-21 13:00:00,FX:EURUSD,1.08609,1.0865799999999999,1.08575,1.08656,2011.0
2024-03-21 13:15:00,FX:EURUSD,1.08656,1.08662,1.08577,1.08592,2452.0
2024-03-21 13:30:00,FX:EURUSD,1.08592,1.08609,1.0856999999999999,1.08571,1617.0
2024-03-21 13:45:00,FX:EURUSD,1.08571,1.08584,1.0856,1.08577,2270.0
2024-03-21 14:00:00,FX:EURUSD,1.08577,1.08594,1.08572,1.08587,1951.0
2024-03-21 14:15:00,FX:EURUSD,1.08587,1.0861,1.08582,1.08607,1202.0
2024-03-21 14:30:00,FX:EURUSD,1.08607,1.08624,1.08591,1.08623,1563.0
2024-03-21 14:45:00,FX:EURUSD,1.08623,1.08632,1.08612,1.08624,1374.0
2024-03-21 15:00:00,FX:EURUSD,1.08624,1.08628,1.08591,1.08598,1316.0
2024-03-21 15:15:00,FX:EURUSD,1.08598,1.086,1.08564,1.08583,1418.0
2024-03-21 15:30:00,FX:EURUSD,1.08583,1.08592,1.08567,1.08581,1660.0
2024-03-21 15:45:00,FX:EURUSD,1.08581,1.08584,1.08554,1.08568,1571.0
2024-03-21 16:00:00,FX:EURUSD,1.08568,1.08591,1.08567,1.08589,555.0
2024-03-21 16:15:00,FX:EURUSD,1.08589,1.08589,1.08573,1.08574,220.0
2024-03-21 16:30:00,FX:EURUSD,1.08574,1.08589,1.08572,1.08581,511.0
2024-03-21 16:45:00,FX:EURUSD,1.08581,1.08603,1.0858,1.0859699999999999,783.0
2024-03-21 17:00:00,FX:EURUSD,1.0859699999999999,1.08607,1.08548,1.0859,254.0
2024-03-21 17:15:00,FX:EURUSD,1.0859,1.08605,1.0859,1.08599,478.0
2024-03-21 17:30:00,FX:EURUSD,1.08599,1.08609,1.08592,1.08594,3757.0
2024-03-21 17:45:00,FX:EURUSD,1.08594,1.08618,1.08594,1.08605,2395.0
2024-03-21 18:00:00,FX:EURUSD,1.08605,1.08618,1.08603,1.0861,297.0
2024-03-21 18:15:00,FX:EURUSD,1.0861,1.08617,1.08607,1.08611,185.0
2024-03-21 18:30:00,FX:EURUSD,1.08611,1.08623,1.0861,1.08618,175.0
2024-03-21 18:45:00,FX:EURUSD,1.08618,1.08622,1.0861399999999999,1.08618,174.0
2024-03-21 19:00:00,FX:EURUSD,1.08618,1.08619,1.08605,1.08613,442.0
2024-03-21 19:15:00,FX:EURUSD,1.08613,1.08621,1.08606,1.08619,417.0
2024-03-21 19:30:00,FX:EURUSD,1.08619,1.08624,1.08612,1.08624,455.0
2024-03-21 19:45:00,FX:EURUSD,1.08624,1.0863,1.08618,1.08619,395.0
2024-03-21 20:00:00,FX:EURUSD,1.08619,1.08643,1.08619,1.08638,702.0
2024-03-21 20:15:00,FX:EURUSD,1.08638,1.0867,1.08635,1.08659,639.0
2024-03-21 20:30:00,FX:EURUSD,1.08659,1.0868,1.08657,1.08664,705.0
2024-03-21 20:45:00,FX:EURUSD,1.08664,1.08665,1.08642,1.08651,991.0
2024-03-21 21:00:00,FX:EURUSD,1.08651,1.08653,1.08629,1.08652,853.0
2024-03-21 21:15:00,FX:EURUSD,1.08652,1.0865799999999999,1.0861,1.08617,951.0
2024-03-21 21:30:00,FX:EURUSD,1.08617,1.08617,1.08537,1.08541,2285.0
2024-03-21 21:45:00,FX:EURUSD,1.08541,1.08551,1.08499,1.08505,2144.0
2024-03-21 22:00:00,FX:EURUSD,1.08505,1.08523,1.08482,1.08482,1458.0
2024-03-21 22:15:00,FX:EURUSD,1.08482,1.08499,1.08477,1.08482,1532.0
2024-03-21 22:30:00,FX:EURUSD,1.08482,1.08484,1.08418,1.0843099999999999,1335.0
2024-03-21 22:45:00,FX:EURUSD,1.0843099999999999,1.0844,1.08386,1.08389,1526.0
2024-03-21 23:00:00,FX:EURUSD,1.08389,1.08412,1.08365,1.08367,1276.0
2024-03-21 23:15:00,FX:EURUSD,1.08367,1.08395,1.08367,1.0838,1078.0
2024-03-21 23:30:00,FX:EURUSD,1.0838,1.0839699999999999,1.08359,1.0839,1229.0
2024-03-21 23:45:00,FX:EURUSD,1.0839,1.08402,1.08373,1.08378,1029.0
2024-03-22 00:00:00,FX:EURUSD,1.08378,1.08378,1.08338,1.08347,1035.0
2024-03-22 00:15:00,FX:EURUSD,1.08347,1.08358,1.0833,1.08334,883.0
2024-03-22 00:30:00,FX:EURUSD,1.08334,1.08346,1.08322,1.08329,567.0
2024-03-22 00:45:00,FX:EURUSD,1.08329,1.08335,1.0831,1.08333,614.0
2024-03-22 01:00:00,FX:EURUSD,1.08333,1.08369,1.08332,1.08348,994.0
2024-03-22 01:15:00,FX:EURUSD,1.08348,1.0836,1.08342,1.0835299999999999,998.0
2024-03-22 01:30:00,FX:EURUSD,1.0835299999999999,1.08363,1.08342,1.08356,1212.0
2024-03-22 01:45:00,FX:EURUSD,1.08356,1.0842,1.08354,1.08415,1664.0
2024-03-22 02:00:00,FX:EURUSD,1.08415,1.08415,1.08368,1.08379,1725.0
2024-03-22 02:15:00,FX:EURUSD,1.08379,1.08389,1.08319,1.08326,1571.0
2024-03-22 02:30:00,FX:EURUSD,1.08326,1.08328,1.0827499999999999,1.08283,1350.0
2024-03-22 02:45:00,FX:EURUSD,1.08283,1.08313,1.08269,1.08303,1598.0
2024-03-22 03:00:00,FX:EURUSD,1.08303,1.08345,1.08294,1.08331,2647.0
2024-03-22 03:15:00,FX:EURUSD,1.08331,1.08333,1.0823,1.08234,2354.0
2024-03-22 03:30:00,FX:EURUSD,1.08234,1.08267,1.08212,1.08223,2970.0
2024-03-22 03:45:00,FX:EURUSD,1.08223,1.08252,1.08208,1.08247,2284.0
2024-03-22 04:00:00,FX:EURUSD,1.08247,1.08296,1.08178,1.08188,3207.0
2024-03-22 04:15:00,FX:EURUSD,1.08188,1.08188,1.08133,1.08138,2875.0
2024-03-22 04:30:00,FX:EURUSD,1.08138,1.08152,1.08082,1.08146,2465.0
2024-03-22 04:45:00,FX:EURUSD,1.08146,1.08152,1.08087,1.08116,2622.0
2024-03-22 05:00:00,FX:EURUSD,1.08116,1.08213,1.08111,1.08192,4325.0
2024-03-22 05:15:00,FX:EURUSD,1.08192,1.08233,1.08191,1.08206,2115.0
2024-03-22 05:30:00,FX:EURUSD,1.08206,1.08206,1.08166,1.08173,2011.0
2024-03-22 05:45:00,FX:EURUSD,1.08173,1.08175,1.08143,1.08161,2275.0
2024-03-22 06:00:00,FX:EURUSD,1.08161,1.08183,1.08144,1.08174,2292.0
2024-03-22 06:15:00,FX:EURUSD,1.08174,1.08198,1.08166,1.08179,2121.0
2024-03-22 06:30:00,FX:EURUSD,1.08179,1.08218,1.08178,1.08197,1759.0
2024-03-22 06:45:00,FX:EURUSD,1.08197,1.08208,1.08152,1.08163,1998.0
2024-03-22 07:00:00,FX:EURUSD,1.08163,1.08224,1.08163,1.08213,1766.0
2024-03-22 07:15:00,FX:EURUSD,1.08213,1.08222,1.08185,1.08207,1803.0
2024-03-22 07:30:00,FX:EURUSD,1.08207,1.08221,1.08163,1.0816999999999999,2029.0
2024-03-22 07:45:00,FX:EURUSD,1.0816999999999999,1.0816999999999999,1.08114,1.0816,1861.0
2024-03-22 08:00:00,FX:EURUSD,1.0816,1.08211,1.08145,1.0819,2947.0
2024-03-22 08:15:00,FX:EURUSD,1.0819,1.08272,1.0818699999999999,1.08263,3368.0
2024-03-22 08:30:00,FX:EURUSD,1.08263,1.08297,1.08247,1.08296,2944.0
2024-03-22 08:45:00,FX:EURUSD,1.08296,1.08311,1.08243,1.08265,3014.0
2024-03-22 09:00:00,FX:EURUSD,1.08265,1.0827,1.08203,1.08229,2470.0
2024-03-22 09:15:00,FX:EURUSD,1.08229,1.08265,1.08208,1.08215,2524.0
2024-03-22 09:30:00,FX:EURUSD,1.08215,1.08259,1.08184,1.08235,3196.0
2024-03-22 09:45:00,FX:EURUSD,1.08235,1.08297,1.08229,1.08295,2832.0
2024-03-22 10:00:00,FX:EURUSD,1.08295,1.08318,1.08224,1.08226,3243.0
2024-03-22 10:15:00,FX:EURUSD,1.08226,1.08229,1.0816999999999999,1.08196,2410.0
2024-03-22 10:30:00,FX:EURUSD,1.08196,1.08197,1.08161,1.08173,1958.0
2024-03-22 10:45:00,FX:EURUSD,1.08173,1.08189,1.08147,1.08149,1846.0
2024-03-22 11:00:00,FX:EURUSD,1.08149,1.08206,1.08142,1.08197,2215.0
2024-03-22 11:15:00,FX:EURUSD,1.08197,1.08218,1.08175,1.08199,2216.0
2024-03-22 11:30:00,FX:EURUSD,1.08199,1.082,1.08142,1.08145,2054.0
2024-03-22 11:45:00,FX:EURUSD,1.08145,1.08163,1.08103,1.08158,2384.0
2024-03-22 12:00:00,FX:EURUSD,1.08158,1.0816999999999999,1.08119,1.08124,3131.0
2024-03-22 12:15:00,FX:EURUSD,1.08124,1.08124,1.08073,1.08104,1556.0
2024-03-22 12:30:00,FX:EURUSD,1.08104,1.0811,1.08077,1.08084,1352.0
2024-03-22 12:45:00,FX:EURUSD,1.08084,1.08086,1.08057,1.08057,1285.0
2024-03-22 13:00:00,FX:EURUSD,1.08057,1.08106,1.08053,1.08058,1510.0
2024-03-22 13:15:00,FX:EURUSD,1.08058,1.08086,1.08055,1.08074,1255.0
2024-03-22 13:30:00,FX:EURUSD,1.08074,1.08075,1.08049,1.08067,863.0
2024-03-22 13:45:00,FX:EURUSD,1.08067,1.08071,1.0804799999999999,1.0806,980.0
2024-03-22 14:00:00,FX:EURUSD,1.0806,1.08073,1.08046,1.08072,982.0
2024-03-22 14:15:00,FX:EURUSD,1.08072,1.08076,1.08056,1.08071,801.0
2024-03-22 14:30:00,FX:EURUSD,1.08071,1.08072,1.08049,1.08052,814.0
2024-03-22 14:45:00,FX:EURUSD,1.08052,1.08067,1.0804,1.0804,842.0
2024-03-22 15:00:00,FX:EURUSD,1.0804,1.08042,1.08023,1.08024,629.0
2024-03-22 15:15:00,FX:EURUSD,1.08024,1.08026,1.08017,1.08025,599.0
2024-03-22 15:30:00,FX:EURUSD,1.08025,1.08046,1.08021,1.08046,798.0
2024-03-22 15:45:00,FX:EURUSD,1.08046,1.08068,1.08039,1.08056,947.0
2024-03-22 16:00:00,FX:EURUSD,1.08056,1.08084,1.08049,1.08082,994.0
2024-03-22 16:15:00,FX:EURUSD,1.08082,1.08094,1.08081,1.08086,483.0
2024-03-22 16:30:00,FX:EURUSD,1.08086,1.08097,1.0808,1.08084,332.0
2024-03-22 16:45:00,FX:EURUSD,1.08084,1.08098,1.08062,1.08066,990.0
2024-03-24 17:00:00,FX:EURUSD,1.08076,1.08079,1.08069,1.08078,55.0
2024-03-24 17:15:00,FX:EURUSD,1.08078,1.08081,1.08071,1.08081,54.0
2024-03-24 17:30:00,FX:EURUSD,1.08081,1.081,1.08071,1.08099,42.0
2024-03-24 17:45:00,FX:EURUSD,1.08099,1.08104,1.08069,1.08084,105.0
2024-03-24 18:00:00,FX:EURUSD,1.08084,1.08084,1.08043,1.08077,335.0
2024-03-24 18:15:00,FX:EURUSD,1.08077,1.08081,1.08068,1.08069,162.0
2024-03-24 18:30:00,FX:EURUSD,1.08069,1.08077,1.08069,1.0807,115.0
2024-03-24 18:45:00,FX:EURUSD,1.0807,1.08086,1.08062,1.08085,342.0
2024-03-24 19:00:00,FX:EURUSD,1.08085,1.08098,1.08069,1.08096,824.0
2024-03-24 19:15:00,FX:EURUSD,1.08096,1.08099,1.08081,1.08082,587.0
2024-03-24 19:30:00,FX:EURUSD,1.08082,1.0809,1.08073,1.08076,510.0
2024-03-24 19:45:00,FX:EURUSD,1.08076,1.08089,1.08067,1.08072,801.0
2024-03-24 20:00:00,FX:EURUSD,1.08072,1.08097,1.08068,1.08082,1354.0
2024-03-24 20:15:00,FX:EURUSD,1.08082,1.08083,1.08029,1.0803,1084.0
2024-03-24 20:30:00,FX:EURUSD,1.0803,1.08044,1.08027,1.08037,1268.0
2024-03-24 20:45:00,FX:EURUSD,1.08037,1.08042,1.08025,1.08035,1311.0
2024-03-24 21:00:00,FX:EURUSD,1.08035,1.08041,1.0802,1.08025,1129.0
2024-03-24 21:15:00,FX:EURUSD,1.08025,1.08146,1.08025,1.08133,2945.0
2024-03-24 21:30:00,FX:EURUSD,1.08133,1.08201,1.08114,1.08171,2595.0
2024-03-24 21:45:00,FX:EURUSD,1.08171,1.08184,1.08156,1.0816999999999999,1402.0
2024-03-24 22:00:00,FX:EURUSD,1.0816999999999999,1.08193,1.08157,1.08186,1486.0
2024-03-24 22:15:00,FX:EURUSD,1.08186,1.0818699999999999,1.08158,1.08173,1280.0
2024-03-24 22:30:00,FX:EURUSD,1.08173,1.08213,1.0816999999999999,1.08207,1157.0
2024-03-24 22:45:00,FX:EURUSD,1.08207,1.08222,1.08201,1.08216,1204.0
2024-03-24 23:00:00,FX:EURUSD,1.08216,1.08218,1.08182,1.08192,929.0
2024-03-24 23:15:00,FX:EURUSD,1.08192,1.08201,1.08163,1.08163,1159.0
2024-03-24 23:30:00,FX:EURUSD,1.08163,1.08168,1.08122,1.08129,1279.0
2024-03-24 23:45:00,FX:EURUSD,1.08129,1.08147,1.08115,1.08136,1171.0
2024-03-25 00:00:00,FX:EURUSD,1.08136,1.08141,1.0812,1.08124,927.0
2024-03-25 00:15:00,FX:EURUSD,1.08124,1.0812599999999999,1.08106,1.0812,1078.0
2024-03-25 00:30:00,FX:EURUSD,1.0812,1.08139,1.08114,1.08132,611.0
2024-03-25 00:45:00,FX:EURUSD,1.08132,1.08139,1.08118,1.08131,861.0
2024-03-25 01:00:00,FX:EURUSD,1.08131,1.08145,1.08123,1.08145,800.0
2024-03-25 01:15:00,FX:EURUSD,1.08145,1.08156,1.08139,1.08148,896.0
2024-03-25 01:30:00,FX:EURUSD,1.08148,1.08174,1.08146,1.08172,693.0
2024-03-25 01:45:00,FX:EURUSD,1.08172,1.08224,1.08148,1.08221,1563.0
2024-03-25 02:00:00,FX:EURUSD,1.08221,1.08221,1.08175,1.08193,1559.0
2024-03-25 02:15:00,FX:EURUSD,1.08193,1.08195,1.08172,1.08191,1289.0
2024-03-25 02:30:00,FX:EURUSD,1.08191,1.08191,1.08169,1.08181,953.0
2024-03-25 02:45:00,FX:EURUSD,1.08181,1.08185,1.08163,1.08174,1075.0
2024-03-25 03:00:00,FX:EURUSD,1.08174,1.08204,1.08149,1.08204,1162.0
2024-03-25 03:15:00,FX:EURUSD,1.08204,1.08204,1.08178,1.08184,1373.0
2024-03-25 03:30:00,FX:EURUSD,1.08184,1.08229,1.08162,1.08221,1542.0
2024-03-25 03:45:00,FX:EURUSD,1.08221,1.08229,1.08137,1.08138,2134.0
2024-03-25 04:00:00,FX:EURUSD,1.08138,1.0821,1.08118,1.0821,2055.0
2024-03-25 04:15:00,FX:EURUSD,1.0821,1.08237,1.08183,1.08195,1742.0
2024-03-25 04:30:00,FX:EURUSD,1.08195,1.08203,1.08071,1.08073,2357.0
2024-03-25 04:45:00,FX:EURUSD,1.08073,1.08147,1.08073,1.08137,1801.0
2024-03-25 05:00:00,FX:EURUSD,1.08137,1.08159,1.08116,1.08149,1518.0
2024-03-25 05:15:00,FX:EURUSD,1.08149,1.0819,1.08138,1.08174,1123.0
2024-03-25 05:30:00,FX:EURUSD,1.08174,1.08201,1.0815,1.08196,1350.0
2024-03-25 05:45:00,FX:EURUSD,1.08196,1.08216,1.08168,1.08177,1580.0
2024-03-25 06:00:00,FX:EURUSD,1.08177,1.08202,1.08166,1.08189,1672.0
2024-03-25 06:15:00,FX:EURUSD,1.08189,1.08219,1.08183,1.08196,1246.0
2024-03-25 06:30:00,FX:EURUSD,1.08196,1.08201,1.08174,1.08177,1359.0
2024-03-25 06:45:00,FX:EURUSD,1.08177,1.08195,1.08163,1.08177,1314.0
2024-03-25 07:00:00,FX:EURUSD,1.08177,1.08204,1.08163,1.082,1278.0
2024-03-25 07:15:00,FX:EURUSD,1.082,1.0823099999999999,1.08191,1.0823,1361.0
2024-03-25 07:30:00,FX:EURUSD,1.0823,1.08255,1.08223,1.08251,1397.0
2024-03-25 07:45:00,FX:EURUSD,1.08251,1.08295,1.08246,1.08284,1482.0
2024-03-25 08:00:00,FX:EURUSD,1.08284,1.0831,1.08279,1.08287,2186.0
2024-03-25 08:15:00,FX:EURUSD,1.08287,1.08322,1.08284,1.08314,1839.0
2024-03-25 08:30:00,FX:EURUSD,1.08314,1.08339,1.08299,1.08338,2111.0
2024-03-25 08:45:00,FX:EURUSD,1.08338,1.08339,1.08303,1.08306,2113.0
2024-03-25 09:00:00,FX:EURUSD,1.08306,1.08374,1.08295,1.0836999999999999,2333.0
2024-03-25 09:15:00,FX:EURUSD,1.0836999999999999,1.08372,1.0829199999999999,1.08293,2028.0
2024-03-25 09:30:00,FX:EURUSD,1.08293,1.08374,1.08291,1.08354,2542.0
2024-03-25 09:45:00,FX:EURUSD,1.08354,1.08378,1.08348,1.08349,1976.0
2024-03-25 10:00:00,FX:EURUSD,1.08349,1.08391,1.08338,1.0839,3076.0
2024-03-25 10:15:00,FX:EURUSD,1.0839,1.08424,1.08386,1.08413,2241.0
2024-03-25 10:30:00,FX:EURUSD,1.08413,1.08413,1.08361,1.08371,2237.0
2024-03-25 10:45:00,FX:EURUSD,1.08371,1.08401,1.08366,1.0839,2102.0
2024-03-25 11:00:00,FX:EURUSD,1.0839,1.08391,1.08315,1.08333,1899.0
2024-03-25 11:15:00,FX:EURUSD,1.08333,1.08348,1.08322,1.0833,1483.0
2024-03-25 11:30:00,FX:EURUSD,1.0833,1.08374,1.08329,1.08369,1724.0
2024-03-25 11:45:00,FX:EURUSD,1.08369,1.08388,1.08357,1.08366,2040.0
2024-03-25 12:00:00,FX:EURUSD,1.08366,1.08375,1.08331,1.08352,2120.0
2024-03-25 12:15:00,FX:EURUSD,1.08352,1.08371,1.08341,1.08369,1670.0
2024-03-25 12:30:00,FX:EURUSD,1.08369,1.0838,1.08346,1.08369,1417.0
2024-03-25 12:45:00,FX:EURUSD,1.08369,1.0836999999999999,1.08356,1.08365,1417.0
2024-03-25 13:00:00,FX:EURUSD,1.08365,1.08372,1.08346,1.0835,2125.0
2024-03-25 13:15:00,FX:EURUSD,1.0835,1.08371,1.08332,1.08371,1393.0
2024-03-25 13:30:00,FX:EURUSD,1.08371,1.08379,1.08359,1.08372,1121.0
2024-03-25 13:45:00,FX:EURUSD,1.08372,1.08377,1.08356,1.08364,1160.0
2024-03-25 14:00:00,FX:EURUSD,1.08364,1.0836999999999999,1.08349,1.08352,1299.0
2024-03-25 14:15:00,FX:EURUSD,1.08352,1.08369,1.08352,1.08366,925.0
2024-03-25 14:30:00,FX:EURUSD,1.08366,1.08368,1.0836,1.08362,894.0
2024-03-25 14:45:00,FX:EURUSD,1.08362,1.0836999999999999,1.08354,1.08359,1284.0
2024-03-25 15:00:00,FX:EURUSD,1.08359,1.08378,1.08356,1.08364,1630.0
2024-03-25 15:15:00,FX:EURUSD,1.08364,1.08389,1.08364,1.08387,1042.0
2024-03-25 15:30:00,FX:EURUSD,1.08387,1.084,1.08385,1.08396,1316.0
2024-03-25 15:45:00,FX:EURUSD,1.08396,1.08399,1.08389,1.08391,832.0
2024-03-25 16:00:00,FX:EURUSD,1.08391,1.08393,1.08387,1.08391,427.0
2024-03-25 16:15:00,FX:EURUSD,1.08391,1.08409,1.08383,1.08388,558.0
2024-03-25 16:30:00,FX:EURUSD,1.08388,1.08393,1.08372,1.08377,465.0
2024-03-25 16:45:00,FX:EURUSD,1.08377,1.08377,1.08356,1.08372,728.0
2024-03-25 17:00:00,FX:EURUSD,1.08372,1.08372,1.08355,1.08366,39.0
2024-03-25 17:15:00,FX:EURUSD,1.08366,1.08369,1.08315,1.08365,2047.0
2024-03-25 17:30:00,FX:EURUSD,1.08365,1.08369,1.08347,1.08361,5867.0
2024-03-25 17:45:00,FX:EURUSD,1.08361,1.08374,1.08349,1.08366,982.0
2024-03-25 18:00:00,FX:EURUSD,1.08366,1.08383,1.08365,1.08369,411.0
2024-03-25 18:15:00,FX:EURUSD,1.08369,1.08374,1.08367,1.08368,230.0
2024-03-25 18:30:00,FX:EURUSD,1.08368,1.08379,1.08367,1.08378,253.0
2024-03-25 18:45:00,FX:EURUSD,1.08378,1.0838,1.08368,1.08369,165.0
2024-03-25 19:00:00,FX:EURUSD,1.08369,1.08383,1.08361,1.08374,423.0
2024-03-25 19:15:00,FX:EURUSD,1.08374,1.0838,1.08362,1.08374,487.0
2024-03-25 19:30:00,FX:EURUSD,1.08374,1.08381,1.08374,1.08379,288.0
2024-03-25 19:45:00,FX:EURUSD,1.08379,1.08384,1.08366,1.08369,482.0
2024-03-25 20:00:00,FX:EURUSD,1.08369,1.08385,1.08361,1.0836999999999999,847.0
2024-03-25 20:15:00,FX:EURUSD,1.0836999999999999,1.08387,1.08363,1.08383,647.0
2024-03-25 20:30:00,FX:EURUSD,1.08383,1.08404,1.08379,1.08399,672.0
2024-03-25 20:45:00,FX:EURUSD,1.08399,1.08427,1.08399,1.08426,862.0
2024-03-25 21:00:00,FX:EURUSD,1.08426,1.08428,1.08401,1.08422,920.0
2024-03-25 21:15:00,FX:EURUSD,1.08422,1.08458,1.084,1.08415,1935.0
2024-03-25 21:30:00,FX:EURUSD,1.08415,1.08424,1.08395,1.08404,1702.0
2024-03-25 21:45:00,FX:EURUSD,1.08404,1.08412,1.08386,1.08405,1332.0
2024-03-25 22:00:00,FX:EURUSD,1.08405,1.08417,1.0839699999999999,1.08411,1235.0
2024-03-25 22:15:00,FX:EURUSD,1.08411,1.08437,1.0841,1.08436,1003.0
2024-03-25 22:30:00,FX:EURUSD,1.08436,1.08443,1.08423,1.08432,923.0
2024-03-25 22:45:00,FX:EURUSD,1.08432,1.08437,1.08417,1.08426,930.0
2024-03-25 23:00:00,FX:EURUSD,1.08426,1.08442,1.08407,1.08407,751.0
2024-03-25 23:15:00,FX:EURUSD,1.08407,1.08423,1.08407,1.0841399999999999,765.0
2024-03-25 23:30:00,FX:EURUSD,1.0841399999999999,1.08417,1.08357,1.08359,969.0
2024-03-25 23:45:00,FX:EURUSD,1.08359,1.08372,1.08359,1.08368,399.0
2024-03-26 00:00:00,FX:EURUSD,1.08368,1.08386,1.08364,1.08381,639.0
2024-03-26 00:15:00,FX:EURUSD,1.08381,1.08401,1.08375,1.0839699999999999,647.0
2024-03-26 00:30:00,FX:EURUSD,1.0839699999999999,1.08407,1.0839,1.08396,703.0
2024-03-26 00:45:00,FX:EURUSD,1.08396,1.08411,1.08391,1.08401,736.0
2024-03-26 01:00:00,FX:EURUSD,1.08401,1.08424,1.0839699999999999,1.08424,1017.0
2024-03-26 01:15:00,FX:EURUSD,1.08424,1.08435,1.0841399999999999,1.0843099999999999,564.0
2024-03-26 01:30:00,FX:EURUSD,1.0843099999999999,1.08446,1.08427,1.08446,726.0
2024-03-26 01:45:00,FX:EURUSD,1.08446,1.08481,1.08443,1.08471,770.0
2024-03-26 02:00:00,FX:EURUSD,1.08471,1.08495,1.08469,1.08485,875.0
2024-03-26 02:15:00,FX:EURUSD,1.08485,1.08496,1.08462,1.08496,1041.0
2024-03-26 02:30:00,FX:EURUSD,1.08496,1.0852,1.08495,1.085,1141.0
2024-03-26 02:45:00,FX:EURUSD,1.085,1.08517,1.08483,1.08507,1081.0
2024-03-26 03:00:00,FX:EURUSD,1.08507,1.08529,1.08489,1.08506,2000.0
2024-03-26 03:15:00,FX:EURUSD,1.08506,1.08507,1.08463,1.08474,1496.0
2024-03-26 03:30:00,FX:EURUSD,1.08474,1.08494,1.08425,1.08444,2722.0
2024-03-26 03:45:00,FX:EURUSD,1.08444,1.08456,1.08395,1.08422,2445.0
2024-03-26 04:00:00,FX:EURUSD,1.08422,1.0843,1.08386,1.08411,3470.0
2024-03-26 04:15:00,FX:EURUSD,1.08411,1.08462,1.084,1.08458,2437.0
2024-03-26 04:30:00,FX:EURUSD,1.08458,1.08516,1.08456,1.08495,2492.0
2024-03-26 04:45:00,FX:EURUSD,1.08495,1.08503,1.08453,1.08495,1966.0
2024-03-26 05:00:00,FX:EURUSD,1.08495,1.08505,1.08461,1.08471,2969.0
2024-03-26 05:15:00,FX:EURUSD,1.08471,1.08535,1.08455,1.08532,2366.0
2024-03-26 05:30:00,FX:EURUSD,1.08532,1.08558,1.08513,1.08524,2492.0
2024-03-26 05:45:00,FX:EURUSD,1.08524,1.08551,1.08518,1.0853599999999999,2359.0
2024-03-26 06:00:00,FX:EURUSD,1.0853599999999999,1.08594,1.08528,1.08589,2137.0
2024-03-26 06:15:00,FX:EURUSD,1.08589,1.08621,1.08571,1.08619,1991.0
2024-03-26 06:30:00,FX:EURUSD,1.08619,1.08643,1.08586,1.08594,2006.0
2024-03-26 06:45:00,FX:EURUSD,1.08594,1.08594,1.08548,1.08552,2159.0
2024-03-26 07:00:00,FX:EURUSD,1.08552,1.08592,1.08539,1.08562,1988.0
2024-03-26 07:15:00,FX:EURUSD,1.08562,1.0856999999999999,1.08533,1.08548,2015.0
2024-03-26 07:30:00,FX:EURUSD,1.08548,1.08598,1.08547,1.08582,2065.0
2024-03-26 07:45:00,FX:EURUSD,1.08582,1.08599,1.08566,1.08569,1998.0
2024-03-26 08:00:00,FX:EURUSD,1.08569,1.08581,1.0855299999999999,1.0858,1937.0
2024-03-26 08:15:00,FX:EURUSD,1.0858,1.08593,1.0849,1.08514,2523.0
2024-03-26 08:30:00,FX:EURUSD,1.08514,1.08562,1.08494,1.08508,3794.0
2024-03-26 08:45:00,FX:EURUSD,1.08508,1.08532,1.08484,1.0852,3091.0
2024-03-26 09:00:00,FX:EURUSD,1.0852,1.08584,1.0851,1.08574,2802.0
2024-03-26 09:15:00,FX:EURUSD,1.08574,1.08585,1.08503,1.08524,2214.0
2024-03-26 09:30:00,FX:EURUSD,1.08524,1.08533,1.08467,1.08505,3262.0
2024-03-26 09:45:00,FX:EURUSD,1.08505,1.0853599999999999,1.08478,1.08527,2585.0
2024-03-26 10:00:00,FX:EURUSD,1.08527,1.08548,1.08478,1.08484,3526.0
2024-03-26 10:15:00,FX:EURUSD,1.08484,1.08487,1.08412,1.08422,2999.0
2024-03-26 10:30:00,FX:EURUSD,1.08422,1.08459,1.08378,1.08429,3322.0
2024-03-26 10:45:00,FX:EURUSD,1.08429,1.08432,1.08381,1.0841,2785.0
2024-03-26 11:00:00,FX:EURUSD,1.0841,1.08416,1.08365,1.08374,2175.0
2024-03-26 11:15:00,FX:EURUSD,1.08374,1.08442,1.08368,1.0841399999999999,1988.0
2024-03-26 11:30:00,FX:EURUSD,1.0841399999999999,1.08416,1.08328,1.0833,2482.0
2024-03-26 11:45:00,FX:EURUSD,1.0833,1.08367,1.08251,1.08281,5189.0
2024-03-26 12:00:00,FX:EURUSD,1.08281,1.08321,1.08273,1.08289,3610.0
2024-03-26 12:15:00,FX:EURUSD,1.08289,1.08294,1.08242,1.08278,1541.0
2024-03-26 12:30:00,FX:EURUSD,1.08278,1.08297,1.08278,1.08291,1770.0
2024-03-26 12:45:00,FX:EURUSD,1.08291,1.08323,1.08282,1.08282,1769.0
2024-03-26 13:00:00,FX:EURUSD,1.08282,1.08348,1.08267,1.08347,2134.0
2024-03-26 13:15:00,FX:EURUSD,1.08347,1.08347,1.08322,1.08341,1060.0
2024-03-26 13:30:00,FX:EURUSD,1.08341,1.08356,1.0833,1.0833,1094.0
2024-03-26 13:45:00,FX:EURUSD,1.0833,1.08333,1.08303,1.08305,1162.0
2024-03-26 14:00:00,FX:EURUSD,1.08305,1.0832,1.08296,1.08299,1020.0
2024-03-26 14:15:00,FX:EURUSD,1.08299,1.08333,1.08298,1.08331,1140.0
2024-03-26 14:30:00,FX:EURUSD,1.08331,1.08346,1.08324,1.08346,1196.0
2024-03-26 14:45:00,FX:EURUSD,1.08346,1.08346,1.08317,1.08327,1247.0
2024-03-26 15:00:00,FX:EURUSD,1.08327,1.08348,1.08319,1.08341,954.0
2024-03-26 15:15:00,FX:EURUSD,1.08341,1.08348,1.0833,1.08331,886.0
2024-03-26 15:30:00,FX:EURUSD,1.08331,1.08342,1.08317,1.0833599999999999,1598.0
2024-03-26 15:45:00,FX:EURUSD,1.0833599999999999,1.0834,1.08284,1.08285,1519.0
2024-03-26 16:00:00,FX:EURUSD,1.08285,1.08303,1.08283,1.08295,700.0
2024-03-26 16:15:00,FX:EURUSD,1.08295,1.08308,1.0829199999999999,1.08305,435.0
2024-03-26 16:30:00,FX:EURUSD,1.08305,1.08316,1.08298,1.083,762.0
2024-03-26 16:45:00,FX:EURUSD,1.083,1.08318,1.08296,1.0831,743.0
2024-03-26 17:00:00,FX:EURUSD,1.0831,1.08312,1.083,1.08307,177.0
2024-03-26 17:15:00,FX:EURUSD,1.08307,1.08318,1.08306,1.08314,364.0
2024-03-26 17:30:00,FX:EURUSD,1.08314,1.08326,1.08314,1.08322,1966.0
2024-03-26 17:45:00,FX:EURUSD,1.08322,1.08325,1.08319,1.08322,1653.0
2024-03-26 18:00:00,FX:EURUSD,1.08322,1.08334,1.08317,1.08321,248.0
2024-03-26 18:15:00,FX:EURUSD,1.08321,1.08326,1.08321,1.08324,109.0
2024-03-26 18:30:00,FX:EURUSD,1.08324,1.08326,1.08318,1.08324,243.0
2024-03-26 18:45:00,FX:EURUSD,1.08324,1.08328,1.08322,1.08326,257.0
2024-03-26 19:00:00,FX:EURUSD,1.08326,1.0833,1.08323,1.08329,521.0
2024-03-26 19:15:00,FX:EURUSD,1.08329,1.0833,1.0830899999999999,1.0831,664.0
2024-03-26 19:30:00,FX:EURUSD,1.0831,1.08327,1.08303,1.08326,613.0
2024-03-26 19:45:00,FX:EURUSD,1.08326,1.08328,1.08314,1.08323,446.0
2024-03-26 20:00:00,FX:EURUSD,1.08323,1.08327,1.08315,1.08321,915.0
2024-03-26 20:15:00,FX:EURUSD,1.08321,1.08321,1.08285,1.083,1027.0
2024-03-26 20:30:00,FX:EURUSD,1.083,1.083,1.08273,1.08293,1385.0
2024-03-26 20:45:00,FX:EURUSD,1.08293,1.08313,1.08287,1.08294,1179.0
2024-03-26 21:00:00,FX:EURUSD,1.08294,1.08305,1.08289,1.08302,1362.0
2024-03-26 21:15:00,FX:EURUSD,1.08302,1.08307,1.08238,1.08246,1797.0
2024-03-26 21:30:00,FX:EURUSD,1.08246,1.0825,1.08204,1.08224,2057.0
2024-03-26 21:45:00,FX:EURUSD,1.08224,1.08236,1.0821399999999999,1.08233,1529.0
2024-03-26 22:00:00,FX:EURUSD,1.08233,1.08251,1.08233,1.0824799999999999,1472.0
2024-03-26 22:15:00,FX:EURUSD,1.0824799999999999,1.08251,1.0824,1.0825,1087.0
2024-03-26 22:30:00,FX:EURUSD,1.0825,1.08277,1.08247,1.0826,1750.0
2024-03-26 22:45:00,FX:EURUSD,1.0826,1.08278,1.08254,1.08258,1050.0
2024-03-26 23:00:00,FX:EURUSD,1.08258,1.08269,1.08241,1.08259,1610.0
2024-03-26 23:15:00,FX:EURUSD,1.08259,1.08279,1.08252,1.08271,1735.0
2024-03-26 23:30:00,FX:EURUSD,1.08271,1.08277,1.0825,1.0826,1345.0
2024-03-26 23:45:00,FX:EURUSD,1.0826,1.0827,1.08255,1.08261,1027.0
2024-03-27 00:00:00,FX:EURUSD,1.08261,1.08293,1.08261,1.08291,867.0
2024-03-27 00:15:00,FX:EURUSD,1.08291,1.08299,1.08286,1.08296,688.0
2024-03-27 00:30:00,FX:EURUSD,1.08296,1.08302,1.0829,1.08295,620.0
2024-03-27 00:45:00,FX:EURUSD,1.08295,1.08303,1.08293,1.08298,636.0
2024-03-27 01:00:00,FX:EURUSD,1.08298,1.08298,1.08284,1.08285,876.0
2024-03-27 01:15:00,FX:EURUSD,1.08285,1.08285,1.08272,1.08277,584.0
2024-03-27 01:30:00,FX:EURUSD,1.08277,1.08293,1.0827499999999999,1.08284,1006.0
2024-03-27 01:45:00,FX:EURUSD,1.08284,1.0829199999999999,1.08253,1.08261,965.0
2024-03-27 02:00:00,FX:EURUSD,1.08261,1.08297,1.08245,1.08284,1539.0
2024-03-27 02:15:00,FX:EURUSD,1.08284,1.08296,1.0824799999999999,1.08261,1288.0
2024-03-27 02:30:00,FX:EURUSD,1.08261,1.0829199999999999,1.0826,1.08291,1149.0
2024-03-27 02:45:00,FX:EURUSD,1.08291,1.08326,1.08291,1.08322,1466.0
2024-03-27 03:00:00,FX:EURUSD,1.08322,1.08322,1.08282,1.08297,1712.0
2024-03-27 03:15:00,FX:EURUSD,1.08297,1.08338,1.08264,1.08273,2200.0
2024-03-27 03:30:00,FX:EURUSD,1.08273,1.0829199999999999,1.08239,1.08263,2686.0
2024-03-27 03:45:00,FX:EURUSD,1.08263,1.08277,1.08229,1.08264,2656.0
2024-03-27 04:00:00,FX:EURUSD,1.08264,1.08279,1.08212,1.0825,2918.0
2024-03-27 04:15:00,FX:EURUSD,1.0825,1.08264,1.08233,1.08241,2186.0
2024-03-27 04:30:00,FX:EURUSD,1.08241,1.0827499999999999,1.08236,1.08266,1638.0
2024-03-27 04:45:00,FX:EURUSD,1.08266,1.08304,1.08263,1.08286,2458.0
2024-03-27 05:00:00,FX:EURUSD,1.08286,1.0836999999999999,1.0827499999999999,1.08364,4293.0
2024-03-27 05:15:00,FX:EURUSD,1.08364,1.0839,1.08351,1.08356,2880.0
2024-03-27 05:30:00,FX:EURUSD,1.08356,1.08359,1.08305,1.08306,3088.0
2024-03-27 05:45:00,FX:EURUSD,1.08306,1.08311,1.08266,1.0827499999999999,2859.0
2024-03-27 06:00:00,FX:EURUSD,1.0827499999999999,1.08295,1.08261,1.08283,1965.0
2024-03-27 06:15:00,FX:EURUSD,1.08283,1.08302,1.08261,1.08293,1811.0
2024-03-27 06:30:00,FX:EURUSD,1.08293,1.08343,1.0829,1.08315,2307.0
2024-03-27 06:45:00,FX:EURUSD,1.08315,1.08348,1.08305,1.08328,2141.0
2024-03-27 07:00:00,FX:EURUSD,1.08328,1.0833599999999999,1.08297,1.0832,2283.0
2024-03-27 07:15:00,FX:EURUSD,1.0832,1.08338,1.08311,1.08329,2214.0
2024-03-27 07:30:00,FX:EURUSD,1.08329,1.08352,1.08288,1.08288,1795.0
2024-03-27 07:45:00,FX:EURUSD,1.08288,1.08289,1.08179,1.08208,1859.0
2024-03-27 08:00:00,FX:EURUSD,1.08208,1.08217,1.08151,1.08172,2441.0
2024-03-27 08:15:00,FX:EURUSD,1.08172,1.08199,1.08165,1.08169,2106.0
2024-03-27 08:30:00,FX:EURUSD,1.08169,1.08195,1.08157,1.08176,2392.0
2024-03-27 08:45:00,FX:EURUSD,1.08176,1.08204,1.08174,1.08188,2643.0
2024-03-27 09:00:00,FX:EURUSD,1.08188,1.0819,1.08149,1.08163,2695.0
2024-03-27 09:15:00,FX:EURUSD,1.08163,1.08189,1.08149,1.08174,2956.0
2024-03-27 09:30:00,FX:EURUSD,1.08174,1.08174,1.08107,1.08127,3562.0
2024-03-27 09:45:00,FX:EURUSD,1.08127,1.08193,1.08127,1.08168,3001.0
2024-03-27 10:00:00,FX:EURUSD,1.08168,1.08179,1.08137,1.08147,3361.0
2024-03-27 10:15:00,FX:EURUSD,1.08147,1.08186,1.08142,1.08156,3564.0
2024-03-27 10:30:00,FX:EURUSD,1.08156,1.0821399999999999,1.08156,1.08182,2833.0
2024-03-27 10:45:00,FX:EURUSD,1.08182,1.08194,1.08139,1.08146,3086.0
2024-03-27 11:00:00,FX:EURUSD,1.08146,1.08205,1.08137,1.08203,2617.0
2024-03-27 11:15:00,FX:EURUSD,1.08203,1.0821399999999999,1.08173,1.08189,2385.0
2024-03-27 11:30:00,FX:EURUSD,1.08189,1.08224,1.08184,1.08198,2495.0
2024-03-27 11:45:00,FX:EURUSD,1.08198,1.08225,1.0818,1.08202,3548.0
2024-03-27 12:00:00,FX:EURUSD,1.08202,1.08236,1.08201,1.0821,2374.0
2024-03-27 12:15:00,FX:EURUSD,1.0821,1.08213,1.0818699999999999,1.0821,2115.0
2024-03-27 12:30:00,FX:EURUSD,1.0821,1.08237,1.08209,1.08236,2358.0
2024-03-27 12:45:00,FX:EURUSD,1.08236,1.08257,1.08224,1.0823099999999999,1452.0
2024-03-27 13:00:00,FX:EURUSD,1.0823099999999999,1.0825,1.08174,1.08174,2567.0
2024-03-27 13:15:00,FX:EURUSD,1.08174,1.08212,1.08174,1.08204,1537.0
2024-03-27 13:30:00,FX:EURUSD,1.08204,1.08221,1.08186,1.08202,2036.0
2024-03-27 13:45:00,FX:EURUSD,1.08202,1.08217,1.0819,1.08191,1990.0
2024-03-27 14:00:00,FX:EURUSD,1.08191,1.08205,1.08184,1.08199,1328.0
2024-03-27 14:15:00,FX:EURUSD,1.08199,1.08206,1.0819,1.08198,1487.0
2024-03-27 14:30:00,FX:EURUSD,1.08198,1.08218,1.08196,1.0821399999999999,1519.0
2024-03-27 14:45:00,FX:EURUSD,1.0821399999999999,1.0823099999999999,1.08205,1.08222,1732.0
2024-03-27 15:00:00,FX:EURUSD,1.08222,1.0823,1.08205,1.08212,1664.0
2024-03-27 15:15:00,FX:EURUSD,1.08212,1.08233,1.08207,1.08232,2144.0
2024-03-27 15:30:00,FX:EURUSD,1.08232,1.08249,1.08229,1.08245,1265.0
2024-03-27 15:45:00,FX:EURUSD,1.08245,1.0827499999999999,1.08229,1.08271,2137.0
2024-03-27 16:00:00,FX:EURUSD,1.08271,1.0829,1.08262,1.0827499999999999,843.0
2024-03-27 16:15:00,FX:EURUSD,1.0827499999999999,1.08283,1.0827,1.08277,346.0
2024-03-27 16:30:00,FX:EURUSD,1.08277,1.08286,1.0827,1.0828,774.0
2024-03-27 16:45:00,FX:EURUSD,1.0828,1.08283,1.08273,1.08278,560.0
2024-03-27 17:00:00,FX:EURUSD,1.08278,1.08278,1.08219,1.0826,223.0
2024-03-27 17:15:00,FX:EURUSD,1.0826,1.08273,1.08256,1.08265,687.0
2024-03-27 17:30:00,FX:EURUSD,1.08265,1.08271,1.0826,1.08263,939.0
2024-03-27 17:45:00,FX:EURUSD,1.08263,1.08271,1.08259,1.08261,1239.0
2024-03-27 18:00:00,FX:EURUSD,1.08261,1.08261,1.08124,1.08125,1285.0
2024-03-27 18:15:00,FX:EURUSD,1.08125,1.08168,1.08125,1.08167,476.0
2024-03-27 18:30:00,FX:EURUSD,1.08167,1.0816999999999999,1.08134,1.08155,429.0
2024-03-27 18:45:00,FX:EURUSD,1.08155,1.08159,1.08102,1.08135,728.0
2024-03-27 19:00:00,FX:EURUSD,1.08135,1.08141,1.08111,1.08125,1132.0
2024-03-27 19:15:00,FX:EURUSD,1.08125,1.08149,1.08119,1.08134,813.0
2024-03-27 19:30:00,FX:EURUSD,1.08134,1.08149,1.08128,1.08129,574.0
2024-03-27 19:45:00,FX:EURUSD,1.08129,1.08139,1.08121,1.08125,932.0
2024-03-27 20:00:00,FX:EURUSD,1.08125,1.08141,1.08078,1.08085,1838.0
2024-03-27 20:15:00,FX:EURUSD,1.08085,1.0815,1.0808,1.08137,1258.0
2024-03-27 20:30:00,FX:EURUSD,1.08137,1.08157,1.08137,1.08145,1017.0
2024-03-27 20:45:00,FX:EURUSD,1.08145,1.08203,1.08145,1.08175,1941.0
2024-03-27 21:00:00,FX:EURUSD,1.08175,1.0818,1.08156,1.08176,1057.0
2024-03-27 21:15:00,FX:EURUSD,1.08176,1.0818699999999999,1.08158,1.08181,930.0
2024-03-27 21:30:00,FX:EURUSD,1.08181,1.08191,1.08149,1.08156,1702.0
2024-03-27 21:45:00,FX:EURUSD,1.08156,1.08185,1.08154,1.08178,1488.0
2024-03-27 22:00:00,FX:EURUSD,1.08178,1.08228,1.08175,1.08228,1304.0
2024-03-27 22:15:00,FX:EURUSD,1.08228,1.0825,1.08228,1.08245,1616.0
2024-03-27 22:30:00,FX:EURUSD,1.08245,1.0826,1.08226,1.08227,1067.0
2024-03-27 22:45:00,FX:EURUSD,1.08227,1.08232,1.08208,1.08223,1263.0
2024-03-27 23:00:00,FX:EURUSD,1.08223,1.08237,1.08212,1.08237,733.0
2024-03-27 23:15:00,FX:EURUSD,1.08237,1.08242,1.08226,1.08236,808.0
2024-03-27 23:30:00,FX:EURUSD,1.08236,1.08238,1.08225,1.0823,692.0
2024-03-27 23:45:00,FX:EURUSD,1.0823,1.0823,1.08213,1.08216,570.0
2024-03-28 00:00:00,FX:EURUSD,1.08216,1.08225,1.08204,1.08224,561.0
2024-03-28 00:15:00,FX:EURUSD,1.08224,1.08243,1.08223,1.08234,599.0
2024-03-28 00:30:00,FX:EURUSD,1.08234,1.08235,1.0822,1.08227,665.0
2024-03-28 00:45:00,FX:EURUSD,1.08227,1.0824,1.08227,1.08235,551.0
2024-03-28 01:00:00,FX:EURUSD,1.08235,1.0824,1.08224,1.08226,786.0
2024-03-28 01:15:00,FX:EURUSD,1.08226,1.08239,1.08219,1.08235,814.0
2024-03-28 01:30:00,FX:EURUSD,1.08235,1.08257,1.08234,1.08255,1166.0
2024-03-28 01:45:00,FX:EURUSD,1.08255,1.08265,1.08233,1.08238,1387.0
2024-03-28 02:00:00,FX:EURUSD,1.08238,1.0824,1.08207,1.08211,1292.0
2024-03-28 02:15:00,FX:EURUSD,1.08211,1.08219,1.08201,1.08211,1237.0
2024-03-28 02:30:00,FX:EURUSD,1.08211,1.0821399999999999,1.08182,1.0819,1012.0
2024-03-28 02:45:00,FX:EURUSD,1.0819,1.08191,1.0815,1.08179,1356.0
2024-03-28 03:00:00,FX:EURUSD,1.08179,1.08185,1.08114,1.0812,2264.0
2024-03-28 03:15:00,FX:EURUSD,1.0812,1.0813,1.08029,1.08042,2657.0
2024-03-28 03:30:00,FX:EURUSD,1.08042,1.08055,1.08013,1.08052,2375.0
2024-03-28 03:45:00,FX:EURUSD,1.08052,1.08055,1.08002,1.08008,2009.0
2024-03-28 04:00:00,FX:EURUSD,1.08008,1.08021,1.07897,1.07916,3904.0
2024-03-28 04:15:00,FX:EURUSD,1.07916,1.07942,1.07897,1.07922,2659.0
2024-03-28 04:30:00,FX:EURUSD,1.07922,1.07942,1.07904,1.07914,2101.0
2024-03-28 04:45:00,FX:EURUSD,1.07914,1.07928,1.07901,1.07919,1983.0
2024-03-28 05:00:00,FX:EURUSD,1.07919,1.0792,1.07812,1.07814,3093.0
2024-03-28 05:15:00,FX:EURUSD,1.07814,1.07814,1.07771,1.07796,2843.0
2024-03-28 05:30:00,FX:EURUSD,1.07796,1.0782,1.07794,1.07801,1970.0
2024-03-28 05:45:00,FX:EURUSD,1.07801,1.07803,1.0775,1.07754,2395.0
2024-03-28 06:00:00,FX:EURUSD,1.07754,1.07815,1.07751,1.07806,2159.0
2024-03-28 06:15:00,FX:EURUSD,1.07806,1.07861,1.07805,1.07857,2849.0
2024-03-28 06:30:00,FX:EURUSD,1.07857,1.07929,1.07856,1.07908,2453.0
2024-03-28 06:45:00,FX:EURUSD,1.07908,1.07922,1.07887,1.07891,2233.0
2024-03-28 07:00:00,FX:EURUSD,1.07891,1.07919,1.07888,1.07905,1564.0
2024-03-28 07:15:00,FX:EURUSD,1.07905,1.07948,1.07903,1.07937,1623.0
2024-03-28 07:30:00,FX:EURUSD,1.07937,1.07946,1.07888,1.0789,1760.0
2024-03-28 07:45:00,FX:EURUSD,1.0789,1.07891,1.07824,1.07839,1934.0
2024-03-28 08:00:00,FX:EURUSD,1.07839,1.07897,1.07835,1.07879,1888.0
2024-03-28 08:15:00,FX:EURUSD,1.07879,1.07895,1.07855,1.07891,2047.0
2024-03-28 08:30:00,FX:EURUSD,1.07891,1.0795299999999999,1.07858,1.07952,6103.0
2024-03-28 08:45:00,FX:EURUSD,1.07952,1.08089,1.0792599999999999,1.08082,5930.0
2024-03-28 09:00:00,FX:EURUSD,1.08082,1.0818,1.08074,1.08088,5178.0
2024-03-28 09:15:00,FX:EURUSD,1.08088,1.08097,1.08052,1.08076,2772.0
2024-03-28 09:30:00,FX:EURUSD,1.08076,1.08099,1.08027,1.08057,3456.0
2024-03-28 09:45:00,FX:EURUSD,1.08057,1.08158,1.08052,1.08121,4011.0
2024-03-28 10:00:00,FX:EURUSD,1.08121,1.0818699999999999,1.08063,1.08071,6474.0
2024-03-28 10:15:00,FX:EURUSD,1.08071,1.08075,1.08028,1.08047,3195.0
2024-03-28 10:30:00,FX:EURUSD,1.08047,1.08085,1.08036,1.08067,3260.0
2024-03-28 10:45:00,FX:EURUSD,1.08067,1.08079,1.07976,1.08002,3504.0
2024-03-28 11:00:00,FX:EURUSD,1.08002,1.08002,1.07939,1.07966,3359.0
2024-03-28 11:15:00,FX:EURUSD,1.07966,1.08029,1.0795,1.08013,2991.0
2024-03-28 11:30:00,FX:EURUSD,1.08013,1.08052,1.08001,1.08024,2661.0
2024-03-28 11:45:00,FX:EURUSD,1.08024,1.08074,1.0795,1.08013,5576.0
2024-03-28 12:00:00,FX:EURUSD,1.08013,1.08013,1.07928,1.07967,4116.0
2024-03-28 12:15:00,FX:EURUSD,1.07967,1.08034,1.07966,1.08027,2615.0
2024-03-28 12:30:00,FX:EURUSD,1.08027,1.08052,1.08008,1.08034,2075.0
2024-03-28 12:45:00,FX:EURUSD,1.08034,1.08052,1.07986,1.07993,1990.0
2024-03-28 13:00:00,FX:EURUSD,1.07993,1.08018,1.07981,1.08002,2401.0
2024-03-28 13:15:00,FX:EURUSD,1.08002,1.08002,1.0796999999999999,1.07982,1587.0
2024-03-28 13:30:00,FX:EURUSD,1.07982,1.07984,1.07956,1.07957,1351.0
2024-03-28 13:45:00,FX:EURUSD,1.07957,1.07984,1.0795,1.07962,1259.0
2024-03-28 14:00:00,FX:EURUSD,1.07962,1.07985,1.07931,1.07933,1837.0
2024-03-28 14:15:00,FX:EURUSD,1.07933,1.07939,1.07912,1.07919,1284.0
2024-03-28 14:30:00,FX:EURUSD,1.07919,1.07933,1.07906,1.07914,1044.0
2024-03-28 14:45:00,FX:EURUSD,1.07914,1.07915,1.07859,1.07872,1187.0
2024-03-28 15:00:00,FX:EURUSD,1.07872,1.07885,1.07856,1.07857,1429.0
2024-03-28 15:15:00,FX:EURUSD,1.07857,1.07884,1.07846,1.07884,1384.0
2024-03-28 15:30:00,FX:EURUSD,1.07884,1.0789,1.07873,1.07876,1349.0
2024-03-28 15:45:00,FX:EURUSD,1.07876,1.07893,1.07867,1.07879,1813.0
2024-03-28 16:00:00,FX:EURUSD,1.07879,1.07881,1.0785,1.07866,1000.0
2024-03-28 16:15:00,FX:EURUSD,1.07866,1.07875,1.07862,1.07875,777.0
2024-03-28 16:30:00,FX:EURUSD,1.07875,1.07885,1.07872,1.07878,804.0
2024-03-28 16:45:00,FX:EURUSD,1.07878,1.07889,1.07859,1.07861,991.0
2024-03-28 17:00:00,FX:EURUSD,1.07861,1.07894,1.0783099999999999,1.07873,232.0
2024-03-28 17:15:00,FX:EURUSD,1.07873,1.07894,1.07862,1.0786499999999999,1722.0
2024-03-28 17:30:00,FX:EURUSD,1.0786499999999999,1.07897,1.0786499999999999,1.07878,4498.0
2024-03-28 17:45:00,FX:EURUSD,1.07878,1.07889,1.07872,1.07873,3624.0
2024-03-28 18:00:00,FX:EURUSD,1.07873,1.07951,1.07859,1.07896,1550.0
2024-03-28 18:15:00,FX:EURUSD,1.07896,1.07915,1.07856,1.0788,2795.0
2024-03-28 18:30:00,FX:EURUSD,1.0788,1.0791,1.07875,1.07891,773.0
2024-03-28 18:45:00,FX:EURUSD,1.07891,1.07896,1.07868,1.07869,594.0
2024-03-28 19:00:00,FX:EURUSD,1.07869,1.07893,1.07859,1.07874,803.0
2024-03-28 19:15:00,FX:EURUSD,1.07874,1.07916,1.07867,1.07906,1352.0
2024-03-28 19:30:00,FX:EURUSD,1.07906,1.07907,1.07882,1.07887,2457.0
2024-03-28 19:45:00,FX:EURUSD,1.07887,1.07921,1.07884,1.07907,2008.0
2024-03-28 20:00:00,FX:EURUSD,1.07907,1.07912,1.07876,1.07885,1843.0
2024-03-28 20:15:00,FX:EURUSD,1.07885,1.07886,1.07849,1.07864,1045.0
2024-03-28 20:30:00,FX:EURUSD,1.07864,1.07874,1.07847,1.07874,2017.0
2024-03-28 20:45:00,FX:EURUSD,1.07874,1.0790899999999999,1.07834,1.07836,3172.0
2024-03-28 21:00:00,FX:EURUSD,1.07836,1.07847,1.07828,1.0783,935.0
2024-03-28 21:15:00,FX:EURUSD,1.0783,1.0784,1.0780399999999999,1.0780399999999999,1410.0
2024-03-28 21:30:00,FX:EURUSD,1.0780399999999999,1.07809,1.07789,1.07789,1441.0
2024-03-28 21:45:00,FX:EURUSD,1.07789,1.07802,1.07758,1.07758,809.0
2024-03-28 22:00:00,FX:EURUSD,1.07758,1.07775,1.07738,1.07767,1243.0
2024-03-28 22:15:00,FX:EURUSD,1.07767,1.07792,1.07749,1.07764,2415.0
2024-03-28 22:30:00,FX:EURUSD,1.07764,1.07795,1.07762,1.07786,2155.0
2024-03-28 22:45:00,FX:EURUSD,1.07786,1.07791,1.07758,1.07788,1297.0
2024-03-28 23:00:00,FX:EURUSD,1.07788,1.07795,1.07772,1.07779,1092.0
2024-03-28 23:15:00,FX:EURUSD,1.07779,1.0778,1.0775,1.07754,568.0
2024-03-28 23:30:00,FX:EURUSD,1.07754,1.07756,1.07751,1.07751,355.0
2024-03-28 23:45:00,FX:EURUSD,1.07751,1.07753,1.07745,1.07746,269.0
2024-03-29 00:00:00,FX:EURUSD,1.07746,1.0776,1.07746,1.07755,140.0
2024-03-29 00:15:00,FX:EURUSD,1.07755,1.07767,1.07754,1.07761,614.0
2024-03-29 00:30:00,FX:EURUSD,1.07761,1.07765,1.07748,1.07754,1259.0
2024-03-29 00:45:00,FX:EURUSD,1.07754,1.0776999999999999,1.07749,1.07766,680.0
2024-03-29 01:00:00,FX:EURUSD,1.07766,1.07777,1.07761,1.07764,716.0
2024-03-29 01:15:00,FX:EURUSD,1.07764,1.07766,1.07738,1.07746,703.0
2024-03-29 01:30:00,FX:EURUSD,1.07746,1.07754,1.07745,1.0775,430.0
2024-03-29 01:45:00,FX:EURUSD,1.0775,1.07754,1.07748,1.0775,691.0
2024-03-29 02:00:00,FX:EURUSD,1.0775,1.07755,1.07744,1.07748,825.0
2024-03-29 02:15:00,FX:EURUSD,1.07748,1.07753,1.07742,1.07746,682.0
2024-03-29 02:30:00,FX:EURUSD,1.07746,1.07767,1.07742,1.07756,795.0
2024-03-29 02:45:00,FX:EURUSD,1.07756,1.07762,1.07753,1.07759,549.0
2024-03-29 03:00:00,FX:EURUSD,1.07759,1.07777,1.07757,1.07771,616.0
2024-03-29 03:15:00,FX:EURUSD,1.07771,1.07777,1.07768,1.07772,742.0
2024-03-29 03:30:00,FX:EURUSD,1.07772,1.07805,1.07771,1.07795,1176.0
2024-03-29 03:45:00,FX:EURUSD,1.07795,1.07811,1.07677,1.07681,1665.0
2024-03-29 04:00:00,FX:EURUSD,1.07681,1.07716,1.07679,1.0771,873.0
2024-03-29 04:15:00,FX:EURUSD,1.0771,1.07739,1.07704,1.07732,1429.0
2024-03-29 04:30:00,FX:EURUSD,1.07732,1.07751,1.07717,1.07745,1603.0
2024-03-29 04:45:00,FX:EURUSD,1.07745,1.07788,1.0774,1.07785,1577.0
2024-03-29 05:00:00,FX:EURUSD,1.07785,1.0778699999999999,1.07742,1.07748,727.0
2024-03-29 05:15:00,FX:EURUSD,1.07748,1.07759,1.07724,1.07737,1232.0
2024-03-29 05:30:00,FX:EURUSD,1.07737,1.07777,1.07727,1.07772,2593.0
2024-03-29 05:45:00,FX:EURUSD,1.07772,1.07823,1.07758,1.07823,2828.0
2024-03-29 06:00:00,FX:EURUSD,1.07823,1.07843,1.07811,1.07826,1373.0
2024-03-29 06:15:00,FX:EURUSD,1.07826,1.07866,1.0780399999999999,1.07834,1836.0
2024-03-29 06:30:00,FX:EURUSD,1.07834,1.07886,1.07824,1.07836,1829.0
2024-03-29 06:45:00,FX:EURUSD,1.07836,1.07843,1.07815,1.07836,1457.0
2024-03-29 07:00:00,FX:EURUSD,1.07836,1.07876,1.07828,1.07856,2188.0
2024-03-29 07:15:00,FX:EURUSD,1.07856,1.07918,1.07855,1.07886,1832.0
2024-03-29 07:30:00,FX:EURUSD,1.07886,1.07904,1.07867,1.07873,2089.0
2024-03-29 07:45:00,FX:EURUSD,1.07873,1.07881,1.07861,1.07867,936.0
2024-03-29 08:00:00,FX:EURUSD,1.07867,1.07877,1.0786,1.07864,680.0
2024-03-29 08:15:00,FX:EURUSD,1.07864,1.07873,1.07778,1.07778,937.0
2024-03-29 08:30:00,FX:EURUSD,1.07778,1.08047,1.07778,1.07976,4924.0
2024-03-29 08:45:00,FX:EURUSD,1.07976,1.07984,1.07921,1.0798,2119.0
2024-03-29 09:00:00,FX:EURUSD,1.0798,1.07997,1.07977,1.07994,747.0
2024-03-29 09:15:00,FX:EURUSD,1.07994,1.08037,1.07976,1.07984,3788.0
2024-03-29 09:30:00,FX:EURUSD,1.07984,1.07989,1.07935,1.07945,2207.0
2024-03-29 09:45:00,FX:EURUSD,1.07945,1.07992,1.07941,1.07978,1160.0
2024-03-29 10:00:00,FX:EURUSD,1.07978,1.07995,1.07959,1.07975,1959.0
2024-03-29 10:15:00,FX:EURUSD,1.07975,1.07979,1.07961,1.07961,583.0
2024-03-29 10:30:00,FX:EURUSD,1.07961,1.07969,1.07939,1.07951,572.0
2024-03-29 10:45:00,FX:EURUSD,1.07951,1.07965,1.07932,1.07944,1544.0
2024-03-29 11:00:00,FX:EURUSD,1.07944,1.07951,1.07873,1.07889,2825.0
2024-03-29 11:15:00,FX:EURUSD,1.07889,1.0792,1.07877,1.07899,1918.0
2024-03-29 11:30:00,FX:EURUSD,1.07899,1.07914,1.07891,1.07898,1783.0
2024-03-29 11:45:00,FX:EURUSD,1.07898,1.07925,1.07882,1.07922,2632.0
2024-03-29 12:00:00,FX:EURUSD,1.07922,1.07928,1.07882,1.07882,679.0
2024-03-29 12:15:00,FX:EURUSD,1.07882,1.07895,1.07879,1.07883,546.0
2024-03-29 12:30:00,FX:EURUSD,1.07883,1.07883,1.07868,1.07872,1074.0
2024-03-29 12:45:00,FX:EURUSD,1.07872,1.07881,1.0786499999999999,1.0788,1258.0
2024-03-29 13:00:00,FX:EURUSD,1.0788,1.07893,1.07879,1.07882,874.0
2024-03-29 13:15:00,FX:EURUSD,1.07882,1.0789,1.07877,1.07882,1252.0
2024-03-29 13:30:00,FX:EURUSD,1.07882,1.07889,1.07876,1.07877,402.0
2024-03-29 13:45:00,FX:EURUSD,1.07877,1.07891,1.07874,1.07883,575.0
2024-03-29 14:00:00,FX:EURUSD,1.07883,1.079,1.07878,1.07886,1368.0
2024-03-29 14:15:00,FX:EURUSD,1.07886,1.07903,1.07884,1.0789199999999999,875.0
2024-03-29 14:30:00,FX:EURUSD,1.0789199999999999,1.07903,1.07891,1.07897,643.0
2024-03-29 14:45:00,FX:EURUSD,1.07897,1.07903,1.0789,1.07898,545.0
2024-03-29 15:00:00,FX:EURUSD,1.07898,1.07899,1.07881,1.07891,374.0
2024-03-29 15:15:00,FX:EURUSD,1.07891,1.07925,1.0789,1.0792,962.0
2024-03-29 15:30:00,FX:EURUSD,1.0792,1.07933,1.07913,1.07919,831.0
2024-03-29 15:45:00,FX:EURUSD,1.07919,1.07922,1.07885,1.07885,726.0
2024-03-29 16:00:00,FX:EURUSD,1.07885,1.07912,1.07874,1.07891,812.0
2024-03-29 16:15:00,FX:EURUSD,1.07891,1.07927,1.07876,1.0792,2755.0
2024-03-29 16:30:00,FX:EURUSD,1.0792,1.07942,1.07882,1.07924,3204.0
2024-03-29 16:45:00,FX:EURUSD,1.07924,1.07928,1.07883,1.07894,278.0
2024-03-31 17:00:00,FX:EURUSD,1.07843,1.07922,1.07843,1.07902,156.0
2024-03-31 17:15:00,FX:EURUSD,1.07902,1.07929,1.07896,1.07922,290.0
2024-03-31 17:30:00,FX:EURUSD,1.07922,1.07922,1.07895,1.07895,387.0
2024-03-31 17:45:00,FX:EURUSD,1.07895,1.07912,1.07877,1.07906,513.0
2024-03-31 18:00:00,FX:EURUSD,1.07906,1.07968,1.07843,1.07948,1494.0
2024-03-31 18:15:00,FX:EURUSD,1.07948,1.07965,1.07923,1.07935,805.0
2024-03-31 18:30:00,FX:EURUSD,1.07935,1.07936,1.07882,1.07887,597.0
2024-03-31 18:45:00,FX:EURUSD,1.07887,1.07887,1.07855,1.07867,563.0
2024-03-31 19:00:00,FX:EURUSD,1.07867,1.07879,1.07855,1.07872,656.0
2024-03-31 19:15:00,FX:EURUSD,1.07872,1.07908,1.0787,1.07906,840.0
2024-03-31 19:30:00,FX:EURUSD,1.07906,1.07939,1.07906,1.07931,1352.0
2024-03-31 19:45:00,FX:EURUSD,1.07931,1.07946,1.07913,1.07931,2016.0
2024-03-31 20:00:00,FX:EURUSD,1.07931,1.07963,1.07917,1.07952,2401.0
2024-03-31 20:15:00,FX:EURUSD,1.07952,1.07983,1.07944,1.07969,1473.0
2024-03-31 20:30:00,FX:EURUSD,1.07969,1.0798699999999999,1.07949,1.07955,1731.0
2024-03-31 20:45:00,FX:EURUSD,1.07955,1.07966,1.07901,1.07913,2119.0
2024-03-31 21:00:00,FX:EURUSD,1.07913,1.07946,1.07898,1.07933,1626.0
2024-03-31 21:15:00,FX:EURUSD,1.07933,1.07942,1.07911,1.07923,1449.0
2024-03-31 21:30:00,FX:EURUSD,1.07923,1.07932,1.07893,1.07901,1216.0
2024-03-31 21:45:00,FX:EURUSD,1.07901,1.07902,1.07856,1.07867,1288.0
2024-03-31 22:00:00,FX:EURUSD,1.07867,1.0787,1.0784799999999999,1.07864,1006.0
2024-03-31 22:15:00,FX:EURUSD,1.07864,1.07878,1.07857,1.07876,913.0
2024-03-31 22:30:00,FX:EURUSD,1.07876,1.07895,1.07868,1.0789,980.0
2024-03-31 22:45:00,FX:EURUSD,1.0789,1.07891,1.07872,1.07878,842.0
2024-03-31 23:00:00,FX:EURUSD,1.07878,1.07882,1.0784799999999999,1.07863,699.0
2024-03-31 23:15:00,FX:EURUSD,1.07863,1.07872,1.07846,1.07851,733.0
2024-03-31 23:30:00,FX:EURUSD,1.07851,1.07902,1.07851,1.07894,873.0
2024-03-31 23:45:00,FX:EURUSD,1.07894,1.07913,1.07882,1.07903,946.0
2024-04-01 00:00:00,FX:EURUSD,1.07903,1.07911,1.07874,1.07883,909.0
2024-04-01 00:15:00,FX:EURUSD,1.07883,1.07883,1.07859,1.07864,712.0
2024-04-01 00:30:00,FX:EURUSD,1.07864,1.07875,1.07841,1.0785,944.0
2024-04-01 00:45:00,FX:EURUSD,1.0785,1.07873,1.0785,1.07868,841.0
2024-04-01 01:00:00,FX:EURUSD,1.07868,1.07872,1.07846,1.0784799999999999,942.0
2024-04-01 01:15:00,FX:EURUSD,1.0784799999999999,1.07852,1.07837,1.07838,771.0
2024-04-01 01:30:00,FX:EURUSD,1.07838,1.07847,1.07827,1.0783099999999999,889.0
2024-04-01 01:45:00,FX:EURUSD,1.0783099999999999,1.07863,1.0783,1.07853,712.0
2024-04-01 02:00:00,FX:EURUSD,1.07853,1.07869,1.07843,1.07868,910.0
2024-04-01 02:15:00,FX:EURUSD,1.07868,1.07895,1.07861,1.0789199999999999,626.0
2024-04-01 02:30:00,FX:EURUSD,1.0789199999999999,1.07905,1.07872,1.07882,1214.0
2024-04-01 02:45:00,FX:EURUSD,1.07882,1.07891,1.07853,1.0786499999999999,1149.0
2024-04-01 03:00:00,FX:EURUSD,1.0786499999999999,1.07911,1.07846,1.07906,1255.0
2024-04-01 03:15:00,FX:EURUSD,1.07906,1.0792,1.07886,1.07903,1053.0
2024-04-01 03:30:00,FX:EURUSD,1.07903,1.07912,1.07876,1.07882,929.0
2024-04-01 03:45:00,FX:EURUSD,1.07882,1.07883,1.07829,1.07861,1048.0
2024-04-01 04:00:00,FX:EURUSD,1.07861,1.07866,1.0783099999999999,1.07859,1274.0
2024-04-01 04:15:00,FX:EURUSD,1.07859,1.07914,1.07859,1.07908,1050.0
2024-04-01 04:30:00,FX:EURUSD,1.07908,1.07915,1.07879,1.07897,897.0
2024-04-01 04:45:00,FX:EURUSD,1.07897,1.07907,1.07886,1.07898,790.0
2024-04-01 05:00:00,FX:EURUSD,1.07898,1.0790899999999999,1.07879,1.07879,749.0
2024-04-01 05:15:00,FX:EURUSD,1.07879,1.07896,1.07871,1.07878,925.0
2024-04-01 05:30:00,FX:EURUSD,1.07878,1.07904,1.07871,1.07879,842.0
2024-04-01 05:45:00,FX:EURUSD,1.07879,1.07889,1.07856,1.07859,873.0
2024-04-01 06:00:00,FX:EURUSD,1.07859,1.07867,1.07826,1.07827,1093.0
2024-04-01 06:15:00,FX:EURUSD,1.07827,1.07838,1.07806,1.07816,979.0
2024-04-01 06:30:00,FX:EURUSD,1.07816,1.07827,1.07805,1.07807,738.0
2024-04-01 06:45:00,FX:EURUSD,1.07807,1.07819,1.07796,1.07813,940.0
2024-04-01 07:00:00,FX:EURUSD,1.07813,1.07855,1.07799,1.07849,630.0
2024-04-01 07:15:00,FX:EURUSD,1.07849,1.07849,1.07824,1.07838,980.0
2024-04-01 07:30:00,FX:EURUSD,1.07838,1.07876,1.0783099999999999,1.0785,921.0
2024-04-01 07:45:00,FX:EURUSD,1.0785,1.07858,1.07835,1.07841,1235.0
2024-04-01 08:00:00,FX:EURUSD,1.07841,1.07857,1.07794,1.07796,2414.0
2024-04-01 08:15:00,FX:EURUSD,1.07796,1.07829,1.07771,1.07789,2557.0
2024-04-01 08:30:00,FX:EURUSD,1.07789,1.07815,1.07771,1.07789,2110.0
2024-04-01 08:45:00,FX:EURUSD,1.07789,1.07824,1.07772,1.07818,1964.0
2024-04-01 09:00:00,FX:EURUSD,1.07818,1.0783,1.07792,1.07795,2690.0
2024-04-01 09:15:00,FX:EURUSD,1.07795,1.07812,1.07783,1.07786,1822.0
2024-04-01 09:30:00,FX:EURUSD,1.07786,1.07803,1.07761,1.07766,2945.0
2024-04-01 09:45:00,FX:EURUSD,1.07766,1.07784,1.07716,1.07728,3394.0
2024-04-01 10:00:00,FX:EURUSD,1.07728,1.07728,1.0744799999999999,1.07501,7648.0
2024-04-01 10:15:00,FX:EURUSD,1.07501,1.07514,1.07435,1.07441,4014.0
2024-04-01 10:30:00,FX:EURUSD,1.07441,1.07488,1.074,1.07403,3642.0
2024-04-01 10:45:00,FX:EURUSD,1.07403,1.07466,1.07394,1.07444,3415.0
2024-04-01 11:00:00,FX:EURUSD,1.07444,1.07454,1.07393,1.07418,3391.0
2024-04-01 11:15:00,FX:EURUSD,1.07418,1.07424,1.07373,1.0738,2038.0
2024-04-01 11:30:00,FX:EURUSD,1.0738,1.07388,1.07321,1.07332,2632.0
2024-04-01 11:45:00,FX:EURUSD,1.07332,1.07335,1.07309,1.0732599999999999,2074.0
2024-04-01 12:00:00,FX:EURUSD,1.0732599999999999,1.07346,1.07312,1.07346,1859.0
2024-04-01 12:15:00,FX:EURUSD,1.07346,1.07366,1.0734,1.07357,2048.0
2024-04-01 12:30:00,FX:EURUSD,1.07357,1.07363,1.07342,1.07358,1723.0
2024-04-01 12:45:00,FX:EURUSD,1.07358,1.07369,1.0735,1.07365,1485.0
2024-04-01 13:00:00,FX:EURUSD,1.07365,1.07419,1.07365,1.07419,981.0
2024-04-01 13:15:00,FX:EURUSD,1.07419,1.0744,1.0740399999999999,1.07423,1281.0
2024-04-01 13:30:00,FX:EURUSD,1.07423,1.07424,1.074,1.07413,1110.0
2024-04-01 13:45:00,FX:EURUSD,1.07413,1.07419,1.07398,1.07417,1372.0
2024-04-01 14:00:00,FX:EURUSD,1.07417,1.0742099999999999,1.07403,1.07407,1342.0
2024-04-01 14:15:00,FX:EURUSD,1.07407,1.07426,1.07405,1.07408,1115.0
2024-04-01 14:30:00,FX:EURUSD,1.07408,1.07413,1.07368,1.07376,1648.0
2024-04-01 14:45:00,FX:EURUSD,1.07376,1.0739,1.0737,1.07377,1270.0
2024-04-01 15:00:00,FX:EURUSD,1.07377,1.07427,1.07374,1.07414,1852.0
2024-04-01 15:15:00,FX:EURUSD,1.07414,1.0742,1.07398,1.074,592.0
2024-04-01 15:30:00,FX:EURUSD,1.074,1.07418,1.07394,1.07412,1557.0
2024-04-01 15:45:00,FX:EURUSD,1.07412,1.07422,1.07401,1.07417,1818.0
2024-04-01 16:00:00,FX:EURUSD,1.07417,1.07427,1.07414,1.07425,934.0
2024-04-01 16:15:00,FX:EURUSD,1.07425,1.07427,1.07414,1.0742,552.0
2024-04-01 16:30:00,FX:EURUSD,1.0742,1.07424,1.07418,1.07419,279.0
2024-04-01 16:45:00,FX:EURUSD,1.07419,1.07429,1.07418,1.07428,408.0
2024-04-01 17:00:00,FX:EURUSD,1.07428,1.07428,1.07344,1.0740399999999999,941.0
2024-04-01 17:15:00,FX:EURUSD,1.0740399999999999,1.0744,1.07385,1.07429,1149.0
2024-04-01 17:30:00,FX:EURUSD,1.07429,1.0744,1.07413,1.07429,277.0
2024-04-01 17:45:00,FX:EURUSD,1.07429,1.07436,1.07423,1.07433,205.0
2024-04-01 18:00:00,FX:EURUSD,1.07433,1.07433,1.0742,1.07428,286.0
2024-04-01 18:15:00,FX:EURUSD,1.07428,1.07432,1.07423,1.07423,114.0
2024-04-01 18:30:00,FX:EURUSD,1.07423,1.07424,1.07416,1.07417,191.0
2024-04-01 18:45:00,FX:EURUSD,1.07417,1.07426,1.07399,1.07399,283.0
2024-04-01 19:00:00,FX:EURUSD,1.07399,1.07399,1.07356,1.07369,483.0
2024-04-01 19:15:00,FX:EURUSD,1.07369,1.07396,1.07357,1.07389,680.0
2024-04-01 19:30:00,FX:EURUSD,1.07389,1.07395,1.07368,1.07373,637.0
2024-04-01 19:45:00,FX:EURUSD,1.07373,1.0739,1.07367,1.07372,958.0
2024-04-01 20:00:00,FX:EURUSD,1.07372,1.07372,1.07312,1.07344,1540.0
2024-04-01 20:15:00,FX:EURUSD,1.07344,1.07359,1.07309,1.07325,1518.0
2024-04-01 20:30:00,FX:EURUSD,1.07325,1.0734299999999999,1.07319,1.07335,980.0
2024-04-01 20:45:00,FX:EURUSD,1.07335,1.07391,1.07327,1.07371,1516.0
2024-04-01 21:00:00,FX:EURUSD,1.07371,1.07371,1.07321,1.0732599999999999,1106.0
2024-04-01 21:15:00,FX:EURUSD,1.0732599999999999,1.07377,1.07301,1.07367,1512.0
2024-04-01 21:30:00,FX:EURUSD,1.07367,1.07382,1.07331,1.07341,1686.0
2024-04-01 21:45:00,FX:EURUSD,1.07341,1.07344,1.07322,1.07339,1216.0
2024-04-01 22:00:00,FX:EURUSD,1.07339,1.07341,1.07297,1.07303,1023.0
2024-04-01 22:15:00,FX:EURUSD,1.07303,1.07322,1.07296,1.0732,751.0
2024-04-01 22:30:00,FX:EURUSD,1.0732,1.07333,1.07318,1.07327,585.0
2024-04-01 22:45:00,FX:EURUSD,1.07327,1.07354,1.07318,1.07348,692.0
2024-04-01 23:00:00,FX:EURUSD,1.07348,1.07362,1.07346,1.07348,545.0
2024-04-01 23:15:00,FX:EURUSD,1.07348,1.07348,1.07308,1.0731,736.0
2024-04-01 23:30:00,FX:EURUSD,1.0731,1.07328,1.0731,1.07315,581.0
2024-04-01 23:45:00,FX:EURUSD,1.07315,1.07315,1.07296,1.0729899999999999,651.0
2024-04-02 00:00:00,FX:EURUSD,1.0729899999999999,1.07303,1.07293,1.07301,581.0
2024-04-02 00:15:00,FX:EURUSD,1.07301,1.07319,1.07296,1.07318,608.0
2024-04-02 00:30:00,FX:EURUSD,1.07318,1.0734,1.07318,1.07339,466.0
2024-04-02 00:45:00,FX:EURUSD,1.07339,1.07341,1.07317,1.07332,647.0
2024-04-02 01:00:00,FX:EURUSD,1.07332,1.07349,1.0732599999999999,1.07341,789.0
2024-04-02 01:15:00,FX:EURUSD,1.07341,1.07341,1.07316,1.07317,658.0
2024-04-02 01:30:00,FX:EURUSD,1.07317,1.07327,1.07302,1.07307,767.0
2024-04-02 01:45:00,FX:EURUSD,1.07307,1.07314,1.07257,1.07267,1310.0
2024-04-02 02:00:00,FX:EURUSD,1.07267,1.07298,1.07247,1.07291,2995.0
2024-04-02 02:15:00,FX:EURUSD,1.07291,1.07319,1.07276,1.0731,1577.0
2024-04-02 02:30:00,FX:EURUSD,1.0731,1.07321,1.07246,1.07252,2169.0
2024-04-02 02:45:00,FX:EURUSD,1.07252,1.07289,1.07251,1.07287,2491.0
2024-04-02 03:00:00,FX:EURUSD,1.07287,1.07306,1.0726,1.07303,2566.0
2024-04-02 03:15:00,FX:EURUSD,1.07303,1.07332,1.07298,1.07323,2253.0
2024-04-02 03:30:00,FX:EURUSD,1.07323,1.07374,1.07323,1.07374,2195.0
2024-04-02 03:45:00,FX:EURUSD,1.07374,1.07428,1.07359,1.0742,2064.0
2024-04-02 04:00:00,FX:EURUSD,1.0742,1.0742,1.0729899999999999,1.07363,3780.0
2024-04-02 04:15:00,FX:EURUSD,1.07363,1.07364,1.07264,1.07274,2276.0
2024-04-02 04:30:00,FX:EURUSD,1.07274,1.07325,1.07264,1.07318,2180.0
2024-04-02 04:45:00,FX:EURUSD,1.07318,1.07327,1.07289,1.07314,2118.0
2024-04-02 05:00:00,FX:EURUSD,1.07314,1.07401,1.07311,1.07379,1986.0
2024-04-02 05:15:00,FX:EURUSD,1.07379,1.07405,1.07374,1.07391,1793.0
2024-04-02 05:30:00,FX:EURUSD,1.07391,1.07408,1.07363,1.07407,2259.0
2024-04-02 05:45:00,FX:EURUSD,1.07407,1.0743,1.07378,1.0742,2132.0
2024-04-02 06:00:00,FX:EURUSD,1.0742,1.07424,1.07385,1.07402,1595.0
2024-04-02 06:15:00,FX:EURUSD,1.07402,1.07429,1.07396,1.07428,2095.0
2024-04-02 06:30:00,FX:EURUSD,1.07428,1.0743,1.07388,1.074,1723.0
2024-04-02 06:45:00,FX:EURUSD,1.074,1.07458,1.07397,1.0745,1735.0
2024-04-02 07:00:00,FX:EURUSD,1.0745,1.07474,1.07429,1.07457,1852.0
2024-04-02 07:15:00,FX:EURUSD,1.07457,1.0746499999999999,1.07431,1.0745,1995.0
2024-04-02 07:30:00,FX:EURUSD,1.0745,1.07477,1.07445,1.07454,1963.0
2024-04-02 07:45:00,FX:EURUSD,1.07454,1.07536,1.0744,1.07515,3045.0
2024-04-02 08:00:00,FX:EURUSD,1.07515,1.07561,1.07456,1.07471,2998.0
2024-04-02 08:15:00,FX:EURUSD,1.07471,1.07483,1.07456,1.07476,1879.0
2024-04-02 08:30:00,FX:EURUSD,1.07476,1.07524,1.07458,1.0749,2585.0
2024-04-02 08:45:00,FX:EURUSD,1.0749,1.07506,1.07464,1.07489,2020.0
2024-04-02 09:00:00,FX:EURUSD,1.07489,1.07567,1.07479,1.07556,2553.0
2024-04-02 09:15:00,FX:EURUSD,1.07556,1.07611,1.07531,1.07603,2551.0
2024-04-02 09:30:00,FX:EURUSD,1.07603,1.07686,1.07573,1.07659,3831.0
2024-04-02 09:45:00,FX:EURUSD,1.07659,1.07668,1.07611,1.0764799999999999,3227.0
2024-04-02 10:00:00,FX:EURUSD,1.0764799999999999,1.07764,1.07573,1.07714,7153.0
2024-04-02 10:15:00,FX:EURUSD,1.07714,1.0779,1.07689,1.07768,3504.0
2024-04-02 10:30:00,FX:EURUSD,1.07768,1.07768,1.07706,1.07725,3666.0
2024-04-02 10:45:00,FX:EURUSD,1.07725,1.07738,1.07632,1.07657,3678.0
2024-04-02 11:00:00,FX:EURUSD,1.07657,1.07717,1.07643,1.07678,2863.0
2024-04-02 11:15:00,FX:EURUSD,1.07678,1.07706,1.07666,1.07667,2583.0
2024-04-02 11:30:00,FX:EURUSD,1.07667,1.07695,1.07657,1.07684,2631.0
2024-04-02 11:45:00,FX:EURUSD,1.07684,1.07702,1.07677,1.07689,2006.0
2024-04-02 12:00:00,FX:EURUSD,1.07689,1.07704,1.07664,1.07664,1738.0
2024-04-02 12:15:00,FX:EURUSD,1.07664,1.07678,1.07647,1.0767,1411.0
2024-04-02 12:30:00,FX:EURUSD,1.0767,1.07701,1.07668,1.07688,1346.0
2024-04-02 12:45:00,FX:EURUSD,1.07688,1.07696,1.07671,1.0768199999999999,1216.0
2024-04-02 13:00:00,FX:EURUSD,1.0768199999999999,1.07689,1.07657,1.07662,753.0
2024-04-02 13:15:00,FX:EURUSD,1.07662,1.0766499999999999,1.07647,1.07647,721.0
2024-04-02 13:30:00,FX:EURUSD,1.07647,1.07676,1.07643,1.07659,1052.0
2024-04-02 13:45:00,FX:EURUSD,1.07659,1.07672,1.07651,1.07672,982.0
2024-04-02 14:00:00,FX:EURUSD,1.07672,1.07684,1.07666,1.07666,939.0
2024-04-02 14:15:00,FX:EURUSD,1.07666,1.07667,1.07637,1.07637,850.0
2024-04-02 14:30:00,FX:EURUSD,1.07637,1.0764,1.07625,1.07628,770.0
2024-04-02 14:45:00,FX:EURUSD,1.07628,1.07649,1.07622,1.07636,1116.0
2024-04-02 15:00:00,FX:EURUSD,1.07636,1.07647,1.0763,1.07634,959.0
2024-04-02 15:15:00,FX:EURUSD,1.07634,1.07634,1.07603,1.07606,937.0
2024-04-02 15:30:00,FX:EURUSD,1.07606,1.0765,1.07602,1.0765,924.0
2024-04-02 15:45:00,FX:EURUSD,1.0765,1.0768199999999999,1.07647,1.07681,1525.0
2024-04-02 16:00:00,FX:EURUSD,1.07681,1.07685,1.07658,1.0767,781.0
2024-04-02 16:15:00,FX:EURUSD,1.0767,1.07681,1.07662,1.07669,516.0
2024-04-02 16:30:00,FX:EURUSD,1.07669,1.07677,1.07667,1.07675,551.0
2024-04-02 16:45:00,FX:EURUSD,1.07675,1.07695,1.07675,1.07692,569.0
2024-04-02 17:00:00,FX:EURUSD,1.07692,1.077,1.07678,1.07699,26.0
2024-04-02 17:15:00,FX:EURUSD,1.07699,1.07725,1.07698,1.07718,216.0
2024-04-02 17:30:00,FX:EURUSD,1.07718,1.07718,1.07706,1.07713,529.0
2024-04-02 17:45:00,FX:EURUSD,1.07713,1.07734,1.0770899999999999,1.07732,317.0
2024-04-02 18:00:00,FX:EURUSD,1.07732,1.07732,1.07702,1.07702,511.0
2024-04-02 18:15:00,FX:EURUSD,1.07702,1.07703,1.07693,1.07697,266.0
2024-04-02 18:30:00,FX:EURUSD,1.07697,1.0771,1.07691,1.07707,287.0
2024-04-02 18:45:00,FX:EURUSD,1.07707,1.07708,1.07678,1.07681,261.0
2024-04-02 19:00:00,FX:EURUSD,1.07681,1.07681,1.07671,1.07677,344.0
2024-04-02 19:15:00,FX:EURUSD,1.07677,1.07687,1.07673,1.0768,485.0
2024-04-02 19:30:00,FX:EURUSD,1.0768,1.07689,1.07675,1.07684,596.0
2024-04-02 19:45:00,FX:EURUSD,1.07684,1.07685,1.07666,1.0768,748.0
2024-04-02 20:00:00,FX:EURUSD,1.0768,1.07687,1.07658,1.07679,1250.0
2024-04-02 20:15:00,FX:EURUSD,1.07679,1.07679,1.07659,1.07667,950.0
2024-04-02 20:30:00,FX:EURUSD,1.07667,1.07678,1.07664,1.07677,1028.0
2024-04-02 20:45:00,FX:EURUSD,1.07677,1.07716,1.07676,1.07688,1476.0
2024-04-02 21:00:00,FX:EURUSD,1.07688,1.07688,1.07657,1.07679,1541.0
2024-04-02 21:15:00,FX:EURUSD,1.07679,1.07696,1.07674,1.0769,1303.0
2024-04-02 21:30:00,FX:EURUSD,1.0769,1.07724,1.07675,1.07719,1388.0
2024-04-02 21:45:00,FX:EURUSD,1.07719,1.07737,1.0770899999999999,1.07721,919.0
2024-04-02 22:00:00,FX:EURUSD,1.07721,1.07748,1.07716,1.0774299999999999,939.0
2024-04-02 22:15:00,FX:EURUSD,1.0774299999999999,1.07744,1.07728,1.07733,658.0
2024-04-02 22:30:00,FX:EURUSD,1.07733,1.07747,1.07729,1.07739,677.0
2024-04-02 22:45:00,FX:EURUSD,1.07739,1.07749,1.07731,1.07742,418.0
2024-04-02 23:00:00,FX:EURUSD,1.07742,1.07789,1.07741,1.07788,824.0
2024-04-02 23:15:00,FX:EURUSD,1.07788,1.07794,1.07757,1.07758,1156.0
2024-04-02 23:30:00,FX:EURUSD,1.07758,1.07771,1.07751,1.07767,522.0
2024-04-02 23:45:00,FX:EURUSD,1.07767,1.0778,1.07758,1.07773,426.0
2024-04-03 00:00:00,FX:EURUSD,1.07773,1.07781,1.07758,1.07778,838.0
2024-04-03 00:15:00,FX:EURUSD,1.07778,1.0778,1.07763,1.07777,537.0
2024-04-03 00:30:00,FX:EURUSD,1.07777,1.07777,1.07769,1.07774,484.0
2024-04-03 00:45:00,FX:EURUSD,1.07774,1.07775,1.07746,1.07747,723.0
2024-04-03 01:00:00,FX:EURUSD,1.07747,1.07769,1.07744,1.07766,906.0
2024-04-03 01:15:00,FX:EURUSD,1.07766,1.07774,1.07755,1.07761,696.0
2024-04-03 01:30:00,FX:EURUSD,1.07761,1.07765,1.0775,1.07753,1057.0
2024-04-03 01:45:00,FX:EURUSD,1.07753,1.07754,1.0774,1.07754,737.0
2024-04-03 02:00:00,FX:EURUSD,1.07754,1.07758,1.07734,1.0774299999999999,1294.0
2024-04-03 02:15:00,FX:EURUSD,1.0774299999999999,1.0774299999999999,1.07701,1.07704,1414.0
2024-04-03 02:30:00,FX:EURUSD,1.07704,1.07716,1.07671,1.077,1627.0
2024-04-03 02:45:00,FX:EURUSD,1.077,1.07714,1.0769,1.07691,1425.0
2024-04-03 03:00:00,FX:EURUSD,1.07691,1.07702,1.07641,1.07667,2173.0
2024-04-03 03:15:00,FX:EURUSD,1.07667,1.0768199999999999,1.07639,1.07655,1894.0
2024-04-03 03:30:00,FX:EURUSD,1.07655,1.07722,1.07643,1.07722,2174.0
2024-04-03 03:45:00,FX:EURUSD,1.07722,1.07722,1.07695,1.07705,1349.0
2024-04-03 04:00:00,FX:EURUSD,1.07705,1.0772599999999999,1.07697,1.0772599999999999,1491.0
2024-04-03 04:15:00,FX:EURUSD,1.0772599999999999,1.07729,1.07698,1.07728,1077.0
2024-04-03 04:30:00,FX:EURUSD,1.07728,1.07772,1.07722,1.0776,1258.0
2024-04-03 04:45:00,FX:EURUSD,1.0776,1.07774,1.07712,1.07712,1244.0
2024-04-03 05:00:00,FX:EURUSD,1.07712,1.07733,1.07658,1.07661,1847.0
2024-04-03 05:15:00,FX:EURUSD,1.07661,1.07683,1.0765,1.07666,1706.0
2024-04-03 05:30:00,FX:EURUSD,1.07666,1.07699,1.07654,1.07697,1619.0
2024-04-03 05:45:00,FX:EURUSD,1.07697,1.07747,1.07672,1.07677,1718.0
2024-04-03 06:00:00,FX:EURUSD,1.07677,1.07695,1.07662,1.07691,1386.0
2024-04-03 06:15:00,FX:EURUSD,1.07691,1.0771,1.07678,1.07707,1304.0
2024-04-03 06:30:00,FX:EURUSD,1.07707,1.07741,1.07704,1.07729,1180.0
2024-04-03 06:45:00,FX:EURUSD,1.07729,1.07769,1.07712,1.07755,1300.0
2024-04-03 07:00:00,FX:EURUSD,1.07755,1.0784,1.07755,1.07838,1618.0
2024-04-03 07:15:00,FX:EURUSD,1.07838,1.07846,1.0778,1.07805,1578.0
2024-04-03 07:30:00,FX:EURUSD,1.07805,1.07813,1.0778699999999999,1.07794,1059.0
2024-04-03 07:45:00,FX:EURUSD,1.07794,1.0785,1.07792,1.07838,1385.0
2024-04-03 08:00:00,FX:EURUSD,1.07838,1.07863,1.0782,1.07851,2193.0
2024-04-03 08:15:00,FX:EURUSD,1.07851,1.07854,1.07755,1.07774,4762.0
2024-04-03 08:30:00,FX:EURUSD,1.07774,1.07812,1.07746,1.07759,3248.0
2024-04-03 08:45:00,FX:EURUSD,1.07759,1.07783,1.07727,1.07781,3833.0
2024-04-03 09:00:00,FX:EURUSD,1.07781,1.07868,1.07778,1.07837,3956.0
2024-04-03 09:15:00,FX:EURUSD,1.07837,1.07877,1.0783,1.07875,3445.0
2024-04-03 09:30:00,FX:EURUSD,1.07875,1.0792599999999999,1.0787,1.0788,4417.0
2024-04-03 09:45:00,FX:EURUSD,1.0788,1.07916,1.07863,1.07885,3288.0
2024-04-03 10:00:00,FX:EURUSD,1.07885,1.08179,1.07885,1.08061,10097.0
2024-04-03 10:15:00,FX:EURUSD,1.08061,1.08114,1.08026,1.0809,6781.0
2024-04-03 10:30:00,FX:EURUSD,1.0809,1.08183,1.08057,1.08181,5273.0
2024-04-03 10:45:00,FX:EURUSD,1.08181,1.0824,1.0816999999999999,1.08229,5177.0
2024-04-03 11:00:00,FX:EURUSD,1.08229,1.08241,1.08192,1.08222,3591.0
2024-04-03 11:15:00,FX:EURUSD,1.08222,1.08305,1.08217,1.08273,3331.0
2024-04-03 11:30:00,FX:EURUSD,1.08273,1.083,1.08245,1.0825,2803.0
2024-04-03 11:45:00,FX:EURUSD,1.0825,1.08279,1.08236,1.08265,2283.0
2024-04-03 12:00:00,FX:EURUSD,1.08265,1.08274,1.082,1.0824799999999999,3225.0
2024-04-03 12:15:00,FX:EURUSD,1.0824799999999999,1.08333,1.08232,1.08325,3366.0
2024-04-03 12:30:00,FX:EURUSD,1.08325,1.08361,1.08276,1.08327,3723.0
2024-04-03 12:45:00,FX:EURUSD,1.08327,1.0833,1.08282,1.08306,2933.0
2024-04-03 13:00:00,FX:EURUSD,1.08306,1.08307,1.08254,1.08294,2065.0
2024-04-03 13:15:00,FX:EURUSD,1.08294,1.08342,1.08291,1.0833599999999999,2289.0
2024-04-03 13:30:00,FX:EURUSD,1.0833599999999999,1.0833599999999999,1.083,1.08311,1551.0
2024-04-03 13:45:00,FX:EURUSD,1.08311,1.08338,1.0830899999999999,1.08322,1315.0
2024-04-03 14:00:00,FX:EURUSD,1.08322,1.08368,1.08314,1.08363,1549.0
2024-04-03 14:15:00,FX:EURUSD,1.08363,1.08364,1.08327,1.08331,1037.0
2024-04-03 14:30:00,FX:EURUSD,1.08331,1.08341,1.08323,1.08337,1883.0
2024-04-03 14:45:00,FX:EURUSD,1.08337,1.0835299999999999,1.08327,1.08347,1586.0
2024-04-03 15:00:00,FX:EURUSD,1.08347,1.08347,1.08313,1.08319,1579.0
2024-04-03 15:15:00,FX:EURUSD,1.08319,1.08323,1.08291,1.08294,1615.0
2024-04-03 15:30:00,FX:EURUSD,1.08294,1.08322,1.0829199999999999,1.08321,1811.0
2024-04-03 15:45:00,FX:EURUSD,1.08321,1.08348,1.08321,1.08334,1877.0
2024-04-03 16:00:00,FX:EURUSD,1.08334,1.0834,1.08324,1.08337,534.0
2024-04-03 16:15:00,FX:EURUSD,1.08337,1.08347,1.0833599999999999,1.08347,424.0
2024-04-03 16:30:00,FX:EURUSD,1.08347,1.08357,1.08339,1.08356,398.0
2024-04-03 16:45:00,FX:EURUSD,1.08356,1.08366,1.08348,1.08359,648.0
2024-04-03 17:00:00,FX:EURUSD,1.08359,1.08359,1.08319,1.08343,283.0
2024-04-03 17:15:00,FX:EURUSD,1.08343,1.08352,1.0834,1.08345,629.0
2024-04-03 17:30:00,FX:EURUSD,1.08345,1.08351,1.08338,1.08349,333.0
2024-04-03 17:45:00,FX:EURUSD,1.08349,1.08352,1.08325,1.08329,186.0
2024-04-03 18:00:00,FX:EURUSD,1.08329,1.08375,1.08329,1.08375,385.0
2024-04-03 18:15:00,FX:EURUSD,1.08375,1.08382,1.08374,1.08375,180.0
2024-04-03 18:30:00,FX:EURUSD,1.08375,1.08376,1.08365,1.08366,227.0
2024-04-03 18:45:00,FX:EURUSD,1.08366,1.08377,1.08363,1.08377,169.0
2024-04-03 19:00:00,FX:EURUSD,1.08377,1.08387,1.08361,1.08381,628.0
2024-04-03 19:15:00,FX:EURUSD,1.08381,1.08383,1.0836999999999999,1.08381,443.0
2024-04-03 19:30:00,FX:EURUSD,1.08381,1.08407,1.08375,1.08376,1036.0
2024-04-03 19:45:00,FX:EURUSD,1.08376,1.08383,1.08368,1.0838,567.0
2024-04-03 20:00:00,FX:EURUSD,1.0838,1.08399,1.08372,1.08382,1141.0
2024-04-03 20:15:00,FX:EURUSD,1.08382,1.0839699999999999,1.0835299999999999,1.08359,870.0
2024-04-03 20:30:00,FX:EURUSD,1.08359,1.08387,1.08347,1.08386,859.0
2024-04-03 20:45:00,FX:EURUSD,1.08386,1.08435,1.08383,1.0843,1197.0
2024-04-03 21:00:00,FX:EURUSD,1.0843,1.0843,1.08405,1.0841399999999999,1211.0
2024-04-03 21:15:00,FX:EURUSD,1.0841399999999999,1.08439,1.0841399999999999,1.08416,948.0
2024-04-03 21:30:00,FX:EURUSD,1.08416,1.0842,1.084,1.0841399999999999,502.0
2024-04-03 21:45:00,FX:EURUSD,1.0841399999999999,1.08418,1.08402,1.08407,375.0
2024-04-03 22:00:00,FX:EURUSD,1.08407,1.08409,1.08382,1.0839699999999999,657.0
2024-04-03 22:15:00,FX:EURUSD,1.0839699999999999,1.084,1.08382,1.0839699999999999,609.0
2024-04-03 22:30:00,FX:EURUSD,1.0839699999999999,1.08438,1.08396,1.08438,639.0
2024-04-03 22:45:00,FX:EURUSD,1.08438,1.08444,1.08417,1.08428,706.0
2024-04-03 23:00:00,FX:EURUSD,1.08428,1.08433,1.08405,1.08408,547.0
2024-04-03 23:15:00,FX:EURUSD,1.08408,1.08418,1.08407,1.08417,451.0
2024-04-03 23:30:00,FX:EURUSD,1.08417,1.08432,1.08401,1.08423,681.0
2024-04-03 23:45:00,FX:EURUSD,1.08423,1.08434,1.08419,1.08426,492.0
2024-04-04 00:00:00,FX:EURUSD,1.08426,1.08442,1.08426,1.08437,522.0
2024-04-04 00:15:00,FX:EURUSD,1.08437,1.08447,1.08429,1.08442,650.0
2024-04-04 00:30:00,FX:EURUSD,1.08442,1.08446,1.08426,1.08426,529.0
2024-04-04 00:45:00,FX:EURUSD,1.08426,1.08443,1.08426,1.08426,475.0
2024-04-04 01:00:00,FX:EURUSD,1.08426,1.08444,1.08426,1.08437,454.0
2024-04-04 01:15:00,FX:EURUSD,1.08437,1.08461,1.08436,1.08452,625.0
2024-04-04 01:30:00,FX:EURUSD,1.08452,1.08464,1.08452,1.08458,756.0
2024-04-04 01:45:00,FX:EURUSD,1.08458,1.08464,1.0841,1.08418,674.0
2024-04-04 02:00:00,FX:EURUSD,1.08418,1.08463,1.0841,1.08456,1757.0
2024-04-04 02:15:00,FX:EURUSD,1.08456,1.08461,1.08443,1.0845,1351.0
2024-04-04 02:30:00,FX:EURUSD,1.0845,1.0845,1.08395,1.08436,2282.0
2024-04-04 02:45:00,FX:EURUSD,1.08436,1.08451,1.08389,1.08399,1827.0
2024-04-04 03:00:00,FX:EURUSD,1.08399,1.08456,1.08391,1.08454,2466.0
2024-04-04 03:15:00,FX:EURUSD,1.08454,1.0854,1.08451,1.08521,3224.0
2024-04-04 03:30:00,FX:EURUSD,1.08521,1.0856999999999999,1.08511,1.08524,2301.0
2024-04-04 03:45:00,FX:EURUSD,1.08524,1.08583,1.08524,1.08572,2388.0
2024-04-04 04:00:00,FX:EURUSD,1.08572,1.08581,1.08533,1.08563,2289.0
2024-04-04 04:15:00,FX:EURUSD,1.08563,1.08603,1.08508,1.08588,2274.0
2024-04-04 04:30:00,FX:EURUSD,1.08588,1.08605,1.08558,1.08568,1933.0
2024-04-04 04:45:00,FX:EURUSD,1.08568,1.08625,1.08561,1.08618,1935.0
2024-04-04 05:00:00,FX:EURUSD,1.08618,1.08618,1.08554,1.08568,2273.0
2024-04-04 05:15:00,FX:EURUSD,1.08568,1.0858,1.08556,1.08577,1713.0
2024-04-04 05:30:00,FX:EURUSD,1.08577,1.08613,1.08573,1.08612,1151.0
2024-04-04 05:45:00,FX:EURUSD,1.08612,1.08655,1.08584,1.08586,1595.0
2024-04-04 06:00:00,FX:EURUSD,1.08586,1.08595,1.08556,1.08569,1851.0
2024-04-04 06:15:00,FX:EURUSD,1.08569,1.08585,1.08562,1.0856999999999999,1045.0
2024-04-04 06:30:00,FX:EURUSD,1.0856999999999999,1.08595,1.08561,1.0859,1469.0
2024-04-04 06:45:00,FX:EURUSD,1.0859,1.08616,1.08582,1.0859699999999999,1322.0
2024-04-04 07:00:00,FX:EURUSD,1.0859699999999999,1.08622,1.08565,1.08604,1947.0
2024-04-04 07:15:00,FX:EURUSD,1.08604,1.08623,1.08584,1.08598,1519.0
2024-04-04 07:30:00,FX:EURUSD,1.08598,1.086,1.08565,1.08567,1763.0
2024-04-04 07:45:00,FX:EURUSD,1.08567,1.08575,1.08518,1.08527,1599.0
2024-04-04 08:00:00,FX:EURUSD,1.08527,1.08544,1.08514,1.08525,1307.0
2024-04-04 08:15:00,FX:EURUSD,1.08525,1.08567,1.08506,1.08559,1624.0
2024-04-04 08:30:00,FX:EURUSD,1.08559,1.08622,1.08541,1.0861399999999999,2948.0
2024-04-04 08:45:00,FX:EURUSD,1.0861399999999999,1.08704,1.08608,1.08696,2739.0
2024-04-04 09:00:00,FX:EURUSD,1.08696,1.08706,1.0864,1.08668,2296.0
2024-04-04 09:15:00,FX:EURUSD,1.08668,1.08728,1.08668,1.0867499999999999,2495.0
2024-04-04 09:30:00,FX:EURUSD,1.0867499999999999,1.08765,1.0867499999999999,1.08731,3545.0
2024-04-04 09:45:00,FX:EURUSD,1.08731,1.08759,1.08697,1.08697,2645.0
2024-04-04 10:00:00,FX:EURUSD,1.08697,1.08761,1.08697,1.08718,2629.0
2024-04-04 10:15:00,FX:EURUSD,1.08718,1.08728,1.08677,1.08707,2089.0
2024-04-04 10:30:00,FX:EURUSD,1.08707,1.08739,1.0869,1.0872,2105.0
2024-04-04 10:45:00,FX:EURUSD,1.0872,1.08727,1.08666,1.08676,2744.0
2024-04-04 11:00:00,FX:EURUSD,1.08676,1.08689,1.08661,1.08662,1682.0
2024-04-04 11:15:00,FX:EURUSD,1.08662,1.08667,1.08622,1.08642,1395.0
2024-04-04 11:30:00,FX:EURUSD,1.08642,1.08672,1.08641,1.08659,1668.0
2024-04-04 11:45:00,FX:EURUSD,1.08659,1.08665,1.08639,1.08649,1224.0
2024-04-04 12:00:00,FX:EURUSD,1.08649,1.08669,1.08646,1.08655,1307.0
2024-04-04 12:15:00,FX:EURUSD,1.08655,1.08661,1.08632,1.08638,1004.0
2024-04-04 12:30:00,FX:EURUSD,1.08638,1.08644,1.0859699999999999,1.08613,1075.0
2024-04-04 12:45:00,FX:EURUSD,1.08613,1.08621,1.08578,1.08588,970.0
2024-04-04 13:00:00,FX:EURUSD,1.08588,1.08615,1.08581,1.08615,748.0
2024-04-04 13:15:00,FX:EURUSD,1.08615,1.08618,1.0859699999999999,1.08603,882.0
2024-04-04 13:30:00,FX:EURUSD,1.08603,1.08613,1.08596,1.08602,941.0
2024-04-04 13:45:00,FX:EURUSD,1.08602,1.08611,1.08592,1.086,994.0
2024-04-04 14:00:00,FX:EURUSD,1.086,1.086,1.08533,1.08548,2004.0
2024-04-04 14:15:00,FX:EURUSD,1.08548,1.08572,1.08537,1.08537,2497.0
2024-04-04 14:30:00,FX:EURUSD,1.08537,1.08538,1.08465,1.08466,3150.0
2024-04-04 14:45:00,FX:EURUSD,1.08466,1.08531,1.08465,1.085,4073.0
2024-04-04 15:00:00,FX:EURUSD,1.085,1.08507,1.0845,1.08453,4479.0
2024-04-04 15:15:00,FX:EURUSD,1.08453,1.0846,1.08388,1.08391,3036.0
2024-04-04 15:30:00,FX:EURUSD,1.08391,1.08409,1.08341,1.08406,4166.0
2024-04-04 15:45:00,FX:EURUSD,1.08406,1.08413,1.08332,1.08337,3940.0
2024-04-04 16:00:00,FX:EURUSD,1.08337,1.0836999999999999,1.08318,1.08362,1634.0
2024-04-04 16:15:00,FX:EURUSD,1.08362,1.08374,1.08359,1.08361,524.0
2024-04-04 16:30:00,FX:EURUSD,1.08361,1.08385,1.0836,1.08375,432.0
2024-04-04 16:45:00,FX:EURUSD,1.08375,1.08387,1.08365,1.08368,924.0
2024-04-04 17:00:00,FX:EURUSD,1.08368,1.08393,1.08323,1.08358,354.0
2024-04-04 17:15:00,FX:EURUSD,1.08358,1.08369,1.08347,1.0836,1402.0
2024-04-04 17:30:00,FX:EURUSD,1.0836,1.08419,1.0834,1.08385,2495.0
2024-04-04 17:45:00,FX:EURUSD,1.08385,1.08392,1.08366,1.08374,1851.0
2024-04-04 18:00:00,FX:EURUSD,1.08374,1.08401,1.0836999999999999,1.08392,624.0
2024-04-04 18:15:00,FX:EURUSD,1.08392,1.08401,1.08376,1.08381,474.0
2024-04-04 18:30:00,FX:EURUSD,1.08381,1.08386,1.08356,1.08374,576.0
2024-04-04 18:45:00,FX:EURUSD,1.08374,1.08379,1.08361,1.08364,454.0
2024-04-04 19:00:00,FX:EURUSD,1.08364,1.08391,1.08363,1.08384,1008.0
2024-04-04 19:15:00,FX:EURUSD,1.08384,1.08387,1.08363,1.08385,714.0
2024-04-04 19:30:00,FX:EURUSD,1.08385,1.08401,1.08382,1.08382,817.0
2024-04-04 19:45:00,FX:EURUSD,1.08382,1.08387,1.08359,1.08365,906.0
2024-04-04 20:00:00,FX:EURUSD,1.08365,1.08404,1.08349,1.08402,2050.0
2024-04-04 20:15:00,FX:EURUSD,1.08402,1.08413,1.08364,1.08364,2225.0
2024-04-04 20:30:00,FX:EURUSD,1.08364,1.08401,1.08361,1.08385,2060.0
2024-04-04 20:45:00,FX:EURUSD,1.08385,1.08441,1.08375,1.08415,2063.0
2024-04-04 21:00:00,FX:EURUSD,1.08415,1.0843,1.08399,1.08411,1999.0
2024-04-04 21:15:00,FX:EURUSD,1.08411,1.08411,1.08365,1.08365,2001.0
2024-04-04 21:30:00,FX:EURUSD,1.08365,1.08368,1.08311,1.0833,1869.0
2024-04-04 21:45:00,FX:EURUSD,1.0833,1.08331,1.0825,1.08267,1676.0
2024-04-04 22:00:00,FX:EURUSD,1.08267,1.08283,1.08237,1.08281,1518.0
2024-04-04 22:15:00,FX:EURUSD,1.08281,1.08283,1.08238,1.08255,1434.0
2024-04-04 22:30:00,FX:EURUSD,1.08255,1.08257,1.08233,1.08239,1001.0
2024-04-04 22:45:00,FX:EURUSD,1.08239,1.08258,1.08238,1.08252,875.0
2024-04-04 23:00:00,FX:EURUSD,1.08252,1.08262,1.08247,1.08257,1118.0
2024-04-04 23:15:00,FX:EURUSD,1.08257,1.08279,1.08256,1.08267,718.0
2024-04-04 23:30:00,FX:EURUSD,1.08267,1.0827,1.08252,1.08257,747.0
2024-04-04 23:45:00,FX:EURUSD,1.08257,1.08269,1.08247,1.08268,1091.0
2024-04-05 00:00:00,FX:EURUSD,1.08268,1.08276,1.08263,1.08268,718.0
2024-04-05 00:15:00,FX:EURUSD,1.08268,1.08274,1.08261,1.08272,695.0
2024-04-05 00:30:00,FX:EURUSD,1.08272,1.08278,1.08259,1.08261,981.0
2024-04-05 00:45:00,FX:EURUSD,1.08261,1.08267,1.08249,1.08263,983.0
2024-04-05 01:00:00,FX:EURUSD,1.08263,1.08279,1.08257,1.08262,608.0
2024-04-05 01:15:00,FX:EURUSD,1.08262,1.08271,1.08258,1.08265,696.0
2024-04-05 01:30:00,FX:EURUSD,1.08265,1.0827,1.08251,1.08257,991.0
2024-04-05 01:45:00,FX:EURUSD,1.08257,1.08279,1.08257,1.08272,899.0
2024-04-05 02:00:00,FX:EURUSD,1.08272,1.08296,1.0823,1.08234,1747.0
2024-04-05 02:15:00,FX:EURUSD,1.08234,1.08283,1.08224,1.0828,1484.0
2024-04-05 02:30:00,FX:EURUSD,1.0828,1.08291,1.08256,1.08282,1426.0
2024-04-05 02:45:00,FX:EURUSD,1.08282,1.08331,1.0828,1.08305,1564.0
2024-04-05 03:00:00,FX:EURUSD,1.08305,1.08358,1.08302,1.08328,2223.0
2024-04-05 03:15:00,FX:EURUSD,1.08328,1.08364,1.08302,1.0836,2169.0
2024-04-05 03:30:00,FX:EURUSD,1.0836,1.08369,1.0833599999999999,1.0836,2351.0
2024-04-05 03:45:00,FX:EURUSD,1.0836,1.0841,1.08357,1.0839,1914.0
2024-04-05 04:00:00,FX:EURUSD,1.0839,1.08415,1.08367,1.08385,1624.0
2024-04-05 04:15:00,FX:EURUSD,1.08385,1.08419,1.08361,1.08415,1405.0
2024-04-05 04:30:00,FX:EURUSD,1.08415,1.08452,1.08415,1.08452,1486.0
2024-04-05 04:45:00,FX:EURUSD,1.08452,1.08464,1.08372,1.08375,1391.0
2024-04-05 05:00:00,FX:EURUSD,1.08375,1.08376,1.08348,1.08364,1133.0
2024-04-05 05:15:00,FX:EURUSD,1.08364,1.08421,1.08361,1.0841,1369.0
2024-04-05 05:30:00,FX:EURUSD,1.0841,1.08419,1.08388,1.08388,1415.0
2024-04-05 05:45:00,FX:EURUSD,1.08388,1.08399,1.08377,1.08388,1397.0
2024-04-05 06:00:00,FX:EURUSD,1.08388,1.08391,1.08361,1.08371,1046.0
2024-04-05 06:15:00,FX:EURUSD,1.08371,1.08388,1.08339,1.08344,1310.0
2024-04-05 06:30:00,FX:EURUSD,1.08344,1.08373,1.08326,1.08339,1103.0
2024-04-05 06:45:00,FX:EURUSD,1.08339,1.08352,1.08328,1.08344,1427.0
2024-04-05 07:00:00,FX:EURUSD,1.08344,1.08349,1.08306,1.08337,1474.0
2024-04-05 07:15:00,FX:EURUSD,1.08337,1.08358,1.08334,1.08357,1194.0
2024-04-05 07:30:00,FX:EURUSD,1.08357,1.08384,1.08337,1.08383,1002.0
2024-04-05 07:45:00,FX:EURUSD,1.08383,1.08418,1.08347,1.08349,1608.0
2024-04-05 08:00:00,FX:EURUSD,1.08349,1.08434,1.08349,1.08428,2951.0
2024-04-05 08:15:00,FX:EURUSD,1.08428,1.08479,1.08412,1.08437,2516.0
2024-04-05 08:30:00,FX:EURUSD,1.08437,1.08437,1.08025,1.08159,14828.0
2024-04-05 08:45:00,FX:EURUSD,1.08159,1.08165,1.08001,1.0809199999999999,7480.0
2024-04-05 09:00:00,FX:EURUSD,1.0809199999999999,1.08137,1.07913,1.07916,6477.0
2024-04-05 09:15:00,FX:EURUSD,1.07916,1.08027,1.07916,1.08005,4939.0
2024-04-05 09:30:00,FX:EURUSD,1.08005,1.0805,1.07952,1.07967,6408.0
2024-04-05 09:45:00,FX:EURUSD,1.07967,1.08054,1.07951,1.0801,4298.0
2024-04-05 10:00:00,FX:EURUSD,1.0801,1.08134,1.07969,1.08133,4367.0
2024-04-05 10:15:00,FX:EURUSD,1.08133,1.08197,1.08114,1.0818699999999999,4755.0
2024-04-05 10:30:00,FX:EURUSD,1.0818699999999999,1.0826,1.08168,1.08247,4712.0
2024-04-05 10:45:00,FX:EURUSD,1.08247,1.08263,1.08146,1.08186,4095.0
2024-04-05 11:00:00,FX:EURUSD,1.08186,1.08294,1.0816,1.0829199999999999,4834.0
2024-04-05 11:15:00,FX:EURUSD,1.0829199999999999,1.08314,1.08252,1.08312,3438.0
2024-04-05 11:30:00,FX:EURUSD,1.08312,1.08388,1.08277,1.08378,2936.0
2024-04-05 11:45:00,FX:EURUSD,1.08378,1.08434,1.08377,1.08402,2300.0
2024-04-05 12:00:00,FX:EURUSD,1.08402,1.08444,1.08401,1.08411,2007.0
2024-04-05 12:15:00,FX:EURUSD,1.08411,1.08413,1.08361,1.08364,1577.0
2024-04-05 12:30:00,FX:EURUSD,1.08364,1.08387,1.08331,1.08383,1817.0
2024-04-05 12:45:00,FX:EURUSD,1.08383,1.08384,1.08343,1.08357,1506.0
2024-04-05 13:00:00,FX:EURUSD,1.08357,1.08372,1.08342,1.08344,1288.0
2024-04-05 13:15:00,FX:EURUSD,1.08344,1.08383,1.08342,1.08377,1674.0
2024-04-05 13:30:00,FX:EURUSD,1.08377,1.08389,1.08359,1.08372,1250.0
2024-04-05 13:45:00,FX:EURUSD,1.08372,1.08373,1.08314,1.08329,1420.0
2024-04-05 14:00:00,FX:EURUSD,1.08329,1.08373,1.08307,1.08365,2331.0
2024-04-05 14:15:00,FX:EURUSD,1.08365,1.08373,1.08349,1.08362,1758.0
2024-04-05 14:30:00,FX:EURUSD,1.08362,1.0838,1.08355,1.08376,1577.0
2024-04-05 14:45:00,FX:EURUSD,1.08376,1.08376,1.08334,1.08348,1409.0
2024-04-05 15:00:00,FX:EURUSD,1.08348,1.08354,1.08319,1.08333,1343.0
2024-04-05 15:15:00,FX:EURUSD,1.08333,1.08362,1.08328,1.08352,1177.0
2024-04-05 15:30:00,FX:EURUSD,1.08352,1.08363,1.08327,1.08327,1111.0
2024-04-05 15:45:00,FX:EURUSD,1.08327,1.08369,1.08327,1.08355,1374.0
2024-04-05 16:00:00,FX:EURUSD,1.08355,1.08372,1.08337,1.0836999999999999,665.0
2024-04-05 16:15:00,FX:EURUSD,1.0836999999999999,1.08375,1.08357,1.08368,584.0
2024-04-05 16:30:00,FX:EURUSD,1.08368,1.08374,1.08364,1.08374,526.0
2024-04-05 16:45:00,FX:EURUSD,1.08374,1.08378,1.08343,1.0836,1461.0
2024-04-07 17:00:00,FX:EURUSD,1.08343,1.08363,1.08341,1.08362,214.0
2024-04-07 17:15:00,FX:EURUSD,1.08362,1.08362,1.08345,1.08346,168.0
2024-04-07 17:30:00,FX:EURUSD,1.08346,1.08371,1.08345,1.08364,427.0
2024-04-07 17:45:00,FX:EURUSD,1.08364,1.08388,1.08364,1.08376,940.0
2024-04-07 18:00:00,FX:EURUSD,1.08376,1.08376,1.08286,1.08286,585.0
2024-04-07 18:15:00,FX:EURUSD,1.08286,1.08296,1.08281,1.08296,333.0
2024-04-07 18:30:00,FX:EURUSD,1.08296,1.08311,1.0829199999999999,1.0829199999999999,426.0
2024-04-07 18:45:00,FX:EURUSD,1.0829199999999999,1.08296,1.08272,1.0828,257.0
2024-04-07 19:00:00,FX:EURUSD,1.0828,1.0833,1.08277,1.08324,472.0
2024-04-07 19:15:00,FX:EURUSD,1.08324,1.08328,1.0830899999999999,1.0831,361.0
2024-04-07 19:30:00,FX:EURUSD,1.0831,1.08325,1.08308,1.08319,514.0
2024-04-07 19:45:00,FX:EURUSD,1.08319,1.08319,1.08285,1.08299,876.0
2024-04-07 20:00:00,FX:EURUSD,1.08299,1.08301,1.08232,1.08233,1803.0
2024-04-07 20:15:00,FX:EURUSD,1.08233,1.08261,1.0823099999999999,1.08244,1184.0
2024-04-07 20:30:00,FX:EURUSD,1.08244,1.08256,1.0823,1.08233,866.0
2024-04-07 20:45:00,FX:EURUSD,1.08233,1.08278,1.0823099999999999,1.08269,1741.0
2024-04-07 21:00:00,FX:EURUSD,1.08269,1.08305,1.08268,1.08305,2525.0
2024-04-07 21:15:00,FX:EURUSD,1.08305,1.0831,1.08277,1.08285,1834.0
2024-04-07 21:30:00,FX:EURUSD,1.08285,1.0833599999999999,1.08285,1.0833,1573.0
2024-04-07 21:45:00,FX:EURUSD,1.0833,1.08364,1.08322,1.0835299999999999,1380.0
2024-04-07 22:00:00,FX:EURUSD,1.0835299999999999,1.0838,1.08348,1.0838,1158.0
2024-04-07 22:15:00,FX:EURUSD,1.0838,1.0839,1.08363,1.08377,1142.0
2024-04-07 22:30:00,FX:EURUSD,1.08377,1.08419,1.08377,1.0841,1754.0
2024-04-07 22:45:00,FX:EURUSD,1.0841,1.08432,1.08402,1.08406,1282.0
2024-04-07 23:00:00,FX:EURUSD,1.08406,1.08417,1.08386,1.08389,1042.0
2024-04-07 23:15:00,FX:EURUSD,1.08389,1.08392,1.08358,1.08359,949.0
2024-04-07 23:30:00,FX:EURUSD,1.08359,1.08362,1.0833599999999999,1.08342,1090.0
2024-04-07 23:45:00,FX:EURUSD,1.08342,1.08343,1.08321,1.08333,779.0
2024-04-08 00:00:00,FX:EURUSD,1.08333,1.08355,1.08331,1.0834,1024.0
2024-04-08 00:15:00,FX:EURUSD,1.0834,1.08341,1.08323,1.08327,740.0
2024-04-08 00:30:00,FX:EURUSD,1.08327,1.08334,1.08317,1.08325,670.0
2024-04-08 00:45:00,FX:EURUSD,1.08325,1.08327,1.08311,1.08322,700.0
2024-04-08 01:00:00,FX:EURUSD,1.08322,1.0835,1.08321,1.08342,967.0
2024-04-08 01:15:00,FX:EURUSD,1.08342,1.08373,1.08341,1.08361,855.0
2024-04-08 01:30:00,FX:EURUSD,1.08361,1.08362,1.08334,1.08352,1480.0
2024-04-08 01:45:00,FX:EURUSD,1.08352,1.08356,1.08326,1.08344,1500.0
2024-04-08 02:00:00,FX:EURUSD,1.08344,1.08375,1.08339,1.08347,2163.0
2024-04-08 02:15:00,FX:EURUSD,1.08347,1.08348,1.083,1.08315,1865.0
2024-04-08 02:30:00,FX:EURUSD,1.08315,1.08344,1.08297,1.08307,2169.0
2024-04-08 02:45:00,FX:EURUSD,1.08307,1.0835,1.08307,1.08339,1599.0
2024-04-08 03:00:00,FX:EURUSD,1.08339,1.08342,1.083,1.0833599999999999,2919.0
2024-04-08 03:15:00,FX:EURUSD,1.0833599999999999,1.08362,1.08306,1.0830899999999999,2291.0
2024-04-08 03:30:00,FX:EURUSD,1.0830899999999999,1.08362,1.08283,1.08347,2241.0
2024-04-08 03:45:00,FX:EURUSD,1.08347,1.08377,1.0831,1.08322,2334.0
2024-04-08 04:00:00,FX:EURUSD,1.08322,1.0835299999999999,1.08314,1.08346,2470.0
2024-04-08 04:15:00,FX:EURUSD,1.08346,1.08348,1.0828,1.08282,2922.0
2024-04-08 04:30:00,FX:EURUSD,1.08282,1.0831,1.08269,1.0827,2811.0
2024-04-08 04:45:00,FX:EURUSD,1.0827,1.08272,1.08222,1.08234,2432.0
2024-04-08 05:00:00,FX:EURUSD,1.08234,1.08255,1.08209,1.08222,2267.0
2024-04-08 05:15:00,FX:EURUSD,1.08222,1.0828,1.08211,1.08274,1914.0
2024-04-08 05:30:00,FX:EURUSD,1.08274,1.08286,1.08245,1.08282,1937.0
2024-04-08 05:45:00,FX:EURUSD,1.08282,1.08299,1.08266,1.08279,1350.0
2024-04-08 06:00:00,FX:EURUSD,1.08279,1.08299,1.08258,1.08291,1506.0
2024-04-08 06:15:00,FX:EURUSD,1.08291,1.08338,1.08291,1.08327,984.0
2024-04-08 06:30:00,FX:EURUSD,1.08327,1.08341,1.08313,1.08324,1271.0
2024-04-08 06:45:00,FX:EURUSD,1.08324,1.0833,1.08303,1.08323,1368.0
2024-04-08 07:00:00,FX:EURUSD,1.08323,1.08332,1.08269,1.08269,1429.0
2024-04-08 07:15:00,FX:EURUSD,1.08269,1.08293,1.08261,1.08271,1352.0
2024-04-08 07:30:00,FX:EURUSD,1.08271,1.08283,1.08242,1.08277,1230.0
2024-04-08 07:45:00,FX:EURUSD,1.08277,1.08279,1.08232,1.08238,1327.0
2024-04-08 08:00:00,FX:EURUSD,1.08238,1.08261,1.08215,1.08249,1756.0
2024-04-08 08:15:00,FX:EURUSD,1.08249,1.0828,1.08244,1.08278,1853.0
2024-04-08 08:30:00,FX:EURUSD,1.08278,1.08328,1.0827,1.08295,2356.0
2024-04-08 08:45:00,FX:EURUSD,1.08295,1.08356,1.08289,1.08342,1939.0
2024-04-08 09:00:00,FX:EURUSD,1.08342,1.08409,1.08342,1.08367,2554.0
2024-04-08 09:15:00,FX:EURUSD,1.08367,1.08415,1.08366,1.08402,2091.0
2024-04-08 09:30:00,FX:EURUSD,1.08402,1.08508,1.084,1.08482,3837.0
2024-04-08 09:45:00,FX:EURUSD,1.08482,1.08534,1.08461,1.08517,3046.0
2024-04-08 10:00:00,FX:EURUSD,1.08517,1.08522,1.08449,1.0845,3339.0
2024-04-08 10:15:00,FX:EURUSD,1.0845,1.08538,1.08433,1.08522,3127.0
2024-04-08 10:30:00,FX:EURUSD,1.08522,1.08542,1.0849,1.08499,3154.0
2024-04-08 10:45:00,FX:EURUSD,1.08499,1.08564,1.08471,1.08533,3024.0
2024-04-08 11:00:00,FX:EURUSD,1.08533,1.08589,1.08512,1.08566,2569.0
2024-04-08 11:15:00,FX:EURUSD,1.08566,1.08571,1.0853,1.08545,2049.0
2024-04-08 11:30:00,FX:EURUSD,1.08545,1.08559,1.0851,1.08522,2017.0
2024-04-08 11:45:00,FX:EURUSD,1.08522,1.08533,1.08494,1.08526,2013.0
2024-04-08 12:00:00,FX:EURUSD,1.08526,1.08529,1.08481,1.08482,1933.0
2024-04-08 12:15:00,FX:EURUSD,1.08482,1.08495,1.08467,1.08487,1837.0
2024-04-08 12:30:00,FX:EURUSD,1.08487,1.08513,1.08483,1.08497,1246.0
2024-04-08 12:45:00,FX:EURUSD,1.08497,1.08511,1.0848,1.08501,1162.0
2024-04-08 13:00:00,FX:EURUSD,1.08501,1.08535,1.08494,1.0853,981.0
2024-04-08 13:15:00,FX:EURUSD,1.0853,1.0858,1.08526,1.08577,1360.0
2024-04-08 13:30:00,FX:EURUSD,1.08577,1.08593,1.0856999999999999,1.08581,1379.0
2024-04-08 13:45:00,FX:EURUSD,1.08581,1.08584,1.08563,1.08578,1047.0
2024-04-08 14:00:00,FX:EURUSD,1.08578,1.08594,1.08567,1.08576,891.0
2024-04-08 14:15:00,FX:EURUSD,1.08576,1.08622,1.08576,1.0861399999999999,1090.0
2024-04-08 14:30:00,FX:EURUSD,1.0861399999999999,1.08615,1.08582,1.08599,909.0
2024-04-08 14:45:00,FX:EURUSD,1.08599,1.08606,1.08556,1.08573,1633.0
2024-04-08 15:00:00,FX:EURUSD,1.08573,1.08587,1.08567,1.08572,1214.0
2024-04-08 15:15:00,FX:EURUSD,1.08572,1.08589,1.08565,1.08586,957.0
2024-04-08 15:30:00,FX:EURUSD,1.08586,1.08586,1.08566,1.08574,892.0
2024-04-08 15:45:00,FX:EURUSD,1.08574,1.08582,1.08559,1.08568,1022.0
2024-04-08 16:00:00,FX:EURUSD,1.08568,1.08584,1.08562,1.08574,451.0
2024-04-08 16:15:00,FX:EURUSD,1.08574,1.08591,1.08574,1.08583,244.0
2024-04-08 16:30:00,FX:EURUSD,1.08583,1.08593,1.08579,1.08584,790.0
2024-04-08 16:45:00,FX:EURUSD,1.08584,1.08598,1.08582,1.08591,743.0
2024-04-08 17:00:00,FX:EURUSD,1.08591,1.08591,1.0854,1.08575,513.0
2024-04-08 17:15:00,FX:EURUSD,1.08575,1.08632,1.08551,1.08565,2792.0
2024-04-08 17:30:00,FX:EURUSD,1.08565,1.0859699999999999,1.08556,1.08586,1616.0
2024-04-08 17:45:00,FX:EURUSD,1.08586,1.08593,1.08584,1.08589,1372.0
2024-04-08 18:00:00,FX:EURUSD,1.08589,1.08607,1.08589,1.08605,175.0
2024-04-08 18:15:00,FX:EURUSD,1.08605,1.0861,1.086,1.08604,195.0
2024-04-08 18:30:00,FX:EURUSD,1.08604,1.08607,1.08599,1.08605,264.0
2024-04-08 18:45:00,FX:EURUSD,1.08605,1.08608,1.08601,1.08605,119.0
2024-04-08 19:00:00,FX:EURUSD,1.08605,1.0862,1.08605,1.08616,393.0
2024-04-08 19:15:00,FX:EURUSD,1.08616,1.08618,1.08607,1.08617,682.0
2024-04-08 19:30:00,FX:EURUSD,1.08617,1.08632,1.08616,1.08632,493.0
2024-04-08 19:45:00,FX:EURUSD,1.08632,1.08633,1.08616,1.0862,652.0
2024-04-08 20:00:00,FX:EURUSD,1.0862,1.08635,1.08609,1.08622,874.0
2024-04-08 20:15:00,FX:EURUSD,1.08622,1.08622,1.08584,1.08596,841.0
2024-04-08 20:30:00,FX:EURUSD,1.08596,1.08623,1.08594,1.0859699999999999,1011.0
2024-04-08 20:45:00,FX:EURUSD,1.0859699999999999,1.08607,1.08576,1.08587,794.0
2024-04-08 21:00:00,FX:EURUSD,1.08587,1.08607,1.08574,1.08594,1588.0
2024-04-08 21:15:00,FX:EURUSD,1.08594,1.0859699999999999,1.08569,1.08594,1337.0
2024-04-08 21:30:00,FX:EURUSD,1.08594,1.0862,1.08593,1.08605,1513.0
2024-04-08 21:45:00,FX:EURUSD,1.08605,1.0861399999999999,1.08594,1.08596,1151.0
2024-04-08 22:00:00,FX:EURUSD,1.08596,1.08604,1.08576,1.08603,1003.0
2024-04-08 22:15:00,FX:EURUSD,1.08603,1.08622,1.08589,1.08589,1037.0
2024-04-08 22:30:00,FX:EURUSD,1.08589,1.08589,1.08567,1.08569,1136.0
2024-04-08 22:45:00,FX:EURUSD,1.08569,1.08573,1.08557,1.08569,625.0
2024-04-08 23:00:00,FX:EURUSD,1.08569,1.08572,1.08554,1.08559,423.0
2024-04-08 23:15:00,FX:EURUSD,1.08559,1.08575,1.08558,1.08564,941.0
2024-04-08 23:30:00,FX:EURUSD,1.08564,1.08565,1.08546,1.08546,658.0
2024-04-08 23:45:00,FX:EURUSD,1.08546,1.0856,1.08539,1.0855299999999999,688.0
2024-04-09 00:00:00,FX:EURUSD,1.0855299999999999,1.08565,1.0855299999999999,1.08557,373.0
2024-04-09 00:15:00,FX:EURUSD,1.08557,1.08574,1.08556,1.08574,561.0
2024-04-09 00:30:00,FX:EURUSD,1.08574,1.08584,1.0856999999999999,1.08571,713.0
2024-04-09 00:45:00,FX:EURUSD,1.08571,1.08581,1.08562,1.08565,407.0
2024-04-09 01:00:00,FX:EURUSD,1.08565,1.0858,1.08561,1.08579,546.0
2024-04-09 01:15:00,FX:EURUSD,1.08579,1.08584,1.08571,1.08574,572.0
2024-04-09 01:30:00,FX:EURUSD,1.08574,1.08574,1.0856,1.08569,599.0
2024-04-09 01:45:00,FX:EURUSD,1.08569,1.08586,1.08559,1.08578,969.0
2024-04-09 02:00:00,FX:EURUSD,1.08578,1.08626,1.08577,1.08599,1454.0
2024-04-09 02:15:00,FX:EURUSD,1.08599,1.086,1.08551,1.08557,1314.0
2024-04-09 02:30:00,FX:EURUSD,1.08557,1.08564,1.08543,1.08557,1175.0
2024-04-09 02:45:00,FX:EURUSD,1.08557,1.08568,1.08511,1.08521,1290.0
2024-04-09 03:00:00,FX:EURUSD,1.08521,1.0859699999999999,1.0852,1.08585,2192.0
2024-04-09 03:15:00,FX:EURUSD,1.08585,1.08601,1.0855,1.08554,1681.0
2024-04-09 03:30:00,FX:EURUSD,1.08554,1.08591,1.08542,1.08543,1607.0
2024-04-09 03:45:00,FX:EURUSD,1.08543,1.08556,1.08513,1.08532,1574.0
2024-04-09 04:00:00,FX:EURUSD,1.08532,1.08542,1.0849,1.0854,1782.0
2024-04-09 04:15:00,FX:EURUSD,1.0854,1.08561,1.08535,1.08549,1073.0
2024-04-09 04:30:00,FX:EURUSD,1.08549,1.08564,1.08529,1.08558,1546.0
2024-04-09 04:45:00,FX:EURUSD,1.08558,1.08586,1.08551,1.08575,1267.0
2024-04-09 05:00:00,FX:EURUSD,1.08575,1.08616,1.08564,1.08609,1299.0
2024-04-09 05:15:00,FX:EURUSD,1.08609,1.08642,1.0856999999999999,1.0864,1673.0
2024-04-09 05:30:00,FX:EURUSD,1.0864,1.08655,1.08604,1.08645,1806.0
2024-04-09 05:45:00,FX:EURUSD,1.08645,1.0865799999999999,1.08624,1.0865,1839.0
2024-04-09 06:00:00,FX:EURUSD,1.0865,1.08677,1.0865,1.08672,1422.0
2024-04-09 06:15:00,FX:EURUSD,1.08672,1.08699,1.08671,1.08682,954.0
2024-04-09 06:30:00,FX:EURUSD,1.08682,1.08699,1.0867,1.08676,1244.0
2024-04-09 06:45:00,FX:EURUSD,1.08676,1.08706,1.08668,1.0869,1375.0
2024-04-09 07:00:00,FX:EURUSD,1.0869,1.08728,1.08674,1.08696,1307.0
2024-04-09 07:15:00,FX:EURUSD,1.08696,1.08713,1.08677,1.08683,1337.0
2024-04-09 07:30:00,FX:EURUSD,1.08683,1.08684,1.08595,1.08604,1335.0
2024-04-09 07:45:00,FX:EURUSD,1.08604,1.08622,1.08591,1.08613,1362.0
2024-04-09 08:00:00,FX:EURUSD,1.08613,1.08686,1.08602,1.08678,2607.0
2024-04-09 08:15:00,FX:EURUSD,1.08678,1.08693,1.08646,1.08681,2380.0
2024-04-09 08:30:00,FX:EURUSD,1.08681,1.08779,1.08668,1.08778,3023.0
2024-04-09 08:45:00,FX:EURUSD,1.08778,1.08839,1.0877,1.08805,3022.0
2024-04-09 09:00:00,FX:EURUSD,1.08805,1.08811,1.08761,1.08808,2582.0
2024-04-09 09:15:00,FX:EURUSD,1.08808,1.08824,1.08761,1.08818,2773.0
2024-04-09 09:30:00,FX:EURUSD,1.08818,1.0885,1.08813,1.08813,3595.0
2024-04-09 09:45:00,FX:EURUSD,1.08813,1.08819,1.08762,1.08787,2838.0
2024-04-09 10:00:00,FX:EURUSD,1.08787,1.08823,1.08787,1.08805,2564.0
2024-04-09 10:15:00,FX:EURUSD,1.08805,1.0881,1.08686,1.08699,2370.0
2024-04-09 10:30:00,FX:EURUSD,1.08699,1.0871,1.08559,1.08576,4634.0
2024-04-09 10:45:00,FX:EURUSD,1.08576,1.08605,1.0853,1.08573,4437.0
2024-04-09 11:00:00,FX:EURUSD,1.08573,1.08578,1.08525,1.08533,3485.0
2024-04-09 11:15:00,FX:EURUSD,1.08533,1.08572,1.08522,1.08533,3292.0
2024-04-09 11:30:00,FX:EURUSD,1.08533,1.08583,1.08533,1.08578,2833.0
2024-04-09 11:45:00,FX:EURUSD,1.08578,1.0859,1.08548,1.08556,1998.0
2024-04-09 12:00:00,FX:EURUSD,1.08556,1.0859,1.0855299999999999,1.08588,2637.0
2024-04-09 12:15:00,FX:EURUSD,1.08588,1.0859,1.08558,1.08572,1792.0
2024-04-09 12:30:00,FX:EURUSD,1.08572,1.08601,1.0856999999999999,1.08578,1027.0
2024-04-09 12:45:00,FX:EURUSD,1.08578,1.08582,1.08534,1.08545,1490.0
2024-04-09 13:00:00,FX:EURUSD,1.08545,1.0855299999999999,1.08527,1.08531,1479.0
2024-04-09 13:15:00,FX:EURUSD,1.08531,1.08554,1.08512,1.0853,1494.0
2024-04-09 13:30:00,FX:EURUSD,1.0853,1.08547,1.0852,1.08534,1387.0
2024-04-09 13:45:00,FX:EURUSD,1.08534,1.08544,1.08511,1.08514,1329.0
2024-04-09 14:00:00,FX:EURUSD,1.08514,1.08531,1.08499,1.08525,1049.0
2024-04-09 14:15:00,FX:EURUSD,1.08525,1.08546,1.0852,1.08529,1041.0
2024-04-09 14:30:00,FX:EURUSD,1.08529,1.08547,1.08525,1.08528,1306.0
2024-04-09 14:45:00,FX:EURUSD,1.08528,1.08542,1.08511,1.08529,1488.0
2024-04-09 15:00:00,FX:EURUSD,1.08529,1.08529,1.08476,1.0849199999999999,1522.0
2024-04-09 15:15:00,FX:EURUSD,1.0849199999999999,1.08551,1.0849199999999999,1.0855,1774.0
2024-04-09 15:30:00,FX:EURUSD,1.0855,1.08566,1.0854,1.08563,1721.0
2024-04-09 15:45:00,FX:EURUSD,1.08563,1.08573,1.0855299999999999,1.08566,2059.0
2024-04-09 16:00:00,FX:EURUSD,1.08566,1.08588,1.08555,1.08586,530.0
2024-04-09 16:15:00,FX:EURUSD,1.08586,1.08591,1.08574,1.08576,359.0
2024-04-09 16:30:00,FX:EURUSD,1.08576,1.08581,1.08568,1.0856999999999999,412.0
2024-04-09 16:45:00,FX:EURUSD,1.0856999999999999,1.08574,1.08565,1.08568,705.0
2024-04-09 17:00:00,FX:EURUSD,1.08568,1.08568,1.08541,1.08556,1218.0
2024-04-09 17:15:00,FX:EURUSD,1.08556,1.08574,1.0853599999999999,1.0855,2209.0
2024-04-09 17:30:00,FX:EURUSD,1.0855,1.0858,1.08511,1.0855299999999999,4253.0
2024-04-09 17:45:00,FX:EURUSD,1.0855299999999999,1.08592,1.08547,1.08576,582.0
2024-04-09 18:00:00,FX:EURUSD,1.08576,1.08582,1.08569,1.08577,219.0
2024-04-09 18:15:00,FX:EURUSD,1.08577,1.08585,1.08575,1.08578,155.0
2024-04-09 18:30:00,FX:EURUSD,1.08578,1.08586,1.08576,1.08582,159.0
2024-04-09 18:45:00,FX:EURUSD,1.08582,1.08588,1.08578,1.08587,147.0
2024-04-09 19:00:00,FX:EURUSD,1.08587,1.08589,1.08583,1.08587,218.0
2024-04-09 19:15:00,FX:EURUSD,1.08587,1.0859699999999999,1.08586,1.0859699999999999,168.0
2024-04-09 19:30:00,FX:EURUSD,1.0859699999999999,1.0859699999999999,1.08585,1.08591,228.0
2024-04-09 19:45:00,FX:EURUSD,1.08591,1.08591,1.08577,1.08588,377.0
2024-04-09 20:00:00,FX:EURUSD,1.08588,1.08588,1.08554,1.08579,846.0
2024-04-09 20:15:00,FX:EURUSD,1.08579,1.08582,1.08556,1.08564,968.0
2024-04-09 20:30:00,FX:EURUSD,1.08564,1.0858,1.08554,1.08559,715.0
2024-04-09 20:45:00,FX:EURUSD,1.08559,1.08574,1.0855,1.08571,789.0
2024-04-09 21:00:00,FX:EURUSD,1.08571,1.08588,1.08556,1.08556,930.0
2024-04-09 21:15:00,FX:EURUSD,1.08556,1.08566,1.08533,1.08539,1075.0
2024-04-09 21:30:00,FX:EURUSD,1.08539,1.08549,1.08514,1.08518,1071.0
2024-04-09 21:45:00,FX:EURUSD,1.08518,1.0855299999999999,1.08514,1.08544,804.0
2024-04-09 22:00:00,FX:EURUSD,1.08544,1.08555,1.08521,1.08525,1422.0
2024-04-09 22:15:00,FX:EURUSD,1.08525,1.0853599999999999,1.0851,1.08513,827.0
2024-04-09 22:30:00,FX:EURUSD,1.08513,1.08542,1.08508,1.08539,906.0
2024-04-09 22:45:00,FX:EURUSD,1.08539,1.08549,1.08516,1.08534,815.0
2024-04-09 23:00:00,FX:EURUSD,1.08534,1.0854,1.0852,1.0854,524.0
2024-04-09 23:15:00,FX:EURUSD,1.0854,1.08543,1.08526,1.08532,717.0
2024-04-09 23:30:00,FX:EURUSD,1.08532,1.08538,1.08522,1.0853599999999999,700.0
2024-04-09 23:45:00,FX:EURUSD,1.0853599999999999,1.08542,1.08523,1.08531,536.0
2024-04-10 00:00:00,FX:EURUSD,1.08531,1.08531,1.08504,1.08521,626.0
2024-04-10 00:15:00,FX:EURUSD,1.08521,1.08521,1.0850899999999999,1.08517,557.0
2024-04-10 00:30:00,FX:EURUSD,1.08517,1.08527,1.08513,1.0852,457.0
2024-04-10 00:45:00,FX:EURUSD,1.0852,1.08535,1.08512,1.08525,432.0
2024-04-10 01:00:00,FX:EURUSD,1.08525,1.08544,1.08519,1.08544,646.0
2024-04-10 01:15:00,FX:EURUSD,1.08544,1.08556,1.08542,1.08544,776.0
2024-04-10 01:30:00,FX:EURUSD,1.08544,1.08551,1.08532,1.08539,714.0
2024-04-10 01:45:00,FX:EURUSD,1.08539,1.08539,1.08512,1.08518,856.0
2024-04-10 02:00:00,FX:EURUSD,1.08518,1.08525,1.0848,1.08502,1648.0
2024-04-10 02:15:00,FX:EURUSD,1.08502,1.08527,1.08495,1.085,1322.0
2024-04-10 02:30:00,FX:EURUSD,1.085,1.08522,1.08476,1.08521,1208.0
2024-04-10 02:45:00,FX:EURUSD,1.08521,1.08548,1.08514,1.08531,1912.0
2024-04-10 03:00:00,FX:EURUSD,1.08531,1.08561,1.08521,1.08551,1823.0
2024-04-10 03:15:00,FX:EURUSD,1.08551,1.08559,1.08508,1.08556,2141.0
2024-04-10 03:30:00,FX:EURUSD,1.08556,1.08571,1.08514,1.08523,1576.0
2024-04-10 03:45:00,FX:EURUSD,1.08523,1.08564,1.08513,1.08554,1830.0
2024-04-10 04:00:00,FX:EURUSD,1.08554,1.08562,1.08513,1.0856,1524.0
2024-04-10 04:15:00,FX:EURUSD,1.0856,1.08594,1.08532,1.08577,1703.0
2024-04-10 04:30:00,FX:EURUSD,1.08577,1.08588,1.08541,1.08552,1964.0
2024-04-10 04:45:00,FX:EURUSD,1.08552,1.08606,1.08551,1.08603,1519.0
2024-04-10 05:00:00,FX:EURUSD,1.08603,1.08618,1.0856999999999999,1.0856999999999999,1603.0
2024-04-10 05:15:00,FX:EURUSD,1.0856999999999999,1.0862,1.08567,1.08604,1349.0
2024-04-10 05:30:00,FX:EURUSD,1.08604,1.08629,1.08599,1.08621,1375.0
2024-04-10 05:45:00,FX:EURUSD,1.08621,1.08655,1.08603,1.08615,1456.0
2024-04-10 06:00:00,FX:EURUSD,1.08615,1.08622,1.08603,1.08618,1333.0
2024-04-10 06:15:00,FX:EURUSD,1.08618,1.08657,1.08604,1.08657,1460.0
2024-04-10 06:30:00,FX:EURUSD,1.08657,1.0865799999999999,1.0863,1.08633,1432.0
2024-04-10 06:45:00,FX:EURUSD,1.08633,1.08653,1.08627,1.08643,846.0
2024-04-10 07:00:00,FX:EURUSD,1.08643,1.08648,1.08619,1.08634,1335.0
2024-04-10 07:15:00,FX:EURUSD,1.08634,1.08665,1.08618,1.0863,1197.0
2024-04-10 07:30:00,FX:EURUSD,1.0863,1.08632,1.08586,1.08593,1276.0
2024-04-10 07:45:00,FX:EURUSD,1.08593,1.0861,1.08548,1.08555,1694.0
2024-04-10 08:00:00,FX:EURUSD,1.08555,1.0861,1.08555,1.08607,1867.0
2024-04-10 08:15:00,FX:EURUSD,1.08607,1.08648,1.08574,1.08612,2516.0
2024-04-10 08:30:00,FX:EURUSD,1.08612,1.08615,1.0778699999999999,1.07808,14387.0
2024-04-10 08:45:00,FX:EURUSD,1.07808,1.0798,1.07783,1.07807,12240.0
2024-04-10 09:00:00,FX:EURUSD,1.07807,1.0781,1.0763,1.0765,8888.0
2024-04-10 09:15:00,FX:EURUSD,1.0765,1.07741,1.07649,1.07732,6613.0
2024-04-10 09:30:00,FX:EURUSD,1.07732,1.07744,1.07593,1.07607,6824.0
2024-04-10 09:45:00,FX:EURUSD,1.07607,1.07624,1.07494,1.0750899999999999,8838.0
2024-04-10 10:00:00,FX:EURUSD,1.0750899999999999,1.07601,1.07456,1.07545,6352.0
2024-04-10 10:15:00,FX:EURUSD,1.07545,1.0767,1.07529,1.07591,4188.0
2024-04-10 10:30:00,FX:EURUSD,1.07591,1.07636,1.07533,1.0754299999999999,4992.0
2024-04-10 10:45:00,FX:EURUSD,1.0754299999999999,1.07574,1.07486,1.07534,4226.0
2024-04-10 11:00:00,FX:EURUSD,1.07534,1.07546,1.07452,1.07456,3231.0
2024-04-10 11:15:00,FX:EURUSD,1.07456,1.07478,1.07416,1.07445,2859.0
2024-04-10 11:30:00,FX:EURUSD,1.07445,1.07451,1.07363,1.07377,2788.0
2024-04-10 11:45:00,FX:EURUSD,1.07377,1.07389,1.07333,1.07366,2420.0
2024-04-10 12:00:00,FX:EURUSD,1.07366,1.07374,1.07303,1.07311,2616.0
2024-04-10 12:15:00,FX:EURUSD,1.07311,1.07354,1.07294,1.073,1900.0
2024-04-10 12:30:00,FX:EURUSD,1.073,1.07334,1.07287,1.07321,1945.0
2024-04-10 12:45:00,FX:EURUSD,1.07321,1.07371,1.07316,1.07361,2251.0
2024-04-10 13:00:00,FX:EURUSD,1.07361,1.07379,1.0729,1.07342,4031.0
2024-04-10 13:15:00,FX:EURUSD,1.07342,1.07497,1.07341,1.07437,3233.0
2024-04-10 13:30:00,FX:EURUSD,1.07437,1.0754299999999999,1.074,1.07408,7995.0
2024-04-10 13:45:00,FX:EURUSD,1.07408,1.0753,1.07401,1.07505,4067.0
2024-04-10 14:00:00,FX:EURUSD,1.07505,1.07532,1.07475,1.07532,3833.0
2024-04-10 14:15:00,FX:EURUSD,1.07532,1.07542,1.07411,1.07422,4497.0
2024-04-10 14:30:00,FX:EURUSD,1.07422,1.07455,1.07389,1.07441,3371.0
2024-04-10 14:45:00,FX:EURUSD,1.07441,1.07446,1.0735,1.07363,3075.0
2024-04-10 15:00:00,FX:EURUSD,1.07363,1.07405,1.07356,1.07402,2687.0
2024-04-10 15:15:00,FX:EURUSD,1.07402,1.07449,1.07397,1.07428,3111.0
2024-04-10 15:30:00,FX:EURUSD,1.07428,1.07452,1.074,1.07451,2316.0
2024-04-10 15:45:00,FX:EURUSD,1.07451,1.07455,1.07427,1.07438,2677.0
2024-04-10 16:00:00,FX:EURUSD,1.07438,1.07445,1.07427,1.07441,868.0
2024-04-10 16:15:00,FX:EURUSD,1.07441,1.07456,1.07441,1.0744799999999999,564.0
2024-04-10 16:30:00,FX:EURUSD,1.0744799999999999,1.07449,1.07417,1.07417,584.0
2024-04-10 16:45:00,FX:EURUSD,1.07417,1.07426,1.07412,1.07423,478.0
2024-04-10 17:00:00,FX:EURUSD,1.07423,1.07451,1.07395,1.07433,353.0
2024-04-10 17:15:00,FX:EURUSD,1.07433,1.07446,1.07428,1.07437,212.0
2024-04-10 17:30:00,FX:EURUSD,1.07437,1.07439,1.07376,1.07425,1916.0
2024-04-10 17:45:00,FX:EURUSD,1.07425,1.07431,1.07406,1.07425,1547.0
2024-04-10 18:00:00,FX:EURUSD,1.07425,1.07438,1.07401,1.07412,391.0
2024-04-10 18:15:00,FX:EURUSD,1.07412,1.07431,1.0741,1.07425,240.0
2024-04-10 18:30:00,FX:EURUSD,1.07425,1.07431,1.07415,1.07429,362.0
2024-04-10 18:45:00,FX:EURUSD,1.07429,1.07436,1.07429,1.07432,233.0
2024-04-10 19:00:00,FX:EURUSD,1.07432,1.07439,1.0742099999999999,1.07429,731.0
2024-04-10 19:15:00,FX:EURUSD,1.07429,1.07447,1.07427,1.07443,820.0
2024-04-10 19:30:00,FX:EURUSD,1.07443,1.07447,1.07419,1.0742099999999999,768.0
2024-04-10 19:45:00,FX:EURUSD,1.0742099999999999,1.07423,1.07392,1.07411,907.0
2024-04-10 20:00:00,FX:EURUSD,1.07411,1.07439,1.07382,1.07437,1970.0
2024-04-10 20:15:00,FX:EURUSD,1.07437,1.07456,1.07423,1.07431,1450.0
2024-04-10 20:30:00,FX:EURUSD,1.07431,1.07459,1.07424,1.07433,1302.0
2024-04-10 20:45:00,FX:EURUSD,1.07433,1.07443,1.07414,1.07425,1480.0
2024-04-10 21:00:00,FX:EURUSD,1.07425,1.07459,1.07417,1.07436,1632.0
2024-04-10 21:15:00,FX:EURUSD,1.07436,1.07452,1.0741,1.07437,1528.0
2024-04-10 21:30:00,FX:EURUSD,1.07437,1.07462,1.07427,1.0744799999999999,1935.0
2024-04-10 21:45:00,FX:EURUSD,1.0744799999999999,1.07469,1.07438,1.07461,1881.0
2024-04-10 22:00:00,FX:EURUSD,1.07461,1.07466,1.07444,1.07452,1002.0
2024-04-10 22:15:00,FX:EURUSD,1.07452,1.07469,1.07452,1.07463,731.0
2024-04-10 22:30:00,FX:EURUSD,1.07463,1.07466,1.07443,1.07452,1068.0
2024-04-10 22:45:00,FX:EURUSD,1.07452,1.07464,1.07447,1.07454,997.0
2024-04-10 23:00:00,FX:EURUSD,1.07454,1.07469,1.07445,1.07469,938.0
2024-04-10 23:15:00,FX:EURUSD,1.07469,1.07488,1.07467,1.07479,859.0
2024-04-10 23:30:00,FX:EURUSD,1.07479,1.07483,1.0747,1.07475,734.0
2024-04-10 23:45:00,FX:EURUSD,1.07475,1.07477,1.07445,1.07447,802.0
2024-04-11 00:00:00,FX:EURUSD,1.07447,1.07457,1.07445,1.07457,623.0
2024-04-11 00:15:00,FX:EURUSD,1.07457,1.07462,1.0744799999999999,1.07455,555.0
2024-04-11 00:30:00,FX:EURUSD,1.07455,1.0746499999999999,1.07439,1.07444,792.0
2024-04-11 00:45:00,FX:EURUSD,1.07444,1.07464,1.07439,1.07462,544.0
2024-04-11 01:00:00,FX:EURUSD,1.07462,1.07472,1.07441,1.0746,953.0
2024-04-11 01:15:00,FX:EURUSD,1.0746,1.07467,1.07445,1.07452,729.0
2024-04-11 01:30:00,FX:EURUSD,1.07452,1.07463,1.07437,1.07441,686.0
2024-04-11 01:45:00,FX:EURUSD,1.07441,1.07449,1.07428,1.07429,1095.0
2024-04-11 02:00:00,FX:EURUSD,1.07429,1.07429,1.07356,1.0737,1700.0
2024-04-11 02:15:00,FX:EURUSD,1.0737,1.07392,1.0735999999999999,1.0737,2058.0
2024-04-11 02:30:00,FX:EURUSD,1.0737,1.07393,1.07346,1.07376,1958.0
2024-04-11 02:45:00,FX:EURUSD,1.07376,1.07377,1.07266,1.0728199999999999,1942.0
2024-04-11 03:00:00,FX:EURUSD,1.0728199999999999,1.07424,1.07278,1.07418,2733.0
2024-04-11 03:15:00,FX:EURUSD,1.07418,1.0744799999999999,1.07399,1.07415,2950.0
2024-04-11 03:30:00,FX:EURUSD,1.07415,1.07427,1.0734299999999999,1.07386,2998.0
2024-04-11 03:45:00,FX:EURUSD,1.07386,1.07441,1.07385,1.0743,2934.0
2024-04-11 04:00:00,FX:EURUSD,1.0743,1.07494,1.0743,1.07472,2452.0
2024-04-11 04:15:00,FX:EURUSD,1.07472,1.07494,1.07449,1.07463,1983.0
2024-04-11 04:30:00,FX:EURUSD,1.07463,1.07497,1.07449,1.07493,2448.0
2024-04-11 04:45:00,FX:EURUSD,1.07493,1.07496,1.07383,1.07405,2700.0
2024-04-11 05:00:00,FX:EURUSD,1.07405,1.07407,1.07345,1.0737,2304.0
2024-04-11 05:15:00,FX:EURUSD,1.0737,1.0738,1.0734299999999999,1.07373,2335.0
2024-04-11 05:30:00,FX:EURUSD,1.07373,1.07377,1.07314,1.07325,1916.0
2024-04-11 05:45:00,FX:EURUSD,1.07325,1.07332,1.07288,1.0731,1807.0
2024-04-11 06:00:00,FX:EURUSD,1.0731,1.07322,1.07277,1.07285,1971.0
2024-04-11 06:15:00,FX:EURUSD,1.07285,1.07335,1.07261,1.07333,1674.0
2024-04-11 06:30:00,FX:EURUSD,1.07333,1.07338,1.07264,1.07289,1804.0
2024-04-11 06:45:00,FX:EURUSD,1.07289,1.07301,1.07263,1.07297,1571.0
2024-04-11 07:00:00,FX:EURUSD,1.07297,1.07312,1.07286,1.07302,1468.0
2024-04-11 07:15:00,FX:EURUSD,1.07302,1.07331,1.0728199999999999,1.07324,1668.0
2024-04-11 07:30:00,FX:EURUSD,1.07324,1.07342,1.073,1.07302,2111.0
2024-04-11 07:45:00,FX:EURUSD,1.07302,1.07305,1.07253,1.07284,1878.0
2024-04-11 08:00:00,FX:EURUSD,1.07284,1.07322,1.07269,1.07321,2491.0
2024-04-11 08:15:00,FX:EURUSD,1.07321,1.0732599999999999,1.07149,1.07263,7301.0
2024-04-11 08:30:00,FX:EURUSD,1.07263,1.07468,1.07148,1.07314,14040.0
2024-04-11 08:45:00,FX:EURUSD,1.07314,1.07458,1.07298,1.07413,9317.0
2024-04-11 09:00:00,FX:EURUSD,1.07413,1.07477,1.0728,1.07437,9081.0
2024-04-11 09:15:00,FX:EURUSD,1.07437,1.07564,1.07403,1.07555,6552.0
2024-04-11 09:30:00,FX:EURUSD,1.07555,1.07555,1.07359,1.07375,7143.0
2024-04-11 09:45:00,FX:EURUSD,1.07375,1.07399,1.0731,1.07347,4290.0
2024-04-11 10:00:00,FX:EURUSD,1.07347,1.07347,1.07262,1.07264,5852.0
2024-04-11 10:15:00,FX:EURUSD,1.07264,1.07268,1.07106,1.07109,4567.0
2024-04-11 10:30:00,FX:EURUSD,1.07109,1.07113,1.07016,1.07034,5497.0
2024-04-11 10:45:00,FX:EURUSD,1.07034,1.07059,1.0699,1.07051,4213.0
2024-04-11 11:00:00,FX:EURUSD,1.07051,1.07115,1.07043,1.07078,3651.0
2024-04-11 11:15:00,FX:EURUSD,1.07078,1.07135,1.07045,1.07047,3149.0
2024-04-11 11:30:00,FX:EURUSD,1.07047,1.07167,1.07019,1.0714,3210.0
2024-04-11 11:45:00,FX:EURUSD,1.0714,1.07214,1.07138,1.07211,2996.0
2024-04-11 12:00:00,FX:EURUSD,1.07211,1.07227,1.07157,1.07163,3627.0
2024-04-11 12:15:00,FX:EURUSD,1.07163,1.07196,1.07135,1.07182,2107.0
2024-04-11 12:30:00,FX:EURUSD,1.07182,1.07192,1.07151,1.07178,2054.0
2024-04-11 12:45:00,FX:EURUSD,1.07178,1.07233,1.07169,1.07176,2192.0
2024-04-11 13:00:00,FX:EURUSD,1.07176,1.0725,1.07151,1.07246,4424.0
2024-04-11 13:15:00,FX:EURUSD,1.07246,1.07246,1.07212,1.07234,2383.0
2024-04-11 13:30:00,FX:EURUSD,1.07234,1.07266,1.07222,1.07259,1709.0
2024-04-11 13:45:00,FX:EURUSD,1.07259,1.07296,1.07249,1.07277,1670.0
2024-04-11 14:00:00,FX:EURUSD,1.07277,1.07344,1.0726499999999999,1.07306,2179.0
2024-04-11 14:15:00,FX:EURUSD,1.07306,1.07328,1.073,1.07317,1803.0
2024-04-11 14:30:00,FX:EURUSD,1.07317,1.07327,1.07297,1.07304,1111.0
2024-04-11 14:45:00,FX:EURUSD,1.07304,1.07306,1.07249,1.07255,1763.0
2024-04-11 15:00:00,FX:EURUSD,1.07255,1.07276,1.07252,1.0726,1359.0
2024-04-11 15:15:00,FX:EURUSD,1.0726,1.07296,1.07252,1.07288,1583.0
2024-04-11 15:30:00,FX:EURUSD,1.07288,1.07317,1.07275,1.07313,1078.0
2024-04-11 15:45:00,FX:EURUSD,1.07313,1.0732,1.07273,1.07288,1605.0
2024-04-11 16:00:00,FX:EURUSD,1.07288,1.07291,1.0726499999999999,1.0727,553.0
2024-04-11 16:15:00,FX:EURUSD,1.0727,1.07271,1.07256,1.07256,337.0
2024-04-11 16:30:00,FX:EURUSD,1.07256,1.07267,1.07256,1.07259,392.0
2024-04-11 16:45:00,FX:EURUSD,1.07259,1.07267,1.07254,1.07259,471.0
2024-04-11 17:00:00,FX:EURUSD,1.07259,1.0728,1.0723,1.07272,118.0
2024-04-11 17:15:00,FX:EURUSD,1.07272,1.07273,1.07252,1.07256,216.0
2024-04-11 17:30:00,FX:EURUSD,1.07256,1.07275,1.07256,1.07268,57.0
2024-04-11 17:45:00,FX:EURUSD,1.07268,1.07275,1.07261,1.0726499999999999,102.0
2024-04-11 18:00:00,FX:EURUSD,1.0726499999999999,1.07291,1.07262,1.07284,218.0
2024-04-11 18:15:00,FX:EURUSD,1.07284,1.07293,1.0728199999999999,1.07285,334.0
2024-04-11 18:30:00,FX:EURUSD,1.07285,1.07288,1.07277,1.07285,219.0
2024-04-11 18:45:00,FX:EURUSD,1.07285,1.07287,1.07278,1.07279,259.0
2024-04-11 19:00:00,FX:EURUSD,1.07279,1.07281,1.07274,1.07274,248.0
2024-04-11 19:15:00,FX:EURUSD,1.07274,1.07274,1.07263,1.07264,257.0
2024-04-11 19:30:00,FX:EURUSD,1.07264,1.07266,1.07256,1.0726,468.0
2024-04-11 19:45:00,FX:EURUSD,1.0726,1.07274,1.0723799999999999,1.0726,667.0
2024-04-11 20:00:00,FX:EURUSD,1.0726,1.07276,1.07236,1.07258,980.0
2024-04-11 20:15:00,FX:EURUSD,1.07258,1.07258,1.07224,1.0723,995.0
2024-04-11 20:30:00,FX:EURUSD,1.0723,1.07257,1.0723,1.07252,666.0
2024-04-11 20:45:00,FX:EURUSD,1.07252,1.07268,1.07242,1.07259,914.0
2024-04-11 21:00:00,FX:EURUSD,1.07259,1.0728199999999999,1.07244,1.07244,1285.0
2024-04-11 21:15:00,FX:EURUSD,1.07244,1.0726,1.07229,1.0723799999999999,1349.0
2024-04-11 21:30:00,FX:EURUSD,1.0723799999999999,1.07281,1.0723799999999999,1.07253,1456.0
2024-04-11 21:45:00,FX:EURUSD,1.07253,1.0726,1.07241,1.07244,1314.0
2024-04-11 22:00:00,FX:EURUSD,1.07244,1.07266,1.07232,1.07259,1044.0
2024-04-11 22:15:00,FX:EURUSD,1.07259,1.07259,1.07241,1.07244,839.0
2024-04-11 22:30:00,FX:EURUSD,1.07244,1.07261,1.07241,1.07256,783.0
2024-04-11 22:45:00,FX:EURUSD,1.07256,1.07274,1.07252,1.07266,643.0
2024-04-11 23:00:00,FX:EURUSD,1.07266,1.07266,1.07216,1.07219,724.0
2024-04-11 23:15:00,FX:EURUSD,1.07219,1.07232,1.07199,1.072,839.0
2024-04-11 23:30:00,FX:EURUSD,1.072,1.0720399999999999,1.07182,1.07184,891.0
2024-04-11 23:45:00,FX:EURUSD,1.07184,1.0718699999999999,1.07151,1.0717,649.0
2024-04-12 00:00:00,FX:EURUSD,1.0717,1.07174,1.0715999999999999,1.07165,606.0
2024-04-12 00:15:00,FX:EURUSD,1.07165,1.07168,1.07147,1.07149,396.0
2024-04-12 00:30:00,FX:EURUSD,1.07149,1.07151,1.07117,1.07122,487.0
2024-04-12 00:45:00,FX:EURUSD,1.07122,1.0714299999999999,1.07107,1.07111,755.0
2024-04-12 01:00:00,FX:EURUSD,1.07111,1.0714,1.0711,1.07124,1024.0
2024-04-12 01:15:00,FX:EURUSD,1.07124,1.07128,1.07108,1.07118,854.0
2024-04-12 01:30:00,FX:EURUSD,1.07118,1.07136,1.07115,1.07135,714.0
2024-04-12 01:45:00,FX:EURUSD,1.07135,1.0714,1.07103,1.07115,991.0
2024-04-12 02:00:00,FX:EURUSD,1.07115,1.07122,1.07049,1.07079,2427.0
2024-04-12 02:15:00,FX:EURUSD,1.07079,1.07097,1.07034,1.0703799999999999,1602.0
2024-04-12 02:30:00,FX:EURUSD,1.0703799999999999,1.07049,1.06837,1.06847,3683.0
2024-04-12 02:45:00,FX:EURUSD,1.06847,1.06864,1.06809,1.06829,3438.0
2024-04-12 03:00:00,FX:EURUSD,1.06829,1.06874,1.06776,1.06783,3781.0
2024-04-12 03:15:00,FX:EURUSD,1.06783,1.06801,1.06742,1.06761,3294.0
2024-04-12 03:30:00,FX:EURUSD,1.06761,1.0683799999999999,1.06756,1.06771,2802.0
2024-04-12 03:45:00,FX:EURUSD,1.06771,1.06843,1.06767,1.06842,3025.0
2024-04-12 04:00:00,FX:EURUSD,1.06842,1.06852,1.06765,1.06771,2404.0
2024-04-12 04:15:00,FX:EURUSD,1.06771,1.06834,1.06756,1.06789,2325.0
2024-04-12 04:30:00,FX:EURUSD,1.06789,1.0679,1.0675,1.06765,2133.0
2024-04-12 04:45:00,FX:EURUSD,1.06765,1.06781,1.06706,1.06711,2336.0
2024-04-12 05:00:00,FX:EURUSD,1.06711,1.06748,1.0668199999999999,1.06718,1836.0
2024-04-12 05:15:00,FX:EURUSD,1.06718,1.06719,1.06563,1.06597,2901.0
2024-04-12 05:30:00,FX:EURUSD,1.06597,1.06644,1.06561,1.06563,2108.0
2024-04-12 05:45:00,FX:EURUSD,1.06563,1.06623,1.06549,1.06603,2563.0
2024-04-12 06:00:00,FX:EURUSD,1.06603,1.06608,1.06546,1.06584,2268.0
2024-04-12 06:15:00,FX:EURUSD,1.06584,1.0659,1.06505,1.0654,2216.0
2024-04-12 06:30:00,FX:EURUSD,1.0654,1.06554,1.06515,1.06525,1686.0
2024-04-12 06:45:00,FX:EURUSD,1.06525,1.06531,1.06439,1.06468,3111.0
2024-04-12 07:00:00,FX:EURUSD,1.06468,1.06518,1.0646,1.06517,2072.0
2024-04-12 07:15:00,FX:EURUSD,1.06517,1.06592,1.0651599999999999,1.06573,2311.0
2024-04-12 07:30:00,FX:EURUSD,1.06573,1.06578,1.06546,1.06562,2078.0
2024-04-12 07:45:00,FX:EURUSD,1.06562,1.06585,1.06491,1.0651,2327.0
2024-04-12 08:00:00,FX:EURUSD,1.0651,1.06556,1.06496,1.06498,2664.0
2024-04-12 08:15:00,FX:EURUSD,1.06498,1.06542,1.06465,1.0648,2335.0
2024-04-12 08:30:00,FX:EURUSD,1.0648,1.06491,1.06349,1.06365,4432.0
2024-04-12 08:45:00,FX:EURUSD,1.06365,1.06404,1.06312,1.06383,4926.0
2024-04-12 09:00:00,FX:EURUSD,1.06383,1.06407,1.06331,1.0639399999999999,4767.0
2024-04-12 09:15:00,FX:EURUSD,1.0639399999999999,1.06406,1.06309,1.06351,4177.0
2024-04-12 09:30:00,FX:EURUSD,1.06351,1.06396,1.06313,1.06371,4905.0
2024-04-12 09:45:00,FX:EURUSD,1.06371,1.0644,1.06348,1.06427,4327.0
2024-04-12 10:00:00,FX:EURUSD,1.06427,1.06463,1.0628,1.06304,7377.0
2024-04-12 10:15:00,FX:EURUSD,1.06304,1.0631,1.06224,1.06301,5040.0
2024-04-12 10:30:00,FX:EURUSD,1.06301,1.06351,1.06279,1.0629,4360.0
2024-04-12 10:45:00,FX:EURUSD,1.0629,1.06335,1.06252,1.0629899999999999,4425.0
2024-04-12 11:00:00,FX:EURUSD,1.0629899999999999,1.06349,1.06292,1.06322,3555.0
2024-04-12 11:15:00,FX:EURUSD,1.06322,1.06404,1.0631,1.06403,2780.0
2024-04-12 11:30:00,FX:EURUSD,1.06403,1.06468,1.06396,1.06468,3520.0
2024-04-12 11:45:00,FX:EURUSD,1.06468,1.0651,1.06446,1.06466,2336.0
2024-04-12 12:00:00,FX:EURUSD,1.06466,1.06469,1.06416,1.06424,2574.0
2024-04-12 12:15:00,FX:EURUSD,1.06424,1.0645,1.06398,1.06414,2825.0
2024-04-12 12:30:00,FX:EURUSD,1.06414,1.0642099999999999,1.0637699999999999,1.0639399999999999,2450.0
2024-04-12 12:45:00,FX:EURUSD,1.0639399999999999,1.0644,1.06376,1.06418,2674.0
2024-04-12 13:00:00,FX:EURUSD,1.06418,1.0647,1.06418,1.06448,3106.0
2024-04-12 13:15:00,FX:EURUSD,1.06448,1.06473,1.06408,1.06414,2022.0
2024-04-12 13:30:00,FX:EURUSD,1.06414,1.06458,1.06404,1.06446,2428.0
2024-04-12 13:45:00,FX:EURUSD,1.06446,1.06498,1.06439,1.0647,2570.0
2024-04-12 14:00:00,FX:EURUSD,1.0647,1.06506,1.0645499999999999,1.0649,2375.0
2024-04-12 14:15:00,FX:EURUSD,1.0649,1.06498,1.06445,1.06449,2536.0
2024-04-12 14:30:00,FX:EURUSD,1.06449,1.06453,1.06402,1.06403,2093.0
2024-04-12 14:45:00,FX:EURUSD,1.06403,1.06419,1.06389,1.0639,1767.0
2024-04-12 15:00:00,FX:EURUSD,1.0639,1.06409,1.06378,1.06378,1709.0
2024-04-12 15:15:00,FX:EURUSD,1.06378,1.06409,1.06372,1.06401,1823.0
2024-04-12 15:30:00,FX:EURUSD,1.06401,1.06427,1.06386,1.06417,1542.0
2024-04-12 15:45:00,FX:EURUSD,1.06417,1.06422,1.0637699999999999,1.06382,1393.0
2024-04-12 16:00:00,FX:EURUSD,1.06382,1.06443,1.0637,1.06433,876.0
2024-04-12 16:15:00,FX:EURUSD,1.06433,1.06433,1.06414,1.06418,449.0
2024-04-12 16:30:00,FX:EURUSD,1.06418,1.0643,1.06409,1.0642,444.0
2024-04-12 16:45:00,FX:EURUSD,1.0642,1.06429,1.06382,1.06384,803.0
2024-04-14 17:00:00,FX:EURUSD,1.06337,1.06371,1.06303,1.06338,3320.0
2024-04-14 17:15:00,FX:EURUSD,1.06338,1.06353,1.06324,1.06335,196.0
2024-04-14 17:30:00,FX:EURUSD,1.06335,1.06352,1.0631599999999999,1.0635,673.0
2024-04-14 17:45:00,FX:EURUSD,1.0635,1.06354,1.06329,1.06345,1134.0
2024-04-14 18:00:00,FX:EURUSD,1.06345,1.06423,1.06342,1.06413,2866.0
2024-04-14 18:15:00,FX:EURUSD,1.06413,1.06484,1.0641,1.06473,1073.0
2024-04-14 18:30:00,FX:EURUSD,1.06473,1.0651599999999999,1.06473,1.06503,839.0
2024-04-14 18:45:00,FX:EURUSD,1.06503,1.06505,1.06486,1.06496,393.0
2024-04-14 19:00:00,FX:EURUSD,1.06496,1.06496,1.06432,1.06443,884.0
2024-04-14 19:15:00,FX:EURUSD,1.06443,1.06476,1.0644,1.06468,1721.0
2024-04-14 19:30:00,FX:EURUSD,1.06468,1.065,1.06468,1.06493,1534.0
2024-04-14 19:45:00,FX:EURUSD,1.06493,1.06495,1.06459,1.06461,1007.0
2024-04-14 20:00:00,FX:EURUSD,1.06461,1.06497,1.06447,1.06487,2104.0
2024-04-14 20:15:00,FX:EURUSD,1.06487,1.06491,1.06431,1.06489,1920.0
2024-04-14 20:30:00,FX:EURUSD,1.06489,1.0649,1.06461,1.06479,1427.0
2024-04-14 20:45:00,FX:EURUSD,1.06479,1.06484,1.06444,1.0645499999999999,1483.0
2024-04-14 21:00:00,FX:EURUSD,1.0645499999999999,1.06464,1.06401,1.06415,2024.0
2024-04-14 21:15:00,FX:EURUSD,1.06415,1.06492,1.06391,1.06479,2809.0
2024-04-14 21:30:00,FX:EURUSD,1.06479,1.06508,1.06471,1.06471,1461.0
2024-04-14 21:45:00,FX:EURUSD,1.06471,1.06507,1.06457,1.06495,1571.0
2024-04-14 22:00:00,FX:EURUSD,1.06495,1.06549,1.06495,1.06535,1908.0
2024-04-14 22:15:00,FX:EURUSD,1.06535,1.06543,1.06493,1.06497,1364.0
2024-04-14 22:30:00,FX:EURUSD,1.06497,1.06512,1.0649,1.065,1270.0
2024-04-14 22:45:00,FX:EURUSD,1.065,1.06518,1.06495,1.06506,1194.0
2024-04-14 23:00:00,FX:EURUSD,1.06506,1.0651599999999999,1.06482,1.06506,1098.0
2024-04-14 23:15:00,FX:EURUSD,1.06506,1.06512,1.06474,1.06497,1174.0
2024-04-14 23:30:00,FX:EURUSD,1.06497,1.06531,1.06494,1.06531,909.0
2024-04-14 23:45:00,FX:EURUSD,1.06531,1.06537,1.06517,1.06519,717.0
2024-04-15 00:00:00,FX:EURUSD,1.06519,1.0652,1.0647,1.0648,1011.0
2024-04-15 00:15:00,FX:EURUSD,1.0648,1.06497,1.06474,1.06497,989.0
2024-04-15 00:30:00,FX:EURUSD,1.06497,1.06525,1.06477,1.06523,1178.0
2024-04-15 00:45:00,FX:EURUSD,1.06523,1.06541,1.06503,1.06524,947.0
2024-04-15 01:00:00,FX:EURUSD,1.06524,1.06537,1.06505,1.06525,1404.0
2024-04-15 01:15:00,FX:EURUSD,1.06525,1.06531,1.06507,1.06522,889.0
2024-04-15 01:30:00,FX:EURUSD,1.06522,1.06549,1.06513,1.06543,1114.0
2024-04-15 01:45:00,FX:EURUSD,1.06543,1.0659,1.0654,1.06579,1502.0
2024-04-15 02:00:00,FX:EURUSD,1.06579,1.06605,1.06542,1.06589,2658.0
2024-04-15 02:15:00,FX:EURUSD,1.06589,1.06649,1.06548,1.06632,2748.0
2024-04-15 02:30:00,FX:EURUSD,1.06632,1.06632,1.06552,1.0655999999999999,2616.0
2024-04-15 02:45:00,FX:EURUSD,1.0655999999999999,1.0655999999999999,1.0651599999999999,1.06546,2631.0
2024-04-15 03:00:00,FX:EURUSD,1.06546,1.06575,1.0649899999999999,1.06518,3775.0
2024-04-15 03:15:00,FX:EURUSD,1.06518,1.06593,1.0651,1.06587,3094.0
2024-04-15 03:30:00,FX:EURUSD,1.06587,1.06606,1.0655,1.06554,2950.0
2024-04-15 03:45:00,FX:EURUSD,1.06554,1.06609,1.0653299999999999,1.0658,2565.0
2024-04-15 04:00:00,FX:EURUSD,1.0658,1.06616,1.06573,1.06587,2911.0
2024-04-15 04:15:00,FX:EURUSD,1.06587,1.06618,1.06551,1.06561,2706.0
2024-04-15 04:30:00,FX:EURUSD,1.06561,1.06587,1.06542,1.0655,2107.0
2024-04-15 04:45:00,FX:EURUSD,1.0655,1.06587,1.06537,1.06562,1849.0
2024-04-15 05:00:00,FX:EURUSD,1.06562,1.06624,1.06562,1.06607,1951.0
2024-04-15 05:15:00,FX:EURUSD,1.06607,1.06607,1.0655999999999999,1.06565,2162.0
2024-04-15 05:30:00,FX:EURUSD,1.06565,1.06593,1.06564,1.0657699999999999,1868.0
2024-04-15 05:45:00,FX:EURUSD,1.0657699999999999,1.06597,1.06535,1.06549,1822.0
2024-04-15 06:00:00,FX:EURUSD,1.06549,1.06599,1.06545,1.06591,1265.0
2024-04-15 06:15:00,FX:EURUSD,1.06591,1.06595,1.06552,1.06565,1344.0
2024-04-15 06:30:00,FX:EURUSD,1.06565,1.06588,1.06546,1.06563,1358.0
2024-04-15 06:45:00,FX:EURUSD,1.06563,1.0659399999999999,1.0651599999999999,1.06575,1892.0
2024-04-15 07:00:00,FX:EURUSD,1.06575,1.06652,1.06571,1.0665,2083.0
2024-04-15 07:15:00,FX:EURUSD,1.0665,1.0665,1.0659399999999999,1.0659399999999999,2180.0
2024-04-15 07:30:00,FX:EURUSD,1.0659399999999999,1.06607,1.06566,1.06581,1954.0
2024-04-15 07:45:00,FX:EURUSD,1.06581,1.06581,1.0651599999999999,1.06547,2130.0
2024-04-15 08:00:00,FX:EURUSD,1.06547,1.06576,1.06538,1.06566,2608.0
2024-04-15 08:15:00,FX:EURUSD,1.06566,1.06568,1.06517,1.06526,2253.0
2024-04-15 08:30:00,FX:EURUSD,1.06526,1.06526,1.0631,1.06417,9581.0
2024-04-15 08:45:00,FX:EURUSD,1.06417,1.06484,1.06358,1.06471,5886.0
2024-04-15 09:00:00,FX:EURUSD,1.06471,1.06607,1.06471,1.06537,5577.0
2024-04-15 09:15:00,FX:EURUSD,1.06537,1.06537,1.0644,1.0645,3383.0
2024-04-15 09:30:00,FX:EURUSD,1.0645,1.06469,1.0638,1.06385,5443.0
2024-04-15 09:45:00,FX:EURUSD,1.06385,1.06414,1.06339,1.06369,3537.0
2024-04-15 10:00:00,FX:EURUSD,1.06369,1.06376,1.06257,1.06281,4960.0
2024-04-15 10:15:00,FX:EURUSD,1.06281,1.06349,1.06232,1.0625499999999999,5244.0
2024-04-15 10:30:00,FX:EURUSD,1.0625499999999999,1.06361,1.0625,1.06282,8498.0
2024-04-15 10:45:00,FX:EURUSD,1.06282,1.06288,1.06218,1.06268,5671.0
2024-04-15 11:00:00,FX:EURUSD,1.06268,1.06347,1.06226,1.06324,4046.0
2024-04-15 11:15:00,FX:EURUSD,1.06324,1.06376,1.06304,1.06372,3302.0
2024-04-15 11:30:00,FX:EURUSD,1.06372,1.06399,1.06347,1.06378,3582.0
2024-04-15 11:45:00,FX:EURUSD,1.06378,1.06451,1.06374,1.06434,2770.0
2024-04-15 12:00:00,FX:EURUSD,1.06434,1.06474,1.0641,1.06416,2543.0
2024-04-15 12:15:00,FX:EURUSD,1.06416,1.06419,1.06374,1.0639,2441.0
2024-04-15 12:30:00,FX:EURUSD,1.0639,1.0639,1.06359,1.06359,2649.0
2024-04-15 12:45:00,FX:EURUSD,1.06359,1.06375,1.06345,1.06361,2172.0
2024-04-15 13:00:00,FX:EURUSD,1.06361,1.06395,1.06337,1.0635999999999999,1833.0
2024-04-15 13:15:00,FX:EURUSD,1.0635999999999999,1.0635999999999999,1.06307,1.06311,2825.0
2024-04-15 13:30:00,FX:EURUSD,1.06311,1.06312,1.06263,1.06263,3612.0
2024-04-15 13:45:00,FX:EURUSD,1.06263,1.06291,1.0623,1.06288,3123.0
2024-04-15 14:00:00,FX:EURUSD,1.06288,1.063,1.06259,1.06279,3424.0
2024-04-15 14:15:00,FX:EURUSD,1.06279,1.0631599999999999,1.06264,1.06267,2263.0
2024-04-15 14:30:00,FX:EURUSD,1.06267,1.063,1.06253,1.0628,1920.0
2024-04-15 14:45:00,FX:EURUSD,1.0628,1.0628,1.06235,1.0625,2178.0
2024-04-15 15:00:00,FX:EURUSD,1.0625,1.06256,1.06218,1.06224,2415.0
2024-04-15 15:15:00,FX:EURUSD,1.06224,1.06248,1.06202,1.06235,1876.0
2024-04-15 15:30:00,FX:EURUSD,1.06235,1.0627,1.06232,1.06248,2179.0
2024-04-15 15:45:00,FX:EURUSD,1.06248,1.0627199999999999,1.06242,1.06264,2315.0
2024-04-15 16:00:00,FX:EURUSD,1.06264,1.06269,1.0623799999999999,1.06251,777.0
2024-04-15 16:15:00,FX:EURUSD,1.06251,1.06261,1.06235,1.06242,403.0
2024-04-15 16:30:00,FX:EURUSD,1.06242,1.06244,1.06208,1.06215,577.0
2024-04-15 16:45:00,FX:EURUSD,1.06215,1.06247,1.06212,1.06241,760.0
2024-04-15 17:00:00,FX:EURUSD,1.06241,1.06241,1.0622,1.06235,209.0
2024-04-15 17:15:00,FX:EURUSD,1.06235,1.06246,1.06228,1.06233,197.0
2024-04-15 17:30:00,FX:EURUSD,1.06233,1.06246,1.06225,1.06242,534.0
2024-04-15 17:45:00,FX:EURUSD,1.06242,1.06253,1.06231,1.06239,971.0
2024-04-15 18:00:00,FX:EURUSD,1.06239,1.06268,1.06239,1.06263,394.0
2024-04-15 18:15:00,FX:EURUSD,1.06263,1.06274,1.06262,1.06268,354.0
2024-04-15 18:30:00,FX:EURUSD,1.06268,1.06276,1.06264,1.0627199999999999,310.0
2024-04-15 18:45:00,FX:EURUSD,1.0627199999999999,1.06279,1.06268,1.0627,236.0
2024-04-15 19:00:00,FX:EURUSD,1.0627,1.06284,1.06262,1.06273,353.0
2024-04-15 19:15:00,FX:EURUSD,1.06273,1.06278,1.06254,1.06277,516.0
2024-04-15 19:30:00,FX:EURUSD,1.06277,1.0628,1.0627,1.06277,465.0
2024-04-15 19:45:00,FX:EURUSD,1.06277,1.06278,1.06241,1.06247,785.0
2024-04-15 20:00:00,FX:EURUSD,1.06247,1.06254,1.06217,1.06222,1447.0
2024-04-15 20:15:00,FX:EURUSD,1.06222,1.06232,1.06202,1.06222,1071.0
2024-04-15 20:30:00,FX:EURUSD,1.06222,1.06222,1.06179,1.06209,1176.0
2024-04-15 20:45:00,FX:EURUSD,1.06209,1.06216,1.06179,1.06184,1350.0
2024-04-15 21:00:00,FX:EURUSD,1.06184,1.06193,1.06123,1.06137,1418.0
2024-04-15 21:15:00,FX:EURUSD,1.06137,1.06164,1.06069,1.06098,3125.0
2024-04-15 21:30:00,FX:EURUSD,1.06098,1.06131,1.06098,1.06123,1990.0
2024-04-15 21:45:00,FX:EURUSD,1.06123,1.06171,1.06121,1.06158,1644.0
2024-04-15 22:00:00,FX:EURUSD,1.06158,1.0617699999999999,1.06117,1.06124,1604.0
2024-04-15 22:15:00,FX:EURUSD,1.06124,1.06151,1.061,1.06105,1559.0
2024-04-15 22:30:00,FX:EURUSD,1.06105,1.0611,1.0606,1.06077,1933.0
2024-04-15 22:45:00,FX:EURUSD,1.06077,1.06104,1.06067,1.06099,1255.0
2024-04-15 23:00:00,FX:EURUSD,1.06099,1.061,1.0607,1.06083,1031.0
2024-04-15 23:15:00,FX:EURUSD,1.06083,1.06122,1.06074,1.06119,927.0
2024-04-15 23:30:00,FX:EURUSD,1.06119,1.06125,1.06091,1.06108,746.0
2024-04-15 23:45:00,FX:EURUSD,1.06108,1.06114,1.06091,1.06114,674.0
2024-04-16 00:00:00,FX:EURUSD,1.06114,1.06131,1.06109,1.06113,834.0
2024-04-16 00:15:00,FX:EURUSD,1.06113,1.06123,1.06108,1.06121,582.0
2024-04-16 00:30:00,FX:EURUSD,1.06121,1.06126,1.061,1.0611599999999999,579.0
2024-04-16 00:45:00,FX:EURUSD,1.0611599999999999,1.06142,1.06112,1.06139,581.0
2024-04-16 01:00:00,FX:EURUSD,1.06139,1.06158,1.06136,1.06153,1108.0
2024-04-16 01:15:00,FX:EURUSD,1.06153,1.0617699999999999,1.06149,1.06176,1008.0
2024-04-16 01:30:00,FX:EURUSD,1.06176,1.06204,1.06166,1.06168,1054.0
2024-04-16 01:45:00,FX:EURUSD,1.06168,1.06195,1.06166,1.06183,1404.0
2024-04-16 02:00:00,FX:EURUSD,1.06183,1.062,1.061,1.06107,3311.0
2024-04-16 02:15:00,FX:EURUSD,1.06107,1.06118,1.0605,1.06052,2493.0
2024-04-16 02:30:00,FX:EURUSD,1.06052,1.06103,1.06023,1.06087,2953.0
2024-04-16 02:45:00,FX:EURUSD,1.06087,1.06128,1.06085,1.06103,2704.0
2024-04-16 03:00:00,FX:EURUSD,1.06103,1.06188,1.06102,1.06138,4109.0
2024-04-16 03:15:00,FX:EURUSD,1.06138,1.06228,1.06126,1.0619399999999999,3599.0
2024-04-16 03:30:00,FX:EURUSD,1.0619399999999999,1.0619399999999999,1.06118,1.06156,3350.0
2024-04-16 03:45:00,FX:EURUSD,1.06156,1.06205,1.06115,1.06178,3187.0
2024-04-16 04:00:00,FX:EURUSD,1.06178,1.06247,1.06172,1.06191,3526.0
2024-04-16 04:15:00,FX:EURUSD,1.06191,1.06205,1.0613,1.06144,2474.0
2024-04-16 04:30:00,FX:EURUSD,1.06144,1.06178,1.06125,1.06153,2325.0
2024-04-16 04:45:00,FX:EURUSD,1.06153,1.06206,1.06132,1.06159,2490.0
2024-04-16 05:00:00,FX:EURUSD,1.06159,1.06335,1.06159,1.06327,3559.0
2024-04-16 05:15:00,FX:EURUSD,1.06327,1.06349,1.06221,1.06222,3147.0
2024-04-16 05:30:00,FX:EURUSD,1.06222,1.06251,1.0619399999999999,1.06251,2340.0
2024-04-16 05:45:00,FX:EURUSD,1.06251,1.06296,1.0625,1.06291,2412.0
2024-04-16 06:00:00,FX:EURUSD,1.06291,1.06324,1.06289,1.06303,2448.0
2024-04-16 06:15:00,FX:EURUSD,1.06303,1.06313,1.06246,1.06267,2272.0
2024-04-16 06:30:00,FX:EURUSD,1.06267,1.06292,1.06231,1.06249,2632.0
2024-04-16 06:45:00,FX:EURUSD,1.06249,1.06293,1.06245,1.06268,2300.0
2024-04-16 07:00:00,FX:EURUSD,1.06268,1.06307,1.06258,1.06294,2122.0
2024-04-16 07:15:00,FX:EURUSD,1.06294,1.06344,1.06292,1.06307,2230.0
2024-04-16 07:30:00,FX:EURUSD,1.06307,1.06358,1.06304,1.06347,1701.0
2024-04-16 07:45:00,FX:EURUSD,1.06347,1.06473,1.06347,1.06425,2453.0
2024-04-16 08:00:00,FX:EURUSD,1.06425,1.06432,1.06359,1.06423,2391.0
2024-04-16 08:15:00,FX:EURUSD,1.06423,1.06433,1.06389,1.06399,2632.0
2024-04-16 08:30:00,FX:EURUSD,1.06399,1.06536,1.06392,1.06486,4918.0
2024-04-16 08:45:00,FX:EURUSD,1.06486,1.06487,1.06378,1.06389,3274.0
2024-04-16 09:00:00,FX:EURUSD,1.06389,1.06399,1.06318,1.06319,4940.0
2024-04-16 09:15:00,FX:EURUSD,1.06319,1.06362,1.06279,1.0634,3763.0
2024-04-16 09:30:00,FX:EURUSD,1.0634,1.06437,1.06297,1.06384,8685.0
2024-04-16 09:45:00,FX:EURUSD,1.06384,1.06399,1.0627199999999999,1.06296,6800.0
2024-04-16 10:00:00,FX:EURUSD,1.06296,1.0642099999999999,1.06275,1.06398,5790.0
2024-04-16 10:15:00,FX:EURUSD,1.06398,1.06449,1.0631,1.06313,5476.0
2024-04-16 10:30:00,FX:EURUSD,1.06313,1.06353,1.06283,1.0634,4677.0
2024-04-16 10:45:00,FX:EURUSD,1.0634,1.06367,1.06285,1.06317,4416.0
2024-04-16 11:00:00,FX:EURUSD,1.06317,1.06393,1.06306,1.0633,4280.0
2024-04-16 11:15:00,FX:EURUSD,1.0633,1.06342,1.0625,1.06278,4061.0
2024-04-16 11:30:00,FX:EURUSD,1.06278,1.0628,1.0622,1.06239,3706.0
2024-04-16 11:45:00,FX:EURUSD,1.06239,1.06315,1.06217,1.06279,3011.0
2024-04-16 12:00:00,FX:EURUSD,1.06279,1.06282,1.06215,1.06266,3681.0
2024-04-16 12:15:00,FX:EURUSD,1.06266,1.06277,1.06214,1.06223,3218.0
2024-04-16 12:30:00,FX:EURUSD,1.06223,1.0624,1.06187,1.06205,2611.0
2024-04-16 12:45:00,FX:EURUSD,1.06205,1.06282,1.06199,1.0625,2780.0
2024-04-16 13:00:00,FX:EURUSD,1.0625,1.0625499999999999,1.06191,1.06214,2908.0
2024-04-16 13:15:00,FX:EURUSD,1.06214,1.06227,1.06136,1.06138,2652.0
2024-04-16 13:30:00,FX:EURUSD,1.06138,1.06209,1.0601099999999999,1.06203,11154.0
2024-04-16 13:45:00,FX:EURUSD,1.06203,1.06227,1.06128,1.06209,6811.0
2024-04-16 14:00:00,FX:EURUSD,1.06209,1.06338,1.06172,1.0624,6631.0
2024-04-16 14:15:00,FX:EURUSD,1.0624,1.06244,1.0616,1.06187,6849.0
2024-04-16 14:30:00,FX:EURUSD,1.06187,1.06305,1.06183,1.06287,5886.0
2024-04-16 14:45:00,FX:EURUSD,1.06287,1.06351,1.06263,1.0631,3843.0
2024-04-16 15:00:00,FX:EURUSD,1.0631,1.06319,1.06257,1.06264,3099.0
2024-04-16 15:15:00,FX:EURUSD,1.06264,1.06269,1.06237,1.06264,2440.0
2024-04-16 15:30:00,FX:EURUSD,1.06264,1.06264,1.06175,1.06206,3030.0
2024-04-16 15:45:00,FX:EURUSD,1.06206,1.06225,1.06176,1.06219,2418.0
2024-04-16 16:00:00,FX:EURUSD,1.06219,1.06229,1.06201,1.0621099999999999,981.0
2024-04-16 16:15:00,FX:EURUSD,1.0621099999999999,1.0621099999999999,1.06165,1.06172,583.0
2024-04-16 16:30:00,FX:EURUSD,1.06172,1.06182,1.06166,1.06171,517.0
2024-04-16 16:45:00,FX:EURUSD,1.06171,1.06199,1.06169,1.06186,1112.0
2024-04-16 17:00:00,FX:EURUSD,1.06186,1.06196,1.0613,1.06191,331.0
2024-04-16 17:15:00,FX:EURUSD,1.06191,1.06195,1.0614,1.06172,749.0
2024-04-16 17:30:00,FX:EURUSD,1.06172,1.06195,1.06142,1.06158,904.0
2024-04-16 17:45:00,FX:EURUSD,1.06158,1.0618,1.06138,1.0616,1876.0
2024-04-16 18:00:00,FX:EURUSD,1.0616,1.06187,1.06126,1.06163,855.0
2024-04-16 18:15:00,FX:EURUSD,1.06163,1.06168,1.06158,1.06163,285.0
2024-04-16 18:30:00,FX:EURUSD,1.06163,1.06164,1.06152,1.06153,304.0
2024-04-16 18:45:00,FX:EURUSD,1.06153,1.06198,1.06134,1.06196,629.0
2024-04-16 19:00:00,FX:EURUSD,1.06196,1.06219,1.06191,1.06219,366.0
2024-04-16 19:15:00,FX:EURUSD,1.06219,1.06242,1.06217,1.06241,493.0
2024-04-16 19:30:00,FX:EURUSD,1.06241,1.06253,1.06222,1.06224,850.0
2024-04-16 19:45:00,FX:EURUSD,1.06224,1.06224,1.062,1.06209,921.0
2024-04-16 20:00:00,FX:EURUSD,1.06209,1.06215,1.06171,1.06178,1685.0
2024-04-16 20:15:00,FX:EURUSD,1.06178,1.0624,1.06176,1.06229,1308.0
2024-04-16 20:30:00,FX:EURUSD,1.06229,1.0623,1.06192,1.06196,1306.0
2024-04-16 20:45:00,FX:EURUSD,1.06196,1.06234,1.06189,1.06223,933.0
2024-04-16 21:00:00,FX:EURUSD,1.06223,1.0623,1.06202,1.0621,1082.0
2024-04-16 21:15:00,FX:EURUSD,1.0621,1.06286,1.06209,1.06276,1935.0
2024-04-16 21:30:00,FX:EURUSD,1.06276,1.06285,1.06243,1.06253,1942.0
2024-04-16 21:45:00,FX:EURUSD,1.06253,1.0629899999999999,1.06248,1.06281,1567.0
2024-04-16 22:00:00,FX:EURUSD,1.06281,1.06312,1.0627199999999999,1.06309,1241.0
2024-04-16 22:15:00,FX:EURUSD,1.06309,1.06342,1.06297,1.06325,1160.0
2024-04-16 22:30:00,FX:EURUSD,1.06325,1.0635,1.06318,1.06345,1067.0
2024-04-16 22:45:00,FX:EURUSD,1.06345,1.06356,1.0633,1.06341,1099.0
2024-04-16 23:00:00,FX:EURUSD,1.06341,1.06346,1.0632,1.06332,1112.0
2024-04-16 23:15:00,FX:EURUSD,1.06332,1.06341,1.06306,1.06307,1100.0
2024-04-16 23:30:00,FX:EURUSD,1.06307,1.06309,1.06289,1.06295,1010.0
2024-04-16 23:45:00,FX:EURUSD,1.06295,1.06303,1.0627,1.06271,1161.0
2024-04-17 00:00:00,FX:EURUSD,1.06271,1.06308,1.06267,1.06301,844.0
2024-04-17 00:15:00,FX:EURUSD,1.06301,1.06311,1.0629,1.06298,418.0
2024-04-17 00:30:00,FX:EURUSD,1.06298,1.063,1.06244,1.06249,872.0
2024-04-17 00:45:00,FX:EURUSD,1.06249,1.06254,1.06244,1.06249,527.0
2024-04-17 01:00:00,FX:EURUSD,1.06249,1.06249,1.06199,1.06203,1186.0
2024-04-17 01:15:00,FX:EURUSD,1.06203,1.06203,1.06171,1.06171,1155.0
2024-04-17 01:30:00,FX:EURUSD,1.06171,1.06172,1.06128,1.06145,1175.0
2024-04-17 01:45:00,FX:EURUSD,1.06145,1.06149,1.06098,1.06117,1570.0
2024-04-17 02:00:00,FX:EURUSD,1.06117,1.06181,1.06059,1.0617699999999999,4815.0
2024-04-17 02:15:00,FX:EURUSD,1.0617699999999999,1.0619,1.0614999999999999,1.06167,2898.0
2024-04-17 02:30:00,FX:EURUSD,1.06167,1.06289,1.0616,1.0625,2761.0
2024-04-17 02:45:00,FX:EURUSD,1.0625,1.06376,1.06241,1.06345,3405.0
2024-04-17 03:00:00,FX:EURUSD,1.06345,1.06346,1.06276,1.06297,4159.0
2024-04-17 03:15:00,FX:EURUSD,1.06297,1.06311,1.06241,1.06301,3349.0
2024-04-17 03:30:00,FX:EURUSD,1.06301,1.06323,1.06249,1.06321,3067.0
2024-04-17 03:45:00,FX:EURUSD,1.06321,1.06342,1.06252,1.06252,3266.0
2024-04-17 04:00:00,FX:EURUSD,1.06252,1.06321,1.0624,1.06297,2717.0
2024-04-17 04:15:00,FX:EURUSD,1.06297,1.06444,1.06287,1.0642,3665.0
2024-04-17 04:30:00,FX:EURUSD,1.0642,1.06489,1.06401,1.06483,2675.0
2024-04-17 04:45:00,FX:EURUSD,1.06483,1.06486,1.06381,1.06404,3036.0
2024-04-17 05:00:00,FX:EURUSD,1.06404,1.0642,1.06353,1.06397,3708.0
2024-04-17 05:15:00,FX:EURUSD,1.06397,1.06457,1.0637699999999999,1.06456,2671.0
2024-04-17 05:30:00,FX:EURUSD,1.06456,1.06487,1.0641,1.06437,2400.0
2024-04-17 05:45:00,FX:EURUSD,1.06437,1.06461,1.06392,1.0641,2168.0
2024-04-17 06:00:00,FX:EURUSD,1.0641,1.06467,1.06407,1.06452,2267.0
2024-04-17 06:15:00,FX:EURUSD,1.06452,1.06458,1.06406,1.06423,1482.0
2024-04-17 06:30:00,FX:EURUSD,1.06423,1.06447,1.06403,1.06427,1630.0
2024-04-17 06:45:00,FX:EURUSD,1.06427,1.06442,1.0638,1.06392,1609.0
2024-04-17 07:00:00,FX:EURUSD,1.06392,1.06492,1.06381,1.06461,2025.0
2024-04-17 07:15:00,FX:EURUSD,1.06461,1.06478,1.06406,1.06422,2112.0
2024-04-17 07:30:00,FX:EURUSD,1.06422,1.06433,1.06379,1.06397,1785.0
2024-04-17 07:45:00,FX:EURUSD,1.06397,1.06398,1.06321,1.06356,2285.0
2024-04-17 08:00:00,FX:EURUSD,1.06356,1.06428,1.06356,1.06398,2637.0
2024-04-17 08:15:00,FX:EURUSD,1.06398,1.06408,1.06319,1.06343,3081.0
2024-04-17 08:30:00,FX:EURUSD,1.06343,1.06363,1.06315,1.0635999999999999,2926.0
2024-04-17 08:45:00,FX:EURUSD,1.0635999999999999,1.06391,1.06328,1.06347,2984.0
2024-04-17 09:00:00,FX:EURUSD,1.06347,1.06459,1.06343,1.06451,3037.0
2024-04-17 09:15:00,FX:EURUSD,1.06451,1.06468,1.06403,1.06461,3534.0
2024-04-17 09:30:00,FX:EURUSD,1.06461,1.06478,1.06411,1.06477,4894.0
2024-04-17 09:45:00,FX:EURUSD,1.06477,1.06527,1.0643,1.0644,4149.0
2024-04-17 10:00:00,FX:EURUSD,1.0644,1.06445,1.06399,1.06422,4007.0
2024-04-17 10:15:00,FX:EURUSD,1.06422,1.06428,1.06341,1.06396,3546.0
2024-04-17 10:30:00,FX:EURUSD,1.06396,1.06423,1.06343,1.06353,3658.0
2024-04-17 10:45:00,FX:EURUSD,1.06353,1.06381,1.0629899999999999,1.06355,3764.0
2024-04-17 11:00:00,FX:EURUSD,1.06355,1.06419,1.06355,1.06414,3284.0
2024-04-17 11:15:00,FX:EURUSD,1.06414,1.06419,1.06373,1.06393,3362.0
2024-04-17 11:30:00,FX:EURUSD,1.06393,1.06461,1.06362,1.06454,3534.0
2024-04-17 11:45:00,FX:EURUSD,1.06454,1.06454,1.06403,1.0643,2676.0
2024-04-17 12:00:00,FX:EURUSD,1.0643,1.0645,1.06359,1.06427,3771.0
2024-04-17 12:15:00,FX:EURUSD,1.06427,1.06506,1.0639399999999999,1.06505,3480.0
2024-04-17 12:30:00,FX:EURUSD,1.06505,1.06537,1.06482,1.06488,4250.0
2024-04-17 12:45:00,FX:EURUSD,1.06488,1.06565,1.06483,1.06498,3635.0
2024-04-17 13:00:00,FX:EURUSD,1.06498,1.06571,1.06479,1.06528,4685.0
2024-04-17 13:15:00,FX:EURUSD,1.06528,1.06565,1.06519,1.06549,3218.0
2024-04-17 13:30:00,FX:EURUSD,1.06549,1.06643,1.06546,1.06623,2322.0
2024-04-17 13:45:00,FX:EURUSD,1.06623,1.06688,1.06588,1.0668199999999999,2411.0
2024-04-17 14:00:00,FX:EURUSD,1.0668199999999999,1.0677699999999999,1.06669,1.06754,2920.0
2024-04-17 14:15:00,FX:EURUSD,1.06754,1.0675999999999999,1.067,1.06718,2583.0
2024-04-17 14:30:00,FX:EURUSD,1.06718,1.06766,1.0669,1.06765,2470.0
2024-04-17 14:45:00,FX:EURUSD,1.06765,1.06795,1.06694,1.06704,3047.0
2024-04-17 15:00:00,FX:EURUSD,1.06704,1.06704,1.06643,1.06644,2986.0
2024-04-17 15:15:00,FX:EURUSD,1.06644,1.06703,1.06643,1.06665,2311.0
2024-04-17 15:30:00,FX:EURUSD,1.06665,1.06687,1.06659,1.0668199999999999,2247.0
2024-04-17 15:45:00,FX:EURUSD,1.0668199999999999,1.06719,1.0668,1.06712,2494.0
2024-04-17 16:00:00,FX:EURUSD,1.06712,1.06724,1.06694,1.06704,695.0
2024-04-17 16:15:00,FX:EURUSD,1.06704,1.0673,1.06704,1.06727,331.0
2024-04-17 16:30:00,FX:EURUSD,1.06727,1.0673,1.06717,1.06726,564.0
2024-04-17 16:45:00,FX:EURUSD,1.06726,1.06737,1.0672,1.06727,897.0
2024-04-17 17:00:00,FX:EURUSD,1.06727,1.06728,1.0668199999999999,1.06694,130.0
2024-04-17 17:15:00,FX:EURUSD,1.06694,1.06707,1.0668199999999999,1.06695,983.0
2024-04-17 17:30:00,FX:EURUSD,1.06695,1.0671,1.06688,1.0669899999999999,335.0
2024-04-17 17:45:00,FX:EURUSD,1.0669899999999999,1.0671599999999999,1.06694,1.06715,421.0
2024-04-17 18:00:00,FX:EURUSD,1.06715,1.06751,1.06715,1.06736,598.0
2024-04-17 18:15:00,FX:EURUSD,1.06736,1.06738,1.06713,1.06722,338.0
2024-04-17 18:30:00,FX:EURUSD,1.06722,1.06736,1.06718,1.0673,294.0
2024-04-17 18:45:00,FX:EURUSD,1.0673,1.06737,1.06724,1.06725,228.0
2024-04-17 19:00:00,FX:EURUSD,1.06725,1.0673,1.06717,1.06719,465.0
2024-04-17 19:15:00,FX:EURUSD,1.06719,1.06737,1.06719,1.06726,391.0
2024-04-17 19:30:00,FX:EURUSD,1.06726,1.06726,1.06679,1.06693,672.0
2024-04-17 19:45:00,FX:EURUSD,1.06693,1.06701,1.06684,1.06689,699.0
2024-04-17 20:00:00,FX:EURUSD,1.06689,1.06695,1.06641,1.06647,1264.0
2024-04-17 20:15:00,FX:EURUSD,1.06647,1.06681,1.06643,1.06671,1021.0
2024-04-17 20:30:00,FX:EURUSD,1.06671,1.06688,1.06668,1.06679,1073.0
2024-04-17 20:45:00,FX:EURUSD,1.06679,1.06704,1.06659,1.06698,1052.0
2024-04-17 21:00:00,FX:EURUSD,1.06698,1.0674,1.06696,1.0673,1661.0
2024-04-17 21:15:00,FX:EURUSD,1.0673,1.06732,1.06687,1.06688,1119.0
2024-04-17 21:30:00,FX:EURUSD,1.06688,1.0669,1.06644,1.06647,1749.0
2024-04-17 21:45:00,FX:EURUSD,1.06647,1.06703,1.06644,1.06701,1233.0
2024-04-17 22:00:00,FX:EURUSD,1.06701,1.06758,1.06689,1.06751,1340.0
2024-04-17 22:15:00,FX:EURUSD,1.06751,1.06761,1.06714,1.06741,1729.0
2024-04-17 22:30:00,FX:EURUSD,1.06741,1.06757,1.06733,1.06749,1399.0
2024-04-17 22:45:00,FX:EURUSD,1.06749,1.0679,1.06742,1.06779,905.0
2024-04-17 23:00:00,FX:EURUSD,1.06779,1.06783,1.06758,1.06763,814.0
2024-04-17 23:15:00,FX:EURUSD,1.06763,1.06785,1.06752,1.06768,767.0
2024-04-17 23:30:00,FX:EURUSD,1.06768,1.06789,1.06753,1.06789,928.0
2024-04-17 23:45:00,FX:EURUSD,1.06789,1.06802,1.06771,1.06799,893.0
2024-04-18 00:00:00,FX:EURUSD,1.06799,1.06801,1.06776,1.06779,774.0
2024-04-18 00:15:00,FX:EURUSD,1.06779,1.06796,1.06765,1.0679,581.0
2024-04-18 00:30:00,FX:EURUSD,1.0679,1.06799,1.06775,1.0677699999999999,647.0
2024-04-18 00:45:00,FX:EURUSD,1.0677699999999999,1.06784,1.06756,1.06783,479.0
2024-04-18 01:00:00,FX:EURUSD,1.06783,1.06788,1.06765,1.06767,929.0
2024-04-18 01:15:00,FX:EURUSD,1.06767,1.06794,1.06749,1.06793,731.0
2024-04-18 01:30:00,FX:EURUSD,1.06793,1.06831,1.06792,1.06831,1074.0
2024-04-18 01:45:00,FX:EURUSD,1.06831,1.06842,1.06795,1.06809,1068.0
2024-04-18 02:00:00,FX:EURUSD,1.06809,1.06876,1.06791,1.06852,2359.0
2024-04-18 02:15:00,FX:EURUSD,1.06852,1.069,1.06851,1.06895,1580.0
2024-04-18 02:30:00,FX:EURUSD,1.06895,1.069,1.06873,1.06888,1526.0
2024-04-18 02:45:00,FX:EURUSD,1.06888,1.06888,1.0683799999999999,1.06854,1882.0
2024-04-18 03:00:00,FX:EURUSD,1.06854,1.0685499999999999,1.06803,1.06832,2375.0
2024-04-18 03:15:00,FX:EURUSD,1.06832,1.0685499999999999,1.06796,1.06833,2697.0
2024-04-18 03:30:00,FX:EURUSD,1.06833,1.06863,1.06783,1.0685499999999999,2782.0
2024-04-18 03:45:00,FX:EURUSD,1.0685499999999999,1.0688,1.06802,1.06811,2284.0
2024-04-18 04:00:00,FX:EURUSD,1.06811,1.06839,1.06771,1.06792,2946.0
2024-04-18 04:15:00,FX:EURUSD,1.06792,1.06813,1.06751,1.06758,2264.0
2024-04-18 04:30:00,FX:EURUSD,1.06758,1.06797,1.06748,1.06791,2207.0
2024-04-18 04:45:00,FX:EURUSD,1.06791,1.06822,1.06779,1.06785,2084.0
2024-04-18 05:00:00,FX:EURUSD,1.06785,1.06812,1.0677,1.06782,1575.0
2024-04-18 05:15:00,FX:EURUSD,1.06782,1.06807,1.06754,1.06775,2089.0
2024-04-18 05:30:00,FX:EURUSD,1.06775,1.06783,1.06707,1.06723,1428.0
2024-04-18 05:45:00,FX:EURUSD,1.06723,1.06734,1.067,1.06703,1399.0
2024-04-18 06:00:00,FX:EURUSD,1.06703,1.06752,1.06697,1.06728,1656.0
2024-04-18 06:15:00,FX:EURUSD,1.06728,1.06745,1.06708,1.06715,1642.0
2024-04-18 06:30:00,FX:EURUSD,1.06715,1.0673,1.06701,1.06729,1230.0
2024-04-18 06:45:00,FX:EURUSD,1.06729,1.06771,1.06723,1.06758,1610.0
2024-04-18 07:00:00,FX:EURUSD,1.06758,1.06791,1.06749,1.06751,1648.0
2024-04-18 07:15:00,FX:EURUSD,1.06751,1.06779,1.06707,1.06709,1615.0
2024-04-18 07:30:00,FX:EURUSD,1.06709,1.06732,1.067,1.06724,1627.0
2024-04-18 07:45:00,FX:EURUSD,1.06724,1.0677699999999999,1.0671,1.06772,1801.0
2024-04-18 08:00:00,FX:EURUSD,1.06772,1.06796,1.06767,1.06768,2115.0
2024-04-18 08:15:00,FX:EURUSD,1.06768,1.06776,1.06674,1.06726,2459.0
2024-04-18 08:30:00,FX:EURUSD,1.06726,1.06747,1.06595,1.06628,7248.0
2024-04-18 08:45:00,FX:EURUSD,1.06628,1.06684,1.06616,1.06627,5248.0
2024-04-18 09:00:00,FX:EURUSD,1.06627,1.06684,1.066,1.06625,5218.0
2024-04-18 09:15:00,FX:EURUSD,1.06625,1.06662,1.0657,1.06589,4004.0
2024-04-18 09:30:00,FX:EURUSD,1.06589,1.06654,1.0647199999999999,1.06494,7023.0
2024-04-18 09:45:00,FX:EURUSD,1.06494,1.06539,1.06463,1.06507,4816.0
2024-04-18 10:00:00,FX:EURUSD,1.06507,1.06578,1.06496,1.06559,4816.0
2024-04-18 10:15:00,FX:EURUSD,1.06559,1.06583,1.0652,1.06543,3609.0
2024-04-18 10:30:00,FX:EURUSD,1.06543,1.06625,1.06541,1.06609,3548.0
2024-04-18 10:45:00,FX:EURUSD,1.06609,1.06633,1.06536,1.06538,4203.0
2024-04-18 11:00:00,FX:EURUSD,1.06538,1.06607,1.06537,1.06593,3051.0
2024-04-18 11:15:00,FX:EURUSD,1.06593,1.06647,1.06593,1.0662099999999999,2564.0
2024-04-18 11:30:00,FX:EURUSD,1.0662099999999999,1.06626,1.06546,1.06556,2496.0
2024-04-18 11:45:00,FX:EURUSD,1.06556,1.06609,1.06538,1.06597,2092.0
2024-04-18 12:00:00,FX:EURUSD,1.06597,1.06618,1.06563,1.06614,2718.0
2024-04-18 12:15:00,FX:EURUSD,1.06614,1.06615,1.06573,1.06584,1550.0
2024-04-18 12:30:00,FX:EURUSD,1.06584,1.06598,1.0654,1.06555,2074.0
2024-04-18 12:45:00,FX:EURUSD,1.06555,1.06556,1.0651599999999999,1.0653299999999999,2000.0
2024-04-18 13:00:00,FX:EURUSD,1.0653299999999999,1.06548,1.06473,1.06479,2055.0
2024-04-18 13:15:00,FX:EURUSD,1.06479,1.0649,1.0643,1.0648,2841.0
2024-04-18 13:30:00,FX:EURUSD,1.0648,1.06491,1.0645,1.06487,2249.0
2024-04-18 13:45:00,FX:EURUSD,1.06487,1.0651,1.06436,1.06482,2501.0
2024-04-18 14:00:00,FX:EURUSD,1.06482,1.06494,1.06451,1.06469,2599.0
2024-04-18 14:15:00,FX:EURUSD,1.06469,1.06494,1.06436,1.06439,2397.0
2024-04-18 14:30:00,FX:EURUSD,1.06439,1.0647,1.06418,1.06466,1854.0
2024-04-18 14:45:00,FX:EURUSD,1.06466,1.06485,1.06449,1.0645,1705.0
2024-04-18 15:00:00,FX:EURUSD,1.0645,1.06482,1.06448,1.06454,2179.0
2024-04-18 15:15:00,FX:EURUSD,1.06454,1.06459,1.06425,1.06433,1695.0
2024-04-18 15:30:00,FX:EURUSD,1.06433,1.06467,1.06431,1.06461,1363.0
2024-04-18 15:45:00,FX:EURUSD,1.06461,1.06462,1.0643,1.06436,1657.0
2024-04-18 16:00:00,FX:EURUSD,1.06436,1.0645499999999999,1.06431,1.06451,865.0
2024-04-18 16:15:00,FX:EURUSD,1.06451,1.06457,1.06439,1.06439,312.0
2024-04-18 16:30:00,FX:EURUSD,1.06439,1.06441,1.0642,1.06427,489.0
2024-04-18 16:45:00,FX:EURUSD,1.06427,1.0644,1.06413,1.06432,494.0
2024-04-18 17:00:00,FX:EURUSD,1.06432,1.06433,1.06413,1.06425,105.0
2024-04-18 17:15:00,FX:EURUSD,1.06425,1.06434,1.06425,1.06427,426.0
2024-04-18 17:30:00,FX:EURUSD,1.06427,1.06441,1.06423,1.0643,492.0
2024-04-18 17:45:00,FX:EURUSD,1.0643,1.06442,1.06425,1.0643,556.0
2024-04-18 18:00:00,FX:EURUSD,1.0643,1.06447,1.06424,1.0643799999999999,254.0
2024-04-18 18:15:00,FX:EURUSD,1.0643799999999999,1.06439,1.06428,1.06429,152.0
2024-04-18 18:30:00,FX:EURUSD,1.06429,1.06434,1.06407,1.0641,221.0
2024-04-18 18:45:00,FX:EURUSD,1.0641,1.06417,1.06403,1.06403,167.0
2024-04-18 19:00:00,FX:EURUSD,1.06403,1.06413,1.06402,1.06407,335.0
2024-04-18 19:15:00,FX:EURUSD,1.06407,1.0643,1.06401,1.06426,380.0
2024-04-18 19:30:00,FX:EURUSD,1.06426,1.06437,1.06413,1.06433,627.0
2024-04-18 19:45:00,FX:EURUSD,1.06433,1.06439,1.06416,1.06422,824.0
2024-04-18 20:00:00,FX:EURUSD,1.06422,1.06435,1.06386,1.06406,1680.0
2024-04-18 20:15:00,FX:EURUSD,1.06406,1.06409,1.0635999999999999,1.06372,1591.0
2024-04-18 20:30:00,FX:EURUSD,1.06372,1.06386,1.06365,1.06375,1071.0
2024-04-18 20:45:00,FX:EURUSD,1.06375,1.06446,1.06374,1.06386,3469.0
2024-04-18 21:00:00,FX:EURUSD,1.06386,1.064,1.06319,1.06323,3477.0
2024-04-18 21:15:00,FX:EURUSD,1.06323,1.0633,1.06271,1.06271,4030.0
2024-04-18 21:30:00,FX:EURUSD,1.06271,1.06281,1.06142,1.06145,7208.0
2024-04-18 21:45:00,FX:EURUSD,1.06145,1.0627,1.06134,1.06188,6428.0
2024-04-18 22:00:00,FX:EURUSD,1.06188,1.06202,1.06104,1.0612,5884.0
2024-04-18 22:15:00,FX:EURUSD,1.0612,1.06208,1.06105,1.06195,6022.0
2024-04-18 22:30:00,FX:EURUSD,1.06195,1.06239,1.06169,1.0619,4897.0
2024-04-18 22:45:00,FX:EURUSD,1.0619,1.06208,1.06117,1.0618,4573.0
2024-04-18 23:00:00,FX:EURUSD,1.0618,1.06306,1.06151,1.06257,5612.0
2024-04-18 23:15:00,FX:EURUSD,1.06257,1.0638,1.06244,1.06364,4782.0
2024-04-18 23:30:00,FX:EURUSD,1.06364,1.06406,1.06326,1.06355,3688.0
2024-04-18 23:45:00,FX:EURUSD,1.06355,1.06384,1.06336,1.06372,2956.0
2024-04-19 00:00:00,FX:EURUSD,1.06372,1.06431,1.06369,1.06386,2574.0
2024-04-19 00:15:00,FX:EURUSD,1.06386,1.06405,1.0637,1.06387,1668.0
2024-04-19 00:30:00,FX:EURUSD,1.06387,1.06392,1.06363,1.06372,1558.0
2024-04-19 00:45:00,FX:EURUSD,1.06372,1.06388,1.06336,1.06347,1156.0
2024-04-19 01:00:00,FX:EURUSD,1.06347,1.06409,1.06342,1.06345,1825.0
2024-04-19 01:15:00,FX:EURUSD,1.06345,1.0635,1.06311,1.06326,1728.0
2024-04-19 01:30:00,FX:EURUSD,1.06326,1.06335,1.06296,1.06308,1841.0
2024-04-19 01:45:00,FX:EURUSD,1.06308,1.06325,1.06295,1.06308,1836.0
2024-04-19 02:00:00,FX:EURUSD,1.06308,1.06397,1.06271,1.0635,4518.0
2024-04-19 02:15:00,FX:EURUSD,1.0635,1.06372,1.06305,1.06342,3710.0
2024-04-19 02:30:00,FX:EURUSD,1.06342,1.06417,1.06325,1.06413,4371.0
2024-04-19 02:45:00,FX:EURUSD,1.06413,1.06494,1.06409,1.06448,4317.0
2024-04-19 03:00:00,FX:EURUSD,1.06448,1.06529,1.0644,1.06481,5971.0
2024-04-19 03:15:00,FX:EURUSD,1.06481,1.06539,1.06437,1.06513,4876.0
2024-04-19 03:30:00,FX:EURUSD,1.06513,1.06522,1.06468,1.06511,4580.0
2024-04-19 03:45:00,FX:EURUSD,1.06511,1.06592,1.06509,1.06553,3763.0
2024-04-19 04:00:00,FX:EURUSD,1.06553,1.06553,1.06482,1.06492,2841.0
2024-04-19 04:15:00,FX:EURUSD,1.06492,1.06507,1.0643,1.0647,2756.0
2024-04-19 04:30:00,FX:EURUSD,1.0647,1.06515,1.06448,1.06449,3191.0
2024-04-19 04:45:00,FX:EURUSD,1.06449,1.06477,1.06437,1.06457,3222.0
2024-04-19 05:00:00,FX:EURUSD,1.06457,1.06538,1.06451,1.06517,2450.0
2024-04-19 05:15:00,FX:EURUSD,1.06517,1.0658,1.06498,1.06578,2717.0
2024-04-19 05:30:00,FX:EURUSD,1.06578,1.06609,1.06562,1.06585,2522.0
2024-04-19 05:45:00,FX:EURUSD,1.06585,1.06622,1.06564,1.06589,2366.0
2024-04-19 06:00:00,FX:EURUSD,1.06589,1.06589,1.0651,1.06519,2645.0
2024-04-19 06:15:00,FX:EURUSD,1.06519,1.0652,1.06473,1.0651599999999999,2132.0
2024-04-19 06:30:00,FX:EURUSD,1.0651599999999999,1.0659,1.06513,1.06522,2894.0
2024-04-19 06:45:00,FX:EURUSD,1.06522,1.0653,1.06467,1.06473,2034.0
2024-04-19 07:00:00,FX:EURUSD,1.06473,1.06487,1.0643,1.06437,2670.0
2024-04-19 07:15:00,FX:EURUSD,1.06437,1.06522,1.06437,1.06479,2593.0
2024-04-19 07:30:00,FX:EURUSD,1.06479,1.06523,1.06471,1.0652,2506.0
2024-04-19 07:45:00,FX:EURUSD,1.0652,1.06552,1.06498,1.06519,2386.0
2024-04-19 08:00:00,FX:EURUSD,1.06519,1.06571,1.06495,1.06567,3532.0
2024-04-19 08:15:00,FX:EURUSD,1.06567,1.06628,1.06555,1.06624,2961.0
2024-04-19 08:30:00,FX:EURUSD,1.06624,1.0673,1.06611,1.06729,3497.0
2024-04-19 08:45:00,FX:EURUSD,1.06729,1.06737,1.0663799999999999,1.06654,2774.0
2024-04-19 09:00:00,FX:EURUSD,1.06654,1.06679,1.06597,1.06601,3733.0
2024-04-19 09:15:00,FX:EURUSD,1.06601,1.06721,1.06586,1.06717,3999.0
2024-04-19 09:30:00,FX:EURUSD,1.06717,1.06756,1.06678,1.06712,5501.0
2024-04-19 09:45:00,FX:EURUSD,1.06712,1.06724,1.0664,1.06657,4212.0
2024-04-19 10:00:00,FX:EURUSD,1.06657,1.06707,1.06639,1.06675,4382.0
2024-04-19 10:15:00,FX:EURUSD,1.06675,1.0675999999999999,1.06637,1.06754,4610.0
2024-04-19 10:30:00,FX:EURUSD,1.06754,1.06776,1.06678,1.06735,3989.0
2024-04-19 10:45:00,FX:EURUSD,1.06735,1.06764,1.06688,1.06695,4900.0
2024-04-19 11:00:00,FX:EURUSD,1.06695,1.06719,1.0665,1.06652,3176.0
2024-04-19 11:15:00,FX:EURUSD,1.06652,1.06686,1.06637,1.06648,2971.0
2024-04-19 11:30:00,FX:EURUSD,1.06648,1.06667,1.06598,1.0662099999999999,2494.0
2024-04-19 11:45:00,FX:EURUSD,1.0662099999999999,1.06622,1.06536,1.06548,2677.0
2024-04-19 12:00:00,FX:EURUSD,1.06548,1.06596,1.06486,1.06489,3195.0
2024-04-19 12:15:00,FX:EURUSD,1.06489,1.06492,1.06401,1.06405,3020.0
2024-04-19 12:30:00,FX:EURUSD,1.06405,1.06502,1.06404,1.06495,2473.0
2024-04-19 12:45:00,FX:EURUSD,1.06495,1.06541,1.06468,1.06534,2122.0
2024-04-19 13:00:00,FX:EURUSD,1.06534,1.06575,1.0653299999999999,1.06573,2131.0
2024-04-19 13:15:00,FX:EURUSD,1.06573,1.06585,1.06509,1.06513,2427.0
2024-04-19 13:30:00,FX:EURUSD,1.06513,1.06547,1.06512,1.0653,1891.0
2024-04-19 13:45:00,FX:EURUSD,1.0653,1.06579,1.06525,1.06557,2116.0
2024-04-19 14:00:00,FX:EURUSD,1.06557,1.06557,1.0649899999999999,1.0653299999999999,3122.0
2024-04-19 14:15:00,FX:EURUSD,1.0653299999999999,1.06556,1.06491,1.06493,2202.0
2024-04-19 14:30:00,FX:EURUSD,1.06493,1.06506,1.06464,1.06477,2307.0
2024-04-19 14:45:00,FX:EURUSD,1.06477,1.06526,1.06471,1.06506,2271.0
2024-04-19 15:00:00,FX:EURUSD,1.06506,1.06536,1.06496,1.06529,1664.0
2024-04-19 15:15:00,FX:EURUSD,1.06529,1.06529,1.06501,1.06521,1670.0
2024-04-19 15:30:00,FX:EURUSD,1.06521,1.06537,1.06503,1.06515,2084.0
2024-04-19 15:45:00,FX:EURUSD,1.06515,1.06552,1.06505,1.06546,2511.0
2024-04-19 16:00:00,FX:EURUSD,1.06546,1.06551,1.0653,1.06542,887.0
2024-04-19 16:15:00,FX:EURUSD,1.06542,1.06549,1.06535,1.06542,686.0
2024-04-19 16:30:00,FX:EURUSD,1.06542,1.06572,1.0654,1.06561,437.0
2024-04-19 16:45:00,FX:EURUSD,1.06561,1.0657699999999999,1.06521,1.06521,517.0
2024-04-21 17:00:00,FX:EURUSD,1.0657,1.06589,1.06487,1.06575,218.0
2024-04-21 17:15:00,FX:EURUSD,1.06575,1.06604,1.06501,1.0658,794.0
2024-04-21 17:30:00,FX:EURUSD,1.0658,1.06589,1.06535,1.06556,323.0
2024-04-21 17:45:00,FX:EURUSD,1.06556,1.06595,1.06545,1.0655,791.0
2024-04-21 18:00:00,FX:EURUSD,1.0655,1.06615,1.06543,1.06609,753.0
2024-04-21 18:15:00,FX:EURUSD,1.06609,1.06614,1.06587,1.06597,299.0
2024-04-21 18:30:00,FX:EURUSD,1.06597,1.06606,1.06583,1.06584,393.0
2024-04-21 18:45:00,FX:EURUSD,1.06584,1.06595,1.06584,1.06589,293.0
2024-04-21 19:00:00,FX:EURUSD,1.06589,1.06611,1.06588,1.06603,324.0
2024-04-21 19:15:00,FX:EURUSD,1.06603,1.06604,1.06589,1.06595,526.0
2024-04-21 19:30:00,FX:EURUSD,1.06595,1.06602,1.06579,1.06596,459.0
2024-04-21 19:45:00,FX:EURUSD,1.06596,1.06599,1.06574,1.06575,681.0
2024-04-21 20:00:00,FX:EURUSD,1.06575,1.06603,1.06553,1.06597,1784.0
2024-04-21 20:15:00,FX:EURUSD,1.06597,1.0665,1.06593,1.06632,1840.0
2024-04-21 20:30:00,FX:EURUSD,1.06632,1.06633,1.06544,1.06545,1898.0
2024-04-21 20:45:00,FX:EURUSD,1.06545,1.06574,1.06526,1.0653299999999999,1938.0
2024-04-21 21:00:00,FX:EURUSD,1.0653299999999999,1.06626,1.06532,1.0662,2018.0
2024-04-21 21:15:00,FX:EURUSD,1.0662,1.06676,1.0659,1.06649,2440.0
2024-04-21 21:30:00,FX:EURUSD,1.06649,1.06658,1.0662099999999999,1.06653,2198.0
2024-04-21 21:45:00,FX:EURUSD,1.06653,1.06698,1.06646,1.06681,1703.0
2024-04-21 22:00:00,FX:EURUSD,1.06681,1.06701,1.06668,1.06679,1800.0
2024-04-21 22:15:00,FX:EURUSD,1.06679,1.06707,1.06659,1.06665,926.0
2024-04-21 22:30:00,FX:EURUSD,1.06665,1.06672,1.06646,1.06647,699.0
2024-04-21 22:45:00,FX:EURUSD,1.06647,1.06659,1.0663799999999999,1.06639,795.0
2024-04-21 23:00:00,FX:EURUSD,1.06639,1.06645,1.06625,1.06631,744.0
2024-04-21 23:15:00,FX:EURUSD,1.06631,1.06635,1.06616,1.06618,606.0
2024-04-21 23:30:00,FX:EURUSD,1.06618,1.06627,1.06604,1.06612,892.0
2024-04-21 23:45:00,FX:EURUSD,1.06612,1.06622,1.06604,1.06616,779.0
2024-04-22 00:00:00,FX:EURUSD,1.06616,1.0664,1.06614,1.0664,713.0
2024-04-22 00:15:00,FX:EURUSD,1.0664,1.06647,1.06634,1.06646,325.0
2024-04-22 00:30:00,FX:EURUSD,1.06646,1.06671,1.06643,1.06665,622.0
2024-04-22 00:45:00,FX:EURUSD,1.06665,1.06686,1.06651,1.06653,720.0
2024-04-22 01:00:00,FX:EURUSD,1.06653,1.0666,1.06644,1.06649,705.0
2024-04-22 01:15:00,FX:EURUSD,1.06649,1.06659,1.06637,1.06656,891.0
2024-04-22 01:30:00,FX:EURUSD,1.06656,1.06657,1.06619,1.06627,1261.0
2024-04-22 01:45:00,FX:EURUSD,1.06627,1.06653,1.0662099999999999,1.06637,1273.0
2024-04-22 02:00:00,FX:EURUSD,1.06637,1.06692,1.06629,1.06647,2359.0
2024-04-22 02:15:00,FX:EURUSD,1.06647,1.06668,1.0663,1.06639,1913.0
2024-04-22 02:30:00,FX:EURUSD,1.06639,1.06647,1.06607,1.06627,1897.0
2024-04-22 02:45:00,FX:EURUSD,1.06627,1.06647,1.06604,1.06639,2145.0
2024-04-22 03:00:00,FX:EURUSD,1.06639,1.06678,1.0662099999999999,1.06643,3214.0
2024-04-22 03:15:00,FX:EURUSD,1.06643,1.06645,1.0655999999999999,1.06567,2320.0
2024-04-22 03:30:00,FX:EURUSD,1.06567,1.06572,1.06524,1.06546,2619.0
2024-04-22 03:45:00,FX:EURUSD,1.06546,1.06603,1.06539,1.06584,2054.0
2024-04-22 04:00:00,FX:EURUSD,1.06584,1.066,1.06512,1.06519,2512.0
2024-04-22 04:15:00,FX:EURUSD,1.06519,1.06552,1.06473,1.0654,2312.0
2024-04-22 04:30:00,FX:EURUSD,1.0654,1.06561,1.06515,1.0655,2218.0
2024-04-22 04:45:00,FX:EURUSD,1.0655,1.06623,1.0655,1.06568,2176.0
2024-04-22 05:00:00,FX:EURUSD,1.06568,1.06619,1.06558,1.06616,1840.0
2024-04-22 05:15:00,FX:EURUSD,1.06616,1.06618,1.06556,1.06579,2166.0
2024-04-22 05:30:00,FX:EURUSD,1.06579,1.06579,1.06511,1.0652,1746.0
2024-04-22 05:45:00,FX:EURUSD,1.0652,1.0652,1.06488,1.06513,1632.0
2024-04-22 06:00:00,FX:EURUSD,1.06513,1.06542,1.0649899999999999,1.06524,1647.0
2024-04-22 06:15:00,FX:EURUSD,1.06524,1.06542,1.06474,1.06537,1854.0
2024-04-22 06:30:00,FX:EURUSD,1.06537,1.0655,1.06511,1.06521,1593.0
2024-04-22 06:45:00,FX:EURUSD,1.06521,1.0653,1.065,1.06506,1554.0
2024-04-22 07:00:00,FX:EURUSD,1.06506,1.0651,1.06437,1.06444,1565.0
2024-04-22 07:15:00,FX:EURUSD,1.06444,1.06461,1.06349,1.06367,2141.0
2024-04-22 07:30:00,FX:EURUSD,1.06367,1.06415,1.0635999999999999,1.06382,1654.0
2024-04-22 07:45:00,FX:EURUSD,1.06382,1.06397,1.0633,1.06352,2012.0
2024-04-22 08:00:00,FX:EURUSD,1.06352,1.06376,1.06307,1.06375,2390.0
2024-04-22 08:15:00,FX:EURUSD,1.06375,1.06431,1.0637,1.06423,2516.0
2024-04-22 08:30:00,FX:EURUSD,1.06423,1.06439,1.06402,1.06431,2271.0
2024-04-22 08:45:00,FX:EURUSD,1.06431,1.06432,1.0639399999999999,1.06397,2321.0
2024-04-22 09:00:00,FX:EURUSD,1.06397,1.06409,1.06335,1.06336,2386.0
2024-04-22 09:15:00,FX:EURUSD,1.06336,1.06345,1.0626,1.06273,2620.0
2024-04-22 09:30:00,FX:EURUSD,1.06273,1.06346,1.06239,1.06342,4007.0
2024-04-22 09:45:00,FX:EURUSD,1.06342,1.06372,1.06313,1.0633,2814.0
2024-04-22 10:00:00,FX:EURUSD,1.0633,1.06386,1.06326,1.06349,2951.0
2024-04-22 10:15:00,FX:EURUSD,1.06349,1.06406,1.06349,1.06401,2738.0
2024-04-22 10:30:00,FX:EURUSD,1.06401,1.0643799999999999,1.06391,1.06427,2665.0
2024-04-22 10:45:00,FX:EURUSD,1.06427,1.06477,1.06426,1.0645,2638.0
2024-04-22 11:00:00,FX:EURUSD,1.0645,1.0645,1.06408,1.06409,2023.0
2024-04-22 11:15:00,FX:EURUSD,1.06409,1.06448,1.06406,1.06446,1847.0
2024-04-22 11:30:00,FX:EURUSD,1.06446,1.06457,1.06409,1.06446,1913.0
2024-04-22 11:45:00,FX:EURUSD,1.06446,1.06479,1.06426,1.06471,1484.0
2024-04-22 12:00:00,FX:EURUSD,1.06471,1.06489,1.06468,1.06482,1192.0
2024-04-22 12:15:00,FX:EURUSD,1.06482,1.06508,1.06481,1.06494,1148.0
2024-04-22 12:30:00,FX:EURUSD,1.06494,1.06507,1.06461,1.06475,1527.0
2024-04-22 12:45:00,FX:EURUSD,1.06475,1.06488,1.06461,1.06487,1303.0
2024-04-22 13:00:00,FX:EURUSD,1.06487,1.06526,1.0648,1.06518,1423.0
2024-04-22 13:15:00,FX:EURUSD,1.06518,1.0655,1.06509,1.06539,1213.0
2024-04-22 13:30:00,FX:EURUSD,1.06539,1.0654,1.06521,1.06531,973.0
2024-04-22 13:45:00,FX:EURUSD,1.06531,1.0657699999999999,1.06531,1.06573,1278.0
2024-04-22 14:00:00,FX:EURUSD,1.06573,1.06579,1.06541,1.06578,1101.0
2024-04-22 14:15:00,FX:EURUSD,1.06578,1.06593,1.06576,1.06583,993.0
2024-04-22 14:30:00,FX:EURUSD,1.06583,1.06607,1.06583,1.06592,1175.0
2024-04-22 14:45:00,FX:EURUSD,1.06592,1.06598,1.0658,1.06586,1411.0
2024-04-22 15:00:00,FX:EURUSD,1.06586,1.06586,1.0653299999999999,1.06544,1218.0
2024-04-22 15:15:00,FX:EURUSD,1.06544,1.06546,1.06511,1.06523,1362.0
2024-04-22 15:30:00,FX:EURUSD,1.06523,1.0653,1.06505,1.0652,1824.0
2024-04-22 15:45:00,FX:EURUSD,1.0652,1.06534,1.06511,1.06519,1242.0
2024-04-22 16:00:00,FX:EURUSD,1.06519,1.06519,1.06504,1.0651,574.0
2024-04-22 16:15:00,FX:EURUSD,1.0651,1.06538,1.0651,1.06534,436.0
2024-04-22 16:30:00,FX:EURUSD,1.06534,1.06548,1.0653,1.06547,344.0
2024-04-22 16:45:00,FX:EURUSD,1.06547,1.06553,1.06527,1.06539,608.0
2024-04-22 17:00:00,FX:EURUSD,1.06539,1.06542,1.06514,1.06529,89.0
2024-04-22 17:15:00,FX:EURUSD,1.06529,1.06529,1.06494,1.06517,318.0
2024-04-22 17:30:00,FX:EURUSD,1.06517,1.0653299999999999,1.06502,1.06526,306.0
2024-04-22 17:45:00,FX:EURUSD,1.06526,1.0653,1.06509,1.06513,372.0
2024-04-22 18:00:00,FX:EURUSD,1.06513,1.06544,1.06513,1.06535,355.0
2024-04-22 18:15:00,FX:EURUSD,1.06535,1.06543,1.06532,1.06534,291.0
2024-04-22 18:30:00,FX:EURUSD,1.06534,1.06542,1.06534,1.06537,318.0
2024-04-22 18:45:00,FX:EURUSD,1.06537,1.06545,1.06537,1.06542,185.0
2024-04-22 19:00:00,FX:EURUSD,1.06542,1.06548,1.06525,1.06528,471.0
2024-04-22 19:15:00,FX:EURUSD,1.06528,1.06536,1.06524,1.06531,387.0
2024-04-22 19:30:00,FX:EURUSD,1.06531,1.06549,1.06531,1.06542,328.0
2024-04-22 19:45:00,FX:EURUSD,1.06542,1.06559,1.06532,1.06537,738.0
2024-04-22 20:00:00,FX:EURUSD,1.06537,1.06571,1.06537,1.0655,923.0
2024-04-22 20:15:00,FX:EURUSD,1.0655,1.06572,1.06546,1.0655999999999999,794.0
2024-04-22 20:30:00,FX:EURUSD,1.0655999999999999,1.0657699999999999,1.06558,1.06569,853.0
2024-04-22 20:45:00,FX:EURUSD,1.06569,1.06592,1.06569,1.06586,714.0
2024-04-22 21:00:00,FX:EURUSD,1.06586,1.06604,1.06584,1.06603,1210.0
2024-04-22 21:15:00,FX:EURUSD,1.06603,1.06604,1.06568,1.0658,1360.0
2024-04-22 21:30:00,FX:EURUSD,1.0658,1.06592,1.06565,1.06574,1511.0
2024-04-22 21:45:00,FX:EURUSD,1.06574,1.06576,1.0653299999999999,1.06541,1241.0
2024-04-22 22:00:00,FX:EURUSD,1.06541,1.06587,1.06537,1.06579,1065.0
2024-04-22 22:15:00,FX:EURUSD,1.06579,1.06602,1.06573,1.066,1035.0
2024-04-22 22:30:00,FX:EURUSD,1.066,1.06605,1.06583,1.066,725.0
2024-04-22 22:45:00,FX:EURUSD,1.066,1.06606,1.06582,1.06584,707.0
2024-04-22 23:00:00,FX:EURUSD,1.06584,1.06588,1.06549,1.06562,907.0
2024-04-22 23:15:00,FX:EURUSD,1.06562,1.06576,1.06551,1.06552,1091.0
2024-04-22 23:30:00,FX:EURUSD,1.06552,1.06571,1.06545,1.06557,790.0
2024-04-22 23:45:00,FX:EURUSD,1.06557,1.06566,1.0655,1.06561,563.0
2024-04-23 00:00:00,FX:EURUSD,1.06561,1.0658,1.06557,1.0657699999999999,627.0
2024-04-23 00:15:00,FX:EURUSD,1.0657699999999999,1.06583,1.06566,1.06571,587.0
2024-04-23 00:30:00,FX:EURUSD,1.06571,1.06571,1.06553,1.06561,930.0
2024-04-23 00:45:00,FX:EURUSD,1.06561,1.06562,1.06541,1.06552,541.0
2024-04-23 01:00:00,FX:EURUSD,1.06552,1.06552,1.06513,1.06529,976.0
2024-04-23 01:15:00,FX:EURUSD,1.06529,1.0654,1.0652,1.0652,586.0
2024-04-23 01:30:00,FX:EURUSD,1.0652,1.06535,1.06495,1.065,895.0
2024-04-23 01:45:00,FX:EURUSD,1.065,1.0653,1.065,1.06508,1301.0
2024-04-23 02:00:00,FX:EURUSD,1.06508,1.06509,1.06413,1.06413,1748.0
2024-04-23 02:15:00,FX:EURUSD,1.06413,1.06415,1.06385,1.06406,1400.0
2024-04-23 02:30:00,FX:EURUSD,1.06406,1.06458,1.06405,1.06447,1381.0
2024-04-23 02:45:00,FX:EURUSD,1.06447,1.06505,1.0643,1.06451,1906.0
2024-04-23 03:00:00,FX:EURUSD,1.06451,1.065,1.06435,1.0647,3333.0
2024-04-23 03:15:00,FX:EURUSD,1.0647,1.0668199999999999,1.0647,1.0665,4821.0
2024-04-23 03:30:00,FX:EURUSD,1.0665,1.06951,1.0665,1.06815,6721.0
2024-04-23 03:45:00,FX:EURUSD,1.06815,1.06834,1.06759,1.06795,3087.0
2024-04-23 04:00:00,FX:EURUSD,1.06795,1.068,1.06707,1.06778,3563.0
2024-04-23 04:15:00,FX:EURUSD,1.06778,1.06832,1.06767,1.06775,2328.0
2024-04-23 04:30:00,FX:EURUSD,1.06775,1.06827,1.06758,1.06818,3094.0
2024-04-23 04:45:00,FX:EURUSD,1.06818,1.06819,1.0669,1.06707,2700.0
2024-04-23 05:00:00,FX:EURUSD,1.06707,1.06707,1.06606,1.06614,2230.0
2024-04-23 05:15:00,FX:EURUSD,1.06614,1.06641,1.06599,1.06623,2171.0
2024-04-23 05:30:00,FX:EURUSD,1.06623,1.06645,1.06614,1.0664,1727.0
2024-04-23 05:45:00,FX:EURUSD,1.0664,1.06641,1.06561,1.06593,1932.0
2024-04-23 06:00:00,FX:EURUSD,1.06593,1.06627,1.06593,1.06608,1443.0
2024-04-23 06:15:00,FX:EURUSD,1.06608,1.06618,1.06569,1.0659399999999999,1267.0
2024-04-23 06:30:00,FX:EURUSD,1.0659399999999999,1.06598,1.0655,1.06561,1933.0
2024-04-23 06:45:00,FX:EURUSD,1.06561,1.06573,1.06531,1.06549,1585.0
2024-04-23 07:00:00,FX:EURUSD,1.06549,1.06611,1.06548,1.0661,1114.0
2024-04-23 07:15:00,FX:EURUSD,1.0661,1.0672,1.06609,1.06701,3255.0
2024-04-23 07:30:00,FX:EURUSD,1.06701,1.0671,1.06644,1.06667,1673.0
2024-04-23 07:45:00,FX:EURUSD,1.06667,1.0678,1.06666,1.06745,2392.0
2024-04-23 08:00:00,FX:EURUSD,1.06745,1.06758,1.06709,1.0672,2523.0
2024-04-23 08:15:00,FX:EURUSD,1.0672,1.06769,1.06715,1.06728,2080.0
2024-04-23 08:30:00,FX:EURUSD,1.06728,1.0674299999999999,1.06677,1.06684,2258.0
2024-04-23 08:45:00,FX:EURUSD,1.06684,1.06722,1.06639,1.0672,2219.0
2024-04-23 09:00:00,FX:EURUSD,1.0672,1.0672,1.06658,1.06675,2053.0
2024-04-23 09:15:00,FX:EURUSD,1.06675,1.06677,1.06635,1.06658,1483.0
2024-04-23 09:30:00,FX:EURUSD,1.06658,1.06688,1.066,1.06616,2897.0
2024-04-23 09:45:00,FX:EURUSD,1.06616,1.07098,1.06616,1.07011,10792.0
2024-04-23 10:00:00,FX:EURUSD,1.07011,1.07052,1.06904,1.0697699999999999,9402.0
2024-04-23 10:15:00,FX:EURUSD,1.0697699999999999,1.07089,1.06956,1.06995,5400.0
2024-04-23 10:30:00,FX:EURUSD,1.06995,1.07113,1.06973,1.07042,4686.0
2024-04-23 10:45:00,FX:EURUSD,1.07042,1.0705,1.06959,1.06984,4077.0
2024-04-23 11:00:00,FX:EURUSD,1.06984,1.06991,1.0689899999999999,1.06991,3514.0
2024-04-23 11:15:00,FX:EURUSD,1.06991,1.0700399999999999,1.06967,1.07002,2225.0
2024-04-23 11:30:00,FX:EURUSD,1.07002,1.07033,1.06962,1.06962,2204.0
2024-04-23 11:45:00,FX:EURUSD,1.06962,1.06965,1.06912,1.06947,1938.0
2024-04-23 12:00:00,FX:EURUSD,1.06947,1.06984,1.06921,1.06982,1947.0
2024-04-23 12:15:00,FX:EURUSD,1.06982,1.07019,1.06975,1.07018,1545.0
2024-04-23 12:30:00,FX:EURUSD,1.07018,1.07024,1.06984,1.06998,1705.0
2024-04-23 12:45:00,FX:EURUSD,1.06998,1.07009,1.06979,1.06999,1550.0
2024-04-23 13:00:00,FX:EURUSD,1.06999,1.07049,1.06993,1.0702,2329.0
2024-04-23 13:15:00,FX:EURUSD,1.0702,1.0706499999999999,1.06999,1.07053,1543.0
2024-04-23 13:30:00,FX:EURUSD,1.07053,1.07071,1.07039,1.07069,1023.0
2024-04-23 13:45:00,FX:EURUSD,1.07069,1.07077,1.07037,1.07049,1063.0
2024-04-23 14:00:00,FX:EURUSD,1.07049,1.07068,1.07036,1.07042,1252.0
2024-04-23 14:15:00,FX:EURUSD,1.07042,1.07068,1.0704,1.07066,874.0
2024-04-23 14:30:00,FX:EURUSD,1.07066,1.07074,1.0705,1.07061,1013.0
2024-04-23 14:45:00,FX:EURUSD,1.07061,1.07062,1.07017,1.0703799999999999,1449.0
2024-04-23 15:00:00,FX:EURUSD,1.0703799999999999,1.07055,1.0702,1.07049,1610.0
2024-04-23 15:15:00,FX:EURUSD,1.07049,1.0705,1.07029,1.07033,868.0
2024-04-23 15:30:00,FX:EURUSD,1.07033,1.07044,1.07028,1.07039,970.0
2024-04-23 15:45:00,FX:EURUSD,1.07039,1.0705,1.07018,1.0703,990.0
2024-04-23 16:00:00,FX:EURUSD,1.0703,1.0703,1.07008,1.0701,597.0
2024-04-23 16:15:00,FX:EURUSD,1.0701,1.07014,1.06999,1.07007,297.0
2024-04-23 16:30:00,FX:EURUSD,1.07007,1.07031,1.07007,1.0702099999999999,334.0
2024-04-23 16:45:00,FX:EURUSD,1.0702099999999999,1.0703,1.07011,1.07011,648.0
2024-04-23 17:00:00,FX:EURUSD,1.07011,1.07027,1.06997,1.07023,187.0
2024-04-23 17:15:00,FX:EURUSD,1.07023,1.07026,1.06995,1.07001,471.0
2024-04-23 17:30:00,FX:EURUSD,1.07001,1.07017,1.07,1.0701,218.0
2024-04-23 17:45:00,FX:EURUSD,1.0701,1.07027,1.07005,1.07025,205.0
2024-04-23 18:00:00,FX:EURUSD,1.07025,1.07045,1.07011,1.07013,351.0
2024-04-23 18:15:00,FX:EURUSD,1.07013,1.07024,1.07008,1.07015,260.0
2024-04-23 18:30:00,FX:EURUSD,1.07015,1.07024,1.07013,1.07017,170.0
2024-04-23 18:45:00,FX:EURUSD,1.07017,1.07036,1.07017,1.07031,160.0
2024-04-23 19:00:00,FX:EURUSD,1.07031,1.07033,1.0702,1.07032,297.0
2024-04-23 19:15:00,FX:EURUSD,1.07032,1.07034,1.07014,1.07027,359.0
2024-04-23 19:30:00,FX:EURUSD,1.07027,1.07029,1.06996,1.07008,535.0
2024-04-23 19:45:00,FX:EURUSD,1.07008,1.07029,1.07001,1.07024,1120.0
2024-04-23 20:00:00,FX:EURUSD,1.07024,1.0703,1.07001,1.07016,1214.0
2024-04-23 20:15:00,FX:EURUSD,1.07016,1.07084,1.07006,1.07084,1128.0
2024-04-23 20:30:00,FX:EURUSD,1.07084,1.07092,1.07073,1.07085,632.0
2024-04-23 20:45:00,FX:EURUSD,1.07085,1.07108,1.0707,1.07095,1059.0
2024-04-23 21:00:00,FX:EURUSD,1.07095,1.07101,1.07076,1.07086,998.0
2024-04-23 21:15:00,FX:EURUSD,1.07086,1.07116,1.07079,1.07101,956.0
2024-04-23 21:30:00,FX:EURUSD,1.07101,1.07142,1.0708199999999999,1.07093,2694.0
2024-04-23 21:45:00,FX:EURUSD,1.07093,1.07112,1.0708199999999999,1.0709899999999999,1513.0
2024-04-23 22:00:00,FX:EURUSD,1.0709899999999999,1.0712599999999999,1.07077,1.07122,1230.0
2024-04-23 22:15:00,FX:EURUSD,1.07122,1.07132,1.07092,1.071,888.0
2024-04-23 22:30:00,FX:EURUSD,1.071,1.0711,1.07081,1.07095,1108.0
2024-04-23 22:45:00,FX:EURUSD,1.07095,1.07112,1.07075,1.071,724.0
2024-04-23 23:00:00,FX:EURUSD,1.071,1.07109,1.07063,1.07068,929.0
2024-04-23 23:15:00,FX:EURUSD,1.07068,1.07069,1.07042,1.07047,784.0
2024-04-23 23:30:00,FX:EURUSD,1.07047,1.07071,1.07046,1.07057,804.0
2024-04-23 23:45:00,FX:EURUSD,1.07057,1.07066,1.07044,1.07061,755.0
2024-04-24 00:00:00,FX:EURUSD,1.07061,1.07081,1.07057,1.07075,692.0
2024-04-24 00:15:00,FX:EURUSD,1.07075,1.07088,1.07067,1.07068,555.0
2024-04-24 00:30:00,FX:EURUSD,1.07068,1.07069,1.07051,1.07053,553.0
2024-04-24 00:45:00,FX:EURUSD,1.07053,1.07063,1.07051,1.07052,327.0
2024-04-24 01:00:00,FX:EURUSD,1.07052,1.07057,1.0703,1.07042,701.0
2024-04-24 01:15:00,FX:EURUSD,1.07042,1.07046,1.07022,1.07032,680.0
2024-04-24 01:30:00,FX:EURUSD,1.07032,1.07037,1.07006,1.07036,651.0
2024-04-24 01:45:00,FX:EURUSD,1.07036,1.07036,1.07001,1.07011,835.0
2024-04-24 02:00:00,FX:EURUSD,1.07011,1.07055,1.06959,1.06963,1931.0
2024-04-24 02:15:00,FX:EURUSD,1.06963,1.07009,1.06945,1.07001,1489.0
2024-04-24 02:30:00,FX:EURUSD,1.07001,1.07008,1.0698,1.06997,1114.0
2024-04-24 02:45:00,FX:EURUSD,1.06997,1.06998,1.0692,1.06946,1488.0
2024-04-24 03:00:00,FX:EURUSD,1.06946,1.0695999999999999,1.0688,1.0688199999999999,2819.0
2024-04-24 03:15:00,FX:EURUSD,1.0688199999999999,1.06932,1.06857,1.0688199999999999,2456.0
2024-04-24 03:30:00,FX:EURUSD,1.0688199999999999,1.06903,1.06863,1.06887,1875.0
2024-04-24 03:45:00,FX:EURUSD,1.06887,1.06891,1.06847,1.0688199999999999,1679.0
2024-04-24 04:00:00,FX:EURUSD,1.0688199999999999,1.06925,1.06877,1.06893,2064.0
2024-04-24 04:15:00,FX:EURUSD,1.06893,1.069,1.06866,1.06869,1806.0
2024-04-24 04:30:00,FX:EURUSD,1.06869,1.06875,1.06817,1.0683,1863.0
2024-04-24 04:45:00,FX:EURUSD,1.0683,1.06848,1.06806,1.06832,1591.0
2024-04-24 05:00:00,FX:EURUSD,1.06832,1.06887,1.06832,1.06887,1445.0
2024-04-24 05:15:00,FX:EURUSD,1.06887,1.0691,1.0687,1.06896,1492.0
2024-04-24 05:30:00,FX:EURUSD,1.06896,1.069,1.06856,1.06871,1614.0
2024-04-24 05:45:00,FX:EURUSD,1.06871,1.06885,1.0683799999999999,1.0683799999999999,1272.0
2024-04-24 06:00:00,FX:EURUSD,1.0683799999999999,1.0689,1.06836,1.06885,1114.0
2024-04-24 06:15:00,FX:EURUSD,1.06885,1.06919,1.06883,1.06909,846.0
2024-04-24 06:30:00,FX:EURUSD,1.06909,1.06913,1.06861,1.06865,1377.0
2024-04-24 06:45:00,FX:EURUSD,1.06865,1.06895,1.0685499999999999,1.06883,1095.0
2024-04-24 07:00:00,FX:EURUSD,1.06883,1.0689899999999999,1.06863,1.06884,1232.0
2024-04-24 07:15:00,FX:EURUSD,1.06884,1.06889,1.06849,1.0685,1500.0
2024-04-24 07:30:00,FX:EURUSD,1.0685,1.06856,1.06832,1.06844,1269.0
2024-04-24 07:45:00,FX:EURUSD,1.06844,1.06893,1.06833,1.06891,1400.0
2024-04-24 08:00:00,FX:EURUSD,1.06891,1.06908,1.06785,1.06853,2475.0
2024-04-24 08:15:00,FX:EURUSD,1.06853,1.0689,1.06814,1.06879,3313.0
2024-04-24 08:30:00,FX:EURUSD,1.06879,1.0693,1.06811,1.0682099999999999,5360.0
2024-04-24 08:45:00,FX:EURUSD,1.0682099999999999,1.06883,1.0678,1.06868,3607.0
2024-04-24 09:00:00,FX:EURUSD,1.06868,1.06903,1.0684,1.06883,3113.0
2024-04-24 09:15:00,FX:EURUSD,1.06883,1.06976,1.06867,1.06971,2431.0
2024-04-24 09:30:00,FX:EURUSD,1.06971,1.06994,1.06944,1.06947,3259.0
2024-04-24 09:45:00,FX:EURUSD,1.06947,1.06951,1.06894,1.06933,3203.0
2024-04-24 10:00:00,FX:EURUSD,1.06933,1.07025,1.06905,1.06936,3451.0
2024-04-24 10:15:00,FX:EURUSD,1.06936,1.07013,1.06927,1.06968,2324.0
2024-04-24 10:30:00,FX:EURUSD,1.06968,1.06973,1.06871,1.06871,2567.0
2024-04-24 10:45:00,FX:EURUSD,1.06871,1.06904,1.0685499999999999,1.0688,2956.0
2024-04-24 11:00:00,FX:EURUSD,1.0688,1.06912,1.06841,1.06841,3045.0
2024-04-24 11:15:00,FX:EURUSD,1.06841,1.06897,1.0684,1.06866,2297.0
2024-04-24 11:30:00,FX:EURUSD,1.06866,1.06912,1.06813,1.06814,2089.0
2024-04-24 11:45:00,FX:EURUSD,1.06814,1.06868,1.06808,1.06863,2014.0
2024-04-24 12:00:00,FX:EURUSD,1.06863,1.06903,1.06849,1.06871,2014.0
2024-04-24 12:15:00,FX:EURUSD,1.06871,1.06896,1.06857,1.06859,2006.0
2024-04-24 12:30:00,FX:EURUSD,1.06859,1.06878,1.06832,1.06872,1436.0
2024-04-24 12:45:00,FX:EURUSD,1.06872,1.06911,1.06865,1.06905,1643.0
2024-04-24 13:00:00,FX:EURUSD,1.06905,1.0695,1.06897,1.06933,1962.0
2024-04-24 13:15:00,FX:EURUSD,1.06933,1.06959,1.06926,1.06944,1625.0
2024-04-24 13:30:00,FX:EURUSD,1.06944,1.06958,1.0693,1.06953,1658.0
2024-04-24 13:45:00,FX:EURUSD,1.06953,1.06976,1.06937,1.06959,1045.0
2024-04-24 14:00:00,FX:EURUSD,1.06959,1.06968,1.06905,1.06906,1462.0
2024-04-24 14:15:00,FX:EURUSD,1.06906,1.06929,1.0689899999999999,1.06914,1850.0
2024-04-24 14:30:00,FX:EURUSD,1.06914,1.06918,1.06869,1.06918,1759.0
2024-04-24 14:45:00,FX:EURUSD,1.06918,1.0694,1.06913,1.06932,1569.0
2024-04-24 15:00:00,FX:EURUSD,1.06932,1.07025,1.06921,1.07024,1533.0
2024-04-24 15:15:00,FX:EURUSD,1.07024,1.0706499999999999,1.07014,1.07059,1408.0
2024-04-24 15:30:00,FX:EURUSD,1.07059,1.0706499999999999,1.07015,1.07015,1015.0
2024-04-24 15:45:00,FX:EURUSD,1.07015,1.07027,1.07,1.07007,1432.0
2024-04-24 16:00:00,FX:EURUSD,1.07007,1.07007,1.06975,1.06978,1024.0
2024-04-24 16:15:00,FX:EURUSD,1.06978,1.06985,1.06966,1.0698,400.0
2024-04-24 16:30:00,FX:EURUSD,1.0698,1.06989,1.06974,1.06974,534.0
2024-04-24 16:45:00,FX:EURUSD,1.06974,1.07002,1.06974,1.06987,611.0
2024-04-24 17:00:00,FX:EURUSD,1.06987,1.06987,1.0691599999999999,1.06951,281.0
2024-04-24 17:15:00,FX:EURUSD,1.06951,1.06965,1.06944,1.06956,283.0
2024-04-24 17:30:00,FX:EURUSD,1.06956,1.06974,1.06956,1.06967,367.0
2024-04-24 17:45:00,FX:EURUSD,1.06967,1.06976,1.06947,1.06974,817.0
2024-04-24 18:00:00,FX:EURUSD,1.06974,1.07008,1.06941,1.06954,563.0
2024-04-24 18:15:00,FX:EURUSD,1.06954,1.06973,1.06954,1.06966,195.0
2024-04-24 18:30:00,FX:EURUSD,1.06966,1.06973,1.06963,1.06964,228.0
2024-04-24 18:45:00,FX:EURUSD,1.06964,1.06975,1.06964,1.06973,138.0
2024-04-24 19:00:00,FX:EURUSD,1.06973,1.06978,1.06967,1.06973,287.0
2024-04-24 19:15:00,FX:EURUSD,1.06973,1.06974,1.06966,1.06972,273.0
2024-04-24 19:30:00,FX:EURUSD,1.06972,1.06982,1.06972,1.06979,406.0
2024-04-24 19:45:00,FX:EURUSD,1.06979,1.07,1.06976,1.06999,499.0
2024-04-24 20:00:00,FX:EURUSD,1.06999,1.07039,1.06999,1.07033,767.0
2024-04-24 20:15:00,FX:EURUSD,1.07033,1.07047,1.0699,1.06999,931.0
2024-04-24 20:30:00,FX:EURUSD,1.06999,1.07044,1.06999,1.07024,987.0
2024-04-24 20:45:00,FX:EURUSD,1.07024,1.0705,1.0701,1.07032,1190.0
2024-04-24 21:00:00,FX:EURUSD,1.07032,1.07056,1.06976,1.0697699999999999,1433.0
2024-04-24 21:15:00,FX:EURUSD,1.0697699999999999,1.07068,1.06969,1.07067,1107.0
2024-04-24 21:30:00,FX:EURUSD,1.07067,1.07088,1.07066,1.07071,1251.0
2024-04-24 21:45:00,FX:EURUSD,1.07071,1.0708199999999999,1.07053,1.0707,1066.0
2024-04-24 22:00:00,FX:EURUSD,1.0707,1.0708,1.07049,1.0706499999999999,1090.0
2024-04-24 22:15:00,FX:EURUSD,1.0706499999999999,1.07066,1.07042,1.07054,725.0
2024-04-24 22:30:00,FX:EURUSD,1.07054,1.07073,1.07052,1.07071,1007.0
2024-04-24 22:45:00,FX:EURUSD,1.07071,1.07088,1.0707,1.07073,459.0
2024-04-24 23:00:00,FX:EURUSD,1.07073,1.07081,1.07035,1.07048,755.0
2024-04-24 23:15:00,FX:EURUSD,1.07048,1.07075,1.07044,1.0707,525.0
2024-04-24 23:30:00,FX:EURUSD,1.0707,1.07071,1.07043,1.07055,682.0
2024-04-24 23:45:00,FX:EURUSD,1.07055,1.0706499999999999,1.07045,1.07059,629.0
2024-04-25 00:00:00,FX:EURUSD,1.07059,1.0707,1.07052,1.07069,400.0
2024-04-25 00:15:00,FX:EURUSD,1.07069,1.07077,1.07064,1.07074,376.0
2024-04-25 00:30:00,FX:EURUSD,1.07074,1.07097,1.07064,1.07097,416.0
2024-04-25 00:45:00,FX:EURUSD,1.07097,1.07098,1.07085,1.0709,480.0
2024-04-25 01:00:00,FX:EURUSD,1.0709,1.07096,1.07081,1.07086,772.0
2024-04-25 01:15:00,FX:EURUSD,1.07086,1.07096,1.07076,1.07087,677.0
2024-04-25 01:30:00,FX:EURUSD,1.07087,1.07108,1.07085,1.07102,684.0
2024-04-25 01:45:00,FX:EURUSD,1.07102,1.07131,1.07102,1.07121,581.0
2024-04-25 02:00:00,FX:EURUSD,1.07121,1.07165,1.07114,1.07164,1825.0
2024-04-25 02:15:00,FX:EURUSD,1.07164,1.07224,1.07151,1.07216,1709.0
2024-04-25 02:30:00,FX:EURUSD,1.07216,1.07276,1.07213,1.07242,2109.0
2024-04-25 02:45:00,FX:EURUSD,1.07242,1.07248,1.07194,1.07205,2677.0
2024-04-25 03:00:00,FX:EURUSD,1.07205,1.07222,1.07116,1.07134,2926.0
2024-04-25 03:15:00,FX:EURUSD,1.07134,1.07166,1.07113,1.07142,2029.0
2024-04-25 03:30:00,FX:EURUSD,1.07142,1.07191,1.0714,1.07166,1835.0
2024-04-25 03:45:00,FX:EURUSD,1.07166,1.07235,1.07132,1.07209,2529.0
2024-04-25 04:00:00,FX:EURUSD,1.07209,1.07288,1.072,1.07255,1926.0
2024-04-25 04:15:00,FX:EURUSD,1.07255,1.07263,1.07223,1.0723799999999999,1465.0
2024-04-25 04:30:00,FX:EURUSD,1.0723799999999999,1.0728199999999999,1.0723799999999999,1.07268,1684.0
2024-04-25 04:45:00,FX:EURUSD,1.07268,1.07285,1.0725,1.07257,1869.0
2024-04-25 05:00:00,FX:EURUSD,1.07257,1.0727,1.07231,1.07258,1597.0
2024-04-25 05:15:00,FX:EURUSD,1.07258,1.07261,1.07212,1.07228,1326.0
2024-04-25 05:30:00,FX:EURUSD,1.07228,1.07279,1.07218,1.07279,1511.0
2024-04-25 05:45:00,FX:EURUSD,1.07279,1.07285,1.07246,1.07267,1432.0
2024-04-25 06:00:00,FX:EURUSD,1.07267,1.07287,1.07249,1.07271,1676.0
2024-04-25 06:15:00,FX:EURUSD,1.07271,1.07297,1.07259,1.07272,1359.0
2024-04-25 06:30:00,FX:EURUSD,1.07272,1.07291,1.0723799999999999,1.07239,1522.0
2024-04-25 06:45:00,FX:EURUSD,1.07239,1.07261,1.07222,1.07248,1422.0
2024-04-25 07:00:00,FX:EURUSD,1.07248,1.07253,1.0722,1.07242,858.0
2024-04-25 07:15:00,FX:EURUSD,1.07242,1.0729899999999999,1.07226,1.07286,1280.0
2024-04-25 07:30:00,FX:EURUSD,1.07286,1.07287,1.0718,1.07188,1407.0
2024-04-25 07:45:00,FX:EURUSD,1.07188,1.0720399999999999,1.0717,1.07202,1246.0
2024-04-25 08:00:00,FX:EURUSD,1.07202,1.07208,1.07176,1.07185,1524.0
2024-04-25 08:15:00,FX:EURUSD,1.07185,1.0718699999999999,1.0714,1.07154,1872.0
2024-04-25 08:30:00,FX:EURUSD,1.07154,1.0740399999999999,1.06894,1.0691,14280.0
2024-04-25 08:45:00,FX:EURUSD,1.0691,1.06953,1.0685499999999999,1.06922,8311.0
2024-04-25 09:00:00,FX:EURUSD,1.06922,1.06998,1.06782,1.068,7536.0
2024-04-25 09:15:00,FX:EURUSD,1.068,1.06928,1.06794,1.06874,5202.0
2024-04-25 09:30:00,FX:EURUSD,1.06874,1.07002,1.06814,1.07002,6234.0
2024-04-25 09:45:00,FX:EURUSD,1.07002,1.07037,1.06927,1.07005,4956.0
2024-04-25 10:00:00,FX:EURUSD,1.07005,1.07064,1.06925,1.07057,5643.0
2024-04-25 10:15:00,FX:EURUSD,1.07057,1.0718699999999999,1.07057,1.07151,4756.0
2024-04-25 10:30:00,FX:EURUSD,1.07151,1.07208,1.07116,1.07148,4687.0
2024-04-25 10:45:00,FX:EURUSD,1.07148,1.07177,1.071,1.07117,4550.0
2024-04-25 11:00:00,FX:EURUSD,1.07117,1.07148,1.07076,1.07135,3462.0
2024-04-25 11:15:00,FX:EURUSD,1.07135,1.07177,1.07102,1.07173,2996.0
2024-04-25 11:30:00,FX:EURUSD,1.07173,1.07202,1.07157,1.07182,2072.0
2024-04-25 11:45:00,FX:EURUSD,1.07182,1.07216,1.07162,1.07203,2288.0
2024-04-25 12:00:00,FX:EURUSD,1.07203,1.07212,1.07164,1.07175,2325.0
2024-04-25 12:15:00,FX:EURUSD,1.07175,1.07213,1.07149,1.07213,2243.0
2024-04-25 12:30:00,FX:EURUSD,1.07213,1.07293,1.07196,1.0729,2102.0
2024-04-25 12:45:00,FX:EURUSD,1.0729,1.07351,1.07289,1.07311,2642.0
2024-04-25 13:00:00,FX:EURUSD,1.07311,1.07363,1.07306,1.07342,2507.0
2024-04-25 13:15:00,FX:EURUSD,1.07342,1.07359,1.07322,1.07353,1989.0
2024-04-25 13:30:00,FX:EURUSD,1.07353,1.0738699999999999,1.07334,1.07346,2371.0
2024-04-25 13:45:00,FX:EURUSD,1.07346,1.07348,1.07293,1.07301,2360.0
2024-04-25 14:00:00,FX:EURUSD,1.07301,1.07302,1.0725,1.0727,2534.0
2024-04-25 14:15:00,FX:EURUSD,1.0727,1.07296,1.07232,1.07234,1673.0
2024-04-25 14:30:00,FX:EURUSD,1.07234,1.07275,1.07229,1.07263,1891.0
2024-04-25 14:45:00,FX:EURUSD,1.07263,1.07288,1.07252,1.07273,2004.0
2024-04-25 15:00:00,FX:EURUSD,1.07273,1.07324,1.07269,1.0732,1425.0
2024-04-25 15:15:00,FX:EURUSD,1.0732,1.07347,1.07316,1.0734299999999999,1331.0
2024-04-25 15:30:00,FX:EURUSD,1.0734299999999999,1.0734299999999999,1.07302,1.07311,1747.0
2024-04-25 15:45:00,FX:EURUSD,1.07311,1.07321,1.0727,1.07294,1424.0
2024-04-25 16:00:00,FX:EURUSD,1.07294,1.07301,1.07285,1.07296,1326.0
2024-04-25 16:15:00,FX:EURUSD,1.07296,1.073,1.07291,1.07294,401.0
2024-04-25 16:30:00,FX:EURUSD,1.07294,1.07303,1.07294,1.07303,219.0
2024-04-25 16:45:00,FX:EURUSD,1.07303,1.07308,1.0729,1.07298,386.0
2024-04-25 17:00:00,FX:EURUSD,1.07298,1.07298,1.07247,1.07284,47.0
2024-04-25 17:15:00,FX:EURUSD,1.07284,1.07287,1.0728199999999999,1.07287,44.0
2024-04-25 17:30:00,FX:EURUSD,1.07287,1.07293,1.07281,1.07289,56.0
2024-04-25 17:45:00,FX:EURUSD,1.07289,1.07292,1.07284,1.07287,141.0
2024-04-25 18:00:00,FX:EURUSD,1.07287,1.07304,1.07285,1.07296,286.0
2024-04-25 18:15:00,FX:EURUSD,1.07296,1.07297,1.07285,1.07288,223.0
2024-04-25 18:30:00,FX:EURUSD,1.07288,1.07293,1.07284,1.07287,218.0
2024-04-25 18:45:00,FX:EURUSD,1.07287,1.07294,1.07281,1.0729,205.0
2024-04-25 19:00:00,FX:EURUSD,1.0729,1.07302,1.07286,1.07293,318.0
2024-04-25 19:15:00,FX:EURUSD,1.07293,1.07302,1.07292,1.07298,200.0
2024-04-25 19:30:00,FX:EURUSD,1.07298,1.07301,1.07272,1.07273,463.0
2024-04-25 19:45:00,FX:EURUSD,1.07273,1.07285,1.07263,1.07266,601.0
2024-04-25 20:00:00,FX:EURUSD,1.07266,1.07267,1.07226,1.07246,977.0
2024-04-25 20:15:00,FX:EURUSD,1.07246,1.07267,1.07234,1.07261,952.0
2024-04-25 20:30:00,FX:EURUSD,1.07261,1.07272,1.07256,1.07262,788.0
2024-04-25 20:45:00,FX:EURUSD,1.07262,1.0728,1.07262,1.07274,870.0
2024-04-25 21:00:00,FX:EURUSD,1.07274,1.07274,1.07237,1.07241,775.0
2024-04-25 21:15:00,FX:EURUSD,1.07241,1.0727,1.07241,1.07246,948.0
2024-04-25 21:30:00,FX:EURUSD,1.07246,1.07281,1.07246,1.07278,1202.0
2024-04-25 21:45:00,FX:EURUSD,1.07278,1.07293,1.07262,1.07271,944.0
2024-04-25 22:00:00,FX:EURUSD,1.07271,1.07285,1.0726499999999999,1.07269,864.0
2024-04-25 22:15:00,FX:EURUSD,1.07269,1.07277,1.07247,1.07255,514.0
2024-04-25 22:30:00,FX:EURUSD,1.07255,1.07267,1.07214,1.07215,581.0
2024-04-25 22:45:00,FX:EURUSD,1.07215,1.07239,1.07184,1.07228,866.0
2024-04-25 23:00:00,FX:EURUSD,1.07228,1.0723799999999999,1.07215,1.0723,560.0
2024-04-25 23:15:00,FX:EURUSD,1.0723,1.07253,1.07226,1.07239,1627.0
2024-04-25 23:30:00,FX:EURUSD,1.07239,1.07252,1.07186,1.07193,1507.0
2024-04-25 23:45:00,FX:EURUSD,1.07193,1.07231,1.07192,1.07231,1105.0
2024-04-26 00:00:00,FX:EURUSD,1.07231,1.07232,1.07211,1.0723,764.0
2024-04-26 00:15:00,FX:EURUSD,1.0723,1.07232,1.07217,1.07225,671.0
2024-04-26 00:30:00,FX:EURUSD,1.07225,1.07232,1.07212,1.07225,817.0
2024-04-26 00:45:00,FX:EURUSD,1.07225,1.07233,1.0722099999999999,1.07224,559.0
2024-04-26 01:00:00,FX:EURUSD,1.07224,1.07239,1.07215,1.07237,693.0
2024-04-26 01:15:00,FX:EURUSD,1.07237,1.07269,1.07226,1.07257,845.0
2024-04-26 01:30:00,FX:EURUSD,1.07257,1.07267,1.07252,1.0726,590.0
2024-04-26 01:45:00,FX:EURUSD,1.0726,1.07274,1.07247,1.07261,1241.0
2024-04-26 02:00:00,FX:EURUSD,1.07261,1.07312,1.07257,1.07312,1468.0
2024-04-26 02:15:00,FX:EURUSD,1.07312,1.07324,1.07273,1.07298,1694.0
2024-04-26 02:30:00,FX:EURUSD,1.07298,1.07371,1.07294,1.0737,1845.0
2024-04-26 02:45:00,FX:EURUSD,1.0737,1.0738699999999999,1.07335,1.07353,2271.0
2024-04-26 03:00:00,FX:EURUSD,1.07353,1.07366,1.07297,1.07308,3400.0
2024-04-26 03:15:00,FX:EURUSD,1.07308,1.07312,1.07257,1.07303,2626.0
2024-04-26 03:30:00,FX:EURUSD,1.07303,1.07316,1.07273,1.07281,1849.0
2024-04-26 03:45:00,FX:EURUSD,1.07281,1.0732599999999999,1.0726,1.07294,2275.0
2024-04-26 04:00:00,FX:EURUSD,1.07294,1.07435,1.07284,1.07402,8019.0
2024-04-26 04:15:00,FX:EURUSD,1.07402,1.07471,1.07376,1.07467,3539.0
2024-04-26 04:30:00,FX:EURUSD,1.07467,1.07528,1.07446,1.07486,2847.0
2024-04-26 04:45:00,FX:EURUSD,1.07486,1.07488,1.07398,1.07408,2338.0
2024-04-26 05:00:00,FX:EURUSD,1.07408,1.07433,1.07383,1.07417,2795.0
2024-04-26 05:15:00,FX:EURUSD,1.07417,1.07424,1.07317,1.07352,2070.0
2024-04-26 05:30:00,FX:EURUSD,1.07352,1.0735999999999999,1.07306,1.07332,2121.0
2024-04-26 05:45:00,FX:EURUSD,1.07332,1.07368,1.07327,1.0735999999999999,1516.0
2024-04-26 06:00:00,FX:EURUSD,1.0735999999999999,1.0735999999999999,1.07314,1.07319,1601.0
2024-04-26 06:15:00,FX:EURUSD,1.07319,1.07369,1.07291,1.07296,1697.0
2024-04-26 06:30:00,FX:EURUSD,1.07296,1.07304,1.07262,1.07281,1931.0
2024-04-26 06:45:00,FX:EURUSD,1.07281,1.07316,1.07278,1.07278,1821.0
2024-04-26 07:00:00,FX:EURUSD,1.07278,1.07325,1.07271,1.07324,1488.0
2024-04-26 07:15:00,FX:EURUSD,1.07324,1.07344,1.07302,1.07303,2014.0
2024-04-26 07:30:00,FX:EURUSD,1.07303,1.07308,1.0722,1.07235,1582.0
2024-04-26 07:45:00,FX:EURUSD,1.07235,1.07241,1.0715,1.07158,2680.0
2024-04-26 08:00:00,FX:EURUSD,1.07158,1.0718,1.07125,1.07172,1977.0
2024-04-26 08:15:00,FX:EURUSD,1.07172,1.07229,1.07158,1.07179,2622.0
2024-04-26 08:30:00,FX:EURUSD,1.07179,1.07411,1.07174,1.07246,13223.0
2024-04-26 08:45:00,FX:EURUSD,1.07246,1.0725,1.07101,1.07163,6468.0
2024-04-26 09:00:00,FX:EURUSD,1.07163,1.0723799999999999,1.07141,1.07154,4804.0
2024-04-26 09:15:00,FX:EURUSD,1.07154,1.07188,1.07091,1.071,4000.0
2024-04-26 09:30:00,FX:EURUSD,1.071,1.0717,1.07076,1.07093,5126.0
2024-04-26 09:45:00,FX:EURUSD,1.07093,1.0714299999999999,1.07061,1.07072,3539.0
2024-04-26 10:00:00,FX:EURUSD,1.07072,1.07118,1.0702,1.07028,4676.0
2024-04-26 10:15:00,FX:EURUSD,1.07028,1.0704,1.06939,1.0694299999999999,3776.0
2024-04-26 10:30:00,FX:EURUSD,1.0694299999999999,1.0694299999999999,1.06862,1.06875,3340.0
2024-04-26 10:45:00,FX:EURUSD,1.06875,1.06907,1.06762,1.06799,5751.0
2024-04-26 11:00:00,FX:EURUSD,1.06799,1.06847,1.06739,1.06757,4121.0
2024-04-26 11:15:00,FX:EURUSD,1.06757,1.06792,1.06744,1.06785,2894.0
2024-04-26 11:30:00,FX:EURUSD,1.06785,1.06887,1.06785,1.06887,2207.0
2024-04-26 11:45:00,FX:EURUSD,1.06887,1.06905,1.0683799999999999,1.06854,2711.0
2024-04-26 12:00:00,FX:EURUSD,1.06854,1.06894,1.06839,1.06888,2255.0
2024-04-26 12:15:00,FX:EURUSD,1.06888,1.06928,1.06881,1.0692,1754.0
2024-04-26 12:30:00,FX:EURUSD,1.0692,1.06963,1.06912,1.06958,1113.0
2024-04-26 12:45:00,FX:EURUSD,1.06958,1.06962,1.06933,1.06944,1361.0
2024-04-26 13:00:00,FX:EURUSD,1.06944,1.0698,1.06944,1.0697699999999999,1046.0
2024-04-26 13:15:00,FX:EURUSD,1.0697699999999999,1.0698,1.06934,1.06942,1018.0
2024-04-26 13:30:00,FX:EURUSD,1.06942,1.06963,1.06929,1.06948,977.0
2024-04-26 13:45:00,FX:EURUSD,1.06948,1.06953,1.06931,1.0694,975.0
2024-04-26 14:00:00,FX:EURUSD,1.0694,1.06987,1.06936,1.06982,881.0
2024-04-26 14:15:00,FX:EURUSD,1.06982,1.06997,1.0698,1.06988,895.0
2024-04-26 14:30:00,FX:EURUSD,1.06988,1.07016,1.06988,1.07008,1242.0
2024-04-26 14:45:00,FX:EURUSD,1.07008,1.07057,1.07008,1.07055,1269.0
2024-04-26 15:00:00,FX:EURUSD,1.07055,1.07072,1.0705,1.07053,1133.0
2024-04-26 15:15:00,FX:EURUSD,1.07053,1.07053,1.06992,1.06997,686.0
2024-04-26 15:30:00,FX:EURUSD,1.06997,1.06998,1.06965,1.0697,525.0
2024-04-26 15:45:00,FX:EURUSD,1.0697,1.07005,1.06969,1.06998,901.0
2024-04-26 16:00:00,FX:EURUSD,1.06998,1.07017,1.06954,1.06964,770.0
2024-04-26 16:15:00,FX:EURUSD,1.06964,1.06973,1.06934,1.06941,1134.0
2024-04-26 16:30:00,FX:EURUSD,1.06941,1.06945,1.06909,1.06925,765.0
2024-04-26 16:45:00,FX:EURUSD,1.06925,1.06955,1.0689899999999999,1.06909,941.0
2024-04-28 17:00:00,FX:EURUSD,1.06926,1.06954,1.06906,1.06941,220.0
2024-04-28 17:15:00,FX:EURUSD,1.06941,1.06959,1.06931,1.06952,245.0
2024-04-28 17:30:00,FX:EURUSD,1.06952,1.06962,1.06937,1.06941,233.0
2024-04-28 17:45:00,FX:EURUSD,1.06941,1.06955,1.06938,1.06951,259.0
2024-04-28 18:00:00,FX:EURUSD,1.06951,1.07002,1.06945,1.06998,530.0
2024-04-28 18:15:00,FX:EURUSD,1.06998,1.07026,1.06997,1.07026,174.0
2024-04-28 18:30:00,FX:EURUSD,1.07026,1.07036,1.07011,1.07014,262.0
2024-04-28 18:45:00,FX:EURUSD,1.07014,1.0702099999999999,1.07005,1.07019,355.0
2024-04-28 19:00:00,FX:EURUSD,1.07019,1.07035,1.07003,1.07034,788.0
2024-04-28 19:15:00,FX:EURUSD,1.07034,1.07051,1.07026,1.0705,732.0
2024-04-28 19:30:00,FX:EURUSD,1.0705,1.07053,1.07043,1.07046,889.0
2024-04-28 19:45:00,FX:EURUSD,1.07046,1.0707,1.07043,1.07069,1016.0
2024-04-28 20:00:00,FX:EURUSD,1.07069,1.07101,1.07069,1.07088,1604.0
2024-04-28 20:15:00,FX:EURUSD,1.07088,1.07091,1.0706499999999999,1.0706499999999999,825.0
2024-04-28 20:30:00,FX:EURUSD,1.0706499999999999,1.0709899999999999,1.07061,1.07088,1081.0
2024-04-28 20:45:00,FX:EURUSD,1.07088,1.07111,1.07085,1.07097,1267.0
2024-04-28 21:00:00,FX:EURUSD,1.07097,1.07098,1.07074,1.07076,1011.0
2024-04-28 21:15:00,FX:EURUSD,1.07076,1.07129,1.07076,1.07123,1238.0
2024-04-28 21:30:00,FX:EURUSD,1.07123,1.07141,1.07107,1.07137,4506.0
2024-04-28 21:45:00,FX:EURUSD,1.07137,1.07157,1.0709899999999999,1.07144,2471.0
2024-04-28 22:00:00,FX:EURUSD,1.07144,1.07156,1.07128,1.0715,1374.0
2024-04-28 22:15:00,FX:EURUSD,1.0715,1.0717,1.0714,1.07163,1453.0
2024-04-28 22:30:00,FX:EURUSD,1.07163,1.0718699999999999,1.07157,1.0718699999999999,1551.0
2024-04-28 22:45:00,FX:EURUSD,1.0718699999999999,1.07198,1.07172,1.07175,1054.0
2024-04-28 23:00:00,FX:EURUSD,1.07175,1.07182,1.07162,1.07163,942.0
2024-04-28 23:15:00,FX:EURUSD,1.07163,1.07167,1.07152,1.0715999999999999,800.0
2024-04-28 23:30:00,FX:EURUSD,1.0715999999999999,1.07178,1.0715999999999999,1.07163,704.0
2024-04-28 23:45:00,FX:EURUSD,1.07163,1.07166,1.07146,1.07162,629.0
2024-04-29 00:00:00,FX:EURUSD,1.07162,1.07251,1.07144,1.07247,5159.0
2024-04-29 00:15:00,FX:EURUSD,1.07247,1.07287,1.07237,1.07269,5414.0
2024-04-29 00:30:00,FX:EURUSD,1.07269,1.0729899999999999,1.0726,1.07289,5276.0
2024-04-29 00:45:00,FX:EURUSD,1.07289,1.07335,1.07287,1.07289,4029.0
2024-04-29 01:00:00,FX:EURUSD,1.07289,1.07337,1.07279,1.07303,5439.0
2024-04-29 01:15:00,FX:EURUSD,1.07303,1.07307,1.07271,1.0729,2421.0
2024-04-29 01:30:00,FX:EURUSD,1.0729,1.07291,1.07253,1.0726499999999999,2661.0
2024-04-29 01:45:00,FX:EURUSD,1.0726499999999999,1.07268,1.0723799999999999,1.07254,2023.0
2024-04-29 02:00:00,FX:EURUSD,1.07254,1.07288,1.07234,1.07273,3204.0
2024-04-29 02:15:00,FX:EURUSD,1.07273,1.07274,1.0722,1.0722,2144.0
2024-04-29 02:30:00,FX:EURUSD,1.0722,1.07223,1.07162,1.07162,2592.0
2024-04-29 02:45:00,FX:EURUSD,1.07162,1.07179,1.07146,1.07153,1688.0
2024-04-29 03:00:00,FX:EURUSD,1.07153,1.07216,1.07081,1.07215,7715.0
2024-04-29 03:15:00,FX:EURUSD,1.07215,1.07245,1.0715999999999999,1.07164,7092.0
2024-04-29 03:30:00,FX:EURUSD,1.07164,1.07254,1.07155,1.0718699999999999,5315.0
2024-04-29 03:45:00,FX:EURUSD,1.0718699999999999,1.07191,1.07129,1.07177,3749.0
2024-04-29 04:00:00,FX:EURUSD,1.07177,1.07248,1.0717,1.07214,4103.0
2024-04-29 04:15:00,FX:EURUSD,1.07214,1.07226,1.07149,1.07211,3950.0
2024-04-29 04:30:00,FX:EURUSD,1.07211,1.07226,1.07043,1.07075,4991.0
2024-04-29 04:45:00,FX:EURUSD,1.07075,1.07081,1.07011,1.07045,3102.0
2024-04-29 05:00:00,FX:EURUSD,1.07045,1.07062,1.06973,1.06978,3651.0
2024-04-29 05:15:00,FX:EURUSD,1.06978,1.07097,1.06973,1.07087,3211.0
2024-04-29 05:30:00,FX:EURUSD,1.07086,1.07179,1.0706,1.07175,2641.0
2024-04-29 05:45:00,FX:EURUSD,1.07175,1.0719,1.07138,1.07147,2148.0
2024-04-29 06:00:00,FX:EURUSD,1.07147,1.07179,1.07122,1.07152,1772.0
2024-04-29 06:15:00,FX:EURUSD,1.07152,1.07179,1.07132,1.07159,2146.0
2024-04-29 06:30:00,FX:EURUSD,1.07159,1.07196,1.07149,1.07193,1658.0
2024-04-29 06:45:00,FX:EURUSD,1.07193,1.07195,1.07163,1.07174,1337.0
2024-04-29 07:00:00,FX:EURUSD,1.07174,1.07205,1.07155,1.07204,1362.0
2024-04-29 07:15:00,FX:EURUSD,1.07204,1.07272,1.07195,1.0723,1198.0
2024-04-29 07:30:00,FX:EURUSD,1.0723,1.07232,1.07134,1.07145,2194.0
2024-04-29 07:45:00,FX:EURUSD,1.07145,1.07149,1.07121,1.07143,1947.0
2024-04-29 08:00:00,FX:EURUSD,1.07143,1.07221,1.07121,1.07208,2067.0
2024-04-29 08:15:00,FX:EURUSD,1.07208,1.07236,1.07197,1.07203,2195.0
2024-04-29 08:30:00,FX:EURUSD,1.07203,1.07225,1.07107,1.07112,2397.0
2024-04-29 08:45:00,FX:EURUSD,1.07112,1.07136,1.07021,1.07034,3861.0
2024-04-29 09:00:00,FX:EURUSD,1.07034,1.07069,1.06991,1.07041,2723.0
2024-04-29 09:15:00,FX:EURUSD,1.07041,1.07042,1.06984,1.06987,1981.0
2024-04-29 09:30:00,FX:EURUSD,1.06987,1.07006,1.06901,1.06948,4439.0
2024-04-29 09:45:00,FX:EURUSD,1.06948,1.07001,1.06931,1.06989,2892.0
2024-04-29 10:00:00,FX:EURUSD,1.06989,1.0711,1.06989,1.07069,2871.0
2024-04-29 10:15:00,FX:EURUSD,1.07069,1.07083,1.07006,1.07041,2876.0
2024-04-29 10:30:00,FX:EURUSD,1.07041,1.07083,1.07017,1.07076,2597.0
2024-04-29 10:45:00,FX:EURUSD,1.07076,1.07135,1.07059,1.07128,2750.0
2024-04-29 11:00:00,FX:EURUSD,1.07128,1.07208,1.0712,1.07184,2869.0
2024-04-29 11:15:00,FX:EURUSD,1.07184,1.07187,1.07146,1.07178,2193.0
2024-04-29 11:30:00,FX:EURUSD,1.07178,1.07189,1.07151,1.07176,1872.0
2024-04-29 11:45:00,FX:EURUSD,1.07176,1.07191,1.07165,1.07166,1450.0
2024-04-29 12:00:00,FX:EURUSD,1.07166,1.07237,1.0716,1.07236,1756.0
2024-04-29 12:15:00,FX:EURUSD,1.07236,1.07258,1.07222,1.0723,1405.0
2024-04-29 12:30:00,FX:EURUSD,1.0723,1.07274,1.07212,1.07258,3041.0
2024-04-29 12:45:00,FX:EURUSD,1.07258,1.0729,1.0725,1.0726,3520.0
2024-04-29 13:00:00,FX:EURUSD,1.0726,1.07295,1.07242,1.07294,2071.0
2024-04-29 13:15:00,FX:EURUSD,1.07294,1.07295,1.07237,1.0726,1683.0
2024-04-29 13:30:00,FX:EURUSD,1.0726,1.07268,1.0723799999999999,1.07242,1515.0
2024-04-29 13:45:00,FX:EURUSD,1.07242,1.07255,1.07212,1.07218,1636.0
2024-04-29 14:00:00,FX:EURUSD,1.07218,1.07228,1.07186,1.072,2156.0
2024-04-29 14:15:00,FX:EURUSD,1.072,1.07213,1.07193,1.07205,1337.0
2024-04-29 14:30:00,FX:EURUSD,1.07205,1.07216,1.07179,1.07209,1699.0
2024-04-29 14:45:00,FX:EURUSD,1.07209,1.07252,1.07201,1.07246,1623.0
2024-04-29 15:00:00,FX:EURUSD,1.07246,1.07246,1.07151,1.0719,3724.0
2024-04-29 15:15:00,FX:EURUSD,1.0719,1.07206,1.07172,1.07195,1778.0
2024-04-29 15:30:00,FX:EURUSD,1.07196,1.07197,1.07167,1.07184,1707.0
2024-04-29 15:45:00,FX:EURUSD,1.07184,1.07225,1.07183,1.0721,1109.0
2024-04-29 16:00:00,FX:EURUSD,1.0721,1.07228,1.07207,1.07225,605.0
2024-04-29 16:15:00,FX:EURUSD,1.07225,1.07229,1.07218,1.07225,576.0
2024-04-29 16:30:00,FX:EURUSD,1.07225,1.07226,1.07207,1.07207,465.0
2024-04-29 16:45:00,FX:EURUSD,1.07207,1.07208,1.07194,1.07208,975.0
2024-04-29 17:00:00,FX:EURUSD,1.07208,1.07213,1.07184,1.07201,111.0
2024-04-29 17:15:00,FX:EURUSD,1.07201,1.07221,1.07196,1.07215,255.0
2024-04-29 17:30:00,FX:EURUSD,1.07215,1.07223,1.072,1.07219,217.0
2024-04-29 17:45:00,FX:EURUSD,1.07219,1.07223,1.07202,1.07208,218.0
2024-04-29 18:00:00,FX:EURUSD,1.07208,1.07223,1.07199,1.07212,352.0
2024-04-29 18:15:00,FX:EURUSD,1.07212,1.07212,1.07186,1.07188,391.0
2024-04-29 18:30:00,FX:EURUSD,1.07188,1.07197,1.07178,1.0718699999999999,342.0
2024-04-29 18:45:00,FX:EURUSD,1.07187,1.0719,1.07169,1.07172,337.0
2024-04-29 19:00:00,FX:EURUSD,1.07172,1.07192,1.07163,1.07168,706.0
2024-04-29 19:15:00,FX:EURUSD,1.07168,1.0718,1.07166,1.0718,408.0
2024-04-29 19:30:00,FX:EURUSD,1.0718,1.07188,1.07157,1.07159,497.0
2024-04-29 19:45:00,FX:EURUSD,1.07159,1.0718,1.0714,1.07146,782.0
2024-04-29 20:00:00,FX:EURUSD,1.07146,1.07149,1.07101,1.07122,1339.0
2024-04-29 20:15:00,FX:EURUSD,1.07122,1.07171,1.07118,1.07168,1038.0
2024-04-29 20:30:00,FX:EURUSD,1.07168,1.07173,1.07153,1.07157,806.0
2024-04-29 20:45:00,FX:EURUSD,1.07157,1.07175,1.07131,1.07151,1566.0
2024-04-29 21:00:00,FX:EURUSD,1.07151,1.07173,1.07138,1.07152,1332.0
2024-04-29 21:15:00,FX:EURUSD,1.07152,1.0717,1.07144,1.07166,963.0
2024-04-29 21:30:00,FX:EURUSD,1.07166,1.07179,1.07107,1.07114,1484.0
2024-04-29 21:45:00,FX:EURUSD,1.07114,1.07121,1.0707,1.07071,1210.0
2024-04-29 22:00:00,FX:EURUSD,1.07071,1.07071,1.07045,1.07045,1118.0
2024-04-29 22:15:00,FX:EURUSD,1.07045,1.07061,1.0703,1.07032,900.0
2024-04-29 22:30:00,FX:EURUSD,1.07032,1.07054,1.07031,1.0703799999999999,679.0
2024-04-29 22:45:00,FX:EURUSD,1.0703799999999999,1.07075,1.07037,1.07066,923.0
2024-04-29 23:00:00,FX:EURUSD,1.07066,1.07074,1.0703,1.07034,854.0
2024-04-29 23:15:00,FX:EURUSD,1.07034,1.07044,1.07028,1.07029,778.0
2024-04-29 23:30:00,FX:EURUSD,1.07029,1.07056,1.07026,1.07036,850.0
2024-04-29 23:45:00,FX:EURUSD,1.07036,1.07054,1.07027,1.07054,678.0
2024-04-30 00:00:00,FX:EURUSD,1.07054,1.07057,1.07027,1.07028,542.0
2024-04-30 00:15:00,FX:EURUSD,1.07028,1.07045,1.07023,1.07038,631.0
2024-04-30 00:30:00,FX:EURUSD,1.0703799999999999,1.07058,1.07024,1.07053,448.0
2024-04-30 00:45:00,FX:EURUSD,1.07053,1.07057,1.07047,1.07056,455.0
2024-04-30 01:00:00,FX:EURUSD,1.07056,1.07067,1.07043,1.07047,612.0
2024-04-30 01:15:00,FX:EURUSD,1.07047,1.07047,1.07024,1.07024,624.0
2024-04-30 01:30:00,FX:EURUSD,1.07024,1.07032,1.06971,1.0697699999999999,1246.0
2024-04-30 01:45:00,FX:EURUSD,1.0697699999999999,1.06998,1.06951,1.06992,1376.0
2024-04-30 02:00:00,FX:EURUSD,1.06992,1.06992,1.0698,1.06984,198.0
