datetime,symbol,open,high,low,close,volume
2024-05-19 16:00:00,FX:EURGBP,0.85548,0.85551,0.85509,0.85547,5.0
2024-05-19 16:05:00,FX:EURGBP,0.85547,0.85577,0.85541,0.85577,55.0
2024-05-19 16:10:00,FX:EURGBP,0.85577,0.85582,0.85573,0.85582,39.0
2024-05-19 16:15:00,FX:EURGBP,0.85582,0.85582,0.85567,0.85572,30.0
2024-05-19 16:20:00,FX:EURGBP,0.85572,0.85582,0.85554,0.8557899999999999,139.0
2024-05-19 16:25:00,FX:EURGBP,0.8557899999999999,0.85582,0.85555,0.85574,119.0
2024-05-19 16:30:00,FX:EURGBP,0.85574,0.85574,0.85567,0.85569,142.0
2024-05-19 16:35:00,FX:EURGBP,0.85569,0.85588,0.85566,0.8557,306.0
2024-05-19 16:40:00,FX:EURGBP,0.8557,0.85588,0.85567,0.85585,167.0
2024-05-19 16:45:00,FX:EURGBP,0.85585,0.85589,0.8556,0.85571,177.0
2024-05-19 16:50:00,FX:EURGBP,0.85571,0.85571,0.85566,0.85566,22.0
2024-05-19 16:55:00,FX:EURGBP,0.85566,0.85588,0.8555699999999999,0.85583,390.0
2024-05-19 17:00:00,FX:EURGBP,0.85583,0.85597,0.85542,0.8559599999999999,575.0
2024-05-19 17:05:00,FX:EURGBP,0.8559599999999999,0.85597,0.85582,0.85583,134.0
2024-05-19 17:10:00,FX:EURGBP,0.85583,0.85587,0.8558,0.85587,89.0
2024-05-19 17:15:00,FX:EURGBP,0.85587,0.85592,0.85581,0.85592,71.0
2024-05-19 17:20:00,FX:EURGBP,0.85592,0.85597,0.85591,0.85594,84.0
2024-05-19 17:25:00,FX:EURGBP,0.85594,0.85597,0.8559,0.85593,66.0
2024-05-19 17:30:00,FX:EURGBP,0.85593,0.85594,0.8558,0.85583,134.0
2024-05-19 17:35:00,FX:EURGBP,0.85583,0.85583,0.85576,0.85582,82.0
2024-05-19 17:40:00,FX:EURGBP,0.85582,0.8558399999999999,0.8558,0.85583,47.0
2024-05-19 17:45:00,FX:EURGBP,0.85583,0.85587,0.8558,0.85586,85.0
2024-05-19 17:50:00,FX:EURGBP,0.85586,0.85587,0.8558399999999999,0.85586,84.0
2024-05-19 17:55:00,FX:EURGBP,0.85586,0.8559,0.85585,0.85588,107.0
2024-05-19 18:00:00,FX:EURGBP,0.85588,0.85592,0.85586,0.85588,116.0
2024-05-19 18:05:00,FX:EURGBP,0.85588,0.85592,0.8558399999999999,0.85591,124.0
2024-05-19 18:10:00,FX:EURGBP,0.85591,0.85591,0.85581,0.85583,124.0
2024-05-19 18:15:00,FX:EURGBP,0.85583,0.85588,0.85581,0.85585,84.0
2024-05-19 18:20:00,FX:EURGBP,0.85585,0.85586,0.85578,0.8557899999999999,107.0
2024-05-19 18:25:00,FX:EURGBP,0.8557899999999999,0.85582,0.85572,0.85574,180.0
2024-05-19 18:30:00,FX:EURGBP,0.85574,0.85578,0.85567,0.85568,206.0
2024-05-19 18:35:00,FX:EURGBP,0.85568,0.85569,0.85563,0.85564,91.0
2024-05-19 18:40:00,FX:EURGBP,0.85564,0.85565,0.8556,0.85563,94.0
2024-05-19 18:45:00,FX:EURGBP,0.85563,0.85572,0.85563,0.85567,263.0
2024-05-19 18:50:00,FX:EURGBP,0.85567,0.85569,0.85563,0.85564,137.0
2024-05-19 18:55:00,FX:EURGBP,0.85564,0.85571,0.8556199999999999,0.85569,211.0
2024-05-19 19:00:00,FX:EURGBP,0.85569,0.8558399999999999,0.85568,0.8557899999999999,527.0
2024-05-19 19:05:00,FX:EURGBP,0.8557899999999999,0.8559599999999999,0.8557899999999999,0.85595,388.0
2024-05-19 19:10:00,FX:EURGBP,0.85595,0.856,0.85594,0.85599,253.0
2024-05-19 19:15:00,FX:EURGBP,0.85599,0.85606,0.85588,0.85589,272.0
2024-05-19 19:20:00,FX:EURGBP,0.85589,0.8559599999999999,0.85587,0.85591,290.0
2024-05-19 19:25:00,FX:EURGBP,0.85591,0.85594,0.85582,0.85591,449.0
2024-05-19 19:30:00,FX:EURGBP,0.85591,0.85597,0.85583,0.85585,518.0
2024-05-19 19:35:00,FX:EURGBP,0.85585,0.85588,0.85576,0.85588,305.0
2024-05-19 19:40:00,FX:EURGBP,0.85588,0.8559,0.85581,0.85586,358.0
2024-05-19 19:45:00,FX:EURGBP,0.85586,0.85592,0.8558399999999999,0.85591,377.0
2024-05-19 19:50:00,FX:EURGBP,0.85591,0.85599,0.85591,0.8559599999999999,386.0
2024-05-19 19:55:00,FX:EURGBP,0.8559599999999999,0.85602,0.8559,0.85595,552.0
2024-05-19 20:00:00,FX:EURGBP,0.85595,0.85607,0.85594,0.8560099999999999,829.0
2024-05-19 20:05:00,FX:EURGBP,0.8560099999999999,0.85604,0.85593,0.85597,590.0
2024-05-19 20:10:00,FX:EURGBP,0.85597,0.85602,0.85591,0.85595,646.0
2024-05-19 20:15:00,FX:EURGBP,0.85595,0.85599,0.85589,0.8559,839.0
2024-05-19 20:20:00,FX:EURGBP,0.8559,0.8559599999999999,0.85588,0.85592,592.0
2024-05-19 20:25:00,FX:EURGBP,0.85592,0.8559599999999999,0.85591,0.85595,578.0
2024-05-19 20:30:00,FX:EURGBP,0.85595,0.85602,0.85593,0.856,743.0
2024-05-19 20:35:00,FX:EURGBP,0.856,0.85607,0.85594,0.85598,654.0
2024-05-19 20:40:00,FX:EURGBP,0.85598,0.856,0.85593,0.85597,458.0
2024-05-19 20:45:00,FX:EURGBP,0.85597,0.85604,0.85595,0.856,572.0
2024-05-19 20:50:00,FX:EURGBP,0.856,0.85602,0.8559,0.85591,542.0
2024-05-19 20:55:00,FX:EURGBP,0.85591,0.85593,0.85586,0.8559,451.0
2024-05-19 21:00:00,FX:EURGBP,0.8559,0.85592,0.85582,0.85586,418.0
2024-05-19 21:05:00,FX:EURGBP,0.85586,0.8559,0.8557899999999999,0.85585,451.0
2024-05-19 21:10:00,FX:EURGBP,0.85585,0.85588,0.8557899999999999,0.85586,444.0
2024-05-19 21:15:00,FX:EURGBP,0.85586,0.85589,0.85585,0.85587,240.0
2024-05-19 21:20:00,FX:EURGBP,0.85587,0.85597,0.85585,0.8559599999999999,267.0
2024-05-19 21:25:00,FX:EURGBP,0.8559599999999999,0.85603,0.85593,0.856,445.0
2024-05-19 21:30:00,FX:EURGBP,0.856,0.85611,0.85597,0.85607,465.0
2024-05-19 21:35:00,FX:EURGBP,0.85607,0.85608,0.85599,0.8560099999999999,329.0
2024-05-19 21:40:00,FX:EURGBP,0.8560099999999999,0.85603,0.85595,0.8560099999999999,241.0
2024-05-19 21:45:00,FX:EURGBP,0.8560099999999999,0.8560099999999999,0.85597,0.856,195.0
2024-05-19 21:50:00,FX:EURGBP,0.856,0.85602,0.85595,0.856,237.0
2024-05-19 21:55:00,FX:EURGBP,0.856,0.8560099999999999,0.85594,0.85595,271.0
2024-05-19 22:00:00,FX:EURGBP,0.85595,0.85603,0.85595,0.8560099999999999,342.0
2024-05-19 22:05:00,FX:EURGBP,0.8560099999999999,0.85607,0.85598,0.85606,218.0
2024-05-19 22:10:00,FX:EURGBP,0.85606,0.8561,0.85604,0.85606,189.0
2024-05-19 22:15:00,FX:EURGBP,0.85606,0.85615,0.8560099999999999,0.85613,276.0
2024-05-19 22:20:00,FX:EURGBP,0.85613,0.85626,0.85611,0.8562299999999999,243.0
2024-05-19 22:25:00,FX:EURGBP,0.8562299999999999,0.85626,0.85622,0.85622,234.0
2024-05-19 22:30:00,FX:EURGBP,0.85622,0.85622,0.8561,0.85616,240.0
2024-05-19 22:35:00,FX:EURGBP,0.85616,0.85617,0.8561,0.8561,243.0
2024-05-19 22:40:00,FX:EURGBP,0.8561,0.85613,0.85607,0.8561,250.0
2024-05-19 22:45:00,FX:EURGBP,0.8561,0.85616,0.85603,0.85616,306.0
2024-05-19 22:50:00,FX:EURGBP,0.85616,0.85621,0.85613,0.85616,256.0
2024-05-19 22:55:00,FX:EURGBP,0.85616,0.85621,0.85612,0.85621,282.0
2024-05-19 23:00:00,FX:EURGBP,0.85621,0.85625,0.8562,0.85621,191.0
2024-05-19 23:05:00,FX:EURGBP,0.85621,0.8562299999999999,0.85613,0.85613,277.0
2024-05-19 23:10:00,FX:EURGBP,0.85613,0.85621,0.85613,0.85613,345.0
2024-05-19 23:15:00,FX:EURGBP,0.85613,0.85619,0.85613,0.85617,350.0
2024-05-19 23:20:00,FX:EURGBP,0.85617,0.8561799999999999,0.85607,0.85615,345.0
2024-05-19 23:25:00,FX:EURGBP,0.85615,0.85615,0.85607,0.85609,326.0
2024-05-19 23:30:00,FX:EURGBP,0.85609,0.85617,0.85608,0.85613,209.0
2024-05-19 23:35:00,FX:EURGBP,0.85613,0.85616,0.85612,0.85614,116.0
2024-05-19 23:40:00,FX:EURGBP,0.85614,0.8562,0.85614,0.8561799999999999,235.0
2024-05-19 23:45:00,FX:EURGBP,0.8561799999999999,0.8562299999999999,0.85616,0.85621,147.0
2024-05-19 23:50:00,FX:EURGBP,0.85621,0.85624,0.8562,0.85622,234.0
2024-05-19 23:55:00,FX:EURGBP,0.85622,0.8562299999999999,0.85619,0.8562,193.0
2024-05-20 00:00:00,FX:EURGBP,0.8562,0.85632,0.8561799999999999,0.85627,273.0
2024-05-20 00:05:00,FX:EURGBP,0.85627,0.85634,0.85624,0.8563,220.0
2024-05-20 00:10:00,FX:EURGBP,0.8563,0.85635,0.85629,0.85632,192.0
2024-05-20 00:15:00,FX:EURGBP,0.85632,0.85642,0.85631,0.85637,274.0
2024-05-20 00:20:00,FX:EURGBP,0.85637,0.85642,0.85637,0.85641,107.0
2024-05-20 00:25:00,FX:EURGBP,0.85641,0.85646,0.85641,0.85643,142.0
2024-05-20 00:30:00,FX:EURGBP,0.85643,0.85644,0.85636,0.85641,283.0
2024-05-20 00:35:00,FX:EURGBP,0.85641,0.85646,0.85633,0.85633,282.0
2024-05-20 00:40:00,FX:EURGBP,0.85633,0.85638,0.85632,0.85635,376.0
2024-05-20 00:45:00,FX:EURGBP,0.85635,0.85636,0.8561799999999999,0.85622,351.0
2024-05-20 00:50:00,FX:EURGBP,0.85622,0.8563,0.85619,0.85628,426.0
2024-05-20 00:55:00,FX:EURGBP,0.85628,0.85635,0.85627,0.8563,379.0
2024-05-20 01:00:00,FX:EURGBP,0.8563,0.85641,0.8562299999999999,0.85632,848.0
2024-05-20 01:05:00,FX:EURGBP,0.85632,0.85649,0.85631,0.85646,601.0
2024-05-20 01:10:00,FX:EURGBP,0.85646,0.85651,0.85644,0.85648,586.0
2024-05-20 01:15:00,FX:EURGBP,0.85648,0.85672,0.85647,0.85667,532.0
2024-05-20 01:20:00,FX:EURGBP,0.85667,0.85672,0.8566,0.85667,573.0
2024-05-20 01:25:00,FX:EURGBP,0.85667,0.85678,0.85665,0.85673,639.0
2024-05-20 01:30:00,FX:EURGBP,0.85673,0.8567899999999999,0.85667,0.85668,660.0
2024-05-20 01:35:00,FX:EURGBP,0.85668,0.8567,0.85656,0.85656,612.0
2024-05-20 01:40:00,FX:EURGBP,0.85656,0.8566199999999999,0.85646,0.85652,577.0
2024-05-20 01:45:00,FX:EURGBP,0.85652,0.85652,0.85642,0.85644,543.0
2024-05-20 01:50:00,FX:EURGBP,0.85644,0.85664,0.85644,0.85648,626.0
2024-05-20 01:55:00,FX:EURGBP,0.85648,0.85664,0.85646,0.85649,612.0
2024-05-20 02:00:00,FX:EURGBP,0.85649,0.85649,0.85624,0.85629,1041.0
2024-05-20 02:05:00,FX:EURGBP,0.85629,0.85638,0.85617,0.85625,667.0
2024-05-20 02:10:00,FX:EURGBP,0.85625,0.85642,0.85621,0.85628,838.0
2024-05-20 02:15:00,FX:EURGBP,0.85628,0.85633,0.85619,0.85633,727.0
2024-05-20 02:20:00,FX:EURGBP,0.85633,0.85655,0.85631,0.8565,758.0
2024-05-20 02:25:00,FX:EURGBP,0.8565,0.85664,0.85646,0.85653,700.0
2024-05-20 02:30:00,FX:EURGBP,0.85653,0.85655,0.85635,0.85641,543.0
2024-05-20 02:35:00,FX:EURGBP,0.85641,0.85654,0.85633,0.85635,732.0
2024-05-20 02:40:00,FX:EURGBP,0.85635,0.85644,0.85628,0.8563999999999999,535.0
2024-05-20 02:45:00,FX:EURGBP,0.8563999999999999,0.85653,0.85633,0.85644,662.0
2024-05-20 02:50:00,FX:EURGBP,0.85644,0.85655,0.85627,0.85638,555.0
2024-05-20 02:55:00,FX:EURGBP,0.85638,0.85653,0.85629,0.85652,759.0
2024-05-20 03:00:00,FX:EURGBP,0.85652,0.85658,0.85638,0.8565699999999999,572.0
2024-05-20 03:05:00,FX:EURGBP,0.8565699999999999,0.85661,0.85644,0.85649,466.0
2024-05-20 03:10:00,FX:EURGBP,0.85649,0.85664,0.85646,0.85646,547.0
2024-05-20 03:15:00,FX:EURGBP,0.85646,0.85649,0.85634,0.85642,554.0
2024-05-20 03:20:00,FX:EURGBP,0.85642,0.8564499999999999,0.85627,0.85627,460.0
2024-05-20 03:25:00,FX:EURGBP,0.85627,0.85632,0.85621,0.8562299999999999,435.0
2024-05-20 03:30:00,FX:EURGBP,0.8562299999999999,0.8562299999999999,0.85611,0.8562,420.0
2024-05-20 03:35:00,FX:EURGBP,0.8562,0.85637,0.8562,0.85629,473.0
2024-05-20 03:40:00,FX:EURGBP,0.85629,0.85633,0.85619,0.85622,435.0
2024-05-20 03:45:00,FX:EURGBP,0.85622,0.85626,0.85612,0.85617,540.0
2024-05-20 03:50:00,FX:EURGBP,0.85617,0.8561799999999999,0.85602,0.85611,488.0
2024-05-20 03:55:00,FX:EURGBP,0.85611,0.85611,0.85581,0.85592,805.0
2024-05-20 04:00:00,FX:EURGBP,0.85592,0.85621,0.85592,0.856,679.0
2024-05-20 04:05:00,FX:EURGBP,0.856,0.85603,0.85588,0.85595,599.0
2024-05-20 04:10:00,FX:EURGBP,0.85595,0.8560099999999999,0.85578,0.85587,564.0
2024-05-20 04:15:00,FX:EURGBP,0.85587,0.85588,0.8557,0.8557899999999999,498.0
2024-05-20 04:20:00,FX:EURGBP,0.8557899999999999,0.85582,0.85552,0.85552,423.0
2024-05-20 04:25:00,FX:EURGBP,0.85552,0.85567,0.85551,0.85561,501.0
2024-05-20 04:30:00,FX:EURGBP,0.85561,0.8556199999999999,0.85548,0.8555,413.0
2024-05-20 04:35:00,FX:EURGBP,0.8555,0.85559,0.85547,0.85559,414.0
2024-05-20 04:40:00,FX:EURGBP,0.85559,0.85564,0.85548,0.85551,244.0
2024-05-20 04:45:00,FX:EURGBP,0.85551,0.85564,0.85551,0.8555699999999999,448.0
2024-05-20 04:50:00,FX:EURGBP,0.8555699999999999,0.85561,0.8555,0.85553,320.0
2024-05-20 04:55:00,FX:EURGBP,0.85553,0.8555699999999999,0.8555,0.85553,564.0
2024-05-20 05:00:00,FX:EURGBP,0.85553,0.85569,0.85548,0.85568,604.0
2024-05-20 05:05:00,FX:EURGBP,0.85568,0.85587,0.85567,0.85585,554.0
2024-05-20 05:10:00,FX:EURGBP,0.85585,0.85588,0.85581,0.85583,201.0
2024-05-20 05:15:00,FX:EURGBP,0.85583,0.85585,0.85575,0.85577,285.0
2024-05-20 05:20:00,FX:EURGBP,0.85577,0.85588,0.85576,0.85585,375.0
2024-05-20 05:25:00,FX:EURGBP,0.85585,0.85585,0.85573,0.85581,458.0
2024-05-20 05:30:00,FX:EURGBP,0.85581,0.85607,0.85577,0.85597,501.0
2024-05-20 05:35:00,FX:EURGBP,0.85597,0.85602,0.85591,0.85602,345.0
2024-05-20 05:40:00,FX:EURGBP,0.85602,0.85603,0.85583,0.8558399999999999,379.0
2024-05-20 05:45:00,FX:EURGBP,0.8558399999999999,0.85585,0.85574,0.85582,372.0
2024-05-20 05:50:00,FX:EURGBP,0.85582,0.85603,0.85581,0.856,405.0
2024-05-20 05:55:00,FX:EURGBP,0.856,0.856,0.85575,0.8558,508.0
2024-05-20 06:00:00,FX:EURGBP,0.8558,0.85593,0.85572,0.85581,419.0
2024-05-20 06:05:00,FX:EURGBP,0.85581,0.85583,0.85566,0.85567,460.0
2024-05-20 06:10:00,FX:EURGBP,0.85567,0.85576,0.8556199999999999,0.85569,563.0
2024-05-20 06:15:00,FX:EURGBP,0.85569,0.8557,0.85561,0.85567,425.0
2024-05-20 06:20:00,FX:EURGBP,0.85567,0.85572,0.85559,0.85563,450.0
2024-05-20 06:25:00,FX:EURGBP,0.85563,0.85568,0.8556,0.8556199999999999,433.0
2024-05-20 06:30:00,FX:EURGBP,0.8556199999999999,0.8557,0.85555,0.85566,530.0
2024-05-20 06:35:00,FX:EURGBP,0.85566,0.85569,0.85551,0.8555699999999999,513.0
2024-05-20 06:40:00,FX:EURGBP,0.8555699999999999,0.85559,0.85545,0.85547,414.0
2024-05-20 06:45:00,FX:EURGBP,0.85547,0.85547,0.8553,0.85542,498.0
2024-05-20 06:50:00,FX:EURGBP,0.85542,0.85552,0.8553999999999999,0.85548,303.0
2024-05-20 06:55:00,FX:EURGBP,0.85548,0.85551,0.85539,0.85542,467.0
2024-05-20 07:00:00,FX:EURGBP,0.85542,0.85568,0.85542,0.85565,555.0
2024-05-20 07:05:00,FX:EURGBP,0.85565,0.85566,0.85546,0.85546,618.0
2024-05-20 07:10:00,FX:EURGBP,0.85546,0.85551,0.85529,0.8553,800.0
2024-05-20 07:15:00,FX:EURGBP,0.8553,0.8555,0.8553,0.85538,602.0
2024-05-20 07:20:00,FX:EURGBP,0.85538,0.85542,0.85505,0.85507,1049.0
2024-05-20 07:25:00,FX:EURGBP,0.85507,0.85508,0.85485,0.85491,782.0
2024-05-20 07:30:00,FX:EURGBP,0.85491,0.8551,0.85484,0.85508,927.0
2024-05-20 07:35:00,FX:EURGBP,0.85508,0.8551799999999999,0.85498,0.85502,904.0
2024-05-20 07:40:00,FX:EURGBP,0.85502,0.85511,0.85487,0.85509,1178.0
2024-05-20 07:45:00,FX:EURGBP,0.85509,0.85525,0.85506,0.85525,670.0
2024-05-20 07:50:00,FX:EURGBP,0.85525,0.85528,0.85519,0.8552299999999999,585.0
2024-05-20 07:55:00,FX:EURGBP,0.8552299999999999,0.85526,0.85506,0.85517,690.0
2024-05-20 08:00:00,FX:EURGBP,0.85517,0.8552,0.8551,0.85517,809.0
2024-05-20 08:05:00,FX:EURGBP,0.85517,0.85519,0.85507,0.85519,677.0
2024-05-20 08:10:00,FX:EURGBP,0.85519,0.85537,0.85515,0.85526,723.0
2024-05-20 08:15:00,FX:EURGBP,0.85526,0.85532,0.8552,0.85532,952.0
2024-05-20 08:20:00,FX:EURGBP,0.85532,0.8553999999999999,0.8552299999999999,0.85534,966.0
2024-05-20 08:25:00,FX:EURGBP,0.85534,0.85548,0.85525,0.85536,593.0
2024-05-20 08:30:00,FX:EURGBP,0.85536,0.85549,0.85533,0.85538,767.0
2024-05-20 08:35:00,FX:EURGBP,0.85538,0.8555,0.85534,0.85549,677.0
2024-05-20 08:40:00,FX:EURGBP,0.85549,0.85549,0.85522,0.85529,630.0
2024-05-20 08:45:00,FX:EURGBP,0.85529,0.85536,0.85525,0.85526,555.0
2024-05-20 08:50:00,FX:EURGBP,0.85526,0.85532,0.8552,0.8552,542.0
2024-05-20 08:55:00,FX:EURGBP,0.8552,0.85531,0.8551799999999999,0.8552299999999999,653.0
2024-05-20 09:00:00,FX:EURGBP,0.8552299999999999,0.85524,0.85506,0.85516,581.0
2024-05-20 09:05:00,FX:EURGBP,0.85516,0.85524,0.85515,0.85517,448.0
2024-05-20 09:10:00,FX:EURGBP,0.85517,0.85522,0.8551,0.85519,653.0
2024-05-20 09:15:00,FX:EURGBP,0.85519,0.85528,0.85517,0.85521,464.0
2024-05-20 09:20:00,FX:EURGBP,0.85521,0.85538,0.85521,0.85526,662.0
2024-05-20 09:25:00,FX:EURGBP,0.85526,0.85528,0.85513,0.85513,482.0
2024-05-20 09:30:00,FX:EURGBP,0.85513,0.8551799999999999,0.85498,0.85499,534.0
2024-05-20 09:35:00,FX:EURGBP,0.85499,0.85502,0.85492,0.8550099999999999,535.0
2024-05-20 09:40:00,FX:EURGBP,0.8550099999999999,0.85505,0.8549599999999999,0.855,475.0
2024-05-20 09:45:00,FX:EURGBP,0.855,0.85511,0.85495,0.85503,612.0
2024-05-20 09:50:00,FX:EURGBP,0.85503,0.85508,0.85494,0.85498,748.0
2024-05-20 09:55:00,FX:EURGBP,0.85498,0.85505,0.85495,0.85498,780.0
2024-05-20 10:00:00,FX:EURGBP,0.85498,0.85509,0.8549,0.85508,791.0
2024-05-20 10:05:00,FX:EURGBP,0.85508,0.85509,0.85494,0.8549599999999999,739.0
2024-05-20 10:10:00,FX:EURGBP,0.8549599999999999,0.85507,0.85492,0.85502,672.0
2024-05-20 10:15:00,FX:EURGBP,0.85502,0.85509,0.85494,0.85497,519.0
2024-05-20 10:20:00,FX:EURGBP,0.85497,0.85498,0.8549,0.85497,410.0
2024-05-20 10:25:00,FX:EURGBP,0.85497,0.85504,0.85495,0.85499,384.0
2024-05-20 10:30:00,FX:EURGBP,0.85499,0.855,0.85481,0.85483,440.0
2024-05-20 10:35:00,FX:EURGBP,0.85483,0.85489,0.8547899999999999,0.8548,388.0
2024-05-20 10:40:00,FX:EURGBP,0.8548,0.85486,0.85476,0.85485,378.0
2024-05-20 10:45:00,FX:EURGBP,0.85485,0.85488,0.85477,0.85477,254.0
2024-05-20 10:50:00,FX:EURGBP,0.85477,0.85489,0.85476,0.8548,454.0
2024-05-20 10:55:00,FX:EURGBP,0.8548,0.85485,0.85472,0.85483,342.0
2024-05-20 11:00:00,FX:EURGBP,0.85483,0.85487,0.85468,0.85469,337.0
2024-05-20 11:05:00,FX:EURGBP,0.85469,0.8547,0.85458,0.85461,261.0
2024-05-20 11:10:00,FX:EURGBP,0.85461,0.85468,0.8545699999999999,0.85467,252.0
2024-05-20 11:15:00,FX:EURGBP,0.85467,0.85469,0.8546,0.85461,289.0
2024-05-20 11:20:00,FX:EURGBP,0.85461,0.8546199999999999,0.8545,0.85451,193.0
2024-05-20 11:25:00,FX:EURGBP,0.85451,0.85454,0.85439,0.85454,393.0
2024-05-20 11:30:00,FX:EURGBP,0.85454,0.85454,0.8543999999999999,0.85441,381.0
2024-05-20 11:35:00,FX:EURGBP,0.85441,0.85452,0.85432,0.85443,504.0
2024-05-20 11:40:00,FX:EURGBP,0.85443,0.85446,0.8543999999999999,0.85445,155.0
2024-05-20 11:45:00,FX:EURGBP,0.85445,0.85447,0.85433,0.85439,395.0
2024-05-20 11:50:00,FX:EURGBP,0.85439,0.85443,0.85436,0.85441,298.0
2024-05-20 11:55:00,FX:EURGBP,0.85441,0.85442,0.85431,0.85437,367.0
2024-05-20 12:00:00,FX:EURGBP,0.85437,0.85446,0.85436,0.85441,325.0
2024-05-20 12:05:00,FX:EURGBP,0.85441,0.85443,0.85412,0.85437,440.0
2024-05-20 12:10:00,FX:EURGBP,0.85437,0.85444,0.85434,0.85443,239.0
2024-05-20 12:15:00,FX:EURGBP,0.85443,0.8545,0.8543999999999999,0.85449,209.0
2024-05-20 12:20:00,FX:EURGBP,0.85449,0.85454,0.85446,0.85453,252.0
2024-05-20 12:25:00,FX:EURGBP,0.85453,0.85465,0.8545,0.85459,328.0
2024-05-20 12:30:00,FX:EURGBP,0.85459,0.85485,0.85454,0.85483,566.0
2024-05-20 12:35:00,FX:EURGBP,0.85483,0.85484,0.85471,0.85475,247.0
2024-05-20 12:40:00,FX:EURGBP,0.85475,0.8548,0.85472,0.85476,495.0
2024-05-20 12:45:00,FX:EURGBP,0.85476,0.85477,0.85464,0.85467,428.0
2024-05-20 12:50:00,FX:EURGBP,0.85467,0.85471,0.85451,0.85465,563.0
2024-05-20 12:55:00,FX:EURGBP,0.85465,0.85476,0.85463,0.8547,599.0
2024-05-20 13:00:00,FX:EURGBP,0.8547,0.8547399999999999,0.85465,0.85466,485.0
2024-05-20 13:05:00,FX:EURGBP,0.85466,0.85468,0.85461,0.85465,593.0
2024-05-20 13:10:00,FX:EURGBP,0.85465,0.85476,0.8546199999999999,0.8547399999999999,340.0
2024-05-20 13:15:00,FX:EURGBP,0.8547399999999999,0.85497,0.85473,0.85491,486.0
2024-05-20 13:20:00,FX:EURGBP,0.85491,0.85492,0.85485,0.85489,378.0
2024-05-20 13:25:00,FX:EURGBP,0.85489,0.8549,0.85482,0.85482,305.0
2024-05-20 13:30:00,FX:EURGBP,0.85482,0.85484,0.85476,0.8548,320.0
2024-05-20 13:35:00,FX:EURGBP,0.8548,0.85484,0.85478,0.85481,266.0
2024-05-20 13:40:00,FX:EURGBP,0.85481,0.85483,0.85476,0.8548,300.0
2024-05-20 13:45:00,FX:EURGBP,0.8548,0.85482,0.85476,0.85478,247.0
2024-05-20 13:50:00,FX:EURGBP,0.85478,0.8547899999999999,0.8547399999999999,0.85477,330.0
2024-05-20 13:55:00,FX:EURGBP,0.85477,0.85481,0.85471,0.85473,486.0
2024-05-20 14:00:00,FX:EURGBP,0.85473,0.85477,0.85472,0.85472,184.0
2024-05-20 14:05:00,FX:EURGBP,0.85472,0.85475,0.85469,0.8547,220.0
2024-05-20 14:10:00,FX:EURGBP,0.8547,0.85472,0.85466,0.85469,199.0
2024-05-20 14:15:00,FX:EURGBP,0.85469,0.85469,0.85465,0.85467,110.0
2024-05-20 14:20:00,FX:EURGBP,0.85467,0.8547399999999999,0.85466,0.85471,111.0
2024-05-20 14:25:00,FX:EURGBP,0.85471,0.85476,0.85469,0.85475,278.0
2024-05-20 14:30:00,FX:EURGBP,0.85475,0.8548,0.85473,0.85477,171.0
2024-05-20 14:35:00,FX:EURGBP,0.85477,0.8548,0.85473,0.8547399999999999,170.0
2024-05-20 14:40:00,FX:EURGBP,0.8547399999999999,0.8548,0.85473,0.85478,142.0
2024-05-20 14:45:00,FX:EURGBP,0.85478,0.85478,0.85472,0.85477,161.0
2024-05-20 14:50:00,FX:EURGBP,0.85477,0.8547899999999999,0.8547,0.85472,192.0
2024-05-20 14:55:00,FX:EURGBP,0.85472,0.8547399999999999,0.85458,0.85461,550.0
2024-05-20 15:00:00,FX:EURGBP,0.85461,0.85467,0.85459,0.85466,179.0
2024-05-20 15:05:00,FX:EURGBP,0.85466,0.85469,0.8546199999999999,0.85464,225.0
2024-05-20 15:10:00,FX:EURGBP,0.85464,0.85466,0.85461,0.85464,120.0
2024-05-20 15:15:00,FX:EURGBP,0.85464,0.85466,0.85463,0.85464,154.0
2024-05-20 15:20:00,FX:EURGBP,0.85464,0.85465,0.85458,0.85458,103.0
2024-05-20 15:25:00,FX:EURGBP,0.85458,0.8546,0.8545699999999999,0.8545699999999999,165.0
2024-05-20 15:30:00,FX:EURGBP,0.8545699999999999,0.85458,0.85447,0.85448,138.0
2024-05-20 15:35:00,FX:EURGBP,0.85448,0.8545699999999999,0.85448,0.85456,103.0
2024-05-20 15:40:00,FX:EURGBP,0.85456,0.8545699999999999,0.85447,0.85447,105.0
2024-05-20 15:45:00,FX:EURGBP,0.85447,0.85453,0.85446,0.85448,139.0
2024-05-20 15:50:00,FX:EURGBP,0.85448,0.85453,0.85444,0.8545,194.0
2024-05-20 15:55:00,FX:EURGBP,0.8545,0.85452,0.85436,0.85439,249.0
2024-05-20 16:00:00,FX:EURGBP,0.85439,0.85439,0.85384,0.85394,20.0
2024-05-20 16:05:00,FX:EURGBP,0.85394,0.85422,0.85394,0.85419,53.0
2024-05-20 16:10:00,FX:EURGBP,0.85419,0.85428,0.85414,0.85422,145.0
2024-05-20 16:15:00,FX:EURGBP,0.85422,0.85431,0.85422,0.85427,111.0
2024-05-20 16:20:00,FX:EURGBP,0.85427,0.85442,0.85427,0.85438,78.0
2024-05-20 16:25:00,FX:EURGBP,0.85438,0.8543999999999999,0.85427,0.85436,100.0
2024-05-20 16:30:00,FX:EURGBP,0.85436,0.85447,0.85434,0.85443,172.0
2024-05-20 16:35:00,FX:EURGBP,0.85443,0.85447,0.85434,0.85439,115.0
2024-05-20 16:40:00,FX:EURGBP,0.85439,0.85446,0.85433,0.85441,129.0
2024-05-20 16:45:00,FX:EURGBP,0.85441,0.85446,0.85432,0.85446,134.0
2024-05-20 16:50:00,FX:EURGBP,0.85446,0.85452,0.85437,0.85445,178.0
2024-05-20 16:55:00,FX:EURGBP,0.85445,0.85468,0.85444,0.85454,251.0
2024-05-20 17:00:00,FX:EURGBP,0.85454,0.85454,0.85434,0.8543999999999999,147.0
2024-05-20 17:05:00,FX:EURGBP,0.8543999999999999,0.85444,0.85436,0.85443,44.0
2024-05-20 17:10:00,FX:EURGBP,0.85443,0.85446,0.85439,0.8543999999999999,52.0
2024-05-20 17:15:00,FX:EURGBP,0.8543999999999999,0.85441,0.85439,0.8543999999999999,64.0
2024-05-20 17:20:00,FX:EURGBP,0.8543999999999999,0.85441,0.85439,0.85441,17.0
2024-05-20 17:25:00,FX:EURGBP,0.85441,0.85442,0.8543999999999999,0.85441,35.0
2024-05-20 17:30:00,FX:EURGBP,0.85441,0.85448,0.8543499999999999,0.85446,85.0
2024-05-20 17:35:00,FX:EURGBP,0.85446,0.85448,0.85445,0.85448,20.0
2024-05-20 17:40:00,FX:EURGBP,0.85448,0.85448,0.85444,0.85444,34.0
2024-05-20 17:45:00,FX:EURGBP,0.85444,0.85448,0.85441,0.85441,55.0
2024-05-20 17:50:00,FX:EURGBP,0.85441,0.85443,0.85441,0.85442,30.0
2024-05-20 17:55:00,FX:EURGBP,0.85442,0.85444,0.85441,0.85443,44.0
2024-05-20 18:00:00,FX:EURGBP,0.85443,0.85444,0.85441,0.85442,109.0
2024-05-20 18:05:00,FX:EURGBP,0.85442,0.85449,0.85442,0.85445,109.0
2024-05-20 18:10:00,FX:EURGBP,0.85445,0.85447,0.85439,0.85442,92.0
2024-05-20 18:15:00,FX:EURGBP,0.85442,0.85445,0.8543999999999999,0.85441,83.0
2024-05-20 18:20:00,FX:EURGBP,0.85441,0.85444,0.85439,0.85444,65.0
2024-05-20 18:25:00,FX:EURGBP,0.85444,0.85448,0.8543999999999999,0.85441,55.0
2024-05-20 18:30:00,FX:EURGBP,0.85441,0.85444,0.85438,0.85439,77.0
2024-05-20 18:35:00,FX:EURGBP,0.85439,0.85452,0.85437,0.85451,143.0
2024-05-20 18:40:00,FX:EURGBP,0.85451,0.85453,0.85446,0.85447,96.0
2024-05-20 18:45:00,FX:EURGBP,0.85447,0.85449,0.85443,0.85446,198.0
2024-05-20 18:50:00,FX:EURGBP,0.85446,0.8545,0.85445,0.8545,116.0
2024-05-20 18:55:00,FX:EURGBP,0.8545,0.8545,0.85445,0.85448,115.0
2024-05-20 19:00:00,FX:EURGBP,0.85448,0.8545,0.85438,0.85446,336.0
2024-05-20 19:05:00,FX:EURGBP,0.85446,0.85449,0.85443,0.85444,270.0
2024-05-20 19:10:00,FX:EURGBP,0.85444,0.85449,0.85437,0.85441,232.0
2024-05-20 19:15:00,FX:EURGBP,0.85441,0.85444,0.85437,0.85438,196.0
2024-05-20 19:20:00,FX:EURGBP,0.85438,0.85441,0.8543499999999999,0.85441,271.0
2024-05-20 19:25:00,FX:EURGBP,0.85441,0.85445,0.85437,0.85445,313.0
2024-05-20 19:30:00,FX:EURGBP,0.85445,0.85447,0.85443,0.85444,135.0
2024-05-20 19:35:00,FX:EURGBP,0.85444,0.85451,0.85444,0.85444,324.0
2024-05-20 19:40:00,FX:EURGBP,0.85444,0.85452,0.8543999999999999,0.85442,213.0
2024-05-20 19:45:00,FX:EURGBP,0.85442,0.85448,0.85441,0.85443,159.0
2024-05-20 19:50:00,FX:EURGBP,0.85443,0.8545699999999999,0.85441,0.85449,455.0
2024-05-20 19:55:00,FX:EURGBP,0.85449,0.85464,0.85449,0.85459,305.0
2024-05-20 20:00:00,FX:EURGBP,0.85459,0.85463,0.8545,0.8545,495.0
2024-05-20 20:05:00,FX:EURGBP,0.8545,0.85451,0.85446,0.85447,354.0
2024-05-20 20:10:00,FX:EURGBP,0.85447,0.8545,0.85441,0.85448,281.0
2024-05-20 20:15:00,FX:EURGBP,0.85448,0.85451,0.85446,0.85447,286.0
2024-05-20 20:20:00,FX:EURGBP,0.85447,0.85449,0.85444,0.85444,168.0
2024-05-20 20:25:00,FX:EURGBP,0.85444,0.8545,0.8543999999999999,0.8545,226.0
2024-05-20 20:30:00,FX:EURGBP,0.8545,0.85456,0.85448,0.8545,285.0
2024-05-20 20:35:00,FX:EURGBP,0.8545,0.8546199999999999,0.85449,0.8545699999999999,413.0
2024-05-20 20:40:00,FX:EURGBP,0.8545699999999999,0.8545699999999999,0.85449,0.85453,414.0
2024-05-20 20:45:00,FX:EURGBP,0.85453,0.85458,0.85449,0.8545699999999999,242.0
2024-05-20 20:50:00,FX:EURGBP,0.8545699999999999,0.85458,0.85453,0.85456,282.0
2024-05-20 20:55:00,FX:EURGBP,0.85456,0.85463,0.85454,0.85458,603.0
2024-05-20 21:00:00,FX:EURGBP,0.85458,0.85465,0.85454,0.8545699999999999,659.0
2024-05-20 21:05:00,FX:EURGBP,0.8545699999999999,0.85461,0.8545,0.85454,392.0
2024-05-20 21:10:00,FX:EURGBP,0.85454,0.8546199999999999,0.85444,0.85455,494.0
2024-05-20 21:15:00,FX:EURGBP,0.85455,0.85458,0.8545,0.85456,653.0
2024-05-20 21:20:00,FX:EURGBP,0.85456,0.85456,0.8543499999999999,0.85436,359.0
2024-05-20 21:25:00,FX:EURGBP,0.85436,0.8543999999999999,0.85434,0.8543499999999999,262.0
2024-05-20 21:30:00,FX:EURGBP,0.8543499999999999,0.85445,0.85434,0.85438,361.0
2024-05-20 21:35:00,FX:EURGBP,0.85438,0.85456,0.85438,0.85455,412.0
2024-05-20 21:40:00,FX:EURGBP,0.85455,0.85456,0.85452,0.85454,311.0
2024-05-20 21:45:00,FX:EURGBP,0.85454,0.85456,0.85452,0.85454,312.0
2024-05-20 21:50:00,FX:EURGBP,0.85454,0.85456,0.85443,0.85446,414.0
2024-05-20 21:55:00,FX:EURGBP,0.85446,0.85447,0.85441,0.85441,484.0
2024-05-20 22:00:00,FX:EURGBP,0.85441,0.85441,0.85436,0.85436,251.0
2024-05-20 22:05:00,FX:EURGBP,0.85436,0.85437,0.85433,0.85434,217.0
2024-05-20 22:10:00,FX:EURGBP,0.85434,0.8543499999999999,0.8543,0.85432,342.0
2024-05-20 22:15:00,FX:EURGBP,0.85432,0.85436,0.85431,0.85434,214.0
2024-05-20 22:20:00,FX:EURGBP,0.85434,0.85438,0.85431,0.85434,209.0
2024-05-20 22:25:00,FX:EURGBP,0.85434,0.85437,0.85432,0.85436,255.0
2024-05-20 22:30:00,FX:EURGBP,0.85436,0.85441,0.85432,0.85434,262.0
2024-05-20 22:35:00,FX:EURGBP,0.85434,0.85439,0.85432,0.85438,213.0
2024-05-20 22:40:00,FX:EURGBP,0.85438,0.85439,0.85436,0.85438,172.0
2024-05-20 22:45:00,FX:EURGBP,0.85438,0.85438,0.85436,0.85436,110.0
2024-05-20 22:50:00,FX:EURGBP,0.85436,0.8543999999999999,0.85436,0.85438,193.0
2024-05-20 22:55:00,FX:EURGBP,0.85438,0.85441,0.85436,0.85436,135.0
2024-05-20 23:00:00,FX:EURGBP,0.85436,0.85436,0.85432,0.85434,235.0
2024-05-20 23:05:00,FX:EURGBP,0.85434,0.85437,0.85433,0.8543499999999999,229.0
2024-05-20 23:10:00,FX:EURGBP,0.8543499999999999,0.85436,0.85432,0.85433,153.0
2024-05-20 23:15:00,FX:EURGBP,0.85433,0.85438,0.85432,0.85433,251.0
2024-05-20 23:20:00,FX:EURGBP,0.85433,0.85437,0.85433,0.85434,235.0
2024-05-20 23:25:00,FX:EURGBP,0.85434,0.8543499999999999,0.85431,0.85432,217.0
2024-05-20 23:30:00,FX:EURGBP,0.85432,0.8543499999999999,0.85431,0.85432,191.0
2024-05-20 23:35:00,FX:EURGBP,0.85432,0.85437,0.85432,0.85432,223.0
2024-05-20 23:40:00,FX:EURGBP,0.85432,0.8543499999999999,0.8543,0.85433,238.0
2024-05-20 23:45:00,FX:EURGBP,0.85433,0.85433,0.85429,0.8543,169.0
2024-05-20 23:50:00,FX:EURGBP,0.8543,0.85437,0.8543,0.8543499999999999,252.0
2024-05-20 23:55:00,FX:EURGBP,0.8543499999999999,0.85436,0.8543,0.85432,224.0
2024-05-21 00:00:00,FX:EURGBP,0.85432,0.85436,0.85432,0.8543499999999999,170.0
2024-05-21 00:05:00,FX:EURGBP,0.8543499999999999,0.85437,0.8543,0.85433,242.0
2024-05-21 00:10:00,FX:EURGBP,0.85433,0.8543499999999999,0.85427,0.85432,248.0
2024-05-21 00:15:00,FX:EURGBP,0.85432,0.85437,0.85431,0.8543499999999999,176.0
2024-05-21 00:20:00,FX:EURGBP,0.8543499999999999,0.8543999999999999,0.85433,0.85438,243.0
2024-05-21 00:25:00,FX:EURGBP,0.85438,0.85441,0.85436,0.85441,205.0
2024-05-21 00:30:00,FX:EURGBP,0.85441,0.85443,0.85436,0.8543999999999999,359.0
2024-05-21 00:35:00,FX:EURGBP,0.8543999999999999,0.85443,0.85439,0.85439,375.0
2024-05-21 00:40:00,FX:EURGBP,0.85439,0.85442,0.85437,0.85442,318.0
2024-05-21 00:45:00,FX:EURGBP,0.85442,0.85449,0.85442,0.85446,413.0
2024-05-21 00:50:00,FX:EURGBP,0.85446,0.85446,0.85432,0.85432,281.0
2024-05-21 00:55:00,FX:EURGBP,0.85432,0.85439,0.85429,0.85432,354.0
2024-05-21 01:00:00,FX:EURGBP,0.85432,0.85432,0.85419,0.85424,568.0
2024-05-21 01:05:00,FX:EURGBP,0.85424,0.85427,0.85419,0.8542299999999999,488.0
2024-05-21 01:10:00,FX:EURGBP,0.8542299999999999,0.85428,0.8542,0.85428,369.0
2024-05-21 01:15:00,FX:EURGBP,0.85428,0.85437,0.85419,0.85421,602.0
2024-05-21 01:20:00,FX:EURGBP,0.85421,0.85431,0.8542,0.8543,704.0
2024-05-21 01:25:00,FX:EURGBP,0.8543,0.8543999999999999,0.85422,0.85422,446.0
2024-05-21 01:30:00,FX:EURGBP,0.85422,0.85425,0.85415,0.85416,587.0
2024-05-21 01:35:00,FX:EURGBP,0.85416,0.85426,0.85412,0.85417,529.0
2024-05-21 01:40:00,FX:EURGBP,0.85417,0.85428,0.85416,0.85427,391.0
2024-05-21 01:45:00,FX:EURGBP,0.85427,0.8543499999999999,0.85421,0.85434,496.0
2024-05-21 01:50:00,FX:EURGBP,0.85434,0.85442,0.8543,0.8543999999999999,444.0
2024-05-21 01:55:00,FX:EURGBP,0.8543999999999999,0.85455,0.8543999999999999,0.85452,425.0
2024-05-21 02:00:00,FX:EURGBP,0.85452,0.85458,0.85431,0.85436,821.0
2024-05-21 02:05:00,FX:EURGBP,0.85436,0.85441,0.8542,0.8542299999999999,796.0
2024-05-21 02:10:00,FX:EURGBP,0.8542299999999999,0.85425,0.85412,0.85422,793.0
2024-05-21 02:15:00,FX:EURGBP,0.85422,0.85432,0.85417,0.8542299999999999,552.0
2024-05-21 02:20:00,FX:EURGBP,0.8542299999999999,0.85441,0.85421,0.85436,544.0
2024-05-21 02:25:00,FX:EURGBP,0.85436,0.85437,0.85426,0.85431,731.0
2024-05-21 02:30:00,FX:EURGBP,0.85431,0.85446,0.85428,0.85438,619.0
2024-05-21 02:35:00,FX:EURGBP,0.85438,0.85441,0.85427,0.85432,636.0
2024-05-21 02:40:00,FX:EURGBP,0.85432,0.8543499999999999,0.85422,0.85432,661.0
2024-05-21 02:45:00,FX:EURGBP,0.85432,0.85441,0.85426,0.85431,438.0
2024-05-21 02:50:00,FX:EURGBP,0.85431,0.8543999999999999,0.85427,0.85439,538.0
2024-05-21 02:55:00,FX:EURGBP,0.85439,0.85463,0.85436,0.8546,616.0
2024-05-21 03:00:00,FX:EURGBP,0.8546,0.85467,0.85452,0.85459,643.0
2024-05-21 03:05:00,FX:EURGBP,0.85459,0.8547899999999999,0.8545699999999999,0.8547399999999999,717.0
2024-05-21 03:10:00,FX:EURGBP,0.8547399999999999,0.85483,0.85466,0.85468,716.0
2024-05-21 03:15:00,FX:EURGBP,0.85468,0.85472,0.85452,0.8545699999999999,751.0
2024-05-21 03:20:00,FX:EURGBP,0.8545699999999999,0.8546,0.85446,0.85453,736.0
2024-05-21 03:25:00,FX:EURGBP,0.85453,0.85464,0.85448,0.8546199999999999,596.0
2024-05-21 03:30:00,FX:EURGBP,0.8546199999999999,0.85467,0.8545699999999999,0.85463,579.0
2024-05-21 03:35:00,FX:EURGBP,0.85463,0.85487,0.85463,0.85486,484.0
2024-05-21 03:40:00,FX:EURGBP,0.85486,0.8549,0.85467,0.85469,521.0
2024-05-21 03:45:00,FX:EURGBP,0.85469,0.85491,0.85468,0.85487,684.0
2024-05-21 03:50:00,FX:EURGBP,0.85487,0.85489,0.85477,0.85487,603.0
2024-05-21 03:55:00,FX:EURGBP,0.85487,0.85497,0.85484,0.8549,769.0
2024-05-21 04:00:00,FX:EURGBP,0.8549,0.85493,0.85477,0.85482,820.0
2024-05-21 04:05:00,FX:EURGBP,0.85482,0.85485,0.85472,0.8548,694.0
2024-05-21 04:10:00,FX:EURGBP,0.8548,0.85489,0.85471,0.85481,657.0
2024-05-21 04:15:00,FX:EURGBP,0.85481,0.85498,0.8548,0.8549599999999999,531.0
2024-05-21 04:20:00,FX:EURGBP,0.8549599999999999,0.85502,0.85491,0.85499,560.0
2024-05-21 04:25:00,FX:EURGBP,0.85499,0.85511,0.85499,0.85508,435.0
2024-05-21 04:30:00,FX:EURGBP,0.85508,0.85509,0.8549599999999999,0.85499,556.0
2024-05-21 04:35:00,FX:EURGBP,0.85499,0.85504,0.85495,0.8549599999999999,421.0
2024-05-21 04:40:00,FX:EURGBP,0.8549599999999999,0.85505,0.85491,0.85504,607.0
2024-05-21 04:45:00,FX:EURGBP,0.85504,0.85508,0.85489,0.85489,421.0
2024-05-21 04:50:00,FX:EURGBP,0.85489,0.8549,0.85466,0.85471,380.0
2024-05-21 04:55:00,FX:EURGBP,0.85471,0.85471,0.85455,0.85456,367.0
2024-05-21 05:00:00,FX:EURGBP,0.85456,0.85481,0.85455,0.85475,544.0
2024-05-21 05:05:00,FX:EURGBP,0.85475,0.8549,0.8547399999999999,0.85481,388.0
2024-05-21 05:10:00,FX:EURGBP,0.85481,0.85484,0.85471,0.8547399999999999,402.0
2024-05-21 05:15:00,FX:EURGBP,0.8547399999999999,0.85476,0.85464,0.85466,298.0
2024-05-21 05:20:00,FX:EURGBP,0.85466,0.85467,0.85455,0.85455,455.0
2024-05-21 05:25:00,FX:EURGBP,0.85455,0.85455,0.85441,0.85441,444.0
2024-05-21 05:30:00,FX:EURGBP,0.85441,0.8545,0.8543999999999999,0.85444,461.0
2024-05-21 05:35:00,FX:EURGBP,0.85444,0.85449,0.8543999999999999,0.85446,463.0
2024-05-21 05:40:00,FX:EURGBP,0.85446,0.85449,0.85443,0.85447,314.0
2024-05-21 05:45:00,FX:EURGBP,0.85447,0.8546199999999999,0.85444,0.85461,290.0
2024-05-21 05:50:00,FX:EURGBP,0.85461,0.85466,0.8545,0.8545,275.0
2024-05-21 05:55:00,FX:EURGBP,0.8545,0.85463,0.8545,0.85452,543.0
2024-05-21 06:00:00,FX:EURGBP,0.85452,0.85468,0.85451,0.8546,446.0
2024-05-21 06:05:00,FX:EURGBP,0.8546,0.85463,0.85451,0.85461,362.0
2024-05-21 06:10:00,FX:EURGBP,0.85461,0.85475,0.8546,0.85469,422.0
2024-05-21 06:15:00,FX:EURGBP,0.85469,0.85471,0.8546,0.85471,307.0
2024-05-21 06:20:00,FX:EURGBP,0.85471,0.85472,0.85461,0.85461,384.0
2024-05-21 06:25:00,FX:EURGBP,0.85461,0.8546199999999999,0.85446,0.85451,340.0
2024-05-21 06:30:00,FX:EURGBP,0.85451,0.85453,0.85446,0.85448,384.0
2024-05-21 06:35:00,FX:EURGBP,0.85448,0.85455,0.85446,0.85449,385.0
2024-05-21 06:40:00,FX:EURGBP,0.85449,0.85449,0.85431,0.8543499999999999,365.0
2024-05-21 06:45:00,FX:EURGBP,0.8543499999999999,0.85438,0.85427,0.8543,343.0
2024-05-21 06:50:00,FX:EURGBP,0.8543,0.85448,0.85424,0.85447,543.0
2024-05-21 06:55:00,FX:EURGBP,0.85447,0.85451,0.8543499999999999,0.85439,648.0
2024-05-21 07:00:00,FX:EURGBP,0.85439,0.8545699999999999,0.85439,0.85456,613.0
2024-05-21 07:05:00,FX:EURGBP,0.85456,0.85456,0.85434,0.85436,711.0
2024-05-21 07:10:00,FX:EURGBP,0.85436,0.85443,0.85433,0.85438,589.0
2024-05-21 07:15:00,FX:EURGBP,0.85438,0.85448,0.85431,0.85441,551.0
2024-05-21 07:20:00,FX:EURGBP,0.85441,0.85442,0.85434,0.85437,495.0
2024-05-21 07:25:00,FX:EURGBP,0.85437,0.85439,0.85427,0.85433,470.0
2024-05-21 07:30:00,FX:EURGBP,0.85433,0.85441,0.85417,0.85417,1133.0
2024-05-21 07:35:00,FX:EURGBP,0.85417,0.85424,0.85415,0.85419,942.0
2024-05-21 07:40:00,FX:EURGBP,0.85419,0.85429,0.85415,0.85416,789.0
2024-05-21 07:45:00,FX:EURGBP,0.85416,0.85433,0.85412,0.85431,853.0
2024-05-21 07:50:00,FX:EURGBP,0.85431,0.85438,0.85421,0.85426,648.0
2024-05-21 07:55:00,FX:EURGBP,0.85426,0.85442,0.85424,0.85436,701.0
2024-05-21 08:00:00,FX:EURGBP,0.85436,0.85468,0.85422,0.85444,3383.0
2024-05-21 08:05:00,FX:EURGBP,0.85444,0.85447,0.8543,0.85436,1392.0
2024-05-21 08:10:00,FX:EURGBP,0.85436,0.85443,0.85424,0.85433,1425.0
2024-05-21 08:15:00,FX:EURGBP,0.85433,0.85444,0.8542299999999999,0.85431,1187.0
2024-05-21 08:20:00,FX:EURGBP,0.85431,0.85439,0.85425,0.85426,1264.0
2024-05-21 08:25:00,FX:EURGBP,0.85426,0.85432,0.8542299999999999,0.85426,811.0
2024-05-21 08:30:00,FX:EURGBP,0.85426,0.85426,0.85403,0.85406,1285.0
2024-05-21 08:35:00,FX:EURGBP,0.85406,0.85413,0.8537899999999999,0.8537899999999999,967.0
2024-05-21 08:40:00,FX:EURGBP,0.8537899999999999,0.8539,0.85371,0.85371,749.0
2024-05-21 08:45:00,FX:EURGBP,0.85371,0.8537399999999999,0.85355,0.85355,710.0
2024-05-21 08:50:00,FX:EURGBP,0.85355,0.85366,0.8535,0.85352,885.0
2024-05-21 08:55:00,FX:EURGBP,0.85352,0.8536,0.85346,0.85354,1032.0
2024-05-21 09:00:00,FX:EURGBP,0.85354,0.8536199999999999,0.85344,0.85346,989.0
2024-05-21 09:05:00,FX:EURGBP,0.85346,0.85352,0.8533499999999999,0.85339,1046.0
2024-05-21 09:10:00,FX:EURGBP,0.85339,0.85351,0.85337,0.85343,626.0
2024-05-21 09:15:00,FX:EURGBP,0.85343,0.8535699999999999,0.8533499999999999,0.8535,826.0
2024-05-21 09:20:00,FX:EURGBP,0.8535,0.8535,0.85337,0.85347,698.0
2024-05-21 09:25:00,FX:EURGBP,0.85347,0.85353,0.85341,0.85344,612.0
2024-05-21 09:30:00,FX:EURGBP,0.85344,0.85372,0.85344,0.85369,820.0
2024-05-21 09:35:00,FX:EURGBP,0.85369,0.85385,0.8536,0.8537399999999999,705.0
2024-05-21 09:40:00,FX:EURGBP,0.8537399999999999,0.85387,0.85369,0.8537399999999999,640.0
2024-05-21 09:45:00,FX:EURGBP,0.8537399999999999,0.85376,0.85352,0.85352,720.0
2024-05-21 09:50:00,FX:EURGBP,0.85352,0.85361,0.85338,0.85347,1185.0
2024-05-21 09:55:00,FX:EURGBP,0.85347,0.85363,0.8533999999999999,0.85355,1022.0
2024-05-21 10:00:00,FX:EURGBP,0.85355,0.85375,0.85353,0.85369,1154.0
2024-05-21 10:05:00,FX:EURGBP,0.85369,0.85373,0.85364,0.85365,745.0
2024-05-21 10:10:00,FX:EURGBP,0.85365,0.85368,0.85353,0.85361,568.0
2024-05-21 10:15:00,FX:EURGBP,0.85361,0.85364,0.85351,0.85355,517.0
2024-05-21 10:20:00,FX:EURGBP,0.85355,0.85361,0.85351,0.8536,518.0
2024-05-21 10:25:00,FX:EURGBP,0.8536,0.85364,0.85352,0.8536,615.0
2024-05-21 10:30:00,FX:EURGBP,0.8536,0.85363,0.85355,0.85361,421.0
2024-05-21 10:35:00,FX:EURGBP,0.85361,0.85384,0.85361,0.85376,711.0
2024-05-21 10:40:00,FX:EURGBP,0.85376,0.85391,0.85375,0.85391,651.0
2024-05-21 10:45:00,FX:EURGBP,0.85391,0.85407,0.85381,0.85405,636.0
2024-05-21 10:50:00,FX:EURGBP,0.85405,0.85421,0.85405,0.8542,516.0
2024-05-21 10:55:00,FX:EURGBP,0.8542,0.85421,0.85403,0.85408,645.0
2024-05-21 11:00:00,FX:EURGBP,0.85408,0.85429,0.85407,0.85426,475.0
2024-05-21 11:05:00,FX:EURGBP,0.85426,0.85428,0.85409,0.85417,773.0
2024-05-21 11:10:00,FX:EURGBP,0.85417,0.8542,0.85412,0.8541799999999999,445.0
2024-05-21 11:15:00,FX:EURGBP,0.8541799999999999,0.8541799999999999,0.85411,0.85411,478.0
2024-05-21 11:20:00,FX:EURGBP,0.85411,0.85421,0.85411,0.85414,548.0
2024-05-21 11:25:00,FX:EURGBP,0.85414,0.85429,0.85413,0.85421,408.0
2024-05-21 11:30:00,FX:EURGBP,0.85421,0.85421,0.85405,0.85417,373.0
2024-05-21 11:35:00,FX:EURGBP,0.85417,0.8542,0.85414,0.85415,236.0
2024-05-21 11:40:00,FX:EURGBP,0.85415,0.85422,0.85415,0.8542,196.0
2024-05-21 11:45:00,FX:EURGBP,0.8542,0.8542,0.85405,0.85406,281.0
2024-05-21 11:50:00,FX:EURGBP,0.85406,0.85413,0.85403,0.8541,364.0
2024-05-21 11:55:00,FX:EURGBP,0.8541,0.85413,0.85404,0.85413,580.0
2024-05-21 12:00:00,FX:EURGBP,0.85413,0.85413,0.85399,0.854,609.0
2024-05-21 12:05:00,FX:EURGBP,0.854,0.85403,0.85395,0.8540099999999999,443.0
2024-05-21 12:10:00,FX:EURGBP,0.8540099999999999,0.85407,0.85391,0.85394,429.0
2024-05-21 12:15:00,FX:EURGBP,0.85394,0.85398,0.85391,0.8539599999999999,320.0
2024-05-21 12:20:00,FX:EURGBP,0.8539599999999999,0.85404,0.85394,0.85398,309.0
2024-05-21 12:25:00,FX:EURGBP,0.85398,0.85399,0.85391,0.85397,411.0
2024-05-21 12:30:00,FX:EURGBP,0.85397,0.85399,0.85385,0.85386,322.0
2024-05-21 12:35:00,FX:EURGBP,0.85386,0.85391,0.85382,0.85391,251.0
2024-05-21 12:40:00,FX:EURGBP,0.85391,0.8540099999999999,0.85388,0.85399,305.0
2024-05-21 12:45:00,FX:EURGBP,0.85399,0.854,0.85387,0.85388,520.0
2024-05-21 12:50:00,FX:EURGBP,0.85388,0.85393,0.85384,0.85393,159.0
2024-05-21 12:55:00,FX:EURGBP,0.85393,0.85397,0.85388,0.85389,326.0
2024-05-21 13:00:00,FX:EURGBP,0.85389,0.85392,0.85383,0.85384,375.0
2024-05-21 13:05:00,FX:EURGBP,0.85384,0.85388,0.85381,0.85381,262.0
2024-05-21 13:10:00,FX:EURGBP,0.85381,0.85387,0.8538,0.85382,467.0
2024-05-21 13:15:00,FX:EURGBP,0.85382,0.85412,0.85381,0.85409,423.0
2024-05-21 13:20:00,FX:EURGBP,0.85409,0.85409,0.85392,0.85397,304.0
2024-05-21 13:25:00,FX:EURGBP,0.85397,0.854,0.85392,0.85397,397.0
2024-05-21 13:30:00,FX:EURGBP,0.85397,0.85398,0.85393,0.85397,285.0
2024-05-21 13:35:00,FX:EURGBP,0.85397,0.85397,0.85388,0.85391,328.0
2024-05-21 13:40:00,FX:EURGBP,0.85391,0.85393,0.85381,0.85382,278.0
2024-05-21 13:45:00,FX:EURGBP,0.85382,0.85385,0.85375,0.8537899999999999,243.0
2024-05-21 13:50:00,FX:EURGBP,0.8537899999999999,0.85382,0.85372,0.8538,375.0
2024-05-21 13:55:00,FX:EURGBP,0.8538,0.8538,0.85369,0.85369,402.0
2024-05-21 14:00:00,FX:EURGBP,0.85369,0.8538,0.85366,0.85377,248.0
2024-05-21 14:05:00,FX:EURGBP,0.85377,0.85382,0.85376,0.85376,322.0
2024-05-21 14:10:00,FX:EURGBP,0.85376,0.85382,0.8537399999999999,0.8537399999999999,345.0
2024-05-21 14:15:00,FX:EURGBP,0.8537399999999999,0.8537899999999999,0.85368,0.8537,432.0
2024-05-21 14:20:00,FX:EURGBP,0.8537,0.85376,0.85369,0.8537399999999999,397.0
2024-05-21 14:25:00,FX:EURGBP,0.8537399999999999,0.85377,0.85369,0.85376,278.0
2024-05-21 14:30:00,FX:EURGBP,0.85376,0.8537899999999999,0.85373,0.8537399999999999,345.0
2024-05-21 14:35:00,FX:EURGBP,0.8537399999999999,0.8537899999999999,0.8537399999999999,0.85377,247.0
2024-05-21 14:40:00,FX:EURGBP,0.85377,0.85378,0.85375,0.85376,214.0
2024-05-21 14:45:00,FX:EURGBP,0.85376,0.8538,0.85375,0.8537899999999999,167.0
2024-05-21 14:50:00,FX:EURGBP,0.8537899999999999,0.85386,0.85377,0.85383,177.0
2024-05-21 14:55:00,FX:EURGBP,0.85383,0.85391,0.8538,0.85388,365.0
2024-05-21 15:00:00,FX:EURGBP,0.85388,0.8539599999999999,0.85384,0.8539599999999999,224.0
2024-05-21 15:05:00,FX:EURGBP,0.8539599999999999,0.8541,0.85392,0.85409,166.0
2024-05-21 15:10:00,FX:EURGBP,0.85409,0.85421,0.85405,0.85416,219.0
2024-05-21 15:15:00,FX:EURGBP,0.85416,0.85428,0.85416,0.85426,177.0
2024-05-21 15:20:00,FX:EURGBP,0.85426,0.85426,0.85416,0.85417,140.0
2024-05-21 15:25:00,FX:EURGBP,0.85417,0.85422,0.85413,0.85413,214.0
2024-05-21 15:30:00,FX:EURGBP,0.85413,0.85416,0.85411,0.85413,104.0
2024-05-21 15:35:00,FX:EURGBP,0.85413,0.85419,0.85413,0.85419,135.0
2024-05-21 15:40:00,FX:EURGBP,0.85419,0.8542,0.85412,0.85415,99.0
2024-05-21 15:45:00,FX:EURGBP,0.85415,0.85417,0.85415,0.85416,38.0
2024-05-21 15:50:00,FX:EURGBP,0.85416,0.85417,0.85407,0.85412,159.0
2024-05-21 15:55:00,FX:EURGBP,0.85412,0.85413,0.85397,0.85397,238.0
2024-05-21 16:00:00,FX:EURGBP,0.85397,0.85397,0.85352,0.85361,14.0
2024-05-21 16:05:00,FX:EURGBP,0.85361,0.85399,0.85361,0.85375,129.0
2024-05-21 16:10:00,FX:EURGBP,0.85375,0.85409,0.85372,0.85403,116.0
2024-05-21 16:15:00,FX:EURGBP,0.85403,0.85405,0.85376,0.85403,273.0
2024-05-21 16:20:00,FX:EURGBP,0.85403,0.8541,0.8539,0.85407,283.0
2024-05-21 16:25:00,FX:EURGBP,0.85407,0.85416,0.85387,0.85391,228.0
2024-05-21 16:30:00,FX:EURGBP,0.85391,0.85399,0.85358,0.85388,229.0
2024-05-21 16:35:00,FX:EURGBP,0.85388,0.854,0.85366,0.8539,284.0
2024-05-21 16:40:00,FX:EURGBP,0.8539,0.85393,0.85382,0.8539,190.0
2024-05-21 16:45:00,FX:EURGBP,0.8539,0.8540099999999999,0.85385,0.85398,113.0
2024-05-21 16:50:00,FX:EURGBP,0.85398,0.85398,0.85373,0.8538,92.0
2024-05-21 16:55:00,FX:EURGBP,0.8538,0.85389,0.8537899999999999,0.85383,81.0
2024-05-21 17:00:00,FX:EURGBP,0.85383,0.85409,0.85375,0.85404,153.0
2024-05-21 17:05:00,FX:EURGBP,0.85404,0.85411,0.85402,0.85404,62.0
2024-05-21 17:10:00,FX:EURGBP,0.85404,0.85405,0.85403,0.85404,17.0
2024-05-21 17:15:00,FX:EURGBP,0.85404,0.85407,0.85404,0.85404,24.0
2024-05-21 17:20:00,FX:EURGBP,0.85404,0.85407,0.85404,0.85405,40.0
2024-05-21 17:25:00,FX:EURGBP,0.85405,0.85408,0.85404,0.85404,31.0
2024-05-21 17:30:00,FX:EURGBP,0.85404,0.85408,0.85403,0.85407,47.0
2024-05-21 17:35:00,FX:EURGBP,0.85407,0.85415,0.85407,0.85414,57.0
2024-05-21 17:40:00,FX:EURGBP,0.85414,0.85414,0.85411,0.85413,45.0
2024-05-21 17:45:00,FX:EURGBP,0.85413,0.85414,0.8541,0.85413,26.0
2024-05-21 17:50:00,FX:EURGBP,0.85413,0.85417,0.85411,0.85417,56.0
2024-05-21 17:55:00,FX:EURGBP,0.85417,0.85417,0.85412,0.85415,84.0
2024-05-21 18:00:00,FX:EURGBP,0.85415,0.85419,0.85406,0.85412,157.0
2024-05-21 18:05:00,FX:EURGBP,0.85412,0.85413,0.85406,0.85409,125.0
2024-05-21 18:10:00,FX:EURGBP,0.85409,0.85412,0.85408,0.85409,95.0
2024-05-21 18:15:00,FX:EURGBP,0.85409,0.85414,0.85406,0.85413,174.0
2024-05-21 18:20:00,FX:EURGBP,0.85413,0.85414,0.85406,0.85406,105.0
2024-05-21 18:25:00,FX:EURGBP,0.85406,0.85408,0.85405,0.85405,72.0
2024-05-21 18:30:00,FX:EURGBP,0.85405,0.85406,0.854,0.8540099999999999,79.0
2024-05-21 18:35:00,FX:EURGBP,0.8540099999999999,0.85405,0.85399,0.854,138.0
2024-05-21 18:40:00,FX:EURGBP,0.854,0.85403,0.854,0.8540099999999999,81.0
2024-05-21 18:45:00,FX:EURGBP,0.8540099999999999,0.85402,0.8539599999999999,0.85398,152.0
2024-05-21 18:50:00,FX:EURGBP,0.85398,0.854,0.85395,0.85397,122.0
2024-05-21 18:55:00,FX:EURGBP,0.85397,0.8540099999999999,0.85393,0.85399,228.0
2024-05-21 19:00:00,FX:EURGBP,0.85399,0.85409,0.85398,0.85403,410.0
2024-05-21 19:05:00,FX:EURGBP,0.85403,0.85408,0.85399,0.85399,246.0
2024-05-21 19:10:00,FX:EURGBP,0.85399,0.85405,0.8539599999999999,0.8540099999999999,336.0
2024-05-21 19:15:00,FX:EURGBP,0.8540099999999999,0.85406,0.854,0.85403,275.0
2024-05-21 19:20:00,FX:EURGBP,0.85403,0.85407,0.85402,0.85404,153.0
2024-05-21 19:25:00,FX:EURGBP,0.85404,0.85406,0.854,0.8540099999999999,296.0
2024-05-21 19:30:00,FX:EURGBP,0.8540099999999999,0.85404,0.85398,0.854,282.0
2024-05-21 19:35:00,FX:EURGBP,0.854,0.85402,0.85399,0.854,158.0
2024-05-21 19:40:00,FX:EURGBP,0.854,0.85404,0.854,0.85403,249.0
2024-05-21 19:45:00,FX:EURGBP,0.85403,0.85405,0.85398,0.85399,294.0
2024-05-21 19:50:00,FX:EURGBP,0.85399,0.85405,0.8539599999999999,0.85404,344.0
2024-05-21 19:55:00,FX:EURGBP,0.85404,0.85406,0.854,0.854,281.0
2024-05-21 20:00:00,FX:EURGBP,0.854,0.85406,0.854,0.8540099999999999,590.0
2024-05-21 20:05:00,FX:EURGBP,0.8540099999999999,0.85408,0.854,0.8540099999999999,378.0
2024-05-21 20:10:00,FX:EURGBP,0.8540099999999999,0.85402,0.8539599999999999,0.854,430.0
2024-05-21 20:15:00,FX:EURGBP,0.854,0.85405,0.85395,0.85402,504.0
2024-05-21 20:20:00,FX:EURGBP,0.85402,0.85404,0.85397,0.85403,521.0
2024-05-21 20:25:00,FX:EURGBP,0.85403,0.85408,0.8540099999999999,0.85407,368.0
2024-05-21 20:30:00,FX:EURGBP,0.85407,0.85409,0.85395,0.85397,361.0
2024-05-21 20:35:00,FX:EURGBP,0.85397,0.85398,0.85394,0.85395,261.0
2024-05-21 20:40:00,FX:EURGBP,0.85395,0.85405,0.85393,0.85403,395.0
2024-05-21 20:45:00,FX:EURGBP,0.85403,0.85405,0.854,0.854,538.0
2024-05-21 20:50:00,FX:EURGBP,0.854,0.85404,0.85394,0.85395,357.0
2024-05-21 20:55:00,FX:EURGBP,0.85395,0.85399,0.85393,0.85394,266.0
2024-05-21 21:00:00,FX:EURGBP,0.85394,0.85395,0.85378,0.85383,1061.0
2024-05-21 21:05:00,FX:EURGBP,0.85383,0.85387,0.8538,0.85385,623.0
2024-05-21 21:10:00,FX:EURGBP,0.85385,0.85392,0.85384,0.85384,587.0
2024-05-21 21:15:00,FX:EURGBP,0.85384,0.85388,0.85381,0.85385,425.0
2024-05-21 21:20:00,FX:EURGBP,0.85385,0.85387,0.8537899999999999,0.8538,400.0
2024-05-21 21:25:00,FX:EURGBP,0.8538,0.85384,0.8537899999999999,0.85382,256.0
2024-05-21 21:30:00,FX:EURGBP,0.85382,0.85385,0.8537899999999999,0.85383,342.0
2024-05-21 21:35:00,FX:EURGBP,0.85383,0.85385,0.85381,0.85382,288.0
2024-05-21 21:40:00,FX:EURGBP,0.85382,0.85387,0.85378,0.85383,419.0
2024-05-21 21:45:00,FX:EURGBP,0.85383,0.8539,0.85381,0.85386,508.0
2024-05-21 21:50:00,FX:EURGBP,0.85386,0.85389,0.8537899999999999,0.85383,566.0
2024-05-21 21:55:00,FX:EURGBP,0.85383,0.85392,0.8537899999999999,0.8539,442.0
2024-05-21 22:00:00,FX:EURGBP,0.8539,0.8539599999999999,0.85389,0.85389,373.0
2024-05-21 22:05:00,FX:EURGBP,0.85389,0.85393,0.85388,0.8539,280.0
2024-05-21 22:10:00,FX:EURGBP,0.8539,0.8539599999999999,0.85386,0.85394,288.0
2024-05-21 22:15:00,FX:EURGBP,0.85394,0.85395,0.85389,0.85391,335.0
2024-05-21 22:20:00,FX:EURGBP,0.85391,0.85392,0.85382,0.85384,420.0
2024-05-21 22:25:00,FX:EURGBP,0.85384,0.85389,0.85382,0.85386,369.0
2024-05-21 22:30:00,FX:EURGBP,0.85386,0.85391,0.85383,0.8539,413.0
2024-05-21 22:35:00,FX:EURGBP,0.8539,0.85392,0.85386,0.85389,342.0
2024-05-21 22:40:00,FX:EURGBP,0.85389,0.85392,0.85383,0.85383,298.0
2024-05-21 22:45:00,FX:EURGBP,0.85383,0.85386,0.8537899999999999,0.85385,303.0
2024-05-21 22:50:00,FX:EURGBP,0.85385,0.8539,0.85381,0.85388,435.0
2024-05-21 22:55:00,FX:EURGBP,0.85388,0.85394,0.85387,0.85394,421.0
2024-05-21 23:00:00,FX:EURGBP,0.85394,0.85395,0.85386,0.85389,332.0
2024-05-21 23:05:00,FX:EURGBP,0.85389,0.85397,0.85389,0.85389,328.0
2024-05-21 23:10:00,FX:EURGBP,0.85389,0.85395,0.85387,0.85389,233.0
2024-05-21 23:15:00,FX:EURGBP,0.85389,0.85392,0.85384,0.85386,192.0
2024-05-21 23:20:00,FX:EURGBP,0.85386,0.85388,0.85384,0.85384,326.0
2024-05-21 23:25:00,FX:EURGBP,0.85384,0.85389,0.85384,0.85387,281.0
2024-05-21 23:30:00,FX:EURGBP,0.85387,0.8539,0.85384,0.85388,177.0
2024-05-21 23:35:00,FX:EURGBP,0.85388,0.85391,0.85384,0.85386,333.0
2024-05-21 23:40:00,FX:EURGBP,0.85386,0.85393,0.85385,0.85391,260.0
2024-05-21 23:45:00,FX:EURGBP,0.85391,0.8539599999999999,0.85389,0.85391,197.0
2024-05-21 23:50:00,FX:EURGBP,0.85391,0.85393,0.85386,0.85389,249.0
2024-05-21 23:55:00,FX:EURGBP,0.85389,0.8539599999999999,0.85388,0.85394,303.0
2024-05-22 00:00:00,FX:EURGBP,0.85394,0.8539599999999999,0.85392,0.85395,355.0
2024-05-22 00:05:00,FX:EURGBP,0.85395,0.85397,0.8539,0.85391,235.0
2024-05-22 00:10:00,FX:EURGBP,0.85391,0.85395,0.8539,0.85393,317.0
2024-05-22 00:15:00,FX:EURGBP,0.85393,0.85397,0.85384,0.85384,301.0
2024-05-22 00:20:00,FX:EURGBP,0.85384,0.85389,0.85383,0.85388,247.0
2024-05-22 00:25:00,FX:EURGBP,0.85388,0.85395,0.85387,0.85393,306.0
2024-05-22 00:30:00,FX:EURGBP,0.85393,0.85393,0.8538,0.85381,363.0
2024-05-22 00:35:00,FX:EURGBP,0.85381,0.85389,0.8538,0.85381,514.0
2024-05-22 00:40:00,FX:EURGBP,0.85381,0.85387,0.85376,0.85385,318.0
2024-05-22 00:45:00,FX:EURGBP,0.85385,0.85395,0.85385,0.85394,351.0
2024-05-22 00:50:00,FX:EURGBP,0.85394,0.85403,0.85392,0.85397,344.0
2024-05-22 00:55:00,FX:EURGBP,0.85397,0.85412,0.8539599999999999,0.85398,354.0
2024-05-22 01:00:00,FX:EURGBP,0.85398,0.85403,0.85178,0.852,3350.0
2024-05-22 01:05:00,FX:EURGBP,0.852,0.85211,0.85153,0.85156,1477.0
2024-05-22 01:10:00,FX:EURGBP,0.85156,0.85172,0.8515199999999999,0.85171,946.0
2024-05-22 01:15:00,FX:EURGBP,0.85171,0.85172,0.85138,0.85169,957.0
2024-05-22 01:20:00,FX:EURGBP,0.85169,0.85209,0.85169,0.8520099999999999,738.0
2024-05-22 01:25:00,FX:EURGBP,0.8520099999999999,0.8522,0.85189,0.8521,959.0
2024-05-22 01:30:00,FX:EURGBP,0.8521,0.8521,0.85146,0.8515199999999999,1295.0
2024-05-22 01:35:00,FX:EURGBP,0.8515199999999999,0.85171,0.8515199999999999,0.85167,714.0
2024-05-22 01:40:00,FX:EURGBP,0.85167,0.85176,0.85162,0.85175,848.0
2024-05-22 01:45:00,FX:EURGBP,0.85175,0.85176,0.85132,0.85133,834.0
2024-05-22 01:50:00,FX:EURGBP,0.85133,0.85144,0.85123,0.85131,754.0
2024-05-22 01:55:00,FX:EURGBP,0.85131,0.85141,0.85122,0.85141,829.0
2024-05-22 02:00:00,FX:EURGBP,0.85141,0.8518,0.85128,0.85173,1140.0
2024-05-22 02:05:00,FX:EURGBP,0.85173,0.85199,0.85173,0.85194,1128.0
2024-05-22 02:10:00,FX:EURGBP,0.85194,0.8519599999999999,0.85162,0.85167,861.0
2024-05-22 02:15:00,FX:EURGBP,0.85167,0.85173,0.85154,0.8515699999999999,840.0
2024-05-22 02:20:00,FX:EURGBP,0.8515699999999999,0.85202,0.8515699999999999,0.85202,834.0
2024-05-22 02:25:00,FX:EURGBP,0.85202,0.85208,0.8519599999999999,0.85197,779.0
2024-05-22 02:30:00,FX:EURGBP,0.85197,0.85207,0.85175,0.85178,1013.0
2024-05-22 02:35:00,FX:EURGBP,0.85178,0.85178,0.85154,0.85161,914.0
2024-05-22 02:40:00,FX:EURGBP,0.85161,0.85169,0.85158,0.85161,574.0
2024-05-22 02:45:00,FX:EURGBP,0.85161,0.85172,0.85155,0.85155,666.0
2024-05-22 02:50:00,FX:EURGBP,0.85155,0.85167,0.8515,0.85164,629.0
2024-05-22 02:55:00,FX:EURGBP,0.85164,0.85177,0.85153,0.85176,1060.0
2024-05-22 03:00:00,FX:EURGBP,0.85176,0.85194,0.8517,0.8517399999999999,1109.0
2024-05-22 03:05:00,FX:EURGBP,0.8517399999999999,0.85193,0.85173,0.85188,732.0
2024-05-22 03:10:00,FX:EURGBP,0.85188,0.85208,0.85185,0.85203,722.0
2024-05-22 03:15:00,FX:EURGBP,0.85203,0.85226,0.85199,0.85224,724.0
2024-05-22 03:20:00,FX:EURGBP,0.85224,0.85233,0.8521799999999999,0.85221,719.0
2024-05-22 03:25:00,FX:EURGBP,0.85221,0.85253,0.8522,0.85224,937.0
2024-05-22 03:30:00,FX:EURGBP,0.85224,0.8523,0.85215,0.8522,743.0
2024-05-22 03:35:00,FX:EURGBP,0.8522,0.85223,0.85207,0.85211,532.0
2024-05-22 03:40:00,FX:EURGBP,0.85211,0.8521299999999999,0.85203,0.85204,657.0
2024-05-22 03:45:00,FX:EURGBP,0.85204,0.85224,0.85203,0.85217,575.0
2024-05-22 03:50:00,FX:EURGBP,0.85217,0.85224,0.8521299999999999,0.8522,497.0
2024-05-22 03:55:00,FX:EURGBP,0.8522,0.85233,0.8522,0.8523,723.0
2024-05-22 04:00:00,FX:EURGBP,0.8523,0.85239,0.85225,0.85233,647.0
2024-05-22 04:05:00,FX:EURGBP,0.85233,0.85239,0.85233,0.85234,491.0
2024-05-22 04:10:00,FX:EURGBP,0.85234,0.85242,0.85226,0.85234,631.0
2024-05-22 04:15:00,FX:EURGBP,0.85234,0.85239,0.85229,0.85238,522.0
2024-05-22 04:20:00,FX:EURGBP,0.85238,0.8523999999999999,0.85225,0.85229,348.0
2024-05-22 04:25:00,FX:EURGBP,0.85229,0.8523499999999999,0.85217,0.85229,511.0
2024-05-22 04:30:00,FX:EURGBP,0.85229,0.85232,0.8521,0.85211,554.0
2024-05-22 04:35:00,FX:EURGBP,0.85211,0.85225,0.8521,0.85221,376.0
2024-05-22 04:40:00,FX:EURGBP,0.85221,0.85227,0.8521,0.8522,448.0
2024-05-22 04:45:00,FX:EURGBP,0.8522,0.85224,0.85197,0.85198,412.0
2024-05-22 04:50:00,FX:EURGBP,0.85198,0.85204,0.8519,0.8519599999999999,485.0
2024-05-22 04:55:00,FX:EURGBP,0.8519599999999999,0.85203,0.85194,0.8519599999999999,490.0
2024-05-22 05:00:00,FX:EURGBP,0.8519599999999999,0.8519599999999999,0.85177,0.85184,699.0
2024-05-22 05:05:00,FX:EURGBP,0.85184,0.85186,0.85171,0.85172,572.0
2024-05-22 05:10:00,FX:EURGBP,0.85172,0.85183,0.85171,0.85178,624.0
2024-05-22 05:15:00,FX:EURGBP,0.85178,0.8517899999999999,0.85161,0.85168,515.0
2024-05-22 05:20:00,FX:EURGBP,0.85168,0.8517399999999999,0.85165,0.8517,445.0
2024-05-22 05:25:00,FX:EURGBP,0.8517,0.85172,0.85155,0.85159,738.0
2024-05-22 05:30:00,FX:EURGBP,0.85159,0.85198,0.85159,0.85194,867.0
2024-05-22 05:35:00,FX:EURGBP,0.85194,0.85195,0.85182,0.85185,494.0
2024-05-22 05:40:00,FX:EURGBP,0.85185,0.85191,0.85177,0.85189,492.0
2024-05-22 05:45:00,FX:EURGBP,0.85189,0.85191,0.85177,0.85183,559.0
2024-05-22 05:50:00,FX:EURGBP,0.85183,0.85192,0.85183,0.85187,477.0
2024-05-22 05:55:00,FX:EURGBP,0.85187,0.85195,0.85176,0.85176,662.0
2024-05-22 06:00:00,FX:EURGBP,0.85176,0.85176,0.85146,0.85153,694.0
2024-05-22 06:05:00,FX:EURGBP,0.85153,0.85168,0.85147,0.85166,649.0
2024-05-22 06:10:00,FX:EURGBP,0.85166,0.85177,0.85156,0.85175,765.0
2024-05-22 06:15:00,FX:EURGBP,0.85175,0.85187,0.8517399999999999,0.8517399999999999,625.0
2024-05-22 06:20:00,FX:EURGBP,0.8517399999999999,0.85182,0.85172,0.85181,459.0
2024-05-22 06:25:00,FX:EURGBP,0.85181,0.85197,0.85181,0.85188,632.0
2024-05-22 06:30:00,FX:EURGBP,0.85188,0.852,0.85182,0.85195,756.0
2024-05-22 06:35:00,FX:EURGBP,0.85195,0.85208,0.85187,0.85203,940.0
2024-05-22 06:40:00,FX:EURGBP,0.85203,0.85231,0.8520099999999999,0.85229,914.0
2024-05-22 06:45:00,FX:EURGBP,0.85229,0.85234,0.85212,0.85215,1010.0
2024-05-22 06:50:00,FX:EURGBP,0.85215,0.85219,0.85187,0.85187,921.0
2024-05-22 06:55:00,FX:EURGBP,0.85187,0.85197,0.85177,0.85189,968.0
2024-05-22 07:00:00,FX:EURGBP,0.85189,0.85198,0.85171,0.85178,1249.0
2024-05-22 07:05:00,FX:EURGBP,0.85178,0.85182,0.8516,0.85162,900.0
2024-05-22 07:10:00,FX:EURGBP,0.85162,0.8517,0.85142,0.85153,1270.0
2024-05-22 07:15:00,FX:EURGBP,0.85153,0.85155,0.85127,0.85131,1275.0
2024-05-22 07:20:00,FX:EURGBP,0.85131,0.85143,0.85125,0.85134,861.0
2024-05-22 07:25:00,FX:EURGBP,0.85134,0.85166,0.85129,0.85164,747.0
2024-05-22 07:30:00,FX:EURGBP,0.85164,0.85168,0.8513499999999999,0.85148,903.0
2024-05-22 07:35:00,FX:EURGBP,0.85148,0.85153,0.85141,0.85149,584.0
2024-05-22 07:40:00,FX:EURGBP,0.85149,0.85153,0.85139,0.85143,573.0
2024-05-22 07:45:00,FX:EURGBP,0.85143,0.85147,0.8513499999999999,0.85144,742.0
2024-05-22 07:50:00,FX:EURGBP,0.85144,0.8515,0.8511799999999999,0.8512,859.0
2024-05-22 07:55:00,FX:EURGBP,0.8512,0.85121,0.85104,0.85112,908.0
2024-05-22 08:00:00,FX:EURGBP,0.85112,0.85116,0.85095,0.85109,983.0
2024-05-22 08:05:00,FX:EURGBP,0.85109,0.85132,0.85104,0.8512,908.0
2024-05-22 08:10:00,FX:EURGBP,0.8512,0.8512,0.85104,0.85107,709.0
2024-05-22 08:15:00,FX:EURGBP,0.85107,0.85111,0.8508,0.85092,1072.0
2024-05-22 08:20:00,FX:EURGBP,0.85092,0.85092,0.85061,0.85069,854.0
2024-05-22 08:25:00,FX:EURGBP,0.85069,0.85071,0.8506,0.85061,638.0
2024-05-22 08:30:00,FX:EURGBP,0.85061,0.85065,0.85046,0.85048,1186.0
2024-05-22 08:35:00,FX:EURGBP,0.85048,0.8505699999999999,0.85042,0.85044,947.0
2024-05-22 08:40:00,FX:EURGBP,0.85044,0.85054,0.85038,0.85054,1051.0
2024-05-22 08:45:00,FX:EURGBP,0.85054,0.85068,0.85051,0.85056,1205.0
2024-05-22 08:50:00,FX:EURGBP,0.85056,0.85063,0.85043,0.85059,1170.0
2024-05-22 08:55:00,FX:EURGBP,0.85059,0.85062,0.8503999999999999,0.85043,1029.0
2024-05-22 09:00:00,FX:EURGBP,0.85043,0.85064,0.8503499999999999,0.8506,1445.0
2024-05-22 09:05:00,FX:EURGBP,0.8506,0.8507899999999999,0.85055,0.85077,1062.0
2024-05-22 09:10:00,FX:EURGBP,0.85077,0.85082,0.85066,0.85069,918.0
2024-05-22 09:15:00,FX:EURGBP,0.85069,0.8508,0.85066,0.85077,698.0
2024-05-22 09:20:00,FX:EURGBP,0.85077,0.8509099999999999,0.85066,0.8509,1158.0
2024-05-22 09:25:00,FX:EURGBP,0.8509,0.85115,0.85088,0.851,1247.0
2024-05-22 09:30:00,FX:EURGBP,0.851,0.85125,0.85094,0.85121,1191.0
2024-05-22 09:35:00,FX:EURGBP,0.85121,0.85125,0.85109,0.85112,854.0
2024-05-22 09:40:00,FX:EURGBP,0.85112,0.85127,0.85108,0.85122,888.0
2024-05-22 09:45:00,FX:EURGBP,0.85122,0.85125,0.85108,0.8512,748.0
2024-05-22 09:50:00,FX:EURGBP,0.8512,0.85137,0.8511,0.85133,1184.0
2024-05-22 09:55:00,FX:EURGBP,0.85133,0.85141,0.85126,0.8513499999999999,1147.0
2024-05-22 10:00:00,FX:EURGBP,0.8513499999999999,0.8515,0.85131,0.85146,912.0
2024-05-22 10:05:00,FX:EURGBP,0.85146,0.85162,0.85141,0.85148,843.0
2024-05-22 10:10:00,FX:EURGBP,0.85148,0.85151,0.85132,0.85146,540.0
2024-05-22 10:15:00,FX:EURGBP,0.85146,0.85161,0.85145,0.85154,800.0
2024-05-22 10:20:00,FX:EURGBP,0.85154,0.85156,0.85137,0.85156,677.0
2024-05-22 10:25:00,FX:EURGBP,0.85156,0.85166,0.85144,0.8515,528.0
2024-05-22 10:30:00,FX:EURGBP,0.8515,0.8515,0.8513499999999999,0.85146,724.0
2024-05-22 10:35:00,FX:EURGBP,0.85146,0.8515699999999999,0.8513,0.85139,618.0
2024-05-22 10:40:00,FX:EURGBP,0.85139,0.85146,0.85134,0.8513999999999999,555.0
2024-05-22 10:45:00,FX:EURGBP,0.8513999999999999,0.85148,0.85123,0.85128,464.0
2024-05-22 10:50:00,FX:EURGBP,0.85128,0.85138,0.85122,0.85124,521.0
2024-05-22 10:55:00,FX:EURGBP,0.85124,0.85125,0.85082,0.85089,559.0
2024-05-22 11:00:00,FX:EURGBP,0.85089,0.85106,0.85084,0.85104,738.0
2024-05-22 11:05:00,FX:EURGBP,0.85104,0.85116,0.851,0.85103,654.0
2024-05-22 11:10:00,FX:EURGBP,0.85103,0.85107,0.85098,0.85101,486.0
2024-05-22 11:15:00,FX:EURGBP,0.85101,0.8511,0.8509599999999999,0.85108,591.0
2024-05-22 11:20:00,FX:EURGBP,0.85108,0.85116,0.85099,0.85099,546.0
2024-05-22 11:25:00,FX:EURGBP,0.85099,0.851,0.85072,0.85083,551.0
2024-05-22 11:30:00,FX:EURGBP,0.85083,0.851,0.85081,0.85094,429.0
2024-05-22 11:35:00,FX:EURGBP,0.85094,0.85094,0.85064,0.85075,691.0
2024-05-22 11:40:00,FX:EURGBP,0.85075,0.85087,0.85068,0.85081,377.0
2024-05-22 11:45:00,FX:EURGBP,0.85081,0.85081,0.85065,0.85067,508.0
2024-05-22 11:50:00,FX:EURGBP,0.85067,0.8507899999999999,0.85065,0.85071,658.0
2024-05-22 11:55:00,FX:EURGBP,0.85071,0.8507899999999999,0.85064,0.85077,617.0
2024-05-22 12:00:00,FX:EURGBP,0.85077,0.85084,0.8507,0.8507399999999999,654.0
2024-05-22 12:05:00,FX:EURGBP,0.8507399999999999,0.85076,0.85066,0.85069,531.0
2024-05-22 12:10:00,FX:EURGBP,0.85069,0.8507399999999999,0.85066,0.85071,539.0
2024-05-22 12:15:00,FX:EURGBP,0.85071,0.85077,0.85069,0.85071,550.0
2024-05-22 12:20:00,FX:EURGBP,0.85071,0.85082,0.85071,0.85081,544.0
2024-05-22 12:25:00,FX:EURGBP,0.85081,0.85089,0.85081,0.85086,505.0
2024-05-22 12:30:00,FX:EURGBP,0.85086,0.85092,0.85084,0.85085,447.0
2024-05-22 12:35:00,FX:EURGBP,0.85085,0.85101,0.85083,0.85099,587.0
2024-05-22 12:40:00,FX:EURGBP,0.85099,0.85107,0.85098,0.85102,470.0
2024-05-22 12:45:00,FX:EURGBP,0.85102,0.8511,0.85102,0.85108,499.0
2024-05-22 12:50:00,FX:EURGBP,0.85108,0.85121,0.85106,0.85112,938.0
2024-05-22 12:55:00,FX:EURGBP,0.85112,0.85116,0.85102,0.85109,394.0
2024-05-22 13:00:00,FX:EURGBP,0.85109,0.85124,0.85094,0.8511799999999999,1787.0
2024-05-22 13:05:00,FX:EURGBP,0.8511799999999999,0.85119,0.85098,0.85111,883.0
2024-05-22 13:10:00,FX:EURGBP,0.85111,0.85114,0.85098,0.85103,778.0
2024-05-22 13:15:00,FX:EURGBP,0.85103,0.85107,0.85097,0.85102,992.0
2024-05-22 13:20:00,FX:EURGBP,0.85102,0.85111,0.85095,0.85102,1048.0
2024-05-22 13:25:00,FX:EURGBP,0.85102,0.85115,0.85101,0.85111,910.0
2024-05-22 13:30:00,FX:EURGBP,0.85111,0.85117,0.85108,0.85109,833.0
2024-05-22 13:35:00,FX:EURGBP,0.85109,0.8512,0.85103,0.85117,919.0
2024-05-22 13:40:00,FX:EURGBP,0.85117,0.85122,0.8511299999999999,0.85115,525.0
2024-05-22 13:45:00,FX:EURGBP,0.85115,0.85119,0.85108,0.85109,748.0
2024-05-22 13:50:00,FX:EURGBP,0.85109,0.8511799999999999,0.85109,0.85115,633.0
2024-05-22 13:55:00,FX:EURGBP,0.85115,0.85121,0.85109,0.85111,648.0
2024-05-22 14:00:00,FX:EURGBP,0.85111,0.85115,0.85103,0.8511,404.0
2024-05-22 14:05:00,FX:EURGBP,0.8511,0.8511299999999999,0.85107,0.85109,609.0
2024-05-22 14:10:00,FX:EURGBP,0.85109,0.85112,0.85105,0.85109,386.0
2024-05-22 14:15:00,FX:EURGBP,0.85109,0.85111,0.85104,0.85105,487.0
2024-05-22 14:20:00,FX:EURGBP,0.85105,0.85107,0.851,0.85102,506.0
2024-05-22 14:25:00,FX:EURGBP,0.85102,0.85103,0.85094,0.851,583.0
2024-05-22 14:30:00,FX:EURGBP,0.851,0.85103,0.8509099999999999,0.85093,540.0
2024-05-22 14:35:00,FX:EURGBP,0.85093,0.85098,0.85087,0.85098,565.0
2024-05-22 14:40:00,FX:EURGBP,0.85098,0.85107,0.85095,0.85104,659.0
2024-05-22 14:45:00,FX:EURGBP,0.85104,0.85108,0.85101,0.85108,641.0
2024-05-22 14:50:00,FX:EURGBP,0.85108,0.85112,0.85106,0.85107,447.0
2024-05-22 14:55:00,FX:EURGBP,0.85107,0.8511,0.85092,0.85092,679.0
2024-05-22 15:00:00,FX:EURGBP,0.85092,0.85114,0.8509,0.85114,435.0
2024-05-22 15:05:00,FX:EURGBP,0.85114,0.85114,0.85108,0.8511,163.0
2024-05-22 15:10:00,FX:EURGBP,0.8511,0.8511299999999999,0.85109,0.85112,156.0
2024-05-22 15:15:00,FX:EURGBP,0.85112,0.85112,0.85107,0.85111,227.0
2024-05-22 15:20:00,FX:EURGBP,0.85111,0.85114,0.85103,0.85108,542.0
2024-05-22 15:25:00,FX:EURGBP,0.85108,0.85108,0.85101,0.85102,249.0
2024-05-22 15:30:00,FX:EURGBP,0.85102,0.85103,0.85095,0.85098,200.0
2024-05-22 15:35:00,FX:EURGBP,0.85098,0.85105,0.85097,0.85099,112.0
2024-05-22 15:40:00,FX:EURGBP,0.85099,0.85105,0.85093,0.85093,275.0
2024-05-22 15:45:00,FX:EURGBP,0.85093,0.85094,0.85089,0.8509099999999999,147.0
2024-05-22 15:50:00,FX:EURGBP,0.8509099999999999,0.85094,0.85083,0.85093,160.0
2024-05-22 15:55:00,FX:EURGBP,0.85093,0.85102,0.85084,0.85101,169.0
2024-05-22 16:00:00,FX:EURGBP,0.85101,0.85102,0.8505,0.8505,23.0
2024-05-22 16:05:00,FX:EURGBP,0.8505,0.85092,0.8505,0.85089,96.0
2024-05-22 16:10:00,FX:EURGBP,0.85089,0.851,0.85081,0.85095,125.0
2024-05-22 16:15:00,FX:EURGBP,0.85095,0.85095,0.8508,0.85085,241.0
2024-05-22 16:20:00,FX:EURGBP,0.85085,0.85088,0.85069,0.85083,140.0
2024-05-22 16:25:00,FX:EURGBP,0.85083,0.85101,0.85075,0.85099,285.0
2024-05-22 16:30:00,FX:EURGBP,0.85099,0.85109,0.85092,0.8509599999999999,214.0
2024-05-22 16:35:00,FX:EURGBP,0.8509599999999999,0.85103,0.85095,0.85098,233.0
2024-05-22 16:40:00,FX:EURGBP,0.85098,0.85101,0.85093,0.85093,593.0
2024-05-22 16:45:00,FX:EURGBP,0.85093,0.85095,0.85088,0.8509,306.0
2024-05-22 16:50:00,FX:EURGBP,0.8509,0.85095,0.85089,0.85095,24.0
2024-05-22 16:55:00,FX:EURGBP,0.85095,0.85101,0.8509,0.851,69.0
2024-05-22 17:00:00,FX:EURGBP,0.851,0.85109,0.85099,0.85103,211.0
2024-05-22 17:05:00,FX:EURGBP,0.85103,0.8511,0.85103,0.85108,120.0
2024-05-22 17:10:00,FX:EURGBP,0.85108,0.8511,0.85106,0.85108,89.0
2024-05-22 17:15:00,FX:EURGBP,0.85108,0.8511,0.85104,0.85105,62.0
2024-05-22 17:20:00,FX:EURGBP,0.85105,0.85108,0.85104,0.85106,33.0
2024-05-22 17:25:00,FX:EURGBP,0.85106,0.8511,0.85105,0.8511,42.0
2024-05-22 17:30:00,FX:EURGBP,0.8511,0.8511299999999999,0.85097,0.85099,138.0
2024-05-22 17:35:00,FX:EURGBP,0.85099,0.85108,0.85099,0.85106,165.0
2024-05-22 17:40:00,FX:EURGBP,0.85106,0.85106,0.85098,0.851,77.0
2024-05-22 17:45:00,FX:EURGBP,0.851,0.85102,0.8509599999999999,0.8509599999999999,116.0
2024-05-22 17:50:00,FX:EURGBP,0.8509599999999999,0.85104,0.85094,0.85099,158.0
2024-05-22 17:55:00,FX:EURGBP,0.85099,0.85105,0.8509599999999999,0.8509599999999999,164.0
2024-05-22 18:00:00,FX:EURGBP,0.8509599999999999,0.85102,0.85095,0.85101,262.0
2024-05-22 18:05:00,FX:EURGBP,0.85101,0.85104,0.85099,0.85101,214.0
2024-05-22 18:10:00,FX:EURGBP,0.85101,0.85102,0.85098,0.85099,129.0
2024-05-22 18:15:00,FX:EURGBP,0.85099,0.85103,0.85099,0.85101,102.0
2024-05-22 18:20:00,FX:EURGBP,0.85101,0.85105,0.85098,0.85105,181.0
2024-05-22 18:25:00,FX:EURGBP,0.85105,0.85109,0.85101,0.85106,114.0
2024-05-22 18:30:00,FX:EURGBP,0.85106,0.85107,0.85104,0.85104,91.0
2024-05-22 18:35:00,FX:EURGBP,0.85104,0.8511,0.85103,0.85104,177.0
2024-05-22 18:40:00,FX:EURGBP,0.85104,0.85107,0.85101,0.85101,112.0
2024-05-22 18:45:00,FX:EURGBP,0.85101,0.85103,0.85099,0.85102,127.0
2024-05-22 18:50:00,FX:EURGBP,0.85102,0.85105,0.85101,0.85102,197.0
2024-05-22 18:55:00,FX:EURGBP,0.85102,0.85104,0.8509599999999999,0.85099,243.0
2024-05-22 19:00:00,FX:EURGBP,0.85099,0.85117,0.85097,0.85115,391.0
2024-05-22 19:05:00,FX:EURGBP,0.85115,0.8511799999999999,0.85111,0.85111,404.0
2024-05-22 19:10:00,FX:EURGBP,0.85111,0.8511299999999999,0.85109,0.8511,228.0
2024-05-22 19:15:00,FX:EURGBP,0.8511,0.8511,0.851,0.85102,344.0
2024-05-22 19:20:00,FX:EURGBP,0.85102,0.85107,0.85099,0.85103,371.0
2024-05-22 19:25:00,FX:EURGBP,0.85103,0.8511,0.85102,0.85106,278.0
2024-05-22 19:30:00,FX:EURGBP,0.85106,0.8511,0.85106,0.85109,285.0
2024-05-22 19:35:00,FX:EURGBP,0.85109,0.85111,0.85107,0.85108,184.0
2024-05-22 19:40:00,FX:EURGBP,0.85108,0.8511299999999999,0.85107,0.8511299999999999,282.0
2024-05-22 19:45:00,FX:EURGBP,0.8511299999999999,0.8511299999999999,0.85105,0.85106,228.0
2024-05-22 19:50:00,FX:EURGBP,0.85106,0.85109,0.85103,0.85105,377.0
2024-05-22 19:55:00,FX:EURGBP,0.85105,0.85108,0.85102,0.85107,312.0
2024-05-22 20:00:00,FX:EURGBP,0.85107,0.85115,0.85103,0.85112,385.0
2024-05-22 20:05:00,FX:EURGBP,0.85112,0.8511299999999999,0.85108,0.8511,362.0
2024-05-22 20:10:00,FX:EURGBP,0.8511,0.85117,0.85108,0.85114,523.0
2024-05-22 20:15:00,FX:EURGBP,0.85114,0.85116,0.85107,0.85107,659.0
2024-05-22 20:20:00,FX:EURGBP,0.85107,0.8511,0.85105,0.85106,343.0
2024-05-22 20:25:00,FX:EURGBP,0.85106,0.85112,0.85103,0.85107,386.0
2024-05-22 20:30:00,FX:EURGBP,0.85107,0.85114,0.85106,0.85111,406.0
2024-05-22 20:35:00,FX:EURGBP,0.85111,0.85112,0.85104,0.85108,381.0
2024-05-22 20:40:00,FX:EURGBP,0.85108,0.85109,0.8509599999999999,0.851,470.0
2024-05-22 20:45:00,FX:EURGBP,0.851,0.85106,0.85097,0.85104,384.0
2024-05-22 20:50:00,FX:EURGBP,0.85104,0.85106,0.85098,0.85098,234.0
2024-05-22 20:55:00,FX:EURGBP,0.85098,0.85104,0.85097,0.85102,336.0
2024-05-22 21:00:00,FX:EURGBP,0.85102,0.85103,0.85097,0.85098,274.0
2024-05-22 21:05:00,FX:EURGBP,0.85098,0.851,0.85097,0.85097,170.0
2024-05-22 21:10:00,FX:EURGBP,0.85097,0.85104,0.8509599999999999,0.85097,347.0
2024-05-22 21:15:00,FX:EURGBP,0.85097,0.85099,0.85093,0.85099,333.0
2024-05-22 21:20:00,FX:EURGBP,0.85099,0.851,0.8509599999999999,0.85097,376.0
2024-05-22 21:25:00,FX:EURGBP,0.85097,0.85099,0.85097,0.85098,266.0
2024-05-22 21:30:00,FX:EURGBP,0.85098,0.85105,0.85098,0.85104,383.0
2024-05-22 21:35:00,FX:EURGBP,0.85104,0.85109,0.851,0.85101,389.0
2024-05-22 21:40:00,FX:EURGBP,0.85101,0.85102,0.8509599999999999,0.85099,299.0
2024-05-22 21:45:00,FX:EURGBP,0.85099,0.851,0.85095,0.85097,155.0
2024-05-22 21:50:00,FX:EURGBP,0.85097,0.85102,0.8509599999999999,0.85102,241.0
2024-05-22 21:55:00,FX:EURGBP,0.85102,0.85104,0.85097,0.85099,382.0
2024-05-22 22:00:00,FX:EURGBP,0.85099,0.85099,0.85094,0.85097,244.0
2024-05-22 22:05:00,FX:EURGBP,0.85097,0.85098,0.85092,0.85097,270.0
2024-05-22 22:10:00,FX:EURGBP,0.85097,0.85098,0.85093,0.8509599999999999,245.0
2024-05-22 22:15:00,FX:EURGBP,0.8509599999999999,0.85098,0.8509099999999999,0.8509599999999999,268.0
2024-05-22 22:20:00,FX:EURGBP,0.8509599999999999,0.85097,0.85092,0.85092,203.0
2024-05-22 22:25:00,FX:EURGBP,0.85092,0.8509599999999999,0.8509099999999999,0.85095,178.0
2024-05-22 22:30:00,FX:EURGBP,0.85095,0.85099,0.85092,0.85093,202.0
2024-05-22 22:35:00,FX:EURGBP,0.85093,0.85094,0.8509099999999999,0.85092,275.0
2024-05-22 22:40:00,FX:EURGBP,0.85092,0.85092,0.85085,0.85085,190.0
2024-05-22 22:45:00,FX:EURGBP,0.85085,0.85087,0.85083,0.85085,219.0
2024-05-22 22:50:00,FX:EURGBP,0.85085,0.8509,0.85084,0.85088,274.0
2024-05-22 22:55:00,FX:EURGBP,0.85088,0.85092,0.85085,0.85085,231.0
2024-05-22 23:00:00,FX:EURGBP,0.85085,0.85086,0.85078,0.85081,201.0
2024-05-22 23:05:00,FX:EURGBP,0.85081,0.85084,0.85078,0.85082,314.0
2024-05-22 23:10:00,FX:EURGBP,0.85082,0.85085,0.85072,0.85072,216.0
2024-05-22 23:15:00,FX:EURGBP,0.85072,0.85075,0.85071,0.85071,103.0
2024-05-22 23:20:00,FX:EURGBP,0.85071,0.85078,0.8507,0.85077,172.0
2024-05-22 23:25:00,FX:EURGBP,0.85077,0.85082,0.85076,0.85081,268.0
2024-05-22 23:30:00,FX:EURGBP,0.85081,0.85086,0.8507899999999999,0.85084,204.0
2024-05-22 23:35:00,FX:EURGBP,0.85084,0.85086,0.85082,0.85086,240.0
2024-05-22 23:40:00,FX:EURGBP,0.85086,0.85086,0.85081,0.85082,184.0
2024-05-22 23:45:00,FX:EURGBP,0.85082,0.85083,0.85075,0.85077,175.0
2024-05-22 23:50:00,FX:EURGBP,0.85077,0.85088,0.85077,0.85085,234.0
2024-05-22 23:55:00,FX:EURGBP,0.85085,0.85088,0.85075,0.85076,262.0
2024-05-23 00:00:00,FX:EURGBP,0.85076,0.85081,0.85075,0.8508,292.0
2024-05-23 00:05:00,FX:EURGBP,0.8508,0.85084,0.85077,0.8507899999999999,371.0
2024-05-23 00:10:00,FX:EURGBP,0.8507899999999999,0.85081,0.85073,0.85078,287.0
2024-05-23 00:15:00,FX:EURGBP,0.85078,0.85082,0.85076,0.8507899999999999,284.0
2024-05-23 00:20:00,FX:EURGBP,0.8507899999999999,0.8508,0.85071,0.8507399999999999,187.0
2024-05-23 00:25:00,FX:EURGBP,0.8507399999999999,0.85085,0.8507399999999999,0.85082,206.0
2024-05-23 00:30:00,FX:EURGBP,0.85082,0.85082,0.85073,0.85075,211.0
2024-05-23 00:35:00,FX:EURGBP,0.85075,0.85076,0.85066,0.85075,357.0
2024-05-23 00:40:00,FX:EURGBP,0.85075,0.85078,0.85067,0.85068,287.0
2024-05-23 00:45:00,FX:EURGBP,0.85068,0.85081,0.85067,0.8508,398.0
2024-05-23 00:50:00,FX:EURGBP,0.8508,0.85082,0.85072,0.85073,348.0
2024-05-23 00:55:00,FX:EURGBP,0.85073,0.85086,0.85072,0.85076,359.0
2024-05-23 01:00:00,FX:EURGBP,0.85076,0.8508,0.85061,0.85066,883.0
2024-05-23 01:05:00,FX:EURGBP,0.85066,0.85073,0.85062,0.85067,698.0
2024-05-23 01:10:00,FX:EURGBP,0.85067,0.85069,0.85048,0.85058,690.0
2024-05-23 01:15:00,FX:EURGBP,0.85058,0.8506,0.85051,0.85051,461.0
2024-05-23 01:20:00,FX:EURGBP,0.85051,0.85063,0.85045,0.85061,653.0
2024-05-23 01:25:00,FX:EURGBP,0.85061,0.85073,0.85059,0.85064,615.0
2024-05-23 01:30:00,FX:EURGBP,0.85064,0.85075,0.85061,0.85069,573.0
2024-05-23 01:35:00,FX:EURGBP,0.85069,0.85083,0.85065,0.8508,531.0
2024-05-23 01:40:00,FX:EURGBP,0.8508,0.85086,0.8507399999999999,0.85086,658.0
2024-05-23 01:45:00,FX:EURGBP,0.85086,0.85093,0.85081,0.85088,421.0
2024-05-23 01:50:00,FX:EURGBP,0.85088,0.85097,0.85077,0.85083,444.0
2024-05-23 01:55:00,FX:EURGBP,0.85083,0.85085,0.85076,0.8507899999999999,690.0
2024-05-23 02:00:00,FX:EURGBP,0.8507899999999999,0.8509599999999999,0.85078,0.85084,926.0
2024-05-23 02:05:00,FX:EURGBP,0.85084,0.85105,0.85083,0.85102,753.0
2024-05-23 02:10:00,FX:EURGBP,0.85102,0.85102,0.85078,0.8509099999999999,734.0
2024-05-23 02:15:00,FX:EURGBP,0.8509099999999999,0.8509099999999999,0.85025,0.85029,2545.0
2024-05-23 02:20:00,FX:EURGBP,0.85029,0.85036,0.85008,0.8501,1275.0
2024-05-23 02:25:00,FX:EURGBP,0.8501,0.8501799999999999,0.84993,0.84993,1137.0
2024-05-23 02:30:00,FX:EURGBP,0.84993,0.85087,0.84993,0.8505,2317.0
2024-05-23 02:35:00,FX:EURGBP,0.8505,0.85075,0.85046,0.8507,974.0
2024-05-23 02:40:00,FX:EURGBP,0.8507,0.8507899999999999,0.85063,0.85076,966.0
2024-05-23 02:45:00,FX:EURGBP,0.85076,0.85085,0.8507,0.85078,749.0
2024-05-23 02:50:00,FX:EURGBP,0.85078,0.85089,0.8507,0.85086,753.0
2024-05-23 02:55:00,FX:EURGBP,0.85086,0.8511299999999999,0.85084,0.85104,998.0
2024-05-23 03:00:00,FX:EURGBP,0.85104,0.85117,0.85093,0.85112,1048.0
2024-05-23 03:05:00,FX:EURGBP,0.85112,0.85127,0.8511,0.85125,1086.0
2024-05-23 03:10:00,FX:EURGBP,0.85125,0.8513,0.85116,0.85128,706.0
2024-05-23 03:15:00,FX:EURGBP,0.85128,0.8513,0.85117,0.85122,711.0
2024-05-23 03:20:00,FX:EURGBP,0.85122,0.85128,0.8511,0.85125,764.0
2024-05-23 03:25:00,FX:EURGBP,0.85125,0.85127,0.85108,0.85123,959.0
2024-05-23 03:30:00,FX:EURGBP,0.85123,0.85165,0.8511299999999999,0.8515699999999999,1671.0
2024-05-23 03:35:00,FX:EURGBP,0.8515699999999999,0.85202,0.85156,0.85197,909.0
2024-05-23 03:40:00,FX:EURGBP,0.85197,0.85214,0.85195,0.85198,873.0
2024-05-23 03:45:00,FX:EURGBP,0.85198,0.85205,0.85194,0.85199,695.0
2024-05-23 03:50:00,FX:EURGBP,0.85199,0.85202,0.85175,0.85185,785.0
2024-05-23 03:55:00,FX:EURGBP,0.85185,0.8521,0.85182,0.85204,709.0
2024-05-23 04:00:00,FX:EURGBP,0.85204,0.85234,0.8520099999999999,0.85206,1250.0
2024-05-23 04:05:00,FX:EURGBP,0.85206,0.85231,0.85205,0.85222,1010.0
2024-05-23 04:10:00,FX:EURGBP,0.85222,0.8525699999999999,0.85217,0.85253,899.0
2024-05-23 04:15:00,FX:EURGBP,0.85253,0.85273,0.85249,0.85269,819.0
2024-05-23 04:20:00,FX:EURGBP,0.85269,0.85272,0.85259,0.8526,1034.0
2024-05-23 04:25:00,FX:EURGBP,0.8526,0.85261,0.8525,0.85253,829.0
2024-05-23 04:30:00,FX:EURGBP,0.85253,0.8525699999999999,0.85243,0.85251,838.0
2024-05-23 04:35:00,FX:EURGBP,0.85251,0.85268,0.85246,0.85261,663.0
2024-05-23 04:40:00,FX:EURGBP,0.85261,0.85272,0.8525699999999999,0.85267,611.0
2024-05-23 04:45:00,FX:EURGBP,0.85267,0.85269,0.85247,0.85251,487.0
2024-05-23 04:50:00,FX:EURGBP,0.85251,0.85255,0.85239,0.85253,647.0
2024-05-23 04:55:00,FX:EURGBP,0.85253,0.8526,0.85226,0.85237,778.0
2024-05-23 05:00:00,FX:EURGBP,0.85237,0.85243,0.85221,0.85231,648.0
2024-05-23 05:05:00,FX:EURGBP,0.85231,0.85234,0.85226,0.8523,585.0
2024-05-23 05:10:00,FX:EURGBP,0.8523,0.8523499999999999,0.85225,0.85228,615.0
2024-05-23 05:15:00,FX:EURGBP,0.85228,0.85239,0.85228,0.85232,424.0
2024-05-23 05:20:00,FX:EURGBP,0.85232,0.8523499999999999,0.85229,0.85233,582.0
2024-05-23 05:25:00,FX:EURGBP,0.85233,0.85237,0.85224,0.85226,588.0
2024-05-23 05:30:00,FX:EURGBP,0.85226,0.85241,0.85226,0.85232,553.0
2024-05-23 05:35:00,FX:EURGBP,0.85232,0.85241,0.85221,0.85225,546.0
2024-05-23 05:40:00,FX:EURGBP,0.85225,0.85229,0.8521299999999999,0.85221,460.0
2024-05-23 05:45:00,FX:EURGBP,0.85221,0.85244,0.85219,0.85236,578.0
2024-05-23 05:50:00,FX:EURGBP,0.85236,0.85249,0.85233,0.85248,440.0
2024-05-23 05:55:00,FX:EURGBP,0.85248,0.8525,0.85226,0.85231,598.0
2024-05-23 06:00:00,FX:EURGBP,0.85231,0.85234,0.85203,0.85205,713.0
2024-05-23 06:05:00,FX:EURGBP,0.85205,0.8521,0.85199,0.85207,613.0
2024-05-23 06:10:00,FX:EURGBP,0.85207,0.8521799999999999,0.85204,0.8521799999999999,591.0
2024-05-23 06:15:00,FX:EURGBP,0.8521799999999999,0.85219,0.85207,0.85207,448.0
2024-05-23 06:20:00,FX:EURGBP,0.85207,0.85211,0.852,0.8520099999999999,454.0
2024-05-23 06:25:00,FX:EURGBP,0.8520099999999999,0.85202,0.8517,0.85171,455.0
2024-05-23 06:30:00,FX:EURGBP,0.85171,0.85172,0.85154,0.85166,744.0
2024-05-23 06:35:00,FX:EURGBP,0.85166,0.85172,0.8516,0.85171,711.0
2024-05-23 06:40:00,FX:EURGBP,0.85171,0.8518,0.85166,0.85175,457.0
2024-05-23 06:45:00,FX:EURGBP,0.85175,0.85178,0.85165,0.85169,644.0
2024-05-23 06:50:00,FX:EURGBP,0.85169,0.85181,0.85166,0.85168,548.0
2024-05-23 06:55:00,FX:EURGBP,0.85168,0.85177,0.85156,0.85165,864.0
2024-05-23 07:00:00,FX:EURGBP,0.85165,0.85171,0.8515699999999999,0.85163,1084.0
2024-05-23 07:05:00,FX:EURGBP,0.85163,0.85177,0.85162,0.85175,628.0
2024-05-23 07:10:00,FX:EURGBP,0.85175,0.85189,0.8517399999999999,0.85187,650.0
2024-05-23 07:15:00,FX:EURGBP,0.85187,0.85205,0.85183,0.8520099999999999,860.0
2024-05-23 07:20:00,FX:EURGBP,0.8520099999999999,0.85202,0.85186,0.8519599999999999,942.0
2024-05-23 07:25:00,FX:EURGBP,0.8519599999999999,0.85203,0.8517899999999999,0.8517899999999999,813.0
2024-05-23 07:30:00,FX:EURGBP,0.8517899999999999,0.85206,0.85167,0.85189,1699.0
2024-05-23 07:35:00,FX:EURGBP,0.85189,0.85211,0.85187,0.85211,1298.0
2024-05-23 07:40:00,FX:EURGBP,0.85211,0.85227,0.85209,0.85212,1474.0
2024-05-23 07:45:00,FX:EURGBP,0.85212,0.85221,0.85203,0.85217,1051.0
2024-05-23 07:50:00,FX:EURGBP,0.85217,0.85225,0.8521,0.85225,1093.0
2024-05-23 07:55:00,FX:EURGBP,0.85225,0.85241,0.85215,0.85238,1052.0
2024-05-23 08:00:00,FX:EURGBP,0.85238,0.85247,0.8523,0.85236,1234.0
2024-05-23 08:05:00,FX:EURGBP,0.85236,0.85252,0.8523,0.85231,931.0
2024-05-23 08:10:00,FX:EURGBP,0.85231,0.85243,0.85228,0.85241,978.0
2024-05-23 08:15:00,FX:EURGBP,0.85241,0.85244,0.85231,0.85238,862.0
2024-05-23 08:20:00,FX:EURGBP,0.85238,0.85238,0.85212,0.85216,806.0
2024-05-23 08:25:00,FX:EURGBP,0.85216,0.85221,0.85203,0.8521299999999999,1119.0
2024-05-23 08:30:00,FX:EURGBP,0.8521299999999999,0.85226,0.852,0.852,1162.0
2024-05-23 08:35:00,FX:EURGBP,0.852,0.85224,0.8519599999999999,0.8521799999999999,1269.0
2024-05-23 08:40:00,FX:EURGBP,0.8521799999999999,0.85246,0.85215,0.8523499999999999,960.0
2024-05-23 08:45:00,FX:EURGBP,0.8523499999999999,0.85282,0.85189,0.85238,4721.0
2024-05-23 08:50:00,FX:EURGBP,0.85238,0.85247,0.85194,0.85212,2817.0
2024-05-23 08:55:00,FX:EURGBP,0.85212,0.8523,0.85203,0.85217,1552.0
2024-05-23 09:00:00,FX:EURGBP,0.85217,0.85225,0.85206,0.8521799999999999,2621.0
2024-05-23 09:05:00,FX:EURGBP,0.8521799999999999,0.8521799999999999,0.85191,0.852,1907.0
2024-05-23 09:10:00,FX:EURGBP,0.852,0.85209,0.85187,0.85202,2204.0
2024-05-23 09:15:00,FX:EURGBP,0.85202,0.85217,0.852,0.85209,1519.0
2024-05-23 09:20:00,FX:EURGBP,0.85209,0.85241,0.85206,0.85232,1377.0
2024-05-23 09:25:00,FX:EURGBP,0.85232,0.85237,0.8521799999999999,0.85223,1311.0
2024-05-23 09:30:00,FX:EURGBP,0.85223,0.85224,0.8521,0.85211,1309.0
2024-05-23 09:35:00,FX:EURGBP,0.85211,0.85217,0.8520099999999999,0.85205,1471.0
2024-05-23 09:40:00,FX:EURGBP,0.85205,0.85211,0.85194,0.8519599999999999,896.0
2024-05-23 09:45:00,FX:EURGBP,0.8519599999999999,0.85198,0.85161,0.85169,1231.0
2024-05-23 09:50:00,FX:EURGBP,0.85169,0.85182,0.85156,0.8516,1473.0
2024-05-23 09:55:00,FX:EURGBP,0.8516,0.85169,0.8515199999999999,0.85155,1268.0
2024-05-23 10:00:00,FX:EURGBP,0.85155,0.85184,0.85155,0.85183,1300.0
2024-05-23 10:05:00,FX:EURGBP,0.85183,0.8519599999999999,0.85173,0.8517399999999999,1208.0
2024-05-23 10:10:00,FX:EURGBP,0.8517399999999999,0.85186,0.85167,0.85177,1094.0
2024-05-23 10:15:00,FX:EURGBP,0.85177,0.8518,0.85163,0.85166,1002.0
2024-05-23 10:20:00,FX:EURGBP,0.85166,0.85177,0.85156,0.85161,861.0
2024-05-23 10:25:00,FX:EURGBP,0.85161,0.85167,0.85153,0.85154,794.0
2024-05-23 10:30:00,FX:EURGBP,0.85154,0.8516,0.8515,0.8515699999999999,882.0
2024-05-23 10:35:00,FX:EURGBP,0.8515699999999999,0.85161,0.85148,0.85156,791.0
2024-05-23 10:40:00,FX:EURGBP,0.85156,0.8515699999999999,0.85138,0.85142,567.0
2024-05-23 10:45:00,FX:EURGBP,0.85142,0.85148,0.85136,0.85143,592.0
2024-05-23 10:50:00,FX:EURGBP,0.85143,0.8515199999999999,0.85137,0.85142,702.0
2024-05-23 10:55:00,FX:EURGBP,0.85142,0.85144,0.85131,0.85133,779.0
2024-05-23 11:00:00,FX:EURGBP,0.85133,0.85141,0.85129,0.85134,604.0
2024-05-23 11:05:00,FX:EURGBP,0.85134,0.85141,0.85131,0.8513499999999999,592.0
2024-05-23 11:10:00,FX:EURGBP,0.8513499999999999,0.8513999999999999,0.85126,0.85127,755.0
2024-05-23 11:15:00,FX:EURGBP,0.85127,0.85141,0.85126,0.85131,702.0
2024-05-23 11:20:00,FX:EURGBP,0.85131,0.85133,0.85121,0.85121,611.0
2024-05-23 11:25:00,FX:EURGBP,0.85121,0.85125,0.85105,0.85107,527.0
2024-05-23 11:30:00,FX:EURGBP,0.85107,0.8511299999999999,0.85105,0.8511299999999999,531.0
2024-05-23 11:35:00,FX:EURGBP,0.8511299999999999,0.85119,0.85107,0.85115,592.0
2024-05-23 11:40:00,FX:EURGBP,0.85115,0.8512,0.8511,0.85116,555.0
2024-05-23 11:45:00,FX:EURGBP,0.85116,0.85129,0.8511299999999999,0.85117,634.0
2024-05-23 11:50:00,FX:EURGBP,0.85117,0.85122,0.8511299999999999,0.85115,518.0
2024-05-23 11:55:00,FX:EURGBP,0.85115,0.85117,0.85094,0.851,568.0
2024-05-23 12:00:00,FX:EURGBP,0.851,0.8511,0.85089,0.85108,1043.0
2024-05-23 12:05:00,FX:EURGBP,0.85108,0.85121,0.85106,0.85115,684.0
2024-05-23 12:10:00,FX:EURGBP,0.85115,0.85123,0.85105,0.85108,340.0
2024-05-23 12:15:00,FX:EURGBP,0.85108,0.85123,0.85108,0.8511299999999999,536.0
2024-05-23 12:20:00,FX:EURGBP,0.8511299999999999,0.85133,0.8511,0.85129,596.0
2024-05-23 12:25:00,FX:EURGBP,0.85129,0.85136,0.85117,0.85117,618.0
2024-05-23 12:30:00,FX:EURGBP,0.85117,0.85134,0.85117,0.85134,640.0
2024-05-23 12:35:00,FX:EURGBP,0.85134,0.85138,0.8513,0.85133,877.0
2024-05-23 12:40:00,FX:EURGBP,0.85133,0.85137,0.85127,0.85133,956.0
2024-05-23 12:45:00,FX:EURGBP,0.85133,0.85145,0.85131,0.85141,723.0
2024-05-23 12:50:00,FX:EURGBP,0.85141,0.85162,0.8513499999999999,0.85149,932.0
2024-05-23 12:55:00,FX:EURGBP,0.85149,0.85169,0.85149,0.85161,884.0
2024-05-23 13:00:00,FX:EURGBP,0.85161,0.85164,0.8515199999999999,0.85163,923.0
2024-05-23 13:05:00,FX:EURGBP,0.85163,0.85168,0.8513999999999999,0.85141,720.0
2024-05-23 13:10:00,FX:EURGBP,0.85141,0.85149,0.85139,0.85147,965.0
2024-05-23 13:15:00,FX:EURGBP,0.85147,0.8515199999999999,0.85142,0.85151,850.0
2024-05-23 13:20:00,FX:EURGBP,0.85151,0.85159,0.85145,0.85151,954.0
2024-05-23 13:25:00,FX:EURGBP,0.85151,0.85153,0.85132,0.8513499999999999,710.0
2024-05-23 13:30:00,FX:EURGBP,0.8513499999999999,0.85143,0.85134,0.85138,980.0
2024-05-23 13:35:00,FX:EURGBP,0.85138,0.85139,0.85121,0.85123,641.0
2024-05-23 13:40:00,FX:EURGBP,0.85123,0.8515699999999999,0.85123,0.85156,583.0
2024-05-23 13:45:00,FX:EURGBP,0.85156,0.85167,0.85151,0.85151,704.0
2024-05-23 13:50:00,FX:EURGBP,0.85151,0.85166,0.85147,0.85166,465.0
2024-05-23 13:55:00,FX:EURGBP,0.85166,0.8517399999999999,0.85161,0.85171,484.0
2024-05-23 14:00:00,FX:EURGBP,0.85171,0.85177,0.85169,0.85173,491.0
2024-05-23 14:05:00,FX:EURGBP,0.85173,0.85173,0.85164,0.85169,665.0
2024-05-23 14:10:00,FX:EURGBP,0.85169,0.85173,0.8516,0.85165,504.0
2024-05-23 14:15:00,FX:EURGBP,0.85165,0.85173,0.85162,0.85171,676.0
2024-05-23 14:20:00,FX:EURGBP,0.85171,0.8517399999999999,0.85166,0.85166,432.0
2024-05-23 14:25:00,FX:EURGBP,0.85166,0.8517399999999999,0.85161,0.85173,543.0
2024-05-23 14:30:00,FX:EURGBP,0.85173,0.8517399999999999,0.85159,0.85161,500.0
2024-05-23 14:35:00,FX:EURGBP,0.85161,0.85165,0.85159,0.85161,430.0
2024-05-23 14:40:00,FX:EURGBP,0.85161,0.85167,0.85158,0.85162,515.0
2024-05-23 14:45:00,FX:EURGBP,0.85162,0.85166,0.8516,0.85166,587.0
2024-05-23 14:50:00,FX:EURGBP,0.85166,0.85172,0.85162,0.8517,469.0
2024-05-23 14:55:00,FX:EURGBP,0.8517,0.85173,0.85161,0.85163,517.0
2024-05-23 15:00:00,FX:EURGBP,0.85163,0.85163,0.85151,0.85162,310.0
2024-05-23 15:05:00,FX:EURGBP,0.85162,0.85164,0.85159,0.85161,192.0
2024-05-23 15:10:00,FX:EURGBP,0.85161,0.85162,0.8515699999999999,0.85158,183.0
2024-05-23 15:15:00,FX:EURGBP,0.85158,0.85166,0.8515699999999999,0.85164,179.0
2024-05-23 15:20:00,FX:EURGBP,0.85164,0.85167,0.85162,0.85166,114.0
2024-05-23 15:25:00,FX:EURGBP,0.85166,0.85168,0.85161,0.85168,137.0
2024-05-23 15:30:00,FX:EURGBP,0.85168,0.85172,0.85164,0.85167,190.0
2024-05-23 15:35:00,FX:EURGBP,0.85167,0.85171,0.85166,0.8517,128.0
2024-05-23 15:40:00,FX:EURGBP,0.8517,0.8517399999999999,0.85168,0.85168,130.0
2024-05-23 15:45:00,FX:EURGBP,0.85168,0.85169,0.85156,0.85163,166.0
2024-05-23 15:50:00,FX:EURGBP,0.85163,0.85163,0.85155,0.85162,119.0
2024-05-23 15:55:00,FX:EURGBP,0.85162,0.8517,0.85156,0.85161,292.0
2024-05-23 16:00:00,FX:EURGBP,0.85161,0.85161,0.85111,0.85121,11.0
2024-05-23 16:05:00,FX:EURGBP,0.85121,0.85147,0.85121,0.8513,154.0
2024-05-23 16:10:00,FX:EURGBP,0.8513,0.85154,0.8512,0.8515,100.0
2024-05-23 16:15:00,FX:EURGBP,0.8515,0.85154,0.85126,0.85149,145.0
2024-05-23 16:20:00,FX:EURGBP,0.85149,0.85164,0.85124,0.85164,152.0
2024-05-23 16:25:00,FX:EURGBP,0.85164,0.85168,0.8515699999999999,0.85164,180.0
2024-05-23 16:30:00,FX:EURGBP,0.85164,0.85167,0.85151,0.85162,200.0
2024-05-23 16:35:00,FX:EURGBP,0.85162,0.85166,0.85143,0.85161,327.0
2024-05-23 16:40:00,FX:EURGBP,0.85161,0.85176,0.85142,0.85148,469.0
2024-05-23 16:45:00,FX:EURGBP,0.85148,0.85171,0.85148,0.85151,380.0
2024-05-23 16:50:00,FX:EURGBP,0.85151,0.85188,0.85133,0.8516,384.0
2024-05-23 16:55:00,FX:EURGBP,0.8516,0.8517899999999999,0.85146,0.8515699999999999,243.0
2024-05-23 17:00:00,FX:EURGBP,0.8515699999999999,0.85172,0.85155,0.85167,225.0
2024-05-23 17:05:00,FX:EURGBP,0.85167,0.85172,0.85163,0.85168,161.0
2024-05-23 17:10:00,FX:EURGBP,0.85168,0.85168,0.8516,0.85163,117.0
2024-05-23 17:15:00,FX:EURGBP,0.85163,0.85167,0.85159,0.85165,100.0
2024-05-23 17:20:00,FX:EURGBP,0.85165,0.85171,0.85161,0.8517,65.0
2024-05-23 17:25:00,FX:EURGBP,0.8517,0.85172,0.85165,0.85172,48.0
2024-05-23 17:30:00,FX:EURGBP,0.85172,0.85173,0.85168,0.85171,57.0
2024-05-23 17:35:00,FX:EURGBP,0.85171,0.85172,0.85167,0.85169,58.0
2024-05-23 17:40:00,FX:EURGBP,0.85169,0.85173,0.85168,0.85172,76.0
2024-05-23 17:45:00,FX:EURGBP,0.85172,0.85173,0.85169,0.85169,67.0
2024-05-23 17:50:00,FX:EURGBP,0.85169,0.85173,0.85168,0.85172,57.0
2024-05-23 17:55:00,FX:EURGBP,0.85172,0.85177,0.85168,0.8517,69.0
2024-05-23 18:00:00,FX:EURGBP,0.8517,0.85177,0.85167,0.85176,51.0
2024-05-23 18:05:00,FX:EURGBP,0.85176,0.85178,0.85173,0.85177,36.0
2024-05-23 18:10:00,FX:EURGBP,0.85177,0.85178,0.85173,0.85177,50.0
2024-05-23 18:15:00,FX:EURGBP,0.85177,0.85182,0.85177,0.85181,51.0
2024-05-23 18:20:00,FX:EURGBP,0.85181,0.85183,0.8517399999999999,0.85178,104.0
2024-05-23 18:25:00,FX:EURGBP,0.85178,0.85181,0.85176,0.8517899999999999,66.0
2024-05-23 18:30:00,FX:EURGBP,0.8517899999999999,0.85181,0.85175,0.8517899999999999,63.0
2024-05-23 18:35:00,FX:EURGBP,0.8517899999999999,0.85183,0.85177,0.8518,60.0
2024-05-23 18:40:00,FX:EURGBP,0.8518,0.85182,0.85178,0.8517899999999999,56.0
2024-05-23 18:45:00,FX:EURGBP,0.8517899999999999,0.85182,0.8517899999999999,0.8518,72.0
2024-05-23 18:50:00,FX:EURGBP,0.8518,0.8518,0.85176,0.8518,61.0
2024-05-23 18:55:00,FX:EURGBP,0.8518,0.85181,0.85178,0.8517899999999999,74.0
2024-05-23 19:00:00,FX:EURGBP,0.8517899999999999,0.85182,0.85176,0.85177,196.0
2024-05-23 19:05:00,FX:EURGBP,0.85177,0.85177,0.8517,0.85172,310.0
2024-05-23 19:10:00,FX:EURGBP,0.85172,0.85176,0.85171,0.8517399999999999,220.0
2024-05-23 19:15:00,FX:EURGBP,0.8517399999999999,0.85175,0.85171,0.85172,258.0
2024-05-23 19:20:00,FX:EURGBP,0.85172,0.85173,0.85165,0.85167,415.0
2024-05-23 19:25:00,FX:EURGBP,0.85167,0.85168,0.85161,0.85166,198.0
2024-05-23 19:30:00,FX:EURGBP,0.85166,0.85175,0.85166,0.8517,258.0
2024-05-23 19:35:00,FX:EURGBP,0.8517,0.8517,0.85163,0.85164,289.0
2024-05-23 19:40:00,FX:EURGBP,0.85164,0.85168,0.85163,0.85165,366.0
2024-05-23 19:45:00,FX:EURGBP,0.85165,0.85173,0.85165,0.85169,307.0
2024-05-23 19:50:00,FX:EURGBP,0.85169,0.85169,0.85161,0.85166,393.0
2024-05-23 19:55:00,FX:EURGBP,0.85166,0.85168,0.85153,0.85162,365.0
2024-05-23 20:00:00,FX:EURGBP,0.85162,0.85162,0.85153,0.8516,280.0
2024-05-23 20:05:00,FX:EURGBP,0.8516,0.85175,0.8516,0.85172,428.0
2024-05-23 20:10:00,FX:EURGBP,0.85172,0.85181,0.85171,0.8517899999999999,354.0
2024-05-23 20:15:00,FX:EURGBP,0.8517899999999999,0.85182,0.8517399999999999,0.8517399999999999,350.0
2024-05-23 20:20:00,FX:EURGBP,0.8517399999999999,0.8517899999999999,0.85172,0.8517399999999999,245.0
2024-05-23 20:25:00,FX:EURGBP,0.8517399999999999,0.8518,0.85173,0.85178,243.0
2024-05-23 20:30:00,FX:EURGBP,0.85178,0.8517899999999999,0.85166,0.8517,220.0
2024-05-23 20:35:00,FX:EURGBP,0.8517,0.85171,0.85165,0.85168,320.0
2024-05-23 20:40:00,FX:EURGBP,0.85168,0.85169,0.85159,0.85162,463.0
2024-05-23 20:45:00,FX:EURGBP,0.85162,0.85165,0.85158,0.85158,274.0
2024-05-23 20:50:00,FX:EURGBP,0.85158,0.85163,0.8515699999999999,0.8516,194.0
2024-05-23 20:55:00,FX:EURGBP,0.8516,0.85167,0.85155,0.85159,369.0
2024-05-23 21:00:00,FX:EURGBP,0.85159,0.85172,0.85159,0.85166,273.0
2024-05-23 21:05:00,FX:EURGBP,0.85166,0.85167,0.85159,0.85162,346.0
2024-05-23 21:10:00,FX:EURGBP,0.85162,0.85167,0.8516,0.85167,432.0
2024-05-23 21:15:00,FX:EURGBP,0.85167,0.85167,0.85162,0.85162,327.0
2024-05-23 21:20:00,FX:EURGBP,0.85162,0.85165,0.85159,0.85159,266.0
2024-05-23 21:25:00,FX:EURGBP,0.85159,0.85162,0.8515699999999999,0.8515699999999999,274.0
2024-05-23 21:30:00,FX:EURGBP,0.8515699999999999,0.85162,0.85156,0.85161,291.0
2024-05-23 21:35:00,FX:EURGBP,0.85161,0.85163,0.85159,0.85162,205.0
2024-05-23 21:40:00,FX:EURGBP,0.85162,0.85175,0.85161,0.8517,275.0
2024-05-23 21:45:00,FX:EURGBP,0.8517,0.85172,0.85168,0.85169,130.0
2024-05-23 21:50:00,FX:EURGBP,0.85169,0.85169,0.85162,0.85168,135.0
2024-05-23 21:55:00,FX:EURGBP,0.85168,0.8517399999999999,0.85165,0.8517399999999999,79.0
2024-05-23 22:00:00,FX:EURGBP,0.8517399999999999,0.85181,0.85171,0.85175,180.0
2024-05-23 22:05:00,FX:EURGBP,0.85175,0.8517899999999999,0.85172,0.8517399999999999,171.0
2024-05-23 22:10:00,FX:EURGBP,0.8517399999999999,0.85175,0.85168,0.8517,124.0
2024-05-23 22:15:00,FX:EURGBP,0.8517,0.85172,0.85168,0.85171,143.0
2024-05-23 22:20:00,FX:EURGBP,0.85171,0.85176,0.85168,0.8517399999999999,128.0
2024-05-23 22:25:00,FX:EURGBP,0.8517399999999999,0.85175,0.8517,0.85171,148.0
2024-05-23 22:30:00,FX:EURGBP,0.85171,0.85172,0.85168,0.85172,188.0
2024-05-23 22:35:00,FX:EURGBP,0.85172,0.85175,0.8517,0.85172,161.0
2024-05-23 22:40:00,FX:EURGBP,0.85172,0.85175,0.85171,0.85173,113.0
2024-05-23 22:45:00,FX:EURGBP,0.85173,0.85177,0.85169,0.85176,130.0
2024-05-23 22:50:00,FX:EURGBP,0.85176,0.85176,0.85171,0.85172,73.0
2024-05-23 22:55:00,FX:EURGBP,0.85172,0.85172,0.85168,0.8517,77.0
2024-05-23 23:00:00,FX:EURGBP,0.8517,0.8517,0.85163,0.85169,180.0
2024-05-23 23:05:00,FX:EURGBP,0.85169,0.85173,0.85166,0.85168,199.0
2024-05-23 23:10:00,FX:EURGBP,0.85168,0.8517399999999999,0.85167,0.85167,163.0
2024-05-23 23:15:00,FX:EURGBP,0.85167,0.85171,0.85166,0.85169,163.0
2024-05-23 23:20:00,FX:EURGBP,0.85169,0.85173,0.85169,0.85171,261.0
2024-05-23 23:25:00,FX:EURGBP,0.85171,0.85175,0.8517,0.8517399999999999,94.0
2024-05-23 23:30:00,FX:EURGBP,0.8517399999999999,0.85176,0.8517,0.85176,136.0
2024-05-23 23:35:00,FX:EURGBP,0.85176,0.85177,0.8517399999999999,0.85176,154.0
2024-05-23 23:40:00,FX:EURGBP,0.85176,0.85176,0.85166,0.85167,61.0
2024-05-23 23:45:00,FX:EURGBP,0.85167,0.85168,0.85164,0.85167,51.0
2024-05-23 23:50:00,FX:EURGBP,0.85167,0.85168,0.85164,0.85167,135.0
2024-05-23 23:55:00,FX:EURGBP,0.85167,0.85171,0.85165,0.8517,78.0
2024-05-24 00:00:00,FX:EURGBP,0.8517,0.85173,0.85168,0.8517,154.0
2024-05-24 00:05:00,FX:EURGBP,0.8517,0.85176,0.85167,0.85175,149.0
2024-05-24 00:10:00,FX:EURGBP,0.85175,0.85175,0.85169,0.8517,225.0
2024-05-24 00:15:00,FX:EURGBP,0.8517,0.85173,0.85169,0.85172,206.0
2024-05-24 00:20:00,FX:EURGBP,0.85172,0.85172,0.85167,0.85171,188.0
2024-05-24 00:25:00,FX:EURGBP,0.85171,0.85176,0.8517,0.85175,153.0
2024-05-24 00:30:00,FX:EURGBP,0.85175,0.8518,0.85173,0.85176,174.0
2024-05-24 00:35:00,FX:EURGBP,0.85176,0.85183,0.85175,0.85181,163.0
2024-05-24 00:40:00,FX:EURGBP,0.85181,0.8519,0.8517899999999999,0.85187,153.0
2024-05-24 00:45:00,FX:EURGBP,0.85187,0.85192,0.85183,0.85184,129.0
2024-05-24 00:50:00,FX:EURGBP,0.85184,0.85193,0.85184,0.8519,231.0
2024-05-24 00:55:00,FX:EURGBP,0.8519,0.85202,0.85185,0.85186,409.0
2024-05-24 01:00:00,FX:EURGBP,0.85186,0.8528,0.85173,0.85198,1679.0
2024-05-24 01:05:00,FX:EURGBP,0.85198,0.85211,0.8517,0.8517,763.0
2024-05-24 01:10:00,FX:EURGBP,0.8517,0.85189,0.85167,0.85175,635.0
2024-05-24 01:15:00,FX:EURGBP,0.85175,0.85186,0.85172,0.85184,547.0
2024-05-24 01:20:00,FX:EURGBP,0.85184,0.85194,0.85183,0.85191,335.0
2024-05-24 01:25:00,FX:EURGBP,0.85191,0.85212,0.85184,0.85206,541.0
2024-05-24 01:30:00,FX:EURGBP,0.85206,0.85219,0.85205,0.85214,635.0
2024-05-24 01:35:00,FX:EURGBP,0.85214,0.85215,0.85205,0.85206,476.0
2024-05-24 01:40:00,FX:EURGBP,0.85206,0.8523499999999999,0.85205,0.85225,627.0
2024-05-24 01:45:00,FX:EURGBP,0.85225,0.85227,0.85211,0.8522,494.0
2024-05-24 01:50:00,FX:EURGBP,0.8522,0.85226,0.8521799999999999,0.8522,353.0
2024-05-24 01:55:00,FX:EURGBP,0.8522,0.8522,0.85183,0.85183,478.0
2024-05-24 02:00:00,FX:EURGBP,0.85183,0.85193,0.8517899999999999,0.85181,680.0
2024-05-24 02:05:00,FX:EURGBP,0.85181,0.8519599999999999,0.85181,0.85192,480.0
2024-05-24 02:10:00,FX:EURGBP,0.85192,0.8519599999999999,0.85168,0.85176,551.0
2024-05-24 02:15:00,FX:EURGBP,0.85176,0.8518,0.85161,0.8517899999999999,506.0
2024-05-24 02:20:00,FX:EURGBP,0.8517899999999999,0.85189,0.8517899999999999,0.85187,428.0
2024-05-24 02:25:00,FX:EURGBP,0.85187,0.85216,0.85184,0.85209,599.0
2024-05-24 02:30:00,FX:EURGBP,0.85209,0.85214,0.85192,0.8521299999999999,640.0
2024-05-24 02:35:00,FX:EURGBP,0.8521299999999999,0.85214,0.85192,0.85195,387.0
2024-05-24 02:40:00,FX:EURGBP,0.85195,0.85214,0.85193,0.85206,453.0
2024-05-24 02:45:00,FX:EURGBP,0.85206,0.85219,0.85206,0.85219,392.0
2024-05-24 02:50:00,FX:EURGBP,0.85219,0.8523499999999999,0.85216,0.8523,472.0
2024-05-24 02:55:00,FX:EURGBP,0.8523,0.85248,0.85229,0.85242,535.0
2024-05-24 03:00:00,FX:EURGBP,0.85242,0.85245,0.85203,0.85215,870.0
2024-05-24 03:05:00,FX:EURGBP,0.85215,0.85231,0.85214,0.85228,423.0
2024-05-24 03:10:00,FX:EURGBP,0.85228,0.85241,0.85226,0.85239,334.0
2024-05-24 03:15:00,FX:EURGBP,0.85239,0.8523999999999999,0.85212,0.85219,390.0
2024-05-24 03:20:00,FX:EURGBP,0.85219,0.8522,0.85193,0.8520099999999999,291.0
2024-05-24 03:25:00,FX:EURGBP,0.8520099999999999,0.85222,0.8520099999999999,0.85219,312.0
2024-05-24 03:30:00,FX:EURGBP,0.85219,0.8523999999999999,0.85217,0.85234,399.0
2024-05-24 03:35:00,FX:EURGBP,0.85234,0.85242,0.85219,0.8523,413.0
2024-05-24 03:40:00,FX:EURGBP,0.8523,0.85234,0.85208,0.8521799999999999,471.0
2024-05-24 03:45:00,FX:EURGBP,0.8521799999999999,0.8523,0.85215,0.85228,409.0
2024-05-24 03:50:00,FX:EURGBP,0.85228,0.8523,0.85207,0.85212,473.0
2024-05-24 03:55:00,FX:EURGBP,0.85212,0.85216,0.8519599999999999,0.85206,512.0
2024-05-24 04:00:00,FX:EURGBP,0.85206,0.85212,0.85202,0.85208,351.0
2024-05-24 04:05:00,FX:EURGBP,0.85208,0.8522,0.85208,0.8521799999999999,331.0
2024-05-24 04:10:00,FX:EURGBP,0.8521799999999999,0.85221,0.85208,0.8521,289.0
2024-05-24 04:15:00,FX:EURGBP,0.8521,0.85215,0.85203,0.85204,400.0
2024-05-24 04:20:00,FX:EURGBP,0.85204,0.85216,0.85193,0.85215,356.0
2024-05-24 04:25:00,FX:EURGBP,0.85215,0.85219,0.85204,0.85208,482.0
2024-05-24 04:30:00,FX:EURGBP,0.85208,0.85211,0.85204,0.85209,247.0
2024-05-24 04:35:00,FX:EURGBP,0.85209,0.85221,0.85207,0.85216,521.0
2024-05-24 04:40:00,FX:EURGBP,0.85216,0.85219,0.85207,0.8521799999999999,280.0
2024-05-24 04:45:00,FX:EURGBP,0.8521799999999999,0.85223,0.8521299999999999,0.85215,359.0
2024-05-24 04:50:00,FX:EURGBP,0.85215,0.8522,0.85211,0.85216,328.0
2024-05-24 04:55:00,FX:EURGBP,0.85216,0.85216,0.85203,0.85206,372.0
2024-05-24 05:00:00,FX:EURGBP,0.85206,0.85209,0.852,0.85204,354.0
2024-05-24 05:05:00,FX:EURGBP,0.85204,0.85209,0.8520099999999999,0.85205,352.0
2024-05-24 05:10:00,FX:EURGBP,0.85205,0.85212,0.85203,0.85205,346.0
2024-05-24 05:15:00,FX:EURGBP,0.85205,0.85215,0.8520099999999999,0.8521,346.0
2024-05-24 05:20:00,FX:EURGBP,0.8521,0.8521799999999999,0.85208,0.85215,386.0
2024-05-24 05:25:00,FX:EURGBP,0.85215,0.85227,0.8521299999999999,0.85219,247.0
2024-05-24 05:30:00,FX:EURGBP,0.85219,0.8523,0.85217,0.85229,332.0
2024-05-24 05:35:00,FX:EURGBP,0.85229,0.8523499999999999,0.8522,0.85224,363.0
2024-05-24 05:40:00,FX:EURGBP,0.85224,0.8523999999999999,0.85223,0.85233,302.0
2024-05-24 05:45:00,FX:EURGBP,0.85233,0.85243,0.85229,0.8523,241.0
2024-05-24 05:50:00,FX:EURGBP,0.8523,0.85241,0.85225,0.85229,326.0
2024-05-24 05:55:00,FX:EURGBP,0.85229,0.85229,0.85209,0.85212,441.0
2024-05-24 06:00:00,FX:EURGBP,0.85212,0.85233,0.85209,0.85223,462.0
2024-05-24 06:05:00,FX:EURGBP,0.85223,0.85224,0.8521299999999999,0.8521799999999999,308.0
2024-05-24 06:10:00,FX:EURGBP,0.8521799999999999,0.85219,0.85198,0.8521299999999999,498.0
2024-05-24 06:15:00,FX:EURGBP,0.8521299999999999,0.85227,0.85208,0.85219,483.0
2024-05-24 06:20:00,FX:EURGBP,0.85219,0.85231,0.85217,0.85229,457.0
2024-05-24 06:25:00,FX:EURGBP,0.85229,0.8523499999999999,0.85217,0.85224,363.0
2024-05-24 06:30:00,FX:EURGBP,0.85224,0.85226,0.85214,0.85215,229.0
2024-05-24 06:35:00,FX:EURGBP,0.85215,0.85224,0.8521,0.8521799999999999,257.0
2024-05-24 06:40:00,FX:EURGBP,0.8521799999999999,0.85224,0.85215,0.85222,193.0
2024-05-24 06:45:00,FX:EURGBP,0.85222,0.85237,0.85222,0.8523499999999999,264.0
2024-05-24 06:50:00,FX:EURGBP,0.8523499999999999,0.8523999999999999,0.8523,0.85239,222.0
2024-05-24 06:55:00,FX:EURGBP,0.85239,0.85253,0.85239,0.85245,341.0
2024-05-24 07:00:00,FX:EURGBP,0.85245,0.85246,0.85228,0.85244,624.0
2024-05-24 07:05:00,FX:EURGBP,0.85244,0.85246,0.85233,0.85243,356.0
2024-05-24 07:10:00,FX:EURGBP,0.85243,0.85249,0.85237,0.85241,520.0
2024-05-24 07:15:00,FX:EURGBP,0.85241,0.85251,0.85233,0.85247,533.0
2024-05-24 07:20:00,FX:EURGBP,0.85247,0.85277,0.85245,0.85273,576.0
2024-05-24 07:25:00,FX:EURGBP,0.85273,0.8528,0.8526199999999999,0.85267,409.0
2024-05-24 07:30:00,FX:EURGBP,0.85267,0.8529599999999999,0.85259,0.85287,1378.0
2024-05-24 07:35:00,FX:EURGBP,0.85287,0.85289,0.85268,0.85285,696.0
2024-05-24 07:40:00,FX:EURGBP,0.85285,0.85291,0.85271,0.85286,761.0
2024-05-24 07:45:00,FX:EURGBP,0.85286,0.85311,0.85284,0.85304,685.0
2024-05-24 07:50:00,FX:EURGBP,0.85304,0.8532,0.853,0.85306,639.0
2024-05-24 07:55:00,FX:EURGBP,0.85306,0.85321,0.85299,0.85308,645.0
2024-05-24 08:00:00,FX:EURGBP,0.85308,0.85308,0.85286,0.85306,1000.0
2024-05-24 08:05:00,FX:EURGBP,0.85306,0.85315,0.853,0.85314,678.0
2024-05-24 08:10:00,FX:EURGBP,0.85314,0.85314,0.85294,0.85295,623.0
2024-05-24 08:15:00,FX:EURGBP,0.85295,0.85303,0.85287,0.85287,702.0
2024-05-24 08:20:00,FX:EURGBP,0.85287,0.85297,0.85271,0.85273,526.0
2024-05-24 08:25:00,FX:EURGBP,0.85273,0.85275,0.85255,0.85256,711.0
2024-05-24 08:30:00,FX:EURGBP,0.85256,0.8526199999999999,0.85248,0.85248,859.0
2024-05-24 08:35:00,FX:EURGBP,0.85248,0.85256,0.85243,0.8525,837.0
2024-05-24 08:40:00,FX:EURGBP,0.8525,0.85255,0.85234,0.85234,781.0
2024-05-24 08:45:00,FX:EURGBP,0.85234,0.85249,0.85234,0.85246,720.0
2024-05-24 08:50:00,FX:EURGBP,0.85246,0.85266,0.85242,0.85266,556.0
2024-05-24 08:55:00,FX:EURGBP,0.85266,0.85271,0.85227,0.85227,671.0
2024-05-24 09:00:00,FX:EURGBP,0.85227,0.85259,0.85214,0.85258,1306.0
2024-05-24 09:05:00,FX:EURGBP,0.85258,0.85266,0.85236,0.85236,1082.0
2024-05-24 09:10:00,FX:EURGBP,0.85236,0.85239,0.8523,0.85236,685.0
2024-05-24 09:15:00,FX:EURGBP,0.85236,0.85241,0.85223,0.85225,679.0
2024-05-24 09:20:00,FX:EURGBP,0.85225,0.85226,0.85214,0.85216,653.0
2024-05-24 09:25:00,FX:EURGBP,0.85216,0.85229,0.85216,0.85225,529.0
2024-05-24 09:30:00,FX:EURGBP,0.85225,0.85247,0.85224,0.85239,698.0
2024-05-24 09:35:00,FX:EURGBP,0.85239,0.85239,0.85214,0.85222,716.0
2024-05-24 09:40:00,FX:EURGBP,0.85222,0.85224,0.85183,0.85185,681.0
2024-05-24 09:45:00,FX:EURGBP,0.85185,0.8519,0.85171,0.85183,588.0
2024-05-24 09:50:00,FX:EURGBP,0.85183,0.85185,0.8515,0.85154,614.0
2024-05-24 09:55:00,FX:EURGBP,0.85154,0.85173,0.85147,0.85151,835.0
2024-05-24 10:00:00,FX:EURGBP,0.85151,0.85173,0.85143,0.85146,719.0
2024-05-24 10:05:00,FX:EURGBP,0.85146,0.8515699999999999,0.8513499999999999,0.85146,628.0
2024-05-24 10:10:00,FX:EURGBP,0.85146,0.85151,0.85139,0.85147,541.0
2024-05-24 10:15:00,FX:EURGBP,0.85147,0.85151,0.85122,0.85123,477.0
2024-05-24 10:20:00,FX:EURGBP,0.85123,0.85136,0.85121,0.8513,468.0
2024-05-24 10:25:00,FX:EURGBP,0.8513,0.85155,0.85127,0.85155,476.0
2024-05-24 10:30:00,FX:EURGBP,0.85155,0.85162,0.8515,0.8515699999999999,386.0
2024-05-24 10:35:00,FX:EURGBP,0.8515699999999999,0.85173,0.85153,0.85159,727.0
2024-05-24 10:40:00,FX:EURGBP,0.85159,0.85168,0.85155,0.85163,393.0
2024-05-24 10:45:00,FX:EURGBP,0.85163,0.85163,0.85153,0.85156,392.0
2024-05-24 10:50:00,FX:EURGBP,0.85156,0.85175,0.85155,0.85173,301.0
2024-05-24 10:55:00,FX:EURGBP,0.85173,0.8517399999999999,0.8515,0.8515,332.0
2024-05-24 11:00:00,FX:EURGBP,0.8515,0.8516,0.85147,0.8515699999999999,307.0
2024-05-24 11:05:00,FX:EURGBP,0.8515699999999999,0.85166,0.8515699999999999,0.85161,394.0
2024-05-24 11:10:00,FX:EURGBP,0.85161,0.85161,0.85151,0.8515699999999999,425.0
2024-05-24 11:15:00,FX:EURGBP,0.8515699999999999,0.85165,0.85155,0.8516,269.0
2024-05-24 11:20:00,FX:EURGBP,0.8516,0.8517,0.85155,0.85165,271.0
2024-05-24 11:25:00,FX:EURGBP,0.85165,0.85171,0.85163,0.85168,312.0
2024-05-24 11:30:00,FX:EURGBP,0.85168,0.85168,0.85146,0.85161,313.0
2024-05-24 11:35:00,FX:EURGBP,0.85161,0.85186,0.85161,0.85185,301.0
2024-05-24 11:40:00,FX:EURGBP,0.85185,0.85192,0.8518,0.85191,252.0
2024-05-24 11:45:00,FX:EURGBP,0.85191,0.85192,0.8518,0.85182,240.0
2024-05-24 11:50:00,FX:EURGBP,0.85182,0.85184,0.85173,0.85173,360.0
2024-05-24 11:55:00,FX:EURGBP,0.85173,0.85191,0.85173,0.85186,548.0
2024-05-24 12:00:00,FX:EURGBP,0.85186,0.85194,0.85185,0.8519,289.0
2024-05-24 12:05:00,FX:EURGBP,0.8519,0.8519,0.8518,0.85183,189.0
2024-05-24 12:10:00,FX:EURGBP,0.85183,0.85186,0.85173,0.85175,263.0
2024-05-24 12:15:00,FX:EURGBP,0.85175,0.85187,0.8517399999999999,0.85186,217.0
2024-05-24 12:20:00,FX:EURGBP,0.85186,0.85187,0.85178,0.85185,153.0
2024-05-24 12:25:00,FX:EURGBP,0.85185,0.85185,0.85178,0.8518,175.0
2024-05-24 12:30:00,FX:EURGBP,0.8518,0.85188,0.85177,0.85184,211.0
2024-05-24 12:35:00,FX:EURGBP,0.85184,0.85186,0.85177,0.8517899999999999,131.0
2024-05-24 12:40:00,FX:EURGBP,0.8517899999999999,0.85181,0.85175,0.85181,120.0
2024-05-24 12:45:00,FX:EURGBP,0.85181,0.85188,0.85181,0.85185,174.0
2024-05-24 12:50:00,FX:EURGBP,0.85185,0.85192,0.85183,0.8519,260.0
2024-05-24 12:55:00,FX:EURGBP,0.8519,0.8519,0.85159,0.85167,650.0
2024-05-24 13:00:00,FX:EURGBP,0.85167,0.85176,0.85165,0.8517,366.0
2024-05-24 13:05:00,FX:EURGBP,0.8517,0.8517,0.85156,0.8516,253.0
2024-05-24 13:10:00,FX:EURGBP,0.8516,0.85162,0.85156,0.85162,212.0
2024-05-24 13:15:00,FX:EURGBP,0.85162,0.85162,0.85153,0.85154,223.0
2024-05-24 13:20:00,FX:EURGBP,0.85154,0.85164,0.85148,0.85164,312.0
2024-05-24 13:25:00,FX:EURGBP,0.85164,0.8517399999999999,0.85162,0.85173,240.0
2024-05-24 13:30:00,FX:EURGBP,0.85173,0.85175,0.85172,0.8517399999999999,340.0
2024-05-24 13:35:00,FX:EURGBP,0.8517399999999999,0.85175,0.85169,0.85169,294.0
2024-05-24 13:40:00,FX:EURGBP,0.85169,0.85176,0.85168,0.85175,303.0
2024-05-24 13:45:00,FX:EURGBP,0.85175,0.85176,0.8517,0.8517399999999999,202.0
2024-05-24 13:50:00,FX:EURGBP,0.8517399999999999,0.85184,0.8517399999999999,0.85184,240.0
2024-05-24 13:55:00,FX:EURGBP,0.85184,0.85189,0.85181,0.85186,301.0
2024-05-24 14:00:00,FX:EURGBP,0.85186,0.85186,0.85177,0.85183,501.0
2024-05-24 14:05:00,FX:EURGBP,0.85183,0.8519,0.8517899999999999,0.85186,419.0
2024-05-24 14:10:00,FX:EURGBP,0.85186,0.8519,0.85183,0.85185,326.0
2024-05-24 14:15:00,FX:EURGBP,0.85185,0.85192,0.85185,0.85185,65.0
2024-05-24 14:20:00,FX:EURGBP,0.85185,0.85188,0.85184,0.85186,197.0
2024-05-24 14:25:00,FX:EURGBP,0.85186,0.85187,0.8517899999999999,0.85181,248.0
2024-05-24 14:30:00,FX:EURGBP,0.85181,0.85186,0.8517899999999999,0.85183,305.0
2024-05-24 14:35:00,FX:EURGBP,0.85183,0.85184,0.85176,0.8517899999999999,226.0
2024-05-24 14:40:00,FX:EURGBP,0.8517899999999999,0.85181,0.85175,0.8518,112.0
2024-05-24 14:45:00,FX:EURGBP,0.8518,0.85186,0.8517899999999999,0.85182,260.0
2024-05-24 14:50:00,FX:EURGBP,0.85182,0.85184,0.85178,0.8517899999999999,282.0
2024-05-24 14:55:00,FX:EURGBP,0.8517899999999999,0.8518,0.85159,0.85161,362.0
2024-05-24 15:00:00,FX:EURGBP,0.85161,0.85166,0.8515699999999999,0.85165,171.0
2024-05-24 15:05:00,FX:EURGBP,0.85165,0.85167,0.85164,0.85165,90.0
2024-05-24 15:10:00,FX:EURGBP,0.85165,0.85171,0.85162,0.85167,112.0
2024-05-24 15:15:00,FX:EURGBP,0.85167,0.8517399999999999,0.85167,0.8517,117.0
2024-05-24 15:20:00,FX:EURGBP,0.8517,0.85173,0.85168,0.85172,140.0
2024-05-24 15:25:00,FX:EURGBP,0.85172,0.85177,0.85171,0.8517399999999999,149.0
2024-05-24 15:30:00,FX:EURGBP,0.8517399999999999,0.85175,0.85162,0.85166,129.0
2024-05-24 15:35:00,FX:EURGBP,0.85166,0.85168,0.85161,0.85168,113.0
2024-05-24 15:40:00,FX:EURGBP,0.85168,0.8517,0.85162,0.85169,93.0
2024-05-24 15:45:00,FX:EURGBP,0.85169,0.8517,0.85165,0.85169,57.0
2024-05-24 15:50:00,FX:EURGBP,0.85169,0.85176,0.85167,0.85167,140.0
2024-05-24 15:55:00,FX:EURGBP,0.85167,0.85167,0.85146,0.85147,189.0
2024-05-26 16:00:00,FX:EURGBP,0.85126,0.85129,0.85092,0.85129,4.0
2024-05-26 16:05:00,FX:EURGBP,0.85129,0.85134,0.85102,0.85115,108.0
2024-05-26 16:10:00,FX:EURGBP,0.85115,0.8513499999999999,0.85107,0.8511799999999999,68.0
2024-05-26 16:15:00,FX:EURGBP,0.8511799999999999,0.85119,0.85106,0.85117,88.0
2024-05-26 16:20:00,FX:EURGBP,0.85117,0.85126,0.85115,0.85121,38.0
2024-05-26 16:25:00,FX:EURGBP,0.85121,0.85128,0.85119,0.85122,63.0
2024-05-26 16:30:00,FX:EURGBP,0.85122,0.85139,0.85122,0.85139,60.0
2024-05-26 16:35:00,FX:EURGBP,0.85139,0.85146,0.85134,0.8513499999999999,68.0
2024-05-26 16:40:00,FX:EURGBP,0.8513499999999999,0.8513999999999999,0.85126,0.8513499999999999,41.0
2024-05-26 16:45:00,FX:EURGBP,0.8513499999999999,0.85139,0.85117,0.85134,63.0
2024-05-26 16:50:00,FX:EURGBP,0.85134,0.8513999999999999,0.85132,0.85137,45.0
2024-05-26 16:55:00,FX:EURGBP,0.85137,0.85139,0.85129,0.85131,46.0
2024-05-26 17:00:00,FX:EURGBP,0.85131,0.85161,0.85127,0.85161,255.0
2024-05-26 17:05:00,FX:EURGBP,0.85161,0.85164,0.85153,0.85164,111.0
2024-05-26 17:10:00,FX:EURGBP,0.85164,0.85166,0.85155,0.85156,39.0
2024-05-26 17:15:00,FX:EURGBP,0.85156,0.8515699999999999,0.8515,0.85153,66.0
2024-05-26 17:20:00,FX:EURGBP,0.85153,0.85153,0.8515,0.85151,39.0
2024-05-26 17:25:00,FX:EURGBP,0.85151,0.85151,0.85142,0.8515,68.0
2024-05-26 17:30:00,FX:EURGBP,0.8515,0.85159,0.8515,0.8515699999999999,122.0
2024-05-26 17:35:00,FX:EURGBP,0.8515699999999999,0.8516,0.85154,0.8515699999999999,51.0
2024-05-26 17:40:00,FX:EURGBP,0.8515699999999999,0.8516,0.85153,0.85159,59.0
2024-05-26 17:45:00,FX:EURGBP,0.85159,0.8516,0.85154,0.85158,47.0
2024-05-26 17:50:00,FX:EURGBP,0.85158,0.8516,0.85156,0.85158,42.0
2024-05-26 17:55:00,FX:EURGBP,0.85158,0.85161,0.85156,0.85161,31.0
2024-05-26 18:00:00,FX:EURGBP,0.85161,0.85168,0.8515699999999999,0.8516,159.0
2024-05-26 18:05:00,FX:EURGBP,0.8516,0.85162,0.85154,0.85162,153.0
2024-05-26 18:10:00,FX:EURGBP,0.85162,0.85163,0.85159,0.85161,139.0
2024-05-26 18:15:00,FX:EURGBP,0.85161,0.85163,0.85158,0.85162,101.0
2024-05-26 18:20:00,FX:EURGBP,0.85162,0.85168,0.8516,0.85166,88.0
2024-05-26 18:25:00,FX:EURGBP,0.85166,0.8517,0.85166,0.85169,56.0
2024-05-26 18:30:00,FX:EURGBP,0.85169,0.8517,0.85163,0.8517,132.0
2024-05-26 18:35:00,FX:EURGBP,0.8517,0.8517399999999999,0.85168,0.85172,110.0
2024-05-26 18:40:00,FX:EURGBP,0.85172,0.8517399999999999,0.85168,0.85173,216.0
2024-05-26 18:45:00,FX:EURGBP,0.85173,0.8517399999999999,0.85169,0.85171,119.0
2024-05-26 18:50:00,FX:EURGBP,0.85171,0.85173,0.85165,0.85171,182.0
2024-05-26 18:55:00,FX:EURGBP,0.85171,0.85178,0.8517,0.85178,202.0
2024-05-26 19:00:00,FX:EURGBP,0.85178,0.85178,0.85165,0.85168,342.0
2024-05-26 19:05:00,FX:EURGBP,0.85168,0.85172,0.85165,0.8517,316.0
2024-05-26 19:10:00,FX:EURGBP,0.8517,0.8517,0.85164,0.85168,369.0
2024-05-26 19:15:00,FX:EURGBP,0.85168,0.85169,0.8516,0.85163,343.0
2024-05-26 19:20:00,FX:EURGBP,0.85163,0.85168,0.8516,0.85167,307.0
2024-05-26 19:25:00,FX:EURGBP,0.85167,0.85172,0.85165,0.8517,173.0
2024-05-26 19:30:00,FX:EURGBP,0.8517,0.85175,0.85159,0.85168,298.0
2024-05-26 19:35:00,FX:EURGBP,0.85168,0.85171,0.85165,0.8517,296.0
2024-05-26 19:40:00,FX:EURGBP,0.8517,0.8517399999999999,0.85167,0.85173,277.0
2024-05-26 19:45:00,FX:EURGBP,0.85173,0.85176,0.85172,0.8517399999999999,187.0
2024-05-26 19:50:00,FX:EURGBP,0.8517399999999999,0.85175,0.8516,0.85163,270.0
2024-05-26 19:55:00,FX:EURGBP,0.85163,0.85169,0.85162,0.85168,241.0
2024-05-26 20:00:00,FX:EURGBP,0.85168,0.85168,0.85162,0.85167,347.0
2024-05-26 20:05:00,FX:EURGBP,0.85167,0.85168,0.85158,0.8516,325.0
2024-05-26 20:10:00,FX:EURGBP,0.8516,0.85163,0.85158,0.85162,215.0
2024-05-26 20:15:00,FX:EURGBP,0.85162,0.85168,0.8516,0.85166,427.0
2024-05-26 20:20:00,FX:EURGBP,0.85166,0.85171,0.85166,0.85166,299.0
2024-05-26 20:25:00,FX:EURGBP,0.85166,0.85168,0.85163,0.85168,288.0
2024-05-26 20:30:00,FX:EURGBP,0.85168,0.85168,0.85161,0.85166,382.0
2024-05-26 20:35:00,FX:EURGBP,0.85166,0.85167,0.8516,0.85166,278.0
2024-05-26 20:40:00,FX:EURGBP,0.85166,0.85167,0.85161,0.85165,211.0
2024-05-26 20:45:00,FX:EURGBP,0.85165,0.85166,0.85158,0.85163,206.0
2024-05-26 20:50:00,FX:EURGBP,0.85163,0.85166,0.85161,0.85162,345.0
2024-05-26 20:55:00,FX:EURGBP,0.85162,0.85163,0.85154,0.85155,411.0
2024-05-26 21:00:00,FX:EURGBP,0.85155,0.85161,0.85153,0.8516,270.0
2024-05-26 21:05:00,FX:EURGBP,0.8516,0.8516,0.85154,0.8515699999999999,136.0
2024-05-26 21:10:00,FX:EURGBP,0.8515699999999999,0.85161,0.85156,0.85158,107.0
2024-05-26 21:15:00,FX:EURGBP,0.85158,0.8516,0.85156,0.8516,98.0
2024-05-26 21:20:00,FX:EURGBP,0.8516,0.8516,0.85156,0.85158,171.0
2024-05-26 21:25:00,FX:EURGBP,0.85158,0.8516,0.85153,0.85155,207.0
2024-05-26 21:30:00,FX:EURGBP,0.85155,0.85161,0.85154,0.85159,146.0
2024-05-26 21:35:00,FX:EURGBP,0.85159,0.85159,0.85153,0.85155,191.0
2024-05-26 21:40:00,FX:EURGBP,0.85155,0.8516,0.85153,0.85155,149.0
2024-05-26 21:45:00,FX:EURGBP,0.85155,0.85156,0.85154,0.85154,165.0
2024-05-26 21:50:00,FX:EURGBP,0.85154,0.85155,0.85153,0.85155,80.0
2024-05-26 21:55:00,FX:EURGBP,0.85155,0.85158,0.85154,0.85155,92.0
2024-05-26 22:00:00,FX:EURGBP,0.85155,0.8515699999999999,0.85154,0.85155,161.0
2024-05-26 22:05:00,FX:EURGBP,0.85155,0.8515699999999999,0.85153,0.85156,267.0
2024-05-26 22:10:00,FX:EURGBP,0.85156,0.85156,0.85153,0.85154,319.0
2024-05-26 22:15:00,FX:EURGBP,0.85154,0.85164,0.85154,0.85156,416.0
2024-05-26 22:20:00,FX:EURGBP,0.85156,0.85162,0.85155,0.85161,269.0
2024-05-26 22:25:00,FX:EURGBP,0.85161,0.85162,0.85154,0.85155,281.0
2024-05-26 22:30:00,FX:EURGBP,0.85155,0.85161,0.85154,0.85156,249.0
2024-05-26 22:35:00,FX:EURGBP,0.85156,0.85158,0.85154,0.85158,191.0
2024-05-26 22:40:00,FX:EURGBP,0.85158,0.85159,0.85156,0.85158,177.0
2024-05-26 22:45:00,FX:EURGBP,0.85158,0.85159,0.85147,0.85149,237.0
2024-05-26 22:50:00,FX:EURGBP,0.85149,0.8515,0.85144,0.85146,376.0
2024-05-26 22:55:00,FX:EURGBP,0.85146,0.85147,0.8513999999999999,0.85144,268.0
2024-05-26 23:00:00,FX:EURGBP,0.85144,0.85145,0.85139,0.85143,233.0
2024-05-26 23:05:00,FX:EURGBP,0.85143,0.85144,0.85139,0.85142,198.0
2024-05-26 23:10:00,FX:EURGBP,0.85142,0.85144,0.85138,0.85143,289.0
2024-05-26 23:15:00,FX:EURGBP,0.85143,0.85144,0.85137,0.85139,241.0
2024-05-26 23:20:00,FX:EURGBP,0.85139,0.85141,0.85137,0.85139,190.0
2024-05-26 23:25:00,FX:EURGBP,0.85139,0.85142,0.85137,0.85141,180.0
2024-05-26 23:30:00,FX:EURGBP,0.85141,0.85143,0.85139,0.8513999999999999,258.0
2024-05-26 23:35:00,FX:EURGBP,0.8513999999999999,0.85142,0.85137,0.85141,216.0
2024-05-26 23:40:00,FX:EURGBP,0.85141,0.85145,0.85139,0.85144,142.0
2024-05-26 23:45:00,FX:EURGBP,0.85144,0.85145,0.85141,0.85143,155.0
2024-05-26 23:50:00,FX:EURGBP,0.85143,0.85147,0.85141,0.85141,191.0
2024-05-26 23:55:00,FX:EURGBP,0.85141,0.85143,0.85138,0.85138,164.0
2024-05-27 00:00:00,FX:EURGBP,0.85138,0.85139,0.85134,0.85137,300.0
2024-05-27 00:05:00,FX:EURGBP,0.85137,0.8513999999999999,0.85134,0.85134,241.0
2024-05-27 00:10:00,FX:EURGBP,0.85134,0.85138,0.85134,0.85136,188.0
2024-05-27 00:15:00,FX:EURGBP,0.85136,0.85143,0.85136,0.85143,232.0
2024-05-27 00:20:00,FX:EURGBP,0.85143,0.85148,0.85139,0.85147,382.0
2024-05-27 00:25:00,FX:EURGBP,0.85147,0.85149,0.85141,0.85146,301.0
2024-05-27 00:30:00,FX:EURGBP,0.85146,0.85148,0.85142,0.85144,191.0
2024-05-27 00:35:00,FX:EURGBP,0.85144,0.85148,0.85141,0.85143,191.0
2024-05-27 00:40:00,FX:EURGBP,0.85143,0.85147,0.85142,0.85144,110.0
2024-05-27 00:45:00,FX:EURGBP,0.85144,0.85151,0.85144,0.8515,283.0
2024-05-27 00:50:00,FX:EURGBP,0.8515,0.85154,0.85148,0.8515,344.0
2024-05-27 00:55:00,FX:EURGBP,0.8515,0.85153,0.85143,0.85146,392.0
2024-05-27 01:00:00,FX:EURGBP,0.85146,0.8515,0.8513999999999999,0.85145,663.0
2024-05-27 01:05:00,FX:EURGBP,0.85145,0.8515699999999999,0.85145,0.85151,478.0
2024-05-27 01:10:00,FX:EURGBP,0.85151,0.85156,0.85145,0.85149,760.0
2024-05-27 01:15:00,FX:EURGBP,0.85149,0.85151,0.8513999999999999,0.8513999999999999,507.0
2024-05-27 01:20:00,FX:EURGBP,0.8513999999999999,0.85144,0.85133,0.8513499999999999,424.0
2024-05-27 01:25:00,FX:EURGBP,0.8513499999999999,0.85139,0.85127,0.85128,437.0
2024-05-27 01:30:00,FX:EURGBP,0.85128,0.85129,0.85119,0.85127,418.0
2024-05-27 01:35:00,FX:EURGBP,0.85127,0.85132,0.85125,0.8513,278.0
2024-05-27 01:40:00,FX:EURGBP,0.8513,0.85138,0.85128,0.85136,347.0
2024-05-27 01:45:00,FX:EURGBP,0.85136,0.85139,0.85131,0.8513499999999999,248.0
2024-05-27 01:50:00,FX:EURGBP,0.8513499999999999,0.8513999999999999,0.85124,0.85138,340.0
2024-05-27 01:55:00,FX:EURGBP,0.85138,0.85155,0.85137,0.85153,482.0
2024-05-27 02:00:00,FX:EURGBP,0.85153,0.85156,0.85129,0.85132,568.0
2024-05-27 02:05:00,FX:EURGBP,0.85132,0.85136,0.8511799999999999,0.85129,483.0
2024-05-27 02:10:00,FX:EURGBP,0.85129,0.8513499999999999,0.85122,0.85132,441.0
2024-05-27 02:15:00,FX:EURGBP,0.85132,0.8513499999999999,0.85124,0.85131,392.0
2024-05-27 02:20:00,FX:EURGBP,0.85131,0.8513999999999999,0.85126,0.85126,365.0
2024-05-27 02:25:00,FX:EURGBP,0.85126,0.85132,0.85115,0.85123,479.0
2024-05-27 02:30:00,FX:EURGBP,0.85123,0.8515,0.85123,0.85144,519.0
2024-05-27 02:35:00,FX:EURGBP,0.85144,0.85159,0.85143,0.85154,377.0
2024-05-27 02:40:00,FX:EURGBP,0.85154,0.85164,0.8515,0.85158,342.0
2024-05-27 02:45:00,FX:EURGBP,0.85158,0.85164,0.8515699999999999,0.85159,436.0
2024-05-27 02:50:00,FX:EURGBP,0.85159,0.85161,0.85151,0.85154,345.0
2024-05-27 02:55:00,FX:EURGBP,0.85154,0.85164,0.85153,0.85155,275.0
2024-05-27 03:00:00,FX:EURGBP,0.85155,0.85166,0.85146,0.85163,767.0
2024-05-27 03:05:00,FX:EURGBP,0.85163,0.85176,0.85158,0.85173,613.0
2024-05-27 03:10:00,FX:EURGBP,0.85173,0.85177,0.85161,0.85161,396.0
2024-05-27 03:15:00,FX:EURGBP,0.85161,0.85165,0.8513999999999999,0.85141,545.0
2024-05-27 03:20:00,FX:EURGBP,0.85141,0.85144,0.85134,0.85143,467.0
2024-05-27 03:25:00,FX:EURGBP,0.85143,0.8515,0.85142,0.85145,357.0
2024-05-27 03:30:00,FX:EURGBP,0.85145,0.85147,0.85136,0.85147,211.0
2024-05-27 03:35:00,FX:EURGBP,0.85147,0.85149,0.85139,0.85141,212.0
2024-05-27 03:40:00,FX:EURGBP,0.85141,0.85151,0.85137,0.85143,444.0
2024-05-27 03:45:00,FX:EURGBP,0.85143,0.85149,0.8513999999999999,0.85144,369.0
2024-05-27 03:50:00,FX:EURGBP,0.85144,0.85146,0.8513499999999999,0.85136,330.0
2024-05-27 03:55:00,FX:EURGBP,0.85136,0.85146,0.85133,0.85146,415.0
2024-05-27 04:00:00,FX:EURGBP,0.85146,0.85146,0.85137,0.85142,369.0
2024-05-27 04:05:00,FX:EURGBP,0.85142,0.85164,0.85142,0.8515,411.0
2024-05-27 04:10:00,FX:EURGBP,0.8515,0.85155,0.85145,0.85145,454.0
2024-05-27 04:15:00,FX:EURGBP,0.85145,0.85146,0.85139,0.85142,287.0
2024-05-27 04:20:00,FX:EURGBP,0.85142,0.8515199999999999,0.85138,0.8515,270.0
2024-05-27 04:25:00,FX:EURGBP,0.8515,0.85158,0.85142,0.8515199999999999,426.0
2024-05-27 04:30:00,FX:EURGBP,0.8515199999999999,0.85159,0.85148,0.85159,327.0
2024-05-27 04:35:00,FX:EURGBP,0.85159,0.8517,0.85158,0.85169,342.0
2024-05-27 04:40:00,FX:EURGBP,0.85169,0.85171,0.8515699999999999,0.8516,319.0
2024-05-27 04:45:00,FX:EURGBP,0.8516,0.8517399999999999,0.8516,0.85169,773.0
2024-05-27 04:50:00,FX:EURGBP,0.85169,0.85188,0.85168,0.85185,685.0
2024-05-27 04:55:00,FX:EURGBP,0.85185,0.8520099999999999,0.85185,0.85194,810.0
2024-05-27 05:00:00,FX:EURGBP,0.85194,0.85194,0.85161,0.85167,698.0
2024-05-27 05:05:00,FX:EURGBP,0.85167,0.85171,0.85155,0.85156,447.0
2024-05-27 05:10:00,FX:EURGBP,0.85156,0.8516,0.85139,0.85141,344.0
2024-05-27 05:15:00,FX:EURGBP,0.85141,0.8515,0.8513499999999999,0.85136,381.0
2024-05-27 05:20:00,FX:EURGBP,0.85136,0.8513999999999999,0.85134,0.85138,356.0
2024-05-27 05:25:00,FX:EURGBP,0.85138,0.85138,0.8513,0.85133,345.0
2024-05-27 05:30:00,FX:EURGBP,0.85133,0.85144,0.85131,0.8513999999999999,357.0
2024-05-27 05:35:00,FX:EURGBP,0.8513999999999999,0.85149,0.85139,0.85148,223.0
2024-05-27 05:40:00,FX:EURGBP,0.85148,0.85151,0.85142,0.8515,310.0
2024-05-27 05:45:00,FX:EURGBP,0.8515,0.85167,0.8515,0.85159,399.0
2024-05-27 05:50:00,FX:EURGBP,0.85159,0.8517,0.85156,0.85161,333.0
2024-05-27 05:55:00,FX:EURGBP,0.85161,0.8517,0.8516,0.85161,338.0
2024-05-27 06:00:00,FX:EURGBP,0.85161,0.85172,0.85153,0.85153,418.0
2024-05-27 06:05:00,FX:EURGBP,0.85153,0.85155,0.85143,0.85145,247.0
2024-05-27 06:10:00,FX:EURGBP,0.85145,0.85158,0.85143,0.8515699999999999,228.0
2024-05-27 06:15:00,FX:EURGBP,0.8515699999999999,0.85163,0.85153,0.85162,290.0
2024-05-27 06:20:00,FX:EURGBP,0.85162,0.85163,0.85147,0.85147,391.0
2024-05-27 06:25:00,FX:EURGBP,0.85147,0.85154,0.85146,0.85148,274.0
2024-05-27 06:30:00,FX:EURGBP,0.85148,0.85151,0.85138,0.85141,354.0
2024-05-27 06:35:00,FX:EURGBP,0.85141,0.85146,0.85131,0.85141,425.0
2024-05-27 06:40:00,FX:EURGBP,0.85141,0.8515,0.85139,0.85148,335.0
2024-05-27 06:45:00,FX:EURGBP,0.85148,0.85158,0.85146,0.8515199999999999,389.0
2024-05-27 06:50:00,FX:EURGBP,0.8515199999999999,0.85159,0.85149,0.8515699999999999,377.0
2024-05-27 06:55:00,FX:EURGBP,0.8515699999999999,0.85158,0.8513999999999999,0.85144,722.0
2024-05-27 07:00:00,FX:EURGBP,0.85144,0.85151,0.85082,0.85098,1831.0
2024-05-27 07:05:00,FX:EURGBP,0.85098,0.85098,0.85058,0.85069,972.0
2024-05-27 07:10:00,FX:EURGBP,0.85069,0.85099,0.85063,0.85093,719.0
2024-05-27 07:15:00,FX:EURGBP,0.85093,0.85098,0.85084,0.85094,802.0
2024-05-27 07:20:00,FX:EURGBP,0.85094,0.85104,0.85089,0.8509,816.0
2024-05-27 07:25:00,FX:EURGBP,0.8509,0.85101,0.85084,0.85095,724.0
2024-05-27 07:30:00,FX:EURGBP,0.85095,0.8509599999999999,0.85072,0.8507899999999999,743.0
2024-05-27 07:35:00,FX:EURGBP,0.8507899999999999,0.8508,0.85068,0.8508,748.0
2024-05-27 07:40:00,FX:EURGBP,0.8508,0.85084,0.85066,0.85069,682.0
2024-05-27 07:45:00,FX:EURGBP,0.85069,0.85077,0.85062,0.85065,595.0
2024-05-27 07:50:00,FX:EURGBP,0.85065,0.85066,0.85046,0.85046,628.0
2024-05-27 07:55:00,FX:EURGBP,0.85046,0.85053,0.85038,0.85045,668.0
2024-05-27 08:00:00,FX:EURGBP,0.85045,0.85055,0.85043,0.85053,730.0
2024-05-27 08:05:00,FX:EURGBP,0.85053,0.85061,0.8503999999999999,0.85045,595.0
2024-05-27 08:10:00,FX:EURGBP,0.85045,0.85045,0.85021,0.85028,691.0
2024-05-27 08:15:00,FX:EURGBP,0.85028,0.85031,0.84999,0.84999,688.0
2024-05-27 08:20:00,FX:EURGBP,0.84999,0.85,0.8497899999999999,0.84995,789.0
2024-05-27 08:25:00,FX:EURGBP,0.84995,0.84999,0.84977,0.84993,683.0
2024-05-27 08:30:00,FX:EURGBP,0.84993,0.8499599999999999,0.8497899999999999,0.84982,749.0
2024-05-27 08:35:00,FX:EURGBP,0.84982,0.84994,0.84972,0.84982,655.0
2024-05-27 08:40:00,FX:EURGBP,0.84982,0.84999,0.8497899999999999,0.84997,440.0
2024-05-27 08:45:00,FX:EURGBP,0.84997,0.85027,0.84997,0.85025,553.0
2024-05-27 08:50:00,FX:EURGBP,0.85025,0.85029,0.85014,0.85015,489.0
2024-05-27 08:55:00,FX:EURGBP,0.85015,0.85016,0.85005,0.85009,706.0
2024-05-27 09:00:00,FX:EURGBP,0.85009,0.8501299999999999,0.85001,0.85002,534.0
2024-05-27 09:05:00,FX:EURGBP,0.85002,0.85007,0.84998,0.85005,729.0
2024-05-27 09:10:00,FX:EURGBP,0.85005,0.85005,0.84989,0.8499099999999999,548.0
2024-05-27 09:15:00,FX:EURGBP,0.8499099999999999,0.84997,0.84987,0.8499,604.0
2024-05-27 09:20:00,FX:EURGBP,0.8499,0.84992,0.84972,0.84978,509.0
2024-05-27 09:25:00,FX:EURGBP,0.84978,0.84978,0.84965,0.84973,586.0
2024-05-27 09:30:00,FX:EURGBP,0.84973,0.84981,0.8497,0.84977,540.0
2024-05-27 09:35:00,FX:EURGBP,0.84977,0.84986,0.84973,0.84981,493.0
2024-05-27 09:40:00,FX:EURGBP,0.84981,0.84985,0.84978,0.8497899999999999,363.0
2024-05-27 09:45:00,FX:EURGBP,0.8497899999999999,0.84986,0.84978,0.84985,382.0
2024-05-27 09:50:00,FX:EURGBP,0.84985,0.84995,0.84983,0.8499,495.0
2024-05-27 09:55:00,FX:EURGBP,0.8499,0.84999,0.8498,0.84982,604.0
2024-05-27 10:00:00,FX:EURGBP,0.84982,0.8499,0.84977,0.84982,558.0
2024-05-27 10:05:00,FX:EURGBP,0.84982,0.84987,0.84976,0.84984,472.0
2024-05-27 10:10:00,FX:EURGBP,0.84984,0.8499099999999999,0.84982,0.8499,455.0
2024-05-27 10:15:00,FX:EURGBP,0.8499,0.84999,0.84985,0.8499,409.0
2024-05-27 10:20:00,FX:EURGBP,0.8499,0.84997,0.84988,0.8499099999999999,290.0
2024-05-27 10:25:00,FX:EURGBP,0.8499099999999999,0.84997,0.8499,0.84995,238.0
2024-05-27 10:30:00,FX:EURGBP,0.84995,0.84997,0.84992,0.8499599999999999,290.0
2024-05-27 10:35:00,FX:EURGBP,0.8499599999999999,0.85001,0.84995,0.8499599999999999,327.0
2024-05-27 10:40:00,FX:EURGBP,0.8499599999999999,0.85015,0.8499599999999999,0.85014,398.0
2024-05-27 10:45:00,FX:EURGBP,0.85014,0.85017,0.85009,0.85014,218.0
2024-05-27 10:50:00,FX:EURGBP,0.85014,0.85038,0.85014,0.8503,300.0
2024-05-27 10:55:00,FX:EURGBP,0.8503,0.85034,0.85024,0.85026,299.0
2024-05-27 11:00:00,FX:EURGBP,0.85026,0.85029,0.8501299999999999,0.85025,447.0
2024-05-27 11:05:00,FX:EURGBP,0.85025,0.85027,0.85019,0.85024,292.0
2024-05-27 11:10:00,FX:EURGBP,0.85024,0.85031,0.85021,0.85031,196.0
2024-05-27 11:15:00,FX:EURGBP,0.85031,0.85037,0.85028,0.85036,119.0
2024-05-27 11:20:00,FX:EURGBP,0.85036,0.85036,0.85032,0.85034,149.0
2024-05-27 11:25:00,FX:EURGBP,0.85034,0.8503499999999999,0.8503,0.85032,163.0
2024-05-27 11:30:00,FX:EURGBP,0.85032,0.85037,0.8503,0.85036,199.0
2024-05-27 11:35:00,FX:EURGBP,0.85036,0.85042,0.85028,0.85042,173.0
2024-05-27 11:40:00,FX:EURGBP,0.85042,0.85043,0.85026,0.8503,258.0
2024-05-27 11:45:00,FX:EURGBP,0.8503,0.85038,0.85028,0.85037,89.0
2024-05-27 11:50:00,FX:EURGBP,0.85037,0.85046,0.8503499999999999,0.85042,166.0
2024-05-27 11:55:00,FX:EURGBP,0.85042,0.85044,0.8503499999999999,0.85043,300.0
2024-05-27 12:00:00,FX:EURGBP,0.85043,0.85043,0.85025,0.85027,293.0
2024-05-27 12:05:00,FX:EURGBP,0.85027,0.8503499999999999,0.8502,0.85033,454.0
2024-05-27 12:10:00,FX:EURGBP,0.85033,0.85039,0.85028,0.85036,1340.0
2024-05-27 12:15:00,FX:EURGBP,0.85036,0.85043,0.85031,0.85041,1402.0
2024-05-27 12:20:00,FX:EURGBP,0.85041,0.8505199999999999,0.85036,0.85048,957.0
2024-05-27 12:25:00,FX:EURGBP,0.85048,0.8505,0.85046,0.85047,149.0
2024-05-27 12:30:00,FX:EURGBP,0.85047,0.85049,0.8503999999999999,0.85048,196.0
2024-05-27 12:35:00,FX:EURGBP,0.85048,0.8505,0.8503999999999999,0.85041,228.0
2024-05-27 12:40:00,FX:EURGBP,0.85041,0.85042,0.8503,0.85036,137.0
2024-05-27 12:45:00,FX:EURGBP,0.85036,0.85036,0.85031,0.85031,134.0
2024-05-27 12:50:00,FX:EURGBP,0.85031,0.85032,0.85026,0.85027,127.0
2024-05-27 12:55:00,FX:EURGBP,0.85027,0.85027,0.85022,0.85025,178.0
2024-05-27 13:00:00,FX:EURGBP,0.85025,0.85025,0.85022,0.85023,97.0
2024-05-27 13:05:00,FX:EURGBP,0.85023,0.85026,0.85022,0.85025,126.0
2024-05-27 13:10:00,FX:EURGBP,0.85025,0.85026,0.85024,0.85025,52.0
2024-05-27 13:15:00,FX:EURGBP,0.85025,0.8503,0.8502,0.85029,213.0
2024-05-27 13:20:00,FX:EURGBP,0.85029,0.8503,0.85021,0.85024,217.0
2024-05-27 13:25:00,FX:EURGBP,0.85024,0.85032,0.85023,0.8503,188.0
2024-05-27 13:30:00,FX:EURGBP,0.8503,0.85033,0.85029,0.85032,50.0
2024-05-27 13:35:00,FX:EURGBP,0.85032,0.85033,0.8503,0.85031,54.0
2024-05-27 13:40:00,FX:EURGBP,0.85031,0.85032,0.85025,0.85026,389.0
2024-05-27 13:45:00,FX:EURGBP,0.85026,0.85034,0.85026,0.85032,127.0
2024-05-27 13:50:00,FX:EURGBP,0.85032,0.85032,0.85028,0.85029,75.0
2024-05-27 13:55:00,FX:EURGBP,0.85029,0.85032,0.85029,0.8503,48.0
2024-05-27 14:00:00,FX:EURGBP,0.8503,0.85032,0.85029,0.85031,311.0
2024-05-27 14:05:00,FX:EURGBP,0.85031,0.85033,0.85031,0.85033,136.0
2024-05-27 14:10:00,FX:EURGBP,0.85033,0.8503999999999999,0.8503,0.85039,117.0
2024-05-27 14:15:00,FX:EURGBP,0.85039,0.85042,0.8503499999999999,0.85041,70.0
2024-05-27 14:20:00,FX:EURGBP,0.85041,0.85042,0.85039,0.85042,77.0
2024-05-27 14:25:00,FX:EURGBP,0.85042,0.85042,0.85025,0.85025,160.0
2024-05-27 14:30:00,FX:EURGBP,0.85025,0.85031,0.85024,0.85031,202.0
2024-05-27 14:35:00,FX:EURGBP,0.85031,0.85032,0.85025,0.8503,163.0
2024-05-27 14:40:00,FX:EURGBP,0.8503,0.85033,0.85029,0.85032,91.0
2024-05-27 14:45:00,FX:EURGBP,0.85032,0.85036,0.85032,0.8503499999999999,37.0
2024-05-27 14:50:00,FX:EURGBP,0.8503499999999999,0.8503499999999999,0.85023,0.85026,176.0
2024-05-27 14:55:00,FX:EURGBP,0.85026,0.85034,0.85025,0.85032,80.0
2024-05-27 15:00:00,FX:EURGBP,0.85032,0.85034,0.85031,0.85034,94.0
2024-05-27 15:05:00,FX:EURGBP,0.85034,0.85036,0.85031,0.85036,85.0
2024-05-27 15:10:00,FX:EURGBP,0.85036,0.85036,0.85034,0.85036,83.0
2024-05-27 15:15:00,FX:EURGBP,0.85036,0.85037,0.85036,0.85037,74.0
2024-05-27 15:20:00,FX:EURGBP,0.85037,0.85041,0.85037,0.8503999999999999,98.0
2024-05-27 15:25:00,FX:EURGBP,0.8503999999999999,0.85048,0.8503499999999999,0.85037,153.0
2024-05-27 15:30:00,FX:EURGBP,0.85037,0.85045,0.8503499999999999,0.85044,44.0
2024-05-27 15:35:00,FX:EURGBP,0.85044,0.85046,0.85043,0.85043,64.0
2024-05-27 15:40:00,FX:EURGBP,0.85043,0.85045,0.8503999999999999,0.85045,79.0
2024-05-27 15:45:00,FX:EURGBP,0.85045,0.85048,0.85042,0.85047,77.0
2024-05-27 15:50:00,FX:EURGBP,0.85047,0.85048,0.85042,0.85045,154.0
2024-05-27 15:55:00,FX:EURGBP,0.85045,0.85046,0.84992,0.8499599999999999,124.0
2024-05-27 16:00:00,FX:EURGBP,0.8499599999999999,0.8501299999999999,0.8499,0.8501299999999999,22.0
2024-05-27 16:05:00,FX:EURGBP,0.8501299999999999,0.85036,0.84981,0.85014,6422.0
2024-05-27 16:10:00,FX:EURGBP,0.85014,0.85043,0.85009,0.85033,301.0
2024-05-27 16:15:00,FX:EURGBP,0.85033,0.85049,0.85031,0.85037,264.0
2024-05-27 16:20:00,FX:EURGBP,0.85037,0.85044,0.85029,0.8503,147.0
2024-05-27 16:25:00,FX:EURGBP,0.8503,0.85036,0.85021,0.85026,143.0
2024-05-27 16:30:00,FX:EURGBP,0.85026,0.85029,0.85009,0.8501299999999999,322.0
2024-05-27 16:35:00,FX:EURGBP,0.8501299999999999,0.85023,0.85004,0.85012,708.0
2024-05-27 16:40:00,FX:EURGBP,0.85012,0.85038,0.85003,0.85032,1440.0
2024-05-27 16:45:00,FX:EURGBP,0.85032,0.8503499999999999,0.85025,0.85028,133.0
2024-05-27 16:50:00,FX:EURGBP,0.85028,0.85034,0.85004,0.8501299999999999,357.0
2024-05-27 16:55:00,FX:EURGBP,0.8501299999999999,0.85017,0.85001,0.8501299999999999,181.0
2024-05-27 17:00:00,FX:EURGBP,0.8501299999999999,0.85034,0.8501,0.85026,161.0
2024-05-27 17:05:00,FX:EURGBP,0.85026,0.85034,0.85026,0.85034,93.0
2024-05-27 17:10:00,FX:EURGBP,0.85034,0.85036,0.8503,0.85036,135.0
2024-05-27 17:15:00,FX:EURGBP,0.85036,0.85036,0.85034,0.8503499999999999,73.0
2024-05-27 17:20:00,FX:EURGBP,0.8503499999999999,0.85036,0.85034,0.85036,49.0
2024-05-27 17:25:00,FX:EURGBP,0.85036,0.85036,0.85034,0.8503499999999999,49.0
2024-05-27 17:30:00,FX:EURGBP,0.8503499999999999,0.8503499999999999,0.85033,0.85033,71.0
2024-05-27 17:35:00,FX:EURGBP,0.85033,0.85036,0.85032,0.85033,56.0
2024-05-27 17:40:00,FX:EURGBP,0.85033,0.85039,0.85033,0.85039,65.0
2024-05-27 17:45:00,FX:EURGBP,0.85039,0.85042,0.85034,0.85042,83.0
2024-05-27 17:50:00,FX:EURGBP,0.85042,0.85042,0.85037,0.85038,71.0
2024-05-27 17:55:00,FX:EURGBP,0.85038,0.85041,0.8503499999999999,0.85038,65.0
2024-05-27 18:00:00,FX:EURGBP,0.85038,0.85044,0.85037,0.85044,116.0
2024-05-27 18:05:00,FX:EURGBP,0.85044,0.85044,0.85038,0.85039,132.0
2024-05-27 18:10:00,FX:EURGBP,0.85039,0.85039,0.85031,0.85031,142.0
2024-05-27 18:15:00,FX:EURGBP,0.85031,0.8503999999999999,0.85031,0.85036,151.0
2024-05-27 18:20:00,FX:EURGBP,0.85036,0.85039,0.85032,0.85038,58.0
2024-05-27 18:25:00,FX:EURGBP,0.85038,0.8503999999999999,0.85038,0.85039,26.0
2024-05-27 18:30:00,FX:EURGBP,0.85039,0.8503999999999999,0.85036,0.85038,80.0
2024-05-27 18:35:00,FX:EURGBP,0.85038,0.85039,0.85036,0.85036,57.0
2024-05-27 18:40:00,FX:EURGBP,0.85036,0.85039,0.8503499999999999,0.85038,43.0
2024-05-27 18:45:00,FX:EURGBP,0.85038,0.8503999999999999,0.85038,0.85039,21.0
2024-05-27 18:50:00,FX:EURGBP,0.85039,0.85044,0.85037,0.85042,93.0
2024-05-27 18:55:00,FX:EURGBP,0.85042,0.85043,0.85036,0.85039,309.0
2024-05-27 19:00:00,FX:EURGBP,0.85039,0.85042,0.85037,0.85041,510.0
2024-05-27 19:05:00,FX:EURGBP,0.85041,0.85051,0.8503999999999999,0.85045,372.0
2024-05-27 19:10:00,FX:EURGBP,0.85045,0.8505199999999999,0.85042,0.85048,379.0
2024-05-27 19:15:00,FX:EURGBP,0.85048,0.8505,0.8503999999999999,0.85042,323.0
2024-05-27 19:20:00,FX:EURGBP,0.85042,0.85046,0.85039,0.85044,455.0
2024-05-27 19:25:00,FX:EURGBP,0.85044,0.85051,0.85044,0.85047,436.0
2024-05-27 19:30:00,FX:EURGBP,0.85047,0.85051,0.85043,0.85049,470.0
2024-05-27 19:35:00,FX:EURGBP,0.85049,0.8505199999999999,0.85043,0.8505,349.0
2024-05-27 19:40:00,FX:EURGBP,0.8505,0.8505699999999999,0.85047,0.85053,327.0
2024-05-27 19:45:00,FX:EURGBP,0.85053,0.85062,0.8505199999999999,0.85061,414.0
2024-05-27 19:50:00,FX:EURGBP,0.85061,0.8508,0.85055,0.85076,966.0
2024-05-27 19:55:00,FX:EURGBP,0.85076,0.8507899999999999,0.85069,0.85072,591.0
2024-05-27 20:00:00,FX:EURGBP,0.85072,0.85075,0.85067,0.85071,682.0
2024-05-27 20:05:00,FX:EURGBP,0.85071,0.8507399999999999,0.85064,0.8507,521.0
2024-05-27 20:10:00,FX:EURGBP,0.8507,0.8507899999999999,0.85069,0.85072,378.0
2024-05-27 20:15:00,FX:EURGBP,0.85072,0.8508,0.85065,0.85077,583.0
2024-05-27 20:20:00,FX:EURGBP,0.85077,0.85086,0.85076,0.8507899999999999,619.0
2024-05-27 20:25:00,FX:EURGBP,0.8507899999999999,0.85081,0.85072,0.8507399999999999,326.0
2024-05-27 20:30:00,FX:EURGBP,0.8507399999999999,0.85076,0.85063,0.85067,448.0
2024-05-27 20:35:00,FX:EURGBP,0.85067,0.85075,0.85064,0.85072,600.0
2024-05-27 20:40:00,FX:EURGBP,0.85072,0.85085,0.8507,0.85082,408.0
2024-05-27 20:45:00,FX:EURGBP,0.85082,0.85093,0.8507399999999999,0.85076,645.0
2024-05-27 20:50:00,FX:EURGBP,0.85076,0.8509,0.85076,0.85089,357.0
2024-05-27 20:55:00,FX:EURGBP,0.85089,0.85094,0.85084,0.8509,447.0
2024-05-27 21:00:00,FX:EURGBP,0.8509,0.85092,0.85082,0.85085,453.0
2024-05-27 21:05:00,FX:EURGBP,0.85085,0.85089,0.8508,0.85084,350.0
2024-05-27 21:10:00,FX:EURGBP,0.85084,0.85085,0.8507899999999999,0.85082,408.0
2024-05-27 21:15:00,FX:EURGBP,0.85082,0.85086,0.85077,0.85082,402.0
2024-05-27 21:20:00,FX:EURGBP,0.85082,0.85095,0.85081,0.85083,596.0
2024-05-27 21:25:00,FX:EURGBP,0.85083,0.85088,0.8507899999999999,0.85084,446.0
2024-05-27 21:30:00,FX:EURGBP,0.85084,0.8509,0.8507899999999999,0.85087,459.0
2024-05-27 21:35:00,FX:EURGBP,0.85087,0.851,0.85083,0.851,326.0
2024-05-27 21:40:00,FX:EURGBP,0.851,0.85107,0.85093,0.85093,534.0
2024-05-27 21:45:00,FX:EURGBP,0.85093,0.85102,0.85092,0.85099,480.0
2024-05-27 21:50:00,FX:EURGBP,0.85099,0.85103,0.85095,0.85099,505.0
2024-05-27 21:55:00,FX:EURGBP,0.85099,0.85104,0.85087,0.85087,565.0
2024-05-27 22:00:00,FX:EURGBP,0.85087,0.85092,0.85082,0.85089,453.0
2024-05-27 22:05:00,FX:EURGBP,0.85089,0.85092,0.85086,0.8509099999999999,267.0
2024-05-27 22:10:00,FX:EURGBP,0.8509099999999999,0.85092,0.85087,0.85089,332.0
2024-05-27 22:15:00,FX:EURGBP,0.85089,0.8509599999999999,0.85086,0.85095,277.0
2024-05-27 22:20:00,FX:EURGBP,0.85095,0.85099,0.85093,0.85094,410.0
2024-05-27 22:25:00,FX:EURGBP,0.85094,0.85099,0.85093,0.85097,377.0
2024-05-27 22:30:00,FX:EURGBP,0.85097,0.85101,0.8509,0.85093,582.0
2024-05-27 22:35:00,FX:EURGBP,0.85093,0.85098,0.85092,0.85095,307.0
2024-05-27 22:40:00,FX:EURGBP,0.85095,0.85102,0.85094,0.85102,254.0
2024-05-27 22:45:00,FX:EURGBP,0.85102,0.85103,0.851,0.85102,204.0
2024-05-27 22:50:00,FX:EURGBP,0.85102,0.85112,0.85102,0.85109,269.0
2024-05-27 22:55:00,FX:EURGBP,0.85109,0.85111,0.85108,0.85111,190.0
2024-05-27 23:00:00,FX:EURGBP,0.85111,0.85119,0.85111,0.85117,315.0
2024-05-27 23:05:00,FX:EURGBP,0.85117,0.85121,0.85116,0.85119,348.0
2024-05-27 23:10:00,FX:EURGBP,0.85119,0.85127,0.85119,0.85124,408.0
2024-05-27 23:15:00,FX:EURGBP,0.85124,0.85126,0.8511799999999999,0.85119,347.0
2024-05-27 23:20:00,FX:EURGBP,0.85119,0.85121,0.85115,0.85119,362.0
2024-05-27 23:25:00,FX:EURGBP,0.85119,0.85123,0.85114,0.85114,265.0
2024-05-27 23:30:00,FX:EURGBP,0.85114,0.85114,0.8511,0.85112,300.0
2024-05-27 23:35:00,FX:EURGBP,0.85112,0.85128,0.85111,0.85124,705.0
2024-05-27 23:40:00,FX:EURGBP,0.85124,0.85128,0.85122,0.85124,558.0
2024-05-27 23:45:00,FX:EURGBP,0.85124,0.85129,0.85121,0.85128,376.0
2024-05-27 23:50:00,FX:EURGBP,0.85128,0.85136,0.85126,0.85132,483.0
2024-05-27 23:55:00,FX:EURGBP,0.85132,0.85136,0.85124,0.8513499999999999,439.0
2024-05-28 00:00:00,FX:EURGBP,0.8513499999999999,0.85136,0.85124,0.85126,459.0
2024-05-28 00:05:00,FX:EURGBP,0.85126,0.85127,0.85112,0.85114,261.0
2024-05-28 00:10:00,FX:EURGBP,0.85114,0.85121,0.8511299999999999,0.8511799999999999,281.0
2024-05-28 00:15:00,FX:EURGBP,0.8511799999999999,0.85121,0.85114,0.85116,376.0
2024-05-28 00:20:00,FX:EURGBP,0.85116,0.8511799999999999,0.85107,0.85115,399.0
2024-05-28 00:25:00,FX:EURGBP,0.85115,0.8511799999999999,0.85112,0.85115,376.0
2024-05-28 00:30:00,FX:EURGBP,0.85115,0.85117,0.85106,0.85107,341.0
2024-05-28 00:35:00,FX:EURGBP,0.85107,0.8511799999999999,0.85103,0.8511799999999999,366.0
2024-05-28 00:40:00,FX:EURGBP,0.8511799999999999,0.85125,0.85117,0.85123,238.0
2024-05-28 00:45:00,FX:EURGBP,0.85123,0.85131,0.8512,0.85125,564.0
2024-05-28 00:50:00,FX:EURGBP,0.85125,0.85133,0.85115,0.85119,360.0
2024-05-28 00:55:00,FX:EURGBP,0.85119,0.85125,0.85117,0.85117,304.0
2024-05-28 01:00:00,FX:EURGBP,0.85117,0.85121,0.85111,0.85114,707.0
2024-05-28 01:05:00,FX:EURGBP,0.85114,0.85121,0.8511299999999999,0.85119,529.0
2024-05-28 01:10:00,FX:EURGBP,0.85119,0.85129,0.85106,0.85122,717.0
2024-05-28 01:15:00,FX:EURGBP,0.85122,0.85133,0.85121,0.85126,536.0
2024-05-28 01:20:00,FX:EURGBP,0.85126,0.85144,0.85125,0.8513999999999999,530.0
2024-05-28 01:25:00,FX:EURGBP,0.8513999999999999,0.85146,0.85132,0.85141,451.0
2024-05-28 01:30:00,FX:EURGBP,0.85141,0.85155,0.85134,0.85155,451.0
2024-05-28 01:35:00,FX:EURGBP,0.85155,0.85159,0.85146,0.85155,448.0
2024-05-28 01:40:00,FX:EURGBP,0.85155,0.85156,0.85137,0.8513999999999999,409.0
2024-05-28 01:45:00,FX:EURGBP,0.8513999999999999,0.85144,0.85133,0.85143,469.0
2024-05-28 01:50:00,FX:EURGBP,0.85143,0.85161,0.85143,0.8515199999999999,380.0
2024-05-28 01:55:00,FX:EURGBP,0.8515199999999999,0.85168,0.85142,0.85167,678.0
2024-05-28 02:00:00,FX:EURGBP,0.85167,0.85168,0.8513,0.85132,873.0
2024-05-28 02:05:00,FX:EURGBP,0.85132,0.85138,0.85108,0.85108,705.0
2024-05-28 02:10:00,FX:EURGBP,0.85108,0.85132,0.85104,0.85132,575.0
2024-05-28 02:15:00,FX:EURGBP,0.85132,0.85144,0.85125,0.85134,731.0
2024-05-28 02:20:00,FX:EURGBP,0.85134,0.85142,0.85134,0.85136,429.0
2024-05-28 02:25:00,FX:EURGBP,0.85136,0.85146,0.8513499999999999,0.85146,489.0
2024-05-28 02:30:00,FX:EURGBP,0.85146,0.85161,0.85143,0.8516,379.0
2024-05-28 02:35:00,FX:EURGBP,0.8516,0.85168,0.85156,0.85166,400.0
2024-05-28 02:40:00,FX:EURGBP,0.85166,0.85167,0.85155,0.85162,385.0
2024-05-28 02:45:00,FX:EURGBP,0.85162,0.85169,0.85158,0.85158,326.0
2024-05-28 02:50:00,FX:EURGBP,0.85158,0.85163,0.85148,0.8515199999999999,434.0
2024-05-28 02:55:00,FX:EURGBP,0.8515199999999999,0.85164,0.85149,0.85159,407.0
2024-05-28 03:00:00,FX:EURGBP,0.85159,0.85159,0.85134,0.85151,675.0
2024-05-28 03:05:00,FX:EURGBP,0.85151,0.85165,0.85147,0.85159,694.0
2024-05-28 03:10:00,FX:EURGBP,0.85159,0.85161,0.8515199999999999,0.8515699999999999,643.0
2024-05-28 03:15:00,FX:EURGBP,0.8515699999999999,0.85171,0.85151,0.85154,650.0
2024-05-28 03:20:00,FX:EURGBP,0.85154,0.85162,0.85149,0.85162,544.0
2024-05-28 03:25:00,FX:EURGBP,0.85162,0.8517,0.85162,0.85169,538.0
2024-05-28 03:30:00,FX:EURGBP,0.85169,0.85176,0.85155,0.85173,829.0
2024-05-28 03:35:00,FX:EURGBP,0.85173,0.85178,0.85165,0.85166,547.0
2024-05-28 03:40:00,FX:EURGBP,0.85166,0.85168,0.85143,0.85146,635.0
2024-05-28 03:45:00,FX:EURGBP,0.85146,0.85151,0.85138,0.8513999999999999,638.0
2024-05-28 03:50:00,FX:EURGBP,0.8513999999999999,0.85143,0.85121,0.85125,393.0
2024-05-28 03:55:00,FX:EURGBP,0.85125,0.85131,0.8512,0.85127,714.0
2024-05-28 04:00:00,FX:EURGBP,0.85127,0.85133,0.85114,0.85117,659.0
2024-05-28 04:05:00,FX:EURGBP,0.85117,0.85133,0.85111,0.85133,565.0
2024-05-28 04:10:00,FX:EURGBP,0.85133,0.85133,0.85125,0.85127,306.0
2024-05-28 04:15:00,FX:EURGBP,0.85127,0.8513499999999999,0.85125,0.85133,477.0
2024-05-28 04:20:00,FX:EURGBP,0.85133,0.85156,0.85131,0.85154,401.0
2024-05-28 04:25:00,FX:EURGBP,0.85154,0.8515699999999999,0.85145,0.85149,452.0
2024-05-28 04:30:00,FX:EURGBP,0.85149,0.85168,0.85147,0.8515699999999999,415.0
2024-05-28 04:35:00,FX:EURGBP,0.8515699999999999,0.85159,0.85147,0.85153,540.0
2024-05-28 04:40:00,FX:EURGBP,0.85153,0.8515699999999999,0.85148,0.8515199999999999,498.0
2024-05-28 04:45:00,FX:EURGBP,0.8515199999999999,0.85164,0.85149,0.8515,395.0
2024-05-28 04:50:00,FX:EURGBP,0.8515,0.85153,0.85142,0.85151,466.0
2024-05-28 04:55:00,FX:EURGBP,0.85151,0.85155,0.85142,0.85142,392.0
2024-05-28 05:00:00,FX:EURGBP,0.85142,0.85146,0.85127,0.85131,503.0
2024-05-28 05:05:00,FX:EURGBP,0.85131,0.85148,0.8513,0.85146,541.0
2024-05-28 05:10:00,FX:EURGBP,0.85146,0.8515,0.85137,0.85139,470.0
2024-05-28 05:15:00,FX:EURGBP,0.85139,0.85153,0.85138,0.8515199999999999,456.0
2024-05-28 05:20:00,FX:EURGBP,0.8515199999999999,0.85163,0.85147,0.85163,568.0
2024-05-28 05:25:00,FX:EURGBP,0.85163,0.85168,0.85151,0.85151,422.0
2024-05-28 05:30:00,FX:EURGBP,0.85151,0.85151,0.85134,0.85146,531.0
2024-05-28 05:35:00,FX:EURGBP,0.85146,0.85163,0.85145,0.85149,469.0
2024-05-28 05:40:00,FX:EURGBP,0.85149,0.85153,0.85139,0.85146,314.0
2024-05-28 05:45:00,FX:EURGBP,0.85146,0.85148,0.8513499999999999,0.85137,367.0
2024-05-28 05:50:00,FX:EURGBP,0.85137,0.8513999999999999,0.85115,0.8511799999999999,386.0
2024-05-28 05:55:00,FX:EURGBP,0.8511799999999999,0.85128,0.85117,0.85124,287.0
2024-05-28 06:00:00,FX:EURGBP,0.85124,0.85148,0.85123,0.8513,646.0
2024-05-28 06:05:00,FX:EURGBP,0.8513,0.85147,0.8513,0.85145,649.0
2024-05-28 06:10:00,FX:EURGBP,0.85145,0.85146,0.85131,0.8513499999999999,582.0
2024-05-28 06:15:00,FX:EURGBP,0.8513499999999999,0.85154,0.85132,0.85153,549.0
2024-05-28 06:20:00,FX:EURGBP,0.85153,0.8515699999999999,0.85147,0.85149,537.0
2024-05-28 06:25:00,FX:EURGBP,0.85149,0.85153,0.8513999999999999,0.85149,438.0
2024-05-28 06:30:00,FX:EURGBP,0.85149,0.85163,0.85148,0.85162,577.0
2024-05-28 06:35:00,FX:EURGBP,0.85162,0.8517,0.85158,0.85166,563.0
2024-05-28 06:40:00,FX:EURGBP,0.85166,0.85167,0.85147,0.85148,472.0
2024-05-28 06:45:00,FX:EURGBP,0.85148,0.85162,0.85147,0.85154,447.0
2024-05-28 06:50:00,FX:EURGBP,0.85154,0.85159,0.85144,0.85145,414.0
2024-05-28 06:55:00,FX:EURGBP,0.85145,0.85147,0.85124,0.85127,529.0
2024-05-28 07:00:00,FX:EURGBP,0.85127,0.85129,0.85088,0.851,887.0
2024-05-28 07:05:00,FX:EURGBP,0.851,0.85101,0.85076,0.8508,814.0
2024-05-28 07:10:00,FX:EURGBP,0.8508,0.85083,0.85058,0.85067,650.0
2024-05-28 07:15:00,FX:EURGBP,0.85067,0.85073,0.85058,0.85058,516.0
2024-05-28 07:20:00,FX:EURGBP,0.85058,0.85058,0.85037,0.85053,925.0
2024-05-28 07:25:00,FX:EURGBP,0.85053,0.85056,0.85037,0.85049,768.0
2024-05-28 07:30:00,FX:EURGBP,0.85049,0.85049,0.85028,0.85029,506.0
2024-05-28 07:35:00,FX:EURGBP,0.85029,0.85033,0.85016,0.8503,680.0
2024-05-28 07:40:00,FX:EURGBP,0.8503,0.85042,0.85028,0.8503499999999999,714.0
2024-05-28 07:45:00,FX:EURGBP,0.8503499999999999,0.8503999999999999,0.85017,0.85033,713.0
2024-05-28 07:50:00,FX:EURGBP,0.85033,0.85051,0.85032,0.85034,688.0
2024-05-28 07:55:00,FX:EURGBP,0.85034,0.85041,0.8502,0.85024,537.0
2024-05-28 08:00:00,FX:EURGBP,0.85024,0.85027,0.85014,0.85026,692.0
2024-05-28 08:05:00,FX:EURGBP,0.85026,0.85026,0.85011,0.85011,715.0
2024-05-28 08:10:00,FX:EURGBP,0.85011,0.8502,0.85009,0.85017,840.0
2024-05-28 08:15:00,FX:EURGBP,0.85017,0.85021,0.85006,0.85008,888.0
2024-05-28 08:20:00,FX:EURGBP,0.85008,0.8501,0.84989,0.84994,784.0
2024-05-28 08:25:00,FX:EURGBP,0.84994,0.84994,0.84956,0.84976,1148.0
2024-05-28 08:30:00,FX:EURGBP,0.84976,0.8498,0.8495199999999999,0.8497,1245.0
2024-05-28 08:35:00,FX:EURGBP,0.8497,0.84988,0.84961,0.84985,1028.0
2024-05-28 08:40:00,FX:EURGBP,0.84985,0.8499,0.8497399999999999,0.84985,858.0
2024-05-28 08:45:00,FX:EURGBP,0.84985,0.85009,0.84981,0.85009,1208.0
2024-05-28 08:50:00,FX:EURGBP,0.85009,0.85012,0.84992,0.85008,1041.0
2024-05-28 08:55:00,FX:EURGBP,0.85008,0.85014,0.84994,0.84997,1103.0
2024-05-28 09:00:00,FX:EURGBP,0.84997,0.85023,0.84986,0.85017,1523.0
2024-05-28 09:05:00,FX:EURGBP,0.85017,0.8501799999999999,0.85005,0.85011,1134.0
2024-05-28 09:10:00,FX:EURGBP,0.85011,0.85044,0.85011,0.85033,1029.0
2024-05-28 09:15:00,FX:EURGBP,0.85033,0.85039,0.85011,0.85024,935.0
2024-05-28 09:20:00,FX:EURGBP,0.85024,0.8503999999999999,0.85021,0.85031,930.0
2024-05-28 09:25:00,FX:EURGBP,0.85031,0.8503499999999999,0.8502,0.85029,657.0
2024-05-28 09:30:00,FX:EURGBP,0.85029,0.8503999999999999,0.85012,0.8503999999999999,917.0
2024-05-28 09:35:00,FX:EURGBP,0.8503999999999999,0.85042,0.85027,0.85038,709.0
2024-05-28 09:40:00,FX:EURGBP,0.85038,0.85048,0.8503499999999999,0.85036,796.0
2024-05-28 09:45:00,FX:EURGBP,0.85036,0.85051,0.85031,0.85047,828.0
2024-05-28 09:50:00,FX:EURGBP,0.85047,0.85067,0.85046,0.8505,878.0
2024-05-28 09:55:00,FX:EURGBP,0.8505,0.8511,0.8505,0.85106,1135.0
2024-05-28 10:00:00,FX:EURGBP,0.85106,0.85112,0.85094,0.851,1124.0
2024-05-28 10:05:00,FX:EURGBP,0.851,0.85106,0.85092,0.85103,672.0
2024-05-28 10:10:00,FX:EURGBP,0.85103,0.85112,0.8509099999999999,0.85112,693.0
2024-05-28 10:15:00,FX:EURGBP,0.85112,0.85119,0.85109,0.85111,678.0
2024-05-28 10:20:00,FX:EURGBP,0.85111,0.85114,0.85097,0.85098,623.0
2024-05-28 10:25:00,FX:EURGBP,0.85098,0.85114,0.85097,0.85108,413.0
2024-05-28 10:30:00,FX:EURGBP,0.85108,0.85109,0.85097,0.85102,853.0
2024-05-28 10:35:00,FX:EURGBP,0.85102,0.8512,0.85101,0.85104,569.0
2024-05-28 10:40:00,FX:EURGBP,0.85104,0.85107,0.8509599999999999,0.85101,548.0
2024-05-28 10:45:00,FX:EURGBP,0.85101,0.85103,0.85093,0.85095,432.0
2024-05-28 10:50:00,FX:EURGBP,0.85095,0.85108,0.8509099999999999,0.85099,467.0
2024-05-28 10:55:00,FX:EURGBP,0.85099,0.85101,0.85089,0.85089,494.0
2024-05-28 11:00:00,FX:EURGBP,0.85089,0.85098,0.85088,0.85094,521.0
2024-05-28 11:05:00,FX:EURGBP,0.85094,0.85107,0.85094,0.85102,543.0
2024-05-28 11:10:00,FX:EURGBP,0.85102,0.85115,0.85088,0.85089,431.0
2024-05-28 11:15:00,FX:EURGBP,0.85089,0.85106,0.85088,0.85102,541.0
2024-05-28 11:20:00,FX:EURGBP,0.85102,0.85116,0.851,0.85115,390.0
2024-05-28 11:25:00,FX:EURGBP,0.85115,0.85128,0.85114,0.85119,441.0
2024-05-28 11:30:00,FX:EURGBP,0.85119,0.85122,0.85112,0.8512,357.0
2024-05-28 11:35:00,FX:EURGBP,0.8512,0.8512,0.85105,0.85105,502.0
2024-05-28 11:40:00,FX:EURGBP,0.85105,0.85105,0.85095,0.85102,496.0
2024-05-28 11:45:00,FX:EURGBP,0.85102,0.85111,0.85101,0.8511,382.0
2024-05-28 11:50:00,FX:EURGBP,0.8511,0.8511299999999999,0.85104,0.85111,368.0
2024-05-28 11:55:00,FX:EURGBP,0.85111,0.85123,0.85111,0.85115,341.0
2024-05-28 12:00:00,FX:EURGBP,0.85115,0.85128,0.8511,0.85121,882.0
2024-05-28 12:05:00,FX:EURGBP,0.85121,0.85123,0.85111,0.85112,735.0
2024-05-28 12:10:00,FX:EURGBP,0.85112,0.85119,0.85111,0.8511299999999999,591.0
2024-05-28 12:15:00,FX:EURGBP,0.8511299999999999,0.85124,0.85112,0.85124,550.0
2024-05-28 12:20:00,FX:EURGBP,0.85124,0.85128,0.8512,0.85127,430.0
2024-05-28 12:25:00,FX:EURGBP,0.85127,0.85129,0.85119,0.85126,408.0
2024-05-28 12:30:00,FX:EURGBP,0.85126,0.85134,0.85126,0.85133,392.0
2024-05-28 12:35:00,FX:EURGBP,0.85133,0.85136,0.8513,0.85133,418.0
2024-05-28 12:40:00,FX:EURGBP,0.85133,0.85137,0.85128,0.85132,497.0
2024-05-28 12:45:00,FX:EURGBP,0.85132,0.85146,0.85129,0.85145,514.0
2024-05-28 12:50:00,FX:EURGBP,0.85145,0.85149,0.85136,0.85136,543.0
2024-05-28 12:55:00,FX:EURGBP,0.85136,0.85136,0.85111,0.85117,551.0
2024-05-28 13:00:00,FX:EURGBP,0.85117,0.8511799999999999,0.85106,0.85107,765.0
2024-05-28 13:05:00,FX:EURGBP,0.85107,0.85108,0.85098,0.85099,433.0
2024-05-28 13:10:00,FX:EURGBP,0.85099,0.85115,0.85098,0.85111,510.0
2024-05-28 13:15:00,FX:EURGBP,0.85111,0.85116,0.85106,0.85114,518.0
2024-05-28 13:20:00,FX:EURGBP,0.85114,0.85117,0.85106,0.85112,661.0
2024-05-28 13:25:00,FX:EURGBP,0.85112,0.85116,0.85109,0.85114,581.0
2024-05-28 13:30:00,FX:EURGBP,0.85114,0.85115,0.85106,0.8511299999999999,492.0
2024-05-28 13:35:00,FX:EURGBP,0.8511299999999999,0.85119,0.8511,0.8511,649.0
2024-05-28 13:40:00,FX:EURGBP,0.8511,0.85114,0.85106,0.85114,297.0
2024-05-28 13:45:00,FX:EURGBP,0.85114,0.85117,0.8511,0.85111,259.0
2024-05-28 13:50:00,FX:EURGBP,0.85111,0.85111,0.85105,0.85111,290.0
2024-05-28 13:55:00,FX:EURGBP,0.85111,0.8511299999999999,0.85106,0.85108,590.0
2024-05-28 14:00:00,FX:EURGBP,0.85108,0.85112,0.85097,0.851,580.0
2024-05-28 14:05:00,FX:EURGBP,0.851,0.85103,0.8509599999999999,0.85101,448.0
2024-05-28 14:10:00,FX:EURGBP,0.85101,0.85107,0.8509599999999999,0.851,459.0
2024-05-28 14:15:00,FX:EURGBP,0.851,0.85106,0.8509599999999999,0.85102,413.0
2024-05-28 14:20:00,FX:EURGBP,0.85102,0.85105,0.85097,0.85102,540.0
2024-05-28 14:25:00,FX:EURGBP,0.85102,0.85105,0.85099,0.85102,423.0
2024-05-28 14:30:00,FX:EURGBP,0.85102,0.85105,0.85092,0.85093,302.0
2024-05-28 14:35:00,FX:EURGBP,0.85093,0.85098,0.8509099999999999,0.85095,474.0
2024-05-28 14:40:00,FX:EURGBP,0.85095,0.8509599999999999,0.85088,0.85093,335.0
2024-05-28 14:45:00,FX:EURGBP,0.85093,0.851,0.8509,0.85098,258.0
2024-05-28 14:50:00,FX:EURGBP,0.85098,0.85099,0.85093,0.85098,291.0
2024-05-28 14:55:00,FX:EURGBP,0.85098,0.85103,0.85092,0.85093,437.0
2024-05-28 15:00:00,FX:EURGBP,0.85093,0.85102,0.85092,0.8509599999999999,299.0
2024-05-28 15:05:00,FX:EURGBP,0.8509599999999999,0.85099,0.85094,0.8509599999999999,282.0
2024-05-28 15:10:00,FX:EURGBP,0.8509599999999999,0.85097,0.85093,0.85094,199.0
2024-05-28 15:15:00,FX:EURGBP,0.85094,0.8509599999999999,0.85092,0.85093,104.0
2024-05-28 15:20:00,FX:EURGBP,0.85093,0.85095,0.85092,0.85093,106.0
2024-05-28 15:25:00,FX:EURGBP,0.85093,0.85095,0.8509099999999999,0.85094,120.0
2024-05-28 15:30:00,FX:EURGBP,0.85094,0.85095,0.85086,0.85086,105.0
2024-05-28 15:35:00,FX:EURGBP,0.85086,0.85088,0.85081,0.85082,83.0
2024-05-28 15:40:00,FX:EURGBP,0.85082,0.85084,0.85078,0.8507899999999999,87.0
2024-05-28 15:45:00,FX:EURGBP,0.8507899999999999,0.8508,0.85075,0.85078,140.0
2024-05-28 15:50:00,FX:EURGBP,0.85078,0.8508,0.85071,0.85073,116.0
2024-05-28 15:55:00,FX:EURGBP,0.85073,0.85073,0.85064,0.85071,299.0
2024-05-28 16:00:00,FX:EURGBP,0.85071,0.85073,0.85047,0.85068,15.0
2024-05-28 16:05:00,FX:EURGBP,0.85068,0.85082,0.85053,0.85062,191.0
2024-05-28 16:10:00,FX:EURGBP,0.85062,0.85082,0.85037,0.85043,268.0
2024-05-28 16:15:00,FX:EURGBP,0.85043,0.85045,0.85028,0.85043,327.0
2024-05-28 16:20:00,FX:EURGBP,0.85043,0.85053,0.85032,0.85046,260.0
2024-05-28 16:25:00,FX:EURGBP,0.85046,0.85061,0.85043,0.8505199999999999,188.0
2024-05-28 16:30:00,FX:EURGBP,0.8505199999999999,0.85069,0.8505,0.85058,341.0
2024-05-28 16:35:00,FX:EURGBP,0.85058,0.85066,0.85053,0.85062,485.0
2024-05-28 16:40:00,FX:EURGBP,0.85062,0.8507,0.85055,0.85068,342.0
2024-05-28 16:45:00,FX:EURGBP,0.85068,0.85077,0.85054,0.85068,598.0
2024-05-28 16:50:00,FX:EURGBP,0.85068,0.85082,0.85063,0.85078,605.0
2024-05-28 16:55:00,FX:EURGBP,0.85078,0.85088,0.85064,0.85069,1088.0
2024-05-28 17:00:00,FX:EURGBP,0.85069,0.85082,0.85068,0.85078,197.0
2024-05-28 17:05:00,FX:EURGBP,0.85078,0.85084,0.85078,0.8508,48.0
2024-05-28 17:10:00,FX:EURGBP,0.8508,0.85084,0.85076,0.85077,81.0
2024-05-28 17:15:00,FX:EURGBP,0.85077,0.8507899999999999,0.85077,0.8507899999999999,29.0
2024-05-28 17:20:00,FX:EURGBP,0.8507899999999999,0.85085,0.85076,0.85081,99.0
2024-05-28 17:25:00,FX:EURGBP,0.85081,0.85082,0.85076,0.85078,89.0
2024-05-28 17:30:00,FX:EURGBP,0.85078,0.85081,0.85075,0.8507899999999999,154.0
2024-05-28 17:35:00,FX:EURGBP,0.8507899999999999,0.85083,0.8507899999999999,0.85081,67.0
2024-05-28 17:40:00,FX:EURGBP,0.85081,0.85089,0.8508,0.85083,131.0
2024-05-28 17:45:00,FX:EURGBP,0.85083,0.85088,0.8508,0.85088,110.0
2024-05-28 17:50:00,FX:EURGBP,0.85088,0.85088,0.85081,0.85084,109.0
2024-05-28 17:55:00,FX:EURGBP,0.85084,0.85089,0.85077,0.85083,185.0
2024-05-28 18:00:00,FX:EURGBP,0.85083,0.8509,0.85082,0.85084,201.0
2024-05-28 18:05:00,FX:EURGBP,0.85084,0.85085,0.85077,0.85081,187.0
2024-05-28 18:10:00,FX:EURGBP,0.85081,0.85082,0.85068,0.85068,223.0
2024-05-28 18:15:00,FX:EURGBP,0.85068,0.85075,0.85066,0.85067,313.0
2024-05-28 18:20:00,FX:EURGBP,0.85067,0.85068,0.8506,0.85062,313.0
2024-05-28 18:25:00,FX:EURGBP,0.85062,0.85064,0.85061,0.85062,220.0
2024-05-28 18:30:00,FX:EURGBP,0.85062,0.85066,0.85058,0.8506,430.0
2024-05-28 18:35:00,FX:EURGBP,0.8506,0.85064,0.8506,0.8506,310.0
2024-05-28 18:40:00,FX:EURGBP,0.8506,0.8506,0.85054,0.85056,149.0
2024-05-28 18:45:00,FX:EURGBP,0.85056,0.85062,0.85054,0.85062,192.0
2024-05-28 18:50:00,FX:EURGBP,0.85062,0.85063,0.85056,0.85062,190.0
2024-05-28 18:55:00,FX:EURGBP,0.85062,0.85064,0.85053,0.85055,139.0
2024-05-28 19:00:00,FX:EURGBP,0.85055,0.85062,0.85053,0.8505699999999999,436.0
2024-05-28 19:05:00,FX:EURGBP,0.8505699999999999,0.85063,0.85055,0.85061,425.0
2024-05-28 19:10:00,FX:EURGBP,0.85061,0.85063,0.85048,0.8505,321.0
2024-05-28 19:15:00,FX:EURGBP,0.8505,0.8505199999999999,0.85047,0.8505,275.0
2024-05-28 19:20:00,FX:EURGBP,0.8505,0.85053,0.85049,0.8505199999999999,161.0
2024-05-28 19:25:00,FX:EURGBP,0.8505199999999999,0.85059,0.85051,0.85059,368.0
2024-05-28 19:30:00,FX:EURGBP,0.85059,0.85064,0.8505699999999999,0.85061,499.0
2024-05-28 19:35:00,FX:EURGBP,0.85061,0.85068,0.85061,0.85066,655.0
2024-05-28 19:40:00,FX:EURGBP,0.85066,0.85069,0.85062,0.85064,608.0
2024-05-28 19:45:00,FX:EURGBP,0.85064,0.8507399999999999,0.85063,0.85072,435.0
2024-05-28 19:50:00,FX:EURGBP,0.85072,0.85078,0.85065,0.85075,622.0
2024-05-28 19:55:00,FX:EURGBP,0.85075,0.85081,0.85072,0.85081,379.0
2024-05-28 20:00:00,FX:EURGBP,0.85081,0.85089,0.85078,0.85082,444.0
2024-05-28 20:05:00,FX:EURGBP,0.85082,0.85085,0.85077,0.85085,411.0
2024-05-28 20:10:00,FX:EURGBP,0.85085,0.8509,0.8508,0.85083,484.0
2024-05-28 20:15:00,FX:EURGBP,0.85083,0.85086,0.8507899999999999,0.8507899999999999,429.0
2024-05-28 20:20:00,FX:EURGBP,0.8507899999999999,0.8509099999999999,0.85078,0.85089,485.0
2024-05-28 20:25:00,FX:EURGBP,0.85089,0.85092,0.85085,0.85087,486.0
2024-05-28 20:30:00,FX:EURGBP,0.85087,0.85089,0.85073,0.85081,1160.0
2024-05-28 20:35:00,FX:EURGBP,0.85081,0.85086,0.8507399999999999,0.85076,842.0
2024-05-28 20:40:00,FX:EURGBP,0.85076,0.85081,0.85073,0.85078,687.0
2024-05-28 20:45:00,FX:EURGBP,0.85078,0.8507899999999999,0.8507,0.85076,424.0
2024-05-28 20:50:00,FX:EURGBP,0.85076,0.85077,0.85067,0.85071,505.0
2024-05-28 20:55:00,FX:EURGBP,0.85071,0.8507399999999999,0.85067,0.85069,345.0
2024-05-28 21:00:00,FX:EURGBP,0.85069,0.85076,0.85069,0.85075,295.0
2024-05-28 21:05:00,FX:EURGBP,0.85075,0.8508,0.85069,0.85069,377.0
2024-05-28 21:10:00,FX:EURGBP,0.85069,0.85072,0.85067,0.85071,372.0
2024-05-28 21:15:00,FX:EURGBP,0.85071,0.85075,0.85063,0.85063,541.0
2024-05-28 21:20:00,FX:EURGBP,0.85063,0.85063,0.85053,0.8505699999999999,524.0
2024-05-28 21:25:00,FX:EURGBP,0.8505699999999999,0.8506,0.85053,0.85055,482.0
2024-05-28 21:30:00,FX:EURGBP,0.85055,0.85058,0.8505199999999999,0.85055,476.0
2024-05-28 21:35:00,FX:EURGBP,0.85055,0.85061,0.85054,0.8506,434.0
2024-05-28 21:40:00,FX:EURGBP,0.8506,0.8506,0.85054,0.85054,208.0
2024-05-28 21:45:00,FX:EURGBP,0.85054,0.85066,0.85053,0.85064,334.0
2024-05-28 21:50:00,FX:EURGBP,0.85064,0.85068,0.85059,0.85066,298.0
2024-05-28 21:55:00,FX:EURGBP,0.85066,0.8507399999999999,0.85064,0.85073,407.0
2024-05-28 22:00:00,FX:EURGBP,0.85073,0.8507899999999999,0.85067,0.85069,459.0
2024-05-28 22:05:00,FX:EURGBP,0.85069,0.85073,0.85065,0.85072,388.0
2024-05-28 22:10:00,FX:EURGBP,0.85072,0.85075,0.85068,0.8507399999999999,409.0
2024-05-28 22:15:00,FX:EURGBP,0.8507399999999999,0.85081,0.8507399999999999,0.85077,351.0
2024-05-28 22:20:00,FX:EURGBP,0.85077,0.8509,0.85075,0.85089,445.0
2024-05-28 22:25:00,FX:EURGBP,0.85089,0.85095,0.85089,0.8509099999999999,233.0
2024-05-28 22:30:00,FX:EURGBP,0.8509099999999999,0.85094,0.8507899999999999,0.8508,326.0
2024-05-28 22:35:00,FX:EURGBP,0.8508,0.85087,0.8507899999999999,0.85085,435.0
2024-05-28 22:40:00,FX:EURGBP,0.85085,0.85087,0.85072,0.85073,307.0
2024-05-28 22:45:00,FX:EURGBP,0.85073,0.85078,0.8507,0.85075,447.0
2024-05-28 22:50:00,FX:EURGBP,0.85075,0.8507899999999999,0.85072,0.85072,333.0
2024-05-28 22:55:00,FX:EURGBP,0.85072,0.8507399999999999,0.85064,0.85069,392.0
2024-05-28 23:00:00,FX:EURGBP,0.85069,0.85077,0.85065,0.85072,474.0
2024-05-28 23:05:00,FX:EURGBP,0.85072,0.85078,0.85069,0.85077,365.0
2024-05-28 23:10:00,FX:EURGBP,0.85077,0.85078,0.85072,0.85073,240.0
2024-05-28 23:15:00,FX:EURGBP,0.85073,0.8507399999999999,0.8507,0.85072,338.0
2024-05-28 23:20:00,FX:EURGBP,0.85072,0.85073,0.85065,0.85066,204.0
2024-05-28 23:25:00,FX:EURGBP,0.85066,0.85072,0.85065,0.8507,106.0
2024-05-28 23:30:00,FX:EURGBP,0.8507,0.85077,0.85069,0.85076,216.0
2024-05-28 23:35:00,FX:EURGBP,0.85076,0.85077,0.85069,0.85073,256.0
2024-05-28 23:40:00,FX:EURGBP,0.85073,0.85078,0.85073,0.85078,168.0
2024-05-28 23:45:00,FX:EURGBP,0.85078,0.85078,0.85069,0.8507,166.0
2024-05-28 23:50:00,FX:EURGBP,0.8507,0.85075,0.8507,0.85071,196.0
2024-05-28 23:55:00,FX:EURGBP,0.85071,0.85073,0.85062,0.85064,301.0
2024-05-29 00:00:00,FX:EURGBP,0.85064,0.85068,0.8506,0.85063,462.0
2024-05-29 00:05:00,FX:EURGBP,0.85063,0.85065,0.85054,0.8506,442.0
2024-05-29 00:10:00,FX:EURGBP,0.8506,0.85065,0.85056,0.85058,311.0
2024-05-29 00:15:00,FX:EURGBP,0.85058,0.8506,0.85054,0.85058,318.0
2024-05-29 00:20:00,FX:EURGBP,0.85058,0.85059,0.85053,0.85055,491.0
2024-05-29 00:25:00,FX:EURGBP,0.85055,0.8506,0.85055,0.8505699999999999,412.0
2024-05-29 00:30:00,FX:EURGBP,0.8505699999999999,0.85061,0.85048,0.85049,389.0
2024-05-29 00:35:00,FX:EURGBP,0.85049,0.85054,0.85047,0.8505,536.0
2024-05-29 00:40:00,FX:EURGBP,0.8505,0.8506,0.8505,0.8505699999999999,525.0
2024-05-29 00:45:00,FX:EURGBP,0.8505699999999999,0.85061,0.85048,0.85059,492.0
2024-05-29 00:50:00,FX:EURGBP,0.85059,0.85067,0.8505699999999999,0.85064,295.0
2024-05-29 00:55:00,FX:EURGBP,0.85064,0.85064,0.85059,0.85061,563.0
2024-05-29 01:00:00,FX:EURGBP,0.85061,0.85071,0.85059,0.8507,581.0
2024-05-29 01:05:00,FX:EURGBP,0.8507,0.8507399999999999,0.85062,0.8507,738.0
2024-05-29 01:10:00,FX:EURGBP,0.8507,0.8507,0.85056,0.85059,387.0
2024-05-29 01:15:00,FX:EURGBP,0.85059,0.85063,0.85056,0.85058,605.0
2024-05-29 01:20:00,FX:EURGBP,0.85058,0.85063,0.85051,0.85054,648.0
2024-05-29 01:25:00,FX:EURGBP,0.85054,0.85066,0.8505199999999999,0.8506,704.0
2024-05-29 01:30:00,FX:EURGBP,0.8506,0.85062,0.85039,0.8505,661.0
2024-05-29 01:35:00,FX:EURGBP,0.8505,0.85051,0.85036,0.85044,679.0
2024-05-29 01:40:00,FX:EURGBP,0.85044,0.85049,0.8503,0.8503499999999999,749.0
2024-05-29 01:45:00,FX:EURGBP,0.8503499999999999,0.85048,0.85031,0.85041,607.0
2024-05-29 01:50:00,FX:EURGBP,0.85041,0.85051,0.8503999999999999,0.85046,584.0
2024-05-29 01:55:00,FX:EURGBP,0.85046,0.85048,0.85039,0.85044,813.0
2024-05-29 02:00:00,FX:EURGBP,0.85044,0.85063,0.85038,0.85039,952.0
2024-05-29 02:05:00,FX:EURGBP,0.85039,0.85041,0.8502,0.85027,912.0
2024-05-29 02:10:00,FX:EURGBP,0.85027,0.85037,0.85017,0.8502,746.0
2024-05-29 02:15:00,FX:EURGBP,0.8502,0.8503,0.85019,0.85021,751.0
2024-05-29 02:20:00,FX:EURGBP,0.85021,0.85024,0.85015,0.85019,529.0
2024-05-29 02:25:00,FX:EURGBP,0.85019,0.85028,0.85016,0.8501799999999999,719.0
2024-05-29 02:30:00,FX:EURGBP,0.8501799999999999,0.85027,0.85016,0.85021,698.0
2024-05-29 02:35:00,FX:EURGBP,0.85021,0.85036,0.8501799999999999,0.85029,747.0
2024-05-29 02:40:00,FX:EURGBP,0.85029,0.85033,0.85023,0.85029,615.0
2024-05-29 02:45:00,FX:EURGBP,0.85029,0.85032,0.8502,0.85027,477.0
2024-05-29 02:50:00,FX:EURGBP,0.85027,0.8503,0.8501799999999999,0.85024,878.0
2024-05-29 02:55:00,FX:EURGBP,0.85024,0.85033,0.85017,0.85023,906.0
2024-05-29 03:00:00,FX:EURGBP,0.85023,0.85023,0.84912,0.84936,2328.0
2024-05-29 03:05:00,FX:EURGBP,0.84936,0.84948,0.84836,0.84858,2039.0
2024-05-29 03:10:00,FX:EURGBP,0.84858,0.84916,0.84853,0.84915,1300.0
2024-05-29 03:15:00,FX:EURGBP,0.84915,0.84948,0.84912,0.84948,1166.0
2024-05-29 03:20:00,FX:EURGBP,0.84948,0.8495199999999999,0.84924,0.84924,885.0
2024-05-29 03:25:00,FX:EURGBP,0.84924,0.8494,0.84915,0.84917,727.0
2024-05-29 03:30:00,FX:EURGBP,0.84917,0.84924,0.84903,0.84911,863.0
2024-05-29 03:35:00,FX:EURGBP,0.84911,0.84919,0.84892,0.84899,762.0
2024-05-29 03:40:00,FX:EURGBP,0.84899,0.84929,0.84898,0.84925,984.0
2024-05-29 03:45:00,FX:EURGBP,0.84925,0.8494,0.84924,0.84939,646.0
2024-05-29 03:50:00,FX:EURGBP,0.84939,0.8495,0.84933,0.84947,682.0
2024-05-29 03:55:00,FX:EURGBP,0.84947,0.84961,0.84944,0.8495699999999999,596.0
2024-05-29 04:00:00,FX:EURGBP,0.8495699999999999,0.8495699999999999,0.84936,0.84954,954.0
2024-05-29 04:05:00,FX:EURGBP,0.84954,0.84987,0.84953,0.84982,603.0
2024-05-29 04:10:00,FX:EURGBP,0.84982,0.84997,0.8497899999999999,0.84995,718.0
2024-05-29 04:15:00,FX:EURGBP,0.84995,0.85004,0.84987,0.85003,569.0
2024-05-29 04:20:00,FX:EURGBP,0.85003,0.85027,0.85001,0.85024,737.0
2024-05-29 04:25:00,FX:EURGBP,0.85024,0.85034,0.85016,0.85032,673.0
2024-05-29 04:30:00,FX:EURGBP,0.85032,0.85036,0.85021,0.85022,617.0
2024-05-29 04:35:00,FX:EURGBP,0.85022,0.85024,0.85001,0.85002,688.0
2024-05-29 04:40:00,FX:EURGBP,0.85002,0.85016,0.85001,0.85011,666.0
2024-05-29 04:45:00,FX:EURGBP,0.85011,0.85029,0.85004,0.85024,635.0
2024-05-29 04:50:00,FX:EURGBP,0.85024,0.85055,0.85014,0.8505,675.0
2024-05-29 04:55:00,FX:EURGBP,0.8505,0.85053,0.85033,0.85039,804.0
2024-05-29 05:00:00,FX:EURGBP,0.85039,0.8505,0.85026,0.85042,738.0
2024-05-29 05:05:00,FX:EURGBP,0.85042,0.85043,0.85033,0.85042,508.0
2024-05-29 05:10:00,FX:EURGBP,0.85042,0.85053,0.8503499999999999,0.85037,609.0
2024-05-29 05:15:00,FX:EURGBP,0.85037,0.85054,0.85031,0.85051,679.0
2024-05-29 05:20:00,FX:EURGBP,0.85051,0.8505199999999999,0.85027,0.85028,597.0
2024-05-29 05:25:00,FX:EURGBP,0.85028,0.85038,0.85021,0.85037,694.0
2024-05-29 05:30:00,FX:EURGBP,0.85037,0.85059,0.8503499999999999,0.85056,706.0
2024-05-29 05:35:00,FX:EURGBP,0.85056,0.85069,0.8505199999999999,0.85065,505.0
2024-05-29 05:40:00,FX:EURGBP,0.85065,0.85084,0.8505699999999999,0.85077,472.0
2024-05-29 05:45:00,FX:EURGBP,0.85077,0.85083,0.85056,0.85076,614.0
2024-05-29 05:50:00,FX:EURGBP,0.85076,0.851,0.85069,0.85097,648.0
2024-05-29 05:55:00,FX:EURGBP,0.85097,0.85107,0.8509099999999999,0.85102,678.0
2024-05-29 06:00:00,FX:EURGBP,0.85102,0.85107,0.85086,0.85088,690.0
2024-05-29 06:05:00,FX:EURGBP,0.85088,0.8509099999999999,0.8507899999999999,0.85085,662.0
2024-05-29 06:10:00,FX:EURGBP,0.85085,0.85088,0.85075,0.85083,852.0
2024-05-29 06:15:00,FX:EURGBP,0.85083,0.85089,0.85067,0.8507899999999999,877.0
2024-05-29 06:20:00,FX:EURGBP,0.8507899999999999,0.85082,0.85056,0.85059,734.0
2024-05-29 06:25:00,FX:EURGBP,0.85059,0.85063,0.8505199999999999,0.85055,635.0
2024-05-29 06:30:00,FX:EURGBP,0.85055,0.85071,0.85055,0.85064,714.0
2024-05-29 06:35:00,FX:EURGBP,0.85064,0.8507399999999999,0.85051,0.85051,628.0
2024-05-29 06:40:00,FX:EURGBP,0.85051,0.8506,0.8503999999999999,0.85046,753.0
2024-05-29 06:45:00,FX:EURGBP,0.85046,0.85082,0.85046,0.8507399999999999,875.0
2024-05-29 06:50:00,FX:EURGBP,0.8507399999999999,0.85089,0.85064,0.85086,871.0
2024-05-29 06:55:00,FX:EURGBP,0.85086,0.85111,0.85077,0.85103,773.0
2024-05-29 07:00:00,FX:EURGBP,0.85103,0.85134,0.8509599999999999,0.85119,1319.0
2024-05-29 07:05:00,FX:EURGBP,0.85119,0.85132,0.85114,0.85128,884.0
2024-05-29 07:10:00,FX:EURGBP,0.85128,0.85139,0.8511299999999999,0.85139,637.0
2024-05-29 07:15:00,FX:EURGBP,0.85139,0.85154,0.85133,0.8515,892.0
2024-05-29 07:20:00,FX:EURGBP,0.8515,0.85167,0.85129,0.85129,962.0
2024-05-29 07:25:00,FX:EURGBP,0.85129,0.85129,0.85112,0.8511299999999999,961.0
2024-05-29 07:30:00,FX:EURGBP,0.8511299999999999,0.85125,0.85103,0.85105,979.0
2024-05-29 07:35:00,FX:EURGBP,0.85105,0.85119,0.85102,0.8511799999999999,848.0
2024-05-29 07:40:00,FX:EURGBP,0.8511799999999999,0.85124,0.85102,0.85122,559.0
2024-05-29 07:45:00,FX:EURGBP,0.85122,0.8513999999999999,0.85119,0.85128,968.0
2024-05-29 07:50:00,FX:EURGBP,0.85128,0.85134,0.85105,0.8512,1126.0
2024-05-29 07:55:00,FX:EURGBP,0.8512,0.85141,0.85104,0.85106,1090.0
2024-05-29 08:00:00,FX:EURGBP,0.85106,0.85108,0.85083,0.85084,886.0
2024-05-29 08:05:00,FX:EURGBP,0.85084,0.85093,0.85058,0.85069,1194.0
2024-05-29 08:10:00,FX:EURGBP,0.85069,0.85069,0.85053,0.85063,962.0
2024-05-29 08:15:00,FX:EURGBP,0.85063,0.85075,0.8505,0.8505699999999999,1148.0
2024-05-29 08:20:00,FX:EURGBP,0.8505699999999999,0.85061,0.85048,0.85054,768.0
2024-05-29 08:25:00,FX:EURGBP,0.85054,0.85064,0.85046,0.85063,826.0
2024-05-29 08:30:00,FX:EURGBP,0.85063,0.85099,0.85053,0.85086,1287.0
2024-05-29 08:35:00,FX:EURGBP,0.85086,0.85097,0.8507899999999999,0.85085,1014.0
2024-05-29 08:40:00,FX:EURGBP,0.85085,0.85097,0.85081,0.85095,1160.0
2024-05-29 08:45:00,FX:EURGBP,0.85095,0.8511799999999999,0.85088,0.85117,1252.0
2024-05-29 08:50:00,FX:EURGBP,0.85117,0.85119,0.85084,0.85097,1131.0
2024-05-29 08:55:00,FX:EURGBP,0.85097,0.8513,0.85097,0.85107,1144.0
2024-05-29 09:00:00,FX:EURGBP,0.85107,0.85121,0.85099,0.85116,1096.0
2024-05-29 09:05:00,FX:EURGBP,0.85116,0.85117,0.8508,0.85082,1223.0
2024-05-29 09:10:00,FX:EURGBP,0.85082,0.85085,0.8507,0.8507899999999999,1113.0
2024-05-29 09:15:00,FX:EURGBP,0.8507899999999999,0.85089,0.85068,0.85084,814.0
2024-05-29 09:20:00,FX:EURGBP,0.85084,0.85088,0.85066,0.8507899999999999,1405.0
2024-05-29 09:25:00,FX:EURGBP,0.8507899999999999,0.85082,0.8505699999999999,0.85075,1269.0
2024-05-29 09:30:00,FX:EURGBP,0.85075,0.85088,0.85066,0.8507,1131.0
2024-05-29 09:35:00,FX:EURGBP,0.8507,0.85072,0.85051,0.8506,1144.0
2024-05-29 09:40:00,FX:EURGBP,0.8506,0.85073,0.85047,0.85063,1131.0
2024-05-29 09:45:00,FX:EURGBP,0.85063,0.85065,0.85046,0.85053,1141.0
2024-05-29 09:50:00,FX:EURGBP,0.85053,0.85063,0.85028,0.85049,1376.0
2024-05-29 09:55:00,FX:EURGBP,0.85049,0.85064,0.85041,0.8505199999999999,2003.0
2024-05-29 10:00:00,FX:EURGBP,0.8505199999999999,0.85063,0.85045,0.85056,1906.0
2024-05-29 10:05:00,FX:EURGBP,0.85056,0.8508,0.85054,0.85077,1047.0
2024-05-29 10:10:00,FX:EURGBP,0.85077,0.85087,0.85065,0.85084,764.0
2024-05-29 10:15:00,FX:EURGBP,0.85084,0.85084,0.85066,0.85072,866.0
2024-05-29 10:20:00,FX:EURGBP,0.85072,0.8507399999999999,0.85045,0.8505699999999999,708.0
2024-05-29 10:25:00,FX:EURGBP,0.8505699999999999,0.85058,0.85048,0.8505,637.0
2024-05-29 10:30:00,FX:EURGBP,0.8505,0.8507,0.8505,0.85062,707.0
2024-05-29 10:35:00,FX:EURGBP,0.85062,0.8507,0.85049,0.85051,530.0
2024-05-29 10:40:00,FX:EURGBP,0.85051,0.85076,0.85049,0.85064,721.0
2024-05-29 10:45:00,FX:EURGBP,0.85064,0.85069,0.85054,0.85059,553.0
2024-05-29 10:50:00,FX:EURGBP,0.85059,0.85069,0.85048,0.8505,545.0
2024-05-29 10:55:00,FX:EURGBP,0.8505,0.85054,0.85038,0.85044,553.0
2024-05-29 11:00:00,FX:EURGBP,0.85044,0.85063,0.85044,0.85053,706.0
2024-05-29 11:05:00,FX:EURGBP,0.85053,0.85059,0.85047,0.8505699999999999,646.0
2024-05-29 11:10:00,FX:EURGBP,0.8505699999999999,0.85065,0.85039,0.8503999999999999,557.0
2024-05-29 11:15:00,FX:EURGBP,0.8503999999999999,0.85053,0.85036,0.85046,652.0
2024-05-29 11:20:00,FX:EURGBP,0.85046,0.85058,0.85044,0.8505,628.0
2024-05-29 11:25:00,FX:EURGBP,0.8505,0.8505699999999999,0.85048,0.85049,806.0
2024-05-29 11:30:00,FX:EURGBP,0.85049,0.85063,0.85046,0.85054,562.0
2024-05-29 11:35:00,FX:EURGBP,0.85054,0.8506,0.85047,0.8506,428.0
2024-05-29 11:40:00,FX:EURGBP,0.8506,0.85075,0.85058,0.8507,571.0
2024-05-29 11:45:00,FX:EURGBP,0.8507,0.85071,0.85045,0.85054,506.0
2024-05-29 11:50:00,FX:EURGBP,0.85054,0.85058,0.85049,0.8505,461.0
2024-05-29 11:55:00,FX:EURGBP,0.8505,0.85056,0.85043,0.85047,848.0
2024-05-29 12:00:00,FX:EURGBP,0.85047,0.85065,0.85041,0.85063,1320.0
2024-05-29 12:05:00,FX:EURGBP,0.85063,0.85064,0.85048,0.85053,1255.0
2024-05-29 12:10:00,FX:EURGBP,0.85053,0.85056,0.85046,0.85051,683.0
2024-05-29 12:15:00,FX:EURGBP,0.85051,0.85065,0.85049,0.85061,539.0
2024-05-29 12:20:00,FX:EURGBP,0.85061,0.85065,0.85053,0.85055,472.0
2024-05-29 12:25:00,FX:EURGBP,0.85055,0.85064,0.8505199999999999,0.85059,686.0
2024-05-29 12:30:00,FX:EURGBP,0.85059,0.85066,0.85058,0.85065,659.0
2024-05-29 12:35:00,FX:EURGBP,0.85065,0.85066,0.85048,0.85049,596.0
2024-05-29 12:40:00,FX:EURGBP,0.85049,0.8505199999999999,0.85045,0.85047,623.0
2024-05-29 12:45:00,FX:EURGBP,0.85047,0.85051,0.85043,0.85049,307.0
2024-05-29 12:50:00,FX:EURGBP,0.85049,0.85051,0.85034,0.85036,589.0
2024-05-29 12:55:00,FX:EURGBP,0.85036,0.85048,0.85034,0.85048,472.0
2024-05-29 13:00:00,FX:EURGBP,0.85048,0.85059,0.85045,0.85054,513.0
2024-05-29 13:05:00,FX:EURGBP,0.85054,0.85058,0.85044,0.85044,609.0
2024-05-29 13:10:00,FX:EURGBP,0.85044,0.85053,0.85044,0.85049,465.0
2024-05-29 13:15:00,FX:EURGBP,0.85049,0.85059,0.85047,0.85048,439.0
2024-05-29 13:20:00,FX:EURGBP,0.85048,0.8505,0.85036,0.85045,470.0
2024-05-29 13:25:00,FX:EURGBP,0.85045,0.8505199999999999,0.8503999999999999,0.85048,455.0
2024-05-29 13:30:00,FX:EURGBP,0.85048,0.8505199999999999,0.85045,0.85048,616.0
2024-05-29 13:35:00,FX:EURGBP,0.85048,0.85066,0.85046,0.85064,500.0
2024-05-29 13:40:00,FX:EURGBP,0.85064,0.85076,0.85062,0.85075,403.0
2024-05-29 13:45:00,FX:EURGBP,0.85075,0.85078,0.85071,0.85075,262.0
2024-05-29 13:50:00,FX:EURGBP,0.85075,0.85086,0.8507,0.85076,499.0
2024-05-29 13:55:00,FX:EURGBP,0.85076,0.85077,0.85059,0.85062,528.0
2024-05-29 14:00:00,FX:EURGBP,0.85062,0.85068,0.85058,0.85067,472.0
2024-05-29 14:05:00,FX:EURGBP,0.85067,0.85069,0.85053,0.85061,432.0
2024-05-29 14:10:00,FX:EURGBP,0.85061,0.85065,0.85059,0.85064,464.0
2024-05-29 14:15:00,FX:EURGBP,0.85064,0.85066,0.8505199999999999,0.85054,576.0
2024-05-29 14:20:00,FX:EURGBP,0.85054,0.85063,0.8505199999999999,0.85054,408.0
2024-05-29 14:25:00,FX:EURGBP,0.85054,0.85054,0.85043,0.85048,332.0
2024-05-29 14:30:00,FX:EURGBP,0.85048,0.8505199999999999,0.85045,0.85049,514.0
2024-05-29 14:35:00,FX:EURGBP,0.85049,0.8505,0.8503,0.8503,366.0
2024-05-29 14:40:00,FX:EURGBP,0.8503,0.85031,0.85021,0.85029,594.0
2024-05-29 14:45:00,FX:EURGBP,0.85029,0.8503499999999999,0.85028,0.85031,544.0
2024-05-29 14:50:00,FX:EURGBP,0.85031,0.85043,0.85031,0.85034,462.0
2024-05-29 14:55:00,FX:EURGBP,0.85034,0.85045,0.85033,0.85039,369.0
2024-05-29 15:00:00,FX:EURGBP,0.85039,0.85046,0.8503499999999999,0.85046,141.0
2024-05-29 15:05:00,FX:EURGBP,0.85046,0.85051,0.85039,0.85046,315.0
2024-05-29 15:10:00,FX:EURGBP,0.85046,0.8505,0.8503499999999999,0.8503499999999999,132.0
2024-05-29 15:15:00,FX:EURGBP,0.8503499999999999,0.8503499999999999,0.85029,0.85029,79.0
2024-05-29 15:20:00,FX:EURGBP,0.85029,0.85032,0.85029,0.85029,58.0
2024-05-29 15:25:00,FX:EURGBP,0.85029,0.8503999999999999,0.85029,0.85034,78.0
2024-05-29 15:30:00,FX:EURGBP,0.85034,0.85038,0.85024,0.85036,127.0
2024-05-29 15:35:00,FX:EURGBP,0.85036,0.85037,0.85017,0.8503,258.0
2024-05-29 15:40:00,FX:EURGBP,0.8503,0.85038,0.85029,0.85031,104.0
2024-05-29 15:45:00,FX:EURGBP,0.85031,0.85041,0.8503,0.85036,152.0
2024-05-29 15:50:00,FX:EURGBP,0.85036,0.85047,0.85036,0.8503999999999999,159.0
2024-05-29 15:55:00,FX:EURGBP,0.8503999999999999,0.85045,0.85038,0.85044,180.0
2024-05-29 16:00:00,FX:EURGBP,0.85044,0.85044,0.85002,0.85014,34.0
2024-05-29 16:05:00,FX:EURGBP,0.85014,0.85023,0.85011,0.8501799999999999,103.0
2024-05-29 16:10:00,FX:EURGBP,0.8501799999999999,0.8505199999999999,0.84992,0.85015,169.0
2024-05-29 16:15:00,FX:EURGBP,0.85015,0.85044,0.85011,0.85043,74.0
2024-05-29 16:20:00,FX:EURGBP,0.85043,0.85044,0.85029,0.85037,42.0
2024-05-29 16:25:00,FX:EURGBP,0.85037,0.85037,0.85029,0.85033,83.0
2024-05-29 16:30:00,FX:EURGBP,0.85033,0.85056,0.85026,0.85034,126.0
2024-05-29 16:35:00,FX:EURGBP,0.85034,0.8503499999999999,0.85016,0.85022,223.0
2024-05-29 16:40:00,FX:EURGBP,0.85022,0.85029,0.8502,0.85022,148.0
2024-05-29 16:45:00,FX:EURGBP,0.85022,0.8503499999999999,0.85022,0.85027,394.0
2024-05-29 16:50:00,FX:EURGBP,0.85027,0.85031,0.85022,0.85029,339.0
2024-05-29 16:55:00,FX:EURGBP,0.85029,0.85039,0.8501799999999999,0.85023,487.0
2024-05-29 17:00:00,FX:EURGBP,0.85023,0.85063,0.8502,0.8505699999999999,329.0
2024-05-29 17:05:00,FX:EURGBP,0.8505699999999999,0.85061,0.85048,0.85054,99.0
2024-05-29 17:10:00,FX:EURGBP,0.85054,0.8505699999999999,0.85049,0.85053,119.0
2024-05-29 17:15:00,FX:EURGBP,0.85053,0.85055,0.8505,0.8505199999999999,134.0
2024-05-29 17:20:00,FX:EURGBP,0.8505199999999999,0.8505699999999999,0.8505199999999999,0.85056,81.0
2024-05-29 17:25:00,FX:EURGBP,0.85056,0.8505699999999999,0.85051,0.85053,61.0
2024-05-29 17:30:00,FX:EURGBP,0.85053,0.8505699999999999,0.85053,0.85056,31.0
2024-05-29 17:35:00,FX:EURGBP,0.85056,0.85061,0.85054,0.85058,79.0
2024-05-29 17:40:00,FX:EURGBP,0.85058,0.8506,0.85054,0.8506,57.0
2024-05-29 17:45:00,FX:EURGBP,0.8506,0.85064,0.8505699999999999,0.85063,98.0
2024-05-29 17:50:00,FX:EURGBP,0.85063,0.85064,0.85059,0.85062,109.0
2024-05-29 17:55:00,FX:EURGBP,0.85062,0.85063,0.85058,0.85062,85.0
2024-05-29 18:00:00,FX:EURGBP,0.85062,0.85064,0.85058,0.85059,197.0
2024-05-29 18:05:00,FX:EURGBP,0.85059,0.85064,0.85059,0.85063,158.0
2024-05-29 18:10:00,FX:EURGBP,0.85063,0.85065,0.85059,0.85063,161.0
2024-05-29 18:15:00,FX:EURGBP,0.85063,0.85065,0.85059,0.85062,235.0
2024-05-29 18:20:00,FX:EURGBP,0.85062,0.8507,0.85061,0.85066,216.0
2024-05-29 18:25:00,FX:EURGBP,0.85066,0.85068,0.85062,0.85063,166.0
2024-05-29 18:30:00,FX:EURGBP,0.85063,0.85065,0.85062,0.85064,177.0
2024-05-29 18:35:00,FX:EURGBP,0.85064,0.85066,0.85059,0.85064,262.0
2024-05-29 18:40:00,FX:EURGBP,0.85064,0.85067,0.85059,0.85063,332.0
2024-05-29 18:45:00,FX:EURGBP,0.85063,0.85067,0.85062,0.85064,294.0
2024-05-29 18:50:00,FX:EURGBP,0.85064,0.85069,0.85063,0.85067,299.0
2024-05-29 18:55:00,FX:EURGBP,0.85067,0.8507,0.85061,0.85062,280.0
2024-05-29 19:00:00,FX:EURGBP,0.85062,0.85064,0.85059,0.85063,420.0
2024-05-29 19:05:00,FX:EURGBP,0.85063,0.85068,0.85062,0.85065,323.0
2024-05-29 19:10:00,FX:EURGBP,0.85065,0.85073,0.85064,0.85064,374.0
2024-05-29 19:15:00,FX:EURGBP,0.85064,0.85066,0.85056,0.85056,364.0
2024-05-29 19:20:00,FX:EURGBP,0.85056,0.85072,0.85055,0.85067,380.0
2024-05-29 19:25:00,FX:EURGBP,0.85067,0.85077,0.85066,0.85075,527.0
2024-05-29 19:30:00,FX:EURGBP,0.85075,0.85077,0.85067,0.85069,478.0
2024-05-29 19:35:00,FX:EURGBP,0.85069,0.8507399999999999,0.85058,0.85059,548.0
2024-05-29 19:40:00,FX:EURGBP,0.85059,0.85067,0.85059,0.85062,382.0
2024-05-29 19:45:00,FX:EURGBP,0.85062,0.85066,0.85058,0.85062,334.0
2024-05-29 19:50:00,FX:EURGBP,0.85062,0.85064,0.85051,0.85055,483.0
2024-05-29 19:55:00,FX:EURGBP,0.85055,0.85058,0.85051,0.85053,674.0
2024-05-29 20:00:00,FX:EURGBP,0.85053,0.8505699999999999,0.85042,0.85045,645.0
2024-05-29 20:05:00,FX:EURGBP,0.85045,0.85053,0.85043,0.85049,530.0
2024-05-29 20:10:00,FX:EURGBP,0.85049,0.85051,0.85047,0.85047,422.0
2024-05-29 20:15:00,FX:EURGBP,0.85047,0.8505,0.85043,0.85046,463.0
2024-05-29 20:20:00,FX:EURGBP,0.85046,0.85055,0.85046,0.85049,623.0
2024-05-29 20:25:00,FX:EURGBP,0.85049,0.85051,0.85047,0.85049,318.0
2024-05-29 20:30:00,FX:EURGBP,0.85049,0.8506,0.85047,0.85055,743.0
2024-05-29 20:35:00,FX:EURGBP,0.85055,0.85059,0.85046,0.85048,682.0
2024-05-29 20:40:00,FX:EURGBP,0.85048,0.85056,0.85047,0.85053,724.0
2024-05-29 20:45:00,FX:EURGBP,0.85053,0.85055,0.85043,0.85045,633.0
2024-05-29 20:50:00,FX:EURGBP,0.85045,0.8505199999999999,0.85043,0.85048,639.0
2024-05-29 20:55:00,FX:EURGBP,0.85048,0.85056,0.85047,0.85048,441.0
2024-05-29 21:00:00,FX:EURGBP,0.85048,0.85049,0.85028,0.85033,365.0
2024-05-29 21:05:00,FX:EURGBP,0.85033,0.8503499999999999,0.85025,0.85026,418.0
2024-05-29 21:10:00,FX:EURGBP,0.85026,0.85033,0.85026,0.8503,330.0
2024-05-29 21:15:00,FX:EURGBP,0.8503,0.85051,0.8503,0.8505,303.0
2024-05-29 21:20:00,FX:EURGBP,0.8505,0.8505199999999999,0.85046,0.85049,293.0
2024-05-29 21:25:00,FX:EURGBP,0.85049,0.85054,0.85046,0.85054,276.0
2024-05-29 21:30:00,FX:EURGBP,0.85054,0.8505699999999999,0.85051,0.8505199999999999,340.0
2024-05-29 21:35:00,FX:EURGBP,0.8505199999999999,0.85056,0.8505,0.8505199999999999,328.0
2024-05-29 21:40:00,FX:EURGBP,0.8505199999999999,0.85056,0.85049,0.85054,296.0
2024-05-29 21:45:00,FX:EURGBP,0.85054,0.85058,0.8505199999999999,0.8505699999999999,308.0
2024-05-29 21:50:00,FX:EURGBP,0.8505699999999999,0.85059,0.85054,0.85055,274.0
2024-05-29 21:55:00,FX:EURGBP,0.85055,0.85058,0.8505199999999999,0.85056,320.0
2024-05-29 22:00:00,FX:EURGBP,0.85056,0.85063,0.85053,0.85062,232.0
2024-05-29 22:05:00,FX:EURGBP,0.85062,0.85063,0.8505699999999999,0.8505699999999999,275.0
2024-05-29 22:10:00,FX:EURGBP,0.8505699999999999,0.85062,0.8505699999999999,0.85061,158.0
2024-05-29 22:15:00,FX:EURGBP,0.85061,0.85061,0.85051,0.85054,244.0
2024-05-29 22:20:00,FX:EURGBP,0.85054,0.8506,0.85053,0.85059,225.0
2024-05-29 22:25:00,FX:EURGBP,0.85059,0.85063,0.8505699999999999,0.85058,253.0
2024-05-29 22:30:00,FX:EURGBP,0.85058,0.85062,0.85056,0.8506,195.0
2024-05-29 22:35:00,FX:EURGBP,0.8506,0.85061,0.85055,0.85058,330.0
2024-05-29 22:40:00,FX:EURGBP,0.85058,0.85061,0.85056,0.85058,188.0
2024-05-29 22:45:00,FX:EURGBP,0.85058,0.85061,0.85054,0.8505699999999999,239.0
2024-05-29 22:50:00,FX:EURGBP,0.8505699999999999,0.85059,0.85054,0.85056,223.0
2024-05-29 22:55:00,FX:EURGBP,0.85056,0.8506,0.8505199999999999,0.8505699999999999,281.0
2024-05-29 23:00:00,FX:EURGBP,0.8505699999999999,0.85061,0.8505199999999999,0.85058,256.0
2024-05-29 23:05:00,FX:EURGBP,0.85058,0.85058,0.85047,0.85048,302.0
2024-05-29 23:10:00,FX:EURGBP,0.85048,0.8505,0.85047,0.85047,232.0
2024-05-29 23:15:00,FX:EURGBP,0.85047,0.85048,0.85044,0.85047,245.0
2024-05-29 23:20:00,FX:EURGBP,0.85047,0.8505,0.85045,0.85046,232.0
2024-05-29 23:25:00,FX:EURGBP,0.85046,0.8505,0.85045,0.85047,305.0
2024-05-29 23:30:00,FX:EURGBP,0.85047,0.85049,0.85044,0.85046,206.0
2024-05-29 23:35:00,FX:EURGBP,0.85046,0.85046,0.85026,0.85032,674.0
2024-05-29 23:40:00,FX:EURGBP,0.85032,0.85046,0.85028,0.85042,526.0
2024-05-29 23:45:00,FX:EURGBP,0.85042,0.85047,0.8503999999999999,0.85043,520.0
2024-05-29 23:50:00,FX:EURGBP,0.85043,0.85045,0.85038,0.85042,519.0
2024-05-29 23:55:00,FX:EURGBP,0.85042,0.85045,0.85037,0.85037,385.0
2024-05-30 00:00:00,FX:EURGBP,0.85037,0.8503999999999999,0.85032,0.85032,424.0
2024-05-30 00:05:00,FX:EURGBP,0.85032,0.85036,0.85031,0.85032,338.0
2024-05-30 00:10:00,FX:EURGBP,0.85032,0.85034,0.85029,0.85032,261.0
2024-05-30 00:15:00,FX:EURGBP,0.85032,0.85036,0.8503,0.85036,187.0
2024-05-30 00:20:00,FX:EURGBP,0.85036,0.85036,0.8501799999999999,0.85019,367.0
2024-05-30 00:25:00,FX:EURGBP,0.85019,0.85029,0.85017,0.85021,431.0
2024-05-30 00:30:00,FX:EURGBP,0.85021,0.85037,0.85021,0.85036,581.0
2024-05-30 00:35:00,FX:EURGBP,0.85036,0.85053,0.85036,0.85048,584.0
2024-05-30 00:40:00,FX:EURGBP,0.85048,0.85053,0.85034,0.85043,484.0
2024-05-30 00:45:00,FX:EURGBP,0.85043,0.85056,0.8503999999999999,0.8505199999999999,456.0
2024-05-30 00:50:00,FX:EURGBP,0.8505199999999999,0.85053,0.85036,0.85036,601.0
2024-05-30 00:55:00,FX:EURGBP,0.85036,0.85047,0.85036,0.85045,668.0
2024-05-30 01:00:00,FX:EURGBP,0.85045,0.85058,0.85043,0.85048,1155.0
2024-05-30 01:05:00,FX:EURGBP,0.85048,0.8505699999999999,0.85047,0.85051,1002.0
2024-05-30 01:10:00,FX:EURGBP,0.85051,0.85058,0.85046,0.8505199999999999,759.0
2024-05-30 01:15:00,FX:EURGBP,0.8505199999999999,0.85055,0.85041,0.85046,691.0
2024-05-30 01:20:00,FX:EURGBP,0.85046,0.8505199999999999,0.85045,0.85046,470.0
2024-05-30 01:25:00,FX:EURGBP,0.85046,0.85064,0.85045,0.85062,575.0
2024-05-30 01:30:00,FX:EURGBP,0.85062,0.85075,0.85059,0.85073,670.0
2024-05-30 01:35:00,FX:EURGBP,0.85073,0.8507399999999999,0.8506,0.85068,719.0
2024-05-30 01:40:00,FX:EURGBP,0.85068,0.85088,0.85065,0.85078,596.0
2024-05-30 01:45:00,FX:EURGBP,0.85078,0.8509099999999999,0.85076,0.85078,750.0
2024-05-30 01:50:00,FX:EURGBP,0.85078,0.85108,0.8507399999999999,0.85107,974.0
2024-05-30 01:55:00,FX:EURGBP,0.85107,0.8511299999999999,0.85099,0.851,733.0
2024-05-30 02:00:00,FX:EURGBP,0.851,0.85103,0.85056,0.8505699999999999,1368.0
2024-05-30 02:05:00,FX:EURGBP,0.8505699999999999,0.85059,0.85045,0.85048,959.0
2024-05-30 02:10:00,FX:EURGBP,0.85048,0.85051,0.85017,0.85025,1211.0
2024-05-30 02:15:00,FX:EURGBP,0.85025,0.8503499999999999,0.85017,0.85023,650.0
2024-05-30 02:20:00,FX:EURGBP,0.85023,0.85033,0.85015,0.8502,910.0
2024-05-30 02:25:00,FX:EURGBP,0.8502,0.85039,0.85019,0.85034,1024.0
2024-05-30 02:30:00,FX:EURGBP,0.85034,0.85069,0.8503,0.85066,1148.0
2024-05-30 02:35:00,FX:EURGBP,0.85066,0.85066,0.85045,0.8505,1065.0
2024-05-30 02:40:00,FX:EURGBP,0.8505,0.85054,0.85044,0.8505199999999999,817.0
2024-05-30 02:45:00,FX:EURGBP,0.8505199999999999,0.85084,0.85051,0.8507399999999999,1461.0
2024-05-30 02:50:00,FX:EURGBP,0.8507399999999999,0.85086,0.8507,0.85086,675.0
2024-05-30 02:55:00,FX:EURGBP,0.85086,0.85086,0.85041,0.8505,887.0
2024-05-30 03:00:00,FX:EURGBP,0.8505,0.85071,0.85047,0.85054,994.0
2024-05-30 03:05:00,FX:EURGBP,0.85054,0.85081,0.8505,0.85078,716.0
2024-05-30 03:10:00,FX:EURGBP,0.85078,0.85093,0.85072,0.85092,706.0
2024-05-30 03:15:00,FX:EURGBP,0.85092,0.851,0.85088,0.85092,682.0
2024-05-30 03:20:00,FX:EURGBP,0.85092,0.85107,0.8509,0.85099,989.0
2024-05-30 03:25:00,FX:EURGBP,0.85099,0.85104,0.85081,0.85089,692.0
2024-05-30 03:30:00,FX:EURGBP,0.85089,0.85104,0.85088,0.85099,699.0
2024-05-30 03:35:00,FX:EURGBP,0.85099,0.85109,0.8509599999999999,0.85101,907.0
2024-05-30 03:40:00,FX:EURGBP,0.85101,0.8511,0.85097,0.85099,840.0
2024-05-30 03:45:00,FX:EURGBP,0.85099,0.85107,0.8509599999999999,0.85103,577.0
2024-05-30 03:50:00,FX:EURGBP,0.85103,0.85106,0.85088,0.85088,653.0
2024-05-30 03:55:00,FX:EURGBP,0.85088,0.85094,0.85068,0.8507399999999999,832.0
2024-05-30 04:00:00,FX:EURGBP,0.8507399999999999,0.85078,0.85064,0.85066,825.0
2024-05-30 04:05:00,FX:EURGBP,0.85066,0.8507,0.85047,0.8506,960.0
2024-05-30 04:10:00,FX:EURGBP,0.8506,0.85071,0.8505199999999999,0.85056,664.0
2024-05-30 04:15:00,FX:EURGBP,0.85056,0.85077,0.85053,0.85056,516.0
2024-05-30 04:20:00,FX:EURGBP,0.85056,0.85067,0.85054,0.85058,521.0
2024-05-30 04:25:00,FX:EURGBP,0.85058,0.85075,0.8505699999999999,0.8507399999999999,651.0
2024-05-30 04:30:00,FX:EURGBP,0.8507399999999999,0.8507899999999999,0.85062,0.85062,704.0
2024-05-30 04:35:00,FX:EURGBP,0.85062,0.85072,0.8506,0.85066,832.0
2024-05-30 04:40:00,FX:EURGBP,0.85066,0.85071,0.85056,0.85061,703.0
2024-05-30 04:45:00,FX:EURGBP,0.85061,0.85064,0.85054,0.85061,602.0
2024-05-30 04:50:00,FX:EURGBP,0.85061,0.85069,0.8506,0.8506,501.0
2024-05-30 04:55:00,FX:EURGBP,0.8506,0.85066,0.85055,0.85062,441.0
2024-05-30 05:00:00,FX:EURGBP,0.85062,0.8509099999999999,0.85058,0.8509,707.0
2024-05-30 05:05:00,FX:EURGBP,0.8509,0.8509099999999999,0.8507899999999999,0.85085,577.0
2024-05-30 05:10:00,FX:EURGBP,0.85085,0.85086,0.85073,0.85077,494.0
2024-05-30 05:15:00,FX:EURGBP,0.85077,0.85084,0.8507399999999999,0.8508,724.0
2024-05-30 05:20:00,FX:EURGBP,0.8508,0.85081,0.85062,0.85066,749.0
2024-05-30 05:25:00,FX:EURGBP,0.85066,0.85067,0.85051,0.85059,631.0
2024-05-30 05:30:00,FX:EURGBP,0.85059,0.85062,0.85048,0.85053,692.0
2024-05-30 05:35:00,FX:EURGBP,0.85053,0.8505699999999999,0.85038,0.8503999999999999,663.0
2024-05-30 05:40:00,FX:EURGBP,0.8503999999999999,0.85064,0.85036,0.85058,762.0
2024-05-30 05:45:00,FX:EURGBP,0.85058,0.85076,0.8505699999999999,0.85076,705.0
2024-05-30 05:50:00,FX:EURGBP,0.85076,0.85089,0.85076,0.85085,427.0
2024-05-30 05:55:00,FX:EURGBP,0.85085,0.85092,0.8508,0.85089,721.0
2024-05-30 06:00:00,FX:EURGBP,0.85089,0.851,0.85088,0.85089,599.0
2024-05-30 06:05:00,FX:EURGBP,0.85089,0.85089,0.85068,0.85076,680.0
2024-05-30 06:10:00,FX:EURGBP,0.85076,0.85078,0.8505699999999999,0.8506,849.0
2024-05-30 06:15:00,FX:EURGBP,0.8506,0.85078,0.85059,0.85076,580.0
2024-05-30 06:20:00,FX:EURGBP,0.85076,0.8507899999999999,0.85067,0.85072,568.0
2024-05-30 06:25:00,FX:EURGBP,0.85072,0.85077,0.85063,0.8507399999999999,595.0
2024-05-30 06:30:00,FX:EURGBP,0.8507399999999999,0.8507899999999999,0.85067,0.85076,462.0
2024-05-30 06:35:00,FX:EURGBP,0.85076,0.85094,0.85076,0.8509099999999999,605.0
2024-05-30 06:40:00,FX:EURGBP,0.8509099999999999,0.85102,0.8509,0.85101,667.0
2024-05-30 06:45:00,FX:EURGBP,0.85101,0.85114,0.85099,0.8511,633.0
2024-05-30 06:50:00,FX:EURGBP,0.8511,0.85127,0.85106,0.85123,552.0
2024-05-30 06:55:00,FX:EURGBP,0.85123,0.85127,0.8511299999999999,0.8511799999999999,670.0
2024-05-30 07:00:00,FX:EURGBP,0.8511799999999999,0.8511799999999999,0.85097,0.85099,697.0
2024-05-30 07:05:00,FX:EURGBP,0.85099,0.85112,0.85097,0.85102,838.0
2024-05-30 07:10:00,FX:EURGBP,0.85102,0.8511799999999999,0.8509599999999999,0.85106,659.0
2024-05-30 07:15:00,FX:EURGBP,0.85106,0.85112,0.85097,0.85099,552.0
2024-05-30 07:20:00,FX:EURGBP,0.85099,0.85099,0.85089,0.85095,622.0
2024-05-30 07:25:00,FX:EURGBP,0.85095,0.85105,0.85067,0.8507399999999999,781.0
2024-05-30 07:30:00,FX:EURGBP,0.8507399999999999,0.85117,0.85061,0.8508,2582.0
2024-05-30 07:35:00,FX:EURGBP,0.8508,0.85086,0.8507,0.85081,2121.0
2024-05-30 07:40:00,FX:EURGBP,0.85081,0.85099,0.85076,0.85098,1464.0
2024-05-30 07:45:00,FX:EURGBP,0.85098,0.8511299999999999,0.85095,0.8511,1172.0
2024-05-30 07:50:00,FX:EURGBP,0.8511,0.85115,0.85099,0.85108,1039.0
2024-05-30 07:55:00,FX:EURGBP,0.85108,0.85119,0.8509599999999999,0.85104,999.0
2024-05-30 08:00:00,FX:EURGBP,0.85104,0.85116,0.85097,0.8511,1264.0
2024-05-30 08:05:00,FX:EURGBP,0.8511,0.85119,0.85104,0.8511799999999999,876.0
2024-05-30 08:10:00,FX:EURGBP,0.8511799999999999,0.85124,0.85103,0.85106,1001.0
2024-05-30 08:15:00,FX:EURGBP,0.85106,0.85131,0.85105,0.85129,756.0
2024-05-30 08:20:00,FX:EURGBP,0.85129,0.8513999999999999,0.8512,0.85122,569.0
2024-05-30 08:25:00,FX:EURGBP,0.85122,0.85122,0.85106,0.85107,806.0
2024-05-30 08:30:00,FX:EURGBP,0.85107,0.8511299999999999,0.85083,0.85084,930.0
2024-05-30 08:35:00,FX:EURGBP,0.85084,0.8509099999999999,0.8507,0.8509,1087.0
2024-05-30 08:40:00,FX:EURGBP,0.8509,0.8509,0.85068,0.85073,1071.0
2024-05-30 08:45:00,FX:EURGBP,0.85073,0.8508,0.85066,0.85069,1110.0
2024-05-30 08:50:00,FX:EURGBP,0.85069,0.8507899999999999,0.85056,0.85056,1016.0
2024-05-30 08:55:00,FX:EURGBP,0.85056,0.85072,0.85047,0.85066,915.0
2024-05-30 09:00:00,FX:EURGBP,0.85066,0.85116,0.85061,0.85116,1810.0
2024-05-30 09:05:00,FX:EURGBP,0.85116,0.85145,0.8511,0.85132,1375.0
2024-05-30 09:10:00,FX:EURGBP,0.85132,0.85154,0.85126,0.85127,987.0
2024-05-30 09:15:00,FX:EURGBP,0.85127,0.85142,0.8512,0.85133,862.0
2024-05-30 09:20:00,FX:EURGBP,0.85133,0.85141,0.85127,0.8513,762.0
2024-05-30 09:25:00,FX:EURGBP,0.8513,0.85141,0.85126,0.85133,557.0
2024-05-30 09:30:00,FX:EURGBP,0.85133,0.85151,0.85129,0.85144,687.0
2024-05-30 09:35:00,FX:EURGBP,0.85144,0.8515199999999999,0.85141,0.85144,829.0
2024-05-30 09:40:00,FX:EURGBP,0.85144,0.85172,0.85139,0.8516,685.0
2024-05-30 09:45:00,FX:EURGBP,0.8516,0.8516,0.85131,0.85137,798.0
2024-05-30 09:50:00,FX:EURGBP,0.85137,0.85138,0.85098,0.85099,785.0
2024-05-30 09:55:00,FX:EURGBP,0.85099,0.85108,0.85076,0.85102,1260.0
2024-05-30 10:00:00,FX:EURGBP,0.85102,0.85124,0.85101,0.8511799999999999,1069.0
2024-05-30 10:05:00,FX:EURGBP,0.8511799999999999,0.85126,0.85108,0.85108,980.0
2024-05-30 10:10:00,FX:EURGBP,0.85108,0.85114,0.85092,0.85097,706.0
2024-05-30 10:15:00,FX:EURGBP,0.85097,0.85107,0.85087,0.8509599999999999,694.0
2024-05-30 10:20:00,FX:EURGBP,0.8509599999999999,0.85101,0.85086,0.85098,833.0
2024-05-30 10:25:00,FX:EURGBP,0.85098,0.85102,0.8509,0.85097,877.0
2024-05-30 10:30:00,FX:EURGBP,0.85097,0.85101,0.85075,0.85077,871.0
2024-05-30 10:35:00,FX:EURGBP,0.85077,0.85093,0.85075,0.85092,818.0
2024-05-30 10:40:00,FX:EURGBP,0.85092,0.85094,0.85085,0.85085,557.0
2024-05-30 10:45:00,FX:EURGBP,0.85085,0.85094,0.85075,0.85081,577.0
2024-05-30 10:50:00,FX:EURGBP,0.85081,0.85086,0.85069,0.85077,580.0
2024-05-30 10:55:00,FX:EURGBP,0.85077,0.8508,0.85069,0.85075,384.0
2024-05-30 11:00:00,FX:EURGBP,0.85075,0.85088,0.85075,0.85084,756.0
2024-05-30 11:05:00,FX:EURGBP,0.85084,0.8509,0.8507899999999999,0.85085,605.0
2024-05-30 11:10:00,FX:EURGBP,0.85085,0.8509099999999999,0.85085,0.85087,637.0
2024-05-30 11:15:00,FX:EURGBP,0.85087,0.8509099999999999,0.85082,0.85088,571.0
2024-05-30 11:20:00,FX:EURGBP,0.85088,0.85089,0.85083,0.85085,469.0
2024-05-30 11:25:00,FX:EURGBP,0.85085,0.85085,0.85076,0.85077,377.0
2024-05-30 11:30:00,FX:EURGBP,0.85077,0.85084,0.85077,0.85082,352.0
2024-05-30 11:35:00,FX:EURGBP,0.85082,0.85089,0.8508,0.85085,528.0
2024-05-30 11:40:00,FX:EURGBP,0.85085,0.85086,0.85076,0.8507899999999999,491.0
2024-05-30 11:45:00,FX:EURGBP,0.8507899999999999,0.85084,0.85076,0.8507899999999999,277.0
2024-05-30 11:50:00,FX:EURGBP,0.8507899999999999,0.85082,0.85073,0.8508,296.0
2024-05-30 11:55:00,FX:EURGBP,0.8508,0.85092,0.85077,0.85077,385.0
2024-05-30 12:00:00,FX:EURGBP,0.85077,0.85084,0.85072,0.85083,373.0
2024-05-30 12:05:00,FX:EURGBP,0.85083,0.85093,0.8508,0.85092,471.0
2024-05-30 12:10:00,FX:EURGBP,0.85092,0.85094,0.8507899999999999,0.8508,478.0
2024-05-30 12:15:00,FX:EURGBP,0.8508,0.85084,0.85075,0.85082,345.0
2024-05-30 12:20:00,FX:EURGBP,0.85082,0.85083,0.85078,0.8508,402.0
2024-05-30 12:25:00,FX:EURGBP,0.8508,0.85082,0.85077,0.8507899999999999,335.0
2024-05-30 12:30:00,FX:EURGBP,0.8507899999999999,0.85086,0.85077,0.85084,316.0
2024-05-30 12:35:00,FX:EURGBP,0.85084,0.85084,0.8507399999999999,0.85076,340.0
2024-05-30 12:40:00,FX:EURGBP,0.85076,0.85078,0.85073,0.85076,285.0
2024-05-30 12:45:00,FX:EURGBP,0.85076,0.85088,0.85075,0.85087,433.0
2024-05-30 12:50:00,FX:EURGBP,0.85087,0.85089,0.8508,0.85082,238.0
2024-05-30 12:55:00,FX:EURGBP,0.85082,0.85089,0.85075,0.85077,478.0
2024-05-30 13:00:00,FX:EURGBP,0.85077,0.85092,0.8507399999999999,0.85089,373.0
2024-05-30 13:05:00,FX:EURGBP,0.85089,0.85089,0.85084,0.85087,222.0
2024-05-30 13:10:00,FX:EURGBP,0.85087,0.85088,0.85078,0.85082,282.0
2024-05-30 13:15:00,FX:EURGBP,0.85082,0.85086,0.8507899999999999,0.85085,406.0
2024-05-30 13:20:00,FX:EURGBP,0.85085,0.85089,0.85083,0.85085,197.0
2024-05-30 13:25:00,FX:EURGBP,0.85085,0.85093,0.85085,0.85087,384.0
2024-05-30 13:30:00,FX:EURGBP,0.85087,0.85088,0.85083,0.85085,247.0
2024-05-30 13:35:00,FX:EURGBP,0.85085,0.85094,0.85084,0.85093,393.0
2024-05-30 13:40:00,FX:EURGBP,0.85093,0.85097,0.85092,0.85095,280.0
2024-05-30 13:45:00,FX:EURGBP,0.85095,0.85098,0.85087,0.85088,396.0
2024-05-30 13:50:00,FX:EURGBP,0.85088,0.8509,0.85083,0.85084,209.0
2024-05-30 13:55:00,FX:EURGBP,0.85084,0.85087,0.85073,0.85077,364.0
2024-05-30 14:00:00,FX:EURGBP,0.85077,0.85083,0.8507,0.8507399999999999,406.0
2024-05-30 14:05:00,FX:EURGBP,0.8507399999999999,0.85085,0.8507399999999999,0.85083,382.0
2024-05-30 14:10:00,FX:EURGBP,0.85083,0.85085,0.8507,0.8507,264.0
2024-05-30 14:15:00,FX:EURGBP,0.8507,0.85076,0.85068,0.85075,208.0
2024-05-30 14:20:00,FX:EURGBP,0.85075,0.85086,0.85075,0.85084,313.0
2024-05-30 14:25:00,FX:EURGBP,0.85084,0.85087,0.8507899999999999,0.8508,457.0
2024-05-30 14:30:00,FX:EURGBP,0.8508,0.85082,0.8507399999999999,0.85075,593.0
2024-05-30 14:35:00,FX:EURGBP,0.85075,0.8507899999999999,0.85073,0.85073,467.0
2024-05-30 14:40:00,FX:EURGBP,0.85073,0.85077,0.85066,0.85075,475.0
2024-05-30 14:45:00,FX:EURGBP,0.85075,0.85081,0.85073,0.85076,521.0
2024-05-30 14:50:00,FX:EURGBP,0.85076,0.85076,0.85064,0.85069,573.0
2024-05-30 14:55:00,FX:EURGBP,0.85069,0.8507899999999999,0.85066,0.85069,517.0
2024-05-30 15:00:00,FX:EURGBP,0.85069,0.85073,0.85066,0.85072,294.0
2024-05-30 15:05:00,FX:EURGBP,0.85072,0.85078,0.8507,0.85075,205.0
2024-05-30 15:10:00,FX:EURGBP,0.85075,0.85078,0.85071,0.85073,236.0
2024-05-30 15:15:00,FX:EURGBP,0.85073,0.85073,0.85066,0.85067,207.0
2024-05-30 15:20:00,FX:EURGBP,0.85067,0.85072,0.85067,0.85069,156.0
2024-05-30 15:25:00,FX:EURGBP,0.85069,0.85075,0.85067,0.85069,187.0
2024-05-30 15:30:00,FX:EURGBP,0.85069,0.8507,0.85065,0.85069,218.0
2024-05-30 15:35:00,FX:EURGBP,0.85069,0.85071,0.85066,0.85066,99.0
2024-05-30 15:40:00,FX:EURGBP,0.85066,0.85072,0.85066,0.8507,153.0
2024-05-30 15:45:00,FX:EURGBP,0.8507,0.85075,0.85067,0.85073,99.0
2024-05-30 15:50:00,FX:EURGBP,0.85073,0.8507899999999999,0.85071,0.85075,167.0
2024-05-30 15:55:00,FX:EURGBP,0.85075,0.85075,0.85068,0.85072,143.0
2024-05-30 16:00:00,FX:EURGBP,0.85072,0.8507399999999999,0.8505,0.8505699999999999,12.0
2024-05-30 16:05:00,FX:EURGBP,0.8505699999999999,0.85062,0.85039,0.85046,211.0
2024-05-30 16:10:00,FX:EURGBP,0.85046,0.8508,0.85041,0.85078,172.0
2024-05-30 16:15:00,FX:EURGBP,0.85078,0.85102,0.85032,0.85069,313.0
2024-05-30 16:20:00,FX:EURGBP,0.85069,0.85093,0.85045,0.8505,259.0
2024-05-30 16:25:00,FX:EURGBP,0.8505,0.85073,0.8503499999999999,0.85066,198.0
2024-05-30 16:30:00,FX:EURGBP,0.85066,0.85073,0.85046,0.85056,170.0
2024-05-30 16:35:00,FX:EURGBP,0.85056,0.85068,0.85043,0.85066,265.0
2024-05-30 16:40:00,FX:EURGBP,0.85066,0.85076,0.8506,0.85068,336.0
2024-05-30 16:45:00,FX:EURGBP,0.85068,0.85082,0.85056,0.8505699999999999,446.0
2024-05-30 16:50:00,FX:EURGBP,0.8505699999999999,0.85082,0.85056,0.85072,756.0
2024-05-30 16:55:00,FX:EURGBP,0.85072,0.8508,0.85053,0.85064,681.0
2024-05-30 17:00:00,FX:EURGBP,0.85064,0.85085,0.85053,0.85085,219.0
2024-05-30 17:05:00,FX:EURGBP,0.85085,0.85087,0.8507899999999999,0.85086,113.0
2024-05-30 17:10:00,FX:EURGBP,0.85086,0.85086,0.85083,0.85086,83.0
2024-05-30 17:15:00,FX:EURGBP,0.85086,0.85086,0.85081,0.85083,187.0
2024-05-30 17:20:00,FX:EURGBP,0.85083,0.85086,0.8508,0.85082,158.0
2024-05-30 17:25:00,FX:EURGBP,0.85082,0.85086,0.8507899999999999,0.85085,86.0
2024-05-30 17:30:00,FX:EURGBP,0.85085,0.85086,0.8507899999999999,0.85085,84.0
2024-05-30 17:35:00,FX:EURGBP,0.85085,0.85087,0.85082,0.85086,71.0
2024-05-30 17:40:00,FX:EURGBP,0.85086,0.85089,0.85086,0.85086,75.0
2024-05-30 17:45:00,FX:EURGBP,0.85086,0.85088,0.85085,0.85086,66.0
2024-05-30 17:50:00,FX:EURGBP,0.85086,0.8509099999999999,0.85085,0.85088,107.0
2024-05-30 17:55:00,FX:EURGBP,0.85088,0.85089,0.85086,0.85086,94.0
2024-05-30 18:00:00,FX:EURGBP,0.85086,0.85094,0.85086,0.8509,67.0
2024-05-30 18:05:00,FX:EURGBP,0.8509,0.851,0.85089,0.85099,94.0
2024-05-30 18:10:00,FX:EURGBP,0.85099,0.85099,0.85098,0.85099,29.0
2024-05-30 18:15:00,FX:EURGBP,0.85099,0.851,0.85098,0.85098,27.0
2024-05-30 18:20:00,FX:EURGBP,0.85098,0.85103,0.85098,0.851,135.0
2024-05-30 18:25:00,FX:EURGBP,0.851,0.85101,0.85094,0.85094,130.0
2024-05-30 18:30:00,FX:EURGBP,0.85094,0.85098,0.85093,0.85094,155.0
2024-05-30 18:35:00,FX:EURGBP,0.85094,0.8509599999999999,0.85092,0.85095,185.0
2024-05-30 18:40:00,FX:EURGBP,0.85095,0.85095,0.85081,0.85082,229.0
2024-05-30 18:45:00,FX:EURGBP,0.85082,0.8509,0.85081,0.85088,373.0
2024-05-30 18:50:00,FX:EURGBP,0.85088,0.85092,0.85086,0.85092,268.0
2024-05-30 18:55:00,FX:EURGBP,0.85092,0.8509599999999999,0.85087,0.8509099999999999,247.0
2024-05-30 19:00:00,FX:EURGBP,0.8509099999999999,0.85093,0.8507899999999999,0.85084,512.0
2024-05-30 19:05:00,FX:EURGBP,0.85084,0.85086,0.85078,0.8508,454.0
2024-05-30 19:10:00,FX:EURGBP,0.8508,0.85087,0.85078,0.85084,508.0
2024-05-30 19:15:00,FX:EURGBP,0.85084,0.85087,0.85078,0.85081,534.0
2024-05-30 19:20:00,FX:EURGBP,0.85081,0.85086,0.8507899999999999,0.85081,535.0
2024-05-30 19:25:00,FX:EURGBP,0.85081,0.85088,0.85081,0.85083,547.0
2024-05-30 19:30:00,FX:EURGBP,0.85083,0.85087,0.8508,0.85084,509.0
2024-05-30 19:35:00,FX:EURGBP,0.85084,0.85089,0.8508,0.8508,546.0
2024-05-30 19:40:00,FX:EURGBP,0.8508,0.85086,0.8508,0.85081,310.0
2024-05-30 19:45:00,FX:EURGBP,0.85081,0.85088,0.85081,0.85087,372.0
2024-05-30 19:50:00,FX:EURGBP,0.85087,0.85089,0.85062,0.85064,652.0
2024-05-30 19:55:00,FX:EURGBP,0.85064,0.85089,0.85064,0.85088,494.0
2024-05-30 20:00:00,FX:EURGBP,0.85088,0.85092,0.85084,0.8509099999999999,590.0
2024-05-30 20:05:00,FX:EURGBP,0.8509099999999999,0.8509599999999999,0.85085,0.85088,740.0
2024-05-30 20:10:00,FX:EURGBP,0.85088,0.8509599999999999,0.85086,0.85087,618.0
2024-05-30 20:15:00,FX:EURGBP,0.85087,0.8509099999999999,0.85082,0.85085,620.0
2024-05-30 20:20:00,FX:EURGBP,0.85085,0.85087,0.8507899999999999,0.85081,529.0
2024-05-30 20:25:00,FX:EURGBP,0.85081,0.85086,0.85078,0.85078,373.0
2024-05-30 20:30:00,FX:EURGBP,0.85078,0.85087,0.85078,0.85078,579.0
2024-05-30 20:35:00,FX:EURGBP,0.85078,0.8508,0.85066,0.85072,581.0
2024-05-30 20:40:00,FX:EURGBP,0.85072,0.8507399999999999,0.85064,0.85067,449.0
2024-05-30 20:45:00,FX:EURGBP,0.85067,0.85067,0.85055,0.8505699999999999,542.0
2024-05-30 20:50:00,FX:EURGBP,0.8505699999999999,0.8506,0.85051,0.85056,486.0
2024-05-30 20:55:00,FX:EURGBP,0.85056,0.85058,0.85051,0.85055,444.0
2024-05-30 21:00:00,FX:EURGBP,0.85055,0.85055,0.85045,0.85047,507.0
2024-05-30 21:05:00,FX:EURGBP,0.85047,0.85048,0.85041,0.85047,372.0
2024-05-30 21:10:00,FX:EURGBP,0.85047,0.85053,0.85047,0.85047,428.0
2024-05-30 21:15:00,FX:EURGBP,0.85047,0.85049,0.85037,0.85039,406.0
2024-05-30 21:20:00,FX:EURGBP,0.85039,0.8503999999999999,0.85036,0.85036,391.0
2024-05-30 21:25:00,FX:EURGBP,0.85036,0.8503999999999999,0.8503499999999999,0.85039,408.0
2024-05-30 21:30:00,FX:EURGBP,0.85039,0.85042,0.85036,0.85042,391.0
2024-05-30 21:35:00,FX:EURGBP,0.85042,0.85045,0.85033,0.8503499999999999,406.0
2024-05-30 21:40:00,FX:EURGBP,0.8503499999999999,0.85038,0.85029,0.85031,478.0
2024-05-30 21:45:00,FX:EURGBP,0.85031,0.85038,0.85027,0.85036,662.0
2024-05-30 21:50:00,FX:EURGBP,0.85036,0.8503999999999999,0.85032,0.8503499999999999,537.0
2024-05-30 21:55:00,FX:EURGBP,0.8503499999999999,0.85036,0.85015,0.85016,603.0
2024-05-30 22:00:00,FX:EURGBP,0.85016,0.85025,0.85016,0.85016,577.0
2024-05-30 22:05:00,FX:EURGBP,0.85016,0.85023,0.8501,0.85012,624.0
2024-05-30 22:10:00,FX:EURGBP,0.85012,0.85027,0.85009,0.85021,403.0
2024-05-30 22:15:00,FX:EURGBP,0.85021,0.8503499999999999,0.85021,0.85033,442.0
2024-05-30 22:20:00,FX:EURGBP,0.85033,0.85042,0.85031,0.8503499999999999,410.0
2024-05-30 22:25:00,FX:EURGBP,0.8503499999999999,0.85042,0.85033,0.85041,552.0
2024-05-30 22:30:00,FX:EURGBP,0.85041,0.85047,0.85037,0.85046,517.0
2024-05-30 22:35:00,FX:EURGBP,0.85046,0.85049,0.85044,0.85048,444.0
2024-05-30 22:40:00,FX:EURGBP,0.85048,0.8505199999999999,0.85046,0.85048,395.0
2024-05-30 22:45:00,FX:EURGBP,0.85048,0.8505199999999999,0.85042,0.85043,267.0
2024-05-30 22:50:00,FX:EURGBP,0.85043,0.85047,0.85042,0.85043,342.0
2024-05-30 22:55:00,FX:EURGBP,0.85043,0.85043,0.85034,0.8503499999999999,274.0
2024-05-30 23:00:00,FX:EURGBP,0.8503499999999999,0.8503999999999999,0.85029,0.8503499999999999,353.0
2024-05-30 23:05:00,FX:EURGBP,0.8503499999999999,0.85039,0.85027,0.85032,554.0
2024-05-30 23:10:00,FX:EURGBP,0.85032,0.85036,0.85025,0.85029,337.0
2024-05-30 23:15:00,FX:EURGBP,0.85029,0.85041,0.85026,0.8503999999999999,324.0
2024-05-30 23:20:00,FX:EURGBP,0.8503999999999999,0.85046,0.85038,0.8503999999999999,347.0
2024-05-30 23:25:00,FX:EURGBP,0.8503999999999999,0.85046,0.85039,0.85042,319.0
2024-05-30 23:30:00,FX:EURGBP,0.85042,0.85047,0.85041,0.85046,261.0
2024-05-30 23:35:00,FX:EURGBP,0.85046,0.8505199999999999,0.85046,0.85051,228.0
2024-05-30 23:40:00,FX:EURGBP,0.85051,0.85058,0.85051,0.85055,264.0
2024-05-30 23:45:00,FX:EURGBP,0.85055,0.85055,0.85043,0.85049,436.0
2024-05-30 23:50:00,FX:EURGBP,0.85049,0.85051,0.85044,0.85051,507.0
2024-05-30 23:55:00,FX:EURGBP,0.85051,0.85053,0.85037,0.8503999999999999,433.0
2024-05-31 00:00:00,FX:EURGBP,0.8503999999999999,0.85042,0.85034,0.85039,380.0
2024-05-31 00:05:00,FX:EURGBP,0.85039,0.8503999999999999,0.8503,0.85034,501.0
2024-05-31 00:10:00,FX:EURGBP,0.85034,0.85042,0.85033,0.85034,339.0
2024-05-31 00:15:00,FX:EURGBP,0.85034,0.85034,0.85028,0.85032,321.0
2024-05-31 00:20:00,FX:EURGBP,0.85032,0.85036,0.8503,0.85033,276.0
2024-05-31 00:25:00,FX:EURGBP,0.85033,0.85049,0.85032,0.85047,423.0
2024-05-31 00:30:00,FX:EURGBP,0.85047,0.85049,0.85041,0.85041,448.0
2024-05-31 00:35:00,FX:EURGBP,0.85041,0.85051,0.85041,0.8505,499.0
2024-05-31 00:40:00,FX:EURGBP,0.8505,0.85051,0.85039,0.85041,320.0
2024-05-31 00:45:00,FX:EURGBP,0.85041,0.85051,0.85039,0.85049,363.0
2024-05-31 00:50:00,FX:EURGBP,0.85049,0.85054,0.85045,0.85053,506.0
2024-05-31 00:55:00,FX:EURGBP,0.85053,0.85065,0.85051,0.85063,373.0
2024-05-31 01:00:00,FX:EURGBP,0.85063,0.85066,0.8505199999999999,0.85059,830.0
2024-05-31 01:05:00,FX:EURGBP,0.85059,0.85066,0.85051,0.85065,620.0
2024-05-31 01:10:00,FX:EURGBP,0.85065,0.85078,0.85064,0.8507,694.0
2024-05-31 01:15:00,FX:EURGBP,0.8507,0.85072,0.8505699999999999,0.85069,579.0
2024-05-31 01:20:00,FX:EURGBP,0.85069,0.8507399999999999,0.85065,0.85073,572.0
2024-05-31 01:25:00,FX:EURGBP,0.85073,0.85083,0.85072,0.85077,433.0
2024-05-31 01:30:00,FX:EURGBP,0.85077,0.85084,0.85075,0.8508,429.0
2024-05-31 01:35:00,FX:EURGBP,0.8508,0.85082,0.85064,0.85066,436.0
2024-05-31 01:40:00,FX:EURGBP,0.85066,0.85089,0.85066,0.85085,496.0
2024-05-31 01:45:00,FX:EURGBP,0.85085,0.85093,0.85078,0.8509099999999999,1016.0
2024-05-31 01:50:00,FX:EURGBP,0.8509099999999999,0.85116,0.8509,0.8511299999999999,730.0
2024-05-31 01:55:00,FX:EURGBP,0.8511299999999999,0.8513499999999999,0.8511,0.85131,836.0
2024-05-31 02:00:00,FX:EURGBP,0.85131,0.85147,0.85121,0.85146,1258.0
2024-05-31 02:05:00,FX:EURGBP,0.85146,0.85154,0.85141,0.8515199999999999,837.0
2024-05-31 02:10:00,FX:EURGBP,0.8515199999999999,0.85167,0.85149,0.85154,741.0
2024-05-31 02:15:00,FX:EURGBP,0.85154,0.85187,0.85153,0.85178,958.0
2024-05-31 02:20:00,FX:EURGBP,0.85178,0.85192,0.85177,0.85187,662.0
2024-05-31 02:25:00,FX:EURGBP,0.85187,0.85193,0.85161,0.85165,816.0
2024-05-31 02:30:00,FX:EURGBP,0.85165,0.8517399999999999,0.85158,0.85161,733.0
2024-05-31 02:35:00,FX:EURGBP,0.85161,0.85175,0.85158,0.85171,847.0
2024-05-31 02:40:00,FX:EURGBP,0.85171,0.85188,0.85164,0.85169,924.0
2024-05-31 02:45:00,FX:EURGBP,0.85169,0.85188,0.85163,0.85184,993.0
2024-05-31 02:50:00,FX:EURGBP,0.85184,0.85191,0.85178,0.85184,816.0
2024-05-31 02:55:00,FX:EURGBP,0.85184,0.85188,0.8517399999999999,0.85175,902.0
2024-05-31 03:00:00,FX:EURGBP,0.85175,0.85184,0.8517399999999999,0.85177,597.0
2024-05-31 03:05:00,FX:EURGBP,0.85177,0.8518,0.85158,0.8517399999999999,816.0
2024-05-31 03:10:00,FX:EURGBP,0.8517399999999999,0.85182,0.85163,0.8517,667.0
2024-05-31 03:15:00,FX:EURGBP,0.8517,0.85176,0.85154,0.85155,688.0
2024-05-31 03:20:00,FX:EURGBP,0.85155,0.85163,0.8515,0.85155,778.0
2024-05-31 03:25:00,FX:EURGBP,0.85155,0.8517399999999999,0.85153,0.85169,454.0
2024-05-31 03:30:00,FX:EURGBP,0.85169,0.85184,0.85165,0.8517899999999999,798.0
2024-05-31 03:35:00,FX:EURGBP,0.8517899999999999,0.85212,0.85177,0.85208,595.0
2024-05-31 03:40:00,FX:EURGBP,0.85208,0.85224,0.85202,0.85221,448.0
2024-05-31 03:45:00,FX:EURGBP,0.85221,0.85229,0.85209,0.85221,655.0
2024-05-31 03:50:00,FX:EURGBP,0.85221,0.85231,0.85212,0.85225,799.0
2024-05-31 03:55:00,FX:EURGBP,0.85225,0.85266,0.85225,0.85237,896.0
2024-05-31 04:00:00,FX:EURGBP,0.85237,0.85302,0.85236,0.8525699999999999,1526.0
2024-05-31 04:05:00,FX:EURGBP,0.8525699999999999,0.85264,0.85245,0.8525,934.0
2024-05-31 04:10:00,FX:EURGBP,0.8525,0.85269,0.85242,0.85265,683.0
2024-05-31 04:15:00,FX:EURGBP,0.85265,0.8528,0.8526199999999999,0.85277,708.0
2024-05-31 04:20:00,FX:EURGBP,0.85277,0.85298,0.8527399999999999,0.85288,860.0
2024-05-31 04:25:00,FX:EURGBP,0.85288,0.85292,0.85265,0.85265,684.0
2024-05-31 04:30:00,FX:EURGBP,0.85265,0.8527399999999999,0.85259,0.8526,617.0
2024-05-31 04:35:00,FX:EURGBP,0.8526,0.85268,0.85236,0.85238,641.0
2024-05-31 04:40:00,FX:EURGBP,0.85238,0.85249,0.85219,0.85243,807.0
2024-05-31 04:45:00,FX:EURGBP,0.85243,0.85255,0.85236,0.85243,837.0
2024-05-31 04:50:00,FX:EURGBP,0.85243,0.85246,0.85214,0.85223,417.0
2024-05-31 04:55:00,FX:EURGBP,0.85223,0.85253,0.85222,0.85252,575.0
2024-05-31 05:00:00,FX:EURGBP,0.85252,0.85252,0.85231,0.85236,572.0
2024-05-31 05:05:00,FX:EURGBP,0.85236,0.85242,0.85231,0.85238,415.0
2024-05-31 05:10:00,FX:EURGBP,0.85238,0.8523999999999999,0.85228,0.85236,498.0
2024-05-31 05:15:00,FX:EURGBP,0.85236,0.8523999999999999,0.85223,0.85237,610.0
2024-05-31 05:20:00,FX:EURGBP,0.85237,0.85244,0.85234,0.85242,658.0
2024-05-31 05:25:00,FX:EURGBP,0.85242,0.85259,0.85241,0.8525,611.0
2024-05-31 05:30:00,FX:EURGBP,0.8525,0.85277,0.8525,0.8527399999999999,528.0
2024-05-31 05:35:00,FX:EURGBP,0.8527399999999999,0.85291,0.8527,0.85289,608.0
2024-05-31 05:40:00,FX:EURGBP,0.85289,0.85303,0.85286,0.8530099999999999,430.0
2024-05-31 05:45:00,FX:EURGBP,0.8530099999999999,0.85308,0.85291,0.8529599999999999,442.0
2024-05-31 05:50:00,FX:EURGBP,0.8529599999999999,0.8531,0.85288,0.8529,626.0
2024-05-31 05:55:00,FX:EURGBP,0.8529,0.8529599999999999,0.8528,0.85282,737.0
2024-05-31 06:00:00,FX:EURGBP,0.85282,0.85297,0.85281,0.8529599999999999,683.0
2024-05-31 06:05:00,FX:EURGBP,0.8529599999999999,0.8531,0.85292,0.85308,358.0
2024-05-31 06:10:00,FX:EURGBP,0.85308,0.85309,0.85291,0.85297,590.0
2024-05-31 06:15:00,FX:EURGBP,0.85297,0.85306,0.85292,0.85305,649.0
2024-05-31 06:20:00,FX:EURGBP,0.85305,0.85311,0.85294,0.8531,630.0
2024-05-31 06:25:00,FX:EURGBP,0.8531,0.85311,0.8529,0.8530099999999999,581.0
2024-05-31 06:30:00,FX:EURGBP,0.8530099999999999,0.85317,0.8529599999999999,0.85309,512.0
2024-05-31 06:35:00,FX:EURGBP,0.85309,0.8533,0.85308,0.85321,759.0
2024-05-31 06:40:00,FX:EURGBP,0.85321,0.85345,0.85317,0.85339,866.0
2024-05-31 06:45:00,FX:EURGBP,0.85339,0.85358,0.85336,0.85345,782.0
2024-05-31 06:50:00,FX:EURGBP,0.85345,0.85367,0.85345,0.85354,719.0
2024-05-31 06:55:00,FX:EURGBP,0.85354,0.85365,0.85351,0.85358,845.0
2024-05-31 07:00:00,FX:EURGBP,0.85358,0.8536199999999999,0.85349,0.8535699999999999,919.0
2024-05-31 07:05:00,FX:EURGBP,0.8535699999999999,0.85366,0.85349,0.85365,703.0
2024-05-31 07:10:00,FX:EURGBP,0.85365,0.85373,0.85361,0.85364,489.0
2024-05-31 07:15:00,FX:EURGBP,0.85364,0.85366,0.85352,0.85366,486.0
2024-05-31 07:20:00,FX:EURGBP,0.85366,0.85377,0.85363,0.85375,640.0
2024-05-31 07:25:00,FX:EURGBP,0.85375,0.85377,0.85355,0.8535699999999999,703.0
2024-05-31 07:30:00,FX:EURGBP,0.8535699999999999,0.85385,0.85275,0.85354,3200.0
2024-05-31 07:35:00,FX:EURGBP,0.85354,0.8538,0.85345,0.85373,1407.0
2024-05-31 07:40:00,FX:EURGBP,0.85373,0.85405,0.85373,0.85385,1361.0
2024-05-31 07:45:00,FX:EURGBP,0.85385,0.85388,0.85351,0.8536,1411.0
2024-05-31 07:50:00,FX:EURGBP,0.8536,0.85385,0.8535699999999999,0.85375,1512.0
2024-05-31 07:55:00,FX:EURGBP,0.85375,0.85376,0.85338,0.8535699999999999,1468.0
2024-05-31 08:00:00,FX:EURGBP,0.8535699999999999,0.85364,0.8533999999999999,0.85341,1386.0
2024-05-31 08:05:00,FX:EURGBP,0.85341,0.85359,0.8533,0.85332,1025.0
2024-05-31 08:10:00,FX:EURGBP,0.85332,0.85333,0.8529599999999999,0.85298,852.0
2024-05-31 08:15:00,FX:EURGBP,0.85298,0.853,0.85277,0.85284,761.0
2024-05-31 08:20:00,FX:EURGBP,0.85284,0.8529,0.85269,0.85278,625.0
2024-05-31 08:25:00,FX:EURGBP,0.85278,0.85295,0.85276,0.85285,775.0
2024-05-31 08:30:00,FX:EURGBP,0.85285,0.85298,0.85246,0.85253,1388.0
2024-05-31 08:35:00,FX:EURGBP,0.85253,0.85261,0.85237,0.85256,797.0
2024-05-31 08:40:00,FX:EURGBP,0.85256,0.85263,0.85238,0.85254,944.0
2024-05-31 08:45:00,FX:EURGBP,0.85254,0.85254,0.85216,0.85217,1295.0
2024-05-31 08:50:00,FX:EURGBP,0.85217,0.85224,0.85184,0.85184,1029.0
2024-05-31 08:55:00,FX:EURGBP,0.85184,0.852,0.85176,0.8519599999999999,1381.0
2024-05-31 09:00:00,FX:EURGBP,0.8519599999999999,0.85205,0.85184,0.8519,1095.0
2024-05-31 09:05:00,FX:EURGBP,0.8519,0.85204,0.85184,0.852,1072.0
2024-05-31 09:10:00,FX:EURGBP,0.852,0.85225,0.852,0.85224,1228.0
2024-05-31 09:15:00,FX:EURGBP,0.85224,0.85233,0.85209,0.85219,1310.0
2024-05-31 09:20:00,FX:EURGBP,0.85219,0.85229,0.85209,0.85211,1194.0
2024-05-31 09:25:00,FX:EURGBP,0.85211,0.85211,0.85168,0.8519,1418.0
2024-05-31 09:30:00,FX:EURGBP,0.8519,0.85204,0.85173,0.8518,1057.0
2024-05-31 09:35:00,FX:EURGBP,0.8518,0.85195,0.85163,0.85176,998.0
2024-05-31 09:40:00,FX:EURGBP,0.85176,0.85198,0.85163,0.85198,1036.0
2024-05-31 09:45:00,FX:EURGBP,0.85198,0.85222,0.85198,0.85219,1048.0
2024-05-31 09:50:00,FX:EURGBP,0.85219,0.85241,0.85208,0.85226,1417.0
2024-05-31 09:55:00,FX:EURGBP,0.85226,0.85276,0.85226,0.85266,2603.0
2024-05-31 10:00:00,FX:EURGBP,0.85266,0.85283,0.85251,0.85272,2521.0
2024-05-31 10:05:00,FX:EURGBP,0.85272,0.85281,0.85268,0.85275,938.0
2024-05-31 10:10:00,FX:EURGBP,0.85275,0.8529599999999999,0.85267,0.85268,1081.0
2024-05-31 10:15:00,FX:EURGBP,0.85268,0.85275,0.85252,0.85254,887.0
2024-05-31 10:20:00,FX:EURGBP,0.85254,0.85261,0.85238,0.85248,1049.0
2024-05-31 10:25:00,FX:EURGBP,0.85248,0.8525,0.85231,0.85237,932.0
2024-05-31 10:30:00,FX:EURGBP,0.85237,0.85239,0.85207,0.85221,1053.0
2024-05-31 10:35:00,FX:EURGBP,0.85221,0.85225,0.85199,0.85203,1097.0
2024-05-31 10:40:00,FX:EURGBP,0.85203,0.85209,0.85198,0.85198,751.0
2024-05-31 10:45:00,FX:EURGBP,0.85198,0.8520099999999999,0.85182,0.85193,809.0
2024-05-31 10:50:00,FX:EURGBP,0.85193,0.85207,0.85184,0.8519599999999999,788.0
2024-05-31 10:55:00,FX:EURGBP,0.8519599999999999,0.85198,0.85165,0.85168,645.0
2024-05-31 11:00:00,FX:EURGBP,0.85168,0.85195,0.85166,0.85193,910.0
2024-05-31 11:05:00,FX:EURGBP,0.85193,0.8520099999999999,0.85183,0.85195,816.0
2024-05-31 11:10:00,FX:EURGBP,0.85195,0.85216,0.85195,0.85215,711.0
2024-05-31 11:15:00,FX:EURGBP,0.85215,0.85221,0.85193,0.8520099999999999,590.0
2024-05-31 11:20:00,FX:EURGBP,0.8520099999999999,0.8521799999999999,0.85193,0.85211,702.0
2024-05-31 11:25:00,FX:EURGBP,0.85211,0.85217,0.85204,0.85215,431.0
2024-05-31 11:30:00,FX:EURGBP,0.85215,0.85217,0.85206,0.85208,500.0
2024-05-31 11:35:00,FX:EURGBP,0.85208,0.85215,0.8520099999999999,0.85206,534.0
2024-05-31 11:40:00,FX:EURGBP,0.85206,0.85209,0.85191,0.8519599999999999,456.0
2024-05-31 11:45:00,FX:EURGBP,0.8519599999999999,0.85209,0.85195,0.85207,327.0
2024-05-31 11:50:00,FX:EURGBP,0.85207,0.85212,0.85194,0.85194,490.0
2024-05-31 11:55:00,FX:EURGBP,0.85194,0.85219,0.85194,0.85212,543.0
2024-05-31 12:00:00,FX:EURGBP,0.85212,0.8522,0.85208,0.8521799999999999,512.0
2024-05-31 12:05:00,FX:EURGBP,0.8521799999999999,0.85234,0.8521799999999999,0.85229,603.0
2024-05-31 12:10:00,FX:EURGBP,0.85229,0.85234,0.85227,0.85229,457.0
2024-05-31 12:15:00,FX:EURGBP,0.85229,0.8523999999999999,0.85229,0.85238,321.0
2024-05-31 12:20:00,FX:EURGBP,0.85238,0.85238,0.8521799999999999,0.85219,456.0
2024-05-31 12:25:00,FX:EURGBP,0.85219,0.85226,0.85212,0.8521299999999999,335.0
2024-05-31 12:30:00,FX:EURGBP,0.8521299999999999,0.8521799999999999,0.85212,0.85212,222.0
2024-05-31 12:35:00,FX:EURGBP,0.85212,0.85212,0.85202,0.85207,503.0
2024-05-31 12:40:00,FX:EURGBP,0.85207,0.8521299999999999,0.85205,0.8521299999999999,386.0
2024-05-31 12:45:00,FX:EURGBP,0.8521299999999999,0.85221,0.85207,0.85219,262.0
2024-05-31 12:50:00,FX:EURGBP,0.85219,0.85233,0.8521799999999999,0.85227,400.0
2024-05-31 12:55:00,FX:EURGBP,0.85227,0.8523,0.85223,0.85227,423.0
2024-05-31 13:00:00,FX:EURGBP,0.85227,0.85227,0.85219,0.85224,426.0
2024-05-31 13:05:00,FX:EURGBP,0.85224,0.85224,0.8521299999999999,0.85215,450.0
2024-05-31 13:10:00,FX:EURGBP,0.85215,0.85215,0.85205,0.85211,550.0
2024-05-31 13:15:00,FX:EURGBP,0.85211,0.85216,0.85207,0.8521,596.0
2024-05-31 13:20:00,FX:EURGBP,0.8521,0.85212,0.85204,0.85205,220.0
2024-05-31 13:25:00,FX:EURGBP,0.85205,0.85209,0.85205,0.85206,202.0
2024-05-31 13:30:00,FX:EURGBP,0.85206,0.85207,0.85197,0.85197,342.0
2024-05-31 13:35:00,FX:EURGBP,0.85197,0.85198,0.85188,0.85193,358.0
2024-05-31 13:40:00,FX:EURGBP,0.85193,0.85202,0.85191,0.85193,443.0
2024-05-31 13:45:00,FX:EURGBP,0.85193,0.85194,0.85183,0.85183,372.0
2024-05-31 13:50:00,FX:EURGBP,0.85183,0.85183,0.8517399999999999,0.85177,321.0
2024-05-31 13:55:00,FX:EURGBP,0.85177,0.8517899999999999,0.85161,0.85164,456.0
2024-05-31 14:00:00,FX:EURGBP,0.85164,0.8518,0.85163,0.85171,372.0
2024-05-31 14:05:00,FX:EURGBP,0.85171,0.85171,0.85161,0.85162,255.0
2024-05-31 14:10:00,FX:EURGBP,0.85162,0.85168,0.85158,0.85159,479.0
2024-05-31 14:15:00,FX:EURGBP,0.85159,0.85163,0.8515699999999999,0.85158,441.0
2024-05-31 14:20:00,FX:EURGBP,0.85158,0.85159,0.85146,0.8515699999999999,473.0
2024-05-31 14:25:00,FX:EURGBP,0.8515699999999999,0.8517,0.85151,0.85169,434.0
2024-05-31 14:30:00,FX:EURGBP,0.85169,0.85173,0.85165,0.85168,470.0
2024-05-31 14:35:00,FX:EURGBP,0.85168,0.85171,0.85158,0.85161,388.0
2024-05-31 14:40:00,FX:EURGBP,0.85161,0.85161,0.85142,0.85142,415.0
2024-05-31 14:45:00,FX:EURGBP,0.85142,0.85142,0.85125,0.85126,404.0
2024-05-31 14:50:00,FX:EURGBP,0.85126,0.85129,0.85116,0.85116,767.0
2024-05-31 14:55:00,FX:EURGBP,0.85116,0.85148,0.85116,0.85142,943.0
2024-05-31 15:00:00,FX:EURGBP,0.85142,0.85151,0.85132,0.85132,825.0
2024-05-31 15:05:00,FX:EURGBP,0.85132,0.85136,0.8513,0.8513499999999999,325.0
2024-05-31 15:10:00,FX:EURGBP,0.8513499999999999,0.85136,0.85123,0.85126,265.0
2024-05-31 15:15:00,FX:EURGBP,0.85126,0.85132,0.85123,0.85132,205.0
2024-05-31 15:20:00,FX:EURGBP,0.85132,0.85132,0.85117,0.85121,300.0
2024-05-31 15:25:00,FX:EURGBP,0.85121,0.85123,0.85108,0.85115,248.0
2024-05-31 15:30:00,FX:EURGBP,0.85115,0.85127,0.85115,0.85123,241.0
2024-05-31 15:35:00,FX:EURGBP,0.85123,0.8513,0.85121,0.85125,141.0
2024-05-31 15:40:00,FX:EURGBP,0.85125,0.85136,0.85121,0.85132,220.0
2024-05-31 15:45:00,FX:EURGBP,0.85132,0.85141,0.85128,0.85134,225.0
2024-05-31 15:50:00,FX:EURGBP,0.85134,0.85149,0.85133,0.85143,246.0
2024-05-31 15:55:00,FX:EURGBP,0.85143,0.85144,0.8509,0.85093,704.0
2024-06-02 16:00:00,FX:EURGBP,0.85103,0.8515699999999999,0.85103,0.8513499999999999,5.0
2024-06-02 16:05:00,FX:EURGBP,0.8513499999999999,0.85163,0.85053,0.85147,159.0
2024-06-02 16:10:00,FX:EURGBP,0.85147,0.8516,0.85139,0.85145,128.0
2024-06-02 16:15:00,FX:EURGBP,0.85145,0.85149,0.85143,0.85143,64.0
2024-06-02 16:20:00,FX:EURGBP,0.85143,0.8515199999999999,0.85141,0.85148,112.0
2024-06-02 16:25:00,FX:EURGBP,0.85148,0.85151,0.85144,0.85147,99.0
2024-06-02 16:30:00,FX:EURGBP,0.85147,0.85151,0.8513999999999999,0.85143,182.0
2024-06-02 16:35:00,FX:EURGBP,0.85143,0.8515,0.85141,0.85148,327.0
2024-06-02 16:40:00,FX:EURGBP,0.85148,0.8516,0.85148,0.85153,263.0
2024-06-02 16:45:00,FX:EURGBP,0.85153,0.85159,0.85146,0.8515,391.0
2024-06-02 16:50:00,FX:EURGBP,0.8515,0.85155,0.85145,0.85153,210.0
2024-06-02 16:55:00,FX:EURGBP,0.85153,0.85158,0.85133,0.85138,227.0
2024-06-02 17:00:00,FX:EURGBP,0.85138,0.85173,0.85138,0.85168,558.0
2024-06-02 17:05:00,FX:EURGBP,0.85168,0.8517,0.85159,0.85167,86.0
2024-06-02 17:10:00,FX:EURGBP,0.85167,0.8518,0.85164,0.85171,212.0
2024-06-02 17:15:00,FX:EURGBP,0.85171,0.8517399999999999,0.85163,0.85171,256.0
2024-06-02 17:20:00,FX:EURGBP,0.85171,0.8517399999999999,0.85165,0.85165,100.0
2024-06-02 17:25:00,FX:EURGBP,0.85165,0.85171,0.85164,0.85169,128.0
2024-06-02 17:30:00,FX:EURGBP,0.85169,0.8517,0.85164,0.85164,192.0
2024-06-02 17:35:00,FX:EURGBP,0.85164,0.85168,0.85161,0.85163,64.0
2024-06-02 17:40:00,FX:EURGBP,0.85163,0.85163,0.85151,0.85158,87.0
2024-06-02 17:45:00,FX:EURGBP,0.85158,0.85159,0.85153,0.85154,110.0
2024-06-02 17:50:00,FX:EURGBP,0.85154,0.85159,0.85154,0.85155,112.0
2024-06-02 17:55:00,FX:EURGBP,0.85155,0.85158,0.8515199999999999,0.8515199999999999,117.0
2024-06-02 18:00:00,FX:EURGBP,0.8515199999999999,0.85154,0.85148,0.85151,201.0
2024-06-02 18:05:00,FX:EURGBP,0.85151,0.85154,0.85147,0.85151,125.0
2024-06-02 18:10:00,FX:EURGBP,0.85151,0.85151,0.85148,0.85149,63.0
2024-06-02 18:15:00,FX:EURGBP,0.85149,0.8515,0.85146,0.8515,118.0
2024-06-02 18:20:00,FX:EURGBP,0.8515,0.85153,0.85146,0.85148,109.0
2024-06-02 18:25:00,FX:EURGBP,0.85148,0.85149,0.85145,0.85149,164.0
2024-06-02 18:30:00,FX:EURGBP,0.85149,0.85153,0.85147,0.85151,154.0
2024-06-02 18:35:00,FX:EURGBP,0.85151,0.85153,0.85149,0.85151,110.0
2024-06-02 18:40:00,FX:EURGBP,0.85151,0.85164,0.85151,0.85164,149.0
2024-06-02 18:45:00,FX:EURGBP,0.85164,0.85164,0.8516,0.85163,104.0
2024-06-02 18:50:00,FX:EURGBP,0.85163,0.85164,0.85156,0.8515699999999999,148.0
2024-06-02 18:55:00,FX:EURGBP,0.8515699999999999,0.85158,0.85154,0.85155,104.0
2024-06-02 19:00:00,FX:EURGBP,0.85155,0.85158,0.85154,0.85155,332.0
2024-06-02 19:05:00,FX:EURGBP,0.85155,0.85159,0.85155,0.85159,352.0
2024-06-02 19:10:00,FX:EURGBP,0.85159,0.85161,0.85155,0.85156,320.0
2024-06-02 19:15:00,FX:EURGBP,0.85156,0.8516,0.85154,0.85154,313.0
2024-06-02 19:20:00,FX:EURGBP,0.85154,0.85154,0.85145,0.85146,336.0
2024-06-02 19:25:00,FX:EURGBP,0.85146,0.85148,0.85139,0.8513999999999999,370.0
2024-06-02 19:30:00,FX:EURGBP,0.8513999999999999,0.85145,0.85139,0.85141,406.0
2024-06-02 19:35:00,FX:EURGBP,0.85141,0.85144,0.85137,0.85138,365.0
2024-06-02 19:40:00,FX:EURGBP,0.85138,0.85141,0.85136,0.85139,255.0
2024-06-02 19:45:00,FX:EURGBP,0.85139,0.85141,0.85132,0.85133,223.0
2024-06-02 19:50:00,FX:EURGBP,0.85133,0.85137,0.85127,0.85131,343.0
2024-06-02 19:55:00,FX:EURGBP,0.85131,0.85131,0.8511299999999999,0.85121,327.0
2024-06-02 20:00:00,FX:EURGBP,0.85121,0.85129,0.85116,0.85128,442.0
2024-06-02 20:05:00,FX:EURGBP,0.85128,0.85137,0.85127,0.8513499999999999,388.0
2024-06-02 20:10:00,FX:EURGBP,0.8513499999999999,0.85136,0.85126,0.85129,539.0
2024-06-02 20:15:00,FX:EURGBP,0.85129,0.85148,0.85123,0.85147,451.0
2024-06-02 20:20:00,FX:EURGBP,0.85147,0.85149,0.85133,0.8513999999999999,548.0
2024-06-02 20:25:00,FX:EURGBP,0.8513999999999999,0.85143,0.85134,0.85136,470.0
2024-06-02 20:30:00,FX:EURGBP,0.85136,0.85142,0.85133,0.8513999999999999,376.0
2024-06-02 20:35:00,FX:EURGBP,0.8513999999999999,0.85148,0.85139,0.85144,186.0
2024-06-02 20:40:00,FX:EURGBP,0.85144,0.85151,0.85143,0.85147,220.0
2024-06-02 20:45:00,FX:EURGBP,0.85147,0.85147,0.8513999999999999,0.85142,294.0
2024-06-02 20:50:00,FX:EURGBP,0.85142,0.85147,0.85141,0.85147,261.0
2024-06-02 20:55:00,FX:EURGBP,0.85147,0.85154,0.85147,0.85153,183.0
2024-06-02 21:00:00,FX:EURGBP,0.85153,0.85154,0.85148,0.85153,223.0
2024-06-02 21:05:00,FX:EURGBP,0.85153,0.85153,0.85143,0.85149,255.0
2024-06-02 21:10:00,FX:EURGBP,0.85149,0.8515,0.8513999999999999,0.85142,330.0
2024-06-02 21:15:00,FX:EURGBP,0.85142,0.85143,0.85136,0.85137,372.0
2024-06-02 21:20:00,FX:EURGBP,0.85137,0.85144,0.85137,0.85138,446.0
2024-06-02 21:25:00,FX:EURGBP,0.85138,0.85141,0.85137,0.85138,313.0
2024-06-02 21:30:00,FX:EURGBP,0.85138,0.8513999999999999,0.85136,0.85139,430.0
2024-06-02 21:35:00,FX:EURGBP,0.85139,0.85143,0.85132,0.85138,341.0
2024-06-02 21:40:00,FX:EURGBP,0.85138,0.85141,0.85137,0.8513999999999999,249.0
2024-06-02 21:45:00,FX:EURGBP,0.8513999999999999,0.85149,0.85137,0.85145,292.0
2024-06-02 21:50:00,FX:EURGBP,0.85145,0.85149,0.85144,0.85149,115.0
2024-06-02 21:55:00,FX:EURGBP,0.85149,0.85153,0.85146,0.85153,81.0
2024-06-02 22:00:00,FX:EURGBP,0.85153,0.85161,0.8515,0.85158,258.0
2024-06-02 22:05:00,FX:EURGBP,0.85158,0.85159,0.85155,0.85158,152.0
2024-06-02 22:10:00,FX:EURGBP,0.85158,0.85161,0.85155,0.8515699999999999,213.0
2024-06-02 22:15:00,FX:EURGBP,0.8515699999999999,0.85159,0.85155,0.85158,211.0
2024-06-02 22:20:00,FX:EURGBP,0.85158,0.85169,0.85158,0.85167,380.0
2024-06-02 22:25:00,FX:EURGBP,0.85167,0.85169,0.85161,0.85162,303.0
2024-06-02 22:30:00,FX:EURGBP,0.85162,0.85166,0.85159,0.85164,304.0
2024-06-02 22:35:00,FX:EURGBP,0.85164,0.85169,0.8516,0.85169,289.0
2024-06-02 22:40:00,FX:EURGBP,0.85169,0.85169,0.85165,0.85168,234.0
2024-06-02 22:45:00,FX:EURGBP,0.85168,0.8517,0.85164,0.85166,271.0
2024-06-02 22:50:00,FX:EURGBP,0.85166,0.85171,0.85165,0.85167,290.0
2024-06-02 22:55:00,FX:EURGBP,0.85167,0.85176,0.85163,0.85165,261.0
2024-06-02 23:00:00,FX:EURGBP,0.85165,0.85169,0.85163,0.85165,398.0
2024-06-02 23:05:00,FX:EURGBP,0.85165,0.8517,0.85163,0.85168,267.0
2024-06-02 23:10:00,FX:EURGBP,0.85168,0.85175,0.85166,0.85172,197.0
2024-06-02 23:15:00,FX:EURGBP,0.85172,0.8517399999999999,0.85168,0.8517,210.0
2024-06-02 23:20:00,FX:EURGBP,0.8517,0.85173,0.85168,0.8517,155.0
2024-06-02 23:25:00,FX:EURGBP,0.8517,0.85172,0.85167,0.85171,204.0
2024-06-02 23:30:00,FX:EURGBP,0.85171,0.8517399999999999,0.85163,0.85165,172.0
2024-06-02 23:35:00,FX:EURGBP,0.85165,0.8517,0.85165,0.85167,158.0
2024-06-02 23:40:00,FX:EURGBP,0.85167,0.85169,0.85161,0.85161,193.0
2024-06-02 23:45:00,FX:EURGBP,0.85161,0.85163,0.85159,0.85162,271.0
2024-06-02 23:50:00,FX:EURGBP,0.85162,0.85164,0.8516,0.85161,245.0
2024-06-02 23:55:00,FX:EURGBP,0.85161,0.85162,0.85156,0.85156,150.0
2024-06-03 00:00:00,FX:EURGBP,0.85156,0.85166,0.85156,0.85165,353.0
2024-06-03 00:05:00,FX:EURGBP,0.85165,0.85168,0.85163,0.85165,275.0
2024-06-03 00:10:00,FX:EURGBP,0.85165,0.85175,0.85165,0.8517399999999999,337.0
2024-06-03 00:15:00,FX:EURGBP,0.8517399999999999,0.85178,0.85172,0.8517399999999999,344.0
2024-06-03 00:20:00,FX:EURGBP,0.8517399999999999,0.8517899999999999,0.85173,0.85177,280.0
2024-06-03 00:25:00,FX:EURGBP,0.85177,0.85178,0.8517399999999999,0.85178,200.0
2024-06-03 00:30:00,FX:EURGBP,0.85178,0.85185,0.85176,0.85181,282.0
2024-06-03 00:35:00,FX:EURGBP,0.85181,0.85187,0.85181,0.85182,220.0
2024-06-03 00:40:00,FX:EURGBP,0.85182,0.85183,0.8517399999999999,0.85178,387.0
2024-06-03 00:45:00,FX:EURGBP,0.85178,0.85185,0.85175,0.85182,336.0
2024-06-03 00:50:00,FX:EURGBP,0.85182,0.85183,0.85178,0.85182,394.0
2024-06-03 00:55:00,FX:EURGBP,0.85182,0.85203,0.85181,0.85202,441.0
2024-06-03 01:00:00,FX:EURGBP,0.85202,0.85203,0.85186,0.85197,728.0
2024-06-03 01:05:00,FX:EURGBP,0.85197,0.85208,0.85191,0.85204,704.0
2024-06-03 01:10:00,FX:EURGBP,0.85204,0.85212,0.852,0.85209,621.0
2024-06-03 01:15:00,FX:EURGBP,0.85209,0.85214,0.85206,0.85208,627.0
2024-06-03 01:20:00,FX:EURGBP,0.85208,0.8521,0.85185,0.85189,646.0
2024-06-03 01:25:00,FX:EURGBP,0.85189,0.85194,0.85186,0.85189,474.0
2024-06-03 01:30:00,FX:EURGBP,0.85189,0.85192,0.85181,0.85188,531.0
2024-06-03 01:35:00,FX:EURGBP,0.85188,0.85194,0.85186,0.85193,572.0
2024-06-03 01:40:00,FX:EURGBP,0.85193,0.8521299999999999,0.85191,0.85212,312.0
2024-06-03 01:45:00,FX:EURGBP,0.85212,0.85214,0.85205,0.85208,364.0
2024-06-03 01:50:00,FX:EURGBP,0.85208,0.85223,0.85205,0.85223,512.0
2024-06-03 01:55:00,FX:EURGBP,0.85223,0.8526,0.85223,0.85253,885.0
2024-06-03 02:00:00,FX:EURGBP,0.85253,0.85253,0.8521799999999999,0.85224,1105.0
2024-06-03 02:05:00,FX:EURGBP,0.85224,0.85239,0.85224,0.85231,650.0
2024-06-03 02:10:00,FX:EURGBP,0.85231,0.85251,0.8523,0.85241,785.0
2024-06-03 02:15:00,FX:EURGBP,0.85241,0.85247,0.85228,0.85233,743.0
2024-06-03 02:20:00,FX:EURGBP,0.85233,0.85241,0.85227,0.85237,642.0
2024-06-03 02:25:00,FX:EURGBP,0.85237,0.85246,0.85232,0.85232,400.0
2024-06-03 02:30:00,FX:EURGBP,0.85232,0.85246,0.85225,0.85242,467.0
2024-06-03 02:35:00,FX:EURGBP,0.85242,0.85253,0.85234,0.85252,406.0
2024-06-03 02:40:00,FX:EURGBP,0.85252,0.85252,0.85234,0.85236,309.0
2024-06-03 02:45:00,FX:EURGBP,0.85236,0.85253,0.8523,0.85248,488.0
2024-06-03 02:50:00,FX:EURGBP,0.85248,0.85248,0.85228,0.85232,691.0
2024-06-03 02:55:00,FX:EURGBP,0.85232,0.85263,0.85231,0.85255,869.0
2024-06-03 03:00:00,FX:EURGBP,0.85255,0.8527,0.85245,0.85245,850.0
2024-06-03 03:05:00,FX:EURGBP,0.85245,0.8525,0.8523,0.85245,911.0
2024-06-03 03:10:00,FX:EURGBP,0.85245,0.85252,0.85238,0.85239,639.0
2024-06-03 03:15:00,FX:EURGBP,0.85239,0.8523999999999999,0.85216,0.85217,762.0
2024-06-03 03:20:00,FX:EURGBP,0.85217,0.85228,0.85214,0.8521799999999999,684.0
2024-06-03 03:25:00,FX:EURGBP,0.8521799999999999,0.8525,0.85207,0.8525,529.0
2024-06-03 03:30:00,FX:EURGBP,0.8525,0.85265,0.85243,0.85246,732.0
2024-06-03 03:35:00,FX:EURGBP,0.85246,0.85278,0.85245,0.8527,731.0
2024-06-03 03:40:00,FX:EURGBP,0.8527,0.8530099999999999,0.8527,0.85298,673.0
2024-06-03 03:45:00,FX:EURGBP,0.85298,0.85302,0.85289,0.85294,792.0
2024-06-03 03:50:00,FX:EURGBP,0.85294,0.8529599999999999,0.85285,0.85292,474.0
2024-06-03 03:55:00,FX:EURGBP,0.85292,0.85326,0.85291,0.85324,538.0
2024-06-03 04:00:00,FX:EURGBP,0.85324,0.85331,0.85316,0.85329,591.0
2024-06-03 04:05:00,FX:EURGBP,0.85329,0.85332,0.85322,0.85331,469.0
2024-06-03 04:10:00,FX:EURGBP,0.85331,0.85354,0.8533,0.85349,634.0
2024-06-03 04:15:00,FX:EURGBP,0.85349,0.85355,0.85329,0.85332,717.0
2024-06-03 04:20:00,FX:EURGBP,0.85332,0.85338,0.8532,0.8532,553.0
2024-06-03 04:25:00,FX:EURGBP,0.8532,0.85325,0.85309,0.85324,455.0
2024-06-03 04:30:00,FX:EURGBP,0.85324,0.85328,0.85302,0.85304,560.0
2024-06-03 04:35:00,FX:EURGBP,0.85304,0.85308,0.85293,0.85306,735.0
2024-06-03 04:40:00,FX:EURGBP,0.85306,0.85329,0.85306,0.85323,675.0
2024-06-03 04:45:00,FX:EURGBP,0.85323,0.85325,0.8529,0.8529599999999999,500.0
2024-06-03 04:50:00,FX:EURGBP,0.8529599999999999,0.85297,0.85287,0.85289,566.0
2024-06-03 04:55:00,FX:EURGBP,0.85289,0.85299,0.85281,0.85282,571.0
2024-06-03 05:00:00,FX:EURGBP,0.85282,0.85285,0.85267,0.8527399999999999,597.0
2024-06-03 05:05:00,FX:EURGBP,0.8527399999999999,0.85285,0.85272,0.85284,433.0
2024-06-03 05:10:00,FX:EURGBP,0.85284,0.85285,0.85264,0.85278,582.0
2024-06-03 05:15:00,FX:EURGBP,0.85278,0.85278,0.85265,0.85268,440.0
2024-06-03 05:20:00,FX:EURGBP,0.85268,0.85275,0.85266,0.85268,550.0
2024-06-03 05:25:00,FX:EURGBP,0.85268,0.8527399999999999,0.85264,0.85266,536.0
2024-06-03 05:30:00,FX:EURGBP,0.85266,0.85269,0.85229,0.85231,476.0
2024-06-03 05:35:00,FX:EURGBP,0.85231,0.85239,0.85224,0.8523499999999999,632.0
2024-06-03 05:40:00,FX:EURGBP,0.8523499999999999,0.85236,0.8522,0.85221,512.0
2024-06-03 05:45:00,FX:EURGBP,0.85221,0.85223,0.85195,0.8520099999999999,681.0
2024-06-03 05:50:00,FX:EURGBP,0.8520099999999999,0.85227,0.85195,0.85226,607.0
2024-06-03 05:55:00,FX:EURGBP,0.85226,0.85246,0.85226,0.85242,476.0
2024-06-03 06:00:00,FX:EURGBP,0.85242,0.85245,0.85223,0.85223,656.0
2024-06-03 06:05:00,FX:EURGBP,0.85223,0.85223,0.85206,0.85206,661.0
2024-06-03 06:10:00,FX:EURGBP,0.85206,0.85209,0.8519,0.8519599999999999,685.0
2024-06-03 06:15:00,FX:EURGBP,0.8519599999999999,0.85198,0.85183,0.85191,455.0
2024-06-03 06:20:00,FX:EURGBP,0.85191,0.85191,0.85175,0.85177,379.0
2024-06-03 06:25:00,FX:EURGBP,0.85177,0.85177,0.85151,0.85153,685.0
2024-06-03 06:30:00,FX:EURGBP,0.85153,0.85166,0.8515199999999999,0.85153,758.0
2024-06-03 06:35:00,FX:EURGBP,0.85153,0.8517399999999999,0.8515,0.85167,633.0
2024-06-03 06:40:00,FX:EURGBP,0.85167,0.8517399999999999,0.85161,0.85169,639.0
2024-06-03 06:45:00,FX:EURGBP,0.85169,0.8518,0.85169,0.85172,471.0
2024-06-03 06:50:00,FX:EURGBP,0.85172,0.85189,0.8517,0.8518,422.0
2024-06-03 06:55:00,FX:EURGBP,0.8518,0.85194,0.85176,0.85186,571.0
2024-06-03 07:00:00,FX:EURGBP,0.85186,0.8519,0.85169,0.85173,792.0
2024-06-03 07:05:00,FX:EURGBP,0.85173,0.8518,0.85169,0.85175,656.0
2024-06-03 07:10:00,FX:EURGBP,0.85175,0.85185,0.8517399999999999,0.85178,665.0
2024-06-03 07:15:00,FX:EURGBP,0.85178,0.85191,0.85171,0.85175,648.0
2024-06-03 07:20:00,FX:EURGBP,0.85175,0.85186,0.8516,0.85185,727.0
2024-06-03 07:25:00,FX:EURGBP,0.85185,0.85195,0.8518,0.85185,728.0
2024-06-03 07:30:00,FX:EURGBP,0.85185,0.852,0.8517899999999999,0.85199,857.0
2024-06-03 07:35:00,FX:EURGBP,0.85199,0.85199,0.85186,0.85188,715.0
2024-06-03 07:40:00,FX:EURGBP,0.85188,0.85205,0.85182,0.852,636.0
2024-06-03 07:45:00,FX:EURGBP,0.852,0.85202,0.85181,0.85195,793.0
2024-06-03 07:50:00,FX:EURGBP,0.85195,0.85198,0.8517899999999999,0.8519,889.0
2024-06-03 07:55:00,FX:EURGBP,0.8519,0.85203,0.8517899999999999,0.85181,1003.0
2024-06-03 08:00:00,FX:EURGBP,0.85181,0.8519,0.85173,0.85183,928.0
2024-06-03 08:05:00,FX:EURGBP,0.85183,0.85188,0.8517399999999999,0.85178,600.0
2024-06-03 08:10:00,FX:EURGBP,0.85178,0.85189,0.85178,0.85186,523.0
2024-06-03 08:15:00,FX:EURGBP,0.85186,0.8520099999999999,0.85177,0.852,576.0
2024-06-03 08:20:00,FX:EURGBP,0.852,0.85212,0.85195,0.85197,663.0
2024-06-03 08:25:00,FX:EURGBP,0.85197,0.85209,0.85195,0.85198,741.0
2024-06-03 08:30:00,FX:EURGBP,0.85198,0.85207,0.8519,0.85195,734.0
2024-06-03 08:35:00,FX:EURGBP,0.85195,0.85209,0.85193,0.85198,940.0
2024-06-03 08:40:00,FX:EURGBP,0.85198,0.852,0.85168,0.85183,890.0
2024-06-03 08:45:00,FX:EURGBP,0.85183,0.85191,0.8517899999999999,0.8518,892.0
2024-06-03 08:50:00,FX:EURGBP,0.8518,0.85186,0.85176,0.85178,870.0
2024-06-03 08:55:00,FX:EURGBP,0.85178,0.85182,0.85149,0.85149,806.0
2024-06-03 09:00:00,FX:EURGBP,0.85149,0.85165,0.85129,0.85147,3369.0
2024-06-03 09:05:00,FX:EURGBP,0.85147,0.85151,0.85131,0.8513999999999999,1889.0
2024-06-03 09:10:00,FX:EURGBP,0.8513999999999999,0.85149,0.85126,0.85129,1354.0
2024-06-03 09:15:00,FX:EURGBP,0.85129,0.8513999999999999,0.85119,0.85119,1252.0
2024-06-03 09:20:00,FX:EURGBP,0.85119,0.85137,0.85108,0.85134,932.0
2024-06-03 09:25:00,FX:EURGBP,0.85134,0.85134,0.85097,0.85115,1164.0
2024-06-03 09:30:00,FX:EURGBP,0.85115,0.8513,0.85106,0.85121,944.0
2024-06-03 09:35:00,FX:EURGBP,0.85121,0.8513999999999999,0.85114,0.85138,951.0
2024-06-03 09:40:00,FX:EURGBP,0.85138,0.85138,0.85122,0.8513,1018.0
2024-06-03 09:45:00,FX:EURGBP,0.8513,0.85144,0.85112,0.85144,1222.0
2024-06-03 09:50:00,FX:EURGBP,0.85144,0.85156,0.85137,0.85138,1149.0
2024-06-03 09:55:00,FX:EURGBP,0.85138,0.85142,0.8509599999999999,0.85109,1114.0
2024-06-03 10:00:00,FX:EURGBP,0.85109,0.85119,0.85105,0.8511799999999999,972.0
2024-06-03 10:05:00,FX:EURGBP,0.8511799999999999,0.85121,0.851,0.85106,719.0
2024-06-03 10:10:00,FX:EURGBP,0.85106,0.8511299999999999,0.85098,0.85098,739.0
2024-06-03 10:15:00,FX:EURGBP,0.85098,0.85112,0.85098,0.85105,563.0
2024-06-03 10:20:00,FX:EURGBP,0.85105,0.85122,0.85105,0.8512,721.0
2024-06-03 10:25:00,FX:EURGBP,0.8512,0.85126,0.85102,0.85126,822.0
2024-06-03 10:30:00,FX:EURGBP,0.85126,0.8513,0.85108,0.8512,783.0
2024-06-03 10:35:00,FX:EURGBP,0.8512,0.85127,0.85106,0.85127,647.0
2024-06-03 10:40:00,FX:EURGBP,0.85127,0.85132,0.85117,0.85122,476.0
2024-06-03 10:45:00,FX:EURGBP,0.85122,0.85141,0.85122,0.85134,584.0
2024-06-03 10:50:00,FX:EURGBP,0.85134,0.85143,0.85127,0.8513,742.0
2024-06-03 10:55:00,FX:EURGBP,0.8513,0.85131,0.8512,0.85124,682.0
2024-06-03 11:00:00,FX:EURGBP,0.85124,0.85145,0.85121,0.85137,645.0
2024-06-03 11:05:00,FX:EURGBP,0.85137,0.85154,0.85136,0.85146,585.0
2024-06-03 11:10:00,FX:EURGBP,0.85146,0.85161,0.8513999999999999,0.85159,824.0
2024-06-03 11:15:00,FX:EURGBP,0.85159,0.85168,0.85154,0.85167,805.0
2024-06-03 11:20:00,FX:EURGBP,0.85167,0.8517,0.85161,0.85167,660.0
2024-06-03 11:25:00,FX:EURGBP,0.85167,0.85177,0.8515699999999999,0.85159,650.0
2024-06-03 11:30:00,FX:EURGBP,0.85159,0.85163,0.85151,0.8516,531.0
2024-06-03 11:35:00,FX:EURGBP,0.8516,0.85162,0.85153,0.85161,375.0
2024-06-03 11:40:00,FX:EURGBP,0.85161,0.85167,0.85151,0.8515199999999999,462.0
2024-06-03 11:45:00,FX:EURGBP,0.8515199999999999,0.8515699999999999,0.85145,0.85151,607.0
2024-06-03 11:50:00,FX:EURGBP,0.85151,0.85173,0.85144,0.8517,733.0
2024-06-03 11:55:00,FX:EURGBP,0.8517,0.85178,0.85163,0.85178,667.0
2024-06-03 12:00:00,FX:EURGBP,0.85178,0.8517899999999999,0.85155,0.85155,700.0
2024-06-03 12:05:00,FX:EURGBP,0.85155,0.85158,0.8515,0.8515199999999999,575.0
2024-06-03 12:10:00,FX:EURGBP,0.8515199999999999,0.85173,0.85151,0.85161,873.0
2024-06-03 12:15:00,FX:EURGBP,0.85161,0.85166,0.85158,0.8516,585.0
2024-06-03 12:20:00,FX:EURGBP,0.8516,0.85165,0.85156,0.85162,661.0
2024-06-03 12:25:00,FX:EURGBP,0.85162,0.85168,0.85159,0.85162,692.0
2024-06-03 12:30:00,FX:EURGBP,0.85162,0.85164,0.85151,0.85159,573.0
2024-06-03 12:35:00,FX:EURGBP,0.85159,0.85168,0.85158,0.85162,544.0
2024-06-03 12:40:00,FX:EURGBP,0.85162,0.85162,0.8515199999999999,0.8515699999999999,388.0
2024-06-03 12:45:00,FX:EURGBP,0.8515699999999999,0.85163,0.85146,0.85162,376.0
2024-06-03 12:50:00,FX:EURGBP,0.85162,0.85168,0.8515199999999999,0.8515199999999999,470.0
2024-06-03 12:55:00,FX:EURGBP,0.8515199999999999,0.8515699999999999,0.85145,0.85148,465.0
2024-06-03 13:00:00,FX:EURGBP,0.85148,0.8515,0.85137,0.85138,309.0
2024-06-03 13:05:00,FX:EURGBP,0.85138,0.85146,0.85132,0.85134,318.0
2024-06-03 13:10:00,FX:EURGBP,0.85134,0.85161,0.85133,0.85158,522.0
2024-06-03 13:15:00,FX:EURGBP,0.85158,0.8516,0.85146,0.85149,597.0
2024-06-03 13:20:00,FX:EURGBP,0.85149,0.85158,0.85141,0.85146,753.0
2024-06-03 13:25:00,FX:EURGBP,0.85146,0.85159,0.85143,0.8515699999999999,554.0
2024-06-03 13:30:00,FX:EURGBP,0.8515699999999999,0.85159,0.8515199999999999,0.8515699999999999,694.0
2024-06-03 13:35:00,FX:EURGBP,0.8515699999999999,0.85159,0.8515,0.85153,580.0
2024-06-03 13:40:00,FX:EURGBP,0.85153,0.85162,0.85147,0.85158,706.0
2024-06-03 13:45:00,FX:EURGBP,0.85158,0.85162,0.85151,0.85151,421.0
2024-06-03 13:50:00,FX:EURGBP,0.85151,0.8516,0.85149,0.85159,717.0
2024-06-03 13:55:00,FX:EURGBP,0.85159,0.85166,0.85149,0.8515199999999999,584.0
2024-06-03 14:00:00,FX:EURGBP,0.8515199999999999,0.85155,0.85139,0.8515199999999999,455.0
2024-06-03 14:05:00,FX:EURGBP,0.8515199999999999,0.8515699999999999,0.85147,0.8515,484.0
2024-06-03 14:10:00,FX:EURGBP,0.8515,0.8515199999999999,0.85141,0.85144,295.0
2024-06-03 14:15:00,FX:EURGBP,0.85144,0.85153,0.85142,0.85147,362.0
2024-06-03 14:20:00,FX:EURGBP,0.85147,0.85154,0.85146,0.8515,312.0
2024-06-03 14:25:00,FX:EURGBP,0.8515,0.8515199999999999,0.85144,0.85148,206.0
2024-06-03 14:30:00,FX:EURGBP,0.85148,0.85158,0.85144,0.85148,478.0
2024-06-03 14:35:00,FX:EURGBP,0.85148,0.85153,0.85148,0.85153,276.0
2024-06-03 14:40:00,FX:EURGBP,0.85153,0.85153,0.85141,0.85145,295.0
2024-06-03 14:45:00,FX:EURGBP,0.85145,0.8516,0.85144,0.85153,304.0
2024-06-03 14:50:00,FX:EURGBP,0.85153,0.85163,0.8515,0.8515699999999999,335.0
2024-06-03 14:55:00,FX:EURGBP,0.8515699999999999,0.8516,0.8515199999999999,0.85154,439.0
2024-06-03 15:00:00,FX:EURGBP,0.85154,0.85154,0.8513499999999999,0.85137,261.0
2024-06-03 15:05:00,FX:EURGBP,0.85137,0.85144,0.85137,0.85144,206.0
2024-06-03 15:10:00,FX:EURGBP,0.85144,0.85145,0.8513999999999999,0.85141,87.0
2024-06-03 15:15:00,FX:EURGBP,0.85141,0.85141,0.8513499999999999,0.85137,86.0
2024-06-03 15:20:00,FX:EURGBP,0.85137,0.85142,0.85137,0.85141,79.0
2024-06-03 15:25:00,FX:EURGBP,0.85141,0.85143,0.85124,0.85126,126.0
2024-06-03 15:30:00,FX:EURGBP,0.85126,0.85134,0.85126,0.8513,97.0
2024-06-03 15:35:00,FX:EURGBP,0.8513,0.85136,0.85125,0.8513499999999999,161.0
2024-06-03 15:40:00,FX:EURGBP,0.8513499999999999,0.85143,0.8513499999999999,0.85141,194.0
2024-06-03 15:45:00,FX:EURGBP,0.85141,0.85143,0.85139,0.85142,145.0
2024-06-03 15:50:00,FX:EURGBP,0.85142,0.85147,0.8513,0.8513,292.0
2024-06-03 15:55:00,FX:EURGBP,0.8513,0.8513999999999999,0.85129,0.85134,406.0
2024-06-03 16:00:00,FX:EURGBP,0.85134,0.85137,0.85112,0.8512,22.0
2024-06-03 16:05:00,FX:EURGBP,0.8512,0.85136,0.8511299999999999,0.85115,97.0
2024-06-03 16:10:00,FX:EURGBP,0.85115,0.85116,0.85107,0.8511,73.0
2024-06-03 16:15:00,FX:EURGBP,0.8511,0.85125,0.85105,0.85125,61.0
2024-06-03 16:20:00,FX:EURGBP,0.85125,0.85127,0.85122,0.85124,114.0
2024-06-03 16:25:00,FX:EURGBP,0.85124,0.85127,0.85123,0.85126,76.0
2024-06-03 16:30:00,FX:EURGBP,0.85126,0.85162,0.85125,0.85128,152.0
2024-06-03 16:35:00,FX:EURGBP,0.85128,0.8517,0.85128,0.85138,222.0
2024-06-03 16:40:00,FX:EURGBP,0.85138,0.85168,0.8513,0.85137,372.0
2024-06-03 16:45:00,FX:EURGBP,0.85137,0.8515,0.85133,0.85136,274.0
2024-06-03 16:50:00,FX:EURGBP,0.85136,0.8517,0.85121,0.85125,746.0
2024-06-03 16:55:00,FX:EURGBP,0.85125,0.85139,0.8512,0.85123,275.0
2024-06-03 17:00:00,FX:EURGBP,0.85123,0.85161,0.85121,0.85148,535.0
2024-06-03 17:05:00,FX:EURGBP,0.85148,0.8516,0.85145,0.8515699999999999,140.0
2024-06-03 17:10:00,FX:EURGBP,0.8515699999999999,0.8516,0.85146,0.85147,155.0
2024-06-03 17:15:00,FX:EURGBP,0.85147,0.85151,0.85137,0.85139,147.0
2024-06-03 17:20:00,FX:EURGBP,0.85139,0.85151,0.85139,0.85149,126.0
2024-06-03 17:25:00,FX:EURGBP,0.85149,0.85154,0.85146,0.85153,103.0
2024-06-03 17:30:00,FX:EURGBP,0.85153,0.85153,0.85144,0.85145,138.0
2024-06-03 17:35:00,FX:EURGBP,0.85145,0.85151,0.85145,0.8515,58.0
2024-06-03 17:40:00,FX:EURGBP,0.8515,0.85151,0.85145,0.85146,67.0
2024-06-03 17:45:00,FX:EURGBP,0.85146,0.85147,0.85143,0.85145,102.0
2024-06-03 17:50:00,FX:EURGBP,0.85145,0.85148,0.85145,0.85146,83.0
2024-06-03 17:55:00,FX:EURGBP,0.85146,0.85148,0.85143,0.85144,142.0
2024-06-03 18:00:00,FX:EURGBP,0.85144,0.85144,0.85141,0.85144,135.0
2024-06-03 18:05:00,FX:EURGBP,0.85144,0.85151,0.85143,0.85147,125.0
2024-06-03 18:10:00,FX:EURGBP,0.85147,0.85151,0.85147,0.85149,262.0
2024-06-03 18:15:00,FX:EURGBP,0.85149,0.85149,0.85144,0.85145,123.0
2024-06-03 18:20:00,FX:EURGBP,0.85145,0.85148,0.85143,0.85145,139.0
2024-06-03 18:25:00,FX:EURGBP,0.85145,0.85147,0.85142,0.85145,72.0
2024-06-03 18:30:00,FX:EURGBP,0.85145,0.85148,0.85142,0.85147,189.0
2024-06-03 18:35:00,FX:EURGBP,0.85147,0.85147,0.85144,0.85145,211.0
2024-06-03 18:40:00,FX:EURGBP,0.85145,0.85146,0.85144,0.85144,184.0
2024-06-03 18:45:00,FX:EURGBP,0.85144,0.85145,0.85143,0.85143,186.0
2024-06-03 18:50:00,FX:EURGBP,0.85143,0.85147,0.85143,0.85144,175.0
2024-06-03 18:55:00,FX:EURGBP,0.85144,0.8515,0.85143,0.85146,277.0
2024-06-03 19:00:00,FX:EURGBP,0.85146,0.8515699999999999,0.8513999999999999,0.8515699999999999,648.0
2024-06-03 19:05:00,FX:EURGBP,0.8515699999999999,0.85162,0.8515,0.85159,566.0
2024-06-03 19:10:00,FX:EURGBP,0.85159,0.85163,0.8515,0.8515199999999999,407.0
2024-06-03 19:15:00,FX:EURGBP,0.8515199999999999,0.85159,0.85146,0.85159,563.0
2024-06-03 19:20:00,FX:EURGBP,0.85159,0.85161,0.85153,0.85161,453.0
2024-06-03 19:25:00,FX:EURGBP,0.85161,0.85166,0.8515699999999999,0.85161,512.0
2024-06-03 19:30:00,FX:EURGBP,0.85161,0.85164,0.85159,0.85163,325.0
2024-06-03 19:35:00,FX:EURGBP,0.85163,0.8517,0.85161,0.85168,326.0
2024-06-03 19:40:00,FX:EURGBP,0.85168,0.8517899999999999,0.85165,0.85177,227.0
2024-06-03 19:45:00,FX:EURGBP,0.85177,0.85185,0.8517399999999999,0.8517899999999999,554.0
2024-06-03 19:50:00,FX:EURGBP,0.8517899999999999,0.85192,0.8517899999999999,0.85188,484.0
2024-06-03 19:55:00,FX:EURGBP,0.85188,0.8519,0.85175,0.85175,474.0
2024-06-03 20:00:00,FX:EURGBP,0.85175,0.85188,0.85173,0.85181,717.0
2024-06-03 20:05:00,FX:EURGBP,0.85181,0.85187,0.8517399999999999,0.85184,580.0
2024-06-03 20:10:00,FX:EURGBP,0.85184,0.85186,0.85176,0.85178,620.0
2024-06-03 20:15:00,FX:EURGBP,0.85178,0.85182,0.85176,0.85181,455.0
2024-06-03 20:20:00,FX:EURGBP,0.85181,0.85188,0.8517899999999999,0.85187,382.0
2024-06-03 20:25:00,FX:EURGBP,0.85187,0.85188,0.85183,0.85185,475.0
2024-06-03 20:30:00,FX:EURGBP,0.85185,0.85189,0.85182,0.85183,571.0
2024-06-03 20:35:00,FX:EURGBP,0.85183,0.85183,0.85175,0.85176,350.0
2024-06-03 20:40:00,FX:EURGBP,0.85176,0.8518,0.85176,0.8517899999999999,317.0
2024-06-03 20:45:00,FX:EURGBP,0.8517899999999999,0.8517899999999999,0.85173,0.8517399999999999,325.0
2024-06-03 20:50:00,FX:EURGBP,0.8517399999999999,0.85177,0.85173,0.85175,308.0
2024-06-03 20:55:00,FX:EURGBP,0.85175,0.8518,0.85172,0.85175,434.0
2024-06-03 21:00:00,FX:EURGBP,0.85175,0.85182,0.85173,0.85176,502.0
2024-06-03 21:05:00,FX:EURGBP,0.85176,0.85178,0.85171,0.85175,533.0
2024-06-03 21:10:00,FX:EURGBP,0.85175,0.85175,0.85169,0.8517399999999999,334.0
2024-06-03 21:15:00,FX:EURGBP,0.8517399999999999,0.85176,0.85169,0.8517,234.0
2024-06-03 21:20:00,FX:EURGBP,0.8517,0.85175,0.85169,0.8517399999999999,407.0
2024-06-03 21:25:00,FX:EURGBP,0.8517399999999999,0.85176,0.8517,0.85171,374.0
2024-06-03 21:30:00,FX:EURGBP,0.85171,0.85173,0.85159,0.8516,247.0
2024-06-03 21:35:00,FX:EURGBP,0.8516,0.85165,0.85159,0.85163,260.0
2024-06-03 21:40:00,FX:EURGBP,0.85163,0.85164,0.8515699999999999,0.8516,194.0
2024-06-03 21:45:00,FX:EURGBP,0.8516,0.85162,0.8515699999999999,0.85158,243.0
2024-06-03 21:50:00,FX:EURGBP,0.85158,0.85162,0.85153,0.85158,201.0
2024-06-03 21:55:00,FX:EURGBP,0.85158,0.85161,0.85158,0.85159,376.0
2024-06-03 22:00:00,FX:EURGBP,0.85159,0.85162,0.8515699999999999,0.8515699999999999,299.0
2024-06-03 22:05:00,FX:EURGBP,0.8515699999999999,0.85163,0.85155,0.85162,344.0
2024-06-03 22:10:00,FX:EURGBP,0.85162,0.85164,0.85153,0.85154,287.0
2024-06-03 22:15:00,FX:EURGBP,0.85154,0.85154,0.85146,0.85148,167.0
2024-06-03 22:20:00,FX:EURGBP,0.85148,0.85158,0.85145,0.85156,275.0
2024-06-03 22:25:00,FX:EURGBP,0.85156,0.85165,0.85156,0.85164,389.0
2024-06-03 22:30:00,FX:EURGBP,0.85164,0.85166,0.85153,0.85159,268.0
2024-06-03 22:35:00,FX:EURGBP,0.85159,0.85163,0.85158,0.85162,270.0
2024-06-03 22:40:00,FX:EURGBP,0.85162,0.85163,0.85156,0.85158,254.0
2024-06-03 22:45:00,FX:EURGBP,0.85158,0.8516,0.85154,0.8516,203.0
2024-06-03 22:50:00,FX:EURGBP,0.8516,0.85163,0.85158,0.85159,98.0
2024-06-03 22:55:00,FX:EURGBP,0.85159,0.85159,0.85148,0.85149,237.0
2024-06-03 23:00:00,FX:EURGBP,0.85149,0.85154,0.85149,0.8515199999999999,243.0
2024-06-03 23:05:00,FX:EURGBP,0.8515199999999999,0.85153,0.85149,0.8515199999999999,139.0
2024-06-03 23:10:00,FX:EURGBP,0.8515199999999999,0.85156,0.8515199999999999,0.85155,254.0
2024-06-03 23:15:00,FX:EURGBP,0.85155,0.8515699999999999,0.8515199999999999,0.8515199999999999,167.0
2024-06-03 23:20:00,FX:EURGBP,0.8515199999999999,0.85153,0.85148,0.85149,133.0
2024-06-03 23:25:00,FX:EURGBP,0.85149,0.85154,0.85143,0.8515,168.0
2024-06-03 23:30:00,FX:EURGBP,0.8515,0.8515,0.85144,0.85144,167.0
2024-06-03 23:35:00,FX:EURGBP,0.85144,0.85148,0.85143,0.85147,154.0
2024-06-03 23:40:00,FX:EURGBP,0.85147,0.85148,0.85141,0.85142,214.0
2024-06-03 23:45:00,FX:EURGBP,0.85142,0.85146,0.85138,0.85143,315.0
2024-06-03 23:50:00,FX:EURGBP,0.85143,0.85156,0.85143,0.85156,171.0
2024-06-03 23:55:00,FX:EURGBP,0.85156,0.85164,0.85156,0.85164,224.0
2024-06-04 00:00:00,FX:EURGBP,0.85164,0.85165,0.85154,0.85155,319.0
2024-06-04 00:05:00,FX:EURGBP,0.85155,0.85158,0.8515199999999999,0.85155,230.0
2024-06-04 00:10:00,FX:EURGBP,0.85155,0.8515699999999999,0.85153,0.85154,231.0
2024-06-04 00:15:00,FX:EURGBP,0.85154,0.85159,0.85153,0.85155,250.0
2024-06-04 00:20:00,FX:EURGBP,0.85155,0.85159,0.85153,0.85154,314.0
2024-06-04 00:25:00,FX:EURGBP,0.85154,0.85156,0.85154,0.85155,145.0
2024-06-04 00:30:00,FX:EURGBP,0.85155,0.85161,0.85155,0.8515699999999999,251.0
2024-06-04 00:35:00,FX:EURGBP,0.8515699999999999,0.85164,0.85156,0.85161,332.0
2024-06-04 00:40:00,FX:EURGBP,0.85161,0.8517399999999999,0.8516,0.8517399999999999,462.0
2024-06-04 00:45:00,FX:EURGBP,0.8517399999999999,0.85175,0.85168,0.8517,348.0
2024-06-04 00:50:00,FX:EURGBP,0.8517,0.85176,0.85169,0.85173,466.0
2024-06-04 00:55:00,FX:EURGBP,0.85173,0.8517399999999999,0.85165,0.85171,573.0
2024-06-04 01:00:00,FX:EURGBP,0.85171,0.85181,0.8517,0.8517399999999999,774.0
2024-06-04 01:05:00,FX:EURGBP,0.8517399999999999,0.85183,0.85172,0.85176,619.0
2024-06-04 01:10:00,FX:EURGBP,0.85176,0.85185,0.85171,0.85185,524.0
2024-06-04 01:15:00,FX:EURGBP,0.85185,0.85186,0.85173,0.85175,744.0
2024-06-04 01:20:00,FX:EURGBP,0.85175,0.85181,0.8517399999999999,0.85178,645.0
2024-06-04 01:25:00,FX:EURGBP,0.85178,0.85178,0.85168,0.85169,489.0
2024-06-04 01:30:00,FX:EURGBP,0.85169,0.85182,0.85163,0.8518,899.0
2024-06-04 01:35:00,FX:EURGBP,0.8518,0.85181,0.85169,0.85172,1074.0
2024-06-04 01:40:00,FX:EURGBP,0.85172,0.8517399999999999,0.8515699999999999,0.85165,755.0
2024-06-04 01:45:00,FX:EURGBP,0.85165,0.85173,0.85144,0.85148,882.0
2024-06-04 01:50:00,FX:EURGBP,0.85148,0.8515,0.85136,0.85144,632.0
2024-06-04 01:55:00,FX:EURGBP,0.85144,0.85146,0.85128,0.85137,738.0
2024-06-04 02:00:00,FX:EURGBP,0.85137,0.85143,0.85123,0.85128,1152.0
2024-06-04 02:05:00,FX:EURGBP,0.85128,0.8515199999999999,0.85125,0.85143,865.0
2024-06-04 02:10:00,FX:EURGBP,0.85143,0.85147,0.85127,0.85131,988.0
2024-06-04 02:15:00,FX:EURGBP,0.85131,0.85141,0.85128,0.8513999999999999,822.0
2024-06-04 02:20:00,FX:EURGBP,0.8513999999999999,0.85144,0.85128,0.85139,1022.0
2024-06-04 02:25:00,FX:EURGBP,0.85139,0.85154,0.8513499999999999,0.85144,991.0
2024-06-04 02:30:00,FX:EURGBP,0.85144,0.8515699999999999,0.85139,0.85145,1004.0
2024-06-04 02:35:00,FX:EURGBP,0.85145,0.85153,0.85138,0.85142,662.0
2024-06-04 02:40:00,FX:EURGBP,0.85142,0.85147,0.85123,0.85124,476.0
2024-06-04 02:45:00,FX:EURGBP,0.85124,0.85136,0.85122,0.85127,525.0
2024-06-04 02:50:00,FX:EURGBP,0.85127,0.85148,0.85125,0.8513999999999999,766.0
2024-06-04 02:55:00,FX:EURGBP,0.8513999999999999,0.85143,0.85122,0.85138,614.0
2024-06-04 03:00:00,FX:EURGBP,0.85138,0.8515,0.85133,0.8513999999999999,966.0
2024-06-04 03:05:00,FX:EURGBP,0.8513999999999999,0.85149,0.85132,0.85133,810.0
2024-06-04 03:10:00,FX:EURGBP,0.85133,0.85158,0.85127,0.85154,826.0
2024-06-04 03:15:00,FX:EURGBP,0.85154,0.85154,0.85127,0.85128,988.0
2024-06-04 03:20:00,FX:EURGBP,0.85128,0.8513999999999999,0.85124,0.85124,824.0
2024-06-04 03:25:00,FX:EURGBP,0.85124,0.85131,0.85116,0.85129,964.0
2024-06-04 03:30:00,FX:EURGBP,0.85129,0.85149,0.85128,0.85141,787.0
2024-06-04 03:35:00,FX:EURGBP,0.85141,0.85145,0.85134,0.85142,850.0
2024-06-04 03:40:00,FX:EURGBP,0.85142,0.85144,0.85115,0.8512,951.0
2024-06-04 03:45:00,FX:EURGBP,0.8512,0.8515,0.85119,0.85147,1063.0
2024-06-04 03:50:00,FX:EURGBP,0.85147,0.85162,0.85145,0.85158,1054.0
2024-06-04 03:55:00,FX:EURGBP,0.85158,0.85167,0.85154,0.85162,871.0
2024-06-04 04:00:00,FX:EURGBP,0.85162,0.85171,0.85144,0.85169,937.0
2024-06-04 04:05:00,FX:EURGBP,0.85169,0.8518,0.85163,0.85176,899.0
2024-06-04 04:10:00,FX:EURGBP,0.85176,0.85191,0.85171,0.85184,1195.0
2024-06-04 04:15:00,FX:EURGBP,0.85184,0.852,0.8517,0.85199,541.0
2024-06-04 04:20:00,FX:EURGBP,0.85199,0.85221,0.85191,0.8522,1154.0
2024-06-04 04:25:00,FX:EURGBP,0.8522,0.85221,0.85199,0.85216,947.0
2024-06-04 04:30:00,FX:EURGBP,0.85216,0.85221,0.8520099999999999,0.85203,1107.0
2024-06-04 04:35:00,FX:EURGBP,0.85203,0.85212,0.85194,0.852,984.0
2024-06-04 04:40:00,FX:EURGBP,0.852,0.85208,0.85187,0.85193,918.0
2024-06-04 04:45:00,FX:EURGBP,0.85193,0.85207,0.85184,0.85186,828.0
2024-06-04 04:50:00,FX:EURGBP,0.85186,0.85192,0.85173,0.85173,636.0
2024-06-04 04:55:00,FX:EURGBP,0.85173,0.8517899999999999,0.85159,0.85177,564.0
2024-06-04 05:00:00,FX:EURGBP,0.85177,0.85193,0.85172,0.85185,872.0
2024-06-04 05:05:00,FX:EURGBP,0.85185,0.85198,0.85178,0.85185,771.0
2024-06-04 05:10:00,FX:EURGBP,0.85185,0.8521299999999999,0.85184,0.85211,812.0
2024-06-04 05:15:00,FX:EURGBP,0.85211,0.85217,0.85198,0.85199,829.0
2024-06-04 05:20:00,FX:EURGBP,0.85199,0.852,0.85167,0.85168,724.0
2024-06-04 05:25:00,FX:EURGBP,0.85168,0.85183,0.85168,0.8517899999999999,773.0
2024-06-04 05:30:00,FX:EURGBP,0.8517899999999999,0.8517899999999999,0.85165,0.85171,946.0
2024-06-04 05:35:00,FX:EURGBP,0.85171,0.85202,0.85165,0.852,801.0
2024-06-04 05:40:00,FX:EURGBP,0.852,0.85233,0.85199,0.85225,937.0
2024-06-04 05:45:00,FX:EURGBP,0.85225,0.85247,0.85224,0.85226,880.0
2024-06-04 05:50:00,FX:EURGBP,0.85226,0.8523499999999999,0.85192,0.85194,920.0
2024-06-04 05:55:00,FX:EURGBP,0.85194,0.85207,0.85188,0.85189,759.0
2024-06-04 06:00:00,FX:EURGBP,0.85189,0.85224,0.85189,0.85216,900.0
2024-06-04 06:05:00,FX:EURGBP,0.85216,0.8523,0.85198,0.85203,803.0
2024-06-04 06:10:00,FX:EURGBP,0.85203,0.8521,0.85194,0.8520099999999999,708.0
2024-06-04 06:15:00,FX:EURGBP,0.8520099999999999,0.85208,0.8519,0.85198,895.0
2024-06-04 06:20:00,FX:EURGBP,0.85198,0.8520099999999999,0.85189,0.85195,658.0
2024-06-04 06:25:00,FX:EURGBP,0.85195,0.85205,0.85185,0.85199,770.0
2024-06-04 06:30:00,FX:EURGBP,0.85199,0.85211,0.85183,0.85184,857.0
2024-06-04 06:35:00,FX:EURGBP,0.85184,0.85195,0.85175,0.85185,803.0
2024-06-04 06:40:00,FX:EURGBP,0.85185,0.85199,0.85161,0.85161,730.0
2024-06-04 06:45:00,FX:EURGBP,0.85161,0.85166,0.85139,0.8515,1030.0
2024-06-04 06:50:00,FX:EURGBP,0.8515,0.85156,0.85129,0.85133,761.0
2024-06-04 06:55:00,FX:EURGBP,0.85133,0.85133,0.85108,0.85115,818.0
2024-06-04 07:00:00,FX:EURGBP,0.85115,0.85131,0.8511299999999999,0.85129,1364.0
2024-06-04 07:05:00,FX:EURGBP,0.85129,0.8513999999999999,0.85126,0.85139,964.0
2024-06-04 07:10:00,FX:EURGBP,0.85139,0.85148,0.85128,0.85134,946.0
2024-06-04 07:15:00,FX:EURGBP,0.85134,0.85158,0.8512,0.8515699999999999,927.0
2024-06-04 07:20:00,FX:EURGBP,0.8515699999999999,0.85168,0.85155,0.8516,842.0
2024-06-04 07:25:00,FX:EURGBP,0.8516,0.85162,0.85149,0.85154,797.0
2024-06-04 07:30:00,FX:EURGBP,0.85154,0.85162,0.85149,0.85161,845.0
2024-06-04 07:35:00,FX:EURGBP,0.85161,0.85166,0.8515,0.85153,773.0
2024-06-04 07:40:00,FX:EURGBP,0.85153,0.85156,0.85123,0.85123,633.0
2024-06-04 07:45:00,FX:EURGBP,0.85123,0.85123,0.85106,0.85114,783.0
2024-06-04 07:50:00,FX:EURGBP,0.85114,0.8511799999999999,0.85106,0.85107,762.0
2024-06-04 07:55:00,FX:EURGBP,0.85107,0.85116,0.85101,0.85112,917.0
2024-06-04 08:00:00,FX:EURGBP,0.85112,0.85134,0.85103,0.85134,1062.0
2024-06-04 08:05:00,FX:EURGBP,0.85134,0.85145,0.85121,0.85125,836.0
2024-06-04 08:10:00,FX:EURGBP,0.85125,0.85126,0.85111,0.85116,900.0
2024-06-04 08:15:00,FX:EURGBP,0.85116,0.85116,0.85103,0.85107,909.0
2024-06-04 08:20:00,FX:EURGBP,0.85107,0.85108,0.85081,0.85085,804.0
2024-06-04 08:25:00,FX:EURGBP,0.85085,0.8509099999999999,0.85076,0.85085,963.0
2024-06-04 08:30:00,FX:EURGBP,0.85085,0.85088,0.8507399999999999,0.85075,1018.0
2024-06-04 08:35:00,FX:EURGBP,0.85075,0.85102,0.85072,0.851,938.0
2024-06-04 08:40:00,FX:EURGBP,0.851,0.8511299999999999,0.85086,0.85109,774.0
2024-06-04 08:45:00,FX:EURGBP,0.85109,0.85109,0.85085,0.85093,797.0
2024-06-04 08:50:00,FX:EURGBP,0.85093,0.85111,0.8509099999999999,0.85107,794.0
2024-06-04 08:55:00,FX:EURGBP,0.85107,0.85121,0.85085,0.85087,1011.0
2024-06-04 09:00:00,FX:EURGBP,0.85087,0.85134,0.8503999999999999,0.85122,3961.0
2024-06-04 09:05:00,FX:EURGBP,0.85122,0.8515699999999999,0.8512,0.85136,2555.0
2024-06-04 09:10:00,FX:EURGBP,0.85136,0.85151,0.8511299999999999,0.85151,1578.0
2024-06-04 09:15:00,FX:EURGBP,0.85151,0.8515699999999999,0.85116,0.85124,1365.0
2024-06-04 09:20:00,FX:EURGBP,0.85124,0.85131,0.85104,0.85104,1286.0
2024-06-04 09:25:00,FX:EURGBP,0.85104,0.85104,0.85069,0.85073,945.0
2024-06-04 09:30:00,FX:EURGBP,0.85073,0.8509099999999999,0.8506,0.8509,1145.0
2024-06-04 09:35:00,FX:EURGBP,0.8509,0.85104,0.85084,0.85102,975.0
2024-06-04 09:40:00,FX:EURGBP,0.85102,0.85116,0.85099,0.8511,797.0
2024-06-04 09:45:00,FX:EURGBP,0.8511,0.85119,0.85098,0.85109,1116.0
2024-06-04 09:50:00,FX:EURGBP,0.85109,0.85117,0.85089,0.85102,999.0
2024-06-04 09:55:00,FX:EURGBP,0.85102,0.85138,0.85098,0.8513499999999999,1274.0
2024-06-04 10:00:00,FX:EURGBP,0.8513499999999999,0.85137,0.85093,0.851,1349.0
2024-06-04 10:05:00,FX:EURGBP,0.851,0.85119,0.85098,0.85117,925.0
2024-06-04 10:10:00,FX:EURGBP,0.85117,0.85124,0.85103,0.85103,707.0
2024-06-04 10:15:00,FX:EURGBP,0.85103,0.85117,0.8509599999999999,0.8511299999999999,776.0
2024-06-04 10:20:00,FX:EURGBP,0.8511299999999999,0.85122,0.85104,0.85117,992.0
2024-06-04 10:25:00,FX:EURGBP,0.85117,0.85125,0.85107,0.85112,700.0
2024-06-04 10:30:00,FX:EURGBP,0.85112,0.85112,0.85088,0.851,975.0
2024-06-04 10:35:00,FX:EURGBP,0.851,0.8511799999999999,0.85098,0.85116,752.0
2024-06-04 10:40:00,FX:EURGBP,0.85116,0.85128,0.85098,0.85098,691.0
2024-06-04 10:45:00,FX:EURGBP,0.85098,0.85121,0.85095,0.85099,636.0
2024-06-04 10:50:00,FX:EURGBP,0.85099,0.8511299999999999,0.8509,0.851,651.0
2024-06-04 10:55:00,FX:EURGBP,0.851,0.85111,0.85094,0.8509599999999999,701.0
2024-06-04 11:00:00,FX:EURGBP,0.8509599999999999,0.851,0.85078,0.85087,665.0
2024-06-04 11:05:00,FX:EURGBP,0.85087,0.85089,0.85068,0.85077,669.0
2024-06-04 11:10:00,FX:EURGBP,0.85077,0.85083,0.85071,0.8507399999999999,604.0
2024-06-04 11:15:00,FX:EURGBP,0.8507399999999999,0.85086,0.85071,0.85084,457.0
2024-06-04 11:20:00,FX:EURGBP,0.85084,0.85099,0.85081,0.8509099999999999,595.0
2024-06-04 11:25:00,FX:EURGBP,0.8509099999999999,0.85108,0.8509,0.85097,552.0
2024-06-04 11:30:00,FX:EURGBP,0.85097,0.85099,0.85092,0.85097,507.0
2024-06-04 11:35:00,FX:EURGBP,0.85097,0.85104,0.85085,0.85093,728.0
2024-06-04 11:40:00,FX:EURGBP,0.85093,0.85105,0.85092,0.8509599999999999,555.0
2024-06-04 11:45:00,FX:EURGBP,0.8509599999999999,0.851,0.8507899999999999,0.8509099999999999,629.0
2024-06-04 11:50:00,FX:EURGBP,0.8509099999999999,0.85104,0.8509,0.85101,485.0
2024-06-04 11:55:00,FX:EURGBP,0.85101,0.85105,0.85085,0.8509099999999999,464.0
2024-06-04 12:00:00,FX:EURGBP,0.8509099999999999,0.85104,0.8509,0.85098,439.0
2024-06-04 12:05:00,FX:EURGBP,0.85098,0.85105,0.85088,0.85089,653.0
2024-06-04 12:10:00,FX:EURGBP,0.85089,0.8509099999999999,0.8507899999999999,0.85083,771.0
2024-06-04 12:15:00,FX:EURGBP,0.85083,0.85089,0.85075,0.85077,526.0
2024-06-04 12:20:00,FX:EURGBP,0.85077,0.85083,0.8507399999999999,0.8508,537.0
2024-06-04 12:25:00,FX:EURGBP,0.8508,0.85088,0.85078,0.8508,480.0
2024-06-04 12:30:00,FX:EURGBP,0.8508,0.85087,0.85075,0.85082,658.0
2024-06-04 12:35:00,FX:EURGBP,0.85082,0.85086,0.85076,0.85085,401.0
2024-06-04 12:40:00,FX:EURGBP,0.85085,0.85089,0.8508,0.85087,379.0
2024-06-04 12:45:00,FX:EURGBP,0.85087,0.85087,0.85075,0.85082,377.0
2024-06-04 12:50:00,FX:EURGBP,0.85082,0.85087,0.85076,0.85085,399.0
2024-06-04 12:55:00,FX:EURGBP,0.85085,0.8509,0.8507399999999999,0.85084,457.0
2024-06-04 13:00:00,FX:EURGBP,0.85084,0.85088,0.85077,0.85086,568.0
2024-06-04 13:05:00,FX:EURGBP,0.85086,0.85086,0.8507399999999999,0.85085,434.0
2024-06-04 13:10:00,FX:EURGBP,0.85085,0.8509099999999999,0.85072,0.8509099999999999,482.0
2024-06-04 13:15:00,FX:EURGBP,0.8509099999999999,0.85104,0.85085,0.85102,642.0
2024-06-04 13:20:00,FX:EURGBP,0.85102,0.85107,0.85092,0.85099,687.0
2024-06-04 13:25:00,FX:EURGBP,0.85099,0.85108,0.85098,0.85106,547.0
2024-06-04 13:30:00,FX:EURGBP,0.85106,0.85122,0.85103,0.8512,439.0
2024-06-04 13:35:00,FX:EURGBP,0.8512,0.85122,0.85114,0.85119,327.0
2024-06-04 13:40:00,FX:EURGBP,0.85119,0.85124,0.85114,0.85124,215.0
2024-06-04 13:45:00,FX:EURGBP,0.85124,0.85141,0.85124,0.85137,415.0
2024-06-04 13:50:00,FX:EURGBP,0.85137,0.85142,0.85122,0.8513999999999999,387.0
2024-06-04 13:55:00,FX:EURGBP,0.8513999999999999,0.85146,0.85133,0.8513999999999999,509.0
2024-06-04 14:00:00,FX:EURGBP,0.8513999999999999,0.85147,0.85138,0.85146,445.0
2024-06-04 14:05:00,FX:EURGBP,0.85146,0.85154,0.85145,0.85147,400.0
2024-06-04 14:10:00,FX:EURGBP,0.85147,0.85148,0.85138,0.85138,454.0
2024-06-04 14:15:00,FX:EURGBP,0.85138,0.85141,0.85127,0.85138,480.0
2024-06-04 14:20:00,FX:EURGBP,0.85138,0.8515199999999999,0.85136,0.8515,522.0
2024-06-04 14:25:00,FX:EURGBP,0.8515,0.85161,0.85148,0.8515699999999999,424.0
2024-06-04 14:30:00,FX:EURGBP,0.8515699999999999,0.8518,0.85155,0.8517899999999999,481.0
2024-06-04 14:35:00,FX:EURGBP,0.8517899999999999,0.85186,0.85173,0.85182,356.0
2024-06-04 14:40:00,FX:EURGBP,0.85182,0.85192,0.85182,0.85188,242.0
2024-06-04 14:45:00,FX:EURGBP,0.85188,0.85195,0.85185,0.85193,181.0
2024-06-04 14:50:00,FX:EURGBP,0.85193,0.85195,0.85185,0.85192,245.0
2024-06-04 14:55:00,FX:EURGBP,0.85192,0.8519599999999999,0.85188,0.85194,220.0
2024-06-04 15:00:00,FX:EURGBP,0.85194,0.85195,0.8518,0.85192,200.0
2024-06-04 15:05:00,FX:EURGBP,0.85192,0.85192,0.85186,0.85191,59.0
2024-06-04 15:10:00,FX:EURGBP,0.85191,0.85195,0.85187,0.85194,102.0
2024-06-04 15:15:00,FX:EURGBP,0.85194,0.85199,0.85189,0.8519,95.0
2024-06-04 15:20:00,FX:EURGBP,0.8519,0.85194,0.85186,0.85187,110.0
2024-06-04 15:25:00,FX:EURGBP,0.85187,0.85195,0.85187,0.85194,106.0
2024-06-04 15:30:00,FX:EURGBP,0.85194,0.85208,0.85193,0.85206,182.0
2024-06-04 15:35:00,FX:EURGBP,0.85206,0.85207,0.85192,0.85195,115.0
2024-06-04 15:40:00,FX:EURGBP,0.85195,0.85204,0.85195,0.8519599999999999,79.0
2024-06-04 15:45:00,FX:EURGBP,0.8519599999999999,0.85205,0.85195,0.852,118.0
2024-06-04 15:50:00,FX:EURGBP,0.852,0.852,0.85189,0.85189,181.0
2024-06-04 15:55:00,FX:EURGBP,0.85189,0.85194,0.85185,0.85185,281.0
2024-06-04 16:00:00,FX:EURGBP,0.85185,0.85185,0.85122,0.85148,28.0
2024-06-04 16:05:00,FX:EURGBP,0.85148,0.85155,0.85139,0.85148,133.0
2024-06-04 16:10:00,FX:EURGBP,0.85148,0.85155,0.85137,0.8515,183.0
2024-06-04 16:15:00,FX:EURGBP,0.8515,0.85159,0.85134,0.8513999999999999,143.0
2024-06-04 16:20:00,FX:EURGBP,0.8513999999999999,0.85199,0.85139,0.8519599999999999,123.0
2024-06-04 16:25:00,FX:EURGBP,0.8519599999999999,0.85202,0.85186,0.85197,163.0
2024-06-04 16:30:00,FX:EURGBP,0.85197,0.85198,0.85182,0.85188,64.0
2024-06-04 16:35:00,FX:EURGBP,0.85188,0.8519599999999999,0.85176,0.85187,199.0
2024-06-04 16:40:00,FX:EURGBP,0.85187,0.85191,0.85178,0.85182,214.0
2024-06-04 16:45:00,FX:EURGBP,0.85182,0.85195,0.8518,0.8519,179.0
2024-06-04 16:50:00,FX:EURGBP,0.8519,0.85194,0.85183,0.8519,254.0
2024-06-04 16:55:00,FX:EURGBP,0.8519,0.85195,0.85151,0.85168,602.0
2024-06-04 17:00:00,FX:EURGBP,0.85168,0.85192,0.85168,0.85188,214.0
2024-06-04 17:05:00,FX:EURGBP,0.85188,0.8519,0.85186,0.85189,76.0
2024-06-04 17:10:00,FX:EURGBP,0.85189,0.85191,0.85188,0.85191,40.0
2024-06-04 17:15:00,FX:EURGBP,0.85191,0.85192,0.8519,0.85191,67.0
2024-06-04 17:20:00,FX:EURGBP,0.85191,0.85193,0.8519,0.85192,45.0
2024-06-04 17:25:00,FX:EURGBP,0.85192,0.85192,0.85186,0.85187,65.0
2024-06-04 17:30:00,FX:EURGBP,0.85187,0.8519,0.85187,0.85189,46.0
2024-06-04 17:35:00,FX:EURGBP,0.85189,0.85189,0.85188,0.85189,32.0
2024-06-04 17:40:00,FX:EURGBP,0.85189,0.8519,0.85186,0.85187,17.0
2024-06-04 17:45:00,FX:EURGBP,0.85187,0.85187,0.85185,0.85185,52.0
2024-06-04 17:50:00,FX:EURGBP,0.85185,0.85189,0.85184,0.85189,41.0
2024-06-04 17:55:00,FX:EURGBP,0.85189,0.8519,0.85183,0.85183,30.0
2024-06-04 18:00:00,FX:EURGBP,0.85183,0.8519,0.85183,0.85187,53.0
2024-06-04 18:05:00,FX:EURGBP,0.85187,0.85192,0.85185,0.85188,127.0
2024-06-04 18:10:00,FX:EURGBP,0.85188,0.85189,0.85186,0.85189,59.0
2024-06-04 18:15:00,FX:EURGBP,0.85189,0.85191,0.85188,0.85189,90.0
2024-06-04 18:20:00,FX:EURGBP,0.85189,0.85194,0.85188,0.85192,45.0
2024-06-04 18:25:00,FX:EURGBP,0.85192,0.85194,0.8519,0.85191,22.0
2024-06-04 18:30:00,FX:EURGBP,0.85191,0.85194,0.85186,0.85191,165.0
2024-06-04 18:35:00,FX:EURGBP,0.85191,0.85194,0.85191,0.85191,69.0
2024-06-04 18:40:00,FX:EURGBP,0.85191,0.85195,0.85191,0.85193,105.0
2024-06-04 18:45:00,FX:EURGBP,0.85193,0.8519599999999999,0.85191,0.85191,111.0
2024-06-04 18:50:00,FX:EURGBP,0.85191,0.85195,0.8519,0.85193,235.0
2024-06-04 18:55:00,FX:EURGBP,0.85193,0.85197,0.85192,0.85194,278.0
2024-06-04 19:00:00,FX:EURGBP,0.85194,0.85198,0.85191,0.85193,640.0
2024-06-04 19:05:00,FX:EURGBP,0.85193,0.85198,0.85193,0.8519599999999999,454.0
2024-06-04 19:10:00,FX:EURGBP,0.8519599999999999,0.85199,0.85191,0.85195,340.0
2024-06-04 19:15:00,FX:EURGBP,0.85195,0.85199,0.85186,0.85186,246.0
2024-06-04 19:20:00,FX:EURGBP,0.85186,0.85188,0.85181,0.85181,292.0
2024-06-04 19:25:00,FX:EURGBP,0.85181,0.85185,0.8518,0.85183,321.0
2024-06-04 19:30:00,FX:EURGBP,0.85183,0.85188,0.85181,0.85183,445.0
2024-06-04 19:35:00,FX:EURGBP,0.85183,0.85194,0.85181,0.85189,574.0
2024-06-04 19:40:00,FX:EURGBP,0.85189,0.852,0.85188,0.85198,714.0
2024-06-04 19:45:00,FX:EURGBP,0.85198,0.852,0.85192,0.85197,538.0
2024-06-04 19:50:00,FX:EURGBP,0.85197,0.85198,0.85192,0.85193,498.0
2024-06-04 19:55:00,FX:EURGBP,0.85193,0.85198,0.85192,0.85195,530.0
2024-06-04 20:00:00,FX:EURGBP,0.85195,0.85195,0.85187,0.8519,570.0
2024-06-04 20:05:00,FX:EURGBP,0.8519,0.8519599999999999,0.85187,0.8519599999999999,529.0
2024-06-04 20:10:00,FX:EURGBP,0.8519599999999999,0.85199,0.85191,0.85198,447.0
2024-06-04 20:15:00,FX:EURGBP,0.85198,0.852,0.85194,0.85199,455.0
2024-06-04 20:20:00,FX:EURGBP,0.85199,0.85204,0.85198,0.85204,414.0
2024-06-04 20:25:00,FX:EURGBP,0.85204,0.85206,0.85197,0.85205,284.0
2024-06-04 20:30:00,FX:EURGBP,0.85205,0.85205,0.85187,0.8519,625.0
2024-06-04 20:35:00,FX:EURGBP,0.8519,0.85195,0.85189,0.85193,347.0
2024-06-04 20:40:00,FX:EURGBP,0.85193,0.8519599999999999,0.85189,0.85189,244.0
2024-06-04 20:45:00,FX:EURGBP,0.85189,0.85192,0.85185,0.85191,346.0
2024-06-04 20:50:00,FX:EURGBP,0.85191,0.85191,0.85185,0.85186,424.0
2024-06-04 20:55:00,FX:EURGBP,0.85186,0.85188,0.85176,0.85176,285.0
2024-06-04 21:00:00,FX:EURGBP,0.85176,0.85182,0.85175,0.8517899999999999,400.0
2024-06-04 21:05:00,FX:EURGBP,0.8517899999999999,0.85183,0.8517399999999999,0.85178,405.0
2024-06-04 21:10:00,FX:EURGBP,0.85178,0.8517899999999999,0.8517399999999999,0.85178,388.0
2024-06-04 21:15:00,FX:EURGBP,0.85178,0.85181,0.8517399999999999,0.85178,333.0
2024-06-04 21:20:00,FX:EURGBP,0.85178,0.8518,0.85171,0.8517899999999999,266.0
2024-06-04 21:25:00,FX:EURGBP,0.8517899999999999,0.8518,0.8517,0.85173,368.0
2024-06-04 21:30:00,FX:EURGBP,0.85173,0.85175,0.8517,0.85172,265.0
2024-06-04 21:35:00,FX:EURGBP,0.85172,0.85177,0.85167,0.85171,390.0
2024-06-04 21:40:00,FX:EURGBP,0.85171,0.8517399999999999,0.85167,0.85173,262.0
2024-06-04 21:45:00,FX:EURGBP,0.85173,0.85178,0.8517,0.85178,238.0
2024-06-04 21:50:00,FX:EURGBP,0.85178,0.8518,0.85173,0.85176,296.0
2024-06-04 21:55:00,FX:EURGBP,0.85176,0.85182,0.8517399999999999,0.8518,321.0
2024-06-04 22:00:00,FX:EURGBP,0.8518,0.85184,0.85171,0.85172,395.0
2024-06-04 22:05:00,FX:EURGBP,0.85172,0.8517399999999999,0.8516,0.85164,500.0
2024-06-04 22:10:00,FX:EURGBP,0.85164,0.85164,0.85151,0.85161,568.0
2024-06-04 22:15:00,FX:EURGBP,0.85161,0.85163,0.85158,0.8516,387.0
2024-06-04 22:20:00,FX:EURGBP,0.8516,0.85163,0.85155,0.85161,439.0
2024-06-04 22:25:00,FX:EURGBP,0.85161,0.85161,0.8515199999999999,0.85158,446.0
2024-06-04 22:30:00,FX:EURGBP,0.85158,0.85158,0.8515,0.85151,316.0
2024-06-04 22:35:00,FX:EURGBP,0.85151,0.85164,0.8515,0.85163,338.0
2024-06-04 22:40:00,FX:EURGBP,0.85163,0.85167,0.85161,0.85167,89.0
2024-06-04 22:45:00,FX:EURGBP,0.85167,0.85183,0.85167,0.8518,160.0
2024-06-04 22:50:00,FX:EURGBP,0.8518,0.85187,0.8517899999999999,0.85181,296.0
2024-06-04 22:55:00,FX:EURGBP,0.85181,0.85183,0.8517399999999999,0.8517899999999999,212.0
2024-06-04 23:00:00,FX:EURGBP,0.8517899999999999,0.85183,0.85178,0.8517899999999999,237.0
2024-06-04 23:05:00,FX:EURGBP,0.8517899999999999,0.8517899999999999,0.85172,0.85178,205.0
2024-06-04 23:10:00,FX:EURGBP,0.85178,0.85178,0.85169,0.85173,180.0
2024-06-04 23:15:00,FX:EURGBP,0.85173,0.85178,0.85168,0.85176,198.0
2024-06-04 23:20:00,FX:EURGBP,0.85176,0.85178,0.85167,0.8517,280.0
2024-06-04 23:25:00,FX:EURGBP,0.8517,0.85176,0.85167,0.8517399999999999,375.0
2024-06-04 23:30:00,FX:EURGBP,0.8517399999999999,0.85177,0.85171,0.85175,382.0
2024-06-04 23:35:00,FX:EURGBP,0.85175,0.8517899999999999,0.85171,0.85178,244.0
2024-06-04 23:40:00,FX:EURGBP,0.85178,0.85178,0.8517399999999999,0.85177,184.0
2024-06-04 23:45:00,FX:EURGBP,0.85177,0.8517899999999999,0.8517399999999999,0.85176,180.0
2024-06-04 23:50:00,FX:EURGBP,0.85176,0.85178,0.8517399999999999,0.85177,261.0
2024-06-04 23:55:00,FX:EURGBP,0.85177,0.85178,0.85173,0.85176,274.0
2024-06-05 00:00:00,FX:EURGBP,0.85176,0.85178,0.85172,0.85175,386.0
2024-06-05 00:05:00,FX:EURGBP,0.85175,0.85178,0.8517,0.85172,295.0
2024-06-05 00:10:00,FX:EURGBP,0.85172,0.85175,0.8517,0.8517399999999999,274.0
2024-06-05 00:15:00,FX:EURGBP,0.8517399999999999,0.8517399999999999,0.85163,0.85164,279.0
2024-06-05 00:20:00,FX:EURGBP,0.85164,0.85182,0.85163,0.85182,232.0
2024-06-05 00:25:00,FX:EURGBP,0.85182,0.85182,0.8517899999999999,0.85181,168.0
2024-06-05 00:30:00,FX:EURGBP,0.85181,0.85183,0.85177,0.8517899999999999,258.0
2024-06-05 00:35:00,FX:EURGBP,0.8517899999999999,0.85184,0.85178,0.85183,145.0
2024-06-05 00:40:00,FX:EURGBP,0.85183,0.85188,0.85182,0.85187,275.0
2024-06-05 00:45:00,FX:EURGBP,0.85187,0.85188,0.85175,0.85178,337.0
2024-06-05 00:50:00,FX:EURGBP,0.85178,0.85185,0.85173,0.85183,399.0
2024-06-05 00:55:00,FX:EURGBP,0.85183,0.85187,0.85178,0.85181,367.0
2024-06-05 01:00:00,FX:EURGBP,0.85181,0.85181,0.85167,0.85176,603.0
2024-06-05 01:05:00,FX:EURGBP,0.85176,0.85176,0.85164,0.85173,615.0
2024-06-05 01:10:00,FX:EURGBP,0.85173,0.85178,0.8517,0.85176,477.0
2024-06-05 01:15:00,FX:EURGBP,0.85176,0.8517899999999999,0.85167,0.85167,621.0
2024-06-05 01:20:00,FX:EURGBP,0.85167,0.85175,0.85162,0.85171,477.0
2024-06-05 01:25:00,FX:EURGBP,0.85171,0.85181,0.85171,0.8517899999999999,424.0
2024-06-05 01:30:00,FX:EURGBP,0.8517899999999999,0.85191,0.85176,0.85186,374.0
2024-06-05 01:35:00,FX:EURGBP,0.85186,0.85189,0.85168,0.85172,498.0
2024-06-05 01:40:00,FX:EURGBP,0.85172,0.8517899999999999,0.85161,0.85177,431.0
2024-06-05 01:45:00,FX:EURGBP,0.85177,0.85185,0.85172,0.8517399999999999,397.0
2024-06-05 01:50:00,FX:EURGBP,0.8517399999999999,0.85177,0.85166,0.8517,480.0
2024-06-05 01:55:00,FX:EURGBP,0.8517,0.85177,0.85162,0.85163,596.0
2024-06-05 02:00:00,FX:EURGBP,0.85163,0.85163,0.85133,0.85137,867.0
2024-06-05 02:05:00,FX:EURGBP,0.85137,0.8515199999999999,0.85136,0.85148,695.0
2024-06-05 02:10:00,FX:EURGBP,0.85148,0.85162,0.85142,0.85158,486.0
2024-06-05 02:15:00,FX:EURGBP,0.85158,0.85162,0.85149,0.8515199999999999,613.0
2024-06-05 02:20:00,FX:EURGBP,0.8515199999999999,0.85156,0.8513,0.85142,605.0
2024-06-05 02:25:00,FX:EURGBP,0.85142,0.85153,0.8511299999999999,0.85123,551.0
2024-06-05 02:30:00,FX:EURGBP,0.85123,0.8513,0.85111,0.85112,684.0
2024-06-05 02:35:00,FX:EURGBP,0.85112,0.85114,0.851,0.85111,469.0
2024-06-05 02:40:00,FX:EURGBP,0.85111,0.85134,0.85111,0.85132,452.0
2024-06-05 02:45:00,FX:EURGBP,0.85132,0.85133,0.85115,0.85126,560.0
2024-06-05 02:50:00,FX:EURGBP,0.85126,0.85143,0.85126,0.85136,570.0
2024-06-05 02:55:00,FX:EURGBP,0.85136,0.8513999999999999,0.85115,0.8511799999999999,499.0
2024-06-05 03:00:00,FX:EURGBP,0.8511799999999999,0.8512,0.85097,0.85108,896.0
2024-06-05 03:05:00,FX:EURGBP,0.85108,0.8511799999999999,0.85102,0.85103,483.0
2024-06-05 03:10:00,FX:EURGBP,0.85103,0.85111,0.85099,0.85101,391.0
2024-06-05 03:15:00,FX:EURGBP,0.85101,0.85111,0.851,0.85106,372.0
2024-06-05 03:20:00,FX:EURGBP,0.85106,0.85114,0.85101,0.85108,491.0
2024-06-05 03:25:00,FX:EURGBP,0.85108,0.85133,0.85107,0.85121,384.0
2024-06-05 03:30:00,FX:EURGBP,0.85121,0.85126,0.85101,0.85106,490.0
2024-06-05 03:35:00,FX:EURGBP,0.85106,0.85133,0.85102,0.85123,457.0
2024-06-05 03:40:00,FX:EURGBP,0.85123,0.85141,0.85122,0.85141,263.0
2024-06-05 03:45:00,FX:EURGBP,0.85141,0.85147,0.85133,0.85134,436.0
2024-06-05 03:50:00,FX:EURGBP,0.85134,0.85156,0.85131,0.85155,344.0
2024-06-05 03:55:00,FX:EURGBP,0.85155,0.85155,0.85133,0.85134,397.0
2024-06-05 04:00:00,FX:EURGBP,0.85134,0.85137,0.85123,0.8513499999999999,591.0
2024-06-05 04:05:00,FX:EURGBP,0.8513499999999999,0.85148,0.85133,0.85145,542.0
2024-06-05 04:10:00,FX:EURGBP,0.85145,0.85154,0.8513499999999999,0.85142,455.0
2024-06-05 04:15:00,FX:EURGBP,0.85142,0.8515199999999999,0.85137,0.85145,456.0
2024-06-05 04:20:00,FX:EURGBP,0.85145,0.85146,0.85125,0.8513,541.0
2024-06-05 04:25:00,FX:EURGBP,0.8513,0.85141,0.85126,0.85138,610.0
2024-06-05 04:30:00,FX:EURGBP,0.85138,0.85143,0.85126,0.8513499999999999,584.0
2024-06-05 04:35:00,FX:EURGBP,0.8513499999999999,0.85144,0.8513,0.85134,489.0
2024-06-05 04:40:00,FX:EURGBP,0.85134,0.85138,0.8513,0.8513,317.0
2024-06-05 04:45:00,FX:EURGBP,0.8513,0.85132,0.8511299999999999,0.85119,512.0
2024-06-05 04:50:00,FX:EURGBP,0.85119,0.85121,0.85109,0.8511,374.0
2024-06-05 04:55:00,FX:EURGBP,0.8511,0.85122,0.85104,0.85106,276.0
2024-06-05 05:00:00,FX:EURGBP,0.85106,0.85111,0.85101,0.85105,497.0
2024-06-05 05:05:00,FX:EURGBP,0.85105,0.85108,0.85088,0.85093,343.0
2024-06-05 05:10:00,FX:EURGBP,0.85093,0.85095,0.85075,0.85095,471.0
2024-06-05 05:15:00,FX:EURGBP,0.85095,0.85119,0.85095,0.85117,443.0
2024-06-05 05:20:00,FX:EURGBP,0.85117,0.85119,0.85094,0.85101,372.0
2024-06-05 05:25:00,FX:EURGBP,0.85101,0.85104,0.85092,0.85103,243.0
2024-06-05 05:30:00,FX:EURGBP,0.85103,0.85103,0.8509,0.8509099999999999,299.0
2024-06-05 05:35:00,FX:EURGBP,0.8509099999999999,0.85101,0.85087,0.8509099999999999,351.0
2024-06-05 05:40:00,FX:EURGBP,0.8509099999999999,0.85093,0.85075,0.85084,391.0
2024-06-05 05:45:00,FX:EURGBP,0.85084,0.85092,0.85084,0.85085,545.0
2024-06-05 05:50:00,FX:EURGBP,0.85085,0.85109,0.85085,0.85108,404.0
2024-06-05 05:55:00,FX:EURGBP,0.85108,0.85115,0.8509599999999999,0.85098,243.0
2024-06-05 06:00:00,FX:EURGBP,0.85098,0.85101,0.85094,0.85097,319.0
2024-06-05 06:05:00,FX:EURGBP,0.85097,0.85098,0.85083,0.85093,445.0
2024-06-05 06:10:00,FX:EURGBP,0.85093,0.85095,0.85068,0.85076,568.0
2024-06-05 06:15:00,FX:EURGBP,0.85076,0.85076,0.8505,0.8505699999999999,517.0
2024-06-05 06:20:00,FX:EURGBP,0.8505699999999999,0.8506,0.8505,0.85058,346.0
2024-06-05 06:25:00,FX:EURGBP,0.85058,0.85061,0.85051,0.8505199999999999,282.0
2024-06-05 06:30:00,FX:EURGBP,0.8505199999999999,0.85055,0.85047,0.85054,345.0
2024-06-05 06:35:00,FX:EURGBP,0.85054,0.85059,0.85039,0.85042,409.0
2024-06-05 06:40:00,FX:EURGBP,0.85042,0.8507,0.85033,0.85063,683.0
2024-06-05 06:45:00,FX:EURGBP,0.85063,0.85071,0.85062,0.85065,626.0
2024-06-05 06:50:00,FX:EURGBP,0.85065,0.85066,0.8505199999999999,0.85058,485.0
2024-06-05 06:55:00,FX:EURGBP,0.85058,0.85058,0.85042,0.85049,543.0
2024-06-05 07:00:00,FX:EURGBP,0.85049,0.85069,0.85047,0.85067,645.0
2024-06-05 07:05:00,FX:EURGBP,0.85067,0.85067,0.85044,0.85045,531.0
2024-06-05 07:10:00,FX:EURGBP,0.85045,0.85055,0.8503999999999999,0.85049,597.0
2024-06-05 07:15:00,FX:EURGBP,0.85049,0.85082,0.8503499999999999,0.8507899999999999,1609.0
2024-06-05 07:20:00,FX:EURGBP,0.8507899999999999,0.8509599999999999,0.85075,0.85084,1054.0
2024-06-05 07:25:00,FX:EURGBP,0.85084,0.85088,0.85073,0.85075,765.0
2024-06-05 07:30:00,FX:EURGBP,0.85075,0.85093,0.85071,0.85084,686.0
2024-06-05 07:35:00,FX:EURGBP,0.85084,0.85092,0.85082,0.85082,470.0
2024-06-05 07:40:00,FX:EURGBP,0.85082,0.85095,0.85077,0.85077,443.0
2024-06-05 07:45:00,FX:EURGBP,0.85077,0.85082,0.8505,0.8505199999999999,662.0
2024-06-05 07:50:00,FX:EURGBP,0.8505199999999999,0.8505699999999999,0.85044,0.85056,567.0
2024-06-05 07:55:00,FX:EURGBP,0.85056,0.85082,0.85056,0.8508,539.0
2024-06-05 08:00:00,FX:EURGBP,0.8508,0.85099,0.8507899999999999,0.85098,849.0
2024-06-05 08:05:00,FX:EURGBP,0.85098,0.85103,0.8507399999999999,0.85083,705.0
2024-06-05 08:10:00,FX:EURGBP,0.85083,0.8509,0.8508,0.85082,587.0
2024-06-05 08:15:00,FX:EURGBP,0.85082,0.85102,0.85071,0.85097,567.0
2024-06-05 08:20:00,FX:EURGBP,0.85097,0.85115,0.85097,0.85115,730.0
2024-06-05 08:25:00,FX:EURGBP,0.85115,0.85143,0.85114,0.85134,1038.0
2024-06-05 08:30:00,FX:EURGBP,0.85134,0.8513999999999999,0.85126,0.8513,1294.0
2024-06-05 08:35:00,FX:EURGBP,0.8513,0.8513999999999999,0.85119,0.85139,1094.0
2024-06-05 08:40:00,FX:EURGBP,0.85139,0.85154,0.85132,0.85148,894.0
2024-06-05 08:45:00,FX:EURGBP,0.85148,0.85165,0.85137,0.85153,2394.0
2024-06-05 08:50:00,FX:EURGBP,0.85153,0.85153,0.85132,0.85139,1388.0
2024-06-05 08:55:00,FX:EURGBP,0.85139,0.85139,0.85076,0.85095,1373.0
2024-06-05 09:00:00,FX:EURGBP,0.85095,0.8515,0.85049,0.85122,3953.0
2024-06-05 09:05:00,FX:EURGBP,0.85122,0.85134,0.85112,0.85117,1684.0
2024-06-05 09:10:00,FX:EURGBP,0.85117,0.85144,0.8511,0.85144,1535.0
2024-06-05 09:15:00,FX:EURGBP,0.85144,0.85148,0.85115,0.8512,1477.0
2024-06-05 09:20:00,FX:EURGBP,0.8512,0.85139,0.85114,0.85129,1338.0
2024-06-05 09:25:00,FX:EURGBP,0.85129,0.85143,0.85123,0.85132,1052.0
2024-06-05 09:30:00,FX:EURGBP,0.85132,0.85137,0.85123,0.85133,968.0
2024-06-05 09:35:00,FX:EURGBP,0.85133,0.8513999999999999,0.85117,0.85122,834.0
2024-06-05 09:40:00,FX:EURGBP,0.85122,0.85122,0.85102,0.85102,1120.0
2024-06-05 09:45:00,FX:EURGBP,0.85102,0.8511,0.8509599999999999,0.85107,852.0
2024-06-05 09:50:00,FX:EURGBP,0.85107,0.85138,0.85104,0.85137,1090.0
2024-06-05 09:55:00,FX:EURGBP,0.85137,0.85173,0.85137,0.85163,1106.0
2024-06-05 10:00:00,FX:EURGBP,0.85163,0.8517399999999999,0.85151,0.8515199999999999,1245.0
2024-06-05 10:05:00,FX:EURGBP,0.8515199999999999,0.85155,0.85136,0.85137,668.0
2024-06-05 10:10:00,FX:EURGBP,0.85137,0.85146,0.85128,0.85141,494.0
2024-06-05 10:15:00,FX:EURGBP,0.85141,0.85148,0.85122,0.85123,594.0
2024-06-05 10:20:00,FX:EURGBP,0.85123,0.85127,0.85108,0.8511799999999999,659.0
2024-06-05 10:25:00,FX:EURGBP,0.8511799999999999,0.8513,0.85112,0.85115,839.0
2024-06-05 10:30:00,FX:EURGBP,0.85115,0.85119,0.85088,0.85092,785.0
2024-06-05 10:35:00,FX:EURGBP,0.85092,0.85094,0.85076,0.85078,503.0
2024-06-05 10:40:00,FX:EURGBP,0.85078,0.85082,0.85061,0.85062,541.0
2024-06-05 10:45:00,FX:EURGBP,0.85062,0.85077,0.85061,0.8507399999999999,571.0
2024-06-05 10:50:00,FX:EURGBP,0.8507399999999999,0.85086,0.85068,0.8507399999999999,825.0
2024-06-05 10:55:00,FX:EURGBP,0.8507399999999999,0.85087,0.85071,0.85083,670.0
2024-06-05 11:00:00,FX:EURGBP,0.85083,0.85084,0.85059,0.85062,757.0
2024-06-05 11:05:00,FX:EURGBP,0.85062,0.85069,0.85049,0.8505,459.0
2024-06-05 11:10:00,FX:EURGBP,0.8505,0.85053,0.8503999999999999,0.85045,410.0
2024-06-05 11:15:00,FX:EURGBP,0.85045,0.8505,0.85034,0.85047,514.0
2024-06-05 11:20:00,FX:EURGBP,0.85047,0.85051,0.85036,0.85041,616.0
2024-06-05 11:25:00,FX:EURGBP,0.85041,0.85053,0.85038,0.85053,512.0
2024-06-05 11:30:00,FX:EURGBP,0.85053,0.85058,0.8503999999999999,0.85044,519.0
2024-06-05 11:35:00,FX:EURGBP,0.85044,0.85044,0.8503,0.85038,292.0
2024-06-05 11:40:00,FX:EURGBP,0.85038,0.85039,0.85027,0.85034,361.0
2024-06-05 11:45:00,FX:EURGBP,0.85034,0.85046,0.85034,0.8503999999999999,286.0
2024-06-05 11:50:00,FX:EURGBP,0.8503999999999999,0.8503999999999999,0.85024,0.85028,279.0
2024-06-05 11:55:00,FX:EURGBP,0.85028,0.85034,0.8502,0.85024,308.0
2024-06-05 12:00:00,FX:EURGBP,0.85024,0.85039,0.85021,0.85033,366.0
2024-06-05 12:05:00,FX:EURGBP,0.85033,0.85034,0.85019,0.85025,384.0
2024-06-05 12:10:00,FX:EURGBP,0.85025,0.85027,0.8501,0.85011,311.0
2024-06-05 12:15:00,FX:EURGBP,0.85011,0.85012,0.85004,0.85007,508.0
2024-06-05 12:20:00,FX:EURGBP,0.85007,0.85023,0.85006,0.85014,463.0
2024-06-05 12:25:00,FX:EURGBP,0.85014,0.85021,0.85012,0.8501799999999999,253.0
2024-06-05 12:30:00,FX:EURGBP,0.8501799999999999,0.8502,0.85014,0.8501799999999999,224.0
2024-06-05 12:35:00,FX:EURGBP,0.8501799999999999,0.85019,0.85012,0.85016,211.0
2024-06-05 12:40:00,FX:EURGBP,0.85016,0.85025,0.8501299999999999,0.85022,309.0
2024-06-05 12:45:00,FX:EURGBP,0.85022,0.85024,0.85012,0.8501299999999999,442.0
2024-06-05 12:50:00,FX:EURGBP,0.8501299999999999,0.8501799999999999,0.85006,0.8501,422.0
2024-06-05 12:55:00,FX:EURGBP,0.8501,0.85014,0.85004,0.8501,510.0
2024-06-05 13:00:00,FX:EURGBP,0.8501,0.85011,0.85001,0.85002,420.0
2024-06-05 13:05:00,FX:EURGBP,0.85002,0.85009,0.85001,0.85002,301.0
2024-06-05 13:10:00,FX:EURGBP,0.85002,0.85006,0.84999,0.85001,257.0
2024-06-05 13:15:00,FX:EURGBP,0.85001,0.85009,0.84998,0.85003,374.0
2024-06-05 13:20:00,FX:EURGBP,0.85003,0.85009,0.85,0.85002,401.0
2024-06-05 13:25:00,FX:EURGBP,0.85002,0.85003,0.84998,0.85002,298.0
2024-06-05 13:30:00,FX:EURGBP,0.85002,0.85004,0.84997,0.85001,534.0
2024-06-05 13:35:00,FX:EURGBP,0.85001,0.85005,0.84995,0.85003,320.0
2024-06-05 13:40:00,FX:EURGBP,0.85003,0.85009,0.85003,0.85008,278.0
2024-06-05 13:45:00,FX:EURGBP,0.85008,0.85016,0.85007,0.85014,447.0
2024-06-05 13:50:00,FX:EURGBP,0.85014,0.85017,0.85007,0.85012,323.0
2024-06-05 13:55:00,FX:EURGBP,0.85012,0.8501799999999999,0.85011,0.85014,357.0
2024-06-05 14:00:00,FX:EURGBP,0.85014,0.85014,0.85002,0.85009,322.0
2024-06-05 14:05:00,FX:EURGBP,0.85009,0.85011,0.85003,0.85004,253.0
2024-06-05 14:10:00,FX:EURGBP,0.85004,0.85007,0.84999,0.85003,471.0
2024-06-05 14:15:00,FX:EURGBP,0.85003,0.85004,0.84998,0.84998,212.0
2024-06-05 14:20:00,FX:EURGBP,0.84998,0.85003,0.8499599999999999,0.85001,200.0
2024-06-05 14:25:00,FX:EURGBP,0.85001,0.85007,0.85001,0.85002,298.0
2024-06-05 14:30:00,FX:EURGBP,0.85002,0.85019,0.85002,0.85015,235.0
2024-06-05 14:35:00,FX:EURGBP,0.85015,0.85019,0.85014,0.85014,211.0
2024-06-05 14:40:00,FX:EURGBP,0.85014,0.85017,0.8501,0.85014,168.0
2024-06-05 14:45:00,FX:EURGBP,0.85014,0.85017,0.85007,0.85014,191.0
2024-06-05 14:50:00,FX:EURGBP,0.85014,0.8501799999999999,0.8501299999999999,0.85015,331.0
2024-06-05 14:55:00,FX:EURGBP,0.85015,0.85022,0.85007,0.85008,338.0
2024-06-05 15:00:00,FX:EURGBP,0.85008,0.8501,0.84997,0.85009,203.0
2024-06-05 15:05:00,FX:EURGBP,0.85009,0.8501,0.84994,0.84998,197.0
2024-06-05 15:10:00,FX:EURGBP,0.84998,0.85,0.84995,0.84999,97.0
2024-06-05 15:15:00,FX:EURGBP,0.84999,0.84999,0.84993,0.84997,87.0
2024-06-05 15:20:00,FX:EURGBP,0.84997,0.84999,0.84994,0.84998,82.0
2024-06-05 15:25:00,FX:EURGBP,0.84998,0.84998,0.84989,0.84989,141.0
2024-06-05 15:30:00,FX:EURGBP,0.84989,0.84993,0.84986,0.8499099999999999,125.0
2024-06-05 15:35:00,FX:EURGBP,0.8499099999999999,0.84993,0.84985,0.84987,152.0
2024-06-05 15:40:00,FX:EURGBP,0.84987,0.84988,0.84984,0.84986,75.0
2024-06-05 15:45:00,FX:EURGBP,0.84986,0.84988,0.84986,0.84987,92.0
2024-06-05 15:50:00,FX:EURGBP,0.84987,0.84989,0.84984,0.84987,104.0
2024-06-05 15:55:00,FX:EURGBP,0.84987,0.84998,0.84985,0.8499599999999999,172.0
2024-06-05 16:00:00,FX:EURGBP,0.8499599999999999,0.84999,0.84969,0.84982,28.0
2024-06-05 16:05:00,FX:EURGBP,0.84982,0.85007,0.84982,0.8499099999999999,136.0
2024-06-05 16:10:00,FX:EURGBP,0.8499099999999999,0.85017,0.84982,0.84993,214.0
2024-06-05 16:15:00,FX:EURGBP,0.84993,0.84993,0.8497399999999999,0.84989,279.0
2024-06-05 16:20:00,FX:EURGBP,0.84989,0.8499099999999999,0.84975,0.8497899999999999,323.0
2024-06-05 16:25:00,FX:EURGBP,0.8497899999999999,0.85002,0.84961,0.8497899999999999,425.0
2024-06-05 16:30:00,FX:EURGBP,0.8497899999999999,0.84999,0.8497,0.84989,364.0
2024-06-05 16:35:00,FX:EURGBP,0.84989,0.84999,0.84988,0.84994,208.0
2024-06-05 16:40:00,FX:EURGBP,0.84994,0.85,0.8499,0.8499599999999999,192.0
2024-06-05 16:45:00,FX:EURGBP,0.8499599999999999,0.84998,0.84988,0.84993,197.0
2024-06-05 16:50:00,FX:EURGBP,0.84993,0.85001,0.84986,0.84992,157.0
2024-06-05 16:55:00,FX:EURGBP,0.84992,0.8501,0.8498,0.85,849.0
2024-06-05 17:00:00,FX:EURGBP,0.85,0.85002,0.8499,0.84997,217.0
2024-06-05 17:05:00,FX:EURGBP,0.84997,0.85006,0.84994,0.85004,67.0
2024-06-05 17:10:00,FX:EURGBP,0.85004,0.85007,0.85003,0.85007,57.0
2024-06-05 17:15:00,FX:EURGBP,0.85007,0.85008,0.85006,0.85008,33.0
2024-06-05 17:20:00,FX:EURGBP,0.85008,0.85008,0.85002,0.85005,68.0
2024-06-05 17:25:00,FX:EURGBP,0.85005,0.85007,0.85001,0.85003,91.0
2024-06-05 17:30:00,FX:EURGBP,0.85003,0.85007,0.84999,0.85002,119.0
2024-06-05 17:35:00,FX:EURGBP,0.85002,0.85006,0.85,0.85003,39.0
2024-06-05 17:40:00,FX:EURGBP,0.85003,0.85006,0.85,0.85006,36.0
2024-06-05 17:45:00,FX:EURGBP,0.85006,0.85008,0.85004,0.85005,60.0
2024-06-05 17:50:00,FX:EURGBP,0.85005,0.85006,0.85003,0.85003,51.0
2024-06-05 17:55:00,FX:EURGBP,0.85003,0.85007,0.85003,0.85007,121.0
2024-06-05 18:00:00,FX:EURGBP,0.85007,0.85008,0.84998,0.84999,86.0
2024-06-05 18:05:00,FX:EURGBP,0.84999,0.85001,0.84995,0.85001,81.0
2024-06-05 18:10:00,FX:EURGBP,0.85001,0.85001,0.84997,0.84998,96.0
2024-06-05 18:15:00,FX:EURGBP,0.84998,0.85006,0.84998,0.85004,86.0
2024-06-05 18:20:00,FX:EURGBP,0.85004,0.85004,0.85002,0.85003,70.0
2024-06-05 18:25:00,FX:EURGBP,0.85003,0.85003,0.84999,0.85,61.0
2024-06-05 18:30:00,FX:EURGBP,0.85,0.85004,0.84999,0.85001,157.0
2024-06-05 18:35:00,FX:EURGBP,0.85001,0.85002,0.84999,0.85002,117.0
2024-06-05 18:40:00,FX:EURGBP,0.85002,0.85002,0.84994,0.84994,89.0
2024-06-05 18:45:00,FX:EURGBP,0.84994,0.85,0.84994,0.8499599999999999,129.0
2024-06-05 18:50:00,FX:EURGBP,0.8499599999999999,0.84998,0.84994,0.84995,176.0
2024-06-05 18:55:00,FX:EURGBP,0.84995,0.85001,0.84995,0.84995,187.0
2024-06-05 19:00:00,FX:EURGBP,0.84995,0.85001,0.84994,0.84994,224.0
2024-06-05 19:05:00,FX:EURGBP,0.84994,0.84994,0.84988,0.84989,196.0
2024-06-05 19:10:00,FX:EURGBP,0.84989,0.84994,0.84989,0.84994,49.0
2024-06-05 19:15:00,FX:EURGBP,0.84994,0.84994,0.8499099999999999,0.84992,102.0
2024-06-05 19:20:00,FX:EURGBP,0.84992,0.84994,0.8499,0.8499099999999999,80.0
2024-06-05 19:25:00,FX:EURGBP,0.8499099999999999,0.84995,0.8499099999999999,0.84993,176.0
2024-06-05 19:30:00,FX:EURGBP,0.84993,0.84998,0.84993,0.84995,146.0
2024-06-05 19:35:00,FX:EURGBP,0.84995,0.84999,0.84993,0.8499599999999999,152.0
2024-06-05 19:40:00,FX:EURGBP,0.8499599999999999,0.84997,0.8499099999999999,0.8499099999999999,126.0
2024-06-05 19:45:00,FX:EURGBP,0.8499099999999999,0.84998,0.8499099999999999,0.84994,166.0
2024-06-05 19:50:00,FX:EURGBP,0.84994,0.85003,0.84989,0.8499,353.0
2024-06-05 19:55:00,FX:EURGBP,0.8499,0.85,0.8499,0.84998,342.0
2024-06-05 20:00:00,FX:EURGBP,0.84998,0.85012,0.84998,0.85008,521.0
2024-06-05 20:05:00,FX:EURGBP,0.85008,0.85016,0.85005,0.85015,407.0
2024-06-05 20:10:00,FX:EURGBP,0.85015,0.85034,0.85011,0.85031,731.0
2024-06-05 20:15:00,FX:EURGBP,0.85031,0.85036,0.8501799999999999,0.85033,632.0
2024-06-05 20:20:00,FX:EURGBP,0.85033,0.85037,0.85025,0.85026,499.0
2024-06-05 20:25:00,FX:EURGBP,0.85026,0.85039,0.85026,0.85037,255.0
2024-06-05 20:30:00,FX:EURGBP,0.85037,0.85051,0.85036,0.85041,646.0
2024-06-05 20:35:00,FX:EURGBP,0.85041,0.85055,0.85039,0.8505199999999999,474.0
2024-06-05 20:40:00,FX:EURGBP,0.8505199999999999,0.85055,0.85044,0.85045,349.0
2024-06-05 20:45:00,FX:EURGBP,0.85045,0.85046,0.85036,0.85041,406.0
2024-06-05 20:50:00,FX:EURGBP,0.85041,0.85043,0.85036,0.85041,335.0
2024-06-05 20:55:00,FX:EURGBP,0.85041,0.85056,0.8503999999999999,0.85055,604.0
2024-06-05 21:00:00,FX:EURGBP,0.85055,0.8506,0.85051,0.85053,462.0
2024-06-05 21:05:00,FX:EURGBP,0.85053,0.85062,0.85048,0.85059,317.0
2024-06-05 21:10:00,FX:EURGBP,0.85059,0.8506,0.85053,0.85053,177.0
2024-06-05 21:15:00,FX:EURGBP,0.85053,0.85056,0.85047,0.85047,252.0
2024-06-05 21:20:00,FX:EURGBP,0.85047,0.8505699999999999,0.85047,0.85056,353.0
2024-06-05 21:25:00,FX:EURGBP,0.85056,0.8506,0.85053,0.85059,325.0
2024-06-05 21:30:00,FX:EURGBP,0.85059,0.85066,0.85058,0.85064,409.0
2024-06-05 21:35:00,FX:EURGBP,0.85064,0.85073,0.85062,0.85064,409.0
2024-06-05 21:40:00,FX:EURGBP,0.85064,0.85075,0.85063,0.85073,343.0
2024-06-05 21:45:00,FX:EURGBP,0.85073,0.85086,0.85073,0.8507899999999999,375.0
2024-06-05 21:50:00,FX:EURGBP,0.8507899999999999,0.85081,0.85073,0.8507399999999999,258.0
2024-06-05 21:55:00,FX:EURGBP,0.8507399999999999,0.85082,0.85072,0.85075,455.0
2024-06-05 22:00:00,FX:EURGBP,0.85075,0.8508,0.85071,0.8507899999999999,265.0
2024-06-05 22:05:00,FX:EURGBP,0.8507899999999999,0.85082,0.85078,0.8507899999999999,166.0
2024-06-05 22:10:00,FX:EURGBP,0.8507899999999999,0.85082,0.85078,0.85081,169.0
2024-06-05 22:15:00,FX:EURGBP,0.85081,0.85081,0.85076,0.85078,210.0
2024-06-05 22:20:00,FX:EURGBP,0.85078,0.85084,0.85076,0.85081,155.0
2024-06-05 22:25:00,FX:EURGBP,0.85081,0.85086,0.8508,0.85086,130.0
2024-06-05 22:30:00,FX:EURGBP,0.85086,0.85088,0.85083,0.85085,180.0
2024-06-05 22:35:00,FX:EURGBP,0.85085,0.8509,0.85085,0.85089,251.0
2024-06-05 22:40:00,FX:EURGBP,0.85089,0.85093,0.85088,0.85092,147.0
2024-06-05 22:45:00,FX:EURGBP,0.85092,0.85093,0.85089,0.8509,117.0
2024-06-05 22:50:00,FX:EURGBP,0.8509,0.85094,0.85088,0.85093,180.0
2024-06-05 22:55:00,FX:EURGBP,0.85093,0.85095,0.85087,0.85089,151.0
2024-06-05 23:00:00,FX:EURGBP,0.85089,0.8509,0.85087,0.85087,111.0
2024-06-05 23:05:00,FX:EURGBP,0.85087,0.85088,0.85085,0.85088,81.0
2024-06-05 23:10:00,FX:EURGBP,0.85088,0.8509,0.85087,0.85089,107.0
2024-06-05 23:15:00,FX:EURGBP,0.85089,0.8509,0.85081,0.85084,178.0
2024-06-05 23:20:00,FX:EURGBP,0.85084,0.85088,0.8507899999999999,0.85086,242.0
2024-06-05 23:25:00,FX:EURGBP,0.85086,0.8509099999999999,0.85084,0.85087,149.0
2024-06-05 23:30:00,FX:EURGBP,0.85087,0.85088,0.85084,0.85085,129.0
2024-06-05 23:35:00,FX:EURGBP,0.85085,0.85087,0.85084,0.85084,128.0
2024-06-05 23:40:00,FX:EURGBP,0.85084,0.8509,0.85083,0.85089,153.0
2024-06-05 23:45:00,FX:EURGBP,0.85089,0.8509099999999999,0.85086,0.85086,194.0
2024-06-05 23:50:00,FX:EURGBP,0.85086,0.85089,0.85086,0.85086,95.0
2024-06-05 23:55:00,FX:EURGBP,0.85086,0.8509,0.85085,0.85087,144.0
2024-06-06 00:00:00,FX:EURGBP,0.85087,0.85088,0.85084,0.85086,273.0
2024-06-06 00:05:00,FX:EURGBP,0.85086,0.8509,0.85085,0.85086,189.0
2024-06-06 00:10:00,FX:EURGBP,0.85086,0.85087,0.85084,0.85086,80.0
2024-06-06 00:15:00,FX:EURGBP,0.85086,0.85086,0.85081,0.85082,189.0
2024-06-06 00:20:00,FX:EURGBP,0.85082,0.85086,0.8507899999999999,0.85081,219.0
2024-06-06 00:25:00,FX:EURGBP,0.85081,0.85086,0.8507399999999999,0.85076,205.0
2024-06-06 00:30:00,FX:EURGBP,0.85076,0.85078,0.85072,0.85073,209.0
2024-06-06 00:35:00,FX:EURGBP,0.85073,0.85075,0.85066,0.85075,209.0
2024-06-06 00:40:00,FX:EURGBP,0.85075,0.85076,0.85068,0.85075,141.0
2024-06-06 00:45:00,FX:EURGBP,0.85075,0.85077,0.85071,0.85075,196.0
2024-06-06 00:50:00,FX:EURGBP,0.85075,0.85088,0.8507399999999999,0.85085,290.0
2024-06-06 00:55:00,FX:EURGBP,0.85085,0.85087,0.8507899999999999,0.85083,152.0
2024-06-06 01:00:00,FX:EURGBP,0.85083,0.85083,0.85058,0.85072,549.0
2024-06-06 01:05:00,FX:EURGBP,0.85072,0.85083,0.85071,0.85078,560.0
2024-06-06 01:10:00,FX:EURGBP,0.85078,0.8507899999999999,0.85069,0.85077,525.0
2024-06-06 01:15:00,FX:EURGBP,0.85077,0.85078,0.8506,0.85061,478.0
2024-06-06 01:20:00,FX:EURGBP,0.85061,0.85065,0.85051,0.8505699999999999,618.0
2024-06-06 01:25:00,FX:EURGBP,0.8505699999999999,0.85066,0.85056,0.85058,552.0
2024-06-06 01:30:00,FX:EURGBP,0.85058,0.85065,0.85046,0.8505,554.0
2024-06-06 01:35:00,FX:EURGBP,0.8505,0.8505,0.85039,0.85039,440.0
2024-06-06 01:40:00,FX:EURGBP,0.85039,0.85043,0.8503,0.85036,468.0
2024-06-06 01:45:00,FX:EURGBP,0.85036,0.85043,0.85032,0.85042,444.0
2024-06-06 01:50:00,FX:EURGBP,0.85042,0.85046,0.85036,0.8503999999999999,418.0
2024-06-06 01:55:00,FX:EURGBP,0.8503999999999999,0.85047,0.85027,0.85043,679.0
2024-06-06 02:00:00,FX:EURGBP,0.85043,0.85065,0.85041,0.85045,763.0
2024-06-06 02:05:00,FX:EURGBP,0.85045,0.85049,0.85039,0.85042,609.0
2024-06-06 02:10:00,FX:EURGBP,0.85042,0.8505,0.85037,0.85047,563.0
2024-06-06 02:15:00,FX:EURGBP,0.85047,0.85047,0.85031,0.85033,557.0
2024-06-06 02:20:00,FX:EURGBP,0.85033,0.85039,0.85027,0.85027,361.0
2024-06-06 02:25:00,FX:EURGBP,0.85027,0.85059,0.85025,0.8505699999999999,418.0
2024-06-06 02:30:00,FX:EURGBP,0.8505699999999999,0.85058,0.8503999999999999,0.85046,531.0
2024-06-06 02:35:00,FX:EURGBP,0.85046,0.85073,0.85042,0.85068,527.0
2024-06-06 02:40:00,FX:EURGBP,0.85068,0.8507,0.85056,0.85061,427.0
2024-06-06 02:45:00,FX:EURGBP,0.85061,0.85067,0.8505199999999999,0.85056,387.0
2024-06-06 02:50:00,FX:EURGBP,0.85056,0.85059,0.85049,0.85056,519.0
2024-06-06 02:55:00,FX:EURGBP,0.85056,0.85062,0.85032,0.85041,582.0
2024-06-06 03:00:00,FX:EURGBP,0.85041,0.85066,0.85039,0.85056,612.0
2024-06-06 03:05:00,FX:EURGBP,0.85056,0.85062,0.85045,0.85051,465.0
2024-06-06 03:10:00,FX:EURGBP,0.85051,0.85064,0.85047,0.85062,537.0
2024-06-06 03:15:00,FX:EURGBP,0.85062,0.85069,0.85061,0.85063,298.0
2024-06-06 03:20:00,FX:EURGBP,0.85063,0.85067,0.8505699999999999,0.85065,340.0
2024-06-06 03:25:00,FX:EURGBP,0.85065,0.8508,0.85061,0.85071,395.0
2024-06-06 03:30:00,FX:EURGBP,0.85071,0.85072,0.85056,0.85066,457.0
2024-06-06 03:35:00,FX:EURGBP,0.85066,0.85081,0.8506,0.8508,465.0
2024-06-06 03:40:00,FX:EURGBP,0.8508,0.85098,0.85076,0.85095,603.0
2024-06-06 03:45:00,FX:EURGBP,0.85095,0.85111,0.85093,0.851,709.0
2024-06-06 03:50:00,FX:EURGBP,0.851,0.851,0.85066,0.85066,500.0
2024-06-06 03:55:00,FX:EURGBP,0.85066,0.8507,0.8505199999999999,0.85064,456.0
2024-06-06 04:00:00,FX:EURGBP,0.85064,0.85064,0.85049,0.8505199999999999,422.0
2024-06-06 04:05:00,FX:EURGBP,0.8505199999999999,0.85064,0.85046,0.85059,618.0
2024-06-06 04:10:00,FX:EURGBP,0.85059,0.85073,0.85058,0.85062,279.0
2024-06-06 04:15:00,FX:EURGBP,0.85062,0.85071,0.85061,0.85067,361.0
2024-06-06 04:20:00,FX:EURGBP,0.85067,0.85073,0.85064,0.8507,310.0
2024-06-06 04:25:00,FX:EURGBP,0.8507,0.85077,0.85066,0.85075,365.0
2024-06-06 04:30:00,FX:EURGBP,0.85075,0.85078,0.85071,0.85077,373.0
2024-06-06 04:35:00,FX:EURGBP,0.85077,0.85101,0.85075,0.851,430.0
2024-06-06 04:40:00,FX:EURGBP,0.851,0.8512,0.85099,0.85115,467.0
2024-06-06 04:45:00,FX:EURGBP,0.85115,0.8512,0.85111,0.85111,434.0
2024-06-06 04:50:00,FX:EURGBP,0.85111,0.8511799999999999,0.8509599999999999,0.85104,517.0
2024-06-06 04:55:00,FX:EURGBP,0.85104,0.85106,0.85097,0.85099,447.0
2024-06-06 05:00:00,FX:EURGBP,0.85099,0.8512,0.85097,0.85115,567.0
2024-06-06 05:05:00,FX:EURGBP,0.85115,0.85115,0.85095,0.85097,387.0
2024-06-06 05:10:00,FX:EURGBP,0.85097,0.85098,0.85089,0.85092,252.0
2024-06-06 05:15:00,FX:EURGBP,0.85092,0.85097,0.85089,0.85094,252.0
2024-06-06 05:20:00,FX:EURGBP,0.85094,0.85115,0.85093,0.85111,317.0
2024-06-06 05:25:00,FX:EURGBP,0.85111,0.85114,0.85104,0.85107,511.0
2024-06-06 05:30:00,FX:EURGBP,0.85107,0.85117,0.85095,0.85095,374.0
2024-06-06 05:35:00,FX:EURGBP,0.85095,0.85099,0.85077,0.8508,288.0
2024-06-06 05:40:00,FX:EURGBP,0.8508,0.85094,0.85076,0.85088,394.0
2024-06-06 05:45:00,FX:EURGBP,0.85088,0.85089,0.85076,0.85076,342.0
2024-06-06 05:50:00,FX:EURGBP,0.85076,0.8509099999999999,0.8507,0.85089,329.0
2024-06-06 05:55:00,FX:EURGBP,0.85089,0.85102,0.85085,0.85098,377.0
2024-06-06 06:00:00,FX:EURGBP,0.85098,0.85102,0.85094,0.85099,379.0
2024-06-06 06:05:00,FX:EURGBP,0.85099,0.851,0.85089,0.85092,486.0
2024-06-06 06:10:00,FX:EURGBP,0.85092,0.85092,0.8508,0.85081,238.0
2024-06-06 06:15:00,FX:EURGBP,0.85081,0.85085,0.8507399999999999,0.8507899999999999,290.0
2024-06-06 06:20:00,FX:EURGBP,0.8507899999999999,0.8509,0.85075,0.85088,409.0
2024-06-06 06:25:00,FX:EURGBP,0.85088,0.85094,0.85085,0.85089,380.0
2024-06-06 06:30:00,FX:EURGBP,0.85089,0.8509,0.85069,0.8507,252.0
2024-06-06 06:35:00,FX:EURGBP,0.8507,0.85072,0.85055,0.85065,324.0
2024-06-06 06:40:00,FX:EURGBP,0.85065,0.85081,0.85064,0.8508,435.0
2024-06-06 06:45:00,FX:EURGBP,0.8508,0.85088,0.85075,0.85085,521.0
2024-06-06 06:50:00,FX:EURGBP,0.85085,0.85088,0.85073,0.85077,485.0
2024-06-06 06:55:00,FX:EURGBP,0.85077,0.85099,0.85068,0.8509599999999999,959.0
2024-06-06 07:00:00,FX:EURGBP,0.8509599999999999,0.85104,0.85083,0.85085,697.0
2024-06-06 07:05:00,FX:EURGBP,0.85085,0.8509,0.8507899999999999,0.85088,444.0
2024-06-06 07:10:00,FX:EURGBP,0.85088,0.85104,0.85077,0.85094,486.0
2024-06-06 07:15:00,FX:EURGBP,0.85094,0.85176,0.8508,0.85167,2972.0
2024-06-06 07:20:00,FX:EURGBP,0.85167,0.85243,0.85164,0.8523999999999999,1296.0
2024-06-06 07:25:00,FX:EURGBP,0.8523999999999999,0.85246,0.85184,0.85185,1157.0
2024-06-06 07:30:00,FX:EURGBP,0.85185,0.85236,0.85159,0.85199,2565.0
2024-06-06 07:35:00,FX:EURGBP,0.85199,0.85216,0.85181,0.85185,1399.0
2024-06-06 07:40:00,FX:EURGBP,0.85185,0.85191,0.85165,0.85185,886.0
2024-06-06 07:45:00,FX:EURGBP,0.85185,0.85186,0.85148,0.85158,1243.0
2024-06-06 07:50:00,FX:EURGBP,0.85158,0.85176,0.85139,0.8517,1441.0
2024-06-06 07:55:00,FX:EURGBP,0.8517,0.85177,0.85153,0.85153,1204.0
2024-06-06 08:00:00,FX:EURGBP,0.85153,0.85185,0.85151,0.85166,1580.0
2024-06-06 08:05:00,FX:EURGBP,0.85166,0.8517899999999999,0.85149,0.8515699999999999,1311.0
2024-06-06 08:10:00,FX:EURGBP,0.8515699999999999,0.85232,0.85151,0.85195,2174.0
2024-06-06 08:15:00,FX:EURGBP,0.85195,0.85205,0.8518,0.85203,1405.0
2024-06-06 08:20:00,FX:EURGBP,0.85203,0.85206,0.85168,0.8518,893.0
2024-06-06 08:25:00,FX:EURGBP,0.8518,0.85202,0.85176,0.85192,940.0
2024-06-06 08:30:00,FX:EURGBP,0.85192,0.85208,0.85186,0.85207,1000.0
2024-06-06 08:35:00,FX:EURGBP,0.85207,0.85212,0.85188,0.85192,1032.0
2024-06-06 08:40:00,FX:EURGBP,0.85192,0.85195,0.85171,0.85183,1122.0
2024-06-06 08:45:00,FX:EURGBP,0.85183,0.85183,0.85146,0.85162,1136.0
2024-06-06 08:50:00,FX:EURGBP,0.85162,0.85167,0.85154,0.85158,801.0
2024-06-06 08:55:00,FX:EURGBP,0.85158,0.85162,0.85134,0.85142,830.0
2024-06-06 09:00:00,FX:EURGBP,0.85142,0.85162,0.85137,0.85146,1014.0
2024-06-06 09:05:00,FX:EURGBP,0.85146,0.85159,0.8513999999999999,0.85156,796.0
2024-06-06 09:10:00,FX:EURGBP,0.85156,0.85161,0.85136,0.8515699999999999,1019.0
2024-06-06 09:15:00,FX:EURGBP,0.8515699999999999,0.85159,0.85129,0.85141,844.0
2024-06-06 09:20:00,FX:EURGBP,0.85141,0.8515,0.8511799999999999,0.85119,700.0
2024-06-06 09:25:00,FX:EURGBP,0.85119,0.8513499999999999,0.85116,0.85133,629.0
2024-06-06 09:30:00,FX:EURGBP,0.85133,0.8515199999999999,0.8513,0.85148,574.0
2024-06-06 09:35:00,FX:EURGBP,0.85148,0.85149,0.8513,0.85143,484.0
2024-06-06 09:40:00,FX:EURGBP,0.85143,0.85149,0.85134,0.85144,672.0
2024-06-06 09:45:00,FX:EURGBP,0.85144,0.85162,0.8513999999999999,0.85153,743.0
2024-06-06 09:50:00,FX:EURGBP,0.85153,0.85176,0.85149,0.85168,805.0
2024-06-06 09:55:00,FX:EURGBP,0.85168,0.85173,0.85156,0.85166,796.0
2024-06-06 10:00:00,FX:EURGBP,0.85166,0.8517,0.85136,0.85138,882.0
2024-06-06 10:05:00,FX:EURGBP,0.85138,0.85151,0.85127,0.85147,799.0
2024-06-06 10:10:00,FX:EURGBP,0.85147,0.85153,0.85139,0.8515,687.0
2024-06-06 10:15:00,FX:EURGBP,0.8515,0.85153,0.85139,0.85141,470.0
2024-06-06 10:20:00,FX:EURGBP,0.85141,0.85142,0.85134,0.85136,420.0
2024-06-06 10:25:00,FX:EURGBP,0.85136,0.85138,0.85125,0.8513499999999999,566.0
2024-06-06 10:30:00,FX:EURGBP,0.8513499999999999,0.85145,0.85132,0.85139,707.0
2024-06-06 10:35:00,FX:EURGBP,0.85139,0.85142,0.85126,0.85131,443.0
2024-06-06 10:40:00,FX:EURGBP,0.85131,0.85134,0.85121,0.85128,310.0
2024-06-06 10:45:00,FX:EURGBP,0.85128,0.8513,0.85119,0.85125,358.0
2024-06-06 10:50:00,FX:EURGBP,0.85125,0.85128,0.8511799999999999,0.85121,264.0
2024-06-06 10:55:00,FX:EURGBP,0.85121,0.85132,0.8511799999999999,0.85123,411.0
2024-06-06 11:00:00,FX:EURGBP,0.85123,0.85149,0.8512,0.85147,620.0
2024-06-06 11:05:00,FX:EURGBP,0.85147,0.85162,0.85146,0.8516,365.0
2024-06-06 11:10:00,FX:EURGBP,0.8516,0.85177,0.85158,0.85163,448.0
2024-06-06 11:15:00,FX:EURGBP,0.85163,0.85172,0.85145,0.85147,534.0
2024-06-06 11:20:00,FX:EURGBP,0.85147,0.85154,0.85141,0.85141,403.0
2024-06-06 11:25:00,FX:EURGBP,0.85141,0.85146,0.85136,0.85145,431.0
2024-06-06 11:30:00,FX:EURGBP,0.85145,0.85145,0.8513499999999999,0.85137,518.0
2024-06-06 11:35:00,FX:EURGBP,0.85137,0.85142,0.8513,0.85137,448.0
2024-06-06 11:40:00,FX:EURGBP,0.85137,0.85138,0.85123,0.85124,455.0
2024-06-06 11:45:00,FX:EURGBP,0.85124,0.85145,0.85121,0.85142,406.0
2024-06-06 11:50:00,FX:EURGBP,0.85142,0.8515699999999999,0.85141,0.85149,425.0
2024-06-06 11:55:00,FX:EURGBP,0.85149,0.85161,0.85147,0.85156,393.0
2024-06-06 12:00:00,FX:EURGBP,0.85156,0.8515699999999999,0.85144,0.85144,368.0
2024-06-06 12:05:00,FX:EURGBP,0.85144,0.85147,0.8513999999999999,0.85146,347.0
2024-06-06 12:10:00,FX:EURGBP,0.85146,0.85147,0.85134,0.8513499999999999,243.0
2024-06-06 12:15:00,FX:EURGBP,0.8513499999999999,0.85137,0.8513,0.85134,269.0
2024-06-06 12:20:00,FX:EURGBP,0.85134,0.85139,0.85134,0.85136,262.0
2024-06-06 12:25:00,FX:EURGBP,0.85136,0.85138,0.85127,0.85128,299.0
2024-06-06 12:30:00,FX:EURGBP,0.85128,0.85134,0.85126,0.85134,420.0
2024-06-06 12:35:00,FX:EURGBP,0.85134,0.85138,0.85123,0.85128,371.0
2024-06-06 12:40:00,FX:EURGBP,0.85128,0.85139,0.85128,0.85138,430.0
2024-06-06 12:45:00,FX:EURGBP,0.85138,0.85143,0.85134,0.85139,380.0
2024-06-06 12:50:00,FX:EURGBP,0.85139,0.85142,0.85132,0.85137,347.0
2024-06-06 12:55:00,FX:EURGBP,0.85137,0.85139,0.8513,0.85134,391.0
2024-06-06 13:00:00,FX:EURGBP,0.85134,0.85145,0.85132,0.85145,406.0
2024-06-06 13:05:00,FX:EURGBP,0.85145,0.85164,0.85144,0.85163,643.0
2024-06-06 13:10:00,FX:EURGBP,0.85163,0.85165,0.85154,0.8515699999999999,467.0
2024-06-06 13:15:00,FX:EURGBP,0.8515699999999999,0.85158,0.85151,0.85153,524.0
2024-06-06 13:20:00,FX:EURGBP,0.85153,0.85155,0.85144,0.85145,428.0
2024-06-06 13:25:00,FX:EURGBP,0.85145,0.85153,0.85143,0.85148,405.0
2024-06-06 13:30:00,FX:EURGBP,0.85148,0.85151,0.85137,0.85141,371.0
2024-06-06 13:35:00,FX:EURGBP,0.85141,0.85141,0.85132,0.85138,250.0
2024-06-06 13:40:00,FX:EURGBP,0.85138,0.8513999999999999,0.85129,0.85132,350.0
2024-06-06 13:45:00,FX:EURGBP,0.85132,0.85145,0.85132,0.85144,240.0
2024-06-06 13:50:00,FX:EURGBP,0.85144,0.85149,0.85137,0.85143,324.0
2024-06-06 13:55:00,FX:EURGBP,0.85143,0.85148,0.8513499999999999,0.85138,400.0
2024-06-06 14:00:00,FX:EURGBP,0.85138,0.85145,0.85133,0.85142,366.0
2024-06-06 14:05:00,FX:EURGBP,0.85142,0.85146,0.85138,0.85145,404.0
2024-06-06 14:10:00,FX:EURGBP,0.85145,0.85146,0.85141,0.85141,267.0
2024-06-06 14:15:00,FX:EURGBP,0.85141,0.85144,0.8513499999999999,0.85136,330.0
2024-06-06 14:20:00,FX:EURGBP,0.85136,0.85148,0.8513499999999999,0.85146,365.0
2024-06-06 14:25:00,FX:EURGBP,0.85146,0.85155,0.85145,0.85146,572.0
2024-06-06 14:30:00,FX:EURGBP,0.85146,0.85156,0.85145,0.85151,199.0
2024-06-06 14:35:00,FX:EURGBP,0.85151,0.85159,0.85146,0.85148,387.0
2024-06-06 14:40:00,FX:EURGBP,0.85148,0.85148,0.85142,0.85146,330.0
2024-06-06 14:45:00,FX:EURGBP,0.85146,0.85151,0.85143,0.85143,225.0
2024-06-06 14:50:00,FX:EURGBP,0.85143,0.85153,0.85142,0.85147,346.0
2024-06-06 14:55:00,FX:EURGBP,0.85147,0.85151,0.85137,0.85142,296.0
2024-06-06 15:00:00,FX:EURGBP,0.85142,0.85144,0.85137,0.85141,277.0
2024-06-06 15:05:00,FX:EURGBP,0.85141,0.85144,0.85136,0.85139,158.0
2024-06-06 15:10:00,FX:EURGBP,0.85139,0.85141,0.85136,0.85139,134.0
2024-06-06 15:15:00,FX:EURGBP,0.85139,0.85142,0.85139,0.85141,125.0
2024-06-06 15:20:00,FX:EURGBP,0.85141,0.85145,0.85141,0.85144,131.0
2024-06-06 15:25:00,FX:EURGBP,0.85144,0.85146,0.8513,0.85131,125.0
2024-06-06 15:30:00,FX:EURGBP,0.85131,0.85132,0.85126,0.85132,146.0
2024-06-06 15:35:00,FX:EURGBP,0.85132,0.85134,0.85127,0.85131,127.0
2024-06-06 15:40:00,FX:EURGBP,0.85131,0.85134,0.85129,0.85131,197.0
2024-06-06 15:45:00,FX:EURGBP,0.85131,0.85133,0.85129,0.85131,162.0
2024-06-06 15:50:00,FX:EURGBP,0.85131,0.85133,0.85129,0.8513,109.0
2024-06-06 15:55:00,FX:EURGBP,0.8513,0.85139,0.85124,0.85127,289.0
2024-06-06 16:00:00,FX:EURGBP,0.85127,0.85127,0.851,0.85119,16.0
2024-06-06 16:05:00,FX:EURGBP,0.85119,0.85138,0.85115,0.85133,104.0
2024-06-06 16:10:00,FX:EURGBP,0.85133,0.8513499999999999,0.85123,0.85133,62.0
2024-06-06 16:15:00,FX:EURGBP,0.85133,0.85134,0.85132,0.85133,17.0
2024-06-06 16:20:00,FX:EURGBP,0.85133,0.8513499999999999,0.85121,0.85122,117.0
2024-06-06 16:25:00,FX:EURGBP,0.85122,0.85137,0.85119,0.85132,102.0
2024-06-06 16:30:00,FX:EURGBP,0.85132,0.85134,0.85131,0.85131,63.0
2024-06-06 16:35:00,FX:EURGBP,0.85131,0.85138,0.85126,0.85131,161.0
2024-06-06 16:40:00,FX:EURGBP,0.85131,0.85131,0.85125,0.8513,295.0
2024-06-06 16:45:00,FX:EURGBP,0.8513,0.8513,0.85104,0.85121,406.0
2024-06-06 16:50:00,FX:EURGBP,0.85121,0.85142,0.85117,0.85131,347.0
2024-06-06 16:55:00,FX:EURGBP,0.85131,0.85133,0.8511299999999999,0.8511799999999999,294.0
2024-06-06 17:00:00,FX:EURGBP,0.8511799999999999,0.85148,0.8511799999999999,0.85144,237.0
2024-06-06 17:05:00,FX:EURGBP,0.85144,0.85148,0.85137,0.85139,75.0
2024-06-06 17:10:00,FX:EURGBP,0.85139,0.85141,0.85133,0.85134,55.0
2024-06-06 17:15:00,FX:EURGBP,0.85134,0.85136,0.85133,0.85134,43.0
2024-06-06 17:20:00,FX:EURGBP,0.85134,0.8513499999999999,0.85134,0.8513499999999999,32.0
2024-06-06 17:25:00,FX:EURGBP,0.8513499999999999,0.85136,0.8513499999999999,0.85136,25.0
2024-06-06 17:30:00,FX:EURGBP,0.85136,0.85137,0.85133,0.85133,44.0
2024-06-06 17:35:00,FX:EURGBP,0.85133,0.85136,0.85133,0.8513499999999999,51.0
2024-06-06 17:40:00,FX:EURGBP,0.8513499999999999,0.85137,0.85133,0.8513499999999999,48.0
2024-06-06 17:45:00,FX:EURGBP,0.8513499999999999,0.8513999999999999,0.8513499999999999,0.85139,43.0
2024-06-06 17:50:00,FX:EURGBP,0.85139,0.85141,0.85138,0.85138,53.0
2024-06-06 17:55:00,FX:EURGBP,0.85138,0.85139,0.85138,0.85139,38.0
2024-06-06 18:00:00,FX:EURGBP,0.85139,0.85139,0.85134,0.85137,76.0
2024-06-06 18:05:00,FX:EURGBP,0.85137,0.85141,0.85136,0.8513999999999999,63.0
2024-06-06 18:10:00,FX:EURGBP,0.8513999999999999,0.85145,0.8513999999999999,0.85144,99.0
2024-06-06 18:15:00,FX:EURGBP,0.85144,0.85146,0.85144,0.85145,174.0
2024-06-06 18:20:00,FX:EURGBP,0.85145,0.85149,0.85144,0.85146,113.0
2024-06-06 18:25:00,FX:EURGBP,0.85146,0.85154,0.85146,0.85153,115.0
2024-06-06 18:30:00,FX:EURGBP,0.85153,0.85153,0.8515,0.85151,92.0
2024-06-06 18:35:00,FX:EURGBP,0.85151,0.85155,0.8515,0.85151,106.0
2024-06-06 18:40:00,FX:EURGBP,0.85151,0.85153,0.85144,0.85146,119.0
2024-06-06 18:45:00,FX:EURGBP,0.85146,0.85147,0.85139,0.8513999999999999,105.0
2024-06-06 18:50:00,FX:EURGBP,0.8513999999999999,0.85144,0.85139,0.8513999999999999,120.0
2024-06-06 18:55:00,FX:EURGBP,0.8513999999999999,0.85145,0.85139,0.8513999999999999,130.0
2024-06-06 19:00:00,FX:EURGBP,0.8513999999999999,0.85142,0.85137,0.85139,269.0
2024-06-06 19:05:00,FX:EURGBP,0.85139,0.85142,0.85137,0.85142,151.0
2024-06-06 19:10:00,FX:EURGBP,0.85142,0.85142,0.8513499999999999,0.85138,155.0
2024-06-06 19:15:00,FX:EURGBP,0.85138,0.85139,0.8513499999999999,0.85139,224.0
2024-06-06 19:20:00,FX:EURGBP,0.85139,0.85139,0.85131,0.8513499999999999,161.0
2024-06-06 19:25:00,FX:EURGBP,0.8513499999999999,0.8513999999999999,0.85133,0.85139,276.0
2024-06-06 19:30:00,FX:EURGBP,0.85139,0.85142,0.85136,0.85141,188.0
2024-06-06 19:35:00,FX:EURGBP,0.85141,0.85144,0.85136,0.8513999999999999,206.0
2024-06-06 19:40:00,FX:EURGBP,0.8513999999999999,0.85151,0.85139,0.85149,192.0
2024-06-06 19:45:00,FX:EURGBP,0.85149,0.8515199999999999,0.85145,0.85146,236.0
2024-06-06 19:50:00,FX:EURGBP,0.85146,0.85155,0.85144,0.8515,305.0
2024-06-06 19:55:00,FX:EURGBP,0.8515,0.85156,0.85149,0.85149,354.0
2024-06-06 20:00:00,FX:EURGBP,0.85149,0.85154,0.85148,0.8515,440.0
2024-06-06 20:05:00,FX:EURGBP,0.8515,0.8515699999999999,0.85148,0.85156,364.0
2024-06-06 20:10:00,FX:EURGBP,0.85156,0.85162,0.85155,0.85162,300.0
2024-06-06 20:15:00,FX:EURGBP,0.85162,0.85165,0.85158,0.85161,422.0
2024-06-06 20:20:00,FX:EURGBP,0.85161,0.85166,0.85159,0.85161,523.0
2024-06-06 20:25:00,FX:EURGBP,0.85161,0.85163,0.85158,0.85161,305.0
2024-06-06 20:30:00,FX:EURGBP,0.85161,0.85163,0.85158,0.85162,371.0
2024-06-06 20:35:00,FX:EURGBP,0.85162,0.85162,0.85158,0.85159,255.0
2024-06-06 20:40:00,FX:EURGBP,0.85159,0.85172,0.85158,0.85169,400.0
2024-06-06 20:45:00,FX:EURGBP,0.85169,0.8517399999999999,0.85167,0.85168,417.0
2024-06-06 20:50:00,FX:EURGBP,0.85168,0.85181,0.85168,0.8517899999999999,383.0
2024-06-06 20:55:00,FX:EURGBP,0.8517899999999999,0.85181,0.85176,0.8518,334.0
2024-06-06 21:00:00,FX:EURGBP,0.8518,0.85184,0.85178,0.85182,254.0
2024-06-06 21:05:00,FX:EURGBP,0.85182,0.85186,0.85181,0.85186,258.0
2024-06-06 21:10:00,FX:EURGBP,0.85186,0.85187,0.85183,0.85186,272.0
2024-06-06 21:15:00,FX:EURGBP,0.85186,0.8519599999999999,0.85185,0.85194,152.0
2024-06-06 21:20:00,FX:EURGBP,0.85194,0.85197,0.85191,0.85193,239.0
2024-06-06 21:25:00,FX:EURGBP,0.85193,0.85195,0.85188,0.85192,230.0
2024-06-06 21:30:00,FX:EURGBP,0.85192,0.8519599999999999,0.85192,0.85195,165.0
2024-06-06 21:35:00,FX:EURGBP,0.85195,0.85198,0.85194,0.8519599999999999,267.0
2024-06-06 21:40:00,FX:EURGBP,0.8519599999999999,0.852,0.85195,0.85197,213.0
2024-06-06 21:45:00,FX:EURGBP,0.85197,0.85197,0.85194,0.85194,251.0
2024-06-06 21:50:00,FX:EURGBP,0.85194,0.85198,0.85193,0.8519599999999999,191.0
2024-06-06 21:55:00,FX:EURGBP,0.8519599999999999,0.8520099999999999,0.85194,0.85199,322.0
2024-06-06 22:00:00,FX:EURGBP,0.85199,0.85199,0.85197,0.85198,86.0
2024-06-06 22:05:00,FX:EURGBP,0.85198,0.8520099999999999,0.85197,0.85199,143.0
2024-06-06 22:10:00,FX:EURGBP,0.85199,0.85202,0.85198,0.8520099999999999,315.0
2024-06-06 22:15:00,FX:EURGBP,0.8520099999999999,0.8520099999999999,0.85197,0.85199,240.0
2024-06-06 22:20:00,FX:EURGBP,0.85199,0.852,0.85197,0.852,262.0
2024-06-06 22:25:00,FX:EURGBP,0.852,0.8520099999999999,0.85197,0.852,147.0
2024-06-06 22:30:00,FX:EURGBP,0.852,0.852,0.85197,0.85197,137.0
2024-06-06 22:35:00,FX:EURGBP,0.85197,0.85198,0.8519599999999999,0.85197,142.0
2024-06-06 22:40:00,FX:EURGBP,0.85197,0.85199,0.85193,0.85195,170.0
2024-06-06 22:45:00,FX:EURGBP,0.85195,0.85195,0.85192,0.85193,296.0
2024-06-06 22:50:00,FX:EURGBP,0.85193,0.85194,0.85189,0.85192,290.0
2024-06-06 22:55:00,FX:EURGBP,0.85192,0.85192,0.85185,0.85187,355.0
2024-06-06 23:00:00,FX:EURGBP,0.85187,0.85189,0.85183,0.85184,85.0
2024-06-06 23:05:00,FX:EURGBP,0.85184,0.85188,0.85184,0.85187,87.0
2024-06-06 23:10:00,FX:EURGBP,0.85187,0.85189,0.85185,0.85188,111.0
2024-06-06 23:15:00,FX:EURGBP,0.85188,0.8519,0.85185,0.85187,207.0
2024-06-06 23:20:00,FX:EURGBP,0.85187,0.85192,0.85186,0.8519,242.0
2024-06-06 23:25:00,FX:EURGBP,0.8519,0.85192,0.85188,0.85189,195.0
2024-06-06 23:30:00,FX:EURGBP,0.85189,0.85189,0.85184,0.85187,169.0
2024-06-06 23:35:00,FX:EURGBP,0.85187,0.85189,0.85182,0.85183,205.0
2024-06-06 23:40:00,FX:EURGBP,0.85183,0.85186,0.85182,0.85183,142.0
2024-06-06 23:45:00,FX:EURGBP,0.85183,0.85185,0.8518,0.85182,185.0
2024-06-06 23:50:00,FX:EURGBP,0.85182,0.85186,0.85182,0.85185,134.0
2024-06-06 23:55:00,FX:EURGBP,0.85185,0.85186,0.85181,0.85181,156.0
2024-06-07 00:00:00,FX:EURGBP,0.85181,0.85182,0.85175,0.8517899999999999,307.0
2024-06-07 00:05:00,FX:EURGBP,0.8517899999999999,0.8517899999999999,0.85173,0.85173,248.0
2024-06-07 00:10:00,FX:EURGBP,0.85173,0.85175,0.85168,0.85169,362.0
2024-06-07 00:15:00,FX:EURGBP,0.85169,0.85172,0.85166,0.85167,251.0
2024-06-07 00:20:00,FX:EURGBP,0.85167,0.85171,0.85162,0.85165,287.0
2024-06-07 00:25:00,FX:EURGBP,0.85165,0.85172,0.85164,0.85172,259.0
2024-06-07 00:30:00,FX:EURGBP,0.85172,0.85172,0.85166,0.85167,218.0
2024-06-07 00:35:00,FX:EURGBP,0.85167,0.85167,0.8516,0.85163,178.0
2024-06-07 00:40:00,FX:EURGBP,0.85163,0.85176,0.85163,0.8517399999999999,392.0
2024-06-07 00:45:00,FX:EURGBP,0.8517399999999999,0.85175,0.8517,0.8517399999999999,373.0
2024-06-07 00:50:00,FX:EURGBP,0.8517399999999999,0.85178,0.8517,0.8517399999999999,430.0
2024-06-07 00:55:00,FX:EURGBP,0.8517399999999999,0.85185,0.85171,0.85183,419.0
2024-06-07 01:00:00,FX:EURGBP,0.85183,0.85191,0.8518,0.85181,418.0
2024-06-07 01:05:00,FX:EURGBP,0.85181,0.85183,0.85164,0.85168,460.0
2024-06-07 01:10:00,FX:EURGBP,0.85168,0.8517399999999999,0.85164,0.8517399999999999,580.0
2024-06-07 01:15:00,FX:EURGBP,0.8517399999999999,0.85175,0.85163,0.85167,658.0
2024-06-07 01:20:00,FX:EURGBP,0.85167,0.8517,0.85154,0.85154,447.0
2024-06-07 01:25:00,FX:EURGBP,0.85154,0.85159,0.85149,0.85154,533.0
2024-06-07 01:30:00,FX:EURGBP,0.85154,0.85159,0.85149,0.85154,685.0
2024-06-07 01:35:00,FX:EURGBP,0.85154,0.85154,0.85138,0.85148,394.0
2024-06-07 01:40:00,FX:EURGBP,0.85148,0.8515199999999999,0.85145,0.85148,491.0
2024-06-07 01:45:00,FX:EURGBP,0.85148,0.85154,0.8513999999999999,0.85144,401.0
2024-06-07 01:50:00,FX:EURGBP,0.85144,0.85153,0.8513999999999999,0.8515,465.0
2024-06-07 01:55:00,FX:EURGBP,0.8515,0.85155,0.85124,0.85129,573.0
2024-06-07 02:00:00,FX:EURGBP,0.85129,0.85129,0.85119,0.85126,1034.0
2024-06-07 02:05:00,FX:EURGBP,0.85126,0.85127,0.85112,0.85117,703.0
2024-06-07 02:10:00,FX:EURGBP,0.85117,0.85136,0.85116,0.85134,599.0
2024-06-07 02:15:00,FX:EURGBP,0.85134,0.85143,0.85119,0.85121,683.0
2024-06-07 02:20:00,FX:EURGBP,0.85121,0.85128,0.85114,0.85121,796.0
2024-06-07 02:25:00,FX:EURGBP,0.85121,0.8513,0.8511299999999999,0.85121,592.0
2024-06-07 02:30:00,FX:EURGBP,0.85121,0.85138,0.8511799999999999,0.85131,930.0
2024-06-07 02:35:00,FX:EURGBP,0.85131,0.8515,0.85128,0.85145,869.0
2024-06-07 02:40:00,FX:EURGBP,0.85145,0.85145,0.8513,0.8513,741.0
2024-06-07 02:45:00,FX:EURGBP,0.8513,0.85133,0.85116,0.8511799999999999,654.0
2024-06-07 02:50:00,FX:EURGBP,0.8511799999999999,0.85127,0.85115,0.85124,798.0
2024-06-07 02:55:00,FX:EURGBP,0.85124,0.85127,0.8509099999999999,0.85098,1006.0
2024-06-07 03:00:00,FX:EURGBP,0.85098,0.85125,0.85087,0.85121,1238.0
2024-06-07 03:05:00,FX:EURGBP,0.85121,0.85137,0.85119,0.8513,966.0
2024-06-07 03:10:00,FX:EURGBP,0.8513,0.85142,0.85121,0.85125,902.0
2024-06-07 03:15:00,FX:EURGBP,0.85125,0.85128,0.85114,0.85121,523.0
2024-06-07 03:20:00,FX:EURGBP,0.85121,0.85144,0.85114,0.8513499999999999,541.0
2024-06-07 03:25:00,FX:EURGBP,0.8513499999999999,0.8515199999999999,0.85133,0.85151,720.0
2024-06-07 03:30:00,FX:EURGBP,0.85151,0.85158,0.85145,0.85148,658.0
2024-06-07 03:35:00,FX:EURGBP,0.85148,0.85156,0.8513499999999999,0.85138,727.0
2024-06-07 03:40:00,FX:EURGBP,0.85138,0.85142,0.85131,0.85137,706.0
2024-06-07 03:45:00,FX:EURGBP,0.85137,0.85143,0.85131,0.85143,695.0
2024-06-07 03:50:00,FX:EURGBP,0.85143,0.85148,0.85139,0.85147,589.0
2024-06-07 03:55:00,FX:EURGBP,0.85147,0.8515,0.8513,0.85144,413.0
2024-06-07 04:00:00,FX:EURGBP,0.85144,0.85156,0.85133,0.85148,698.0
2024-06-07 04:05:00,FX:EURGBP,0.85148,0.85158,0.8513999999999999,0.85158,855.0
2024-06-07 04:10:00,FX:EURGBP,0.85158,0.85162,0.85143,0.85153,817.0
2024-06-07 04:15:00,FX:EURGBP,0.85153,0.85163,0.8515199999999999,0.8515699999999999,584.0
2024-06-07 04:20:00,FX:EURGBP,0.8515699999999999,0.85164,0.85149,0.85156,746.0
2024-06-07 04:25:00,FX:EURGBP,0.85156,0.85161,0.85142,0.85158,828.0
2024-06-07 04:30:00,FX:EURGBP,0.85158,0.85161,0.85142,0.85146,523.0
2024-06-07 04:35:00,FX:EURGBP,0.85146,0.85147,0.85134,0.8513499999999999,450.0
2024-06-07 04:40:00,FX:EURGBP,0.8513499999999999,0.8513999999999999,0.8511299999999999,0.85114,464.0
2024-06-07 04:45:00,FX:EURGBP,0.85114,0.85129,0.8511299999999999,0.85119,686.0
2024-06-07 04:50:00,FX:EURGBP,0.85119,0.8513,0.8511799999999999,0.8512,498.0
2024-06-07 04:55:00,FX:EURGBP,0.8512,0.85123,0.85108,0.85116,701.0
2024-06-07 05:00:00,FX:EURGBP,0.85116,0.85127,0.85114,0.85125,753.0
2024-06-07 05:05:00,FX:EURGBP,0.85125,0.85127,0.85116,0.85125,623.0
2024-06-07 05:10:00,FX:EURGBP,0.85125,0.85127,0.8511299999999999,0.8512,466.0
2024-06-07 05:15:00,FX:EURGBP,0.8512,0.85122,0.8511299999999999,0.85119,371.0
2024-06-07 05:20:00,FX:EURGBP,0.85119,0.85125,0.85114,0.85119,489.0
2024-06-07 05:25:00,FX:EURGBP,0.85119,0.85124,0.85114,0.85124,613.0
2024-06-07 05:30:00,FX:EURGBP,0.85124,0.85134,0.85117,0.85123,517.0
2024-06-07 05:35:00,FX:EURGBP,0.85123,0.8513,0.8511799999999999,0.85121,353.0
2024-06-07 05:40:00,FX:EURGBP,0.85121,0.8513,0.85115,0.85119,503.0
2024-06-07 05:45:00,FX:EURGBP,0.85119,0.8513999999999999,0.8511799999999999,0.85126,432.0
2024-06-07 05:50:00,FX:EURGBP,0.85126,0.8513,0.85121,0.85125,552.0
2024-06-07 05:55:00,FX:EURGBP,0.85125,0.8513499999999999,0.85114,0.8512,651.0
2024-06-07 06:00:00,FX:EURGBP,0.8512,0.85123,0.85109,0.85119,459.0
2024-06-07 06:05:00,FX:EURGBP,0.85119,0.85125,0.85114,0.8512,460.0
2024-06-07 06:10:00,FX:EURGBP,0.8512,0.85122,0.8511299999999999,0.85115,537.0
2024-06-07 06:15:00,FX:EURGBP,0.85115,0.85119,0.85104,0.85104,237.0
2024-06-07 06:20:00,FX:EURGBP,0.85104,0.85119,0.85102,0.85117,454.0
2024-06-07 06:25:00,FX:EURGBP,0.85117,0.85127,0.85115,0.85126,509.0
2024-06-07 06:30:00,FX:EURGBP,0.85126,0.85127,0.85099,0.85101,508.0
2024-06-07 06:35:00,FX:EURGBP,0.85101,0.85116,0.85094,0.85107,484.0
2024-06-07 06:40:00,FX:EURGBP,0.85107,0.8511,0.85095,0.85109,510.0
2024-06-07 06:45:00,FX:EURGBP,0.85109,0.85132,0.85109,0.85125,622.0
2024-06-07 06:50:00,FX:EURGBP,0.85125,0.85131,0.85123,0.85126,735.0
2024-06-07 06:55:00,FX:EURGBP,0.85126,0.85133,0.85089,0.85094,1021.0
2024-06-07 07:00:00,FX:EURGBP,0.85094,0.85112,0.85093,0.85112,799.0
2024-06-07 07:05:00,FX:EURGBP,0.85112,0.8511799999999999,0.85104,0.8511799999999999,607.0
2024-06-07 07:10:00,FX:EURGBP,0.8511799999999999,0.85121,0.8511,0.8511,646.0
2024-06-07 07:15:00,FX:EURGBP,0.8511,0.85116,0.85099,0.85099,644.0
2024-06-07 07:20:00,FX:EURGBP,0.85099,0.85099,0.85084,0.85092,792.0
2024-06-07 07:25:00,FX:EURGBP,0.85092,0.85092,0.85054,0.85056,938.0
2024-06-07 07:30:00,FX:EURGBP,0.85056,0.85104,0.84932,0.8505699999999999,6531.0
2024-06-07 07:35:00,FX:EURGBP,0.8505699999999999,0.85068,0.85016,0.85041,3331.0
2024-06-07 07:40:00,FX:EURGBP,0.85041,0.8505,0.85025,0.85039,2388.0
2024-06-07 07:45:00,FX:EURGBP,0.85039,0.85078,0.85038,0.85075,2682.0
2024-06-07 07:50:00,FX:EURGBP,0.85075,0.85078,0.85047,0.85069,1985.0
2024-06-07 07:55:00,FX:EURGBP,0.85069,0.8507399999999999,0.8503999999999999,0.85047,1502.0
2024-06-07 08:00:00,FX:EURGBP,0.85047,0.85071,0.85047,0.85064,1499.0
2024-06-07 08:05:00,FX:EURGBP,0.85064,0.85075,0.85044,0.85045,1527.0
2024-06-07 08:10:00,FX:EURGBP,0.85045,0.85076,0.85038,0.85076,1063.0
2024-06-07 08:15:00,FX:EURGBP,0.85076,0.85078,0.85043,0.8506,1161.0
2024-06-07 08:20:00,FX:EURGBP,0.8506,0.8509599999999999,0.85059,0.85089,835.0
2024-06-07 08:25:00,FX:EURGBP,0.85089,0.85089,0.85062,0.85078,685.0
2024-06-07 08:30:00,FX:EURGBP,0.85078,0.85089,0.85064,0.85075,772.0
2024-06-07 08:35:00,FX:EURGBP,0.85075,0.85098,0.85073,0.85095,780.0
2024-06-07 08:40:00,FX:EURGBP,0.85095,0.85099,0.85075,0.85078,729.0
2024-06-07 08:45:00,FX:EURGBP,0.85078,0.8507899999999999,0.85051,0.8507,643.0
2024-06-07 08:50:00,FX:EURGBP,0.8507,0.85076,0.85053,0.8506,1068.0
2024-06-07 08:55:00,FX:EURGBP,0.8506,0.85065,0.8501799999999999,0.8501799999999999,1285.0
2024-06-07 09:00:00,FX:EURGBP,0.8501799999999999,0.85032,0.85008,0.85026,1248.0
2024-06-07 09:05:00,FX:EURGBP,0.85026,0.85038,0.85009,0.85011,1159.0
2024-06-07 09:10:00,FX:EURGBP,0.85011,0.85036,0.85008,0.85033,1212.0
2024-06-07 09:15:00,FX:EURGBP,0.85033,0.8503499999999999,0.8501299999999999,0.8502,1350.0
2024-06-07 09:20:00,FX:EURGBP,0.8502,0.85022,0.85,0.85011,680.0
2024-06-07 09:25:00,FX:EURGBP,0.85011,0.8501799999999999,0.84999,0.85007,538.0
2024-06-07 09:30:00,FX:EURGBP,0.85007,0.85007,0.84971,0.84971,644.0
2024-06-07 09:35:00,FX:EURGBP,0.84971,0.84993,0.84965,0.84986,858.0
2024-06-07 09:40:00,FX:EURGBP,0.84986,0.84989,0.8495199999999999,0.8496,777.0
2024-06-07 09:45:00,FX:EURGBP,0.8496,0.84964,0.8492999999999999,0.8492999999999999,1104.0
2024-06-07 09:50:00,FX:EURGBP,0.8492999999999999,0.84995,0.84922,0.84983,1293.0
2024-06-07 09:55:00,FX:EURGBP,0.84983,0.84997,0.84973,0.84984,1073.0
2024-06-07 10:00:00,FX:EURGBP,0.84984,0.84998,0.8497,0.84973,1150.0
2024-06-07 10:05:00,FX:EURGBP,0.84973,0.84995,0.84965,0.84995,693.0
2024-06-07 10:10:00,FX:EURGBP,0.84995,0.84999,0.8498,0.84983,830.0
2024-06-07 10:15:00,FX:EURGBP,0.84983,0.84989,0.84964,0.84971,807.0
2024-06-07 10:20:00,FX:EURGBP,0.84971,0.84976,0.84939,0.8494,694.0
2024-06-07 10:25:00,FX:EURGBP,0.8494,0.84947,0.84925,0.8494,552.0
2024-06-07 10:30:00,FX:EURGBP,0.8494,0.84944,0.84925,0.84941,669.0
2024-06-07 10:35:00,FX:EURGBP,0.84941,0.84946,0.84929,0.84939,633.0
2024-06-07 10:40:00,FX:EURGBP,0.84939,0.8495199999999999,0.84933,0.84946,482.0
2024-06-07 10:45:00,FX:EURGBP,0.84946,0.84951,0.84933,0.84936,363.0
2024-06-07 10:50:00,FX:EURGBP,0.84936,0.84941,0.84931,0.84933,357.0
2024-06-07 10:55:00,FX:EURGBP,0.84933,0.8493499999999999,0.84922,0.84926,523.0
2024-06-07 11:00:00,FX:EURGBP,0.84926,0.84937,0.8491299999999999,0.84928,627.0
2024-06-07 11:05:00,FX:EURGBP,0.84928,0.84942,0.84919,0.8494,518.0
2024-06-07 11:10:00,FX:EURGBP,0.8494,0.84941,0.84929,0.84936,506.0
2024-06-07 11:15:00,FX:EURGBP,0.84936,0.84948,0.84932,0.84932,529.0
2024-06-07 11:20:00,FX:EURGBP,0.84932,0.84954,0.84932,0.84948,551.0
2024-06-07 11:25:00,FX:EURGBP,0.84948,0.84949,0.84932,0.8493499999999999,539.0
2024-06-07 11:30:00,FX:EURGBP,0.8493499999999999,0.84938,0.84916,0.84924,700.0
2024-06-07 11:35:00,FX:EURGBP,0.84924,0.8492999999999999,0.84922,0.84924,555.0
2024-06-07 11:40:00,FX:EURGBP,0.84924,0.84926,0.84915,0.84925,422.0
2024-06-07 11:45:00,FX:EURGBP,0.84925,0.84931,0.84919,0.84928,422.0
2024-06-07 11:50:00,FX:EURGBP,0.84928,0.84932,0.84922,0.84926,464.0
2024-06-07 11:55:00,FX:EURGBP,0.84926,0.84926,0.84914,0.84917,423.0
2024-06-07 12:00:00,FX:EURGBP,0.84917,0.84928,0.84914,0.84926,367.0
2024-06-07 12:05:00,FX:EURGBP,0.84926,0.84929,0.8491799999999999,0.8492,441.0
2024-06-07 12:10:00,FX:EURGBP,0.8492,0.84922,0.84909,0.8491,523.0
2024-06-07 12:15:00,FX:EURGBP,0.8491,0.84914,0.84901,0.84912,229.0
2024-06-07 12:20:00,FX:EURGBP,0.84912,0.84922,0.84905,0.8491,324.0
2024-06-07 12:25:00,FX:EURGBP,0.8491,0.84922,0.84906,0.8492,364.0
2024-06-07 12:30:00,FX:EURGBP,0.8492,0.84925,0.84917,0.84922,247.0
2024-06-07 12:35:00,FX:EURGBP,0.84922,0.84922,0.8491,0.84911,285.0
2024-06-07 12:40:00,FX:EURGBP,0.84911,0.84915,0.84909,0.84912,212.0
2024-06-07 12:45:00,FX:EURGBP,0.84912,0.84915,0.84904,0.84905,261.0
2024-06-07 12:50:00,FX:EURGBP,0.84905,0.8491,0.84899,0.84904,537.0
2024-06-07 12:55:00,FX:EURGBP,0.84904,0.84907,0.84901,0.84904,256.0
2024-06-07 13:00:00,FX:EURGBP,0.84904,0.84916,0.84901,0.84916,466.0
2024-06-07 13:05:00,FX:EURGBP,0.84916,0.84926,0.84914,0.8492,509.0
2024-06-07 13:10:00,FX:EURGBP,0.8492,0.84929,0.8492,0.84922,324.0
2024-06-07 13:15:00,FX:EURGBP,0.84922,0.84927,0.8491799999999999,0.8492,268.0
2024-06-07 13:20:00,FX:EURGBP,0.8492,0.8492,0.8491,0.84914,233.0
2024-06-07 13:25:00,FX:EURGBP,0.84914,0.84919,0.84909,0.84915,249.0
2024-06-07 13:30:00,FX:EURGBP,0.84915,0.84922,0.84912,0.84922,216.0
2024-06-07 13:35:00,FX:EURGBP,0.84922,0.84926,0.8492,0.84922,355.0
2024-06-07 13:40:00,FX:EURGBP,0.84922,0.84926,0.84917,0.84921,399.0
2024-06-07 13:45:00,FX:EURGBP,0.84921,0.84924,0.84915,0.84924,395.0
2024-06-07 13:50:00,FX:EURGBP,0.84924,0.84924,0.84911,0.8491299999999999,373.0
2024-06-07 13:55:00,FX:EURGBP,0.8491299999999999,0.84922,0.84912,0.84921,213.0
2024-06-07 14:00:00,FX:EURGBP,0.84921,0.8492999999999999,0.84919,0.84923,240.0
2024-06-07 14:05:00,FX:EURGBP,0.84923,0.84933,0.84923,0.84932,248.0
2024-06-07 14:10:00,FX:EURGBP,0.84932,0.84932,0.84921,0.84923,745.0
2024-06-07 14:15:00,FX:EURGBP,0.84923,0.84923,0.8491799999999999,0.84922,288.0
2024-06-07 14:20:00,FX:EURGBP,0.84922,0.84923,0.8491,0.84916,323.0
2024-06-07 14:25:00,FX:EURGBP,0.84916,0.84916,0.84904,0.84907,244.0
2024-06-07 14:30:00,FX:EURGBP,0.84907,0.84911,0.84901,0.84903,426.0
2024-06-07 14:35:00,FX:EURGBP,0.84903,0.84905,0.84898,0.84901,348.0
2024-06-07 14:40:00,FX:EURGBP,0.84901,0.84907,0.84894,0.84898,381.0
2024-06-07 14:45:00,FX:EURGBP,0.84898,0.84902,0.84893,0.8489599999999999,375.0
2024-06-07 14:50:00,FX:EURGBP,0.8489599999999999,0.84909,0.8489599999999999,0.84907,403.0
2024-06-07 14:55:00,FX:EURGBP,0.84907,0.84909,0.84892,0.849,657.0
2024-06-07 15:00:00,FX:EURGBP,0.849,0.84907,0.84894,0.849,310.0
2024-06-07 15:05:00,FX:EURGBP,0.849,0.84908,0.849,0.84908,232.0
2024-06-07 15:10:00,FX:EURGBP,0.84908,0.84912,0.84905,0.84906,111.0
2024-06-07 15:15:00,FX:EURGBP,0.84906,0.84908,0.84902,0.84907,121.0
2024-06-07 15:20:00,FX:EURGBP,0.84907,0.84912,0.84905,0.84911,99.0
2024-06-07 15:25:00,FX:EURGBP,0.84911,0.84915,0.84908,0.8491,197.0
2024-06-07 15:30:00,FX:EURGBP,0.8491,0.84912,0.84901,0.84905,136.0
2024-06-07 15:35:00,FX:EURGBP,0.84905,0.84911,0.849,0.849,129.0
2024-06-07 15:40:00,FX:EURGBP,0.849,0.84903,0.84892,0.8489599999999999,244.0
2024-06-07 15:45:00,FX:EURGBP,0.8489599999999999,0.84902,0.84887,0.84899,351.0
2024-06-07 15:50:00,FX:EURGBP,0.84899,0.84904,0.8489099999999999,0.84898,239.0
2024-06-07 15:55:00,FX:EURGBP,0.84898,0.8491,0.84878,0.8489599999999999,746.0
2024-06-09 16:00:00,FX:EURGBP,0.84579,0.84625,0.84531,0.84583,91.0
2024-06-09 16:05:00,FX:EURGBP,0.84583,0.8461,0.84544,0.84572,411.0
2024-06-09 16:10:00,FX:EURGBP,0.84572,0.84628,0.84572,0.84622,304.0
2024-06-09 16:15:00,FX:EURGBP,0.84622,0.84648,0.8459,0.84605,379.0
2024-06-09 16:20:00,FX:EURGBP,0.84605,0.84625,0.846,0.84616,84.0
2024-06-09 16:25:00,FX:EURGBP,0.84616,0.8462999999999999,0.84612,0.84621,71.0
2024-06-09 16:30:00,FX:EURGBP,0.84621,0.84648,0.84611,0.84642,188.0
2024-06-09 16:35:00,FX:EURGBP,0.84642,0.84653,0.84592,0.84616,687.0
2024-06-09 16:40:00,FX:EURGBP,0.84616,0.84655,0.84601,0.84629,930.0
2024-06-09 16:45:00,FX:EURGBP,0.84629,0.84671,0.84628,0.8465699999999999,424.0
2024-06-09 16:50:00,FX:EURGBP,0.8465699999999999,0.8468,0.84633,0.84648,611.0
2024-06-09 16:55:00,FX:EURGBP,0.84648,0.84662,0.8461299999999999,0.84619,495.0
2024-06-09 17:00:00,FX:EURGBP,0.84619,0.84693,0.84593,0.8467399999999999,699.0
2024-06-09 17:05:00,FX:EURGBP,0.8467399999999999,0.8467399999999999,0.84661,0.84663,237.0
2024-06-09 17:10:00,FX:EURGBP,0.84663,0.84663,0.8462,0.84623,348.0
2024-06-09 17:15:00,FX:EURGBP,0.84623,0.84627,0.84599,0.84599,264.0
2024-06-09 17:20:00,FX:EURGBP,0.84599,0.84607,0.84599,0.84603,84.0
2024-06-09 17:25:00,FX:EURGBP,0.84603,0.8460799999999999,0.84601,0.8460799999999999,60.0
2024-06-09 17:30:00,FX:EURGBP,0.8460799999999999,0.8466899999999999,0.8460799999999999,0.8466899999999999,331.0
2024-06-09 17:35:00,FX:EURGBP,0.8466899999999999,0.84682,0.8466899999999999,0.84676,168.0
2024-06-09 17:40:00,FX:EURGBP,0.84676,0.84686,0.84676,0.84685,73.0
2024-06-09 17:45:00,FX:EURGBP,0.84685,0.84689,0.84675,0.84686,109.0
2024-06-09 17:50:00,FX:EURGBP,0.84686,0.84694,0.84685,0.84692,93.0
2024-06-09 17:55:00,FX:EURGBP,0.84692,0.84695,0.84688,0.8469,125.0
2024-06-09 18:00:00,FX:EURGBP,0.8469,0.84695,0.84685,0.84693,264.0
2024-06-09 18:05:00,FX:EURGBP,0.84693,0.84698,0.84686,0.84693,260.0
2024-06-09 18:10:00,FX:EURGBP,0.84693,0.84693,0.84676,0.84679,234.0
2024-06-09 18:15:00,FX:EURGBP,0.84679,0.84681,0.8467,0.84671,190.0
2024-06-09 18:20:00,FX:EURGBP,0.84671,0.84676,0.84667,0.84668,178.0
2024-06-09 18:25:00,FX:EURGBP,0.84668,0.84676,0.84666,0.84676,146.0
2024-06-09 18:30:00,FX:EURGBP,0.84676,0.84678,0.84672,0.84672,64.0
2024-06-09 18:35:00,FX:EURGBP,0.84672,0.84676,0.84668,0.8467399999999999,93.0
2024-06-09 18:40:00,FX:EURGBP,0.8467399999999999,0.84678,0.84672,0.84673,94.0
2024-06-09 18:45:00,FX:EURGBP,0.84673,0.8467399999999999,0.84666,0.8467399999999999,177.0
2024-06-09 18:50:00,FX:EURGBP,0.8467399999999999,0.8468,0.84673,0.84677,112.0
2024-06-09 18:55:00,FX:EURGBP,0.84677,0.84685,0.84676,0.84684,202.0
2024-06-09 19:00:00,FX:EURGBP,0.84684,0.8469,0.84678,0.84683,306.0
2024-06-09 19:05:00,FX:EURGBP,0.84683,0.8469099999999999,0.84681,0.84687,388.0
2024-06-09 19:10:00,FX:EURGBP,0.84687,0.84692,0.84686,0.84689,245.0
2024-06-09 19:15:00,FX:EURGBP,0.84689,0.8469599999999999,0.84688,0.84689,356.0
2024-06-09 19:20:00,FX:EURGBP,0.84689,0.8469099999999999,0.84686,0.84687,197.0
2024-06-09 19:25:00,FX:EURGBP,0.84687,0.84689,0.84682,0.84686,219.0
2024-06-09 19:30:00,FX:EURGBP,0.84686,0.84699,0.84686,0.84699,193.0
2024-06-09 19:35:00,FX:EURGBP,0.84699,0.8470799999999999,0.84699,0.84707,203.0
2024-06-09 19:40:00,FX:EURGBP,0.84707,0.84714,0.84706,0.84711,201.0
2024-06-09 19:45:00,FX:EURGBP,0.84711,0.84714,0.84709,0.8471299999999999,204.0
2024-06-09 19:50:00,FX:EURGBP,0.8471299999999999,0.84715,0.84707,0.84714,381.0
2024-06-09 19:55:00,FX:EURGBP,0.84714,0.84717,0.84702,0.84704,223.0
2024-06-09 20:00:00,FX:EURGBP,0.84704,0.84705,0.84698,0.84699,260.0
2024-06-09 20:05:00,FX:EURGBP,0.84699,0.847,0.84693,0.84695,333.0
2024-06-09 20:10:00,FX:EURGBP,0.84695,0.847,0.8469099999999999,0.84699,317.0
2024-06-09 20:15:00,FX:EURGBP,0.84699,0.84704,0.84699,0.84703,347.0
2024-06-09 20:20:00,FX:EURGBP,0.84703,0.84703,0.84693,0.84698,273.0
2024-06-09 20:25:00,FX:EURGBP,0.84698,0.84698,0.84679,0.8468,347.0
2024-06-09 20:30:00,FX:EURGBP,0.8468,0.84682,0.84673,0.84682,396.0
2024-06-09 20:35:00,FX:EURGBP,0.84682,0.84682,0.84672,0.84672,288.0
2024-06-09 20:40:00,FX:EURGBP,0.84672,0.84676,0.84671,0.8467399999999999,291.0
2024-06-09 20:45:00,FX:EURGBP,0.8467399999999999,0.84677,0.84666,0.8466899999999999,224.0
2024-06-09 20:50:00,FX:EURGBP,0.8466899999999999,0.8468,0.8466899999999999,0.84677,322.0
2024-06-09 20:55:00,FX:EURGBP,0.84677,0.84678,0.84675,0.84676,146.0
2024-06-09 21:00:00,FX:EURGBP,0.84676,0.84678,0.84666,0.84668,122.0
2024-06-09 21:05:00,FX:EURGBP,0.84668,0.84668,0.84663,0.84666,56.0
2024-06-09 21:10:00,FX:EURGBP,0.84666,0.84672,0.84665,0.84666,110.0
2024-06-09 21:15:00,FX:EURGBP,0.84666,0.84673,0.84665,0.84673,86.0
2024-06-09 21:20:00,FX:EURGBP,0.84673,0.84673,0.84665,0.84667,117.0
2024-06-09 21:25:00,FX:EURGBP,0.84667,0.84667,0.84662,0.84665,87.0
2024-06-09 21:30:00,FX:EURGBP,0.84665,0.84672,0.84661,0.8466899999999999,134.0
2024-06-09 21:35:00,FX:EURGBP,0.8466899999999999,0.8466899999999999,0.84663,0.84665,80.0
2024-06-09 21:40:00,FX:EURGBP,0.84665,0.84668,0.84661,0.84668,120.0
2024-06-09 21:45:00,FX:EURGBP,0.84668,0.8466899999999999,0.84664,0.84667,169.0
2024-06-09 21:50:00,FX:EURGBP,0.84667,0.84667,0.8465,0.8465,193.0
2024-06-09 21:55:00,FX:EURGBP,0.8465,0.8465199999999999,0.84638,0.84643,197.0
2024-06-09 22:00:00,FX:EURGBP,0.84643,0.84649,0.84642,0.84644,148.0
2024-06-09 22:05:00,FX:EURGBP,0.84644,0.84648,0.84641,0.84642,127.0
2024-06-09 22:10:00,FX:EURGBP,0.84642,0.84642,0.84636,0.84638,137.0
2024-06-09 22:15:00,FX:EURGBP,0.84638,0.84644,0.84636,0.8464,194.0
2024-06-09 22:20:00,FX:EURGBP,0.8464,0.84642,0.84638,0.8464,200.0
2024-06-09 22:25:00,FX:EURGBP,0.8464,0.8464,0.84637,0.84638,179.0
2024-06-09 22:30:00,FX:EURGBP,0.84638,0.84642,0.84634,0.8463499999999999,114.0
2024-06-09 22:35:00,FX:EURGBP,0.8463499999999999,0.8464,0.8463499999999999,0.84638,276.0
2024-06-09 22:40:00,FX:EURGBP,0.84638,0.84639,0.84633,0.84637,168.0
2024-06-09 22:45:00,FX:EURGBP,0.84637,0.84637,0.8462,0.84623,340.0
2024-06-09 22:50:00,FX:EURGBP,0.84623,0.84626,0.84607,0.84611,310.0
2024-06-09 22:55:00,FX:EURGBP,0.84611,0.84611,0.84592,0.8459599999999999,452.0
2024-06-09 23:00:00,FX:EURGBP,0.8459599999999999,0.8459599999999999,0.84561,0.84567,620.0
2024-06-09 23:05:00,FX:EURGBP,0.84567,0.84573,0.8456,0.84565,406.0
2024-06-09 23:10:00,FX:EURGBP,0.84565,0.84571,0.8456,0.84561,246.0
2024-06-09 23:15:00,FX:EURGBP,0.84561,0.84567,0.8456,0.84567,223.0
2024-06-09 23:20:00,FX:EURGBP,0.84567,0.84571,0.84561,0.8457,310.0
2024-06-09 23:25:00,FX:EURGBP,0.8457,0.8457399999999999,0.84564,0.84565,250.0
2024-06-09 23:30:00,FX:EURGBP,0.84565,0.8457,0.84564,0.84566,363.0
2024-06-09 23:35:00,FX:EURGBP,0.84566,0.84567,0.84559,0.84561,306.0
2024-06-09 23:40:00,FX:EURGBP,0.84561,0.84565,0.84557,0.84565,291.0
2024-06-09 23:45:00,FX:EURGBP,0.84565,0.84565,0.8456,0.84565,200.0
2024-06-09 23:50:00,FX:EURGBP,0.84565,0.8456899999999999,0.84562,0.8456899999999999,228.0
2024-06-09 23:55:00,FX:EURGBP,0.8456899999999999,0.8457,0.84558,0.8457,310.0
2024-06-10 00:00:00,FX:EURGBP,0.8457,0.8457399999999999,0.84554,0.84555,510.0
2024-06-10 00:05:00,FX:EURGBP,0.84555,0.84556,0.84544,0.84549,352.0
2024-06-10 00:10:00,FX:EURGBP,0.84549,0.84557,0.84545,0.84553,243.0
2024-06-10 00:15:00,FX:EURGBP,0.84553,0.84564,0.84549,0.8455,250.0
2024-06-10 00:20:00,FX:EURGBP,0.8455,0.84551,0.84541,0.84545,272.0
2024-06-10 00:25:00,FX:EURGBP,0.84545,0.84551,0.84543,0.84551,196.0
2024-06-10 00:30:00,FX:EURGBP,0.84551,0.84554,0.84542,0.84544,211.0
2024-06-10 00:35:00,FX:EURGBP,0.84544,0.84548,0.84532,0.84548,285.0
2024-06-10 00:40:00,FX:EURGBP,0.84548,0.84551,0.84541,0.84545,350.0
2024-06-10 00:45:00,FX:EURGBP,0.84545,0.84551,0.84542,0.84545,343.0
2024-06-10 00:50:00,FX:EURGBP,0.84545,0.84549,0.8454,0.84548,318.0
2024-06-10 00:55:00,FX:EURGBP,0.84548,0.8455199999999999,0.84543,0.8455,410.0
2024-06-10 01:00:00,FX:EURGBP,0.8455,0.84564,0.84546,0.84562,898.0
2024-06-10 01:05:00,FX:EURGBP,0.84562,0.8457399999999999,0.84559,0.84562,1059.0
2024-06-10 01:10:00,FX:EURGBP,0.84562,0.84565,0.8454699999999999,0.8455,715.0
2024-06-10 01:15:00,FX:EURGBP,0.8455,0.8456899999999999,0.84549,0.8456,594.0
2024-06-10 01:20:00,FX:EURGBP,0.8456,0.84589,0.84559,0.84585,645.0
2024-06-10 01:25:00,FX:EURGBP,0.84585,0.8461,0.84578,0.84604,736.0
2024-06-10 01:30:00,FX:EURGBP,0.84604,0.84604,0.84581,0.8459599999999999,808.0
2024-06-10 01:35:00,FX:EURGBP,0.8459599999999999,0.84601,0.8459099999999999,0.84593,589.0
2024-06-10 01:40:00,FX:EURGBP,0.84593,0.8462999999999999,0.84592,0.84627,640.0
2024-06-10 01:45:00,FX:EURGBP,0.84627,0.84638,0.84619,0.84631,571.0
2024-06-10 01:50:00,FX:EURGBP,0.84631,0.84632,0.8461,0.84614,689.0
2024-06-10 01:55:00,FX:EURGBP,0.84614,0.84621,0.84586,0.84587,724.0
2024-06-10 02:00:00,FX:EURGBP,0.84587,0.8461299999999999,0.84565,0.84567,1363.0
2024-06-10 02:05:00,FX:EURGBP,0.84567,0.84571,0.8454699999999999,0.8455199999999999,1151.0
2024-06-10 02:10:00,FX:EURGBP,0.8455199999999999,0.84571,0.84548,0.84568,937.0
2024-06-10 02:15:00,FX:EURGBP,0.84568,0.8459099999999999,0.84564,0.84588,754.0
2024-06-10 02:20:00,FX:EURGBP,0.84588,0.84638,0.84588,0.84621,839.0
2024-06-10 02:25:00,FX:EURGBP,0.84621,0.8463499999999999,0.84616,0.84632,853.0
2024-06-10 02:30:00,FX:EURGBP,0.84632,0.84639,0.8461,0.8462999999999999,1046.0
2024-06-10 02:35:00,FX:EURGBP,0.8462999999999999,0.84631,0.84589,0.84592,934.0
2024-06-10 02:40:00,FX:EURGBP,0.84592,0.84622,0.8457399999999999,0.8462,875.0
2024-06-10 02:45:00,FX:EURGBP,0.8462,0.84633,0.84611,0.84622,907.0
2024-06-10 02:50:00,FX:EURGBP,0.84622,0.84624,0.8460799999999999,0.84612,821.0
2024-06-10 02:55:00,FX:EURGBP,0.84612,0.84612,0.84583,0.84606,673.0
2024-06-10 03:00:00,FX:EURGBP,0.84606,0.84637,0.84602,0.84626,992.0
2024-06-10 03:05:00,FX:EURGBP,0.84626,0.8464,0.84617,0.84619,751.0
2024-06-10 03:10:00,FX:EURGBP,0.84619,0.8462,0.84585,0.84594,828.0
2024-06-10 03:15:00,FX:EURGBP,0.84594,0.84612,0.84592,0.84611,803.0
2024-06-10 03:20:00,FX:EURGBP,0.84611,0.84616,0.84604,0.8461,494.0
2024-06-10 03:25:00,FX:EURGBP,0.8461,0.8462,0.84585,0.84587,638.0
2024-06-10 03:30:00,FX:EURGBP,0.84587,0.84603,0.84586,0.84602,410.0
2024-06-10 03:35:00,FX:EURGBP,0.84602,0.84611,0.84592,0.84609,561.0
2024-06-10 03:40:00,FX:EURGBP,0.84609,0.84624,0.84599,0.84616,700.0
2024-06-10 03:45:00,FX:EURGBP,0.84616,0.84633,0.8461,0.84626,550.0
2024-06-10 03:50:00,FX:EURGBP,0.84626,0.84636,0.8461299999999999,0.8463499999999999,601.0
2024-06-10 03:55:00,FX:EURGBP,0.8463499999999999,0.8465,0.84634,0.84646,665.0
2024-06-10 04:00:00,FX:EURGBP,0.84646,0.84656,0.84644,0.84644,656.0
2024-06-10 04:05:00,FX:EURGBP,0.84644,0.84653,0.8463499999999999,0.84639,484.0
2024-06-10 04:10:00,FX:EURGBP,0.84639,0.84647,0.84622,0.84628,529.0
2024-06-10 04:15:00,FX:EURGBP,0.84628,0.84647,0.84628,0.8464,422.0
2024-06-10 04:20:00,FX:EURGBP,0.8464,0.84646,0.84631,0.84644,478.0
2024-06-10 04:25:00,FX:EURGBP,0.84644,0.8465199999999999,0.84626,0.84629,490.0
2024-06-10 04:30:00,FX:EURGBP,0.84629,0.84648,0.84626,0.8464,785.0
2024-06-10 04:35:00,FX:EURGBP,0.8464,0.8464,0.84622,0.84623,478.0
2024-06-10 04:40:00,FX:EURGBP,0.84623,0.84627,0.84615,0.84624,521.0
2024-06-10 04:45:00,FX:EURGBP,0.84624,0.84638,0.84623,0.84633,534.0
2024-06-10 04:50:00,FX:EURGBP,0.84633,0.8463499999999999,0.8459099999999999,0.84603,844.0
2024-06-10 04:55:00,FX:EURGBP,0.84603,0.84614,0.84594,0.84606,662.0
2024-06-10 05:00:00,FX:EURGBP,0.84606,0.8462,0.84604,0.84617,663.0
2024-06-10 05:05:00,FX:EURGBP,0.84617,0.84631,0.84602,0.84607,731.0
2024-06-10 05:10:00,FX:EURGBP,0.84607,0.84617,0.84602,0.84611,582.0
2024-06-10 05:15:00,FX:EURGBP,0.84611,0.84614,0.84602,0.84605,568.0
2024-06-10 05:20:00,FX:EURGBP,0.84605,0.84631,0.84604,0.84621,610.0
2024-06-10 05:25:00,FX:EURGBP,0.84621,0.84621,0.8459099999999999,0.84592,582.0
2024-06-10 05:30:00,FX:EURGBP,0.84592,0.84606,0.8458,0.84597,503.0
2024-06-10 05:35:00,FX:EURGBP,0.84597,0.84607,0.84586,0.84586,595.0
2024-06-10 05:40:00,FX:EURGBP,0.84586,0.84589,0.84571,0.84577,714.0
2024-06-10 05:45:00,FX:EURGBP,0.84577,0.84581,0.84563,0.84571,571.0
2024-06-10 05:50:00,FX:EURGBP,0.84571,0.84572,0.84555,0.84562,456.0
2024-06-10 05:55:00,FX:EURGBP,0.84562,0.84572,0.8456,0.84567,528.0
2024-06-10 06:00:00,FX:EURGBP,0.84567,0.84575,0.84565,0.84566,406.0
2024-06-10 06:05:00,FX:EURGBP,0.84566,0.84568,0.84549,0.84554,419.0
2024-06-10 06:10:00,FX:EURGBP,0.84554,0.84561,0.84546,0.84555,515.0
2024-06-10 06:15:00,FX:EURGBP,0.84555,0.84573,0.84555,0.8457,483.0
2024-06-10 06:20:00,FX:EURGBP,0.8457,0.84582,0.84564,0.8457399999999999,596.0
2024-06-10 06:25:00,FX:EURGBP,0.8457399999999999,0.84575,0.84555,0.84559,559.0
2024-06-10 06:30:00,FX:EURGBP,0.84559,0.84565,0.84555,0.84561,529.0
2024-06-10 06:35:00,FX:EURGBP,0.84561,0.84561,0.84548,0.84561,477.0
2024-06-10 06:40:00,FX:EURGBP,0.84561,0.84562,0.84553,0.84558,395.0
2024-06-10 06:45:00,FX:EURGBP,0.84558,0.84558,0.84549,0.84554,560.0
2024-06-10 06:50:00,FX:EURGBP,0.84554,0.8456,0.84545,0.84558,584.0
2024-06-10 06:55:00,FX:EURGBP,0.84558,0.84583,0.84555,0.84577,505.0
2024-06-10 07:00:00,FX:EURGBP,0.84577,0.84584,0.84573,0.84582,801.0
2024-06-10 07:05:00,FX:EURGBP,0.84582,0.84583,0.84557,0.84562,715.0
2024-06-10 07:10:00,FX:EURGBP,0.84562,0.84563,0.84551,0.84554,827.0
2024-06-10 07:15:00,FX:EURGBP,0.84554,0.8456,0.84548,0.8455199999999999,687.0
2024-06-10 07:20:00,FX:EURGBP,0.8455199999999999,0.84553,0.84524,0.84532,811.0
2024-06-10 07:25:00,FX:EURGBP,0.84532,0.8453499999999999,0.8450799999999999,0.84517,720.0
2024-06-10 07:30:00,FX:EURGBP,0.84517,0.84517,0.84496,0.84499,818.0
2024-06-10 07:35:00,FX:EURGBP,0.84499,0.84501,0.8448599999999999,0.84496,662.0
2024-06-10 07:40:00,FX:EURGBP,0.84496,0.84498,0.84482,0.84482,716.0
2024-06-10 07:45:00,FX:EURGBP,0.84482,0.84511,0.84481,0.84511,559.0
2024-06-10 07:50:00,FX:EURGBP,0.84511,0.84515,0.84505,0.84505,538.0
2024-06-10 07:55:00,FX:EURGBP,0.84505,0.84511,0.8449,0.8449099999999999,688.0
2024-06-10 08:00:00,FX:EURGBP,0.8449099999999999,0.84526,0.8449,0.84521,727.0
2024-06-10 08:05:00,FX:EURGBP,0.84521,0.84542,0.84517,0.84539,796.0
2024-06-10 08:10:00,FX:EURGBP,0.84539,0.84563,0.8453499999999999,0.84558,774.0
2024-06-10 08:15:00,FX:EURGBP,0.84558,0.84562,0.84541,0.84543,586.0
2024-06-10 08:20:00,FX:EURGBP,0.84543,0.84548,0.84538,0.84538,607.0
2024-06-10 08:25:00,FX:EURGBP,0.84538,0.84542,0.8452,0.8452,714.0
2024-06-10 08:30:00,FX:EURGBP,0.8452,0.84523,0.84509,0.84511,789.0
2024-06-10 08:35:00,FX:EURGBP,0.84511,0.84517,0.84502,0.84511,773.0
2024-06-10 08:40:00,FX:EURGBP,0.84511,0.8451299999999999,0.84503,0.84507,821.0
2024-06-10 08:45:00,FX:EURGBP,0.84507,0.84509,0.84467,0.84471,603.0
2024-06-10 08:50:00,FX:EURGBP,0.84471,0.84477,0.84456,0.84477,775.0
2024-06-10 08:55:00,FX:EURGBP,0.84477,0.84511,0.84477,0.8451,905.0
2024-06-10 09:00:00,FX:EURGBP,0.8451,0.84511,0.8449,0.84493,912.0
2024-06-10 09:05:00,FX:EURGBP,0.84493,0.84501,0.84476,0.84481,656.0
2024-06-10 09:10:00,FX:EURGBP,0.84481,0.84485,0.8447399999999999,0.8448,522.0
2024-06-10 09:15:00,FX:EURGBP,0.8448,0.8448,0.8445199999999999,0.84462,680.0
2024-06-10 09:20:00,FX:EURGBP,0.84462,0.84473,0.84459,0.84471,564.0
2024-06-10 09:25:00,FX:EURGBP,0.84471,0.8447399999999999,0.84457,0.84457,559.0
2024-06-10 09:30:00,FX:EURGBP,0.84457,0.84466,0.84446,0.84457,562.0
2024-06-10 09:35:00,FX:EURGBP,0.84457,0.8446899999999999,0.8445,0.84467,694.0
2024-06-10 09:40:00,FX:EURGBP,0.84467,0.84473,0.84453,0.84458,653.0
2024-06-10 09:45:00,FX:EURGBP,0.84458,0.84466,0.84454,0.84462,669.0
2024-06-10 09:50:00,FX:EURGBP,0.84462,0.84462,0.84434,0.84438,792.0
2024-06-10 09:55:00,FX:EURGBP,0.84438,0.84441,0.84405,0.84407,1057.0
2024-06-10 10:00:00,FX:EURGBP,0.84407,0.84419,0.84398,0.84414,1414.0
2024-06-10 10:05:00,FX:EURGBP,0.84414,0.84426,0.8441299999999999,0.84421,844.0
2024-06-10 10:10:00,FX:EURGBP,0.84421,0.84439,0.84417,0.84434,593.0
2024-06-10 10:15:00,FX:EURGBP,0.84434,0.84434,0.84418,0.84431,672.0
2024-06-10 10:20:00,FX:EURGBP,0.84431,0.84441,0.84428,0.84431,516.0
2024-06-10 10:25:00,FX:EURGBP,0.84431,0.84438,0.84421,0.84421,536.0
2024-06-10 10:30:00,FX:EURGBP,0.84421,0.84427,0.84409,0.8441299999999999,453.0
2024-06-10 10:35:00,FX:EURGBP,0.8441299999999999,0.84421,0.84412,0.84419,427.0
2024-06-10 10:40:00,FX:EURGBP,0.84419,0.84438,0.84416,0.84436,457.0
2024-06-10 10:45:00,FX:EURGBP,0.84436,0.8445199999999999,0.8443499999999999,0.84446,394.0
2024-06-10 10:50:00,FX:EURGBP,0.84446,0.84449,0.84441,0.84445,297.0
2024-06-10 10:55:00,FX:EURGBP,0.84445,0.8444699999999999,0.84438,0.8444,578.0
2024-06-10 11:00:00,FX:EURGBP,0.8444,0.84472,0.8443499999999999,0.84467,698.0
2024-06-10 11:05:00,FX:EURGBP,0.84467,0.84468,0.84453,0.84466,664.0
2024-06-10 11:10:00,FX:EURGBP,0.84466,0.84467,0.84446,0.84453,560.0
2024-06-10 11:15:00,FX:EURGBP,0.84453,0.84461,0.84448,0.84459,614.0
2024-06-10 11:20:00,FX:EURGBP,0.84459,0.8447,0.84456,0.84465,607.0
2024-06-10 11:25:00,FX:EURGBP,0.84465,0.84475,0.84464,0.84473,548.0
2024-06-10 11:30:00,FX:EURGBP,0.84473,0.84483,0.84471,0.84477,330.0
2024-06-10 11:35:00,FX:EURGBP,0.84477,0.84489,0.84475,0.84488,408.0
2024-06-10 11:40:00,FX:EURGBP,0.84488,0.84493,0.84483,0.8449099999999999,303.0
2024-06-10 11:45:00,FX:EURGBP,0.8449099999999999,0.84496,0.84484,0.8449,426.0
2024-06-10 11:50:00,FX:EURGBP,0.8449,0.84495,0.84484,0.8449,349.0
2024-06-10 11:55:00,FX:EURGBP,0.8449,0.84492,0.84483,0.84485,478.0
2024-06-10 12:00:00,FX:EURGBP,0.84485,0.8448599999999999,0.84471,0.8447399999999999,790.0
2024-06-10 12:05:00,FX:EURGBP,0.8447399999999999,0.84495,0.84467,0.84485,767.0
2024-06-10 12:10:00,FX:EURGBP,0.84485,0.84495,0.84483,0.8449099999999999,739.0
2024-06-10 12:15:00,FX:EURGBP,0.8449099999999999,0.8449099999999999,0.84484,0.84489,589.0
2024-06-10 12:20:00,FX:EURGBP,0.84489,0.84503,0.84487,0.84501,488.0
2024-06-10 12:25:00,FX:EURGBP,0.84501,0.8452,0.84499,0.84516,579.0
2024-06-10 12:30:00,FX:EURGBP,0.84516,0.84518,0.8450799999999999,0.84511,647.0
2024-06-10 12:35:00,FX:EURGBP,0.84511,0.84514,0.84505,0.84505,381.0
2024-06-10 12:40:00,FX:EURGBP,0.84505,0.84505,0.84495,0.84496,248.0
2024-06-10 12:45:00,FX:EURGBP,0.84496,0.84497,0.84478,0.84481,527.0
2024-06-10 12:50:00,FX:EURGBP,0.84481,0.84483,0.8447399999999999,0.8448,580.0
2024-06-10 12:55:00,FX:EURGBP,0.8448,0.84494,0.8448,0.84494,532.0
2024-06-10 13:00:00,FX:EURGBP,0.84494,0.84505,0.84494,0.84503,415.0
2024-06-10 13:05:00,FX:EURGBP,0.84503,0.84509,0.84496,0.84507,418.0
2024-06-10 13:10:00,FX:EURGBP,0.84507,0.8451,0.84494,0.84494,473.0
2024-06-10 13:15:00,FX:EURGBP,0.84494,0.84506,0.84492,0.84504,604.0
2024-06-10 13:20:00,FX:EURGBP,0.84504,0.84517,0.84503,0.84516,499.0
2024-06-10 13:25:00,FX:EURGBP,0.84516,0.84516,0.8451,0.84515,454.0
2024-06-10 13:30:00,FX:EURGBP,0.84515,0.84515,0.84509,0.84509,320.0
2024-06-10 13:35:00,FX:EURGBP,0.84509,0.84512,0.84503,0.8450799999999999,533.0
2024-06-10 13:40:00,FX:EURGBP,0.8450799999999999,0.84514,0.84505,0.8451,509.0
2024-06-10 13:45:00,FX:EURGBP,0.8451,0.84511,0.84503,0.84507,479.0
2024-06-10 13:50:00,FX:EURGBP,0.84507,0.8452,0.84506,0.84516,393.0
2024-06-10 13:55:00,FX:EURGBP,0.84516,0.84524,0.84515,0.84517,409.0
2024-06-10 14:00:00,FX:EURGBP,0.84517,0.84518,0.84507,0.8451299999999999,367.0
2024-06-10 14:05:00,FX:EURGBP,0.8451299999999999,0.84521,0.8451299999999999,0.8452,334.0
2024-06-10 14:10:00,FX:EURGBP,0.8452,0.84529,0.84519,0.84527,308.0
2024-06-10 14:15:00,FX:EURGBP,0.84527,0.84532,0.84524,0.84526,318.0
2024-06-10 14:20:00,FX:EURGBP,0.84526,0.8452999999999999,0.84525,0.84528,377.0
2024-06-10 14:25:00,FX:EURGBP,0.84528,0.8454,0.84528,0.84532,337.0
2024-06-10 14:30:00,FX:EURGBP,0.84532,0.84539,0.84529,0.84538,398.0
2024-06-10 14:35:00,FX:EURGBP,0.84538,0.84539,0.8453499999999999,0.84537,221.0
2024-06-10 14:40:00,FX:EURGBP,0.84537,0.84542,0.84536,0.84539,319.0
2024-06-10 14:45:00,FX:EURGBP,0.84539,0.84541,0.84534,0.84541,279.0
2024-06-10 14:50:00,FX:EURGBP,0.84541,0.8454699999999999,0.84539,0.84544,301.0
2024-06-10 14:55:00,FX:EURGBP,0.84544,0.84548,0.84541,0.84542,394.0
2024-06-10 15:00:00,FX:EURGBP,0.84542,0.84543,0.84537,0.8454,171.0
2024-06-10 15:05:00,FX:EURGBP,0.8454,0.84546,0.8454,0.84545,68.0
2024-06-10 15:10:00,FX:EURGBP,0.84545,0.84546,0.84539,0.84541,152.0
2024-06-10 15:15:00,FX:EURGBP,0.84541,0.84545,0.84541,0.84544,88.0
2024-06-10 15:20:00,FX:EURGBP,0.84544,0.84545,0.84537,0.84537,48.0
2024-06-10 15:25:00,FX:EURGBP,0.84537,0.84541,0.84536,0.84539,90.0
2024-06-10 15:30:00,FX:EURGBP,0.84539,0.84539,0.84536,0.84537,23.0
2024-06-10 15:35:00,FX:EURGBP,0.84537,0.8454,0.84537,0.84539,49.0
2024-06-10 15:40:00,FX:EURGBP,0.84539,0.84548,0.84539,0.84548,57.0
2024-06-10 15:45:00,FX:EURGBP,0.84548,0.84554,0.8454699999999999,0.84554,130.0
2024-06-10 15:50:00,FX:EURGBP,0.84554,0.84557,0.8455,0.84554,75.0
2024-06-10 15:55:00,FX:EURGBP,0.84554,0.84566,0.8455199999999999,0.8455199999999999,270.0
2024-06-10 16:00:00,FX:EURGBP,0.8455199999999999,0.8455199999999999,0.84506,0.84522,17.0
2024-06-10 16:05:00,FX:EURGBP,0.84522,0.84544,0.84519,0.84537,159.0
2024-06-10 16:10:00,FX:EURGBP,0.84537,0.84566,0.84523,0.84561,272.0
2024-06-10 16:15:00,FX:EURGBP,0.84561,0.84565,0.8449,0.8452,564.0
2024-06-10 16:20:00,FX:EURGBP,0.8452,0.84537,0.84499,0.84525,249.0
2024-06-10 16:25:00,FX:EURGBP,0.84525,0.84531,0.84516,0.84524,44.0
2024-06-10 16:30:00,FX:EURGBP,0.84524,0.84533,0.84521,0.84528,67.0
2024-06-10 16:35:00,FX:EURGBP,0.84528,0.84528,0.84517,0.84517,57.0
2024-06-10 16:40:00,FX:EURGBP,0.84517,0.84534,0.84511,0.84534,169.0
2024-06-10 16:45:00,FX:EURGBP,0.84534,0.84549,0.84521,0.84531,260.0
2024-06-10 16:50:00,FX:EURGBP,0.84531,0.84544,0.84523,0.8454,233.0
2024-06-10 16:55:00,FX:EURGBP,0.8454,0.84568,0.84537,0.8456,980.0
2024-06-10 17:00:00,FX:EURGBP,0.8456,0.84567,0.84544,0.84567,266.0
2024-06-10 17:05:00,FX:EURGBP,0.84567,0.84567,0.84558,0.84561,79.0
2024-06-10 17:10:00,FX:EURGBP,0.84561,0.84563,0.84557,0.84559,77.0
2024-06-10 17:15:00,FX:EURGBP,0.84559,0.84562,0.84558,0.84559,80.0
2024-06-10 17:20:00,FX:EURGBP,0.84559,0.84562,0.84555,0.8456,91.0
2024-06-10 17:25:00,FX:EURGBP,0.8456,0.8456,0.84549,0.8455199999999999,61.0
2024-06-10 17:30:00,FX:EURGBP,0.8455199999999999,0.84553,0.8455,0.8455199999999999,42.0
2024-06-10 17:35:00,FX:EURGBP,0.8455199999999999,0.8455199999999999,0.8455199999999999,0.8455199999999999,2.0
2024-06-10 17:40:00,FX:EURGBP,0.8455199999999999,0.84558,0.84551,0.84558,64.0
2024-06-10 17:45:00,FX:EURGBP,0.84558,0.84561,0.84556,0.84559,56.0
2024-06-10 17:50:00,FX:EURGBP,0.84559,0.84561,0.84555,0.8456,64.0
2024-06-10 17:55:00,FX:EURGBP,0.8456,0.84566,0.8456,0.84565,39.0
2024-06-10 18:00:00,FX:EURGBP,0.84565,0.84571,0.84565,0.84566,91.0
2024-06-10 18:05:00,FX:EURGBP,0.84566,0.8456899999999999,0.84563,0.84567,83.0
2024-06-10 18:10:00,FX:EURGBP,0.84567,0.8457,0.84567,0.84567,155.0
2024-06-10 18:15:00,FX:EURGBP,0.84567,0.84571,0.84567,0.84568,169.0
2024-06-10 18:20:00,FX:EURGBP,0.84568,0.84571,0.84566,0.84571,151.0
2024-06-10 18:25:00,FX:EURGBP,0.84571,0.84578,0.8456899999999999,0.84577,88.0
2024-06-10 18:30:00,FX:EURGBP,0.84577,0.84578,0.84572,0.84573,127.0
2024-06-10 18:35:00,FX:EURGBP,0.84573,0.84576,0.84573,0.8457399999999999,123.0
2024-06-10 18:40:00,FX:EURGBP,0.8457399999999999,0.84579,0.8457399999999999,0.84579,98.0
2024-06-10 18:45:00,FX:EURGBP,0.84579,0.84582,0.84568,0.84573,227.0
2024-06-10 18:50:00,FX:EURGBP,0.84573,0.84578,0.84572,0.84577,132.0
2024-06-10 18:55:00,FX:EURGBP,0.84577,0.84578,0.8457399999999999,0.84576,137.0
2024-06-10 19:00:00,FX:EURGBP,0.84576,0.84578,0.8457,0.84571,365.0
2024-06-10 19:05:00,FX:EURGBP,0.84571,0.84571,0.84565,0.8456899999999999,258.0
2024-06-10 19:10:00,FX:EURGBP,0.8456899999999999,0.84571,0.84564,0.84565,149.0
2024-06-10 19:15:00,FX:EURGBP,0.84565,0.84567,0.8456,0.84564,197.0
2024-06-10 19:20:00,FX:EURGBP,0.84564,0.84566,0.84561,0.84565,212.0
2024-06-10 19:25:00,FX:EURGBP,0.84565,0.84565,0.84562,0.84563,111.0
2024-06-10 19:30:00,FX:EURGBP,0.84563,0.84567,0.8456,0.84565,206.0
2024-06-10 19:35:00,FX:EURGBP,0.84565,0.84567,0.84561,0.84561,191.0
2024-06-10 19:40:00,FX:EURGBP,0.84561,0.8457,0.84559,0.8456899999999999,166.0
2024-06-10 19:45:00,FX:EURGBP,0.8456899999999999,0.84571,0.84565,0.84568,270.0
2024-06-10 19:50:00,FX:EURGBP,0.84568,0.8456899999999999,0.84564,0.84567,220.0
2024-06-10 19:55:00,FX:EURGBP,0.84567,0.8457,0.84564,0.84565,197.0
2024-06-10 20:00:00,FX:EURGBP,0.84565,0.84573,0.84562,0.84568,356.0
2024-06-10 20:05:00,FX:EURGBP,0.84568,0.8457,0.84562,0.84564,314.0
2024-06-10 20:10:00,FX:EURGBP,0.84564,0.84568,0.84563,0.84568,330.0
2024-06-10 20:15:00,FX:EURGBP,0.84568,0.8457399999999999,0.84567,0.84568,632.0
2024-06-10 20:20:00,FX:EURGBP,0.84568,0.8457399999999999,0.84567,0.8457399999999999,354.0
2024-06-10 20:25:00,FX:EURGBP,0.8457399999999999,0.84582,0.84573,0.84581,282.0
2024-06-10 20:30:00,FX:EURGBP,0.84581,0.84588,0.84578,0.84585,582.0
2024-06-10 20:35:00,FX:EURGBP,0.84585,0.84589,0.84583,0.84585,428.0
2024-06-10 20:40:00,FX:EURGBP,0.84585,0.84587,0.84579,0.84581,363.0
2024-06-10 20:45:00,FX:EURGBP,0.84581,0.84582,0.84575,0.84576,247.0
2024-06-10 20:50:00,FX:EURGBP,0.84576,0.84578,0.84575,0.84578,239.0
2024-06-10 20:55:00,FX:EURGBP,0.84578,0.84584,0.84571,0.84575,317.0
2024-06-10 21:00:00,FX:EURGBP,0.84575,0.84577,0.84572,0.84576,214.0
2024-06-10 21:05:00,FX:EURGBP,0.84576,0.84579,0.84573,0.84575,212.0
2024-06-10 21:10:00,FX:EURGBP,0.84575,0.84578,0.84572,0.8457399999999999,173.0
2024-06-10 21:15:00,FX:EURGBP,0.8457399999999999,0.8457399999999999,0.84561,0.84563,216.0
2024-06-10 21:20:00,FX:EURGBP,0.84563,0.84568,0.84562,0.84567,366.0
2024-06-10 21:25:00,FX:EURGBP,0.84567,0.84568,0.84561,0.84562,237.0
2024-06-10 21:30:00,FX:EURGBP,0.84562,0.84571,0.84561,0.84571,292.0
2024-06-10 21:35:00,FX:EURGBP,0.84571,0.84572,0.84561,0.84563,285.0
2024-06-10 21:40:00,FX:EURGBP,0.84563,0.84571,0.84562,0.8457,360.0
2024-06-10 21:45:00,FX:EURGBP,0.8457,0.8457399999999999,0.84568,0.8457399999999999,279.0
2024-06-10 21:50:00,FX:EURGBP,0.8457399999999999,0.8457399999999999,0.84568,0.84573,272.0
2024-06-10 21:55:00,FX:EURGBP,0.84573,0.84576,0.84568,0.84571,147.0
2024-06-10 22:00:00,FX:EURGBP,0.84571,0.84573,0.84568,0.8457,229.0
2024-06-10 22:05:00,FX:EURGBP,0.8457,0.8457,0.84566,0.84567,170.0
2024-06-10 22:10:00,FX:EURGBP,0.84567,0.84568,0.8456,0.84562,140.0
2024-06-10 22:15:00,FX:EURGBP,0.84562,0.84564,0.84561,0.84564,88.0
2024-06-10 22:20:00,FX:EURGBP,0.84564,0.84565,0.8455199999999999,0.84553,243.0
2024-06-10 22:25:00,FX:EURGBP,0.84553,0.84556,0.8454699999999999,0.84553,191.0
2024-06-10 22:30:00,FX:EURGBP,0.84553,0.84553,0.84545,0.8454699999999999,171.0
2024-06-10 22:35:00,FX:EURGBP,0.8454699999999999,0.84549,0.84544,0.8454699999999999,107.0
2024-06-10 22:40:00,FX:EURGBP,0.8454699999999999,0.84554,0.84546,0.84551,149.0
2024-06-10 22:45:00,FX:EURGBP,0.84551,0.84553,0.8454699999999999,0.8455199999999999,152.0
2024-06-10 22:50:00,FX:EURGBP,0.8455199999999999,0.84553,0.84551,0.8455199999999999,119.0
2024-06-10 22:55:00,FX:EURGBP,0.8455199999999999,0.84553,0.84548,0.8455199999999999,141.0
2024-06-10 23:00:00,FX:EURGBP,0.8455199999999999,0.84553,0.84546,0.84551,200.0
2024-06-10 23:05:00,FX:EURGBP,0.84551,0.8455199999999999,0.84548,0.84548,124.0
2024-06-10 23:10:00,FX:EURGBP,0.84548,0.84555,0.8454699999999999,0.84553,210.0
2024-06-10 23:15:00,FX:EURGBP,0.84553,0.84554,0.8454699999999999,0.84548,135.0
2024-06-10 23:20:00,FX:EURGBP,0.84548,0.8455,0.84545,0.84548,177.0
2024-06-10 23:25:00,FX:EURGBP,0.84548,0.84549,0.84545,0.84546,204.0
2024-06-10 23:30:00,FX:EURGBP,0.84546,0.84551,0.84545,0.8454699999999999,235.0
2024-06-10 23:35:00,FX:EURGBP,0.8454699999999999,0.84548,0.84544,0.8454699999999999,281.0
2024-06-10 23:40:00,FX:EURGBP,0.8454699999999999,0.8454699999999999,0.84545,0.84545,218.0
2024-06-10 23:45:00,FX:EURGBP,0.84545,0.84551,0.84545,0.84549,149.0
2024-06-10 23:50:00,FX:EURGBP,0.84549,0.8455,0.84549,0.84549,107.0
2024-06-10 23:55:00,FX:EURGBP,0.84549,0.84558,0.8454699999999999,0.84557,191.0
2024-06-11 00:00:00,FX:EURGBP,0.84557,0.84563,0.84556,0.84557,189.0
2024-06-11 00:05:00,FX:EURGBP,0.84557,0.84563,0.84556,0.8456,222.0
2024-06-11 00:10:00,FX:EURGBP,0.8456,0.84561,0.84556,0.84556,160.0
2024-06-11 00:15:00,FX:EURGBP,0.84556,0.84557,0.8455199999999999,0.84554,55.0
2024-06-11 00:20:00,FX:EURGBP,0.84554,0.84558,0.84554,0.84555,65.0
2024-06-11 00:25:00,FX:EURGBP,0.84555,0.84563,0.84554,0.8456,159.0
2024-06-11 00:30:00,FX:EURGBP,0.8456,0.84561,0.84556,0.84557,195.0
2024-06-11 00:35:00,FX:EURGBP,0.84557,0.84559,0.84553,0.84554,154.0
2024-06-11 00:40:00,FX:EURGBP,0.84554,0.8456,0.84545,0.8454699999999999,343.0
2024-06-11 00:45:00,FX:EURGBP,0.8454699999999999,0.84551,0.84542,0.84546,259.0
2024-06-11 00:50:00,FX:EURGBP,0.84546,0.8455,0.84534,0.8453499999999999,221.0
2024-06-11 00:55:00,FX:EURGBP,0.8453499999999999,0.84541,0.84518,0.84523,596.0
2024-06-11 01:00:00,FX:EURGBP,0.84523,0.84629,0.84506,0.84606,1734.0
2024-06-11 01:05:00,FX:EURGBP,0.84606,0.84617,0.84594,0.84609,771.0
2024-06-11 01:10:00,FX:EURGBP,0.84609,0.84648,0.84597,0.84643,901.0
2024-06-11 01:15:00,FX:EURGBP,0.84643,0.84647,0.84631,0.84638,694.0
2024-06-11 01:20:00,FX:EURGBP,0.84638,0.84641,0.84614,0.84618,627.0
2024-06-11 01:25:00,FX:EURGBP,0.84618,0.84626,0.84616,0.84622,389.0
2024-06-11 01:30:00,FX:EURGBP,0.84622,0.84679,0.84622,0.8467399999999999,956.0
2024-06-11 01:35:00,FX:EURGBP,0.8467399999999999,0.84678,0.84665,0.84671,817.0
2024-06-11 01:40:00,FX:EURGBP,0.84671,0.84673,0.8465699999999999,0.84659,822.0
2024-06-11 01:45:00,FX:EURGBP,0.84659,0.84664,0.84653,0.84659,619.0
2024-06-11 01:50:00,FX:EURGBP,0.84659,0.84664,0.8465,0.8466,724.0
2024-06-11 01:55:00,FX:EURGBP,0.8466,0.8466899999999999,0.84649,0.84655,815.0
2024-06-11 02:00:00,FX:EURGBP,0.84655,0.84664,0.84648,0.84651,1174.0
2024-06-11 02:05:00,FX:EURGBP,0.84651,0.84676,0.84651,0.84666,1026.0
2024-06-11 02:10:00,FX:EURGBP,0.84666,0.84666,0.84639,0.8464,809.0
2024-06-11 02:15:00,FX:EURGBP,0.8464,0.84642,0.84619,0.84624,673.0
2024-06-11 02:20:00,FX:EURGBP,0.84624,0.84641,0.84622,0.8464,641.0
2024-06-11 02:25:00,FX:EURGBP,0.8464,0.84646,0.84632,0.84633,790.0
2024-06-11 02:30:00,FX:EURGBP,0.84633,0.84637,0.84626,0.84633,604.0
2024-06-11 02:35:00,FX:EURGBP,0.84633,0.84645,0.84627,0.84643,585.0
2024-06-11 02:40:00,FX:EURGBP,0.84643,0.84656,0.84643,0.84646,466.0
2024-06-11 02:45:00,FX:EURGBP,0.84646,0.84668,0.84644,0.84655,494.0
2024-06-11 02:50:00,FX:EURGBP,0.84655,0.84663,0.84647,0.84651,836.0
2024-06-11 02:55:00,FX:EURGBP,0.84651,0.84651,0.84593,0.84605,926.0
2024-06-11 03:00:00,FX:EURGBP,0.84605,0.84614,0.84586,0.8460799999999999,923.0
2024-06-11 03:05:00,FX:EURGBP,0.8460799999999999,0.84609,0.84592,0.84597,895.0
2024-06-11 03:10:00,FX:EURGBP,0.84597,0.84604,0.84582,0.84587,732.0
2024-06-11 03:15:00,FX:EURGBP,0.84587,0.84588,0.84557,0.84564,628.0
2024-06-11 03:20:00,FX:EURGBP,0.84564,0.84581,0.84559,0.84563,647.0
2024-06-11 03:25:00,FX:EURGBP,0.84563,0.8456899999999999,0.84528,0.8452999999999999,801.0
2024-06-11 03:30:00,FX:EURGBP,0.8452999999999999,0.84539,0.84528,0.84531,570.0
2024-06-11 03:35:00,FX:EURGBP,0.84531,0.8454699999999999,0.8452999999999999,0.84538,924.0
2024-06-11 03:40:00,FX:EURGBP,0.84538,0.84539,0.84509,0.8451299999999999,675.0
2024-06-11 03:45:00,FX:EURGBP,0.8451299999999999,0.84517,0.8447,0.8447399999999999,948.0
2024-06-11 03:50:00,FX:EURGBP,0.8447399999999999,0.8447399999999999,0.84445,0.84458,1076.0
2024-06-11 03:55:00,FX:EURGBP,0.84458,0.84464,0.8444,0.84445,1043.0
2024-06-11 04:00:00,FX:EURGBP,0.84445,0.84445,0.8441,0.84415,1297.0
2024-06-11 04:05:00,FX:EURGBP,0.84415,0.84437,0.84406,0.8443499999999999,966.0
2024-06-11 04:10:00,FX:EURGBP,0.8443499999999999,0.84458,0.8443499999999999,0.84456,704.0
2024-06-11 04:15:00,FX:EURGBP,0.84456,0.84467,0.84454,0.84457,568.0
2024-06-11 04:20:00,FX:EURGBP,0.84457,0.84457,0.84432,0.8445199999999999,810.0
2024-06-11 04:25:00,FX:EURGBP,0.8445199999999999,0.84458,0.84412,0.84415,981.0
2024-06-11 04:30:00,FX:EURGBP,0.84415,0.84434,0.8440799999999999,0.84425,1288.0
2024-06-11 04:35:00,FX:EURGBP,0.84425,0.84434,0.84411,0.84416,835.0
2024-06-11 04:40:00,FX:EURGBP,0.84416,0.84443,0.84405,0.84443,841.0
2024-06-11 04:45:00,FX:EURGBP,0.84443,0.84448,0.8442999999999999,0.84437,782.0
2024-06-11 04:50:00,FX:EURGBP,0.84437,0.8445199999999999,0.84425,0.84446,771.0
2024-06-11 04:55:00,FX:EURGBP,0.84446,0.84449,0.84419,0.84425,843.0
2024-06-11 05:00:00,FX:EURGBP,0.84425,0.84433,0.84409,0.84429,1057.0
2024-06-11 05:05:00,FX:EURGBP,0.84429,0.84432,0.84361,0.84366,1264.0
2024-06-11 05:10:00,FX:EURGBP,0.84366,0.84368,0.84336,0.84343,925.0
2024-06-11 05:15:00,FX:EURGBP,0.84343,0.8434699999999999,0.84329,0.84331,909.0
2024-06-11 05:20:00,FX:EURGBP,0.84331,0.84336,0.84316,0.84334,827.0
2024-06-11 05:25:00,FX:EURGBP,0.84334,0.84334,0.8429099999999999,0.84295,834.0
2024-06-11 05:30:00,FX:EURGBP,0.84295,0.84301,0.84284,0.8429099999999999,703.0
2024-06-11 05:35:00,FX:EURGBP,0.8429099999999999,0.84302,0.84285,0.84293,646.0
2024-06-11 05:40:00,FX:EURGBP,0.84293,0.84302,0.84272,0.84277,903.0
2024-06-11 05:45:00,FX:EURGBP,0.84277,0.84279,0.84263,0.84268,780.0
2024-06-11 05:50:00,FX:EURGBP,0.84268,0.84294,0.84268,0.84285,790.0
2024-06-11 05:55:00,FX:EURGBP,0.84285,0.84292,0.8426,0.8429,949.0
2024-06-11 06:00:00,FX:EURGBP,0.8429,0.84296,0.84277,0.84289,875.0
2024-06-11 06:05:00,FX:EURGBP,0.84289,0.84295,0.84277,0.84284,696.0
2024-06-11 06:10:00,FX:EURGBP,0.84284,0.84298,0.84241,0.84245,1058.0
2024-06-11 06:15:00,FX:EURGBP,0.84245,0.8425,0.84215,0.84216,891.0
2024-06-11 06:20:00,FX:EURGBP,0.84216,0.84231,0.8421,0.84227,747.0
2024-06-11 06:25:00,FX:EURGBP,0.84227,0.8424699999999999,0.84221,0.84243,868.0
2024-06-11 06:30:00,FX:EURGBP,0.84243,0.8424699999999999,0.84221,0.84226,802.0
2024-06-11 06:35:00,FX:EURGBP,0.84226,0.84227,0.84216,0.84222,751.0
2024-06-11 06:40:00,FX:EURGBP,0.84222,0.84241,0.84222,0.84238,782.0
2024-06-11 06:45:00,FX:EURGBP,0.84238,0.84246,0.84231,0.84231,956.0
2024-06-11 06:50:00,FX:EURGBP,0.84231,0.84236,0.84192,0.84192,937.0
2024-06-11 06:55:00,FX:EURGBP,0.84192,0.84228,0.84189,0.8422499999999999,759.0
2024-06-11 07:00:00,FX:EURGBP,0.8422499999999999,0.84233,0.842,0.84214,980.0
2024-06-11 07:05:00,FX:EURGBP,0.84214,0.84214,0.8419,0.84196,837.0
2024-06-11 07:10:00,FX:EURGBP,0.84196,0.8422499999999999,0.84189,0.84223,734.0
2024-06-11 07:15:00,FX:EURGBP,0.84223,0.84244,0.84222,0.84239,743.0
2024-06-11 07:20:00,FX:EURGBP,0.84239,0.84248,0.84237,0.84241,518.0
2024-06-11 07:25:00,FX:EURGBP,0.84241,0.84241,0.84224,0.84229,764.0
2024-06-11 07:30:00,FX:EURGBP,0.84229,0.84231,0.84216,0.84224,701.0
2024-06-11 07:35:00,FX:EURGBP,0.84224,0.84237,0.84219,0.84229,744.0
2024-06-11 07:40:00,FX:EURGBP,0.84229,0.84238,0.84217,0.84221,671.0
2024-06-11 07:45:00,FX:EURGBP,0.84221,0.84228,0.84217,0.84218,573.0
2024-06-11 07:50:00,FX:EURGBP,0.84218,0.84223,0.84212,0.84218,584.0
2024-06-11 07:55:00,FX:EURGBP,0.84218,0.84234,0.84212,0.8421299999999999,714.0
2024-06-11 08:00:00,FX:EURGBP,0.8421299999999999,0.84233,0.84209,0.84228,879.0
2024-06-11 08:05:00,FX:EURGBP,0.84228,0.84254,0.84218,0.84227,780.0
2024-06-11 08:10:00,FX:EURGBP,0.84227,0.84228,0.84178,0.84181,822.0
2024-06-11 08:15:00,FX:EURGBP,0.84181,0.84242,0.8418,0.8424,922.0
2024-06-11 08:20:00,FX:EURGBP,0.8424,0.8424,0.84217,0.8422999999999999,873.0
2024-06-11 08:25:00,FX:EURGBP,0.8422999999999999,0.8424,0.84217,0.8422,915.0
2024-06-11 08:30:00,FX:EURGBP,0.8422,0.8426,0.84219,0.84258,750.0
2024-06-11 08:35:00,FX:EURGBP,0.84258,0.8428,0.84254,0.84266,678.0
2024-06-11 08:40:00,FX:EURGBP,0.84266,0.84281,0.84263,0.84276,971.0
2024-06-11 08:45:00,FX:EURGBP,0.84276,0.84298,0.84265,0.84296,908.0
2024-06-11 08:50:00,FX:EURGBP,0.84296,0.84351,0.8429,0.84348,1057.0
2024-06-11 08:55:00,FX:EURGBP,0.84348,0.84364,0.84341,0.84351,990.0
2024-06-11 09:00:00,FX:EURGBP,0.84351,0.84377,0.8435,0.8437399999999999,918.0
2024-06-11 09:05:00,FX:EURGBP,0.8437399999999999,0.84379,0.84333,0.84353,1018.0
2024-06-11 09:10:00,FX:EURGBP,0.84353,0.84357,0.84338,0.8434699999999999,1107.0
2024-06-11 09:15:00,FX:EURGBP,0.8434699999999999,0.84361,0.84333,0.84341,893.0
2024-06-11 09:20:00,FX:EURGBP,0.84341,0.84353,0.84338,0.8434,581.0
2024-06-11 09:25:00,FX:EURGBP,0.8434,0.84348,0.84328,0.84339,752.0
2024-06-11 09:30:00,FX:EURGBP,0.84339,0.84344,0.84335,0.8434,499.0
2024-06-11 09:35:00,FX:EURGBP,0.8434,0.84344,0.84333,0.84338,460.0
2024-06-11 09:40:00,FX:EURGBP,0.84338,0.84341,0.84332,0.84335,571.0
2024-06-11 09:45:00,FX:EURGBP,0.84335,0.84338,0.84301,0.84322,630.0
2024-06-11 09:50:00,FX:EURGBP,0.84322,0.84356,0.84312,0.84351,878.0
2024-06-11 09:55:00,FX:EURGBP,0.84351,0.84359,0.84339,0.8434699999999999,981.0
2024-06-11 10:00:00,FX:EURGBP,0.8434699999999999,0.84355,0.8432999999999999,0.84334,1062.0
2024-06-11 10:05:00,FX:EURGBP,0.84334,0.84348,0.8432999999999999,0.84337,856.0
2024-06-11 10:10:00,FX:EURGBP,0.84337,0.8434,0.84312,0.84318,506.0
2024-06-11 10:15:00,FX:EURGBP,0.84318,0.8432999999999999,0.8431299999999999,0.8432,526.0
2024-06-11 10:20:00,FX:EURGBP,0.8432,0.84333,0.84315,0.84321,544.0
2024-06-11 10:25:00,FX:EURGBP,0.84321,0.8432999999999999,0.84309,0.84328,548.0
2024-06-11 10:30:00,FX:EURGBP,0.84328,0.84333,0.84324,0.8432999999999999,589.0
2024-06-11 10:35:00,FX:EURGBP,0.8432999999999999,0.84332,0.84319,0.84326,564.0
2024-06-11 10:40:00,FX:EURGBP,0.84326,0.84343,0.8432,0.84343,476.0
2024-06-11 10:45:00,FX:EURGBP,0.84343,0.84355,0.84327,0.84343,557.0
2024-06-11 10:50:00,FX:EURGBP,0.84343,0.8435199999999999,0.8434,0.84351,643.0
2024-06-11 10:55:00,FX:EURGBP,0.84351,0.84368,0.84348,0.84361,630.0
2024-06-11 11:00:00,FX:EURGBP,0.84361,0.84379,0.8436,0.84377,486.0
2024-06-11 11:05:00,FX:EURGBP,0.84377,0.84394,0.84375,0.84393,455.0
2024-06-11 11:10:00,FX:EURGBP,0.84393,0.84394,0.84376,0.8438,397.0
2024-06-11 11:15:00,FX:EURGBP,0.8438,0.8439,0.84376,0.84387,433.0
2024-06-11 11:20:00,FX:EURGBP,0.84387,0.84406,0.84384,0.84405,468.0
2024-06-11 11:25:00,FX:EURGBP,0.84405,0.84405,0.84395,0.84396,180.0
2024-06-11 11:30:00,FX:EURGBP,0.84396,0.84398,0.8439099999999999,0.84393,219.0
2024-06-11 11:35:00,FX:EURGBP,0.84393,0.84396,0.84362,0.84365,364.0
2024-06-11 11:40:00,FX:EURGBP,0.84365,0.84367,0.84359,0.84364,312.0
2024-06-11 11:45:00,FX:EURGBP,0.84364,0.84364,0.84355,0.8436,217.0
2024-06-11 11:50:00,FX:EURGBP,0.8436,0.84362,0.84344,0.8435,227.0
2024-06-11 11:55:00,FX:EURGBP,0.8435,0.84356,0.84348,0.84353,249.0
2024-06-11 12:00:00,FX:EURGBP,0.84353,0.84364,0.84344,0.84353,862.0
2024-06-11 12:05:00,FX:EURGBP,0.84353,0.84354,0.84346,0.84348,496.0
2024-06-11 12:10:00,FX:EURGBP,0.84348,0.8435,0.84345,0.8434699999999999,346.0
2024-06-11 12:15:00,FX:EURGBP,0.8434699999999999,0.84358,0.8434699999999999,0.84355,328.0
2024-06-11 12:20:00,FX:EURGBP,0.84355,0.84362,0.84349,0.84358,220.0
2024-06-11 12:25:00,FX:EURGBP,0.84358,0.84364,0.84353,0.8436,280.0
2024-06-11 12:30:00,FX:EURGBP,0.8436,0.8437,0.84356,0.8437,479.0
2024-06-11 12:35:00,FX:EURGBP,0.8437,0.84377,0.84367,0.84377,320.0
2024-06-11 12:40:00,FX:EURGBP,0.84377,0.84383,0.84375,0.84377,271.0
2024-06-11 12:45:00,FX:EURGBP,0.84377,0.8439,0.84377,0.84384,395.0
2024-06-11 12:50:00,FX:EURGBP,0.84384,0.84384,0.84365,0.8437,409.0
2024-06-11 12:55:00,FX:EURGBP,0.8437,0.84375,0.84366,0.84371,285.0
2024-06-11 13:00:00,FX:EURGBP,0.84371,0.84372,0.84355,0.84357,287.0
2024-06-11 13:05:00,FX:EURGBP,0.84357,0.84363,0.8435199999999999,0.84356,227.0
2024-06-11 13:10:00,FX:EURGBP,0.84356,0.84359,0.8435199999999999,0.84353,276.0
2024-06-11 13:15:00,FX:EURGBP,0.84353,0.84357,0.8434699999999999,0.84349,210.0
2024-06-11 13:20:00,FX:EURGBP,0.84349,0.84349,0.84332,0.84334,229.0
2024-06-11 13:25:00,FX:EURGBP,0.84334,0.84339,0.8432999999999999,0.8432999999999999,145.0
2024-06-11 13:30:00,FX:EURGBP,0.8432999999999999,0.84331,0.8432,0.84326,365.0
2024-06-11 13:35:00,FX:EURGBP,0.84326,0.84327,0.84314,0.84316,383.0
2024-06-11 13:40:00,FX:EURGBP,0.84316,0.84316,0.84307,0.8431299999999999,454.0
2024-06-11 13:45:00,FX:EURGBP,0.8431299999999999,0.84316,0.84309,0.8431,268.0
2024-06-11 13:50:00,FX:EURGBP,0.8431,0.8431,0.84298,0.84299,301.0
2024-06-11 13:55:00,FX:EURGBP,0.84299,0.843,0.84288,0.84289,465.0
2024-06-11 14:00:00,FX:EURGBP,0.84289,0.84299,0.84281,0.84298,448.0
2024-06-11 14:05:00,FX:EURGBP,0.84298,0.843,0.84293,0.84293,186.0
2024-06-11 14:10:00,FX:EURGBP,0.84293,0.84293,0.84285,0.8429,268.0
2024-06-11 14:15:00,FX:EURGBP,0.8429,0.84299,0.8429,0.84297,206.0
2024-06-11 14:20:00,FX:EURGBP,0.84297,0.843,0.84293,0.84299,225.0
2024-06-11 14:25:00,FX:EURGBP,0.84299,0.84305,0.84296,0.84301,191.0
2024-06-11 14:30:00,FX:EURGBP,0.84301,0.84304,0.84292,0.84292,118.0
2024-06-11 14:35:00,FX:EURGBP,0.84292,0.843,0.84292,0.843,169.0
2024-06-11 14:40:00,FX:EURGBP,0.843,0.84311,0.84299,0.8431,212.0
2024-06-11 14:45:00,FX:EURGBP,0.8431,0.8431,0.84298,0.84307,273.0
2024-06-11 14:50:00,FX:EURGBP,0.84307,0.84318,0.84307,0.8431,275.0
2024-06-11 14:55:00,FX:EURGBP,0.8431,0.84315,0.8429099999999999,0.8429099999999999,414.0
2024-06-11 15:00:00,FX:EURGBP,0.8429099999999999,0.8431,0.8429099999999999,0.84309,226.0
2024-06-11 15:05:00,FX:EURGBP,0.84309,0.8431,0.84302,0.84302,103.0
2024-06-11 15:10:00,FX:EURGBP,0.84302,0.84307,0.84302,0.84303,57.0
2024-06-11 15:15:00,FX:EURGBP,0.84303,0.8430799999999999,0.84301,0.84306,57.0
2024-06-11 15:20:00,FX:EURGBP,0.84306,0.8431299999999999,0.84306,0.84311,77.0
2024-06-11 15:25:00,FX:EURGBP,0.84311,0.84312,0.84305,0.8430799999999999,118.0
2024-06-11 15:30:00,FX:EURGBP,0.8430799999999999,0.84318,0.84307,0.84316,102.0
2024-06-11 15:35:00,FX:EURGBP,0.84316,0.84317,0.84312,0.84314,122.0
2024-06-11 15:40:00,FX:EURGBP,0.84314,0.84314,0.84306,0.84307,115.0
2024-06-11 15:45:00,FX:EURGBP,0.84307,0.84316,0.84307,0.84311,83.0
2024-06-11 15:50:00,FX:EURGBP,0.84311,0.84319,0.84309,0.84314,173.0
2024-06-11 15:55:00,FX:EURGBP,0.84314,0.84314,0.84295,0.84296,223.0
2024-06-11 16:00:00,FX:EURGBP,0.84296,0.84296,0.84205,0.84245,16.0
2024-06-11 16:05:00,FX:EURGBP,0.84245,0.84314,0.84245,0.84314,167.0
2024-06-11 16:10:00,FX:EURGBP,0.84314,0.84318,0.84255,0.84283,263.0
2024-06-11 16:15:00,FX:EURGBP,0.84283,0.84297,0.84279,0.84295,147.0
2024-06-11 16:20:00,FX:EURGBP,0.84295,0.84301,0.84285,0.84287,160.0
2024-06-11 16:25:00,FX:EURGBP,0.84287,0.84298,0.84265,0.8429099999999999,145.0
2024-06-11 16:30:00,FX:EURGBP,0.8429099999999999,0.84302,0.84264,0.84301,110.0
2024-06-11 16:35:00,FX:EURGBP,0.84301,0.84311,0.84263,0.84289,213.0
2024-06-11 16:40:00,FX:EURGBP,0.84289,0.84306,0.84285,0.84303,106.0
2024-06-11 16:45:00,FX:EURGBP,0.84303,0.84304,0.84283,0.84301,108.0
2024-06-11 16:50:00,FX:EURGBP,0.84301,0.84307,0.84298,0.84304,85.0
2024-06-11 16:55:00,FX:EURGBP,0.84304,0.84305,0.84299,0.84301,236.0
2024-06-11 17:00:00,FX:EURGBP,0.84301,0.84314,0.84284,0.84312,285.0
2024-06-11 17:05:00,FX:EURGBP,0.84312,0.8431299999999999,0.84307,0.84311,102.0
2024-06-11 17:10:00,FX:EURGBP,0.84311,0.84314,0.8431,0.84312,64.0
2024-06-11 17:15:00,FX:EURGBP,0.84312,0.8431299999999999,0.84311,0.84311,43.0
2024-06-11 17:20:00,FX:EURGBP,0.84311,0.8431299999999999,0.8431,0.84311,46.0
2024-06-11 17:25:00,FX:EURGBP,0.84311,0.84314,0.84311,0.8431299999999999,49.0
2024-06-11 17:30:00,FX:EURGBP,0.8431299999999999,0.84316,0.84312,0.84315,32.0
2024-06-11 17:35:00,FX:EURGBP,0.84315,0.84315,0.84312,0.84312,22.0
2024-06-11 17:40:00,FX:EURGBP,0.84312,0.8431299999999999,0.84312,0.84312,31.0
2024-06-11 17:45:00,FX:EURGBP,0.84312,0.84312,0.8431,0.84312,47.0
2024-06-11 17:50:00,FX:EURGBP,0.84312,0.84316,0.8431,0.84316,69.0
2024-06-11 17:55:00,FX:EURGBP,0.84316,0.84316,0.84312,0.84312,20.0
2024-06-11 18:00:00,FX:EURGBP,0.84312,0.84316,0.84309,0.84312,138.0
2024-06-11 18:05:00,FX:EURGBP,0.84312,0.8431299999999999,0.8431,0.84312,136.0
2024-06-11 18:10:00,FX:EURGBP,0.84312,0.84318,0.84311,0.84314,125.0
2024-06-11 18:15:00,FX:EURGBP,0.84314,0.84319,0.8431299999999999,0.84314,61.0
2024-06-11 18:20:00,FX:EURGBP,0.84314,0.84314,0.84311,0.84312,78.0
2024-06-11 18:25:00,FX:EURGBP,0.84312,0.84314,0.8430799999999999,0.84309,104.0
2024-06-11 18:30:00,FX:EURGBP,0.84309,0.84309,0.84305,0.84307,111.0
2024-06-11 18:35:00,FX:EURGBP,0.84307,0.84309,0.84305,0.8430799999999999,62.0
2024-06-11 18:40:00,FX:EURGBP,0.8430799999999999,0.84309,0.84304,0.84305,85.0
2024-06-11 18:45:00,FX:EURGBP,0.84305,0.84307,0.843,0.84304,225.0
2024-06-11 18:50:00,FX:EURGBP,0.84304,0.84305,0.843,0.84301,325.0
2024-06-11 18:55:00,FX:EURGBP,0.84301,0.84305,0.84301,0.84304,210.0
2024-06-11 19:00:00,FX:EURGBP,0.84304,0.84307,0.84297,0.843,397.0
2024-06-11 19:05:00,FX:EURGBP,0.843,0.84302,0.84296,0.84302,328.0
2024-06-11 19:10:00,FX:EURGBP,0.84302,0.84304,0.84299,0.84303,222.0
2024-06-11 19:15:00,FX:EURGBP,0.84303,0.84304,0.84299,0.84299,170.0
2024-06-11 19:20:00,FX:EURGBP,0.84299,0.84302,0.84297,0.843,137.0
2024-06-11 19:25:00,FX:EURGBP,0.843,0.84302,0.84297,0.84297,256.0
2024-06-11 19:30:00,FX:EURGBP,0.84297,0.84303,0.84296,0.84302,161.0
2024-06-11 19:35:00,FX:EURGBP,0.84302,0.84303,0.84299,0.84302,56.0
2024-06-11 19:40:00,FX:EURGBP,0.84302,0.84304,0.843,0.84303,185.0
2024-06-11 19:45:00,FX:EURGBP,0.84303,0.8430799999999999,0.84301,0.84304,199.0
2024-06-11 19:50:00,FX:EURGBP,0.84304,0.8430799999999999,0.84299,0.84307,290.0
2024-06-11 19:55:00,FX:EURGBP,0.84307,0.8431299999999999,0.84307,0.84311,362.0
2024-06-11 20:00:00,FX:EURGBP,0.84311,0.84312,0.84303,0.84303,304.0
2024-06-11 20:05:00,FX:EURGBP,0.84303,0.84303,0.84297,0.84301,380.0
2024-06-11 20:10:00,FX:EURGBP,0.84301,0.84305,0.84298,0.84305,325.0
2024-06-11 20:15:00,FX:EURGBP,0.84305,0.84305,0.84299,0.84303,392.0
2024-06-11 20:20:00,FX:EURGBP,0.84303,0.84307,0.843,0.84303,312.0
2024-06-11 20:25:00,FX:EURGBP,0.84303,0.8430799999999999,0.843,0.84307,237.0
2024-06-11 20:30:00,FX:EURGBP,0.84307,0.8430799999999999,0.84303,0.84307,239.0
2024-06-11 20:35:00,FX:EURGBP,0.84307,0.84311,0.84303,0.84307,373.0
2024-06-11 20:40:00,FX:EURGBP,0.84307,0.84309,0.84305,0.84306,174.0
2024-06-11 20:45:00,FX:EURGBP,0.84306,0.84307,0.84301,0.84301,232.0
2024-06-11 20:50:00,FX:EURGBP,0.84301,0.8430799999999999,0.84301,0.84304,318.0
2024-06-11 20:55:00,FX:EURGBP,0.84304,0.8430799999999999,0.84302,0.84303,307.0
2024-06-11 21:00:00,FX:EURGBP,0.84303,0.8430799999999999,0.84303,0.8430799999999999,194.0
2024-06-11 21:05:00,FX:EURGBP,0.8430799999999999,0.8430799999999999,0.84305,0.8430799999999999,177.0
2024-06-11 21:10:00,FX:EURGBP,0.8430799999999999,0.8430799999999999,0.84304,0.84306,96.0
2024-06-11 21:15:00,FX:EURGBP,0.84306,0.8430799999999999,0.84303,0.84307,87.0
2024-06-11 21:20:00,FX:EURGBP,0.84307,0.8430799999999999,0.84301,0.84306,203.0
2024-06-11 21:25:00,FX:EURGBP,0.84306,0.8430799999999999,0.84301,0.84306,224.0
2024-06-11 21:30:00,FX:EURGBP,0.84306,0.84312,0.84303,0.84311,171.0
2024-06-11 21:35:00,FX:EURGBP,0.84311,0.84311,0.84305,0.84309,326.0
2024-06-11 21:40:00,FX:EURGBP,0.84309,0.84311,0.84306,0.84307,260.0
2024-06-11 21:45:00,FX:EURGBP,0.84307,0.8430799999999999,0.843,0.84306,300.0
2024-06-11 21:50:00,FX:EURGBP,0.84306,0.84306,0.84302,0.84304,294.0
2024-06-11 21:55:00,FX:EURGBP,0.84304,0.84306,0.84301,0.84302,190.0
2024-06-11 22:00:00,FX:EURGBP,0.84302,0.84307,0.84301,0.84301,207.0
2024-06-11 22:05:00,FX:EURGBP,0.84301,0.84304,0.84299,0.84299,75.0
2024-06-11 22:10:00,FX:EURGBP,0.84299,0.84301,0.84296,0.84297,161.0
2024-06-11 22:15:00,FX:EURGBP,0.84297,0.84301,0.84297,0.843,157.0
2024-06-11 22:20:00,FX:EURGBP,0.843,0.84301,0.84298,0.843,107.0
2024-06-11 22:25:00,FX:EURGBP,0.843,0.84301,0.84296,0.84296,129.0
2024-06-11 22:30:00,FX:EURGBP,0.84296,0.84297,0.84282,0.8428599999999999,189.0
2024-06-11 22:35:00,FX:EURGBP,0.8428599999999999,0.84288,0.84284,0.84288,247.0
2024-06-11 22:40:00,FX:EURGBP,0.84288,0.8429099999999999,0.84282,0.84289,255.0
2024-06-11 22:45:00,FX:EURGBP,0.84289,0.8429099999999999,0.84282,0.84285,211.0
2024-06-11 22:50:00,FX:EURGBP,0.84285,0.8429099999999999,0.84282,0.8428599999999999,229.0
2024-06-11 22:55:00,FX:EURGBP,0.8428599999999999,0.84287,0.84282,0.84283,213.0
2024-06-11 23:00:00,FX:EURGBP,0.84283,0.8429,0.84282,0.84287,103.0
2024-06-11 23:05:00,FX:EURGBP,0.84287,0.8429099999999999,0.84287,0.84288,308.0
2024-06-11 23:10:00,FX:EURGBP,0.84288,0.8429099999999999,0.84288,0.84288,131.0
2024-06-11 23:15:00,FX:EURGBP,0.84288,0.8429099999999999,0.84283,0.84283,158.0
2024-06-11 23:20:00,FX:EURGBP,0.84283,0.84284,0.84281,0.84283,177.0
2024-06-11 23:25:00,FX:EURGBP,0.84283,0.84284,0.84281,0.84282,42.0
2024-06-11 23:30:00,FX:EURGBP,0.84282,0.84285,0.8428,0.84284,171.0
2024-06-11 23:35:00,FX:EURGBP,0.84284,0.8428599999999999,0.84281,0.84282,191.0
2024-06-11 23:40:00,FX:EURGBP,0.84282,0.84283,0.8428,0.84281,164.0
2024-06-11 23:45:00,FX:EURGBP,0.84281,0.84282,0.84281,0.84282,113.0
2024-06-11 23:50:00,FX:EURGBP,0.84282,0.84284,0.84281,0.84281,77.0
2024-06-11 23:55:00,FX:EURGBP,0.84281,0.84285,0.8428,0.8428,39.0
2024-06-12 00:00:00,FX:EURGBP,0.8428,0.84287,0.84279,0.84287,202.0
2024-06-12 00:05:00,FX:EURGBP,0.84287,0.8429,0.84287,0.84287,94.0
2024-06-12 00:10:00,FX:EURGBP,0.84287,0.8429099999999999,0.8428599999999999,0.8429099999999999,61.0
2024-06-12 00:15:00,FX:EURGBP,0.8429099999999999,0.84292,0.8428599999999999,0.84292,178.0
2024-06-12 00:20:00,FX:EURGBP,0.84292,0.84292,0.84284,0.84284,215.0
2024-06-12 00:25:00,FX:EURGBP,0.84284,0.84288,0.84284,0.84285,189.0
2024-06-12 00:30:00,FX:EURGBP,0.84285,0.84287,0.8428,0.84283,196.0
2024-06-12 00:35:00,FX:EURGBP,0.84283,0.8429099999999999,0.84283,0.84288,209.0
2024-06-12 00:40:00,FX:EURGBP,0.84288,0.84292,0.8428599999999999,0.8429099999999999,218.0
2024-06-12 00:45:00,FX:EURGBP,0.8429099999999999,0.84297,0.84288,0.84296,225.0
2024-06-12 00:50:00,FX:EURGBP,0.84296,0.84305,0.84294,0.84301,369.0
2024-06-12 00:55:00,FX:EURGBP,0.84301,0.8431,0.84277,0.84281,560.0
2024-06-12 01:00:00,FX:EURGBP,0.84281,0.84316,0.84263,0.84279,1011.0
2024-06-12 01:05:00,FX:EURGBP,0.84279,0.8429099999999999,0.84278,0.84285,580.0
2024-06-12 01:10:00,FX:EURGBP,0.84285,0.84296,0.84284,0.8428599999999999,530.0
2024-06-12 01:15:00,FX:EURGBP,0.8428599999999999,0.8429,0.84277,0.84288,459.0
2024-06-12 01:20:00,FX:EURGBP,0.84288,0.84301,0.84287,0.84298,456.0
2024-06-12 01:25:00,FX:EURGBP,0.84298,0.84299,0.84287,0.84293,397.0
2024-06-12 01:30:00,FX:EURGBP,0.84293,0.84312,0.8429,0.84306,595.0
2024-06-12 01:35:00,FX:EURGBP,0.84306,0.84317,0.84305,0.84316,256.0
2024-06-12 01:40:00,FX:EURGBP,0.84316,0.8432499999999999,0.84315,0.84322,496.0
2024-06-12 01:45:00,FX:EURGBP,0.84322,0.84334,0.84318,0.8432499999999999,645.0
2024-06-12 01:50:00,FX:EURGBP,0.8432499999999999,0.84326,0.84312,0.84312,604.0
2024-06-12 01:55:00,FX:EURGBP,0.84312,0.84334,0.84307,0.84322,589.0
2024-06-12 02:00:00,FX:EURGBP,0.84322,0.84334,0.84311,0.84312,748.0
2024-06-12 02:05:00,FX:EURGBP,0.84312,0.84314,0.8429,0.84301,499.0
2024-06-12 02:10:00,FX:EURGBP,0.84301,0.84309,0.84283,0.84283,501.0
2024-06-12 02:15:00,FX:EURGBP,0.84283,0.84287,0.84263,0.8428599999999999,741.0
2024-06-12 02:20:00,FX:EURGBP,0.8428599999999999,0.84294,0.84267,0.8427,399.0
2024-06-12 02:25:00,FX:EURGBP,0.8427,0.8431,0.8427,0.8431,374.0
2024-06-12 02:30:00,FX:EURGBP,0.8431,0.8431299999999999,0.8429,0.84293,532.0
2024-06-12 02:35:00,FX:EURGBP,0.84293,0.84306,0.8428599999999999,0.84305,642.0
2024-06-12 02:40:00,FX:EURGBP,0.84305,0.84306,0.84277,0.84284,528.0
2024-06-12 02:45:00,FX:EURGBP,0.84284,0.8429099999999999,0.84277,0.84281,424.0
2024-06-12 02:50:00,FX:EURGBP,0.84281,0.84285,0.84272,0.84272,397.0
2024-06-12 02:55:00,FX:EURGBP,0.84272,0.84272,0.84248,0.84268,497.0
2024-06-12 03:00:00,FX:EURGBP,0.84268,0.84294,0.84263,0.8429099999999999,547.0
2024-06-12 03:05:00,FX:EURGBP,0.8429099999999999,0.84295,0.84263,0.8427399999999999,729.0
2024-06-12 03:10:00,FX:EURGBP,0.8427399999999999,0.8429,0.84273,0.84279,481.0
2024-06-12 03:15:00,FX:EURGBP,0.84279,0.84281,0.84267,0.84277,587.0
2024-06-12 03:20:00,FX:EURGBP,0.84277,0.84293,0.84276,0.8429,407.0
2024-06-12 03:25:00,FX:EURGBP,0.8429,0.84306,0.8428599999999999,0.84297,485.0
2024-06-12 03:30:00,FX:EURGBP,0.84297,0.84298,0.84262,0.84275,516.0
2024-06-12 03:35:00,FX:EURGBP,0.84275,0.84283,0.8426899999999999,0.8427,546.0
2024-06-12 03:40:00,FX:EURGBP,0.8427,0.84276,0.84258,0.8426,638.0
2024-06-12 03:45:00,FX:EURGBP,0.8426,0.8427399999999999,0.84258,0.84262,401.0
2024-06-12 03:50:00,FX:EURGBP,0.84262,0.84265,0.8425199999999999,0.84254,705.0
2024-06-12 03:55:00,FX:EURGBP,0.84254,0.84259,0.84235,0.84236,517.0
2024-06-12 04:00:00,FX:EURGBP,0.84236,0.8425,0.84232,0.84248,470.0
2024-06-12 04:05:00,FX:EURGBP,0.84248,0.84284,0.8424699999999999,0.84284,570.0
2024-06-12 04:10:00,FX:EURGBP,0.84284,0.84294,0.8427,0.84281,556.0
2024-06-12 04:15:00,FX:EURGBP,0.84281,0.84288,0.84277,0.84278,540.0
2024-06-12 04:20:00,FX:EURGBP,0.84278,0.84298,0.84272,0.84296,453.0
2024-06-12 04:25:00,FX:EURGBP,0.84296,0.84314,0.8429099999999999,0.84304,563.0
2024-06-12 04:30:00,FX:EURGBP,0.84304,0.84326,0.84302,0.8431299999999999,499.0
2024-06-12 04:35:00,FX:EURGBP,0.8431299999999999,0.84319,0.84303,0.84306,474.0
2024-06-12 04:40:00,FX:EURGBP,0.84306,0.84312,0.84296,0.84296,414.0
2024-06-12 04:45:00,FX:EURGBP,0.84296,0.84301,0.84288,0.84298,414.0
2024-06-12 04:50:00,FX:EURGBP,0.84298,0.84307,0.84288,0.84292,443.0
2024-06-12 04:55:00,FX:EURGBP,0.84292,0.84294,0.84276,0.8429099999999999,401.0
2024-06-12 05:00:00,FX:EURGBP,0.8429099999999999,0.84294,0.84281,0.8428599999999999,396.0
2024-06-12 05:05:00,FX:EURGBP,0.8428599999999999,0.84297,0.84282,0.84292,398.0
2024-06-12 05:10:00,FX:EURGBP,0.84292,0.84307,0.8429099999999999,0.84301,519.0
2024-06-12 05:15:00,FX:EURGBP,0.84301,0.84303,0.84287,0.84294,385.0
2024-06-12 05:20:00,FX:EURGBP,0.84294,0.84305,0.84292,0.84303,421.0
2024-06-12 05:25:00,FX:EURGBP,0.84303,0.84311,0.84301,0.84306,420.0
2024-06-12 05:30:00,FX:EURGBP,0.84306,0.84316,0.84306,0.8431,303.0
2024-06-12 05:35:00,FX:EURGBP,0.8431,0.84316,0.84307,0.84312,293.0
2024-06-12 05:40:00,FX:EURGBP,0.84312,0.84332,0.84306,0.84328,386.0
2024-06-12 05:45:00,FX:EURGBP,0.84328,0.84335,0.84326,0.84331,226.0
2024-06-12 05:50:00,FX:EURGBP,0.84331,0.84331,0.84318,0.8432499999999999,465.0
2024-06-12 05:55:00,FX:EURGBP,0.8432499999999999,0.84327,0.84298,0.84306,474.0
2024-06-12 06:00:00,FX:EURGBP,0.84306,0.84318,0.84294,0.84295,497.0
2024-06-12 06:05:00,FX:EURGBP,0.84295,0.84314,0.84293,0.8430799999999999,526.0
2024-06-12 06:10:00,FX:EURGBP,0.8430799999999999,0.84311,0.84301,0.84303,588.0
2024-06-12 06:15:00,FX:EURGBP,0.84303,0.8431299999999999,0.843,0.84311,511.0
2024-06-12 06:20:00,FX:EURGBP,0.84311,0.84324,0.8431,0.8432,578.0
2024-06-12 06:25:00,FX:EURGBP,0.8432,0.84343,0.84317,0.84341,666.0
2024-06-12 06:30:00,FX:EURGBP,0.84341,0.84351,0.84338,0.84349,630.0
2024-06-12 06:35:00,FX:EURGBP,0.84349,0.84355,0.84337,0.84338,486.0
2024-06-12 06:40:00,FX:EURGBP,0.84338,0.8435199999999999,0.84336,0.84343,462.0
2024-06-12 06:45:00,FX:EURGBP,0.84343,0.84357,0.84339,0.8435199999999999,546.0
2024-06-12 06:50:00,FX:EURGBP,0.8435199999999999,0.8435199999999999,0.84344,0.8434699999999999,399.0
2024-06-12 06:55:00,FX:EURGBP,0.8434699999999999,0.84371,0.8434699999999999,0.84357,707.0
2024-06-12 07:00:00,FX:EURGBP,0.84357,0.84371,0.84348,0.84361,1256.0
2024-06-12 07:05:00,FX:EURGBP,0.84361,0.84367,0.84353,0.84366,438.0
2024-06-12 07:10:00,FX:EURGBP,0.84366,0.84372,0.84362,0.84367,574.0
2024-06-12 07:15:00,FX:EURGBP,0.84367,0.84381,0.84362,0.8436899999999999,560.0
2024-06-12 07:20:00,FX:EURGBP,0.8436899999999999,0.84371,0.84349,0.8435199999999999,700.0
2024-06-12 07:25:00,FX:EURGBP,0.8435199999999999,0.8436,0.8428,0.84295,636.0
2024-06-12 07:30:00,FX:EURGBP,0.84295,0.84417,0.84219,0.8428599999999999,8861.0
2024-06-12 07:35:00,FX:EURGBP,0.8428599999999999,0.84295,0.8426,0.84262,2771.0
2024-06-12 07:40:00,FX:EURGBP,0.84262,0.8429099999999999,0.8426,0.84265,1703.0
2024-06-12 07:45:00,FX:EURGBP,0.84265,0.84265,0.84234,0.84255,1973.0
2024-06-12 07:50:00,FX:EURGBP,0.84255,0.84272,0.84245,0.8427,1877.0
2024-06-12 07:55:00,FX:EURGBP,0.8427,0.84273,0.84219,0.84235,1731.0
2024-06-12 08:00:00,FX:EURGBP,0.84235,0.84235,0.84205,0.84209,1728.0
2024-06-12 08:05:00,FX:EURGBP,0.84209,0.84214,0.84178,0.84192,1487.0
2024-06-12 08:10:00,FX:EURGBP,0.84192,0.84228,0.84192,0.84219,1359.0
2024-06-12 08:15:00,FX:EURGBP,0.84219,0.84246,0.84215,0.84243,989.0
2024-06-12 08:20:00,FX:EURGBP,0.84243,0.84258,0.84237,0.84255,846.0
2024-06-12 08:25:00,FX:EURGBP,0.84255,0.8428,0.84249,0.8427399999999999,697.0
2024-06-12 08:30:00,FX:EURGBP,0.8427399999999999,0.84281,0.84259,0.84277,1499.0
2024-06-12 08:35:00,FX:EURGBP,0.84277,0.84326,0.8427399999999999,0.84326,1105.0
2024-06-12 08:40:00,FX:EURGBP,0.84326,0.84349,0.84319,0.84341,1328.0
2024-06-12 08:45:00,FX:EURGBP,0.84341,0.84354,0.84322,0.8435,1356.0
2024-06-12 08:50:00,FX:EURGBP,0.8435,0.84412,0.84349,0.84402,1290.0
2024-06-12 08:55:00,FX:EURGBP,0.84402,0.8442999999999999,0.84379,0.84422,1351.0
2024-06-12 09:00:00,FX:EURGBP,0.84422,0.84423,0.84348,0.8435,1550.0
2024-06-12 09:05:00,FX:EURGBP,0.8435,0.84371,0.84336,0.8434,1435.0
2024-06-12 09:10:00,FX:EURGBP,0.8434,0.8435,0.84326,0.84346,1315.0
2024-06-12 09:15:00,FX:EURGBP,0.84346,0.84371,0.84344,0.8436,1030.0
2024-06-12 09:20:00,FX:EURGBP,0.8436,0.84361,0.84343,0.84345,639.0
2024-06-12 09:25:00,FX:EURGBP,0.84345,0.8436899999999999,0.84342,0.84354,854.0
2024-06-12 09:30:00,FX:EURGBP,0.84354,0.84399,0.8435199999999999,0.84389,1161.0
2024-06-12 09:35:00,FX:EURGBP,0.84389,0.84406,0.8437399999999999,0.84399,1115.0
2024-06-12 09:40:00,FX:EURGBP,0.84399,0.84427,0.84392,0.84424,1019.0
2024-06-12 09:45:00,FX:EURGBP,0.84424,0.84464,0.84424,0.84458,1085.0
2024-06-12 09:50:00,FX:EURGBP,0.84458,0.84472,0.84434,0.84468,995.0
2024-06-12 09:55:00,FX:EURGBP,0.84468,0.84493,0.84455,0.84467,1389.0
2024-06-12 10:00:00,FX:EURGBP,0.84467,0.84479,0.84442,0.84446,1086.0
2024-06-12 10:05:00,FX:EURGBP,0.84446,0.84461,0.8444,0.84451,1040.0
2024-06-12 10:10:00,FX:EURGBP,0.84451,0.84485,0.84448,0.84484,775.0
2024-06-12 10:15:00,FX:EURGBP,0.84484,0.84499,0.84482,0.84492,657.0
2024-06-12 10:20:00,FX:EURGBP,0.84492,0.84511,0.84482,0.84509,741.0
2024-06-12 10:25:00,FX:EURGBP,0.84509,0.84517,0.84499,0.84503,641.0
2024-06-12 10:30:00,FX:EURGBP,0.84503,0.84516,0.84484,0.8448599999999999,1018.0
2024-06-12 10:35:00,FX:EURGBP,0.8448599999999999,0.84492,0.84461,0.8446899999999999,1071.0
2024-06-12 10:40:00,FX:EURGBP,0.8446899999999999,0.84487,0.84465,0.84482,539.0
2024-06-12 10:45:00,FX:EURGBP,0.84482,0.84482,0.8446,0.84462,631.0
2024-06-12 10:50:00,FX:EURGBP,0.84462,0.84473,0.84456,0.84462,734.0
2024-06-12 10:55:00,FX:EURGBP,0.84462,0.84463,0.84439,0.84441,608.0
2024-06-12 11:00:00,FX:EURGBP,0.84441,0.8445,0.84439,0.84445,713.0
2024-06-12 11:05:00,FX:EURGBP,0.84445,0.84445,0.84421,0.84423,500.0
2024-06-12 11:10:00,FX:EURGBP,0.84423,0.84425,0.8441299999999999,0.84414,373.0
2024-06-12 11:15:00,FX:EURGBP,0.84414,0.84415,0.84394,0.84395,401.0
2024-06-12 11:20:00,FX:EURGBP,0.84395,0.84406,0.8439,0.84403,517.0
2024-06-12 11:25:00,FX:EURGBP,0.84403,0.84412,0.84401,0.84407,444.0
2024-06-12 11:30:00,FX:EURGBP,0.84407,0.84429,0.84406,0.84429,532.0
2024-06-12 11:35:00,FX:EURGBP,0.84429,0.8444,0.84428,0.84439,553.0
2024-06-12 11:40:00,FX:EURGBP,0.84439,0.8444699999999999,0.84427,0.84443,678.0
2024-06-12 11:45:00,FX:EURGBP,0.84443,0.84446,0.84434,0.84434,490.0
2024-06-12 11:50:00,FX:EURGBP,0.84434,0.84441,0.84426,0.84426,408.0
2024-06-12 11:55:00,FX:EURGBP,0.84426,0.84427,0.8440799999999999,0.84416,601.0
2024-06-12 12:00:00,FX:EURGBP,0.84416,0.84424,0.84409,0.84419,778.0
2024-06-12 12:05:00,FX:EURGBP,0.84419,0.84432,0.84417,0.84425,443.0
2024-06-12 12:10:00,FX:EURGBP,0.84425,0.84425,0.84414,0.84425,593.0
2024-06-12 12:15:00,FX:EURGBP,0.84425,0.84426,0.8441,0.84411,389.0
2024-06-12 12:20:00,FX:EURGBP,0.84411,0.84418,0.84411,0.84416,338.0
2024-06-12 12:25:00,FX:EURGBP,0.84416,0.84426,0.84415,0.84426,225.0
2024-06-12 12:30:00,FX:EURGBP,0.84426,0.84432,0.84422,0.84426,511.0
2024-06-12 12:35:00,FX:EURGBP,0.84426,0.84446,0.84425,0.84437,497.0
2024-06-12 12:40:00,FX:EURGBP,0.84437,0.84442,0.84418,0.84422,590.0
2024-06-12 12:45:00,FX:EURGBP,0.84422,0.84443,0.84418,0.84433,575.0
2024-06-12 12:50:00,FX:EURGBP,0.84433,0.84444,0.84425,0.84426,521.0
2024-06-12 12:55:00,FX:EURGBP,0.84426,0.84444,0.84388,0.84389,542.0
2024-06-12 13:00:00,FX:EURGBP,0.84389,0.84448,0.84332,0.84412,8207.0
2024-06-12 13:05:00,FX:EURGBP,0.84412,0.84443,0.84394,0.84424,2909.0
2024-06-12 13:10:00,FX:EURGBP,0.84424,0.8442999999999999,0.84407,0.84411,1424.0
2024-06-12 13:15:00,FX:EURGBP,0.84411,0.84428,0.84402,0.84428,1950.0
2024-06-12 13:20:00,FX:EURGBP,0.84428,0.84441,0.84422,0.84423,1275.0
2024-06-12 13:25:00,FX:EURGBP,0.84423,0.84443,0.84417,0.84439,1201.0
2024-06-12 13:30:00,FX:EURGBP,0.84439,0.8444,0.84417,0.84422,2240.0
2024-06-12 13:35:00,FX:EURGBP,0.84422,0.84436,0.84415,0.84424,3446.0
2024-06-12 13:40:00,FX:EURGBP,0.84424,0.84434,0.84404,0.84423,2772.0
2024-06-12 13:45:00,FX:EURGBP,0.84423,0.84448,0.84418,0.84442,2589.0
2024-06-12 13:50:00,FX:EURGBP,0.84442,0.84443,0.84418,0.84422,2103.0
2024-06-12 13:55:00,FX:EURGBP,0.84422,0.84427,0.84388,0.8439,1815.0
2024-06-12 14:00:00,FX:EURGBP,0.8439,0.84407,0.84385,0.84403,1047.0
2024-06-12 14:05:00,FX:EURGBP,0.84403,0.84423,0.84403,0.84415,738.0
2024-06-12 14:10:00,FX:EURGBP,0.84415,0.84429,0.84414,0.84423,730.0
2024-06-12 14:15:00,FX:EURGBP,0.84423,0.84437,0.84416,0.84429,708.0
2024-06-12 14:20:00,FX:EURGBP,0.84429,0.84459,0.84429,0.84458,1041.0
2024-06-12 14:25:00,FX:EURGBP,0.84458,0.84467,0.84444,0.84461,1233.0
2024-06-12 14:30:00,FX:EURGBP,0.84461,0.84461,0.84441,0.84451,1213.0
2024-06-12 14:35:00,FX:EURGBP,0.84451,0.84461,0.8444699999999999,0.84456,936.0
2024-06-12 14:40:00,FX:EURGBP,0.84456,0.84464,0.84444,0.8445,996.0
2024-06-12 14:45:00,FX:EURGBP,0.8445,0.84463,0.84445,0.84455,644.0
2024-06-12 14:50:00,FX:EURGBP,0.84455,0.84462,0.84439,0.84444,459.0
2024-06-12 14:55:00,FX:EURGBP,0.84444,0.84445,0.84433,0.84444,374.0
2024-06-12 15:00:00,FX:EURGBP,0.84444,0.84453,0.84439,0.8444699999999999,287.0
2024-06-12 15:05:00,FX:EURGBP,0.8444699999999999,0.84448,0.84437,0.84438,246.0
2024-06-12 15:10:00,FX:EURGBP,0.84438,0.84444,0.84437,0.84443,119.0
2024-06-12 15:15:00,FX:EURGBP,0.84443,0.84453,0.84439,0.84453,184.0
2024-06-12 15:20:00,FX:EURGBP,0.84453,0.84457,0.8445199999999999,0.84453,131.0
2024-06-12 15:25:00,FX:EURGBP,0.84453,0.84454,0.84451,0.84454,95.0
2024-06-12 15:30:00,FX:EURGBP,0.84454,0.84457,0.84453,0.84455,104.0
2024-06-12 15:35:00,FX:EURGBP,0.84455,0.84461,0.84453,0.8446,71.0
2024-06-12 15:40:00,FX:EURGBP,0.8446,0.8447399999999999,0.84459,0.84467,144.0
2024-06-12 15:45:00,FX:EURGBP,0.84467,0.8447,0.84457,0.84462,115.0
2024-06-12 15:50:00,FX:EURGBP,0.84462,0.84467,0.8446,0.84465,99.0
2024-06-12 15:55:00,FX:EURGBP,0.84465,0.8446899999999999,0.84454,0.84454,309.0
2024-06-12 16:00:00,FX:EURGBP,0.84454,0.84454,0.8441299999999999,0.84415,12.0
2024-06-12 16:05:00,FX:EURGBP,0.84415,0.84419,0.84407,0.84414,192.0
2024-06-12 16:10:00,FX:EURGBP,0.84414,0.8443499999999999,0.84405,0.84426,188.0
2024-06-12 16:15:00,FX:EURGBP,0.84426,0.84457,0.84418,0.84457,316.0
2024-06-12 16:20:00,FX:EURGBP,0.84457,0.8446,0.8445,0.84454,206.0
2024-06-12 16:25:00,FX:EURGBP,0.84454,0.84461,0.8445199999999999,0.84453,166.0
2024-06-12 16:30:00,FX:EURGBP,0.84453,0.84465,0.8445199999999999,0.84461,241.0
2024-06-12 16:35:00,FX:EURGBP,0.84461,0.84464,0.84451,0.84459,512.0
2024-06-12 16:40:00,FX:EURGBP,0.84459,0.84461,0.84454,0.84458,125.0
2024-06-12 16:45:00,FX:EURGBP,0.84458,0.84462,0.84454,0.84457,47.0
2024-06-12 16:50:00,FX:EURGBP,0.84457,0.84459,0.84453,0.84456,50.0
2024-06-12 16:55:00,FX:EURGBP,0.84456,0.84463,0.84412,0.84416,195.0
2024-06-12 17:00:00,FX:EURGBP,0.84416,0.84478,0.84412,0.8446899999999999,278.0
2024-06-12 17:05:00,FX:EURGBP,0.8446899999999999,0.84481,0.8446899999999999,0.84477,107.0
2024-06-12 17:10:00,FX:EURGBP,0.84477,0.84488,0.84477,0.84488,75.0
2024-06-12 17:15:00,FX:EURGBP,0.84488,0.8449099999999999,0.84488,0.8449,22.0
2024-06-12 17:20:00,FX:EURGBP,0.8449,0.84499,0.84489,0.84497,118.0
2024-06-12 17:25:00,FX:EURGBP,0.84497,0.84498,0.84492,0.84492,42.0
2024-06-12 17:30:00,FX:EURGBP,0.84492,0.84497,0.8449099999999999,0.84496,174.0
2024-06-12 17:35:00,FX:EURGBP,0.84496,0.8450799999999999,0.84496,0.84507,170.0
2024-06-12 17:40:00,FX:EURGBP,0.84507,0.84509,0.84504,0.84505,57.0
2024-06-12 17:45:00,FX:EURGBP,0.84505,0.84507,0.84503,0.84504,60.0
2024-06-12 17:50:00,FX:EURGBP,0.84504,0.84504,0.84497,0.84498,88.0
2024-06-12 17:55:00,FX:EURGBP,0.84498,0.84501,0.84493,0.84495,146.0
2024-06-12 18:00:00,FX:EURGBP,0.84495,0.845,0.84492,0.84499,126.0
2024-06-12 18:05:00,FX:EURGBP,0.84499,0.8450799999999999,0.84497,0.84507,171.0
2024-06-12 18:10:00,FX:EURGBP,0.84507,0.84511,0.84507,0.84509,245.0
2024-06-12 18:15:00,FX:EURGBP,0.84509,0.84511,0.84505,0.84506,184.0
2024-06-12 18:20:00,FX:EURGBP,0.84506,0.84507,0.845,0.84505,144.0
2024-06-12 18:25:00,FX:EURGBP,0.84505,0.8450799999999999,0.84503,0.84507,175.0
2024-06-12 18:30:00,FX:EURGBP,0.84507,0.84511,0.84504,0.84509,128.0
2024-06-12 18:35:00,FX:EURGBP,0.84509,0.8451,0.84503,0.84509,154.0
2024-06-12 18:40:00,FX:EURGBP,0.84509,0.8451299999999999,0.84507,0.8451,223.0
2024-06-12 18:45:00,FX:EURGBP,0.8451,0.84516,0.84509,0.8451,346.0
2024-06-12 18:50:00,FX:EURGBP,0.8451,0.84512,0.84506,0.84506,178.0
2024-06-12 18:55:00,FX:EURGBP,0.84506,0.84507,0.84497,0.84498,160.0
2024-06-12 19:00:00,FX:EURGBP,0.84498,0.84503,0.84493,0.84497,347.0
2024-06-12 19:05:00,FX:EURGBP,0.84497,0.84505,0.84496,0.84505,281.0
2024-06-12 19:10:00,FX:EURGBP,0.84505,0.84505,0.84499,0.845,264.0
2024-06-12 19:15:00,FX:EURGBP,0.845,0.8451,0.84497,0.84507,264.0
2024-06-12 19:20:00,FX:EURGBP,0.84507,0.84514,0.84505,0.84507,334.0
2024-06-12 19:25:00,FX:EURGBP,0.84507,0.8451299999999999,0.84505,0.84506,269.0
2024-06-12 19:30:00,FX:EURGBP,0.84506,0.84507,0.84502,0.84505,319.0
2024-06-12 19:35:00,FX:EURGBP,0.84505,0.84511,0.84504,0.8451,196.0
2024-06-12 19:40:00,FX:EURGBP,0.8451,0.84512,0.84504,0.8450799999999999,176.0
2024-06-12 19:45:00,FX:EURGBP,0.8450799999999999,0.84512,0.84505,0.8450799999999999,290.0
2024-06-12 19:50:00,FX:EURGBP,0.8450799999999999,0.84511,0.84502,0.84506,356.0
2024-06-12 19:55:00,FX:EURGBP,0.84506,0.8450799999999999,0.84501,0.84506,347.0
2024-06-12 20:00:00,FX:EURGBP,0.84506,0.8451,0.84502,0.84503,391.0
2024-06-12 20:05:00,FX:EURGBP,0.84503,0.8450799999999999,0.84499,0.84507,345.0
2024-06-12 20:10:00,FX:EURGBP,0.84507,0.8451,0.84498,0.84505,474.0
2024-06-12 20:15:00,FX:EURGBP,0.84505,0.8450799999999999,0.84496,0.84499,430.0
2024-06-12 20:20:00,FX:EURGBP,0.84499,0.84504,0.84496,0.84503,227.0
2024-06-12 20:25:00,FX:EURGBP,0.84503,0.84506,0.84499,0.84504,235.0
2024-06-12 20:30:00,FX:EURGBP,0.84504,0.84506,0.8449099999999999,0.84503,526.0
2024-06-12 20:35:00,FX:EURGBP,0.84503,0.84506,0.84494,0.84501,429.0
2024-06-12 20:40:00,FX:EURGBP,0.84501,0.84505,0.84499,0.84504,468.0
2024-06-12 20:45:00,FX:EURGBP,0.84504,0.84507,0.84502,0.84506,268.0
2024-06-12 20:50:00,FX:EURGBP,0.84506,0.84512,0.84506,0.84512,555.0
2024-06-12 20:55:00,FX:EURGBP,0.84512,0.8451299999999999,0.84502,0.84506,533.0
2024-06-12 21:00:00,FX:EURGBP,0.84506,0.84509,0.84502,0.8450799999999999,437.0
2024-06-12 21:05:00,FX:EURGBP,0.8450799999999999,0.84512,0.84502,0.84502,484.0
2024-06-12 21:10:00,FX:EURGBP,0.84502,0.84503,0.84498,0.845,428.0
2024-06-12 21:15:00,FX:EURGBP,0.845,0.84502,0.84496,0.84499,348.0
2024-06-12 21:20:00,FX:EURGBP,0.84499,0.84507,0.84498,0.84506,270.0
2024-06-12 21:25:00,FX:EURGBP,0.84506,0.84509,0.84499,0.84503,333.0
2024-06-12 21:30:00,FX:EURGBP,0.84503,0.84507,0.84502,0.84503,262.0
2024-06-12 21:35:00,FX:EURGBP,0.84503,0.84507,0.845,0.84505,308.0
2024-06-12 21:40:00,FX:EURGBP,0.84505,0.84506,0.84501,0.84505,263.0
2024-06-12 21:45:00,FX:EURGBP,0.84505,0.84509,0.845,0.8450799999999999,356.0
2024-06-12 21:50:00,FX:EURGBP,0.8450799999999999,0.84516,0.84505,0.84516,364.0
2024-06-12 21:55:00,FX:EURGBP,0.84516,0.84521,0.84514,0.84518,408.0
2024-06-12 22:00:00,FX:EURGBP,0.84518,0.84524,0.84516,0.84522,241.0
2024-06-12 22:05:00,FX:EURGBP,0.84522,0.84522,0.84515,0.84517,293.0
2024-06-12 22:10:00,FX:EURGBP,0.84517,0.84521,0.84514,0.84518,292.0
2024-06-12 22:15:00,FX:EURGBP,0.84518,0.84519,0.84506,0.84511,190.0
2024-06-12 22:20:00,FX:EURGBP,0.84511,0.8451299999999999,0.84509,0.84511,241.0
2024-06-12 22:25:00,FX:EURGBP,0.84511,0.84515,0.84507,0.84515,331.0
2024-06-12 22:30:00,FX:EURGBP,0.84515,0.84516,0.8451299999999999,0.84515,235.0
2024-06-12 22:35:00,FX:EURGBP,0.84515,0.84517,0.84512,0.84517,46.0
2024-06-12 22:40:00,FX:EURGBP,0.84517,0.84522,0.84514,0.84517,212.0
2024-06-12 22:45:00,FX:EURGBP,0.84517,0.84519,0.84515,0.84517,259.0
2024-06-12 22:50:00,FX:EURGBP,0.84517,0.84525,0.84517,0.84523,195.0
2024-06-12 22:55:00,FX:EURGBP,0.84523,0.84528,0.8452,0.84526,127.0
2024-06-12 23:00:00,FX:EURGBP,0.84526,0.84529,0.84522,0.84526,142.0
2024-06-12 23:05:00,FX:EURGBP,0.84526,0.84527,0.84522,0.84526,274.0
2024-06-12 23:10:00,FX:EURGBP,0.84526,0.84526,0.84523,0.84525,102.0
2024-06-12 23:15:00,FX:EURGBP,0.84525,0.84526,0.84523,0.84523,49.0
2024-06-12 23:20:00,FX:EURGBP,0.84523,0.84526,0.84522,0.84524,80.0
2024-06-12 23:25:00,FX:EURGBP,0.84524,0.84527,0.84524,0.84526,105.0
2024-06-12 23:30:00,FX:EURGBP,0.84526,0.84527,0.84525,0.84526,116.0
2024-06-12 23:35:00,FX:EURGBP,0.84526,0.84531,0.84522,0.8452999999999999,140.0
2024-06-12 23:40:00,FX:EURGBP,0.8452999999999999,0.84534,0.8452999999999999,0.84533,70.0
2024-06-12 23:45:00,FX:EURGBP,0.84533,0.8453499999999999,0.8452999999999999,0.8452999999999999,144.0
2024-06-12 23:50:00,FX:EURGBP,0.8452999999999999,0.84533,0.8452999999999999,0.84531,94.0
2024-06-12 23:55:00,FX:EURGBP,0.84531,0.84538,0.84531,0.8453499999999999,198.0
2024-06-13 00:00:00,FX:EURGBP,0.8453499999999999,0.84537,0.84532,0.84533,278.0
2024-06-13 00:05:00,FX:EURGBP,0.84533,0.84539,0.84533,0.84536,297.0
2024-06-13 00:10:00,FX:EURGBP,0.84536,0.84548,0.84533,0.84536,337.0
2024-06-13 00:15:00,FX:EURGBP,0.84536,0.84548,0.8452999999999999,0.84548,349.0
2024-06-13 00:20:00,FX:EURGBP,0.84548,0.84565,0.84548,0.84562,288.0
2024-06-13 00:25:00,FX:EURGBP,0.84562,0.8456899999999999,0.84561,0.84563,349.0
2024-06-13 00:30:00,FX:EURGBP,0.84563,0.84576,0.84562,0.8457399999999999,294.0
2024-06-13 00:35:00,FX:EURGBP,0.8457399999999999,0.84579,0.8457,0.84571,247.0
2024-06-13 00:40:00,FX:EURGBP,0.84571,0.8457399999999999,0.84558,0.84558,226.0
2024-06-13 00:45:00,FX:EURGBP,0.84558,0.84559,0.84551,0.8455199999999999,322.0
2024-06-13 00:50:00,FX:EURGBP,0.8455199999999999,0.84561,0.84548,0.84551,430.0
2024-06-13 00:55:00,FX:EURGBP,0.84551,0.84559,0.84544,0.84544,465.0
2024-06-13 01:00:00,FX:EURGBP,0.84544,0.84559,0.84538,0.84549,1010.0
2024-06-13 01:05:00,FX:EURGBP,0.84549,0.84554,0.84548,0.8455199999999999,490.0
2024-06-13 01:10:00,FX:EURGBP,0.8455199999999999,0.84553,0.84537,0.84538,435.0
2024-06-13 01:15:00,FX:EURGBP,0.84538,0.8455,0.84538,0.84544,486.0
2024-06-13 01:20:00,FX:EURGBP,0.84544,0.8454699999999999,0.84531,0.84537,610.0
2024-06-13 01:25:00,FX:EURGBP,0.84537,0.84543,0.8453499999999999,0.84541,451.0
2024-06-13 01:30:00,FX:EURGBP,0.84541,0.84541,0.8451299999999999,0.84517,347.0
2024-06-13 01:35:00,FX:EURGBP,0.84517,0.84541,0.84516,0.84533,534.0
2024-06-13 01:40:00,FX:EURGBP,0.84533,0.84546,0.84528,0.8454,586.0
2024-06-13 01:45:00,FX:EURGBP,0.8454,0.8454699999999999,0.84537,0.84542,507.0
2024-06-13 01:50:00,FX:EURGBP,0.84542,0.84546,0.84526,0.84537,597.0
2024-06-13 01:55:00,FX:EURGBP,0.84537,0.84554,0.84536,0.84548,589.0
2024-06-13 02:00:00,FX:EURGBP,0.84548,0.84561,0.84546,0.8454699999999999,984.0
2024-06-13 02:05:00,FX:EURGBP,0.8454699999999999,0.84567,0.84544,0.84556,1105.0
2024-06-13 02:10:00,FX:EURGBP,0.84556,0.84568,0.84539,0.84562,1069.0
2024-06-13 02:15:00,FX:EURGBP,0.84562,0.84571,0.8456,0.84562,908.0
2024-06-13 02:20:00,FX:EURGBP,0.84562,0.84562,0.84544,0.8455,751.0
2024-06-13 02:25:00,FX:EURGBP,0.8455,0.84556,0.84536,0.84544,830.0
2024-06-13 02:30:00,FX:EURGBP,0.84544,0.84561,0.84542,0.84556,864.0
2024-06-13 02:35:00,FX:EURGBP,0.84556,0.84561,0.84551,0.84561,722.0
2024-06-13 02:40:00,FX:EURGBP,0.84561,0.8457399999999999,0.8456,0.84564,729.0
2024-06-13 02:45:00,FX:EURGBP,0.84564,0.84566,0.84553,0.84557,494.0
2024-06-13 02:50:00,FX:EURGBP,0.84557,0.84564,0.84552,0.84559,622.0
2024-06-13 02:55:00,FX:EURGBP,0.84559,0.84567,0.84551,0.84561,575.0
2024-06-13 03:00:00,FX:EURGBP,0.84561,0.84563,0.8455,0.8455,503.0
2024-06-13 03:05:00,FX:EURGBP,0.8455,0.84553,0.84543,0.84546,453.0
2024-06-13 03:10:00,FX:EURGBP,0.84546,0.84548,0.84514,0.84515,422.0
2024-06-13 03:15:00,FX:EURGBP,0.84515,0.84517,0.845,0.84512,699.0
2024-06-13 03:20:00,FX:EURGBP,0.84512,0.84516,0.84485,0.84487,669.0
2024-06-13 03:25:00,FX:EURGBP,0.84487,0.84488,0.8448,0.84487,537.0
2024-06-13 03:30:00,FX:EURGBP,0.84487,0.84494,0.84476,0.8448,553.0
2024-06-13 03:35:00,FX:EURGBP,0.8448,0.8448,0.84455,0.8446,575.0
2024-06-13 03:40:00,FX:EURGBP,0.8446,0.84477,0.84456,0.84475,517.0
2024-06-13 03:45:00,FX:EURGBP,0.84475,0.84478,0.84465,0.84471,459.0
2024-06-13 03:50:00,FX:EURGBP,0.84471,0.84481,0.84462,0.84462,582.0
2024-06-13 03:55:00,FX:EURGBP,0.84462,0.84466,0.84428,0.84432,426.0
2024-06-13 04:00:00,FX:EURGBP,0.84432,0.84452,0.84419,0.84452,707.0
2024-06-13 04:05:00,FX:EURGBP,0.84452,0.84464,0.84446,0.84446,471.0
2024-06-13 04:10:00,FX:EURGBP,0.84446,0.84458,0.84443,0.84455,432.0
2024-06-13 04:15:00,FX:EURGBP,0.84455,0.84479,0.84455,0.84475,630.0
2024-06-13 04:20:00,FX:EURGBP,0.84475,0.84486,0.84475,0.8448,516.0
2024-06-13 04:25:00,FX:EURGBP,0.8448,0.84487,0.84474,0.84483,672.0
2024-06-13 04:30:00,FX:EURGBP,0.84483,0.84507,0.84483,0.84497,590.0
2024-06-13 04:35:00,FX:EURGBP,0.84497,0.84506,0.84491,0.84502,697.0
2024-06-13 04:40:00,FX:EURGBP,0.84502,0.84504,0.84487,0.84495,662.0
2024-06-13 04:45:00,FX:EURGBP,0.84495,0.84509,0.84493,0.84507,460.0
2024-06-13 04:50:00,FX:EURGBP,0.84507,0.84517,0.84497,0.845,817.0
2024-06-13 04:55:00,FX:EURGBP,0.845,0.84502,0.84487,0.845,333.0
2024-06-13 05:00:00,FX:EURGBP,0.845,0.84515,0.84497,0.84515,541.0
2024-06-13 05:05:00,FX:EURGBP,0.84515,0.84523,0.84493,0.84495,716.0
2024-06-13 05:10:00,FX:EURGBP,0.84495,0.84513,0.84493,0.84512,710.0
2024-06-13 05:15:00,FX:EURGBP,0.84512,0.84536,0.84512,0.84531,600.0
2024-06-13 05:20:00,FX:EURGBP,0.84531,0.84542,0.84527,0.84533,638.0
2024-06-13 05:25:00,FX:EURGBP,0.84533,0.84543,0.84531,0.84538,547.0
2024-06-13 05:30:00,FX:EURGBP,0.84538,0.84542,0.84509,0.84511,618.0
2024-06-13 05:35:00,FX:EURGBP,0.84511,0.84531,0.84511,0.84528,653.0
2024-06-13 05:40:00,FX:EURGBP,0.84528,0.8453499999999999,0.84521,0.84527,592.0
2024-06-13 05:45:00,FX:EURGBP,0.84527,0.84534,0.84527,0.84532,379.0
2024-06-13 05:50:00,FX:EURGBP,0.84532,0.84538,0.84516,0.84516,726.0
2024-06-13 05:55:00,FX:EURGBP,0.84516,0.8452999999999999,0.8449099999999999,0.84495,965.0
2024-06-13 06:00:00,FX:EURGBP,0.84495,0.84495,0.8448599999999999,0.84492,89.0
