datetime,symbol,open,high,low,close,volume
2024-04-07 17:20:00,FX:USDJPY,151.546,151.546,151.545,151.545,1.0
2024-04-07 17:21:00,FX:USDJPY,151.545,151.553,151.545,151.545,2.0
2024-04-07 17:23:00,FX:USDJPY,151.545,151.546,151.545,151.546,1.0
2024-04-07 17:26:00,FX:USDJPY,151.546,151.546,151.546,151.546,65.0
2024-04-07 17:27:00,FX:USDJPY,151.546,151.546,151.546,151.546,66.0
2024-04-07 17:28:00,FX:USDJPY,151.546,151.546,151.546,151.546,21.0
2024-04-07 17:29:00,FX:USDJPY,151.546,151.548,151.546,151.547,23.0
2024-04-07 17:30:00,FX:USDJPY,151.547,151.565,151.546,151.546,42.0
2024-04-07 17:31:00,FX:USDJPY,151.546,151.546,151.546,151.546,1.0
2024-04-07 17:32:00,FX:USDJPY,151.546,151.546,151.546,151.546,1.0
2024-04-07 17:33:00,FX:USDJPY,151.546,151.551,151.546,151.546,2.0
2024-04-07 17:35:00,FX:USDJPY,151.546,151.54999999999998,151.546,151.546,2.0
2024-04-07 17:36:00,FX:USDJPY,151.546,151.546,151.546,151.546,4.0
2024-04-07 17:37:00,FX:USDJPY,151.546,151.56,151.546,151.54999999999998,11.0
2024-04-07 17:38:00,FX:USDJPY,151.54999999999998,151.55599999999998,151.54999999999998,151.55599999999998,9.0
2024-04-07 17:39:00,FX:USDJPY,151.55599999999998,151.564,151.55599999999998,151.564,11.0
2024-04-07 17:40:00,FX:USDJPY,151.564,151.569,151.564,151.569,12.0
2024-04-07 17:41:00,FX:USDJPY,151.569,151.572,151.55599999999998,151.56,19.0
2024-04-07 17:42:00,FX:USDJPY,151.56,151.57399999999998,151.56,151.565,18.0
2024-04-07 17:43:00,FX:USDJPY,151.565,151.56699999999998,151.565,151.56699999999998,8.0
2024-04-07 17:44:00,FX:USDJPY,151.56699999999998,151.57,151.56699999999998,151.57,7.0
2024-04-07 17:45:00,FX:USDJPY,151.57,151.571,151.57,151.571,5.0
2024-04-07 17:46:00,FX:USDJPY,151.571,151.577,151.571,151.57399999999998,10.0
2024-04-07 17:47:00,FX:USDJPY,151.57399999999998,151.575,151.565,151.56699999999998,12.0
2024-04-07 17:48:00,FX:USDJPY,151.56699999999998,151.56699999999998,151.566,151.566,6.0
2024-04-07 17:49:00,FX:USDJPY,151.566,151.566,151.565,151.565,3.0
2024-04-07 17:50:00,FX:USDJPY,151.565,151.565,151.564,151.564,3.0
2024-04-07 17:51:00,FX:USDJPY,151.564,151.57,151.563,151.57,12.0
2024-04-07 17:52:00,FX:USDJPY,151.57,151.571,151.57,151.571,1.0
2024-04-07 17:53:00,FX:USDJPY,151.571,151.57399999999998,151.571,151.571,15.0
2024-04-07 17:54:00,FX:USDJPY,151.571,151.578,151.571,151.577,12.0
2024-04-07 17:55:00,FX:USDJPY,151.577,151.578,151.571,151.571,58.0
2024-04-07 17:56:00,FX:USDJPY,151.571,151.57399999999998,151.571,151.572,72.0
2024-04-07 17:57:00,FX:USDJPY,151.572,151.575,151.572,151.572,62.0
2024-04-07 17:58:00,FX:USDJPY,151.572,151.577,151.572,151.575,70.0
2024-04-07 17:59:00,FX:USDJPY,151.575,151.587,151.563,151.581,111.0
2024-04-07 18:00:00,FX:USDJPY,151.581,151.7,151.563,151.673,301.0
2024-04-07 18:01:00,FX:USDJPY,151.673,151.73499999999999,151.673,151.683,119.0
2024-04-07 18:02:00,FX:USDJPY,151.683,151.691,151.66799999999998,151.66899999999998,116.0
2024-04-07 18:03:00,FX:USDJPY,151.66899999999998,151.673,151.665,151.667,74.0
2024-04-07 18:04:00,FX:USDJPY,151.667,151.667,151.65599999999998,151.66,27.0
2024-04-07 18:05:00,FX:USDJPY,151.66,151.664,151.649,151.65099999999998,30.0
2024-04-07 18:06:00,FX:USDJPY,151.65099999999998,151.655,151.649,151.64999999999998,19.0
2024-04-07 18:07:00,FX:USDJPY,151.64999999999998,151.66299999999998,151.62199999999999,151.634,98.0
2024-04-07 18:08:00,FX:USDJPY,151.634,151.641,151.634,151.641,40.0
2024-04-07 18:09:00,FX:USDJPY,151.641,151.66199999999998,151.64,151.66199999999998,35.0
2024-04-07 18:10:00,FX:USDJPY,151.66199999999998,151.671,151.652,151.652,33.0
2024-04-07 18:11:00,FX:USDJPY,151.652,151.652,151.64999999999998,151.652,75.0
2024-04-07 18:12:00,FX:USDJPY,151.652,151.654,151.648,151.65099999999998,66.0
2024-04-07 18:13:00,FX:USDJPY,151.65099999999998,151.655,151.646,151.647,116.0
2024-04-07 18:14:00,FX:USDJPY,151.647,151.664,151.647,151.658,125.0
2024-04-07 18:15:00,FX:USDJPY,151.658,151.661,151.64399999999998,151.64499999999998,77.0
2024-04-07 18:16:00,FX:USDJPY,151.64499999999998,151.652,151.64499999999998,151.64999999999998,21.0
2024-04-07 18:17:00,FX:USDJPY,151.64999999999998,151.653,151.64999999999998,151.653,35.0
2024-04-07 18:18:00,FX:USDJPY,151.653,151.667,151.65099999999998,151.666,64.0
2024-04-07 18:19:00,FX:USDJPY,151.666,151.672,151.66,151.66,59.0
2024-04-07 18:20:00,FX:USDJPY,151.66,151.673,151.65599999999998,151.672,79.0
2024-04-07 18:21:00,FX:USDJPY,151.672,151.672,151.659,151.661,39.0
2024-04-07 18:22:00,FX:USDJPY,151.661,151.661,151.65099999999998,151.659,37.0
2024-04-07 18:23:00,FX:USDJPY,151.659,151.678,151.659,151.677,37.0
2024-04-07 18:24:00,FX:USDJPY,151.677,151.682,151.672,151.67399999999998,64.0
2024-04-07 18:25:00,FX:USDJPY,151.67399999999998,151.68099999999998,151.65599999999998,151.661,60.0
2024-04-07 18:26:00,FX:USDJPY,151.661,151.66799999999998,151.65099999999998,151.65699999999998,73.0
2024-04-07 18:27:00,FX:USDJPY,151.65699999999998,151.66199999999998,151.65099999999998,151.65699999999998,85.0
2024-04-07 18:28:00,FX:USDJPY,151.65699999999998,151.664,151.65099999999998,151.659,76.0
2024-04-07 18:29:00,FX:USDJPY,151.659,151.66799999999998,151.659,151.66299999999998,36.0
2024-04-07 18:30:00,FX:USDJPY,151.66299999999998,151.69299999999998,151.661,151.69199999999998,125.0
2024-04-07 18:31:00,FX:USDJPY,151.69199999999998,151.71099999999998,151.69199999999998,151.70399999999998,110.0
2024-04-07 18:32:00,FX:USDJPY,151.70399999999998,151.71699999999998,151.70399999999998,151.70999999999998,95.0
2024-04-07 18:33:00,FX:USDJPY,151.70999999999998,151.72,151.703,151.706,93.0
2024-04-07 18:34:00,FX:USDJPY,151.706,151.713,151.703,151.70399999999998,80.0
2024-04-07 18:35:00,FX:USDJPY,151.70399999999998,151.707,151.703,151.707,50.0
2024-04-07 18:36:00,FX:USDJPY,151.707,151.709,151.703,151.703,33.0
2024-04-07 18:37:00,FX:USDJPY,151.703,151.709,151.68599999999998,151.69199999999998,54.0
2024-04-07 18:38:00,FX:USDJPY,151.69199999999998,151.7,151.691,151.697,78.0
2024-04-07 18:39:00,FX:USDJPY,151.697,151.7,151.69199999999998,151.697,50.0
2024-04-07 18:40:00,FX:USDJPY,151.697,151.69899999999998,151.69299999999998,151.69799999999998,42.0
2024-04-07 18:41:00,FX:USDJPY,151.69799999999998,151.707,151.697,151.69799999999998,30.0
2024-04-07 18:42:00,FX:USDJPY,151.69799999999998,151.69899999999998,151.696,151.69899999999998,26.0
2024-04-07 18:43:00,FX:USDJPY,151.69899999999998,151.709,151.697,151.709,32.0
2024-04-07 18:44:00,FX:USDJPY,151.709,151.712,151.708,151.71099999999998,34.0
2024-04-07 18:45:00,FX:USDJPY,151.71099999999998,151.71099999999998,151.697,151.708,58.0
2024-04-07 18:46:00,FX:USDJPY,151.708,151.713,151.708,151.71099999999998,45.0
2024-04-07 18:47:00,FX:USDJPY,151.71099999999998,151.712,151.706,151.712,30.0
2024-04-07 18:48:00,FX:USDJPY,151.712,151.712,151.70399999999998,151.708,19.0
2024-04-07 18:49:00,FX:USDJPY,151.708,151.708,151.696,151.696,31.0
2024-04-07 18:50:00,FX:USDJPY,151.696,151.697,151.694,151.696,15.0
2024-04-07 18:51:00,FX:USDJPY,151.696,151.708,151.688,151.708,73.0
2024-04-07 18:52:00,FX:USDJPY,151.708,151.708,151.7,151.708,68.0
2024-04-07 18:53:00,FX:USDJPY,151.708,151.708,151.69799999999998,151.708,52.0
2024-04-07 18:54:00,FX:USDJPY,151.708,151.709,151.70399999999998,151.70499999999998,41.0
2024-04-07 18:55:00,FX:USDJPY,151.70499999999998,151.70499999999998,151.68599999999998,151.68699999999998,68.0
2024-04-07 18:56:00,FX:USDJPY,151.68699999999998,151.7,151.68699999999998,151.7,60.0
2024-04-07 18:57:00,FX:USDJPY,151.7,151.703,151.696,151.69799999999998,44.0
2024-04-07 18:58:00,FX:USDJPY,151.69799999999998,151.703,151.694,151.694,38.0
2024-04-07 18:59:00,FX:USDJPY,151.694,151.694,151.68699999999998,151.69199999999998,39.0
2024-04-07 19:00:00,FX:USDJPY,151.69199999999998,151.694,151.68099999999998,151.68099999999998,30.0
2024-04-07 19:01:00,FX:USDJPY,151.68099999999998,151.684,151.67,151.67399999999998,68.0
2024-04-07 19:02:00,FX:USDJPY,151.67399999999998,151.67399999999998,151.672,151.673,21.0
2024-04-07 19:03:00,FX:USDJPY,151.673,151.67399999999998,151.671,151.673,19.0
2024-04-07 19:04:00,FX:USDJPY,151.673,151.68599999999998,151.67,151.685,70.0
2024-04-07 19:05:00,FX:USDJPY,151.685,151.688,151.684,151.68599999999998,63.0
2024-04-07 19:06:00,FX:USDJPY,151.68599999999998,151.68599999999998,151.683,151.684,63.0
2024-04-07 19:07:00,FX:USDJPY,151.684,151.685,151.672,151.673,34.0
2024-04-07 19:08:00,FX:USDJPY,151.673,151.67399999999998,151.66199999999998,151.666,90.0
2024-04-07 19:09:00,FX:USDJPY,151.666,151.666,151.653,151.659,96.0
2024-04-07 19:10:00,FX:USDJPY,151.659,151.66199999999998,151.653,151.66,49.0
2024-04-07 19:11:00,FX:USDJPY,151.66,151.661,151.649,151.64999999999998,67.0
2024-04-07 19:12:00,FX:USDJPY,151.64999999999998,151.64999999999998,151.649,151.649,48.0
2024-04-07 19:13:00,FX:USDJPY,151.649,151.652,151.649,151.64999999999998,55.0
2024-04-07 19:14:00,FX:USDJPY,151.64999999999998,151.66199999999998,151.64999999999998,151.658,28.0
2024-04-07 19:15:00,FX:USDJPY,151.658,151.664,151.658,151.66,42.0
2024-04-07 19:16:00,FX:USDJPY,151.66,151.66299999999998,151.65699999999998,151.66199999999998,108.0
2024-04-07 19:17:00,FX:USDJPY,151.66199999999998,151.673,151.659,151.66199999999998,61.0
2024-04-07 19:18:00,FX:USDJPY,151.66199999999998,151.66299999999998,151.66,151.66199999999998,24.0
2024-04-07 19:19:00,FX:USDJPY,151.66199999999998,151.67499999999998,151.66,151.672,30.0
2024-04-07 19:20:00,FX:USDJPY,151.672,151.67399999999998,151.659,151.664,57.0
2024-04-07 19:21:00,FX:USDJPY,151.664,151.66799999999998,151.659,151.661,55.0
2024-04-07 19:22:00,FX:USDJPY,151.661,151.66299999999998,151.659,151.659,44.0
2024-04-07 19:23:00,FX:USDJPY,151.659,151.672,151.659,151.667,78.0
2024-04-07 19:24:00,FX:USDJPY,151.667,151.66799999999998,151.66299999999998,151.664,83.0
2024-04-07 19:25:00,FX:USDJPY,151.664,151.664,151.652,151.652,104.0
2024-04-07 19:26:00,FX:USDJPY,151.652,151.661,151.65099999999998,151.658,52.0
2024-04-07 19:27:00,FX:USDJPY,151.658,151.667,151.65699999999998,151.664,49.0
2024-04-07 19:28:00,FX:USDJPY,151.664,151.677,151.655,151.66,144.0
2024-04-07 19:29:00,FX:USDJPY,151.66,151.673,151.65699999999998,151.67,120.0
2024-04-07 19:30:00,FX:USDJPY,151.67,151.67399999999998,151.666,151.672,110.0
2024-04-07 19:31:00,FX:USDJPY,151.672,151.672,151.667,151.67,58.0
2024-04-07 19:32:00,FX:USDJPY,151.67,151.671,151.667,151.67,84.0
2024-04-07 19:33:00,FX:USDJPY,151.67,151.673,151.664,151.67,36.0
2024-04-07 19:34:00,FX:USDJPY,151.67,151.671,151.664,151.67,64.0
2024-04-07 19:35:00,FX:USDJPY,151.67,151.671,151.66199999999998,151.67,80.0
2024-04-07 19:36:00,FX:USDJPY,151.67,151.671,151.66,151.665,70.0
2024-04-07 19:37:00,FX:USDJPY,151.665,151.66899999999998,151.66,151.66,102.0
2024-04-07 19:38:00,FX:USDJPY,151.66,151.664,151.65699999999998,151.659,91.0
2024-04-07 19:39:00,FX:USDJPY,151.659,151.66,151.65699999999998,151.659,111.0
2024-04-07 19:40:00,FX:USDJPY,151.659,151.66199999999998,151.646,151.661,138.0
2024-04-07 19:41:00,FX:USDJPY,151.661,151.66199999999998,151.65699999999998,151.659,110.0
2024-04-07 19:42:00,FX:USDJPY,151.659,151.66,151.65599999999998,151.658,138.0
2024-04-07 19:43:00,FX:USDJPY,151.658,151.664,151.658,151.658,134.0
2024-04-07 19:44:00,FX:USDJPY,151.658,151.672,151.658,151.664,187.0
2024-04-07 19:45:00,FX:USDJPY,151.664,151.66899999999998,151.659,151.66799999999998,149.0
2024-04-07 19:46:00,FX:USDJPY,151.66799999999998,151.672,151.658,151.658,151.0
2024-04-07 19:47:00,FX:USDJPY,151.658,151.66,151.64999999999998,151.652,149.0
2024-04-07 19:48:00,FX:USDJPY,151.652,151.658,151.649,151.649,115.0
2024-04-07 19:49:00,FX:USDJPY,151.649,151.655,151.647,151.648,185.0
2024-04-07 19:50:00,FX:USDJPY,151.648,151.666,151.64499999999998,151.66299999999998,175.0
2024-04-07 19:51:00,FX:USDJPY,151.66299999999998,151.667,151.658,151.659,149.0
2024-04-07 19:52:00,FX:USDJPY,151.659,151.66,151.658,151.658,41.0
2024-04-07 19:53:00,FX:USDJPY,151.658,151.664,151.658,151.66,56.0
2024-04-07 19:54:00,FX:USDJPY,151.66,151.683,151.66,151.682,128.0
2024-04-07 19:55:00,FX:USDJPY,151.682,151.684,151.679,151.682,109.0
2024-04-07 19:56:00,FX:USDJPY,151.682,151.69299999999998,151.679,151.68099999999998,129.0
2024-04-07 19:57:00,FX:USDJPY,151.68099999999998,151.694,151.67999999999998,151.69199999999998,195.0
2024-04-07 19:58:00,FX:USDJPY,151.69199999999998,151.695,151.68599999999998,151.69299999999998,109.0
2024-04-07 19:59:00,FX:USDJPY,151.69299999999998,151.695,151.67999999999998,151.682,153.0
2024-04-07 20:00:00,FX:USDJPY,151.682,151.702,151.67,151.695,289.0
2024-04-07 20:01:00,FX:USDJPY,151.695,151.696,151.672,151.67999999999998,198.0
2024-04-07 20:02:00,FX:USDJPY,151.67999999999998,151.694,151.67499999999998,151.67999999999998,245.0
2024-04-07 20:03:00,FX:USDJPY,151.67999999999998,151.691,151.67999999999998,151.683,231.0
2024-04-07 20:04:00,FX:USDJPY,151.683,151.71699999999998,151.683,151.715,185.0
2024-04-07 20:05:00,FX:USDJPY,151.715,151.72899999999998,151.696,151.70499999999998,248.0
2024-04-07 20:06:00,FX:USDJPY,151.70499999999998,151.72199999999998,151.703,151.72,206.0
2024-04-07 20:07:00,FX:USDJPY,151.72,151.726,151.71699999999998,151.721,201.0
2024-04-07 20:08:00,FX:USDJPY,151.721,151.727,151.719,151.724,167.0
2024-04-07 20:09:00,FX:USDJPY,151.724,151.726,151.71699999999998,151.72,163.0
2024-04-07 20:10:00,FX:USDJPY,151.72,151.72,151.70399999999998,151.71599999999998,234.0
2024-04-07 20:11:00,FX:USDJPY,151.71599999999998,151.724,151.71099999999998,151.71699999999998,125.0
2024-04-07 20:12:00,FX:USDJPY,151.71699999999998,151.724,151.707,151.72299999999998,166.0
2024-04-07 20:13:00,FX:USDJPY,151.72299999999998,151.73999999999998,151.719,151.739,185.0
2024-04-07 20:14:00,FX:USDJPY,151.739,151.73999999999998,151.725,151.731,166.0
2024-04-07 20:15:00,FX:USDJPY,151.731,151.73499999999999,151.725,151.72799999999998,144.0
2024-04-07 20:16:00,FX:USDJPY,151.72799999999998,151.73399999999998,151.72199999999998,151.72899999999998,145.0
2024-04-07 20:17:00,FX:USDJPY,151.72899999999998,151.73499999999999,151.72899999999998,151.73,102.0
2024-04-07 20:18:00,FX:USDJPY,151.73,151.731,151.708,151.714,204.0
2024-04-07 20:19:00,FX:USDJPY,151.714,151.72,151.70999999999998,151.713,180.0
2024-04-07 20:20:00,FX:USDJPY,151.713,151.73399999999998,151.71099999999998,151.731,160.0
2024-04-07 20:21:00,FX:USDJPY,151.731,151.75,151.727,151.72899999999998,211.0
2024-04-07 20:22:00,FX:USDJPY,151.72899999999998,151.73399999999998,151.72299999999998,151.733,142.0
2024-04-07 20:23:00,FX:USDJPY,151.733,151.736,151.719,151.719,155.0
2024-04-07 20:24:00,FX:USDJPY,151.719,151.73,151.71599999999998,151.725,145.0
2024-04-07 20:25:00,FX:USDJPY,151.725,151.72899999999998,151.718,151.718,98.0
2024-04-07 20:26:00,FX:USDJPY,151.718,151.73,151.709,151.72799999999998,152.0
2024-04-07 20:27:00,FX:USDJPY,151.72799999999998,151.72799999999998,151.70999999999998,151.72199999999998,126.0
2024-04-07 20:28:00,FX:USDJPY,151.72199999999998,151.727,151.71599999999998,151.71699999999998,128.0
2024-04-07 20:29:00,FX:USDJPY,151.71699999999998,151.732,151.70999999999998,151.71599999999998,146.0
2024-04-07 20:30:00,FX:USDJPY,151.71599999999998,151.71599999999998,151.703,151.70999999999998,195.0
2024-04-07 20:31:00,FX:USDJPY,151.70999999999998,151.714,151.694,151.695,104.0
2024-04-07 20:32:00,FX:USDJPY,151.695,151.708,151.689,151.707,135.0
2024-04-07 20:33:00,FX:USDJPY,151.707,151.708,151.69899999999998,151.703,120.0
2024-04-07 20:34:00,FX:USDJPY,151.703,151.70999999999998,151.703,151.707,218.0
2024-04-07 20:35:00,FX:USDJPY,151.707,151.707,151.69199999999998,151.69299999999998,178.0
2024-04-07 20:36:00,FX:USDJPY,151.69299999999998,151.70399999999998,151.691,151.7,144.0
2024-04-07 20:37:00,FX:USDJPY,151.7,151.703,151.697,151.702,116.0
2024-04-07 20:38:00,FX:USDJPY,151.702,151.708,151.697,151.69799999999998,159.0
2024-04-07 20:39:00,FX:USDJPY,151.69799999999998,151.708,151.69799999999998,151.707,176.0
2024-04-07 20:40:00,FX:USDJPY,151.707,151.719,151.70399999999998,151.719,97.0
2024-04-07 20:41:00,FX:USDJPY,151.719,151.725,151.718,151.72,209.0
2024-04-07 20:42:00,FX:USDJPY,151.72,151.72199999999998,151.712,151.71599999999998,132.0
2024-04-07 20:43:00,FX:USDJPY,151.71599999999998,151.72199999999998,151.707,151.707,114.0
2024-04-07 20:44:00,FX:USDJPY,151.707,151.708,151.70399999999998,151.70499999999998,68.0
2024-04-07 20:45:00,FX:USDJPY,151.70499999999998,151.714,151.70499999999998,151.707,79.0
2024-04-07 20:46:00,FX:USDJPY,151.707,151.707,151.69199999999998,151.7,175.0
2024-04-07 20:47:00,FX:USDJPY,151.7,151.718,151.69899999999998,151.708,170.0
2024-04-07 20:48:00,FX:USDJPY,151.708,151.721,151.707,151.715,159.0
2024-04-07 20:49:00,FX:USDJPY,151.715,151.71699999999998,151.696,151.703,145.0
2024-04-07 20:50:00,FX:USDJPY,151.703,151.707,151.691,151.707,192.0
2024-04-07 20:51:00,FX:USDJPY,151.707,151.71599999999998,151.702,151.703,234.0
2024-04-07 20:52:00,FX:USDJPY,151.703,151.721,151.703,151.71699999999998,189.0
2024-04-07 20:53:00,FX:USDJPY,151.71699999999998,151.756,151.71599999999998,151.756,252.0
2024-04-07 20:54:00,FX:USDJPY,151.756,151.78199999999998,151.74099999999999,151.744,906.0
2024-04-07 20:55:00,FX:USDJPY,151.744,151.75,151.732,151.743,364.0
2024-04-07 20:56:00,FX:USDJPY,151.743,151.74599999999998,151.727,151.727,230.0
2024-04-07 20:57:00,FX:USDJPY,151.727,151.72899999999998,151.719,151.72799999999998,219.0
2024-04-07 20:58:00,FX:USDJPY,151.72799999999998,151.72899999999998,151.71099999999998,151.71099999999998,194.0
2024-04-07 20:59:00,FX:USDJPY,151.71099999999998,151.713,151.707,151.712,203.0
2024-04-07 21:00:00,FX:USDJPY,151.712,151.714,151.69199999999998,151.696,287.0
2024-04-07 21:01:00,FX:USDJPY,151.696,151.709,151.684,151.688,369.0
2024-04-07 21:02:00,FX:USDJPY,151.688,151.691,151.676,151.689,272.0
2024-04-07 21:03:00,FX:USDJPY,151.689,151.701,151.689,151.7,313.0
2024-04-07 21:04:00,FX:USDJPY,151.7,151.713,151.69899999999998,151.709,235.0
2024-04-07 21:05:00,FX:USDJPY,151.709,151.713,151.696,151.713,212.0
2024-04-07 21:06:00,FX:USDJPY,151.713,151.72799999999998,151.712,151.724,193.0
2024-04-07 21:07:00,FX:USDJPY,151.724,151.74099999999999,151.72299999999998,151.72899999999998,202.0
2024-04-07 21:08:00,FX:USDJPY,151.72899999999998,151.744,151.72799999999998,151.742,175.0
2024-04-07 21:09:00,FX:USDJPY,151.742,151.76299999999998,151.73999999999998,151.761,221.0
2024-04-07 21:10:00,FX:USDJPY,151.761,151.773,151.76,151.76399999999998,218.0
2024-04-07 21:11:00,FX:USDJPY,151.76399999999998,151.76899999999998,151.733,151.745,210.0
2024-04-07 21:12:00,FX:USDJPY,151.745,151.751,151.73399999999998,151.74599999999998,184.0
2024-04-07 21:13:00,FX:USDJPY,151.74599999999998,151.75199999999998,151.743,151.744,204.0
2024-04-07 21:14:00,FX:USDJPY,151.744,151.753,151.72799999999998,151.732,230.0
2024-04-07 21:15:00,FX:USDJPY,151.732,151.73999999999998,151.714,151.727,268.0
2024-04-07 21:16:00,FX:USDJPY,151.727,151.73,151.71599999999998,151.718,168.0
2024-04-07 21:17:00,FX:USDJPY,151.718,151.736,151.71699999999998,151.73399999999998,260.0
2024-04-07 21:18:00,FX:USDJPY,151.73399999999998,151.75199999999998,151.733,151.745,256.0
2024-04-07 21:19:00,FX:USDJPY,151.745,151.751,151.72799999999998,151.72899999999998,132.0
2024-04-07 21:20:00,FX:USDJPY,151.72899999999998,151.74599999999998,151.72899999999998,151.74599999999998,138.0
2024-04-07 21:21:00,FX:USDJPY,151.74599999999998,151.76,151.743,151.753,166.0
2024-04-07 21:22:00,FX:USDJPY,151.753,151.819,151.72899999999998,151.738,444.0
2024-04-07 21:23:00,FX:USDJPY,151.738,151.754,151.737,151.743,261.0
2024-04-07 21:24:00,FX:USDJPY,151.743,151.759,151.73999999999998,151.745,294.0
2024-04-07 21:25:00,FX:USDJPY,151.745,151.76399999999998,151.74099999999999,151.742,203.0
2024-04-07 21:26:00,FX:USDJPY,151.742,151.759,151.736,151.748,192.0
2024-04-07 21:27:00,FX:USDJPY,151.748,151.76399999999998,151.74099999999999,151.76,265.0
2024-04-07 21:28:00,FX:USDJPY,151.76,151.766,151.75799999999998,151.762,166.0
2024-04-07 21:29:00,FX:USDJPY,151.762,151.774,151.762,151.768,156.0
2024-04-07 21:30:00,FX:USDJPY,151.768,151.78199999999998,151.751,151.76899999999998,305.0
2024-04-07 21:31:00,FX:USDJPY,151.76899999999998,151.777,151.76399999999998,151.772,213.0
2024-04-07 21:32:00,FX:USDJPY,151.772,151.78099999999998,151.762,151.774,220.0
2024-04-07 21:33:00,FX:USDJPY,151.774,151.785,151.772,151.783,186.0
2024-04-07 21:34:00,FX:USDJPY,151.783,151.78799999999998,151.78199999999998,151.784,196.0
2024-04-07 21:35:00,FX:USDJPY,151.784,151.79899999999998,151.783,151.798,238.0
2024-04-07 21:36:00,FX:USDJPY,151.798,151.79899999999998,151.77499999999998,151.77599999999998,267.0
2024-04-07 21:37:00,FX:USDJPY,151.77599999999998,151.785,151.772,151.78,245.0
2024-04-07 21:38:00,FX:USDJPY,151.78,151.78699999999998,151.78,151.785,90.0
2024-04-07 21:39:00,FX:USDJPY,151.785,151.79,151.78199999999998,151.786,185.0
2024-04-07 21:40:00,FX:USDJPY,151.786,151.791,151.768,151.771,199.0
2024-04-07 21:41:00,FX:USDJPY,151.771,151.78099999999998,151.755,151.76999999999998,264.0
2024-04-07 21:42:00,FX:USDJPY,151.76999999999998,151.783,151.768,151.76899999999998,192.0
2024-04-07 21:43:00,FX:USDJPY,151.76899999999998,151.77599999999998,151.759,151.771,160.0
2024-04-07 21:44:00,FX:USDJPY,151.771,151.77599999999998,151.76399999999998,151.772,186.0
2024-04-07 21:45:00,FX:USDJPY,151.772,151.78,151.76999999999998,151.774,181.0
2024-04-07 21:46:00,FX:USDJPY,151.774,151.78699999999998,151.773,151.784,201.0
2024-04-07 21:47:00,FX:USDJPY,151.784,151.791,151.762,151.771,170.0
2024-04-07 21:48:00,FX:USDJPY,151.771,151.777,151.765,151.77599999999998,197.0
2024-04-07 21:49:00,FX:USDJPY,151.77599999999998,151.796,151.77499999999998,151.79399999999998,259.0
2024-04-07 21:50:00,FX:USDJPY,151.79399999999998,151.797,151.78699999999998,151.796,165.0
2024-04-07 21:51:00,FX:USDJPY,151.796,151.797,151.79299999999998,151.797,125.0
2024-04-07 21:52:00,FX:USDJPY,151.797,151.79999999999998,151.792,151.795,117.0
2024-04-07 21:53:00,FX:USDJPY,151.795,151.795,151.78099999999998,151.783,140.0
2024-04-07 21:54:00,FX:USDJPY,151.783,151.78699999999998,151.78099999999998,151.78199999999998,125.0
2024-04-07 21:55:00,FX:USDJPY,151.78199999999998,151.783,151.773,151.78,208.0
2024-04-07 21:56:00,FX:USDJPY,151.78,151.784,151.77499999999998,151.779,232.0
2024-04-07 21:57:00,FX:USDJPY,151.779,151.783,151.773,151.78,229.0
2024-04-07 21:58:00,FX:USDJPY,151.78,151.78099999999998,151.772,151.773,99.0
2024-04-07 21:59:00,FX:USDJPY,151.773,151.78099999999998,151.773,151.777,236.0
2024-04-07 22:00:00,FX:USDJPY,151.777,151.778,151.762,151.771,271.0
2024-04-07 22:01:00,FX:USDJPY,151.771,151.777,151.771,151.774,143.0
2024-04-07 22:02:00,FX:USDJPY,151.774,151.77599999999998,151.772,151.77499999999998,208.0
2024-04-07 22:03:00,FX:USDJPY,151.77499999999998,151.78,151.774,151.77599999999998,133.0
2024-04-07 22:04:00,FX:USDJPY,151.77599999999998,151.777,151.76999999999998,151.773,108.0
2024-04-07 22:05:00,FX:USDJPY,151.773,151.77499999999998,151.772,151.773,96.0
2024-04-07 22:06:00,FX:USDJPY,151.773,151.774,151.76399999999998,151.765,165.0
2024-04-07 22:07:00,FX:USDJPY,151.765,151.765,151.761,151.762,151.0
2024-04-07 22:08:00,FX:USDJPY,151.762,151.76399999999998,151.75199999999998,151.754,80.0
2024-04-07 22:09:00,FX:USDJPY,151.754,151.755,151.751,151.754,105.0
2024-04-07 22:10:00,FX:USDJPY,151.754,151.755,151.75199999999998,151.753,62.0
2024-04-07 22:11:00,FX:USDJPY,151.753,151.754,151.743,151.743,180.0
2024-04-07 22:12:00,FX:USDJPY,151.743,151.756,151.743,151.749,179.0
2024-04-07 22:13:00,FX:USDJPY,151.749,151.749,151.74599999999998,151.749,202.0
2024-04-07 22:14:00,FX:USDJPY,151.749,151.75199999999998,151.738,151.73999999999998,213.0
2024-04-07 22:15:00,FX:USDJPY,151.73999999999998,151.74699999999999,151.726,151.726,190.0
2024-04-07 22:16:00,FX:USDJPY,151.726,151.73399999999998,151.72,151.733,220.0
2024-04-07 22:17:00,FX:USDJPY,151.733,151.744,151.732,151.743,99.0
2024-04-07 22:18:00,FX:USDJPY,151.743,151.744,151.74099999999999,151.742,141.0
2024-04-07 22:19:00,FX:USDJPY,151.742,151.74599999999998,151.74099999999999,151.744,126.0
2024-04-07 22:20:00,FX:USDJPY,151.744,151.74599999999998,151.74099999999999,151.743,96.0
2024-04-07 22:21:00,FX:USDJPY,151.743,151.744,151.73,151.73399999999998,167.0
2024-04-07 22:22:00,FX:USDJPY,151.73399999999998,151.73499999999999,151.733,151.733,57.0
2024-04-07 22:23:00,FX:USDJPY,151.733,151.73399999999998,151.72299999999998,151.72899999999998,94.0
2024-04-07 22:24:00,FX:USDJPY,151.72899999999998,151.745,151.72899999999998,151.738,135.0
2024-04-07 22:25:00,FX:USDJPY,151.738,151.74699999999999,151.732,151.737,197.0
2024-04-07 22:26:00,FX:USDJPY,151.737,151.73999999999998,151.732,151.733,215.0
2024-04-07 22:27:00,FX:USDJPY,151.733,151.737,151.725,151.72799999999998,169.0
2024-04-07 22:28:00,FX:USDJPY,151.72799999999998,151.738,151.726,151.727,180.0
2024-04-07 22:29:00,FX:USDJPY,151.727,151.733,151.724,151.72899999999998,144.0
2024-04-07 22:30:00,FX:USDJPY,151.72899999999998,151.73,151.714,151.719,185.0
2024-04-07 22:31:00,FX:USDJPY,151.719,151.721,151.697,151.709,186.0
2024-04-07 22:32:00,FX:USDJPY,151.709,151.713,151.69899999999998,151.709,217.0
2024-04-07 22:33:00,FX:USDJPY,151.709,151.71599999999998,151.708,151.709,118.0
2024-04-07 22:34:00,FX:USDJPY,151.709,151.721,151.709,151.719,123.0
2024-04-07 22:35:00,FX:USDJPY,151.719,151.72899999999998,151.71699999999998,151.72799999999998,100.0
2024-04-07 22:36:00,FX:USDJPY,151.72799999999998,151.72899999999998,151.69799999999998,151.702,283.0
2024-04-07 22:37:00,FX:USDJPY,151.702,151.72,151.7,151.71699999999998,334.0
2024-04-07 22:38:00,FX:USDJPY,151.71699999999998,151.719,151.701,151.707,362.0
2024-04-07 22:39:00,FX:USDJPY,151.707,151.709,151.696,151.703,406.0
2024-04-07 22:40:00,FX:USDJPY,151.703,151.714,151.69799999999998,151.713,336.0
2024-04-07 22:41:00,FX:USDJPY,151.713,151.713,151.701,151.702,288.0
2024-04-07 22:42:00,FX:USDJPY,151.702,151.707,151.696,151.707,241.0
2024-04-07 22:43:00,FX:USDJPY,151.707,151.713,151.70499999999998,151.709,155.0
2024-04-07 22:44:00,FX:USDJPY,151.709,151.712,151.707,151.708,140.0
2024-04-07 22:45:00,FX:USDJPY,151.708,151.71099999999998,151.70499999999998,151.70999999999998,65.0
2024-04-07 22:46:00,FX:USDJPY,151.70999999999998,151.71099999999998,151.694,151.7,214.0
2024-04-07 22:47:00,FX:USDJPY,151.7,151.7,151.696,151.69799999999998,165.0
2024-04-07 22:48:00,FX:USDJPY,151.69799999999998,151.69899999999998,151.688,151.688,222.0
2024-04-07 22:49:00,FX:USDJPY,151.688,151.695,151.683,151.694,151.0
2024-04-07 22:50:00,FX:USDJPY,151.694,151.709,151.694,151.69899999999998,136.0
2024-04-07 22:51:00,FX:USDJPY,151.69899999999998,151.701,151.688,151.694,131.0
2024-04-07 22:52:00,FX:USDJPY,151.694,151.709,151.691,151.709,154.0
2024-04-07 22:53:00,FX:USDJPY,151.709,151.737,151.708,151.733,259.0
2024-04-07 22:54:00,FX:USDJPY,151.733,151.757,151.72899999999998,151.73,232.0
2024-04-07 22:55:00,FX:USDJPY,151.73,151.73499999999999,151.726,151.733,193.0
2024-04-07 22:56:00,FX:USDJPY,151.733,151.754,151.725,151.754,153.0
2024-04-07 22:57:00,FX:USDJPY,151.754,151.76999999999998,151.75199999999998,151.76999999999998,111.0
2024-04-07 22:58:00,FX:USDJPY,151.76999999999998,151.76999999999998,151.757,151.762,168.0
2024-04-07 22:59:00,FX:USDJPY,151.762,151.773,151.761,151.772,286.0
2024-04-07 23:00:00,FX:USDJPY,151.772,151.785,151.767,151.778,283.0
2024-04-07 23:01:00,FX:USDJPY,151.778,151.78799999999998,151.77499999999998,151.778,112.0
2024-04-07 23:02:00,FX:USDJPY,151.778,151.78199999999998,151.76299999999998,151.771,145.0
2024-04-07 23:03:00,FX:USDJPY,151.771,151.771,151.75799999999998,151.76299999999998,112.0
2024-04-07 23:04:00,FX:USDJPY,151.76299999999998,151.765,151.748,151.749,121.0
2024-04-07 23:05:00,FX:USDJPY,151.749,151.76299999999998,151.749,151.761,132.0
2024-04-07 23:06:00,FX:USDJPY,151.761,151.762,151.756,151.759,82.0
2024-04-07 23:07:00,FX:USDJPY,151.759,151.76,151.74599999999998,151.74699999999999,117.0
2024-04-07 23:08:00,FX:USDJPY,151.74699999999999,151.761,151.74699999999999,151.753,68.0
2024-04-07 23:09:00,FX:USDJPY,151.753,151.762,151.75199999999998,151.759,96.0
2024-04-07 23:10:00,FX:USDJPY,151.759,151.765,151.75799999999998,151.762,91.0
2024-04-07 23:11:00,FX:USDJPY,151.762,151.76899999999998,151.76,151.76299999999998,100.0
2024-04-07 23:12:00,FX:USDJPY,151.76299999999998,151.76999999999998,151.74599999999998,151.762,139.0
2024-04-07 23:13:00,FX:USDJPY,151.762,151.76399999999998,151.754,151.754,147.0
2024-04-07 23:14:00,FX:USDJPY,151.754,151.765,151.754,151.761,77.0
2024-04-07 23:15:00,FX:USDJPY,151.761,151.761,151.751,151.751,101.0
2024-04-07 23:16:00,FX:USDJPY,151.751,151.761,151.75,151.761,128.0
2024-04-07 23:17:00,FX:USDJPY,151.761,151.76299999999998,151.76,151.76299999999998,132.0
2024-04-07 23:18:00,FX:USDJPY,151.76299999999998,151.76399999999998,151.757,151.759,194.0
2024-04-07 23:19:00,FX:USDJPY,151.759,151.76399999999998,151.755,151.76299999999998,145.0
2024-04-07 23:20:00,FX:USDJPY,151.76299999999998,151.76399999999998,151.75199999999998,151.757,137.0
2024-04-07 23:21:00,FX:USDJPY,151.757,151.76,151.75199999999998,151.757,101.0
2024-04-07 23:22:00,FX:USDJPY,151.757,151.76,151.753,151.754,114.0
2024-04-07 23:23:00,FX:USDJPY,151.754,151.757,151.748,151.75199999999998,114.0
2024-04-07 23:24:00,FX:USDJPY,151.75199999999998,151.76,151.75199999999998,151.759,144.0
2024-04-07 23:25:00,FX:USDJPY,151.759,151.76,151.757,151.759,63.0
2024-04-07 23:26:00,FX:USDJPY,151.759,151.761,151.757,151.76,94.0
2024-04-07 23:27:00,FX:USDJPY,151.76,151.76399999999998,151.75,151.762,177.0
2024-04-07 23:28:00,FX:USDJPY,151.762,151.771,151.762,151.76299999999998,126.0
2024-04-07 23:29:00,FX:USDJPY,151.76299999999998,151.765,151.759,151.765,105.0
2024-04-07 23:30:00,FX:USDJPY,151.765,151.766,151.75799999999998,151.76299999999998,132.0
2024-04-07 23:31:00,FX:USDJPY,151.76299999999998,151.772,151.75799999999998,151.76399999999998,130.0
2024-04-07 23:32:00,FX:USDJPY,151.76399999999998,151.773,151.76,151.76399999999998,175.0
2024-04-07 23:33:00,FX:USDJPY,151.76399999999998,151.774,151.762,151.76999999999998,153.0
2024-04-07 23:34:00,FX:USDJPY,151.76999999999998,151.774,151.75799999999998,151.773,170.0
2024-04-07 23:35:00,FX:USDJPY,151.773,151.77599999999998,151.771,151.77599999999998,159.0
2024-04-07 23:36:00,FX:USDJPY,151.77599999999998,151.77599999999998,151.771,151.772,193.0
2024-04-07 23:37:00,FX:USDJPY,151.772,151.77599999999998,151.772,151.774,181.0
2024-04-07 23:38:00,FX:USDJPY,151.774,151.778,151.759,151.76299999999998,218.0
2024-04-07 23:39:00,FX:USDJPY,151.76299999999998,151.766,151.757,151.761,162.0
2024-04-07 23:40:00,FX:USDJPY,151.761,151.765,151.757,151.76299999999998,98.0
2024-04-07 23:41:00,FX:USDJPY,151.76299999999998,151.76299999999998,151.751,151.751,100.0
2024-04-07 23:42:00,FX:USDJPY,151.751,151.76,151.751,151.75199999999998,110.0
2024-04-07 23:43:00,FX:USDJPY,151.75199999999998,151.76,151.749,151.75799999999998,126.0
2024-04-07 23:44:00,FX:USDJPY,151.75799999999998,151.76,151.74599999999998,151.74599999999998,145.0
2024-04-07 23:45:00,FX:USDJPY,151.74599999999998,151.76299999999998,151.74599999999998,151.76299999999998,108.0
2024-04-07 23:46:00,FX:USDJPY,151.76299999999998,151.765,151.762,151.76399999999998,114.0
2024-04-07 23:47:00,FX:USDJPY,151.76399999999998,151.77499999999998,151.762,151.774,162.0
2024-04-07 23:48:00,FX:USDJPY,151.774,151.774,151.76299999999998,151.765,196.0
2024-04-07 23:49:00,FX:USDJPY,151.765,151.772,151.762,151.76399999999998,140.0
2024-04-07 23:50:00,FX:USDJPY,151.76399999999998,151.767,151.756,151.76,156.0
2024-04-07 23:51:00,FX:USDJPY,151.76,151.762,151.753,151.756,174.0
2024-04-07 23:52:00,FX:USDJPY,151.756,151.766,151.754,151.765,152.0
2024-04-07 23:53:00,FX:USDJPY,151.765,151.767,151.76299999999998,151.766,128.0
2024-04-07 23:54:00,FX:USDJPY,151.766,151.767,151.762,151.76399999999998,149.0
2024-04-07 23:55:00,FX:USDJPY,151.76399999999998,151.766,151.75799999999998,151.76,148.0
2024-04-07 23:56:00,FX:USDJPY,151.76,151.762,151.753,151.762,190.0
2024-04-07 23:57:00,FX:USDJPY,151.762,151.76399999999998,151.759,151.761,128.0
2024-04-07 23:58:00,FX:USDJPY,151.761,151.773,151.759,151.771,154.0
2024-04-07 23:59:00,FX:USDJPY,151.771,151.773,151.762,151.771,223.0
2024-04-08 00:00:00,FX:USDJPY,151.771,151.773,151.76399999999998,151.772,181.0
2024-04-08 00:01:00,FX:USDJPY,151.772,151.78099999999998,151.771,151.77499999999998,162.0
2024-04-08 00:02:00,FX:USDJPY,151.77499999999998,151.778,151.772,151.774,155.0
2024-04-08 00:03:00,FX:USDJPY,151.774,151.78099999999998,151.771,151.772,178.0
2024-04-08 00:04:00,FX:USDJPY,151.772,151.773,151.765,151.765,143.0
2024-04-08 00:05:00,FX:USDJPY,151.765,151.773,151.76399999999998,151.771,169.0
2024-04-08 00:06:00,FX:USDJPY,151.771,151.774,151.771,151.772,95.0
2024-04-08 00:07:00,FX:USDJPY,151.772,151.78199999999998,151.772,151.78,120.0
2024-04-08 00:08:00,FX:USDJPY,151.78,151.786,151.777,151.779,112.0
2024-04-08 00:09:00,FX:USDJPY,151.779,151.78199999999998,151.773,151.78,100.0
2024-04-08 00:10:00,FX:USDJPY,151.78,151.786,151.774,151.778,204.0
2024-04-08 00:11:00,FX:USDJPY,151.778,151.785,151.778,151.784,151.0
2024-04-08 00:12:00,FX:USDJPY,151.784,151.786,151.78199999999998,151.783,116.0
2024-04-08 00:13:00,FX:USDJPY,151.783,151.784,151.777,151.783,177.0
2024-04-08 00:14:00,FX:USDJPY,151.783,151.784,151.78099999999998,151.78199999999998,155.0
2024-04-08 00:15:00,FX:USDJPY,151.78199999999998,151.783,151.777,151.78199999999998,100.0
2024-04-08 00:16:00,FX:USDJPY,151.78199999999998,151.784,151.779,151.78199999999998,127.0
2024-04-08 00:17:00,FX:USDJPY,151.78199999999998,151.784,151.78099999999998,151.78199999999998,131.0
2024-04-08 00:18:00,FX:USDJPY,151.78199999999998,151.795,151.78099999999998,151.78199999999998,174.0
2024-04-08 00:19:00,FX:USDJPY,151.78199999999998,151.789,151.78099999999998,151.78199999999998,120.0
2024-04-08 00:20:00,FX:USDJPY,151.78199999999998,151.783,151.78,151.78099999999998,109.0
2024-04-08 00:21:00,FX:USDJPY,151.78099999999998,151.785,151.78099999999998,151.78099999999998,92.0
2024-04-08 00:22:00,FX:USDJPY,151.78099999999998,151.783,151.779,151.78,81.0
2024-04-08 00:23:00,FX:USDJPY,151.78,151.78,151.772,151.778,130.0
2024-04-08 00:24:00,FX:USDJPY,151.778,151.78199999999998,151.778,151.779,104.0
2024-04-08 00:25:00,FX:USDJPY,151.779,151.785,151.778,151.78,98.0
2024-04-08 00:26:00,FX:USDJPY,151.78,151.78099999999998,151.771,151.771,81.0
2024-04-08 00:27:00,FX:USDJPY,151.771,151.779,151.766,151.77499999999998,115.0
2024-04-08 00:28:00,FX:USDJPY,151.77499999999998,151.785,151.77499999999998,151.78199999999998,201.0
2024-04-08 00:29:00,FX:USDJPY,151.78199999999998,151.785,151.772,151.772,153.0
2024-04-08 00:30:00,FX:USDJPY,151.772,151.777,151.772,151.774,139.0
2024-04-08 00:31:00,FX:USDJPY,151.774,151.774,151.771,151.771,105.0
2024-04-08 00:32:00,FX:USDJPY,151.771,151.77499999999998,151.76999999999998,151.773,63.0
2024-04-08 00:33:00,FX:USDJPY,151.773,151.774,151.772,151.773,118.0
2024-04-08 00:34:00,FX:USDJPY,151.773,151.77499999999998,151.771,151.773,134.0
2024-04-08 00:35:00,FX:USDJPY,151.773,151.77599999999998,151.772,151.77599999999998,147.0
2024-04-08 00:36:00,FX:USDJPY,151.77599999999998,151.785,151.77499999999998,151.784,78.0
2024-04-08 00:37:00,FX:USDJPY,151.784,151.786,151.78199999999998,151.786,68.0
2024-04-08 00:38:00,FX:USDJPY,151.786,151.786,151.78099999999998,151.78099999999998,80.0
2024-04-08 00:39:00,FX:USDJPY,151.78099999999998,151.78699999999998,151.78099999999998,151.783,125.0
2024-04-08 00:40:00,FX:USDJPY,151.783,151.789,151.783,151.78699999999998,75.0
2024-04-08 00:41:00,FX:USDJPY,151.78699999999998,151.792,151.78699999999998,151.78699999999998,95.0
2024-04-08 00:42:00,FX:USDJPY,151.78699999999998,151.791,151.785,151.78699999999998,118.0
2024-04-08 00:43:00,FX:USDJPY,151.78699999999998,151.796,151.785,151.796,101.0
2024-04-08 00:44:00,FX:USDJPY,151.796,151.796,151.786,151.78799999999998,143.0
2024-04-08 00:45:00,FX:USDJPY,151.78799999999998,151.791,151.785,151.786,118.0
2024-04-08 00:46:00,FX:USDJPY,151.786,151.78799999999998,151.783,151.784,111.0
2024-04-08 00:47:00,FX:USDJPY,151.784,151.786,151.777,151.784,101.0
2024-04-08 00:48:00,FX:USDJPY,151.784,151.786,151.772,151.77499999999998,111.0
2024-04-08 00:49:00,FX:USDJPY,151.77499999999998,151.78199999999998,151.77499999999998,151.77499999999998,74.0
2024-04-08 00:50:00,FX:USDJPY,151.77499999999998,151.79,151.77499999999998,151.779,158.0
2024-04-08 00:51:00,FX:USDJPY,151.779,151.78799999999998,151.77499999999998,151.78099999999998,142.0
2024-04-08 00:52:00,FX:USDJPY,151.78099999999998,151.79,151.78,151.78699999999998,182.0
2024-04-08 00:53:00,FX:USDJPY,151.78699999999998,151.79,151.783,151.783,130.0
2024-04-08 00:54:00,FX:USDJPY,151.783,151.796,151.783,151.789,102.0
2024-04-08 00:55:00,FX:USDJPY,151.789,151.791,151.783,151.79,102.0
2024-04-08 00:56:00,FX:USDJPY,151.79,151.791,151.784,151.79,127.0
2024-04-08 00:57:00,FX:USDJPY,151.79,151.796,151.786,151.789,193.0
2024-04-08 00:58:00,FX:USDJPY,151.789,151.795,151.786,151.791,138.0
2024-04-08 00:59:00,FX:USDJPY,151.791,151.79399999999998,151.791,151.792,74.0
2024-04-08 01:00:00,FX:USDJPY,151.792,151.795,151.79,151.795,108.0
2024-04-08 01:01:00,FX:USDJPY,151.795,151.802,151.779,151.78099999999998,172.0
2024-04-08 01:02:00,FX:USDJPY,151.78099999999998,151.785,151.77499999999998,151.78199999999998,135.0
2024-04-08 01:03:00,FX:USDJPY,151.78199999999998,151.783,151.779,151.78099999999998,118.0
2024-04-08 01:04:00,FX:USDJPY,151.78099999999998,151.78199999999998,151.77499999999998,151.77599999999998,92.0
2024-04-08 01:05:00,FX:USDJPY,151.77599999999998,151.784,151.771,151.78199999999998,137.0
2024-04-08 01:06:00,FX:USDJPY,151.78199999999998,151.78799999999998,151.772,151.774,176.0
2024-04-08 01:07:00,FX:USDJPY,151.774,151.777,151.771,151.77599999999998,156.0
2024-04-08 01:08:00,FX:USDJPY,151.77599999999998,151.779,151.771,151.774,167.0
2024-04-08 01:09:00,FX:USDJPY,151.774,151.779,151.773,151.777,77.0
2024-04-08 01:10:00,FX:USDJPY,151.777,151.786,151.774,151.786,104.0
2024-04-08 01:11:00,FX:USDJPY,151.786,151.786,151.783,151.785,85.0
2024-04-08 01:12:00,FX:USDJPY,151.785,151.786,151.773,151.784,152.0
2024-04-08 01:13:00,FX:USDJPY,151.784,151.78699999999998,151.77499999999998,151.779,130.0
2024-04-08 01:14:00,FX:USDJPY,151.779,151.785,151.773,151.785,118.0
2024-04-08 01:15:00,FX:USDJPY,151.785,151.79,151.783,151.786,144.0
2024-04-08 01:16:00,FX:USDJPY,151.786,151.786,151.784,151.785,100.0
2024-04-08 01:17:00,FX:USDJPY,151.785,151.797,151.785,151.78699999999998,150.0
2024-04-08 01:18:00,FX:USDJPY,151.78699999999998,151.796,151.785,151.796,131.0
2024-04-08 01:19:00,FX:USDJPY,151.796,151.796,151.783,151.784,89.0
2024-04-08 01:20:00,FX:USDJPY,151.784,151.78699999999998,151.783,151.785,49.0
2024-04-08 01:21:00,FX:USDJPY,151.785,151.792,151.78099999999998,151.789,83.0
2024-04-08 01:22:00,FX:USDJPY,151.789,151.789,151.783,151.786,89.0
2024-04-08 01:23:00,FX:USDJPY,151.786,151.79399999999998,151.783,151.78699999999998,100.0
2024-04-08 01:24:00,FX:USDJPY,151.78699999999998,151.78799999999998,151.78099999999998,151.78799999999998,81.0
2024-04-08 01:25:00,FX:USDJPY,151.78799999999998,151.792,151.785,151.789,122.0
2024-04-08 01:26:00,FX:USDJPY,151.789,151.792,151.785,151.78699999999998,151.0
2024-04-08 01:27:00,FX:USDJPY,151.78699999999998,151.789,151.785,151.78699999999998,99.0
2024-04-08 01:28:00,FX:USDJPY,151.78699999999998,151.79299999999998,151.78699999999998,151.78799999999998,162.0
2024-04-08 01:29:00,FX:USDJPY,151.78799999999998,151.791,151.784,151.79,177.0
2024-04-08 01:30:00,FX:USDJPY,151.79,151.801,151.789,151.797,243.0
2024-04-08 01:31:00,FX:USDJPY,151.797,151.79999999999998,151.79399999999998,151.795,121.0
2024-04-08 01:32:00,FX:USDJPY,151.795,151.797,151.78099999999998,151.784,120.0
2024-04-08 01:33:00,FX:USDJPY,151.784,151.792,151.78199999999998,151.78699999999998,184.0
2024-04-08 01:34:00,FX:USDJPY,151.78699999999998,151.78799999999998,151.78,151.78099999999998,122.0
2024-04-08 01:35:00,FX:USDJPY,151.78099999999998,151.789,151.78099999999998,151.78699999999998,155.0
2024-04-08 01:36:00,FX:USDJPY,151.78699999999998,151.79299999999998,151.78099999999998,151.78099999999998,145.0
2024-04-08 01:37:00,FX:USDJPY,151.78099999999998,151.786,151.77599999999998,151.777,147.0
2024-04-08 01:38:00,FX:USDJPY,151.777,151.778,151.77499999999998,151.77599999999998,133.0
2024-04-08 01:39:00,FX:USDJPY,151.77599999999998,151.789,151.76399999999998,151.789,213.0
2024-04-08 01:40:00,FX:USDJPY,151.789,151.791,151.785,151.79,188.0
2024-04-08 01:41:00,FX:USDJPY,151.79,151.802,151.78799999999998,151.791,163.0
2024-04-08 01:42:00,FX:USDJPY,151.791,151.791,151.76999999999998,151.76999999999998,124.0
2024-04-08 01:43:00,FX:USDJPY,151.76999999999998,151.774,151.76299999999998,151.76399999999998,158.0
2024-04-08 01:44:00,FX:USDJPY,151.76399999999998,151.77499999999998,151.75799999999998,151.774,143.0
2024-04-08 01:45:00,FX:USDJPY,151.774,151.77599999999998,151.75199999999998,151.766,208.0
2024-04-08 01:46:00,FX:USDJPY,151.766,151.77499999999998,151.76399999999998,151.774,58.0
2024-04-08 01:47:00,FX:USDJPY,151.774,151.785,151.773,151.778,156.0
2024-04-08 01:48:00,FX:USDJPY,151.778,151.789,151.778,151.78799999999998,142.0
2024-04-08 01:49:00,FX:USDJPY,151.78799999999998,151.795,151.784,151.785,184.0
2024-04-08 01:50:00,FX:USDJPY,151.785,151.79,151.78199999999998,151.78799999999998,134.0
2024-04-08 01:51:00,FX:USDJPY,151.78799999999998,151.79299999999998,151.78699999999998,151.79299999999998,172.0
2024-04-08 01:52:00,FX:USDJPY,151.79299999999998,151.797,151.78699999999998,151.78799999999998,188.0
2024-04-08 01:53:00,FX:USDJPY,151.78799999999998,151.79,151.784,151.79,187.0
2024-04-08 01:54:00,FX:USDJPY,151.79,151.801,151.78799999999998,151.797,163.0
2024-04-08 01:55:00,FX:USDJPY,151.797,151.80599999999998,151.795,151.803,108.0
2024-04-08 01:56:00,FX:USDJPY,151.803,151.804,151.795,151.804,174.0
2024-04-08 01:57:00,FX:USDJPY,151.804,151.804,151.801,151.802,169.0
2024-04-08 01:58:00,FX:USDJPY,151.802,151.804,151.797,151.802,121.0
2024-04-08 01:59:00,FX:USDJPY,151.802,151.803,151.786,151.78699999999998,118.0
2024-04-08 02:00:00,FX:USDJPY,151.78699999999998,151.80499999999998,151.786,151.789,172.0
2024-04-08 02:01:00,FX:USDJPY,151.789,151.801,151.785,151.789,106.0
2024-04-08 02:02:00,FX:USDJPY,151.789,151.79,151.772,151.77599999999998,172.0
2024-04-08 02:03:00,FX:USDJPY,151.77599999999998,151.784,151.772,151.77599999999998,102.0
2024-04-08 02:04:00,FX:USDJPY,151.77599999999998,151.785,151.773,151.785,218.0
2024-04-08 02:05:00,FX:USDJPY,151.785,151.79899999999998,151.784,151.79,221.0
2024-04-08 02:06:00,FX:USDJPY,151.79,151.797,151.785,151.78799999999998,186.0
2024-04-08 02:07:00,FX:USDJPY,151.78799999999998,151.791,151.773,151.774,195.0
2024-04-08 02:08:00,FX:USDJPY,151.774,151.789,151.773,151.78099999999998,129.0
2024-04-08 02:09:00,FX:USDJPY,151.78099999999998,151.784,151.772,151.77599999999998,123.0
2024-04-08 02:10:00,FX:USDJPY,151.77599999999998,151.779,151.774,151.777,66.0
2024-04-08 02:11:00,FX:USDJPY,151.777,151.778,151.774,151.777,44.0
2024-04-08 02:12:00,FX:USDJPY,151.777,151.79299999999998,151.77599999999998,151.791,131.0
2024-04-08 02:13:00,FX:USDJPY,151.791,151.81799999999998,151.791,151.81099999999998,244.0
2024-04-08 02:14:00,FX:USDJPY,151.81099999999998,151.821,151.809,151.819,179.0
2024-04-08 02:15:00,FX:USDJPY,151.819,151.819,151.804,151.809,162.0
2024-04-08 02:16:00,FX:USDJPY,151.809,151.82299999999998,151.809,151.82,187.0
2024-04-08 02:17:00,FX:USDJPY,151.82,151.822,151.81199999999998,151.81799999999998,135.0
2024-04-08 02:18:00,FX:USDJPY,151.81799999999998,151.821,151.81099999999998,151.81099999999998,98.0
2024-04-08 02:19:00,FX:USDJPY,151.81099999999998,151.821,151.81,151.81799999999998,173.0
2024-04-08 02:20:00,FX:USDJPY,151.81799999999998,151.826,151.813,151.813,147.0
2024-04-08 02:21:00,FX:USDJPY,151.813,151.82299999999998,151.81099999999998,151.82,141.0
2024-04-08 02:22:00,FX:USDJPY,151.82,151.82,151.808,151.813,106.0
2024-04-08 02:23:00,FX:USDJPY,151.813,151.813,151.80499999999998,151.809,132.0
2024-04-08 02:24:00,FX:USDJPY,151.809,151.82,151.809,151.813,136.0
2024-04-08 02:25:00,FX:USDJPY,151.813,151.81699999999998,151.807,151.809,90.0
2024-04-08 02:26:00,FX:USDJPY,151.809,151.815,151.80599999999998,151.813,57.0
2024-04-08 02:27:00,FX:USDJPY,151.813,151.819,151.79899999999998,151.81099999999998,149.0
2024-04-08 02:28:00,FX:USDJPY,151.81099999999998,151.819,151.81099999999998,151.81699999999998,119.0
2024-04-08 02:29:00,FX:USDJPY,151.81699999999998,151.82399999999998,151.81199999999998,151.813,112.0
2024-04-08 02:30:00,FX:USDJPY,151.813,151.825,151.81,151.81,175.0
2024-04-08 02:31:00,FX:USDJPY,151.81,151.816,151.807,151.815,117.0
2024-04-08 02:32:00,FX:USDJPY,151.815,151.816,151.809,151.81099999999998,68.0
2024-04-08 02:33:00,FX:USDJPY,151.81099999999998,151.814,151.797,151.79999999999998,110.0
2024-04-08 02:34:00,FX:USDJPY,151.79999999999998,151.815,151.79899999999998,151.814,76.0
2024-04-08 02:35:00,FX:USDJPY,151.814,151.81699999999998,151.81099999999998,151.813,86.0
2024-04-08 02:36:00,FX:USDJPY,151.813,151.813,151.802,151.807,145.0
2024-04-08 02:37:00,FX:USDJPY,151.807,151.826,151.807,151.82399999999998,170.0
2024-04-08 02:38:00,FX:USDJPY,151.82399999999998,151.826,151.822,151.82299999999998,95.0
2024-04-08 02:39:00,FX:USDJPY,151.82299999999998,151.82399999999998,151.81799999999998,151.821,85.0
2024-04-08 02:40:00,FX:USDJPY,151.821,151.826,151.82,151.82399999999998,106.0
2024-04-08 02:41:00,FX:USDJPY,151.82399999999998,151.82999999999998,151.819,151.82299999999998,84.0
2024-04-08 02:42:00,FX:USDJPY,151.82299999999998,151.825,151.81699999999998,151.82299999999998,136.0
2024-04-08 02:43:00,FX:USDJPY,151.82299999999998,151.825,151.822,151.82299999999998,82.0
2024-04-08 02:44:00,FX:USDJPY,151.82299999999998,151.825,151.816,151.822,101.0
2024-04-08 02:45:00,FX:USDJPY,151.822,151.834,151.82,151.822,187.0
2024-04-08 02:46:00,FX:USDJPY,151.822,151.82399999999998,151.819,151.82,90.0
2024-04-08 02:47:00,FX:USDJPY,151.82,151.82299999999998,151.81699999999998,151.819,91.0
2024-04-08 02:48:00,FX:USDJPY,151.819,151.82299999999998,151.81199999999998,151.822,140.0
2024-04-08 02:49:00,FX:USDJPY,151.822,151.82399999999998,151.821,151.822,121.0
2024-04-08 02:50:00,FX:USDJPY,151.822,151.825,151.797,151.79999999999998,174.0
2024-04-08 02:51:00,FX:USDJPY,151.79999999999998,151.80599999999998,151.798,151.798,110.0
2024-04-08 02:52:00,FX:USDJPY,151.798,151.80599999999998,151.789,151.795,147.0
2024-04-08 02:53:00,FX:USDJPY,151.795,151.804,151.79399999999998,151.796,128.0
2024-04-08 02:54:00,FX:USDJPY,151.796,151.79999999999998,151.783,151.784,159.0
2024-04-08 02:55:00,FX:USDJPY,151.784,151.785,151.774,151.77499999999998,161.0
2024-04-08 02:56:00,FX:USDJPY,151.77499999999998,151.778,151.762,151.765,189.0
2024-04-08 02:57:00,FX:USDJPY,151.765,151.765,151.754,151.755,188.0
2024-04-08 02:58:00,FX:USDJPY,151.755,151.768,151.754,151.761,131.0
2024-04-08 02:59:00,FX:USDJPY,151.761,151.762,151.756,151.75799999999998,193.0
2024-04-08 03:00:00,FX:USDJPY,151.75799999999998,151.79,151.756,151.789,229.0
2024-04-08 03:01:00,FX:USDJPY,151.789,151.79999999999998,151.774,151.783,196.0
2024-04-08 03:02:00,FX:USDJPY,151.783,151.802,151.78099999999998,151.79999999999998,204.0
2024-04-08 03:03:00,FX:USDJPY,151.79999999999998,151.813,151.79899999999998,151.803,200.0
2024-04-08 03:04:00,FX:USDJPY,151.803,151.81,151.795,151.808,213.0
2024-04-08 03:05:00,FX:USDJPY,151.808,151.814,151.803,151.807,139.0
2024-04-08 03:06:00,FX:USDJPY,151.807,151.81699999999998,151.801,151.81199999999998,169.0
2024-04-08 03:07:00,FX:USDJPY,151.81199999999998,151.82,151.801,151.807,210.0
2024-04-08 03:08:00,FX:USDJPY,151.807,151.819,151.80599999999998,151.814,197.0
2024-04-08 03:09:00,FX:USDJPY,151.814,151.819,151.807,151.807,92.0
2024-04-08 03:10:00,FX:USDJPY,151.807,151.819,151.807,151.81799999999998,142.0
2024-04-08 03:11:00,FX:USDJPY,151.81799999999998,151.825,151.81199999999998,151.81199999999998,108.0
2024-04-08 03:12:00,FX:USDJPY,151.81199999999998,151.82,151.81199999999998,151.813,104.0
2024-04-08 03:13:00,FX:USDJPY,151.813,151.82,151.81099999999998,151.819,171.0
2024-04-08 03:14:00,FX:USDJPY,151.819,151.828,151.81699999999998,151.819,185.0
2024-04-08 03:15:00,FX:USDJPY,151.819,151.82,151.81699999999998,151.81799999999998,156.0
2024-04-08 03:16:00,FX:USDJPY,151.81799999999998,151.821,151.81799999999998,151.821,109.0
2024-04-08 03:17:00,FX:USDJPY,151.821,151.821,151.809,151.81199999999998,137.0
2024-04-08 03:18:00,FX:USDJPY,151.81199999999998,151.819,151.809,151.814,149.0
2024-04-08 03:19:00,FX:USDJPY,151.814,151.82,151.81199999999998,151.81799999999998,121.0
2024-04-08 03:20:00,FX:USDJPY,151.81799999999998,151.827,151.808,151.814,120.0
2024-04-08 03:21:00,FX:USDJPY,151.814,151.825,151.814,151.822,92.0
2024-04-08 03:22:00,FX:USDJPY,151.822,151.83599999999998,151.822,151.832,147.0
2024-04-08 03:23:00,FX:USDJPY,151.832,151.837,151.828,151.82999999999998,141.0
2024-04-08 03:24:00,FX:USDJPY,151.82999999999998,151.83499999999998,151.82299999999998,151.825,153.0
2024-04-08 03:25:00,FX:USDJPY,151.825,151.84099999999998,151.825,151.834,148.0
2024-04-08 03:26:00,FX:USDJPY,151.834,151.83599999999998,151.826,151.82899999999998,98.0
2024-04-08 03:27:00,FX:USDJPY,151.82899999999998,151.83499999999998,151.828,151.833,100.0
2024-04-08 03:28:00,FX:USDJPY,151.833,151.84,151.833,151.833,101.0
2024-04-08 03:29:00,FX:USDJPY,151.833,151.84099999999998,151.833,151.84,136.0
2024-04-08 03:30:00,FX:USDJPY,151.84,151.855,151.832,151.844,195.0
2024-04-08 03:31:00,FX:USDJPY,151.844,151.845,151.84,151.844,108.0
2024-04-08 03:32:00,FX:USDJPY,151.844,151.85,151.839,151.84199999999998,148.0
2024-04-08 03:33:00,FX:USDJPY,151.84199999999998,151.84799999999998,151.84199999999998,151.844,96.0
2024-04-08 03:34:00,FX:USDJPY,151.844,151.845,151.84199999999998,151.843,101.0
2024-04-08 03:35:00,FX:USDJPY,151.843,151.843,151.828,151.83499999999998,142.0
2024-04-08 03:36:00,FX:USDJPY,151.83499999999998,151.839,151.82399999999998,151.826,126.0
2024-04-08 03:37:00,FX:USDJPY,151.826,151.831,151.819,151.831,155.0
2024-04-08 03:38:00,FX:USDJPY,151.831,151.83599999999998,151.82,151.833,140.0
2024-04-08 03:39:00,FX:USDJPY,151.833,151.84,151.832,151.834,137.0
2024-04-08 03:40:00,FX:USDJPY,151.834,151.84,151.833,151.838,106.0
2024-04-08 03:41:00,FX:USDJPY,151.838,151.84,151.83599999999998,151.839,59.0
2024-04-08 03:42:00,FX:USDJPY,151.839,151.839,151.82899999999998,151.839,149.0
2024-04-08 03:43:00,FX:USDJPY,151.839,151.84699999999998,151.834,151.839,156.0
2024-04-08 03:44:00,FX:USDJPY,151.839,151.84699999999998,151.838,151.844,158.0
2024-04-08 03:45:00,FX:USDJPY,151.844,151.84799999999998,151.838,151.839,123.0
2024-04-08 03:46:00,FX:USDJPY,151.839,151.84199999999998,151.839,151.84099999999998,47.0
2024-04-08 03:47:00,FX:USDJPY,151.84099999999998,151.84199999999998,151.832,151.839,115.0
2024-04-08 03:48:00,FX:USDJPY,151.839,151.839,151.831,151.833,128.0
2024-04-08 03:49:00,FX:USDJPY,151.833,151.84099999999998,151.82999999999998,151.839,123.0
2024-04-08 03:50:00,FX:USDJPY,151.839,151.855,151.83499999999998,151.843,122.0
2024-04-08 03:51:00,FX:USDJPY,151.843,151.843,151.82299999999998,151.82399999999998,126.0
2024-04-08 03:52:00,FX:USDJPY,151.82399999999998,151.832,151.82399999999998,151.828,105.0
2024-04-08 03:53:00,FX:USDJPY,151.828,151.84699999999998,151.827,151.84099999999998,107.0
2024-04-08 03:54:00,FX:USDJPY,151.84099999999998,151.844,151.83599999999998,151.839,104.0
2024-04-08 03:55:00,FX:USDJPY,151.839,151.85299999999998,151.839,151.852,124.0
2024-04-08 03:56:00,FX:USDJPY,151.852,151.864,151.846,151.85899999999998,232.0
2024-04-08 03:57:00,FX:USDJPY,151.85899999999998,151.875,151.851,151.873,188.0
2024-04-08 03:58:00,FX:USDJPY,151.873,151.876,151.86599999999999,151.873,212.0
2024-04-08 03:59:00,FX:USDJPY,151.873,151.87699999999998,151.86499999999998,151.869,113.0
2024-04-08 04:00:00,FX:USDJPY,151.869,151.87699999999998,151.864,151.876,148.0
2024-04-08 04:01:00,FX:USDJPY,151.876,151.87699999999998,151.863,151.86599999999999,213.0
2024-04-08 04:02:00,FX:USDJPY,151.86599999999999,151.875,151.863,151.863,168.0
2024-04-08 04:03:00,FX:USDJPY,151.863,151.86599999999999,151.862,151.863,135.0
2024-04-08 04:04:00,FX:USDJPY,151.863,151.863,151.84,151.85399999999998,199.0
2024-04-08 04:05:00,FX:USDJPY,151.85399999999998,151.855,151.843,151.85299999999998,129.0
2024-04-08 04:06:00,FX:USDJPY,151.85299999999998,151.855,151.843,151.844,108.0
2024-04-08 04:07:00,FX:USDJPY,151.844,151.846,151.84199999999998,151.845,75.0
2024-04-08 04:08:00,FX:USDJPY,151.845,151.852,151.843,151.84799999999998,102.0
2024-04-08 04:09:00,FX:USDJPY,151.84799999999998,151.863,151.84799999999998,151.85399999999998,120.0
2024-04-08 04:10:00,FX:USDJPY,151.85399999999998,151.86499999999998,151.85399999999998,151.864,144.0
2024-04-08 04:11:00,FX:USDJPY,151.864,151.87699999999998,151.863,151.875,158.0
2024-04-08 04:12:00,FX:USDJPY,151.875,151.879,151.862,151.862,189.0
2024-04-08 04:13:00,FX:USDJPY,151.862,151.864,151.85299999999998,151.861,205.0
2024-04-08 04:14:00,FX:USDJPY,151.861,151.864,151.85899999999998,151.862,95.0
2024-04-08 04:15:00,FX:USDJPY,151.862,151.868,151.862,151.867,126.0
2024-04-08 04:16:00,FX:USDJPY,151.867,151.88899999999998,151.867,151.885,173.0
2024-04-08 04:17:00,FX:USDJPY,151.885,151.885,151.875,151.884,196.0
2024-04-08 04:18:00,FX:USDJPY,151.884,151.898,151.884,151.893,190.0
2024-04-08 04:19:00,FX:USDJPY,151.893,151.897,151.88899999999998,151.88899999999998,184.0
2024-04-08 04:20:00,FX:USDJPY,151.88899999999998,151.899,151.886,151.88899999999998,168.0
2024-04-08 04:21:00,FX:USDJPY,151.88899999999998,151.902,151.855,151.879,387.0
2024-04-08 04:22:00,FX:USDJPY,151.879,151.885,151.87099999999998,151.87199999999999,164.0
2024-04-08 04:23:00,FX:USDJPY,151.87199999999999,151.88,151.855,151.85899999999998,229.0
2024-04-08 04:24:00,FX:USDJPY,151.85899999999998,151.862,151.85299999999998,151.85299999999998,204.0
2024-04-08 04:25:00,FX:USDJPY,151.85299999999998,151.879,151.85299999999998,151.878,204.0
2024-04-08 04:26:00,FX:USDJPY,151.878,151.891,151.87699999999998,151.88799999999998,190.0
2024-04-08 04:27:00,FX:USDJPY,151.88799999999998,151.89399999999998,151.882,151.88899999999998,168.0
2024-04-08 04:28:00,FX:USDJPY,151.88899999999998,151.897,151.88799999999998,151.892,152.0
2024-04-08 04:29:00,FX:USDJPY,151.892,151.897,151.886,151.897,191.0
2024-04-08 04:30:00,FX:USDJPY,151.897,151.90599999999998,151.893,151.897,198.0
2024-04-08 04:31:00,FX:USDJPY,151.897,151.898,151.884,151.887,88.0
2024-04-08 04:32:00,FX:USDJPY,151.887,151.88899999999998,151.88299999999998,151.886,79.0
2024-04-08 04:33:00,FX:USDJPY,151.886,151.887,151.87699999999998,151.886,79.0
2024-04-08 04:34:00,FX:USDJPY,151.886,151.887,151.879,151.879,74.0
2024-04-08 04:35:00,FX:USDJPY,151.879,151.88,151.86599999999999,151.87699999999998,133.0
2024-04-08 04:36:00,FX:USDJPY,151.87699999999998,151.885,151.876,151.87699999999998,168.0
2024-04-08 04:37:00,FX:USDJPY,151.87699999999998,151.887,151.87699999999998,151.886,151.0
2024-04-08 04:38:00,FX:USDJPY,151.886,151.887,151.88299999999998,151.884,109.0
2024-04-08 04:39:00,FX:USDJPY,151.884,151.885,151.87699999999998,151.879,128.0
2024-04-08 04:40:00,FX:USDJPY,151.879,151.885,151.878,151.88299999999998,117.0
2024-04-08 04:41:00,FX:USDJPY,151.88299999999998,151.897,151.88299999999998,151.886,97.0
2024-04-08 04:42:00,FX:USDJPY,151.886,151.88899999999998,151.885,151.88799999999998,76.0
2024-04-08 04:43:00,FX:USDJPY,151.88799999999998,151.896,151.885,151.891,98.0
2024-04-08 04:44:00,FX:USDJPY,151.891,151.896,151.887,151.88899999999998,126.0
2024-04-08 04:45:00,FX:USDJPY,151.88899999999998,151.89999999999998,151.88799999999998,151.897,155.0
2024-04-08 04:46:00,FX:USDJPY,151.897,151.898,151.893,151.897,120.0
2024-04-08 04:47:00,FX:USDJPY,151.897,151.897,151.886,151.89,182.0
2024-04-08 04:48:00,FX:USDJPY,151.89,151.899,151.88899999999998,151.898,100.0
2024-04-08 04:49:00,FX:USDJPY,151.898,151.90699999999998,151.892,151.89499999999998,143.0
2024-04-08 04:50:00,FX:USDJPY,151.89499999999998,151.898,151.88899999999998,151.896,81.0
2024-04-08 04:51:00,FX:USDJPY,151.896,151.898,151.891,151.896,67.0
2024-04-08 04:52:00,FX:USDJPY,151.896,151.899,151.88299999999998,151.88299999999998,106.0
2024-04-08 04:53:00,FX:USDJPY,151.88299999999998,151.893,151.881,151.886,156.0
2024-04-08 04:54:00,FX:USDJPY,151.886,151.898,151.885,151.897,106.0
2024-04-08 04:55:00,FX:USDJPY,151.897,151.904,151.89499999999998,151.902,151.0
2024-04-08 04:56:00,FX:USDJPY,151.902,151.905,151.893,151.898,141.0
2024-04-08 04:57:00,FX:USDJPY,151.898,151.898,151.893,151.89499999999998,141.0
2024-04-08 04:58:00,FX:USDJPY,151.89499999999998,151.90699999999998,151.89499999999998,151.90699999999998,129.0
2024-04-08 04:59:00,FX:USDJPY,151.90699999999998,151.91299999999998,151.899,151.90699999999998,177.0
2024-04-08 05:00:00,FX:USDJPY,151.90699999999998,151.91899999999998,151.905,151.91899999999998,246.0
2024-04-08 05:01:00,FX:USDJPY,151.91899999999998,151.91899999999998,151.91299999999998,151.917,89.0
2024-04-08 05:02:00,FX:USDJPY,151.917,151.91799999999998,151.89399999999998,151.89499999999998,147.0
2024-04-08 05:03:00,FX:USDJPY,151.89499999999998,151.897,151.884,151.887,118.0
2024-04-08 05:04:00,FX:USDJPY,151.887,151.89399999999998,151.884,151.89399999999998,112.0
2024-04-08 05:05:00,FX:USDJPY,151.89399999999998,151.89399999999998,151.885,151.893,154.0
2024-04-08 05:06:00,FX:USDJPY,151.893,151.898,151.893,151.89499999999998,103.0
2024-04-08 05:07:00,FX:USDJPY,151.89499999999998,151.899,151.893,151.89499999999998,103.0
2024-04-08 05:08:00,FX:USDJPY,151.89499999999998,151.897,151.89399999999998,151.897,63.0
2024-04-08 05:09:00,FX:USDJPY,151.897,151.90699999999998,151.89499999999998,151.90099999999998,132.0
2024-04-08 05:10:00,FX:USDJPY,151.90099999999998,151.905,151.89399999999998,151.896,113.0
2024-04-08 05:11:00,FX:USDJPY,151.896,151.90599999999998,151.896,151.898,106.0
2024-04-08 05:12:00,FX:USDJPY,151.898,151.904,151.898,151.899,146.0
2024-04-08 05:13:00,FX:USDJPY,151.899,151.90099999999998,151.898,151.89999999999998,129.0
2024-04-08 05:14:00,FX:USDJPY,151.89999999999998,151.908,151.898,151.90699999999998,165.0
2024-04-08 05:15:00,FX:USDJPY,151.90699999999998,151.91,151.90699999999998,151.909,82.0
2024-04-08 05:16:00,FX:USDJPY,151.909,151.915,151.896,151.897,94.0
2024-04-08 05:17:00,FX:USDJPY,151.897,151.897,151.88899999999998,151.89499999999998,124.0
2024-04-08 05:18:00,FX:USDJPY,151.89499999999998,151.90599999999998,151.89499999999998,151.902,131.0
2024-04-08 05:19:00,FX:USDJPY,151.902,151.90699999999998,151.896,151.898,119.0
2024-04-08 05:20:00,FX:USDJPY,151.898,151.90699999999998,151.896,151.899,109.0
2024-04-08 05:21:00,FX:USDJPY,151.899,151.91,151.898,151.909,125.0
2024-04-08 05:22:00,FX:USDJPY,151.909,151.909,151.898,151.90099999999998,148.0
2024-04-08 05:23:00,FX:USDJPY,151.90099999999998,151.903,151.898,151.90099999999998,145.0
2024-04-08 05:24:00,FX:USDJPY,151.90099999999998,151.908,151.897,151.90099999999998,197.0
2024-04-08 05:25:00,FX:USDJPY,151.90099999999998,151.908,151.899,151.899,165.0
2024-04-08 05:26:00,FX:USDJPY,151.899,151.909,151.899,151.909,126.0
2024-04-08 05:27:00,FX:USDJPY,151.909,151.91299999999998,151.905,151.911,130.0
2024-04-08 05:28:00,FX:USDJPY,151.911,151.91799999999998,151.90699999999998,151.909,138.0
2024-04-08 05:29:00,FX:USDJPY,151.909,151.91299999999998,151.908,151.911,84.0
2024-04-08 05:30:00,FX:USDJPY,151.911,151.91199999999998,151.89499999999998,151.89499999999998,174.0
2024-04-08 05:31:00,FX:USDJPY,151.89499999999998,151.904,151.88799999999998,151.904,147.0
2024-04-08 05:32:00,FX:USDJPY,151.904,151.90599999999998,151.89499999999998,151.89499999999998,147.0
2024-04-08 05:33:00,FX:USDJPY,151.89499999999998,151.897,151.88899999999998,151.89499999999998,145.0
2024-04-08 05:34:00,FX:USDJPY,151.89499999999998,151.896,151.882,151.88299999999998,156.0
2024-04-08 05:35:00,FX:USDJPY,151.88299999999998,151.88899999999998,151.882,151.884,114.0
2024-04-08 05:36:00,FX:USDJPY,151.884,151.88899999999998,151.88299999999998,151.884,133.0
2024-04-08 05:37:00,FX:USDJPY,151.884,151.898,151.884,151.89499999999998,111.0
2024-04-08 05:38:00,FX:USDJPY,151.89499999999998,151.898,151.89399999999998,151.896,124.0
2024-04-08 05:39:00,FX:USDJPY,151.896,151.90699999999998,151.896,151.905,144.0
2024-04-08 05:40:00,FX:USDJPY,151.905,151.90599999999998,151.89499999999998,151.896,163.0
2024-04-08 05:41:00,FX:USDJPY,151.896,151.896,151.886,151.886,125.0
2024-04-08 05:42:00,FX:USDJPY,151.886,151.887,151.88299999999998,151.885,97.0
2024-04-08 05:43:00,FX:USDJPY,151.885,151.886,151.874,151.876,185.0
2024-04-08 05:44:00,FX:USDJPY,151.876,151.88299999999998,151.87099999999998,151.873,172.0
2024-04-08 05:45:00,FX:USDJPY,151.873,151.874,151.862,151.86499999999998,125.0
2024-04-08 05:46:00,FX:USDJPY,151.86499999999998,151.87199999999999,151.864,151.87,109.0
2024-04-08 05:47:00,FX:USDJPY,151.87,151.87199999999999,151.869,151.87099999999998,124.0
2024-04-08 05:48:00,FX:USDJPY,151.87099999999998,151.88899999999998,151.87,151.886,61.0
2024-04-08 05:49:00,FX:USDJPY,151.886,151.88799999999998,151.885,151.887,19.0
2024-04-08 05:50:00,FX:USDJPY,151.887,151.893,151.887,151.89,55.0
2024-04-08 05:51:00,FX:USDJPY,151.89,151.892,151.88299999999998,151.884,50.0
2024-04-08 05:52:00,FX:USDJPY,151.884,151.886,151.884,151.884,68.0
2024-04-08 05:53:00,FX:USDJPY,151.884,151.884,151.881,151.882,111.0
2024-04-08 05:54:00,FX:USDJPY,151.882,151.88299999999998,151.88,151.881,71.0
2024-04-08 05:55:00,FX:USDJPY,151.881,151.887,151.88,151.88299999999998,81.0
2024-04-08 05:56:00,FX:USDJPY,151.88299999999998,151.89,151.882,151.88799999999998,71.0
2024-04-08 05:57:00,FX:USDJPY,151.88799999999998,151.88799999999998,151.882,151.885,58.0
2024-04-08 05:58:00,FX:USDJPY,151.885,151.885,151.882,151.882,67.0
2024-04-08 05:59:00,FX:USDJPY,151.882,151.885,151.87199999999999,151.87199999999999,112.0
2024-04-08 06:00:00,FX:USDJPY,151.87199999999999,151.876,151.87099999999998,151.874,122.0
2024-04-08 06:01:00,FX:USDJPY,151.874,151.88799999999998,151.874,151.887,104.0
2024-04-08 06:02:00,FX:USDJPY,151.887,151.88899999999998,151.881,151.884,70.0
2024-04-08 06:03:00,FX:USDJPY,151.884,151.887,151.882,151.882,108.0
2024-04-08 06:04:00,FX:USDJPY,151.882,151.88299999999998,151.87199999999999,151.873,77.0
2024-04-08 06:05:00,FX:USDJPY,151.873,151.876,151.861,151.867,86.0
2024-04-08 06:06:00,FX:USDJPY,151.867,151.873,151.867,151.87,78.0
2024-04-08 06:07:00,FX:USDJPY,151.87,151.873,151.87,151.87199999999999,76.0
2024-04-08 06:08:00,FX:USDJPY,151.87199999999999,151.874,151.863,151.863,91.0
2024-04-08 06:09:00,FX:USDJPY,151.863,151.868,151.85899999999998,151.862,112.0
2024-04-08 06:10:00,FX:USDJPY,151.862,151.869,151.856,151.85999999999999,141.0
2024-04-08 06:11:00,FX:USDJPY,151.85999999999999,151.863,151.856,151.862,123.0
2024-04-08 06:12:00,FX:USDJPY,151.862,151.86599999999999,151.857,151.861,106.0
2024-04-08 06:13:00,FX:USDJPY,151.861,151.861,151.85,151.85999999999999,132.0
2024-04-08 06:14:00,FX:USDJPY,151.85999999999999,151.863,151.857,151.861,90.0
2024-04-08 06:15:00,FX:USDJPY,151.861,151.864,151.85999999999999,151.863,44.0
2024-04-08 06:16:00,FX:USDJPY,151.863,151.868,151.861,151.868,75.0
2024-04-08 06:17:00,FX:USDJPY,151.868,151.87199999999999,151.857,151.85899999999998,143.0
2024-04-08 06:18:00,FX:USDJPY,151.85899999999998,151.85999999999999,151.856,151.858,107.0
2024-04-08 06:19:00,FX:USDJPY,151.858,151.861,151.856,151.85999999999999,40.0
2024-04-08 06:20:00,FX:USDJPY,151.85999999999999,151.86599999999999,151.85899999999998,151.864,92.0
2024-04-08 06:21:00,FX:USDJPY,151.864,151.86499999999998,151.85299999999998,151.85999999999999,124.0
2024-04-08 06:22:00,FX:USDJPY,151.85999999999999,151.85999999999999,151.844,151.849,123.0
2024-04-08 06:23:00,FX:USDJPY,151.849,151.849,151.837,151.837,70.0
2024-04-08 06:24:00,FX:USDJPY,151.837,151.84,151.837,151.839,47.0
2024-04-08 06:25:00,FX:USDJPY,151.839,151.84199999999998,151.83499999999998,151.838,51.0
2024-04-08 06:26:00,FX:USDJPY,151.838,151.84099999999998,151.828,151.82899999999998,72.0
2024-04-08 06:27:00,FX:USDJPY,151.82899999999998,151.834,151.826,151.831,115.0
2024-04-08 06:28:00,FX:USDJPY,151.831,151.84,151.831,151.83599999999998,114.0
2024-04-08 06:29:00,FX:USDJPY,151.83599999999998,151.83599999999998,151.827,151.828,132.0
2024-04-08 06:30:00,FX:USDJPY,151.828,151.843,151.828,151.833,144.0
2024-04-08 06:31:00,FX:USDJPY,151.833,151.834,151.828,151.82899999999998,64.0
2024-04-08 06:32:00,FX:USDJPY,151.82899999999998,151.82999999999998,151.826,151.82899999999998,52.0
2024-04-08 06:33:00,FX:USDJPY,151.82899999999998,151.82899999999998,151.826,151.827,88.0
2024-04-08 06:34:00,FX:USDJPY,151.827,151.837,151.827,151.83599999999998,126.0
2024-04-08 06:35:00,FX:USDJPY,151.83599999999998,151.846,151.83599999999998,151.84199999999998,126.0
2024-04-08 06:36:00,FX:USDJPY,151.84199999999998,151.84199999999998,151.83499999999998,151.84,61.0
2024-04-08 06:37:00,FX:USDJPY,151.84,151.845,151.839,151.839,63.0
2024-04-08 06:38:00,FX:USDJPY,151.839,151.846,151.838,151.843,66.0
2024-04-08 06:39:00,FX:USDJPY,151.843,151.85299999999998,151.839,151.852,77.0
2024-04-08 06:40:00,FX:USDJPY,151.852,151.85299999999998,151.84699999999998,151.85,119.0
2024-04-08 06:41:00,FX:USDJPY,151.85,151.85299999999998,151.849,151.85,86.0
2024-04-08 06:42:00,FX:USDJPY,151.85,151.85299999999998,151.84699999999998,151.852,109.0
2024-04-08 06:43:00,FX:USDJPY,151.852,151.862,151.849,151.849,64.0
2024-04-08 06:44:00,FX:USDJPY,151.849,151.851,151.846,151.849,57.0
2024-04-08 06:45:00,FX:USDJPY,151.849,151.85,151.84799999999998,151.85,13.0
2024-04-08 06:46:00,FX:USDJPY,151.85,151.85399999999998,151.849,151.849,53.0
2024-04-08 06:47:00,FX:USDJPY,151.849,151.855,151.84799999999998,151.85399999999998,110.0
2024-04-08 06:48:00,FX:USDJPY,151.85399999999998,151.863,151.85,151.863,97.0
2024-04-08 06:49:00,FX:USDJPY,151.863,151.864,151.85299999999998,151.85399999999998,131.0
2024-04-08 06:50:00,FX:USDJPY,151.85399999999998,151.855,151.852,151.85299999999998,86.0
2024-04-08 06:51:00,FX:USDJPY,151.85299999999998,151.857,151.852,151.855,130.0
2024-04-08 06:52:00,FX:USDJPY,151.855,151.85899999999998,151.85399999999998,151.85399999999998,67.0
2024-04-08 06:53:00,FX:USDJPY,151.85399999999998,151.856,151.843,151.844,93.0
2024-04-08 06:54:00,FX:USDJPY,151.844,151.852,151.844,151.85,99.0
2024-04-08 06:55:00,FX:USDJPY,151.85,151.85,151.843,151.85,101.0
2024-04-08 06:56:00,FX:USDJPY,151.85,151.851,151.84699999999998,151.85,90.0
2024-04-08 06:57:00,FX:USDJPY,151.85,151.855,151.849,151.85399999999998,115.0
2024-04-08 06:58:00,FX:USDJPY,151.85399999999998,151.855,151.84699999999998,151.852,79.0
2024-04-08 06:59:00,FX:USDJPY,151.852,151.858,151.849,151.851,105.0
2024-04-08 07:00:00,FX:USDJPY,151.851,151.856,151.84699999999998,151.852,158.0
2024-04-08 07:01:00,FX:USDJPY,151.852,151.85999999999999,151.851,151.85999999999999,79.0
2024-04-08 07:02:00,FX:USDJPY,151.85999999999999,151.85999999999999,151.851,151.85399999999998,124.0
2024-04-08 07:03:00,FX:USDJPY,151.85399999999998,151.87199999999999,151.85399999999998,151.863,149.0
2024-04-08 07:04:00,FX:USDJPY,151.863,151.87199999999999,151.862,151.87,115.0
2024-04-08 07:05:00,FX:USDJPY,151.87,151.88299999999998,151.869,151.882,125.0
2024-04-08 07:06:00,FX:USDJPY,151.882,151.898,151.882,151.88899999999998,135.0
2024-04-08 07:07:00,FX:USDJPY,151.88899999999998,151.899,151.88899999999998,151.897,126.0
2024-04-08 07:08:00,FX:USDJPY,151.897,151.898,151.887,151.89399999999998,116.0
2024-04-08 07:09:00,FX:USDJPY,151.89399999999998,151.896,151.885,151.88799999999998,186.0
2024-04-08 07:10:00,FX:USDJPY,151.88799999999998,151.89,151.885,151.887,72.0
2024-04-08 07:11:00,FX:USDJPY,151.887,151.893,151.887,151.887,115.0
2024-04-08 07:12:00,FX:USDJPY,151.887,151.892,151.886,151.88799999999998,78.0
2024-04-08 07:13:00,FX:USDJPY,151.88799999999998,151.899,151.887,151.88899999999998,112.0
2024-04-08 07:14:00,FX:USDJPY,151.88899999999998,151.896,151.88799999999998,151.89399999999998,90.0
2024-04-08 07:15:00,FX:USDJPY,151.89399999999998,151.899,151.88799999999998,151.88799999999998,77.0
2024-04-08 07:16:00,FX:USDJPY,151.88799999999998,151.88899999999998,151.887,151.88799999999998,40.0
2024-04-08 07:17:00,FX:USDJPY,151.88799999999998,151.88899999999998,151.887,151.887,37.0
2024-04-08 07:18:00,FX:USDJPY,151.887,151.89399999999998,151.887,151.892,79.0
2024-04-08 07:19:00,FX:USDJPY,151.892,151.898,151.892,151.897,76.0
2024-04-08 07:20:00,FX:USDJPY,151.897,151.90099999999998,151.89499999999998,151.899,49.0
2024-04-08 07:21:00,FX:USDJPY,151.899,151.904,151.89,151.89,111.0
2024-04-08 07:22:00,FX:USDJPY,151.89,151.902,151.89,151.902,99.0
2024-04-08 07:23:00,FX:USDJPY,151.902,151.905,151.89999999999998,151.904,113.0
2024-04-08 07:24:00,FX:USDJPY,151.904,151.90699999999998,151.90099999999998,151.90599999999998,115.0
2024-04-08 07:25:00,FX:USDJPY,151.90599999999998,151.908,151.904,151.90699999999998,91.0
2024-04-08 07:26:00,FX:USDJPY,151.90699999999998,151.91299999999998,151.90599999999998,151.90699999999998,72.0
2024-04-08 07:27:00,FX:USDJPY,151.90699999999998,151.91199999999998,151.90699999999998,151.909,105.0
2024-04-08 07:28:00,FX:USDJPY,151.909,151.909,151.90599999999998,151.90599999999998,73.0
2024-04-08 07:29:00,FX:USDJPY,151.90599999999998,151.90699999999998,151.899,151.90599999999998,81.0
2024-04-08 07:30:00,FX:USDJPY,151.90599999999998,151.909,151.89999999999998,151.90099999999998,127.0
2024-04-08 07:31:00,FX:USDJPY,151.90099999999998,151.90599999999998,151.896,151.897,151.0
2024-04-08 07:32:00,FX:USDJPY,151.897,151.904,151.893,151.904,115.0
2024-04-08 07:33:00,FX:USDJPY,151.904,151.908,151.902,151.90599999999998,98.0
2024-04-08 07:34:00,FX:USDJPY,151.90599999999998,151.911,151.905,151.90599999999998,80.0
2024-04-08 07:35:00,FX:USDJPY,151.90599999999998,151.908,151.90099999999998,151.902,59.0
2024-04-08 07:36:00,FX:USDJPY,151.902,151.902,151.896,151.897,58.0
2024-04-08 07:37:00,FX:USDJPY,151.897,151.898,151.89499999999998,151.898,58.0
2024-04-08 07:38:00,FX:USDJPY,151.898,151.905,151.897,151.904,97.0
2024-04-08 07:39:00,FX:USDJPY,151.904,151.905,151.89999999999998,151.89999999999998,110.0
2024-04-08 07:40:00,FX:USDJPY,151.89999999999998,151.90099999999998,151.897,151.898,58.0
2024-04-08 07:41:00,FX:USDJPY,151.898,151.909,151.897,151.905,74.0
2024-04-08 07:42:00,FX:USDJPY,151.905,151.90599999999998,151.897,151.897,75.0
2024-04-08 07:43:00,FX:USDJPY,151.897,151.90099999999998,151.89499999999998,151.896,89.0
2024-04-08 07:44:00,FX:USDJPY,151.896,151.899,151.89399999999998,151.896,79.0
2024-04-08 07:45:00,FX:USDJPY,151.896,151.90699999999998,151.896,151.905,135.0
2024-04-08 07:46:00,FX:USDJPY,151.905,151.90699999999998,151.892,151.897,131.0
2024-04-08 07:47:00,FX:USDJPY,151.897,151.903,151.89499999999998,151.899,109.0
2024-04-08 07:48:00,FX:USDJPY,151.899,151.90699999999998,151.899,151.904,143.0
2024-04-08 07:49:00,FX:USDJPY,151.904,151.90599999999998,151.89399999999998,151.89399999999998,131.0
2024-04-08 07:50:00,FX:USDJPY,151.89399999999998,151.896,151.891,151.89399999999998,92.0
2024-04-08 07:51:00,FX:USDJPY,151.89399999999998,151.898,151.893,151.89499999999998,131.0
2024-04-08 07:52:00,FX:USDJPY,151.89499999999998,151.896,151.89,151.89499999999998,123.0
2024-04-08 07:53:00,FX:USDJPY,151.89499999999998,151.89999999999998,151.89399999999998,151.898,79.0
2024-04-08 07:54:00,FX:USDJPY,151.898,151.90699999999998,151.897,151.903,129.0
2024-04-08 07:55:00,FX:USDJPY,151.903,151.917,151.902,151.916,193.0
2024-04-08 07:56:00,FX:USDJPY,151.916,151.922,151.91299999999998,151.92,103.0
2024-04-08 07:57:00,FX:USDJPY,151.92,151.923,151.90699999999998,151.911,128.0
2024-04-08 07:58:00,FX:USDJPY,151.911,151.91199999999998,151.89999999999998,151.90599999999998,141.0
2024-04-08 07:59:00,FX:USDJPY,151.90599999999998,151.91799999999998,151.905,151.917,84.0
2024-04-08 08:00:00,FX:USDJPY,151.917,151.921,151.916,151.91799999999998,99.0
2024-04-08 08:01:00,FX:USDJPY,151.91799999999998,151.922,151.914,151.915,189.0
2024-04-08 08:02:00,FX:USDJPY,151.915,151.93099999999998,151.915,151.923,178.0
2024-04-08 08:03:00,FX:USDJPY,151.923,151.926,151.917,151.917,163.0
2024-04-08 08:04:00,FX:USDJPY,151.917,151.91799999999998,151.91299999999998,151.917,133.0
2024-04-08 08:05:00,FX:USDJPY,151.917,151.926,151.914,151.91899999999998,155.0
2024-04-08 08:06:00,FX:USDJPY,151.91899999999998,151.926,151.91899999999998,151.92399999999998,237.0
2024-04-08 08:07:00,FX:USDJPY,151.92399999999998,151.938,151.922,151.933,250.0
2024-04-08 08:08:00,FX:USDJPY,151.933,151.944,151.922,151.92499999999998,198.0
2024-04-08 08:09:00,FX:USDJPY,151.92499999999998,151.928,151.909,151.917,186.0
2024-04-08 08:10:00,FX:USDJPY,151.917,151.91899999999998,151.91299999999998,151.916,183.0
2024-04-08 08:11:00,FX:USDJPY,151.916,151.91799999999998,151.896,151.896,253.0
2024-04-08 08:12:00,FX:USDJPY,151.896,151.905,151.89,151.903,178.0
2024-04-08 08:13:00,FX:USDJPY,151.903,151.915,151.90099999999998,151.914,166.0
2024-04-08 08:14:00,FX:USDJPY,151.914,151.915,151.909,151.91299999999998,211.0
2024-04-08 08:15:00,FX:USDJPY,151.91299999999998,151.916,151.90599999999998,151.90699999999998,229.0
2024-04-08 08:16:00,FX:USDJPY,151.90699999999998,151.91199999999998,151.90699999999998,151.90699999999998,156.0
2024-04-08 08:17:00,FX:USDJPY,151.90699999999998,151.91,151.897,151.904,186.0
2024-04-08 08:18:00,FX:USDJPY,151.904,151.90599999999998,151.899,151.90099999999998,138.0
2024-04-08 08:19:00,FX:USDJPY,151.90099999999998,151.904,151.896,151.903,170.0
2024-04-08 08:20:00,FX:USDJPY,151.903,151.91,151.90099999999998,151.903,112.0
2024-04-08 08:21:00,FX:USDJPY,151.903,151.91799999999998,151.902,151.917,168.0
2024-04-08 08:22:00,FX:USDJPY,151.917,151.927,151.916,151.91899999999998,250.0
2024-04-08 08:23:00,FX:USDJPY,151.91899999999998,151.928,151.917,151.91799999999998,266.0
2024-04-08 08:24:00,FX:USDJPY,151.91799999999998,151.92,151.915,151.917,184.0
2024-04-08 08:25:00,FX:USDJPY,151.917,151.91899999999998,151.916,151.91899999999998,148.0
2024-04-08 08:26:00,FX:USDJPY,151.91899999999998,151.91899999999998,151.917,151.917,106.0
2024-04-08 08:27:00,FX:USDJPY,151.917,151.922,151.91299999999998,151.91799999999998,203.0
2024-04-08 08:28:00,FX:USDJPY,151.91799999999998,151.91899999999998,151.916,151.917,217.0
2024-04-08 08:29:00,FX:USDJPY,151.917,151.92,151.915,151.916,244.0
2024-04-08 08:30:00,FX:USDJPY,151.916,151.92,151.91299999999998,151.916,167.0
2024-04-08 08:31:00,FX:USDJPY,151.916,151.917,151.902,151.90599999999998,178.0
2024-04-08 08:32:00,FX:USDJPY,151.90599999999998,151.922,151.90599999999998,151.914,236.0
2024-04-08 08:33:00,FX:USDJPY,151.914,151.917,151.90699999999998,151.91199999999998,216.0
2024-04-08 08:34:00,FX:USDJPY,151.91199999999998,151.914,151.90599999999998,151.90599999999998,268.0
2024-04-08 08:35:00,FX:USDJPY,151.90599999999998,151.909,151.904,151.905,115.0
2024-04-08 08:36:00,FX:USDJPY,151.905,151.915,151.904,151.915,137.0
2024-04-08 08:37:00,FX:USDJPY,151.915,151.915,151.887,151.89,166.0
2024-04-08 08:38:00,FX:USDJPY,151.89,151.893,151.882,151.884,110.0
2024-04-08 08:39:00,FX:USDJPY,151.884,151.892,151.882,151.892,250.0
2024-04-08 08:40:00,FX:USDJPY,151.892,151.89499999999998,151.892,151.892,132.0
2024-04-08 08:41:00,FX:USDJPY,151.892,151.89399999999998,151.884,151.893,216.0
2024-04-08 08:42:00,FX:USDJPY,151.893,151.896,151.892,151.896,90.0
2024-04-08 08:43:00,FX:USDJPY,151.896,151.897,151.893,151.897,88.0
2024-04-08 08:44:00,FX:USDJPY,151.897,151.908,151.897,151.905,108.0
2024-04-08 08:45:00,FX:USDJPY,151.905,151.90699999999998,151.89399999999998,151.89499999999998,126.0
2024-04-08 08:46:00,FX:USDJPY,151.89499999999998,151.896,151.884,151.887,149.0
2024-04-08 08:47:00,FX:USDJPY,151.887,151.887,151.87199999999999,151.874,173.0
2024-04-08 08:48:00,FX:USDJPY,151.874,151.876,151.861,151.863,198.0
2024-04-08 08:49:00,FX:USDJPY,151.863,151.868,151.85999999999999,151.861,147.0
2024-04-08 08:50:00,FX:USDJPY,151.861,151.862,151.855,151.85999999999999,137.0
2024-04-08 08:51:00,FX:USDJPY,151.85999999999999,151.861,151.857,151.858,81.0
2024-04-08 08:52:00,FX:USDJPY,151.858,151.85999999999999,151.851,151.857,143.0
2024-04-08 08:53:00,FX:USDJPY,151.857,151.879,151.857,151.87099999999998,153.0
2024-04-08 08:54:00,FX:USDJPY,151.87099999999998,151.874,151.867,151.869,140.0
2024-04-08 08:55:00,FX:USDJPY,151.869,151.874,151.867,151.869,103.0
2024-04-08 08:56:00,FX:USDJPY,151.869,151.87699999999998,151.868,151.87099999999998,135.0
2024-04-08 08:57:00,FX:USDJPY,151.87099999999998,151.885,151.87,151.884,119.0
2024-04-08 08:58:00,FX:USDJPY,151.884,151.884,151.882,151.882,144.0
2024-04-08 08:59:00,FX:USDJPY,151.882,151.89,151.875,151.878,207.0
2024-04-08 09:00:00,FX:USDJPY,151.878,151.879,151.85399999999998,151.855,250.0
2024-04-08 09:01:00,FX:USDJPY,151.855,151.861,151.85,151.856,215.0
2024-04-08 09:02:00,FX:USDJPY,151.856,151.85999999999999,151.84799999999998,151.849,225.0
2024-04-08 09:03:00,FX:USDJPY,151.849,151.85,151.81099999999998,151.813,223.0
2024-04-08 09:04:00,FX:USDJPY,151.813,151.82399999999998,151.81,151.81199999999998,287.0
2024-04-08 09:05:00,FX:USDJPY,151.81199999999998,151.82399999999998,151.81099999999998,151.821,198.0
2024-04-08 09:06:00,FX:USDJPY,151.821,151.82899999999998,151.81699999999998,151.828,225.0
2024-04-08 09:07:00,FX:USDJPY,151.828,151.831,151.82399999999998,151.82899999999998,257.0
2024-04-08 09:08:00,FX:USDJPY,151.82899999999998,151.837,151.825,151.827,312.0
2024-04-08 09:09:00,FX:USDJPY,151.827,151.83599999999998,151.825,151.834,226.0
2024-04-08 09:10:00,FX:USDJPY,151.834,151.85,151.832,151.844,322.0
2024-04-08 09:11:00,FX:USDJPY,151.844,151.845,151.828,151.839,192.0
2024-04-08 09:12:00,FX:USDJPY,151.839,151.845,151.839,151.843,181.0
2024-04-08 09:13:00,FX:USDJPY,151.843,151.858,151.84199999999998,151.85399999999998,237.0
2024-04-08 09:14:00,FX:USDJPY,151.85399999999998,151.855,151.851,151.85299999999998,151.0
2024-04-08 09:15:00,FX:USDJPY,151.85299999999998,151.85999999999999,151.851,151.85399999999998,189.0
2024-04-08 09:16:00,FX:USDJPY,151.85399999999998,151.858,151.84799999999998,151.85299999999998,185.0
2024-04-08 09:17:00,FX:USDJPY,151.85299999999998,151.85399999999998,151.84699999999998,151.85299999999998,186.0
2024-04-08 09:18:00,FX:USDJPY,151.85299999999998,151.85899999999998,151.849,151.85299999999998,154.0
2024-04-08 09:19:00,FX:USDJPY,151.85299999999998,151.855,151.85,151.851,124.0
2024-04-08 09:20:00,FX:USDJPY,151.851,151.85299999999998,151.84099999999998,151.84099999999998,144.0
2024-04-08 09:21:00,FX:USDJPY,151.84099999999998,151.84199999999998,151.834,151.838,106.0
2024-04-08 09:22:00,FX:USDJPY,151.838,151.839,151.825,151.826,171.0
2024-04-08 09:23:00,FX:USDJPY,151.826,151.82899999999998,151.826,151.826,115.0
2024-04-08 09:24:00,FX:USDJPY,151.826,151.84199999999998,151.826,151.838,141.0
2024-04-08 09:25:00,FX:USDJPY,151.838,151.85,151.834,151.84099999999998,124.0
2024-04-08 09:26:00,FX:USDJPY,151.84099999999998,151.845,151.83499999999998,151.84199999999998,101.0
2024-04-08 09:27:00,FX:USDJPY,151.84199999999998,151.84199999999998,151.816,151.819,185.0
2024-04-08 09:28:00,FX:USDJPY,151.819,151.82,151.802,151.808,293.0
2024-04-08 09:29:00,FX:USDJPY,151.808,151.82299999999998,151.80599999999998,151.816,217.0
2024-04-08 09:30:00,FX:USDJPY,151.816,151.822,151.807,151.816,247.0
2024-04-08 09:31:00,FX:USDJPY,151.816,151.832,151.81,151.82999999999998,189.0
2024-04-08 09:32:00,FX:USDJPY,151.82999999999998,151.832,151.82,151.822,193.0
2024-04-08 09:33:00,FX:USDJPY,151.822,151.82999999999998,151.81799999999998,151.825,199.0
2024-04-08 09:34:00,FX:USDJPY,151.825,151.827,151.808,151.809,214.0
2024-04-08 09:35:00,FX:USDJPY,151.809,151.831,151.809,151.82,250.0
2024-04-08 09:36:00,FX:USDJPY,151.82,151.82999999999998,151.81699999999998,151.82899999999998,240.0
2024-04-08 09:37:00,FX:USDJPY,151.82899999999998,151.831,151.81799999999998,151.819,209.0
2024-04-08 09:38:00,FX:USDJPY,151.819,151.822,151.808,151.82,165.0
2024-04-08 09:39:00,FX:USDJPY,151.82,151.82,151.807,151.808,182.0
2024-04-08 09:40:00,FX:USDJPY,151.808,151.814,151.76299999999998,151.76299999999998,398.0
2024-04-08 09:41:00,FX:USDJPY,151.76299999999998,151.78099999999998,151.76299999999998,151.78,243.0
2024-04-08 09:42:00,FX:USDJPY,151.78,151.786,151.77499999999998,151.78199999999998,179.0
2024-04-08 09:43:00,FX:USDJPY,151.78199999999998,151.78699999999998,151.78,151.785,130.0
2024-04-08 09:44:00,FX:USDJPY,151.785,151.798,151.78199999999998,151.797,240.0
2024-04-08 09:45:00,FX:USDJPY,151.797,151.79899999999998,151.76299999999998,151.76399999999998,373.0
2024-04-08 09:46:00,FX:USDJPY,151.76399999999998,151.783,151.76299999999998,151.774,410.0
2024-04-08 09:47:00,FX:USDJPY,151.774,151.78099999999998,151.771,151.78,299.0
2024-04-08 09:48:00,FX:USDJPY,151.78,151.786,151.774,151.786,278.0
2024-04-08 09:49:00,FX:USDJPY,151.786,151.78699999999998,151.77599999999998,151.783,238.0
2024-04-08 09:50:00,FX:USDJPY,151.783,151.79999999999998,151.78199999999998,151.78799999999998,309.0
2024-04-08 09:51:00,FX:USDJPY,151.78799999999998,151.79899999999998,151.784,151.79299999999998,294.0
2024-04-08 09:52:00,FX:USDJPY,151.79299999999998,151.79899999999998,151.78,151.78199999999998,151.0
2024-04-08 09:53:00,FX:USDJPY,151.78199999999998,151.78199999999998,151.766,151.772,141.0
2024-04-08 09:54:00,FX:USDJPY,151.772,151.773,151.76,151.762,212.0
2024-04-08 09:55:00,FX:USDJPY,151.762,151.772,151.76,151.76299999999998,193.0
2024-04-08 09:56:00,FX:USDJPY,151.76299999999998,151.76999999999998,151.75199999999998,151.75199999999998,149.0
2024-04-08 09:57:00,FX:USDJPY,151.75199999999998,151.754,151.718,151.72899999999998,331.0
2024-04-08 09:58:00,FX:USDJPY,151.72899999999998,151.73999999999998,151.72799999999998,151.73499999999999,211.0
2024-04-08 09:59:00,FX:USDJPY,151.73499999999999,151.749,151.73499999999999,151.737,152.0
2024-04-08 10:00:00,FX:USDJPY,151.737,151.75199999999998,151.72899999999998,151.748,188.0
2024-04-08 10:01:00,FX:USDJPY,151.748,151.757,151.74699999999999,151.75,170.0
2024-04-08 10:02:00,FX:USDJPY,151.75,151.783,151.749,151.77499999999998,314.0
2024-04-08 10:03:00,FX:USDJPY,151.77499999999998,151.784,151.76899999999998,151.76999999999998,376.0
2024-04-08 10:04:00,FX:USDJPY,151.76999999999998,151.778,151.767,151.772,282.0
2024-04-08 10:05:00,FX:USDJPY,151.772,151.78099999999998,151.767,151.773,269.0
2024-04-08 10:06:00,FX:USDJPY,151.773,151.77499999999998,151.768,151.773,269.0
2024-04-08 10:07:00,FX:USDJPY,151.773,151.802,151.773,151.79999999999998,292.0
2024-04-08 10:08:00,FX:USDJPY,151.79999999999998,151.807,151.796,151.807,215.0
2024-04-08 10:09:00,FX:USDJPY,151.807,151.82,151.804,151.819,230.0
2024-04-08 10:10:00,FX:USDJPY,151.819,151.82299999999998,151.808,151.819,222.0
2024-04-08 10:11:00,FX:USDJPY,151.819,151.822,151.815,151.821,146.0
2024-04-08 10:12:00,FX:USDJPY,151.821,151.822,151.816,151.816,82.0
2024-04-08 10:13:00,FX:USDJPY,151.816,151.816,151.79899999999998,151.79999999999998,146.0
2024-04-08 10:14:00,FX:USDJPY,151.79999999999998,151.803,151.789,151.798,188.0
2024-04-08 10:15:00,FX:USDJPY,151.798,151.808,151.797,151.807,143.0
2024-04-08 10:16:00,FX:USDJPY,151.807,151.819,151.802,151.816,254.0
2024-04-08 10:17:00,FX:USDJPY,151.816,151.822,151.81,151.81,190.0
2024-04-08 10:18:00,FX:USDJPY,151.81,151.815,151.807,151.81,190.0
2024-04-08 10:19:00,FX:USDJPY,151.81,151.82999999999998,151.81,151.819,212.0
2024-04-08 10:20:00,FX:USDJPY,151.819,151.82299999999998,151.814,151.821,196.0
2024-04-08 10:21:00,FX:USDJPY,151.821,151.82299999999998,151.819,151.82,156.0
2024-04-08 10:22:00,FX:USDJPY,151.82,151.832,151.81099999999998,151.813,251.0
2024-04-08 10:23:00,FX:USDJPY,151.813,151.813,151.80599999999998,151.808,205.0
2024-04-08 10:24:00,FX:USDJPY,151.808,151.82,151.808,151.81,208.0
2024-04-08 10:25:00,FX:USDJPY,151.81,151.81099999999998,151.797,151.809,203.0
2024-04-08 10:26:00,FX:USDJPY,151.809,151.81,151.801,151.804,204.0
2024-04-08 10:27:00,FX:USDJPY,151.804,151.807,151.792,151.796,122.0
2024-04-08 10:28:00,FX:USDJPY,151.796,151.807,151.79299999999998,151.803,228.0
2024-04-08 10:29:00,FX:USDJPY,151.803,151.809,151.79899999999998,151.807,133.0
2024-04-08 10:30:00,FX:USDJPY,151.807,151.82899999999998,151.807,151.81799999999998,270.0
2024-04-08 10:31:00,FX:USDJPY,151.81799999999998,151.819,151.795,151.816,310.0
2024-04-08 10:32:00,FX:USDJPY,151.816,151.82999999999998,151.807,151.82,232.0
2024-04-08 10:33:00,FX:USDJPY,151.82,151.821,151.807,151.816,171.0
2024-04-08 10:34:00,FX:USDJPY,151.816,151.82,151.79899999999998,151.802,207.0
2024-04-08 10:35:00,FX:USDJPY,151.802,151.81699999999998,151.795,151.815,263.0
2024-04-08 10:36:00,FX:USDJPY,151.815,151.816,151.80599999999998,151.80599999999998,213.0
2024-04-08 10:37:00,FX:USDJPY,151.80599999999998,151.809,151.798,151.807,174.0
2024-04-08 10:38:00,FX:USDJPY,151.807,151.814,151.803,151.807,201.0
2024-04-08 10:39:00,FX:USDJPY,151.807,151.815,151.80599999999998,151.814,177.0
2024-04-08 10:40:00,FX:USDJPY,151.814,151.826,151.814,151.82399999999998,176.0
2024-04-08 10:41:00,FX:USDJPY,151.82399999999998,151.84099999999998,151.82299999999998,151.839,136.0
2024-04-08 10:42:00,FX:USDJPY,151.839,151.845,151.82899999999998,151.83599999999998,224.0
2024-04-08 10:43:00,FX:USDJPY,151.83599999999998,151.838,151.82899999999998,151.83499999999998,138.0
2024-04-08 10:44:00,FX:USDJPY,151.83499999999998,151.838,151.822,151.82299999999998,128.0
2024-04-08 10:45:00,FX:USDJPY,151.82299999999998,151.82899999999998,151.815,151.816,166.0
2024-04-08 10:46:00,FX:USDJPY,151.816,151.826,151.816,151.82399999999998,138.0
2024-04-08 10:47:00,FX:USDJPY,151.82399999999998,151.825,151.808,151.81199999999998,142.0
2024-04-08 10:48:00,FX:USDJPY,151.81199999999998,151.81799999999998,151.792,151.814,308.0
2024-04-08 10:49:00,FX:USDJPY,151.814,151.81699999999998,151.79299999999998,151.796,168.0
2024-04-08 10:50:00,FX:USDJPY,151.796,151.79899999999998,151.786,151.792,220.0
2024-04-08 10:51:00,FX:USDJPY,151.792,151.796,151.784,151.79399999999998,167.0
2024-04-08 10:52:00,FX:USDJPY,151.79399999999998,151.81199999999998,151.79399999999998,151.807,129.0
2024-04-08 10:53:00,FX:USDJPY,151.807,151.822,151.807,151.819,166.0
2024-04-08 10:54:00,FX:USDJPY,151.819,151.828,151.807,151.81699999999998,194.0
2024-04-08 10:55:00,FX:USDJPY,151.81699999999998,151.82,151.804,151.80499999999998,268.0
2024-04-08 10:56:00,FX:USDJPY,151.80499999999998,151.816,151.795,151.813,274.0
2024-04-08 10:57:00,FX:USDJPY,151.813,151.815,151.804,151.809,275.0
2024-04-08 10:58:00,FX:USDJPY,151.809,151.81,151.802,151.804,205.0
2024-04-08 10:59:00,FX:USDJPY,151.804,151.815,151.801,151.81199999999998,225.0
2024-04-08 11:00:00,FX:USDJPY,151.81199999999998,151.816,151.79899999999998,151.79899999999998,279.0
2024-04-08 11:01:00,FX:USDJPY,151.79899999999998,151.80499999999998,151.796,151.79899999999998,190.0
2024-04-08 11:02:00,FX:USDJPY,151.79899999999998,151.804,151.79399999999998,151.803,179.0
2024-04-08 11:03:00,FX:USDJPY,151.803,151.80499999999998,151.796,151.804,196.0
2024-04-08 11:04:00,FX:USDJPY,151.804,151.80599999999998,151.797,151.803,122.0
2024-04-08 11:05:00,FX:USDJPY,151.803,151.81799999999998,151.802,151.80599999999998,152.0
2024-04-08 11:06:00,FX:USDJPY,151.80599999999998,151.81199999999998,151.80599999999998,151.807,171.0
2024-04-08 11:07:00,FX:USDJPY,151.807,151.808,151.80599999999998,151.807,185.0
2024-04-08 11:08:00,FX:USDJPY,151.807,151.81199999999998,151.80599999999998,151.808,141.0
2024-04-08 11:09:00,FX:USDJPY,151.808,151.81,151.801,151.81,225.0
2024-04-08 11:10:00,FX:USDJPY,151.81,151.81099999999998,151.80499999999998,151.80499999999998,183.0
2024-04-08 11:11:00,FX:USDJPY,151.80499999999998,151.80599999999998,151.796,151.79899999999998,110.0
2024-04-08 11:12:00,FX:USDJPY,151.79899999999998,151.79899999999998,151.796,151.797,118.0
2024-04-08 11:13:00,FX:USDJPY,151.797,151.803,151.796,151.798,177.0
2024-04-08 11:14:00,FX:USDJPY,151.798,151.808,151.79399999999998,151.807,170.0
2024-04-08 11:15:00,FX:USDJPY,151.807,151.82,151.80599999999998,151.815,176.0
2024-04-08 11:16:00,FX:USDJPY,151.815,151.821,151.814,151.816,151.0
2024-04-08 11:17:00,FX:USDJPY,151.816,151.81799999999998,151.804,151.81199999999998,167.0
2024-04-08 11:18:00,FX:USDJPY,151.81199999999998,151.816,151.80599999999998,151.814,189.0
2024-04-08 11:19:00,FX:USDJPY,151.814,151.82299999999998,151.81099999999998,151.82299999999998,188.0
2024-04-08 11:20:00,FX:USDJPY,151.82299999999998,151.852,151.822,151.844,274.0
2024-04-08 11:21:00,FX:USDJPY,151.844,151.84699999999998,151.84199999999998,151.843,121.0
2024-04-08 11:22:00,FX:USDJPY,151.843,151.845,151.833,151.834,149.0
2024-04-08 11:23:00,FX:USDJPY,151.834,151.844,151.834,151.84099999999998,208.0
2024-04-08 11:24:00,FX:USDJPY,151.84099999999998,151.843,151.833,151.834,207.0
2024-04-08 11:25:00,FX:USDJPY,151.834,151.844,151.833,151.843,140.0
2024-04-08 11:26:00,FX:USDJPY,151.843,151.845,151.837,151.843,208.0
2024-04-08 11:27:00,FX:USDJPY,151.843,151.843,151.837,151.843,171.0
2024-04-08 11:28:00,FX:USDJPY,151.843,151.844,151.82999999999998,151.82999999999998,180.0
2024-04-08 11:29:00,FX:USDJPY,151.82999999999998,151.84199999999998,151.82899999999998,151.84099999999998,129.0
2024-04-08 11:30:00,FX:USDJPY,151.84099999999998,151.843,151.832,151.84099999999998,208.0
2024-04-08 11:31:00,FX:USDJPY,151.84099999999998,151.843,151.82999999999998,151.82999999999998,180.0
2024-04-08 11:32:00,FX:USDJPY,151.82999999999998,151.832,151.828,151.82999999999998,114.0
2024-04-08 11:33:00,FX:USDJPY,151.82999999999998,151.82999999999998,151.82,151.828,213.0
2024-04-08 11:34:00,FX:USDJPY,151.828,151.82999999999998,151.819,151.82899999999998,168.0
2024-04-08 11:35:00,FX:USDJPY,151.82899999999998,151.82899999999998,151.816,151.816,55.0
2024-04-08 11:36:00,FX:USDJPY,151.816,151.82,151.816,151.819,123.0
2024-04-08 11:37:00,FX:USDJPY,151.819,151.822,151.81699999999998,151.81799999999998,86.0
2024-04-08 11:38:00,FX:USDJPY,151.81799999999998,151.82,151.815,151.815,76.0
2024-04-08 11:39:00,FX:USDJPY,151.815,151.821,151.815,151.815,124.0
2024-04-08 11:40:00,FX:USDJPY,151.815,151.819,151.804,151.819,72.0
2024-04-08 11:41:00,FX:USDJPY,151.819,151.82,151.816,151.816,219.0
2024-04-08 11:42:00,FX:USDJPY,151.816,151.816,151.80599999999998,151.808,192.0
2024-04-08 11:43:00,FX:USDJPY,151.808,151.809,151.804,151.80499999999998,163.0
2024-04-08 11:44:00,FX:USDJPY,151.80499999999998,151.809,151.803,151.804,195.0
2024-04-08 11:45:00,FX:USDJPY,151.804,151.808,151.79299999999998,151.80499999999998,199.0
2024-04-08 11:46:00,FX:USDJPY,151.80499999999998,151.80499999999998,151.797,151.804,162.0
2024-04-08 11:47:00,FX:USDJPY,151.804,151.808,151.79899999999998,151.808,139.0
2024-04-08 11:48:00,FX:USDJPY,151.808,151.808,151.78,151.78,164.0
2024-04-08 11:49:00,FX:USDJPY,151.78,151.784,151.774,151.78099999999998,174.0
2024-04-08 11:50:00,FX:USDJPY,151.78099999999998,151.785,151.78099999999998,151.785,135.0
2024-04-08 11:51:00,FX:USDJPY,151.785,151.791,151.772,151.772,168.0
2024-04-08 11:52:00,FX:USDJPY,151.772,151.78099999999998,151.771,151.78099999999998,94.0
2024-04-08 11:53:00,FX:USDJPY,151.78099999999998,151.791,151.778,151.78799999999998,164.0
2024-04-08 11:54:00,FX:USDJPY,151.78799999999998,151.796,151.78799999999998,151.79399999999998,140.0
2024-04-08 11:55:00,FX:USDJPY,151.79399999999998,151.804,151.79399999999998,151.803,148.0
2024-04-08 11:56:00,FX:USDJPY,151.803,151.80499999999998,151.79399999999998,151.795,162.0
2024-04-08 11:57:00,FX:USDJPY,151.795,151.796,151.785,151.78699999999998,154.0
2024-04-08 11:58:00,FX:USDJPY,151.78699999999998,151.78799999999998,151.774,151.783,176.0
2024-04-08 11:59:00,FX:USDJPY,151.783,151.78799999999998,151.78199999999998,151.786,146.0
2024-04-08 12:00:00,FX:USDJPY,151.786,151.78799999999998,151.78199999999998,151.785,126.0
2024-04-08 12:01:00,FX:USDJPY,151.785,151.792,151.784,151.792,142.0
2024-04-08 12:02:00,FX:USDJPY,151.792,151.809,151.789,151.809,160.0
2024-04-08 12:03:00,FX:USDJPY,151.809,151.81,151.802,151.809,136.0
2024-04-08 12:04:00,FX:USDJPY,151.809,151.81199999999998,151.808,151.81099999999998,204.0
2024-04-08 12:05:00,FX:USDJPY,151.81099999999998,151.831,151.81099999999998,151.82899999999998,266.0
2024-04-08 12:06:00,FX:USDJPY,151.82899999999998,151.833,151.828,151.831,132.0
2024-04-08 12:07:00,FX:USDJPY,151.831,151.831,151.81799999999998,151.821,215.0
2024-04-08 12:08:00,FX:USDJPY,151.821,151.822,151.81099999999998,151.819,194.0
2024-04-08 12:09:00,FX:USDJPY,151.819,151.82299999999998,151.81799999999998,151.821,158.0
2024-04-08 12:10:00,FX:USDJPY,151.821,151.833,151.821,151.82999999999998,166.0
2024-04-08 12:11:00,FX:USDJPY,151.82999999999998,151.834,151.82999999999998,151.832,179.0
2024-04-08 12:12:00,FX:USDJPY,151.832,151.833,151.826,151.832,146.0
2024-04-08 12:13:00,FX:USDJPY,151.832,151.834,151.828,151.831,166.0
2024-04-08 12:14:00,FX:USDJPY,151.831,151.832,151.82899999999998,151.82999999999998,106.0
2024-04-08 12:15:00,FX:USDJPY,151.82999999999998,151.83499999999998,151.821,151.826,162.0
2024-04-08 12:16:00,FX:USDJPY,151.826,151.831,151.819,151.827,171.0
2024-04-08 12:17:00,FX:USDJPY,151.827,151.82899999999998,151.822,151.825,111.0
2024-04-08 12:18:00,FX:USDJPY,151.825,151.828,151.82,151.822,141.0
2024-04-08 12:19:00,FX:USDJPY,151.822,151.833,151.82,151.831,160.0
2024-04-08 12:20:00,FX:USDJPY,151.831,151.832,151.827,151.828,68.0
2024-04-08 12:21:00,FX:USDJPY,151.828,151.84199999999998,151.828,151.84099999999998,111.0
2024-04-08 12:22:00,FX:USDJPY,151.84099999999998,151.84199999999998,151.831,151.831,112.0
2024-04-08 12:23:00,FX:USDJPY,151.831,151.834,151.827,151.827,114.0
2024-04-08 12:24:00,FX:USDJPY,151.827,151.82999999999998,151.827,151.82899999999998,51.0
2024-04-08 12:25:00,FX:USDJPY,151.82899999999998,151.843,151.828,151.84,50.0
2024-04-08 12:26:00,FX:USDJPY,151.84,151.84199999999998,151.839,151.84,69.0
2024-04-08 12:27:00,FX:USDJPY,151.84,151.84199999999998,151.838,151.84099999999998,85.0
2024-04-08 12:28:00,FX:USDJPY,151.84099999999998,151.84199999999998,151.84,151.84099999999998,129.0
2024-04-08 12:29:00,FX:USDJPY,151.84099999999998,151.84199999999998,151.839,151.84099999999998,121.0
2024-04-08 12:30:00,FX:USDJPY,151.84099999999998,151.844,151.84099999999998,151.84199999999998,98.0
2024-04-08 12:31:00,FX:USDJPY,151.84199999999998,151.843,151.84,151.84,53.0
2024-04-08 12:32:00,FX:USDJPY,151.84,151.84199999999998,151.827,151.839,96.0
2024-04-08 12:33:00,FX:USDJPY,151.839,151.839,151.828,151.82899999999998,46.0
2024-04-08 12:34:00,FX:USDJPY,151.82899999999998,151.82899999999998,151.827,151.828,35.0
2024-04-08 12:35:00,FX:USDJPY,151.828,151.84,151.828,151.839,51.0
2024-04-08 12:36:00,FX:USDJPY,151.839,151.84,151.838,151.838,51.0
2024-04-08 12:37:00,FX:USDJPY,151.838,151.84099999999998,151.833,151.839,104.0
2024-04-08 12:38:00,FX:USDJPY,151.839,151.843,151.83599999999998,151.839,81.0
2024-04-08 12:39:00,FX:USDJPY,151.839,151.84099999999998,151.831,151.83499999999998,62.0
2024-04-08 12:40:00,FX:USDJPY,151.83499999999998,151.83599999999998,151.82899999999998,151.82899999999998,54.0
2024-04-08 12:41:00,FX:USDJPY,151.82899999999998,151.84,151.828,151.82999999999998,127.0
2024-04-08 12:42:00,FX:USDJPY,151.82999999999998,151.831,151.828,151.828,56.0
2024-04-08 12:43:00,FX:USDJPY,151.828,151.82999999999998,151.827,151.827,113.0
2024-04-08 12:44:00,FX:USDJPY,151.827,151.834,151.827,151.828,69.0
2024-04-08 12:45:00,FX:USDJPY,151.828,151.839,151.828,151.828,95.0
2024-04-08 12:46:00,FX:USDJPY,151.828,151.838,151.828,151.837,87.0
2024-04-08 12:47:00,FX:USDJPY,151.837,151.84099999999998,151.831,151.832,122.0
2024-04-08 12:48:00,FX:USDJPY,151.832,151.843,151.832,151.843,49.0
2024-04-08 12:49:00,FX:USDJPY,151.843,151.844,151.839,151.84,80.0
2024-04-08 12:50:00,FX:USDJPY,151.84,151.84199999999998,151.84,151.84099999999998,55.0
2024-04-08 12:51:00,FX:USDJPY,151.84099999999998,151.84199999999998,151.83599999999998,151.83599999999998,69.0
2024-04-08 12:52:00,FX:USDJPY,151.83599999999998,151.837,151.82899999999998,151.82999999999998,68.0
2024-04-08 12:53:00,FX:USDJPY,151.82999999999998,151.833,151.82899999999998,151.82999999999998,68.0
2024-04-08 12:54:00,FX:USDJPY,151.82999999999998,151.832,151.828,151.831,59.0
2024-04-08 12:55:00,FX:USDJPY,151.831,151.833,151.82999999999998,151.831,36.0
2024-04-08 12:56:00,FX:USDJPY,151.831,151.833,151.82899999999998,151.833,101.0
2024-04-08 12:57:00,FX:USDJPY,151.833,151.833,151.82899999999998,151.832,87.0
2024-04-08 12:58:00,FX:USDJPY,151.832,151.834,151.82999999999998,151.832,156.0
2024-04-08 12:59:00,FX:USDJPY,151.832,151.834,151.831,151.833,107.0
2024-04-08 13:00:00,FX:USDJPY,151.833,151.834,151.831,151.833,114.0
2024-04-08 13:01:00,FX:USDJPY,151.833,151.834,151.79299999999998,151.796,213.0
2024-04-08 13:02:00,FX:USDJPY,151.796,151.81099999999998,151.79399999999998,151.81099999999998,213.0
2024-04-08 13:03:00,FX:USDJPY,151.81099999999998,151.81099999999998,151.80499999999998,151.80499999999998,35.0
2024-04-08 13:04:00,FX:USDJPY,151.80499999999998,151.807,151.80499999999998,151.80499999999998,36.0
2024-04-08 13:05:00,FX:USDJPY,151.80499999999998,151.809,151.80499999999998,151.808,82.0
2024-04-08 13:06:00,FX:USDJPY,151.808,151.808,151.78799999999998,151.79399999999998,128.0
2024-04-08 13:07:00,FX:USDJPY,151.79399999999998,151.796,151.79,151.79299999999998,175.0
2024-04-08 13:08:00,FX:USDJPY,151.79299999999998,151.795,151.792,151.79399999999998,137.0
2024-04-08 13:09:00,FX:USDJPY,151.79399999999998,151.797,151.79299999999998,151.79299999999998,84.0
2024-04-08 13:10:00,FX:USDJPY,151.79299999999998,151.79399999999998,151.784,151.78799999999998,120.0
2024-04-08 13:11:00,FX:USDJPY,151.78799999999998,151.796,151.78699999999998,151.78799999999998,95.0
2024-04-08 13:12:00,FX:USDJPY,151.78799999999998,151.78799999999998,151.78199999999998,151.784,150.0
2024-04-08 13:13:00,FX:USDJPY,151.784,151.78799999999998,151.783,151.786,72.0
2024-04-08 13:14:00,FX:USDJPY,151.786,151.796,151.784,151.795,38.0
2024-04-08 13:15:00,FX:USDJPY,151.795,151.801,151.79399999999998,151.798,45.0
2024-04-08 13:16:00,FX:USDJPY,151.798,151.79899999999998,151.795,151.796,88.0
2024-04-08 13:17:00,FX:USDJPY,151.796,151.797,151.79399999999998,151.797,105.0
2024-04-08 13:18:00,FX:USDJPY,151.797,151.797,151.783,151.786,140.0
2024-04-08 13:19:00,FX:USDJPY,151.786,151.78699999999998,151.785,151.786,88.0
2024-04-08 13:20:00,FX:USDJPY,151.786,151.786,151.785,151.786,63.0
2024-04-08 13:21:00,FX:USDJPY,151.786,151.796,151.786,151.78799999999998,174.0
2024-04-08 13:22:00,FX:USDJPY,151.78799999999998,151.79999999999998,151.78699999999998,151.79899999999998,189.0
2024-04-08 13:23:00,FX:USDJPY,151.79899999999998,151.804,151.798,151.79899999999998,175.0
2024-04-08 13:24:00,FX:USDJPY,151.79899999999998,151.79999999999998,151.784,151.786,217.0
2024-04-08 13:25:00,FX:USDJPY,151.786,151.78699999999998,151.783,151.786,112.0
2024-04-08 13:26:00,FX:USDJPY,151.786,151.786,151.77599999999998,151.78,135.0
2024-04-08 13:27:00,FX:USDJPY,151.78,151.784,151.77599999999998,151.783,130.0
2024-04-08 13:28:00,FX:USDJPY,151.783,151.783,151.772,151.774,213.0
2024-04-08 13:29:00,FX:USDJPY,151.774,151.779,151.773,151.77599999999998,125.0
2024-04-08 13:30:00,FX:USDJPY,151.77599999999998,151.77599999999998,151.774,151.77499999999998,138.0
2024-04-08 13:31:00,FX:USDJPY,151.77499999999998,151.77499999999998,151.772,151.773,58.0
2024-04-08 13:32:00,FX:USDJPY,151.773,151.774,151.762,151.76299999999998,225.0
2024-04-08 13:33:00,FX:USDJPY,151.76299999999998,151.765,151.759,151.761,160.0
2024-04-08 13:34:00,FX:USDJPY,151.761,151.76399999999998,151.75199999999998,151.755,123.0
2024-04-08 13:35:00,FX:USDJPY,151.755,151.755,151.754,151.755,130.0
2024-04-08 13:36:00,FX:USDJPY,151.755,151.767,151.754,151.76399999999998,173.0
2024-04-08 13:37:00,FX:USDJPY,151.76399999999998,151.765,151.754,151.761,165.0
2024-04-08 13:38:00,FX:USDJPY,151.761,151.765,151.754,151.755,154.0
2024-04-08 13:39:00,FX:USDJPY,151.755,151.756,151.74699999999999,151.756,126.0
2024-04-08 13:40:00,FX:USDJPY,151.756,151.759,151.739,151.743,207.0
2024-04-08 13:41:00,FX:USDJPY,151.743,151.756,151.742,151.753,234.0
2024-04-08 13:42:00,FX:USDJPY,151.753,151.756,151.745,151.75199999999998,195.0
2024-04-08 13:43:00,FX:USDJPY,151.75199999999998,151.756,151.745,151.755,118.0
2024-04-08 13:44:00,FX:USDJPY,151.755,151.768,151.755,151.76399999999998,144.0
2024-04-08 13:45:00,FX:USDJPY,151.76399999999998,151.766,151.76399999999998,151.766,59.0
2024-04-08 13:46:00,FX:USDJPY,151.766,151.767,151.765,151.765,13.0
2024-04-08 13:47:00,FX:USDJPY,151.765,151.76899999999998,151.76399999999998,151.767,58.0
2024-04-08 13:48:00,FX:USDJPY,151.767,151.77499999999998,151.766,151.77499999999998,90.0
2024-04-08 13:49:00,FX:USDJPY,151.77499999999998,151.778,151.774,151.777,85.0
2024-04-08 13:50:00,FX:USDJPY,151.777,151.78199999999998,151.77599999999998,151.78099999999998,77.0
2024-04-08 13:51:00,FX:USDJPY,151.78099999999998,151.78699999999998,151.778,151.779,107.0
2024-04-08 13:52:00,FX:USDJPY,151.779,151.78099999999998,151.779,151.779,100.0
2024-04-08 13:53:00,FX:USDJPY,151.779,151.78099999999998,151.779,151.779,91.0
2024-04-08 13:54:00,FX:USDJPY,151.779,151.79,151.779,151.789,73.0
2024-04-08 13:55:00,FX:USDJPY,151.789,151.79,151.78699999999998,151.78699999999998,39.0
2024-04-08 13:56:00,FX:USDJPY,151.78699999999998,151.78699999999998,151.777,151.777,44.0
2024-04-08 13:57:00,FX:USDJPY,151.777,151.778,151.767,151.767,55.0
2024-04-08 13:58:00,FX:USDJPY,151.767,151.77499999999998,151.767,151.773,176.0
2024-04-08 13:59:00,FX:USDJPY,151.773,151.773,151.765,151.773,113.0
2024-04-08 14:00:00,FX:USDJPY,151.773,151.774,151.76,151.76,161.0
2024-04-08 14:01:00,FX:USDJPY,151.76,151.76299999999998,151.74599999999998,151.755,162.0
2024-04-08 14:02:00,FX:USDJPY,151.755,151.756,151.749,151.753,124.0
2024-04-08 14:03:00,FX:USDJPY,151.753,151.754,151.751,151.753,155.0
2024-04-08 14:04:00,FX:USDJPY,151.753,151.754,151.749,151.753,80.0
2024-04-08 14:05:00,FX:USDJPY,151.753,151.755,151.75199999999998,151.753,69.0
2024-04-08 14:06:00,FX:USDJPY,151.753,151.755,151.74599999999998,151.748,108.0
2024-04-08 14:07:00,FX:USDJPY,151.748,151.754,151.748,151.751,73.0
2024-04-08 14:08:00,FX:USDJPY,151.751,151.75199999999998,151.75,151.75,80.0
2024-04-08 14:09:00,FX:USDJPY,151.75,151.762,151.74099999999999,151.754,144.0
2024-04-08 14:10:00,FX:USDJPY,151.754,151.754,151.75199999999998,151.754,103.0
2024-04-08 14:11:00,FX:USDJPY,151.754,151.756,151.75199999999998,151.754,125.0
2024-04-08 14:12:00,FX:USDJPY,151.754,151.755,151.75199999999998,151.753,107.0
2024-04-08 14:13:00,FX:USDJPY,151.753,151.755,151.75199999999998,151.754,148.0
2024-04-08 14:14:00,FX:USDJPY,151.754,151.755,151.753,151.754,83.0
2024-04-08 14:15:00,FX:USDJPY,151.754,151.755,151.751,151.753,78.0
2024-04-08 14:16:00,FX:USDJPY,151.753,151.755,151.73999999999998,151.74099999999999,76.0
2024-04-08 14:17:00,FX:USDJPY,151.74099999999999,151.744,151.738,151.742,46.0
2024-04-08 14:18:00,FX:USDJPY,151.742,151.743,151.739,151.743,44.0
2024-04-08 14:19:00,FX:USDJPY,151.743,151.744,151.738,151.739,94.0
2024-04-08 14:20:00,FX:USDJPY,151.739,151.73999999999998,151.737,151.739,76.0
2024-04-08 14:21:00,FX:USDJPY,151.739,151.73999999999998,151.731,151.739,93.0
2024-04-08 14:22:00,FX:USDJPY,151.739,151.739,151.737,151.739,37.0
2024-04-08 14:23:00,FX:USDJPY,151.739,151.739,151.73,151.73,41.0
2024-04-08 14:24:00,FX:USDJPY,151.73,151.73,151.725,151.72899999999998,59.0
2024-04-08 14:25:00,FX:USDJPY,151.72899999999998,151.73,151.72,151.72,119.0
2024-04-08 14:26:00,FX:USDJPY,151.72,151.73399999999998,151.72,151.72299999999998,126.0
2024-04-08 14:27:00,FX:USDJPY,151.72299999999998,151.72299999999998,151.72,151.721,89.0
2024-04-08 14:28:00,FX:USDJPY,151.721,151.72199999999998,151.719,151.721,78.0
2024-04-08 14:29:00,FX:USDJPY,151.721,151.72299999999998,151.719,151.721,25.0
2024-04-08 14:30:00,FX:USDJPY,151.721,151.73499999999999,151.721,151.733,128.0
2024-04-08 14:31:00,FX:USDJPY,151.733,151.755,151.733,151.744,154.0
2024-04-08 14:32:00,FX:USDJPY,151.744,151.757,151.743,151.756,94.0
2024-04-08 14:33:00,FX:USDJPY,151.756,151.757,151.755,151.755,112.0
2024-04-08 14:34:00,FX:USDJPY,151.755,151.765,151.754,151.765,94.0
2024-04-08 14:35:00,FX:USDJPY,151.765,151.76899999999998,151.751,151.753,160.0
2024-04-08 14:36:00,FX:USDJPY,151.753,151.754,151.749,151.749,127.0
2024-04-08 14:37:00,FX:USDJPY,151.749,151.753,151.744,151.75199999999998,91.0
2024-04-08 14:38:00,FX:USDJPY,151.75199999999998,151.754,151.743,151.754,117.0
2024-04-08 14:39:00,FX:USDJPY,151.754,151.76299999999998,151.753,151.754,116.0
2024-04-08 14:40:00,FX:USDJPY,151.754,151.754,151.75199999999998,151.75199999999998,87.0
2024-04-08 14:41:00,FX:USDJPY,151.75199999999998,151.75799999999998,151.75,151.75799999999998,101.0
2024-04-08 14:42:00,FX:USDJPY,151.75799999999998,151.761,151.753,151.757,103.0
2024-04-08 14:43:00,FX:USDJPY,151.757,151.75799999999998,151.75199999999998,151.753,76.0
2024-04-08 14:44:00,FX:USDJPY,151.753,151.754,151.75199999999998,151.75199999999998,107.0
2024-04-08 14:45:00,FX:USDJPY,151.75199999999998,151.76399999999998,151.75199999999998,151.76299999999998,127.0
2024-04-08 14:46:00,FX:USDJPY,151.76299999999998,151.766,151.754,151.765,137.0
2024-04-08 14:47:00,FX:USDJPY,151.765,151.766,151.762,151.765,123.0
2024-04-08 14:48:00,FX:USDJPY,151.765,151.765,151.754,151.755,140.0
2024-04-08 14:49:00,FX:USDJPY,151.755,151.766,151.755,151.766,140.0
2024-04-08 14:50:00,FX:USDJPY,151.766,151.766,151.76399999999998,151.766,118.0
2024-04-08 14:51:00,FX:USDJPY,151.766,151.774,151.765,151.774,117.0
2024-04-08 14:52:00,FX:USDJPY,151.774,151.779,151.774,151.777,147.0
2024-04-08 14:53:00,FX:USDJPY,151.777,151.778,151.766,151.768,88.0
2024-04-08 14:54:00,FX:USDJPY,151.768,151.785,151.768,151.779,69.0
2024-04-08 14:55:00,FX:USDJPY,151.779,151.79299999999998,151.779,151.789,88.0
2024-04-08 14:56:00,FX:USDJPY,151.789,151.795,151.785,151.795,133.0
2024-04-08 14:57:00,FX:USDJPY,151.795,151.796,151.785,151.791,127.0
2024-04-08 14:58:00,FX:USDJPY,151.791,151.791,151.777,151.777,163.0
2024-04-08 14:59:00,FX:USDJPY,151.777,151.783,151.772,151.773,348.0
2024-04-08 15:00:00,FX:USDJPY,151.773,151.774,151.767,151.76999999999998,215.0
2024-04-08 15:01:00,FX:USDJPY,151.76999999999998,151.771,151.757,151.75799999999998,167.0
2024-04-08 15:02:00,FX:USDJPY,151.75799999999998,151.759,151.74699999999999,151.74699999999999,137.0
2024-04-08 15:03:00,FX:USDJPY,151.74699999999999,151.75,151.74599999999998,151.75,89.0
2024-04-08 15:04:00,FX:USDJPY,151.75,151.774,151.75,151.765,119.0
2024-04-08 15:05:00,FX:USDJPY,151.765,151.767,151.754,151.761,142.0
2024-04-08 15:06:00,FX:USDJPY,151.761,151.76999999999998,151.759,151.76899999999998,137.0
2024-04-08 15:07:00,FX:USDJPY,151.76899999999998,151.77599999999998,151.766,151.774,63.0
2024-04-08 15:08:00,FX:USDJPY,151.774,151.77599999999998,151.772,151.773,25.0
2024-04-08 15:09:00,FX:USDJPY,151.773,151.783,151.765,151.779,151.0
2024-04-08 15:10:00,FX:USDJPY,151.779,151.78699999999998,151.777,151.785,62.0
2024-04-08 15:11:00,FX:USDJPY,151.785,151.802,151.785,151.795,156.0
2024-04-08 15:12:00,FX:USDJPY,151.795,151.797,151.791,151.795,108.0
2024-04-08 15:13:00,FX:USDJPY,151.795,151.79999999999998,151.79299999999998,151.796,62.0
2024-04-08 15:14:00,FX:USDJPY,151.796,151.79999999999998,151.795,151.796,52.0
2024-04-08 15:15:00,FX:USDJPY,151.796,151.79999999999998,151.796,151.798,63.0
2024-04-08 15:16:00,FX:USDJPY,151.798,151.79899999999998,151.796,151.79899999999998,36.0
2024-04-08 15:17:00,FX:USDJPY,151.79899999999998,151.803,151.798,151.801,61.0
2024-04-08 15:18:00,FX:USDJPY,151.801,151.801,151.79299999999998,151.795,125.0
2024-04-08 15:19:00,FX:USDJPY,151.795,151.797,151.795,151.796,104.0
2024-04-08 15:20:00,FX:USDJPY,151.796,151.796,151.783,151.784,113.0
2024-04-08 15:21:00,FX:USDJPY,151.784,151.786,151.783,151.786,110.0
2024-04-08 15:22:00,FX:USDJPY,151.786,151.79399999999998,151.786,151.789,69.0
2024-04-08 15:23:00,FX:USDJPY,151.789,151.79299999999998,151.78799999999998,151.789,74.0
2024-04-08 15:24:00,FX:USDJPY,151.789,151.795,151.78699999999998,151.78799999999998,59.0
2024-04-08 15:25:00,FX:USDJPY,151.78799999999998,151.79,151.784,151.789,56.0
2024-04-08 15:26:00,FX:USDJPY,151.789,151.796,151.784,151.796,59.0
2024-04-08 15:27:00,FX:USDJPY,151.796,151.796,151.79,151.79,74.0
2024-04-08 15:28:00,FX:USDJPY,151.79,151.796,151.789,151.795,68.0
2024-04-08 15:29:00,FX:USDJPY,151.795,151.797,151.79299999999998,151.796,65.0
2024-04-08 15:30:00,FX:USDJPY,151.796,151.80599999999998,151.791,151.79399999999998,117.0
2024-04-08 15:31:00,FX:USDJPY,151.79399999999998,151.795,151.79299999999998,151.795,53.0
2024-04-08 15:32:00,FX:USDJPY,151.795,151.796,151.791,151.79299999999998,84.0
2024-04-08 15:33:00,FX:USDJPY,151.79299999999998,151.79399999999998,151.792,151.79299999999998,55.0
2024-04-08 15:34:00,FX:USDJPY,151.79299999999998,151.79399999999998,151.792,151.79299999999998,67.0
2024-04-08 15:35:00,FX:USDJPY,151.79299999999998,151.80499999999998,151.79299999999998,151.803,73.0
2024-04-08 15:36:00,FX:USDJPY,151.803,151.807,151.802,151.80599999999998,63.0
2024-04-08 15:37:00,FX:USDJPY,151.80599999999998,151.807,151.804,151.80599999999998,23.0
2024-04-08 15:38:00,FX:USDJPY,151.80599999999998,151.807,151.803,151.803,53.0
2024-04-08 15:39:00,FX:USDJPY,151.803,151.804,151.792,151.797,104.0
2024-04-08 15:40:00,FX:USDJPY,151.797,151.803,151.791,151.796,79.0
2024-04-08 15:41:00,FX:USDJPY,151.796,151.807,151.796,151.803,81.0
2024-04-08 15:42:00,FX:USDJPY,151.803,151.80499999999998,151.803,151.804,78.0
2024-04-08 15:43:00,FX:USDJPY,151.804,151.81,151.802,151.809,106.0
2024-04-08 15:44:00,FX:USDJPY,151.809,151.809,151.803,151.803,120.0
2024-04-08 15:45:00,FX:USDJPY,151.803,151.819,151.803,151.81099999999998,179.0
2024-04-08 15:46:00,FX:USDJPY,151.81099999999998,151.81199999999998,151.80499999999998,151.80499999999998,79.0
2024-04-08 15:47:00,FX:USDJPY,151.80499999999998,151.807,151.801,151.803,67.0
2024-04-08 15:48:00,FX:USDJPY,151.803,151.804,151.801,151.802,42.0
2024-04-08 15:49:00,FX:USDJPY,151.802,151.807,151.802,151.807,52.0
2024-04-08 15:50:00,FX:USDJPY,151.807,151.826,151.803,151.826,144.0
2024-04-08 15:51:00,FX:USDJPY,151.826,151.83599999999998,151.82399999999998,151.832,165.0
2024-04-08 15:52:00,FX:USDJPY,151.832,151.83599999999998,151.832,151.83599999999998,93.0
2024-04-08 15:53:00,FX:USDJPY,151.83599999999998,151.837,151.834,151.83499999999998,75.0
2024-04-08 15:54:00,FX:USDJPY,151.83499999999998,151.83599999999998,151.833,151.834,83.0
2024-04-08 15:55:00,FX:USDJPY,151.834,151.83599999999998,151.82999999999998,151.83499999999998,108.0
2024-04-08 15:56:00,FX:USDJPY,151.83499999999998,151.83499999999998,151.833,151.83499999999998,63.0
2024-04-08 15:57:00,FX:USDJPY,151.83499999999998,151.83599999999998,151.82999999999998,151.831,83.0
2024-04-08 15:58:00,FX:USDJPY,151.831,151.83599999999998,151.831,151.834,95.0
2024-04-08 15:59:00,FX:USDJPY,151.834,151.83599999999998,151.82999999999998,151.83499999999998,109.0
2024-04-08 16:00:00,FX:USDJPY,151.83499999999998,151.845,151.834,151.84099999999998,142.0
2024-04-08 16:01:00,FX:USDJPY,151.84099999999998,151.84099999999998,151.832,151.83499999999998,92.0
2024-04-08 16:02:00,FX:USDJPY,151.83499999999998,151.83499999999998,151.834,151.834,19.0
2024-04-08 16:03:00,FX:USDJPY,151.834,151.84699999999998,151.834,151.845,38.0
2024-04-08 16:04:00,FX:USDJPY,151.845,151.845,151.84,151.84,13.0
2024-04-08 16:05:00,FX:USDJPY,151.84,151.84,151.82999999999998,151.831,36.0
2024-04-08 16:06:00,FX:USDJPY,151.831,151.84199999999998,151.831,151.84199999999998,23.0
2024-04-08 16:07:00,FX:USDJPY,151.84199999999998,151.845,151.84099999999998,151.844,29.0
2024-04-08 16:08:00,FX:USDJPY,151.844,151.845,151.844,151.845,8.0
2024-04-08 16:09:00,FX:USDJPY,151.845,151.846,151.844,151.845,12.0
2024-04-08 16:11:00,FX:USDJPY,151.845,151.84699999999998,151.844,151.846,12.0
2024-04-08 16:12:00,FX:USDJPY,151.846,151.85,151.844,151.85,10.0
2024-04-08 16:13:00,FX:USDJPY,151.85,151.852,151.849,151.851,75.0
2024-04-08 16:14:00,FX:USDJPY,151.851,151.861,151.85,151.857,90.0
2024-04-08 16:15:00,FX:USDJPY,151.857,151.857,151.851,151.852,15.0
2024-04-08 16:16:00,FX:USDJPY,151.852,151.852,151.85,151.85,12.0
2024-04-08 16:17:00,FX:USDJPY,151.85,151.85299999999998,151.849,151.849,24.0
2024-04-08 16:18:00,FX:USDJPY,151.849,151.849,151.84799999999998,151.84799999999998,15.0
2024-04-08 16:19:00,FX:USDJPY,151.84799999999998,151.84799999999998,151.84699999999998,151.84799999999998,5.0
2024-04-08 16:20:00,FX:USDJPY,151.84799999999998,151.84799999999998,151.84699999999998,151.84799999999998,26.0
2024-04-08 16:21:00,FX:USDJPY,151.84799999999998,151.84799999999998,151.839,151.839,29.0
2024-04-08 16:22:00,FX:USDJPY,151.839,151.839,151.838,151.839,14.0
2024-04-08 16:23:00,FX:USDJPY,151.839,151.84,151.837,151.838,25.0
2024-04-08 16:24:00,FX:USDJPY,151.838,151.843,151.83499999999998,151.843,28.0
2024-04-08 16:25:00,FX:USDJPY,151.843,151.844,151.843,151.844,10.0
2024-04-08 16:26:00,FX:USDJPY,151.844,151.844,151.84199999999998,151.843,10.0
2024-04-08 16:27:00,FX:USDJPY,151.843,151.85,151.843,151.849,20.0
2024-04-08 16:28:00,FX:USDJPY,151.849,151.858,151.84699999999998,151.856,46.0
2024-04-08 16:29:00,FX:USDJPY,151.856,151.861,151.85399999999998,151.857,47.0
2024-04-08 16:30:00,FX:USDJPY,151.857,151.85999999999999,151.846,151.856,57.0
2024-04-08 16:31:00,FX:USDJPY,151.856,151.856,151.855,151.856,10.0
2024-04-08 16:32:00,FX:USDJPY,151.856,151.858,151.85399999999998,151.858,18.0
2024-04-08 16:33:00,FX:USDJPY,151.858,151.85899999999998,151.852,151.85299999999998,27.0
2024-04-08 16:34:00,FX:USDJPY,151.85299999999998,151.85399999999998,151.85299999999998,151.85399999999998,12.0
2024-04-08 16:35:00,FX:USDJPY,151.85399999999998,151.85399999999998,151.852,151.852,18.0
2024-04-08 16:36:00,FX:USDJPY,151.852,151.85299999999998,151.852,151.852,22.0
2024-04-08 16:37:00,FX:USDJPY,151.852,151.85399999999998,151.849,151.85,24.0
2024-04-08 16:38:00,FX:USDJPY,151.85,151.85399999999998,151.84799999999998,151.852,16.0
2024-04-08 16:39:00,FX:USDJPY,151.852,151.856,151.852,151.855,8.0
2024-04-08 16:40:00,FX:USDJPY,151.855,151.856,151.852,151.852,3.0
2024-04-08 16:41:00,FX:USDJPY,151.852,151.855,151.85,151.85,12.0
2024-04-08 16:42:00,FX:USDJPY,151.85,151.851,151.85,151.85,5.0
2024-04-08 16:43:00,FX:USDJPY,151.85,151.85299999999998,151.849,151.85,18.0
2024-04-08 16:44:00,FX:USDJPY,151.85,151.85399999999998,151.849,151.85399999999998,21.0
2024-04-08 16:45:00,FX:USDJPY,151.85399999999998,151.85399999999998,151.849,151.852,12.0
2024-04-08 16:46:00,FX:USDJPY,151.852,151.852,151.85,151.851,15.0
2024-04-08 16:47:00,FX:USDJPY,151.851,151.85299999999998,151.84799999999998,151.852,12.0
2024-04-08 16:48:00,FX:USDJPY,151.852,151.85299999999998,151.85,151.851,10.0
2024-04-08 16:49:00,FX:USDJPY,151.851,151.851,151.84199999999998,151.84199999999998,24.0
2024-04-08 16:50:00,FX:USDJPY,151.84199999999998,151.844,151.837,151.839,35.0
2024-04-08 16:51:00,FX:USDJPY,151.839,151.84199999999998,151.839,151.84199999999998,12.0
2024-04-08 16:52:00,FX:USDJPY,151.84199999999998,151.852,151.84199999999998,151.84699999999998,35.0
2024-04-08 16:53:00,FX:USDJPY,151.84699999999998,151.85,151.846,151.849,52.0
2024-04-08 16:54:00,FX:USDJPY,151.849,151.849,151.84699999999998,151.849,23.0
2024-04-08 16:55:00,FX:USDJPY,151.849,151.852,151.84199999999998,151.84199999999998,35.0
2024-04-08 16:56:00,FX:USDJPY,151.84199999999998,151.845,151.84099999999998,151.84199999999998,20.0
2024-04-08 16:57:00,FX:USDJPY,151.84199999999998,151.843,151.838,151.843,42.0
2024-04-08 16:58:00,FX:USDJPY,151.843,151.852,151.843,151.846,27.0
2024-04-08 16:59:00,FX:USDJPY,151.846,151.849,151.768,151.78,97.0
2024-04-08 17:00:00,FX:USDJPY,151.78,151.78,151.767,151.767,1.0
2024-04-08 17:03:00,FX:USDJPY,151.767,151.771,151.766,151.771,2.0
2024-04-08 17:05:00,FX:USDJPY,151.771,151.79899999999998,151.771,151.79899999999998,22.0
2024-04-08 17:06:00,FX:USDJPY,151.79899999999998,151.801,151.773,151.79399999999998,36.0
2024-04-08 17:07:00,FX:USDJPY,151.79399999999998,151.79999999999998,151.778,151.79399999999998,20.0
2024-04-08 17:08:00,FX:USDJPY,151.79399999999998,151.795,151.785,151.78799999999998,18.0
2024-04-08 17:09:00,FX:USDJPY,151.78799999999998,151.79299999999998,151.78799999999998,151.78799999999998,17.0
2024-04-08 17:10:00,FX:USDJPY,151.78799999999998,151.792,151.78199999999998,151.78199999999998,119.0
2024-04-08 17:13:00,FX:USDJPY,151.78199999999998,151.78199999999998,151.78199999999998,151.78199999999998,4.0
2024-04-08 17:14:00,FX:USDJPY,151.78199999999998,151.78199999999998,151.78,151.78,1.0
2024-04-08 17:16:00,FX:USDJPY,151.78,151.78,151.754,151.754,21.0
2024-04-08 17:17:00,FX:USDJPY,151.754,151.767,151.753,151.767,4.0
2024-04-08 17:18:00,FX:USDJPY,151.767,151.78099999999998,151.75799999999998,151.78099999999998,7.0
2024-04-08 17:19:00,FX:USDJPY,151.78099999999998,151.78099999999998,151.78099999999998,151.78099999999998,28.0
2024-04-08 17:20:00,FX:USDJPY,151.78099999999998,151.78099999999998,151.78099999999998,151.78099999999998,4.0
2024-04-08 17:21:00,FX:USDJPY,151.78099999999998,151.78699999999998,151.78099999999998,151.78699999999998,11.0
2024-04-08 17:23:00,FX:USDJPY,151.78699999999998,151.78699999999998,151.78699999999998,151.78699999999998,10.0
2024-04-08 17:24:00,FX:USDJPY,151.78699999999998,151.79999999999998,151.78099999999998,151.78099999999998,35.0
2024-04-08 17:25:00,FX:USDJPY,151.78099999999998,151.78699999999998,151.78099999999998,151.78699999999998,12.0
2024-04-08 17:26:00,FX:USDJPY,151.78699999999998,151.796,151.786,151.796,42.0
2024-04-08 17:27:00,FX:USDJPY,151.796,151.796,151.796,151.796,35.0
2024-04-08 17:28:00,FX:USDJPY,151.796,151.796,151.777,151.789,53.0
2024-04-08 17:29:00,FX:USDJPY,151.789,151.807,151.78799999999998,151.797,36.0
2024-04-08 17:30:00,FX:USDJPY,151.797,151.80599999999998,151.795,151.79999999999998,49.0
2024-04-08 17:31:00,FX:USDJPY,151.79999999999998,151.82,151.79,151.82,59.0
2024-04-08 17:32:00,FX:USDJPY,151.82,151.837,151.81199999999998,151.834,64.0
2024-04-08 17:33:00,FX:USDJPY,151.834,151.834,151.802,151.802,44.0
2024-04-08 17:34:00,FX:USDJPY,151.802,151.82,151.78799999999998,151.819,46.0
2024-04-08 17:35:00,FX:USDJPY,151.819,151.832,151.819,151.831,18.0
2024-04-08 17:36:00,FX:USDJPY,151.831,151.834,151.828,151.831,29.0
2024-04-08 17:37:00,FX:USDJPY,151.831,151.831,151.82899999999998,151.831,21.0
2024-04-08 17:38:00,FX:USDJPY,151.831,151.831,151.82899999999998,151.82899999999998,19.0
2024-04-08 17:39:00,FX:USDJPY,151.82899999999998,151.831,151.81199999999998,151.81199999999998,33.0
2024-04-08 17:40:00,FX:USDJPY,151.81199999999998,151.82899999999998,151.81199999999998,151.82899999999998,59.0
2024-04-08 17:41:00,FX:USDJPY,151.82899999999998,151.831,151.816,151.82999999999998,83.0
2024-04-08 17:42:00,FX:USDJPY,151.82999999999998,151.831,151.827,151.82999999999998,54.0
2024-04-08 17:43:00,FX:USDJPY,151.82999999999998,151.831,151.807,151.82899999999998,32.0
2024-04-08 17:44:00,FX:USDJPY,151.82899999999998,151.82899999999998,151.819,151.827,45.0
2024-04-08 17:45:00,FX:USDJPY,151.827,151.828,151.82,151.82,39.0
2024-04-08 17:46:00,FX:USDJPY,151.82,151.828,151.82,151.828,36.0
2024-04-08 17:47:00,FX:USDJPY,151.828,151.828,151.81799999999998,151.825,24.0
2024-04-08 17:48:00,FX:USDJPY,151.825,151.827,151.82399999999998,151.825,11.0
2024-04-08 17:49:00,FX:USDJPY,151.825,151.827,151.822,151.82399999999998,25.0
2024-04-08 17:50:00,FX:USDJPY,151.82399999999998,151.827,151.82,151.825,28.0
2024-04-08 17:51:00,FX:USDJPY,151.825,151.831,151.82,151.82399999999998,16.0
2024-04-08 17:52:00,FX:USDJPY,151.82399999999998,151.826,151.82,151.826,9.0
2024-04-08 17:53:00,FX:USDJPY,151.826,151.826,151.82,151.82,3.0
2024-04-08 17:54:00,FX:USDJPY,151.82,151.826,151.82,151.825,12.0
2024-04-08 17:55:00,FX:USDJPY,151.825,151.82899999999998,151.825,151.82899999999998,2.0
2024-04-08 17:56:00,FX:USDJPY,151.82899999999998,151.82999999999998,151.82399999999998,151.82899999999998,17.0
2024-04-08 17:58:00,FX:USDJPY,151.82899999999998,151.82999999999998,151.82399999999998,151.82399999999998,5.0
2024-04-08 17:59:00,FX:USDJPY,151.82399999999998,151.82899999999998,151.81699999999998,151.825,43.0
2024-04-08 18:00:00,FX:USDJPY,151.825,151.825,151.784,151.798,81.0
2024-04-08 18:01:00,FX:USDJPY,151.798,151.79899999999998,151.792,151.79299999999998,41.0
2024-04-08 18:02:00,FX:USDJPY,151.79299999999998,151.795,151.789,151.79399999999998,35.0
2024-04-08 18:03:00,FX:USDJPY,151.79399999999998,151.795,151.786,151.79299999999998,50.0
2024-04-08 18:04:00,FX:USDJPY,151.79299999999998,151.795,151.789,151.795,18.0
2024-04-08 18:05:00,FX:USDJPY,151.795,151.795,151.791,151.791,16.0
2024-04-08 18:06:00,FX:USDJPY,151.791,151.795,151.79,151.79,12.0
2024-04-08 18:07:00,FX:USDJPY,151.79,151.79,151.783,151.785,19.0
2024-04-08 18:08:00,FX:USDJPY,151.785,151.785,151.785,151.785,3.0
2024-04-08 18:09:00,FX:USDJPY,151.785,151.789,151.785,151.785,9.0
2024-04-08 18:10:00,FX:USDJPY,151.785,151.786,151.784,151.785,11.0
2024-04-08 18:11:00,FX:USDJPY,151.785,151.785,151.779,151.78199999999998,10.0
2024-04-08 18:12:00,FX:USDJPY,151.78199999999998,151.784,151.77499999999998,151.783,33.0
2024-04-08 18:13:00,FX:USDJPY,151.783,151.784,151.78199999999998,151.783,26.0
2024-04-08 18:14:00,FX:USDJPY,151.783,151.784,151.783,151.783,31.0
2024-04-08 18:15:00,FX:USDJPY,151.783,151.786,151.78199999999998,151.785,20.0
2024-04-08 18:16:00,FX:USDJPY,151.785,151.79899999999998,151.785,151.798,22.0
2024-04-08 18:17:00,FX:USDJPY,151.798,151.79999999999998,151.796,151.796,29.0
2024-04-08 18:18:00,FX:USDJPY,151.796,151.80499999999998,151.795,151.804,21.0
2024-04-08 18:19:00,FX:USDJPY,151.804,151.80499999999998,151.798,151.804,27.0
2024-04-08 18:20:00,FX:USDJPY,151.804,151.804,151.801,151.802,16.0
2024-04-08 18:21:00,FX:USDJPY,151.802,151.807,151.802,151.807,25.0
2024-04-08 18:22:00,FX:USDJPY,151.807,151.807,151.80499999999998,151.80599999999998,19.0
2024-04-08 18:23:00,FX:USDJPY,151.80599999999998,151.80599999999998,151.80499999999998,151.80599999999998,7.0
2024-04-08 18:24:00,FX:USDJPY,151.80599999999998,151.80599999999998,151.804,151.80599999999998,6.0
2024-04-08 18:25:00,FX:USDJPY,151.80599999999998,151.814,151.803,151.80499999999998,45.0
2024-04-08 18:26:00,FX:USDJPY,151.80499999999998,151.80499999999998,151.804,151.80499999999998,23.0
2024-04-08 18:27:00,FX:USDJPY,151.80499999999998,151.80599999999998,151.792,151.792,39.0
2024-04-08 18:28:00,FX:USDJPY,151.792,151.798,151.791,151.791,23.0
2024-04-08 18:29:00,FX:USDJPY,151.791,151.795,151.791,151.79299999999998,13.0
2024-04-08 18:30:00,FX:USDJPY,151.79299999999998,151.79399999999998,151.792,151.79299999999998,27.0
2024-04-08 18:31:00,FX:USDJPY,151.79299999999998,151.802,151.791,151.79999999999998,36.0
2024-04-08 18:32:00,FX:USDJPY,151.79999999999998,151.79999999999998,151.791,151.791,40.0
2024-04-08 18:33:00,FX:USDJPY,151.791,151.798,151.791,151.791,46.0
2024-04-08 18:34:00,FX:USDJPY,151.791,151.792,151.791,151.792,10.0
2024-04-08 18:35:00,FX:USDJPY,151.792,151.795,151.79,151.795,37.0
2024-04-08 18:36:00,FX:USDJPY,151.795,151.803,151.79299999999998,151.802,28.0
2024-04-08 18:37:00,FX:USDJPY,151.802,151.802,151.79299999999998,151.79399999999998,51.0
2024-04-08 18:38:00,FX:USDJPY,151.79399999999998,151.79399999999998,151.791,151.791,27.0
2024-04-08 18:39:00,FX:USDJPY,151.791,151.791,151.78799999999998,151.791,32.0
2024-04-08 18:40:00,FX:USDJPY,151.791,151.792,151.785,151.78699999999998,36.0
2024-04-08 18:41:00,FX:USDJPY,151.78699999999998,151.78699999999998,151.77599999999998,151.78,37.0
2024-04-08 18:42:00,FX:USDJPY,151.78,151.785,151.77599999999998,151.785,28.0
2024-04-08 18:43:00,FX:USDJPY,151.785,151.795,151.784,151.79299999999998,23.0
2024-04-08 18:44:00,FX:USDJPY,151.79299999999998,151.79399999999998,151.791,151.792,20.0
2024-04-08 18:45:00,FX:USDJPY,151.792,151.79299999999998,151.791,151.792,26.0
2024-04-08 18:46:00,FX:USDJPY,151.792,151.795,151.786,151.786,43.0
2024-04-08 18:47:00,FX:USDJPY,151.786,151.79399999999998,151.784,151.79299999999998,39.0
2024-04-08 18:48:00,FX:USDJPY,151.79299999999998,151.795,151.789,151.79399999999998,42.0
2024-04-08 18:49:00,FX:USDJPY,151.79399999999998,151.795,151.79299999999998,151.79299999999998,32.0
2024-04-08 18:50:00,FX:USDJPY,151.79299999999998,151.79299999999998,151.79299999999998,151.79299999999998,8.0
2024-04-08 18:51:00,FX:USDJPY,151.79299999999998,151.795,151.79,151.79299999999998,33.0
2024-04-08 18:52:00,FX:USDJPY,151.79299999999998,151.79299999999998,151.79299999999998,151.79299999999998,12.0
2024-04-08 18:53:00,FX:USDJPY,151.79299999999998,151.79399999999998,151.791,151.79399999999998,25.0
2024-04-08 18:54:00,FX:USDJPY,151.79399999999998,151.808,151.79299999999998,151.803,50.0
2024-04-08 18:55:00,FX:USDJPY,151.803,151.804,151.802,151.804,37.0
2024-04-08 18:56:00,FX:USDJPY,151.804,151.80599999999998,151.803,151.804,19.0
2024-04-08 18:57:00,FX:USDJPY,151.804,151.814,151.802,151.81,47.0
2024-04-08 18:58:00,FX:USDJPY,151.81,151.814,151.80599999999998,151.807,33.0
2024-04-08 18:59:00,FX:USDJPY,151.807,151.807,151.79299999999998,151.80499999999998,39.0
2024-04-08 19:00:00,FX:USDJPY,151.80499999999998,151.819,151.80499999999998,151.81799999999998,68.0
2024-04-08 19:01:00,FX:USDJPY,151.81799999999998,151.819,151.816,151.816,37.0
2024-04-08 19:02:00,FX:USDJPY,151.816,151.81799999999998,151.815,151.81699999999998,61.0
2024-04-08 19:03:00,FX:USDJPY,151.81699999999998,151.82,151.81699999999998,151.82,48.0
2024-04-08 19:04:00,FX:USDJPY,151.82,151.821,151.82,151.821,24.0
2024-04-08 19:05:00,FX:USDJPY,151.821,151.844,151.819,151.838,110.0
2024-04-08 19:06:00,FX:USDJPY,151.838,151.838,151.82999999999998,151.831,84.0
2024-04-08 19:07:00,FX:USDJPY,151.831,151.833,151.82899999999998,151.833,67.0
2024-04-08 19:08:00,FX:USDJPY,151.833,151.837,151.82299999999998,151.826,93.0
2024-04-08 19:09:00,FX:USDJPY,151.826,151.82999999999998,151.825,151.82899999999998,72.0
2024-04-08 19:10:00,FX:USDJPY,151.82899999999998,151.84699999999998,151.828,151.844,83.0
2024-04-08 19:11:00,FX:USDJPY,151.844,151.846,151.831,151.84,87.0
2024-04-08 19:12:00,FX:USDJPY,151.84,151.84199999999998,151.84,151.84099999999998,25.0
2024-04-08 19:13:00,FX:USDJPY,151.84099999999998,151.84199999999998,151.84,151.84099999999998,33.0
2024-04-08 19:14:00,FX:USDJPY,151.84099999999998,151.845,151.84,151.844,38.0
2024-04-08 19:15:00,FX:USDJPY,151.844,151.855,151.844,151.85299999999998,56.0
2024-04-08 19:16:00,FX:USDJPY,151.85299999999998,151.85399999999998,151.833,151.83499999999998,78.0
2024-04-08 19:17:00,FX:USDJPY,151.83499999999998,151.851,151.834,151.846,144.0
2024-04-08 19:18:00,FX:USDJPY,151.846,151.851,151.82399999999998,151.826,120.0
2024-04-08 19:19:00,FX:USDJPY,151.826,151.834,151.825,151.827,74.0
2024-04-08 19:20:00,FX:USDJPY,151.827,151.833,151.827,151.832,42.0
2024-04-08 19:21:00,FX:USDJPY,151.832,151.838,151.827,151.82899999999998,68.0
2024-04-08 19:22:00,FX:USDJPY,151.82899999999998,151.84199999999998,151.82899999999998,151.839,38.0
2024-04-08 19:23:00,FX:USDJPY,151.839,151.845,151.839,151.843,51.0
2024-04-08 19:24:00,FX:USDJPY,151.843,151.844,151.84099999999998,151.843,32.0
2024-04-08 19:25:00,FX:USDJPY,151.843,151.844,151.82999999999998,151.833,55.0
2024-04-08 19:26:00,FX:USDJPY,151.833,151.84099999999998,151.82999999999998,151.832,36.0
2024-04-08 19:27:00,FX:USDJPY,151.832,151.834,151.82999999999998,151.831,22.0
2024-04-08 19:28:00,FX:USDJPY,151.831,151.834,151.82999999999998,151.834,48.0
2024-04-08 19:29:00,FX:USDJPY,151.834,151.834,151.827,151.82999999999998,20.0
2024-04-08 19:30:00,FX:USDJPY,151.82999999999998,151.834,151.826,151.833,42.0
2024-04-08 19:31:00,FX:USDJPY,151.833,151.844,151.832,151.84,62.0
2024-04-08 19:32:00,FX:USDJPY,151.84,151.84099999999998,151.827,151.832,60.0
2024-04-08 19:33:00,FX:USDJPY,151.832,151.84699999999998,151.82999999999998,151.846,69.0
2024-04-08 19:34:00,FX:USDJPY,151.846,151.846,151.843,151.845,95.0
2024-04-08 19:35:00,FX:USDJPY,151.845,151.845,151.84099999999998,151.84199999999998,49.0
2024-04-08 19:36:00,FX:USDJPY,151.84199999999998,151.844,151.84,151.84199999999998,60.0
2024-04-08 19:37:00,FX:USDJPY,151.84199999999998,151.843,151.84,151.84,37.0
2024-04-08 19:38:00,FX:USDJPY,151.84,151.84099999999998,151.837,151.838,33.0
2024-04-08 19:39:00,FX:USDJPY,151.838,151.838,151.82899999999998,151.831,36.0
2024-04-08 19:40:00,FX:USDJPY,151.831,151.832,151.82999999999998,151.832,11.0
2024-04-08 19:41:00,FX:USDJPY,151.832,151.839,151.831,151.833,51.0
2024-04-08 19:42:00,FX:USDJPY,151.833,151.83499999999998,151.82299999999998,151.827,76.0
2024-04-08 19:43:00,FX:USDJPY,151.827,151.83499999999998,151.826,151.833,68.0
2024-04-08 19:44:00,FX:USDJPY,151.833,151.83499999999998,151.831,151.832,65.0
2024-04-08 19:45:00,FX:USDJPY,151.832,151.84699999999998,151.82999999999998,151.845,86.0
2024-04-08 19:46:00,FX:USDJPY,151.845,151.845,151.833,151.834,56.0
2024-04-08 19:47:00,FX:USDJPY,151.834,151.83499999999998,151.831,151.834,22.0
2024-04-08 19:48:00,FX:USDJPY,151.834,151.844,151.82999999999998,151.831,58.0
2024-04-08 19:49:00,FX:USDJPY,151.831,151.833,151.826,151.827,53.0
2024-04-08 19:50:00,FX:USDJPY,151.827,151.827,151.816,151.81799999999998,63.0
2024-04-08 19:51:00,FX:USDJPY,151.81799999999998,151.831,151.81799999999998,151.827,68.0
2024-04-08 19:52:00,FX:USDJPY,151.827,151.845,151.826,151.845,70.0
2024-04-08 19:53:00,FX:USDJPY,151.845,151.84799999999998,151.832,151.837,89.0
2024-04-08 19:54:00,FX:USDJPY,151.837,151.84199999999998,151.828,151.82999999999998,102.0
2024-04-08 19:55:00,FX:USDJPY,151.82999999999998,151.839,151.827,151.837,98.0
2024-04-08 19:56:00,FX:USDJPY,151.837,151.84199999999998,151.831,151.84099999999998,68.0
2024-04-08 19:57:00,FX:USDJPY,151.84099999999998,151.84799999999998,151.838,151.844,54.0
2024-04-08 19:58:00,FX:USDJPY,151.844,151.85,151.837,151.838,97.0
2024-04-08 19:59:00,FX:USDJPY,151.838,151.845,151.833,151.834,114.0
2024-04-08 20:00:00,FX:USDJPY,151.834,151.845,151.82299999999998,151.82999999999998,256.0
2024-04-08 20:01:00,FX:USDJPY,151.82999999999998,151.84,151.82,151.82,228.0
2024-04-08 20:02:00,FX:USDJPY,151.82,151.843,151.816,151.825,210.0
2024-04-08 20:03:00,FX:USDJPY,151.825,151.837,151.82399999999998,151.837,142.0
2024-04-08 20:04:00,FX:USDJPY,151.837,151.838,151.815,151.81699999999998,183.0
2024-04-08 20:05:00,FX:USDJPY,151.81699999999998,151.832,151.815,151.815,158.0
2024-04-08 20:06:00,FX:USDJPY,151.815,151.822,151.807,151.816,182.0
2024-04-08 20:07:00,FX:USDJPY,151.816,151.81699999999998,151.808,151.815,145.0
2024-04-08 20:08:00,FX:USDJPY,151.815,151.816,151.80599999999998,151.813,158.0
2024-04-08 20:09:00,FX:USDJPY,151.813,151.816,151.802,151.803,151.0
2024-04-08 20:10:00,FX:USDJPY,151.803,151.81199999999998,151.795,151.809,120.0
2024-04-08 20:11:00,FX:USDJPY,151.809,151.815,151.802,151.814,89.0
2024-04-08 20:12:00,FX:USDJPY,151.814,151.82399999999998,151.807,151.82399999999998,163.0
2024-04-08 20:13:00,FX:USDJPY,151.82399999999998,151.825,151.814,151.815,95.0
2024-04-08 20:14:00,FX:USDJPY,151.815,151.81699999999998,151.81199999999998,151.81199999999998,84.0
2024-04-08 20:15:00,FX:USDJPY,151.81199999999998,151.82899999999998,151.804,151.82899999999998,145.0
2024-04-08 20:16:00,FX:USDJPY,151.82899999999998,151.82899999999998,151.815,151.81699999999998,166.0
2024-04-08 20:17:00,FX:USDJPY,151.81699999999998,151.837,151.81699999999998,151.82899999999998,221.0
2024-04-08 20:18:00,FX:USDJPY,151.82899999999998,151.843,151.827,151.837,181.0
2024-04-08 20:19:00,FX:USDJPY,151.837,151.84,151.832,151.83599999999998,104.0
2024-04-08 20:20:00,FX:USDJPY,151.83599999999998,151.839,151.833,151.837,58.0
2024-04-08 20:21:00,FX:USDJPY,151.837,151.839,151.831,151.839,96.0
2024-04-08 20:22:00,FX:USDJPY,151.839,151.839,151.828,151.831,71.0
2024-04-08 20:23:00,FX:USDJPY,151.831,151.831,151.80499999999998,151.81799999999998,142.0
2024-04-08 20:24:00,FX:USDJPY,151.81799999999998,151.821,151.813,151.816,49.0
2024-04-08 20:25:00,FX:USDJPY,151.816,151.81799999999998,151.813,151.814,77.0
2024-04-08 20:26:00,FX:USDJPY,151.814,151.816,151.81199999999998,151.813,53.0
2024-04-08 20:27:00,FX:USDJPY,151.813,151.822,151.813,151.822,90.0
2024-04-08 20:28:00,FX:USDJPY,151.822,151.82299999999998,151.815,151.81699999999998,92.0
2024-04-08 20:29:00,FX:USDJPY,151.81699999999998,151.825,151.814,151.815,129.0
2024-04-08 20:30:00,FX:USDJPY,151.815,151.816,151.808,151.809,112.0
2024-04-08 20:31:00,FX:USDJPY,151.809,151.816,151.809,151.813,82.0
2024-04-08 20:32:00,FX:USDJPY,151.813,151.816,151.808,151.813,79.0
2024-04-08 20:33:00,FX:USDJPY,151.813,151.814,151.79299999999998,151.79399999999998,123.0
2024-04-08 20:34:00,FX:USDJPY,151.79399999999998,151.802,151.78799999999998,151.79399999999998,120.0
2024-04-08 20:35:00,FX:USDJPY,151.79399999999998,151.79999999999998,151.79299999999998,151.79399999999998,170.0
2024-04-08 20:36:00,FX:USDJPY,151.79399999999998,151.81,151.79,151.803,121.0
2024-04-08 20:37:00,FX:USDJPY,151.803,151.81199999999998,151.797,151.807,127.0
2024-04-08 20:38:00,FX:USDJPY,151.807,151.834,151.804,151.831,270.0
2024-04-08 20:39:00,FX:USDJPY,151.831,151.83499999999998,151.826,151.828,202.0
2024-04-08 20:40:00,FX:USDJPY,151.828,151.86499999999998,151.828,151.86499999999998,155.0
2024-04-08 20:41:00,FX:USDJPY,151.86499999999998,151.878,151.861,151.876,301.0
2024-04-08 20:42:00,FX:USDJPY,151.876,151.876,151.863,151.869,131.0
2024-04-08 20:43:00,FX:USDJPY,151.869,151.87099999999998,151.856,151.86599999999999,112.0
2024-04-08 20:44:00,FX:USDJPY,151.86599999999999,151.87099999999998,151.862,151.864,91.0
2024-04-08 20:45:00,FX:USDJPY,151.864,151.867,151.858,151.85999999999999,122.0
2024-04-08 20:46:00,FX:USDJPY,151.85999999999999,151.863,151.85899999999998,151.85899999999998,76.0
2024-04-08 20:47:00,FX:USDJPY,151.85899999999998,151.862,151.856,151.85999999999999,52.0
2024-04-08 20:48:00,FX:USDJPY,151.85999999999999,151.862,151.85899999999998,151.85999999999999,29.0
2024-04-08 20:49:00,FX:USDJPY,151.85999999999999,151.863,151.849,151.849,80.0
2024-04-08 20:50:00,FX:USDJPY,151.849,151.851,151.84099999999998,151.849,70.0
2024-04-08 20:51:00,FX:USDJPY,151.849,151.867,151.849,151.863,112.0
2024-04-08 20:52:00,FX:USDJPY,151.863,151.887,151.862,151.869,246.0
2024-04-08 20:53:00,FX:USDJPY,151.869,151.884,151.85999999999999,151.884,222.0
2024-04-08 20:54:00,FX:USDJPY,151.884,151.921,151.881,151.914,667.0
2024-04-08 20:55:00,FX:USDJPY,151.914,151.92,151.898,151.914,489.0
2024-04-08 20:56:00,FX:USDJPY,151.914,151.91899999999998,151.899,151.905,200.0
2024-04-08 20:57:00,FX:USDJPY,151.905,151.91,151.898,151.902,134.0
2024-04-08 20:58:00,FX:USDJPY,151.902,151.905,151.892,151.902,142.0
2024-04-08 20:59:00,FX:USDJPY,151.902,151.91299999999998,151.902,151.908,151.0
2024-04-08 21:00:00,FX:USDJPY,151.908,151.91299999999998,151.898,151.911,202.0
2024-04-08 21:01:00,FX:USDJPY,151.911,151.915,151.898,151.89999999999998,215.0
2024-04-08 21:02:00,FX:USDJPY,151.89999999999998,151.903,151.88899999999998,151.896,171.0
2024-04-08 21:03:00,FX:USDJPY,151.896,151.899,151.892,151.899,146.0
2024-04-08 21:04:00,FX:USDJPY,151.899,151.908,151.89399999999998,151.897,98.0
2024-04-08 21:05:00,FX:USDJPY,151.897,151.897,151.881,151.892,177.0
2024-04-08 21:06:00,FX:USDJPY,151.892,151.89499999999998,151.882,151.886,133.0
2024-04-08 21:07:00,FX:USDJPY,151.886,151.89499999999998,151.885,151.885,110.0
2024-04-08 21:08:00,FX:USDJPY,151.885,151.897,151.879,151.892,103.0
2024-04-08 21:09:00,FX:USDJPY,151.892,151.893,151.885,151.886,88.0
2024-04-08 21:10:00,FX:USDJPY,151.886,151.886,151.87,151.874,142.0
2024-04-08 21:11:00,FX:USDJPY,151.874,151.884,151.87099999999998,151.881,77.0
2024-04-08 21:12:00,FX:USDJPY,151.881,151.887,151.88,151.887,54.0
2024-04-08 21:13:00,FX:USDJPY,151.887,151.88899999999998,151.878,151.882,85.0
2024-04-08 21:14:00,FX:USDJPY,151.882,151.88299999999998,151.878,151.879,71.0
2024-04-08 21:15:00,FX:USDJPY,151.879,151.887,151.879,151.885,75.0
2024-04-08 21:16:00,FX:USDJPY,151.885,151.898,151.87199999999999,151.875,186.0
2024-04-08 21:17:00,FX:USDJPY,151.875,151.892,151.875,151.887,122.0
2024-04-08 21:18:00,FX:USDJPY,151.887,151.909,151.887,151.903,151.0
2024-04-08 21:19:00,FX:USDJPY,151.903,151.904,151.88799999999998,151.896,110.0
2024-04-08 21:20:00,FX:USDJPY,151.896,151.903,151.892,151.892,110.0
2024-04-08 21:21:00,FX:USDJPY,151.892,151.903,151.887,151.90099999999998,173.0
2024-04-08 21:22:00,FX:USDJPY,151.90099999999998,151.905,151.886,151.891,178.0
2024-04-08 21:23:00,FX:USDJPY,151.891,151.905,151.891,151.899,105.0
2024-04-08 21:24:00,FX:USDJPY,151.899,151.91299999999998,151.898,151.898,134.0
2024-04-08 21:25:00,FX:USDJPY,151.898,151.90099999999998,151.893,151.893,94.0
2024-04-08 21:26:00,FX:USDJPY,151.893,151.90099999999998,151.893,151.897,62.0
2024-04-08 21:27:00,FX:USDJPY,151.897,151.90699999999998,151.897,151.897,127.0
2024-04-08 21:28:00,FX:USDJPY,151.897,151.908,151.897,151.90699999999998,147.0
2024-04-08 21:29:00,FX:USDJPY,151.90699999999998,151.91,151.896,151.898,148.0
2024-04-08 21:30:00,FX:USDJPY,151.898,151.89999999999998,151.88799999999998,151.893,186.0
2024-04-08 21:31:00,FX:USDJPY,151.893,151.89399999999998,151.878,151.884,152.0
2024-04-08 21:32:00,FX:USDJPY,151.884,151.887,151.88,151.884,164.0
2024-04-08 21:33:00,FX:USDJPY,151.884,151.887,151.881,151.886,103.0
2024-04-08 21:34:00,FX:USDJPY,151.886,151.892,151.861,151.878,263.0
2024-04-08 21:35:00,FX:USDJPY,151.878,151.88799999999998,151.87199999999999,151.881,195.0
2024-04-08 21:36:00,FX:USDJPY,151.881,151.884,151.861,151.868,181.0
2024-04-08 21:37:00,FX:USDJPY,151.868,151.873,151.857,151.85999999999999,168.0
2024-04-08 21:38:00,FX:USDJPY,151.85999999999999,151.87,151.858,151.864,167.0
2024-04-08 21:39:00,FX:USDJPY,151.864,151.87099999999998,151.864,151.87,72.0
2024-04-08 21:40:00,FX:USDJPY,151.87,151.873,151.86499999999998,151.87,80.0
2024-04-08 21:41:00,FX:USDJPY,151.87,151.876,151.868,151.874,118.0
2024-04-08 21:42:00,FX:USDJPY,151.874,151.884,151.867,151.87,187.0
2024-04-08 21:43:00,FX:USDJPY,151.87,151.881,151.85899999999998,151.87099999999998,212.0
2024-04-08 21:44:00,FX:USDJPY,151.87099999999998,151.876,151.86499999999998,151.869,156.0
2024-04-08 21:45:00,FX:USDJPY,151.869,151.88799999999998,151.869,151.881,157.0
2024-04-08 21:46:00,FX:USDJPY,151.881,151.89,151.88,151.886,125.0
2024-04-08 21:47:00,FX:USDJPY,151.886,151.88899999999998,151.879,151.882,171.0
2024-04-08 21:48:00,FX:USDJPY,151.882,151.88899999999998,151.881,151.88299999999998,176.0
2024-04-08 21:49:00,FX:USDJPY,151.88299999999998,151.887,151.87699999999998,151.878,120.0
2024-04-08 21:50:00,FX:USDJPY,151.878,151.879,151.85999999999999,151.863,188.0
2024-04-08 21:51:00,FX:USDJPY,151.863,151.863,151.858,151.85999999999999,65.0
2024-04-08 21:52:00,FX:USDJPY,151.85999999999999,151.869,151.85999999999999,151.867,166.0
2024-04-08 21:53:00,FX:USDJPY,151.867,151.87699999999998,151.867,151.87099999999998,105.0
2024-04-08 21:54:00,FX:USDJPY,151.87099999999998,151.873,151.86599999999999,151.87199999999999,112.0
2024-04-08 21:55:00,FX:USDJPY,151.87199999999999,151.881,151.87199999999999,151.88,182.0
2024-04-08 21:56:00,FX:USDJPY,151.88,151.88299999999998,151.867,151.868,132.0
2024-04-08 21:57:00,FX:USDJPY,151.868,151.882,151.867,151.882,111.0
2024-04-08 21:58:00,FX:USDJPY,151.882,151.892,151.881,151.886,84.0
2024-04-08 21:59:00,FX:USDJPY,151.886,151.899,151.885,151.89,182.0
2024-04-08 22:00:00,FX:USDJPY,151.89,151.89499999999998,151.885,151.886,212.0
2024-04-08 22:01:00,FX:USDJPY,151.886,151.887,151.87199999999999,151.875,163.0
2024-04-08 22:02:00,FX:USDJPY,151.875,151.878,151.862,151.863,143.0
2024-04-08 22:03:00,FX:USDJPY,151.863,151.873,151.85999999999999,151.87,145.0
2024-04-08 22:04:00,FX:USDJPY,151.87,151.87199999999999,151.867,151.87199999999999,132.0
2024-04-08 22:05:00,FX:USDJPY,151.87199999999999,151.875,151.87099999999998,151.875,97.0
2024-04-08 22:06:00,FX:USDJPY,151.875,151.879,151.85899999999998,151.864,177.0
2024-04-08 22:07:00,FX:USDJPY,151.864,151.882,151.862,151.863,150.0
2024-04-08 22:08:00,FX:USDJPY,151.863,151.868,151.861,151.862,123.0
2024-04-08 22:09:00,FX:USDJPY,151.862,151.862,151.85999999999999,151.861,59.0
2024-04-08 22:10:00,FX:USDJPY,151.861,151.869,151.85999999999999,151.863,132.0
2024-04-08 22:11:00,FX:USDJPY,151.863,151.867,151.85999999999999,151.862,97.0
2024-04-08 22:12:00,FX:USDJPY,151.862,151.86499999999998,151.855,151.85899999999998,111.0
2024-04-08 22:13:00,FX:USDJPY,151.85899999999998,151.864,151.84699999999998,151.85899999999998,95.0
2024-04-08 22:14:00,FX:USDJPY,151.85899999999998,151.861,151.84099999999998,151.843,144.0
2024-04-08 22:15:00,FX:USDJPY,151.843,151.852,151.84099999999998,151.843,102.0
2024-04-08 22:16:00,FX:USDJPY,151.843,151.84799999999998,151.84199999999998,151.84699999999998,95.0
2024-04-08 22:17:00,FX:USDJPY,151.84699999999998,151.84799999999998,151.83599999999998,151.84,112.0
2024-04-08 22:18:00,FX:USDJPY,151.84,151.846,151.84,151.84,71.0
2024-04-08 22:19:00,FX:USDJPY,151.84,151.84799999999998,151.837,151.839,114.0
2024-04-08 22:20:00,FX:USDJPY,151.839,151.84,151.83499999999998,151.83599999999998,99.0
2024-04-08 22:21:00,FX:USDJPY,151.83599999999998,151.83599999999998,151.81199999999998,151.828,172.0
2024-04-08 22:22:00,FX:USDJPY,151.828,151.82999999999998,151.81699999999998,151.826,102.0
2024-04-08 22:23:00,FX:USDJPY,151.826,151.827,151.82,151.825,57.0
2024-04-08 22:24:00,FX:USDJPY,151.825,151.83599999999998,151.82299999999998,151.832,83.0
2024-04-08 22:25:00,FX:USDJPY,151.832,151.843,151.82999999999998,151.84199999999998,131.0
2024-04-08 22:26:00,FX:USDJPY,151.84199999999998,151.84799999999998,151.837,151.84699999999998,159.0
2024-04-08 22:27:00,FX:USDJPY,151.84699999999998,151.852,151.84,151.849,118.0
2024-04-08 22:28:00,FX:USDJPY,151.849,151.851,151.838,151.839,132.0
2024-04-08 22:29:00,FX:USDJPY,151.839,151.84199999999998,151.837,151.837,74.0
2024-04-08 22:30:00,FX:USDJPY,151.837,151.852,151.83499999999998,151.85,77.0
2024-04-08 22:31:00,FX:USDJPY,151.85,151.851,151.84699999999998,151.84799999999998,57.0
2024-04-08 22:32:00,FX:USDJPY,151.84799999999998,151.849,151.839,151.84699999999998,85.0
2024-04-08 22:33:00,FX:USDJPY,151.84699999999998,151.84799999999998,151.839,151.84,98.0
2024-04-08 22:34:00,FX:USDJPY,151.84,151.849,151.84,151.84799999999998,39.0
2024-04-08 22:35:00,FX:USDJPY,151.84799999999998,151.849,151.838,151.84099999999998,103.0
2024-04-08 22:36:00,FX:USDJPY,151.84099999999998,151.84099999999998,151.837,151.838,115.0
2024-04-08 22:37:00,FX:USDJPY,151.838,151.84199999999998,151.838,151.839,112.0
2024-04-08 22:38:00,FX:USDJPY,151.839,151.849,151.837,151.838,161.0
2024-04-08 22:39:00,FX:USDJPY,151.838,151.84799999999998,151.837,151.84699999999998,127.0
2024-04-08 22:40:00,FX:USDJPY,151.84699999999998,151.85399999999998,151.84199999999998,151.85299999999998,80.0
2024-04-08 22:41:00,FX:USDJPY,151.85299999999998,151.86499999999998,151.851,151.864,114.0
2024-04-08 22:42:00,FX:USDJPY,151.864,151.868,151.862,151.867,75.0
2024-04-08 22:43:00,FX:USDJPY,151.867,151.868,151.85999999999999,151.863,56.0
2024-04-08 22:44:00,FX:USDJPY,151.863,151.876,151.862,151.874,120.0
2024-04-08 22:45:00,FX:USDJPY,151.874,151.874,151.85899999999998,151.85999999999999,115.0
2024-04-08 22:46:00,FX:USDJPY,151.85999999999999,151.86599999999999,151.858,151.86499999999998,106.0
2024-04-08 22:47:00,FX:USDJPY,151.86499999999998,151.86599999999999,151.85999999999999,151.861,100.0
2024-04-08 22:48:00,FX:USDJPY,151.861,151.86599999999999,151.85999999999999,151.86499999999998,70.0
2024-04-08 22:49:00,FX:USDJPY,151.86499999999998,151.873,151.86499999999998,151.87199999999999,52.0
2024-04-08 22:50:00,FX:USDJPY,151.87199999999999,151.874,151.87099999999998,151.87199999999999,48.0
2024-04-08 22:51:00,FX:USDJPY,151.87199999999999,151.87699999999998,151.87099999999998,151.876,118.0
2024-04-08 22:52:00,FX:USDJPY,151.876,151.876,151.86599999999999,151.874,121.0
2024-04-08 22:53:00,FX:USDJPY,151.874,151.876,151.863,151.86499999999998,80.0
2024-04-08 22:54:00,FX:USDJPY,151.86499999999998,151.874,151.858,151.85999999999999,149.0
2024-04-08 22:55:00,FX:USDJPY,151.85999999999999,151.85999999999999,151.845,151.849,153.0
2024-04-08 22:56:00,FX:USDJPY,151.849,151.87199999999999,151.849,151.87,231.0
2024-04-08 22:57:00,FX:USDJPY,151.87,151.87699999999998,151.86599999999999,151.869,184.0
2024-04-08 22:58:00,FX:USDJPY,151.869,151.87199999999999,151.862,151.862,123.0
2024-04-08 22:59:00,FX:USDJPY,151.862,151.878,151.862,151.87699999999998,178.0
2024-04-08 23:00:00,FX:USDJPY,151.87699999999998,151.878,151.868,151.875,104.0
2024-04-08 23:01:00,FX:USDJPY,151.875,151.878,151.87099999999998,151.876,138.0
2024-04-08 23:02:00,FX:USDJPY,151.876,151.876,151.87199999999999,151.876,64.0
2024-04-08 23:03:00,FX:USDJPY,151.876,151.878,151.873,151.876,99.0
2024-04-08 23:04:00,FX:USDJPY,151.876,151.876,151.87099999999998,151.87099999999998,57.0
2024-04-08 23:05:00,FX:USDJPY,151.87099999999998,151.875,151.858,151.861,115.0
2024-04-08 23:06:00,FX:USDJPY,151.861,151.861,151.856,151.85999999999999,103.0
2024-04-08 23:07:00,FX:USDJPY,151.85999999999999,151.86499999999998,151.85899999999998,151.863,57.0
2024-04-08 23:08:00,FX:USDJPY,151.863,151.864,151.851,151.851,82.0
2024-04-08 23:09:00,FX:USDJPY,151.851,151.862,151.85,151.862,110.0
2024-04-08 23:10:00,FX:USDJPY,151.862,151.875,151.85999999999999,151.873,133.0
2024-04-08 23:11:00,FX:USDJPY,151.873,151.87699999999998,151.87199999999999,151.87699999999998,85.0
2024-04-08 23:12:00,FX:USDJPY,151.87699999999998,151.87699999999998,151.87,151.875,53.0
2024-04-08 23:13:00,FX:USDJPY,151.875,151.87699999999998,151.87099999999998,151.875,84.0
2024-04-08 23:14:00,FX:USDJPY,151.875,151.87699999999998,151.86499999999998,151.86499999999998,105.0
2024-04-08 23:15:00,FX:USDJPY,151.86499999999998,151.875,151.864,151.87199999999999,116.0
2024-04-08 23:16:00,FX:USDJPY,151.87199999999999,151.87199999999999,151.864,151.86499999999998,46.0
2024-04-08 23:17:00,FX:USDJPY,151.86499999999998,151.874,151.86499999999998,151.873,70.0
2024-04-08 23:18:00,FX:USDJPY,151.873,151.876,151.87199999999999,151.876,61.0
2024-04-08 23:19:00,FX:USDJPY,151.876,151.87699999999998,151.867,151.875,132.0
2024-04-08 23:20:00,FX:USDJPY,151.875,151.876,151.87199999999999,151.873,59.0
2024-04-08 23:21:00,FX:USDJPY,151.873,151.87699999999998,151.864,151.875,79.0
2024-04-08 23:22:00,FX:USDJPY,151.875,151.87699999999998,151.863,151.87199999999999,94.0
2024-04-08 23:23:00,FX:USDJPY,151.87199999999999,151.876,151.862,151.86599999999999,131.0
2024-04-08 23:24:00,FX:USDJPY,151.86599999999999,151.876,151.86499999999998,151.873,144.0
2024-04-08 23:25:00,FX:USDJPY,151.873,151.87699999999998,151.86599999999999,151.869,120.0
2024-04-08 23:26:00,FX:USDJPY,151.869,151.875,151.862,151.87,138.0
2024-04-08 23:27:00,FX:USDJPY,151.87,151.876,151.869,151.87099999999998,115.0
2024-04-08 23:28:00,FX:USDJPY,151.87099999999998,151.874,151.864,151.874,85.0
2024-04-08 23:29:00,FX:USDJPY,151.874,151.876,151.868,151.87099999999998,94.0
2024-04-08 23:30:00,FX:USDJPY,151.87099999999998,151.876,151.869,151.875,95.0
2024-04-08 23:31:00,FX:USDJPY,151.875,151.88299999999998,151.869,151.881,121.0
2024-04-08 23:32:00,FX:USDJPY,151.881,151.88299999999998,151.87,151.873,134.0
2024-04-08 23:33:00,FX:USDJPY,151.873,151.88299999999998,151.867,151.874,203.0
2024-04-08 23:34:00,FX:USDJPY,151.874,151.875,151.862,151.869,169.0
2024-04-08 23:35:00,FX:USDJPY,151.869,151.873,151.868,151.87,85.0
2024-04-08 23:36:00,FX:USDJPY,151.87,151.874,151.867,151.87099999999998,67.0
2024-04-08 23:37:00,FX:USDJPY,151.87099999999998,151.876,151.869,151.876,37.0
2024-04-08 23:38:00,FX:USDJPY,151.876,151.88,151.867,151.868,87.0
2024-04-08 23:39:00,FX:USDJPY,151.868,151.875,151.86499999999998,151.874,83.0
2024-04-08 23:40:00,FX:USDJPY,151.874,151.87699999999998,151.87,151.87,108.0
2024-04-08 23:41:00,FX:USDJPY,151.87,151.87199999999999,151.85899999999998,151.85999999999999,72.0
2024-04-08 23:42:00,FX:USDJPY,151.85999999999999,151.873,151.85999999999999,151.87099999999998,76.0
2024-04-08 23:43:00,FX:USDJPY,151.87099999999998,151.873,151.868,151.873,82.0
2024-04-08 23:44:00,FX:USDJPY,151.873,151.88,151.868,151.878,129.0
2024-04-08 23:45:00,FX:USDJPY,151.878,151.879,151.867,151.875,99.0
2024-04-08 23:46:00,FX:USDJPY,151.875,151.876,151.87099999999998,151.873,65.0
2024-04-08 23:47:00,FX:USDJPY,151.873,151.875,151.87,151.87099999999998,40.0
2024-04-08 23:48:00,FX:USDJPY,151.87099999999998,151.876,151.87099999999998,151.874,77.0
2024-04-08 23:49:00,FX:USDJPY,151.874,151.876,151.87199999999999,151.873,72.0
2024-04-08 23:50:00,FX:USDJPY,151.873,151.874,151.868,151.87099999999998,117.0
2024-04-08 23:51:00,FX:USDJPY,151.87099999999998,151.87099999999998,151.861,151.863,122.0
2024-04-08 23:52:00,FX:USDJPY,151.863,151.863,151.85899999999998,151.861,100.0
2024-04-08 23:53:00,FX:USDJPY,151.861,151.862,151.843,151.84699999999998,83.0
2024-04-08 23:54:00,FX:USDJPY,151.84699999999998,151.851,151.843,151.845,93.0
2024-04-08 23:55:00,FX:USDJPY,151.845,151.84799999999998,151.84,151.844,86.0
2024-04-08 23:56:00,FX:USDJPY,151.844,151.85899999999998,151.844,151.857,76.0
2024-04-08 23:57:00,FX:USDJPY,151.857,151.857,151.846,151.85399999999998,134.0
2024-04-08 23:58:00,FX:USDJPY,151.85399999999998,151.85999999999999,151.84799999999998,151.855,80.0
2024-04-08 23:59:00,FX:USDJPY,151.855,151.857,151.855,151.856,34.0
2024-04-09 00:00:00,FX:USDJPY,151.856,151.857,151.84699999999998,151.856,70.0
2024-04-09 00:01:00,FX:USDJPY,151.856,151.857,151.856,151.856,17.0
2024-04-09 00:02:00,FX:USDJPY,151.856,151.856,151.851,151.85299999999998,42.0
2024-04-09 00:03:00,FX:USDJPY,151.85299999999998,151.858,151.851,151.857,75.0
2024-04-09 00:04:00,FX:USDJPY,151.857,151.85999999999999,151.855,151.857,58.0
2024-04-09 00:05:00,FX:USDJPY,151.857,151.858,151.855,151.857,42.0
2024-04-09 00:06:00,FX:USDJPY,151.857,151.85999999999999,151.857,151.858,65.0
2024-04-09 00:07:00,FX:USDJPY,151.858,151.863,151.856,151.858,59.0
2024-04-09 00:08:00,FX:USDJPY,151.858,151.862,151.849,151.857,91.0
2024-04-09 00:09:00,FX:USDJPY,151.857,151.864,151.857,151.863,117.0
2024-04-09 00:10:00,FX:USDJPY,151.863,151.876,151.861,151.873,173.0
2024-04-09 00:11:00,FX:USDJPY,151.873,151.882,151.867,151.874,122.0
2024-04-09 00:12:00,FX:USDJPY,151.874,151.88299999999998,151.873,151.881,112.0
2024-04-09 00:13:00,FX:USDJPY,151.881,151.88299999999998,151.879,151.88299999999998,66.0
2024-04-09 00:14:00,FX:USDJPY,151.88299999999998,151.884,151.88,151.88299999999998,86.0
2024-04-09 00:15:00,FX:USDJPY,151.88299999999998,151.885,151.882,151.88299999999998,74.0
2024-04-09 00:16:00,FX:USDJPY,151.88299999999998,151.892,151.88299999999998,151.886,79.0
2024-04-09 00:17:00,FX:USDJPY,151.886,151.891,151.882,151.886,70.0
2024-04-09 00:18:00,FX:USDJPY,151.886,151.887,151.882,151.88299999999998,47.0
2024-04-09 00:19:00,FX:USDJPY,151.88299999999998,151.884,151.879,151.881,53.0
2024-04-09 00:20:00,FX:USDJPY,151.881,151.884,151.881,151.884,87.0
2024-04-09 00:21:00,FX:USDJPY,151.884,151.887,151.882,151.885,61.0
2024-04-09 00:22:00,FX:USDJPY,151.885,151.887,151.88,151.881,82.0
2024-04-09 00:23:00,FX:USDJPY,151.881,151.882,151.879,151.881,52.0
2024-04-09 00:24:00,FX:USDJPY,151.881,151.884,151.873,151.884,109.0
2024-04-09 00:25:00,FX:USDJPY,151.884,151.891,151.87699999999998,151.879,114.0
2024-04-09 00:26:00,FX:USDJPY,151.879,151.88,151.879,151.88,16.0
2024-04-09 00:27:00,FX:USDJPY,151.88,151.892,151.874,151.881,115.0
2024-04-09 00:28:00,FX:USDJPY,151.881,151.884,151.87,151.87099999999998,115.0
2024-04-09 00:29:00,FX:USDJPY,151.87099999999998,151.87699999999998,151.87,151.87099999999998,86.0
2024-04-09 00:30:00,FX:USDJPY,151.87099999999998,151.87099999999998,151.868,151.869,78.0
2024-04-09 00:31:00,FX:USDJPY,151.869,151.874,151.868,151.868,65.0
2024-04-09 00:32:00,FX:USDJPY,151.868,151.87099999999998,151.867,151.867,56.0
2024-04-09 00:33:00,FX:USDJPY,151.867,151.869,151.85899999999998,151.869,51.0
2024-04-09 00:34:00,FX:USDJPY,151.869,151.869,151.867,151.868,96.0
2024-04-09 00:35:00,FX:USDJPY,151.868,151.876,151.867,151.874,90.0
2024-04-09 00:36:00,FX:USDJPY,151.874,151.882,151.87099999999998,151.882,107.0
2024-04-09 00:37:00,FX:USDJPY,151.882,151.882,151.87099999999998,151.87199999999999,84.0
2024-04-09 00:38:00,FX:USDJPY,151.87199999999999,151.873,151.87199999999999,151.87199999999999,34.0
2024-04-09 00:39:00,FX:USDJPY,151.87199999999999,151.884,151.87199999999999,151.881,70.0
2024-04-09 00:40:00,FX:USDJPY,151.881,151.88299999999998,151.881,151.881,38.0
2024-04-09 00:41:00,FX:USDJPY,151.881,151.885,151.881,151.881,35.0
2024-04-09 00:42:00,FX:USDJPY,151.881,151.885,151.88,151.885,61.0
2024-04-09 00:43:00,FX:USDJPY,151.885,151.88799999999998,151.88299999999998,151.885,106.0
2024-04-09 00:44:00,FX:USDJPY,151.885,151.885,151.87099999999998,151.88,98.0
2024-04-09 00:45:00,FX:USDJPY,151.88,151.88,151.868,151.87099999999998,72.0
2024-04-09 00:46:00,FX:USDJPY,151.87099999999998,151.879,151.87099999999998,151.87699999999998,66.0
2024-04-09 00:47:00,FX:USDJPY,151.87699999999998,151.87699999999998,151.87099999999998,151.873,74.0
2024-04-09 00:48:00,FX:USDJPY,151.873,151.884,151.87199999999999,151.876,80.0
2024-04-09 00:49:00,FX:USDJPY,151.876,151.88299999999998,151.875,151.882,70.0
2024-04-09 00:50:00,FX:USDJPY,151.882,151.88299999999998,151.87699999999998,151.88,86.0
2024-04-09 00:51:00,FX:USDJPY,151.88,151.884,151.88,151.88299999999998,54.0
2024-04-09 00:52:00,FX:USDJPY,151.88299999999998,151.89,151.882,151.88899999999998,120.0
2024-04-09 00:53:00,FX:USDJPY,151.88899999999998,151.891,151.887,151.88799999999998,95.0
2024-04-09 00:54:00,FX:USDJPY,151.88799999999998,151.892,151.884,151.886,83.0
2024-04-09 00:55:00,FX:USDJPY,151.886,151.887,151.878,151.881,86.0
2024-04-09 00:56:00,FX:USDJPY,151.881,151.892,151.881,151.887,108.0
2024-04-09 00:57:00,FX:USDJPY,151.887,151.893,151.885,151.892,63.0
2024-04-09 00:58:00,FX:USDJPY,151.892,151.893,151.89,151.891,42.0
2024-04-09 00:59:00,FX:USDJPY,151.891,151.893,151.88799999999998,151.891,57.0
2024-04-09 01:00:00,FX:USDJPY,151.891,151.892,151.88299999999998,151.891,82.0
2024-04-09 01:01:00,FX:USDJPY,151.891,151.89399999999998,151.891,151.893,48.0
2024-04-09 01:02:00,FX:USDJPY,151.893,151.893,151.891,151.892,50.0
2024-04-09 01:03:00,FX:USDJPY,151.892,151.892,151.882,151.891,60.0
2024-04-09 01:04:00,FX:USDJPY,151.891,151.891,151.88,151.882,118.0
2024-04-09 01:05:00,FX:USDJPY,151.882,151.887,151.87,151.878,91.0
2024-04-09 01:06:00,FX:USDJPY,151.878,151.879,151.87099999999998,151.87099999999998,85.0
2024-04-09 01:07:00,FX:USDJPY,151.87099999999998,151.879,151.87099999999998,151.87699999999998,56.0
2024-04-09 01:08:00,FX:USDJPY,151.87699999999998,151.88,151.869,151.87199999999999,63.0
2024-04-09 01:09:00,FX:USDJPY,151.87199999999999,151.88,151.869,151.873,143.0
2024-04-09 01:10:00,FX:USDJPY,151.873,151.875,151.869,151.875,55.0
2024-04-09 01:11:00,FX:USDJPY,151.875,151.875,151.869,151.87,57.0
2024-04-09 01:12:00,FX:USDJPY,151.87,151.87699999999998,151.868,151.87699999999998,138.0
2024-04-09 01:13:00,FX:USDJPY,151.87699999999998,151.884,151.876,151.881,93.0
2024-04-09 01:14:00,FX:USDJPY,151.881,151.882,151.879,151.882,25.0
2024-04-09 01:15:00,FX:USDJPY,151.882,151.885,151.879,151.88,56.0
2024-04-09 01:16:00,FX:USDJPY,151.88,151.88799999999998,151.879,151.88299999999998,115.0
2024-04-09 01:17:00,FX:USDJPY,151.88299999999998,151.88799999999998,151.881,151.887,66.0
2024-04-09 01:18:00,FX:USDJPY,151.887,151.89499999999998,151.881,151.886,108.0
2024-04-09 01:19:00,FX:USDJPY,151.886,151.89499999999998,151.884,151.884,50.0
2024-04-09 01:20:00,FX:USDJPY,151.884,151.886,151.879,151.88,43.0
2024-04-09 01:21:00,FX:USDJPY,151.88,151.882,151.87699999999998,151.881,51.0
2024-04-09 01:22:00,FX:USDJPY,151.881,151.88899999999998,151.881,151.884,58.0
2024-04-09 01:23:00,FX:USDJPY,151.884,151.896,151.882,151.89499999999998,66.0
2024-04-09 01:24:00,FX:USDJPY,151.89499999999998,151.903,151.887,151.896,119.0
2024-04-09 01:25:00,FX:USDJPY,151.896,151.897,151.892,151.896,77.0
2024-04-09 01:26:00,FX:USDJPY,151.896,151.896,151.891,151.893,42.0
2024-04-09 01:27:00,FX:USDJPY,151.893,151.89499999999998,151.892,151.89399999999998,80.0
2024-04-09 01:28:00,FX:USDJPY,151.89399999999998,151.89499999999998,151.88799999999998,151.89399999999998,62.0
2024-04-09 01:29:00,FX:USDJPY,151.89399999999998,151.89499999999998,151.893,151.89399999999998,48.0
2024-04-09 01:30:00,FX:USDJPY,151.89399999999998,151.89499999999998,151.89,151.892,61.0
2024-04-09 01:31:00,FX:USDJPY,151.892,151.89399999999998,151.89,151.89,63.0
2024-04-09 01:32:00,FX:USDJPY,151.89,151.893,151.89,151.892,88.0
2024-04-09 01:33:00,FX:USDJPY,151.892,151.899,151.89,151.89399999999998,114.0
2024-04-09 01:34:00,FX:USDJPY,151.89399999999998,151.89499999999998,151.89,151.891,38.0
2024-04-09 01:35:00,FX:USDJPY,151.891,151.892,151.89,151.891,27.0
2024-04-09 01:36:00,FX:USDJPY,151.891,151.891,151.884,151.88899999999998,38.0
2024-04-09 01:37:00,FX:USDJPY,151.88899999999998,151.89,151.887,151.88899999999998,53.0
2024-04-09 01:38:00,FX:USDJPY,151.88899999999998,151.891,151.887,151.89,20.0
2024-04-09 01:39:00,FX:USDJPY,151.89,151.891,151.88899999999998,151.89,40.0
2024-04-09 01:40:00,FX:USDJPY,151.89,151.892,151.886,151.891,52.0
2024-04-09 01:41:00,FX:USDJPY,151.891,151.89399999999998,151.891,151.89399999999998,39.0
2024-04-09 01:42:00,FX:USDJPY,151.89399999999998,151.89399999999998,151.892,151.892,36.0
2024-04-09 01:43:00,FX:USDJPY,151.892,151.89499999999998,151.88899999999998,151.89499999999998,63.0
2024-04-09 01:44:00,FX:USDJPY,151.89499999999998,151.90099999999998,151.89,151.89,49.0
2024-04-09 01:45:00,FX:USDJPY,151.89,151.892,151.88899999999998,151.89,42.0
2024-04-09 01:46:00,FX:USDJPY,151.89,151.89,151.881,151.88799999999998,117.0
2024-04-09 01:47:00,FX:USDJPY,151.88799999999998,151.891,151.882,151.884,132.0
2024-04-09 01:48:00,FX:USDJPY,151.884,151.892,151.882,151.891,91.0
2024-04-09 01:49:00,FX:USDJPY,151.891,151.891,151.88299999999998,151.884,103.0
2024-04-09 01:50:00,FX:USDJPY,151.884,151.886,151.884,151.885,39.0
2024-04-09 01:51:00,FX:USDJPY,151.885,151.886,151.882,151.88299999999998,50.0
2024-04-09 01:52:00,FX:USDJPY,151.88299999999998,151.884,151.882,151.88299999999998,40.0
2024-04-09 01:53:00,FX:USDJPY,151.88299999999998,151.884,151.881,151.88299999999998,51.0
2024-04-09 01:54:00,FX:USDJPY,151.88299999999998,151.893,151.882,151.891,103.0
2024-04-09 01:55:00,FX:USDJPY,151.891,151.893,151.89,151.892,44.0
2024-04-09 01:56:00,FX:USDJPY,151.892,151.897,151.89,151.892,67.0
2024-04-09 01:57:00,FX:USDJPY,151.892,151.902,151.89,151.891,112.0
2024-04-09 01:58:00,FX:USDJPY,151.891,151.893,151.89,151.892,82.0
2024-04-09 01:59:00,FX:USDJPY,151.892,151.899,151.891,151.89399999999998,130.0
2024-04-09 02:00:00,FX:USDJPY,151.89399999999998,151.898,151.88799999999998,151.892,169.0
2024-04-09 02:01:00,FX:USDJPY,151.892,151.89399999999998,151.882,151.886,178.0
2024-04-09 02:02:00,FX:USDJPY,151.886,151.891,151.881,151.891,181.0
2024-04-09 02:03:00,FX:USDJPY,151.891,151.89399999999998,151.89,151.891,124.0
2024-04-09 02:04:00,FX:USDJPY,151.891,151.892,151.882,151.884,165.0
2024-04-09 02:05:00,FX:USDJPY,151.884,151.893,151.884,151.886,145.0
2024-04-09 02:06:00,FX:USDJPY,151.886,151.886,151.878,151.882,121.0
2024-04-09 02:07:00,FX:USDJPY,151.882,151.886,151.881,151.885,156.0
2024-04-09 02:08:00,FX:USDJPY,151.885,151.892,151.874,151.88799999999998,190.0
2024-04-09 02:09:00,FX:USDJPY,151.88799999999998,151.88799999999998,151.878,151.878,118.0
2024-04-09 02:10:00,FX:USDJPY,151.878,151.881,151.876,151.879,91.0
2024-04-09 02:11:00,FX:USDJPY,151.879,151.881,151.87699999999998,151.878,41.0
2024-04-09 02:12:00,FX:USDJPY,151.878,151.881,151.87699999999998,151.88,59.0
2024-04-09 02:13:00,FX:USDJPY,151.88,151.89399999999998,151.88,151.893,80.0
2024-04-09 02:14:00,FX:USDJPY,151.893,151.897,151.892,151.89499999999998,62.0
2024-04-09 02:15:00,FX:USDJPY,151.89499999999998,151.896,151.89,151.892,111.0
2024-04-09 02:16:00,FX:USDJPY,151.892,151.892,151.885,151.886,147.0
2024-04-09 02:17:00,FX:USDJPY,151.886,151.893,151.885,151.885,106.0
2024-04-09 02:18:00,FX:USDJPY,151.885,151.88899999999998,151.881,151.88799999999998,62.0
2024-04-09 02:19:00,FX:USDJPY,151.88799999999998,151.892,151.887,151.892,77.0
2024-04-09 02:20:00,FX:USDJPY,151.892,151.892,151.88899999999998,151.891,84.0
2024-04-09 02:21:00,FX:USDJPY,151.891,151.89499999999998,151.887,151.89,130.0
2024-04-09 02:22:00,FX:USDJPY,151.89,151.893,151.886,151.892,162.0
2024-04-09 02:23:00,FX:USDJPY,151.892,151.89399999999998,151.891,151.892,89.0
2024-04-09 02:24:00,FX:USDJPY,151.892,151.89499999999998,151.882,151.88299999999998,127.0
2024-04-09 02:25:00,FX:USDJPY,151.88299999999998,151.886,151.878,151.88299999999998,115.0
2024-04-09 02:26:00,FX:USDJPY,151.88299999999998,151.886,151.878,151.879,117.0
2024-04-09 02:27:00,FX:USDJPY,151.879,151.885,151.879,151.881,100.0
2024-04-09 02:28:00,FX:USDJPY,151.881,151.882,151.879,151.879,97.0
2024-04-09 02:29:00,FX:USDJPY,151.879,151.88299999999998,151.874,151.875,110.0
2024-04-09 02:30:00,FX:USDJPY,151.875,151.88299999999998,151.87099999999998,151.881,112.0
2024-04-09 02:31:00,FX:USDJPY,151.881,151.892,151.88,151.884,179.0
2024-04-09 02:32:00,FX:USDJPY,151.884,151.885,151.879,151.88299999999998,110.0
2024-04-09 02:33:00,FX:USDJPY,151.88299999999998,151.884,151.87199999999999,151.88,113.0
2024-04-09 02:34:00,FX:USDJPY,151.88,151.89,151.88,151.886,167.0
2024-04-09 02:35:00,FX:USDJPY,151.886,151.887,151.881,151.88299999999998,81.0
2024-04-09 02:36:00,FX:USDJPY,151.88299999999998,151.885,151.881,151.881,96.0
2024-04-09 02:37:00,FX:USDJPY,151.881,151.882,151.88,151.881,38.0
2024-04-09 02:38:00,FX:USDJPY,151.881,151.881,151.88,151.881,66.0
2024-04-09 02:39:00,FX:USDJPY,151.881,151.88799999999998,151.879,151.886,66.0
2024-04-09 02:40:00,FX:USDJPY,151.886,151.891,151.88,151.89,133.0
2024-04-09 02:41:00,FX:USDJPY,151.89,151.89,151.88799999999998,151.89,31.0
2024-04-09 02:42:00,FX:USDJPY,151.89,151.89,151.88,151.88299999999998,93.0
2024-04-09 02:43:00,FX:USDJPY,151.88299999999998,151.885,151.878,151.882,91.0
2024-04-09 02:44:00,FX:USDJPY,151.882,151.88299999999998,151.881,151.881,85.0
2024-04-09 02:45:00,FX:USDJPY,151.881,151.88299999999998,151.881,151.882,71.0
2024-04-09 02:46:00,FX:USDJPY,151.882,151.892,151.882,151.892,134.0
2024-04-09 02:47:00,FX:USDJPY,151.892,151.89399999999998,151.88799999999998,151.891,117.0
2024-04-09 02:48:00,FX:USDJPY,151.891,151.89399999999998,151.88899999999998,151.891,129.0
2024-04-09 02:49:00,FX:USDJPY,151.891,151.89399999999998,151.884,151.892,157.0
2024-04-09 02:50:00,FX:USDJPY,151.892,151.899,151.891,151.892,165.0
2024-04-09 02:51:00,FX:USDJPY,151.892,151.905,151.892,151.896,132.0
2024-04-09 02:52:00,FX:USDJPY,151.896,151.911,151.896,151.908,146.0
2024-04-09 02:53:00,FX:USDJPY,151.908,151.921,151.90699999999998,151.914,191.0
2024-04-09 02:54:00,FX:USDJPY,151.914,151.916,151.903,151.90699999999998,142.0
2024-04-09 02:55:00,FX:USDJPY,151.90699999999998,151.916,151.902,151.915,112.0
2024-04-09 02:56:00,FX:USDJPY,151.915,151.92,151.90099999999998,151.903,134.0
2024-04-09 02:57:00,FX:USDJPY,151.903,151.915,151.902,151.908,129.0
2024-04-09 02:58:00,FX:USDJPY,151.908,151.915,151.908,151.914,124.0
2024-04-09 02:59:00,FX:USDJPY,151.914,151.916,151.909,151.914,177.0
2024-04-09 03:00:00,FX:USDJPY,151.914,151.926,151.91199999999998,151.921,224.0
2024-04-09 03:01:00,FX:USDJPY,151.921,151.92499999999998,151.915,151.923,241.0
2024-04-09 03:02:00,FX:USDJPY,151.923,151.926,151.921,151.926,168.0
2024-04-09 03:03:00,FX:USDJPY,151.926,151.926,151.917,151.922,75.0
2024-04-09 03:04:00,FX:USDJPY,151.922,151.92499999999998,151.91799999999998,151.92,119.0
2024-04-09 03:05:00,FX:USDJPY,151.92,151.929,151.915,151.921,153.0
2024-04-09 03:06:00,FX:USDJPY,151.921,151.93099999999998,151.91899999999998,151.929,132.0
2024-04-09 03:07:00,FX:USDJPY,151.929,151.93599999999998,151.92,151.934,284.0
2024-04-09 03:08:00,FX:USDJPY,151.934,151.934,151.923,151.929,261.0
2024-04-09 03:09:00,FX:USDJPY,151.929,151.929,151.923,151.926,170.0
2024-04-09 03:10:00,FX:USDJPY,151.926,151.93099999999998,151.92,151.92399999999998,180.0
2024-04-09 03:11:00,FX:USDJPY,151.92399999999998,151.92499999999998,151.91199999999998,151.914,209.0
2024-04-09 03:12:00,FX:USDJPY,151.914,151.921,151.91199999999998,151.91299999999998,117.0
2024-04-09 03:13:00,FX:USDJPY,151.91299999999998,151.914,151.905,151.91299999999998,148.0
2024-04-09 03:14:00,FX:USDJPY,151.91299999999998,151.914,151.905,151.91199999999998,146.0
2024-04-09 03:15:00,FX:USDJPY,151.91199999999998,151.922,151.911,151.91799999999998,117.0
2024-04-09 03:16:00,FX:USDJPY,151.91799999999998,151.92999999999998,151.91799999999998,151.926,155.0
2024-04-09 03:17:00,FX:USDJPY,151.926,151.93099999999998,151.92499999999998,151.928,179.0
2024-04-09 03:18:00,FX:USDJPY,151.928,151.935,151.926,151.929,155.0
2024-04-09 03:19:00,FX:USDJPY,151.929,151.929,151.92499999999998,151.927,126.0
2024-04-09 03:20:00,FX:USDJPY,151.927,151.93099999999998,151.92499999999998,151.926,134.0
2024-04-09 03:21:00,FX:USDJPY,151.926,151.928,151.91799999999998,151.91799999999998,148.0
2024-04-09 03:22:00,FX:USDJPY,151.91799999999998,151.926,151.915,151.92499999999998,78.0
2024-04-09 03:23:00,FX:USDJPY,151.92499999999998,151.929,151.915,151.916,86.0
2024-04-09 03:24:00,FX:USDJPY,151.916,151.916,151.909,151.914,95.0
2024-04-09 03:25:00,FX:USDJPY,151.914,151.915,151.891,151.893,191.0
2024-04-09 03:26:00,FX:USDJPY,151.893,151.89399999999998,151.88299999999998,151.887,133.0
2024-04-09 03:27:00,FX:USDJPY,151.887,151.88799999999998,151.88,151.884,165.0
2024-04-09 03:28:00,FX:USDJPY,151.884,151.891,151.88299999999998,151.88899999999998,194.0
2024-04-09 03:29:00,FX:USDJPY,151.88899999999998,151.89999999999998,151.88899999999998,151.892,186.0
2024-04-09 03:30:00,FX:USDJPY,151.892,151.898,151.88299999999998,151.898,241.0
2024-04-09 03:31:00,FX:USDJPY,151.898,151.899,151.89399999999998,151.898,138.0
2024-04-09 03:32:00,FX:USDJPY,151.898,151.909,151.89499999999998,151.89499999999998,228.0
2024-04-09 03:33:00,FX:USDJPY,151.89499999999998,151.903,151.88799999999998,151.903,191.0
2024-04-09 03:34:00,FX:USDJPY,151.903,151.905,151.897,151.905,174.0
2024-04-09 03:35:00,FX:USDJPY,151.905,151.905,151.903,151.904,139.0
2024-04-09 03:36:00,FX:USDJPY,151.904,151.916,151.903,151.916,116.0
2024-04-09 03:37:00,FX:USDJPY,151.916,151.923,151.914,151.923,88.0
2024-04-09 03:38:00,FX:USDJPY,151.923,151.92399999999998,151.91299999999998,151.917,96.0
2024-04-09 03:39:00,FX:USDJPY,151.917,151.91899999999998,151.90599999999998,151.91299999999998,147.0
2024-04-09 03:40:00,FX:USDJPY,151.91299999999998,151.915,151.91199999999998,151.914,120.0
2024-04-09 03:41:00,FX:USDJPY,151.914,151.91899999999998,151.91199999999998,151.916,104.0
2024-04-09 03:42:00,FX:USDJPY,151.916,151.91899999999998,151.91299999999998,151.91299999999998,77.0
2024-04-09 03:43:00,FX:USDJPY,151.91299999999998,151.916,151.91,151.916,53.0
2024-04-09 03:44:00,FX:USDJPY,151.916,151.926,151.916,151.91799999999998,160.0
2024-04-09 03:45:00,FX:USDJPY,151.91799999999998,151.92499999999998,151.91299999999998,151.91299999999998,130.0
2024-04-09 03:46:00,FX:USDJPY,151.91299999999998,151.914,151.903,151.903,138.0
2024-04-09 03:47:00,FX:USDJPY,151.903,151.915,151.903,151.91299999999998,134.0
2024-04-09 03:48:00,FX:USDJPY,151.91299999999998,151.914,151.90699999999998,151.91299999999998,143.0
2024-04-09 03:49:00,FX:USDJPY,151.91299999999998,151.915,151.91299999999998,151.914,137.0
2024-04-09 03:50:00,FX:USDJPY,151.914,151.917,151.914,151.916,103.0
2024-04-09 03:51:00,FX:USDJPY,151.916,151.91899999999998,151.915,151.915,109.0
2024-04-09 03:52:00,FX:USDJPY,151.915,151.92,151.914,151.91799999999998,118.0
2024-04-09 03:53:00,FX:USDJPY,151.91799999999998,151.921,151.914,151.91799999999998,98.0
2024-04-09 03:54:00,FX:USDJPY,151.91799999999998,151.91799999999998,151.91199999999998,151.914,44.0
2024-04-09 03:55:00,FX:USDJPY,151.914,151.923,151.914,151.91799999999998,144.0
2024-04-09 03:56:00,FX:USDJPY,151.91799999999998,151.92,151.915,151.91899999999998,104.0
2024-04-09 03:57:00,FX:USDJPY,151.91899999999998,151.91899999999998,151.903,151.908,153.0
2024-04-09 03:58:00,FX:USDJPY,151.908,151.916,151.904,151.908,151.0
2024-04-09 03:59:00,FX:USDJPY,151.908,151.908,151.902,151.902,90.0
2024-04-09 04:00:00,FX:USDJPY,151.902,151.91299999999998,151.902,151.90599999999998,169.0
2024-04-09 04:01:00,FX:USDJPY,151.90599999999998,151.909,151.90099999999998,151.90699999999998,139.0
2024-04-09 04:02:00,FX:USDJPY,151.90699999999998,151.909,151.892,151.892,142.0
2024-04-09 04:03:00,FX:USDJPY,151.892,151.89399999999998,151.882,151.891,179.0
2024-04-09 04:04:00,FX:USDJPY,151.891,151.893,151.876,151.89,164.0
2024-04-09 04:05:00,FX:USDJPY,151.89,151.902,151.88799999999998,151.897,209.0
2024-04-09 04:06:00,FX:USDJPY,151.897,151.909,151.89499999999998,151.903,120.0
2024-04-09 04:07:00,FX:USDJPY,151.903,151.909,151.89499999999998,151.90699999999998,110.0
2024-04-09 04:08:00,FX:USDJPY,151.90699999999998,151.908,151.903,151.904,96.0
2024-04-09 04:09:00,FX:USDJPY,151.904,151.904,151.898,151.903,67.0
2024-04-09 04:10:00,FX:USDJPY,151.903,151.903,151.892,151.89399999999998,97.0
2024-04-09 04:11:00,FX:USDJPY,151.89399999999998,151.91,151.89399999999998,151.908,130.0
2024-04-09 04:12:00,FX:USDJPY,151.908,151.91,151.899,151.902,213.0
2024-04-09 04:13:00,FX:USDJPY,151.902,151.904,151.892,151.89399999999998,257.0
2024-04-09 04:14:00,FX:USDJPY,151.89399999999998,151.904,151.892,151.90099999999998,183.0
2024-04-09 04:15:00,FX:USDJPY,151.90099999999998,151.902,151.893,151.89399999999998,219.0
2024-04-09 04:16:00,FX:USDJPY,151.89399999999998,151.902,151.891,151.897,139.0
2024-04-09 04:17:00,FX:USDJPY,151.897,151.91,151.89399999999998,151.902,148.0
2024-04-09 04:18:00,FX:USDJPY,151.902,151.904,151.893,151.903,157.0
2024-04-09 04:19:00,FX:USDJPY,151.903,151.904,151.892,151.89499999999998,201.0
2024-04-09 04:20:00,FX:USDJPY,151.89499999999998,151.904,151.893,151.899,98.0
2024-04-09 04:21:00,FX:USDJPY,151.899,151.899,151.892,151.896,72.0
2024-04-09 04:22:00,FX:USDJPY,151.896,151.899,151.891,151.89399999999998,98.0
2024-04-09 04:23:00,FX:USDJPY,151.89399999999998,151.89399999999998,151.882,151.893,123.0
2024-04-09 04:24:00,FX:USDJPY,151.893,151.902,151.892,151.89399999999998,203.0
2024-04-09 04:25:00,FX:USDJPY,151.89399999999998,151.899,151.89399999999998,151.89399999999998,171.0
2024-04-09 04:26:00,FX:USDJPY,151.89399999999998,151.898,151.89,151.897,170.0
2024-04-09 04:27:00,FX:USDJPY,151.897,151.905,151.89399999999998,151.897,159.0
2024-04-09 04:28:00,FX:USDJPY,151.897,151.898,151.89499999999998,151.897,195.0
2024-04-09 04:29:00,FX:USDJPY,151.897,151.90599999999998,151.896,151.904,168.0
2024-04-09 04:30:00,FX:USDJPY,151.904,151.90599999999998,151.898,151.904,185.0
2024-04-09 04:31:00,FX:USDJPY,151.904,151.90599999999998,151.899,151.904,142.0
2024-04-09 04:32:00,FX:USDJPY,151.904,151.905,151.896,151.897,155.0
2024-04-09 04:33:00,FX:USDJPY,151.897,151.89999999999998,151.896,151.897,138.0
2024-04-09 04:34:00,FX:USDJPY,151.897,151.898,151.89499999999998,151.897,114.0
2024-04-09 04:35:00,FX:USDJPY,151.897,151.898,151.896,151.898,107.0
2024-04-09 04:36:00,FX:USDJPY,151.898,151.90599999999998,151.898,151.905,117.0
2024-04-09 04:37:00,FX:USDJPY,151.905,151.90599999999998,151.90099999999998,151.905,188.0
2024-04-09 04:38:00,FX:USDJPY,151.905,151.90599999999998,151.892,151.893,170.0
2024-04-09 04:39:00,FX:USDJPY,151.893,151.896,151.884,151.886,204.0
2024-04-09 04:40:00,FX:USDJPY,151.886,151.886,151.875,151.884,206.0
2024-04-09 04:41:00,FX:USDJPY,151.884,151.886,151.88299999999998,151.885,60.0
2024-04-09 04:42:00,FX:USDJPY,151.885,151.89,151.88299999999998,151.88299999999998,121.0
2024-04-09 04:43:00,FX:USDJPY,151.88299999999998,151.884,151.873,151.882,145.0
2024-04-09 04:44:00,FX:USDJPY,151.882,151.88299999999998,151.87,151.874,129.0
2024-04-09 04:45:00,FX:USDJPY,151.874,151.87699999999998,151.87199999999999,151.874,171.0
2024-04-09 04:46:00,FX:USDJPY,151.874,151.875,151.864,151.869,176.0
2024-04-09 04:47:00,FX:USDJPY,151.869,151.87,151.862,151.869,171.0
2024-04-09 04:48:00,FX:USDJPY,151.869,151.87,151.863,151.86499999999998,155.0
2024-04-09 04:49:00,FX:USDJPY,151.86499999999998,151.867,151.863,151.864,186.0
2024-04-09 04:50:00,FX:USDJPY,151.864,151.87,151.863,151.869,159.0
2024-04-09 04:51:00,FX:USDJPY,151.869,151.87099999999998,151.86499999999998,151.87,111.0
2024-04-09 04:52:00,FX:USDJPY,151.87,151.87699999999998,151.87,151.875,117.0
2024-04-09 04:53:00,FX:USDJPY,151.875,151.879,151.873,151.874,140.0
2024-04-09 04:54:00,FX:USDJPY,151.874,151.87699999999998,151.87099999999998,151.875,136.0
2024-04-09 04:55:00,FX:USDJPY,151.875,151.88299999999998,151.873,151.874,174.0
2024-04-09 04:56:00,FX:USDJPY,151.874,151.87699999999998,151.86599999999999,151.876,138.0
2024-04-09 04:57:00,FX:USDJPY,151.876,151.884,151.875,151.88299999999998,131.0
2024-04-09 04:58:00,FX:USDJPY,151.88299999999998,151.887,151.881,151.886,113.0
2024-04-09 04:59:00,FX:USDJPY,151.886,151.89,151.885,151.886,191.0
2024-04-09 05:00:00,FX:USDJPY,151.886,151.897,151.886,151.88799999999998,211.0
2024-04-09 05:01:00,FX:USDJPY,151.88799999999998,151.89499999999998,151.887,151.89399999999998,79.0
2024-04-09 05:02:00,FX:USDJPY,151.89399999999998,151.897,151.886,151.89499999999998,149.0
2024-04-09 05:03:00,FX:USDJPY,151.89499999999998,151.89499999999998,151.876,151.884,203.0
2024-04-09 05:04:00,FX:USDJPY,151.884,151.89,151.882,151.88799999999998,88.0
2024-04-09 05:05:00,FX:USDJPY,151.88799999999998,151.88899999999998,151.886,151.887,49.0
2024-04-09 05:06:00,FX:USDJPY,151.887,151.88799999999998,151.878,151.88299999999998,127.0
2024-04-09 05:07:00,FX:USDJPY,151.88299999999998,151.88899999999998,151.88299999999998,151.88799999999998,70.0
2024-04-09 05:08:00,FX:USDJPY,151.88799999999998,151.88799999999998,151.88299999999998,151.887,96.0
2024-04-09 05:09:00,FX:USDJPY,151.887,151.88799999999998,151.885,151.886,92.0
2024-04-09 05:10:00,FX:USDJPY,151.886,151.887,151.885,151.886,92.0
2024-04-09 05:11:00,FX:USDJPY,151.886,151.887,151.88299999999998,151.885,120.0
2024-04-09 05:12:00,FX:USDJPY,151.885,151.886,151.88299999999998,151.885,21.0
2024-04-09 05:13:00,FX:USDJPY,151.885,151.885,151.87,151.873,72.0
2024-04-09 05:14:00,FX:USDJPY,151.873,151.874,151.862,151.862,117.0
2024-04-09 05:15:00,FX:USDJPY,151.862,151.862,151.849,151.851,171.0
2024-04-09 05:16:00,FX:USDJPY,151.851,151.87199999999999,151.851,151.87199999999999,193.0
2024-04-09 05:17:00,FX:USDJPY,151.87199999999999,151.873,151.858,151.85999999999999,189.0
2024-04-09 05:18:00,FX:USDJPY,151.85999999999999,151.87699999999998,151.85899999999998,151.86499999999998,241.0
2024-04-09 05:19:00,FX:USDJPY,151.86499999999998,151.868,151.858,151.85999999999999,209.0
2024-04-09 05:20:00,FX:USDJPY,151.85999999999999,151.861,151.857,151.85899999999998,167.0
2024-04-09 05:21:00,FX:USDJPY,151.85899999999998,151.864,151.85,151.863,113.0
2024-04-09 05:22:00,FX:USDJPY,151.863,151.864,151.852,151.85299999999998,75.0
2024-04-09 05:23:00,FX:USDJPY,151.85299999999998,151.856,151.852,151.85299999999998,76.0
2024-04-09 05:24:00,FX:USDJPY,151.85299999999998,151.861,151.852,151.85299999999998,120.0
2024-04-09 05:25:00,FX:USDJPY,151.85299999999998,151.85899999999998,151.851,151.857,179.0
2024-04-09 05:26:00,FX:USDJPY,151.857,151.86599999999999,151.857,151.86499999999998,172.0
2024-04-09 05:27:00,FX:USDJPY,151.86499999999998,151.86599999999999,151.725,151.76,913.0
2024-04-09 05:28:00,FX:USDJPY,151.76,151.797,151.755,151.784,549.0
2024-04-09 05:29:00,FX:USDJPY,151.784,151.79899999999998,151.779,151.79299999999998,361.0
2024-04-09 05:30:00,FX:USDJPY,151.79299999999998,151.797,151.772,151.797,315.0
2024-04-09 05:31:00,FX:USDJPY,151.797,151.82399999999998,151.792,151.81799999999998,253.0
2024-04-09 05:32:00,FX:USDJPY,151.81799999999998,151.83499999999998,151.81799999999998,151.827,156.0
2024-04-09 05:33:00,FX:USDJPY,151.827,151.837,151.825,151.83499999999998,238.0
2024-04-09 05:34:00,FX:USDJPY,151.83499999999998,151.839,151.82299999999998,151.832,160.0
2024-04-09 05:35:00,FX:USDJPY,151.832,151.838,151.81699999999998,151.81799999999998,163.0
2024-04-09 05:36:00,FX:USDJPY,151.81799999999998,151.81799999999998,151.77599999999998,151.795,260.0
2024-04-09 05:37:00,FX:USDJPY,151.795,151.79899999999998,151.791,151.79399999999998,157.0
2024-04-09 05:38:00,FX:USDJPY,151.79399999999998,151.809,151.78099999999998,151.808,288.0
2024-04-09 05:39:00,FX:USDJPY,151.808,151.81,151.803,151.803,148.0
2024-04-09 05:40:00,FX:USDJPY,151.803,151.807,151.783,151.783,149.0
2024-04-09 05:41:00,FX:USDJPY,151.783,151.786,151.773,151.773,151.0
2024-04-09 05:42:00,FX:USDJPY,151.773,151.79,151.76999999999998,151.785,155.0
2024-04-09 05:43:00,FX:USDJPY,151.785,151.79399999999998,151.772,151.78,199.0
2024-04-09 05:44:00,FX:USDJPY,151.78,151.78099999999998,151.756,151.76299999999998,192.0
2024-04-09 05:45:00,FX:USDJPY,151.76299999999998,151.76999999999998,151.75199999999998,151.76299999999998,229.0
2024-04-09 05:46:00,FX:USDJPY,151.76299999999998,151.774,151.76299999999998,151.774,155.0
2024-04-09 05:47:00,FX:USDJPY,151.774,151.78099999999998,151.772,151.778,162.0
2024-04-09 05:48:00,FX:USDJPY,151.778,151.785,151.762,151.762,189.0
2024-04-09 05:49:00,FX:USDJPY,151.762,151.773,151.762,151.76999999999998,152.0
2024-04-09 05:50:00,FX:USDJPY,151.76999999999998,151.784,151.768,151.773,161.0
2024-04-09 05:51:00,FX:USDJPY,151.773,151.79999999999998,151.773,151.79899999999998,188.0
2024-04-09 05:52:00,FX:USDJPY,151.79899999999998,151.79999999999998,151.786,151.79,130.0
2024-04-09 05:53:00,FX:USDJPY,151.79,151.79899999999998,151.789,151.798,112.0
2024-04-09 05:54:00,FX:USDJPY,151.798,151.79899999999998,151.795,151.79899999999998,100.0
2024-04-09 05:55:00,FX:USDJPY,151.79899999999998,151.804,151.79299999999998,151.79399999999998,149.0
2024-04-09 05:56:00,FX:USDJPY,151.79399999999998,151.809,151.79399999999998,151.808,124.0
2024-04-09 05:57:00,FX:USDJPY,151.808,151.822,151.80599999999998,151.81799999999998,134.0
2024-04-09 05:58:00,FX:USDJPY,151.81799999999998,151.84199999999998,151.81799999999998,151.84199999999998,237.0
2024-04-09 05:59:00,FX:USDJPY,151.84199999999998,151.844,151.832,151.84,193.0
2024-04-09 06:00:00,FX:USDJPY,151.84,151.84,151.81799999999998,151.821,221.0
2024-04-09 06:01:00,FX:USDJPY,151.821,151.822,151.81799999999998,151.82,116.0
2024-04-09 06:02:00,FX:USDJPY,151.82,151.822,151.815,151.819,75.0
2024-04-09 06:03:00,FX:USDJPY,151.819,151.82899999999998,151.816,151.828,73.0
2024-04-09 06:04:00,FX:USDJPY,151.828,151.833,151.821,151.822,142.0
2024-04-09 06:05:00,FX:USDJPY,151.822,151.82999999999998,151.81799999999998,151.82,153.0
2024-04-09 06:06:00,FX:USDJPY,151.82,151.82999999999998,151.81699999999998,151.81699999999998,118.0
2024-04-09 06:07:00,FX:USDJPY,151.81699999999998,151.82,151.81699999999998,151.819,89.0
2024-04-09 06:08:00,FX:USDJPY,151.819,151.82299999999998,151.81799999999998,151.819,76.0
2024-04-09 06:09:00,FX:USDJPY,151.819,151.826,151.81799999999998,151.82,108.0
2024-04-09 06:10:00,FX:USDJPY,151.82,151.82299999999998,151.81799999999998,151.819,91.0
2024-04-09 06:11:00,FX:USDJPY,151.819,151.822,151.81,151.81,88.0
2024-04-09 06:12:00,FX:USDJPY,151.81,151.819,151.81,151.819,75.0
2024-04-09 06:13:00,FX:USDJPY,151.819,151.822,151.81199999999998,151.814,132.0
2024-04-09 06:14:00,FX:USDJPY,151.814,151.82,151.81,151.81699999999998,107.0
2024-04-09 06:15:00,FX:USDJPY,151.81699999999998,151.82,151.81099999999998,151.82,124.0
2024-04-09 06:16:00,FX:USDJPY,151.82,151.82999999999998,151.819,151.82899999999998,71.0
2024-04-09 06:17:00,FX:USDJPY,151.82899999999998,151.82999999999998,151.81799999999998,151.821,148.0
2024-04-09 06:18:00,FX:USDJPY,151.821,151.822,151.81799999999998,151.82,46.0
2024-04-09 06:19:00,FX:USDJPY,151.82,151.822,151.819,151.82,79.0
2024-04-09 06:20:00,FX:USDJPY,151.82,151.82399999999998,151.81699999999998,151.819,78.0
2024-04-09 06:21:00,FX:USDJPY,151.819,151.822,151.819,151.82,54.0
2024-04-09 06:22:00,FX:USDJPY,151.82,151.822,151.81699999999998,151.821,56.0
2024-04-09 06:23:00,FX:USDJPY,151.821,151.821,151.809,151.814,197.0
2024-04-09 06:24:00,FX:USDJPY,151.814,151.82,151.809,151.819,96.0
2024-04-09 06:25:00,FX:USDJPY,151.819,151.82,151.807,151.816,187.0
2024-04-09 06:26:00,FX:USDJPY,151.816,151.81699999999998,151.808,151.809,74.0
2024-04-09 06:27:00,FX:USDJPY,151.809,151.81099999999998,151.808,151.809,129.0
2024-04-09 06:28:00,FX:USDJPY,151.809,151.81099999999998,151.808,151.809,106.0
2024-04-09 06:29:00,FX:USDJPY,151.809,151.819,151.808,151.81799999999998,94.0
2024-04-09 06:30:00,FX:USDJPY,151.81799999999998,151.81799999999998,151.80599999999998,151.81199999999998,53.0
2024-04-09 06:31:00,FX:USDJPY,151.81199999999998,151.81799999999998,151.80499999999998,151.809,138.0
2024-04-09 06:32:00,FX:USDJPY,151.809,151.81099999999998,151.79899999999998,151.803,178.0
2024-04-09 06:33:00,FX:USDJPY,151.803,151.80599999999998,151.796,151.797,145.0
2024-04-09 06:34:00,FX:USDJPY,151.797,151.798,151.784,151.785,143.0
2024-04-09 06:35:00,FX:USDJPY,151.785,151.789,151.76999999999998,151.772,187.0
2024-04-09 06:36:00,FX:USDJPY,151.772,151.77499999999998,151.76299999999998,151.767,254.0
2024-04-09 06:37:00,FX:USDJPY,151.767,151.778,151.765,151.77599999999998,155.0
2024-04-09 06:38:00,FX:USDJPY,151.77599999999998,151.78099999999998,151.766,151.77499999999998,203.0
2024-04-09 06:39:00,FX:USDJPY,151.77499999999998,151.777,151.774,151.77599999999998,98.0
2024-04-09 06:40:00,FX:USDJPY,151.77599999999998,151.779,151.774,151.77599999999998,113.0
2024-04-09 06:41:00,FX:USDJPY,151.77599999999998,151.78799999999998,151.77499999999998,151.78699999999998,149.0
2024-04-09 06:42:00,FX:USDJPY,151.78699999999998,151.789,151.786,151.78799999999998,87.0
2024-04-09 06:43:00,FX:USDJPY,151.78799999999998,151.789,151.783,151.785,83.0
2024-04-09 06:44:00,FX:USDJPY,151.785,151.78699999999998,151.78199999999998,151.785,81.0
2024-04-09 06:45:00,FX:USDJPY,151.785,151.78699999999998,151.77499999999998,151.777,139.0
2024-04-09 06:46:00,FX:USDJPY,151.777,151.777,151.767,151.772,113.0
2024-04-09 06:47:00,FX:USDJPY,151.772,151.78,151.772,151.77599999999998,126.0
2024-04-09 06:48:00,FX:USDJPY,151.77599999999998,151.78799999999998,151.77499999999998,151.78799999999998,167.0
2024-04-09 06:49:00,FX:USDJPY,151.78799999999998,151.79299999999998,151.785,151.78699999999998,140.0
2024-04-09 06:50:00,FX:USDJPY,151.78699999999998,151.789,151.785,151.786,49.0
2024-04-09 06:51:00,FX:USDJPY,151.786,151.78799999999998,151.784,151.786,59.0
2024-04-09 06:52:00,FX:USDJPY,151.786,151.79399999999998,151.786,151.79399999999998,120.0
2024-04-09 06:53:00,FX:USDJPY,151.79399999999998,151.79899999999998,151.79399999999998,151.796,56.0
2024-04-09 06:54:00,FX:USDJPY,151.796,151.797,151.79399999999998,151.797,68.0
2024-04-09 06:55:00,FX:USDJPY,151.797,151.798,151.79399999999998,151.795,50.0
2024-04-09 06:56:00,FX:USDJPY,151.795,151.795,151.785,151.786,78.0
2024-04-09 06:57:00,FX:USDJPY,151.786,151.795,151.785,151.795,73.0
2024-04-09 06:58:00,FX:USDJPY,151.795,151.798,151.789,151.797,83.0
2024-04-09 06:59:00,FX:USDJPY,151.797,151.798,151.79299999999998,151.796,91.0
2024-04-09 07:00:00,FX:USDJPY,151.796,151.798,151.79399999999998,151.795,101.0
2024-04-09 07:01:00,FX:USDJPY,151.795,151.79899999999998,151.774,151.777,195.0
2024-04-09 07:02:00,FX:USDJPY,151.777,151.789,151.777,151.785,167.0
2024-04-09 07:03:00,FX:USDJPY,151.785,151.78799999999998,151.78,151.78199999999998,138.0
2024-04-09 07:04:00,FX:USDJPY,151.78199999999998,151.78699999999998,151.773,151.786,163.0
2024-04-09 07:05:00,FX:USDJPY,151.786,151.789,151.783,151.785,76.0
2024-04-09 07:06:00,FX:USDJPY,151.785,151.798,151.785,151.795,79.0
2024-04-09 07:07:00,FX:USDJPY,151.795,151.797,151.795,151.796,23.0
2024-04-09 07:08:00,FX:USDJPY,151.796,151.796,151.783,151.783,84.0
2024-04-09 07:09:00,FX:USDJPY,151.783,151.786,151.774,151.784,85.0
2024-04-09 07:10:00,FX:USDJPY,151.784,151.79399999999998,151.779,151.78699999999998,69.0
2024-04-09 07:11:00,FX:USDJPY,151.78699999999998,151.797,151.786,151.79399999999998,65.0
2024-04-09 07:12:00,FX:USDJPY,151.79399999999998,151.798,151.79299999999998,151.797,60.0
2024-04-09 07:13:00,FX:USDJPY,151.797,151.803,151.795,151.802,142.0
2024-04-09 07:14:00,FX:USDJPY,151.802,151.809,151.802,151.804,74.0
2024-04-09 07:15:00,FX:USDJPY,151.804,151.819,151.804,151.815,70.0
2024-04-09 07:16:00,FX:USDJPY,151.815,151.81799999999998,151.803,151.815,131.0
2024-04-09 07:17:00,FX:USDJPY,151.815,151.81799999999998,151.80599999999998,151.814,130.0
2024-04-09 07:18:00,FX:USDJPY,151.814,151.815,151.807,151.807,117.0
2024-04-09 07:19:00,FX:USDJPY,151.807,151.809,151.80599999999998,151.80599999999998,40.0
2024-04-09 07:20:00,FX:USDJPY,151.80599999999998,151.80599999999998,151.796,151.798,50.0
2024-04-09 07:21:00,FX:USDJPY,151.798,151.798,151.786,151.786,111.0
2024-04-09 07:22:00,FX:USDJPY,151.786,151.78799999999998,151.78,151.786,151.0
2024-04-09 07:23:00,FX:USDJPY,151.786,151.79399999999998,151.784,151.78699999999998,178.0
2024-04-09 07:24:00,FX:USDJPY,151.78699999999998,151.796,151.784,151.795,108.0
2024-04-09 07:25:00,FX:USDJPY,151.795,151.802,151.79399999999998,151.79999999999998,161.0
2024-04-09 07:26:00,FX:USDJPY,151.79999999999998,151.79999999999998,151.79399999999998,151.795,90.0
2024-04-09 07:27:00,FX:USDJPY,151.795,151.801,151.795,151.798,88.0
2024-04-09 07:28:00,FX:USDJPY,151.798,151.79899999999998,151.78699999999998,151.789,131.0
2024-04-09 07:29:00,FX:USDJPY,151.789,151.796,151.78699999999998,151.795,140.0
2024-04-09 07:30:00,FX:USDJPY,151.795,151.798,151.79399999999998,151.796,77.0
2024-04-09 07:31:00,FX:USDJPY,151.796,151.797,151.79399999999998,151.79399999999998,53.0
2024-04-09 07:32:00,FX:USDJPY,151.79399999999998,151.80599999999998,151.79399999999998,151.798,140.0
2024-04-09 07:33:00,FX:USDJPY,151.798,151.79999999999998,151.797,151.79999999999998,108.0
2024-04-09 07:34:00,FX:USDJPY,151.79999999999998,151.79999999999998,151.797,151.79999999999998,80.0
2024-04-09 07:35:00,FX:USDJPY,151.79999999999998,151.814,151.79899999999998,151.813,84.0
2024-04-09 07:36:00,FX:USDJPY,151.813,151.816,151.813,151.814,66.0
2024-04-09 07:37:00,FX:USDJPY,151.814,151.81699999999998,151.809,151.815,115.0
2024-04-09 07:38:00,FX:USDJPY,151.815,151.827,151.815,151.82399999999998,177.0
2024-04-09 07:39:00,FX:USDJPY,151.82399999999998,151.837,151.82399999999998,151.837,211.0
2024-04-09 07:40:00,FX:USDJPY,151.837,151.84799999999998,151.83599999999998,151.843,143.0
2024-04-09 07:41:00,FX:USDJPY,151.843,151.845,151.839,151.84,125.0
2024-04-09 07:42:00,FX:USDJPY,151.84,151.84099999999998,151.832,151.833,109.0
2024-04-09 07:43:00,FX:USDJPY,151.833,151.834,151.82,151.82399999999998,96.0
2024-04-09 07:44:00,FX:USDJPY,151.82399999999998,151.82899999999998,151.81699999999998,151.828,76.0
2024-04-09 07:45:00,FX:USDJPY,151.828,151.839,151.828,151.83499999999998,85.0
2024-04-09 07:46:00,FX:USDJPY,151.83499999999998,151.838,151.828,151.834,62.0
2024-04-09 07:47:00,FX:USDJPY,151.834,151.83599999999998,151.826,151.831,63.0
2024-04-09 07:48:00,FX:USDJPY,151.831,151.831,151.82899999999998,151.82999999999998,63.0
2024-04-09 07:49:00,FX:USDJPY,151.82999999999998,151.82999999999998,151.826,151.827,24.0
2024-04-09 07:50:00,FX:USDJPY,151.827,151.828,151.82299999999998,151.827,88.0
2024-04-09 07:51:00,FX:USDJPY,151.827,151.82899999999998,151.82,151.82899999999998,50.0
2024-04-09 07:52:00,FX:USDJPY,151.82899999999998,151.831,151.82,151.82,54.0
2024-04-09 07:53:00,FX:USDJPY,151.82,151.821,151.819,151.82,50.0
2024-04-09 07:54:00,FX:USDJPY,151.82,151.82399999999998,151.819,151.819,60.0
2024-04-09 07:55:00,FX:USDJPY,151.819,151.82,151.81799999999998,151.81799999999998,27.0
2024-04-09 07:56:00,FX:USDJPY,151.81799999999998,151.831,151.81799999999998,151.82899999999998,97.0
2024-04-09 07:57:00,FX:USDJPY,151.82899999999998,151.83499999999998,151.82899999999998,151.833,46.0
2024-04-09 07:58:00,FX:USDJPY,151.833,151.83599999999998,151.82899999999998,151.831,138.0
2024-04-09 07:59:00,FX:USDJPY,151.831,151.834,151.827,151.82899999999998,129.0
2024-04-09 08:00:00,FX:USDJPY,151.82899999999998,151.846,151.82299999999998,151.82899999999998,260.0
2024-04-09 08:01:00,FX:USDJPY,151.82899999999998,151.834,151.826,151.827,146.0
2024-04-09 08:02:00,FX:USDJPY,151.827,151.82999999999998,151.80499999999998,151.80599999999998,247.0
2024-04-09 08:03:00,FX:USDJPY,151.80599999999998,151.813,151.796,151.81,268.0
2024-04-09 08:04:00,FX:USDJPY,151.81,151.81099999999998,151.808,151.809,78.0
2024-04-09 08:05:00,FX:USDJPY,151.809,151.813,151.798,151.807,111.0
2024-04-09 08:06:00,FX:USDJPY,151.807,151.81,151.797,151.807,161.0
2024-04-09 08:07:00,FX:USDJPY,151.807,151.813,151.802,151.808,150.0
2024-04-09 08:08:00,FX:USDJPY,151.808,151.809,151.80499999999998,151.80499999999998,89.0
2024-04-09 08:09:00,FX:USDJPY,151.80499999999998,151.808,151.803,151.80499999999998,67.0
2024-04-09 08:10:00,FX:USDJPY,151.80499999999998,151.82,151.80499999999998,151.81699999999998,152.0
2024-04-09 08:11:00,FX:USDJPY,151.81699999999998,151.819,151.807,151.813,95.0
2024-04-09 08:12:00,FX:USDJPY,151.813,151.815,151.803,151.807,131.0
2024-04-09 08:13:00,FX:USDJPY,151.807,151.814,151.79899999999998,151.81,198.0
2024-04-09 08:14:00,FX:USDJPY,151.81,151.81699999999998,151.80599999999998,151.809,236.0
2024-04-09 08:15:00,FX:USDJPY,151.809,151.81,151.803,151.80599999999998,108.0
2024-04-09 08:16:00,FX:USDJPY,151.80599999999998,151.808,151.804,151.80499999999998,69.0
2024-04-09 08:17:00,FX:USDJPY,151.80499999999998,151.809,151.798,151.79999999999998,134.0
2024-04-09 08:18:00,FX:USDJPY,151.79999999999998,151.801,151.79899999999998,151.79899999999998,90.0
2024-04-09 08:19:00,FX:USDJPY,151.79899999999998,151.808,151.79399999999998,151.808,144.0
2024-04-09 08:20:00,FX:USDJPY,151.808,151.821,151.804,151.81199999999998,226.0
2024-04-09 08:21:00,FX:USDJPY,151.81199999999998,151.81799999999998,151.802,151.804,162.0
2024-04-09 08:22:00,FX:USDJPY,151.804,151.80499999999998,151.792,151.803,206.0
2024-04-09 08:23:00,FX:USDJPY,151.803,151.803,151.784,151.78699999999998,246.0
2024-04-09 08:24:00,FX:USDJPY,151.78699999999998,151.79,151.785,151.789,98.0
2024-04-09 08:25:00,FX:USDJPY,151.789,151.80599999999998,151.78699999999998,151.79899999999998,268.0
2024-04-09 08:26:00,FX:USDJPY,151.79899999999998,151.81699999999998,151.79899999999998,151.804,177.0
2024-04-09 08:27:00,FX:USDJPY,151.804,151.82,151.801,151.815,206.0
2024-04-09 08:28:00,FX:USDJPY,151.815,151.81699999999998,151.80599999999998,151.808,212.0
2024-04-09 08:29:00,FX:USDJPY,151.808,151.809,151.795,151.797,187.0
2024-04-09 08:30:00,FX:USDJPY,151.797,151.801,151.78199999999998,151.785,182.0
2024-04-09 08:31:00,FX:USDJPY,151.785,151.795,151.783,151.786,158.0
2024-04-09 08:32:00,FX:USDJPY,151.786,151.78699999999998,151.771,151.773,173.0
2024-04-09 08:33:00,FX:USDJPY,151.773,151.783,151.76899999999998,151.772,143.0
2024-04-09 08:34:00,FX:USDJPY,151.772,151.77499999999998,151.767,151.77499999999998,175.0
2024-04-09 08:35:00,FX:USDJPY,151.77499999999998,151.78199999999998,151.76,151.761,214.0
2024-04-09 08:36:00,FX:USDJPY,151.761,151.78099999999998,151.75799999999998,151.777,199.0
2024-04-09 08:37:00,FX:USDJPY,151.777,151.786,151.77499999999998,151.785,146.0
2024-04-09 08:38:00,FX:USDJPY,151.785,151.785,151.773,151.783,149.0
2024-04-09 08:39:00,FX:USDJPY,151.783,151.783,151.772,151.773,115.0
2024-04-09 08:40:00,FX:USDJPY,151.773,151.774,151.751,151.753,160.0
2024-04-09 08:41:00,FX:USDJPY,151.753,151.76399999999998,151.753,151.761,190.0
2024-04-09 08:42:00,FX:USDJPY,151.761,151.773,151.759,151.76299999999998,121.0
2024-04-09 08:43:00,FX:USDJPY,151.76299999999998,151.76299999999998,151.76,151.76299999999998,87.0
2024-04-09 08:44:00,FX:USDJPY,151.76299999999998,151.766,151.762,151.76299999999998,119.0
2024-04-09 08:45:00,FX:USDJPY,151.76299999999998,151.76999999999998,151.762,151.76399999999998,199.0
2024-04-09 08:46:00,FX:USDJPY,151.76399999999998,151.771,151.76299999999998,151.76399999999998,122.0
2024-04-09 08:47:00,FX:USDJPY,151.76399999999998,151.76399999999998,151.753,151.759,218.0
2024-04-09 08:48:00,FX:USDJPY,151.759,151.762,151.757,151.76,162.0
2024-04-09 08:49:00,FX:USDJPY,151.76,151.762,151.75199999999998,151.76,257.0
2024-04-09 08:50:00,FX:USDJPY,151.76,151.76399999999998,151.751,151.751,258.0
2024-04-09 08:51:00,FX:USDJPY,151.751,151.755,151.742,151.755,276.0
2024-04-09 08:52:00,FX:USDJPY,151.755,151.762,151.742,151.75,254.0
2024-04-09 08:53:00,FX:USDJPY,151.75,151.761,151.744,151.751,201.0
2024-04-09 08:54:00,FX:USDJPY,151.751,151.75199999999998,151.745,151.75,163.0
2024-04-09 08:55:00,FX:USDJPY,151.75,151.754,151.74699999999999,151.75,182.0
2024-04-09 08:56:00,FX:USDJPY,151.75,151.76,151.748,151.753,117.0
2024-04-09 08:57:00,FX:USDJPY,151.753,151.766,151.75199999999998,151.765,134.0
2024-04-09 08:58:00,FX:USDJPY,151.765,151.765,151.751,151.76299999999998,143.0
2024-04-09 08:59:00,FX:USDJPY,151.76299999999998,151.771,151.762,151.76899999999998,205.0
2024-04-09 09:00:00,FX:USDJPY,151.76899999999998,151.783,151.761,151.78099999999998,221.0
2024-04-09 09:01:00,FX:USDJPY,151.78099999999998,151.785,151.768,151.77499999999998,251.0
2024-04-09 09:02:00,FX:USDJPY,151.77499999999998,151.77499999999998,151.757,151.762,120.0
2024-04-09 09:03:00,FX:USDJPY,151.762,151.76899999999998,151.755,151.76299999999998,180.0
2024-04-09 09:04:00,FX:USDJPY,151.76299999999998,151.767,151.76,151.76299999999998,154.0
2024-04-09 09:05:00,FX:USDJPY,151.76299999999998,151.76399999999998,151.757,151.759,158.0
2024-04-09 09:06:00,FX:USDJPY,151.759,151.76899999999998,151.751,151.768,208.0
2024-04-09 09:07:00,FX:USDJPY,151.768,151.773,151.762,151.76999999999998,104.0
2024-04-09 09:08:00,FX:USDJPY,151.76999999999998,151.76999999999998,151.762,151.76299999999998,143.0
2024-04-09 09:09:00,FX:USDJPY,151.76299999999998,151.765,151.757,151.76,147.0
2024-04-09 09:10:00,FX:USDJPY,151.76,151.766,151.76,151.762,129.0
2024-04-09 09:11:00,FX:USDJPY,151.762,151.766,151.759,151.765,225.0
2024-04-09 09:12:00,FX:USDJPY,151.765,151.766,151.761,151.76299999999998,162.0
2024-04-09 09:13:00,FX:USDJPY,151.76299999999998,151.765,151.761,151.76299999999998,166.0
2024-04-09 09:14:00,FX:USDJPY,151.76299999999998,151.773,151.762,151.762,143.0
2024-04-09 09:15:00,FX:USDJPY,151.762,151.773,151.755,151.771,162.0
2024-04-09 09:16:00,FX:USDJPY,151.771,151.771,151.76,151.761,118.0
2024-04-09 09:17:00,FX:USDJPY,151.761,151.765,151.76,151.761,49.0
2024-04-09 09:18:00,FX:USDJPY,151.761,151.77599999999998,151.761,151.773,139.0
2024-04-09 09:19:00,FX:USDJPY,151.773,151.789,151.751,151.761,237.0
2024-04-09 09:20:00,FX:USDJPY,151.761,151.76399999999998,151.748,151.762,324.0
2024-04-09 09:21:00,FX:USDJPY,151.762,151.76399999999998,151.75799999999998,151.761,135.0
2024-04-09 09:22:00,FX:USDJPY,151.761,151.762,151.75199999999998,151.755,220.0
2024-04-09 09:23:00,FX:USDJPY,151.755,151.774,151.751,151.765,184.0
2024-04-09 09:24:00,FX:USDJPY,151.765,151.771,151.743,151.753,187.0
2024-04-09 09:25:00,FX:USDJPY,151.753,151.756,151.74099999999999,151.743,207.0
2024-04-09 09:26:00,FX:USDJPY,151.743,151.749,151.74099999999999,151.745,255.0
2024-04-09 09:27:00,FX:USDJPY,151.745,151.749,151.74099999999999,151.743,188.0
2024-04-09 09:28:00,FX:USDJPY,151.743,151.754,151.742,151.749,250.0
2024-04-09 09:29:00,FX:USDJPY,151.749,151.76399999999998,151.74099999999999,151.756,304.0
2024-04-09 09:30:00,FX:USDJPY,151.756,151.756,151.73999999999998,151.74099999999999,237.0
2024-04-09 09:31:00,FX:USDJPY,151.74099999999999,151.74699999999999,151.73,151.738,223.0
2024-04-09 09:32:00,FX:USDJPY,151.738,151.738,151.719,151.724,261.0
2024-04-09 09:33:00,FX:USDJPY,151.724,151.737,151.72199999999998,151.72899999999998,179.0
2024-04-09 09:34:00,FX:USDJPY,151.72899999999998,151.731,151.706,151.706,199.0
2024-04-09 09:35:00,FX:USDJPY,151.706,151.738,151.706,151.73,225.0
2024-04-09 09:36:00,FX:USDJPY,151.73,151.74099999999999,151.72799999999998,151.73399999999998,199.0
2024-04-09 09:37:00,FX:USDJPY,151.73399999999998,151.739,151.721,151.731,279.0
2024-04-09 09:38:00,FX:USDJPY,151.731,151.73999999999998,151.724,151.726,207.0
2024-04-09 09:39:00,FX:USDJPY,151.726,151.739,151.718,151.738,290.0
2024-04-09 09:40:00,FX:USDJPY,151.738,151.74099999999999,151.72,151.739,223.0
2024-04-09 09:41:00,FX:USDJPY,151.739,151.751,151.731,151.748,278.0
2024-04-09 09:42:00,FX:USDJPY,151.748,151.751,151.73999999999998,151.743,267.0
2024-04-09 09:43:00,FX:USDJPY,151.743,151.748,151.732,151.748,181.0
2024-04-09 09:44:00,FX:USDJPY,151.748,151.75799999999998,151.748,151.757,138.0
2024-04-09 09:45:00,FX:USDJPY,151.757,151.76399999999998,151.751,151.761,192.0
2024-04-09 09:46:00,FX:USDJPY,151.761,151.789,151.76,151.783,248.0
2024-04-09 09:47:00,FX:USDJPY,151.783,151.783,151.759,151.765,279.0
2024-04-09 09:48:00,FX:USDJPY,151.765,151.76899999999998,151.754,151.76399999999998,254.0
2024-04-09 09:49:00,FX:USDJPY,151.76399999999998,151.76399999999998,151.74699999999999,151.76299999999998,213.0
2024-04-09 09:50:00,FX:USDJPY,151.76299999999998,151.76899999999998,151.755,151.76399999999998,165.0
2024-04-09 09:51:00,FX:USDJPY,151.76399999999998,151.77499999999998,151.76299999999998,151.774,182.0
2024-04-09 09:52:00,FX:USDJPY,151.774,151.786,151.773,151.77599999999998,162.0
2024-04-09 09:53:00,FX:USDJPY,151.77599999999998,151.785,151.774,151.774,128.0
2024-04-09 09:54:00,FX:USDJPY,151.774,151.778,151.766,151.772,101.0
2024-04-09 09:55:00,FX:USDJPY,151.772,151.784,151.771,151.78199999999998,87.0
2024-04-09 09:56:00,FX:USDJPY,151.78199999999998,151.789,151.78199999999998,151.785,78.0
2024-04-09 09:57:00,FX:USDJPY,151.785,151.786,151.773,151.78199999999998,117.0
2024-04-09 09:58:00,FX:USDJPY,151.78199999999998,151.78699999999998,151.773,151.774,165.0
2024-04-09 09:59:00,FX:USDJPY,151.774,151.777,151.767,151.771,159.0
2024-04-09 10:00:00,FX:USDJPY,151.771,151.772,151.733,151.73499999999999,230.0
2024-04-09 10:01:00,FX:USDJPY,151.73499999999999,151.73499999999999,151.701,151.713,260.0
2024-04-09 10:02:00,FX:USDJPY,151.713,151.724,151.712,151.718,177.0
2024-04-09 10:03:00,FX:USDJPY,151.718,151.726,151.71599999999998,151.71699999999998,182.0
2024-04-09 10:04:00,FX:USDJPY,151.71699999999998,151.72199999999998,151.715,151.719,157.0
2024-04-09 10:05:00,FX:USDJPY,151.719,151.72,151.707,151.718,163.0
2024-04-09 10:06:00,FX:USDJPY,151.718,151.721,151.707,151.719,129.0
2024-04-09 10:07:00,FX:USDJPY,151.719,151.73,151.715,151.72899999999998,184.0
2024-04-09 10:08:00,FX:USDJPY,151.72899999999998,151.739,151.72799999999998,151.73399999999998,248.0
2024-04-09 10:09:00,FX:USDJPY,151.73399999999998,151.73999999999998,151.725,151.726,141.0
2024-04-09 10:10:00,FX:USDJPY,151.726,151.73,151.714,151.725,155.0
2024-04-09 10:11:00,FX:USDJPY,151.725,151.737,151.724,151.726,144.0
2024-04-09 10:12:00,FX:USDJPY,151.726,151.72799999999998,151.714,151.714,113.0
2024-04-09 10:13:00,FX:USDJPY,151.714,151.714,151.703,151.70399999999998,132.0
2024-04-09 10:14:00,FX:USDJPY,151.70399999999998,151.715,151.703,151.70499999999998,205.0
2024-04-09 10:15:00,FX:USDJPY,151.70499999999998,151.709,151.69299999999998,151.701,230.0
2024-04-09 10:16:00,FX:USDJPY,151.701,151.702,151.685,151.689,184.0
2024-04-09 10:17:00,FX:USDJPY,151.689,151.689,151.677,151.677,99.0
2024-04-09 10:18:00,FX:USDJPY,151.677,151.69199999999998,151.677,151.69,135.0
2024-04-09 10:19:00,FX:USDJPY,151.69,151.706,151.688,151.701,224.0
2024-04-09 10:20:00,FX:USDJPY,151.701,151.70499999999998,151.691,151.695,173.0
2024-04-09 10:21:00,FX:USDJPY,151.695,151.708,151.695,151.707,80.0
2024-04-09 10:22:00,FX:USDJPY,151.707,151.71599999999998,151.707,151.707,129.0
2024-04-09 10:23:00,FX:USDJPY,151.707,151.72199999999998,151.70499999999998,151.71699999999998,92.0
2024-04-09 10:24:00,FX:USDJPY,151.71699999999998,151.721,151.68699999999998,151.689,205.0
2024-04-09 10:25:00,FX:USDJPY,151.689,151.701,151.683,151.7,174.0
2024-04-09 10:26:00,FX:USDJPY,151.7,151.701,151.69299999999998,151.69799999999998,112.0
2024-04-09 10:27:00,FX:USDJPY,151.69799999999998,151.71599999999998,151.694,151.707,204.0
2024-04-09 10:28:00,FX:USDJPY,151.707,151.727,151.706,151.726,163.0
2024-04-09 10:29:00,FX:USDJPY,151.726,151.727,151.7,151.70499999999998,270.0
2024-04-09 10:30:00,FX:USDJPY,151.70499999999998,151.70499999999998,151.682,151.691,291.0
2024-04-09 10:31:00,FX:USDJPY,151.691,151.69199999999998,151.60999999999999,151.623,312.0
2024-04-09 10:32:00,FX:USDJPY,151.623,151.652,151.619,151.65099999999998,246.0
2024-04-09 10:33:00,FX:USDJPY,151.65099999999998,151.664,151.62199999999999,151.643,286.0
2024-04-09 10:34:00,FX:USDJPY,151.643,151.65599999999998,151.635,151.649,242.0
2024-04-09 10:35:00,FX:USDJPY,151.649,151.64999999999998,151.62699999999998,151.636,237.0
2024-04-09 10:36:00,FX:USDJPY,151.636,151.63899999999998,151.61499999999998,151.625,242.0
2024-04-09 10:37:00,FX:USDJPY,151.625,151.62699999999998,151.611,151.611,347.0
2024-04-09 10:38:00,FX:USDJPY,151.611,151.612,151.581,151.581,327.0
2024-04-09 10:39:00,FX:USDJPY,151.581,151.612,151.569,151.605,452.0
2024-04-09 10:40:00,FX:USDJPY,151.605,151.64399999999998,151.601,151.63799999999998,392.0
2024-04-09 10:41:00,FX:USDJPY,151.63799999999998,151.63899999999998,151.601,151.636,525.0
2024-04-09 10:42:00,FX:USDJPY,151.636,151.63899999999998,151.613,151.614,352.0
2024-04-09 10:43:00,FX:USDJPY,151.614,151.63299999999998,151.614,151.617,348.0
2024-04-09 10:44:00,FX:USDJPY,151.617,151.617,151.588,151.594,332.0
2024-04-09 10:45:00,FX:USDJPY,151.594,151.607,151.589,151.607,273.0
2024-04-09 10:46:00,FX:USDJPY,151.607,151.612,151.593,151.595,367.0
2024-04-09 10:47:00,FX:USDJPY,151.595,151.605,151.576,151.57899999999998,255.0
2024-04-09 10:48:00,FX:USDJPY,151.57899999999998,151.595,151.575,151.59,298.0
2024-04-09 10:49:00,FX:USDJPY,151.59,151.61499999999998,151.589,151.613,308.0
2024-04-09 10:50:00,FX:USDJPY,151.613,151.629,151.601,151.629,280.0
2024-04-09 10:51:00,FX:USDJPY,151.629,151.629,151.601,151.605,347.0
2024-04-09 10:52:00,FX:USDJPY,151.605,151.62,151.601,151.608,320.0
2024-04-09 10:53:00,FX:USDJPY,151.608,151.619,151.608,151.617,242.0
2024-04-09 10:54:00,FX:USDJPY,151.617,151.62699999999998,151.613,151.62099999999998,341.0
2024-04-09 10:55:00,FX:USDJPY,151.62099999999998,151.626,151.605,151.606,219.0
2024-04-09 10:56:00,FX:USDJPY,151.606,151.65599999999998,151.60399999999998,151.64999999999998,348.0
2024-04-09 10:57:00,FX:USDJPY,151.64999999999998,151.655,151.62,151.635,360.0
2024-04-09 10:58:00,FX:USDJPY,151.635,151.64399999999998,151.623,151.63799999999998,240.0
2024-04-09 10:59:00,FX:USDJPY,151.63799999999998,151.65599999999998,151.63799999999998,151.653,302.0
2024-04-09 11:00:00,FX:USDJPY,151.653,151.684,151.649,151.684,237.0
2024-04-09 11:01:00,FX:USDJPY,151.684,151.696,151.672,151.677,341.0
2024-04-09 11:02:00,FX:USDJPY,151.677,151.708,151.677,151.69899999999998,381.0
2024-04-09 11:03:00,FX:USDJPY,151.69899999999998,151.69899999999998,151.688,151.696,258.0
2024-04-09 11:04:00,FX:USDJPY,151.696,151.696,151.68099999999998,151.684,297.0
2024-04-09 11:05:00,FX:USDJPY,151.684,151.694,151.678,151.68699999999998,276.0
2024-04-09 11:06:00,FX:USDJPY,151.68699999999998,151.715,151.68699999999998,151.713,273.0
2024-04-09 11:07:00,FX:USDJPY,151.713,151.733,151.712,151.713,373.0
2024-04-09 11:08:00,FX:USDJPY,151.713,151.72299999999998,151.709,151.715,275.0
2024-04-09 11:09:00,FX:USDJPY,151.715,151.727,151.701,151.727,295.0
2024-04-09 11:10:00,FX:USDJPY,151.727,151.731,151.712,151.72299999999998,255.0
2024-04-09 11:11:00,FX:USDJPY,151.72299999999998,151.726,151.719,151.72299999999998,229.0
2024-04-09 11:12:00,FX:USDJPY,151.72299999999998,151.725,151.707,151.713,230.0
2024-04-09 11:13:00,FX:USDJPY,151.713,151.71699999999998,151.701,151.715,160.0
2024-04-09 11:14:00,FX:USDJPY,151.715,151.719,151.701,151.703,145.0
2024-04-09 11:15:00,FX:USDJPY,151.703,151.706,151.69199999999998,151.702,290.0
2024-04-09 11:16:00,FX:USDJPY,151.702,151.706,151.69899999999998,151.701,126.0
2024-04-09 11:17:00,FX:USDJPY,151.701,151.70399999999998,151.69199999999998,151.696,172.0
2024-04-09 11:18:00,FX:USDJPY,151.696,151.718,151.694,151.71699999999998,132.0
2024-04-09 11:19:00,FX:USDJPY,151.71699999999998,151.71699999999998,151.691,151.691,130.0
2024-04-09 11:20:00,FX:USDJPY,151.691,151.69199999999998,151.68099999999998,151.682,152.0
2024-04-09 11:21:00,FX:USDJPY,151.682,151.683,151.678,151.682,78.0
2024-04-09 11:22:00,FX:USDJPY,151.682,151.694,151.68099999999998,151.69,155.0
2024-04-09 11:23:00,FX:USDJPY,151.69,151.69,151.673,151.68099999999998,164.0
2024-04-09 11:24:00,FX:USDJPY,151.68099999999998,151.69,151.678,151.68599999999998,180.0
2024-04-09 11:25:00,FX:USDJPY,151.68599999999998,151.707,151.685,151.702,147.0
2024-04-09 11:26:00,FX:USDJPY,151.702,151.70499999999998,151.701,151.701,99.0
2024-04-09 11:27:00,FX:USDJPY,151.701,151.702,151.684,151.68699999999998,170.0
2024-04-09 11:28:00,FX:USDJPY,151.68699999999998,151.7,151.68699999999998,151.69799999999998,97.0
2024-04-09 11:29:00,FX:USDJPY,151.69799999999998,151.702,151.695,151.7,85.0
2024-04-09 11:30:00,FX:USDJPY,151.7,151.7,151.68099999999998,151.68699999999998,152.0
2024-04-09 11:31:00,FX:USDJPY,151.68699999999998,151.68699999999998,151.676,151.67999999999998,162.0
2024-04-09 11:32:00,FX:USDJPY,151.67999999999998,151.68099999999998,151.65699999999998,151.671,232.0
2024-04-09 11:33:00,FX:USDJPY,151.671,151.67399999999998,151.66299999999998,151.671,201.0
2024-04-09 11:34:00,FX:USDJPY,151.671,151.688,151.67,151.68099999999998,161.0
2024-04-09 11:35:00,FX:USDJPY,151.68099999999998,151.682,151.66299999999998,151.665,260.0
2024-04-09 11:36:00,FX:USDJPY,151.665,151.66899999999998,151.65699999999998,151.65699999999998,233.0
2024-04-09 11:37:00,FX:USDJPY,151.65699999999998,151.661,151.652,151.654,226.0
2024-04-09 11:38:00,FX:USDJPY,151.654,151.65599999999998,151.643,151.64499999999998,237.0
2024-04-09 11:39:00,FX:USDJPY,151.64499999999998,151.648,151.63,151.63299999999998,170.0
2024-04-09 11:40:00,FX:USDJPY,151.63299999999998,151.64999999999998,151.632,151.64399999999998,124.0
2024-04-09 11:41:00,FX:USDJPY,151.64399999999998,151.66,151.642,151.658,101.0
2024-04-09 11:42:00,FX:USDJPY,151.658,151.667,151.65699999999998,151.666,164.0
2024-04-09 11:43:00,FX:USDJPY,151.666,151.67999999999998,151.664,151.67999999999998,179.0
2024-04-09 11:44:00,FX:USDJPY,151.67999999999998,151.685,151.677,151.677,231.0
2024-04-09 11:45:00,FX:USDJPY,151.677,151.677,151.658,151.67,144.0
2024-04-09 11:46:00,FX:USDJPY,151.67,151.679,151.664,151.671,171.0
2024-04-09 11:47:00,FX:USDJPY,151.671,151.67999999999998,151.66899999999998,151.678,192.0
2024-04-09 11:48:00,FX:USDJPY,151.678,151.678,151.66899999999998,151.67,136.0
2024-04-09 11:49:00,FX:USDJPY,151.67,151.69199999999998,151.67,151.691,155.0
2024-04-09 11:50:00,FX:USDJPY,151.691,151.695,151.689,151.694,180.0
2024-04-09 11:51:00,FX:USDJPY,151.694,151.708,151.691,151.70399999999998,276.0
2024-04-09 11:52:00,FX:USDJPY,151.70399999999998,151.70499999999998,151.69,151.69199999999998,178.0
2024-04-09 11:53:00,FX:USDJPY,151.69199999999998,151.69799999999998,151.68699999999998,151.69799999999998,166.0
2024-04-09 11:54:00,FX:USDJPY,151.69799999999998,151.703,151.689,151.691,137.0
2024-04-09 11:55:00,FX:USDJPY,151.691,151.703,151.69,151.701,90.0
2024-04-09 11:56:00,FX:USDJPY,151.701,151.727,151.701,151.726,144.0
2024-04-09 11:57:00,FX:USDJPY,151.726,151.736,151.726,151.732,188.0
2024-04-09 11:58:00,FX:USDJPY,151.732,151.732,151.712,151.71599999999998,244.0
2024-04-09 11:59:00,FX:USDJPY,151.71599999999998,151.73399999999998,151.715,151.731,238.0
2024-04-09 12:00:00,FX:USDJPY,151.731,151.73499999999999,151.725,151.727,160.0
2024-04-09 12:01:00,FX:USDJPY,151.727,151.742,151.725,151.74099999999999,106.0
2024-04-09 12:02:00,FX:USDJPY,151.74099999999999,151.745,151.739,151.744,116.0
2024-04-09 12:03:00,FX:USDJPY,151.744,151.744,151.731,151.74099999999999,98.0
2024-04-09 12:04:00,FX:USDJPY,151.74099999999999,151.74699999999999,151.73499999999999,151.73499999999999,75.0
2024-04-09 12:05:00,FX:USDJPY,151.73499999999999,151.74599999999998,151.73499999999999,151.743,91.0
2024-04-09 12:06:00,FX:USDJPY,151.743,151.74699999999999,151.743,151.74599999999998,50.0
2024-04-09 12:07:00,FX:USDJPY,151.74599999999998,151.74599999999998,151.737,151.738,63.0
2024-04-09 12:08:00,FX:USDJPY,151.738,151.739,151.736,151.736,70.0
2024-04-09 12:09:00,FX:USDJPY,151.736,151.737,151.721,151.72299999999998,214.0
2024-04-09 12:10:00,FX:USDJPY,151.72299999999998,151.725,151.712,151.714,134.0
2024-04-09 12:11:00,FX:USDJPY,151.714,151.714,151.702,151.70499999999998,142.0
2024-04-09 12:12:00,FX:USDJPY,151.70499999999998,151.706,151.697,151.702,175.0
2024-04-09 12:13:00,FX:USDJPY,151.702,151.703,151.694,151.697,123.0
2024-04-09 12:14:00,FX:USDJPY,151.697,151.703,151.696,151.702,106.0
2024-04-09 12:15:00,FX:USDJPY,151.702,151.702,151.701,151.702,40.0
2024-04-09 12:16:00,FX:USDJPY,151.702,151.715,151.701,151.715,100.0
2024-04-09 12:17:00,FX:USDJPY,151.715,151.72,151.703,151.70399999999998,133.0
2024-04-09 12:18:00,FX:USDJPY,151.70399999999998,151.70399999999998,151.69299999999998,151.701,100.0
2024-04-09 12:19:00,FX:USDJPY,151.701,151.70399999999998,151.69299999999998,151.703,57.0
2024-04-09 12:20:00,FX:USDJPY,151.703,151.707,151.702,151.70499999999998,45.0
2024-04-09 12:21:00,FX:USDJPY,151.70499999999998,151.71099999999998,151.703,151.70999999999998,77.0
2024-04-09 12:22:00,FX:USDJPY,151.70999999999998,151.719,151.70999999999998,151.718,104.0
2024-04-09 12:23:00,FX:USDJPY,151.718,151.727,151.71599999999998,151.727,124.0
2024-04-09 12:24:00,FX:USDJPY,151.727,151.72899999999998,151.724,151.725,103.0
2024-04-09 12:25:00,FX:USDJPY,151.725,151.725,151.713,151.721,192.0
2024-04-09 12:26:00,FX:USDJPY,151.721,151.724,151.714,151.71599999999998,111.0
2024-04-09 12:27:00,FX:USDJPY,151.71599999999998,151.71599999999998,151.70399999999998,151.71099999999998,199.0
2024-04-09 12:28:00,FX:USDJPY,151.71099999999998,151.714,151.70499999999998,151.707,153.0
2024-04-09 12:29:00,FX:USDJPY,151.707,151.707,151.703,151.703,96.0
2024-04-09 12:30:00,FX:USDJPY,151.703,151.703,151.69799999999998,151.701,76.0
2024-04-09 12:31:00,FX:USDJPY,151.701,151.708,151.69899999999998,151.708,88.0
2024-04-09 12:32:00,FX:USDJPY,151.708,151.708,151.69299999999998,151.69299999999998,107.0
2024-04-09 12:33:00,FX:USDJPY,151.69299999999998,151.701,151.684,151.685,118.0
2024-04-09 12:34:00,FX:USDJPY,151.685,151.68599999999998,151.672,151.679,127.0
2024-04-09 12:35:00,FX:USDJPY,151.679,151.682,151.676,151.68099999999998,81.0
2024-04-09 12:36:00,FX:USDJPY,151.68099999999998,151.68599999999998,151.677,151.67999999999998,81.0
2024-04-09 12:37:00,FX:USDJPY,151.67999999999998,151.684,151.679,151.682,109.0
2024-04-09 12:38:00,FX:USDJPY,151.682,151.684,151.678,151.67999999999998,86.0
2024-04-09 12:39:00,FX:USDJPY,151.67999999999998,151.68099999999998,151.672,151.678,141.0
2024-04-09 12:40:00,FX:USDJPY,151.678,151.679,151.66899999999998,151.66899999999998,98.0
2024-04-09 12:41:00,FX:USDJPY,151.66899999999998,151.679,151.66899999999998,151.677,54.0
2024-04-09 12:42:00,FX:USDJPY,151.677,151.677,151.66799999999998,151.66799999999998,121.0
2024-04-09 12:43:00,FX:USDJPY,151.66799999999998,151.671,151.666,151.671,59.0
2024-04-09 12:44:00,FX:USDJPY,151.671,151.679,151.66799999999998,151.677,118.0
2024-04-09 12:45:00,FX:USDJPY,151.677,151.677,151.67499999999998,151.677,65.0
2024-04-09 12:46:00,FX:USDJPY,151.677,151.677,151.676,151.677,63.0
2024-04-09 12:47:00,FX:USDJPY,151.677,151.678,151.671,151.677,113.0
2024-04-09 12:48:00,FX:USDJPY,151.677,151.679,151.67399999999998,151.677,84.0
2024-04-09 12:49:00,FX:USDJPY,151.677,151.678,151.659,151.666,81.0
2024-04-09 12:50:00,FX:USDJPY,151.666,151.67,151.655,151.66899999999998,176.0
2024-04-09 12:51:00,FX:USDJPY,151.66899999999998,151.67399999999998,151.667,151.673,141.0
2024-04-09 12:52:00,FX:USDJPY,151.673,151.673,151.66799999999998,151.672,133.0
2024-04-09 12:53:00,FX:USDJPY,151.672,151.678,151.66899999999998,151.67399999999998,181.0
2024-04-09 12:54:00,FX:USDJPY,151.67399999999998,151.67499999999998,151.666,151.66799999999998,107.0
2024-04-09 12:55:00,FX:USDJPY,151.66799999999998,151.66899999999998,151.658,151.665,135.0
2024-04-09 12:56:00,FX:USDJPY,151.665,151.66899999999998,151.66299999999998,151.666,137.0
2024-04-09 12:57:00,FX:USDJPY,151.666,151.666,151.653,151.664,218.0
2024-04-09 12:58:00,FX:USDJPY,151.664,151.66799999999998,151.66199999999998,151.667,86.0
2024-04-09 12:59:00,FX:USDJPY,151.667,151.66899999999998,151.66199999999998,151.666,138.0
2024-04-09 13:00:00,FX:USDJPY,151.666,151.678,151.665,151.677,186.0
2024-04-09 13:01:00,FX:USDJPY,151.677,151.69199999999998,151.677,151.689,265.0
2024-04-09 13:02:00,FX:USDJPY,151.689,151.725,151.685,151.68599999999998,612.0
2024-04-09 13:03:00,FX:USDJPY,151.68599999999998,151.69899999999998,151.682,151.694,360.0
2024-04-09 13:04:00,FX:USDJPY,151.694,151.697,151.683,151.69,215.0
2024-04-09 13:05:00,FX:USDJPY,151.69,151.694,151.684,151.689,214.0
2024-04-09 13:06:00,FX:USDJPY,151.689,151.695,151.68099999999998,151.683,164.0
2024-04-09 13:07:00,FX:USDJPY,151.683,151.69299999999998,151.678,151.679,189.0
2024-04-09 13:08:00,FX:USDJPY,151.679,151.685,151.678,151.679,162.0
2024-04-09 13:09:00,FX:USDJPY,151.679,151.691,151.678,151.69,118.0
2024-04-09 13:10:00,FX:USDJPY,151.69,151.695,151.676,151.676,125.0
2024-04-09 13:11:00,FX:USDJPY,151.676,151.694,151.676,151.69299999999998,125.0
2024-04-09 13:12:00,FX:USDJPY,151.69299999999998,151.69899999999998,151.691,151.69299999999998,107.0
2024-04-09 13:13:00,FX:USDJPY,151.69299999999998,151.701,151.69199999999998,151.694,141.0
2024-04-09 13:14:00,FX:USDJPY,151.694,151.697,151.69299999999998,151.695,85.0
2024-04-09 13:15:00,FX:USDJPY,151.695,151.703,151.69299999999998,151.69899999999998,141.0
2024-04-09 13:16:00,FX:USDJPY,151.69899999999998,151.701,151.689,151.689,114.0
2024-04-09 13:17:00,FX:USDJPY,151.689,151.69,151.66,151.66799999999998,191.0
2024-04-09 13:18:00,FX:USDJPY,151.66799999999998,151.67,151.66799999999998,151.66899999999998,57.0
2024-04-09 13:19:00,FX:USDJPY,151.66899999999998,151.691,151.66899999999998,151.68599999999998,115.0
2024-04-09 13:20:00,FX:USDJPY,151.68599999999998,151.691,151.66899999999998,151.67,78.0
2024-04-09 13:21:00,FX:USDJPY,151.67,151.67,151.658,151.66,91.0
2024-04-09 13:22:00,FX:USDJPY,151.66,151.667,151.65599999999998,151.659,115.0
2024-04-09 13:23:00,FX:USDJPY,151.659,151.667,151.65699999999998,151.667,88.0
2024-04-09 13:24:00,FX:USDJPY,151.667,151.67399999999998,151.666,151.66899999999998,87.0
2024-04-09 13:25:00,FX:USDJPY,151.66899999999998,151.677,151.66799999999998,151.676,170.0
2024-04-09 13:26:00,FX:USDJPY,151.676,151.676,151.667,151.66799999999998,82.0
2024-04-09 13:27:00,FX:USDJPY,151.66799999999998,151.66899999999998,151.666,151.66899999999998,38.0
2024-04-09 13:28:00,FX:USDJPY,151.66899999999998,151.67,151.667,151.66799999999998,59.0
2024-04-09 13:29:00,FX:USDJPY,151.66799999999998,151.671,151.667,151.67,86.0
2024-04-09 13:30:00,FX:USDJPY,151.67,151.67,151.667,151.667,81.0
2024-04-09 13:31:00,FX:USDJPY,151.667,151.67,151.65599999999998,151.67,154.0
2024-04-09 13:32:00,FX:USDJPY,151.67,151.671,151.667,151.67,62.0
2024-04-09 13:33:00,FX:USDJPY,151.67,151.678,151.666,151.677,120.0
2024-04-09 13:34:00,FX:USDJPY,151.677,151.69299999999998,151.676,151.684,109.0
2024-04-09 13:35:00,FX:USDJPY,151.684,151.684,151.676,151.678,148.0
2024-04-09 13:36:00,FX:USDJPY,151.678,151.68099999999998,151.677,151.679,69.0
2024-04-09 13:37:00,FX:USDJPY,151.679,151.691,151.67399999999998,151.689,193.0
2024-04-09 13:38:00,FX:USDJPY,151.689,151.69799999999998,151.688,151.69199999999998,92.0
2024-04-09 13:39:00,FX:USDJPY,151.69199999999998,151.695,151.69,151.69299999999998,74.0
2024-04-09 13:40:00,FX:USDJPY,151.69299999999998,151.695,151.691,151.69299999999998,74.0
2024-04-09 13:41:00,FX:USDJPY,151.69299999999998,151.694,151.678,151.683,93.0
2024-04-09 13:42:00,FX:USDJPY,151.683,151.684,151.673,151.67999999999998,172.0
2024-04-09 13:43:00,FX:USDJPY,151.67999999999998,151.68699999999998,151.673,151.67999999999998,163.0
2024-04-09 13:44:00,FX:USDJPY,151.67999999999998,151.67999999999998,151.672,151.677,160.0
2024-04-09 13:45:00,FX:USDJPY,151.677,151.677,151.66199999999998,151.672,150.0
2024-04-09 13:46:00,FX:USDJPY,151.672,151.67399999999998,151.667,151.66899999999998,147.0
2024-04-09 13:47:00,FX:USDJPY,151.66899999999998,151.676,151.66799999999998,151.67399999999998,103.0
2024-04-09 13:48:00,FX:USDJPY,151.67399999999998,151.67399999999998,151.671,151.672,83.0
2024-04-09 13:49:00,FX:USDJPY,151.672,151.688,151.66899999999998,151.684,93.0
2024-04-09 13:50:00,FX:USDJPY,151.684,151.694,151.682,151.694,99.0
2024-04-09 13:51:00,FX:USDJPY,151.694,151.696,151.69199999999998,151.694,80.0
2024-04-09 13:52:00,FX:USDJPY,151.694,151.69899999999998,151.69199999999998,151.695,82.0
2024-04-09 13:53:00,FX:USDJPY,151.695,151.696,151.68599999999998,151.694,81.0
2024-04-09 13:54:00,FX:USDJPY,151.694,151.695,151.68699999999998,151.695,84.0
2024-04-09 13:55:00,FX:USDJPY,151.695,151.69899999999998,151.69199999999998,151.695,94.0
2024-04-09 13:56:00,FX:USDJPY,151.695,151.696,151.68599999999998,151.695,108.0
2024-04-09 13:57:00,FX:USDJPY,151.695,151.696,151.691,151.691,68.0
2024-04-09 13:58:00,FX:USDJPY,151.691,151.695,151.683,151.685,95.0
2024-04-09 13:59:00,FX:USDJPY,151.685,151.695,151.684,151.691,87.0
2024-04-09 14:00:00,FX:USDJPY,151.691,151.69899999999998,151.688,151.69899999999998,159.0
2024-04-09 14:01:00,FX:USDJPY,151.69899999999998,151.71099999999998,151.69799999999998,151.707,100.0
2024-04-09 14:02:00,FX:USDJPY,151.707,151.709,151.707,151.707,64.0
2024-04-09 14:03:00,FX:USDJPY,151.707,151.713,151.707,151.708,124.0
2024-04-09 14:04:00,FX:USDJPY,151.708,151.713,151.708,151.708,134.0
2024-04-09 14:05:00,FX:USDJPY,151.708,151.713,151.707,151.70999999999998,112.0
2024-04-09 14:06:00,FX:USDJPY,151.70999999999998,151.721,151.709,151.721,155.0
2024-04-09 14:07:00,FX:USDJPY,151.721,151.72799999999998,151.719,151.721,117.0
2024-04-09 14:08:00,FX:USDJPY,151.721,151.721,151.712,151.718,119.0
2024-04-09 14:09:00,FX:USDJPY,151.718,151.719,151.71699999999998,151.718,138.0
2024-04-09 14:10:00,FX:USDJPY,151.718,151.719,151.70999999999998,151.71099999999998,161.0
2024-04-09 14:11:00,FX:USDJPY,151.71099999999998,151.72,151.71099999999998,151.719,103.0
2024-04-09 14:12:00,FX:USDJPY,151.719,151.72299999999998,151.71599999999998,151.721,132.0
2024-04-09 14:13:00,FX:USDJPY,151.721,151.72899999999998,151.721,151.72799999999998,107.0
2024-04-09 14:14:00,FX:USDJPY,151.72799999999998,151.73,151.727,151.72899999999998,74.0
2024-04-09 14:15:00,FX:USDJPY,151.72899999999998,151.73,151.721,151.726,76.0
2024-04-09 14:16:00,FX:USDJPY,151.726,151.73,151.721,151.72899999999998,130.0
2024-04-09 14:17:00,FX:USDJPY,151.72899999999998,151.73,151.726,151.73,73.0
2024-04-09 14:18:00,FX:USDJPY,151.73,151.731,151.727,151.72899999999998,90.0
2024-04-09 14:19:00,FX:USDJPY,151.72899999999998,151.72899999999998,151.72299999999998,151.725,119.0
2024-04-09 14:20:00,FX:USDJPY,151.725,151.72899999999998,151.725,151.725,143.0
2024-04-09 14:21:00,FX:USDJPY,151.725,151.726,151.718,151.72,81.0
2024-04-09 14:22:00,FX:USDJPY,151.72,151.72799999999998,151.718,151.727,130.0
2024-04-09 14:23:00,FX:USDJPY,151.727,151.73,151.727,151.72799999999998,68.0
2024-04-09 14:24:00,FX:USDJPY,151.72799999999998,151.732,151.727,151.73,75.0
2024-04-09 14:25:00,FX:USDJPY,151.73,151.732,151.725,151.727,66.0
2024-04-09 14:26:00,FX:USDJPY,151.727,151.72799999999998,151.718,151.719,60.0
2024-04-09 14:27:00,FX:USDJPY,151.719,151.72199999999998,151.718,151.719,84.0
2024-04-09 14:28:00,FX:USDJPY,151.719,151.72199999999998,151.719,151.721,76.0
2024-04-09 14:29:00,FX:USDJPY,151.721,151.72799999999998,151.718,151.72,106.0
2024-04-09 14:30:00,FX:USDJPY,151.72,151.721,151.718,151.719,55.0
2024-04-09 14:31:00,FX:USDJPY,151.719,151.724,151.714,151.72299999999998,69.0
2024-04-09 14:32:00,FX:USDJPY,151.72299999999998,151.731,151.72199999999998,151.72799999999998,75.0
2024-04-09 14:33:00,FX:USDJPY,151.72799999999998,151.72899999999998,151.71599999999998,151.71599999999998,61.0
2024-04-09 14:34:00,FX:USDJPY,151.71599999999998,151.718,151.71599999999998,151.71699999999998,29.0
2024-04-09 14:35:00,FX:USDJPY,151.71699999999998,151.726,151.71599999999998,151.726,60.0
2024-04-09 14:36:00,FX:USDJPY,151.726,151.72799999999998,151.72199999999998,151.726,73.0
2024-04-09 14:37:00,FX:USDJPY,151.726,151.726,151.719,151.719,77.0
2024-04-09 14:38:00,FX:USDJPY,151.719,151.72299999999998,151.718,151.72,90.0
2024-04-09 14:39:00,FX:USDJPY,151.72,151.72899999999998,151.718,151.727,136.0
2024-04-09 14:40:00,FX:USDJPY,151.727,151.73,151.72,151.72,144.0
2024-04-09 14:41:00,FX:USDJPY,151.72,151.724,151.71699999999998,151.721,108.0
2024-04-09 14:42:00,FX:USDJPY,151.721,151.731,151.718,151.72799999999998,122.0
2024-04-09 14:43:00,FX:USDJPY,151.72799999999998,151.731,151.726,151.731,64.0
2024-04-09 14:44:00,FX:USDJPY,151.731,151.731,151.72199999999998,151.725,97.0
2024-04-09 14:45:00,FX:USDJPY,151.725,151.73399999999998,151.725,151.73399999999998,73.0
2024-04-09 14:46:00,FX:USDJPY,151.73399999999998,151.744,151.732,151.738,117.0
2024-04-09 14:47:00,FX:USDJPY,151.738,151.73999999999998,151.737,151.737,50.0
2024-04-09 14:48:00,FX:USDJPY,151.737,151.738,151.733,151.737,46.0
2024-04-09 14:49:00,FX:USDJPY,151.737,151.73999999999998,151.727,151.73,53.0
2024-04-09 14:50:00,FX:USDJPY,151.73,151.73,151.725,151.72799999999998,65.0
2024-04-09 14:51:00,FX:USDJPY,151.72799999999998,151.73,151.72199999999998,151.725,130.0
2024-04-09 14:52:00,FX:USDJPY,151.725,151.737,151.724,151.736,107.0
2024-04-09 14:53:00,FX:USDJPY,151.736,151.737,151.73499999999999,151.73499999999999,62.0
2024-04-09 14:54:00,FX:USDJPY,151.73499999999999,151.739,151.73,151.73499999999999,118.0
2024-04-09 14:55:00,FX:USDJPY,151.73499999999999,151.73999999999998,151.73499999999999,151.73999999999998,98.0
2024-04-09 14:56:00,FX:USDJPY,151.73999999999998,151.73999999999998,151.73499999999999,151.737,95.0
2024-04-09 14:57:00,FX:USDJPY,151.737,151.739,151.73,151.733,155.0
2024-04-09 14:58:00,FX:USDJPY,151.733,151.73999999999998,151.733,151.739,88.0
2024-04-09 14:59:00,FX:USDJPY,151.739,151.73999999999998,151.73499999999999,151.739,191.0
2024-04-09 15:00:00,FX:USDJPY,151.739,151.73999999999998,151.737,151.737,63.0
2024-04-09 15:01:00,FX:USDJPY,151.737,151.73999999999998,151.73499999999999,151.73499999999999,85.0
2024-04-09 15:02:00,FX:USDJPY,151.73499999999999,151.74599999999998,151.73499999999999,151.744,95.0
2024-04-09 15:03:00,FX:USDJPY,151.744,151.753,151.744,151.753,72.0
2024-04-09 15:04:00,FX:USDJPY,151.753,151.757,151.75199999999998,151.753,105.0
2024-04-09 15:05:00,FX:USDJPY,151.753,151.75799999999998,151.75199999999998,151.756,89.0
2024-04-09 15:06:00,FX:USDJPY,151.756,151.762,151.756,151.761,83.0
2024-04-09 15:07:00,FX:USDJPY,151.761,151.765,151.76,151.765,66.0
2024-04-09 15:08:00,FX:USDJPY,151.765,151.765,151.75799999999998,151.759,144.0
2024-04-09 15:09:00,FX:USDJPY,151.759,151.772,151.759,151.76899999999998,114.0
2024-04-09 15:10:00,FX:USDJPY,151.76899999999998,151.76999999999998,151.76,151.765,153.0
2024-04-09 15:11:00,FX:USDJPY,151.765,151.767,151.76399999999998,151.765,70.0
2024-04-09 15:12:00,FX:USDJPY,151.765,151.767,151.762,151.766,76.0
2024-04-09 15:13:00,FX:USDJPY,151.766,151.766,151.76299999999998,151.76299999999998,93.0
2024-04-09 15:14:00,FX:USDJPY,151.76299999999998,151.767,151.76299999999998,151.766,105.0
2024-04-09 15:15:00,FX:USDJPY,151.766,151.768,151.76299999999998,151.765,122.0
2024-04-09 15:16:00,FX:USDJPY,151.765,151.768,151.762,151.768,164.0
2024-04-09 15:17:00,FX:USDJPY,151.768,151.78199999999998,151.765,151.778,248.0
2024-04-09 15:18:00,FX:USDJPY,151.778,151.78099999999998,151.772,151.773,147.0
2024-04-09 15:19:00,FX:USDJPY,151.773,151.77599999999998,151.772,151.77499999999998,66.0
2024-04-09 15:20:00,FX:USDJPY,151.77499999999998,151.77499999999998,151.761,151.761,71.0
2024-04-09 15:21:00,FX:USDJPY,151.761,151.771,151.761,151.76899999999998,72.0
2024-04-09 15:22:00,FX:USDJPY,151.76899999999998,151.772,151.75799999999998,151.76,139.0
2024-04-09 15:23:00,FX:USDJPY,151.76,151.76299999999998,151.75199999999998,151.757,106.0
2024-04-09 15:24:00,FX:USDJPY,151.757,151.76999999999998,151.757,151.767,88.0
2024-04-09 15:25:00,FX:USDJPY,151.767,151.789,151.762,151.785,181.0
2024-04-09 15:26:00,FX:USDJPY,151.785,151.786,151.772,151.772,112.0
2024-04-09 15:27:00,FX:USDJPY,151.772,151.773,151.761,151.76999999999998,92.0
2024-04-09 15:28:00,FX:USDJPY,151.76999999999998,151.76999999999998,151.762,151.76899999999998,119.0
2024-04-09 15:29:00,FX:USDJPY,151.76899999999998,151.76899999999998,151.76,151.76,94.0
2024-04-09 15:30:00,FX:USDJPY,151.76,151.76399999999998,151.757,151.76,155.0
2024-04-09 15:31:00,FX:USDJPY,151.76,151.765,151.759,151.76299999999998,186.0
2024-04-09 15:32:00,FX:USDJPY,151.76299999999998,151.76399999999998,151.759,151.761,104.0
2024-04-09 15:33:00,FX:USDJPY,151.761,151.762,151.76,151.76,51.0
2024-04-09 15:34:00,FX:USDJPY,151.76,151.76299999999998,151.76,151.761,25.0
2024-04-09 15:35:00,FX:USDJPY,151.761,151.76299999999998,151.76,151.76299999999998,44.0
2024-04-09 15:36:00,FX:USDJPY,151.76299999999998,151.76299999999998,151.754,151.75799999999998,37.0
2024-04-09 15:37:00,FX:USDJPY,151.75799999999998,151.762,151.754,151.761,131.0
2024-04-09 15:38:00,FX:USDJPY,151.761,151.766,151.76,151.765,119.0
2024-04-09 15:39:00,FX:USDJPY,151.765,151.767,151.76,151.761,195.0
2024-04-09 15:40:00,FX:USDJPY,151.761,151.761,151.74699999999999,151.749,155.0
2024-04-09 15:41:00,FX:USDJPY,151.749,151.75199999999998,151.73999999999998,151.744,96.0
2024-04-09 15:42:00,FX:USDJPY,151.744,151.75,151.744,151.74699999999999,96.0
2024-04-09 15:43:00,FX:USDJPY,151.74699999999999,151.75,151.742,151.74699999999999,121.0
2024-04-09 15:44:00,FX:USDJPY,151.74699999999999,151.74699999999999,151.736,151.737,97.0
2024-04-09 15:45:00,FX:USDJPY,151.737,151.743,151.736,151.737,92.0
2024-04-09 15:46:00,FX:USDJPY,151.737,151.742,151.737,151.738,95.0
2024-04-09 15:47:00,FX:USDJPY,151.738,151.74099999999999,151.738,151.73999999999998,120.0
2024-04-09 15:48:00,FX:USDJPY,151.73999999999998,151.751,151.73999999999998,151.75,122.0
2024-04-09 15:49:00,FX:USDJPY,151.75,151.754,151.748,151.754,101.0
2024-04-09 15:50:00,FX:USDJPY,151.754,151.757,151.74599999999998,151.751,140.0
2024-04-09 15:51:00,FX:USDJPY,151.751,151.75199999999998,151.749,151.75,83.0
2024-04-09 15:52:00,FX:USDJPY,151.75,151.75199999999998,151.744,151.75199999999998,115.0
2024-04-09 15:53:00,FX:USDJPY,151.75199999999998,151.75199999999998,151.74599999999998,151.748,127.0
2024-04-09 15:54:00,FX:USDJPY,151.748,151.75199999999998,151.74699999999999,151.751,64.0
2024-04-09 15:55:00,FX:USDJPY,151.751,151.753,151.74599999999998,151.748,102.0
2024-04-09 15:56:00,FX:USDJPY,151.748,151.748,151.736,151.736,94.0
2024-04-09 15:57:00,FX:USDJPY,151.736,151.74099999999999,151.732,151.738,84.0
2024-04-09 15:58:00,FX:USDJPY,151.738,151.748,151.73499999999999,151.739,100.0
2024-04-09 15:59:00,FX:USDJPY,151.739,151.743,151.736,151.737,136.0
2024-04-09 16:00:00,FX:USDJPY,151.737,151.75799999999998,151.736,151.753,95.0
2024-04-09 16:01:00,FX:USDJPY,151.753,151.756,151.74099999999999,151.742,97.0
2024-04-09 16:02:00,FX:USDJPY,151.742,151.75199999999998,151.74099999999999,151.751,67.0
2024-04-09 16:03:00,FX:USDJPY,151.751,151.768,151.751,151.76399999999998,41.0
2024-04-09 16:04:00,FX:USDJPY,151.76399999999998,151.767,151.751,151.753,83.0
2024-04-09 16:05:00,FX:USDJPY,151.753,151.754,151.749,151.75,31.0
2024-04-09 16:06:00,FX:USDJPY,151.75,151.75,151.736,151.737,45.0
2024-04-09 16:07:00,FX:USDJPY,151.737,151.737,151.732,151.732,34.0
2024-04-09 16:08:00,FX:USDJPY,151.732,151.733,151.73,151.733,26.0
2024-04-09 16:09:00,FX:USDJPY,151.733,151.742,151.732,151.733,25.0
2024-04-09 16:10:00,FX:USDJPY,151.733,151.743,151.733,151.73999999999998,30.0
2024-04-09 16:11:00,FX:USDJPY,151.73999999999998,151.74099999999999,151.738,151.738,13.0
2024-04-09 16:12:00,FX:USDJPY,151.738,151.739,151.731,151.736,34.0
2024-04-09 16:13:00,FX:USDJPY,151.736,151.744,151.736,151.743,19.0
2024-04-09 16:14:00,FX:USDJPY,151.743,151.743,151.742,151.742,8.0
2024-04-09 16:15:00,FX:USDJPY,151.742,151.743,151.742,151.743,23.0
2024-04-09 16:16:00,FX:USDJPY,151.743,151.744,151.742,151.742,26.0
2024-04-09 16:17:00,FX:USDJPY,151.742,151.743,151.742,151.743,15.0
2024-04-09 16:18:00,FX:USDJPY,151.743,151.744,151.742,151.744,13.0
2024-04-09 16:19:00,FX:USDJPY,151.744,151.744,151.742,151.743,7.0
2024-04-09 16:20:00,FX:USDJPY,151.743,151.743,151.742,151.743,2.0
2024-04-09 16:21:00,FX:USDJPY,151.743,151.765,151.742,151.76299999999998,50.0
2024-04-09 16:22:00,FX:USDJPY,151.76299999999998,151.76299999999998,151.75199999999998,151.753,31.0
2024-04-09 16:23:00,FX:USDJPY,151.753,151.754,151.751,151.75199999999998,43.0
2024-04-09 16:24:00,FX:USDJPY,151.75199999999998,151.753,151.751,151.753,34.0
2024-04-09 16:25:00,FX:USDJPY,151.753,151.753,151.75,151.75,23.0
2024-04-09 16:26:00,FX:USDJPY,151.75,151.75,151.749,151.749,13.0
2024-04-09 16:27:00,FX:USDJPY,151.749,151.755,151.749,151.754,20.0
2024-04-09 16:28:00,FX:USDJPY,151.754,151.754,151.753,151.753,21.0
2024-04-09 16:29:00,FX:USDJPY,151.753,151.76999999999998,151.75199999999998,151.75199999999998,80.0
2024-04-09 16:30:00,FX:USDJPY,151.75199999999998,151.76399999999998,151.75199999999998,151.76299999999998,49.0
2024-04-09 16:31:00,FX:USDJPY,151.76299999999998,151.76299999999998,151.753,151.753,23.0
2024-04-09 16:32:00,FX:USDJPY,151.753,151.753,151.753,151.753,10.0
2024-04-09 16:33:00,FX:USDJPY,151.753,151.75799999999998,151.748,151.748,32.0
2024-04-09 16:34:00,FX:USDJPY,151.748,151.753,151.74699999999999,151.751,32.0
2024-04-09 16:35:00,FX:USDJPY,151.751,151.751,151.749,151.75,7.0
2024-04-09 16:36:00,FX:USDJPY,151.75,151.753,151.745,151.75199999999998,15.0
2024-04-09 16:37:00,FX:USDJPY,151.75199999999998,151.754,151.751,151.751,22.0
2024-04-09 16:38:00,FX:USDJPY,151.751,151.75199999999998,151.75,151.75199999999998,30.0
2024-04-09 16:39:00,FX:USDJPY,151.75199999999998,151.75199999999998,151.745,151.75199999999998,42.0
2024-04-09 16:40:00,FX:USDJPY,151.75199999999998,151.754,151.751,151.75199999999998,28.0
2024-04-09 16:41:00,FX:USDJPY,151.75199999999998,151.754,151.75199999999998,151.754,7.0
2024-04-09 16:42:00,FX:USDJPY,151.754,151.754,151.75199999999998,151.754,19.0
2024-04-09 16:43:00,FX:USDJPY,151.754,151.761,151.75199999999998,151.761,24.0
2024-04-09 16:44:00,FX:USDJPY,151.761,151.761,151.759,151.761,19.0
2024-04-09 16:45:00,FX:USDJPY,151.761,151.766,151.754,151.765,28.0
2024-04-09 16:46:00,FX:USDJPY,151.765,151.766,151.762,151.76399999999998,22.0
2024-04-09 16:47:00,FX:USDJPY,151.76399999999998,151.76399999999998,151.76,151.76399999999998,17.0
2024-04-09 16:48:00,FX:USDJPY,151.76399999999998,151.76399999999998,151.76299999999998,151.76399999999998,7.0
2024-04-09 16:49:00,FX:USDJPY,151.76399999999998,151.767,151.75799999999998,151.767,33.0
2024-04-09 16:50:00,FX:USDJPY,151.767,151.76999999999998,151.76399999999998,151.76399999999998,40.0
2024-04-09 16:51:00,FX:USDJPY,151.76399999999998,151.76399999999998,151.759,151.76,11.0
2024-04-09 16:52:00,FX:USDJPY,151.76,151.76,151.759,151.76,18.0
2024-04-09 16:53:00,FX:USDJPY,151.76,151.761,151.76,151.76,12.0
2024-04-09 16:54:00,FX:USDJPY,151.76,151.766,151.76,151.765,28.0
2024-04-09 16:55:00,FX:USDJPY,151.765,151.765,151.76,151.761,29.0
2024-04-09 16:56:00,FX:USDJPY,151.761,151.76899999999998,151.761,151.768,16.0
2024-04-09 16:57:00,FX:USDJPY,151.768,151.77599999999998,151.768,151.771,44.0
2024-04-09 16:58:00,FX:USDJPY,151.771,151.777,151.76899999999998,151.77499999999998,60.0
2024-04-09 16:59:00,FX:USDJPY,151.77499999999998,151.78799999999998,151.733,151.733,64.0
2024-04-09 17:00:00,FX:USDJPY,151.733,151.733,151.701,151.71599999999998,21.0
2024-04-09 17:01:00,FX:USDJPY,151.71599999999998,151.71599999999998,151.71599999999998,151.71599999999998,10.0
2024-04-09 17:02:00,FX:USDJPY,151.71599999999998,151.71599999999998,151.714,151.714,6.0
2024-04-09 17:03:00,FX:USDJPY,151.714,151.71599999999998,151.714,151.71599999999998,2.0
2024-04-09 17:04:00,FX:USDJPY,151.71599999999998,151.72199999999998,151.71599999999998,151.72199999999998,1.0
2024-04-09 17:05:00,FX:USDJPY,151.72199999999998,151.72899999999998,151.718,151.72899999999998,10.0
2024-04-09 17:06:00,FX:USDJPY,151.72899999999998,151.731,151.72899999999998,151.731,2.0
2024-04-09 17:07:00,FX:USDJPY,151.731,151.736,151.731,151.736,6.0
2024-04-09 17:08:00,FX:USDJPY,151.736,151.736,151.732,151.732,6.0
2024-04-09 17:09:00,FX:USDJPY,151.732,151.738,151.72799999999998,151.72799999999998,8.0
2024-04-09 17:10:00,FX:USDJPY,151.72799999999998,151.745,151.721,151.725,31.0
2024-04-09 17:11:00,FX:USDJPY,151.725,151.739,151.725,151.736,9.0
2024-04-09 17:12:00,FX:USDJPY,151.736,151.739,151.736,151.737,10.0
2024-04-09 17:13:00,FX:USDJPY,151.737,151.738,151.733,151.738,5.0
2024-04-09 17:14:00,FX:USDJPY,151.738,151.738,151.72199999999998,151.72199999999998,3.0
2024-04-09 17:15:00,FX:USDJPY,151.72199999999998,151.744,151.72,151.73999999999998,14.0
2024-04-09 17:16:00,FX:USDJPY,151.73999999999998,151.73999999999998,151.718,151.724,29.0
2024-04-09 17:17:00,FX:USDJPY,151.724,151.73,151.724,151.72799999999998,5.0
2024-04-09 17:18:00,FX:USDJPY,151.72799999999998,151.73999999999998,151.712,151.73999999999998,11.0
2024-04-09 17:19:00,FX:USDJPY,151.73999999999998,151.74699999999999,151.715,151.71699999999998,13.0
2024-04-09 17:20:00,FX:USDJPY,151.71699999999998,151.736,151.71699999999998,151.731,13.0
2024-04-09 17:21:00,FX:USDJPY,151.731,151.73999999999998,151.72,151.724,13.0
2024-04-09 17:22:00,FX:USDJPY,151.724,151.739,151.72199999999998,151.73499999999999,12.0
2024-04-09 17:23:00,FX:USDJPY,151.73499999999999,151.73999999999998,151.721,151.72899999999998,24.0
2024-04-09 17:24:00,FX:USDJPY,151.72899999999998,151.756,151.72799999999998,151.739,32.0
2024-04-09 17:25:00,FX:USDJPY,151.739,151.753,151.738,151.74599999999998,35.0
2024-04-09 17:26:00,FX:USDJPY,151.74599999999998,151.759,151.739,151.739,44.0
2024-04-09 17:27:00,FX:USDJPY,151.739,151.751,151.739,151.739,42.0
2024-04-09 17:28:00,FX:USDJPY,151.739,151.748,151.739,151.739,33.0
2024-04-09 17:29:00,FX:USDJPY,151.739,151.74099999999999,151.739,151.739,21.0
2024-04-09 17:30:00,FX:USDJPY,151.739,151.754,151.739,151.749,83.0
2024-04-09 17:31:00,FX:USDJPY,151.749,151.754,151.73999999999998,151.744,59.0
2024-04-09 17:32:00,FX:USDJPY,151.744,151.761,151.73499999999999,151.75799999999998,41.0
2024-04-09 17:33:00,FX:USDJPY,151.75799999999998,151.75799999999998,151.75799999999998,151.75799999999998,10.0
2024-04-09 17:34:00,FX:USDJPY,151.75799999999998,151.75799999999998,151.75799999999998,151.75799999999998,5.0
2024-04-09 17:35:00,FX:USDJPY,151.75799999999998,151.75799999999998,151.75799999999998,151.75799999999998,3.0
2024-04-09 17:36:00,FX:USDJPY,151.75799999999998,151.75799999999998,151.74099999999999,151.755,10.0
2024-04-09 17:37:00,FX:USDJPY,151.755,151.76,151.753,151.753,41.0
2024-04-09 17:38:00,FX:USDJPY,151.753,151.753,151.738,151.75199999999998,14.0
2024-04-09 17:39:00,FX:USDJPY,151.75199999999998,151.753,151.737,151.739,54.0
2024-04-09 17:40:00,FX:USDJPY,151.739,151.75199999999998,151.739,151.75199999999998,31.0
2024-04-09 17:41:00,FX:USDJPY,151.75199999999998,151.75199999999998,151.739,151.75,7.0
2024-04-09 17:42:00,FX:USDJPY,151.75,151.751,151.745,151.74699999999999,14.0
2024-04-09 17:43:00,FX:USDJPY,151.74699999999999,151.749,151.737,151.749,29.0
2024-04-09 17:44:00,FX:USDJPY,151.749,151.75,151.737,151.74699999999999,34.0
2024-04-09 17:45:00,FX:USDJPY,151.74699999999999,151.754,151.743,151.75199999999998,73.0
2024-04-09 17:46:00,FX:USDJPY,151.75199999999998,151.75199999999998,151.743,151.751,63.0
2024-04-09 17:47:00,FX:USDJPY,151.751,151.753,151.744,151.751,28.0
2024-04-09 17:48:00,FX:USDJPY,151.751,151.75199999999998,151.751,151.751,17.0
2024-04-09 17:49:00,FX:USDJPY,151.751,151.756,151.742,151.756,25.0
2024-04-09 17:50:00,FX:USDJPY,151.756,151.759,151.755,151.757,7.0
2024-04-09 17:51:00,FX:USDJPY,151.757,151.76,151.755,151.759,9.0
2024-04-09 17:52:00,FX:USDJPY,151.759,151.759,151.748,151.755,6.0
2024-04-09 17:53:00,FX:USDJPY,151.755,151.755,151.74599999999998,151.755,9.0
2024-04-09 17:54:00,FX:USDJPY,151.755,151.757,151.75,151.757,10.0
2024-04-09 17:55:00,FX:USDJPY,151.757,151.757,151.74599999999998,151.756,7.0
2024-04-09 17:56:00,FX:USDJPY,151.756,151.757,151.756,151.757,1.0
2024-04-09 17:58:00,FX:USDJPY,151.757,151.757,151.757,151.757,2.0
2024-04-09 17:59:00,FX:USDJPY,151.757,151.757,151.755,151.756,5.0
2024-04-09 18:00:00,FX:USDJPY,151.756,151.777,151.756,151.76899999999998,54.0
2024-04-09 18:01:00,FX:USDJPY,151.76899999999998,151.784,151.76899999999998,151.774,51.0
2024-04-09 18:02:00,FX:USDJPY,151.774,151.784,151.774,151.783,16.0
2024-04-09 18:03:00,FX:USDJPY,151.783,151.785,151.783,151.784,17.0
2024-04-09 18:04:00,FX:USDJPY,151.784,151.786,151.756,151.757,24.0
2024-04-09 18:05:00,FX:USDJPY,151.757,151.76399999999998,151.73499999999999,151.736,97.0
2024-04-09 18:06:00,FX:USDJPY,151.736,151.748,151.736,151.74699999999999,69.0
2024-04-09 18:07:00,FX:USDJPY,151.74699999999999,151.74699999999999,151.742,151.743,9.0
2024-04-09 18:08:00,FX:USDJPY,151.743,151.74599999999998,151.743,151.74599999999998,15.0
2024-04-09 18:09:00,FX:USDJPY,151.74599999999998,151.74599999999998,151.743,151.744,9.0
2024-04-09 18:10:00,FX:USDJPY,151.744,151.74699999999999,151.744,151.74699999999999,10.0
2024-04-09 18:11:00,FX:USDJPY,151.74699999999999,151.749,151.74599999999998,151.749,9.0
2024-04-09 18:12:00,FX:USDJPY,151.749,151.767,151.736,151.751,79.0
2024-04-09 18:13:00,FX:USDJPY,151.751,151.75799999999998,151.74699999999999,151.75199999999998,29.0
2024-04-09 18:14:00,FX:USDJPY,151.75199999999998,151.757,151.75199999999998,151.754,33.0
2024-04-09 18:15:00,FX:USDJPY,151.754,151.759,151.751,151.75799999999998,24.0
2024-04-09 18:16:00,FX:USDJPY,151.75799999999998,151.76899999999998,151.756,151.75799999999998,53.0
2024-04-09 18:17:00,FX:USDJPY,151.75799999999998,151.762,151.757,151.762,17.0
2024-04-09 18:18:00,FX:USDJPY,151.762,151.762,151.761,151.762,32.0
2024-04-09 18:19:00,FX:USDJPY,151.762,151.762,151.759,151.761,26.0
2024-04-09 18:20:00,FX:USDJPY,151.761,151.76399999999998,151.759,151.759,37.0
2024-04-09 18:21:00,FX:USDJPY,151.759,151.771,151.759,151.771,42.0
2024-04-09 18:22:00,FX:USDJPY,151.771,151.771,151.761,151.762,49.0
2024-04-09 18:23:00,FX:USDJPY,151.762,151.765,151.762,151.76299999999998,70.0
2024-04-09 18:24:00,FX:USDJPY,151.76299999999998,151.76299999999998,151.761,151.761,32.0
2024-04-09 18:25:00,FX:USDJPY,151.761,151.761,151.761,151.761,28.0
2024-04-09 18:26:00,FX:USDJPY,151.761,151.76399999999998,151.76,151.76299999999998,38.0
2024-04-09 18:27:00,FX:USDJPY,151.76299999999998,151.76299999999998,151.761,151.762,37.0
2024-04-09 18:28:00,FX:USDJPY,151.762,151.76299999999998,151.756,151.761,30.0
2024-04-09 18:29:00,FX:USDJPY,151.761,151.761,151.75799999999998,151.761,16.0
2024-04-09 18:30:00,FX:USDJPY,151.761,151.762,151.75799999999998,151.761,23.0
2024-04-09 18:31:00,FX:USDJPY,151.761,151.76299999999998,151.751,151.762,46.0
2024-04-09 18:32:00,FX:USDJPY,151.762,151.76299999999998,151.761,151.762,16.0
2024-04-09 18:33:00,FX:USDJPY,151.762,151.762,151.74699999999999,151.75,33.0
2024-04-09 18:34:00,FX:USDJPY,151.75,151.75199999999998,151.74699999999999,151.74699999999999,29.0
2024-04-09 18:35:00,FX:USDJPY,151.74699999999999,151.753,151.744,151.75199999999998,47.0
2024-04-09 18:36:00,FX:USDJPY,151.75199999999998,151.75799999999998,151.751,151.755,29.0
2024-04-09 18:37:00,FX:USDJPY,151.755,151.756,151.75199999999998,151.75199999999998,33.0
2024-04-09 18:38:00,FX:USDJPY,151.75199999999998,151.754,151.751,151.754,34.0
2024-04-09 18:39:00,FX:USDJPY,151.754,151.766,151.754,151.76399999999998,40.0
2024-04-09 18:40:00,FX:USDJPY,151.76399999999998,151.76399999999998,151.756,151.756,42.0
2024-04-09 18:41:00,FX:USDJPY,151.756,151.756,151.753,151.754,30.0
2024-04-09 18:42:00,FX:USDJPY,151.754,151.754,151.749,151.75199999999998,28.0
2024-04-09 18:43:00,FX:USDJPY,151.75199999999998,151.754,151.748,151.75,71.0
2024-04-09 18:44:00,FX:USDJPY,151.75,151.754,151.75,151.754,15.0
2024-04-09 18:45:00,FX:USDJPY,151.754,151.754,151.75199999999998,151.753,7.0
2024-04-09 18:46:00,FX:USDJPY,151.753,151.753,151.751,151.753,29.0
2024-04-09 18:47:00,FX:USDJPY,151.753,151.754,151.742,151.742,18.0
2024-04-09 18:48:00,FX:USDJPY,151.742,151.755,151.73999999999998,151.755,30.0
2024-04-09 18:49:00,FX:USDJPY,151.755,151.759,151.755,151.75799999999998,25.0
2024-04-09 18:50:00,FX:USDJPY,151.75799999999998,151.76299999999998,151.74599999999998,151.751,43.0
2024-04-09 18:51:00,FX:USDJPY,151.751,151.753,151.75,151.75199999999998,19.0
2024-04-09 18:52:00,FX:USDJPY,151.75199999999998,151.754,151.74699999999999,151.751,30.0
2024-04-09 18:53:00,FX:USDJPY,151.751,151.75199999999998,151.745,151.74699999999999,60.0
2024-04-09 18:54:00,FX:USDJPY,151.74699999999999,151.753,151.74699999999999,151.75199999999998,30.0
2024-04-09 18:55:00,FX:USDJPY,151.75199999999998,151.755,151.749,151.749,30.0
2024-04-09 18:56:00,FX:USDJPY,151.749,151.754,151.749,151.75,21.0
2024-04-09 18:57:00,FX:USDJPY,151.75,151.75,151.749,151.749,18.0
2024-04-09 18:58:00,FX:USDJPY,151.749,151.75,151.749,151.75,11.0
2024-04-09 18:59:00,FX:USDJPY,151.75,151.751,151.749,151.749,7.0
2024-04-09 19:00:00,FX:USDJPY,151.749,151.756,151.749,151.755,53.0
2024-04-09 19:01:00,FX:USDJPY,151.755,151.75799999999998,151.75199999999998,151.754,26.0
2024-04-09 19:02:00,FX:USDJPY,151.754,151.761,151.751,151.75199999999998,81.0
2024-04-09 19:03:00,FX:USDJPY,151.75199999999998,151.754,151.751,151.753,43.0
2024-04-09 19:04:00,FX:USDJPY,151.753,151.754,151.75199999999998,151.75199999999998,52.0
2024-04-09 19:05:00,FX:USDJPY,151.75199999999998,151.753,151.749,151.75199999999998,29.0
2024-04-09 19:06:00,FX:USDJPY,151.75199999999998,151.75199999999998,151.749,151.75,52.0
2024-04-09 19:07:00,FX:USDJPY,151.75,151.754,151.75,151.753,35.0
2024-04-09 19:08:00,FX:USDJPY,151.753,151.754,151.751,151.75199999999998,52.0
2024-04-09 19:09:00,FX:USDJPY,151.75199999999998,151.75199999999998,151.75,151.75199999999998,33.0
2024-04-09 19:10:00,FX:USDJPY,151.75199999999998,151.754,151.751,151.751,72.0
2024-04-09 19:11:00,FX:USDJPY,151.751,151.75199999999998,151.73999999999998,151.751,66.0
2024-04-09 19:12:00,FX:USDJPY,151.751,151.755,151.74099999999999,151.751,68.0
2024-04-09 19:13:00,FX:USDJPY,151.751,151.754,151.75,151.753,60.0
2024-04-09 19:14:00,FX:USDJPY,151.753,151.754,151.751,151.753,77.0
2024-04-09 19:15:00,FX:USDJPY,151.753,151.754,151.751,151.75199999999998,55.0
2024-04-09 19:16:00,FX:USDJPY,151.75199999999998,151.757,151.75199999999998,151.757,51.0
2024-04-09 19:17:00,FX:USDJPY,151.757,151.75799999999998,151.753,151.757,69.0
2024-04-09 19:18:00,FX:USDJPY,151.757,151.757,151.75199999999998,151.756,60.0
2024-04-09 19:19:00,FX:USDJPY,151.756,151.756,151.75199999999998,151.755,56.0
2024-04-09 19:20:00,FX:USDJPY,151.755,151.757,151.75199999999998,151.757,62.0
2024-04-09 19:21:00,FX:USDJPY,151.757,151.757,151.755,151.757,63.0
2024-04-09 19:22:00,FX:USDJPY,151.757,151.767,151.756,151.76399999999998,61.0
2024-04-09 19:23:00,FX:USDJPY,151.76399999999998,151.76999999999998,151.76299999999998,151.76899999999998,34.0
2024-04-09 19:24:00,FX:USDJPY,151.76899999999998,151.76899999999998,151.767,151.767,31.0
2024-04-09 19:25:00,FX:USDJPY,151.767,151.768,151.756,151.761,55.0
2024-04-09 19:26:00,FX:USDJPY,151.761,151.765,151.756,151.765,48.0
2024-04-09 19:27:00,FX:USDJPY,151.765,151.765,151.756,151.75799999999998,58.0
2024-04-09 19:28:00,FX:USDJPY,151.75799999999998,151.761,151.757,151.761,24.0
2024-04-09 19:29:00,FX:USDJPY,151.761,151.772,151.759,151.772,44.0
2024-04-09 19:30:00,FX:USDJPY,151.772,151.772,151.76299999999998,151.772,146.0
2024-04-09 19:31:00,FX:USDJPY,151.772,151.772,151.766,151.768,93.0
2024-04-09 19:32:00,FX:USDJPY,151.768,151.771,151.761,151.761,58.0
2024-04-09 19:33:00,FX:USDJPY,151.761,151.76399999999998,151.759,151.76399999999998,35.0
2024-04-09 19:34:00,FX:USDJPY,151.76399999999998,151.771,151.76399999999998,151.76999999999998,62.0
2024-04-09 19:35:00,FX:USDJPY,151.76999999999998,151.77599999999998,151.76299999999998,151.77499999999998,101.0
2024-04-09 19:36:00,FX:USDJPY,151.77499999999998,151.778,151.76899999999998,151.771,58.0
2024-04-09 19:37:00,FX:USDJPY,151.771,151.774,151.76999999999998,151.774,28.0
2024-04-09 19:38:00,FX:USDJPY,151.774,151.77499999999998,151.772,151.772,29.0
2024-04-09 19:39:00,FX:USDJPY,151.772,151.772,151.76299999999998,151.765,62.0
2024-04-09 19:40:00,FX:USDJPY,151.765,151.768,151.762,151.766,62.0
2024-04-09 19:41:00,FX:USDJPY,151.766,151.774,151.76399999999998,151.773,60.0
2024-04-09 19:42:00,FX:USDJPY,151.773,151.77499999999998,151.76999999999998,151.772,43.0
2024-04-09 19:43:00,FX:USDJPY,151.772,151.77499999999998,151.76299999999998,151.765,56.0
2024-04-09 19:44:00,FX:USDJPY,151.765,151.767,151.761,151.76399999999998,60.0
2024-04-09 19:45:00,FX:USDJPY,151.76399999999998,151.76399999999998,151.755,151.76299999999998,105.0
2024-04-09 19:46:00,FX:USDJPY,151.76299999999998,151.76399999999998,151.759,151.759,69.0
2024-04-09 19:47:00,FX:USDJPY,151.759,151.762,151.75799999999998,151.76,50.0
2024-04-09 19:48:00,FX:USDJPY,151.76,151.76399999999998,151.76,151.76299999999998,72.0
2024-04-09 19:49:00,FX:USDJPY,151.76299999999998,151.777,151.76299999999998,151.765,47.0
2024-04-09 19:50:00,FX:USDJPY,151.765,151.77499999999998,151.76299999999998,151.773,75.0
2024-04-09 19:51:00,FX:USDJPY,151.773,151.774,151.768,151.76899999999998,38.0
2024-04-09 19:52:00,FX:USDJPY,151.76899999999998,151.76999999999998,151.761,151.765,54.0
2024-04-09 19:53:00,FX:USDJPY,151.765,151.77499999999998,151.765,151.774,53.0
2024-04-09 19:54:00,FX:USDJPY,151.774,151.777,151.765,151.768,56.0
2024-04-09 19:55:00,FX:USDJPY,151.768,151.76999999999998,151.761,151.766,73.0
2024-04-09 19:56:00,FX:USDJPY,151.766,151.774,151.766,151.76999999999998,102.0
2024-04-09 19:57:00,FX:USDJPY,151.76999999999998,151.779,151.76999999999998,151.777,94.0
2024-04-09 19:58:00,FX:USDJPY,151.777,151.785,151.77599999999998,151.784,146.0
2024-04-09 19:59:00,FX:USDJPY,151.784,151.78799999999998,151.778,151.778,65.0
2024-04-09 20:00:00,FX:USDJPY,151.778,151.783,151.748,151.76299999999998,217.0
2024-04-09 20:01:00,FX:USDJPY,151.76299999999998,151.76999999999998,151.756,151.75799999999998,186.0
2024-04-09 20:02:00,FX:USDJPY,151.75799999999998,151.76,151.751,151.756,155.0
2024-04-09 20:03:00,FX:USDJPY,151.756,151.76999999999998,151.756,151.767,103.0
2024-04-09 20:04:00,FX:USDJPY,151.767,151.768,151.761,151.767,80.0
2024-04-09 20:05:00,FX:USDJPY,151.767,151.76999999999998,151.756,151.762,162.0
2024-04-09 20:06:00,FX:USDJPY,151.762,151.76299999999998,151.74599999999998,151.751,164.0
2024-04-09 20:07:00,FX:USDJPY,151.751,151.76999999999998,151.73999999999998,151.753,220.0
2024-04-09 20:08:00,FX:USDJPY,151.753,151.76,151.75199999999998,151.759,129.0
2024-04-09 20:09:00,FX:USDJPY,151.759,151.767,151.754,151.76299999999998,144.0
2024-04-09 20:10:00,FX:USDJPY,151.76299999999998,151.771,151.762,151.76299999999998,186.0
2024-04-09 20:11:00,FX:USDJPY,151.76299999999998,151.771,151.76299999999998,151.76399999999998,117.0
2024-04-09 20:12:00,FX:USDJPY,151.76399999999998,151.76999999999998,151.761,151.762,104.0
2024-04-09 20:13:00,FX:USDJPY,151.762,151.76299999999998,151.751,151.76,109.0
2024-04-09 20:14:00,FX:USDJPY,151.76,151.76299999999998,151.756,151.75799999999998,107.0
2024-04-09 20:15:00,FX:USDJPY,151.75799999999998,151.759,151.745,151.759,91.0
2024-04-09 20:16:00,FX:USDJPY,151.759,151.759,151.744,151.749,126.0
2024-04-09 20:17:00,FX:USDJPY,151.749,151.749,151.727,151.72899999999998,128.0
2024-04-09 20:18:00,FX:USDJPY,151.72899999999998,151.739,151.72799999999998,151.736,130.0
2024-04-09 20:19:00,FX:USDJPY,151.736,151.737,151.718,151.73499999999999,179.0
2024-04-09 20:20:00,FX:USDJPY,151.73499999999999,151.73999999999998,151.726,151.726,88.0
2024-04-09 20:21:00,FX:USDJPY,151.726,151.737,151.725,151.73499999999999,117.0
2024-04-09 20:22:00,FX:USDJPY,151.73499999999999,151.736,151.72199999999998,151.72899999999998,148.0
2024-04-09 20:23:00,FX:USDJPY,151.72899999999998,151.72899999999998,151.715,151.724,131.0
2024-04-09 20:24:00,FX:USDJPY,151.724,151.725,151.709,151.70999999999998,98.0
2024-04-09 20:25:00,FX:USDJPY,151.70999999999998,151.714,151.69899999999998,151.714,123.0
2024-04-09 20:26:00,FX:USDJPY,151.714,151.714,151.69199999999998,151.694,142.0
2024-04-09 20:27:00,FX:USDJPY,151.694,151.69899999999998,151.685,151.69899999999998,114.0
2024-04-09 20:28:00,FX:USDJPY,151.69899999999998,151.70499999999998,151.691,151.69799999999998,124.0
2024-04-09 20:29:00,FX:USDJPY,151.69799999999998,151.69899999999998,151.691,151.69199999999998,125.0
2024-04-09 20:30:00,FX:USDJPY,151.69199999999998,151.69199999999998,151.683,151.685,140.0
2024-04-09 20:31:00,FX:USDJPY,151.685,151.696,151.68099999999998,151.691,160.0
2024-04-09 20:32:00,FX:USDJPY,151.691,151.70399999999998,151.67999999999998,151.702,132.0
2024-04-09 20:33:00,FX:USDJPY,151.702,151.714,151.702,151.708,101.0
2024-04-09 20:34:00,FX:USDJPY,151.708,151.714,151.70399999999998,151.708,176.0
2024-04-09 20:35:00,FX:USDJPY,151.708,151.71699999999998,151.707,151.71699999999998,132.0
2024-04-09 20:36:00,FX:USDJPY,151.71699999999998,151.72299999999998,151.715,151.72,126.0
2024-04-09 20:37:00,FX:USDJPY,151.72,151.72799999999998,151.72,151.72799999999998,70.0
2024-04-09 20:38:00,FX:USDJPY,151.72799999999998,151.731,151.713,151.72299999999998,159.0
2024-04-09 20:39:00,FX:USDJPY,151.72299999999998,151.725,151.71699999999998,151.72,82.0
2024-04-09 20:40:00,FX:USDJPY,151.72,151.745,151.72,151.73399999999998,142.0
2024-04-09 20:41:00,FX:USDJPY,151.73399999999998,151.738,151.726,151.733,140.0
2024-04-09 20:42:00,FX:USDJPY,151.733,151.736,151.73,151.732,105.0
2024-04-09 20:43:00,FX:USDJPY,151.732,151.73399999999998,151.72899999999998,151.732,115.0
2024-04-09 20:44:00,FX:USDJPY,151.732,151.736,151.71699999999998,151.718,109.0
2024-04-09 20:45:00,FX:USDJPY,151.718,151.72,151.71099999999998,151.714,160.0
2024-04-09 20:46:00,FX:USDJPY,151.714,151.72899999999998,151.713,151.718,100.0
2024-04-09 20:47:00,FX:USDJPY,151.718,151.73,151.718,151.727,101.0
2024-04-09 20:48:00,FX:USDJPY,151.727,151.73,151.713,151.71699999999998,98.0
2024-04-09 20:49:00,FX:USDJPY,151.71699999999998,151.724,151.702,151.724,161.0
2024-04-09 20:50:00,FX:USDJPY,151.724,151.73999999999998,151.724,151.736,118.0
2024-04-09 20:51:00,FX:USDJPY,151.736,151.745,151.731,151.732,125.0
2024-04-09 20:52:00,FX:USDJPY,151.732,151.74599999999998,151.732,151.743,155.0
2024-04-09 20:53:00,FX:USDJPY,151.743,151.75,151.739,151.74599999999998,169.0
2024-04-09 20:54:00,FX:USDJPY,151.74599999999998,151.76,151.737,151.757,506.0
2024-04-09 20:55:00,FX:USDJPY,151.757,151.76,151.738,151.743,439.0
2024-04-09 20:56:00,FX:USDJPY,151.743,151.75,151.72299999999998,151.726,186.0
2024-04-09 20:57:00,FX:USDJPY,151.726,151.72899999999998,151.713,151.72899999999998,210.0
2024-04-09 20:58:00,FX:USDJPY,151.72899999999998,151.745,151.72899999999998,151.737,156.0
2024-04-09 20:59:00,FX:USDJPY,151.737,151.737,151.721,151.72299999999998,175.0
2024-04-09 21:00:00,FX:USDJPY,151.72299999999998,151.738,151.71099999999998,151.715,196.0
2024-04-09 21:01:00,FX:USDJPY,151.715,151.72899999999998,151.712,151.712,158.0
2024-04-09 21:02:00,FX:USDJPY,151.712,151.757,151.71099999999998,151.755,276.0
2024-04-09 21:03:00,FX:USDJPY,151.755,151.771,151.73499999999999,151.76399999999998,345.0
2024-04-09 21:04:00,FX:USDJPY,151.76399999999998,151.772,151.751,151.757,221.0
2024-04-09 21:05:00,FX:USDJPY,151.757,151.759,151.742,151.743,172.0
2024-04-09 21:06:00,FX:USDJPY,151.743,151.748,151.739,151.73999999999998,90.0
2024-04-09 21:07:00,FX:USDJPY,151.73999999999998,151.759,151.73999999999998,151.75199999999998,135.0
2024-04-09 21:08:00,FX:USDJPY,151.75199999999998,151.759,151.749,151.757,75.0
2024-04-09 21:09:00,FX:USDJPY,151.757,151.76299999999998,151.756,151.757,154.0
2024-04-09 21:10:00,FX:USDJPY,151.757,151.76,151.74599999999998,151.756,122.0
2024-04-09 21:11:00,FX:USDJPY,151.756,151.759,151.74099999999999,151.748,131.0
2024-04-09 21:12:00,FX:USDJPY,151.748,151.757,151.743,151.753,155.0
2024-04-09 21:13:00,FX:USDJPY,151.753,151.755,151.743,151.75199999999998,147.0
2024-04-09 21:14:00,FX:USDJPY,151.75199999999998,151.754,151.743,151.751,140.0
2024-04-09 21:15:00,FX:USDJPY,151.751,151.75199999999998,151.745,151.75,86.0
2024-04-09 21:16:00,FX:USDJPY,151.75,151.774,151.743,151.771,138.0
2024-04-09 21:17:00,FX:USDJPY,151.771,151.771,151.75,151.759,212.0
2024-04-09 21:18:00,FX:USDJPY,151.759,151.768,151.754,151.756,190.0
2024-04-09 21:19:00,FX:USDJPY,151.756,151.773,151.756,151.773,254.0
2024-04-09 21:20:00,FX:USDJPY,151.773,151.774,151.76399999999998,151.76899999999998,216.0
2024-04-09 21:21:00,FX:USDJPY,151.76899999999998,151.76899999999998,151.761,151.76399999999998,153.0
2024-04-09 21:22:00,FX:USDJPY,151.76399999999998,151.76899999999998,151.756,151.76899999999998,146.0
2024-04-09 21:23:00,FX:USDJPY,151.76899999999998,151.76999999999998,151.762,151.766,158.0
2024-04-09 21:24:00,FX:USDJPY,151.766,151.771,151.761,151.765,192.0
2024-04-09 21:25:00,FX:USDJPY,151.765,151.771,151.76299999999998,151.76399999999998,167.0
2024-04-09 21:26:00,FX:USDJPY,151.76399999999998,151.76899999999998,151.762,151.76399999999998,109.0
2024-04-09 21:27:00,FX:USDJPY,151.76399999999998,151.765,151.761,151.76399999999998,118.0
2024-04-09 21:28:00,FX:USDJPY,151.76399999999998,151.765,151.762,151.76399999999998,124.0
2024-04-09 21:29:00,FX:USDJPY,151.76399999999998,151.777,151.76299999999998,151.76999999999998,219.0
2024-04-09 21:30:00,FX:USDJPY,151.76999999999998,151.78199999999998,151.76899999999998,151.772,266.0
2024-04-09 21:31:00,FX:USDJPY,151.772,151.774,151.76899999999998,151.772,100.0
2024-04-09 21:32:00,FX:USDJPY,151.772,151.773,151.76399999999998,151.766,102.0
2024-04-09 21:33:00,FX:USDJPY,151.766,151.78,151.766,151.778,185.0
2024-04-09 21:34:00,FX:USDJPY,151.778,151.783,151.772,151.773,153.0
2024-04-09 21:35:00,FX:USDJPY,151.773,151.78099999999998,151.765,151.77499999999998,125.0
2024-04-09 21:36:00,FX:USDJPY,151.77499999999998,151.77599999999998,151.771,151.774,94.0
2024-04-09 21:37:00,FX:USDJPY,151.774,151.77499999999998,151.771,151.77499999999998,94.0
2024-04-09 21:38:00,FX:USDJPY,151.77499999999998,151.784,151.771,151.784,136.0
2024-04-09 21:39:00,FX:USDJPY,151.784,151.784,151.771,151.778,146.0
2024-04-09 21:40:00,FX:USDJPY,151.778,151.778,151.755,151.757,100.0
2024-04-09 21:41:00,FX:USDJPY,151.757,151.767,151.756,151.757,74.0
2024-04-09 21:42:00,FX:USDJPY,151.757,151.76899999999998,151.757,151.767,171.0
2024-04-09 21:43:00,FX:USDJPY,151.767,151.76999999999998,151.755,151.756,121.0
2024-04-09 21:44:00,FX:USDJPY,151.756,151.768,151.751,151.75199999999998,203.0
2024-04-09 21:45:00,FX:USDJPY,151.75199999999998,151.76,151.74599999999998,151.751,172.0
2024-04-09 21:46:00,FX:USDJPY,151.751,151.76,151.75,151.757,158.0
2024-04-09 21:47:00,FX:USDJPY,151.757,151.759,151.75,151.756,139.0
2024-04-09 21:48:00,FX:USDJPY,151.756,151.76999999999998,151.755,151.76899999999998,143.0
2024-04-09 21:49:00,FX:USDJPY,151.76899999999998,151.76999999999998,151.761,151.767,140.0
2024-04-09 21:50:00,FX:USDJPY,151.767,151.768,151.753,151.765,178.0
2024-04-09 21:51:00,FX:USDJPY,151.765,151.773,151.762,151.765,166.0
2024-04-09 21:52:00,FX:USDJPY,151.765,151.766,151.72799999999998,151.72799999999998,215.0
2024-04-09 21:53:00,FX:USDJPY,151.72799999999998,151.73399999999998,151.725,151.732,211.0
2024-04-09 21:54:00,FX:USDJPY,151.732,151.742,151.731,151.74099999999999,116.0
2024-04-09 21:55:00,FX:USDJPY,151.74099999999999,151.74099999999999,151.731,151.733,170.0
2024-04-09 21:56:00,FX:USDJPY,151.733,151.737,151.727,151.737,113.0
2024-04-09 21:57:00,FX:USDJPY,151.737,151.737,151.72,151.721,81.0
2024-04-09 21:58:00,FX:USDJPY,151.721,151.73499999999999,151.719,151.72199999999998,103.0
2024-04-09 21:59:00,FX:USDJPY,151.72199999999998,151.724,151.72,151.72199999999998,82.0
2024-04-09 22:00:00,FX:USDJPY,151.72199999999998,151.736,151.721,151.72299999999998,148.0
2024-04-09 22:01:00,FX:USDJPY,151.72299999999998,151.73,151.72199999999998,151.72199999999998,126.0
2024-04-09 22:02:00,FX:USDJPY,151.72199999999998,151.724,151.71699999999998,151.72299999999998,78.0
2024-04-09 22:03:00,FX:USDJPY,151.72299999999998,151.724,151.709,151.715,210.0
2024-04-09 22:04:00,FX:USDJPY,151.715,151.71699999999998,151.696,151.70499999999998,168.0
2024-04-09 22:05:00,FX:USDJPY,151.70499999999998,151.724,151.703,151.72299999999998,235.0
2024-04-09 22:06:00,FX:USDJPY,151.72299999999998,151.72299999999998,151.713,151.714,124.0
2024-04-09 22:07:00,FX:USDJPY,151.714,151.71599999999998,151.71099999999998,151.714,153.0
2024-04-09 22:08:00,FX:USDJPY,151.714,151.72299999999998,151.707,151.715,228.0
2024-04-09 22:09:00,FX:USDJPY,151.715,151.739,151.715,151.736,184.0
2024-04-09 22:10:00,FX:USDJPY,151.736,151.739,151.725,151.737,165.0
2024-04-09 22:11:00,FX:USDJPY,151.737,151.748,151.73399999999998,151.74699999999999,159.0
2024-04-09 22:12:00,FX:USDJPY,151.74699999999999,151.753,151.733,151.733,127.0
2024-04-09 22:13:00,FX:USDJPY,151.733,151.748,151.733,151.74599999999998,157.0
2024-04-09 22:14:00,FX:USDJPY,151.74599999999998,151.748,151.737,151.743,154.0
2024-04-09 22:15:00,FX:USDJPY,151.743,151.749,151.742,151.743,119.0
2024-04-09 22:16:00,FX:USDJPY,151.743,151.749,151.743,151.745,118.0
2024-04-09 22:17:00,FX:USDJPY,151.745,151.74699999999999,151.743,151.744,91.0
2024-04-09 22:18:00,FX:USDJPY,151.744,151.744,151.738,151.73999999999998,80.0
2024-04-09 22:19:00,FX:USDJPY,151.73999999999998,151.754,151.73999999999998,151.74699999999999,140.0
2024-04-09 22:20:00,FX:USDJPY,151.74699999999999,151.754,151.744,151.75199999999998,116.0
2024-04-09 22:21:00,FX:USDJPY,151.75199999999998,151.754,151.742,151.745,169.0
2024-04-09 22:22:00,FX:USDJPY,151.745,151.753,151.745,151.75,132.0
2024-04-09 22:23:00,FX:USDJPY,151.75,151.756,151.749,151.753,124.0
2024-04-09 22:24:00,FX:USDJPY,151.753,151.76,151.75199999999998,151.759,120.0
2024-04-09 22:25:00,FX:USDJPY,151.759,151.76,151.755,151.76,127.0
2024-04-09 22:26:00,FX:USDJPY,151.76,151.766,151.757,151.759,118.0
2024-04-09 22:27:00,FX:USDJPY,151.759,151.76,151.74599999999998,151.74599999999998,152.0
2024-04-09 22:28:00,FX:USDJPY,151.74599999999998,151.75199999999998,151.74599999999998,151.74699999999999,101.0
2024-04-09 22:29:00,FX:USDJPY,151.74699999999999,151.753,151.738,151.738,140.0
2024-04-09 22:30:00,FX:USDJPY,151.738,151.74699999999999,151.73,151.736,186.0
2024-04-09 22:31:00,FX:USDJPY,151.736,151.73999999999998,151.733,151.736,127.0
2024-04-09 22:32:00,FX:USDJPY,151.736,151.738,151.72299999999998,151.725,142.0
2024-04-09 22:33:00,FX:USDJPY,151.725,151.73499999999999,151.719,151.721,203.0
2024-04-09 22:34:00,FX:USDJPY,151.721,151.72799999999998,151.71699999999998,151.719,126.0
2024-04-09 22:35:00,FX:USDJPY,151.719,151.72199999999998,151.70999999999998,151.71099999999998,181.0
2024-04-09 22:36:00,FX:USDJPY,151.71099999999998,151.725,151.70999999999998,151.724,120.0
2024-04-09 22:37:00,FX:USDJPY,151.724,151.731,151.72199999999998,151.72899999999998,106.0
2024-04-09 22:38:00,FX:USDJPY,151.72899999999998,151.72899999999998,151.712,151.718,157.0
2024-04-09 22:39:00,FX:USDJPY,151.718,151.72899999999998,151.71599999999998,151.727,174.0
2024-04-09 22:40:00,FX:USDJPY,151.727,151.73,151.71599999999998,151.718,176.0
2024-04-09 22:41:00,FX:USDJPY,151.718,151.72299999999998,151.714,151.71699999999998,210.0
2024-04-09 22:42:00,FX:USDJPY,151.71699999999998,151.721,151.71599999999998,151.72,129.0
2024-04-09 22:43:00,FX:USDJPY,151.72,151.72,151.713,151.72,105.0
2024-04-09 22:44:00,FX:USDJPY,151.72,151.72,151.714,151.72,107.0
2024-04-09 22:45:00,FX:USDJPY,151.72,151.72199999999998,151.714,151.719,102.0
2024-04-09 22:46:00,FX:USDJPY,151.719,151.725,151.718,151.721,179.0
2024-04-09 22:47:00,FX:USDJPY,151.721,151.72899999999998,151.719,151.72899999999998,102.0
2024-04-09 22:48:00,FX:USDJPY,151.72899999999998,151.731,151.72799999999998,151.73,68.0
2024-04-09 22:49:00,FX:USDJPY,151.73,151.733,151.726,151.727,66.0
2024-04-09 22:50:00,FX:USDJPY,151.727,151.74699999999999,151.726,151.745,171.0
2024-04-09 22:51:00,FX:USDJPY,151.745,151.74699999999999,151.739,151.742,205.0
2024-04-09 22:52:00,FX:USDJPY,151.742,151.74599999999998,151.739,151.74599999999998,134.0
2024-04-09 22:53:00,FX:USDJPY,151.74599999999998,151.751,151.74099999999999,151.75,135.0
2024-04-09 22:54:00,FX:USDJPY,151.75,151.754,151.744,151.753,119.0
2024-04-09 22:55:00,FX:USDJPY,151.753,151.761,151.748,151.754,148.0
2024-04-09 22:56:00,FX:USDJPY,151.754,151.759,151.745,151.75,146.0
2024-04-09 22:57:00,FX:USDJPY,151.75,151.76399999999998,151.749,151.76399999999998,165.0
2024-04-09 22:58:00,FX:USDJPY,151.76399999999998,151.766,151.75799999999998,151.759,104.0
2024-04-09 22:59:00,FX:USDJPY,151.759,151.765,151.755,151.756,124.0
2024-04-09 23:00:00,FX:USDJPY,151.756,151.761,151.756,151.75799999999998,62.0
2024-04-09 23:01:00,FX:USDJPY,151.75799999999998,151.76299999999998,151.745,151.75199999999998,89.0
2024-04-09 23:02:00,FX:USDJPY,151.75199999999998,151.753,151.742,151.75,116.0
2024-04-09 23:03:00,FX:USDJPY,151.75,151.75,151.74099999999999,151.74599999999998,81.0
2024-04-09 23:04:00,FX:USDJPY,151.74599999999998,151.75799999999998,151.74599999999998,151.757,115.0
2024-04-09 23:05:00,FX:USDJPY,151.757,151.759,151.751,151.75199999999998,132.0
2024-04-09 23:06:00,FX:USDJPY,151.75199999999998,151.755,151.745,151.748,109.0
2024-04-09 23:07:00,FX:USDJPY,151.748,151.749,151.745,151.748,108.0
2024-04-09 23:08:00,FX:USDJPY,151.748,151.751,151.745,151.751,57.0
2024-04-09 23:09:00,FX:USDJPY,151.751,151.75799999999998,151.75,151.753,92.0
2024-04-09 23:10:00,FX:USDJPY,151.753,151.76,151.753,151.759,55.0
2024-04-09 23:11:00,FX:USDJPY,151.759,151.76,151.75799999999998,151.76,60.0
2024-04-09 23:12:00,FX:USDJPY,151.76,151.76299999999998,151.759,151.761,52.0
2024-04-09 23:13:00,FX:USDJPY,151.761,151.76299999999998,151.761,151.761,51.0
2024-04-09 23:14:00,FX:USDJPY,151.761,151.76299999999998,151.757,151.759,39.0
2024-04-09 23:15:00,FX:USDJPY,151.759,151.762,151.757,151.757,93.0
2024-04-09 23:16:00,FX:USDJPY,151.757,151.75799999999998,151.756,151.756,78.0
2024-04-09 23:17:00,FX:USDJPY,151.756,151.771,151.756,151.762,81.0
2024-04-09 23:18:00,FX:USDJPY,151.762,151.766,151.76,151.761,88.0
2024-04-09 23:19:00,FX:USDJPY,151.761,151.76399999999998,151.761,151.76299999999998,93.0
2024-04-09 23:20:00,FX:USDJPY,151.76299999999998,151.76399999999998,151.757,151.76,82.0
2024-04-09 23:21:00,FX:USDJPY,151.76,151.765,151.76,151.762,64.0
2024-04-09 23:22:00,FX:USDJPY,151.762,151.76399999999998,151.761,151.76399999999998,70.0
2024-04-09 23:23:00,FX:USDJPY,151.76399999999998,151.766,151.761,151.76299999999998,140.0
2024-04-09 23:24:00,FX:USDJPY,151.76299999999998,151.76399999999998,151.749,151.751,153.0
2024-04-09 23:25:00,FX:USDJPY,151.751,151.751,151.737,151.739,204.0
2024-04-09 23:26:00,FX:USDJPY,151.739,151.74699999999999,151.73399999999998,151.738,120.0
2024-04-09 23:27:00,FX:USDJPY,151.738,151.74699999999999,151.738,151.74599999999998,221.0
2024-04-09 23:28:00,FX:USDJPY,151.74599999999998,151.751,151.743,151.745,153.0
2024-04-09 23:29:00,FX:USDJPY,151.745,151.74699999999999,151.736,151.74599999999998,145.0
2024-04-09 23:30:00,FX:USDJPY,151.74599999999998,151.753,151.745,151.75199999999998,81.0
2024-04-09 23:31:00,FX:USDJPY,151.75199999999998,151.75199999999998,151.745,151.745,88.0
2024-04-09 23:32:00,FX:USDJPY,151.745,151.751,151.744,151.75,79.0
2024-04-09 23:33:00,FX:USDJPY,151.75,151.76,151.74699999999999,151.753,83.0
2024-04-09 23:34:00,FX:USDJPY,151.753,151.757,151.748,151.751,102.0
2024-04-09 23:35:00,FX:USDJPY,151.751,151.75199999999998,151.739,151.743,77.0
2024-04-09 23:36:00,FX:USDJPY,151.743,151.743,151.73399999999998,151.742,95.0
2024-04-09 23:37:00,FX:USDJPY,151.742,151.74699999999999,151.737,151.737,126.0
2024-04-09 23:38:00,FX:USDJPY,151.737,151.74599999999998,151.737,151.743,107.0
2024-04-09 23:39:00,FX:USDJPY,151.743,151.74699999999999,151.74099999999999,151.743,161.0
2024-04-09 23:40:00,FX:USDJPY,151.743,151.744,151.736,151.738,117.0
2024-04-09 23:41:00,FX:USDJPY,151.738,151.742,151.737,151.738,96.0
2024-04-09 23:42:00,FX:USDJPY,151.738,151.73999999999998,151.736,151.738,65.0
2024-04-09 23:43:00,FX:USDJPY,151.738,151.743,151.738,151.743,53.0
2024-04-09 23:44:00,FX:USDJPY,151.743,151.743,151.739,151.74099999999999,73.0
2024-04-09 23:45:00,FX:USDJPY,151.74099999999999,151.74699999999999,151.739,151.743,150.0
2024-04-09 23:46:00,FX:USDJPY,151.743,151.751,151.74099999999999,151.74699999999999,90.0
2024-04-09 23:47:00,FX:USDJPY,151.74699999999999,151.75,151.742,151.743,118.0
2024-04-09 23:48:00,FX:USDJPY,151.743,151.75,151.74099999999999,151.749,109.0
2024-04-09 23:49:00,FX:USDJPY,151.749,151.753,151.74599999999998,151.749,93.0
2024-04-09 23:50:00,FX:USDJPY,151.749,151.751,151.748,151.75,102.0
2024-04-09 23:51:00,FX:USDJPY,151.75,151.75,151.74599999999998,151.74699999999999,73.0
2024-04-09 23:52:00,FX:USDJPY,151.74699999999999,151.751,151.744,151.744,75.0
2024-04-09 23:53:00,FX:USDJPY,151.744,151.749,151.744,151.745,93.0
2024-04-09 23:54:00,FX:USDJPY,151.745,151.748,151.744,151.74599999999998,78.0
2024-04-09 23:55:00,FX:USDJPY,151.74599999999998,151.749,151.744,151.744,138.0
2024-04-09 23:56:00,FX:USDJPY,151.744,151.75199999999998,151.744,151.75,117.0
2024-04-09 23:57:00,FX:USDJPY,151.75,151.759,151.749,151.75199999999998,194.0
2024-04-09 23:58:00,FX:USDJPY,151.75199999999998,151.755,151.751,151.75199999999998,109.0
2024-04-09 23:59:00,FX:USDJPY,151.75199999999998,151.754,151.748,151.75199999999998,129.0
2024-04-10 00:00:00,FX:USDJPY,151.75199999999998,151.755,151.75,151.751,56.0
2024-04-10 00:01:00,FX:USDJPY,151.751,151.759,151.751,151.756,140.0
2024-04-10 00:02:00,FX:USDJPY,151.756,151.757,151.755,151.756,68.0
2024-04-10 00:03:00,FX:USDJPY,151.756,151.759,151.754,151.756,60.0
2024-04-10 00:04:00,FX:USDJPY,151.756,151.756,151.75,151.75199999999998,83.0
2024-04-10 00:05:00,FX:USDJPY,151.75199999999998,151.75199999999998,151.742,151.74699999999999,63.0
2024-04-10 00:06:00,FX:USDJPY,151.74699999999999,151.751,151.744,151.751,84.0
2024-04-10 00:07:00,FX:USDJPY,151.751,151.753,151.749,151.75,89.0
2024-04-10 00:08:00,FX:USDJPY,151.75,151.751,151.745,151.74599999999998,56.0
2024-04-10 00:09:00,FX:USDJPY,151.74599999999998,151.749,151.744,151.749,37.0
2024-04-10 00:10:00,FX:USDJPY,151.749,151.761,151.749,151.75199999999998,144.0
2024-04-10 00:11:00,FX:USDJPY,151.75199999999998,151.753,151.748,151.748,88.0
2024-04-10 00:12:00,FX:USDJPY,151.748,151.75199999999998,151.748,151.75199999999998,74.0
2024-04-10 00:13:00,FX:USDJPY,151.75199999999998,151.756,151.748,151.748,82.0
2024-04-10 00:14:00,FX:USDJPY,151.748,151.75,151.74699999999999,151.74699999999999,52.0
2024-04-10 00:15:00,FX:USDJPY,151.74699999999999,151.751,151.74699999999999,151.75,50.0
2024-04-10 00:16:00,FX:USDJPY,151.75,151.751,151.748,151.749,54.0
2024-04-10 00:17:00,FX:USDJPY,151.749,151.756,151.745,151.751,98.0
2024-04-10 00:18:00,FX:USDJPY,151.751,151.754,151.748,151.753,97.0
2024-04-10 00:19:00,FX:USDJPY,151.753,151.757,151.753,151.755,108.0
2024-04-10 00:20:00,FX:USDJPY,151.755,151.756,151.751,151.751,123.0
2024-04-10 00:21:00,FX:USDJPY,151.751,151.756,151.75,151.755,113.0
2024-04-10 00:22:00,FX:USDJPY,151.755,151.761,151.755,151.756,89.0
2024-04-10 00:23:00,FX:USDJPY,151.756,151.76999999999998,151.755,151.766,161.0
2024-04-10 00:24:00,FX:USDJPY,151.766,151.76999999999998,151.76399999999998,151.76899999999998,125.0
2024-04-10 00:25:00,FX:USDJPY,151.76899999999998,151.76899999999998,151.762,151.768,124.0
2024-04-10 00:26:00,FX:USDJPY,151.768,151.771,151.767,151.76899999999998,119.0
2024-04-10 00:27:00,FX:USDJPY,151.76899999999998,151.772,151.768,151.76999999999998,84.0
2024-04-10 00:28:00,FX:USDJPY,151.76999999999998,151.774,151.76999999999998,151.773,109.0
2024-04-10 00:29:00,FX:USDJPY,151.773,151.78099999999998,151.772,151.77599999999998,120.0
2024-04-10 00:30:00,FX:USDJPY,151.77599999999998,151.779,151.771,151.773,105.0
2024-04-10 00:31:00,FX:USDJPY,151.773,151.78199999999998,151.772,151.78,150.0
2024-04-10 00:32:00,FX:USDJPY,151.78,151.783,151.773,151.777,154.0
2024-04-10 00:33:00,FX:USDJPY,151.777,151.78199999999998,151.774,151.777,72.0
2024-04-10 00:34:00,FX:USDJPY,151.777,151.78099999999998,151.77599999999998,151.778,60.0
2024-04-10 00:35:00,FX:USDJPY,151.778,151.778,151.76999999999998,151.76999999999998,87.0
2024-04-10 00:36:00,FX:USDJPY,151.76999999999998,151.773,151.76999999999998,151.76999999999998,45.0
2024-04-10 00:37:00,FX:USDJPY,151.76999999999998,151.78099999999998,151.76999999999998,151.779,81.0
2024-04-10 00:38:00,FX:USDJPY,151.779,151.78,151.773,151.774,128.0
2024-04-10 00:39:00,FX:USDJPY,151.774,151.779,151.773,151.777,61.0
2024-04-10 00:40:00,FX:USDJPY,151.777,151.783,151.77599999999998,151.78099999999998,82.0
2024-04-10 00:41:00,FX:USDJPY,151.78099999999998,151.78199999999998,151.779,151.78,73.0
2024-04-10 00:42:00,FX:USDJPY,151.78,151.78099999999998,151.778,151.778,69.0
2024-04-10 00:43:00,FX:USDJPY,151.778,151.78199999999998,151.778,151.78099999999998,79.0
2024-04-10 00:44:00,FX:USDJPY,151.78099999999998,151.78199999999998,151.777,151.778,57.0
2024-04-10 00:45:00,FX:USDJPY,151.778,151.783,151.77599999999998,151.777,85.0
2024-04-10 00:46:00,FX:USDJPY,151.777,151.783,151.777,151.78099999999998,63.0
2024-04-10 00:47:00,FX:USDJPY,151.78099999999998,151.78099999999998,151.77499999999998,151.777,89.0
2024-04-10 00:48:00,FX:USDJPY,151.777,151.777,151.771,151.771,107.0
2024-04-10 00:49:00,FX:USDJPY,151.771,151.78,151.771,151.772,106.0
2024-04-10 00:50:00,FX:USDJPY,151.772,151.778,151.771,151.773,77.0
2024-04-10 00:51:00,FX:USDJPY,151.773,151.777,151.768,151.773,115.0
2024-04-10 00:52:00,FX:USDJPY,151.773,151.773,151.767,151.76999999999998,143.0
2024-04-10 00:53:00,FX:USDJPY,151.76999999999998,151.773,151.768,151.773,126.0
2024-04-10 00:54:00,FX:USDJPY,151.773,151.78,151.76999999999998,151.779,110.0
2024-04-10 00:55:00,FX:USDJPY,151.779,151.78199999999998,151.77499999999998,151.78099999999998,116.0
2024-04-10 00:56:00,FX:USDJPY,151.78099999999998,151.78699999999998,151.778,151.78099999999998,68.0
2024-04-10 00:57:00,FX:USDJPY,151.78099999999998,151.783,151.779,151.78199999999998,52.0
2024-04-10 00:58:00,FX:USDJPY,151.78199999999998,151.783,151.773,151.778,78.0
2024-04-10 00:59:00,FX:USDJPY,151.778,151.786,151.778,151.783,52.0
2024-04-10 01:00:00,FX:USDJPY,151.783,151.804,151.78099999999998,151.791,201.0
2024-04-10 01:01:00,FX:USDJPY,151.791,151.795,151.78699999999998,151.791,117.0
2024-04-10 01:02:00,FX:USDJPY,151.791,151.79399999999998,151.79,151.791,122.0
2024-04-10 01:03:00,FX:USDJPY,151.791,151.79399999999998,151.78699999999998,151.79299999999998,105.0
2024-04-10 01:04:00,FX:USDJPY,151.79299999999998,151.79399999999998,151.79,151.79299999999998,100.0
2024-04-10 01:05:00,FX:USDJPY,151.79299999999998,151.79299999999998,151.78699999999998,151.792,132.0
2024-04-10 01:06:00,FX:USDJPY,151.792,151.80499999999998,151.79,151.79899999999998,99.0
2024-04-10 01:07:00,FX:USDJPY,151.79899999999998,151.802,151.791,151.79299999999998,120.0
2024-04-10 01:08:00,FX:USDJPY,151.79299999999998,151.79399999999998,151.785,151.791,153.0
2024-04-10 01:09:00,FX:USDJPY,151.791,151.79399999999998,151.78799999999998,151.79299999999998,54.0
2024-04-10 01:10:00,FX:USDJPY,151.79299999999998,151.79399999999998,151.786,151.789,70.0
2024-04-10 01:11:00,FX:USDJPY,151.789,151.791,151.786,151.791,88.0
2024-04-10 01:12:00,FX:USDJPY,151.791,151.791,151.783,151.79,110.0
2024-04-10 01:13:00,FX:USDJPY,151.79,151.79399999999998,151.789,151.791,96.0
2024-04-10 01:14:00,FX:USDJPY,151.791,151.792,151.785,151.79,81.0
2024-04-10 01:15:00,FX:USDJPY,151.79,151.796,151.783,151.784,118.0
2024-04-10 01:16:00,FX:USDJPY,151.784,151.789,151.78099999999998,151.789,152.0
2024-04-10 01:17:00,FX:USDJPY,151.789,151.795,151.789,151.791,35.0
2024-04-10 01:18:00,FX:USDJPY,151.791,151.79399999999998,151.785,151.792,74.0
2024-04-10 01:19:00,FX:USDJPY,151.792,151.79399999999998,151.78199999999998,151.78799999999998,66.0
2024-04-10 01:20:00,FX:USDJPY,151.78799999999998,151.78799999999998,151.78099999999998,151.78099999999998,62.0
2024-04-10 01:21:00,FX:USDJPY,151.78099999999998,151.783,151.78,151.78199999999998,82.0
2024-04-10 01:22:00,FX:USDJPY,151.78199999999998,151.78699999999998,151.78099999999998,151.785,98.0
2024-04-10 01:23:00,FX:USDJPY,151.785,151.791,151.78099999999998,151.78099999999998,146.0
2024-04-10 01:24:00,FX:USDJPY,151.78099999999998,151.789,151.78,151.78199999999998,102.0
2024-04-10 01:25:00,FX:USDJPY,151.78199999999998,151.795,151.78099999999998,151.791,100.0
2024-04-10 01:26:00,FX:USDJPY,151.791,151.79399999999998,151.778,151.78,81.0
2024-04-10 01:27:00,FX:USDJPY,151.78,151.79399999999998,151.78,151.791,176.0
2024-04-10 01:28:00,FX:USDJPY,151.791,151.791,151.784,151.78799999999998,126.0
2024-04-10 01:29:00,FX:USDJPY,151.78799999999998,151.79299999999998,151.78699999999998,151.79299999999998,89.0
2024-04-10 01:30:00,FX:USDJPY,151.79299999999998,151.79299999999998,151.786,151.791,199.0
2024-04-10 01:31:00,FX:USDJPY,151.791,151.791,151.783,151.783,215.0
2024-04-10 01:32:00,FX:USDJPY,151.783,151.797,151.783,151.79299999999998,187.0
2024-04-10 01:33:00,FX:USDJPY,151.79299999999998,151.803,151.791,151.795,150.0
2024-04-10 01:34:00,FX:USDJPY,151.795,151.802,151.79399999999998,151.797,123.0
2024-04-10 01:35:00,FX:USDJPY,151.797,151.797,151.79,151.79299999999998,110.0
2024-04-10 01:36:00,FX:USDJPY,151.79299999999998,151.796,151.78699999999998,151.791,106.0
2024-04-10 01:37:00,FX:USDJPY,151.791,151.79299999999998,151.786,151.79,97.0
2024-04-10 01:38:00,FX:USDJPY,151.79,151.79399999999998,151.789,151.79399999999998,102.0
2024-04-10 01:39:00,FX:USDJPY,151.79399999999998,151.795,151.789,151.79,74.0
2024-04-10 01:40:00,FX:USDJPY,151.79,151.795,151.78699999999998,151.795,59.0
2024-04-10 01:41:00,FX:USDJPY,151.795,151.795,151.78199999999998,151.783,37.0
2024-04-10 01:42:00,FX:USDJPY,151.783,151.79,151.78099999999998,151.789,96.0
2024-04-10 01:43:00,FX:USDJPY,151.789,151.791,151.785,151.785,131.0
2024-04-10 01:44:00,FX:USDJPY,151.785,151.78799999999998,151.78,151.78099999999998,76.0
2024-04-10 01:45:00,FX:USDJPY,151.78099999999998,151.783,151.78,151.78199999999998,71.0
2024-04-10 01:46:00,FX:USDJPY,151.78199999999998,151.79299999999998,151.78,151.792,143.0
2024-04-10 01:47:00,FX:USDJPY,151.792,151.795,151.791,151.795,112.0
2024-04-10 01:48:00,FX:USDJPY,151.795,151.796,151.79,151.79299999999998,98.0
2024-04-10 01:49:00,FX:USDJPY,151.79299999999998,151.796,151.792,151.79399999999998,132.0
2024-04-10 01:50:00,FX:USDJPY,151.79399999999998,151.798,151.79299999999998,151.796,129.0
2024-04-10 01:51:00,FX:USDJPY,151.796,151.797,151.79299999999998,151.795,120.0
2024-04-10 01:52:00,FX:USDJPY,151.795,151.801,151.795,151.798,134.0
2024-04-10 01:53:00,FX:USDJPY,151.798,151.807,151.796,151.804,163.0
2024-04-10 01:54:00,FX:USDJPY,151.804,151.808,151.801,151.807,122.0
2024-04-10 01:55:00,FX:USDJPY,151.807,151.809,151.804,151.80499999999998,57.0
2024-04-10 01:56:00,FX:USDJPY,151.80499999999998,151.807,151.79999999999998,151.807,105.0
2024-04-10 01:57:00,FX:USDJPY,151.807,151.816,151.80599999999998,151.81099999999998,172.0
2024-04-10 01:58:00,FX:USDJPY,151.81099999999998,151.82,151.80599999999998,151.808,122.0
2024-04-10 01:59:00,FX:USDJPY,151.808,151.81,151.803,151.809,54.0
2024-04-10 02:00:00,FX:USDJPY,151.809,151.815,151.792,151.80499999999998,275.0
2024-04-10 02:01:00,FX:USDJPY,151.80499999999998,151.80499999999998,151.78699999999998,151.78699999999998,155.0
2024-04-10 02:02:00,FX:USDJPY,151.78699999999998,151.795,151.78699999999998,151.792,129.0
2024-04-10 02:03:00,FX:USDJPY,151.792,151.797,151.792,151.795,81.0
2024-04-10 02:04:00,FX:USDJPY,151.795,151.796,151.786,151.796,90.0
2024-04-10 02:05:00,FX:USDJPY,151.796,151.797,151.792,151.795,61.0
2024-04-10 02:06:00,FX:USDJPY,151.795,151.795,151.786,151.79399999999998,138.0
2024-04-10 02:07:00,FX:USDJPY,151.79399999999998,151.795,151.786,151.792,91.0
2024-04-10 02:08:00,FX:USDJPY,151.792,151.79299999999998,151.785,151.78699999999998,104.0
2024-04-10 02:09:00,FX:USDJPY,151.78699999999998,151.796,151.78699999999998,151.796,172.0
2024-04-10 02:10:00,FX:USDJPY,151.796,151.796,151.79399999999998,151.796,135.0
2024-04-10 02:11:00,FX:USDJPY,151.796,151.796,151.78199999999998,151.78799999999998,116.0
2024-04-10 02:12:00,FX:USDJPY,151.78799999999998,151.79,151.78699999999998,151.789,66.0
2024-04-10 02:13:00,FX:USDJPY,151.789,151.789,151.783,151.783,101.0
2024-04-10 02:14:00,FX:USDJPY,151.783,151.789,151.783,151.78799999999998,140.0
2024-04-10 02:15:00,FX:USDJPY,151.78799999999998,151.78799999999998,151.783,151.78799999999998,109.0
2024-04-10 02:16:00,FX:USDJPY,151.78799999999998,151.789,151.78199999999998,151.789,90.0
2024-04-10 02:17:00,FX:USDJPY,151.789,151.796,151.789,151.795,113.0
2024-04-10 02:18:00,FX:USDJPY,151.795,151.795,151.78799999999998,151.79,87.0
2024-04-10 02:19:00,FX:USDJPY,151.79,151.79,151.783,151.783,72.0
2024-04-10 02:20:00,FX:USDJPY,151.783,151.785,151.78199999999998,151.784,67.0
2024-04-10 02:21:00,FX:USDJPY,151.784,151.78799999999998,151.78,151.78799999999998,98.0
2024-04-10 02:22:00,FX:USDJPY,151.78799999999998,151.789,151.783,151.78699999999998,97.0
2024-04-10 02:23:00,FX:USDJPY,151.78699999999998,151.789,151.78199999999998,151.789,143.0
2024-04-10 02:24:00,FX:USDJPY,151.789,151.79,151.784,151.789,136.0
2024-04-10 02:25:00,FX:USDJPY,151.789,151.796,151.78699999999998,151.79399999999998,68.0
2024-04-10 02:26:00,FX:USDJPY,151.79399999999998,151.795,151.78799999999998,151.79399999999998,96.0
2024-04-10 02:27:00,FX:USDJPY,151.79399999999998,151.79999999999998,151.79299999999998,151.798,82.0
2024-04-10 02:28:00,FX:USDJPY,151.798,151.804,151.798,151.79899999999998,65.0
2024-04-10 02:29:00,FX:USDJPY,151.79899999999998,151.804,151.79299999999998,151.796,108.0
2024-04-10 02:30:00,FX:USDJPY,151.796,151.79899999999998,151.792,151.79899999999998,78.0
2024-04-10 02:31:00,FX:USDJPY,151.79899999999998,151.79899999999998,151.78099999999998,151.78199999999998,103.0
2024-04-10 02:32:00,FX:USDJPY,151.78199999999998,151.797,151.78199999999998,151.797,79.0
2024-04-10 02:33:00,FX:USDJPY,151.797,151.798,151.78099999999998,151.783,165.0
2024-04-10 02:34:00,FX:USDJPY,151.783,151.78699999999998,151.778,151.783,103.0
2024-04-10 02:35:00,FX:USDJPY,151.783,151.79299999999998,151.78199999999998,151.79,87.0
2024-04-10 02:36:00,FX:USDJPY,151.79,151.79399999999998,151.789,151.79399999999998,60.0
2024-04-10 02:37:00,FX:USDJPY,151.79399999999998,151.80599999999998,151.79299999999998,151.804,178.0
2024-04-10 02:38:00,FX:USDJPY,151.804,151.80499999999998,151.79999999999998,151.804,125.0
2024-04-10 02:39:00,FX:USDJPY,151.804,151.80599999999998,151.79999999999998,151.802,42.0
2024-04-10 02:40:00,FX:USDJPY,151.802,151.80599999999998,151.802,151.804,56.0
2024-04-10 02:41:00,FX:USDJPY,151.804,151.80599999999998,151.79299999999998,151.796,68.0
2024-04-10 02:42:00,FX:USDJPY,151.796,151.796,151.78699999999998,151.789,59.0
2024-04-10 02:43:00,FX:USDJPY,151.789,151.791,151.78099999999998,151.78099999999998,69.0
2024-04-10 02:44:00,FX:USDJPY,151.78099999999998,151.784,151.78099999999998,151.78199999999998,36.0
2024-04-10 02:45:00,FX:USDJPY,151.78199999999998,151.786,151.78,151.78099999999998,61.0
2024-04-10 02:46:00,FX:USDJPY,151.78099999999998,151.783,151.773,151.773,104.0
2024-04-10 02:47:00,FX:USDJPY,151.773,151.779,151.773,151.774,106.0
2024-04-10 02:48:00,FX:USDJPY,151.774,151.779,151.773,151.77599999999998,89.0
2024-04-10 02:49:00,FX:USDJPY,151.77599999999998,151.78199999999998,151.774,151.77599999999998,151.0
2024-04-10 02:50:00,FX:USDJPY,151.77599999999998,151.78099999999998,151.77599999999998,151.78,118.0
2024-04-10 02:51:00,FX:USDJPY,151.78,151.78199999999998,151.779,151.78099999999998,51.0
2024-04-10 02:52:00,FX:USDJPY,151.78099999999998,151.78199999999998,151.78,151.78099999999998,41.0
2024-04-10 02:53:00,FX:USDJPY,151.78099999999998,151.785,151.78099999999998,151.783,32.0
2024-04-10 02:54:00,FX:USDJPY,151.783,151.785,151.78099999999998,151.783,69.0
2024-04-10 02:55:00,FX:USDJPY,151.783,151.78699999999998,151.777,151.783,94.0
2024-04-10 02:56:00,FX:USDJPY,151.783,151.784,151.774,151.77499999999998,134.0
2024-04-10 02:57:00,FX:USDJPY,151.77499999999998,151.784,151.774,151.78199999999998,93.0
2024-04-10 02:58:00,FX:USDJPY,151.78199999999998,151.78699999999998,151.77499999999998,151.78099999999998,148.0
2024-04-10 02:59:00,FX:USDJPY,151.78099999999998,151.78199999999998,151.77599999999998,151.779,145.0
2024-04-10 03:00:00,FX:USDJPY,151.779,151.792,151.778,151.783,129.0
2024-04-10 03:01:00,FX:USDJPY,151.783,151.79,151.78199999999998,151.784,152.0
2024-04-10 03:02:00,FX:USDJPY,151.784,151.78799999999998,151.783,151.78699999999998,97.0
2024-04-10 03:03:00,FX:USDJPY,151.78699999999998,151.78799999999998,151.78199999999998,151.78199999999998,122.0
2024-04-10 03:04:00,FX:USDJPY,151.78199999999998,151.78699999999998,151.78199999999998,151.785,90.0
2024-04-10 03:05:00,FX:USDJPY,151.785,151.78799999999998,151.783,151.784,106.0
2024-04-10 03:06:00,FX:USDJPY,151.784,151.786,151.78199999999998,151.784,77.0
2024-04-10 03:07:00,FX:USDJPY,151.784,151.796,151.78199999999998,151.792,125.0
2024-04-10 03:08:00,FX:USDJPY,151.792,151.792,151.784,151.78799999999998,120.0
2024-04-10 03:09:00,FX:USDJPY,151.78799999999998,151.79399999999998,151.783,151.79,135.0
2024-04-10 03:10:00,FX:USDJPY,151.79,151.79299999999998,151.78799999999998,151.78799999999998,105.0
2024-04-10 03:11:00,FX:USDJPY,151.78799999999998,151.79399999999998,151.786,151.79299999999998,126.0
2024-04-10 03:12:00,FX:USDJPY,151.79299999999998,151.804,151.792,151.797,114.0
2024-04-10 03:13:00,FX:USDJPY,151.797,151.809,151.797,151.80599999999998,69.0
2024-04-10 03:14:00,FX:USDJPY,151.80599999999998,151.808,151.802,151.802,70.0
2024-04-10 03:15:00,FX:USDJPY,151.802,151.802,151.792,151.797,124.0
2024-04-10 03:16:00,FX:USDJPY,151.797,151.808,151.797,151.80499999999998,84.0
2024-04-10 03:17:00,FX:USDJPY,151.80499999999998,151.808,151.80499999999998,151.807,37.0
2024-04-10 03:18:00,FX:USDJPY,151.807,151.807,151.803,151.804,66.0
2024-04-10 03:19:00,FX:USDJPY,151.804,151.808,151.803,151.807,64.0
2024-04-10 03:20:00,FX:USDJPY,151.807,151.81,151.807,151.807,56.0
2024-04-10 03:21:00,FX:USDJPY,151.807,151.808,151.798,151.79899999999998,62.0
2024-04-10 03:22:00,FX:USDJPY,151.79899999999998,151.79999999999998,151.79399999999998,151.79899999999998,76.0
2024-04-10 03:23:00,FX:USDJPY,151.79899999999998,151.807,151.79899999999998,151.79999999999998,156.0
2024-04-10 03:24:00,FX:USDJPY,151.79999999999998,151.801,151.797,151.798,130.0
2024-04-10 03:25:00,FX:USDJPY,151.798,151.79899999999998,151.797,151.798,111.0
2024-04-10 03:26:00,FX:USDJPY,151.798,151.79999999999998,151.795,151.795,91.0
2024-04-10 03:27:00,FX:USDJPY,151.795,151.795,151.791,151.791,145.0
2024-04-10 03:28:00,FX:USDJPY,151.791,151.79299999999998,151.786,151.78799999999998,134.0
2024-04-10 03:29:00,FX:USDJPY,151.78799999999998,151.795,151.78699999999998,151.79399999999998,139.0
2024-04-10 03:30:00,FX:USDJPY,151.79399999999998,151.81799999999998,151.79299999999998,151.81699999999998,160.0
2024-04-10 03:31:00,FX:USDJPY,151.81699999999998,151.82,151.81,151.816,171.0
2024-04-10 03:32:00,FX:USDJPY,151.816,151.819,151.814,151.816,110.0
2024-04-10 03:33:00,FX:USDJPY,151.816,151.816,151.80499999999998,151.807,67.0
2024-04-10 03:34:00,FX:USDJPY,151.807,151.809,151.804,151.807,53.0
2024-04-10 03:35:00,FX:USDJPY,151.807,151.807,151.804,151.80499999999998,45.0
2024-04-10 03:36:00,FX:USDJPY,151.80499999999998,151.808,151.80499999999998,151.80599999999998,42.0
2024-04-10 03:37:00,FX:USDJPY,151.80599999999998,151.808,151.801,151.807,70.0
2024-04-10 03:38:00,FX:USDJPY,151.807,151.816,151.807,151.816,97.0
2024-04-10 03:39:00,FX:USDJPY,151.816,151.833,151.815,151.81799999999998,142.0
2024-04-10 03:40:00,FX:USDJPY,151.81799999999998,151.821,151.814,151.81799999999998,74.0
2024-04-10 03:41:00,FX:USDJPY,151.81799999999998,151.83499999999998,151.81699999999998,151.827,115.0
2024-04-10 03:42:00,FX:USDJPY,151.827,151.833,151.827,151.828,104.0
2024-04-10 03:43:00,FX:USDJPY,151.828,151.83499999999998,151.828,151.832,62.0
2024-04-10 03:44:00,FX:USDJPY,151.832,151.834,151.828,151.831,77.0
2024-04-10 03:45:00,FX:USDJPY,151.831,151.831,151.827,151.831,79.0
2024-04-10 03:46:00,FX:USDJPY,151.831,151.84199999999998,151.82999999999998,151.837,159.0
2024-04-10 03:47:00,FX:USDJPY,151.837,151.844,151.834,151.839,111.0
2024-04-10 03:48:00,FX:USDJPY,151.839,151.84,151.832,151.83499999999998,50.0
2024-04-10 03:49:00,FX:USDJPY,151.83499999999998,151.83499999999998,151.826,151.826,69.0
2024-04-10 03:50:00,FX:USDJPY,151.826,151.827,151.82,151.826,127.0
2024-04-10 03:51:00,FX:USDJPY,151.826,151.826,151.816,151.82,87.0
2024-04-10 03:52:00,FX:USDJPY,151.82,151.826,151.81799999999998,151.821,94.0
2024-04-10 03:53:00,FX:USDJPY,151.821,151.827,151.814,151.819,84.0
2024-04-10 03:54:00,FX:USDJPY,151.819,151.821,151.81699999999998,151.821,62.0
2024-04-10 03:55:00,FX:USDJPY,151.821,151.825,151.82,151.821,82.0
2024-04-10 03:56:00,FX:USDJPY,151.821,151.822,151.81799999999998,151.82,78.0
2024-04-10 03:57:00,FX:USDJPY,151.82,151.822,151.81799999999998,151.82,77.0
2024-04-10 03:58:00,FX:USDJPY,151.82,151.834,151.82,151.831,112.0
2024-04-10 03:59:00,FX:USDJPY,151.831,151.843,151.831,151.84099999999998,71.0
2024-04-10 04:00:00,FX:USDJPY,151.84099999999998,151.84099999999998,151.831,151.83599999999998,141.0
2024-04-10 04:01:00,FX:USDJPY,151.83599999999998,151.839,151.83499999999998,151.83599999999998,93.0
2024-04-10 04:02:00,FX:USDJPY,151.83599999999998,151.837,151.83499999999998,151.83599999999998,50.0
2024-04-10 04:03:00,FX:USDJPY,151.83599999999998,151.84099999999998,151.83499999999998,151.837,90.0
2024-04-10 04:04:00,FX:USDJPY,151.837,151.838,151.834,151.837,81.0
2024-04-10 04:05:00,FX:USDJPY,151.837,151.84099999999998,151.83599999999998,151.837,91.0
2024-04-10 04:06:00,FX:USDJPY,151.837,151.837,151.826,151.827,43.0
2024-04-10 04:07:00,FX:USDJPY,151.827,151.839,151.827,151.82999999999998,108.0
2024-04-10 04:08:00,FX:USDJPY,151.82999999999998,151.837,151.82899999999998,151.831,84.0
2024-04-10 04:09:00,FX:USDJPY,151.831,151.838,151.82899999999998,151.82999999999998,106.0
2024-04-10 04:10:00,FX:USDJPY,151.82999999999998,151.833,151.82899999999998,151.831,55.0
2024-04-10 04:11:00,FX:USDJPY,151.831,151.832,151.82999999999998,151.82999999999998,68.0
2024-04-10 04:12:00,FX:USDJPY,151.82999999999998,151.834,151.82999999999998,151.832,73.0
2024-04-10 04:13:00,FX:USDJPY,151.832,151.843,151.832,151.843,118.0
2024-04-10 04:14:00,FX:USDJPY,151.843,151.851,151.843,151.843,160.0
2024-04-10 04:15:00,FX:USDJPY,151.843,151.85,151.84,151.84699999999998,109.0
2024-04-10 04:16:00,FX:USDJPY,151.84699999999998,151.85,151.846,151.84799999999998,83.0
2024-04-10 04:17:00,FX:USDJPY,151.84799999999998,151.85399999999998,151.844,151.84699999999998,129.0
2024-04-10 04:18:00,FX:USDJPY,151.84699999999998,151.84799999999998,151.845,151.846,67.0
2024-04-10 04:19:00,FX:USDJPY,151.846,151.861,151.846,151.85299999999998,119.0
2024-04-10 04:20:00,FX:USDJPY,151.85299999999998,151.855,151.851,151.852,96.0
2024-04-10 04:21:00,FX:USDJPY,151.852,151.861,151.851,151.85999999999999,111.0
2024-04-10 04:22:00,FX:USDJPY,151.85999999999999,151.86499999999998,151.858,151.864,122.0
2024-04-10 04:23:00,FX:USDJPY,151.864,151.86499999999998,151.85899999999998,151.85899999999998,128.0
2024-04-10 04:24:00,FX:USDJPY,151.85899999999998,151.863,151.857,151.863,140.0
2024-04-10 04:25:00,FX:USDJPY,151.863,151.867,151.863,151.864,92.0
2024-04-10 04:26:00,FX:USDJPY,151.864,151.86499999999998,151.856,151.856,162.0
2024-04-10 04:27:00,FX:USDJPY,151.856,151.858,151.845,151.851,148.0
2024-04-10 04:28:00,FX:USDJPY,151.851,151.85399999999998,151.846,151.85399999999998,110.0
2024-04-10 04:29:00,FX:USDJPY,151.85399999999998,151.856,151.85399999999998,151.855,72.0
2024-04-10 04:30:00,FX:USDJPY,151.855,151.85899999999998,151.85299999999998,151.856,109.0
2024-04-10 04:31:00,FX:USDJPY,151.856,151.857,151.852,151.85299999999998,88.0
2024-04-10 04:32:00,FX:USDJPY,151.85299999999998,151.85399999999998,151.84799999999998,151.852,63.0
2024-04-10 04:33:00,FX:USDJPY,151.852,151.85899999999998,151.852,151.85299999999998,120.0
2024-04-10 04:34:00,FX:USDJPY,151.85299999999998,151.863,151.85299999999998,151.863,157.0
2024-04-10 04:35:00,FX:USDJPY,151.863,151.874,151.85999999999999,151.874,243.0
2024-04-10 04:36:00,FX:USDJPY,151.874,151.876,151.867,151.87,129.0
2024-04-10 04:37:00,FX:USDJPY,151.87,151.87199999999999,151.86499999999998,151.86599999999999,167.0
2024-04-10 04:38:00,FX:USDJPY,151.86599999999999,151.87,151.862,151.86499999999998,161.0
2024-04-10 04:39:00,FX:USDJPY,151.86499999999998,151.86499999999998,151.856,151.858,151.0
2024-04-10 04:40:00,FX:USDJPY,151.858,151.862,151.857,151.85999999999999,133.0
2024-04-10 04:41:00,FX:USDJPY,151.85999999999999,151.861,151.856,151.85899999999998,97.0
2024-04-10 04:42:00,FX:USDJPY,151.85899999999998,151.86499999999998,151.856,151.86499999999998,125.0
2024-04-10 04:43:00,FX:USDJPY,151.86499999999998,151.874,151.862,151.87099999999998,96.0
2024-04-10 04:44:00,FX:USDJPY,151.87099999999998,151.886,151.87,151.873,161.0
2024-04-10 04:45:00,FX:USDJPY,151.873,151.882,151.87099999999998,151.875,82.0
2024-04-10 04:46:00,FX:USDJPY,151.875,151.876,151.87199999999999,151.87199999999999,88.0
2024-04-10 04:47:00,FX:USDJPY,151.87199999999999,151.874,151.87099999999998,151.873,86.0
2024-04-10 04:48:00,FX:USDJPY,151.873,151.874,151.87,151.873,82.0
2024-04-10 04:49:00,FX:USDJPY,151.873,151.874,151.867,151.87099999999998,79.0
2024-04-10 04:50:00,FX:USDJPY,151.87099999999998,151.87099999999998,151.845,151.845,148.0
2024-04-10 04:51:00,FX:USDJPY,151.845,151.858,151.845,151.857,110.0
2024-04-10 04:52:00,FX:USDJPY,151.857,151.864,151.857,151.85999999999999,101.0
2024-04-10 04:53:00,FX:USDJPY,151.85999999999999,151.863,151.849,151.851,125.0
2024-04-10 04:54:00,FX:USDJPY,151.851,151.85899999999998,151.85,151.857,84.0
2024-04-10 04:55:00,FX:USDJPY,151.857,151.861,151.855,151.855,79.0
2024-04-10 04:56:00,FX:USDJPY,151.855,151.857,151.845,151.84699999999998,96.0
2024-04-10 04:57:00,FX:USDJPY,151.84699999999998,151.85,151.846,151.849,64.0
2024-04-10 04:58:00,FX:USDJPY,151.849,151.851,151.845,151.84699999999998,91.0
2024-04-10 04:59:00,FX:USDJPY,151.84699999999998,151.851,151.84699999999998,151.851,82.0
2024-04-10 05:00:00,FX:USDJPY,151.851,151.864,151.851,151.855,97.0
2024-04-10 05:01:00,FX:USDJPY,151.855,151.87,151.85299999999998,151.868,117.0
2024-04-10 05:02:00,FX:USDJPY,151.868,151.87,151.863,151.867,117.0
2024-04-10 05:03:00,FX:USDJPY,151.867,151.873,151.86499999999998,151.87099999999998,152.0
2024-04-10 05:04:00,FX:USDJPY,151.87099999999998,151.87199999999999,151.85399999999998,151.85999999999999,106.0
2024-04-10 05:05:00,FX:USDJPY,151.85999999999999,151.862,151.855,151.856,34.0
2024-04-10 05:06:00,FX:USDJPY,151.856,151.857,151.846,151.84799999999998,69.0
2024-04-10 05:07:00,FX:USDJPY,151.84799999999998,151.851,151.845,151.85,57.0
2024-04-10 05:08:00,FX:USDJPY,151.85,151.855,151.849,151.855,73.0
2024-04-10 05:09:00,FX:USDJPY,151.855,151.864,151.85399999999998,151.85899999999998,72.0
2024-04-10 05:10:00,FX:USDJPY,151.85899999999998,151.863,151.856,151.858,79.0
2024-04-10 05:11:00,FX:USDJPY,151.858,151.858,151.85299999999998,151.857,93.0
2024-04-10 05:12:00,FX:USDJPY,151.857,151.861,151.857,151.861,79.0
2024-04-10 05:13:00,FX:USDJPY,151.861,151.868,151.857,151.85899999999998,86.0
2024-04-10 05:14:00,FX:USDJPY,151.85899999999998,151.867,151.856,151.864,163.0
2024-04-10 05:15:00,FX:USDJPY,151.864,151.86599999999999,151.857,151.858,111.0
2024-04-10 05:16:00,FX:USDJPY,151.858,151.864,151.858,151.863,110.0
2024-04-10 05:17:00,FX:USDJPY,151.863,151.864,151.858,151.85899999999998,105.0
2024-04-10 05:18:00,FX:USDJPY,151.85899999999998,151.85999999999999,151.856,151.858,74.0
2024-04-10 05:19:00,FX:USDJPY,151.858,151.85899999999998,151.856,151.857,61.0
2024-04-10 05:20:00,FX:USDJPY,151.857,151.857,151.84699999999998,151.84799999999998,108.0
2024-04-10 05:21:00,FX:USDJPY,151.84799999999998,151.852,151.84799999999998,151.852,46.0
2024-04-10 05:22:00,FX:USDJPY,151.852,151.858,151.849,151.85,122.0
2024-04-10 05:23:00,FX:USDJPY,151.85,151.85299999999998,151.85,151.85299999999998,59.0
2024-04-10 05:24:00,FX:USDJPY,151.85299999999998,151.85299999999998,151.849,151.85,76.0
2024-04-10 05:25:00,FX:USDJPY,151.85,151.862,151.85,151.862,118.0
2024-04-10 05:26:00,FX:USDJPY,151.862,151.863,151.85899999999998,151.85999999999999,69.0
2024-04-10 05:27:00,FX:USDJPY,151.85999999999999,151.863,151.858,151.85899999999998,139.0
2024-04-10 05:28:00,FX:USDJPY,151.85899999999998,151.867,151.85899999999998,151.85899999999998,144.0
2024-04-10 05:29:00,FX:USDJPY,151.85899999999998,151.862,151.856,151.85899999999998,180.0
2024-04-10 05:30:00,FX:USDJPY,151.85899999999998,151.873,151.858,151.87,147.0
2024-04-10 05:31:00,FX:USDJPY,151.87,151.873,151.86499999999998,151.869,125.0
2024-04-10 05:32:00,FX:USDJPY,151.869,151.87099999999998,151.861,151.863,198.0
2024-04-10 05:33:00,FX:USDJPY,151.863,151.863,151.852,151.858,120.0
2024-04-10 05:34:00,FX:USDJPY,151.858,151.861,151.856,151.856,101.0
2024-04-10 05:35:00,FX:USDJPY,151.856,151.862,151.856,151.85899999999998,127.0
2024-04-10 05:36:00,FX:USDJPY,151.85899999999998,151.864,151.858,151.85999999999999,89.0
2024-04-10 05:37:00,FX:USDJPY,151.85999999999999,151.862,151.858,151.858,78.0
2024-04-10 05:38:00,FX:USDJPY,151.858,151.858,151.844,151.85,84.0
2024-04-10 05:39:00,FX:USDJPY,151.85,151.851,151.846,151.846,36.0
2024-04-10 05:40:00,FX:USDJPY,151.846,151.84799999999998,151.837,151.839,54.0
2024-04-10 05:41:00,FX:USDJPY,151.839,151.846,151.832,151.838,92.0
2024-04-10 05:42:00,FX:USDJPY,151.838,151.838,151.83599999999998,151.837,73.0
2024-04-10 05:43:00,FX:USDJPY,151.837,151.839,151.83599999999998,151.837,44.0
2024-04-10 05:44:00,FX:USDJPY,151.837,151.837,151.833,151.83599999999998,59.0
2024-04-10 05:45:00,FX:USDJPY,151.83599999999998,151.838,151.833,151.834,57.0
2024-04-10 05:46:00,FX:USDJPY,151.834,151.838,151.834,151.837,46.0
2024-04-10 05:47:00,FX:USDJPY,151.837,151.838,151.834,151.838,37.0
2024-04-10 05:48:00,FX:USDJPY,151.838,151.838,151.83499999999998,151.83599999999998,25.0
2024-04-10 05:49:00,FX:USDJPY,151.83599999999998,151.838,151.83599999999998,151.837,20.0
2024-04-10 05:50:00,FX:USDJPY,151.837,151.838,151.83599999999998,151.83599999999998,30.0
2024-04-10 05:51:00,FX:USDJPY,151.83599999999998,151.84199999999998,151.83499999999998,151.83599999999998,62.0
2024-04-10 05:52:00,FX:USDJPY,151.83599999999998,151.838,151.834,151.83499999999998,72.0
2024-04-10 05:53:00,FX:USDJPY,151.83499999999998,151.849,151.83499999999998,151.84799999999998,102.0
2024-04-10 05:54:00,FX:USDJPY,151.84799999999998,151.852,151.84799999999998,151.85,77.0
2024-04-10 05:55:00,FX:USDJPY,151.85,151.851,151.843,151.846,90.0
2024-04-10 05:56:00,FX:USDJPY,151.846,151.852,151.845,151.84699999999998,58.0
2024-04-10 05:57:00,FX:USDJPY,151.84699999999998,151.85299999999998,151.846,151.851,89.0
2024-04-10 05:58:00,FX:USDJPY,151.851,151.858,151.85,151.858,113.0
2024-04-10 05:59:00,FX:USDJPY,151.858,151.85999999999999,151.852,151.858,100.0
2024-04-10 06:00:00,FX:USDJPY,151.858,151.864,151.851,151.85299999999998,104.0
2024-04-10 06:01:00,FX:USDJPY,151.85299999999998,151.85899999999998,151.85,151.858,117.0
2024-04-10 06:02:00,FX:USDJPY,151.858,151.85999999999999,151.856,151.857,128.0
2024-04-10 06:03:00,FX:USDJPY,151.857,151.85899999999998,151.85399999999998,151.857,133.0
2024-04-10 06:04:00,FX:USDJPY,151.857,151.85899999999998,151.85,151.851,101.0
2024-04-10 06:05:00,FX:USDJPY,151.851,151.85399999999998,151.85,151.851,67.0
2024-04-10 06:06:00,FX:USDJPY,151.851,151.858,151.84799999999998,151.85299999999998,129.0
2024-04-10 06:07:00,FX:USDJPY,151.85299999999998,151.868,151.85,151.863,99.0
2024-04-10 06:08:00,FX:USDJPY,151.863,151.86599999999999,151.858,151.863,68.0
2024-04-10 06:09:00,FX:USDJPY,151.863,151.87,151.857,151.861,116.0
2024-04-10 06:10:00,FX:USDJPY,151.861,151.861,151.85,151.85,93.0
2024-04-10 06:11:00,FX:USDJPY,151.85,151.851,151.845,151.846,64.0
2024-04-10 06:12:00,FX:USDJPY,151.846,151.84699999999998,151.83599999999998,151.844,131.0
2024-04-10 06:13:00,FX:USDJPY,151.844,151.849,151.84,151.84,115.0
2024-04-10 06:14:00,FX:USDJPY,151.84,151.84099999999998,151.837,151.837,105.0
2024-04-10 06:15:00,FX:USDJPY,151.837,151.837,151.826,151.827,113.0
2024-04-10 06:16:00,FX:USDJPY,151.827,151.82899999999998,151.827,151.828,94.0
2024-04-10 06:17:00,FX:USDJPY,151.828,151.83599999999998,151.826,151.828,88.0
2024-04-10 06:18:00,FX:USDJPY,151.828,151.83499999999998,151.826,151.831,100.0
2024-04-10 06:19:00,FX:USDJPY,151.831,151.83499999999998,151.828,151.82999999999998,123.0
2024-04-10 06:20:00,FX:USDJPY,151.82999999999998,151.831,151.827,151.82899999999998,94.0
2024-04-10 06:21:00,FX:USDJPY,151.82899999999998,151.834,151.826,151.82999999999998,55.0
2024-04-10 06:22:00,FX:USDJPY,151.82999999999998,151.833,151.827,151.831,93.0
2024-04-10 06:23:00,FX:USDJPY,151.831,151.839,151.831,151.83499999999998,151.0
2024-04-10 06:24:00,FX:USDJPY,151.83499999999998,151.83599999999998,151.825,151.828,76.0
2024-04-10 06:25:00,FX:USDJPY,151.828,151.838,151.828,151.831,118.0
2024-04-10 06:26:00,FX:USDJPY,151.831,151.834,151.827,151.827,91.0
2024-04-10 06:27:00,FX:USDJPY,151.827,151.82999999999998,151.826,151.826,75.0
2024-04-10 06:28:00,FX:USDJPY,151.826,151.826,151.819,151.822,117.0
2024-04-10 06:29:00,FX:USDJPY,151.822,151.82299999999998,151.808,151.81099999999998,157.0
2024-04-10 06:30:00,FX:USDJPY,151.81099999999998,151.82,151.81,151.82,108.0
2024-04-10 06:31:00,FX:USDJPY,151.82,151.821,151.816,151.82,106.0
2024-04-10 06:32:00,FX:USDJPY,151.82,151.82399999999998,151.82,151.82299999999998,117.0
2024-04-10 06:33:00,FX:USDJPY,151.82299999999998,151.82399999999998,151.82,151.822,212.0
2024-04-10 06:34:00,FX:USDJPY,151.822,151.82299999999998,151.81199999999998,151.814,102.0
2024-04-10 06:35:00,FX:USDJPY,151.814,151.82399999999998,151.814,151.819,131.0
2024-04-10 06:36:00,FX:USDJPY,151.819,151.82999999999998,151.816,151.827,101.0
2024-04-10 06:37:00,FX:USDJPY,151.827,151.82899999999998,151.821,151.82399999999998,86.0
2024-04-10 06:38:00,FX:USDJPY,151.82399999999998,151.828,151.82299999999998,151.828,44.0
2024-04-10 06:39:00,FX:USDJPY,151.828,151.839,151.828,151.832,101.0
2024-04-10 06:40:00,FX:USDJPY,151.832,151.833,151.827,151.828,76.0
2024-04-10 06:41:00,FX:USDJPY,151.828,151.82899999999998,151.82299999999998,151.82299999999998,55.0
2024-04-10 06:42:00,FX:USDJPY,151.82299999999998,151.82899999999998,151.82299999999998,151.828,65.0
2024-04-10 06:43:00,FX:USDJPY,151.828,151.83599999999998,151.828,151.834,55.0
2024-04-10 06:44:00,FX:USDJPY,151.834,151.834,151.826,151.82899999999998,65.0
2024-04-10 06:45:00,FX:USDJPY,151.82899999999998,151.833,151.825,151.833,99.0
2024-04-10 06:46:00,FX:USDJPY,151.833,151.833,151.826,151.82899999999998,98.0
2024-04-10 06:47:00,FX:USDJPY,151.82899999999998,151.831,151.827,151.82899999999998,96.0
2024-04-10 06:48:00,FX:USDJPY,151.82899999999998,151.832,151.828,151.831,55.0
2024-04-10 06:49:00,FX:USDJPY,151.831,151.834,151.828,151.831,80.0
2024-04-10 06:50:00,FX:USDJPY,151.831,151.83599999999998,151.82999999999998,151.834,99.0
2024-04-10 06:51:00,FX:USDJPY,151.834,151.839,151.832,151.833,86.0
2024-04-10 06:52:00,FX:USDJPY,151.833,151.839,151.833,151.834,139.0
2024-04-10 06:53:00,FX:USDJPY,151.834,151.83599999999998,151.832,151.833,87.0
2024-04-10 06:54:00,FX:USDJPY,151.833,151.83499999999998,151.821,151.827,95.0
2024-04-10 06:55:00,FX:USDJPY,151.827,151.834,151.827,151.834,63.0
2024-04-10 06:56:00,FX:USDJPY,151.834,151.83499999999998,151.831,151.833,82.0
2024-04-10 06:57:00,FX:USDJPY,151.833,151.83499999999998,151.832,151.833,103.0
2024-04-10 06:58:00,FX:USDJPY,151.833,151.83499999999998,151.832,151.834,39.0
2024-04-10 06:59:00,FX:USDJPY,151.834,151.83499999999998,151.833,151.83499999999998,46.0
2024-04-10 07:00:00,FX:USDJPY,151.83499999999998,151.83499999999998,151.828,151.82999999999998,46.0
2024-04-10 07:01:00,FX:USDJPY,151.82999999999998,151.831,151.82899999999998,151.82999999999998,48.0
2024-04-10 07:02:00,FX:USDJPY,151.82999999999998,151.833,151.82899999999998,151.831,100.0
2024-04-10 07:03:00,FX:USDJPY,151.831,151.831,151.828,151.82999999999998,65.0
2024-04-10 07:04:00,FX:USDJPY,151.82999999999998,151.82999999999998,151.81699999999998,151.821,108.0
2024-04-10 07:05:00,FX:USDJPY,151.821,151.821,151.816,151.81699999999998,99.0
2024-04-10 07:06:00,FX:USDJPY,151.81699999999998,151.819,151.816,151.81799999999998,70.0
2024-04-10 07:07:00,FX:USDJPY,151.81799999999998,151.819,151.815,151.81699999999998,86.0
2024-04-10 07:08:00,FX:USDJPY,151.81699999999998,151.825,151.816,151.822,82.0
2024-04-10 07:09:00,FX:USDJPY,151.822,151.82299999999998,151.81699999999998,151.81799999999998,84.0
2024-04-10 07:10:00,FX:USDJPY,151.81799999999998,151.819,151.81699999999998,151.819,66.0
2024-04-10 07:11:00,FX:USDJPY,151.819,151.828,151.819,151.822,149.0
2024-04-10 07:12:00,FX:USDJPY,151.822,151.82999999999998,151.821,151.82299999999998,96.0
2024-04-10 07:13:00,FX:USDJPY,151.82299999999998,151.82299999999998,151.821,151.822,53.0
2024-04-10 07:14:00,FX:USDJPY,151.822,151.831,151.822,151.831,121.0
2024-04-10 07:15:00,FX:USDJPY,151.831,151.84,151.831,151.84,92.0
2024-04-10 07:16:00,FX:USDJPY,151.84,151.84,151.833,151.834,82.0
2024-04-10 07:17:00,FX:USDJPY,151.834,151.845,151.833,151.844,64.0
2024-04-10 07:18:00,FX:USDJPY,151.844,151.845,151.84199999999998,151.845,54.0
2024-04-10 07:19:00,FX:USDJPY,151.845,151.845,151.84199999999998,151.844,54.0
2024-04-10 07:20:00,FX:USDJPY,151.844,151.846,151.844,151.845,52.0
2024-04-10 07:21:00,FX:USDJPY,151.845,151.856,151.844,151.856,62.0
2024-04-10 07:22:00,FX:USDJPY,151.856,151.856,151.85399999999998,151.855,31.0
2024-04-10 07:23:00,FX:USDJPY,151.855,151.855,151.851,151.85299999999998,69.0
2024-04-10 07:24:00,FX:USDJPY,151.85299999999998,151.85299999999998,151.84699999999998,151.852,58.0
2024-04-10 07:25:00,FX:USDJPY,151.852,151.85299999999998,151.851,151.852,35.0
2024-04-10 07:26:00,FX:USDJPY,151.852,151.85299999999998,151.844,151.84699999999998,95.0
2024-04-10 07:27:00,FX:USDJPY,151.84699999999998,151.84699999999998,151.831,151.834,153.0
2024-04-10 07:28:00,FX:USDJPY,151.834,151.84099999999998,151.833,151.84,100.0
2024-04-10 07:29:00,FX:USDJPY,151.84,151.84,151.83599999999998,151.84,102.0
2024-04-10 07:30:00,FX:USDJPY,151.84,151.84,151.827,151.834,160.0
2024-04-10 07:31:00,FX:USDJPY,151.834,151.845,151.833,151.843,127.0
2024-04-10 07:32:00,FX:USDJPY,151.843,151.846,151.831,151.833,111.0
2024-04-10 07:33:00,FX:USDJPY,151.833,151.834,151.827,151.828,52.0
2024-04-10 07:34:00,FX:USDJPY,151.828,151.832,151.828,151.82899999999998,70.0
2024-04-10 07:35:00,FX:USDJPY,151.82899999999998,151.82999999999998,151.821,151.826,91.0
2024-04-10 07:36:00,FX:USDJPY,151.826,151.831,151.825,151.82999999999998,80.0
2024-04-10 07:37:00,FX:USDJPY,151.82999999999998,151.84099999999998,151.82899999999998,151.84,83.0
2024-04-10 07:38:00,FX:USDJPY,151.84,151.846,151.839,151.846,48.0
2024-04-10 07:39:00,FX:USDJPY,151.846,151.84699999999998,151.838,151.838,41.0
2024-04-10 07:40:00,FX:USDJPY,151.838,151.846,151.83599999999998,151.845,139.0
2024-04-10 07:41:00,FX:USDJPY,151.845,151.846,151.833,151.83499999999998,101.0
2024-04-10 07:42:00,FX:USDJPY,151.83499999999998,151.83499999999998,151.828,151.832,78.0
2024-04-10 07:43:00,FX:USDJPY,151.832,151.834,151.828,151.833,76.0
2024-04-10 07:44:00,FX:USDJPY,151.833,151.834,151.827,151.833,84.0
2024-04-10 07:45:00,FX:USDJPY,151.833,151.833,151.81799999999998,151.825,86.0
2024-04-10 07:46:00,FX:USDJPY,151.825,151.825,151.821,151.822,92.0
2024-04-10 07:47:00,FX:USDJPY,151.822,151.825,151.82,151.82299999999998,88.0
2024-04-10 07:48:00,FX:USDJPY,151.82299999999998,151.82899999999998,151.82,151.826,152.0
2024-04-10 07:49:00,FX:USDJPY,151.826,151.827,151.82,151.827,108.0
2024-04-10 07:50:00,FX:USDJPY,151.827,151.834,151.825,151.833,112.0
2024-04-10 07:51:00,FX:USDJPY,151.833,151.84199999999998,151.832,151.834,176.0
2024-04-10 07:52:00,FX:USDJPY,151.834,151.84,151.834,151.839,159.0
2024-04-10 07:53:00,FX:USDJPY,151.839,151.84699999999998,151.838,151.845,85.0
2024-04-10 07:54:00,FX:USDJPY,151.845,151.852,151.843,151.845,163.0
2024-04-10 07:55:00,FX:USDJPY,151.845,151.846,151.837,151.843,139.0
2024-04-10 07:56:00,FX:USDJPY,151.843,151.844,151.831,151.833,135.0
2024-04-10 07:57:00,FX:USDJPY,151.833,151.83499999999998,151.82999999999998,151.832,101.0
2024-04-10 07:58:00,FX:USDJPY,151.832,151.83499999999998,151.831,151.834,87.0
2024-04-10 07:59:00,FX:USDJPY,151.834,151.84199999999998,151.834,151.84099999999998,125.0
2024-04-10 08:00:00,FX:USDJPY,151.84099999999998,151.84099999999998,151.82899999999998,151.831,195.0
2024-04-10 08:01:00,FX:USDJPY,151.831,151.84,151.82899999999998,151.833,163.0
2024-04-10 08:02:00,FX:USDJPY,151.833,151.839,151.825,151.827,120.0
2024-04-10 08:03:00,FX:USDJPY,151.827,151.82899999999998,151.827,151.828,82.0
2024-04-10 08:04:00,FX:USDJPY,151.828,151.831,151.82,151.827,203.0
2024-04-10 08:05:00,FX:USDJPY,151.827,151.827,151.819,151.82,99.0
2024-04-10 08:06:00,FX:USDJPY,151.82,151.82899999999998,151.819,151.827,89.0
2024-04-10 08:07:00,FX:USDJPY,151.827,151.82999999999998,151.826,151.82899999999998,164.0
2024-04-10 08:08:00,FX:USDJPY,151.82899999999998,151.834,151.826,151.827,179.0
2024-04-10 08:09:00,FX:USDJPY,151.827,151.833,151.826,151.833,172.0
2024-04-10 08:10:00,FX:USDJPY,151.833,151.833,151.82,151.821,168.0
2024-04-10 08:11:00,FX:USDJPY,151.821,151.82899999999998,151.809,151.82899999999998,240.0
2024-04-10 08:12:00,FX:USDJPY,151.82899999999998,151.833,151.828,151.831,132.0
2024-04-10 08:13:00,FX:USDJPY,151.831,151.831,151.82,151.82299999999998,215.0
2024-04-10 08:14:00,FX:USDJPY,151.82299999999998,151.82299999999998,151.81799999999998,151.819,157.0
2024-04-10 08:15:00,FX:USDJPY,151.819,151.831,151.819,151.825,194.0
2024-04-10 08:16:00,FX:USDJPY,151.825,151.834,151.825,151.828,125.0
2024-04-10 08:17:00,FX:USDJPY,151.828,151.834,151.826,151.832,106.0
2024-04-10 08:18:00,FX:USDJPY,151.832,151.845,151.832,151.83499999999998,193.0
2024-04-10 08:19:00,FX:USDJPY,151.83499999999998,151.84,151.82999999999998,151.83499999999998,183.0
2024-04-10 08:20:00,FX:USDJPY,151.83499999999998,151.84199999999998,151.828,151.834,162.0
2024-04-10 08:21:00,FX:USDJPY,151.834,151.844,151.82899999999998,151.83499999999998,163.0
2024-04-10 08:22:00,FX:USDJPY,151.83499999999998,151.846,151.831,151.832,182.0
2024-04-10 08:23:00,FX:USDJPY,151.832,151.84099999999998,151.76899999999998,151.834,354.0
2024-04-10 08:24:00,FX:USDJPY,151.834,151.843,151.82,151.84199999999998,177.0
2024-04-10 08:25:00,FX:USDJPY,151.84199999999998,151.849,151.838,151.846,227.0
2024-04-10 08:26:00,FX:USDJPY,151.846,151.852,151.838,151.84,148.0
2024-04-10 08:27:00,FX:USDJPY,151.84,151.84699999999998,151.819,151.821,155.0
2024-04-10 08:28:00,FX:USDJPY,151.821,151.827,151.813,151.816,225.0
2024-04-10 08:29:00,FX:USDJPY,151.816,151.857,151.77599999999998,151.796,458.0
2024-04-10 08:30:00,FX:USDJPY,151.796,152.319,151.796,152.164,4218.0
2024-04-10 08:31:00,FX:USDJPY,152.164,152.322,152.148,152.313,2603.0
2024-04-10 08:32:00,FX:USDJPY,152.313,152.422,152.304,152.417,1996.0
2024-04-10 08:33:00,FX:USDJPY,152.417,152.45499999999998,152.33599999999998,152.37,1968.0
2024-04-10 08:34:00,FX:USDJPY,152.37,152.391,152.29299999999998,152.37199999999999,1843.0
2024-04-10 08:35:00,FX:USDJPY,152.37199999999999,152.404,152.35299999999998,152.40099999999998,1139.0
2024-04-10 08:36:00,FX:USDJPY,152.40099999999998,152.457,152.392,152.416,1310.0
2024-04-10 08:37:00,FX:USDJPY,152.416,152.469,152.41299999999998,152.42399999999998,1158.0
2024-04-10 08:38:00,FX:USDJPY,152.42399999999998,152.47,152.386,152.38799999999998,1117.0
2024-04-10 08:39:00,FX:USDJPY,152.38799999999998,152.44,152.379,152.42999999999998,1159.0
2024-04-10 08:40:00,FX:USDJPY,152.42999999999998,152.476,152.42,152.446,1009.0
2024-04-10 08:41:00,FX:USDJPY,152.446,152.47199999999998,152.41,152.464,1165.0
2024-04-10 08:42:00,FX:USDJPY,152.464,152.487,152.44199999999998,152.468,1079.0
2024-04-10 08:43:00,FX:USDJPY,152.468,152.487,152.45399999999998,152.456,879.0
2024-04-10 08:44:00,FX:USDJPY,152.456,152.486,152.456,152.47899999999998,800.0
2024-04-10 08:45:00,FX:USDJPY,152.47899999999998,152.501,151.97299999999998,152.18099999999998,3280.0
2024-04-10 08:46:00,FX:USDJPY,152.18099999999998,152.37199999999999,152.16799999999998,152.283,3181.0
2024-04-10 08:47:00,FX:USDJPY,152.283,152.321,152.22299999999998,152.31,1720.0
2024-04-10 08:48:00,FX:USDJPY,152.31,152.355,152.26,152.261,1321.0
2024-04-10 08:49:00,FX:USDJPY,152.261,152.285,152.22199999999998,152.25,1304.0
2024-04-10 08:50:00,FX:USDJPY,152.25,152.292,152.238,152.268,827.0
2024-04-10 08:51:00,FX:USDJPY,152.268,152.29899999999998,152.251,152.279,811.0
2024-04-10 08:52:00,FX:USDJPY,152.279,152.303,152.256,152.265,712.0
2024-04-10 08:53:00,FX:USDJPY,152.265,152.31099999999998,152.265,152.292,841.0
2024-04-10 08:54:00,FX:USDJPY,152.292,152.374,152.291,152.356,543.0
2024-04-10 08:55:00,FX:USDJPY,152.356,152.408,152.35299999999998,152.399,503.0
2024-04-10 08:56:00,FX:USDJPY,152.399,152.41199999999998,152.35999999999999,152.38899999999998,880.0
2024-04-10 08:57:00,FX:USDJPY,152.38899999999998,152.42399999999998,152.374,152.411,508.0
2024-04-10 08:58:00,FX:USDJPY,152.411,152.41799999999998,152.387,152.409,350.0
2024-04-10 08:59:00,FX:USDJPY,152.409,152.41,152.362,152.382,298.0
2024-04-10 09:00:00,FX:USDJPY,152.382,152.445,152.36599999999999,152.44,794.0
2024-04-10 09:01:00,FX:USDJPY,152.44,152.468,152.432,152.43599999999998,649.0
2024-04-10 09:02:00,FX:USDJPY,152.43599999999998,152.459,152.399,152.39999999999998,662.0
2024-04-10 09:03:00,FX:USDJPY,152.39999999999998,152.456,152.39399999999998,152.446,717.0
2024-04-10 09:04:00,FX:USDJPY,152.446,152.465,152.42499999999998,152.43699999999998,634.0
2024-04-10 09:05:00,FX:USDJPY,152.43699999999998,152.453,152.41199999999998,152.438,696.0
2024-04-10 09:06:00,FX:USDJPY,152.438,152.459,152.426,152.447,585.0
2024-04-10 09:07:00,FX:USDJPY,152.447,152.476,152.427,152.471,597.0
2024-04-10 09:08:00,FX:USDJPY,152.471,152.493,152.469,152.47,481.0
2024-04-10 09:09:00,FX:USDJPY,152.47,152.47299999999998,152.42,152.439,495.0
2024-04-10 09:10:00,FX:USDJPY,152.439,152.45999999999998,152.426,152.45499999999998,588.0
2024-04-10 09:11:00,FX:USDJPY,152.45499999999998,152.476,152.439,152.468,402.0
2024-04-10 09:12:00,FX:USDJPY,152.468,152.47299999999998,152.41899999999998,152.456,620.0
2024-04-10 09:13:00,FX:USDJPY,152.456,152.47799999999998,152.456,152.469,412.0
2024-04-10 09:14:00,FX:USDJPY,152.469,152.47299999999998,152.446,152.46099999999998,515.0
2024-04-10 09:15:00,FX:USDJPY,152.46099999999998,152.471,152.43699999999998,152.45999999999998,631.0
2024-04-10 09:16:00,FX:USDJPY,152.45999999999998,152.46699999999998,152.441,152.44299999999998,588.0
2024-04-10 09:17:00,FX:USDJPY,152.44299999999998,152.45399999999998,152.429,152.43099999999998,619.0
2024-04-10 09:18:00,FX:USDJPY,152.43099999999998,152.456,152.421,152.439,715.0
2024-04-10 09:19:00,FX:USDJPY,152.439,152.46699999999998,152.439,152.45999999999998,499.0
2024-04-10 09:20:00,FX:USDJPY,152.45999999999998,152.476,152.456,152.47,352.0
2024-04-10 09:21:00,FX:USDJPY,152.47,152.474,152.453,152.456,409.0
2024-04-10 09:22:00,FX:USDJPY,152.456,152.46599999999998,152.447,152.464,427.0
2024-04-10 09:23:00,FX:USDJPY,152.464,152.48399999999998,152.458,152.469,453.0
2024-04-10 09:24:00,FX:USDJPY,152.469,152.486,152.463,152.48,351.0
2024-04-10 09:25:00,FX:USDJPY,152.48,152.488,152.456,152.46099999999998,387.0
2024-04-10 09:26:00,FX:USDJPY,152.46099999999998,152.469,152.446,152.46099999999998,324.0
2024-04-10 09:27:00,FX:USDJPY,152.46099999999998,152.48399999999998,152.456,152.465,380.0
2024-04-10 09:28:00,FX:USDJPY,152.465,152.47199999999998,152.434,152.44199999999998,490.0
2024-04-10 09:29:00,FX:USDJPY,152.44199999999998,152.459,152.43699999999998,152.452,428.0
2024-04-10 09:30:00,FX:USDJPY,152.452,152.474,152.44,152.465,533.0
2024-04-10 09:31:00,FX:USDJPY,152.465,152.49599999999998,152.462,152.462,473.0
2024-04-10 09:32:00,FX:USDJPY,152.462,152.488,152.45399999999998,152.45399999999998,649.0
2024-04-10 09:33:00,FX:USDJPY,152.45399999999998,152.465,152.427,152.435,479.0
2024-04-10 09:34:00,FX:USDJPY,152.435,152.459,152.426,152.456,394.0
2024-04-10 09:35:00,FX:USDJPY,152.456,152.48,152.446,152.47,421.0
2024-04-10 09:36:00,FX:USDJPY,152.47,152.48,152.462,152.468,326.0
2024-04-10 09:37:00,FX:USDJPY,152.468,152.495,152.468,152.492,494.0
2024-04-10 09:38:00,FX:USDJPY,152.492,152.54399999999998,152.403,152.52599999999998,1022.0
2024-04-10 09:39:00,FX:USDJPY,152.52599999999998,152.545,152.48399999999998,152.541,632.0
2024-04-10 09:40:00,FX:USDJPY,152.541,152.582,152.541,152.571,533.0
2024-04-10 09:41:00,FX:USDJPY,152.571,152.57899999999998,152.54299999999998,152.569,442.0
2024-04-10 09:42:00,FX:USDJPY,152.569,152.583,152.547,152.557,308.0
2024-04-10 09:43:00,FX:USDJPY,152.557,152.56099999999998,152.533,152.545,293.0
2024-04-10 09:44:00,FX:USDJPY,152.545,152.55599999999998,152.534,152.54899999999998,222.0
2024-04-10 09:45:00,FX:USDJPY,152.54899999999998,152.575,152.536,152.571,504.0
2024-04-10 09:46:00,FX:USDJPY,152.571,152.595,152.559,152.588,427.0
2024-04-10 09:47:00,FX:USDJPY,152.588,152.643,152.58599999999998,152.63299999999998,449.0
2024-04-10 09:48:00,FX:USDJPY,152.63299999999998,152.66799999999998,152.631,152.637,612.0
2024-04-10 09:49:00,FX:USDJPY,152.637,152.664,152.63299999999998,152.641,516.0
2024-04-10 09:50:00,FX:USDJPY,152.641,152.66299999999998,152.64,152.65599999999998,376.0
2024-04-10 09:51:00,FX:USDJPY,152.65599999999998,152.666,152.643,152.655,394.0
2024-04-10 09:52:00,FX:USDJPY,152.655,152.679,152.653,152.67399999999998,408.0
2024-04-10 09:53:00,FX:USDJPY,152.67399999999998,152.69799999999998,152.66899999999998,152.685,363.0
2024-04-10 09:54:00,FX:USDJPY,152.685,152.69199999999998,152.66199999999998,152.667,515.0
2024-04-10 09:55:00,FX:USDJPY,152.667,152.69,152.64999999999998,152.672,515.0
2024-04-10 09:56:00,FX:USDJPY,152.672,152.691,152.671,152.685,392.0
2024-04-10 09:57:00,FX:USDJPY,152.685,152.697,152.678,152.68599999999998,239.0
2024-04-10 09:58:00,FX:USDJPY,152.68599999999998,152.696,152.658,152.66199999999998,264.0
2024-04-10 09:59:00,FX:USDJPY,152.66199999999998,152.676,152.654,152.673,285.0
2024-04-10 10:00:00,FX:USDJPY,152.673,152.68699999999998,152.661,152.67399999999998,309.0
2024-04-10 10:01:00,FX:USDJPY,152.67399999999998,152.696,152.672,152.676,363.0
2024-04-10 10:02:00,FX:USDJPY,152.676,152.68699999999998,152.66799999999998,152.684,336.0
2024-04-10 10:03:00,FX:USDJPY,152.684,152.702,152.684,152.696,216.0
2024-04-10 10:04:00,FX:USDJPY,152.696,152.719,152.68599999999998,152.71599999999998,239.0
2024-04-10 10:05:00,FX:USDJPY,152.71599999999998,152.736,152.714,152.731,393.0
2024-04-10 10:06:00,FX:USDJPY,152.731,152.731,152.715,152.724,397.0
2024-04-10 10:07:00,FX:USDJPY,152.724,152.725,152.69799999999998,152.701,346.0
2024-04-10 10:08:00,FX:USDJPY,152.701,152.706,152.67399999999998,152.703,485.0
2024-04-10 10:09:00,FX:USDJPY,152.703,152.706,152.653,152.65699999999998,365.0
2024-04-10 10:10:00,FX:USDJPY,152.65699999999998,152.68699999999998,152.653,152.683,390.0
2024-04-10 10:11:00,FX:USDJPY,152.683,152.70499999999998,152.682,152.68699999999998,362.0
2024-04-10 10:12:00,FX:USDJPY,152.68699999999998,152.70999999999998,152.682,152.701,265.0
2024-04-10 10:13:00,FX:USDJPY,152.701,152.719,152.701,152.71099999999998,259.0
2024-04-10 10:14:00,FX:USDJPY,152.71099999999998,152.72199999999998,152.71099999999998,152.71699999999998,167.0
2024-04-10 10:15:00,FX:USDJPY,152.71699999999998,152.72799999999998,152.71699999999998,152.72299999999998,198.0
2024-04-10 10:16:00,FX:USDJPY,152.72299999999998,152.72899999999998,152.695,152.70499999999998,252.0
2024-04-10 10:17:00,FX:USDJPY,152.70499999999998,152.714,152.697,152.69899999999998,207.0
2024-04-10 10:18:00,FX:USDJPY,152.69899999999998,152.703,152.68099999999998,152.68099999999998,245.0
2024-04-10 10:19:00,FX:USDJPY,152.68099999999998,152.68599999999998,152.677,152.685,205.0
2024-04-10 10:20:00,FX:USDJPY,152.685,152.68599999999998,152.65599999999998,152.65599999999998,247.0
2024-04-10 10:21:00,FX:USDJPY,152.65599999999998,152.658,152.632,152.634,215.0
2024-04-10 10:22:00,FX:USDJPY,152.634,152.64,152.60299999999998,152.628,413.0
2024-04-10 10:23:00,FX:USDJPY,152.628,152.655,152.594,152.596,528.0
2024-04-10 10:24:00,FX:USDJPY,152.596,152.59799999999998,152.577,152.594,436.0
2024-04-10 10:25:00,FX:USDJPY,152.594,152.652,152.59,152.652,377.0
2024-04-10 10:26:00,FX:USDJPY,152.652,152.68699999999998,152.63799999999998,152.648,370.0
2024-04-10 10:27:00,FX:USDJPY,152.648,152.66299999999998,152.636,152.647,307.0
2024-04-10 10:28:00,FX:USDJPY,152.647,152.664,152.647,152.66,178.0
2024-04-10 10:29:00,FX:USDJPY,152.66,152.661,152.63899999999998,152.647,216.0
2024-04-10 10:30:00,FX:USDJPY,152.647,152.672,152.647,152.658,281.0
2024-04-10 10:31:00,FX:USDJPY,152.658,152.683,152.64999999999998,152.683,252.0
2024-04-10 10:32:00,FX:USDJPY,152.683,152.696,152.68099999999998,152.696,224.0
2024-04-10 10:33:00,FX:USDJPY,152.696,152.696,152.671,152.682,295.0
2024-04-10 10:34:00,FX:USDJPY,152.682,152.68699999999998,152.672,152.673,293.0
2024-04-10 10:35:00,FX:USDJPY,152.673,152.688,152.673,152.685,325.0
2024-04-10 10:36:00,FX:USDJPY,152.685,152.702,152.682,152.69799999999998,215.0
2024-04-10 10:37:00,FX:USDJPY,152.69799999999998,152.69899999999998,152.67499999999998,152.679,274.0
2024-04-10 10:38:00,FX:USDJPY,152.679,152.685,152.65699999999998,152.683,290.0
2024-04-10 10:39:00,FX:USDJPY,152.683,152.69799999999998,152.66299999999998,152.684,335.0
2024-04-10 10:40:00,FX:USDJPY,152.684,152.70999999999998,152.68099999999998,152.682,299.0
2024-04-10 10:41:00,FX:USDJPY,152.682,152.703,152.673,152.7,295.0
2024-04-10 10:42:00,FX:USDJPY,152.7,152.708,152.694,152.70499999999998,194.0
2024-04-10 10:43:00,FX:USDJPY,152.70499999999998,152.726,152.70399999999998,152.72,162.0
2024-04-10 10:44:00,FX:USDJPY,152.72,152.731,152.719,152.726,172.0
2024-04-10 10:45:00,FX:USDJPY,152.726,152.736,152.724,152.73399999999998,183.0
2024-04-10 10:46:00,FX:USDJPY,152.73399999999998,152.76999999999998,152.731,152.743,497.0
2024-04-10 10:47:00,FX:USDJPY,152.743,152.767,152.736,152.743,325.0
2024-04-10 10:48:00,FX:USDJPY,152.743,152.74599999999998,152.732,152.742,213.0
2024-04-10 10:49:00,FX:USDJPY,152.742,152.745,152.719,152.72,174.0
2024-04-10 10:50:00,FX:USDJPY,152.72,152.72299999999998,152.685,152.72,324.0
2024-04-10 10:51:00,FX:USDJPY,152.72,152.726,152.707,152.726,325.0
2024-04-10 10:52:00,FX:USDJPY,152.726,152.737,152.72,152.72299999999998,217.0
2024-04-10 10:53:00,FX:USDJPY,152.72299999999998,152.744,152.714,152.744,221.0
2024-04-10 10:54:00,FX:USDJPY,152.744,152.756,152.743,152.754,222.0
2024-04-10 10:55:00,FX:USDJPY,152.754,152.777,152.74699999999999,152.77499999999998,317.0
2024-04-10 10:56:00,FX:USDJPY,152.77499999999998,152.779,152.756,152.768,250.0
2024-04-10 10:57:00,FX:USDJPY,152.768,152.77599999999998,152.748,152.761,393.0
2024-04-10 10:58:00,FX:USDJPY,152.761,152.766,152.754,152.765,275.0
2024-04-10 10:59:00,FX:USDJPY,152.765,152.77499999999998,152.75799999999998,152.774,229.0
2024-04-10 11:00:00,FX:USDJPY,152.774,152.77499999999998,152.771,152.774,76.0
2024-04-10 11:01:00,FX:USDJPY,152.774,152.77499999999998,152.74599999999998,152.76299999999998,285.0
2024-04-10 11:02:00,FX:USDJPY,152.76299999999998,152.778,152.762,152.774,290.0
2024-04-10 11:03:00,FX:USDJPY,152.774,152.80499999999998,152.773,152.802,307.0
2024-04-10 11:04:00,FX:USDJPY,152.802,152.80499999999998,152.77499999999998,152.804,474.0
2024-04-10 11:05:00,FX:USDJPY,152.804,152.84199999999998,152.801,152.839,421.0
2024-04-10 11:06:00,FX:USDJPY,152.839,152.845,152.832,152.833,223.0
2024-04-10 11:07:00,FX:USDJPY,152.833,152.843,152.832,152.832,233.0
2024-04-10 11:08:00,FX:USDJPY,152.832,152.843,152.831,152.832,263.0
2024-04-10 11:09:00,FX:USDJPY,152.832,152.849,152.832,152.84199999999998,232.0
2024-04-10 11:10:00,FX:USDJPY,152.84199999999998,152.876,152.84199999999998,152.875,347.0
2024-04-10 11:11:00,FX:USDJPY,152.875,152.88899999999998,152.874,152.886,215.0
2024-04-10 11:12:00,FX:USDJPY,152.886,152.886,152.862,152.87099999999998,284.0
2024-04-10 11:13:00,FX:USDJPY,152.87099999999998,152.88,152.86599999999999,152.879,183.0
2024-04-10 11:14:00,FX:USDJPY,152.879,152.887,152.855,152.85999999999999,274.0
2024-04-10 11:15:00,FX:USDJPY,152.85999999999999,152.876,152.85999999999999,152.861,310.0
2024-04-10 11:16:00,FX:USDJPY,152.861,152.87,152.856,152.85899999999998,253.0
2024-04-10 11:17:00,FX:USDJPY,152.85899999999998,152.874,152.85399999999998,152.85999999999999,336.0
2024-04-10 11:18:00,FX:USDJPY,152.85999999999999,152.874,152.85999999999999,152.868,281.0
2024-04-10 11:19:00,FX:USDJPY,152.868,152.875,152.858,152.873,333.0
2024-04-10 11:20:00,FX:USDJPY,152.873,152.87699999999998,152.838,152.855,379.0
2024-04-10 11:21:00,FX:USDJPY,152.855,152.856,152.838,152.845,286.0
2024-04-10 11:22:00,FX:USDJPY,152.845,152.86599999999999,152.845,152.858,324.0
2024-04-10 11:23:00,FX:USDJPY,152.858,152.876,152.858,152.87099999999998,362.0
2024-04-10 11:24:00,FX:USDJPY,152.87099999999998,152.886,152.862,152.869,381.0
2024-04-10 11:25:00,FX:USDJPY,152.869,152.884,152.867,152.882,335.0
2024-04-10 11:26:00,FX:USDJPY,152.882,152.884,152.864,152.882,299.0
2024-04-10 11:27:00,FX:USDJPY,152.882,152.88299999999998,152.867,152.87199999999999,276.0
2024-04-10 11:28:00,FX:USDJPY,152.87199999999999,152.882,152.87199999999999,152.873,308.0
2024-04-10 11:29:00,FX:USDJPY,152.873,152.874,152.861,152.87199999999999,219.0
2024-04-10 11:30:00,FX:USDJPY,152.87199999999999,152.88,152.85299999999998,152.855,260.0
2024-04-10 11:31:00,FX:USDJPY,152.855,152.869,152.85299999999998,152.858,231.0
2024-04-10 11:32:00,FX:USDJPY,152.858,152.87199999999999,152.851,152.87099999999998,270.0
2024-04-10 11:33:00,FX:USDJPY,152.87099999999998,152.88299999999998,152.87,152.882,299.0
2024-04-10 11:34:00,FX:USDJPY,152.882,152.884,152.868,152.873,238.0
2024-04-10 11:35:00,FX:USDJPY,152.873,152.892,152.873,152.891,242.0
2024-04-10 11:36:00,FX:USDJPY,152.891,152.892,152.882,152.891,322.0
2024-04-10 11:37:00,FX:USDJPY,152.891,152.897,152.886,152.893,256.0
2024-04-10 11:38:00,FX:USDJPY,152.893,152.90099999999998,152.88299999999998,152.89399999999998,316.0
2024-04-10 11:39:00,FX:USDJPY,152.89399999999998,152.896,152.88299999999998,152.885,356.0
2024-04-10 11:40:00,FX:USDJPY,152.885,152.923,152.885,152.917,297.0
2024-04-10 11:41:00,FX:USDJPY,152.917,152.926,152.915,152.921,251.0
2024-04-10 11:42:00,FX:USDJPY,152.921,152.927,152.909,152.923,268.0
2024-04-10 11:43:00,FX:USDJPY,152.923,152.92999999999998,152.92,152.929,279.0
2024-04-10 11:44:00,FX:USDJPY,152.929,152.944,152.92399999999998,152.926,269.0
2024-04-10 11:45:00,FX:USDJPY,152.926,152.93099999999998,152.917,152.93099999999998,193.0
2024-04-10 11:46:00,FX:USDJPY,152.93099999999998,152.933,152.90599999999998,152.909,248.0
2024-04-10 11:47:00,FX:USDJPY,152.909,152.929,152.909,152.927,261.0
2024-04-10 11:48:00,FX:USDJPY,152.927,152.928,152.90699999999998,152.91799999999998,189.0
2024-04-10 11:49:00,FX:USDJPY,152.91799999999998,152.91899999999998,152.902,152.90699999999998,301.0
2024-04-10 11:50:00,FX:USDJPY,152.90699999999998,152.93599999999998,152.90599999999998,152.92999999999998,267.0
2024-04-10 11:51:00,FX:USDJPY,152.92999999999998,152.93699999999998,152.923,152.929,227.0
2024-04-10 11:52:00,FX:USDJPY,152.929,152.93599999999998,152.929,152.92999999999998,158.0
2024-04-10 11:53:00,FX:USDJPY,152.92999999999998,152.933,152.91299999999998,152.922,224.0
2024-04-10 11:54:00,FX:USDJPY,152.922,152.922,152.90599999999998,152.91199999999998,256.0
2024-04-10 11:55:00,FX:USDJPY,152.91199999999998,152.93599999999998,152.90699999999998,152.927,245.0
2024-04-10 11:56:00,FX:USDJPY,152.927,152.932,152.92,152.92499999999998,224.0
2024-04-10 11:57:00,FX:USDJPY,152.92499999999998,152.92499999999998,152.914,152.91799999999998,171.0
2024-04-10 11:58:00,FX:USDJPY,152.91799999999998,152.926,152.917,152.91899999999998,237.0
2024-04-10 11:59:00,FX:USDJPY,152.91899999999998,152.923,152.899,152.902,303.0
2024-04-10 12:00:00,FX:USDJPY,152.902,152.91899999999998,152.89399999999998,152.908,210.0
2024-04-10 12:01:00,FX:USDJPY,152.908,152.911,152.89499999999998,152.902,229.0
2024-04-10 12:02:00,FX:USDJPY,152.902,152.91,152.90099999999998,152.909,156.0
2024-04-10 12:03:00,FX:USDJPY,152.909,152.909,152.88799999999998,152.89,258.0
2024-04-10 12:04:00,FX:USDJPY,152.89,152.892,152.876,152.88899999999998,243.0
2024-04-10 12:05:00,FX:USDJPY,152.88899999999998,152.902,152.88899999999998,152.89999999999998,122.0
2024-04-10 12:06:00,FX:USDJPY,152.89999999999998,152.915,152.89999999999998,152.914,82.0
2024-04-10 12:07:00,FX:USDJPY,152.914,152.917,152.90599999999998,152.911,168.0
2024-04-10 12:08:00,FX:USDJPY,152.911,152.91199999999998,152.902,152.90699999999998,81.0
2024-04-10 12:09:00,FX:USDJPY,152.90699999999998,152.91199999999998,152.903,152.90599999999998,91.0
2024-04-10 12:10:00,FX:USDJPY,152.90599999999998,152.91899999999998,152.90599999999998,152.915,141.0
2024-04-10 12:11:00,FX:USDJPY,152.915,152.917,152.90699999999998,152.909,91.0
2024-04-10 12:12:00,FX:USDJPY,152.909,152.93699999999998,152.90699999999998,152.934,141.0
2024-04-10 12:13:00,FX:USDJPY,152.934,152.938,152.928,152.934,120.0
2024-04-10 12:14:00,FX:USDJPY,152.934,152.934,152.92399999999998,152.927,97.0
2024-04-10 12:15:00,FX:USDJPY,152.927,152.93699999999998,152.92499999999998,152.93699999999998,106.0
2024-04-10 12:16:00,FX:USDJPY,152.93699999999998,152.94,152.927,152.93599999999998,165.0
2024-04-10 12:17:00,FX:USDJPY,152.93599999999998,152.938,152.921,152.92499999999998,189.0
2024-04-10 12:18:00,FX:USDJPY,152.92499999999998,152.929,152.915,152.922,216.0
2024-04-10 12:19:00,FX:USDJPY,152.922,152.92499999999998,152.914,152.92,184.0
2024-04-10 12:20:00,FX:USDJPY,152.92,152.928,152.911,152.926,133.0
2024-04-10 12:21:00,FX:USDJPY,152.926,152.941,152.926,152.938,141.0
2024-04-10 12:22:00,FX:USDJPY,152.938,152.939,152.91899999999998,152.92,218.0
2024-04-10 12:23:00,FX:USDJPY,152.92,152.92999999999998,152.91899999999998,152.929,162.0
2024-04-10 12:24:00,FX:USDJPY,152.929,152.93099999999998,152.91899999999998,152.923,236.0
2024-04-10 12:25:00,FX:USDJPY,152.923,152.933,152.921,152.929,160.0
2024-04-10 12:26:00,FX:USDJPY,152.929,152.944,152.928,152.939,175.0
2024-04-10 12:27:00,FX:USDJPY,152.939,152.94,152.928,152.938,107.0
2024-04-10 12:28:00,FX:USDJPY,152.938,152.947,152.938,152.944,155.0
2024-04-10 12:29:00,FX:USDJPY,152.944,152.951,152.944,152.94899999999998,109.0
2024-04-10 12:30:00,FX:USDJPY,152.94899999999998,152.957,152.94799999999998,152.952,131.0
2024-04-10 12:31:00,FX:USDJPY,152.952,152.953,152.93099999999998,152.932,104.0
2024-04-10 12:32:00,FX:USDJPY,152.932,152.934,152.915,152.916,90.0
2024-04-10 12:33:00,FX:USDJPY,152.916,152.93599999999998,152.915,152.93099999999998,94.0
2024-04-10 12:34:00,FX:USDJPY,152.93099999999998,152.932,152.92399999999998,152.926,85.0
2024-04-10 12:35:00,FX:USDJPY,152.926,152.93599999999998,152.92,152.92499999999998,91.0
2024-04-10 12:36:00,FX:USDJPY,152.92499999999998,152.92499999999998,152.914,152.92399999999998,96.0
2024-04-10 12:37:00,FX:USDJPY,152.92399999999998,152.92499999999998,152.921,152.923,78.0
2024-04-10 12:38:00,FX:USDJPY,152.923,152.94,152.923,152.93099999999998,192.0
2024-04-10 12:39:00,FX:USDJPY,152.93099999999998,152.939,152.929,152.93699999999998,277.0
2024-04-10 12:40:00,FX:USDJPY,152.93699999999998,152.94,152.93099999999998,152.939,182.0
2024-04-10 12:41:00,FX:USDJPY,152.939,152.94,152.92999999999998,152.93599999999998,131.0
2024-04-10 12:42:00,FX:USDJPY,152.93599999999998,152.94299999999998,152.932,152.93599999999998,170.0
2024-04-10 12:43:00,FX:USDJPY,152.93599999999998,152.947,152.934,152.939,221.0
2024-04-10 12:44:00,FX:USDJPY,152.939,152.952,152.939,152.94799999999998,189.0
2024-04-10 12:45:00,FX:USDJPY,152.94799999999998,152.94899999999998,152.939,152.939,141.0
2024-04-10 12:46:00,FX:USDJPY,152.939,152.947,152.938,152.947,123.0
2024-04-10 12:47:00,FX:USDJPY,152.947,152.95,152.941,152.94899999999998,136.0
2024-04-10 12:48:00,FX:USDJPY,152.94899999999998,152.951,152.947,152.94799999999998,82.0
2024-04-10 12:49:00,FX:USDJPY,152.94799999999998,152.95,152.939,152.94,117.0
2024-04-10 12:50:00,FX:USDJPY,152.94,152.94,152.934,152.93699999999998,121.0
2024-04-10 12:51:00,FX:USDJPY,152.93699999999998,152.95399999999998,152.93699999999998,152.953,241.0
2024-04-10 12:52:00,FX:USDJPY,152.953,152.964,152.951,152.953,209.0
2024-04-10 12:53:00,FX:USDJPY,152.953,152.95999999999998,152.951,152.952,224.0
2024-04-10 12:54:00,FX:USDJPY,152.952,152.959,152.94899999999998,152.951,183.0
2024-04-10 12:55:00,FX:USDJPY,152.951,152.96099999999998,152.951,152.95999999999998,173.0
2024-04-10 12:56:00,FX:USDJPY,152.95999999999998,152.962,152.958,152.959,116.0
2024-04-10 12:57:00,FX:USDJPY,152.959,152.96599999999998,152.958,152.963,144.0
2024-04-10 12:58:00,FX:USDJPY,152.963,152.969,152.959,152.96599999999998,191.0
2024-04-10 12:59:00,FX:USDJPY,152.96599999999998,152.96599999999998,152.933,152.934,185.0
2024-04-10 13:00:00,FX:USDJPY,152.934,152.953,152.927,152.94199999999998,380.0
2024-04-10 13:01:00,FX:USDJPY,152.94199999999998,152.97899999999998,152.928,152.968,548.0
2024-04-10 13:02:00,FX:USDJPY,152.968,152.982,152.962,152.964,407.0
2024-04-10 13:03:00,FX:USDJPY,152.964,152.975,152.963,152.971,193.0
2024-04-10 13:04:00,FX:USDJPY,152.971,152.976,152.959,152.96099999999998,257.0
2024-04-10 13:05:00,FX:USDJPY,152.96099999999998,152.97,152.94799999999998,152.963,185.0
2024-04-10 13:06:00,FX:USDJPY,152.963,152.97299999999998,152.958,152.971,194.0
2024-04-10 13:07:00,FX:USDJPY,152.971,152.971,152.962,152.971,181.0
2024-04-10 13:08:00,FX:USDJPY,152.971,152.97899999999998,152.971,152.974,313.0
2024-04-10 13:09:00,FX:USDJPY,152.974,152.976,152.963,152.965,277.0
2024-04-10 13:10:00,FX:USDJPY,152.965,152.97299999999998,152.95999999999998,152.96099999999998,257.0
2024-04-10 13:11:00,FX:USDJPY,152.96099999999998,152.97899999999998,152.953,152.97899999999998,282.0
2024-04-10 13:12:00,FX:USDJPY,152.97899999999998,152.982,152.969,152.969,249.0
2024-04-10 13:13:00,FX:USDJPY,152.969,152.97199999999998,152.96099999999998,152.969,239.0
2024-04-10 13:14:00,FX:USDJPY,152.969,152.97,152.959,152.96099999999998,148.0
2024-04-10 13:15:00,FX:USDJPY,152.96099999999998,152.962,152.95,152.951,190.0
2024-04-10 13:16:00,FX:USDJPY,152.951,152.953,152.939,152.944,233.0
2024-04-10 13:17:00,FX:USDJPY,152.944,152.945,152.927,152.928,235.0
2024-04-10 13:18:00,FX:USDJPY,152.928,152.928,152.915,152.92,237.0
2024-04-10 13:19:00,FX:USDJPY,152.92,152.935,152.914,152.933,217.0
2024-04-10 13:20:00,FX:USDJPY,152.933,152.939,152.916,152.91899999999998,306.0
2024-04-10 13:21:00,FX:USDJPY,152.91899999999998,152.92,152.908,152.91899999999998,291.0
2024-04-10 13:22:00,FX:USDJPY,152.91899999999998,152.92999999999998,152.90599999999998,152.909,272.0
2024-04-10 13:23:00,FX:USDJPY,152.909,152.909,152.891,152.89999999999998,300.0
2024-04-10 13:24:00,FX:USDJPY,152.89999999999998,152.904,152.88799999999998,152.896,224.0
2024-04-10 13:25:00,FX:USDJPY,152.896,152.90099999999998,152.878,152.879,287.0
2024-04-10 13:26:00,FX:USDJPY,152.879,152.88299999999998,152.879,152.882,128.0
2024-04-10 13:27:00,FX:USDJPY,152.882,152.903,152.879,152.903,223.0
2024-04-10 13:28:00,FX:USDJPY,152.903,152.903,152.893,152.89999999999998,231.0
2024-04-10 13:29:00,FX:USDJPY,152.89999999999998,152.922,152.89999999999998,152.92,238.0
2024-04-10 13:30:00,FX:USDJPY,152.92,152.945,152.91899999999998,152.93099999999998,301.0
2024-04-10 13:31:00,FX:USDJPY,152.93099999999998,152.93099999999998,152.68599999999998,152.76,1544.0
2024-04-10 13:32:00,FX:USDJPY,152.76,152.803,152.661,152.739,1524.0
2024-04-10 13:33:00,FX:USDJPY,152.739,152.768,152.70499999999998,152.72,1018.0
2024-04-10 13:34:00,FX:USDJPY,152.72,152.732,152.642,152.647,843.0
2024-04-10 13:35:00,FX:USDJPY,152.647,152.713,152.64399999999998,152.7,743.0
2024-04-10 13:36:00,FX:USDJPY,152.7,152.754,152.685,152.724,557.0
2024-04-10 13:37:00,FX:USDJPY,152.724,152.789,152.724,152.78199999999998,391.0
2024-04-10 13:38:00,FX:USDJPY,152.78199999999998,152.791,152.755,152.767,350.0
2024-04-10 13:39:00,FX:USDJPY,152.767,152.81099999999998,152.767,152.801,496.0
2024-04-10 13:40:00,FX:USDJPY,152.801,152.851,152.798,152.826,536.0
2024-04-10 13:41:00,FX:USDJPY,152.826,152.828,152.813,152.819,357.0
2024-04-10 13:42:00,FX:USDJPY,152.819,152.852,152.815,152.82899999999998,401.0
2024-04-10 13:43:00,FX:USDJPY,152.82899999999998,152.838,152.807,152.82899999999998,344.0
2024-04-10 13:44:00,FX:USDJPY,152.82899999999998,152.857,152.82899999999998,152.85299999999998,284.0
2024-04-10 13:45:00,FX:USDJPY,152.85299999999998,152.861,152.84099999999998,152.85299999999998,247.0
2024-04-10 13:46:00,FX:USDJPY,152.85299999999998,152.857,152.84099999999998,152.845,225.0
2024-04-10 13:47:00,FX:USDJPY,152.845,152.855,152.82899999999998,152.84099999999998,255.0
2024-04-10 13:48:00,FX:USDJPY,152.84099999999998,152.863,152.834,152.861,328.0
2024-04-10 13:49:00,FX:USDJPY,152.861,152.878,152.843,152.863,339.0
2024-04-10 13:50:00,FX:USDJPY,152.863,152.873,152.85,152.85399999999998,222.0
2024-04-10 13:51:00,FX:USDJPY,152.85399999999998,152.86599999999999,152.82399999999998,152.827,335.0
2024-04-10 13:52:00,FX:USDJPY,152.827,152.839,152.804,152.81699999999998,382.0
2024-04-10 13:53:00,FX:USDJPY,152.81699999999998,152.834,152.803,152.81099999999998,375.0
2024-04-10 13:54:00,FX:USDJPY,152.81099999999998,152.832,152.80599999999998,152.82999999999998,272.0
2024-04-10 13:55:00,FX:USDJPY,152.82999999999998,152.84199999999998,152.81799999999998,152.832,255.0
2024-04-10 13:56:00,FX:USDJPY,152.832,152.833,152.803,152.816,307.0
2024-04-10 13:57:00,FX:USDJPY,152.816,152.81699999999998,152.795,152.80499999999998,191.0
2024-04-10 13:58:00,FX:USDJPY,152.80499999999998,152.814,152.78699999999998,152.79,276.0
2024-04-10 13:59:00,FX:USDJPY,152.79,152.791,152.75199999999998,152.759,265.0
2024-04-10 14:00:00,FX:USDJPY,152.759,152.803,152.754,152.777,356.0
2024-04-10 14:01:00,FX:USDJPY,152.777,152.803,152.76299999999998,152.771,252.0
2024-04-10 14:02:00,FX:USDJPY,152.771,152.779,152.75799999999998,152.759,167.0
2024-04-10 14:03:00,FX:USDJPY,152.759,152.792,152.757,152.785,292.0
2024-04-10 14:04:00,FX:USDJPY,152.785,152.802,152.778,152.785,321.0
2024-04-10 14:05:00,FX:USDJPY,152.785,152.786,152.76999999999998,152.778,182.0
2024-04-10 14:06:00,FX:USDJPY,152.778,152.828,152.77499999999998,152.826,225.0
2024-04-10 14:07:00,FX:USDJPY,152.826,152.826,152.795,152.81099999999998,256.0
2024-04-10 14:08:00,FX:USDJPY,152.81099999999998,152.81199999999998,152.79299999999998,152.79399999999998,186.0
2024-04-10 14:09:00,FX:USDJPY,152.79399999999998,152.802,152.78199999999998,152.792,143.0
2024-04-10 14:10:00,FX:USDJPY,152.792,152.82999999999998,152.785,152.827,181.0
2024-04-10 14:11:00,FX:USDJPY,152.827,152.832,152.815,152.81699999999998,157.0
2024-04-10 14:12:00,FX:USDJPY,152.81699999999998,152.81699999999998,152.79299999999998,152.79299999999998,137.0
2024-04-10 14:13:00,FX:USDJPY,152.79299999999998,152.796,152.78699999999998,152.789,200.0
2024-04-10 14:14:00,FX:USDJPY,152.789,152.81,152.785,152.795,222.0
2024-04-10 14:15:00,FX:USDJPY,152.795,152.81199999999998,152.784,152.81099999999998,268.0
2024-04-10 14:16:00,FX:USDJPY,152.81099999999998,152.828,152.803,152.82399999999998,247.0
2024-04-10 14:17:00,FX:USDJPY,152.82399999999998,152.83599999999998,152.81099999999998,152.827,170.0
2024-04-10 14:18:00,FX:USDJPY,152.827,152.839,152.826,152.833,142.0
2024-04-10 14:19:00,FX:USDJPY,152.833,152.84099999999998,152.826,152.831,209.0
2024-04-10 14:20:00,FX:USDJPY,152.831,152.84099999999998,152.814,152.82999999999998,256.0
2024-04-10 14:21:00,FX:USDJPY,152.82999999999998,152.84099999999998,152.826,152.833,187.0
2024-04-10 14:22:00,FX:USDJPY,152.833,152.86599999999999,152.831,152.86499999999998,222.0
2024-04-10 14:23:00,FX:USDJPY,152.86499999999998,152.896,152.86499999999998,152.896,272.0
2024-04-10 14:24:00,FX:USDJPY,152.896,152.90599999999998,152.88899999999998,152.903,290.0
2024-04-10 14:25:00,FX:USDJPY,152.903,152.90599999999998,152.878,152.89,284.0
2024-04-10 14:26:00,FX:USDJPY,152.89,152.90599999999998,152.88899999999998,152.89999999999998,202.0
2024-04-10 14:27:00,FX:USDJPY,152.89999999999998,152.91199999999998,152.897,152.911,209.0
2024-04-10 14:28:00,FX:USDJPY,152.911,152.916,152.904,152.90699999999998,266.0
2024-04-10 14:29:00,FX:USDJPY,152.90699999999998,152.91299999999998,152.89999999999998,152.908,266.0
2024-04-10 14:30:00,FX:USDJPY,152.908,152.92499999999998,152.908,152.921,155.0
2024-04-10 14:31:00,FX:USDJPY,152.921,152.92499999999998,152.911,152.92499999999998,137.0
2024-04-10 14:32:00,FX:USDJPY,152.92499999999998,152.938,152.92399999999998,152.926,165.0
2024-04-10 14:33:00,FX:USDJPY,152.926,152.947,152.92399999999998,152.946,292.0
2024-04-10 14:34:00,FX:USDJPY,152.946,152.94799999999998,152.934,152.944,187.0
2024-04-10 14:35:00,FX:USDJPY,152.944,152.95499999999998,152.933,152.94,277.0
2024-04-10 14:36:00,FX:USDJPY,152.94,152.945,152.93599999999998,152.944,243.0
2024-04-10 14:37:00,FX:USDJPY,152.944,152.963,152.93699999999998,152.938,240.0
2024-04-10 14:38:00,FX:USDJPY,152.938,152.94299999999998,152.93099999999998,152.935,232.0
2024-04-10 14:39:00,FX:USDJPY,152.935,152.94799999999998,152.932,152.93599999999998,283.0
2024-04-10 14:40:00,FX:USDJPY,152.93599999999998,152.93699999999998,152.92399999999998,152.933,179.0
2024-04-10 14:41:00,FX:USDJPY,152.933,152.938,152.926,152.934,239.0
2024-04-10 14:42:00,FX:USDJPY,152.934,152.935,152.902,152.90699999999998,276.0
2024-04-10 14:43:00,FX:USDJPY,152.90699999999998,152.908,152.88899999999998,152.897,176.0
2024-04-10 14:44:00,FX:USDJPY,152.897,152.916,152.89399999999998,152.90699999999998,119.0
2024-04-10 14:45:00,FX:USDJPY,152.90699999999998,152.90699999999998,152.891,152.892,129.0
2024-04-10 14:46:00,FX:USDJPY,152.892,152.904,152.892,152.902,207.0
2024-04-10 14:47:00,FX:USDJPY,152.902,152.916,152.897,152.91,221.0
2024-04-10 14:48:00,FX:USDJPY,152.91,152.922,152.91,152.91799999999998,122.0
2024-04-10 14:49:00,FX:USDJPY,152.91799999999998,152.92,152.90699999999998,152.914,138.0
2024-04-10 14:50:00,FX:USDJPY,152.914,152.92999999999998,152.914,152.91799999999998,208.0
2024-04-10 14:51:00,FX:USDJPY,152.91799999999998,152.94,152.915,152.939,248.0
2024-04-10 14:52:00,FX:USDJPY,152.939,152.94,152.927,152.934,244.0
2024-04-10 14:53:00,FX:USDJPY,152.934,152.94,152.928,152.928,242.0
2024-04-10 14:54:00,FX:USDJPY,152.928,152.94199999999998,152.928,152.939,212.0
2024-04-10 14:55:00,FX:USDJPY,152.939,152.957,152.93099999999998,152.951,275.0
2024-04-10 14:56:00,FX:USDJPY,152.951,152.968,152.951,152.963,196.0
2024-04-10 14:57:00,FX:USDJPY,152.963,152.97899999999998,152.96099999999998,152.97199999999998,193.0
2024-04-10 14:58:00,FX:USDJPY,152.97199999999998,152.975,152.96099999999998,152.965,209.0
2024-04-10 14:59:00,FX:USDJPY,152.965,152.96699999999998,152.95399999999998,152.96099999999998,272.0
2024-04-10 15:00:00,FX:USDJPY,152.96099999999998,152.962,152.92999999999998,152.93099999999998,289.0
2024-04-10 15:01:00,FX:USDJPY,152.93099999999998,152.95,152.92499999999998,152.946,232.0
2024-04-10 15:02:00,FX:USDJPY,152.946,152.95,152.928,152.92999999999998,138.0
2024-04-10 15:03:00,FX:USDJPY,152.92999999999998,152.93099999999998,152.917,152.92399999999998,197.0
2024-04-10 15:04:00,FX:USDJPY,152.92399999999998,152.92999999999998,152.922,152.929,149.0
2024-04-10 15:05:00,FX:USDJPY,152.929,152.932,152.926,152.93099999999998,141.0
2024-04-10 15:06:00,FX:USDJPY,152.93099999999998,152.932,152.92499999999998,152.929,124.0
2024-04-10 15:07:00,FX:USDJPY,152.929,152.92999999999998,152.91899999999998,152.92399999999998,181.0
2024-04-10 15:08:00,FX:USDJPY,152.92399999999998,152.945,152.922,152.94299999999998,161.0
2024-04-10 15:09:00,FX:USDJPY,152.94299999999998,152.944,152.932,152.93699999999998,221.0
2024-04-10 15:10:00,FX:USDJPY,152.93699999999998,152.93699999999998,152.92999999999998,152.933,187.0
2024-04-10 15:11:00,FX:USDJPY,152.933,152.93599999999998,152.92499999999998,152.927,189.0
2024-04-10 15:12:00,FX:USDJPY,152.927,152.935,152.922,152.92999999999998,185.0
2024-04-10 15:13:00,FX:USDJPY,152.92999999999998,152.94299999999998,152.929,152.92999999999998,220.0
2024-04-10 15:14:00,FX:USDJPY,152.92999999999998,152.934,152.929,152.932,119.0
2024-04-10 15:15:00,FX:USDJPY,152.932,152.933,152.927,152.932,178.0
2024-04-10 15:16:00,FX:USDJPY,152.932,152.934,152.92499999999998,152.934,136.0
2024-04-10 15:17:00,FX:USDJPY,152.934,152.947,152.933,152.944,161.0
2024-04-10 15:18:00,FX:USDJPY,152.944,152.945,152.932,152.939,107.0
2024-04-10 15:19:00,FX:USDJPY,152.939,152.94299999999998,152.939,152.94,187.0
2024-04-10 15:20:00,FX:USDJPY,152.94,152.95399999999998,152.939,152.95,221.0
2024-04-10 15:21:00,FX:USDJPY,152.95,152.95,152.94199999999998,152.946,243.0
2024-04-10 15:22:00,FX:USDJPY,152.946,152.947,152.94299999999998,152.944,183.0
2024-04-10 15:23:00,FX:USDJPY,152.944,152.953,152.944,152.94899999999998,271.0
2024-04-10 15:24:00,FX:USDJPY,152.94899999999998,152.952,152.94199999999998,152.944,265.0
2024-04-10 15:25:00,FX:USDJPY,152.944,152.946,152.94199999999998,152.94299999999998,200.0
2024-04-10 15:26:00,FX:USDJPY,152.94299999999998,152.95399999999998,152.941,152.94799999999998,255.0
2024-04-10 15:27:00,FX:USDJPY,152.94799999999998,152.95499999999998,152.944,152.95,304.0
2024-04-10 15:28:00,FX:USDJPY,152.95,152.95499999999998,152.945,152.94899999999998,229.0
2024-04-10 15:29:00,FX:USDJPY,152.94899999999998,152.94899999999998,152.94299999999998,152.94799999999998,146.0
2024-04-10 15:30:00,FX:USDJPY,152.94799999999998,152.94899999999998,152.94,152.944,136.0
2024-04-10 15:31:00,FX:USDJPY,152.944,152.95,152.92999999999998,152.941,222.0
2024-04-10 15:32:00,FX:USDJPY,152.941,152.946,152.932,152.94,261.0
2024-04-10 15:33:00,FX:USDJPY,152.94,152.944,152.927,152.928,236.0
2024-04-10 15:34:00,FX:USDJPY,152.928,152.92999999999998,152.92499999999998,152.927,200.0
2024-04-10 15:35:00,FX:USDJPY,152.927,152.92999999999998,152.92,152.928,208.0
2024-04-10 15:36:00,FX:USDJPY,152.928,152.947,152.927,152.94,223.0
2024-04-10 15:37:00,FX:USDJPY,152.94,152.94199999999998,152.92999999999998,152.939,145.0
2024-04-10 15:38:00,FX:USDJPY,152.939,152.945,152.938,152.941,132.0
2024-04-10 15:39:00,FX:USDJPY,152.941,152.945,152.94,152.94199999999998,114.0
2024-04-10 15:40:00,FX:USDJPY,152.94199999999998,152.94899999999998,152.939,152.939,172.0
2024-04-10 15:41:00,FX:USDJPY,152.939,152.94899999999998,152.938,152.94799999999998,126.0
2024-04-10 15:42:00,FX:USDJPY,152.94799999999998,152.951,152.94299999999998,152.944,92.0
2024-04-10 15:43:00,FX:USDJPY,152.944,152.94799999999998,152.94199999999998,152.94299999999998,78.0
2024-04-10 15:44:00,FX:USDJPY,152.94299999999998,152.94799999999998,152.938,152.939,107.0
2024-04-10 15:45:00,FX:USDJPY,152.939,152.944,152.939,152.941,146.0
2024-04-10 15:46:00,FX:USDJPY,152.941,152.944,152.94,152.94299999999998,138.0
2024-04-10 15:47:00,FX:USDJPY,152.94299999999998,152.956,152.94199999999998,152.952,132.0
2024-04-10 15:48:00,FX:USDJPY,152.952,152.95499999999998,152.95,152.951,59.0
2024-04-10 15:49:00,FX:USDJPY,152.951,152.95399999999998,152.951,152.951,57.0
2024-04-10 15:50:00,FX:USDJPY,152.951,152.956,152.939,152.953,127.0
2024-04-10 15:51:00,FX:USDJPY,152.953,152.956,152.94799999999998,152.953,74.0
2024-04-10 15:52:00,FX:USDJPY,152.953,152.958,152.94799999999998,152.94899999999998,119.0
2024-04-10 15:53:00,FX:USDJPY,152.94899999999998,152.953,152.947,152.94799999999998,188.0
2024-04-10 15:54:00,FX:USDJPY,152.94799999999998,152.952,152.947,152.94899999999998,240.0
2024-04-10 15:55:00,FX:USDJPY,152.94899999999998,152.96599999999998,152.94899999999998,152.964,220.0
2024-04-10 15:56:00,FX:USDJPY,152.964,152.96699999999998,152.963,152.965,82.0
2024-04-10 15:57:00,FX:USDJPY,152.965,152.969,152.963,152.964,107.0
2024-04-10 15:58:00,FX:USDJPY,152.964,152.96699999999998,152.959,152.96099999999998,101.0
2024-04-10 15:59:00,FX:USDJPY,152.96099999999998,152.964,152.95499999999998,152.95999999999998,105.0
2024-04-10 16:00:00,FX:USDJPY,152.95999999999998,152.96699999999998,152.958,152.963,115.0
2024-04-10 16:01:00,FX:USDJPY,152.963,152.964,152.946,152.94899999999998,77.0
2024-04-10 16:02:00,FX:USDJPY,152.94899999999998,152.95499999999998,152.947,152.951,67.0
2024-04-10 16:03:00,FX:USDJPY,152.951,152.97,152.95,152.97,93.0
2024-04-10 16:04:00,FX:USDJPY,152.97,152.97,152.962,152.962,68.0
2024-04-10 16:05:00,FX:USDJPY,152.962,152.964,152.952,152.952,45.0
2024-04-10 16:06:00,FX:USDJPY,152.952,152.956,152.946,152.94799999999998,55.0
2024-04-10 16:07:00,FX:USDJPY,152.94799999999998,152.94799999999998,152.944,152.947,32.0
2024-04-10 16:08:00,FX:USDJPY,152.947,152.947,152.946,152.946,17.0
2024-04-10 16:09:00,FX:USDJPY,152.946,152.952,152.946,152.951,29.0
2024-04-10 16:10:00,FX:USDJPY,152.951,152.96599999999998,152.951,152.96099999999998,111.0
2024-04-10 16:11:00,FX:USDJPY,152.96099999999998,152.96099999999998,152.95499999999998,152.956,36.0
2024-04-10 16:12:00,FX:USDJPY,152.956,152.964,152.95499999999998,152.964,30.0
2024-04-10 16:13:00,FX:USDJPY,152.964,152.97,152.963,152.96599999999998,46.0
2024-04-10 16:14:00,FX:USDJPY,152.96599999999998,152.975,152.96599999999998,152.97299999999998,59.0
2024-04-10 16:15:00,FX:USDJPY,152.97299999999998,152.974,152.971,152.971,32.0
2024-04-10 16:16:00,FX:USDJPY,152.971,152.971,152.951,152.956,79.0
2024-04-10 16:17:00,FX:USDJPY,152.956,152.957,152.951,152.956,68.0
2024-04-10 16:18:00,FX:USDJPY,152.956,152.958,152.953,152.957,79.0
2024-04-10 16:19:00,FX:USDJPY,152.957,152.959,152.952,152.953,45.0
2024-04-10 16:20:00,FX:USDJPY,152.953,152.95499999999998,152.953,152.95399999999998,26.0
2024-04-10 16:21:00,FX:USDJPY,152.95399999999998,152.95399999999998,152.946,152.95399999999998,46.0
2024-04-10 16:22:00,FX:USDJPY,152.95399999999998,152.964,152.95399999999998,152.963,41.0
2024-04-10 16:23:00,FX:USDJPY,152.963,152.965,152.95999999999998,152.963,36.0
2024-04-10 16:24:00,FX:USDJPY,152.963,152.96699999999998,152.963,152.964,37.0
2024-04-10 16:25:00,FX:USDJPY,152.964,152.96599999999998,152.962,152.963,29.0
2024-04-10 16:26:00,FX:USDJPY,152.963,152.964,152.96099999999998,152.963,18.0
2024-04-10 16:27:00,FX:USDJPY,152.963,152.963,152.94799999999998,152.94899999999998,53.0
2024-04-10 16:28:00,FX:USDJPY,152.94899999999998,152.95499999999998,152.94799999999998,152.95399999999998,40.0
2024-04-10 16:29:00,FX:USDJPY,152.95399999999998,152.95399999999998,152.94899999999998,152.952,90.0
2024-04-10 16:30:00,FX:USDJPY,152.952,152.971,152.952,152.969,91.0
2024-04-10 16:31:00,FX:USDJPY,152.969,152.97199999999998,152.96599999999998,152.97,57.0
2024-04-10 16:32:00,FX:USDJPY,152.97,152.971,152.963,152.965,36.0
2024-04-10 16:33:00,FX:USDJPY,152.965,152.968,152.963,152.968,54.0
2024-04-10 16:34:00,FX:USDJPY,152.968,152.969,152.962,152.962,33.0
2024-04-10 16:35:00,FX:USDJPY,152.962,152.96599999999998,152.95999999999998,152.96599999999998,45.0
2024-04-10 16:36:00,FX:USDJPY,152.96599999999998,152.96699999999998,152.963,152.96599999999998,30.0
2024-04-10 16:37:00,FX:USDJPY,152.96599999999998,152.987,152.965,152.987,76.0
2024-04-10 16:38:00,FX:USDJPY,152.987,153.191,152.986,153.132,1090.0
2024-04-10 16:39:00,FX:USDJPY,153.132,153.148,153.082,153.09799999999998,300.0
2024-04-10 16:40:00,FX:USDJPY,153.09799999999998,153.113,153.075,153.081,295.0
2024-04-10 16:41:00,FX:USDJPY,153.081,153.10999999999999,153.07999999999998,153.094,151.0
2024-04-10 16:42:00,FX:USDJPY,153.094,153.09699999999998,153.076,153.09199999999998,100.0
2024-04-10 16:43:00,FX:USDJPY,153.09199999999998,153.239,153.09199999999998,153.17999999999998,363.0
2024-04-10 16:44:00,FX:USDJPY,153.17999999999998,153.18599999999998,153.135,153.166,229.0
2024-04-10 16:45:00,FX:USDJPY,153.166,153.17,153.147,153.165,96.0
2024-04-10 16:46:00,FX:USDJPY,153.165,153.166,153.14999999999998,153.16199999999998,95.0
2024-04-10 16:47:00,FX:USDJPY,153.16199999999998,153.16199999999998,153.143,153.143,85.0
2024-04-10 16:48:00,FX:USDJPY,153.143,153.146,153.10999999999999,153.11599999999999,122.0
2024-04-10 16:49:00,FX:USDJPY,153.11599999999999,153.124,153.112,153.113,134.0
2024-04-10 16:50:00,FX:USDJPY,153.113,153.126,153.10999999999999,153.12199999999999,206.0
2024-04-10 16:51:00,FX:USDJPY,153.12199999999999,153.13299999999998,153.117,153.132,61.0
2024-04-10 16:52:00,FX:USDJPY,153.132,153.155,153.132,153.148,105.0
2024-04-10 16:53:00,FX:USDJPY,153.148,153.152,153.13899999999998,153.149,40.0
2024-04-10 16:54:00,FX:USDJPY,153.149,153.16299999999998,153.147,153.158,109.0
2024-04-10 16:55:00,FX:USDJPY,153.158,153.171,153.155,153.164,75.0
2024-04-10 16:56:00,FX:USDJPY,153.164,153.182,153.16199999999998,153.167,96.0
2024-04-10 16:57:00,FX:USDJPY,153.167,153.167,153.155,153.15699999999998,76.0
2024-04-10 16:58:00,FX:USDJPY,153.15699999999998,153.164,153.143,153.14499999999998,111.0
2024-04-10 16:59:00,FX:USDJPY,153.14499999999998,153.16299999999998,153.13899999999998,153.15699999999998,142.0
2024-04-10 17:00:00,FX:USDJPY,153.15699999999998,153.15699999999998,153.09699999999998,153.09699999999998,12.0
2024-04-10 17:01:00,FX:USDJPY,153.09699999999998,153.10299999999998,153.082,153.101,18.0
2024-04-10 17:02:00,FX:USDJPY,153.101,153.101,153.09699999999998,153.09699999999998,2.0
2024-04-10 17:03:00,FX:USDJPY,153.09699999999998,153.09799999999998,153.09699999999998,153.09699999999998,2.0
2024-04-10 17:04:00,FX:USDJPY,153.09699999999998,153.09699999999998,153.09699999999998,153.09699999999998,9.0
2024-04-10 17:05:00,FX:USDJPY,153.09699999999998,153.123,153.09699999999998,153.119,23.0
2024-04-10 17:06:00,FX:USDJPY,153.119,153.129,153.119,153.129,11.0
2024-04-10 17:07:00,FX:USDJPY,153.129,153.129,153.1,153.129,10.0
2024-04-10 17:08:00,FX:USDJPY,153.129,153.129,153.01399999999998,153.04399999999998,23.0
2024-04-10 17:10:00,FX:USDJPY,153.04399999999998,153.04399999999998,152.94199999999998,152.97899999999998,5.0
2024-04-10 17:11:00,FX:USDJPY,152.97899999999998,152.97899999999998,152.965,152.965,10.0
2024-04-10 17:12:00,FX:USDJPY,152.965,152.969,152.962,152.963,11.0
2024-04-10 17:13:00,FX:USDJPY,152.963,152.97,152.963,152.969,7.0
2024-04-10 17:14:00,FX:USDJPY,152.969,152.97,152.969,152.97,3.0
2024-04-10 17:15:00,FX:USDJPY,152.97,153.03099999999998,152.969,153.00799999999998,25.0
2024-04-10 17:16:00,FX:USDJPY,153.00799999999998,153.03099999999998,152.995,153.018,14.0
2024-04-10 17:17:00,FX:USDJPY,153.018,153.04,153.016,153.03799999999998,25.0
2024-04-10 17:18:00,FX:USDJPY,153.03799999999998,153.041,153.03799999999998,153.04,6.0
2024-04-10 17:19:00,FX:USDJPY,153.04,153.04,153.039,153.04,5.0
2024-04-10 17:20:00,FX:USDJPY,153.04,153.046,153.024,153.045,36.0
2024-04-10 17:21:00,FX:USDJPY,153.045,153.04999999999998,153.023,153.028,38.0
2024-04-10 17:22:00,FX:USDJPY,153.028,153.029,153.028,153.029,4.0
2024-04-10 17:23:00,FX:USDJPY,153.029,153.046,153.024,153.046,19.0
2024-04-10 17:24:00,FX:USDJPY,153.046,153.052,153.046,153.052,10.0
2024-04-10 17:25:00,FX:USDJPY,153.052,153.05599999999998,153.052,153.05499999999998,6.0
2024-04-10 17:26:00,FX:USDJPY,153.05499999999998,153.05599999999998,153.047,153.047,16.0
2024-04-10 17:27:00,FX:USDJPY,153.047,153.04999999999998,153.047,153.047,11.0
2024-04-10 17:28:00,FX:USDJPY,153.047,153.04999999999998,153.047,153.04999999999998,9.0
2024-04-10 17:29:00,FX:USDJPY,153.04999999999998,153.052,153.04999999999998,153.052,6.0
2024-04-10 17:30:00,FX:USDJPY,153.052,153.054,153.052,153.054,9.0
2024-04-10 17:31:00,FX:USDJPY,153.054,153.05499999999998,153.054,153.05499999999998,6.0
2024-04-10 17:32:00,FX:USDJPY,153.05499999999998,153.066,153.047,153.06099999999998,19.0
2024-04-10 17:33:00,FX:USDJPY,153.06099999999998,153.064,153.051,153.06099999999998,9.0
2024-04-10 17:34:00,FX:USDJPY,153.06099999999998,153.063,153.05499999999998,153.05599999999998,19.0
2024-04-10 17:35:00,FX:USDJPY,153.05599999999998,153.065,153.054,153.06099999999998,20.0
2024-04-10 17:36:00,FX:USDJPY,153.06099999999998,153.064,153.054,153.063,7.0
2024-04-10 17:37:00,FX:USDJPY,153.063,153.063,153.05599999999998,153.05599999999998,6.0
2024-04-10 17:38:00,FX:USDJPY,153.05599999999998,153.058,153.048,153.051,12.0
2024-04-10 17:39:00,FX:USDJPY,153.051,153.057,153.04899999999998,153.05599999999998,32.0
2024-04-10 17:40:00,FX:USDJPY,153.05599999999998,153.057,153.04999999999998,153.054,155.0
2024-04-10 17:41:00,FX:USDJPY,153.054,153.054,153.052,153.052,29.0
2024-04-10 17:42:00,FX:USDJPY,153.052,153.066,153.052,153.064,21.0
2024-04-10 17:43:00,FX:USDJPY,153.064,153.065,153.064,153.065,49.0
2024-04-10 17:44:00,FX:USDJPY,153.065,153.065,153.063,153.065,56.0
2024-04-10 17:45:00,FX:USDJPY,153.065,153.065,153.064,153.064,53.0
2024-04-10 17:46:00,FX:USDJPY,153.064,153.065,153.06199999999998,153.065,28.0
2024-04-10 17:47:00,FX:USDJPY,153.065,153.07999999999998,153.06099999999998,153.07399999999998,22.0
2024-04-10 17:48:00,FX:USDJPY,153.07399999999998,153.07399999999998,153.046,153.069,63.0
2024-04-10 17:49:00,FX:USDJPY,153.069,153.07,153.053,153.06699999999998,88.0
2024-04-10 17:50:00,FX:USDJPY,153.06699999999998,153.06799999999998,153.04899999999998,153.051,62.0
2024-04-10 17:51:00,FX:USDJPY,153.051,153.065,153.04999999999998,153.06,46.0
2024-04-10 17:52:00,FX:USDJPY,153.06,153.066,153.048,153.048,10.0
2024-04-10 17:53:00,FX:USDJPY,153.048,153.064,153.01899999999998,153.01999999999998,52.0
2024-04-10 17:54:00,FX:USDJPY,153.01999999999998,153.022,152.92499999999998,152.95399999999998,84.0
2024-04-10 17:55:00,FX:USDJPY,152.95399999999998,152.96099999999998,152.953,152.956,16.0
2024-04-10 17:56:00,FX:USDJPY,152.956,152.97299999999998,152.956,152.97299999999998,18.0
2024-04-10 17:57:00,FX:USDJPY,152.97299999999998,152.987,152.96599999999998,152.987,23.0
2024-04-10 17:58:00,FX:USDJPY,152.987,152.992,152.97299999999998,152.97799999999998,31.0
2024-04-10 17:59:00,FX:USDJPY,152.97799999999998,152.995,152.971,152.994,57.0
2024-04-10 18:00:00,FX:USDJPY,152.994,153.021,152.947,152.96699999999998,162.0
2024-04-10 18:01:00,FX:USDJPY,152.96699999999998,153.0,152.96599999999998,152.97299999999998,91.0
2024-04-10 18:02:00,FX:USDJPY,152.97299999999998,152.97299999999998,152.96099999999998,152.962,32.0
2024-04-10 18:03:00,FX:USDJPY,152.962,152.962,152.932,152.951,153.0
2024-04-10 18:04:00,FX:USDJPY,152.951,152.951,152.922,152.922,82.0
2024-04-10 18:05:00,FX:USDJPY,152.922,152.926,152.902,152.904,50.0
2024-04-10 18:06:00,FX:USDJPY,152.904,152.908,152.893,152.89999999999998,73.0
2024-04-10 18:07:00,FX:USDJPY,152.89999999999998,152.94299999999998,152.898,152.94299999999998,86.0
2024-04-10 18:08:00,FX:USDJPY,152.94299999999998,152.944,152.932,152.93599999999998,24.0
2024-04-10 18:09:00,FX:USDJPY,152.93599999999998,152.94299999999998,152.928,152.928,45.0
2024-04-10 18:10:00,FX:USDJPY,152.928,152.945,152.928,152.944,22.0
2024-04-10 18:11:00,FX:USDJPY,152.944,152.945,152.941,152.94199999999998,18.0
2024-04-10 18:12:00,FX:USDJPY,152.94199999999998,152.95499999999998,152.94,152.94799999999998,53.0
2024-04-10 18:13:00,FX:USDJPY,152.94799999999998,152.94799999999998,152.938,152.938,41.0
2024-04-10 18:14:00,FX:USDJPY,152.938,152.94299999999998,152.938,152.94199999999998,38.0
2024-04-10 18:15:00,FX:USDJPY,152.94199999999998,152.95399999999998,152.94,152.95399999999998,40.0
2024-04-10 18:16:00,FX:USDJPY,152.95399999999998,152.957,152.941,152.94199999999998,43.0
2024-04-10 18:17:00,FX:USDJPY,152.94199999999998,152.95399999999998,152.94199999999998,152.952,53.0
2024-04-10 18:18:00,FX:USDJPY,152.952,152.95399999999998,152.94299999999998,152.94299999999998,51.0
2024-04-10 18:19:00,FX:USDJPY,152.94299999999998,152.95499999999998,152.94299999999998,152.953,32.0
2024-04-10 18:20:00,FX:USDJPY,152.953,152.98499999999999,152.94899999999998,152.98499999999999,104.0
2024-04-10 18:21:00,FX:USDJPY,152.98499999999999,153.001,152.97899999999998,152.988,101.0
2024-04-10 18:22:00,FX:USDJPY,152.988,152.989,152.975,152.975,51.0
2024-04-10 18:23:00,FX:USDJPY,152.975,152.975,152.95999999999998,152.963,47.0
2024-04-10 18:24:00,FX:USDJPY,152.963,152.963,152.938,152.938,30.0
2024-04-10 18:25:00,FX:USDJPY,152.938,152.951,152.938,152.938,50.0
2024-04-10 18:26:00,FX:USDJPY,152.938,152.94,152.93699999999998,152.939,25.0
2024-04-10 18:27:00,FX:USDJPY,152.939,152.939,152.93099999999998,152.933,24.0
2024-04-10 18:28:00,FX:USDJPY,152.933,152.933,152.91899999999998,152.929,55.0
2024-04-10 18:29:00,FX:USDJPY,152.929,152.945,152.929,152.941,35.0
2024-04-10 18:30:00,FX:USDJPY,152.941,152.963,152.94,152.952,64.0
2024-04-10 18:31:00,FX:USDJPY,152.952,152.971,152.952,152.971,71.0
2024-04-10 18:32:00,FX:USDJPY,152.971,152.982,152.94899999999998,152.95,98.0
2024-04-10 18:33:00,FX:USDJPY,152.95,152.96099999999998,152.95,152.957,44.0
2024-04-10 18:34:00,FX:USDJPY,152.957,152.975,152.956,152.971,86.0
2024-04-10 18:35:00,FX:USDJPY,152.971,152.97199999999998,152.964,152.965,58.0
2024-04-10 18:36:00,FX:USDJPY,152.965,152.96599999999998,152.947,152.95399999999998,52.0
2024-04-10 18:37:00,FX:USDJPY,152.95399999999998,152.959,152.94899999999998,152.952,63.0
2024-04-10 18:38:00,FX:USDJPY,152.952,152.965,152.951,152.95999999999998,76.0
2024-04-10 18:39:00,FX:USDJPY,152.95999999999998,152.965,152.957,152.957,55.0
2024-04-10 18:40:00,FX:USDJPY,152.957,152.96599999999998,152.957,152.96099999999998,62.0
2024-04-10 18:41:00,FX:USDJPY,152.96099999999998,152.96099999999998,152.945,152.95,88.0
2024-04-10 18:42:00,FX:USDJPY,152.95,152.95,152.938,152.941,55.0
2024-04-10 18:43:00,FX:USDJPY,152.941,152.941,152.93599999999998,152.94,33.0
2024-04-10 18:44:00,FX:USDJPY,152.94,152.94,152.935,152.94,74.0
2024-04-10 18:45:00,FX:USDJPY,152.94,152.951,152.938,152.939,53.0
2024-04-10 18:46:00,FX:USDJPY,152.939,152.945,152.933,152.944,77.0
2024-04-10 18:47:00,FX:USDJPY,152.944,152.952,152.94299999999998,152.94899999999998,64.0
2024-04-10 18:48:00,FX:USDJPY,152.94899999999998,152.952,152.945,152.945,57.0
2024-04-10 18:49:00,FX:USDJPY,152.945,152.946,152.94299999999998,152.944,39.0
2024-04-10 18:50:00,FX:USDJPY,152.944,152.94799999999998,152.938,152.939,56.0
2024-04-10 18:51:00,FX:USDJPY,152.939,152.945,152.93599999999998,152.941,47.0
2024-04-10 18:52:00,FX:USDJPY,152.941,152.94199999999998,152.934,152.93599999999998,50.0
2024-04-10 18:53:00,FX:USDJPY,152.93599999999998,152.945,152.933,152.941,42.0
2024-04-10 18:54:00,FX:USDJPY,152.941,152.941,152.93699999999998,152.93699999999998,43.0
2024-04-10 18:55:00,FX:USDJPY,152.93699999999998,152.94,152.93699999999998,152.94,57.0
2024-04-10 18:56:00,FX:USDJPY,152.94,152.94,152.93599999999998,152.93599999999998,19.0
2024-04-10 18:57:00,FX:USDJPY,152.93599999999998,152.941,152.93599999999998,152.938,19.0
2024-04-10 18:58:00,FX:USDJPY,152.938,152.94299999999998,152.92999999999998,152.93099999999998,43.0
2024-04-10 18:59:00,FX:USDJPY,152.93099999999998,152.932,152.914,152.914,93.0
2024-04-10 19:00:00,FX:USDJPY,152.914,152.935,152.91299999999998,152.935,55.0
2024-04-10 19:01:00,FX:USDJPY,152.935,152.953,152.935,152.951,117.0
2024-04-10 19:02:00,FX:USDJPY,152.951,152.953,152.947,152.952,33.0
2024-04-10 19:03:00,FX:USDJPY,152.952,152.96599999999998,152.947,152.956,103.0
2024-04-10 19:04:00,FX:USDJPY,152.956,152.957,152.93099999999998,152.932,114.0
2024-04-10 19:05:00,FX:USDJPY,152.932,152.957,152.93099999999998,152.95499999999998,75.0
2024-04-10 19:06:00,FX:USDJPY,152.95499999999998,152.964,152.952,152.95999999999998,136.0
2024-04-10 19:07:00,FX:USDJPY,152.95999999999998,152.963,152.953,152.956,83.0
2024-04-10 19:08:00,FX:USDJPY,152.956,152.96099999999998,152.952,152.956,72.0
2024-04-10 19:09:00,FX:USDJPY,152.956,152.957,152.94199999999998,152.946,83.0
2024-04-10 19:10:00,FX:USDJPY,152.946,152.95499999999998,152.944,152.953,45.0
2024-04-10 19:11:00,FX:USDJPY,152.953,152.95399999999998,152.923,152.929,84.0
2024-04-10 19:12:00,FX:USDJPY,152.929,152.929,152.91799999999998,152.92499999999998,53.0
2024-04-10 19:13:00,FX:USDJPY,152.92499999999998,152.92499999999998,152.91899999999998,152.923,84.0
2024-04-10 19:14:00,FX:USDJPY,152.923,152.926,152.903,152.903,97.0
2024-04-10 19:15:00,FX:USDJPY,152.903,152.915,152.903,152.915,106.0
2024-04-10 19:16:00,FX:USDJPY,152.915,152.93099999999998,152.915,152.928,51.0
2024-04-10 19:17:00,FX:USDJPY,152.928,152.928,152.891,152.893,97.0
2024-04-10 19:18:00,FX:USDJPY,152.893,152.898,152.84699999999998,152.873,320.0
2024-04-10 19:19:00,FX:USDJPY,152.873,152.881,152.808,152.85999999999999,342.0
2024-04-10 19:20:00,FX:USDJPY,152.85999999999999,152.902,152.833,152.896,242.0
2024-04-10 19:21:00,FX:USDJPY,152.896,152.92499999999998,152.88899999999998,152.91899999999998,127.0
2024-04-10 19:22:00,FX:USDJPY,152.91899999999998,152.92399999999998,152.892,152.903,139.0
2024-04-10 19:23:00,FX:USDJPY,152.903,152.903,152.88899999999998,152.892,70.0
2024-04-10 19:24:00,FX:USDJPY,152.892,152.914,152.87199999999999,152.91,128.0
2024-04-10 19:25:00,FX:USDJPY,152.91,152.923,152.904,152.91799999999998,158.0
2024-04-10 19:26:00,FX:USDJPY,152.91799999999998,152.947,152.91799999999998,152.939,155.0
2024-04-10 19:27:00,FX:USDJPY,152.939,152.94,152.899,152.917,180.0
2024-04-10 19:28:00,FX:USDJPY,152.917,152.93699999999998,152.915,152.92399999999998,128.0
2024-04-10 19:29:00,FX:USDJPY,152.92399999999998,152.926,152.915,152.916,33.0
2024-04-10 19:30:00,FX:USDJPY,152.916,152.917,152.88299999999998,152.89399999999998,100.0
2024-04-10 19:31:00,FX:USDJPY,152.89399999999998,152.904,152.89399999999998,152.899,97.0
2024-04-10 19:32:00,FX:USDJPY,152.899,152.89999999999998,152.87099999999998,152.873,92.0
2024-04-10 19:33:00,FX:USDJPY,152.873,152.885,152.838,152.839,122.0
2024-04-10 19:34:00,FX:USDJPY,152.839,152.86499999999998,152.828,152.849,197.0
2024-04-10 19:35:00,FX:USDJPY,152.849,152.86499999999998,152.84699999999998,152.85899999999998,135.0
2024-04-10 19:36:00,FX:USDJPY,152.85899999999998,152.90099999999998,152.858,152.873,165.0
2024-04-10 19:37:00,FX:USDJPY,152.873,152.886,152.87199999999999,152.885,106.0
2024-04-10 19:38:00,FX:USDJPY,152.885,152.899,152.881,152.896,81.0
2024-04-10 19:39:00,FX:USDJPY,152.896,152.896,152.873,152.885,80.0
2024-04-10 19:40:00,FX:USDJPY,152.885,152.921,152.885,152.904,87.0
2024-04-10 19:41:00,FX:USDJPY,152.904,152.909,152.898,152.908,54.0
2024-04-10 19:42:00,FX:USDJPY,152.908,152.916,152.897,152.902,140.0
2024-04-10 19:43:00,FX:USDJPY,152.902,152.915,152.89399999999998,152.89399999999998,100.0
2024-04-10 19:44:00,FX:USDJPY,152.89399999999998,152.90599999999998,152.89399999999998,152.904,95.0
2024-04-10 19:45:00,FX:USDJPY,152.904,152.927,152.904,152.915,94.0
2024-04-10 19:46:00,FX:USDJPY,152.915,152.92499999999998,152.914,152.915,97.0
2024-04-10 19:47:00,FX:USDJPY,152.915,152.915,152.891,152.89399999999998,117.0
2024-04-10 19:48:00,FX:USDJPY,152.89399999999998,152.897,152.892,152.89399999999998,82.0
2024-04-10 19:49:00,FX:USDJPY,152.89399999999998,152.896,152.87099999999998,152.873,156.0
2024-04-10 19:50:00,FX:USDJPY,152.873,152.892,152.87199999999999,152.885,93.0
2024-04-10 19:51:00,FX:USDJPY,152.885,152.885,152.874,152.88,111.0
2024-04-10 19:52:00,FX:USDJPY,152.88,152.911,152.878,152.88899999999998,184.0
2024-04-10 19:53:00,FX:USDJPY,152.88899999999998,152.933,152.88899999999998,152.922,132.0
2024-04-10 19:54:00,FX:USDJPY,152.922,152.945,152.915,152.945,158.0
2024-04-10 19:55:00,FX:USDJPY,152.945,152.94799999999998,152.917,152.928,115.0
2024-04-10 19:56:00,FX:USDJPY,152.928,152.96099999999998,152.928,152.946,173.0
2024-04-10 19:57:00,FX:USDJPY,152.946,152.969,152.946,152.962,191.0
2024-04-10 19:58:00,FX:USDJPY,152.962,152.964,152.939,152.962,135.0
2024-04-10 19:59:00,FX:USDJPY,152.962,152.971,152.946,152.95499999999998,205.0
2024-04-10 20:00:00,FX:USDJPY,152.95499999999998,152.99099999999999,152.94199999999998,152.976,299.0
2024-04-10 20:01:00,FX:USDJPY,152.976,153.004,152.953,152.96599999999998,336.0
2024-04-10 20:02:00,FX:USDJPY,152.96599999999998,153.005,152.96599999999998,152.974,222.0
2024-04-10 20:03:00,FX:USDJPY,152.974,152.975,152.944,152.945,265.0
2024-04-10 20:04:00,FX:USDJPY,152.945,152.96699999999998,152.93699999999998,152.95399999999998,228.0
2024-04-10 20:05:00,FX:USDJPY,152.95399999999998,152.95499999999998,152.94,152.941,192.0
2024-04-10 20:06:00,FX:USDJPY,152.941,152.944,152.904,152.904,163.0
2024-04-10 20:07:00,FX:USDJPY,152.904,152.91799999999998,152.89399999999998,152.905,283.0
2024-04-10 20:08:00,FX:USDJPY,152.905,152.905,152.891,152.902,208.0
2024-04-10 20:09:00,FX:USDJPY,152.902,152.908,152.874,152.879,235.0
2024-04-10 20:10:00,FX:USDJPY,152.879,152.879,152.846,152.84699999999998,285.0
2024-04-10 20:11:00,FX:USDJPY,152.84699999999998,152.856,152.832,152.83499999999998,186.0
2024-04-10 20:12:00,FX:USDJPY,152.83499999999998,152.86499999999998,152.82399999999998,152.862,181.0
2024-04-10 20:13:00,FX:USDJPY,152.862,152.88899999999998,152.838,152.838,234.0
2024-04-10 20:14:00,FX:USDJPY,152.838,152.843,152.809,152.826,234.0
2024-04-10 20:15:00,FX:USDJPY,152.826,152.851,152.826,152.838,202.0
2024-04-10 20:16:00,FX:USDJPY,152.838,152.852,152.827,152.837,162.0
2024-04-10 20:17:00,FX:USDJPY,152.837,152.868,152.83599999999998,152.84099999999998,157.0
2024-04-10 20:18:00,FX:USDJPY,152.84099999999998,152.844,152.804,152.815,131.0
2024-04-10 20:19:00,FX:USDJPY,152.815,152.83499999999998,152.79999999999998,152.826,246.0
2024-04-10 20:20:00,FX:USDJPY,152.826,152.84099999999998,152.809,152.83599999999998,184.0
2024-04-10 20:21:00,FX:USDJPY,152.83599999999998,152.849,152.813,152.813,130.0
2024-04-10 20:22:00,FX:USDJPY,152.813,152.82999999999998,152.80599999999998,152.828,138.0
2024-04-10 20:23:00,FX:USDJPY,152.828,152.84799999999998,152.822,152.84699999999998,88.0
2024-04-10 20:24:00,FX:USDJPY,152.84699999999998,152.862,152.846,152.851,117.0
2024-04-10 20:25:00,FX:USDJPY,152.851,152.88799999999998,152.851,152.887,89.0
2024-04-10 20:26:00,FX:USDJPY,152.887,152.88799999999998,152.873,152.876,89.0
2024-04-10 20:27:00,FX:USDJPY,152.876,152.884,152.85299999999998,152.882,216.0
2024-04-10 20:28:00,FX:USDJPY,152.882,152.88799999999998,152.857,152.875,122.0
2024-04-10 20:29:00,FX:USDJPY,152.875,152.893,152.875,152.88,142.0
2024-04-10 20:30:00,FX:USDJPY,152.88,152.91,152.879,152.903,127.0
2024-04-10 20:31:00,FX:USDJPY,152.903,152.909,152.893,152.898,138.0
2024-04-10 20:32:00,FX:USDJPY,152.898,152.90599999999998,152.891,152.89999999999998,175.0
2024-04-10 20:33:00,FX:USDJPY,152.89999999999998,152.90099999999998,152.88899999999998,152.899,163.0
2024-04-10 20:34:00,FX:USDJPY,152.899,152.903,152.846,152.852,234.0
2024-04-10 20:35:00,FX:USDJPY,152.852,152.85399999999998,152.82999999999998,152.832,213.0
2024-04-10 20:36:00,FX:USDJPY,152.832,152.84199999999998,152.79999999999998,152.828,298.0
2024-04-10 20:37:00,FX:USDJPY,152.828,152.846,152.828,152.84099999999998,223.0
2024-04-10 20:38:00,FX:USDJPY,152.84099999999998,152.88,152.84099999999998,152.86499999999998,305.0
2024-04-10 20:39:00,FX:USDJPY,152.86499999999998,152.873,152.857,152.862,171.0
2024-04-10 20:40:00,FX:USDJPY,152.862,152.892,152.862,152.881,261.0
2024-04-10 20:41:00,FX:USDJPY,152.881,152.89399999999998,152.873,152.88799999999998,206.0
2024-04-10 20:42:00,FX:USDJPY,152.88799999999998,152.89499999999998,152.873,152.878,115.0
2024-04-10 20:43:00,FX:USDJPY,152.878,152.905,152.876,152.89999999999998,112.0
2024-04-10 20:44:00,FX:USDJPY,152.89999999999998,152.904,152.89399999999998,152.897,155.0
2024-04-10 20:45:00,FX:USDJPY,152.897,152.91799999999998,152.892,152.892,196.0
2024-04-10 20:46:00,FX:USDJPY,152.892,152.892,152.863,152.891,261.0
2024-04-10 20:47:00,FX:USDJPY,152.891,152.911,152.87,152.87,175.0
2024-04-10 20:48:00,FX:USDJPY,152.87,152.875,152.862,152.87199999999999,198.0
2024-04-10 20:49:00,FX:USDJPY,152.87199999999999,152.893,152.87199999999999,152.88799999999998,194.0
2024-04-10 20:50:00,FX:USDJPY,152.88799999999998,152.88799999999998,152.828,152.839,297.0
2024-04-10 20:51:00,FX:USDJPY,152.839,152.879,152.819,152.879,267.0
2024-04-10 20:52:00,FX:USDJPY,152.879,152.933,152.87199999999999,152.932,352.0
2024-04-10 20:53:00,FX:USDJPY,152.932,152.938,152.899,152.926,337.0
2024-04-10 20:54:00,FX:USDJPY,152.926,152.929,152.881,152.896,680.0
2024-04-10 20:55:00,FX:USDJPY,152.896,152.897,152.832,152.84199999999998,577.0
2024-04-10 20:56:00,FX:USDJPY,152.84199999999998,152.867,152.81799999999998,152.83499999999998,393.0
2024-04-10 20:57:00,FX:USDJPY,152.83499999999998,152.849,152.828,152.838,276.0
2024-04-10 20:58:00,FX:USDJPY,152.838,152.845,152.81199999999998,152.84099999999998,310.0
2024-04-10 20:59:00,FX:USDJPY,152.84099999999998,152.846,152.82299999999998,152.83499999999998,202.0
2024-04-10 21:00:00,FX:USDJPY,152.83499999999998,152.861,152.82999999999998,152.85899999999998,249.0
2024-04-10 21:01:00,FX:USDJPY,152.85899999999998,152.873,152.855,152.863,167.0
2024-04-10 21:02:00,FX:USDJPY,152.863,152.863,152.834,152.834,233.0
2024-04-10 21:03:00,FX:USDJPY,152.834,152.83499999999998,152.79899999999998,152.804,303.0
2024-04-10 21:04:00,FX:USDJPY,152.804,152.813,152.778,152.81099999999998,231.0
2024-04-10 21:05:00,FX:USDJPY,152.81099999999998,152.82299999999998,152.808,152.822,153.0
2024-04-10 21:06:00,FX:USDJPY,152.822,152.82299999999998,152.807,152.807,157.0
2024-04-10 21:07:00,FX:USDJPY,152.807,152.808,152.76999999999998,152.779,322.0
2024-04-10 21:08:00,FX:USDJPY,152.779,152.797,152.778,152.78699999999998,173.0
2024-04-10 21:09:00,FX:USDJPY,152.78699999999998,152.79999999999998,152.762,152.76399999999998,220.0
2024-04-10 21:10:00,FX:USDJPY,152.76399999999998,152.79299999999998,152.761,152.766,246.0
2024-04-10 21:11:00,FX:USDJPY,152.766,152.779,152.75799999999998,152.779,186.0
2024-04-10 21:12:00,FX:USDJPY,152.779,152.802,152.76999999999998,152.792,200.0
2024-04-10 21:13:00,FX:USDJPY,152.792,152.85899999999998,152.77599999999998,152.834,382.0
2024-04-10 21:14:00,FX:USDJPY,152.834,152.839,152.801,152.802,292.0
2024-04-10 21:15:00,FX:USDJPY,152.802,152.814,152.786,152.804,257.0
2024-04-10 21:16:00,FX:USDJPY,152.804,152.82399999999998,152.79399999999998,152.815,291.0
2024-04-10 21:17:00,FX:USDJPY,152.815,152.82399999999998,152.80599999999998,152.81799999999998,199.0
2024-04-10 21:18:00,FX:USDJPY,152.81799999999998,152.832,152.81199999999998,152.819,315.0
2024-04-10 21:19:00,FX:USDJPY,152.819,152.82,152.79999999999998,152.803,229.0
2024-04-10 21:20:00,FX:USDJPY,152.803,152.837,152.802,152.834,214.0
2024-04-10 21:21:00,FX:USDJPY,152.834,152.84699999999998,152.833,152.846,182.0
2024-04-10 21:22:00,FX:USDJPY,152.846,152.85399999999998,152.84199999999998,152.844,172.0
2024-04-10 21:23:00,FX:USDJPY,152.844,152.84799999999998,152.82299999999998,152.844,189.0
2024-04-10 21:24:00,FX:USDJPY,152.844,152.87199999999999,152.844,152.85999999999999,271.0
2024-04-10 21:25:00,FX:USDJPY,152.85999999999999,152.863,152.843,152.85299999999998,202.0
2024-04-10 21:26:00,FX:USDJPY,152.85299999999998,152.85299999999998,152.825,152.84099999999998,87.0
2024-04-10 21:27:00,FX:USDJPY,152.84099999999998,152.84199999999998,152.82,152.832,120.0
2024-04-10 21:28:00,FX:USDJPY,152.832,152.85999999999999,152.82899999999998,152.85899999999998,114.0
2024-04-10 21:29:00,FX:USDJPY,152.85899999999998,152.85999999999999,152.851,152.852,76.0
2024-04-10 21:30:00,FX:USDJPY,152.852,152.89999999999998,152.851,152.867,237.0
2024-04-10 21:31:00,FX:USDJPY,152.867,152.891,152.864,152.86599999999999,181.0
2024-04-10 21:32:00,FX:USDJPY,152.86599999999999,152.868,152.851,152.85899999999998,116.0
2024-04-10 21:33:00,FX:USDJPY,152.85899999999998,152.875,152.858,152.87099999999998,173.0
2024-04-10 21:34:00,FX:USDJPY,152.87099999999998,152.874,152.851,152.851,144.0
2024-04-10 21:35:00,FX:USDJPY,152.851,152.864,152.84199999999998,152.852,225.0
2024-04-10 21:36:00,FX:USDJPY,152.852,152.856,152.85,152.852,144.0
2024-04-10 21:37:00,FX:USDJPY,152.852,152.85999999999999,152.84199999999998,152.855,151.0
2024-04-10 21:38:00,FX:USDJPY,152.855,152.864,152.83599999999998,152.83599999999998,123.0
2024-04-10 21:39:00,FX:USDJPY,152.83599999999998,152.84,152.822,152.833,202.0
2024-04-10 21:40:00,FX:USDJPY,152.833,152.855,152.832,152.855,181.0
2024-04-10 21:41:00,FX:USDJPY,152.855,152.85999999999999,152.84,152.849,235.0
2024-04-10 21:42:00,FX:USDJPY,152.849,152.86499999999998,152.844,152.858,165.0
2024-04-10 21:43:00,FX:USDJPY,152.858,152.858,152.83599999999998,152.84099999999998,143.0
2024-04-10 21:44:00,FX:USDJPY,152.84099999999998,152.851,152.831,152.845,235.0
2024-04-10 21:45:00,FX:USDJPY,152.845,152.863,152.844,152.858,205.0
2024-04-10 21:46:00,FX:USDJPY,152.858,152.867,152.844,152.845,218.0
2024-04-10 21:47:00,FX:USDJPY,152.845,152.85999999999999,152.845,152.84799999999998,148.0
2024-04-10 21:48:00,FX:USDJPY,152.84799999999998,152.849,152.83499999999998,152.83499999999998,139.0
2024-04-10 21:49:00,FX:USDJPY,152.83499999999998,152.84099999999998,152.819,152.839,182.0
2024-04-10 21:50:00,FX:USDJPY,152.839,152.864,152.837,152.85399999999998,224.0
2024-04-10 21:51:00,FX:USDJPY,152.85399999999998,152.864,152.845,152.863,183.0
2024-04-10 21:52:00,FX:USDJPY,152.863,152.864,152.826,152.83599999999998,214.0
2024-04-10 21:53:00,FX:USDJPY,152.83599999999998,152.84,152.827,152.827,140.0
2024-04-10 21:54:00,FX:USDJPY,152.827,152.82999999999998,152.816,152.82999999999998,140.0
2024-04-10 21:55:00,FX:USDJPY,152.82999999999998,152.834,152.81799999999998,152.81799999999998,119.0
2024-04-10 21:56:00,FX:USDJPY,152.81799999999998,152.82999999999998,152.813,152.819,121.0
2024-04-10 21:57:00,FX:USDJPY,152.819,152.825,152.79999999999998,152.81099999999998,180.0
2024-04-10 21:58:00,FX:USDJPY,152.81099999999998,152.825,152.809,152.809,196.0
2024-04-10 21:59:00,FX:USDJPY,152.809,152.81199999999998,152.80599999999998,152.808,106.0
2024-04-10 22:00:00,FX:USDJPY,152.808,152.825,152.807,152.825,188.0
2024-04-10 22:01:00,FX:USDJPY,152.825,152.826,152.80599999999998,152.816,139.0
2024-04-10 22:02:00,FX:USDJPY,152.816,152.819,152.798,152.808,142.0
2024-04-10 22:03:00,FX:USDJPY,152.808,152.809,152.79299999999998,152.809,153.0
2024-04-10 22:04:00,FX:USDJPY,152.809,152.813,152.78199999999998,152.795,127.0
2024-04-10 22:05:00,FX:USDJPY,152.795,152.804,152.79,152.792,168.0
2024-04-10 22:06:00,FX:USDJPY,152.792,152.79399999999998,152.78199999999998,152.78799999999998,159.0
2024-04-10 22:07:00,FX:USDJPY,152.78799999999998,152.795,152.783,152.79399999999998,149.0
2024-04-10 22:08:00,FX:USDJPY,152.79399999999998,152.795,152.78,152.78099999999998,111.0
2024-04-10 22:09:00,FX:USDJPY,152.78099999999998,152.79399999999998,152.78099999999998,152.79,76.0
2024-04-10 22:10:00,FX:USDJPY,152.79,152.814,152.78799999999998,152.813,107.0
2024-04-10 22:11:00,FX:USDJPY,152.813,152.82399999999998,152.813,152.822,108.0
2024-04-10 22:12:00,FX:USDJPY,152.822,152.82399999999998,152.79999999999998,152.803,140.0
2024-04-10 22:13:00,FX:USDJPY,152.803,152.80599999999998,152.784,152.785,142.0
2024-04-10 22:14:00,FX:USDJPY,152.785,152.80499999999998,152.783,152.804,100.0
2024-04-10 22:15:00,FX:USDJPY,152.804,152.81,152.801,152.80499999999998,120.0
2024-04-10 22:16:00,FX:USDJPY,152.80499999999998,152.809,152.801,152.801,106.0
2024-04-10 22:17:00,FX:USDJPY,152.801,152.803,152.792,152.796,125.0
2024-04-10 22:18:00,FX:USDJPY,152.796,152.831,152.796,152.82299999999998,139.0
2024-04-10 22:19:00,FX:USDJPY,152.82299999999998,152.826,152.808,152.808,107.0
2024-04-10 22:20:00,FX:USDJPY,152.808,152.81199999999998,152.804,152.80599999999998,83.0
2024-04-10 22:21:00,FX:USDJPY,152.80599999999998,152.809,152.802,152.803,105.0
2024-04-10 22:22:00,FX:USDJPY,152.803,152.80499999999998,152.791,152.79399999999998,124.0
2024-04-10 22:23:00,FX:USDJPY,152.79399999999998,152.803,152.78099999999998,152.795,104.0
2024-04-10 22:24:00,FX:USDJPY,152.795,152.797,152.786,152.79299999999998,91.0
2024-04-10 22:25:00,FX:USDJPY,152.79299999999998,152.79399999999998,152.786,152.79299999999998,104.0
2024-04-10 22:26:00,FX:USDJPY,152.79299999999998,152.79999999999998,152.78799999999998,152.78799999999998,93.0
2024-04-10 22:27:00,FX:USDJPY,152.78799999999998,152.797,152.78799999999998,152.796,91.0
2024-04-10 22:28:00,FX:USDJPY,152.796,152.809,152.78799999999998,152.79,87.0
2024-04-10 22:29:00,FX:USDJPY,152.79,152.791,152.78699999999998,152.791,64.0
2024-04-10 22:30:00,FX:USDJPY,152.791,152.808,152.79,152.803,126.0
2024-04-10 22:31:00,FX:USDJPY,152.803,152.827,152.802,152.825,130.0
2024-04-10 22:32:00,FX:USDJPY,152.825,152.843,152.819,152.843,101.0
2024-04-10 22:33:00,FX:USDJPY,152.843,152.85999999999999,152.84199999999998,152.849,180.0
2024-04-10 22:34:00,FX:USDJPY,152.849,152.851,152.844,152.85,128.0
2024-04-10 22:35:00,FX:USDJPY,152.85,152.851,152.844,152.85,73.0
2024-04-10 22:36:00,FX:USDJPY,152.85,152.85299999999998,152.83499999999998,152.84699999999998,163.0
2024-04-10 22:37:00,FX:USDJPY,152.84699999999998,152.84699999999998,152.82399999999998,152.82399999999998,103.0
2024-04-10 22:38:00,FX:USDJPY,152.82399999999998,152.83499999999998,152.81799999999998,152.825,96.0
2024-04-10 22:39:00,FX:USDJPY,152.825,152.838,152.821,152.834,117.0
2024-04-10 22:40:00,FX:USDJPY,152.834,152.838,152.831,152.832,116.0
2024-04-10 22:41:00,FX:USDJPY,152.832,152.846,152.832,152.845,65.0
2024-04-10 22:42:00,FX:USDJPY,152.845,152.85399999999998,152.833,152.849,166.0
2024-04-10 22:43:00,FX:USDJPY,152.849,152.85,152.843,152.844,87.0
2024-04-10 22:44:00,FX:USDJPY,152.844,152.846,152.84199999999998,152.844,68.0
2024-04-10 22:45:00,FX:USDJPY,152.844,152.84699999999998,152.843,152.845,70.0
2024-04-10 22:46:00,FX:USDJPY,152.845,152.845,152.84099999999998,152.843,44.0
2024-04-10 22:47:00,FX:USDJPY,152.843,152.852,152.84199999999998,152.843,85.0
2024-04-10 22:48:00,FX:USDJPY,152.843,152.843,152.832,152.833,95.0
2024-04-10 22:49:00,FX:USDJPY,152.833,152.85,152.82399999999998,152.843,135.0
2024-04-10 22:50:00,FX:USDJPY,152.843,152.85,152.832,152.844,142.0
2024-04-10 22:51:00,FX:USDJPY,152.844,152.85,152.837,152.845,101.0
2024-04-10 22:52:00,FX:USDJPY,152.845,152.852,152.83599999999998,152.83599999999998,150.0
2024-04-10 22:53:00,FX:USDJPY,152.83599999999998,152.83599999999998,152.82899999999998,152.834,115.0
2024-04-10 22:54:00,FX:USDJPY,152.834,152.85399999999998,152.834,152.84799999999998,177.0
2024-04-10 22:55:00,FX:USDJPY,152.84799999999998,152.856,152.84699999999998,152.852,142.0
2024-04-10 22:56:00,FX:USDJPY,152.852,152.85299999999998,152.837,152.838,126.0
2024-04-10 22:57:00,FX:USDJPY,152.838,152.838,152.81799999999998,152.819,117.0
2024-04-10 22:58:00,FX:USDJPY,152.819,152.834,152.819,152.832,160.0
2024-04-10 22:59:00,FX:USDJPY,152.832,152.832,152.825,152.825,106.0
2024-04-10 23:00:00,FX:USDJPY,152.825,152.84,152.815,152.832,168.0
2024-04-10 23:01:00,FX:USDJPY,152.832,152.849,152.82999999999998,152.849,85.0
2024-04-10 23:02:00,FX:USDJPY,152.849,152.85399999999998,152.84,152.84099999999998,137.0
2024-04-10 23:03:00,FX:USDJPY,152.84099999999998,152.849,152.84,152.846,106.0
2024-04-10 23:04:00,FX:USDJPY,152.846,152.85399999999998,152.84099999999998,152.851,122.0
2024-04-10 23:05:00,FX:USDJPY,152.851,152.855,152.833,152.84,207.0
2024-04-10 23:06:00,FX:USDJPY,152.84,152.84699999999998,152.839,152.846,119.0
2024-04-10 23:07:00,FX:USDJPY,152.846,152.84799999999998,152.837,152.838,150.0
2024-04-10 23:08:00,FX:USDJPY,152.838,152.84,152.833,152.833,121.0
2024-04-10 23:09:00,FX:USDJPY,152.833,152.84,152.816,152.84,156.0
2024-04-10 23:10:00,FX:USDJPY,152.84,152.84699999999998,152.837,152.846,83.0
2024-04-10 23:11:00,FX:USDJPY,152.846,152.84699999999998,152.84099999999998,152.846,97.0
2024-04-10 23:12:00,FX:USDJPY,152.846,152.846,152.838,152.839,85.0
2024-04-10 23:13:00,FX:USDJPY,152.839,152.84099999999998,152.83499999999998,152.83499999999998,97.0
2024-04-10 23:14:00,FX:USDJPY,152.83499999999998,152.845,152.822,152.83599999999998,120.0
2024-04-10 23:15:00,FX:USDJPY,152.83599999999998,152.85,152.83499999999998,152.839,120.0
2024-04-10 23:16:00,FX:USDJPY,152.839,152.84,152.826,152.826,71.0
2024-04-10 23:17:00,FX:USDJPY,152.826,152.82899999999998,152.822,152.82299999999998,74.0
2024-04-10 23:18:00,FX:USDJPY,152.82299999999998,152.828,152.821,152.828,95.0
2024-04-10 23:19:00,FX:USDJPY,152.828,152.828,152.81099999999998,152.81099999999998,89.0
2024-04-10 23:20:00,FX:USDJPY,152.81099999999998,152.825,152.81099999999998,152.825,77.0
2024-04-10 23:21:00,FX:USDJPY,152.825,152.837,152.81199999999998,152.813,151.0
2024-04-10 23:22:00,FX:USDJPY,152.813,152.831,152.81199999999998,152.828,143.0
2024-04-10 23:23:00,FX:USDJPY,152.828,152.84699999999998,152.827,152.84699999999998,168.0
2024-04-10 23:24:00,FX:USDJPY,152.84699999999998,152.84699999999998,152.837,152.84,83.0
2024-04-10 23:25:00,FX:USDJPY,152.84,152.845,152.83499999999998,152.83499999999998,92.0
2024-04-10 23:26:00,FX:USDJPY,152.83499999999998,152.85,152.833,152.849,85.0
2024-04-10 23:27:00,FX:USDJPY,152.849,152.85299999999998,152.844,152.849,70.0
2024-04-10 23:28:00,FX:USDJPY,152.849,152.85,152.846,152.84699999999998,50.0
2024-04-10 23:29:00,FX:USDJPY,152.84699999999998,152.852,152.84699999999998,152.84799999999998,85.0
2024-04-10 23:30:00,FX:USDJPY,152.84799999999998,152.85299999999998,152.84799999999998,152.85,55.0
2024-04-10 23:31:00,FX:USDJPY,152.85,152.851,152.84799999999998,152.85,35.0
2024-04-10 23:32:00,FX:USDJPY,152.85,152.857,152.84799999999998,152.85399999999998,78.0
2024-04-10 23:33:00,FX:USDJPY,152.85399999999998,152.85399999999998,152.84099999999998,152.846,86.0
2024-04-10 23:34:00,FX:USDJPY,152.846,152.85299999999998,152.846,152.85,89.0
2024-04-10 23:35:00,FX:USDJPY,152.85,152.852,152.84099999999998,152.849,109.0
2024-04-10 23:36:00,FX:USDJPY,152.849,152.849,152.843,152.84699999999998,78.0
2024-04-10 23:37:00,FX:USDJPY,152.84699999999998,152.852,152.84099999999998,152.851,103.0
2024-04-10 23:38:00,FX:USDJPY,152.851,152.85399999999998,152.84799999999998,152.85399999999998,65.0
2024-04-10 23:39:00,FX:USDJPY,152.85399999999998,152.861,152.85399999999998,152.858,43.0
2024-04-10 23:40:00,FX:USDJPY,152.858,152.875,152.857,152.874,76.0
2024-04-10 23:41:00,FX:USDJPY,152.874,152.87699999999998,152.873,152.876,50.0
2024-04-10 23:42:00,FX:USDJPY,152.876,152.88299999999998,152.87,152.88299999999998,176.0
2024-04-10 23:43:00,FX:USDJPY,152.88299999999998,152.885,152.875,152.88,86.0
2024-04-10 23:44:00,FX:USDJPY,152.88,152.886,152.876,152.882,85.0
2024-04-10 23:45:00,FX:USDJPY,152.882,152.887,152.876,152.886,67.0
2024-04-10 23:46:00,FX:USDJPY,152.886,152.887,152.88299999999998,152.885,63.0
2024-04-10 23:47:00,FX:USDJPY,152.885,152.885,152.87199999999999,152.873,95.0
2024-04-10 23:48:00,FX:USDJPY,152.873,152.875,152.867,152.87199999999999,69.0
2024-04-10 23:49:00,FX:USDJPY,152.87199999999999,152.88,152.87,152.876,136.0
2024-04-10 23:50:00,FX:USDJPY,152.876,152.886,152.875,152.886,67.0
2024-04-10 23:51:00,FX:USDJPY,152.886,152.887,152.884,152.887,31.0
2024-04-10 23:52:00,FX:USDJPY,152.887,152.897,152.886,152.896,74.0
2024-04-10 23:53:00,FX:USDJPY,152.896,152.896,152.88799999999998,152.893,106.0
2024-04-10 23:54:00,FX:USDJPY,152.893,152.899,152.893,152.897,55.0
2024-04-10 23:55:00,FX:USDJPY,152.897,152.93699999999998,152.897,152.93599999999998,123.0
2024-04-10 23:56:00,FX:USDJPY,152.93599999999998,152.93599999999998,152.928,152.933,122.0
2024-04-10 23:57:00,FX:USDJPY,152.933,152.93699999999998,152.917,152.926,176.0
2024-04-10 23:58:00,FX:USDJPY,152.926,152.94799999999998,152.92499999999998,152.944,209.0
2024-04-10 23:59:00,FX:USDJPY,152.944,152.94799999999998,152.94299999999998,152.945,174.0
2024-04-11 00:00:00,FX:USDJPY,152.945,152.97,152.94199999999998,152.953,228.0
2024-04-11 00:01:00,FX:USDJPY,152.953,152.962,152.941,152.956,151.0
2024-04-11 00:02:00,FX:USDJPY,152.956,152.968,152.944,152.957,150.0
2024-04-11 00:03:00,FX:USDJPY,152.957,152.958,152.94199999999998,152.94299999999998,75.0
2024-04-11 00:04:00,FX:USDJPY,152.94299999999998,152.951,152.941,152.944,57.0
2024-04-11 00:05:00,FX:USDJPY,152.944,152.947,152.94,152.947,76.0
2024-04-11 00:06:00,FX:USDJPY,152.947,152.95399999999998,152.941,152.947,103.0
2024-04-11 00:07:00,FX:USDJPY,152.947,152.947,152.941,152.94299999999998,35.0
2024-04-11 00:08:00,FX:USDJPY,152.94299999999998,152.94299999999998,152.929,152.929,39.0
2024-04-11 00:09:00,FX:USDJPY,152.929,152.934,152.929,152.934,50.0
2024-04-11 00:10:00,FX:USDJPY,152.934,152.934,152.92999999999998,152.93099999999998,69.0
2024-04-11 00:11:00,FX:USDJPY,152.93099999999998,152.93099999999998,152.916,152.91799999999998,67.0
2024-04-11 00:12:00,FX:USDJPY,152.91799999999998,152.91899999999998,152.903,152.90699999999998,178.0
2024-04-11 00:13:00,FX:USDJPY,152.90699999999998,152.908,152.896,152.90599999999998,128.0
2024-04-11 00:14:00,FX:USDJPY,152.90599999999998,152.914,152.89999999999998,152.91,133.0
2024-04-11 00:15:00,FX:USDJPY,152.91,152.91299999999998,152.908,152.91,79.0
2024-04-11 00:16:00,FX:USDJPY,152.91,152.914,152.882,152.882,174.0
2024-04-11 00:17:00,FX:USDJPY,152.882,152.887,152.881,152.886,82.0
2024-04-11 00:18:00,FX:USDJPY,152.886,152.904,152.884,152.884,117.0
2024-04-11 00:19:00,FX:USDJPY,152.884,152.887,152.88,152.882,133.0
2024-04-11 00:20:00,FX:USDJPY,152.882,152.89399999999998,152.88,152.893,97.0
2024-04-11 00:21:00,FX:USDJPY,152.893,152.905,152.893,152.90099999999998,134.0
2024-04-11 00:22:00,FX:USDJPY,152.90099999999998,152.905,152.898,152.903,116.0
2024-04-11 00:23:00,FX:USDJPY,152.903,152.904,152.897,152.899,86.0
2024-04-11 00:24:00,FX:USDJPY,152.899,152.90599999999998,152.897,152.89999999999998,77.0
2024-04-11 00:25:00,FX:USDJPY,152.89999999999998,152.903,152.89499999999998,152.89499999999998,60.0
2024-04-11 00:26:00,FX:USDJPY,152.89499999999998,152.904,152.89499999999998,152.89999999999998,81.0
2024-04-11 00:27:00,FX:USDJPY,152.89999999999998,152.903,152.896,152.903,88.0
2024-04-11 00:28:00,FX:USDJPY,152.903,152.903,152.88299999999998,152.884,59.0
2024-04-11 00:29:00,FX:USDJPY,152.884,152.885,152.87699999999998,152.882,68.0
2024-04-11 00:30:00,FX:USDJPY,152.882,152.882,152.864,152.86499999999998,132.0
2024-04-11 00:31:00,FX:USDJPY,152.86499999999998,152.87699999999998,152.864,152.874,77.0
2024-04-11 00:32:00,FX:USDJPY,152.874,152.878,152.87099999999998,152.87699999999998,95.0
2024-04-11 00:33:00,FX:USDJPY,152.87699999999998,152.891,152.876,152.88899999999998,97.0
2024-04-11 00:34:00,FX:USDJPY,152.88899999999998,152.905,152.88899999999998,152.898,134.0
2024-04-11 00:35:00,FX:USDJPY,152.898,152.91899999999998,152.898,152.916,162.0
2024-04-11 00:36:00,FX:USDJPY,152.916,152.91899999999998,152.908,152.908,88.0
2024-04-11 00:37:00,FX:USDJPY,152.908,152.91299999999998,152.905,152.90599999999998,89.0
2024-04-11 00:38:00,FX:USDJPY,152.90599999999998,152.90699999999998,152.898,152.905,74.0
2024-04-11 00:39:00,FX:USDJPY,152.905,152.91799999999998,152.905,152.911,118.0
2024-04-11 00:40:00,FX:USDJPY,152.911,152.926,152.91,152.923,99.0
2024-04-11 00:41:00,FX:USDJPY,152.923,152.92499999999998,152.922,152.92399999999998,42.0
2024-04-11 00:42:00,FX:USDJPY,152.92399999999998,152.927,152.91899999999998,152.91899999999998,101.0
2024-04-11 00:43:00,FX:USDJPY,152.91899999999998,152.92399999999998,152.91899999999998,152.923,64.0
2024-04-11 00:44:00,FX:USDJPY,152.923,152.923,152.911,152.916,88.0
2024-04-11 00:45:00,FX:USDJPY,152.916,152.916,152.908,152.911,90.0
2024-04-11 00:46:00,FX:USDJPY,152.911,152.91299999999998,152.91,152.91299999999998,62.0
2024-04-11 00:47:00,FX:USDJPY,152.91299999999998,152.91299999999998,152.91,152.91199999999998,82.0
2024-04-11 00:48:00,FX:USDJPY,152.91199999999998,152.91299999999998,152.90699999999998,152.909,58.0
2024-04-11 00:49:00,FX:USDJPY,152.909,152.91,152.90699999999998,152.90699999999998,34.0
2024-04-11 00:50:00,FX:USDJPY,152.90699999999998,152.90699999999998,152.88,152.884,133.0
2024-04-11 00:51:00,FX:USDJPY,152.884,152.90099999999998,152.876,152.899,101.0
2024-04-11 00:52:00,FX:USDJPY,152.899,152.91299999999998,152.899,152.91,74.0
2024-04-11 00:53:00,FX:USDJPY,152.91,152.91,152.90599999999998,152.908,55.0
2024-04-11 00:54:00,FX:USDJPY,152.908,152.908,152.899,152.899,76.0
2024-04-11 00:55:00,FX:USDJPY,152.899,152.90099999999998,152.89,152.893,83.0
2024-04-11 00:56:00,FX:USDJPY,152.893,152.89399999999998,152.885,152.886,96.0
2024-04-11 00:57:00,FX:USDJPY,152.886,152.88899999999998,152.87,152.87,102.0
2024-04-11 00:58:00,FX:USDJPY,152.87,152.88,152.87,152.878,70.0
2024-04-11 00:59:00,FX:USDJPY,152.878,152.89499999999998,152.878,152.89399999999998,80.0
2024-04-11 01:00:00,FX:USDJPY,152.89399999999998,152.905,152.885,152.903,97.0
2024-04-11 01:01:00,FX:USDJPY,152.903,152.915,152.902,152.914,122.0
2024-04-11 01:02:00,FX:USDJPY,152.914,152.914,152.91199999999998,152.91299999999998,85.0
2024-04-11 01:03:00,FX:USDJPY,152.91299999999998,152.91299999999998,152.887,152.90099999999998,88.0
2024-04-11 01:04:00,FX:USDJPY,152.90099999999998,152.922,152.89999999999998,152.922,155.0
2024-04-11 01:05:00,FX:USDJPY,152.922,152.92399999999998,152.91299999999998,152.91899999999998,115.0
2024-04-11 01:06:00,FX:USDJPY,152.91899999999998,152.921,152.911,152.911,85.0
2024-04-11 01:07:00,FX:USDJPY,152.911,152.91199999999998,152.908,152.911,88.0
2024-04-11 01:08:00,FX:USDJPY,152.911,152.921,152.90699999999998,152.921,102.0
2024-04-11 01:09:00,FX:USDJPY,152.921,152.93699999999998,152.91899999999998,152.93599999999998,143.0
2024-04-11 01:10:00,FX:USDJPY,152.93599999999998,152.944,152.915,152.91799999999998,129.0
2024-04-11 01:11:00,FX:USDJPY,152.91799999999998,152.92399999999998,152.91199999999998,152.91299999999998,121.0
2024-04-11 01:12:00,FX:USDJPY,152.91299999999998,152.91299999999998,152.90599999999998,152.91299999999998,76.0
2024-04-11 01:13:00,FX:USDJPY,152.91299999999998,152.91799999999998,152.908,152.909,116.0
2024-04-11 01:14:00,FX:USDJPY,152.909,152.909,152.904,152.90599999999998,108.0
2024-04-11 01:15:00,FX:USDJPY,152.90599999999998,152.90699999999998,152.893,152.897,86.0
2024-04-11 01:16:00,FX:USDJPY,152.897,152.916,152.897,152.90699999999998,99.0
2024-04-11 01:17:00,FX:USDJPY,152.90699999999998,152.915,152.905,152.91299999999998,62.0
2024-04-11 01:18:00,FX:USDJPY,152.91299999999998,152.92499999999998,152.91199999999998,152.923,87.0
2024-04-11 01:19:00,FX:USDJPY,152.923,152.935,152.923,152.933,103.0
2024-04-11 01:20:00,FX:USDJPY,152.933,152.935,152.921,152.92399999999998,89.0
2024-04-11 01:21:00,FX:USDJPY,152.92399999999998,152.94899999999998,152.922,152.94799999999998,102.0
2024-04-11 01:22:00,FX:USDJPY,152.94799999999998,152.94899999999998,152.93099999999998,152.93099999999998,132.0
2024-04-11 01:23:00,FX:USDJPY,152.93099999999998,152.935,152.93099999999998,152.934,70.0
2024-04-11 01:24:00,FX:USDJPY,152.934,152.947,152.92999999999998,152.944,124.0
2024-04-11 01:25:00,FX:USDJPY,152.944,152.944,152.92,152.923,110.0
2024-04-11 01:26:00,FX:USDJPY,152.923,152.92399999999998,152.922,152.92399999999998,36.0
2024-04-11 01:27:00,FX:USDJPY,152.92399999999998,152.945,152.92399999999998,152.93699999999998,149.0
2024-04-11 01:28:00,FX:USDJPY,152.93699999999998,152.94,152.93099999999998,152.932,77.0
2024-04-11 01:29:00,FX:USDJPY,152.932,152.935,152.92999999999998,152.933,85.0
2024-04-11 01:30:00,FX:USDJPY,152.933,152.93599999999998,152.92999999999998,152.932,124.0
2024-04-11 01:31:00,FX:USDJPY,152.932,152.94299999999998,152.92499999999998,152.941,127.0
2024-04-11 01:32:00,FX:USDJPY,152.941,152.945,152.941,152.941,53.0
2024-04-11 01:33:00,FX:USDJPY,152.941,152.94199999999998,152.932,152.932,57.0
2024-04-11 01:34:00,FX:USDJPY,152.932,152.933,152.917,152.929,104.0
2024-04-11 01:35:00,FX:USDJPY,152.929,152.929,152.921,152.923,81.0
2024-04-11 01:36:00,FX:USDJPY,152.923,152.929,152.921,152.92399999999998,85.0
2024-04-11 01:37:00,FX:USDJPY,152.92399999999998,152.92399999999998,152.922,152.923,66.0
2024-04-11 01:38:00,FX:USDJPY,152.923,152.92399999999998,152.90699999999998,152.923,141.0
2024-04-11 01:39:00,FX:USDJPY,152.923,152.923,152.914,152.91899999999998,133.0
2024-04-11 01:40:00,FX:USDJPY,152.91899999999998,152.922,152.91199999999998,152.922,99.0
2024-04-11 01:41:00,FX:USDJPY,152.922,152.923,152.917,152.917,95.0
2024-04-11 01:42:00,FX:USDJPY,152.917,152.929,152.917,152.928,117.0
2024-04-11 01:43:00,FX:USDJPY,152.928,152.929,152.92,152.92,128.0
2024-04-11 01:44:00,FX:USDJPY,152.92,152.92999999999998,152.917,152.92,92.0
2024-04-11 01:45:00,FX:USDJPY,152.92,152.92499999999998,152.911,152.91299999999998,75.0
2024-04-11 01:46:00,FX:USDJPY,152.91299999999998,152.92499999999998,152.91299999999998,152.92399999999998,60.0
2024-04-11 01:47:00,FX:USDJPY,152.92399999999998,152.941,152.914,152.939,141.0
2024-04-11 01:48:00,FX:USDJPY,152.939,152.94,152.923,152.92999999999998,149.0
2024-04-11 01:49:00,FX:USDJPY,152.92999999999998,152.932,152.92399999999998,152.92399999999998,83.0
2024-04-11 01:50:00,FX:USDJPY,152.92399999999998,152.928,152.921,152.923,168.0
2024-04-11 01:51:00,FX:USDJPY,152.923,152.934,152.922,152.932,149.0
2024-04-11 01:52:00,FX:USDJPY,152.932,152.93699999999998,152.93099999999998,152.93599999999998,97.0
2024-04-11 01:53:00,FX:USDJPY,152.93599999999998,152.93699999999998,152.935,152.93599999999998,79.0
2024-04-11 01:54:00,FX:USDJPY,152.93599999999998,152.93599999999998,152.92,152.935,163.0
2024-04-11 01:55:00,FX:USDJPY,152.935,152.944,152.92499999999998,152.934,106.0
2024-04-11 01:56:00,FX:USDJPY,152.934,152.94799999999998,152.934,152.94799999999998,127.0
2024-04-11 01:57:00,FX:USDJPY,152.94799999999998,152.95,152.93099999999998,152.946,143.0
2024-04-11 01:58:00,FX:USDJPY,152.946,152.962,152.946,152.959,156.0
2024-04-11 01:59:00,FX:USDJPY,152.959,152.974,152.957,152.968,150.0
2024-04-11 02:00:00,FX:USDJPY,152.968,152.97899999999998,152.958,152.97799999999998,267.0
2024-04-11 02:01:00,FX:USDJPY,152.97799999999998,152.981,152.971,152.971,173.0
2024-04-11 02:02:00,FX:USDJPY,152.971,152.99099999999999,152.969,152.97799999999998,313.0
2024-04-11 02:03:00,FX:USDJPY,152.97799999999998,153.006,152.97199999999998,153.005,228.0
2024-04-11 02:04:00,FX:USDJPY,153.005,153.034,153.005,153.016,220.0
2024-04-11 02:05:00,FX:USDJPY,153.016,153.047,153.01299999999998,153.039,249.0
2024-04-11 02:06:00,FX:USDJPY,153.039,153.051,153.033,153.04299999999998,293.0
2024-04-11 02:07:00,FX:USDJPY,153.04299999999998,153.053,153.023,153.051,256.0
2024-04-11 02:08:00,FX:USDJPY,153.051,153.064,153.04,153.054,206.0
2024-04-11 02:09:00,FX:USDJPY,153.054,153.057,153.036,153.04299999999998,197.0
2024-04-11 02:10:00,FX:USDJPY,153.04299999999998,153.045,153.03099999999998,153.036,157.0
2024-04-11 02:11:00,FX:USDJPY,153.036,153.039,153.02499999999998,153.03099999999998,138.0
2024-04-11 02:12:00,FX:USDJPY,153.03099999999998,153.03199999999998,153.011,153.017,192.0
2024-04-11 02:13:00,FX:USDJPY,153.017,153.048,153.01299999999998,153.047,174.0
2024-04-11 02:14:00,FX:USDJPY,153.047,153.064,153.046,153.059,151.0
2024-04-11 02:15:00,FX:USDJPY,153.059,153.07399999999998,153.058,153.059,188.0
2024-04-11 02:16:00,FX:USDJPY,153.059,153.06199999999998,153.04399999999998,153.059,158.0
2024-04-11 02:17:00,FX:USDJPY,153.059,153.06099999999998,153.04999999999998,153.04999999999998,105.0
2024-04-11 02:18:00,FX:USDJPY,153.04999999999998,153.04999999999998,153.036,153.03699999999998,122.0
2024-04-11 02:19:00,FX:USDJPY,153.03699999999998,153.03799999999998,153.022,153.024,163.0
2024-04-11 02:20:00,FX:USDJPY,153.024,153.029,153.023,153.02599999999998,95.0
2024-04-11 02:21:00,FX:USDJPY,153.02599999999998,153.027,153.017,153.017,114.0
2024-04-11 02:22:00,FX:USDJPY,153.017,153.041,153.017,153.04,105.0
2024-04-11 02:23:00,FX:USDJPY,153.04,153.08599999999998,153.039,153.08599999999998,247.0
2024-04-11 02:24:00,FX:USDJPY,153.08599999999998,153.08599999999998,153.075,153.081,101.0
2024-04-11 02:25:00,FX:USDJPY,153.081,153.095,153.075,153.081,205.0
2024-04-11 02:26:00,FX:USDJPY,153.081,153.09,153.077,153.084,167.0
2024-04-11 02:27:00,FX:USDJPY,153.084,153.087,153.07399999999998,153.082,136.0
2024-04-11 02:28:00,FX:USDJPY,153.082,153.094,153.077,153.07999999999998,134.0
2024-04-11 02:29:00,FX:USDJPY,153.07999999999998,153.07999999999998,153.06199999999998,153.075,168.0
2024-04-11 02:30:00,FX:USDJPY,153.075,153.10899999999998,153.075,153.093,221.0
2024-04-11 02:31:00,FX:USDJPY,153.093,153.11599999999999,153.093,153.09699999999998,222.0
2024-04-11 02:32:00,FX:USDJPY,153.09699999999998,153.099,153.09099999999998,153.096,120.0
2024-04-11 02:33:00,FX:USDJPY,153.096,153.111,153.093,153.10399999999998,153.0
2024-04-11 02:34:00,FX:USDJPY,153.10399999999998,153.12699999999998,153.10399999999998,153.118,280.0
2024-04-11 02:35:00,FX:USDJPY,153.118,153.123,153.1,153.10299999999998,246.0
2024-04-11 02:36:00,FX:USDJPY,153.10299999999998,153.108,153.099,153.106,266.0
2024-04-11 02:37:00,FX:USDJPY,153.106,153.106,153.09199999999998,153.095,189.0
2024-04-11 02:38:00,FX:USDJPY,153.095,153.096,153.09199999999998,153.094,171.0
2024-04-11 02:39:00,FX:USDJPY,153.094,153.09799999999998,153.08499999999998,153.093,190.0
2024-04-11 02:40:00,FX:USDJPY,153.093,153.09799999999998,153.083,153.095,178.0
2024-04-11 02:41:00,FX:USDJPY,153.095,153.10999999999999,153.094,153.10999999999999,178.0
2024-04-11 02:42:00,FX:USDJPY,153.10999999999999,153.117,153.102,153.10399999999998,163.0
2024-04-11 02:43:00,FX:USDJPY,153.10399999999998,153.10399999999998,153.07999999999998,153.083,145.0
2024-04-11 02:44:00,FX:USDJPY,153.083,153.083,153.06799999999998,153.069,191.0
2024-04-11 02:45:00,FX:USDJPY,153.069,153.083,153.06799999999998,153.075,189.0
2024-04-11 02:46:00,FX:USDJPY,153.075,153.093,153.07399999999998,153.083,181.0
2024-04-11 02:47:00,FX:USDJPY,153.083,153.13,153.081,153.12699999999998,229.0
2024-04-11 02:48:00,FX:USDJPY,153.12699999999998,153.129,153.10299999999998,153.10399999999998,284.0
2024-04-11 02:49:00,FX:USDJPY,153.10399999999998,153.106,153.083,153.08499999999998,217.0
2024-04-11 02:50:00,FX:USDJPY,153.08499999999998,153.09699999999998,153.077,153.095,201.0
2024-04-11 02:51:00,FX:USDJPY,153.095,153.124,153.095,153.117,145.0
2024-04-11 02:52:00,FX:USDJPY,153.117,153.14399999999998,153.117,153.141,174.0
2024-04-11 02:53:00,FX:USDJPY,153.141,153.152,153.137,153.152,118.0
2024-04-11 02:54:00,FX:USDJPY,153.152,153.152,153.141,153.14399999999998,154.0
2024-04-11 02:55:00,FX:USDJPY,153.14399999999998,153.155,153.143,153.154,195.0
2024-04-11 02:56:00,FX:USDJPY,153.154,153.18099999999998,153.154,153.16799999999998,281.0
2024-04-11 02:57:00,FX:USDJPY,153.16799999999998,153.179,153.165,153.16799999999998,204.0
2024-04-11 02:58:00,FX:USDJPY,153.16799999999998,153.18699999999998,153.167,153.183,197.0
2024-04-11 02:59:00,FX:USDJPY,153.183,153.184,153.155,153.16299999999998,224.0
2024-04-11 03:00:00,FX:USDJPY,153.16299999999998,153.185,153.161,153.178,262.0
2024-04-11 03:01:00,FX:USDJPY,153.178,153.18599999999998,153.165,153.16899999999998,254.0
2024-04-11 03:02:00,FX:USDJPY,153.16899999999998,153.171,153.155,153.159,226.0
2024-04-11 03:03:00,FX:USDJPY,153.159,153.183,153.159,153.182,264.0
2024-04-11 03:04:00,FX:USDJPY,153.182,153.195,153.177,153.194,192.0
2024-04-11 03:05:00,FX:USDJPY,153.194,153.206,153.18099999999998,153.20499999999998,334.0
2024-04-11 03:06:00,FX:USDJPY,153.20499999999998,153.206,153.17999999999998,153.19199999999998,150.0
2024-04-11 03:07:00,FX:USDJPY,153.19199999999998,153.20399999999998,153.17999999999998,153.188,209.0
2024-04-11 03:08:00,FX:USDJPY,153.188,153.189,153.16899999999998,153.16899999999998,222.0
2024-04-11 03:09:00,FX:USDJPY,153.16899999999998,153.188,153.166,153.18599999999998,176.0
2024-04-11 03:10:00,FX:USDJPY,153.18599999999998,153.189,153.172,153.188,189.0
2024-04-11 03:11:00,FX:USDJPY,153.188,153.188,153.16799999999998,153.16899999999998,175.0
2024-04-11 03:12:00,FX:USDJPY,153.16899999999998,153.189,153.16899999999998,153.179,196.0
2024-04-11 03:13:00,FX:USDJPY,153.179,153.17999999999998,153.141,153.142,283.0
2024-04-11 03:14:00,FX:USDJPY,153.142,153.14499999999998,153.101,153.106,421.0
2024-04-11 03:15:00,FX:USDJPY,153.106,153.13299999999998,153.101,153.13,342.0
2024-04-11 03:16:00,FX:USDJPY,153.13,153.155,153.128,153.143,283.0
2024-04-11 03:17:00,FX:USDJPY,153.143,153.166,153.141,153.165,276.0
2024-04-11 03:18:00,FX:USDJPY,153.165,153.182,153.152,153.154,261.0
2024-04-11 03:19:00,FX:USDJPY,153.154,153.15599999999998,153.142,153.15099999999998,213.0
2024-04-11 03:20:00,FX:USDJPY,153.15099999999998,153.166,153.12699999999998,153.12699999999998,276.0
2024-04-11 03:21:00,FX:USDJPY,153.12699999999998,153.129,153.10999999999999,153.12699999999998,197.0
2024-04-11 03:22:00,FX:USDJPY,153.12699999999998,153.12699999999998,153.111,153.111,76.0
2024-04-11 03:23:00,FX:USDJPY,153.111,153.117,153.10999999999999,153.11599999999999,120.0
2024-04-11 03:24:00,FX:USDJPY,153.11599999999999,153.12099999999998,153.10999999999999,153.114,144.0
2024-04-11 03:25:00,FX:USDJPY,153.114,153.129,153.112,153.12699999999998,152.0
2024-04-11 03:26:00,FX:USDJPY,153.12699999999998,153.131,153.114,153.118,147.0
2024-04-11 03:27:00,FX:USDJPY,153.118,153.146,153.118,153.137,173.0
2024-04-11 03:28:00,FX:USDJPY,153.137,153.141,153.13,153.131,112.0
2024-04-11 03:29:00,FX:USDJPY,153.131,153.13299999999998,153.124,153.13,143.0
2024-04-11 03:30:00,FX:USDJPY,153.13,153.152,153.123,153.14,286.0
2024-04-11 03:31:00,FX:USDJPY,153.14,153.143,153.126,153.14,190.0
2024-04-11 03:32:00,FX:USDJPY,153.14,153.14,153.101,153.102,193.0
2024-04-11 03:33:00,FX:USDJPY,153.102,153.10399999999998,153.082,153.096,178.0
2024-04-11 03:34:00,FX:USDJPY,153.096,153.119,153.096,153.11499999999998,265.0
2024-04-11 03:35:00,FX:USDJPY,153.11499999999998,153.117,153.102,153.10899999999998,247.0
2024-04-11 03:36:00,FX:USDJPY,153.10899999999998,153.124,153.102,153.118,199.0
2024-04-11 03:37:00,FX:USDJPY,153.118,153.13899999999998,153.11599999999999,153.128,190.0
2024-04-11 03:38:00,FX:USDJPY,153.128,153.129,153.114,153.12699999999998,169.0
2024-04-11 03:39:00,FX:USDJPY,153.12699999999998,153.13799999999998,153.113,153.137,211.0
2024-04-11 03:40:00,FX:USDJPY,153.137,153.14499999999998,153.13299999999998,153.13799999999998,200.0
2024-04-11 03:41:00,FX:USDJPY,153.13799999999998,153.15699999999998,153.13799999999998,153.154,206.0
2024-04-11 03:42:00,FX:USDJPY,153.154,153.154,153.135,153.14,250.0
2024-04-11 03:43:00,FX:USDJPY,153.14,153.141,153.126,153.12699999999998,218.0
2024-04-11 03:44:00,FX:USDJPY,153.12699999999998,153.149,153.126,153.137,283.0
2024-04-11 03:45:00,FX:USDJPY,153.137,153.13899999999998,153.123,153.12699999999998,322.0
2024-04-11 03:46:00,FX:USDJPY,153.12699999999998,153.12699999999998,153.113,153.119,239.0
2024-04-11 03:47:00,FX:USDJPY,153.119,153.12,153.10399999999998,153.118,240.0
2024-04-11 03:48:00,FX:USDJPY,153.118,153.119,153.108,153.108,187.0
2024-04-11 03:49:00,FX:USDJPY,153.108,153.118,153.09799999999998,153.11599999999999,255.0
2024-04-11 03:50:00,FX:USDJPY,153.11599999999999,153.117,153.1,153.10299999999998,261.0
2024-04-11 03:51:00,FX:USDJPY,153.10299999999998,153.106,153.099,153.101,169.0
2024-04-11 03:52:00,FX:USDJPY,153.101,153.102,153.08599999999998,153.095,199.0
2024-04-11 03:53:00,FX:USDJPY,153.095,153.099,153.094,153.095,205.0
2024-04-11 03:54:00,FX:USDJPY,153.095,153.10899999999998,153.093,153.107,206.0
2024-04-11 03:55:00,FX:USDJPY,153.107,153.123,153.107,153.12099999999998,164.0
2024-04-11 03:56:00,FX:USDJPY,153.12099999999998,153.142,153.118,153.137,199.0
2024-04-11 03:57:00,FX:USDJPY,153.137,153.155,153.13,153.142,268.0
2024-04-11 03:58:00,FX:USDJPY,153.142,153.15599999999998,153.136,153.136,269.0
2024-04-11 03:59:00,FX:USDJPY,153.136,153.14499999999998,153.126,153.131,293.0
2024-04-11 04:00:00,FX:USDJPY,153.131,153.13299999999998,153.107,153.132,253.0
2024-04-11 04:01:00,FX:USDJPY,153.132,153.132,153.118,153.12,168.0
2024-04-11 04:02:00,FX:USDJPY,153.12,153.12,153.09799999999998,153.10999999999999,254.0
2024-04-11 04:03:00,FX:USDJPY,153.10999999999999,153.118,153.106,153.112,241.0
2024-04-11 04:04:00,FX:USDJPY,153.112,153.141,153.112,153.134,261.0
2024-04-11 04:05:00,FX:USDJPY,153.134,153.15599999999998,153.132,153.154,175.0
2024-04-11 04:06:00,FX:USDJPY,153.154,153.183,153.14499999999998,153.176,203.0
2024-04-11 04:07:00,FX:USDJPY,153.176,153.19899999999998,153.17399999999998,153.19,189.0
2024-04-11 04:08:00,FX:USDJPY,153.19,153.19,153.165,153.17499999999998,180.0
2024-04-11 04:09:00,FX:USDJPY,153.17499999999998,153.176,153.154,153.15599999999998,204.0
2024-04-11 04:10:00,FX:USDJPY,153.15599999999998,153.17999999999998,153.154,153.17999999999998,163.0
2024-04-11 04:11:00,FX:USDJPY,153.17999999999998,153.18099999999998,153.17499999999998,153.177,75.0
2024-04-11 04:12:00,FX:USDJPY,153.177,153.191,153.17499999999998,153.189,104.0
2024-04-11 04:13:00,FX:USDJPY,153.189,153.201,153.185,153.189,152.0
2024-04-11 04:14:00,FX:USDJPY,153.189,153.194,153.178,153.19,169.0
2024-04-11 04:15:00,FX:USDJPY,153.19,153.214,153.189,153.201,231.0
2024-04-11 04:16:00,FX:USDJPY,153.201,153.20499999999998,153.189,153.2,159.0
2024-04-11 04:17:00,FX:USDJPY,153.2,153.209,153.19799999999998,153.208,197.0
2024-04-11 04:18:00,FX:USDJPY,153.208,153.221,153.206,153.214,208.0
2024-04-11 04:19:00,FX:USDJPY,153.214,153.21699999999998,153.209,153.215,220.0
2024-04-11 04:20:00,FX:USDJPY,153.215,153.215,153.19799999999998,153.19799999999998,130.0
2024-04-11 04:21:00,FX:USDJPY,153.19799999999998,153.2,153.188,153.19799999999998,88.0
2024-04-11 04:22:00,FX:USDJPY,153.19799999999998,153.214,153.19299999999998,153.209,176.0
2024-04-11 04:23:00,FX:USDJPY,153.209,153.209,153.19299999999998,153.201,166.0
2024-04-11 04:24:00,FX:USDJPY,153.201,153.201,153.172,153.177,127.0
2024-04-11 04:25:00,FX:USDJPY,153.177,153.185,153.152,153.153,252.0
2024-04-11 04:26:00,FX:USDJPY,153.153,153.17399999999998,153.153,153.16,163.0
2024-04-11 04:27:00,FX:USDJPY,153.16,153.178,153.159,153.167,211.0
2024-04-11 04:28:00,FX:USDJPY,153.167,153.195,153.166,153.19,211.0
2024-04-11 04:29:00,FX:USDJPY,153.19,153.214,153.18699999999998,153.214,180.0
2024-04-11 04:30:00,FX:USDJPY,153.214,153.236,153.214,153.227,201.0
2024-04-11 04:31:00,FX:USDJPY,153.227,153.237,153.215,153.218,229.0
2024-04-11 04:32:00,FX:USDJPY,153.218,153.22299999999998,153.179,153.179,219.0
2024-04-11 04:33:00,FX:USDJPY,153.179,153.188,153.17,153.188,224.0
2024-04-11 04:34:00,FX:USDJPY,153.188,153.21599999999998,153.18699999999998,153.214,243.0
2024-04-11 04:35:00,FX:USDJPY,153.214,153.214,153.203,153.209,169.0
2024-04-11 04:36:00,FX:USDJPY,153.209,153.225,153.197,153.197,226.0
2024-04-11 04:37:00,FX:USDJPY,153.197,153.207,153.19199999999998,153.2,185.0
2024-04-11 04:38:00,FX:USDJPY,153.2,153.214,153.19799999999998,153.212,160.0
2024-04-11 04:39:00,FX:USDJPY,153.212,153.212,153.191,153.196,253.0
2024-04-11 04:40:00,FX:USDJPY,153.196,153.197,153.177,153.182,190.0
2024-04-11 04:41:00,FX:USDJPY,153.182,153.207,153.182,153.202,181.0
2024-04-11 04:42:00,FX:USDJPY,153.202,153.209,153.194,153.197,215.0
2024-04-11 04:43:00,FX:USDJPY,153.197,153.207,153.197,153.202,211.0
2024-04-11 04:44:00,FX:USDJPY,153.202,153.20399999999998,153.19199999999998,153.19199999999998,190.0
2024-04-11 04:45:00,FX:USDJPY,153.19199999999998,153.212,153.191,153.209,168.0
2024-04-11 04:46:00,FX:USDJPY,153.209,153.23999999999998,153.208,153.23499999999999,222.0
2024-04-11 04:47:00,FX:USDJPY,153.23499999999999,153.237,153.212,153.21599999999998,277.0
2024-04-11 04:48:00,FX:USDJPY,153.21599999999998,153.226,153.215,153.22199999999998,224.0
2024-04-11 04:49:00,FX:USDJPY,153.22199999999998,153.23499999999999,153.221,153.233,230.0
2024-04-11 04:50:00,FX:USDJPY,153.233,153.291,153.232,153.272,396.0
2024-04-11 04:51:00,FX:USDJPY,153.272,153.283,153.262,153.268,210.0
2024-04-11 04:52:00,FX:USDJPY,153.268,153.274,153.255,153.271,228.0
2024-04-11 04:53:00,FX:USDJPY,153.271,153.274,153.242,153.24599999999998,275.0
2024-04-11 04:54:00,FX:USDJPY,153.24599999999998,153.25,153.22899999999998,153.232,182.0
2024-04-11 04:55:00,FX:USDJPY,153.232,153.249,153.231,153.238,304.0
2024-04-11 04:56:00,FX:USDJPY,153.238,153.242,153.221,153.23999999999998,310.0
2024-04-11 04:57:00,FX:USDJPY,153.23999999999998,153.257,153.238,153.25,271.0
2024-04-11 04:58:00,FX:USDJPY,153.25,153.25799999999998,153.245,153.24599999999998,210.0
2024-04-11 04:59:00,FX:USDJPY,153.24599999999998,153.248,153.22799999999998,153.24099999999999,246.0
2024-04-11 05:00:00,FX:USDJPY,153.24099999999999,153.28099999999998,153.239,153.26299999999998,314.0
2024-04-11 05:01:00,FX:USDJPY,153.26299999999998,153.279,153.24699999999999,153.261,277.0
2024-04-11 05:02:00,FX:USDJPY,153.261,153.26899999999998,153.242,153.245,253.0
2024-04-11 05:03:00,FX:USDJPY,153.245,153.261,153.245,153.25,204.0
2024-04-11 05:04:00,FX:USDJPY,153.25,153.261,153.248,153.259,232.0
2024-04-11 05:05:00,FX:USDJPY,153.259,153.273,153.248,153.261,272.0
2024-04-11 05:06:00,FX:USDJPY,153.261,153.26999999999998,153.251,153.262,206.0
2024-04-11 05:07:00,FX:USDJPY,153.262,153.266,153.24699999999999,153.255,142.0
2024-04-11 05:08:00,FX:USDJPY,153.255,153.259,153.239,153.251,189.0
2024-04-11 05:09:00,FX:USDJPY,153.251,153.259,153.242,153.25799999999998,202.0
2024-04-11 05:10:00,FX:USDJPY,153.25799999999998,153.25799999999998,153.23499999999999,153.23999999999998,291.0
2024-04-11 05:11:00,FX:USDJPY,153.23999999999998,153.245,153.232,153.243,168.0
2024-04-11 05:12:00,FX:USDJPY,153.243,153.245,153.21699999999998,153.218,188.0
2024-04-11 05:13:00,FX:USDJPY,153.218,153.23399999999998,153.213,153.233,250.0
2024-04-11 05:14:00,FX:USDJPY,153.233,153.249,153.231,153.233,238.0
2024-04-11 05:15:00,FX:USDJPY,153.233,153.243,153.226,153.23,171.0
2024-04-11 05:16:00,FX:USDJPY,153.23,153.23,153.21099999999998,153.214,252.0
2024-04-11 05:17:00,FX:USDJPY,153.214,153.22,153.206,153.214,184.0
2024-04-11 05:18:00,FX:USDJPY,153.214,153.22,153.207,153.20999999999998,210.0
2024-04-11 05:19:00,FX:USDJPY,153.20999999999998,153.215,153.19899999999998,153.214,209.0
2024-04-11 05:20:00,FX:USDJPY,153.214,153.232,153.214,153.22799999999998,177.0
2024-04-11 05:21:00,FX:USDJPY,153.22799999999998,153.238,153.225,153.23,189.0
2024-04-11 05:22:00,FX:USDJPY,153.23,153.23,153.21699999999998,153.224,125.0
2024-04-11 05:23:00,FX:USDJPY,153.224,153.233,153.218,153.231,136.0
2024-04-11 05:24:00,FX:USDJPY,153.231,153.232,153.221,153.224,121.0
2024-04-11 05:25:00,FX:USDJPY,153.224,153.237,153.224,153.226,144.0
2024-04-11 05:26:00,FX:USDJPY,153.226,153.232,153.219,153.226,200.0
2024-04-11 05:27:00,FX:USDJPY,153.226,153.22799999999998,153.2,153.201,195.0
2024-04-11 05:28:00,FX:USDJPY,153.201,153.21099999999998,153.19799999999998,153.201,117.0
2024-04-11 05:29:00,FX:USDJPY,153.201,153.212,153.197,153.21099999999998,187.0
2024-04-11 05:30:00,FX:USDJPY,153.21099999999998,153.21599999999998,153.2,153.207,159.0
2024-04-11 05:31:00,FX:USDJPY,153.207,153.213,153.197,153.19899999999998,128.0
2024-04-11 05:32:00,FX:USDJPY,153.19899999999998,153.2,153.177,153.18599999999998,184.0
2024-04-11 05:33:00,FX:USDJPY,153.18599999999998,153.18599999999998,153.172,153.18599999999998,192.0
2024-04-11 05:34:00,FX:USDJPY,153.18599999999998,153.18599999999998,153.172,153.177,209.0
2024-04-11 05:35:00,FX:USDJPY,153.177,153.2,153.177,153.196,237.0
2024-04-11 05:36:00,FX:USDJPY,153.196,153.19799999999998,153.19,153.191,164.0
2024-04-11 05:37:00,FX:USDJPY,153.191,153.191,153.173,153.176,199.0
2024-04-11 05:38:00,FX:USDJPY,153.176,153.177,153.17,153.172,204.0
2024-04-11 05:39:00,FX:USDJPY,153.172,153.177,153.16299999999998,153.167,200.0
2024-04-11 05:40:00,FX:USDJPY,153.167,153.184,153.165,153.18099999999998,204.0
2024-04-11 05:41:00,FX:USDJPY,153.18099999999998,153.19199999999998,153.18099999999998,153.18699999999998,124.0
2024-04-11 05:42:00,FX:USDJPY,153.18699999999998,153.188,153.17499999999998,153.17999999999998,120.0
2024-04-11 05:43:00,FX:USDJPY,153.17999999999998,153.19199999999998,153.171,153.191,189.0
2024-04-11 05:44:00,FX:USDJPY,153.191,153.19899999999998,153.191,153.196,139.0
2024-04-11 05:45:00,FX:USDJPY,153.196,153.201,153.191,153.191,153.0
2024-04-11 05:46:00,FX:USDJPY,153.191,153.19899999999998,153.173,153.19799999999998,164.0
2024-04-11 05:47:00,FX:USDJPY,153.19799999999998,153.20499999999998,153.196,153.196,186.0
2024-04-11 05:48:00,FX:USDJPY,153.196,153.19799999999998,153.184,153.185,186.0
2024-04-11 05:49:00,FX:USDJPY,153.185,153.18599999999998,153.172,153.185,152.0
2024-04-11 05:50:00,FX:USDJPY,153.185,153.188,153.185,153.18699999999998,75.0
2024-04-11 05:51:00,FX:USDJPY,153.18699999999998,153.19,153.17,153.172,108.0
2024-04-11 05:52:00,FX:USDJPY,153.172,153.183,153.165,153.179,198.0
2024-04-11 05:53:00,FX:USDJPY,153.179,153.179,153.152,153.159,126.0
2024-04-11 05:54:00,FX:USDJPY,153.159,153.16899999999998,153.15599999999998,153.159,158.0
2024-04-11 05:55:00,FX:USDJPY,153.159,153.16899999999998,153.159,153.164,145.0
2024-04-11 05:56:00,FX:USDJPY,153.164,153.17999999999998,153.16,153.176,186.0
2024-04-11 05:57:00,FX:USDJPY,153.176,153.184,153.166,153.179,193.0
2024-04-11 05:58:00,FX:USDJPY,153.179,153.18699999999998,153.16299999999998,153.167,222.0
2024-04-11 05:59:00,FX:USDJPY,153.167,153.171,153.16299999999998,153.167,130.0
2024-04-11 06:00:00,FX:USDJPY,153.167,153.171,153.152,153.153,206.0
2024-04-11 06:01:00,FX:USDJPY,153.153,153.158,153.142,153.15599999999998,237.0
2024-04-11 06:02:00,FX:USDJPY,153.15599999999998,153.15699999999998,153.14399999999998,153.149,199.0
2024-04-11 06:03:00,FX:USDJPY,153.149,153.14999999999998,153.129,153.132,220.0
2024-04-11 06:04:00,FX:USDJPY,153.132,153.13299999999998,153.129,153.129,119.0
2024-04-11 06:05:00,FX:USDJPY,153.129,153.137,153.11599999999999,153.134,203.0
2024-04-11 06:06:00,FX:USDJPY,153.134,153.146,153.12699999999998,153.131,201.0
2024-04-11 06:07:00,FX:USDJPY,153.131,153.13299999999998,153.117,153.13,127.0
2024-04-11 06:08:00,FX:USDJPY,153.13,153.132,153.123,153.128,141.0
2024-04-11 06:09:00,FX:USDJPY,153.128,153.128,153.114,153.11499999999998,91.0
2024-04-11 06:10:00,FX:USDJPY,153.11499999999998,153.14,153.113,153.13899999999998,161.0
2024-04-11 06:11:00,FX:USDJPY,153.13899999999998,153.14399999999998,153.137,153.13899999999998,134.0
2024-04-11 06:12:00,FX:USDJPY,153.13899999999998,153.143,153.111,153.119,199.0
2024-04-11 06:13:00,FX:USDJPY,153.119,153.136,153.118,153.13299999999998,132.0
2024-04-11 06:14:00,FX:USDJPY,153.13299999999998,153.13899999999998,153.128,153.136,153.0
2024-04-11 06:15:00,FX:USDJPY,153.136,153.149,153.136,153.149,154.0
2024-04-11 06:16:00,FX:USDJPY,153.149,153.152,153.148,153.149,69.0
2024-04-11 06:17:00,FX:USDJPY,153.149,153.152,153.14399999999998,153.14999999999998,125.0
2024-04-11 06:18:00,FX:USDJPY,153.14999999999998,153.15099999999998,153.13,153.13,120.0
2024-04-11 06:19:00,FX:USDJPY,153.13,153.143,153.13,153.13899999999998,97.0
2024-04-11 06:20:00,FX:USDJPY,153.13899999999998,153.152,153.13799999999998,153.15099999999998,191.0
2024-04-11 06:21:00,FX:USDJPY,153.15099999999998,153.154,153.141,153.142,117.0
2024-04-11 06:22:00,FX:USDJPY,153.142,153.15099999999998,153.141,153.148,240.0
2024-04-11 06:23:00,FX:USDJPY,153.148,153.16199999999998,153.14399999999998,153.15699999999998,181.0
2024-04-11 06:24:00,FX:USDJPY,153.15699999999998,153.16,153.15099999999998,153.154,133.0
2024-04-11 06:25:00,FX:USDJPY,153.154,153.158,153.14,153.14499999999998,126.0
2024-04-11 06:26:00,FX:USDJPY,153.14499999999998,153.149,153.132,153.136,148.0
2024-04-11 06:27:00,FX:USDJPY,153.136,153.141,153.13,153.141,162.0
2024-04-11 06:28:00,FX:USDJPY,153.141,153.141,153.129,153.137,106.0
2024-04-11 06:29:00,FX:USDJPY,153.137,153.13899999999998,153.137,153.137,125.0
2024-04-11 06:30:00,FX:USDJPY,153.137,153.142,153.13,153.13,163.0
2024-04-11 06:31:00,FX:USDJPY,153.13,153.132,153.129,153.13,93.0
2024-04-11 06:32:00,FX:USDJPY,153.13,153.131,153.129,153.13,41.0
2024-04-11 06:33:00,FX:USDJPY,153.13,153.142,153.13,153.134,134.0
2024-04-11 06:34:00,FX:USDJPY,153.134,153.143,153.132,153.141,123.0
2024-04-11 06:35:00,FX:USDJPY,153.141,153.14399999999998,153.13799999999998,153.142,92.0
2024-04-11 06:36:00,FX:USDJPY,153.142,153.154,153.142,153.148,151.0
2024-04-11 06:37:00,FX:USDJPY,153.148,153.149,153.126,153.128,156.0
2024-04-11 06:38:00,FX:USDJPY,153.128,153.135,153.126,153.13,153.0
2024-04-11 06:39:00,FX:USDJPY,153.13,153.132,153.126,153.131,196.0
2024-04-11 06:40:00,FX:USDJPY,153.131,153.131,153.119,153.13,194.0
2024-04-11 06:41:00,FX:USDJPY,153.13,153.131,153.125,153.125,128.0
2024-04-11 06:42:00,FX:USDJPY,153.125,153.12699999999998,153.117,153.12699999999998,135.0
2024-04-11 06:43:00,FX:USDJPY,153.12699999999998,153.129,153.118,153.118,160.0
2024-04-11 06:44:00,FX:USDJPY,153.118,153.12,153.11499999999998,153.118,86.0
2024-04-11 06:45:00,FX:USDJPY,153.118,153.119,153.107,153.114,145.0
2024-04-11 06:46:00,FX:USDJPY,153.114,153.11499999999998,153.081,153.107,204.0
2024-04-11 06:47:00,FX:USDJPY,153.107,153.107,153.089,153.09199999999998,156.0
2024-04-11 06:48:00,FX:USDJPY,153.09199999999998,153.095,153.07999999999998,153.084,164.0
2024-04-11 06:49:00,FX:USDJPY,153.084,153.087,153.07899999999998,153.08499999999998,143.0
2024-04-11 06:50:00,FX:USDJPY,153.08499999999998,153.095,153.076,153.07899999999998,171.0
2024-04-11 06:51:00,FX:USDJPY,153.07899999999998,153.082,153.057,153.06199999999998,177.0
2024-04-11 06:52:00,FX:USDJPY,153.06199999999998,153.065,153.04899999999998,153.04999999999998,166.0
2024-04-11 06:53:00,FX:USDJPY,153.04999999999998,153.072,153.04999999999998,153.072,188.0
2024-04-11 06:54:00,FX:USDJPY,153.072,153.088,153.069,153.084,226.0
2024-04-11 06:55:00,FX:USDJPY,153.084,153.09699999999998,153.075,153.081,264.0
2024-04-11 06:56:00,FX:USDJPY,153.081,153.08599999999998,153.069,153.072,189.0
2024-04-11 06:57:00,FX:USDJPY,153.072,153.076,153.066,153.075,114.0
2024-04-11 06:58:00,FX:USDJPY,153.075,153.082,153.07299999999998,153.075,92.0
2024-04-11 06:59:00,FX:USDJPY,153.075,153.078,153.064,153.07299999999998,182.0
2024-04-11 07:00:00,FX:USDJPY,153.07299999999998,153.07299999999998,153.059,153.071,203.0
2024-04-11 07:01:00,FX:USDJPY,153.071,153.075,153.058,153.07399999999998,204.0
2024-04-11 07:02:00,FX:USDJPY,153.07399999999998,153.082,153.069,153.075,166.0
2024-04-11 07:03:00,FX:USDJPY,153.075,153.09799999999998,153.07299999999998,153.094,163.0
2024-04-11 07:04:00,FX:USDJPY,153.094,153.099,153.087,153.099,119.0
2024-04-11 07:05:00,FX:USDJPY,153.099,153.114,153.09799999999998,153.10899999999998,151.0
2024-04-11 07:06:00,FX:USDJPY,153.10899999999998,153.135,153.10899999999998,153.134,154.0
2024-04-11 07:07:00,FX:USDJPY,153.134,153.135,153.124,153.134,183.0
2024-04-11 07:08:00,FX:USDJPY,153.134,153.143,153.123,153.143,208.0
2024-04-11 07:09:00,FX:USDJPY,153.143,153.14499999999998,153.141,153.14499999999998,129.0
2024-04-11 07:10:00,FX:USDJPY,153.14499999999998,153.14499999999998,153.14,153.14399999999998,135.0
2024-04-11 07:11:00,FX:USDJPY,153.14399999999998,153.14499999999998,153.143,153.143,122.0
2024-04-11 07:12:00,FX:USDJPY,153.143,153.14399999999998,153.134,153.136,129.0
2024-04-11 07:13:00,FX:USDJPY,153.136,153.146,153.135,153.14399999999998,98.0
2024-04-11 07:14:00,FX:USDJPY,153.14399999999998,153.17999999999998,153.14399999999998,153.17499999999998,132.0
2024-04-11 07:15:00,FX:USDJPY,153.17499999999998,153.188,153.16799999999998,153.179,145.0
2024-04-11 07:16:00,FX:USDJPY,153.179,153.183,153.161,153.161,174.0
2024-04-11 07:17:00,FX:USDJPY,153.161,153.165,153.14999999999998,153.14999999999998,195.0
2024-04-11 07:18:00,FX:USDJPY,153.14999999999998,153.15599999999998,153.14999999999998,153.153,150.0
2024-04-11 07:19:00,FX:USDJPY,153.153,153.15599999999998,153.131,153.134,176.0
2024-04-11 07:20:00,FX:USDJPY,153.134,153.135,153.108,153.11499999999998,274.0
2024-04-11 07:21:00,FX:USDJPY,153.11499999999998,153.119,153.084,153.084,204.0
2024-04-11 07:22:00,FX:USDJPY,153.084,153.108,153.083,153.087,231.0
2024-04-11 07:23:00,FX:USDJPY,153.087,153.093,153.084,153.084,175.0
2024-04-11 07:24:00,FX:USDJPY,153.084,153.09799999999998,153.07899999999998,153.087,170.0
2024-04-11 07:25:00,FX:USDJPY,153.087,153.096,153.084,153.08499999999998,121.0
2024-04-11 07:26:00,FX:USDJPY,153.08499999999998,153.09699999999998,153.084,153.095,120.0
2024-04-11 07:27:00,FX:USDJPY,153.095,153.105,153.07999999999998,153.095,164.0
2024-04-11 07:28:00,FX:USDJPY,153.095,153.105,153.07299999999998,153.07299999999998,143.0
2024-04-11 07:29:00,FX:USDJPY,153.07299999999998,153.077,153.072,153.07299999999998,124.0
2024-04-11 07:30:00,FX:USDJPY,153.07299999999998,153.09199999999998,153.069,153.088,124.0
2024-04-11 07:31:00,FX:USDJPY,153.088,153.09799999999998,153.08499999999998,153.095,108.0
2024-04-11 07:32:00,FX:USDJPY,153.095,153.09699999999998,153.09199999999998,153.096,91.0
2024-04-11 07:33:00,FX:USDJPY,153.096,153.10899999999998,153.095,153.108,93.0
2024-04-11 07:34:00,FX:USDJPY,153.108,153.108,153.09199999999998,153.094,92.0
2024-04-11 07:35:00,FX:USDJPY,153.094,153.09699999999998,153.06199999999998,153.064,129.0
2024-04-11 07:36:00,FX:USDJPY,153.064,153.064,153.021,153.027,172.0
2024-04-11 07:37:00,FX:USDJPY,153.027,153.042,153.02599999999998,153.03799999999998,321.0
2024-04-11 07:38:00,FX:USDJPY,153.03799999999998,153.04299999999998,153.028,153.03799999999998,173.0
2024-04-11 07:39:00,FX:USDJPY,153.03799999999998,153.048,153.03699999999998,153.042,121.0
2024-04-11 07:40:00,FX:USDJPY,153.042,153.04899999999998,153.03799999999998,153.047,105.0
2024-04-11 07:41:00,FX:USDJPY,153.047,153.048,153.036,153.036,114.0
2024-04-11 07:42:00,FX:USDJPY,153.036,153.048,153.02499999999998,153.039,235.0
2024-04-11 07:43:00,FX:USDJPY,153.039,153.07,153.039,153.06,227.0
2024-04-11 07:44:00,FX:USDJPY,153.06,153.07,153.04899999999998,153.057,145.0
2024-04-11 07:45:00,FX:USDJPY,153.057,153.066,153.048,153.04999999999998,187.0
2024-04-11 07:46:00,FX:USDJPY,153.04999999999998,153.06799999999998,153.045,153.063,207.0
2024-04-11 07:47:00,FX:USDJPY,153.063,153.066,153.053,153.06199999999998,147.0
2024-04-11 07:48:00,FX:USDJPY,153.06199999999998,153.078,153.035,153.046,222.0
2024-04-11 07:49:00,FX:USDJPY,153.046,153.048,153.04299999999998,153.046,74.0
2024-04-11 07:50:00,FX:USDJPY,153.046,153.07,153.04299999999998,153.058,153.0
2024-04-11 07:51:00,FX:USDJPY,153.058,153.07,153.05599999999998,153.06,152.0
2024-04-11 07:52:00,FX:USDJPY,153.06,153.07399999999998,153.058,153.06199999999998,179.0
2024-04-11 07:53:00,FX:USDJPY,153.06199999999998,153.065,153.058,153.06199999999998,141.0
2024-04-11 07:54:00,FX:USDJPY,153.06199999999998,153.06199999999998,153.052,153.053,98.0
2024-04-11 07:55:00,FX:USDJPY,153.053,153.06,153.052,153.053,51.0
2024-04-11 07:56:00,FX:USDJPY,153.053,153.077,153.052,153.077,116.0
2024-04-11 07:57:00,FX:USDJPY,153.077,153.08599999999998,153.076,153.076,156.0
2024-04-11 07:58:00,FX:USDJPY,153.076,153.088,153.07299999999998,153.07299999999998,238.0
2024-04-11 07:59:00,FX:USDJPY,153.07299999999998,153.08599999999998,153.059,153.08599999999998,181.0
2024-04-11 08:00:00,FX:USDJPY,153.08599999999998,153.09799999999998,153.06099999999998,153.063,335.0
2024-04-11 08:01:00,FX:USDJPY,153.063,153.063,153.01299999999998,153.017,311.0
2024-04-11 08:02:00,FX:USDJPY,153.017,153.03199999999998,152.998,153.03,290.0
2024-04-11 08:03:00,FX:USDJPY,153.03,153.03199999999998,153.003,153.012,294.0
2024-04-11 08:04:00,FX:USDJPY,153.012,153.039,153.01,153.021,233.0
2024-04-11 08:05:00,FX:USDJPY,153.021,153.034,153.012,153.027,210.0
2024-04-11 08:06:00,FX:USDJPY,153.027,153.028,153.003,153.007,187.0
2024-04-11 08:07:00,FX:USDJPY,153.007,153.021,152.987,153.01899999999998,224.0
2024-04-11 08:08:00,FX:USDJPY,153.01899999999998,153.027,153.01,153.023,233.0
2024-04-11 08:09:00,FX:USDJPY,153.023,153.033,153.017,153.021,200.0
2024-04-11 08:10:00,FX:USDJPY,153.021,153.021,153.01999999999998,153.01999999999998,84.0
2024-04-11 08:11:00,FX:USDJPY,153.01999999999998,153.02599999999998,153.018,153.01999999999998,119.0
2024-04-11 08:12:00,FX:USDJPY,153.01999999999998,153.023,153.011,153.017,63.0
2024-04-11 08:13:00,FX:USDJPY,153.017,153.022,153.017,153.01999999999998,67.0
2024-04-11 08:14:00,FX:USDJPY,153.01999999999998,153.041,153.018,153.033,133.0
2024-04-11 08:15:00,FX:USDJPY,153.033,153.076,152.97,153.027,676.0
2024-04-11 08:16:00,FX:USDJPY,153.027,153.03799999999998,152.986,153.01399999999998,491.0
2024-04-11 08:17:00,FX:USDJPY,153.01399999999998,153.051,153.011,153.029,415.0
2024-04-11 08:18:00,FX:USDJPY,153.029,153.065,153.011,153.05499999999998,425.0
2024-04-11 08:19:00,FX:USDJPY,153.05499999999998,153.06199999999998,153.024,153.04899999999998,364.0
2024-04-11 08:20:00,FX:USDJPY,153.04899999999998,153.07999999999998,153.042,153.04399999999998,543.0
2024-04-11 08:21:00,FX:USDJPY,153.04399999999998,153.069,153.042,153.051,435.0
2024-04-11 08:22:00,FX:USDJPY,153.051,153.096,153.051,153.096,641.0
2024-04-11 08:23:00,FX:USDJPY,153.096,153.11499999999998,153.094,153.10299999999998,386.0
2024-04-11 08:24:00,FX:USDJPY,153.10299999999998,153.126,153.1,153.114,491.0
2024-04-11 08:25:00,FX:USDJPY,153.114,153.124,153.06699999999998,153.088,754.0
2024-04-11 08:26:00,FX:USDJPY,153.088,153.12099999999998,153.08599999999998,153.12099999999998,386.0
2024-04-11 08:27:00,FX:USDJPY,153.12099999999998,153.15099999999998,153.12099999999998,153.13,261.0
2024-04-11 08:28:00,FX:USDJPY,153.13,153.135,153.096,153.102,296.0
2024-04-11 08:29:00,FX:USDJPY,153.102,153.135,153.087,153.117,523.0
2024-04-11 08:30:00,FX:USDJPY,153.117,153.231,152.91799999999998,152.98,2007.0
2024-04-11 08:31:00,FX:USDJPY,152.98,153.01399999999998,152.953,152.96599999999998,1384.0
2024-04-11 08:32:00,FX:USDJPY,152.96599999999998,152.994,152.92499999999998,152.959,1218.0
2024-04-11 08:33:00,FX:USDJPY,152.959,152.97199999999998,152.923,152.945,1206.0
2024-04-11 08:34:00,FX:USDJPY,152.945,152.94799999999998,152.83499999999998,152.869,1123.0
2024-04-11 08:35:00,FX:USDJPY,152.869,152.95,152.85999999999999,152.922,857.0
2024-04-11 08:36:00,FX:USDJPY,152.922,152.951,152.891,152.891,719.0
2024-04-11 08:37:00,FX:USDJPY,152.891,152.89999999999998,152.868,152.874,758.0
2024-04-11 08:38:00,FX:USDJPY,152.874,152.882,152.852,152.874,764.0
2024-04-11 08:39:00,FX:USDJPY,152.874,152.916,152.87199999999999,152.88,678.0
2024-04-11 08:40:00,FX:USDJPY,152.88,152.914,152.879,152.905,544.0
2024-04-11 08:41:00,FX:USDJPY,152.905,152.934,152.902,152.923,526.0
2024-04-11 08:42:00,FX:USDJPY,152.923,152.927,152.902,152.902,453.0
2024-04-11 08:43:00,FX:USDJPY,152.902,152.933,152.88,152.93099999999998,653.0
2024-04-11 08:44:00,FX:USDJPY,152.93099999999998,153.00799999999998,152.93099999999998,152.99699999999999,647.0
2024-04-11 08:45:00,FX:USDJPY,152.99699999999999,152.99699999999999,152.94199999999998,152.95399999999998,661.0
2024-04-11 08:46:00,FX:USDJPY,152.95399999999998,152.96099999999998,152.933,152.945,585.0
2024-04-11 08:47:00,FX:USDJPY,152.945,152.96699999999998,152.898,152.89999999999998,661.0
2024-04-11 08:48:00,FX:USDJPY,152.89999999999998,152.89999999999998,152.86499999999998,152.878,512.0
2024-04-11 08:49:00,FX:USDJPY,152.878,152.878,152.831,152.83599999999998,647.0
2024-04-11 08:50:00,FX:USDJPY,152.83599999999998,152.84,152.795,152.82899999999998,730.0
2024-04-11 08:51:00,FX:USDJPY,152.82899999999998,152.864,152.82899999999998,152.856,689.0
2024-04-11 08:52:00,FX:USDJPY,152.856,152.876,152.82999999999998,152.87,565.0
2024-04-11 08:53:00,FX:USDJPY,152.87,152.902,152.862,152.879,430.0
2024-04-11 08:54:00,FX:USDJPY,152.879,152.91199999999998,152.86599999999999,152.911,527.0
2024-04-11 08:55:00,FX:USDJPY,152.911,152.93599999999998,152.91,152.917,494.0
2024-04-11 08:56:00,FX:USDJPY,152.917,152.917,152.878,152.881,575.0
2024-04-11 08:57:00,FX:USDJPY,152.881,152.89499999999998,152.85399999999998,152.87699999999998,540.0
2024-04-11 08:58:00,FX:USDJPY,152.87699999999998,152.902,152.873,152.88,559.0
2024-04-11 08:59:00,FX:USDJPY,152.88,152.891,152.844,152.846,526.0
2024-04-11 09:00:00,FX:USDJPY,152.846,152.91,152.834,152.89999999999998,707.0
2024-04-11 09:01:00,FX:USDJPY,152.89999999999998,152.93699999999998,152.887,152.932,643.0
2024-04-11 09:02:00,FX:USDJPY,152.932,152.94799999999998,152.92,152.932,475.0
2024-04-11 09:03:00,FX:USDJPY,152.932,152.94899999999998,152.922,152.93599999999998,615.0
2024-04-11 09:04:00,FX:USDJPY,152.93599999999998,152.965,152.92999999999998,152.93099999999998,734.0
2024-04-11 09:05:00,FX:USDJPY,152.93099999999998,152.93699999999998,152.898,152.92999999999998,662.0
2024-04-11 09:06:00,FX:USDJPY,152.92999999999998,152.938,152.91,152.93599999999998,353.0
2024-04-11 09:07:00,FX:USDJPY,152.93599999999998,152.953,152.93099999999998,152.94899999999998,407.0
2024-04-11 09:08:00,FX:USDJPY,152.94899999999998,152.975,152.94799999999998,152.94799999999998,363.0
2024-04-11 09:09:00,FX:USDJPY,152.94799999999998,152.94799999999998,152.91899999999998,152.932,523.0
2024-04-11 09:10:00,FX:USDJPY,152.932,152.938,152.911,152.915,428.0
2024-04-11 09:11:00,FX:USDJPY,152.915,152.915,152.88299999999998,152.89399999999998,471.0
2024-04-11 09:12:00,FX:USDJPY,152.89399999999998,152.91799999999998,152.88799999999998,152.903,415.0
2024-04-11 09:13:00,FX:USDJPY,152.903,152.903,152.868,152.878,476.0
2024-04-11 09:14:00,FX:USDJPY,152.878,152.90099999999998,152.873,152.899,379.0
2024-04-11 09:15:00,FX:USDJPY,152.899,152.91799999999998,152.887,152.89499999999998,468.0
2024-04-11 09:16:00,FX:USDJPY,152.89499999999998,152.89499999999998,152.873,152.89499999999998,332.0
2024-04-11 09:17:00,FX:USDJPY,152.89499999999998,152.917,152.893,152.915,344.0
2024-04-11 09:18:00,FX:USDJPY,152.915,152.917,152.89999999999998,152.905,312.0
2024-04-11 09:19:00,FX:USDJPY,152.905,152.914,152.88899999999998,152.911,336.0
2024-04-11 09:20:00,FX:USDJPY,152.911,152.94899999999998,152.902,152.932,418.0
2024-04-11 09:21:00,FX:USDJPY,152.932,152.934,152.88799999999998,152.892,415.0
2024-04-11 09:22:00,FX:USDJPY,152.892,152.915,152.881,152.909,458.0
2024-04-11 09:23:00,FX:USDJPY,152.909,152.94799999999998,152.90599999999998,152.946,346.0
2024-04-11 09:24:00,FX:USDJPY,152.946,152.962,152.933,152.957,407.0
2024-04-11 09:25:00,FX:USDJPY,152.957,152.975,152.947,152.975,465.0
2024-04-11 09:26:00,FX:USDJPY,152.975,152.986,152.956,152.975,558.0
2024-04-11 09:27:00,FX:USDJPY,152.975,152.981,152.957,152.971,498.0
2024-04-11 09:28:00,FX:USDJPY,152.971,152.992,152.969,152.982,395.0
2024-04-11 09:29:00,FX:USDJPY,152.982,152.982,152.93599999999998,152.941,364.0
2024-04-11 09:30:00,FX:USDJPY,152.941,152.958,152.923,152.92399999999998,567.0
2024-04-11 09:31:00,FX:USDJPY,152.92399999999998,152.965,152.917,152.963,395.0
2024-04-11 09:32:00,FX:USDJPY,152.963,152.97899999999998,152.95499999999998,152.97799999999998,446.0
2024-04-11 09:33:00,FX:USDJPY,152.97799999999998,152.99099999999999,152.96599999999998,152.983,320.0
2024-04-11 09:34:00,FX:USDJPY,152.983,152.986,152.95399999999998,152.96599999999998,406.0
2024-04-11 09:35:00,FX:USDJPY,152.96599999999998,153.00199999999998,152.964,152.97799999999998,454.0
2024-04-11 09:36:00,FX:USDJPY,152.97799999999998,153.0,152.968,152.989,375.0
2024-04-11 09:37:00,FX:USDJPY,152.989,152.993,152.965,152.97899999999998,418.0
2024-04-11 09:38:00,FX:USDJPY,152.97899999999998,152.99099999999999,152.965,152.974,321.0
2024-04-11 09:39:00,FX:USDJPY,152.974,153.01899999999998,152.97299999999998,153.015,410.0
2024-04-11 09:40:00,FX:USDJPY,153.015,153.04399999999998,153.01399999999998,153.027,484.0
2024-04-11 09:41:00,FX:USDJPY,153.027,153.063,153.02499999999998,153.063,356.0
2024-04-11 09:42:00,FX:USDJPY,153.063,153.06799999999998,153.045,153.06,532.0
2024-04-11 09:43:00,FX:USDJPY,153.06,153.06799999999998,153.052,153.058,433.0
2024-04-11 09:44:00,FX:USDJPY,153.058,153.06,153.033,153.03699999999998,495.0
2024-04-11 09:45:00,FX:USDJPY,153.03699999999998,153.04399999999998,153.017,153.034,382.0
2024-04-11 09:46:00,FX:USDJPY,153.034,153.048,153.01899999999998,153.046,357.0
2024-04-11 09:47:00,FX:USDJPY,153.046,153.07,153.03099999999998,153.034,334.0
2024-04-11 09:48:00,FX:USDJPY,153.034,153.06,153.034,153.059,345.0
2024-04-11 09:49:00,FX:USDJPY,153.059,153.07999999999998,153.053,153.064,408.0
2024-04-11 09:50:00,FX:USDJPY,153.064,153.087,153.06199999999998,153.07,381.0
2024-04-11 09:51:00,FX:USDJPY,153.07,153.082,153.06099999999998,153.076,399.0
2024-04-11 09:52:00,FX:USDJPY,153.076,153.082,153.064,153.07,355.0
2024-04-11 09:53:00,FX:USDJPY,153.07,153.095,153.069,153.093,351.0
2024-04-11 09:54:00,FX:USDJPY,153.093,153.105,153.082,153.095,227.0
2024-04-11 09:55:00,FX:USDJPY,153.095,153.12,153.087,153.119,309.0
2024-04-11 09:56:00,FX:USDJPY,153.119,153.128,153.10299999999998,153.125,221.0
2024-04-11 09:57:00,FX:USDJPY,153.125,153.13,153.114,153.128,322.0
2024-04-11 09:58:00,FX:USDJPY,153.128,153.13,153.12,153.12699999999998,205.0
2024-04-11 09:59:00,FX:USDJPY,153.12699999999998,153.141,153.126,153.13299999999998,247.0
2024-04-11 10:00:00,FX:USDJPY,153.13299999999998,153.178,153.13299999999998,153.176,308.0
2024-04-11 10:01:00,FX:USDJPY,153.176,153.18599999999998,153.172,153.184,398.0
2024-04-11 10:02:00,FX:USDJPY,153.184,153.184,153.15099999999998,153.152,461.0
2024-04-11 10:03:00,FX:USDJPY,153.152,153.16,153.143,153.148,226.0
2024-04-11 10:04:00,FX:USDJPY,153.148,153.173,153.148,153.16,278.0
2024-04-11 10:05:00,FX:USDJPY,153.16,153.16,153.135,153.14999999999998,395.0
2024-04-11 10:06:00,FX:USDJPY,153.14999999999998,153.165,153.136,153.165,281.0
2024-04-11 10:07:00,FX:USDJPY,153.165,153.19,153.16299999999998,153.183,238.0
2024-04-11 10:08:00,FX:USDJPY,153.183,153.18699999999998,153.17499999999998,153.184,233.0
2024-04-11 10:09:00,FX:USDJPY,153.184,153.196,153.16799999999998,153.177,318.0
2024-04-11 10:10:00,FX:USDJPY,153.177,153.177,153.13799999999998,153.142,360.0
2024-04-11 10:11:00,FX:USDJPY,153.142,153.164,153.14,153.15099999999998,433.0
2024-04-11 10:12:00,FX:USDJPY,153.15099999999998,153.164,153.148,153.164,364.0
2024-04-11 10:13:00,FX:USDJPY,153.164,153.17399999999998,153.152,153.165,382.0
2024-04-11 10:14:00,FX:USDJPY,153.165,153.173,153.152,153.173,302.0
2024-04-11 10:15:00,FX:USDJPY,153.173,153.18599999999998,153.164,153.184,339.0
2024-04-11 10:16:00,FX:USDJPY,153.184,153.20399999999998,153.16899999999998,153.183,396.0
2024-04-11 10:17:00,FX:USDJPY,153.183,153.2,153.18099999999998,153.2,424.0
2024-04-11 10:18:00,FX:USDJPY,153.2,153.224,153.19299999999998,153.197,310.0
2024-04-11 10:19:00,FX:USDJPY,153.197,153.213,153.18599999999998,153.213,342.0
2024-04-11 10:20:00,FX:USDJPY,153.213,153.22299999999998,153.207,153.22299999999998,356.0
2024-04-11 10:21:00,FX:USDJPY,153.22299999999998,153.24099999999999,153.21699999999998,153.231,289.0
2024-04-11 10:22:00,FX:USDJPY,153.231,153.242,153.226,153.232,358.0
2024-04-11 10:23:00,FX:USDJPY,153.232,153.243,153.22299999999998,153.237,290.0
2024-04-11 10:24:00,FX:USDJPY,153.237,153.242,153.221,153.22299999999998,253.0
2024-04-11 10:25:00,FX:USDJPY,153.22299999999998,153.237,153.22,153.231,156.0
2024-04-11 10:26:00,FX:USDJPY,153.231,153.25199999999998,153.231,153.25,234.0
2024-04-11 10:27:00,FX:USDJPY,153.25,153.257,153.242,153.244,322.0
2024-04-11 10:28:00,FX:USDJPY,153.244,153.245,153.221,153.224,345.0
2024-04-11 10:29:00,FX:USDJPY,153.224,153.23399999999998,153.215,153.224,256.0
2024-04-11 10:30:00,FX:USDJPY,153.224,153.236,153.214,153.219,318.0
2024-04-11 10:31:00,FX:USDJPY,153.219,153.239,153.213,153.237,383.0
2024-04-11 10:32:00,FX:USDJPY,153.237,153.253,153.23399999999998,153.245,261.0
2024-04-11 10:33:00,FX:USDJPY,153.245,153.25,153.226,153.22799999999998,341.0
2024-04-11 10:34:00,FX:USDJPY,153.22799999999998,153.23399999999998,153.21699999999998,153.22899999999998,361.0
2024-04-11 10:35:00,FX:USDJPY,153.22899999999998,153.244,153.214,153.242,392.0
2024-04-11 10:36:00,FX:USDJPY,153.242,153.24599999999998,153.23,153.233,388.0
2024-04-11 10:37:00,FX:USDJPY,153.233,153.242,153.22299999999998,153.238,287.0
2024-04-11 10:38:00,FX:USDJPY,153.238,153.248,153.23,153.23999999999998,294.0
2024-04-11 10:39:00,FX:USDJPY,153.23999999999998,153.26299999999998,153.23999999999998,153.25,226.0
2024-04-11 10:40:00,FX:USDJPY,153.25,153.26999999999998,153.248,153.25799999999998,267.0
2024-04-11 10:41:00,FX:USDJPY,153.25799999999998,153.26,153.251,153.259,235.0
2024-04-11 10:42:00,FX:USDJPY,153.259,153.28099999999998,153.25799999999998,153.27499999999998,236.0
2024-04-11 10:43:00,FX:USDJPY,153.27499999999998,153.298,153.271,153.272,252.0
2024-04-11 10:44:00,FX:USDJPY,153.272,153.27499999999998,153.25,153.254,186.0
2024-04-11 10:45:00,FX:USDJPY,153.254,153.255,153.245,153.24699999999999,227.0
2024-04-11 10:46:00,FX:USDJPY,153.24699999999999,153.266,153.24599999999998,153.26399999999998,235.0
2024-04-11 10:47:00,FX:USDJPY,153.26399999999998,153.27599999999998,153.26399999999998,153.274,175.0
2024-04-11 10:48:00,FX:USDJPY,153.274,153.28699999999998,153.272,153.273,229.0
2024-04-11 10:49:00,FX:USDJPY,153.273,153.274,153.257,153.26,214.0
2024-04-11 10:50:00,FX:USDJPY,153.26,153.26999999999998,153.259,153.26,208.0
2024-04-11 10:51:00,FX:USDJPY,153.26,153.26299999999998,153.24699999999999,153.26299999999998,297.0
2024-04-11 10:52:00,FX:USDJPY,153.26299999999998,153.28199999999998,153.259,153.279,241.0
2024-04-11 10:53:00,FX:USDJPY,153.279,153.28199999999998,153.272,153.28,172.0
2024-04-11 10:54:00,FX:USDJPY,153.28,153.284,153.26299999999998,153.26299999999998,220.0
2024-04-11 10:55:00,FX:USDJPY,153.26299999999998,153.28,153.26299999999998,153.274,208.0
2024-04-11 10:56:00,FX:USDJPY,153.274,153.292,153.272,153.29,165.0
2024-04-11 10:57:00,FX:USDJPY,153.29,153.296,153.28199999999998,153.295,226.0
2024-04-11 10:58:00,FX:USDJPY,153.295,153.296,153.28799999999998,153.29299999999998,197.0
2024-04-11 10:59:00,FX:USDJPY,153.29299999999998,153.29399999999998,153.271,153.272,317.0
2024-04-11 11:00:00,FX:USDJPY,153.272,153.28199999999998,153.261,153.28,275.0
2024-04-11 11:01:00,FX:USDJPY,153.28,153.28099999999998,153.256,153.25799999999998,311.0
2024-04-11 11:02:00,FX:USDJPY,153.25799999999998,153.26,153.243,153.24699999999999,318.0
2024-04-11 11:03:00,FX:USDJPY,153.24699999999999,153.26,153.23399999999998,153.257,300.0
2024-04-11 11:04:00,FX:USDJPY,153.257,153.26999999999998,153.24599999999998,153.249,401.0
2024-04-11 11:05:00,FX:USDJPY,153.249,153.26399999999998,153.245,153.261,209.0
2024-04-11 11:06:00,FX:USDJPY,153.261,153.266,153.256,153.26399999999998,170.0
2024-04-11 11:07:00,FX:USDJPY,153.26399999999998,153.26999999999998,153.236,153.237,232.0
2024-04-11 11:08:00,FX:USDJPY,153.237,153.261,153.236,153.259,166.0
2024-04-11 11:09:00,FX:USDJPY,153.259,153.271,153.25,153.26899999999998,187.0
2024-04-11 11:10:00,FX:USDJPY,153.26899999999998,153.295,153.268,153.29299999999998,203.0
2024-04-11 11:11:00,FX:USDJPY,153.29299999999998,153.296,153.284,153.29399999999998,132.0
2024-04-11 11:12:00,FX:USDJPY,153.29399999999998,153.31699999999998,153.28699999999998,153.307,244.0
2024-04-11 11:13:00,FX:USDJPY,153.307,153.309,153.28099999999998,153.28199999999998,267.0
2024-04-11 11:14:00,FX:USDJPY,153.28199999999998,153.295,153.28099999999998,153.283,226.0
2024-04-11 11:15:00,FX:USDJPY,153.283,153.29299999999998,153.26999999999998,153.271,173.0
2024-04-11 11:16:00,FX:USDJPY,153.271,153.273,153.255,153.256,123.0
2024-04-11 11:17:00,FX:USDJPY,153.256,153.256,153.23999999999998,153.24699999999999,145.0
2024-04-11 11:18:00,FX:USDJPY,153.24699999999999,153.257,153.24599999999998,153.249,122.0
2024-04-11 11:19:00,FX:USDJPY,153.249,153.26899999999998,153.244,153.259,221.0
2024-04-11 11:20:00,FX:USDJPY,153.259,153.26899999999998,153.25799999999998,153.259,157.0
2024-04-11 11:21:00,FX:USDJPY,153.259,153.262,153.24599999999998,153.256,193.0
2024-04-11 11:22:00,FX:USDJPY,153.256,153.25799999999998,153.23499999999999,153.239,132.0
2024-04-11 11:23:00,FX:USDJPY,153.239,153.25,153.236,153.237,159.0
2024-04-11 11:24:00,FX:USDJPY,153.237,153.251,153.237,153.251,174.0
2024-04-11 11:25:00,FX:USDJPY,153.251,153.28,153.251,153.28,287.0
2024-04-11 11:26:00,FX:USDJPY,153.28,153.28699999999998,153.272,153.28699999999998,206.0
2024-04-11 11:27:00,FX:USDJPY,153.28699999999998,153.29,153.28199999999998,153.285,157.0
2024-04-11 11:28:00,FX:USDJPY,153.285,153.31099999999998,153.285,153.308,243.0
2024-04-11 11:29:00,FX:USDJPY,153.308,153.31099999999998,153.302,153.307,128.0
2024-04-11 11:30:00,FX:USDJPY,153.307,153.31699999999998,153.296,153.307,314.0
2024-04-11 11:31:00,FX:USDJPY,153.307,153.309,153.29299999999998,153.29299999999998,159.0
2024-04-11 11:32:00,FX:USDJPY,153.29299999999998,153.301,153.292,153.296,136.0
2024-04-11 11:33:00,FX:USDJPY,153.296,153.29999999999998,153.292,153.29899999999998,171.0
2024-04-11 11:34:00,FX:USDJPY,153.29899999999998,153.29899999999998,153.29299999999998,153.29899999999998,149.0
2024-04-11 11:35:00,FX:USDJPY,153.29899999999998,153.29899999999998,153.284,153.284,217.0
2024-04-11 11:36:00,FX:USDJPY,153.284,153.285,153.271,153.273,218.0
2024-04-11 11:37:00,FX:USDJPY,153.273,153.273,153.251,153.255,226.0
2024-04-11 11:38:00,FX:USDJPY,153.255,153.261,153.242,153.242,284.0
2024-04-11 11:39:00,FX:USDJPY,153.242,153.256,153.23999999999998,153.254,194.0
2024-04-11 11:40:00,FX:USDJPY,153.254,153.257,153.22899999999998,153.22899999999998,243.0
2024-04-11 11:41:00,FX:USDJPY,153.22899999999998,153.23,153.213,153.214,253.0
2024-04-11 11:42:00,FX:USDJPY,153.214,153.218,153.19899999999998,153.20399999999998,250.0
2024-04-11 11:43:00,FX:USDJPY,153.20399999999998,153.227,153.203,153.212,282.0
2024-04-11 11:44:00,FX:USDJPY,153.212,153.231,153.212,153.225,224.0
2024-04-11 11:45:00,FX:USDJPY,153.225,153.227,153.207,153.213,172.0
2024-04-11 11:46:00,FX:USDJPY,153.213,153.215,153.202,153.202,188.0
2024-04-11 11:47:00,FX:USDJPY,153.202,153.20399999999998,153.191,153.203,209.0
2024-04-11 11:48:00,FX:USDJPY,153.203,153.21599999999998,153.194,153.213,294.0
2024-04-11 11:49:00,FX:USDJPY,153.213,153.226,153.21099999999998,153.225,208.0
2024-04-11 11:50:00,FX:USDJPY,153.225,153.226,153.21099999999998,153.213,187.0
2024-04-11 11:51:00,FX:USDJPY,153.213,153.219,153.203,153.215,182.0
2024-04-11 11:52:00,FX:USDJPY,153.215,153.218,153.21099999999998,153.215,114.0
2024-04-11 11:53:00,FX:USDJPY,153.215,153.218,153.2,153.20999999999998,145.0
2024-04-11 11:54:00,FX:USDJPY,153.20999999999998,153.21599999999998,153.203,153.203,128.0
2024-04-11 11:55:00,FX:USDJPY,153.203,153.213,153.19299999999998,153.213,215.0
2024-04-11 11:56:00,FX:USDJPY,153.213,153.22199999999998,153.203,153.214,286.0
2024-04-11 11:57:00,FX:USDJPY,153.214,153.218,153.194,153.208,290.0
2024-04-11 11:58:00,FX:USDJPY,153.208,153.208,153.19199999999998,153.203,228.0
2024-04-11 11:59:00,FX:USDJPY,153.203,153.206,153.19,153.19,234.0
2024-04-11 12:00:00,FX:USDJPY,153.19,153.238,153.178,153.221,528.0
2024-04-11 12:01:00,FX:USDJPY,153.221,153.227,153.213,153.22199999999998,314.0
2024-04-11 12:02:00,FX:USDJPY,153.22199999999998,153.22199999999998,153.194,153.20399999999998,337.0
2024-04-11 12:03:00,FX:USDJPY,153.20399999999998,153.219,153.20399999999998,153.21599999999998,186.0
2024-04-11 12:04:00,FX:USDJPY,153.21599999999998,153.243,153.215,153.238,233.0
2024-04-11 12:05:00,FX:USDJPY,153.238,153.249,153.238,153.23999999999998,283.0
2024-04-11 12:06:00,FX:USDJPY,153.23999999999998,153.23999999999998,153.22899999999998,153.23399999999998,173.0
2024-04-11 12:07:00,FX:USDJPY,153.23399999999998,153.23999999999998,153.22899999999998,153.23,117.0
2024-04-11 12:08:00,FX:USDJPY,153.23,153.253,153.23,153.24699999999999,160.0
2024-04-11 12:09:00,FX:USDJPY,153.24699999999999,153.253,153.24099999999999,153.25199999999998,226.0
2024-04-11 12:10:00,FX:USDJPY,153.25199999999998,153.26299999999998,153.242,153.248,200.0
2024-04-11 12:11:00,FX:USDJPY,153.248,153.256,153.242,153.242,174.0
2024-04-11 12:12:00,FX:USDJPY,153.242,153.244,153.23,153.24099999999999,221.0
2024-04-11 12:13:00,FX:USDJPY,153.24099999999999,153.248,153.239,153.244,172.0
2024-04-11 12:14:00,FX:USDJPY,153.244,153.24699999999999,153.24099999999999,153.243,230.0
2024-04-11 12:15:00,FX:USDJPY,153.243,153.255,153.237,153.25199999999998,189.0
2024-04-11 12:16:00,FX:USDJPY,153.25199999999998,153.266,153.25199999999998,153.265,267.0
2024-04-11 12:17:00,FX:USDJPY,153.265,153.266,153.24599999999998,153.24699999999999,201.0
2024-04-11 12:18:00,FX:USDJPY,153.24699999999999,153.254,153.242,153.248,149.0
2024-04-11 12:19:00,FX:USDJPY,153.248,153.261,153.24699999999999,153.251,217.0
2024-04-11 12:20:00,FX:USDJPY,153.251,153.255,153.23999999999998,153.23999999999998,173.0
2024-04-11 12:21:00,FX:USDJPY,153.23999999999998,153.23999999999998,153.225,153.22799999999998,192.0
2024-04-11 12:22:00,FX:USDJPY,153.22799999999998,153.239,153.227,153.239,178.0
2024-04-11 12:23:00,FX:USDJPY,153.239,153.242,153.231,153.231,107.0
2024-04-11 12:24:00,FX:USDJPY,153.231,153.244,153.231,153.242,125.0
2024-04-11 12:25:00,FX:USDJPY,153.242,153.243,153.23,153.238,143.0
2024-04-11 12:26:00,FX:USDJPY,153.238,153.245,153.237,153.238,120.0
2024-04-11 12:27:00,FX:USDJPY,153.238,153.24699999999999,153.237,153.24699999999999,115.0
2024-04-11 12:28:00,FX:USDJPY,153.24699999999999,153.254,153.244,153.251,161.0
2024-04-11 12:29:00,FX:USDJPY,153.251,153.256,153.25,153.25199999999998,118.0
2024-04-11 12:30:00,FX:USDJPY,153.25199999999998,153.265,153.25199999999998,153.26299999999998,116.0
2024-04-11 12:31:00,FX:USDJPY,153.26299999999998,153.267,153.261,153.265,57.0
2024-04-11 12:32:00,FX:USDJPY,153.265,153.265,153.253,153.261,158.0
2024-04-11 12:33:00,FX:USDJPY,153.261,153.273,153.261,153.26899999999998,81.0
2024-04-11 12:34:00,FX:USDJPY,153.26899999999998,153.272,153.262,153.26299999999998,93.0
2024-04-11 12:35:00,FX:USDJPY,153.26299999999998,153.27599999999998,153.261,153.273,155.0
2024-04-11 12:36:00,FX:USDJPY,153.273,153.28799999999998,153.268,153.28699999999998,142.0
2024-04-11 12:37:00,FX:USDJPY,153.28699999999998,153.302,153.286,153.301,84.0
2024-04-11 12:38:00,FX:USDJPY,153.301,153.302,153.291,153.296,107.0
2024-04-11 12:39:00,FX:USDJPY,153.296,153.301,153.292,153.29399999999998,139.0
2024-04-11 12:40:00,FX:USDJPY,153.29399999999998,153.296,153.28199999999998,153.285,142.0
2024-04-11 12:41:00,FX:USDJPY,153.285,153.292,153.284,153.285,93.0
2024-04-11 12:42:00,FX:USDJPY,153.285,153.285,153.259,153.259,130.0
2024-04-11 12:43:00,FX:USDJPY,153.259,153.259,153.239,153.24699999999999,182.0
2024-04-11 12:44:00,FX:USDJPY,153.24699999999999,153.261,153.24599999999998,153.251,179.0
2024-04-11 12:45:00,FX:USDJPY,153.251,153.254,153.23,153.238,134.0
2024-04-11 12:46:00,FX:USDJPY,153.238,153.243,153.236,153.238,109.0
2024-04-11 12:47:00,FX:USDJPY,153.238,153.238,153.22799999999998,153.232,77.0
2024-04-11 12:48:00,FX:USDJPY,153.232,153.232,153.21099999999998,153.21699999999998,180.0
2024-04-11 12:49:00,FX:USDJPY,153.21699999999998,153.218,153.212,153.213,146.0
2024-04-11 12:50:00,FX:USDJPY,153.213,153.218,153.206,153.215,218.0
2024-04-11 12:51:00,FX:USDJPY,153.215,153.218,153.213,153.213,149.0
2024-04-11 12:52:00,FX:USDJPY,153.213,153.21699999999998,153.20499999999998,153.207,237.0
2024-04-11 12:53:00,FX:USDJPY,153.207,153.21599999999998,153.206,153.214,236.0
2024-04-11 12:54:00,FX:USDJPY,153.214,153.225,153.214,153.22,174.0
2024-04-11 12:55:00,FX:USDJPY,153.22,153.237,153.22,153.23,245.0
2024-04-11 12:56:00,FX:USDJPY,153.23,153.232,153.22299999999998,153.22299999999998,207.0
2024-04-11 12:57:00,FX:USDJPY,153.22299999999998,153.23999999999998,153.218,153.238,186.0
2024-04-11 12:58:00,FX:USDJPY,153.238,153.239,153.22299999999998,153.22299999999998,169.0
2024-04-11 12:59:00,FX:USDJPY,153.22299999999998,153.236,153.219,153.23499999999999,245.0
2024-04-11 13:00:00,FX:USDJPY,153.23499999999999,153.24099999999999,153.23,153.23399999999998,306.0
2024-04-11 13:01:00,FX:USDJPY,153.23399999999998,153.256,153.189,153.19199999999998,472.0
2024-04-11 13:02:00,FX:USDJPY,153.19199999999998,153.236,153.189,153.22199999999998,500.0
2024-04-11 13:03:00,FX:USDJPY,153.22199999999998,153.239,153.20399999999998,153.20999999999998,344.0
2024-04-11 13:04:00,FX:USDJPY,153.20999999999998,153.23,153.20399999999998,153.21599999999998,282.0
2024-04-11 13:05:00,FX:USDJPY,153.21599999999998,153.232,153.2,153.214,324.0
2024-04-11 13:06:00,FX:USDJPY,153.214,153.227,153.2,153.21699999999998,337.0
2024-04-11 13:07:00,FX:USDJPY,153.21699999999998,153.22899999999998,153.206,153.214,216.0
2024-04-11 13:08:00,FX:USDJPY,153.214,153.214,153.189,153.191,249.0
2024-04-11 13:09:00,FX:USDJPY,153.191,153.19899999999998,153.18099999999998,153.191,215.0
2024-04-11 13:10:00,FX:USDJPY,153.191,153.201,153.176,153.17999999999998,266.0
2024-04-11 13:11:00,FX:USDJPY,153.17999999999998,153.201,153.16899999999998,153.189,305.0
2024-04-11 13:12:00,FX:USDJPY,153.189,153.20499999999998,153.188,153.2,238.0
2024-04-11 13:13:00,FX:USDJPY,153.2,153.203,153.19299999999998,153.194,121.0
2024-04-11 13:14:00,FX:USDJPY,153.194,153.194,153.185,153.18699999999998,145.0
2024-04-11 13:15:00,FX:USDJPY,153.18699999999998,153.194,153.18099999999998,153.191,157.0
2024-04-11 13:16:00,FX:USDJPY,153.191,153.20399999999998,153.189,153.196,156.0
2024-04-11 13:17:00,FX:USDJPY,153.196,153.20999999999998,153.195,153.203,190.0
2024-04-11 13:18:00,FX:USDJPY,153.203,153.20499999999998,153.19,153.194,233.0
2024-04-11 13:19:00,FX:USDJPY,153.194,153.2,153.182,153.18599999999998,218.0
2024-04-11 13:20:00,FX:USDJPY,153.18599999999998,153.19,153.176,153.18699999999998,248.0
2024-04-11 13:21:00,FX:USDJPY,153.18699999999998,153.202,153.18699999999998,153.2,232.0
2024-04-11 13:22:00,FX:USDJPY,153.2,153.22299999999998,153.2,153.21099999999998,205.0
2024-04-11 13:23:00,FX:USDJPY,153.21099999999998,153.22299999999998,153.21099999999998,153.22299999999998,154.0
2024-04-11 13:24:00,FX:USDJPY,153.22299999999998,153.226,153.21099999999998,153.22199999999998,252.0
2024-04-11 13:25:00,FX:USDJPY,153.22199999999998,153.225,153.214,153.22199999999998,211.0
2024-04-11 13:26:00,FX:USDJPY,153.22199999999998,153.226,153.219,153.221,215.0
2024-04-11 13:27:00,FX:USDJPY,153.221,153.224,153.22,153.224,112.0
2024-04-11 13:28:00,FX:USDJPY,153.224,153.224,153.19899999999998,153.214,261.0
2024-04-11 13:29:00,FX:USDJPY,153.214,153.227,153.214,153.227,173.0
2024-04-11 13:30:00,FX:USDJPY,153.227,153.24699999999999,153.227,153.23499999999999,165.0
2024-04-11 13:31:00,FX:USDJPY,153.23499999999999,153.238,153.22299999999998,153.233,133.0
2024-04-11 13:32:00,FX:USDJPY,153.233,153.23499999999999,153.23,153.233,116.0
2024-04-11 13:33:00,FX:USDJPY,153.233,153.236,153.22,153.226,150.0
2024-04-11 13:34:00,FX:USDJPY,153.226,153.25,153.226,153.248,326.0
2024-04-11 13:35:00,FX:USDJPY,153.248,153.248,153.225,153.227,252.0
2024-04-11 13:36:00,FX:USDJPY,153.227,153.23499999999999,153.21099999999998,153.212,204.0
2024-04-11 13:37:00,FX:USDJPY,153.212,153.219,153.206,153.21699999999998,224.0
2024-04-11 13:38:00,FX:USDJPY,153.21699999999998,153.218,153.212,153.21699999999998,207.0
2024-04-11 13:39:00,FX:USDJPY,153.21699999999998,153.218,153.206,153.213,124.0
2024-04-11 13:40:00,FX:USDJPY,153.213,153.21599999999998,153.196,153.197,161.0
2024-04-11 13:41:00,FX:USDJPY,153.197,153.20499999999998,153.191,153.194,209.0
2024-04-11 13:42:00,FX:USDJPY,153.194,153.202,153.194,153.195,121.0
2024-04-11 13:43:00,FX:USDJPY,153.195,153.195,153.18599999999998,153.18599999999998,142.0
2024-04-11 13:44:00,FX:USDJPY,153.18599999999998,153.19299999999998,153.18599999999998,153.188,152.0
2024-04-11 13:45:00,FX:USDJPY,153.188,153.189,153.178,153.178,80.0
2024-04-11 13:46:00,FX:USDJPY,153.178,153.19199999999998,153.178,153.185,183.0
2024-04-11 13:47:00,FX:USDJPY,153.185,153.19199999999998,153.182,153.18599999999998,204.0
2024-04-11 13:48:00,FX:USDJPY,153.18599999999998,153.18599999999998,153.16799999999998,153.16899999999998,145.0
2024-04-11 13:49:00,FX:USDJPY,153.16899999999998,153.171,153.165,153.16799999999998,92.0
2024-04-11 13:50:00,FX:USDJPY,153.16799999999998,153.16799999999998,153.16,153.166,139.0
2024-04-11 13:51:00,FX:USDJPY,153.166,153.166,153.161,153.161,85.0
2024-04-11 13:52:00,FX:USDJPY,153.161,153.16299999999998,153.15599999999998,153.158,104.0
2024-04-11 13:53:00,FX:USDJPY,153.158,153.161,153.15599999999998,153.16,105.0
2024-04-11 13:54:00,FX:USDJPY,153.16,153.18599999999998,153.158,153.18099999999998,213.0
2024-04-11 13:55:00,FX:USDJPY,153.18099999999998,153.19299999999998,153.178,153.179,146.0
2024-04-11 13:56:00,FX:USDJPY,153.179,153.17999999999998,153.167,153.16899999999998,202.0
2024-04-11 13:57:00,FX:USDJPY,153.16899999999998,153.18099999999998,153.16899999999998,153.17499999999998,178.0
2024-04-11 13:58:00,FX:USDJPY,153.17499999999998,153.179,153.167,153.17399999999998,244.0
2024-04-11 13:59:00,FX:USDJPY,153.17399999999998,153.17999999999998,153.17,153.176,153.0
2024-04-11 14:00:00,FX:USDJPY,153.176,153.182,153.176,153.178,135.0
2024-04-11 14:01:00,FX:USDJPY,153.178,153.178,153.16799999999998,153.172,155.0
2024-04-11 14:02:00,FX:USDJPY,153.172,153.178,153.15699999999998,153.16199999999998,210.0
2024-04-11 14:03:00,FX:USDJPY,153.16199999999998,153.16199999999998,153.153,153.153,144.0
2024-04-11 14:04:00,FX:USDJPY,153.153,153.15599999999998,153.14399999999998,153.14499999999998,85.0
2024-04-11 14:05:00,FX:USDJPY,153.14499999999998,153.14999999999998,153.13299999999998,153.13299999999998,178.0
2024-04-11 14:06:00,FX:USDJPY,153.13299999999998,153.134,153.117,153.132,160.0
2024-04-11 14:07:00,FX:USDJPY,153.132,153.132,153.087,153.10399999999998,260.0
2024-04-11 14:08:00,FX:USDJPY,153.10399999999998,153.111,153.09799999999998,153.106,245.0
2024-04-11 14:09:00,FX:USDJPY,153.106,153.11499999999998,153.09799999999998,153.10999999999999,242.0
2024-04-11 14:10:00,FX:USDJPY,153.10999999999999,153.125,153.10299999999998,153.124,247.0
2024-04-11 14:11:00,FX:USDJPY,153.124,153.13799999999998,153.124,153.135,186.0
2024-04-11 14:12:00,FX:USDJPY,153.135,153.13799999999998,153.123,153.134,126.0
2024-04-11 14:13:00,FX:USDJPY,153.134,153.13899999999998,153.12699999999998,153.135,101.0
2024-04-11 14:14:00,FX:USDJPY,153.135,153.14499999999998,153.13299999999998,153.142,175.0
2024-04-11 14:15:00,FX:USDJPY,153.142,153.142,153.125,153.126,169.0
2024-04-11 14:16:00,FX:USDJPY,153.126,153.126,153.113,153.123,142.0
2024-04-11 14:17:00,FX:USDJPY,153.123,153.132,153.118,153.131,144.0
2024-04-11 14:18:00,FX:USDJPY,153.131,153.143,153.129,153.13799999999998,148.0
2024-04-11 14:19:00,FX:USDJPY,153.13799999999998,153.15099999999998,153.135,153.146,165.0
2024-04-11 14:20:00,FX:USDJPY,153.146,153.154,153.146,153.14999999999998,176.0
2024-04-11 14:21:00,FX:USDJPY,153.14999999999998,153.159,153.143,153.15599999999998,168.0
2024-04-11 14:22:00,FX:USDJPY,153.15599999999998,153.15699999999998,153.13899999999998,153.146,205.0
2024-04-11 14:23:00,FX:USDJPY,153.146,153.147,153.143,153.147,156.0
2024-04-11 14:24:00,FX:USDJPY,153.147,153.147,153.143,153.14399999999998,156.0
2024-04-11 14:25:00,FX:USDJPY,153.14399999999998,153.14499999999998,153.129,153.129,174.0
2024-04-11 14:26:00,FX:USDJPY,153.129,153.137,153.12699999999998,153.13299999999998,217.0
2024-04-11 14:27:00,FX:USDJPY,153.13299999999998,153.134,153.123,153.12699999999998,175.0
2024-04-11 14:28:00,FX:USDJPY,153.12699999999998,153.132,153.12099999999998,153.12199999999999,167.0
2024-04-11 14:29:00,FX:USDJPY,153.12199999999999,153.132,153.12099999999998,153.13,184.0
2024-04-11 14:30:00,FX:USDJPY,153.13,153.13299999999998,153.118,153.118,200.0
2024-04-11 14:31:00,FX:USDJPY,153.118,153.137,153.118,153.132,140.0
2024-04-11 14:32:00,FX:USDJPY,153.132,153.14,153.131,153.134,68.0
2024-04-11 14:33:00,FX:USDJPY,153.134,153.148,153.134,153.147,110.0
2024-04-11 14:34:00,FX:USDJPY,153.147,153.14999999999998,153.143,153.149,102.0
2024-04-11 14:35:00,FX:USDJPY,153.149,153.149,153.141,153.142,123.0
2024-04-11 14:36:00,FX:USDJPY,153.142,153.149,153.142,153.147,90.0
2024-04-11 14:37:00,FX:USDJPY,153.147,153.154,153.13899999999998,153.142,92.0
2024-04-11 14:38:00,FX:USDJPY,153.142,153.15599999999998,153.142,153.155,119.0
2024-04-11 14:39:00,FX:USDJPY,153.155,153.167,153.153,153.165,125.0
2024-04-11 14:40:00,FX:USDJPY,153.165,153.166,153.14999999999998,153.154,160.0
2024-04-11 14:41:00,FX:USDJPY,153.154,153.155,153.14399999999998,153.154,190.0
2024-04-11 14:42:00,FX:USDJPY,153.154,153.15599999999998,153.142,153.14399999999998,178.0
2024-04-11 14:43:00,FX:USDJPY,153.14399999999998,153.15099999999998,153.143,153.15099999999998,148.0
2024-04-11 14:44:00,FX:USDJPY,153.15099999999998,153.153,153.146,153.15099999999998,100.0
2024-04-11 14:45:00,FX:USDJPY,153.15099999999998,153.152,153.14999999999998,153.15099999999998,27.0
2024-04-11 14:46:00,FX:USDJPY,153.15099999999998,153.155,153.15099999999998,153.155,64.0
2024-04-11 14:47:00,FX:USDJPY,153.155,153.17499999999998,153.155,153.173,167.0
2024-04-11 14:48:00,FX:USDJPY,153.173,153.197,153.172,153.191,174.0
2024-04-11 14:49:00,FX:USDJPY,153.191,153.194,153.18699999999998,153.18699999999998,127.0
2024-04-11 14:50:00,FX:USDJPY,153.18699999999998,153.191,153.17999999999998,153.18699999999998,135.0
2024-04-11 14:51:00,FX:USDJPY,153.18699999999998,153.20499999999998,153.18699999999998,153.202,153.0
2024-04-11 14:52:00,FX:USDJPY,153.202,153.22199999999998,153.2,153.218,165.0
2024-04-11 14:53:00,FX:USDJPY,153.218,153.218,153.2,153.201,162.0
2024-04-11 14:54:00,FX:USDJPY,153.201,153.213,153.19899999999998,153.21099999999998,142.0
2024-04-11 14:55:00,FX:USDJPY,153.21099999999998,153.224,153.21099999999998,153.212,187.0
2024-04-11 14:56:00,FX:USDJPY,153.212,153.221,153.21099999999998,153.214,150.0
2024-04-11 14:57:00,FX:USDJPY,153.214,153.22299999999998,153.212,153.219,105.0
2024-04-11 14:58:00,FX:USDJPY,153.219,153.22,153.213,153.214,145.0
2024-04-11 14:59:00,FX:USDJPY,153.214,153.24699999999999,153.213,153.243,329.0
2024-04-11 15:00:00,FX:USDJPY,153.243,153.248,153.23499999999999,153.244,359.0
2024-04-11 15:01:00,FX:USDJPY,153.244,153.244,153.23399999999998,153.236,171.0
2024-04-11 15:02:00,FX:USDJPY,153.236,153.239,153.22199999999998,153.224,218.0
2024-04-11 15:03:00,FX:USDJPY,153.224,153.226,153.219,153.221,180.0
2024-04-11 15:04:00,FX:USDJPY,153.221,153.23399999999998,153.221,153.23399999999998,110.0
2024-04-11 15:05:00,FX:USDJPY,153.23399999999998,153.23399999999998,153.226,153.233,136.0
2024-04-11 15:06:00,FX:USDJPY,153.233,153.23399999999998,153.232,153.233,82.0
2024-04-11 15:07:00,FX:USDJPY,153.233,153.239,153.233,153.23399999999998,69.0
2024-04-11 15:08:00,FX:USDJPY,153.23399999999998,153.24599999999998,153.227,153.24599999999998,153.0
2024-04-11 15:09:00,FX:USDJPY,153.24599999999998,153.256,153.239,153.244,149.0
2024-04-11 15:10:00,FX:USDJPY,153.244,153.24599999999998,153.22799999999998,153.231,133.0
2024-04-11 15:11:00,FX:USDJPY,153.231,153.232,153.218,153.22299999999998,121.0
2024-04-11 15:12:00,FX:USDJPY,153.22299999999998,153.224,153.22,153.22199999999998,105.0
2024-04-11 15:13:00,FX:USDJPY,153.22199999999998,153.224,153.22,153.224,147.0
2024-04-11 15:14:00,FX:USDJPY,153.224,153.24099999999999,153.22,153.238,139.0
2024-04-11 15:15:00,FX:USDJPY,153.238,153.249,153.23499999999999,153.244,188.0
2024-04-11 15:16:00,FX:USDJPY,153.244,153.245,153.232,153.236,60.0
2024-04-11 15:17:00,FX:USDJPY,153.236,153.238,153.233,153.233,55.0
2024-04-11 15:18:00,FX:USDJPY,153.233,153.233,153.20399999999998,153.21099999999998,230.0
2024-04-11 15:19:00,FX:USDJPY,153.21099999999998,153.213,153.197,153.201,149.0
2024-04-11 15:20:00,FX:USDJPY,153.201,153.20399999999998,153.19799999999998,153.19899999999998,46.0
2024-04-11 15:21:00,FX:USDJPY,153.19899999999998,153.2,153.183,153.188,102.0
2024-04-11 15:22:00,FX:USDJPY,153.188,153.19,153.177,153.18599999999998,100.0
2024-04-11 15:23:00,FX:USDJPY,153.18599999999998,153.19199999999998,153.185,153.18599999999998,66.0
2024-04-11 15:24:00,FX:USDJPY,153.18599999999998,153.191,153.185,153.191,149.0
2024-04-11 15:25:00,FX:USDJPY,153.191,153.19299999999998,153.179,153.185,134.0
2024-04-11 15:26:00,FX:USDJPY,153.185,153.19199999999998,153.182,153.189,117.0
2024-04-11 15:27:00,FX:USDJPY,153.189,153.197,153.188,153.195,141.0
2024-04-11 15:28:00,FX:USDJPY,153.195,153.196,153.18699999999998,153.189,88.0
2024-04-11 15:29:00,FX:USDJPY,153.189,153.194,153.18699999999998,153.19299999999998,118.0
2024-04-11 15:30:00,FX:USDJPY,153.19299999999998,153.197,153.189,153.196,136.0
2024-04-11 15:31:00,FX:USDJPY,153.196,153.21099999999998,153.196,153.20399999999998,115.0
2024-04-11 15:32:00,FX:USDJPY,153.20399999999998,153.212,153.20399999999998,153.20999999999998,43.0
2024-04-11 15:33:00,FX:USDJPY,153.20999999999998,153.21099999999998,153.209,153.20999999999998,29.0
2024-04-11 15:34:00,FX:USDJPY,153.20999999999998,153.20999999999998,153.20399999999998,153.20499999999998,52.0
2024-04-11 15:35:00,FX:USDJPY,153.20499999999998,153.20999999999998,153.2,153.201,110.0
2024-04-11 15:36:00,FX:USDJPY,153.201,153.206,153.19799999999998,153.20399999999998,142.0
2024-04-11 15:37:00,FX:USDJPY,153.20399999999998,153.20999999999998,153.2,153.201,114.0
2024-04-11 15:38:00,FX:USDJPY,153.201,153.203,153.19,153.19199999999998,121.0
2024-04-11 15:39:00,FX:USDJPY,153.19199999999998,153.19199999999998,153.17999999999998,153.18699999999998,131.0
2024-04-11 15:40:00,FX:USDJPY,153.18699999999998,153.19,153.185,153.18699999999998,162.0
2024-04-11 15:41:00,FX:USDJPY,153.18699999999998,153.191,153.18699999999998,153.19,173.0
2024-04-11 15:42:00,FX:USDJPY,153.19,153.2,153.16799999999998,153.177,229.0
2024-04-11 15:43:00,FX:USDJPY,153.177,153.18699999999998,153.17399999999998,153.179,215.0
2024-04-11 15:44:00,FX:USDJPY,153.179,153.17999999999998,153.171,153.178,167.0
2024-04-11 15:45:00,FX:USDJPY,153.178,153.183,153.17399999999998,153.178,203.0
2024-04-11 15:46:00,FX:USDJPY,153.178,153.178,153.16799999999998,153.17499999999998,149.0
2024-04-11 15:47:00,FX:USDJPY,153.17499999999998,153.184,153.17399999999998,153.182,189.0
2024-04-11 15:48:00,FX:USDJPY,153.182,153.194,153.179,153.18699999999998,175.0
2024-04-11 15:49:00,FX:USDJPY,153.18699999999998,153.188,153.17399999999998,153.17399999999998,117.0
2024-04-11 15:50:00,FX:USDJPY,153.17399999999998,153.18699999999998,153.171,153.18599999999998,198.0
2024-04-11 15:51:00,FX:USDJPY,153.18599999999998,153.18599999999998,153.171,153.173,207.0
2024-04-11 15:52:00,FX:USDJPY,153.173,153.178,153.172,153.176,130.0
2024-04-11 15:53:00,FX:USDJPY,153.176,153.177,153.173,153.17399999999998,115.0
2024-04-11 15:54:00,FX:USDJPY,153.17399999999998,153.179,153.17,153.176,113.0
2024-04-11 15:55:00,FX:USDJPY,153.176,153.18699999999998,153.176,153.184,173.0
2024-04-11 15:56:00,FX:USDJPY,153.184,153.197,153.184,153.191,186.0
2024-04-11 15:57:00,FX:USDJPY,153.191,153.19799999999998,153.18599999999998,153.19299999999998,130.0
2024-04-11 15:58:00,FX:USDJPY,153.19299999999998,153.194,153.188,153.19199999999998,98.0
2024-04-11 15:59:00,FX:USDJPY,153.19199999999998,153.202,153.17999999999998,153.201,132.0
2024-04-11 16:00:00,FX:USDJPY,153.201,153.219,153.194,153.21699999999998,161.0
2024-04-11 16:01:00,FX:USDJPY,153.21699999999998,153.232,153.21599999999998,153.22899999999998,98.0
2024-04-11 16:02:00,FX:USDJPY,153.22899999999998,153.232,153.225,153.22899999999998,71.0
2024-04-11 16:03:00,FX:USDJPY,153.22899999999998,153.22899999999998,153.224,153.22899999999998,38.0
2024-04-11 16:04:00,FX:USDJPY,153.22899999999998,153.22899999999998,153.224,153.225,30.0
2024-04-11 16:05:00,FX:USDJPY,153.225,153.22899999999998,153.22199999999998,153.227,96.0
2024-04-11 16:06:00,FX:USDJPY,153.227,153.231,153.227,153.231,23.0
2024-04-11 16:07:00,FX:USDJPY,153.231,153.231,153.23,153.231,10.0
2024-04-11 16:08:00,FX:USDJPY,153.231,153.242,153.23,153.242,39.0
2024-04-11 16:09:00,FX:USDJPY,153.242,153.243,153.24099999999999,153.24099999999999,30.0
2024-04-11 16:10:00,FX:USDJPY,153.24099999999999,153.24099999999999,153.24099999999999,153.24099999999999,8.0
2024-04-11 16:11:00,FX:USDJPY,153.24099999999999,153.24099999999999,153.239,153.239,14.0
2024-04-11 16:12:00,FX:USDJPY,153.239,153.242,153.238,153.24099999999999,18.0
2024-04-11 16:13:00,FX:USDJPY,153.24099999999999,153.242,153.23499999999999,153.236,31.0
2024-04-11 16:14:00,FX:USDJPY,153.236,153.238,153.23399999999998,153.238,35.0
2024-04-11 16:15:00,FX:USDJPY,153.238,153.242,153.238,153.24099999999999,9.0
2024-04-11 16:16:00,FX:USDJPY,153.24099999999999,153.24099999999999,153.23999999999998,153.24099999999999,4.0
2024-04-11 16:17:00,FX:USDJPY,153.24099999999999,153.253,153.23999999999998,153.253,27.0
2024-04-11 16:18:00,FX:USDJPY,153.253,153.255,153.25199999999998,153.255,16.0
2024-04-11 16:19:00,FX:USDJPY,153.255,153.256,153.253,153.254,23.0
2024-04-11 16:20:00,FX:USDJPY,153.254,153.255,153.25199999999998,153.254,21.0
2024-04-11 16:21:00,FX:USDJPY,153.254,153.25799999999998,153.253,153.25799999999998,34.0
2024-04-11 16:22:00,FX:USDJPY,153.25799999999998,153.26399999999998,153.256,153.26399999999998,22.0
2024-04-11 16:23:00,FX:USDJPY,153.26399999999998,153.265,153.261,153.265,41.0
2024-04-11 16:24:00,FX:USDJPY,153.265,153.265,153.257,153.26,39.0
2024-04-11 16:25:00,FX:USDJPY,153.26,153.261,153.257,153.259,35.0
2024-04-11 16:26:00,FX:USDJPY,153.259,153.259,153.251,153.253,50.0
2024-04-11 16:27:00,FX:USDJPY,153.253,153.253,153.245,153.251,43.0
2024-04-11 16:28:00,FX:USDJPY,153.251,153.253,153.251,153.253,15.0
2024-04-11 16:29:00,FX:USDJPY,153.253,153.254,153.24599999999998,153.253,65.0
2024-04-11 16:30:00,FX:USDJPY,153.253,153.254,153.25199999999998,153.253,15.0
2024-04-11 16:31:00,FX:USDJPY,153.253,153.253,153.25199999999998,153.253,14.0
2024-04-11 16:32:00,FX:USDJPY,153.253,153.253,153.253,153.253,9.0
2024-04-11 16:33:00,FX:USDJPY,153.253,153.253,153.253,153.253,9.0
2024-04-11 16:34:00,FX:USDJPY,153.253,153.254,153.253,153.254,17.0
2024-04-11 16:35:00,FX:USDJPY,153.254,153.254,153.253,153.254,13.0
2024-04-11 16:36:00,FX:USDJPY,153.254,153.254,153.253,153.254,19.0
2024-04-11 16:37:00,FX:USDJPY,153.254,153.254,153.253,153.253,13.0
2024-04-11 16:38:00,FX:USDJPY,153.253,153.254,153.253,153.253,12.0
2024-04-11 16:39:00,FX:USDJPY,153.253,153.254,153.251,153.25199999999998,34.0
2024-04-11 16:40:00,FX:USDJPY,153.25199999999998,153.25199999999998,153.239,153.242,43.0
2024-04-11 16:41:00,FX:USDJPY,153.242,153.243,153.239,153.24099999999999,13.0
2024-04-11 16:42:00,FX:USDJPY,153.24099999999999,153.242,153.239,153.242,14.0
2024-04-11 16:43:00,FX:USDJPY,153.242,153.242,153.24099999999999,153.242,10.0
2024-04-11 16:44:00,FX:USDJPY,153.242,153.242,153.23999999999998,153.24099999999999,17.0
2024-04-11 16:45:00,FX:USDJPY,153.24099999999999,153.242,153.238,153.242,27.0
2024-04-11 16:46:00,FX:USDJPY,153.242,153.243,153.24099999999999,153.242,10.0
2024-04-11 16:47:00,FX:USDJPY,153.242,153.242,153.24099999999999,153.242,18.0
2024-04-11 16:48:00,FX:USDJPY,153.242,153.242,153.24099999999999,153.242,14.0
2024-04-11 16:49:00,FX:USDJPY,153.242,153.243,153.238,153.243,34.0
2024-04-11 16:50:00,FX:USDJPY,153.243,153.244,153.237,153.242,37.0
2024-04-11 16:51:00,FX:USDJPY,153.242,153.245,153.24099999999999,153.24099999999999,19.0
2024-04-11 16:52:00,FX:USDJPY,153.24099999999999,153.256,153.24099999999999,153.254,48.0
2024-04-11 16:53:00,FX:USDJPY,153.254,153.256,153.25,153.255,27.0
2024-04-11 16:54:00,FX:USDJPY,153.255,153.255,153.254,153.254,25.0
2024-04-11 16:55:00,FX:USDJPY,153.254,153.256,153.25199999999998,153.253,23.0
2024-04-11 16:56:00,FX:USDJPY,153.253,153.265,153.25199999999998,153.26399999999998,29.0
2024-04-11 16:57:00,FX:USDJPY,153.26399999999998,153.285,153.26399999999998,153.27599999999998,72.0
2024-04-11 16:58:00,FX:USDJPY,153.27599999999998,153.28099999999998,153.272,153.274,92.0
2024-04-11 16:59:00,FX:USDJPY,153.274,153.27499999999998,153.265,153.265,62.0
2024-04-11 17:00:00,FX:USDJPY,153.265,153.265,153.226,153.233,7.0
2024-04-11 17:01:00,FX:USDJPY,153.233,153.236,153.233,153.236,3.0
2024-04-11 17:02:00,FX:USDJPY,153.236,153.23999999999998,153.197,153.23999999999998,7.0
2024-04-11 17:03:00,FX:USDJPY,153.23999999999998,153.23999999999998,153.23999999999998,153.23999999999998,1.0
2024-04-11 17:04:00,FX:USDJPY,153.23999999999998,153.23999999999998,153.19899999999998,153.19899999999998,23.0
2024-04-11 17:05:00,FX:USDJPY,153.19899999999998,153.214,153.19899999999998,153.214,17.0
2024-04-11 17:06:00,FX:USDJPY,153.214,153.231,153.214,153.23,21.0
2024-04-11 17:07:00,FX:USDJPY,153.23,153.236,153.224,153.224,14.0
2024-04-11 17:08:00,FX:USDJPY,153.224,153.227,153.224,153.227,1.0
2024-04-11 17:09:00,FX:USDJPY,153.227,153.23,153.225,153.23,10.0
2024-04-11 17:10:00,FX:USDJPY,153.23,153.23,153.226,153.226,9.0
2024-04-11 17:11:00,FX:USDJPY,153.226,153.22799999999998,153.226,153.22799999999998,4.0
2024-04-11 17:12:00,FX:USDJPY,153.22799999999998,153.22799999999998,153.209,153.209,20.0
2024-04-11 17:13:00,FX:USDJPY,153.209,153.209,153.196,153.196,11.0
2024-04-11 17:14:00,FX:USDJPY,153.196,153.206,153.173,153.184,35.0
2024-04-11 17:15:00,FX:USDJPY,153.184,153.191,153.18099999999998,153.189,26.0
2024-04-11 17:16:00,FX:USDJPY,153.189,153.189,153.176,153.18699999999998,23.0
2024-04-11 17:17:00,FX:USDJPY,153.18699999999998,153.212,153.18699999999998,153.212,16.0
2024-04-11 17:18:00,FX:USDJPY,153.212,153.22199999999998,153.212,153.219,19.0
2024-04-11 17:19:00,FX:USDJPY,153.219,153.22199999999998,153.219,153.22,5.0
2024-04-11 17:20:00,FX:USDJPY,153.22,153.22,153.22,153.22,2.0
2024-04-11 17:21:00,FX:USDJPY,153.22,153.22199999999998,153.22,153.22199999999998,6.0
2024-04-11 17:23:00,FX:USDJPY,153.22199999999998,153.225,153.22199999999998,153.225,4.0
2024-04-11 17:24:00,FX:USDJPY,153.225,153.227,153.22299999999998,153.224,4.0
2024-04-11 17:25:00,FX:USDJPY,153.224,153.224,153.218,153.218,10.0
2024-04-11 17:26:00,FX:USDJPY,153.218,153.218,153.21599999999998,153.21599999999998,6.0
2024-04-11 17:27:00,FX:USDJPY,153.21599999999998,153.21599999999998,153.207,153.209,21.0
2024-04-11 17:28:00,FX:USDJPY,153.209,153.209,153.20399999999998,153.207,4.0
2024-04-11 17:29:00,FX:USDJPY,153.207,153.207,153.206,153.206,2.0
2024-04-11 17:30:00,FX:USDJPY,153.206,153.208,153.206,153.208,10.0
2024-04-11 17:31:00,FX:USDJPY,153.208,153.208,153.208,153.208,4.0
2024-04-11 17:32:00,FX:USDJPY,153.208,153.22,153.208,153.22,3.0
2024-04-11 17:33:00,FX:USDJPY,153.22,153.221,153.208,153.209,10.0
2024-04-11 17:34:00,FX:USDJPY,153.209,153.209,153.209,153.209,4.0
2024-04-11 17:35:00,FX:USDJPY,153.209,153.221,153.209,153.221,13.0
2024-04-11 17:36:00,FX:USDJPY,153.221,153.221,153.209,153.221,3.0
2024-04-11 17:37:00,FX:USDJPY,153.221,153.221,153.208,153.208,4.0
2024-04-11 17:38:00,FX:USDJPY,153.208,153.219,153.208,153.219,1.0
2024-04-11 17:39:00,FX:USDJPY,153.219,153.219,153.219,153.219,6.0
2024-04-11 17:40:00,FX:USDJPY,153.219,153.221,153.208,153.221,13.0
2024-04-11 17:41:00,FX:USDJPY,153.221,153.22199999999998,153.221,153.22199999999998,1.0
2024-04-11 17:42:00,FX:USDJPY,153.22199999999998,153.22199999999998,153.208,153.22199999999998,2.0
2024-04-11 17:43:00,FX:USDJPY,153.22199999999998,153.22299999999998,153.22199999999998,153.22299999999998,2.0
2024-04-11 17:44:00,FX:USDJPY,153.22299999999998,153.22299999999998,153.221,153.221,3.0
2024-04-11 17:45:00,FX:USDJPY,153.221,153.22299999999998,153.221,153.22299999999998,3.0
2024-04-11 17:46:00,FX:USDJPY,153.22299999999998,153.22299999999998,153.21599999999998,153.218,13.0
2024-04-11 17:47:00,FX:USDJPY,153.218,153.221,153.218,153.221,10.0
2024-04-11 17:48:00,FX:USDJPY,153.221,153.221,153.22,153.221,5.0
2024-04-11 17:49:00,FX:USDJPY,153.221,153.22199999999998,153.215,153.221,7.0
2024-04-11 17:50:00,FX:USDJPY,153.221,153.221,153.212,153.21699999999998,35.0
2024-04-11 17:51:00,FX:USDJPY,153.21699999999998,153.218,153.208,153.215,16.0
2024-04-11 17:52:00,FX:USDJPY,153.215,153.215,153.214,153.215,4.0
2024-04-11 17:53:00,FX:USDJPY,153.215,153.21599999999998,153.208,153.208,7.0
2024-04-11 17:54:00,FX:USDJPY,153.208,153.209,153.208,153.209,10.0
2024-04-11 17:55:00,FX:USDJPY,153.209,153.209,153.20399999999998,153.20399999999998,8.0
2024-04-11 17:56:00,FX:USDJPY,153.20399999999998,153.20399999999998,153.201,153.201,11.0
2024-04-11 17:57:00,FX:USDJPY,153.201,153.201,153.2,153.2,5.0
2024-04-11 17:58:00,FX:USDJPY,153.2,153.2,153.2,153.2,1.0
2024-04-11 17:59:00,FX:USDJPY,153.2,153.202,153.2,153.201,4.0
2024-04-11 18:00:00,FX:USDJPY,153.201,153.224,153.201,153.20499999999998,81.0
2024-04-11 18:01:00,FX:USDJPY,153.20499999999998,153.206,153.19,153.191,55.0
2024-04-11 18:02:00,FX:USDJPY,153.191,153.194,153.166,153.16799999999998,39.0
2024-04-11 18:03:00,FX:USDJPY,153.16799999999998,153.17999999999998,153.16799999999998,153.179,21.0
2024-04-11 18:04:00,FX:USDJPY,153.179,153.185,153.179,153.185,11.0
2024-04-11 18:05:00,FX:USDJPY,153.185,153.237,153.185,153.23499999999999,77.0
2024-04-11 18:06:00,FX:USDJPY,153.23499999999999,153.236,153.224,153.224,23.0
2024-04-11 18:07:00,FX:USDJPY,153.224,153.224,153.215,153.215,14.0
2024-04-11 18:08:00,FX:USDJPY,153.215,153.22,153.215,153.21599999999998,15.0
2024-04-11 18:09:00,FX:USDJPY,153.21599999999998,153.21699999999998,153.215,153.21699999999998,5.0
2024-04-11 18:10:00,FX:USDJPY,153.21699999999998,153.22,153.212,153.214,12.0
2024-04-11 18:11:00,FX:USDJPY,153.214,153.215,153.19799999999998,153.215,56.0
2024-04-11 18:12:00,FX:USDJPY,153.215,153.219,153.215,153.218,20.0
2024-04-11 18:13:00,FX:USDJPY,153.218,153.219,153.21699999999998,153.218,14.0
2024-04-11 18:14:00,FX:USDJPY,153.218,153.219,153.21699999999998,153.21699999999998,13.0
2024-04-11 18:15:00,FX:USDJPY,153.21699999999998,153.21699999999998,153.21599999999998,153.21699999999998,6.0
2024-04-11 18:16:00,FX:USDJPY,153.21699999999998,153.218,153.213,153.21699999999998,34.0
2024-04-11 18:17:00,FX:USDJPY,153.21699999999998,153.219,153.21699999999998,153.219,19.0
2024-04-11 18:18:00,FX:USDJPY,153.219,153.22,153.21599999999998,153.21599999999998,26.0
2024-04-11 18:19:00,FX:USDJPY,153.21599999999998,153.218,153.214,153.214,27.0
2024-04-11 18:20:00,FX:USDJPY,153.214,153.219,153.214,153.219,40.0
2024-04-11 18:21:00,FX:USDJPY,153.219,153.219,153.214,153.21699999999998,30.0
2024-04-11 18:22:00,FX:USDJPY,153.21699999999998,153.226,153.21599999999998,153.221,45.0
2024-04-11 18:23:00,FX:USDJPY,153.221,153.22299999999998,153.206,153.206,41.0
2024-04-11 18:24:00,FX:USDJPY,153.206,153.206,153.179,153.195,91.0
2024-04-11 18:25:00,FX:USDJPY,153.195,153.203,153.194,153.197,52.0
2024-04-11 18:26:00,FX:USDJPY,153.197,153.19899999999998,153.19199999999998,153.197,51.0
2024-04-11 18:27:00,FX:USDJPY,153.197,153.203,153.195,153.202,49.0
2024-04-11 18:28:00,FX:USDJPY,153.202,153.207,153.201,153.206,26.0
2024-04-11 18:29:00,FX:USDJPY,153.206,153.218,153.206,153.207,49.0
2024-04-11 18:30:00,FX:USDJPY,153.207,153.21099999999998,153.206,153.207,44.0
2024-04-11 18:31:00,FX:USDJPY,153.207,153.219,153.206,153.21699999999998,78.0
2024-04-11 18:32:00,FX:USDJPY,153.21699999999998,153.231,153.215,153.22799999999998,63.0
2024-04-11 18:33:00,FX:USDJPY,153.22799999999998,153.23399999999998,153.227,153.22799999999998,66.0
2024-04-11 18:34:00,FX:USDJPY,153.22799999999998,153.232,153.227,153.231,53.0
2024-04-11 18:35:00,FX:USDJPY,153.231,153.232,153.22799999999998,153.231,76.0
2024-04-11 18:36:00,FX:USDJPY,153.231,153.231,153.21599999999998,153.22,90.0
2024-04-11 18:37:00,FX:USDJPY,153.22,153.22899999999998,153.21699999999998,153.224,53.0
2024-04-11 18:38:00,FX:USDJPY,153.224,153.232,153.224,153.231,46.0
2024-04-11 18:39:00,FX:USDJPY,153.231,153.232,153.226,153.232,47.0
2024-04-11 18:40:00,FX:USDJPY,153.232,153.232,153.23,153.232,20.0
2024-04-11 18:41:00,FX:USDJPY,153.232,153.232,153.231,153.232,21.0
2024-04-11 18:42:00,FX:USDJPY,153.232,153.232,153.22,153.227,38.0
2024-04-11 18:43:00,FX:USDJPY,153.227,153.22899999999998,153.214,153.218,65.0
2024-04-11 18:44:00,FX:USDJPY,153.218,153.22199999999998,153.218,153.22,56.0
2024-04-11 18:45:00,FX:USDJPY,153.22,153.227,153.218,153.22299999999998,36.0
2024-04-11 18:46:00,FX:USDJPY,153.22299999999998,153.22899999999998,153.22199999999998,153.22799999999998,38.0
2024-04-11 18:47:00,FX:USDJPY,153.22799999999998,153.232,153.22799999999998,153.22899999999998,16.0
2024-04-11 18:48:00,FX:USDJPY,153.22899999999998,153.232,153.22899999999998,153.23,27.0
2024-04-11 18:49:00,FX:USDJPY,153.23,153.231,153.225,153.22799999999998,54.0
2024-04-11 18:50:00,FX:USDJPY,153.22799999999998,153.22799999999998,153.22,153.221,36.0
2024-04-11 18:51:00,FX:USDJPY,153.221,153.22199999999998,153.218,153.22,25.0
2024-04-11 18:52:00,FX:USDJPY,153.22,153.22199999999998,153.214,153.214,29.0
2024-04-11 18:53:00,FX:USDJPY,153.214,153.22,153.213,153.219,55.0
2024-04-11 18:54:00,FX:USDJPY,153.219,153.227,153.218,153.22299999999998,36.0
2024-04-11 18:55:00,FX:USDJPY,153.22299999999998,153.227,153.21699999999998,153.221,42.0
2024-04-11 18:56:00,FX:USDJPY,153.221,153.221,153.218,153.221,19.0
2024-04-11 18:57:00,FX:USDJPY,153.221,153.221,153.218,153.218,24.0
2024-04-11 18:58:00,FX:USDJPY,153.218,153.22899999999998,153.21699999999998,153.22799999999998,59.0
2024-04-11 18:59:00,FX:USDJPY,153.22799999999998,153.22899999999998,153.226,153.226,12.0
2024-04-11 19:00:00,FX:USDJPY,153.226,153.227,153.218,153.218,70.0
2024-04-11 19:01:00,FX:USDJPY,153.218,153.231,153.21699999999998,153.231,96.0
2024-04-11 19:02:00,FX:USDJPY,153.231,153.23399999999998,153.22799999999998,153.23,34.0
2024-04-11 19:03:00,FX:USDJPY,153.23,153.23,153.218,153.22199999999998,33.0
2024-04-11 19:04:00,FX:USDJPY,153.22199999999998,153.22899999999998,153.22199999999998,153.22199999999998,40.0
2024-04-11 19:05:00,FX:USDJPY,153.22199999999998,153.227,153.22,153.22,42.0
2024-04-11 19:06:00,FX:USDJPY,153.22,153.231,153.219,153.231,36.0
2024-04-11 19:07:00,FX:USDJPY,153.231,153.231,153.221,153.221,51.0
2024-04-11 19:08:00,FX:USDJPY,153.221,153.22299999999998,153.219,153.219,33.0
2024-04-11 19:09:00,FX:USDJPY,153.219,153.219,153.21599999999998,153.218,54.0
2024-04-11 19:10:00,FX:USDJPY,153.218,153.218,153.21599999999998,153.21699999999998,23.0
2024-04-11 19:11:00,FX:USDJPY,153.21699999999998,153.221,153.21599999999998,153.22,20.0
2024-04-11 19:12:00,FX:USDJPY,153.22,153.221,153.215,153.21599999999998,14.0
2024-04-11 19:13:00,FX:USDJPY,153.21599999999998,153.22,153.214,153.219,19.0
2024-04-11 19:14:00,FX:USDJPY,153.219,153.221,153.214,153.219,18.0
2024-04-11 19:15:00,FX:USDJPY,153.219,153.227,153.215,153.21699999999998,36.0
2024-04-11 19:16:00,FX:USDJPY,153.21699999999998,153.219,153.20999999999998,153.213,46.0
2024-04-11 19:17:00,FX:USDJPY,153.213,153.22,153.20999999999998,153.218,67.0
2024-04-11 19:18:00,FX:USDJPY,153.218,153.22199999999998,153.213,153.21599999999998,44.0
2024-04-11 19:19:00,FX:USDJPY,153.21599999999998,153.21699999999998,153.215,153.215,19.0
2024-04-11 19:20:00,FX:USDJPY,153.215,153.219,153.214,153.219,28.0
2024-04-11 19:21:00,FX:USDJPY,153.219,153.22,153.218,153.219,30.0
2024-04-11 19:22:00,FX:USDJPY,153.219,153.22,153.215,153.21599999999998,40.0
2024-04-11 19:23:00,FX:USDJPY,153.21599999999998,153.22899999999998,153.21599999999998,153.22799999999998,62.0
2024-04-11 19:24:00,FX:USDJPY,153.22799999999998,153.231,153.218,153.22,28.0
2024-04-11 19:25:00,FX:USDJPY,153.22,153.22,153.20499999999998,153.20499999999998,67.0
2024-04-11 19:26:00,FX:USDJPY,153.20499999999998,153.209,153.20499999999998,153.209,29.0
2024-04-11 19:27:00,FX:USDJPY,153.209,153.218,153.207,153.209,70.0
2024-04-11 19:28:00,FX:USDJPY,153.209,153.21699999999998,153.209,153.21599999999998,18.0
2024-04-11 19:29:00,FX:USDJPY,153.21599999999998,153.227,153.214,153.221,50.0
2024-04-11 19:30:00,FX:USDJPY,153.221,153.224,153.219,153.22,83.0
2024-04-11 19:31:00,FX:USDJPY,153.22,153.22,153.215,153.21599999999998,59.0
2024-04-11 19:32:00,FX:USDJPY,153.21599999999998,153.21599999999998,153.20399999999998,153.213,38.0
2024-04-11 19:33:00,FX:USDJPY,153.213,153.21599999999998,153.207,153.214,52.0
2024-04-11 19:34:00,FX:USDJPY,153.214,153.224,153.213,153.221,89.0
2024-04-11 19:35:00,FX:USDJPY,153.221,153.226,153.218,153.22,105.0
2024-04-11 19:36:00,FX:USDJPY,153.22,153.22899999999998,153.219,153.219,71.0
2024-04-11 19:37:00,FX:USDJPY,153.219,153.221,153.21699999999998,153.218,53.0
2024-04-11 19:38:00,FX:USDJPY,153.218,153.219,153.21699999999998,153.218,42.0
2024-04-11 19:39:00,FX:USDJPY,153.218,153.225,153.21699999999998,153.22299999999998,69.0
2024-04-11 19:40:00,FX:USDJPY,153.22299999999998,153.227,153.218,153.218,56.0
2024-04-11 19:41:00,FX:USDJPY,153.218,153.226,153.218,153.226,45.0
2024-04-11 19:42:00,FX:USDJPY,153.226,153.22799999999998,153.225,153.227,57.0
2024-04-11 19:43:00,FX:USDJPY,153.227,153.233,153.226,153.231,58.0
2024-04-11 19:44:00,FX:USDJPY,153.231,153.233,153.227,153.23,72.0
2024-04-11 19:45:00,FX:USDJPY,153.23,153.231,153.227,153.22799999999998,56.0
2024-04-11 19:46:00,FX:USDJPY,153.22799999999998,153.231,153.22799999999998,153.23,55.0
2024-04-11 19:47:00,FX:USDJPY,153.23,153.254,153.17999999999998,153.17999999999998,233.0
2024-04-11 19:48:00,FX:USDJPY,153.17999999999998,153.21099999999998,153.177,153.207,150.0
2024-04-11 19:49:00,FX:USDJPY,153.207,153.221,153.20399999999998,153.207,210.0
2024-04-11 19:50:00,FX:USDJPY,153.207,153.21699999999998,153.19,153.195,154.0
2024-04-11 19:51:00,FX:USDJPY,153.195,153.208,153.16899999999998,153.17,204.0
2024-04-11 19:52:00,FX:USDJPY,153.17,153.184,153.167,153.16899999999998,128.0
2024-04-11 19:53:00,FX:USDJPY,153.16899999999998,153.18599999999998,153.16799999999998,153.16899999999998,116.0
2024-04-11 19:54:00,FX:USDJPY,153.16899999999998,153.185,153.16899999999998,153.183,162.0
2024-04-11 19:55:00,FX:USDJPY,153.183,153.185,153.176,153.178,67.0
2024-04-11 19:56:00,FX:USDJPY,153.178,153.184,153.167,153.184,132.0
2024-04-11 19:57:00,FX:USDJPY,153.184,153.195,153.18099999999998,153.194,156.0
2024-04-11 19:58:00,FX:USDJPY,153.194,153.20999999999998,153.19199999999998,153.208,110.0
2024-04-11 19:59:00,FX:USDJPY,153.208,153.20999999999998,153.19299999999998,153.19299999999998,125.0
2024-04-11 20:00:00,FX:USDJPY,153.19299999999998,153.239,153.19299999999998,153.23,264.0
2024-04-11 20:01:00,FX:USDJPY,153.23,153.251,153.226,153.22799999999998,242.0
2024-04-11 20:02:00,FX:USDJPY,153.22799999999998,153.238,153.21599999999998,153.23499999999999,172.0
2024-04-11 20:03:00,FX:USDJPY,153.23499999999999,153.274,153.23499999999999,153.26899999999998,289.0
2024-04-11 20:04:00,FX:USDJPY,153.26899999999998,153.301,153.25199999999998,153.27599999999998,346.0
2024-04-11 20:05:00,FX:USDJPY,153.27599999999998,153.289,153.265,153.266,246.0
2024-04-11 20:06:00,FX:USDJPY,153.266,153.271,153.25199999999998,153.262,227.0
2024-04-11 20:07:00,FX:USDJPY,153.262,153.265,153.23399999999998,153.238,206.0
2024-04-11 20:08:00,FX:USDJPY,153.238,153.239,153.13,153.13799999999998,393.0
2024-04-11 20:09:00,FX:USDJPY,153.13799999999998,153.17,153.134,153.158,416.0
2024-04-11 20:10:00,FX:USDJPY,153.158,153.158,153.111,153.113,356.0
2024-04-11 20:11:00,FX:USDJPY,153.113,153.13899999999998,153.112,153.124,258.0
2024-04-11 20:12:00,FX:USDJPY,153.124,153.149,153.108,153.129,209.0
2024-04-11 20:13:00,FX:USDJPY,153.129,153.135,153.11499999999998,153.12,174.0
2024-04-11 20:14:00,FX:USDJPY,153.12,153.136,153.12,153.134,155.0
2024-04-11 20:15:00,FX:USDJPY,153.134,153.16199999999998,153.134,153.155,186.0
2024-04-11 20:16:00,FX:USDJPY,153.155,153.16899999999998,153.15099999999998,153.16899999999998,93.0
2024-04-11 20:17:00,FX:USDJPY,153.16899999999998,153.17499999999998,153.155,153.17499999999998,126.0
2024-04-11 20:18:00,FX:USDJPY,153.17499999999998,153.185,153.16,153.183,187.0
2024-04-11 20:19:00,FX:USDJPY,153.183,153.185,153.17,153.171,137.0
2024-04-11 20:20:00,FX:USDJPY,153.171,153.17399999999998,153.16799999999998,153.173,95.0
2024-04-11 20:21:00,FX:USDJPY,153.173,153.18599999999998,153.172,153.182,96.0
2024-04-11 20:22:00,FX:USDJPY,153.182,153.191,153.161,153.167,133.0
2024-04-11 20:23:00,FX:USDJPY,153.167,153.17399999999998,153.166,153.16899999999998,138.0
2024-04-11 20:24:00,FX:USDJPY,153.16899999999998,153.17,153.15599999999998,153.159,148.0
2024-04-11 20:25:00,FX:USDJPY,153.159,153.172,153.158,153.171,64.0
2024-04-11 20:26:00,FX:USDJPY,153.171,153.203,153.17,153.184,229.0
2024-04-11 20:27:00,FX:USDJPY,153.184,153.207,153.179,153.18099999999998,180.0
2024-04-11 20:28:00,FX:USDJPY,153.18099999999998,153.18699999999998,153.166,153.16799999999998,144.0
2024-04-11 20:29:00,FX:USDJPY,153.16799999999998,153.185,153.167,153.176,112.0
2024-04-11 20:30:00,FX:USDJPY,153.176,153.179,153.16799999999998,153.171,167.0
2024-04-11 20:31:00,FX:USDJPY,153.171,153.197,153.17,153.196,133.0
2024-04-11 20:32:00,FX:USDJPY,153.196,153.21699999999998,153.17999999999998,153.20499999999998,187.0
2024-04-11 20:33:00,FX:USDJPY,153.20499999999998,153.208,153.17399999999998,153.18099999999998,194.0
2024-04-11 20:34:00,FX:USDJPY,153.18099999999998,153.18599999999998,153.172,153.18099999999998,183.0
2024-04-11 20:35:00,FX:USDJPY,153.18099999999998,153.19199999999998,153.172,153.179,150.0
2024-04-11 20:36:00,FX:USDJPY,153.179,153.17999999999998,153.164,153.17,169.0
2024-04-11 20:37:00,FX:USDJPY,153.17,153.196,153.16899999999998,153.19,169.0
2024-04-11 20:38:00,FX:USDJPY,153.19,153.19299999999998,153.182,153.19,131.0
2024-04-11 20:39:00,FX:USDJPY,153.19,153.191,153.177,153.179,121.0
2024-04-11 20:40:00,FX:USDJPY,153.179,153.18599999999998,153.178,153.17999999999998,115.0
2024-04-11 20:41:00,FX:USDJPY,153.17999999999998,153.189,153.16899999999998,153.179,135.0
2024-04-11 20:42:00,FX:USDJPY,153.179,153.17999999999998,153.149,153.152,112.0
2024-04-11 20:43:00,FX:USDJPY,153.152,153.16299999999998,153.152,153.16199999999998,75.0
2024-04-11 20:44:00,FX:USDJPY,153.16199999999998,153.177,153.16199999999998,153.16199999999998,132.0
2024-04-11 20:45:00,FX:USDJPY,153.16199999999998,153.16899999999998,153.143,153.146,135.0
2024-04-11 20:46:00,FX:USDJPY,153.146,153.146,153.13299999999998,153.137,109.0
2024-04-11 20:47:00,FX:USDJPY,153.137,153.137,153.123,153.131,164.0
2024-04-11 20:48:00,FX:USDJPY,153.131,153.149,153.123,153.148,171.0
2024-04-11 20:49:00,FX:USDJPY,153.148,153.155,153.14,153.154,115.0
2024-04-11 20:50:00,FX:USDJPY,153.154,153.166,153.12099999999998,153.12199999999999,205.0
2024-04-11 20:51:00,FX:USDJPY,153.12199999999999,153.14399999999998,153.12099999999998,153.135,186.0
2024-04-11 20:52:00,FX:USDJPY,153.135,153.135,153.057,153.083,443.0
2024-04-11 20:53:00,FX:USDJPY,153.083,153.09099999999998,153.059,153.066,349.0
2024-04-11 20:54:00,FX:USDJPY,153.066,153.081,153.001,153.005,742.0
2024-04-11 20:55:00,FX:USDJPY,153.005,153.041,153.001,153.034,564.0
2024-04-11 20:56:00,FX:USDJPY,153.034,153.041,153.01,153.029,366.0
2024-04-11 20:57:00,FX:USDJPY,153.029,153.033,153.016,153.03,259.0
2024-04-11 20:58:00,FX:USDJPY,153.03,153.039,153.016,153.016,217.0
2024-04-11 20:59:00,FX:USDJPY,153.016,153.028,152.964,152.968,343.0
2024-04-11 21:00:00,FX:USDJPY,152.968,153.00799999999998,152.96699999999998,152.983,367.0
2024-04-11 21:01:00,FX:USDJPY,152.983,153.02499999999998,152.976,153.00199999999998,350.0
2024-04-11 21:02:00,FX:USDJPY,153.00199999999998,153.007,152.971,152.99599999999998,364.0
2024-04-11 21:03:00,FX:USDJPY,152.99599999999998,153.01899999999998,152.989,152.992,288.0
2024-04-11 21:04:00,FX:USDJPY,152.992,152.998,152.97899999999998,152.989,242.0
2024-04-11 21:05:00,FX:USDJPY,152.989,153.018,152.982,153.006,228.0
2024-04-11 21:06:00,FX:USDJPY,153.006,153.03699999999998,153.005,153.033,270.0
2024-04-11 21:07:00,FX:USDJPY,153.033,153.039,153.022,153.03,316.0
2024-04-11 21:08:00,FX:USDJPY,153.03,153.04899999999998,153.029,153.03099999999998,296.0
2024-04-11 21:09:00,FX:USDJPY,153.03099999999998,153.047,153.03099999999998,153.041,167.0
2024-04-11 21:10:00,FX:USDJPY,153.041,153.046,153.02599999999998,153.041,206.0
2024-04-11 21:11:00,FX:USDJPY,153.041,153.054,153.02599999999998,153.054,263.0
2024-04-11 21:12:00,FX:USDJPY,153.054,153.05599999999998,153.039,153.052,220.0
2024-04-11 21:13:00,FX:USDJPY,153.052,153.05499999999998,153.048,153.053,133.0
2024-04-11 21:14:00,FX:USDJPY,153.053,153.06799999999998,153.052,153.06799999999998,203.0
2024-04-11 21:15:00,FX:USDJPY,153.06799999999998,153.082,153.06,153.06,247.0
2024-04-11 21:16:00,FX:USDJPY,153.06,153.077,153.06,153.06,193.0
2024-04-11 21:17:00,FX:USDJPY,153.06,153.078,153.05499999999998,153.072,227.0
2024-04-11 21:18:00,FX:USDJPY,153.072,153.075,153.05599999999998,153.072,236.0
2024-04-11 21:19:00,FX:USDJPY,153.072,153.07999999999998,153.064,153.07,219.0
2024-04-11 21:20:00,FX:USDJPY,153.07,153.072,153.06,153.06099999999998,184.0
2024-04-11 21:21:00,FX:USDJPY,153.06099999999998,153.06099999999998,153.054,153.05599999999998,130.0
2024-04-11 21:22:00,FX:USDJPY,153.05599999999998,153.066,153.047,153.063,155.0
2024-04-11 21:23:00,FX:USDJPY,153.063,153.07299999999998,153.059,153.06199999999998,148.0
2024-04-11 21:24:00,FX:USDJPY,153.06199999999998,153.063,153.048,153.053,157.0
2024-04-11 21:25:00,FX:USDJPY,153.053,153.053,153.027,153.029,277.0
2024-04-11 21:26:00,FX:USDJPY,153.029,153.03799999999998,153.01999999999998,153.036,178.0
2024-04-11 21:27:00,FX:USDJPY,153.036,153.04899999999998,153.029,153.047,172.0
2024-04-11 21:28:00,FX:USDJPY,153.047,153.04899999999998,153.046,153.04899999999998,87.0
2024-04-11 21:29:00,FX:USDJPY,153.04899999999998,153.04899999999998,153.03699999999998,153.048,146.0
2024-04-11 21:30:00,FX:USDJPY,153.048,153.06199999999998,153.036,153.06199999999998,188.0
2024-04-11 21:31:00,FX:USDJPY,153.06199999999998,153.063,153.057,153.058,141.0
2024-04-11 21:32:00,FX:USDJPY,153.058,153.07299999999998,153.058,153.072,110.0
2024-04-11 21:33:00,FX:USDJPY,153.072,153.072,153.04999999999998,153.051,100.0
2024-04-11 21:34:00,FX:USDJPY,153.051,153.054,153.04299999999998,153.052,157.0
2024-04-11 21:35:00,FX:USDJPY,153.052,153.07399999999998,153.04899999999998,153.07299999999998,171.0
2024-04-11 21:36:00,FX:USDJPY,153.07299999999998,153.075,153.069,153.07399999999998,125.0
2024-04-11 21:37:00,FX:USDJPY,153.07399999999998,153.07399999999998,153.053,153.06,87.0
2024-04-11 21:38:00,FX:USDJPY,153.06,153.06099999999998,153.048,153.06099999999998,154.0
2024-04-11 21:39:00,FX:USDJPY,153.06099999999998,153.06199999999998,153.048,153.04999999999998,174.0
2024-04-11 21:40:00,FX:USDJPY,153.04999999999998,153.06099999999998,153.046,153.048,149.0
2024-04-11 21:41:00,FX:USDJPY,153.048,153.048,153.03799999999998,153.04,174.0
2024-04-11 21:42:00,FX:USDJPY,153.04,153.05599999999998,153.036,153.05499999999998,170.0
2024-04-11 21:43:00,FX:USDJPY,153.05499999999998,153.06199999999998,153.04299999999998,153.048,154.0
2024-04-11 21:44:00,FX:USDJPY,153.048,153.04999999999998,153.036,153.04,182.0
2024-04-11 21:45:00,FX:USDJPY,153.04,153.041,153.03699999999998,153.041,126.0
2024-04-11 21:46:00,FX:USDJPY,153.041,153.063,153.041,153.057,156.0
2024-04-11 21:47:00,FX:USDJPY,153.057,153.065,153.057,153.064,130.0
2024-04-11 21:48:00,FX:USDJPY,153.064,153.065,153.058,153.06099999999998,59.0
2024-04-11 21:49:00,FX:USDJPY,153.06099999999998,153.072,153.06,153.072,136.0
2024-04-11 21:50:00,FX:USDJPY,153.072,153.07299999999998,153.06199999999998,153.066,172.0
2024-04-11 21:51:00,FX:USDJPY,153.066,153.072,153.059,153.063,135.0
2024-04-11 21:52:00,FX:USDJPY,153.063,153.066,153.06,153.063,102.0
2024-04-11 21:53:00,FX:USDJPY,153.063,153.065,153.053,153.064,130.0
2024-04-11 21:54:00,FX:USDJPY,153.064,153.076,153.063,153.075,183.0
2024-04-11 21:55:00,FX:USDJPY,153.075,153.076,153.05599999999998,153.06699999999998,123.0
2024-04-11 21:56:00,FX:USDJPY,153.06699999999998,153.077,153.06699999999998,153.07399999999998,156.0
2024-04-11 21:57:00,FX:USDJPY,153.07399999999998,153.084,153.07,153.084,133.0
2024-04-11 21:58:00,FX:USDJPY,153.084,153.08599999999998,153.084,153.08599999999998,96.0
2024-04-11 21:59:00,FX:USDJPY,153.08599999999998,153.099,153.08499999999998,153.09799999999998,119.0
2024-04-11 22:00:00,FX:USDJPY,153.09799999999998,153.102,153.095,153.101,145.0
2024-04-11 22:01:00,FX:USDJPY,153.101,153.106,153.09699999999998,153.09699999999998,133.0
2024-04-11 22:02:00,FX:USDJPY,153.09699999999998,153.099,153.051,153.088,233.0
2024-04-11 22:03:00,FX:USDJPY,153.088,153.088,153.07299999999998,153.078,228.0
2024-04-11 22:04:00,FX:USDJPY,153.078,153.089,153.078,153.087,131.0
2024-04-11 22:05:00,FX:USDJPY,153.087,153.095,153.087,153.095,145.0
2024-04-11 22:06:00,FX:USDJPY,153.095,153.09799999999998,153.081,153.095,256.0
2024-04-11 22:07:00,FX:USDJPY,153.095,153.105,153.09199999999998,153.094,185.0
2024-04-11 22:08:00,FX:USDJPY,153.094,153.099,153.088,153.099,125.0
2024-04-11 22:09:00,FX:USDJPY,153.099,153.108,153.09199999999998,153.096,180.0
2024-04-11 22:10:00,FX:USDJPY,153.096,153.099,153.095,153.09799999999998,92.0
2024-04-11 22:11:00,FX:USDJPY,153.09799999999998,153.107,153.09,153.09099999999998,180.0
2024-04-11 22:12:00,FX:USDJPY,153.09099999999998,153.09199999999998,153.087,153.089,96.0
2024-04-11 22:13:00,FX:USDJPY,153.089,153.09099999999998,153.07299999999998,153.081,153.0
2024-04-11 22:14:00,FX:USDJPY,153.081,153.087,153.081,153.084,188.0
2024-04-11 22:15:00,FX:USDJPY,153.084,153.093,153.083,153.09199999999998,124.0
2024-04-11 22:16:00,FX:USDJPY,153.09199999999998,153.10299999999998,153.09099999999998,153.101,105.0
2024-04-11 22:17:00,FX:USDJPY,153.101,153.10299999999998,153.094,153.102,101.0
2024-04-11 22:18:00,FX:USDJPY,153.102,153.11499999999998,153.1,153.113,104.0
2024-04-11 22:19:00,FX:USDJPY,153.113,153.12099999999998,153.111,153.118,100.0
2024-04-11 22:20:00,FX:USDJPY,153.118,153.119,153.107,153.111,146.0
2024-04-11 22:21:00,FX:USDJPY,153.111,153.112,153.099,153.1,113.0
2024-04-11 22:22:00,FX:USDJPY,153.1,153.102,153.08499999999998,153.08499999999998,153.0
2024-04-11 22:23:00,FX:USDJPY,153.08499999999998,153.08599999999998,153.059,153.06,101.0
2024-04-11 22:24:00,FX:USDJPY,153.06,153.069,153.04899999999998,153.065,157.0
2024-04-11 22:25:00,FX:USDJPY,153.065,153.089,153.064,153.089,151.0
2024-04-11 22:26:00,FX:USDJPY,153.089,153.099,153.08499999999998,153.09,161.0
2024-04-11 22:27:00,FX:USDJPY,153.09,153.095,153.075,153.088,173.0
2024-04-11 22:28:00,FX:USDJPY,153.088,153.088,153.075,153.077,109.0
2024-04-11 22:29:00,FX:USDJPY,153.077,153.096,153.075,153.095,182.0
2024-04-11 22:30:00,FX:USDJPY,153.095,153.101,153.088,153.095,152.0
2024-04-11 22:31:00,FX:USDJPY,153.095,153.1,153.09199999999998,153.095,80.0
2024-04-11 22:32:00,FX:USDJPY,153.095,153.095,153.083,153.088,113.0
2024-04-11 22:33:00,FX:USDJPY,153.088,153.099,153.088,153.09699999999998,124.0
2024-04-11 22:34:00,FX:USDJPY,153.09699999999998,153.09699999999998,153.082,153.082,148.0
2024-04-11 22:35:00,FX:USDJPY,153.082,153.09,153.082,153.088,113.0
2024-04-11 22:36:00,FX:USDJPY,153.088,153.088,153.078,153.084,128.0
2024-04-11 22:37:00,FX:USDJPY,153.084,153.101,153.082,153.096,156.0
2024-04-11 22:38:00,FX:USDJPY,153.096,153.1,153.093,153.099,78.0
2024-04-11 22:39:00,FX:USDJPY,153.099,153.111,153.096,153.10999999999999,135.0
2024-04-11 22:40:00,FX:USDJPY,153.10999999999999,153.11499999999998,153.10899999999998,153.112,72.0
2024-04-11 22:41:00,FX:USDJPY,153.112,153.113,153.1,153.107,125.0
2024-04-11 22:42:00,FX:USDJPY,153.107,153.125,153.107,153.11599999999999,131.0
2024-04-11 22:43:00,FX:USDJPY,153.11599999999999,153.13,153.11599999999999,153.128,139.0
2024-04-11 22:44:00,FX:USDJPY,153.128,153.14,153.123,153.13899999999998,153.0
2024-04-11 22:45:00,FX:USDJPY,153.13899999999998,153.152,153.13799999999998,153.15099999999998,108.0
2024-04-11 22:46:00,FX:USDJPY,153.15099999999998,153.154,153.149,153.14999999999998,82.0
2024-04-11 22:47:00,FX:USDJPY,153.14999999999998,153.15099999999998,153.149,153.15099999999998,48.0
2024-04-11 22:48:00,FX:USDJPY,153.15099999999998,153.152,153.143,153.152,76.0
2024-04-11 22:49:00,FX:USDJPY,153.152,153.152,153.14499999999998,153.148,54.0
2024-04-11 22:50:00,FX:USDJPY,153.148,153.153,153.14,153.153,140.0
2024-04-11 22:51:00,FX:USDJPY,153.153,153.161,153.153,153.158,181.0
2024-04-11 22:52:00,FX:USDJPY,153.158,153.158,153.143,153.14499999999998,153.0
2024-04-11 22:53:00,FX:USDJPY,153.14499999999998,153.14999999999998,153.14499999999998,153.14499999999998,94.0
2024-04-11 22:54:00,FX:USDJPY,153.14499999999998,153.149,153.142,153.14499999999998,74.0
2024-04-11 22:55:00,FX:USDJPY,153.14499999999998,153.15699999999998,153.14499999999998,153.15599999999998,137.0
2024-04-11 22:56:00,FX:USDJPY,153.15599999999998,153.158,153.15099999999998,153.155,101.0
2024-04-11 22:57:00,FX:USDJPY,153.155,153.161,153.146,153.16,112.0
2024-04-11 22:58:00,FX:USDJPY,153.16,153.173,153.158,153.171,157.0
2024-04-11 22:59:00,FX:USDJPY,153.171,153.18599999999998,153.171,153.178,182.0
2024-04-11 23:00:00,FX:USDJPY,153.178,153.18099999999998,153.16899999999998,153.173,128.0
2024-04-11 23:01:00,FX:USDJPY,153.173,153.17999999999998,153.17,153.17,123.0
2024-04-11 23:02:00,FX:USDJPY,153.17,153.171,153.166,153.167,52.0
2024-04-11 23:03:00,FX:USDJPY,153.167,153.172,153.159,153.172,111.0
2024-04-11 23:04:00,FX:USDJPY,153.172,153.17399999999998,153.16799999999998,153.16899999999998,86.0
2024-04-11 23:05:00,FX:USDJPY,153.16899999999998,153.184,153.16799999999998,153.182,112.0
2024-04-11 23:06:00,FX:USDJPY,153.182,153.185,153.182,153.183,75.0
2024-04-11 23:07:00,FX:USDJPY,153.183,153.19199999999998,153.18099999999998,153.18599999999998,139.0
2024-04-11 23:08:00,FX:USDJPY,153.18599999999998,153.188,153.183,153.183,105.0
2024-04-11 23:09:00,FX:USDJPY,153.183,153.185,153.182,153.182,97.0
2024-04-11 23:10:00,FX:USDJPY,153.182,153.191,153.182,153.184,118.0
2024-04-11 23:11:00,FX:USDJPY,153.184,153.18599999999998,153.177,153.182,104.0
2024-04-11 23:12:00,FX:USDJPY,153.182,153.188,153.178,153.178,84.0
2024-04-11 23:13:00,FX:USDJPY,153.178,153.19299999999998,153.177,153.191,158.0
2024-04-11 23:14:00,FX:USDJPY,153.191,153.195,153.191,153.19199999999998,106.0
2024-04-11 23:15:00,FX:USDJPY,153.19199999999998,153.201,153.191,153.194,137.0
2024-04-11 23:16:00,FX:USDJPY,153.194,153.19899999999998,153.185,153.18599999999998,107.0
2024-04-11 23:17:00,FX:USDJPY,153.18599999999998,153.18599999999998,153.173,153.17499999999998,141.0
2024-04-11 23:18:00,FX:USDJPY,153.17499999999998,153.18599999999998,153.17399999999998,153.183,125.0
2024-04-11 23:19:00,FX:USDJPY,153.183,153.185,153.17999999999998,153.184,94.0
2024-04-11 23:20:00,FX:USDJPY,153.184,153.19,153.183,153.188,109.0
2024-04-11 23:21:00,FX:USDJPY,153.188,153.196,153.18699999999998,153.195,98.0
2024-04-11 23:22:00,FX:USDJPY,153.195,153.196,153.19,153.19199999999998,170.0
2024-04-11 23:23:00,FX:USDJPY,153.19199999999998,153.195,153.185,153.194,80.0
2024-04-11 23:24:00,FX:USDJPY,153.194,153.195,153.19299999999998,153.195,47.0
2024-04-11 23:25:00,FX:USDJPY,153.195,153.203,153.19299999999998,153.203,147.0
2024-04-11 23:26:00,FX:USDJPY,153.203,153.206,153.2,153.203,117.0
2024-04-11 23:27:00,FX:USDJPY,153.203,153.20499999999998,153.202,153.203,76.0
2024-04-11 23:28:00,FX:USDJPY,153.203,153.203,153.19799999999998,153.19899999999998,114.0
2024-04-11 23:29:00,FX:USDJPY,153.19899999999998,153.20399999999998,153.197,153.201,119.0
2024-04-11 23:30:00,FX:USDJPY,153.201,153.206,153.197,153.20399999999998,73.0
2024-04-11 23:31:00,FX:USDJPY,153.20399999999998,153.215,153.203,153.212,108.0
2024-04-11 23:32:00,FX:USDJPY,153.212,153.22,153.212,153.219,66.0
2024-04-11 23:33:00,FX:USDJPY,153.219,153.22899999999998,153.21699999999998,153.226,105.0
2024-04-11 23:34:00,FX:USDJPY,153.226,153.226,153.21599999999998,153.21699999999998,133.0
2024-04-11 23:35:00,FX:USDJPY,153.21699999999998,153.227,153.21599999999998,153.226,116.0
2024-04-11 23:36:00,FX:USDJPY,153.226,153.227,153.224,153.224,88.0
2024-04-11 23:37:00,FX:USDJPY,153.224,153.22799999999998,153.224,153.226,112.0
2024-04-11 23:38:00,FX:USDJPY,153.226,153.22799999999998,153.225,153.226,87.0
2024-04-11 23:39:00,FX:USDJPY,153.226,153.22899999999998,153.22299999999998,153.224,69.0
2024-04-11 23:40:00,FX:USDJPY,153.224,153.22899999999998,153.221,153.221,133.0
2024-04-11 23:41:00,FX:USDJPY,153.221,153.232,153.22,153.227,101.0
2024-04-11 23:42:00,FX:USDJPY,153.227,153.227,153.21099999999998,153.212,139.0
2024-04-11 23:43:00,FX:USDJPY,153.212,153.212,153.19799999999998,153.19899999999998,101.0
2024-04-11 23:44:00,FX:USDJPY,153.19899999999998,153.219,153.19899999999998,153.218,80.0
2024-04-11 23:45:00,FX:USDJPY,153.218,153.219,153.21099999999998,153.21599999999998,82.0
2024-04-11 23:46:00,FX:USDJPY,153.21599999999998,153.22899999999998,153.21599999999998,153.22899999999998,97.0
2024-04-11 23:47:00,FX:USDJPY,153.22899999999998,153.23,153.215,153.219,169.0
2024-04-11 23:48:00,FX:USDJPY,153.219,153.219,153.212,153.213,110.0
2024-04-11 23:49:00,FX:USDJPY,153.213,153.21699999999998,153.212,153.21599999999998,93.0
2024-04-11 23:50:00,FX:USDJPY,153.21599999999998,153.218,153.212,153.212,72.0
2024-04-11 23:51:00,FX:USDJPY,153.212,153.218,153.21099999999998,153.21599999999998,38.0
2024-04-11 23:52:00,FX:USDJPY,153.21599999999998,153.22899999999998,153.21599999999998,153.22899999999998,82.0
2024-04-11 23:53:00,FX:USDJPY,153.22899999999998,153.22899999999998,153.215,153.219,147.0
2024-04-11 23:54:00,FX:USDJPY,153.219,153.219,153.202,153.206,122.0
2024-04-11 23:55:00,FX:USDJPY,153.206,153.219,153.206,153.219,119.0
2024-04-11 23:56:00,FX:USDJPY,153.219,153.219,153.202,153.20399999999998,119.0
2024-04-11 23:57:00,FX:USDJPY,153.20399999999998,153.218,153.202,153.21599999999998,75.0
2024-04-11 23:58:00,FX:USDJPY,153.21599999999998,153.218,153.209,153.213,99.0
2024-04-11 23:59:00,FX:USDJPY,153.213,153.21699999999998,153.201,153.207,143.0
2024-04-12 00:00:00,FX:USDJPY,153.207,153.21599999999998,153.206,153.212,72.0
2024-04-12 00:01:00,FX:USDJPY,153.212,153.226,153.20999999999998,153.218,148.0
2024-04-12 00:02:00,FX:USDJPY,153.218,153.219,153.21099999999998,153.21599999999998,93.0
2024-04-12 00:03:00,FX:USDJPY,153.21599999999998,153.22299999999998,153.215,153.21699999999998,150.0
2024-04-12 00:04:00,FX:USDJPY,153.21699999999998,153.23,153.21599999999998,153.21599999999998,125.0
2024-04-12 00:05:00,FX:USDJPY,153.21599999999998,153.227,153.21599999999998,153.22299999999998,85.0
2024-04-12 00:06:00,FX:USDJPY,153.22299999999998,153.225,153.221,153.225,65.0
2024-04-12 00:07:00,FX:USDJPY,153.225,153.225,153.21599999999998,153.21599999999998,53.0
2024-04-12 00:08:00,FX:USDJPY,153.21599999999998,153.219,153.209,153.209,61.0
2024-04-12 00:09:00,FX:USDJPY,153.209,153.213,153.209,153.212,105.0
2024-04-12 00:10:00,FX:USDJPY,153.212,153.21699999999998,153.212,153.21699999999998,74.0
2024-04-12 00:11:00,FX:USDJPY,153.21699999999998,153.219,153.215,153.21699999999998,64.0
2024-04-12 00:12:00,FX:USDJPY,153.21699999999998,153.226,153.21599999999998,153.218,104.0
2024-04-12 00:13:00,FX:USDJPY,153.218,153.225,153.218,153.224,93.0
2024-04-12 00:14:00,FX:USDJPY,153.224,153.225,153.22199999999998,153.224,77.0
2024-04-12 00:15:00,FX:USDJPY,153.224,153.23,153.221,153.22299999999998,73.0
2024-04-12 00:16:00,FX:USDJPY,153.22299999999998,153.22799999999998,153.22299999999998,153.226,101.0
2024-04-12 00:17:00,FX:USDJPY,153.226,153.226,153.221,153.22199999999998,85.0
2024-04-12 00:18:00,FX:USDJPY,153.22199999999998,153.224,153.22,153.224,127.0
2024-04-12 00:19:00,FX:USDJPY,153.224,153.227,153.22199999999998,153.22199999999998,67.0
2024-04-12 00:20:00,FX:USDJPY,153.22199999999998,153.224,153.21599999999998,153.22199999999998,89.0
2024-04-12 00:21:00,FX:USDJPY,153.22199999999998,153.224,153.221,153.22199999999998,88.0
2024-04-12 00:22:00,FX:USDJPY,153.22199999999998,153.224,153.219,153.22199999999998,81.0
2024-04-12 00:23:00,FX:USDJPY,153.22199999999998,153.22199999999998,153.202,153.202,112.0
2024-04-12 00:24:00,FX:USDJPY,153.202,153.20399999999998,153.2,153.2,98.0
2024-04-12 00:25:00,FX:USDJPY,153.2,153.2,153.196,153.19799999999998,59.0
2024-04-12 00:26:00,FX:USDJPY,153.19799999999998,153.21099999999998,153.197,153.208,67.0
2024-04-12 00:27:00,FX:USDJPY,153.208,153.213,153.208,153.212,85.0
2024-04-12 00:28:00,FX:USDJPY,153.212,153.215,153.208,153.212,69.0
2024-04-12 00:29:00,FX:USDJPY,153.212,153.213,153.201,153.201,80.0
2024-04-12 00:30:00,FX:USDJPY,153.201,153.20399999999998,153.2,153.201,63.0
2024-04-12 00:31:00,FX:USDJPY,153.201,153.20499999999998,153.197,153.20399999999998,76.0
2024-04-12 00:32:00,FX:USDJPY,153.20399999999998,153.206,153.19799999999998,153.19899999999998,63.0
2024-04-12 00:33:00,FX:USDJPY,153.19899999999998,153.20399999999998,153.197,153.20399999999998,88.0
2024-04-12 00:34:00,FX:USDJPY,153.20399999999998,153.20399999999998,153.19899999999998,153.201,104.0
2024-04-12 00:35:00,FX:USDJPY,153.201,153.202,153.196,153.2,89.0
2024-04-12 00:36:00,FX:USDJPY,153.2,153.202,153.195,153.201,99.0
2024-04-12 00:37:00,FX:USDJPY,153.201,153.202,153.176,153.178,100.0
2024-04-12 00:38:00,FX:USDJPY,153.178,153.2,153.177,153.19799999999998,97.0
2024-04-12 00:39:00,FX:USDJPY,153.19799999999998,153.20999999999998,153.19,153.209,82.0
2024-04-12 00:40:00,FX:USDJPY,153.209,153.22199999999998,153.209,153.22199999999998,127.0
2024-04-12 00:41:00,FX:USDJPY,153.22199999999998,153.238,153.221,153.237,150.0
2024-04-12 00:42:00,FX:USDJPY,153.237,153.248,153.236,153.245,159.0
2024-04-12 00:43:00,FX:USDJPY,153.245,153.26399999999998,153.236,153.237,110.0
2024-04-12 00:44:00,FX:USDJPY,153.237,153.26399999999998,153.236,153.257,88.0
2024-04-12 00:45:00,FX:USDJPY,153.257,153.26899999999998,153.251,153.261,139.0
2024-04-12 00:46:00,FX:USDJPY,153.261,153.26999999999998,153.261,153.26399999999998,71.0
2024-04-12 00:47:00,FX:USDJPY,153.26399999999998,153.26999999999998,153.24699999999999,153.248,148.0
2024-04-12 00:48:00,FX:USDJPY,153.248,153.261,153.244,153.253,137.0
2024-04-12 00:49:00,FX:USDJPY,153.253,153.257,153.243,153.254,113.0
2024-04-12 00:50:00,FX:USDJPY,153.254,153.259,153.254,153.25799999999998,114.0
2024-04-12 00:51:00,FX:USDJPY,153.25799999999998,153.259,153.25199999999998,153.257,69.0
2024-04-12 00:52:00,FX:USDJPY,153.257,153.259,153.256,153.25799999999998,55.0
2024-04-12 00:53:00,FX:USDJPY,153.25799999999998,153.265,153.257,153.265,104.0
2024-04-12 00:54:00,FX:USDJPY,153.265,153.26999999999998,153.26,153.26299999999998,60.0
2024-04-12 00:55:00,FX:USDJPY,153.26299999999998,153.266,153.255,153.25799999999998,88.0
2024-04-12 00:56:00,FX:USDJPY,153.25799999999998,153.262,153.255,153.262,78.0
2024-04-12 00:57:00,FX:USDJPY,153.262,153.262,153.243,153.24699999999999,114.0
2024-04-12 00:58:00,FX:USDJPY,153.24699999999999,153.253,153.236,153.236,165.0
2024-04-12 00:59:00,FX:USDJPY,153.236,153.239,153.23399999999998,153.236,112.0
2024-04-12 01:00:00,FX:USDJPY,153.236,153.239,153.22299999999998,153.231,163.0
2024-04-12 01:01:00,FX:USDJPY,153.231,153.23399999999998,153.225,153.226,89.0
2024-04-12 01:02:00,FX:USDJPY,153.226,153.227,153.21099999999998,153.212,132.0
2024-04-12 01:03:00,FX:USDJPY,153.212,153.224,153.209,153.21599999999998,105.0
2024-04-12 01:04:00,FX:USDJPY,153.21599999999998,153.22899999999998,153.21599999999998,153.22199999999998,173.0
2024-04-12 01:05:00,FX:USDJPY,153.22199999999998,153.22199999999998,153.202,153.219,113.0
2024-04-12 01:06:00,FX:USDJPY,153.219,153.239,153.218,153.237,107.0
2024-04-12 01:07:00,FX:USDJPY,153.237,153.238,153.22299999999998,153.22899999999998,122.0
2024-04-12 01:08:00,FX:USDJPY,153.22899999999998,153.22899999999998,153.213,153.221,178.0
2024-04-12 01:09:00,FX:USDJPY,153.221,153.221,153.20999999999998,153.219,82.0
2024-04-12 01:10:00,FX:USDJPY,153.219,153.22799999999998,153.21699999999998,153.226,65.0
2024-04-12 01:11:00,FX:USDJPY,153.226,153.227,153.224,153.226,58.0
2024-04-12 01:12:00,FX:USDJPY,153.226,153.22899999999998,153.22,153.221,102.0
2024-04-12 01:13:00,FX:USDJPY,153.221,153.22899999999998,153.21699999999998,153.22899999999998,119.0
2024-04-12 01:14:00,FX:USDJPY,153.22899999999998,153.231,153.22299999999998,153.22799999999998,84.0
2024-04-12 01:15:00,FX:USDJPY,153.22799999999998,153.231,153.219,153.23,171.0
2024-04-12 01:16:00,FX:USDJPY,153.23,153.231,153.22,153.226,119.0
2024-04-12 01:17:00,FX:USDJPY,153.226,153.23,153.225,153.227,72.0
2024-04-12 01:18:00,FX:USDJPY,153.227,153.232,153.21599999999998,153.219,113.0
2024-04-12 01:19:00,FX:USDJPY,153.219,153.22,153.21099999999998,153.219,93.0
2024-04-12 01:20:00,FX:USDJPY,153.219,153.219,153.201,153.201,160.0
2024-04-12 01:21:00,FX:USDJPY,153.201,153.207,153.194,153.201,94.0
2024-04-12 01:22:00,FX:USDJPY,153.201,153.201,153.191,153.194,100.0
2024-04-12 01:23:00,FX:USDJPY,153.194,153.203,153.19199999999998,153.197,96.0
2024-04-12 01:24:00,FX:USDJPY,153.197,153.203,153.195,153.196,83.0
2024-04-12 01:25:00,FX:USDJPY,153.196,153.206,153.195,153.201,160.0
2024-04-12 01:26:00,FX:USDJPY,153.201,153.209,153.191,153.207,111.0
2024-04-12 01:27:00,FX:USDJPY,153.207,153.21699999999998,153.20499999999998,153.215,86.0
2024-04-12 01:28:00,FX:USDJPY,153.215,153.21699999999998,153.213,153.21699999999998,97.0
2024-04-12 01:29:00,FX:USDJPY,153.21699999999998,153.22299999999998,153.201,153.202,152.0
2024-04-12 01:30:00,FX:USDJPY,153.202,153.206,153.2,153.206,93.0
2024-04-12 01:31:00,FX:USDJPY,153.206,153.212,153.201,153.202,101.0
2024-04-12 01:32:00,FX:USDJPY,153.202,153.20399999999998,153.188,153.19199999999998,97.0
2024-04-12 01:33:00,FX:USDJPY,153.19199999999998,153.194,153.19199999999998,153.19299999999998,80.0
2024-04-12 01:34:00,FX:USDJPY,153.19299999999998,153.195,153.18099999999998,153.183,145.0
2024-04-12 01:35:00,FX:USDJPY,153.183,153.188,153.183,153.184,55.0
2024-04-12 01:36:00,FX:USDJPY,153.184,153.19299999999998,153.171,153.19199999999998,162.0
2024-04-12 01:37:00,FX:USDJPY,153.19199999999998,153.19299999999998,153.164,153.166,140.0
2024-04-12 01:38:00,FX:USDJPY,153.166,153.173,153.16,153.17,120.0
2024-04-12 01:39:00,FX:USDJPY,153.17,153.171,153.154,153.155,135.0
2024-04-12 01:40:00,FX:USDJPY,153.155,153.15599999999998,153.12699999999998,153.136,196.0
2024-04-12 01:41:00,FX:USDJPY,153.136,153.141,153.13299999999998,153.141,132.0
2024-04-12 01:42:00,FX:USDJPY,153.141,153.17499999999998,153.141,153.153,174.0
2024-04-12 01:43:00,FX:USDJPY,153.153,153.16799999999998,153.152,153.16299999999998,111.0
2024-04-12 01:44:00,FX:USDJPY,153.16299999999998,153.165,153.14999999999998,153.161,125.0
2024-04-12 01:45:00,FX:USDJPY,153.161,153.18699999999998,153.161,153.18599999999998,156.0
2024-04-12 01:46:00,FX:USDJPY,153.18599999999998,153.2,153.182,153.2,118.0
2024-04-12 01:47:00,FX:USDJPY,153.2,153.2,153.191,153.196,108.0
2024-04-12 01:48:00,FX:USDJPY,153.196,153.19899999999998,153.191,153.19799999999998,142.0
2024-04-12 01:49:00,FX:USDJPY,153.19799999999998,153.19799999999998,153.194,153.197,148.0
2024-04-12 01:50:00,FX:USDJPY,153.197,153.218,153.196,153.21099999999998,161.0
2024-04-12 01:51:00,FX:USDJPY,153.21099999999998,153.22,153.208,153.20999999999998,158.0
2024-04-12 01:52:00,FX:USDJPY,153.20999999999998,153.22199999999998,153.2,153.22199999999998,167.0
2024-04-12 01:53:00,FX:USDJPY,153.22199999999998,153.22299999999998,153.207,153.208,75.0
2024-04-12 01:54:00,FX:USDJPY,153.208,153.212,153.19299999999998,153.195,107.0
2024-04-12 01:55:00,FX:USDJPY,153.195,153.2,153.185,153.18599999999998,140.0
2024-04-12 01:56:00,FX:USDJPY,153.18599999999998,153.189,153.178,153.188,78.0
2024-04-12 01:57:00,FX:USDJPY,153.188,153.191,153.177,153.17999999999998,105.0
2024-04-12 01:58:00,FX:USDJPY,153.17999999999998,153.18699999999998,153.16899999999998,153.173,135.0
2024-04-12 01:59:00,FX:USDJPY,153.173,153.207,153.173,153.206,156.0
2024-04-12 02:00:00,FX:USDJPY,153.206,153.233,153.203,153.218,287.0
2024-04-12 02:01:00,FX:USDJPY,153.218,153.245,153.218,153.24099999999999,208.0
2024-04-12 02:02:00,FX:USDJPY,153.24099999999999,153.254,153.232,153.24699999999999,117.0
2024-04-12 02:03:00,FX:USDJPY,153.24699999999999,153.28,153.243,153.27599999999998,312.0
2024-04-12 02:04:00,FX:USDJPY,153.27599999999998,153.28,153.251,153.256,248.0
2024-04-12 02:05:00,FX:USDJPY,153.256,153.28,153.256,153.268,232.0
2024-04-12 02:06:00,FX:USDJPY,153.268,153.28099999999998,153.265,153.268,129.0
2024-04-12 02:07:00,FX:USDJPY,153.268,153.268,153.239,153.25,162.0
2024-04-12 02:08:00,FX:USDJPY,153.25,153.251,153.227,153.239,146.0
2024-04-12 02:09:00,FX:USDJPY,153.239,153.245,153.239,153.243,117.0
2024-04-12 02:10:00,FX:USDJPY,153.243,153.244,153.23,153.23499999999999,147.0
2024-04-12 02:11:00,FX:USDJPY,153.23499999999999,153.239,153.22899999999998,153.22899999999998,90.0
2024-04-12 02:12:00,FX:USDJPY,153.22899999999998,153.238,153.22,153.237,105.0
2024-04-12 02:13:00,FX:USDJPY,153.237,153.254,153.237,153.243,150.0
2024-04-12 02:14:00,FX:USDJPY,153.243,153.244,153.23,153.242,106.0
2024-04-12 02:15:00,FX:USDJPY,153.242,153.242,153.21099999999998,153.21599999999998,132.0
2024-04-12 02:16:00,FX:USDJPY,153.21599999999998,153.244,153.21599999999998,153.233,130.0
2024-04-12 02:17:00,FX:USDJPY,153.233,153.237,153.232,153.233,90.0
2024-04-12 02:18:00,FX:USDJPY,153.233,153.23499999999999,153.219,153.219,111.0
2024-04-12 02:19:00,FX:USDJPY,153.219,153.23499999999999,153.21699999999998,153.22,156.0
2024-04-12 02:20:00,FX:USDJPY,153.22,153.245,153.22,153.23499999999999,288.0
2024-04-12 02:21:00,FX:USDJPY,153.23499999999999,153.245,153.231,153.23399999999998,136.0
2024-04-12 02:22:00,FX:USDJPY,153.23399999999998,153.23399999999998,153.21599999999998,153.22,163.0
2024-04-12 02:23:00,FX:USDJPY,153.22,153.236,153.21599999999998,153.23399999999998,159.0
2024-04-12 02:24:00,FX:USDJPY,153.23399999999998,153.23499999999999,153.22199999999998,153.231,165.0
2024-04-12 02:25:00,FX:USDJPY,153.231,153.245,153.219,153.236,156.0
2024-04-12 02:26:00,FX:USDJPY,153.236,153.236,153.215,153.22,199.0
2024-04-12 02:27:00,FX:USDJPY,153.22,153.22899999999998,153.209,153.21099999999998,200.0
2024-04-12 02:28:00,FX:USDJPY,153.21099999999998,153.23,153.208,153.22299999999998,133.0
2024-04-12 02:29:00,FX:USDJPY,153.22299999999998,153.22799999999998,153.22199999999998,153.22299999999998,100.0
2024-04-12 02:30:00,FX:USDJPY,153.22299999999998,153.233,153.21099999999998,153.22199999999998,207.0
2024-04-12 02:31:00,FX:USDJPY,153.22199999999998,153.237,153.221,153.23399999999998,143.0
2024-04-12 02:32:00,FX:USDJPY,153.23399999999998,153.245,153.23,153.245,145.0
2024-04-12 02:33:00,FX:USDJPY,153.245,153.24599999999998,153.22,153.237,182.0
2024-04-12 02:34:00,FX:USDJPY,153.237,153.245,153.22299999999998,153.224,152.0
2024-04-12 02:35:00,FX:USDJPY,153.224,153.23499999999999,153.22299999999998,153.23499999999999,128.0
2024-04-12 02:36:00,FX:USDJPY,153.23499999999999,153.24699999999999,153.233,153.238,140.0
2024-04-12 02:37:00,FX:USDJPY,153.238,153.242,153.22299999999998,153.232,235.0
2024-04-12 02:38:00,FX:USDJPY,153.232,153.245,153.22199999999998,153.231,172.0
2024-04-12 02:39:00,FX:USDJPY,153.231,153.23399999999998,153.22199999999998,153.226,209.0
2024-04-12 02:40:00,FX:USDJPY,153.226,153.22899999999998,153.2,153.2,307.0
2024-04-12 02:41:00,FX:USDJPY,153.2,153.213,153.2,153.213,136.0
2024-04-12 02:42:00,FX:USDJPY,153.213,153.23499999999999,153.21099999999998,153.23499999999999,199.0
2024-04-12 02:43:00,FX:USDJPY,153.23499999999999,153.25199999999998,153.23499999999999,153.24599999999998,238.0
2024-04-12 02:44:00,FX:USDJPY,153.24599999999998,153.256,153.22299999999998,153.23999999999998,326.0
2024-04-12 02:45:00,FX:USDJPY,153.23999999999998,153.23999999999998,153.214,153.225,342.0
2024-04-12 02:46:00,FX:USDJPY,153.225,153.238,153.208,153.224,264.0
2024-04-12 02:47:00,FX:USDJPY,153.224,153.22799999999998,153.21099999999998,153.22299999999998,227.0
2024-04-12 02:48:00,FX:USDJPY,153.22299999999998,153.245,153.221,153.22899999999998,212.0
2024-04-12 02:49:00,FX:USDJPY,153.22899999999998,153.244,153.221,153.23999999999998,213.0
2024-04-12 02:50:00,FX:USDJPY,153.23999999999998,153.256,153.238,153.256,154.0
2024-04-12 02:51:00,FX:USDJPY,153.256,153.256,153.243,153.248,193.0
2024-04-12 02:52:00,FX:USDJPY,153.248,153.255,153.242,153.255,229.0
2024-04-12 02:53:00,FX:USDJPY,153.255,153.271,153.253,153.266,236.0
2024-04-12 02:54:00,FX:USDJPY,153.266,153.28799999999998,153.262,153.28799999999998,179.0
2024-04-12 02:55:00,FX:USDJPY,153.28799999999998,153.28799999999998,153.267,153.27599999999998,144.0
2024-04-12 02:56:00,FX:USDJPY,153.27599999999998,153.28799999999998,153.267,153.268,191.0
2024-04-12 02:57:00,FX:USDJPY,153.268,153.278,153.267,153.278,223.0
2024-04-12 02:58:00,FX:USDJPY,153.278,153.28699999999998,153.271,153.283,193.0
2024-04-12 02:59:00,FX:USDJPY,153.283,153.283,153.262,153.277,200.0
2024-04-12 03:00:00,FX:USDJPY,153.277,153.304,153.26899999999998,153.286,386.0
2024-04-12 03:01:00,FX:USDJPY,153.286,153.289,153.28,153.283,244.0
2024-04-12 03:02:00,FX:USDJPY,153.283,153.307,153.283,153.30499999999998,220.0
2024-04-12 03:03:00,FX:USDJPY,153.30499999999998,153.32899999999998,153.295,153.313,301.0
2024-04-12 03:04:00,FX:USDJPY,153.313,153.316,153.292,153.297,222.0
2024-04-12 03:05:00,FX:USDJPY,153.297,153.302,153.292,153.29899999999998,283.0
2024-04-12 03:06:00,FX:USDJPY,153.29899999999998,153.31099999999998,153.292,153.31,253.0
2024-04-12 03:07:00,FX:USDJPY,153.31,153.315,153.296,153.314,178.0
2024-04-12 03:08:00,FX:USDJPY,153.314,153.361,153.314,153.351,291.0
2024-04-12 03:09:00,FX:USDJPY,153.351,153.361,153.35,153.358,248.0
2024-04-12 03:10:00,FX:USDJPY,153.358,153.38,153.358,153.373,296.0
2024-04-12 03:11:00,FX:USDJPY,153.373,153.384,153.37199999999999,153.378,258.0
2024-04-12 03:12:00,FX:USDJPY,153.378,153.382,153.37,153.37099999999998,169.0
2024-04-12 03:13:00,FX:USDJPY,153.37099999999998,153.378,153.35999999999999,153.362,212.0
2024-04-12 03:14:00,FX:USDJPY,153.362,153.37,153.35999999999999,153.363,262.0
2024-04-12 03:15:00,FX:USDJPY,153.363,153.363,153.35,153.356,355.0
2024-04-12 03:16:00,FX:USDJPY,153.356,153.384,153.35,153.381,215.0
2024-04-12 03:17:00,FX:USDJPY,153.381,153.381,153.35299999999998,153.35299999999998,206.0
2024-04-12 03:18:00,FX:USDJPY,153.35299999999998,153.356,153.333,153.337,172.0
2024-04-12 03:19:00,FX:USDJPY,153.337,153.363,153.337,153.361,234.0
2024-04-12 03:20:00,FX:USDJPY,153.361,153.37099999999998,153.34799999999998,153.355,284.0
2024-04-12 03:21:00,FX:USDJPY,153.355,153.37099999999998,153.34799999999998,153.35999999999999,230.0
2024-04-12 03:22:00,FX:USDJPY,153.35999999999999,153.364,153.34699999999998,153.351,252.0
2024-04-12 03:23:00,FX:USDJPY,153.351,153.35299999999998,153.32999999999998,153.34799999999998,265.0
2024-04-12 03:24:00,FX:USDJPY,153.34799999999998,153.351,153.332,153.333,301.0
2024-04-12 03:25:00,FX:USDJPY,153.333,153.33499999999998,153.29999999999998,153.313,291.0
2024-04-12 03:26:00,FX:USDJPY,153.313,153.316,153.301,153.301,182.0
2024-04-12 03:27:00,FX:USDJPY,153.301,153.302,153.286,153.29,197.0
2024-04-12 03:28:00,FX:USDJPY,153.29,153.291,153.268,153.26999999999998,238.0
2024-04-12 03:29:00,FX:USDJPY,153.26999999999998,153.278,153.257,153.272,221.0
2024-04-12 03:30:00,FX:USDJPY,153.272,153.27599999999998,153.255,153.256,300.0
2024-04-12 03:31:00,FX:USDJPY,153.256,153.25799999999998,153.244,153.245,232.0
2024-04-12 03:32:00,FX:USDJPY,153.245,153.271,153.245,153.262,272.0
2024-04-12 03:33:00,FX:USDJPY,153.262,153.26299999999998,153.24599999999998,153.253,239.0
2024-04-12 03:34:00,FX:USDJPY,153.253,153.268,153.25199999999998,153.26299999999998,269.0
2024-04-12 03:35:00,FX:USDJPY,153.26299999999998,153.277,153.26299999999998,153.277,228.0
2024-04-12 03:36:00,FX:USDJPY,153.277,153.28099999999998,153.271,153.28,251.0
2024-04-12 03:37:00,FX:USDJPY,153.28,153.283,153.268,153.283,174.0
2024-04-12 03:38:00,FX:USDJPY,153.283,153.295,153.26899999999998,153.26899999999998,184.0
2024-04-12 03:39:00,FX:USDJPY,153.26899999999998,153.271,153.26399999999998,153.268,177.0
2024-04-12 03:40:00,FX:USDJPY,153.268,153.289,153.266,153.28799999999998,176.0
2024-04-12 03:41:00,FX:USDJPY,153.28799999999998,153.291,153.277,153.28199999999998,171.0
2024-04-12 03:42:00,FX:USDJPY,153.28199999999998,153.29399999999998,153.28099999999998,153.29299999999998,205.0
2024-04-12 03:43:00,FX:USDJPY,153.29299999999998,153.31099999999998,153.28799999999998,153.31,224.0
2024-04-12 03:44:00,FX:USDJPY,153.31,153.31099999999998,153.297,153.29999999999998,128.0
2024-04-12 03:45:00,FX:USDJPY,153.29999999999998,153.301,153.28699999999998,153.292,140.0
2024-04-12 03:46:00,FX:USDJPY,153.292,153.295,153.286,153.286,141.0
2024-04-12 03:47:00,FX:USDJPY,153.286,153.29299999999998,153.266,153.277,190.0
2024-04-12 03:48:00,FX:USDJPY,153.277,153.279,153.266,153.267,199.0
2024-04-12 03:49:00,FX:USDJPY,153.267,153.26899999999998,153.23999999999998,153.25199999999998,214.0
2024-04-12 03:50:00,FX:USDJPY,153.25199999999998,153.27499999999998,153.24699999999999,153.26999999999998,195.0
2024-04-12 03:51:00,FX:USDJPY,153.26999999999998,153.27499999999998,153.266,153.267,161.0
2024-04-12 03:52:00,FX:USDJPY,153.267,153.26899999999998,153.24599999999998,153.24699999999999,222.0
2024-04-12 03:53:00,FX:USDJPY,153.24699999999999,153.254,153.23,153.253,193.0
2024-04-12 03:54:00,FX:USDJPY,153.253,153.254,153.236,153.244,200.0
2024-04-12 03:55:00,FX:USDJPY,153.244,153.261,153.243,153.261,208.0
2024-04-12 03:56:00,FX:USDJPY,153.261,153.26299999999998,153.253,153.254,144.0
2024-04-12 03:57:00,FX:USDJPY,153.254,153.257,153.232,153.243,264.0
2024-04-12 03:58:00,FX:USDJPY,153.243,153.253,153.231,153.24599999999998,259.0
2024-04-12 03:59:00,FX:USDJPY,153.24599999999998,153.25199999999998,153.24099999999999,153.24599999999998,184.0
2024-04-12 04:00:00,FX:USDJPY,153.24599999999998,153.254,153.24099999999999,153.248,124.0
2024-04-12 04:01:00,FX:USDJPY,153.248,153.255,153.245,153.254,125.0
2024-04-12 04:02:00,FX:USDJPY,153.254,153.256,153.221,153.23499999999999,241.0
2024-04-12 04:03:00,FX:USDJPY,153.23499999999999,153.243,153.231,153.237,233.0
2024-04-12 04:04:00,FX:USDJPY,153.237,153.243,153.21699999999998,153.218,253.0
2024-04-12 04:05:00,FX:USDJPY,153.218,153.22299999999998,153.20999999999998,153.219,220.0
2024-04-12 04:06:00,FX:USDJPY,153.219,153.226,153.212,153.22299999999998,190.0
2024-04-12 04:07:00,FX:USDJPY,153.22299999999998,153.22299999999998,153.21599999999998,153.21699999999998,143.0
2024-04-12 04:08:00,FX:USDJPY,153.21699999999998,153.221,153.21599999999998,153.21699999999998,120.0
2024-04-12 04:09:00,FX:USDJPY,153.21699999999998,153.225,153.21699999999998,153.218,145.0
2024-04-12 04:10:00,FX:USDJPY,153.218,153.224,153.215,153.21599999999998,133.0
2024-04-12 04:11:00,FX:USDJPY,153.21599999999998,153.233,153.21599999999998,153.22899999999998,142.0
2024-04-12 04:12:00,FX:USDJPY,153.22899999999998,153.231,153.22299999999998,153.224,110.0
2024-04-12 04:13:00,FX:USDJPY,153.224,153.253,153.20499999999998,153.24599999999998,266.0
2024-04-12 04:14:00,FX:USDJPY,153.24599999999998,153.25199999999998,153.244,153.248,243.0
2024-04-12 04:15:00,FX:USDJPY,153.248,153.25,153.244,153.244,200.0
2024-04-12 04:16:00,FX:USDJPY,153.244,153.24599999999998,153.219,153.22,103.0
2024-04-12 04:17:00,FX:USDJPY,153.22,153.22,153.209,153.213,127.0
2024-04-12 04:18:00,FX:USDJPY,153.213,153.22899999999998,153.209,153.22299999999998,173.0
2024-04-12 04:19:00,FX:USDJPY,153.22299999999998,153.23999999999998,153.22199999999998,153.22799999999998,198.0
2024-04-12 04:20:00,FX:USDJPY,153.22799999999998,153.245,153.22799999999998,153.238,196.0
2024-04-12 04:21:00,FX:USDJPY,153.238,153.243,153.238,153.239,89.0
2024-04-12 04:22:00,FX:USDJPY,153.239,153.23999999999998,153.218,153.22199999999998,139.0
2024-04-12 04:23:00,FX:USDJPY,153.22199999999998,153.22199999999998,153.214,153.218,97.0
2024-04-12 04:24:00,FX:USDJPY,153.218,153.218,153.206,153.21599999999998,164.0
2024-04-12 04:25:00,FX:USDJPY,153.21599999999998,153.21599999999998,153.207,153.207,103.0
2024-04-12 04:26:00,FX:USDJPY,153.207,153.212,153.206,153.209,73.0
2024-04-12 04:27:00,FX:USDJPY,153.209,153.225,153.209,153.221,123.0
2024-04-12 04:28:00,FX:USDJPY,153.221,153.224,153.22,153.221,219.0
2024-04-12 04:29:00,FX:USDJPY,153.221,153.233,153.219,153.22199999999998,154.0
2024-04-12 04:30:00,FX:USDJPY,153.22199999999998,153.232,153.20999999999998,153.215,177.0
2024-04-12 04:31:00,FX:USDJPY,153.215,153.219,153.214,153.218,140.0
2024-04-12 04:32:00,FX:USDJPY,153.218,153.22899999999998,153.215,153.21699999999998,164.0
2024-04-12 04:33:00,FX:USDJPY,153.21699999999998,153.218,153.20999999999998,153.20999999999998,152.0
2024-04-12 04:34:00,FX:USDJPY,153.20999999999998,153.23,153.206,153.22799999999998,138.0
2024-04-12 04:35:00,FX:USDJPY,153.22799999999998,153.231,153.214,153.21599999999998,147.0
2024-04-12 04:36:00,FX:USDJPY,153.21599999999998,153.238,153.21599999999998,153.238,139.0
2024-04-12 04:37:00,FX:USDJPY,153.238,153.249,153.23499999999999,153.23999999999998,149.0
2024-04-12 04:38:00,FX:USDJPY,153.23999999999998,153.24599999999998,153.23399999999998,153.236,158.0
2024-04-12 04:39:00,FX:USDJPY,153.236,153.237,153.22299999999998,153.225,120.0
2024-04-12 04:40:00,FX:USDJPY,153.225,153.231,153.22199999999998,153.23,116.0
2024-04-12 04:41:00,FX:USDJPY,153.23,153.24599999999998,153.23,153.23999999999998,132.0
2024-04-12 04:42:00,FX:USDJPY,153.23999999999998,153.242,153.22299999999998,153.232,166.0
2024-04-12 04:43:00,FX:USDJPY,153.232,153.23499999999999,153.227,153.23399999999998,105.0
2024-04-12 04:44:00,FX:USDJPY,153.23399999999998,153.243,153.23399999999998,153.24099999999999,167.0
2024-04-12 04:45:00,FX:USDJPY,153.24099999999999,153.249,153.236,153.249,151.0
2024-04-12 04:46:00,FX:USDJPY,153.249,153.261,153.248,153.261,104.0
2024-04-12 04:47:00,FX:USDJPY,153.261,153.26399999999998,153.25799999999998,153.259,108.0
2024-04-12 04:48:00,FX:USDJPY,153.259,153.261,153.257,153.259,138.0
2024-04-12 04:49:00,FX:USDJPY,153.259,153.262,153.25799999999998,153.259,104.0
2024-04-12 04:50:00,FX:USDJPY,153.259,153.26999999999998,153.259,153.26999999999998,95.0
2024-04-12 04:51:00,FX:USDJPY,153.26999999999998,153.26999999999998,153.261,153.26899999999998,70.0
2024-04-12 04:52:00,FX:USDJPY,153.26899999999998,153.273,153.26899999999998,153.272,38.0
2024-04-12 04:53:00,FX:USDJPY,153.272,153.28799999999998,153.26899999999998,153.28,85.0
2024-04-12 04:54:00,FX:USDJPY,153.28,153.28099999999998,153.279,153.279,42.0
2024-04-12 04:55:00,FX:USDJPY,153.279,153.29,153.279,153.28199999999998,145.0
2024-04-12 04:56:00,FX:USDJPY,153.28199999999998,153.295,153.28199999999998,153.29299999999998,93.0
2024-04-12 04:57:00,FX:USDJPY,153.29299999999998,153.301,153.29,153.29399999999998,122.0
2024-04-12 04:58:00,FX:USDJPY,153.29399999999998,153.297,153.292,153.292,93.0
2024-04-12 04:59:00,FX:USDJPY,153.292,153.308,153.291,153.308,100.0
2024-04-12 05:00:00,FX:USDJPY,153.308,153.31699999999998,153.307,153.308,120.0
2024-04-12 05:01:00,FX:USDJPY,153.308,153.31,153.295,153.296,85.0
2024-04-12 05:02:00,FX:USDJPY,153.296,153.303,153.292,153.303,148.0
2024-04-12 05:03:00,FX:USDJPY,153.303,153.307,153.298,153.303,118.0
2024-04-12 05:04:00,FX:USDJPY,153.303,153.303,153.298,153.29899999999998,49.0
2024-04-12 05:05:00,FX:USDJPY,153.29899999999998,153.29999999999998,153.291,153.29399999999998,101.0
2024-04-12 05:06:00,FX:USDJPY,153.29399999999998,153.296,153.279,153.28199999999998,116.0
2024-04-12 05:07:00,FX:USDJPY,153.28199999999998,153.29,153.28099999999998,153.284,152.0
2024-04-12 05:08:00,FX:USDJPY,153.284,153.301,153.284,153.29299999999998,136.0
2024-04-12 05:09:00,FX:USDJPY,153.29299999999998,153.29999999999998,153.291,153.29999999999998,142.0
2024-04-12 05:10:00,FX:USDJPY,153.29999999999998,153.30499999999998,153.297,153.304,142.0
2024-04-12 05:11:00,FX:USDJPY,153.304,153.31699999999998,153.304,153.31699999999998,147.0
2024-04-12 05:12:00,FX:USDJPY,153.31699999999998,153.319,153.307,153.31099999999998,154.0
2024-04-12 05:13:00,FX:USDJPY,153.31099999999998,153.313,153.307,153.307,190.0
2024-04-12 05:14:00,FX:USDJPY,153.307,153.316,153.30599999999998,153.31,108.0
2024-04-12 05:15:00,FX:USDJPY,153.31,153.315,153.289,153.291,155.0
2024-04-12 05:16:00,FX:USDJPY,153.291,153.30599999999998,153.28799999999998,153.30499999999998,161.0
2024-04-12 05:17:00,FX:USDJPY,153.30499999999998,153.32299999999998,153.303,153.322,177.0
2024-04-12 05:18:00,FX:USDJPY,153.322,153.33499999999998,153.32,153.333,170.0
2024-04-12 05:19:00,FX:USDJPY,153.333,153.33499999999998,153.32399999999998,153.334,151.0
2024-04-12 05:20:00,FX:USDJPY,153.334,153.334,153.32399999999998,153.327,137.0
2024-04-12 05:21:00,FX:USDJPY,153.327,153.339,153.327,153.337,113.0
2024-04-12 05:22:00,FX:USDJPY,153.337,153.339,153.333,153.339,111.0
2024-04-12 05:23:00,FX:USDJPY,153.339,153.351,153.339,153.34699999999998,136.0
2024-04-12 05:24:00,FX:USDJPY,153.34699999999998,153.34799999999998,153.33499999999998,153.337,156.0
2024-04-12 05:25:00,FX:USDJPY,153.337,153.34799999999998,153.33599999999998,153.34099999999998,193.0
2024-04-12 05:26:00,FX:USDJPY,153.34099999999998,153.34199999999998,153.32899999999998,153.331,171.0
2024-04-12 05:27:00,FX:USDJPY,153.331,153.344,153.32999999999998,153.34099999999998,167.0
2024-04-12 05:28:00,FX:USDJPY,153.34099999999998,153.34199999999998,153.309,153.316,216.0
2024-04-12 05:29:00,FX:USDJPY,153.316,153.316,153.296,153.29899999999998,208.0
2024-04-12 05:30:00,FX:USDJPY,153.29899999999998,153.30499999999998,153.277,153.286,265.0
2024-04-12 05:31:00,FX:USDJPY,153.286,153.301,153.285,153.28799999999998,140.0
2024-04-12 05:32:00,FX:USDJPY,153.28799999999998,153.292,153.28099999999998,153.28199999999998,77.0
2024-04-12 05:33:00,FX:USDJPY,153.28199999999998,153.303,153.28099999999998,153.29,98.0
2024-04-12 05:34:00,FX:USDJPY,153.29,153.295,153.289,153.29,81.0
2024-04-12 05:35:00,FX:USDJPY,153.29,153.29999999999998,153.28799999999998,153.29299999999998,117.0
2024-04-12 05:36:00,FX:USDJPY,153.29299999999998,153.29899999999998,153.291,153.296,133.0
2024-04-12 05:37:00,FX:USDJPY,153.296,153.302,153.296,153.298,61.0
2024-04-12 05:38:00,FX:USDJPY,153.298,153.314,153.297,153.31099999999998,108.0
2024-04-12 05:39:00,FX:USDJPY,153.31099999999998,153.315,153.309,153.314,68.0
2024-04-12 05:40:00,FX:USDJPY,153.314,153.314,153.301,153.303,88.0
2024-04-12 05:41:00,FX:USDJPY,153.303,153.30499999999998,153.292,153.29299999999998,91.0
2024-04-12 05:42:00,FX:USDJPY,153.29299999999998,153.295,153.292,153.29299999999998,80.0
2024-04-12 05:43:00,FX:USDJPY,153.293,153.311,153.291,153.311,144.0
2024-04-12 05:44:00,FX:USDJPY,153.311,153.318,153.309,153.317,129.0
2024-04-12 05:45:00,FX:USDJPY,153.317,153.322,153.301,153.301,202.0
2024-04-12 05:46:00,FX:USDJPY,153.301,153.303,153.299,153.302,102.0
2024-04-12 05:47:00,FX:USDJPY,153.302,153.302,153.295,153.295,142.0
2024-04-12 05:48:00,FX:USDJPY,153.295,153.296,153.291,153.292,116.0
2024-04-12 05:49:00,FX:USDJPY,153.292,153.293,153.28,153.28,112.0
2024-04-12 05:50:00,FX:USDJPY,153.28,153.294,153.278,153.281,167.0
2024-04-12 05:51:00,FX:USDJPY,153.281,153.281,153.262,153.277,158.0
2024-04-12 05:52:00,FX:USDJPY,153.277,153.279,153.264,153.277,174.0
2024-04-12 05:53:00,FX:USDJPY,153.277,153.278,153.268,153.268,105.0
2024-04-12 05:54:00,FX:USDJPY,153.268,153.283,153.267,153.277,154.0
2024-04-12 05:55:00,FX:USDJPY,153.277,153.291,153.276,153.29,150.0
2024-04-12 05:56:00,FX:USDJPY,153.29,153.294,153.286,153.292,116.0
2024-04-12 05:57:00,FX:USDJPY,153.292,153.315,153.292,153.312,188.0
2024-04-12 05:58:00,FX:USDJPY,153.312,153.319,153.301,153.303,194.0
2024-04-12 05:59:00,FX:USDJPY,153.303,153.306,153.293,153.301,241.0
2024-04-12 06:00:00,FX:USDJPY,153.301,153.317,153.297,153.305,199.0
2024-04-12 06:01:00,FX:USDJPY,153.305,153.31,153.301,153.301,170.0
2024-04-12 06:02:00,FX:USDJPY,153.301,153.309,153.294,153.309,109.0
2024-04-12 06:03:00,FX:USDJPY,153.309,153.309,153.292,153.295,191.0
2024-04-12 06:04:00,FX:USDJPY,153.295,153.304,153.292,153.304,210.0
2024-04-12 06:05:00,FX:USDJPY,153.304,153.304,153.283,153.287,160.0
2024-04-12 06:06:00,FX:USDJPY,153.287,153.305,153.287,153.305,183.0
2024-04-12 06:07:00,FX:USDJPY,153.305,153.309,153.304,153.304,96.0
2024-04-12 06:08:00,FX:USDJPY,153.304,153.318,153.3,153.316,109.0
2024-04-12 06:09:00,FX:USDJPY,153.316,153.316,153.304,153.304,103.0
2024-04-12 06:10:00,FX:USDJPY,153.304,153.317,153.304,153.316,109.0
2024-04-12 06:11:00,FX:USDJPY,153.316,153.328,153.315,153.323,133.0
2024-04-12 06:12:00,FX:USDJPY,153.323,153.327,153.312,153.315,80.0
2024-04-12 06:13:00,FX:USDJPY,153.315,153.323,153.314,153.315,100.0
2024-04-12 06:14:00,FX:USDJPY,153.315,153.318,153.311,153.314,125.0
2024-04-12 06:15:00,FX:USDJPY,153.314,153.315,153.302,153.304,121.0
2024-04-12 06:16:00,FX:USDJPY,153.304,153.306,153.3,153.304,73.0
2024-04-12 06:17:00,FX:USDJPY,153.304,153.315,153.301,153.314,99.0
2024-04-12 06:18:00,FX:USDJPY,153.314,153.318,153.31,153.318,78.0
2024-04-12 06:19:00,FX:USDJPY,153.318,153.323,153.311,153.316,78.0
2024-04-12 06:20:00,FX:USDJPY,153.316,153.329,153.314,153.327,105.0
2024-04-12 06:21:00,FX:USDJPY,153.327,153.335,153.326,153.335,92.0
2024-04-12 06:22:00,FX:USDJPY,153.335,153.339,153.332,153.339,121.0
2024-04-12 06:23:00,FX:USDJPY,153.339,153.346,153.336,153.346,115.0
2024-04-12 06:24:00,FX:USDJPY,153.346,153.351,153.336,153.337,73.0
2024-04-12 06:25:00,FX:USDJPY,153.337,153.34,153.337,153.339,56.0
2024-04-12 06:26:00,FX:USDJPY,153.339,153.34,153.336,153.337,63.0
2024-04-12 06:27:00,FX:USDJPY,153.337,153.339,153.336,153.337,118.0
2024-04-12 06:28:00,FX:USDJPY,153.337,153.339,153.336,153.338,109.0
2024-04-12 06:29:00,FX:USDJPY,153.338,153.338,153.336,153.336,88.0
2024-04-12 06:30:00,FX:USDJPY,153.336,153.337,153.327,153.333,181.0
2024-04-12 06:31:00,FX:USDJPY,153.333,153.339,153.333,153.339,111.0
2024-04-12 06:32:00,FX:USDJPY,153.339,153.35,153.339,153.348,136.0
2024-04-12 06:33:00,FX:USDJPY,153.348,153.35,153.346,153.346,109.0
2024-04-12 06:34:00,FX:USDJPY,153.346,153.348,153.346,153.346,52.0
2024-04-12 06:35:00,FX:USDJPY,153.346,153.347,153.345,153.346,64.0
2024-04-12 06:36:00,FX:USDJPY,153.346,153.346,153.332,153.339,161.0
2024-04-12 06:37:00,FX:USDJPY,153.339,153.34,153.333,153.336,60.0
2024-04-12 06:38:00,FX:USDJPY,153.336,153.338,153.322,153.324,99.0
2024-04-12 06:39:00,FX:USDJPY,153.324,153.329,153.323,153.328,124.0
2024-04-12 06:40:00,FX:USDJPY,153.328,153.328,153.313,153.32,101.0
2024-04-12 06:41:00,FX:USDJPY,153.32,153.324,153.311,153.317,103.0
2024-04-12 06:42:00,FX:USDJPY,153.317,153.319,153.311,153.313,131.0
2024-04-12 06:43:00,FX:USDJPY,153.313,153.315,153.311,153.313,84.0
2024-04-12 06:44:00,FX:USDJPY,153.313,153.324,153.313,153.324,68.0
2024-04-12 06:45:00,FX:USDJPY,153.324,153.329,153.323,153.325,86.0
2024-04-12 06:46:00,FX:USDJPY,153.325,153.329,153.322,153.325,101.0
2024-04-12 06:47:00,FX:USDJPY,153.325,153.331,153.316,153.322,212.0
2024-04-12 06:48:00,FX:USDJPY,153.322,153.328,153.317,153.318,174.0
2024-04-12 06:49:00,FX:USDJPY,153.318,153.318,153.313,153.313,122.0
2024-04-12 06:50:00,FX:USDJPY,153.313,153.314,153.302,153.306,210.0
2024-04-12 06:51:00,FX:USDJPY,153.306,153.315,153.304,153.314,107.0
2024-04-12 06:52:00,FX:USDJPY,153.314,153.319,153.287,153.292,185.0
2024-04-12 06:53:00,FX:USDJPY,153.292,153.292,153.274,153.276,126.0
2024-04-12 06:54:00,FX:USDJPY,153.276,153.293,153.274,153.285,158.0
2024-04-12 06:55:00,FX:USDJPY,153.285,153.294,153.285,153.294,139.0
2024-04-12 06:56:00,FX:USDJPY,153.294,153.297,153.288,153.295,111.0
2024-04-12 06:57:00,FX:USDJPY,153.295,153.296,153.279,153.282,202.0
2024-04-12 06:58:00,FX:USDJPY,153.282,153.284,153.267,153.275,148.0
2024-04-12 06:59:00,FX:USDJPY,153.275,153.276,153.268,153.268,182.0
2024-04-12 07:00:00,FX:USDJPY,153.268,153.269,153.249,153.254,161.0
2024-04-12 07:01:00,FX:USDJPY,153.254,153.272,153.246,153.272,139.0
2024-04-12 07:02:00,FX:USDJPY,153.272,153.287,153.272,153.283,135.0
2024-04-12 07:03:00,FX:USDJPY,153.283,153.283,153.268,153.279,172.0
2024-04-12 07:04:00,FX:USDJPY,153.279,153.283,153.275,153.276,123.0
2024-04-12 07:05:00,FX:USDJPY,153.276,153.292,153.276,153.284,108.0
2024-04-12 07:06:00,FX:USDJPY,153.284,153.284,153.26,153.269,141.0
2024-04-12 07:07:00,FX:USDJPY,153.269,153.276,153.258,153.26,169.0
2024-04-12 07:08:00,FX:USDJPY,153.26,153.272,153.26,153.271,86.0
2024-04-12 07:09:00,FX:USDJPY,153.271,153.274,153.269,153.273,106.0
2024-04-12 07:10:00,FX:USDJPY,153.273,153.274,153.265,153.269,131.0
2024-04-12 07:11:00,FX:USDJPY,153.269,153.278,153.263,153.276,83.0
2024-04-12 07:12:00,FX:USDJPY,153.276,153.278,153.265,153.268,96.0
2024-04-12 07:13:00,FX:USDJPY,153.268,153.271,153.247,153.248,176.0
2024-04-12 07:14:00,FX:USDJPY,153.248,153.26,153.247,153.247,166.0
2024-04-12 07:15:00,FX:USDJPY,153.247,153.258,153.245,153.246,145.0
2024-04-12 07:16:00,FX:USDJPY,153.246,153.248,153.224,153.231,220.0
2024-04-12 07:17:00,FX:USDJPY,153.231,153.26,153.231,153.25,223.0
2024-04-12 07:18:00,FX:USDJPY,153.25,153.273,153.249,153.272,127.0
2024-04-12 07:19:00,FX:USDJPY,153.272,153.272,153.257,153.259,144.0
2024-04-12 07:20:00,FX:USDJPY,153.259,153.26,153.248,153.255,223.0
2024-04-12 07:21:00,FX:USDJPY,153.255,153.259,153.243,153.245,153.0
2024-04-12 07:22:00,FX:USDJPY,153.245,153.25,153.239,153.25,184.0
2024-04-12 07:23:00,FX:USDJPY,153.25,153.25,153.24,153.248,155.0
2024-04-12 07:24:00,FX:USDJPY,153.248,153.253,153.218,153.22,267.0
2024-04-12 07:25:00,FX:USDJPY,153.22,153.236,153.207,153.208,330.0
2024-04-12 07:26:00,FX:USDJPY,153.208,153.216,153.189,153.197,361.0
2024-04-12 07:27:00,FX:USDJPY,153.197,153.213,153.193,153.213,241.0
2024-04-12 07:28:00,FX:USDJPY,153.213,153.222,153.21,153.22,145.0
2024-04-12 07:29:00,FX:USDJPY,153.22,153.238,153.22,153.236,92.0
2024-04-12 07:30:00,FX:USDJPY,153.236,153.258,153.235,153.257,148.0
2024-04-12 07:31:00,FX:USDJPY,153.257,153.267,153.255,153.264,155.0
2024-04-12 07:32:00,FX:USDJPY,153.264,153.285,153.261,153.283,178.0
2024-04-12 07:33:00,FX:USDJPY,153.283,153.286,153.268,153.269,186.0
2024-04-12 07:34:00,FX:USDJPY,153.269,153.277,153.268,153.268,159.0
2024-04-12 07:35:00,FX:USDJPY,153.268,153.276,153.267,153.271,172.0
2024-04-12 07:36:00,FX:USDJPY,153.271,153.273,153.268,153.268,132.0
2024-04-12 07:37:00,FX:USDJPY,153.268,153.271,153.259,153.26,97.0
2024-04-12 07:38:00,FX:USDJPY,153.26,153.263,153.259,153.26,135.0
2024-04-12 07:39:00,FX:USDJPY,153.26,153.272,153.26,153.271,96.0
2024-04-12 07:40:00,FX:USDJPY,153.271,153.279,153.267,153.269,164.0
2024-04-12 07:41:00,FX:USDJPY,153.269,153.273,153.266,153.268,116.0
2024-04-12 07:42:00,FX:USDJPY,153.268,153.271,153.25,153.252,152.0
2024-04-12 07:43:00,FX:USDJPY,153.252,153.26,153.249,153.256,207.0
2024-04-12 07:44:00,FX:USDJPY,153.256,153.258,153.243,153.25,175.0
2024-04-12 07:45:00,FX:USDJPY,153.25,153.268,153.249,153.263,203.0
2024-04-12 07:46:00,FX:USDJPY,153.263,153.263,153.252,153.255,134.0
2024-04-12 07:47:00,FX:USDJPY,153.255,153.269,153.254,153.269,150.0
2024-04-12 07:48:00,FX:USDJPY,153.269,153.272,153.251,153.252,163.0
2024-04-12 07:49:00,FX:USDJPY,153.252,153.255,153.231,153.232,212.0
2024-04-12 07:50:00,FX:USDJPY,153.232,153.236,153.225,153.232,198.0
2024-04-12 07:51:00,FX:USDJPY,153.232,153.232,153.223,153.225,200.0
2024-04-12 07:52:00,FX:USDJPY,153.225,153.231,153.222,153.231,162.0
2024-04-12 07:53:00,FX:USDJPY,153.231,153.232,153.206,153.207,199.0
2024-04-12 07:54:00,FX:USDJPY,153.207,153.208,153.191,153.199,205.0
2024-04-12 07:55:00,FX:USDJPY,153.199,153.199,153.182,153.188,206.0
2024-04-12 07:56:00,FX:USDJPY,153.188,153.19,153.173,153.181,155.0
2024-04-12 07:57:00,FX:USDJPY,153.181,153.191,153.171,153.176,112.0
2024-04-12 07:58:00,FX:USDJPY,153.176,153.183,153.163,153.165,169.0
2024-04-12 07:59:00,FX:USDJPY,153.165,153.168,153.158,153.161,116.0
2024-04-12 08:00:00,FX:USDJPY,153.161,153.174,153.151,153.152,303.0
2024-04-12 08:01:00,FX:USDJPY,153.152,153.178,153.152,153.178,276.0
2024-04-12 08:02:00,FX:USDJPY,153.178,153.183,153.163,153.166,236.0
2024-04-12 08:03:00,FX:USDJPY,153.166,153.168,153.154,153.165,248.0
2024-04-12 08:04:00,FX:USDJPY,153.165,153.179,153.161,153.172,232.0
2024-04-12 08:05:00,FX:USDJPY,153.172,153.179,153.162,153.163,239.0
2024-04-12 08:06:00,FX:USDJPY,153.163,153.167,153.16,153.167,116.0
2024-04-12 08:07:00,FX:USDJPY,153.167,153.177,153.166,153.173,112.0
2024-04-12 08:08:00,FX:USDJPY,153.173,153.176,153.171,153.172,145.0
2024-04-12 08:09:00,FX:USDJPY,153.172,153.177,153.17,153.175,95.0
2024-04-12 08:10:00,FX:USDJPY,153.175,153.175,153.164,153.166,116.0
2024-04-12 08:11:00,FX:USDJPY,153.166,153.175,153.165,153.174,100.0
2024-04-12 08:12:00,FX:USDJPY,153.174,153.174,153.151,153.159,165.0
2024-04-12 08:13:00,FX:USDJPY,153.159,153.16,153.134,153.137,234.0
2024-04-12 08:14:00,FX:USDJPY,153.137,153.137,153.116,153.131,208.0
2024-04-12 08:15:00,FX:USDJPY,153.131,153.14,153.11,153.11,189.0
2024-04-12 08:16:00,FX:USDJPY,153.11,153.112,153.1,153.104,140.0
2024-04-12 08:17:00,FX:USDJPY,153.104,153.118,153.104,153.109,166.0
2024-04-12 08:18:00,FX:USDJPY,153.109,153.11,153.103,153.104,141.0
2024-04-12 08:19:00,FX:USDJPY,153.104,153.118,153.103,153.109,256.0
2024-04-12 08:20:00,FX:USDJPY,153.109,153.156,153.108,153.155,340.0
2024-04-12 08:21:00,FX:USDJPY,153.155,153.165,153.155,153.163,303.0
2024-04-12 08:22:00,FX:USDJPY,153.163,153.171,153.156,153.157,185.0
2024-04-12 08:23:00,FX:USDJPY,153.157,153.157,153.115,153.118,273.0
2024-04-12 08:24:00,FX:USDJPY,153.118,153.123,153.11,153.114,370.0
2024-04-12 08:25:00,FX:USDJPY,153.114,153.115,153.103,153.113,266.0
2024-04-12 08:26:00,FX:USDJPY,153.113,153.139,153.113,153.127,260.0
2024-04-12 08:27:00,FX:USDJPY,153.127,153.129,153.122,153.124,157.0
2024-04-12 08:28:00,FX:USDJPY,153.124,153.142,153.12,153.141,147.0
2024-04-12 08:29:00,FX:USDJPY,153.141,153.146,153.133,153.138,392.0
2024-04-12 08:30:00,FX:USDJPY,153.138,153.182,153.136,153.169,466.0
2024-04-12 08:31:00,FX:USDJPY,153.169,153.179,153.161,153.162,326.0
2024-04-12 08:32:00,FX:USDJPY,153.162,153.165,153.141,153.161,366.0
2024-04-12 08:33:00,FX:USDJPY,153.161,153.162,153.136,153.137,336.0
2024-04-12 08:34:00,FX:USDJPY,153.137,153.152,153.137,153.15,298.0
2024-04-12 08:35:00,FX:USDJPY,153.15,153.173,153.144,153.164,196.0
2024-04-12 08:36:00,FX:USDJPY,153.164,153.165,153.03,153.03,593.0
2024-04-12 08:37:00,FX:USDJPY,153.03,153.072,152.928,153.059,1130.0
2024-04-12 08:38:00,FX:USDJPY,153.059,153.079,153.011,153.045,682.0
2024-04-12 08:39:00,FX:USDJPY,153.045,153.061,153.031,153.042,578.0
2024-04-12 08:40:00,FX:USDJPY,153.042,153.044,152.964,153.012,639.0
2024-04-12 08:41:00,FX:USDJPY,153.012,153.014,152.959,152.979,554.0
2024-04-12 08:42:00,FX:USDJPY,152.979,152.992,152.929,152.95,501.0
2024-04-12 08:43:00,FX:USDJPY,152.95,152.95,152.87,152.873,902.0
2024-04-12 08:44:00,FX:USDJPY,152.873,152.921,152.864,152.872,788.0
2024-04-12 08:45:00,FX:USDJPY,152.872,152.874,152.813,152.837,652.0
2024-04-12 08:46:00,FX:USDJPY,152.837,152.893,152.824,152.893,731.0
2024-04-12 08:47:00,FX:USDJPY,152.893,152.893,152.845,152.86,684.0
2024-04-12 08:48:00,FX:USDJPY,152.86,152.867,152.793,152.837,827.0
2024-04-12 08:49:00,FX:USDJPY,152.837,152.863,152.834,152.859,451.0
2024-04-12 08:50:00,FX:USDJPY,152.859,152.885,152.838,152.877,520.0
2024-04-12 08:51:00,FX:USDJPY,152.877,152.9,152.861,152.894,509.0
2024-04-12 08:52:00,FX:USDJPY,152.894,152.903,152.887,152.891,404.0
2024-04-12 08:53:00,FX:USDJPY,152.891,152.92,152.875,152.913,344.0
2024-04-12 08:54:00,FX:USDJPY,152.913,152.934,152.887,152.889,386.0
2024-04-12 08:55:00,FX:USDJPY,152.889,152.889,152.857,152.857,465.0
2024-04-12 08:56:00,FX:USDJPY,152.857,152.878,152.839,152.841,515.0
2024-04-12 08:57:00,FX:USDJPY,152.841,152.843,152.809,152.817,513.0
2024-04-12 08:58:00,FX:USDJPY,152.817,152.867,152.811,152.853,433.0
2024-04-12 08:59:00,FX:USDJPY,152.853,152.86,152.843,152.854,308.0
2024-04-12 09:00:00,FX:USDJPY,152.854,152.857,152.806,152.816,379.0
2024-04-12 09:01:00,FX:USDJPY,152.816,152.839,152.782,152.829,521.0
2024-04-12 09:02:00,FX:USDJPY,152.829,152.831,152.77,152.77,502.0
2024-04-12 09:03:00,FX:USDJPY,152.77,152.788,152.75,152.759,582.0
2024-04-12 09:04:00,FX:USDJPY,152.759,152.765,152.712,152.738,405.0
2024-04-12 09:05:00,FX:USDJPY,152.738,152.751,152.687,152.691,529.0
2024-04-12 09:06:00,FX:USDJPY,152.691,152.712,152.665,152.673,461.0
2024-04-12 09:07:00,FX:USDJPY,152.673,152.684,152.589,152.621,890.0
2024-04-12 09:08:00,FX:USDJPY,152.621,152.66,152.616,152.646,533.0
2024-04-12 09:09:00,FX:USDJPY,152.646,152.651,152.599,152.644,457.0
2024-04-12 09:10:00,FX:USDJPY,152.644,152.672,152.62,152.621,472.0
2024-04-12 09:11:00,FX:USDJPY,152.621,152.671,152.612,152.669,482.0
2024-04-12 09:12:00,FX:USDJPY,152.669,152.719,152.669,152.715,339.0
2024-04-12 09:13:00,FX:USDJPY,152.715,152.744,152.697,152.739,420.0
2024-04-12 09:14:00,FX:USDJPY,152.739,152.752,152.709,152.749,439.0
2024-04-12 09:15:00,FX:USDJPY,152.749,152.807,152.747,152.807,356.0
2024-04-12 09:16:00,FX:USDJPY,152.807,152.866,152.79,152.866,609.0
2024-04-12 09:17:00,FX:USDJPY,152.866,152.885,152.86,152.866,423.0
2024-04-12 09:18:00,FX:USDJPY,152.866,152.884,152.864,152.881,387.0
2024-04-12 09:19:00,FX:USDJPY,152.881,152.911,152.87,152.873,500.0
2024-04-12 09:20:00,FX:USDJPY,152.873,152.913,152.861,152.91,425.0
2024-04-12 09:21:00,FX:USDJPY,152.91,152.91,152.863,152.864,258.0
2024-04-12 09:22:00,FX:USDJPY,152.864,152.877,152.84,152.862,329.0
2024-04-12 09:23:00,FX:USDJPY,152.862,152.903,152.862,152.889,206.0
2024-04-12 09:24:00,FX:USDJPY,152.889,152.9,152.887,152.889,250.0
2024-04-12 09:25:00,FX:USDJPY,152.889,152.93,152.889,152.896,307.0
2024-04-12 09:26:00,FX:USDJPY,152.896,152.909,152.879,152.897,293.0
2024-04-12 09:27:00,FX:USDJPY,152.897,152.935,152.897,152.933,268.0
2024-04-12 09:28:00,FX:USDJPY,152.933,152.959,152.907,152.91,337.0
2024-04-12 09:29:00,FX:USDJPY,152.91,152.93,152.906,152.911,235.0
2024-04-12 09:30:00,FX:USDJPY,152.911,152.951,152.908,152.944,350.0
2024-04-12 09:31:00,FX:USDJPY,152.944,152.964,152.933,152.954,372.0
2024-04-12 09:32:00,FX:USDJPY,152.954,152.976,152.95,152.967,480.0
2024-04-12 09:33:00,FX:USDJPY,152.967,152.977,152.953,152.956,335.0
2024-04-12 09:34:00,FX:USDJPY,152.956,152.99,152.942,152.99,327.0
2024-04-12 09:35:00,FX:USDJPY,152.99,152.992,152.977,152.977,181.0
2024-04-12 09:36:00,FX:USDJPY,152.977,152.993,152.967,152.978,269.0
2024-04-12 09:37:00,FX:USDJPY,152.978,153.046,152.978,153.038,405.0
2024-04-12 09:38:00,FX:USDJPY,153.038,153.087,153.038,153.057,505.0
2024-04-12 09:39:00,FX:USDJPY,153.057,153.059,153.038,153.047,400.0
2024-04-12 09:40:00,FX:USDJPY,153.047,153.053,153.021,153.044,352.0
2024-04-12 09:41:00,FX:USDJPY,153.044,153.056,153.008,153.011,307.0
2024-04-12 09:42:00,FX:USDJPY,153.011,153.027,152.989,152.999,486.0
2024-04-12 09:43:00,FX:USDJPY,152.999,153.025,152.998,153.024,291.0
2024-04-12 09:44:00,FX:USDJPY,153.024,153.048,153.014,153.021,373.0
2024-04-12 09:45:00,FX:USDJPY,153.021,153.056,153.021,153.047,519.0
2024-04-12 09:46:00,FX:USDJPY,153.047,153.057,153.036,153.036,235.0
2024-04-12 09:47:00,FX:USDJPY,153.036,153.041,153.001,153.003,452.0
2024-04-12 09:48:00,FX:USDJPY,153.003,153.014,152.982,152.999,411.0
2024-04-12 09:49:00,FX:USDJPY,152.999,153.003,152.974,152.97799999999998,380.0
2024-04-12 09:50:00,FX:USDJPY,152.97799999999998,152.998,152.96599999999998,152.989,198.0
