datetime,symbol,open,high,low,close,volume
2024-03-25 10:46:00,FX:EURCAD,1.47153,1.4717,1.47153,1.4717,120.0
2024-03-25 10:47:00,FX:EURCAD,1.4717,1.4717500000000001,1.47159,1.47174,142.0
2024-03-25 10:48:00,FX:EURCAD,1.47174,1.4717900000000002,1.47164,1.4716900000000002,123.0
2024-03-25 10:49:00,FX:EURCAD,1.4716900000000002,1.4717900000000002,1.47166,1.47171,149.0
2024-03-25 10:50:00,FX:EURCAD,1.47171,1.4717500000000001,1.47156,1.4716200000000002,217.0
2024-03-25 10:51:00,FX:EURCAD,1.4716200000000002,1.47176,1.4714500000000001,1.47156,189.0
2024-03-25 10:52:00,FX:EURCAD,1.47156,1.47166,1.47153,1.47163,140.0
2024-03-25 10:53:00,FX:EURCAD,1.47163,1.47178,1.4716200000000002,1.47168,196.0
2024-03-25 10:54:00,FX:EURCAD,1.47168,1.47171,1.47154,1.4716200000000002,221.0
2024-03-25 10:55:00,FX:EURCAD,1.4716200000000002,1.47173,1.4715,1.47171,185.0
2024-03-25 10:56:00,FX:EURCAD,1.47171,1.47171,1.4714500000000001,1.47146,159.0
2024-03-25 10:57:00,FX:EURCAD,1.47146,1.4714800000000001,1.47132,1.47143,193.0
2024-03-25 10:58:00,FX:EURCAD,1.47143,1.47157,1.47143,1.47151,121.0
2024-03-25 10:59:00,FX:EURCAD,1.47151,1.4717200000000001,1.47142,1.4717200000000001,137.0
2024-03-25 11:00:00,FX:EURCAD,1.4717200000000001,1.4717500000000001,1.4713800000000001,1.47139,185.0
2024-03-25 11:01:00,FX:EURCAD,1.47139,1.47178,1.47139,1.47176,268.0
2024-03-25 11:02:00,FX:EURCAD,1.47176,1.47194,1.4717,1.4718900000000001,261.0
2024-03-25 11:03:00,FX:EURCAD,1.4718900000000001,1.4719600000000002,1.47171,1.4717200000000001,188.0
2024-03-25 11:04:00,FX:EURCAD,1.4717200000000001,1.47174,1.47163,1.47174,156.0
2024-03-25 11:05:00,FX:EURCAD,1.47174,1.4718200000000001,1.4716500000000001,1.4716900000000002,156.0
2024-03-25 11:06:00,FX:EURCAD,1.4716900000000002,1.4716900000000002,1.47151,1.47163,186.0
2024-03-25 11:07:00,FX:EURCAD,1.47163,1.47178,1.47161,1.47174,124.0
2024-03-25 11:08:00,FX:EURCAD,1.47174,1.47178,1.47167,1.4716900000000002,63.0
2024-03-25 11:09:00,FX:EURCAD,1.4716900000000002,1.47184,1.47168,1.4717900000000002,123.0
2024-03-25 11:10:00,FX:EURCAD,1.4717900000000002,1.4717900000000002,1.4715500000000001,1.4716500000000001,145.0
2024-03-25 11:11:00,FX:EURCAD,1.4716500000000001,1.47173,1.47163,1.47166,139.0
2024-03-25 11:12:00,FX:EURCAD,1.47166,1.47176,1.4715500000000001,1.4717500000000001,166.0
2024-03-25 11:13:00,FX:EURCAD,1.4717500000000001,1.4719200000000001,1.47174,1.47191,179.0
2024-03-25 11:14:00,FX:EURCAD,1.47191,1.47194,1.4717500000000001,1.47176,173.0
2024-03-25 11:15:00,FX:EURCAD,1.47176,1.47184,1.47173,1.47178,204.0
2024-03-25 11:16:00,FX:EURCAD,1.47178,1.47186,1.47164,1.47164,134.0
2024-03-25 11:17:00,FX:EURCAD,1.47164,1.47173,1.47157,1.47167,233.0
2024-03-25 11:18:00,FX:EURCAD,1.47167,1.47171,1.47158,1.47164,182.0
2024-03-25 11:19:00,FX:EURCAD,1.47164,1.4716900000000002,1.4716,1.47167,107.0
2024-03-25 11:20:00,FX:EURCAD,1.47167,1.47167,1.4713800000000001,1.4714,209.0
2024-03-25 11:21:00,FX:EURCAD,1.4714,1.47143,1.47125,1.4713,218.0
2024-03-25 11:22:00,FX:EURCAD,1.4713,1.4713800000000001,1.47126,1.47137,182.0
2024-03-25 11:23:00,FX:EURCAD,1.47137,1.47144,1.47115,1.47119,291.0
2024-03-25 11:24:00,FX:EURCAD,1.47119,1.4714500000000001,1.4711800000000002,1.47133,205.0
2024-03-25 11:25:00,FX:EURCAD,1.47133,1.4715500000000001,1.4713100000000001,1.4715500000000001,177.0
2024-03-25 11:26:00,FX:EURCAD,1.4715500000000001,1.47157,1.47142,1.47149,125.0
2024-03-25 11:27:00,FX:EURCAD,1.47149,1.47149,1.4713500000000002,1.4714800000000001,174.0
2024-03-25 11:28:00,FX:EURCAD,1.4714800000000001,1.4715200000000002,1.47132,1.47141,146.0
2024-03-25 11:29:00,FX:EURCAD,1.47141,1.47149,1.47132,1.4714800000000001,158.0
2024-03-25 11:30:00,FX:EURCAD,1.4714800000000001,1.47153,1.4714500000000001,1.47153,147.0
2024-03-25 11:31:00,FX:EURCAD,1.47153,1.47158,1.4714500000000001,1.4714500000000001,143.0
2024-03-25 11:32:00,FX:EURCAD,1.4714500000000001,1.47146,1.47132,1.47137,142.0
2024-03-25 11:33:00,FX:EURCAD,1.47137,1.4714500000000001,1.47123,1.47142,171.0
2024-03-25 11:34:00,FX:EURCAD,1.47142,1.47144,1.4712800000000001,1.47143,195.0
2024-03-25 11:35:00,FX:EURCAD,1.47143,1.47149,1.4713500000000002,1.47137,169.0
2024-03-25 11:36:00,FX:EURCAD,1.47137,1.4715200000000002,1.47132,1.4714500000000001,141.0
2024-03-25 11:37:00,FX:EURCAD,1.4714500000000001,1.47154,1.47144,1.4715,132.0
2024-03-25 11:38:00,FX:EURCAD,1.4715,1.47159,1.47142,1.47153,179.0
2024-03-25 11:39:00,FX:EURCAD,1.47153,1.47157,1.47139,1.47141,100.0
2024-03-25 11:40:00,FX:EURCAD,1.47141,1.47164,1.47141,1.47164,145.0
2024-03-25 11:41:00,FX:EURCAD,1.47164,1.47166,1.47156,1.4716,111.0
2024-03-25 11:42:00,FX:EURCAD,1.4716,1.47167,1.47158,1.47166,92.0
2024-03-25 11:43:00,FX:EURCAD,1.47166,1.47176,1.47159,1.47173,98.0
2024-03-25 11:44:00,FX:EURCAD,1.47173,1.4717500000000001,1.47163,1.47166,157.0
2024-03-25 11:45:00,FX:EURCAD,1.47166,1.47188,1.47163,1.47187,182.0
2024-03-25 11:46:00,FX:EURCAD,1.47187,1.47203,1.4718200000000001,1.47201,153.0
2024-03-25 11:47:00,FX:EURCAD,1.47201,1.47214,1.47198,1.47208,164.0
2024-03-25 11:48:00,FX:EURCAD,1.47208,1.47215,1.47201,1.47214,125.0
2024-03-25 11:49:00,FX:EURCAD,1.47214,1.4721600000000001,1.47204,1.47207,111.0
2024-03-25 11:50:00,FX:EURCAD,1.47207,1.4721600000000001,1.47184,1.47188,183.0
2024-03-25 11:51:00,FX:EURCAD,1.47188,1.47204,1.4717900000000002,1.4717900000000002,287.0
2024-03-25 11:52:00,FX:EURCAD,1.4717900000000002,1.47201,1.4717200000000001,1.47195,186.0
2024-03-25 11:53:00,FX:EURCAD,1.47195,1.4719600000000002,1.47178,1.47195,198.0
2024-03-25 11:54:00,FX:EURCAD,1.47195,1.4721600000000001,1.47194,1.47211,212.0
2024-03-25 11:55:00,FX:EURCAD,1.47211,1.4721300000000002,1.47194,1.47201,176.0
2024-03-25 11:56:00,FX:EURCAD,1.47201,1.47212,1.47191,1.4720900000000001,155.0
2024-03-25 11:57:00,FX:EURCAD,1.4720900000000001,1.4721300000000002,1.47184,1.47186,218.0
2024-03-25 11:58:00,FX:EURCAD,1.47186,1.47187,1.4717200000000001,1.47174,211.0
2024-03-25 11:59:00,FX:EURCAD,1.47174,1.4717500000000001,1.47164,1.47167,203.0
2024-03-25 12:00:00,FX:EURCAD,1.47167,1.4717900000000002,1.4716,1.4717500000000001,270.0
2024-03-25 12:01:00,FX:EURCAD,1.4717500000000001,1.47185,1.47168,1.4717,234.0
2024-03-25 12:02:00,FX:EURCAD,1.4717,1.47171,1.47159,1.47161,187.0
2024-03-25 12:03:00,FX:EURCAD,1.47161,1.47166,1.47151,1.47153,213.0
2024-03-25 12:04:00,FX:EURCAD,1.47153,1.47156,1.47147,1.4715500000000001,150.0
2024-03-25 12:05:00,FX:EURCAD,1.4715500000000001,1.47164,1.4714800000000001,1.47149,140.0
2024-03-25 12:06:00,FX:EURCAD,1.47149,1.4715,1.47125,1.4713100000000001,130.0
2024-03-25 12:07:00,FX:EURCAD,1.4713100000000001,1.4713800000000001,1.47124,1.47125,218.0
2024-03-25 12:08:00,FX:EURCAD,1.47125,1.47137,1.47123,1.47129,141.0
2024-03-25 12:09:00,FX:EURCAD,1.47129,1.47136,1.47129,1.4713500000000002,135.0
2024-03-25 12:10:00,FX:EURCAD,1.4713500000000002,1.4713800000000001,1.4713100000000001,1.47136,101.0
2024-03-25 12:11:00,FX:EURCAD,1.47136,1.47139,1.47129,1.47134,163.0
2024-03-25 12:12:00,FX:EURCAD,1.47134,1.4713500000000002,1.47124,1.47127,142.0
2024-03-25 12:13:00,FX:EURCAD,1.47127,1.47136,1.47124,1.47127,147.0
2024-03-25 12:14:00,FX:EURCAD,1.47127,1.47141,1.47124,1.4714,185.0
2024-03-25 12:15:00,FX:EURCAD,1.4714,1.47142,1.47132,1.47142,131.0
2024-03-25 12:16:00,FX:EURCAD,1.47142,1.4715500000000001,1.47142,1.47147,173.0
2024-03-25 12:17:00,FX:EURCAD,1.47147,1.4714800000000001,1.4713500000000002,1.47147,150.0
2024-03-25 12:18:00,FX:EURCAD,1.47147,1.47154,1.47144,1.4715200000000002,172.0
2024-03-25 12:19:00,FX:EURCAD,1.4715200000000002,1.47153,1.4714500000000001,1.4714800000000001,129.0
2024-03-25 12:20:00,FX:EURCAD,1.4714800000000001,1.4715200000000002,1.47144,1.47149,139.0
2024-03-25 12:21:00,FX:EURCAD,1.47149,1.4715500000000001,1.47134,1.47136,137.0
2024-03-25 12:22:00,FX:EURCAD,1.47136,1.47157,1.4713500000000002,1.47156,131.0
2024-03-25 12:23:00,FX:EURCAD,1.47156,1.4716200000000002,1.47149,1.47159,154.0
2024-03-25 12:24:00,FX:EURCAD,1.47159,1.47164,1.47153,1.4716,172.0
2024-03-25 12:25:00,FX:EURCAD,1.4716,1.4716,1.47146,1.4715,151.0
2024-03-25 12:26:00,FX:EURCAD,1.4715,1.47151,1.47143,1.47144,97.0
2024-03-25 12:27:00,FX:EURCAD,1.47144,1.4715500000000001,1.47143,1.4715,131.0
2024-03-25 12:28:00,FX:EURCAD,1.4715,1.47154,1.47146,1.4714800000000001,107.0
2024-03-25 12:29:00,FX:EURCAD,1.4714800000000001,1.47161,1.4714800000000001,1.4716,73.0
2024-03-25 12:30:00,FX:EURCAD,1.4716,1.4716200000000002,1.4715,1.47153,150.0
2024-03-25 12:31:00,FX:EURCAD,1.47153,1.47168,1.4715200000000002,1.47168,106.0
2024-03-25 12:32:00,FX:EURCAD,1.47168,1.47174,1.47167,1.47167,90.0
2024-03-25 12:33:00,FX:EURCAD,1.47167,1.4717900000000002,1.47156,1.47167,149.0
2024-03-25 12:34:00,FX:EURCAD,1.47167,1.47186,1.47161,1.47183,122.0
2024-03-25 12:35:00,FX:EURCAD,1.47183,1.4719,1.47178,1.4718900000000001,130.0
2024-03-25 12:36:00,FX:EURCAD,1.4718900000000001,1.47193,1.47185,1.4719200000000001,110.0
2024-03-25 12:37:00,FX:EURCAD,1.4719200000000001,1.4719900000000001,1.4719200000000001,1.47197,98.0
2024-03-25 12:38:00,FX:EURCAD,1.47197,1.47204,1.47197,1.47202,85.0
2024-03-25 12:39:00,FX:EURCAD,1.47202,1.4722300000000001,1.47201,1.47215,165.0
2024-03-25 12:40:00,FX:EURCAD,1.47215,1.47221,1.47211,1.47218,136.0
2024-03-25 12:41:00,FX:EURCAD,1.47218,1.47222,1.4720900000000001,1.4720900000000001,91.0
2024-03-25 12:42:00,FX:EURCAD,1.4720900000000001,1.4721300000000002,1.47205,1.47211,82.0
2024-03-25 12:43:00,FX:EURCAD,1.47211,1.47217,1.4721,1.47217,64.0
2024-03-25 12:44:00,FX:EURCAD,1.47217,1.47225,1.47215,1.47225,99.0
2024-03-25 12:45:00,FX:EURCAD,1.47225,1.47228,1.47218,1.4722,91.0
2024-03-25 12:46:00,FX:EURCAD,1.4722,1.47228,1.4722,1.47228,104.0
2024-03-25 12:47:00,FX:EURCAD,1.47228,1.47228,1.4722,1.47227,79.0
2024-03-25 12:48:00,FX:EURCAD,1.47227,1.47228,1.47217,1.47218,118.0
2024-03-25 12:49:00,FX:EURCAD,1.47218,1.47225,1.47218,1.47224,118.0
2024-03-25 12:50:00,FX:EURCAD,1.47224,1.4723000000000002,1.4722300000000001,1.47225,79.0
2024-03-25 12:51:00,FX:EURCAD,1.47225,1.47225,1.47207,1.47219,134.0
2024-03-25 12:52:00,FX:EURCAD,1.47219,1.47227,1.4720900000000001,1.4722300000000001,140.0
2024-03-25 12:53:00,FX:EURCAD,1.4722300000000001,1.47234,1.4721600000000001,1.4723000000000002,126.0
2024-03-25 12:54:00,FX:EURCAD,1.4723000000000002,1.47231,1.47218,1.47218,87.0
2024-03-25 12:55:00,FX:EURCAD,1.47218,1.47228,1.47218,1.47224,126.0
2024-03-25 12:56:00,FX:EURCAD,1.47224,1.47227,1.47212,1.47212,114.0
2024-03-25 12:57:00,FX:EURCAD,1.47212,1.4721300000000002,1.47184,1.47185,149.0
2024-03-25 12:58:00,FX:EURCAD,1.47185,1.4719200000000001,1.4717,1.47176,210.0
2024-03-25 12:59:00,FX:EURCAD,1.47176,1.4717900000000002,1.47171,1.47173,224.0
2024-03-25 13:00:00,FX:EURCAD,1.47173,1.47174,1.4715200000000002,1.47166,234.0
2024-03-25 13:01:00,FX:EURCAD,1.47166,1.4719200000000001,1.47163,1.4719200000000001,255.0
2024-03-25 13:02:00,FX:EURCAD,1.4719200000000001,1.47195,1.47186,1.47194,135.0
2024-03-25 13:03:00,FX:EURCAD,1.47194,1.47198,1.47185,1.47186,146.0
2024-03-25 13:04:00,FX:EURCAD,1.47186,1.4719,1.4717900000000002,1.4718900000000001,165.0
2024-03-25 13:05:00,FX:EURCAD,1.4718900000000001,1.4719200000000001,1.47188,1.47191,74.0
2024-03-25 13:06:00,FX:EURCAD,1.47191,1.47197,1.4719,1.47193,77.0
2024-03-25 13:07:00,FX:EURCAD,1.47193,1.47211,1.47188,1.47211,108.0
2024-03-25 13:08:00,FX:EURCAD,1.47211,1.4721300000000002,1.4716900000000002,1.47181,160.0
2024-03-25 13:09:00,FX:EURCAD,1.47181,1.47227,1.4717900000000002,1.47225,166.0
2024-03-25 13:10:00,FX:EURCAD,1.47225,1.47225,1.4721600000000001,1.4722,159.0
2024-03-25 13:11:00,FX:EURCAD,1.4722,1.4722300000000001,1.4720900000000001,1.47215,164.0
2024-03-25 13:12:00,FX:EURCAD,1.47215,1.4722,1.47208,1.47208,117.0
2024-03-25 13:13:00,FX:EURCAD,1.47208,1.4721,1.47195,1.47198,116.0
2024-03-25 13:14:00,FX:EURCAD,1.47198,1.47205,1.4718900000000001,1.47204,82.0
2024-03-25 13:15:00,FX:EURCAD,1.47204,1.47205,1.4717900000000002,1.47184,129.0
2024-03-25 13:16:00,FX:EURCAD,1.47184,1.47187,1.47174,1.4718,171.0
2024-03-25 13:17:00,FX:EURCAD,1.4718,1.47191,1.4716900000000002,1.47184,131.0
2024-03-25 13:18:00,FX:EURCAD,1.47184,1.4721,1.47184,1.4718900000000001,127.0
2024-03-25 13:19:00,FX:EURCAD,1.4718900000000001,1.47198,1.47184,1.4719600000000002,72.0
2024-03-25 13:20:00,FX:EURCAD,1.4719600000000002,1.472,1.47187,1.4719900000000001,64.0
2024-03-25 13:21:00,FX:EURCAD,1.4719900000000001,1.47202,1.4719600000000002,1.4719900000000001,68.0
2024-03-25 13:22:00,FX:EURCAD,1.4719900000000001,1.47207,1.47197,1.4719900000000001,68.0
2024-03-25 13:23:00,FX:EURCAD,1.4719900000000001,1.472,1.47187,1.47191,101.0
2024-03-25 13:24:00,FX:EURCAD,1.47191,1.47193,1.47185,1.47193,126.0
2024-03-25 13:25:00,FX:EURCAD,1.47193,1.47197,1.4719200000000001,1.47197,114.0
2024-03-25 13:26:00,FX:EURCAD,1.47197,1.47202,1.4719,1.47197,116.0
2024-03-25 13:27:00,FX:EURCAD,1.47197,1.47202,1.47194,1.47195,106.0
2024-03-25 13:28:00,FX:EURCAD,1.47195,1.47207,1.47195,1.472,147.0
2024-03-25 13:29:00,FX:EURCAD,1.472,1.4721300000000002,1.47198,1.4721300000000002,193.0
2024-03-25 13:30:00,FX:EURCAD,1.4721300000000002,1.47217,1.47208,1.4721300000000002,124.0
2024-03-25 13:31:00,FX:EURCAD,1.4721300000000002,1.47217,1.47207,1.4721,96.0
2024-03-25 13:32:00,FX:EURCAD,1.4721,1.4721,1.4719600000000002,1.47201,93.0
2024-03-25 13:33:00,FX:EURCAD,1.47201,1.47201,1.47181,1.47183,112.0
2024-03-25 13:34:00,FX:EURCAD,1.47183,1.47202,1.4718200000000001,1.47202,77.0
2024-03-25 13:35:00,FX:EURCAD,1.47202,1.47204,1.47195,1.4719600000000002,78.0
2024-03-25 13:36:00,FX:EURCAD,1.4719600000000002,1.47205,1.47194,1.47202,62.0
2024-03-25 13:37:00,FX:EURCAD,1.47202,1.47204,1.47194,1.47198,57.0
2024-03-25 13:38:00,FX:EURCAD,1.47198,1.4719900000000001,1.47187,1.47193,74.0
2024-03-25 13:39:00,FX:EURCAD,1.47193,1.47198,1.47191,1.47193,81.0
2024-03-25 13:40:00,FX:EURCAD,1.47193,1.47193,1.47183,1.47186,103.0
2024-03-25 13:41:00,FX:EURCAD,1.47186,1.47188,1.47186,1.47186,39.0
2024-03-25 13:42:00,FX:EURCAD,1.47186,1.47188,1.4717900000000002,1.47187,75.0
2024-03-25 13:43:00,FX:EURCAD,1.47187,1.4719900000000001,1.47185,1.47195,94.0
2024-03-25 13:44:00,FX:EURCAD,1.47195,1.47198,1.4719,1.47193,44.0
2024-03-25 13:45:00,FX:EURCAD,1.47193,1.4719600000000002,1.47188,1.47188,89.0
2024-03-25 13:46:00,FX:EURCAD,1.47188,1.47195,1.47185,1.4718900000000001,124.0
2024-03-25 13:47:00,FX:EURCAD,1.4718900000000001,1.4719600000000002,1.47185,1.47185,59.0
2024-03-25 13:48:00,FX:EURCAD,1.47185,1.47188,1.47168,1.4716900000000002,62.0
2024-03-25 13:49:00,FX:EURCAD,1.4716900000000002,1.47173,1.47168,1.4716900000000002,64.0
2024-03-25 13:50:00,FX:EURCAD,1.4716900000000002,1.4717200000000001,1.47167,1.4717200000000001,73.0
2024-03-25 13:51:00,FX:EURCAD,1.4717200000000001,1.47173,1.4716900000000002,1.4716900000000002,73.0
2024-03-25 13:52:00,FX:EURCAD,1.4716900000000002,1.47171,1.4716500000000001,1.4716500000000001,77.0
2024-03-25 13:53:00,FX:EURCAD,1.4716500000000001,1.47168,1.4716,1.4716,95.0
2024-03-25 13:54:00,FX:EURCAD,1.4716,1.4716,1.47156,1.47156,58.0
2024-03-25 13:55:00,FX:EURCAD,1.47156,1.47158,1.4715500000000001,1.4715500000000001,53.0
2024-03-25 13:56:00,FX:EURCAD,1.4715500000000001,1.47171,1.4715500000000001,1.47164,113.0
2024-03-25 13:57:00,FX:EURCAD,1.47164,1.4717,1.47161,1.47164,142.0
2024-03-25 13:58:00,FX:EURCAD,1.47164,1.4716900000000002,1.47164,1.47168,88.0
2024-03-25 13:59:00,FX:EURCAD,1.47168,1.4717500000000001,1.47167,1.4717,149.0
2024-03-25 14:00:00,FX:EURCAD,1.4717,1.47184,1.47168,1.47183,138.0
2024-03-25 14:01:00,FX:EURCAD,1.47183,1.47183,1.4717500000000001,1.47177,111.0
2024-03-25 14:02:00,FX:EURCAD,1.47177,1.47181,1.4717500000000001,1.47178,73.0
2024-03-25 14:03:00,FX:EURCAD,1.47178,1.47186,1.47177,1.4718200000000001,124.0
2024-03-25 14:04:00,FX:EURCAD,1.4718200000000001,1.47203,1.4718200000000001,1.472,100.0
2024-03-25 14:05:00,FX:EURCAD,1.472,1.47201,1.47193,1.47194,102.0
2024-03-25 14:06:00,FX:EURCAD,1.47194,1.47194,1.4718900000000001,1.4719200000000001,93.0
2024-03-25 14:07:00,FX:EURCAD,1.4719200000000001,1.4719600000000002,1.47191,1.47194,122.0
2024-03-25 14:08:00,FX:EURCAD,1.47194,1.47194,1.47187,1.47187,78.0
2024-03-25 14:09:00,FX:EURCAD,1.47187,1.47188,1.4717900000000002,1.4718200000000001,94.0
2024-03-25 14:10:00,FX:EURCAD,1.4718200000000001,1.47191,1.47181,1.47183,81.0
2024-03-25 14:11:00,FX:EURCAD,1.47183,1.4718900000000001,1.4718200000000001,1.47187,86.0
2024-03-25 14:12:00,FX:EURCAD,1.47187,1.47194,1.47187,1.4719,93.0
2024-03-25 14:13:00,FX:EURCAD,1.4719,1.47194,1.47187,1.47191,69.0
2024-03-25 14:14:00,FX:EURCAD,1.47191,1.4719200000000001,1.4717900000000002,1.47183,66.0
2024-03-25 14:15:00,FX:EURCAD,1.47183,1.47185,1.4718200000000001,1.47184,82.0
2024-03-25 14:16:00,FX:EURCAD,1.47184,1.47186,1.47183,1.47184,39.0
2024-03-25 14:17:00,FX:EURCAD,1.47184,1.47193,1.47183,1.4719,74.0
2024-03-25 14:18:00,FX:EURCAD,1.4719,1.47198,1.47184,1.47185,85.0
2024-03-25 14:19:00,FX:EURCAD,1.47185,1.4719200000000001,1.47184,1.4718900000000001,90.0
2024-03-25 14:20:00,FX:EURCAD,1.4718900000000001,1.47195,1.47187,1.47193,71.0
2024-03-25 14:21:00,FX:EURCAD,1.47193,1.47195,1.47183,1.47183,50.0
2024-03-25 14:22:00,FX:EURCAD,1.47183,1.47191,1.4718200000000001,1.47187,66.0
2024-03-25 14:23:00,FX:EURCAD,1.47187,1.4719,1.47177,1.47177,52.0
2024-03-25 14:24:00,FX:EURCAD,1.47177,1.47186,1.47174,1.47185,56.0
2024-03-25 14:25:00,FX:EURCAD,1.47185,1.47186,1.47176,1.47177,78.0
2024-03-25 14:26:00,FX:EURCAD,1.47177,1.47186,1.4717500000000001,1.47185,68.0
2024-03-25 14:27:00,FX:EURCAD,1.47185,1.47188,1.4717900000000002,1.4717900000000002,103.0
2024-03-25 14:28:00,FX:EURCAD,1.4717900000000002,1.4717900000000002,1.47171,1.47171,53.0
2024-03-25 14:29:00,FX:EURCAD,1.47171,1.4718,1.47171,1.47173,94.0
2024-03-25 14:30:00,FX:EURCAD,1.47173,1.4718,1.47173,1.47177,78.0
2024-03-25 14:31:00,FX:EURCAD,1.47177,1.47186,1.47176,1.47183,49.0
2024-03-25 14:32:00,FX:EURCAD,1.47183,1.47185,1.4718200000000001,1.47183,45.0
2024-03-25 14:33:00,FX:EURCAD,1.47183,1.47184,1.47167,1.47167,71.0
2024-03-25 14:34:00,FX:EURCAD,1.47167,1.4717500000000001,1.47167,1.47174,83.0
2024-03-25 14:35:00,FX:EURCAD,1.47174,1.47176,1.47173,1.47173,82.0
2024-03-25 14:36:00,FX:EURCAD,1.47173,1.47173,1.4716,1.47168,76.0
2024-03-25 14:37:00,FX:EURCAD,1.47168,1.47168,1.47151,1.47151,107.0
2024-03-25 14:38:00,FX:EURCAD,1.47151,1.47158,1.47149,1.47157,86.0
2024-03-25 14:39:00,FX:EURCAD,1.47157,1.47174,1.4715200000000002,1.47173,106.0
2024-03-25 14:40:00,FX:EURCAD,1.47173,1.47173,1.47164,1.47168,94.0
2024-03-25 14:41:00,FX:EURCAD,1.47168,1.47181,1.47168,1.47178,54.0
2024-03-25 14:42:00,FX:EURCAD,1.47178,1.47184,1.47176,1.47184,68.0
2024-03-25 14:43:00,FX:EURCAD,1.47184,1.47184,1.47181,1.4718200000000001,59.0
2024-03-25 14:44:00,FX:EURCAD,1.4718200000000001,1.4719,1.47177,1.47186,70.0
2024-03-25 14:45:00,FX:EURCAD,1.47186,1.4719200000000001,1.47186,1.47186,53.0
2024-03-25 14:46:00,FX:EURCAD,1.47186,1.47187,1.47184,1.47187,54.0
2024-03-25 14:47:00,FX:EURCAD,1.47187,1.47193,1.47186,1.47187,73.0
2024-03-25 14:48:00,FX:EURCAD,1.47187,1.47188,1.47185,1.47187,34.0
2024-03-25 14:49:00,FX:EURCAD,1.47187,1.4719900000000001,1.47186,1.4719900000000001,47.0
2024-03-25 14:50:00,FX:EURCAD,1.4719900000000001,1.4719900000000001,1.47197,1.47198,82.0
2024-03-25 14:51:00,FX:EURCAD,1.47198,1.472,1.4719600000000002,1.47198,60.0
2024-03-25 14:52:00,FX:EURCAD,1.47198,1.47198,1.4719200000000001,1.47193,47.0
2024-03-25 14:53:00,FX:EURCAD,1.47193,1.472,1.47193,1.4719600000000002,97.0
2024-03-25 14:54:00,FX:EURCAD,1.4719600000000002,1.47197,1.47183,1.47183,123.0
2024-03-25 14:55:00,FX:EURCAD,1.47183,1.47184,1.4716500000000001,1.4717200000000001,97.0
2024-03-25 14:56:00,FX:EURCAD,1.4717200000000001,1.47177,1.4716500000000001,1.47177,108.0
2024-03-25 14:57:00,FX:EURCAD,1.47177,1.47177,1.47161,1.4716900000000002,137.0
2024-03-25 14:58:00,FX:EURCAD,1.4716900000000002,1.47181,1.4716900000000002,1.4717,155.0
2024-03-25 14:59:00,FX:EURCAD,1.4717,1.47184,1.4717,1.47176,219.0
2024-03-25 15:00:00,FX:EURCAD,1.47176,1.47195,1.47176,1.47195,151.0
2024-03-25 15:01:00,FX:EURCAD,1.47195,1.47205,1.47195,1.4719900000000001,106.0
2024-03-25 15:02:00,FX:EURCAD,1.4719900000000001,1.4721,1.4719900000000001,1.47207,161.0
2024-03-25 15:03:00,FX:EURCAD,1.47207,1.47211,1.4719900000000001,1.4721,105.0
2024-03-25 15:04:00,FX:EURCAD,1.4721,1.47215,1.4720900000000001,1.47215,86.0
2024-03-25 15:05:00,FX:EURCAD,1.47215,1.4722,1.47215,1.47218,86.0
2024-03-25 15:06:00,FX:EURCAD,1.47218,1.47222,1.47214,1.4721600000000001,54.0
2024-03-25 15:07:00,FX:EURCAD,1.4721600000000001,1.47228,1.47214,1.47221,115.0
2024-03-25 15:08:00,FX:EURCAD,1.47221,1.47229,1.4722,1.47228,136.0
2024-03-25 15:09:00,FX:EURCAD,1.47228,1.47229,1.47224,1.47225,108.0
2024-03-25 15:10:00,FX:EURCAD,1.47225,1.47228,1.4720900000000001,1.4721300000000002,127.0
2024-03-25 15:11:00,FX:EURCAD,1.4721300000000002,1.4722600000000001,1.4721300000000002,1.47219,127.0
2024-03-25 15:12:00,FX:EURCAD,1.47219,1.4722300000000001,1.4721300000000002,1.4722,154.0
2024-03-25 15:13:00,FX:EURCAD,1.4722,1.47225,1.4721600000000001,1.47219,141.0
2024-03-25 15:14:00,FX:EURCAD,1.47219,1.4722300000000001,1.47211,1.47215,134.0
2024-03-25 15:15:00,FX:EURCAD,1.47215,1.4722300000000001,1.47215,1.47222,105.0
2024-03-25 15:16:00,FX:EURCAD,1.47222,1.4722600000000001,1.47218,1.47219,116.0
2024-03-25 15:17:00,FX:EURCAD,1.47219,1.47222,1.4721300000000002,1.47218,147.0
2024-03-25 15:18:00,FX:EURCAD,1.47218,1.4722,1.47215,1.47218,72.0
2024-03-25 15:19:00,FX:EURCAD,1.47218,1.47218,1.4721,1.4721,98.0
2024-03-25 15:20:00,FX:EURCAD,1.4721,1.47218,1.4721,1.4721600000000001,56.0
2024-03-25 15:21:00,FX:EURCAD,1.4721600000000001,1.47227,1.47214,1.47227,84.0
2024-03-25 15:22:00,FX:EURCAD,1.47227,1.47227,1.47214,1.4721600000000001,95.0
2024-03-25 15:23:00,FX:EURCAD,1.4721600000000001,1.47227,1.47215,1.47224,111.0
2024-03-25 15:24:00,FX:EURCAD,1.47224,1.4723000000000002,1.47221,1.4723000000000002,91.0
2024-03-25 15:25:00,FX:EURCAD,1.4723000000000002,1.4723300000000001,1.47228,1.47232,80.0
2024-03-25 15:26:00,FX:EURCAD,1.47232,1.47238,1.4723000000000002,1.47235,75.0
2024-03-25 15:27:00,FX:EURCAD,1.47235,1.47238,1.47229,1.4723000000000002,79.0
2024-03-25 15:28:00,FX:EURCAD,1.4723000000000002,1.4724300000000001,1.4723000000000002,1.47232,104.0
2024-03-25 15:29:00,FX:EURCAD,1.47232,1.47234,1.47225,1.47234,107.0
2024-03-25 15:30:00,FX:EURCAD,1.47234,1.47239,1.4722300000000001,1.47237,113.0
2024-03-25 15:31:00,FX:EURCAD,1.47237,1.47238,1.47227,1.47227,115.0
2024-03-25 15:32:00,FX:EURCAD,1.47227,1.4723300000000001,1.47225,1.47231,129.0
2024-03-25 15:33:00,FX:EURCAD,1.47231,1.47238,1.47225,1.47227,108.0
2024-03-25 15:34:00,FX:EURCAD,1.47227,1.47238,1.47227,1.47232,91.0
2024-03-25 15:35:00,FX:EURCAD,1.47232,1.47239,1.4723000000000002,1.4723600000000001,112.0
2024-03-25 15:36:00,FX:EURCAD,1.4723600000000001,1.47242,1.47234,1.4723600000000001,133.0
2024-03-25 15:37:00,FX:EURCAD,1.4723600000000001,1.4724000000000002,1.4723600000000001,1.47238,98.0
2024-03-25 15:38:00,FX:EURCAD,1.47238,1.4724300000000001,1.47235,1.47237,63.0
2024-03-25 15:39:00,FX:EURCAD,1.47237,1.47244,1.4723600000000001,1.4723600000000001,72.0
2024-03-25 15:40:00,FX:EURCAD,1.4723600000000001,1.47238,1.47219,1.47219,119.0
2024-03-25 15:41:00,FX:EURCAD,1.47219,1.4723000000000002,1.47219,1.47224,101.0
2024-03-25 15:42:00,FX:EURCAD,1.47224,1.47224,1.47214,1.47219,123.0
2024-03-25 15:43:00,FX:EURCAD,1.47219,1.47228,1.47219,1.47227,69.0
2024-03-25 15:44:00,FX:EURCAD,1.47227,1.47227,1.47219,1.4722300000000001,80.0
2024-03-25 15:45:00,FX:EURCAD,1.4722300000000001,1.4722300000000001,1.4721300000000002,1.4721300000000002,66.0
2024-03-25 15:46:00,FX:EURCAD,1.4721300000000002,1.4722600000000001,1.4721300000000002,1.47221,70.0
2024-03-25 15:47:00,FX:EURCAD,1.47221,1.4722600000000001,1.47221,1.4722600000000001,49.0
2024-03-25 15:48:00,FX:EURCAD,1.4722600000000001,1.4723300000000001,1.47225,1.47231,68.0
2024-03-25 15:49:00,FX:EURCAD,1.47231,1.47231,1.4722,1.4723000000000002,97.0
2024-03-25 15:50:00,FX:EURCAD,1.4723000000000002,1.47242,1.4723000000000002,1.4724000000000002,82.0
2024-03-25 15:51:00,FX:EURCAD,1.4724000000000002,1.47246,1.4723600000000001,1.47246,76.0
2024-03-25 15:52:00,FX:EURCAD,1.47246,1.47259,1.47245,1.47259,111.0
2024-03-25 15:53:00,FX:EURCAD,1.47259,1.47266,1.47258,1.47265,74.0
2024-03-25 15:54:00,FX:EURCAD,1.47265,1.4726700000000001,1.47251,1.47251,108.0
2024-03-25 15:55:00,FX:EURCAD,1.47251,1.47263,1.4725000000000001,1.47258,137.0
2024-03-25 15:56:00,FX:EURCAD,1.47258,1.47261,1.47246,1.4725000000000001,84.0
2024-03-25 15:57:00,FX:EURCAD,1.4725000000000001,1.47255,1.47247,1.4725300000000001,138.0
2024-03-25 15:58:00,FX:EURCAD,1.4725300000000001,1.47258,1.47252,1.4725300000000001,126.0
2024-03-25 15:59:00,FX:EURCAD,1.4725300000000001,1.47254,1.4724300000000001,1.47245,196.0
2024-03-25 16:00:00,FX:EURCAD,1.47245,1.47245,1.47234,1.4724000000000002,101.0
2024-03-25 16:01:00,FX:EURCAD,1.4724000000000002,1.47252,1.4724000000000002,1.47247,117.0
2024-03-25 16:02:00,FX:EURCAD,1.47247,1.47252,1.47244,1.47246,90.0
2024-03-25 16:03:00,FX:EURCAD,1.47246,1.47249,1.47246,1.47247,37.0
2024-03-25 16:04:00,FX:EURCAD,1.47247,1.47248,1.47242,1.47242,37.0
2024-03-25 16:05:00,FX:EURCAD,1.47242,1.4724300000000001,1.4723600000000001,1.4724300000000001,37.0
2024-03-25 16:06:00,FX:EURCAD,1.4724300000000001,1.47244,1.4724000000000002,1.4724000000000002,42.0
2024-03-25 16:07:00,FX:EURCAD,1.4724000000000002,1.47244,1.4724000000000002,1.47244,31.0
2024-03-25 16:08:00,FX:EURCAD,1.47244,1.47244,1.4724000000000002,1.47241,26.0
2024-03-25 16:09:00,FX:EURCAD,1.47241,1.47247,1.4724000000000002,1.47246,18.0
2024-03-25 16:10:00,FX:EURCAD,1.47246,1.47246,1.47241,1.47245,28.0
2024-03-25 16:11:00,FX:EURCAD,1.47245,1.4725000000000001,1.47244,1.47248,45.0
2024-03-25 16:12:00,FX:EURCAD,1.47248,1.47254,1.47248,1.4725300000000001,52.0
2024-03-25 16:13:00,FX:EURCAD,1.4725300000000001,1.47255,1.47249,1.47254,43.0
2024-03-25 16:14:00,FX:EURCAD,1.47254,1.47262,1.47252,1.47255,47.0
2024-03-25 16:15:00,FX:EURCAD,1.47255,1.47259,1.47254,1.4725700000000002,48.0
2024-03-25 16:16:00,FX:EURCAD,1.4725700000000002,1.4725700000000002,1.47256,1.47256,36.0
2024-03-25 16:17:00,FX:EURCAD,1.47256,1.47256,1.47252,1.47254,41.0
2024-03-25 16:18:00,FX:EURCAD,1.47254,1.47255,1.4725300000000001,1.47255,22.0
2024-03-25 16:19:00,FX:EURCAD,1.47255,1.47262,1.47254,1.4726000000000001,71.0
2024-03-25 16:20:00,FX:EURCAD,1.4726000000000001,1.47261,1.47249,1.47249,49.0
2024-03-25 16:21:00,FX:EURCAD,1.47249,1.4727000000000001,1.47249,1.47269,70.0
2024-03-25 16:22:00,FX:EURCAD,1.47269,1.47271,1.47264,1.4727000000000001,87.0
2024-03-25 16:23:00,FX:EURCAD,1.4727000000000001,1.47273,1.47263,1.47273,35.0
2024-03-25 16:24:00,FX:EURCAD,1.47273,1.47273,1.47259,1.47266,44.0
2024-03-25 16:25:00,FX:EURCAD,1.47266,1.4726700000000001,1.47251,1.47255,120.0
2024-03-25 16:26:00,FX:EURCAD,1.47255,1.47262,1.47252,1.47259,84.0
2024-03-25 16:27:00,FX:EURCAD,1.47259,1.47259,1.47242,1.4724300000000001,66.0
2024-03-25 16:28:00,FX:EURCAD,1.4724300000000001,1.47244,1.4723600000000001,1.4723600000000001,90.0
2024-03-25 16:29:00,FX:EURCAD,1.4723600000000001,1.47247,1.47235,1.47247,44.0
2024-03-25 16:30:00,FX:EURCAD,1.47247,1.47248,1.47242,1.47245,80.0
2024-03-25 16:31:00,FX:EURCAD,1.47245,1.47247,1.47241,1.47242,45.0
2024-03-25 16:32:00,FX:EURCAD,1.47242,1.47258,1.47241,1.47258,79.0
2024-03-25 16:33:00,FX:EURCAD,1.47258,1.47273,1.4725700000000002,1.47268,92.0
2024-03-25 16:34:00,FX:EURCAD,1.47268,1.47275,1.47268,1.4727400000000002,40.0
2024-03-25 16:35:00,FX:EURCAD,1.4727400000000002,1.4727700000000001,1.47269,1.4727700000000001,100.0
2024-03-25 16:36:00,FX:EURCAD,1.4727700000000001,1.4728400000000001,1.47273,1.47279,54.0
2024-03-25 16:37:00,FX:EURCAD,1.47279,1.47282,1.47254,1.47254,67.0
2024-03-25 16:38:00,FX:EURCAD,1.47254,1.47262,1.47251,1.47256,77.0
2024-03-25 16:39:00,FX:EURCAD,1.47256,1.47259,1.47256,1.4725700000000002,29.0
2024-03-25 16:40:00,FX:EURCAD,1.4725700000000002,1.4725700000000002,1.4724300000000001,1.47248,80.0
2024-03-25 16:41:00,FX:EURCAD,1.47248,1.47251,1.47246,1.47251,43.0
2024-03-25 16:42:00,FX:EURCAD,1.47251,1.47251,1.47247,1.4725000000000001,67.0
2024-03-25 16:43:00,FX:EURCAD,1.4725000000000001,1.4725300000000001,1.47246,1.47251,76.0
2024-03-25 16:44:00,FX:EURCAD,1.47251,1.47252,1.4723600000000001,1.47237,66.0
2024-03-25 16:45:00,FX:EURCAD,1.47237,1.47238,1.4723000000000002,1.47232,94.0
2024-03-25 16:46:00,FX:EURCAD,1.47232,1.47239,1.47222,1.4723000000000002,259.0
2024-03-25 16:47:00,FX:EURCAD,1.4723000000000002,1.4723000000000002,1.4721,1.47214,126.0
2024-03-25 16:48:00,FX:EURCAD,1.47214,1.47225,1.47211,1.4722,70.0
2024-03-25 16:49:00,FX:EURCAD,1.4722,1.4722600000000001,1.47217,1.4722300000000001,96.0
2024-03-25 16:50:00,FX:EURCAD,1.4722300000000001,1.4722300000000001,1.47219,1.47221,37.0
2024-03-25 16:51:00,FX:EURCAD,1.47221,1.4722300000000001,1.47221,1.47221,44.0
2024-03-25 16:52:00,FX:EURCAD,1.47221,1.4722300000000001,1.4722,1.47222,41.0
2024-03-25 16:53:00,FX:EURCAD,1.47222,1.47224,1.47221,1.47221,50.0
2024-03-25 16:54:00,FX:EURCAD,1.47221,1.4722300000000001,1.47221,1.47222,91.0
2024-03-25 16:55:00,FX:EURCAD,1.47222,1.47224,1.47219,1.47224,89.0
2024-03-25 16:56:00,FX:EURCAD,1.47224,1.47224,1.47215,1.47218,52.0
2024-03-25 16:57:00,FX:EURCAD,1.47218,1.47218,1.472,1.47212,12.0
2024-03-25 16:58:00,FX:EURCAD,1.47212,1.47218,1.47203,1.4721600000000001,24.0
2024-03-25 16:59:00,FX:EURCAD,1.4721600000000001,1.4721600000000001,1.4718,1.4718200000000001,46.0
2024-03-25 17:02:00,FX:EURCAD,1.4718200000000001,1.47185,1.47176,1.47184,7.0
2024-03-25 17:03:00,FX:EURCAD,1.47184,1.472,1.47184,1.472,8.0
2024-03-25 17:04:00,FX:EURCAD,1.472,1.47201,1.47194,1.47195,6.0
2024-03-25 17:05:00,FX:EURCAD,1.47195,1.4720600000000001,1.47195,1.4720600000000001,20.0
2024-03-25 17:06:00,FX:EURCAD,1.4720600000000001,1.4720600000000001,1.47194,1.47194,9.0
2024-03-25 17:07:00,FX:EURCAD,1.47194,1.47194,1.4718900000000001,1.4718900000000001,16.0
2024-03-25 17:08:00,FX:EURCAD,1.4718900000000001,1.4718900000000001,1.47188,1.47188,6.0
2024-03-25 17:09:00,FX:EURCAD,1.47188,1.47188,1.47188,1.47188,3.0
2024-03-25 17:10:00,FX:EURCAD,1.47188,1.47194,1.47188,1.47194,9.0
2024-03-25 17:11:00,FX:EURCAD,1.47194,1.47194,1.47193,1.47193,1.0
2024-03-25 17:12:00,FX:EURCAD,1.47193,1.47193,1.47193,1.47193,1.0
2024-03-25 17:13:00,FX:EURCAD,1.47193,1.47193,1.47193,1.47193,1.0
2024-03-25 17:15:00,FX:EURCAD,1.47193,1.47194,1.47193,1.47194,9.0
2024-03-25 17:16:00,FX:EURCAD,1.47194,1.47195,1.47153,1.47178,146.0
2024-03-25 17:17:00,FX:EURCAD,1.47178,1.47187,1.47164,1.47183,69.0
2024-03-25 17:18:00,FX:EURCAD,1.47183,1.47184,1.4717200000000001,1.4717200000000001,47.0
2024-03-25 17:19:00,FX:EURCAD,1.4717200000000001,1.4717200000000001,1.47164,1.47164,1.0
2024-03-25 17:21:00,FX:EURCAD,1.47164,1.47183,1.47164,1.47183,6.0
2024-03-25 17:22:00,FX:EURCAD,1.47183,1.47191,1.47164,1.47164,109.0
2024-03-25 17:23:00,FX:EURCAD,1.47164,1.4716500000000001,1.47164,1.4716500000000001,4.0
2024-03-25 17:24:00,FX:EURCAD,1.4716500000000001,1.4717,1.4716500000000001,1.47167,10.0
2024-03-25 17:25:00,FX:EURCAD,1.47167,1.4719,1.4716500000000001,1.4718900000000001,19.0
2024-03-25 17:26:00,FX:EURCAD,1.4718900000000001,1.47193,1.4716500000000001,1.47191,41.0
2024-03-25 17:27:00,FX:EURCAD,1.47191,1.47194,1.4718900000000001,1.47191,253.0
2024-03-25 17:28:00,FX:EURCAD,1.47191,1.47194,1.4718900000000001,1.47193,91.0
2024-03-25 17:29:00,FX:EURCAD,1.47193,1.4719600000000002,1.4716900000000002,1.4719600000000002,98.0
2024-03-25 17:30:00,FX:EURCAD,1.4719600000000002,1.47198,1.47186,1.47188,323.0
2024-03-25 17:31:00,FX:EURCAD,1.47188,1.47195,1.47173,1.47185,664.0
2024-03-25 17:32:00,FX:EURCAD,1.47185,1.47195,1.47166,1.47188,710.0
2024-03-25 17:33:00,FX:EURCAD,1.47188,1.47197,1.47176,1.4719200000000001,531.0
2024-03-25 17:34:00,FX:EURCAD,1.4719200000000001,1.47194,1.47161,1.47187,637.0
2024-03-25 17:35:00,FX:EURCAD,1.47187,1.4719,1.4718,1.47185,483.0
2024-03-25 17:36:00,FX:EURCAD,1.47185,1.4719600000000002,1.4717200000000001,1.47194,433.0
2024-03-25 17:37:00,FX:EURCAD,1.47194,1.47197,1.4719,1.4719200000000001,600.0
2024-03-25 17:38:00,FX:EURCAD,1.4719200000000001,1.47197,1.47186,1.47193,541.0
2024-03-25 17:39:00,FX:EURCAD,1.47193,1.4719600000000002,1.47187,1.4719,485.0
2024-03-25 17:40:00,FX:EURCAD,1.4719,1.47197,1.47185,1.4719,482.0
2024-03-25 17:41:00,FX:EURCAD,1.4719,1.47194,1.4718,1.47191,518.0
2024-03-25 17:42:00,FX:EURCAD,1.47191,1.47198,1.47185,1.47197,267.0
2024-03-25 17:43:00,FX:EURCAD,1.47197,1.47198,1.47171,1.47184,458.0
2024-03-25 17:44:00,FX:EURCAD,1.47184,1.47198,1.47174,1.4719600000000002,153.0
2024-03-25 17:45:00,FX:EURCAD,1.4719600000000002,1.47197,1.47193,1.47194,85.0
2024-03-25 17:46:00,FX:EURCAD,1.47194,1.4719600000000002,1.4718900000000001,1.4719200000000001,113.0
2024-03-25 17:47:00,FX:EURCAD,1.4719200000000001,1.47198,1.4718900000000001,1.4719600000000002,103.0
2024-03-25 17:48:00,FX:EURCAD,1.4719600000000002,1.472,1.47193,1.4719600000000002,51.0
2024-03-25 17:49:00,FX:EURCAD,1.4719600000000002,1.47203,1.47195,1.47202,57.0
2024-03-25 17:50:00,FX:EURCAD,1.47202,1.47203,1.4717900000000002,1.47195,129.0
2024-03-25 17:51:00,FX:EURCAD,1.47195,1.4720600000000001,1.4719200000000001,1.47201,90.0
2024-03-25 17:52:00,FX:EURCAD,1.47201,1.47207,1.472,1.4720600000000001,198.0
2024-03-25 17:53:00,FX:EURCAD,1.4720600000000001,1.4720900000000001,1.47203,1.4720600000000001,198.0
2024-03-25 17:54:00,FX:EURCAD,1.4720600000000001,1.4721,1.4719900000000001,1.472,142.0
2024-03-25 17:55:00,FX:EURCAD,1.472,1.47205,1.4719900000000001,1.47204,154.0
2024-03-25 17:56:00,FX:EURCAD,1.47204,1.4720900000000001,1.47204,1.47205,126.0
2024-03-25 17:57:00,FX:EURCAD,1.47205,1.47207,1.47201,1.47201,34.0
2024-03-25 17:58:00,FX:EURCAD,1.47201,1.47204,1.47197,1.47203,60.0
2024-03-25 17:59:00,FX:EURCAD,1.47203,1.47204,1.47201,1.47204,29.0
2024-03-25 18:00:00,FX:EURCAD,1.47204,1.47221,1.47202,1.47221,84.0
2024-03-25 18:01:00,FX:EURCAD,1.47221,1.4722600000000001,1.4722,1.47225,19.0
2024-03-25 18:02:00,FX:EURCAD,1.47225,1.47228,1.4721600000000001,1.47219,34.0
2024-03-25 18:03:00,FX:EURCAD,1.47219,1.4722,1.4720600000000001,1.47208,27.0
2024-03-25 18:04:00,FX:EURCAD,1.47208,1.4720900000000001,1.4719600000000002,1.47203,45.0
2024-03-25 18:05:00,FX:EURCAD,1.47203,1.4720600000000001,1.47201,1.4720600000000001,16.0
2024-03-25 18:06:00,FX:EURCAD,1.4720600000000001,1.4721,1.47205,1.47205,8.0
2024-03-25 18:07:00,FX:EURCAD,1.47205,1.47205,1.47204,1.47204,1.0
2024-03-25 18:08:00,FX:EURCAD,1.47204,1.4720900000000001,1.47204,1.47204,10.0
2024-03-25 18:10:00,FX:EURCAD,1.47204,1.47204,1.472,1.472,7.0
2024-03-25 18:11:00,FX:EURCAD,1.472,1.47201,1.47197,1.47198,11.0
2024-03-25 18:12:00,FX:EURCAD,1.47198,1.47198,1.47193,1.47198,11.0
2024-03-25 18:13:00,FX:EURCAD,1.47198,1.47201,1.47194,1.47197,29.0
2024-03-25 18:14:00,FX:EURCAD,1.47197,1.47201,1.47194,1.47198,19.0
2024-03-25 18:15:00,FX:EURCAD,1.47198,1.47201,1.47195,1.47195,20.0
2024-03-25 18:16:00,FX:EURCAD,1.47195,1.4719600000000002,1.47193,1.4719600000000002,9.0
2024-03-25 18:17:00,FX:EURCAD,1.4719600000000002,1.47198,1.47193,1.47195,18.0
2024-03-25 18:18:00,FX:EURCAD,1.47195,1.47202,1.47193,1.47194,24.0
2024-03-25 18:19:00,FX:EURCAD,1.47194,1.47194,1.4719200000000001,1.4719200000000001,10.0
2024-03-25 18:20:00,FX:EURCAD,1.4719200000000001,1.4719900000000001,1.47186,1.47188,26.0
2024-03-25 18:21:00,FX:EURCAD,1.47188,1.4718900000000001,1.47187,1.4718900000000001,7.0
2024-03-25 18:22:00,FX:EURCAD,1.4718900000000001,1.4718900000000001,1.47186,1.47186,7.0
2024-03-25 18:23:00,FX:EURCAD,1.47186,1.4719200000000001,1.47186,1.47187,10.0
2024-03-25 18:24:00,FX:EURCAD,1.47187,1.47188,1.47186,1.47187,6.0
2024-03-25 18:25:00,FX:EURCAD,1.47187,1.4718900000000001,1.47186,1.47188,10.0
2024-03-25 18:26:00,FX:EURCAD,1.47188,1.4718900000000001,1.47186,1.47188,8.0
2024-03-25 18:27:00,FX:EURCAD,1.47188,1.4719,1.47186,1.47186,13.0
2024-03-25 18:28:00,FX:EURCAD,1.47186,1.47187,1.47185,1.47185,6.0
2024-03-25 18:29:00,FX:EURCAD,1.47185,1.47185,1.47184,1.47184,11.0
2024-03-25 18:30:00,FX:EURCAD,1.47184,1.47186,1.47184,1.47184,24.0
2024-03-25 18:31:00,FX:EURCAD,1.47184,1.47195,1.47184,1.47195,7.0
2024-03-25 18:32:00,FX:EURCAD,1.47195,1.47197,1.47194,1.47197,4.0
2024-03-25 18:33:00,FX:EURCAD,1.47197,1.4720600000000001,1.47197,1.4720600000000001,13.0
2024-03-25 18:34:00,FX:EURCAD,1.4720600000000001,1.47207,1.4720600000000001,1.4720600000000001,9.0
2024-03-25 18:35:00,FX:EURCAD,1.4720600000000001,1.4720600000000001,1.47204,1.47204,6.0
2024-03-25 18:36:00,FX:EURCAD,1.47204,1.47207,1.47203,1.47203,10.0
2024-03-25 18:37:00,FX:EURCAD,1.47203,1.47205,1.47203,1.47205,6.0
2024-03-25 18:38:00,FX:EURCAD,1.47205,1.47214,1.47204,1.47214,16.0
2024-03-25 18:39:00,FX:EURCAD,1.47214,1.47218,1.47208,1.47217,21.0
2024-03-25 18:40:00,FX:EURCAD,1.47217,1.47217,1.4720900000000001,1.4721,18.0
2024-03-25 18:41:00,FX:EURCAD,1.4721,1.47214,1.4721,1.4721300000000002,9.0
2024-03-25 18:42:00,FX:EURCAD,1.4721300000000002,1.47214,1.4721300000000002,1.4721300000000002,9.0
2024-03-25 18:43:00,FX:EURCAD,1.4721300000000002,1.47215,1.47205,1.4720600000000001,19.0
2024-03-25 18:44:00,FX:EURCAD,1.4720600000000001,1.47212,1.47203,1.47212,14.0
2024-03-25 18:45:00,FX:EURCAD,1.47212,1.47214,1.47211,1.47214,14.0
2024-03-25 18:46:00,FX:EURCAD,1.47214,1.47214,1.47214,1.47214,1.0
2024-03-25 18:47:00,FX:EURCAD,1.47214,1.47214,1.4721300000000002,1.47214,6.0
2024-03-25 18:48:00,FX:EURCAD,1.47214,1.47217,1.4721300000000002,1.4721300000000002,8.0
2024-03-25 18:49:00,FX:EURCAD,1.4721300000000002,1.4721600000000001,1.47212,1.4721300000000002,13.0
2024-03-25 18:50:00,FX:EURCAD,1.4721300000000002,1.47219,1.4721300000000002,1.4721300000000002,24.0
2024-03-25 18:51:00,FX:EURCAD,1.4721300000000002,1.47219,1.4721300000000002,1.47219,18.0
2024-03-25 18:52:00,FX:EURCAD,1.47219,1.4722,1.47215,1.47218,9.0
2024-03-25 18:53:00,FX:EURCAD,1.47218,1.47219,1.47218,1.47219,6.0
2024-03-25 18:54:00,FX:EURCAD,1.47219,1.47219,1.47214,1.47214,15.0
2024-03-25 18:55:00,FX:EURCAD,1.47214,1.47218,1.47212,1.47218,20.0
2024-03-25 18:56:00,FX:EURCAD,1.47218,1.47219,1.4721600000000001,1.47217,10.0
2024-03-25 18:57:00,FX:EURCAD,1.47217,1.47217,1.4721300000000002,1.47215,20.0
2024-03-25 18:58:00,FX:EURCAD,1.47215,1.47221,1.47212,1.47219,18.0
2024-03-25 18:59:00,FX:EURCAD,1.47219,1.47219,1.47214,1.47215,15.0
2024-03-25 19:00:00,FX:EURCAD,1.47215,1.47218,1.47211,1.47211,19.0
2024-03-25 19:01:00,FX:EURCAD,1.47211,1.47215,1.47211,1.47212,26.0
2024-03-25 19:02:00,FX:EURCAD,1.47212,1.4722,1.47212,1.4722,40.0
2024-03-25 19:03:00,FX:EURCAD,1.4722,1.47221,1.47219,1.4722,44.0
2024-03-25 19:04:00,FX:EURCAD,1.4722,1.4722,1.47218,1.4722,5.0
2024-03-25 19:05:00,FX:EURCAD,1.4722,1.47225,1.47219,1.4722300000000001,21.0
2024-03-25 19:06:00,FX:EURCAD,1.4722300000000001,1.47224,1.47218,1.47221,26.0
2024-03-25 19:07:00,FX:EURCAD,1.47221,1.47221,1.47219,1.4722,25.0
2024-03-25 19:08:00,FX:EURCAD,1.4722,1.4722,1.4722,1.4722,7.0
2024-03-25 19:09:00,FX:EURCAD,1.4722,1.4722,1.47215,1.47219,27.0
2024-03-25 19:10:00,FX:EURCAD,1.47219,1.47219,1.4721600000000001,1.47218,23.0
2024-03-25 19:11:00,FX:EURCAD,1.47218,1.47227,1.47208,1.47211,62.0
2024-03-25 19:12:00,FX:EURCAD,1.47211,1.47214,1.4721,1.47212,38.0
2024-03-25 19:13:00,FX:EURCAD,1.47212,1.47215,1.47205,1.47212,39.0
2024-03-25 19:14:00,FX:EURCAD,1.47212,1.4721600000000001,1.47212,1.4721600000000001,39.0
2024-03-25 19:15:00,FX:EURCAD,1.4721600000000001,1.47222,1.4721600000000001,1.4722,33.0
2024-03-25 19:16:00,FX:EURCAD,1.4722,1.47221,1.47215,1.4721600000000001,33.0
2024-03-25 19:17:00,FX:EURCAD,1.4721600000000001,1.4721600000000001,1.47212,1.47212,45.0
2024-03-25 19:18:00,FX:EURCAD,1.47212,1.47217,1.47212,1.47217,22.0
2024-03-25 19:19:00,FX:EURCAD,1.47217,1.47217,1.4721,1.4721,25.0
2024-03-25 19:20:00,FX:EURCAD,1.4721,1.4721,1.47208,1.4721,24.0
2024-03-25 19:21:00,FX:EURCAD,1.4721,1.47215,1.47202,1.4720900000000001,61.0
2024-03-25 19:22:00,FX:EURCAD,1.4720900000000001,1.47218,1.47205,1.47217,60.0
2024-03-25 19:23:00,FX:EURCAD,1.47217,1.47225,1.47217,1.4722300000000001,23.0
2024-03-25 19:24:00,FX:EURCAD,1.4722300000000001,1.47229,1.4722300000000001,1.47225,30.0
2024-03-25 19:25:00,FX:EURCAD,1.47225,1.47225,1.47224,1.47224,11.0
2024-03-25 19:26:00,FX:EURCAD,1.47224,1.4722600000000001,1.47222,1.47222,13.0
2024-03-25 19:27:00,FX:EURCAD,1.47222,1.4722300000000001,1.47218,1.4722300000000001,25.0
2024-03-25 19:28:00,FX:EURCAD,1.4722300000000001,1.4722300000000001,1.47222,1.47222,24.0
2024-03-25 19:29:00,FX:EURCAD,1.47222,1.4722300000000001,1.47217,1.4722300000000001,22.0
2024-03-25 19:30:00,FX:EURCAD,1.4722300000000001,1.4722600000000001,1.47222,1.4722300000000001,26.0
2024-03-25 19:31:00,FX:EURCAD,1.4722300000000001,1.47225,1.47221,1.47225,20.0
2024-03-25 19:32:00,FX:EURCAD,1.47225,1.4722600000000001,1.47222,1.47225,22.0
2024-03-25 19:33:00,FX:EURCAD,1.47225,1.47228,1.47224,1.47228,34.0
2024-03-25 19:34:00,FX:EURCAD,1.47228,1.47231,1.47228,1.47231,20.0
2024-03-25 19:35:00,FX:EURCAD,1.47231,1.47232,1.47231,1.47231,5.0
2024-03-25 19:36:00,FX:EURCAD,1.47231,1.47232,1.4723000000000002,1.47232,23.0
2024-03-25 19:37:00,FX:EURCAD,1.47232,1.47232,1.47225,1.47231,35.0
2024-03-25 19:38:00,FX:EURCAD,1.47231,1.4723600000000001,1.4723000000000002,1.4723600000000001,33.0
2024-03-25 19:39:00,FX:EURCAD,1.4723600000000001,1.47237,1.4723300000000001,1.4723300000000001,27.0
2024-03-25 19:40:00,FX:EURCAD,1.4723300000000001,1.4723300000000001,1.4723000000000002,1.4723000000000002,25.0
2024-03-25 19:41:00,FX:EURCAD,1.4723000000000002,1.47231,1.4723000000000002,1.4723000000000002,9.0
2024-03-25 19:42:00,FX:EURCAD,1.4723000000000002,1.47234,1.4722300000000001,1.4722300000000001,38.0
2024-03-25 19:43:00,FX:EURCAD,1.4722300000000001,1.4722600000000001,1.4722300000000001,1.4722600000000001,15.0
2024-03-25 19:44:00,FX:EURCAD,1.4722600000000001,1.4722600000000001,1.47224,1.47224,29.0
2024-03-25 19:45:00,FX:EURCAD,1.47224,1.47225,1.47224,1.47225,15.0
2024-03-25 19:46:00,FX:EURCAD,1.47225,1.47228,1.47225,1.4722600000000001,39.0
2024-03-25 19:47:00,FX:EURCAD,1.4722600000000001,1.4722600000000001,1.4722300000000001,1.47225,31.0
2024-03-25 19:48:00,FX:EURCAD,1.47225,1.47231,1.47225,1.47231,25.0
2024-03-25 19:49:00,FX:EURCAD,1.47231,1.4723600000000001,1.47231,1.4723600000000001,36.0
2024-03-25 19:50:00,FX:EURCAD,1.4723600000000001,1.47239,1.47224,1.47224,40.0
2024-03-25 19:51:00,FX:EURCAD,1.47224,1.47231,1.47224,1.47231,21.0
2024-03-25 19:52:00,FX:EURCAD,1.47231,1.47231,1.47225,1.4723000000000002,37.0
2024-03-25 19:53:00,FX:EURCAD,1.4723000000000002,1.47231,1.47229,1.47231,22.0
2024-03-25 19:54:00,FX:EURCAD,1.47231,1.47231,1.47221,1.47225,31.0
2024-03-25 19:55:00,FX:EURCAD,1.47225,1.47228,1.47224,1.47225,27.0
2024-03-25 19:56:00,FX:EURCAD,1.47225,1.47225,1.47225,1.47225,19.0
2024-03-25 19:57:00,FX:EURCAD,1.47225,1.47227,1.47224,1.47227,23.0
2024-03-25 19:58:00,FX:EURCAD,1.47227,1.47227,1.47217,1.47217,37.0
2024-03-25 19:59:00,FX:EURCAD,1.47217,1.4722300000000001,1.4721,1.4722300000000001,34.0
2024-03-25 20:00:00,FX:EURCAD,1.4722300000000001,1.4722600000000001,1.47217,1.47225,46.0
2024-03-25 20:01:00,FX:EURCAD,1.47225,1.47225,1.4721,1.4721300000000002,48.0
2024-03-25 20:02:00,FX:EURCAD,1.4721300000000002,1.4722,1.47211,1.47215,56.0
2024-03-25 20:03:00,FX:EURCAD,1.47215,1.4721600000000001,1.47208,1.47208,29.0
2024-03-25 20:04:00,FX:EURCAD,1.47208,1.47218,1.47205,1.4721600000000001,52.0
2024-03-25 20:05:00,FX:EURCAD,1.4721600000000001,1.47224,1.4721600000000001,1.47222,45.0
2024-03-25 20:06:00,FX:EURCAD,1.47222,1.4722300000000001,1.47218,1.47219,77.0
2024-03-25 20:07:00,FX:EURCAD,1.47219,1.47219,1.47203,1.47205,57.0
2024-03-25 20:08:00,FX:EURCAD,1.47205,1.4720900000000001,1.47202,1.47208,43.0
2024-03-25 20:09:00,FX:EURCAD,1.47208,1.47215,1.47208,1.4721300000000002,55.0
2024-03-25 20:10:00,FX:EURCAD,1.4721300000000002,1.47218,1.4721300000000002,1.47214,42.0
2024-03-25 20:11:00,FX:EURCAD,1.47214,1.47222,1.47214,1.4721600000000001,45.0
2024-03-25 20:12:00,FX:EURCAD,1.4721600000000001,1.47219,1.47212,1.47212,23.0
2024-03-25 20:13:00,FX:EURCAD,1.47212,1.47214,1.47211,1.4721300000000002,18.0
2024-03-25 20:14:00,FX:EURCAD,1.4721300000000002,1.47222,1.4721300000000002,1.47222,37.0
2024-03-25 20:15:00,FX:EURCAD,1.47222,1.4722600000000001,1.47221,1.4722600000000001,57.0
2024-03-25 20:16:00,FX:EURCAD,1.4722600000000001,1.4723600000000001,1.4722600000000001,1.4723300000000001,46.0
2024-03-25 20:17:00,FX:EURCAD,1.4723300000000001,1.4723600000000001,1.47231,1.47231,29.0
2024-03-25 20:18:00,FX:EURCAD,1.47231,1.47231,1.47228,1.4723000000000002,58.0
2024-03-25 20:19:00,FX:EURCAD,1.4723000000000002,1.47234,1.4722600000000001,1.47228,91.0
2024-03-25 20:20:00,FX:EURCAD,1.47228,1.47229,1.47215,1.47215,48.0
2024-03-25 20:21:00,FX:EURCAD,1.47215,1.47221,1.47212,1.47215,37.0
2024-03-25 20:22:00,FX:EURCAD,1.47215,1.4721600000000001,1.4721300000000002,1.47214,12.0
2024-03-25 20:23:00,FX:EURCAD,1.47214,1.4722300000000001,1.4721,1.47211,33.0
2024-03-25 20:24:00,FX:EURCAD,1.47211,1.47215,1.47208,1.47215,35.0
2024-03-25 20:25:00,FX:EURCAD,1.47215,1.47215,1.47211,1.47211,20.0
2024-03-25 20:26:00,FX:EURCAD,1.47211,1.47217,1.47211,1.47214,10.0
2024-03-25 20:27:00,FX:EURCAD,1.47214,1.4721600000000001,1.47204,1.47207,80.0
2024-03-25 20:28:00,FX:EURCAD,1.47207,1.47214,1.47205,1.4721300000000002,57.0
2024-03-25 20:29:00,FX:EURCAD,1.4721300000000002,1.47217,1.47212,1.47214,39.0
2024-03-25 20:30:00,FX:EURCAD,1.47214,1.47221,1.4721300000000002,1.47217,38.0
2024-03-25 20:31:00,FX:EURCAD,1.47217,1.4722,1.4721600000000001,1.47217,30.0
2024-03-25 20:32:00,FX:EURCAD,1.47217,1.4722,1.4720900000000001,1.4722,52.0
2024-03-25 20:33:00,FX:EURCAD,1.4722,1.47225,1.47214,1.47217,67.0
2024-03-25 20:34:00,FX:EURCAD,1.47217,1.4722300000000001,1.47217,1.47222,12.0
2024-03-25 20:35:00,FX:EURCAD,1.47222,1.47229,1.47215,1.47218,48.0
2024-03-25 20:36:00,FX:EURCAD,1.47218,1.47225,1.47218,1.47225,34.0
2024-03-25 20:37:00,FX:EURCAD,1.47225,1.47228,1.47222,1.47227,59.0
2024-03-25 20:38:00,FX:EURCAD,1.47227,1.47232,1.47224,1.47232,42.0
2024-03-25 20:39:00,FX:EURCAD,1.47232,1.47232,1.47221,1.47222,73.0
2024-03-25 20:40:00,FX:EURCAD,1.47222,1.47231,1.47222,1.47229,88.0
2024-03-25 20:41:00,FX:EURCAD,1.47229,1.47232,1.47218,1.47219,105.0
2024-03-25 20:42:00,FX:EURCAD,1.47219,1.47222,1.47219,1.47221,49.0
2024-03-25 20:43:00,FX:EURCAD,1.47221,1.47221,1.47204,1.47212,147.0
2024-03-25 20:44:00,FX:EURCAD,1.47212,1.47212,1.47202,1.47208,68.0
2024-03-25 20:45:00,FX:EURCAD,1.47208,1.47214,1.4720600000000001,1.4721300000000002,62.0
2024-03-25 20:46:00,FX:EURCAD,1.4721300000000002,1.4721300000000002,1.47207,1.47207,82.0
2024-03-25 20:47:00,FX:EURCAD,1.47207,1.4720900000000001,1.4720600000000001,1.4720600000000001,43.0
2024-03-25 20:48:00,FX:EURCAD,1.4720600000000001,1.47208,1.47198,1.47198,73.0
2024-03-25 20:49:00,FX:EURCAD,1.47198,1.47207,1.47197,1.47203,102.0
2024-03-25 20:50:00,FX:EURCAD,1.47203,1.47203,1.47198,1.47198,100.0
2024-03-25 20:51:00,FX:EURCAD,1.47198,1.47203,1.47198,1.47203,65.0
2024-03-25 20:52:00,FX:EURCAD,1.47203,1.47211,1.47203,1.47211,45.0
2024-03-25 20:53:00,FX:EURCAD,1.47211,1.47214,1.47201,1.47204,90.0
2024-03-25 20:54:00,FX:EURCAD,1.47204,1.4720900000000001,1.47198,1.472,185.0
2024-03-25 20:55:00,FX:EURCAD,1.472,1.47224,1.4719900000000001,1.47218,127.0
2024-03-25 20:56:00,FX:EURCAD,1.47218,1.47234,1.47217,1.4723300000000001,126.0
2024-03-25 20:57:00,FX:EURCAD,1.4723300000000001,1.47241,1.4723300000000001,1.47241,103.0
2024-03-25 20:58:00,FX:EURCAD,1.47241,1.47244,1.47231,1.47232,105.0
2024-03-25 20:59:00,FX:EURCAD,1.47232,1.47232,1.47227,1.47229,90.0
2024-03-25 21:00:00,FX:EURCAD,1.47229,1.47231,1.47221,1.47227,134.0
2024-03-25 21:01:00,FX:EURCAD,1.47227,1.47237,1.4722600000000001,1.4723000000000002,93.0
2024-03-25 21:02:00,FX:EURCAD,1.4723000000000002,1.47232,1.4721600000000001,1.47221,112.0
2024-03-25 21:03:00,FX:EURCAD,1.47221,1.4723300000000001,1.47221,1.47232,61.0
2024-03-25 21:04:00,FX:EURCAD,1.47232,1.47235,1.47219,1.47225,90.0
2024-03-25 21:05:00,FX:EURCAD,1.47225,1.4722600000000001,1.4722,1.47225,121.0
2024-03-25 21:06:00,FX:EURCAD,1.47225,1.47225,1.4721600000000001,1.4721600000000001,47.0
2024-03-25 21:07:00,FX:EURCAD,1.4721600000000001,1.47222,1.47214,1.47221,45.0
2024-03-25 21:08:00,FX:EURCAD,1.47221,1.47222,1.47212,1.47218,105.0
2024-03-25 21:09:00,FX:EURCAD,1.47218,1.47222,1.47214,1.47214,66.0
2024-03-25 21:10:00,FX:EURCAD,1.47214,1.4721600000000001,1.47208,1.47212,81.0
2024-03-25 21:11:00,FX:EURCAD,1.47212,1.47215,1.47204,1.4720600000000001,104.0
2024-03-25 21:12:00,FX:EURCAD,1.4720600000000001,1.47215,1.47204,1.4721,134.0
2024-03-25 21:13:00,FX:EURCAD,1.4721,1.4721300000000002,1.4720600000000001,1.47211,94.0
2024-03-25 21:14:00,FX:EURCAD,1.47211,1.47219,1.4721,1.47219,130.0
2024-03-25 21:15:00,FX:EURCAD,1.47219,1.47221,1.47202,1.47214,278.0
2024-03-25 21:16:00,FX:EURCAD,1.47214,1.47217,1.4720600000000001,1.47211,172.0
2024-03-25 21:17:00,FX:EURCAD,1.47211,1.47215,1.47204,1.47212,161.0
2024-03-25 21:18:00,FX:EURCAD,1.47212,1.47212,1.47191,1.47191,189.0
2024-03-25 21:19:00,FX:EURCAD,1.47191,1.47198,1.4718900000000001,1.4719600000000002,121.0
2024-03-25 21:20:00,FX:EURCAD,1.4719600000000002,1.47197,1.47186,1.4719200000000001,175.0
2024-03-25 21:21:00,FX:EURCAD,1.4719200000000001,1.47201,1.4719,1.4719600000000002,127.0
2024-03-25 21:22:00,FX:EURCAD,1.4719600000000002,1.4720900000000001,1.4718900000000001,1.47195,171.0
2024-03-25 21:23:00,FX:EURCAD,1.47195,1.472,1.47191,1.4719600000000002,131.0
2024-03-25 21:24:00,FX:EURCAD,1.4719600000000002,1.47208,1.47191,1.47204,83.0
2024-03-25 21:25:00,FX:EURCAD,1.47204,1.47211,1.47197,1.47211,156.0
2024-03-25 21:26:00,FX:EURCAD,1.47211,1.4721600000000001,1.4720600000000001,1.4720900000000001,117.0
2024-03-25 21:27:00,FX:EURCAD,1.4720900000000001,1.47214,1.4720600000000001,1.47207,142.0
2024-03-25 21:28:00,FX:EURCAD,1.47207,1.4721,1.47201,1.47205,136.0
2024-03-25 21:29:00,FX:EURCAD,1.47205,1.4720600000000001,1.4719600000000002,1.47198,74.0
2024-03-25 21:30:00,FX:EURCAD,1.47198,1.4719900000000001,1.47187,1.4719900000000001,176.0
2024-03-25 21:31:00,FX:EURCAD,1.4719900000000001,1.4721,1.4719900000000001,1.47205,77.0
2024-03-25 21:32:00,FX:EURCAD,1.47205,1.47205,1.4719200000000001,1.47195,185.0
2024-03-25 21:33:00,FX:EURCAD,1.47195,1.4719600000000002,1.47187,1.4719200000000001,122.0
2024-03-25 21:34:00,FX:EURCAD,1.4719200000000001,1.4719900000000001,1.47183,1.47185,105.0
2024-03-25 21:35:00,FX:EURCAD,1.47185,1.4719,1.47176,1.4718200000000001,116.0
2024-03-25 21:36:00,FX:EURCAD,1.4718200000000001,1.47184,1.47177,1.4718200000000001,92.0
2024-03-25 21:37:00,FX:EURCAD,1.4718200000000001,1.4718200000000001,1.47174,1.47181,63.0
2024-03-25 21:38:00,FX:EURCAD,1.47181,1.4719200000000001,1.47178,1.47188,100.0
2024-03-25 21:39:00,FX:EURCAD,1.47188,1.47188,1.4717900000000002,1.47183,84.0
2024-03-25 21:40:00,FX:EURCAD,1.47183,1.47194,1.4718200000000001,1.4719200000000001,132.0
2024-03-25 21:41:00,FX:EURCAD,1.4719200000000001,1.47195,1.47187,1.47194,84.0
2024-03-25 21:42:00,FX:EURCAD,1.47194,1.47195,1.47187,1.4719200000000001,113.0
2024-03-25 21:43:00,FX:EURCAD,1.4719200000000001,1.47194,1.47184,1.47186,72.0
2024-03-25 21:44:00,FX:EURCAD,1.47186,1.4719200000000001,1.47178,1.4718200000000001,101.0
2024-03-25 21:45:00,FX:EURCAD,1.4718200000000001,1.47188,1.47173,1.4717900000000002,122.0
2024-03-25 21:46:00,FX:EURCAD,1.4717900000000002,1.47185,1.47174,1.47184,124.0
2024-03-25 21:47:00,FX:EURCAD,1.47184,1.4719200000000001,1.47184,1.4718900000000001,132.0
2024-03-25 21:48:00,FX:EURCAD,1.4718900000000001,1.47191,1.47178,1.4718200000000001,111.0
2024-03-25 21:49:00,FX:EURCAD,1.4718200000000001,1.4719,1.47176,1.47188,84.0
2024-03-25 21:50:00,FX:EURCAD,1.47188,1.47188,1.47183,1.47187,31.0
2024-03-25 21:51:00,FX:EURCAD,1.47187,1.4719,1.4718,1.47184,106.0
2024-03-25 21:52:00,FX:EURCAD,1.47184,1.4719,1.4718200000000001,1.4719,77.0
2024-03-25 21:53:00,FX:EURCAD,1.4719,1.47197,1.4719,1.47191,59.0
2024-03-25 21:54:00,FX:EURCAD,1.47191,1.4719200000000001,1.47185,1.47186,68.0
2024-03-25 21:55:00,FX:EURCAD,1.47186,1.4718900000000001,1.47178,1.4718200000000001,47.0
2024-03-25 21:56:00,FX:EURCAD,1.4718200000000001,1.4719200000000001,1.47177,1.47186,85.0
2024-03-25 21:57:00,FX:EURCAD,1.47186,1.47188,1.4718,1.47184,33.0
2024-03-25 21:58:00,FX:EURCAD,1.47184,1.47188,1.47177,1.47178,58.0
2024-03-25 21:59:00,FX:EURCAD,1.47178,1.47185,1.4717500000000001,1.47183,59.0
2024-03-25 22:00:00,FX:EURCAD,1.47183,1.47193,1.4718,1.47193,58.0
2024-03-25 22:01:00,FX:EURCAD,1.47193,1.47194,1.4718900000000001,1.4719200000000001,66.0
2024-03-25 22:02:00,FX:EURCAD,1.4719200000000001,1.47193,1.47185,1.4718900000000001,84.0
2024-03-25 22:03:00,FX:EURCAD,1.4718900000000001,1.47193,1.47186,1.47193,69.0
2024-03-25 22:04:00,FX:EURCAD,1.47193,1.47201,1.4718900000000001,1.47201,89.0
2024-03-25 22:05:00,FX:EURCAD,1.47201,1.47201,1.47191,1.4719600000000002,101.0
2024-03-25 22:06:00,FX:EURCAD,1.4719600000000002,1.47198,1.4719600000000002,1.47197,22.0
2024-03-25 22:07:00,FX:EURCAD,1.47197,1.47204,1.4718900000000001,1.4718900000000001,44.0
2024-03-25 22:08:00,FX:EURCAD,1.4718900000000001,1.4719200000000001,1.47185,1.47187,86.0
2024-03-25 22:09:00,FX:EURCAD,1.47187,1.47194,1.47186,1.47186,24.0
2024-03-25 22:10:00,FX:EURCAD,1.47186,1.4719600000000002,1.47186,1.47191,28.0
2024-03-25 22:11:00,FX:EURCAD,1.47191,1.47194,1.47188,1.47188,37.0
2024-03-25 22:12:00,FX:EURCAD,1.47188,1.4719900000000001,1.47185,1.47193,55.0
2024-03-25 22:13:00,FX:EURCAD,1.47193,1.47193,1.47184,1.4718900000000001,35.0
2024-03-25 22:14:00,FX:EURCAD,1.4718900000000001,1.4718900000000001,1.47183,1.47183,42.0
2024-03-25 22:15:00,FX:EURCAD,1.47183,1.47186,1.4718200000000001,1.47183,32.0
2024-03-25 22:16:00,FX:EURCAD,1.47183,1.47184,1.47168,1.47168,59.0
2024-03-25 22:17:00,FX:EURCAD,1.47168,1.4718,1.47167,1.4718,48.0
2024-03-25 22:18:00,FX:EURCAD,1.4718,1.47184,1.47176,1.4718,52.0
2024-03-25 22:19:00,FX:EURCAD,1.4718,1.47183,1.47177,1.47181,49.0
2024-03-25 22:20:00,FX:EURCAD,1.47181,1.47187,1.4717900000000002,1.47184,25.0
2024-03-25 22:21:00,FX:EURCAD,1.47184,1.4719,1.4718200000000001,1.47188,40.0
2024-03-25 22:22:00,FX:EURCAD,1.47188,1.4719,1.4718200000000001,1.47183,32.0
2024-03-25 22:23:00,FX:EURCAD,1.47183,1.47188,1.47177,1.47181,67.0
2024-03-25 22:24:00,FX:EURCAD,1.47181,1.47184,1.47178,1.4718200000000001,64.0
2024-03-25 22:25:00,FX:EURCAD,1.4718200000000001,1.47193,1.4718200000000001,1.4719200000000001,61.0
2024-03-25 22:26:00,FX:EURCAD,1.4719200000000001,1.4719200000000001,1.47187,1.47188,53.0
2024-03-25 22:27:00,FX:EURCAD,1.47188,1.47191,1.47184,1.47188,57.0
2024-03-25 22:28:00,FX:EURCAD,1.47188,1.4719,1.47176,1.47176,55.0
2024-03-25 22:29:00,FX:EURCAD,1.47176,1.47185,1.47176,1.47185,62.0
2024-03-25 22:30:00,FX:EURCAD,1.47185,1.47185,1.47174,1.47176,47.0
2024-03-25 22:31:00,FX:EURCAD,1.47176,1.47183,1.4716900000000002,1.47183,107.0
2024-03-25 22:32:00,FX:EURCAD,1.47183,1.4719,1.4718200000000001,1.47184,43.0
2024-03-25 22:33:00,FX:EURCAD,1.47184,1.47184,1.47177,1.4718,103.0
2024-03-25 22:34:00,FX:EURCAD,1.4718,1.47181,1.4717200000000001,1.4717200000000001,75.0
2024-03-25 22:35:00,FX:EURCAD,1.4717200000000001,1.4718200000000001,1.47171,1.47178,77.0
2024-03-25 22:36:00,FX:EURCAD,1.47178,1.4718,1.4717500000000001,1.47178,71.0
2024-03-25 22:37:00,FX:EURCAD,1.47178,1.47184,1.47177,1.47183,74.0
2024-03-25 22:38:00,FX:EURCAD,1.47183,1.47188,1.47183,1.47186,27.0
2024-03-25 22:39:00,FX:EURCAD,1.47186,1.47187,1.4718,1.47181,30.0
2024-03-25 22:40:00,FX:EURCAD,1.47181,1.47183,1.47176,1.4717900000000002,107.0
2024-03-25 22:41:00,FX:EURCAD,1.4717900000000002,1.4718200000000001,1.47176,1.47181,76.0
2024-03-25 22:42:00,FX:EURCAD,1.47181,1.47183,1.47178,1.4718,22.0
2024-03-25 22:43:00,FX:EURCAD,1.4718,1.4718200000000001,1.47177,1.4718,33.0
2024-03-25 22:44:00,FX:EURCAD,1.4718,1.47183,1.47177,1.4718,31.0
2024-03-25 22:45:00,FX:EURCAD,1.4718,1.47188,1.47177,1.47185,66.0
2024-03-25 22:46:00,FX:EURCAD,1.47185,1.4719,1.47184,1.47187,46.0
2024-03-25 22:47:00,FX:EURCAD,1.47187,1.47193,1.47183,1.47183,66.0
2024-03-25 22:48:00,FX:EURCAD,1.47183,1.47185,1.4718,1.4718200000000001,28.0
2024-03-25 22:49:00,FX:EURCAD,1.4718200000000001,1.47186,1.4718200000000001,1.47184,14.0
2024-03-25 22:50:00,FX:EURCAD,1.47184,1.47193,1.4718200000000001,1.4719200000000001,36.0
2024-03-25 22:51:00,FX:EURCAD,1.4719200000000001,1.47202,1.47188,1.47198,54.0
2024-03-25 22:52:00,FX:EURCAD,1.47198,1.4721,1.47198,1.4721,76.0
2024-03-25 22:53:00,FX:EURCAD,1.4721,1.47218,1.47203,1.47215,79.0
2024-03-25 22:54:00,FX:EURCAD,1.47215,1.4721600000000001,1.47208,1.47212,93.0
2024-03-25 22:55:00,FX:EURCAD,1.47212,1.47221,1.4720600000000001,1.47219,101.0
2024-03-25 22:56:00,FX:EURCAD,1.47219,1.47227,1.47217,1.4722,96.0
2024-03-25 22:57:00,FX:EURCAD,1.4722,1.4722600000000001,1.47218,1.47225,60.0
2024-03-25 22:58:00,FX:EURCAD,1.47225,1.47225,1.4722,1.47222,66.0
2024-03-25 22:59:00,FX:EURCAD,1.47222,1.47222,1.47212,1.47218,69.0
2024-03-25 23:00:00,FX:EURCAD,1.47218,1.47219,1.47208,1.4721,62.0
2024-03-25 23:01:00,FX:EURCAD,1.4721,1.4722300000000001,1.47208,1.47221,99.0
2024-03-25 23:02:00,FX:EURCAD,1.47221,1.47221,1.47217,1.47219,9.0
2024-03-25 23:03:00,FX:EURCAD,1.47219,1.4722300000000001,1.4721600000000001,1.4721600000000001,39.0
2024-03-25 23:04:00,FX:EURCAD,1.4721600000000001,1.4722300000000001,1.47215,1.47221,53.0
2024-03-25 23:05:00,FX:EURCAD,1.47221,1.47221,1.47215,1.4721600000000001,24.0
2024-03-25 23:06:00,FX:EURCAD,1.4721600000000001,1.47219,1.4721600000000001,1.47218,19.0
2024-03-25 23:07:00,FX:EURCAD,1.47218,1.4722300000000001,1.47218,1.47219,35.0
2024-03-25 23:08:00,FX:EURCAD,1.47219,1.4722300000000001,1.47215,1.4722300000000001,42.0
2024-03-25 23:09:00,FX:EURCAD,1.4722300000000001,1.4722300000000001,1.47219,1.47219,13.0
2024-03-25 23:10:00,FX:EURCAD,1.47219,1.47222,1.47215,1.4722,74.0
2024-03-25 23:11:00,FX:EURCAD,1.4722,1.4722600000000001,1.4722,1.4722600000000001,23.0
2024-03-25 23:12:00,FX:EURCAD,1.4722600000000001,1.4723600000000001,1.4722600000000001,1.4723600000000001,51.0
2024-03-25 23:13:00,FX:EURCAD,1.4723600000000001,1.4723600000000001,1.47228,1.47228,29.0
2024-03-25 23:14:00,FX:EURCAD,1.47228,1.47237,1.47227,1.47227,68.0
2024-03-25 23:15:00,FX:EURCAD,1.47227,1.47229,1.47224,1.47227,38.0
2024-03-25 23:16:00,FX:EURCAD,1.47227,1.47228,1.47225,1.47228,19.0
2024-03-25 23:17:00,FX:EURCAD,1.47228,1.47228,1.4722,1.4722300000000001,33.0
2024-03-25 23:18:00,FX:EURCAD,1.4722300000000001,1.47225,1.47219,1.47219,47.0
2024-03-25 23:19:00,FX:EURCAD,1.47219,1.4722300000000001,1.47214,1.4721600000000001,97.0
2024-03-25 23:20:00,FX:EURCAD,1.4721600000000001,1.47221,1.47212,1.47218,92.0
2024-03-25 23:21:00,FX:EURCAD,1.47218,1.47221,1.4721,1.4721600000000001,98.0
2024-03-25 23:22:00,FX:EURCAD,1.4721600000000001,1.47221,1.47214,1.47221,25.0
2024-03-25 23:23:00,FX:EURCAD,1.47221,1.47227,1.47221,1.47227,15.0
2024-03-25 23:24:00,FX:EURCAD,1.47227,1.47231,1.47221,1.47228,66.0
2024-03-25 23:25:00,FX:EURCAD,1.47228,1.4723000000000002,1.4722600000000001,1.4722600000000001,22.0
2024-03-25 23:26:00,FX:EURCAD,1.4722600000000001,1.47228,1.4722600000000001,1.47227,28.0
2024-03-25 23:27:00,FX:EURCAD,1.47227,1.4723000000000002,1.47221,1.47221,52.0
2024-03-25 23:28:00,FX:EURCAD,1.47221,1.47222,1.4722,1.47222,51.0
2024-03-25 23:29:00,FX:EURCAD,1.47222,1.4722600000000001,1.47217,1.4722600000000001,47.0
2024-03-25 23:30:00,FX:EURCAD,1.4722600000000001,1.47227,1.47215,1.47219,102.0
2024-03-25 23:31:00,FX:EURCAD,1.47219,1.4722300000000001,1.4721600000000001,1.47218,100.0
2024-03-25 23:32:00,FX:EURCAD,1.47218,1.47222,1.47217,1.47222,23.0
2024-03-25 23:33:00,FX:EURCAD,1.47222,1.4722600000000001,1.47217,1.47222,66.0
2024-03-25 23:34:00,FX:EURCAD,1.47222,1.47225,1.47219,1.47221,44.0
2024-03-25 23:35:00,FX:EURCAD,1.47221,1.47228,1.47219,1.4722300000000001,60.0
2024-03-25 23:36:00,FX:EURCAD,1.4722300000000001,1.4723300000000001,1.47221,1.47222,29.0
2024-03-25 23:37:00,FX:EURCAD,1.47222,1.47224,1.47218,1.47224,44.0
2024-03-25 23:38:00,FX:EURCAD,1.47224,1.47231,1.47222,1.47231,25.0
2024-03-25 23:39:00,FX:EURCAD,1.47231,1.47242,1.47231,1.47241,87.0
2024-03-25 23:40:00,FX:EURCAD,1.47241,1.47244,1.47234,1.47241,71.0
2024-03-25 23:41:00,FX:EURCAD,1.47241,1.47242,1.4723300000000001,1.4723300000000001,124.0
2024-03-25 23:42:00,FX:EURCAD,1.4723300000000001,1.47239,1.4722,1.47222,159.0
2024-03-25 23:43:00,FX:EURCAD,1.47222,1.47228,1.47214,1.47214,62.0
2024-03-25 23:44:00,FX:EURCAD,1.47214,1.4722,1.4720900000000001,1.47212,77.0
2024-03-25 23:45:00,FX:EURCAD,1.47212,1.47219,1.47211,1.47219,35.0
2024-03-25 23:46:00,FX:EURCAD,1.47219,1.47221,1.47212,1.47212,15.0
2024-03-25 23:47:00,FX:EURCAD,1.47212,1.4721600000000001,1.4720900000000001,1.47215,28.0
2024-03-25 23:48:00,FX:EURCAD,1.47215,1.47217,1.47214,1.47217,23.0
2024-03-25 23:49:00,FX:EURCAD,1.47217,1.47218,1.47212,1.47212,16.0
2024-03-25 23:50:00,FX:EURCAD,1.47212,1.47214,1.4721,1.47211,4.0
2024-03-25 23:51:00,FX:EURCAD,1.47211,1.47221,1.47211,1.47221,18.0
2024-03-25 23:52:00,FX:EURCAD,1.47221,1.47225,1.47219,1.47221,49.0
2024-03-25 23:53:00,FX:EURCAD,1.47221,1.47225,1.47221,1.47225,11.0
2024-03-25 23:54:00,FX:EURCAD,1.47225,1.47225,1.47214,1.47215,15.0
2024-03-25 23:55:00,FX:EURCAD,1.47215,1.47222,1.47215,1.47217,23.0
2024-03-25 23:56:00,FX:EURCAD,1.47217,1.4722300000000001,1.47217,1.47222,10.0
2024-03-25 23:57:00,FX:EURCAD,1.47222,1.47227,1.47221,1.47224,13.0
2024-03-25 23:58:00,FX:EURCAD,1.47224,1.47225,1.4721300000000002,1.4721300000000002,24.0
2024-03-25 23:59:00,FX:EURCAD,1.4721300000000002,1.47219,1.47212,1.4721600000000001,25.0
2024-03-26 00:00:00,FX:EURCAD,1.4721600000000001,1.47219,1.4721300000000002,1.47218,44.0
2024-03-26 00:01:00,FX:EURCAD,1.47218,1.4722,1.47214,1.47217,49.0
2024-03-26 00:02:00,FX:EURCAD,1.47217,1.47219,1.47214,1.4721600000000001,27.0
2024-03-26 00:03:00,FX:EURCAD,1.4721600000000001,1.47221,1.4721600000000001,1.4721600000000001,33.0
2024-03-26 00:04:00,FX:EURCAD,1.4721600000000001,1.47221,1.4721600000000001,1.47217,24.0
2024-03-26 00:05:00,FX:EURCAD,1.47217,1.4722300000000001,1.47217,1.4722300000000001,27.0
2024-03-26 00:06:00,FX:EURCAD,1.4722300000000001,1.47225,1.47217,1.47225,38.0
2024-03-26 00:07:00,FX:EURCAD,1.47225,1.4722600000000001,1.47225,1.47225,13.0
2024-03-26 00:08:00,FX:EURCAD,1.47225,1.4722600000000001,1.47224,1.47224,31.0
2024-03-26 00:09:00,FX:EURCAD,1.47224,1.47224,1.47217,1.4722,15.0
2024-03-26 00:10:00,FX:EURCAD,1.4722,1.47227,1.4722,1.4722,59.0
2024-03-26 00:11:00,FX:EURCAD,1.4722,1.4722600000000001,1.4722,1.47225,58.0
2024-03-26 00:12:00,FX:EURCAD,1.47225,1.47228,1.47224,1.4722600000000001,42.0
2024-03-26 00:13:00,FX:EURCAD,1.4722600000000001,1.4722600000000001,1.47222,1.47222,22.0
2024-03-26 00:14:00,FX:EURCAD,1.47222,1.47224,1.47221,1.4722300000000001,23.0
2024-03-26 00:15:00,FX:EURCAD,1.4722300000000001,1.4722600000000001,1.4722300000000001,1.47224,32.0
2024-03-26 00:16:00,FX:EURCAD,1.47224,1.47229,1.47221,1.47229,39.0
2024-03-26 00:17:00,FX:EURCAD,1.47229,1.47229,1.47225,1.47228,32.0
2024-03-26 00:18:00,FX:EURCAD,1.47228,1.47228,1.47224,1.47224,25.0
2024-03-26 00:19:00,FX:EURCAD,1.47224,1.47229,1.47224,1.4722600000000001,21.0
2024-03-26 00:20:00,FX:EURCAD,1.4722600000000001,1.4722600000000001,1.4722,1.47225,32.0
2024-03-26 00:21:00,FX:EURCAD,1.47225,1.4722600000000001,1.4722300000000001,1.47225,48.0
2024-03-26 00:22:00,FX:EURCAD,1.47225,1.47231,1.4722300000000001,1.47227,55.0
2024-03-26 00:23:00,FX:EURCAD,1.47227,1.4723000000000002,1.47224,1.47228,56.0
2024-03-26 00:24:00,FX:EURCAD,1.47228,1.47232,1.47224,1.47224,49.0
2024-03-26 00:25:00,FX:EURCAD,1.47224,1.47232,1.47224,1.4723000000000002,72.0
2024-03-26 00:26:00,FX:EURCAD,1.4723000000000002,1.47241,1.47229,1.4723000000000002,97.0
2024-03-26 00:27:00,FX:EURCAD,1.4723000000000002,1.47241,1.4723000000000002,1.47241,27.0
2024-03-26 00:28:00,FX:EURCAD,1.47241,1.47241,1.4723600000000001,1.47238,21.0
2024-03-26 00:29:00,FX:EURCAD,1.47238,1.47239,1.47235,1.47235,29.0
2024-03-26 00:30:00,FX:EURCAD,1.47235,1.47238,1.4723300000000001,1.4723300000000001,38.0
2024-03-26 00:31:00,FX:EURCAD,1.4723300000000001,1.47237,1.4723300000000001,1.47235,50.0
2024-03-26 00:32:00,FX:EURCAD,1.47235,1.47237,1.4722600000000001,1.4722600000000001,35.0
2024-03-26 00:33:00,FX:EURCAD,1.4722600000000001,1.47231,1.4722600000000001,1.47231,62.0
2024-03-26 00:34:00,FX:EURCAD,1.47231,1.47237,1.47228,1.47235,70.0
2024-03-26 00:35:00,FX:EURCAD,1.47235,1.47238,1.47235,1.47237,39.0
2024-03-26 00:36:00,FX:EURCAD,1.47237,1.47239,1.47237,1.47238,28.0
2024-03-26 00:37:00,FX:EURCAD,1.47238,1.47242,1.47238,1.4724000000000002,44.0
2024-03-26 00:38:00,FX:EURCAD,1.4724000000000002,1.47246,1.47238,1.47241,50.0
2024-03-26 00:39:00,FX:EURCAD,1.47241,1.47241,1.47238,1.47239,57.0
2024-03-26 00:40:00,FX:EURCAD,1.47239,1.4724000000000002,1.47235,1.47235,64.0
2024-03-26 00:41:00,FX:EURCAD,1.47235,1.47247,1.47234,1.47245,68.0
2024-03-26 00:42:00,FX:EURCAD,1.47245,1.47247,1.4724300000000001,1.47244,44.0
2024-03-26 00:43:00,FX:EURCAD,1.47244,1.47251,1.4724300000000001,1.47249,41.0
2024-03-26 00:44:00,FX:EURCAD,1.47249,1.4725000000000001,1.4724300000000001,1.47248,38.0
2024-03-26 00:45:00,FX:EURCAD,1.47248,1.47252,1.47244,1.47244,53.0
2024-03-26 00:46:00,FX:EURCAD,1.47244,1.47249,1.47244,1.47244,25.0
2024-03-26 00:47:00,FX:EURCAD,1.47244,1.47251,1.47244,1.47248,29.0
2024-03-26 00:48:00,FX:EURCAD,1.47248,1.4725000000000001,1.47242,1.47249,72.0
2024-03-26 00:49:00,FX:EURCAD,1.47249,1.47249,1.47245,1.47245,33.0
2024-03-26 00:50:00,FX:EURCAD,1.47245,1.4725000000000001,1.47245,1.47248,53.0
2024-03-26 00:51:00,FX:EURCAD,1.47248,1.47251,1.47248,1.47249,100.0
2024-03-26 00:52:00,FX:EURCAD,1.47249,1.47249,1.47244,1.47246,25.0
2024-03-26 00:53:00,FX:EURCAD,1.47246,1.47246,1.47242,1.4724300000000001,29.0
2024-03-26 00:54:00,FX:EURCAD,1.4724300000000001,1.4724300000000001,1.47239,1.4724000000000002,29.0
2024-03-26 00:55:00,FX:EURCAD,1.4724000000000002,1.47244,1.47237,1.4724300000000001,56.0
2024-03-26 00:56:00,FX:EURCAD,1.4724300000000001,1.47246,1.47241,1.4724300000000001,28.0
2024-03-26 00:57:00,FX:EURCAD,1.4724300000000001,1.47249,1.47238,1.47244,69.0
2024-03-26 00:58:00,FX:EURCAD,1.47244,1.47246,1.4724000000000002,1.47246,17.0
2024-03-26 00:59:00,FX:EURCAD,1.47246,1.47246,1.47238,1.47239,28.0
2024-03-26 01:00:00,FX:EURCAD,1.47239,1.47248,1.47239,1.47247,73.0
2024-03-26 01:01:00,FX:EURCAD,1.47247,1.4725700000000002,1.47245,1.4725000000000001,41.0
2024-03-26 01:02:00,FX:EURCAD,1.4725000000000001,1.47262,1.4725000000000001,1.4725700000000002,38.0
2024-03-26 01:03:00,FX:EURCAD,1.4725700000000002,1.47263,1.47255,1.4726000000000001,53.0
2024-03-26 01:04:00,FX:EURCAD,1.4726000000000001,1.47275,1.4726000000000001,1.4727000000000001,49.0
2024-03-26 01:05:00,FX:EURCAD,1.4727000000000001,1.47273,1.47263,1.47263,59.0
2024-03-26 01:06:00,FX:EURCAD,1.47263,1.47264,1.47254,1.47256,187.0
2024-03-26 01:07:00,FX:EURCAD,1.47256,1.4726000000000001,1.47255,1.47259,127.0
2024-03-26 01:08:00,FX:EURCAD,1.47259,1.4726000000000001,1.47255,1.47259,86.0
2024-03-26 01:09:00,FX:EURCAD,1.47259,1.47262,1.4725700000000002,1.4726000000000001,86.0
2024-03-26 01:10:00,FX:EURCAD,1.4726000000000001,1.47263,1.47255,1.47263,207.0
2024-03-26 01:11:00,FX:EURCAD,1.47263,1.47268,1.47255,1.47261,90.0
2024-03-26 01:12:00,FX:EURCAD,1.47261,1.47261,1.47251,1.4725300000000001,57.0
2024-03-26 01:13:00,FX:EURCAD,1.4725300000000001,1.47263,1.47252,1.4726000000000001,85.0
2024-03-26 01:14:00,FX:EURCAD,1.4726000000000001,1.47262,1.47258,1.47259,62.0
2024-03-26 01:15:00,FX:EURCAD,1.47259,1.47268,1.47259,1.47264,42.0
2024-03-26 01:16:00,FX:EURCAD,1.47264,1.47264,1.47256,1.4726000000000001,76.0
2024-03-26 01:17:00,FX:EURCAD,1.4726000000000001,1.4726700000000001,1.4726000000000001,1.4726700000000001,47.0
2024-03-26 01:18:00,FX:EURCAD,1.4726700000000001,1.4727000000000001,1.47264,1.47266,60.0
2024-03-26 01:19:00,FX:EURCAD,1.47266,1.47272,1.47266,1.47272,40.0
2024-03-26 01:20:00,FX:EURCAD,1.47272,1.47272,1.47269,1.4727000000000001,25.0
2024-03-26 01:21:00,FX:EURCAD,1.4727000000000001,1.47272,1.47269,1.47269,11.0
2024-03-26 01:22:00,FX:EURCAD,1.47269,1.47272,1.47265,1.47265,11.0
2024-03-26 01:23:00,FX:EURCAD,1.47265,1.47269,1.47265,1.47268,19.0
2024-03-26 01:24:00,FX:EURCAD,1.47268,1.47271,1.47266,1.47268,19.0
2024-03-26 01:25:00,FX:EURCAD,1.47268,1.47271,1.47264,1.47269,48.0
2024-03-26 01:26:00,FX:EURCAD,1.47269,1.47273,1.47268,1.47271,42.0
2024-03-26 01:27:00,FX:EURCAD,1.47271,1.4728,1.47269,1.47273,49.0
2024-03-26 01:28:00,FX:EURCAD,1.47273,1.4727400000000002,1.4727000000000001,1.4727000000000001,42.0
2024-03-26 01:29:00,FX:EURCAD,1.4727000000000001,1.4727400000000002,1.4726000000000001,1.47263,75.0
2024-03-26 01:30:00,FX:EURCAD,1.47263,1.47278,1.47263,1.4726700000000001,111.0
2024-03-26 01:31:00,FX:EURCAD,1.4726700000000001,1.47272,1.47266,1.4726700000000001,40.0
2024-03-26 01:32:00,FX:EURCAD,1.4726700000000001,1.47273,1.4726000000000001,1.47261,84.0
2024-03-26 01:33:00,FX:EURCAD,1.47261,1.47262,1.47249,1.47256,128.0
2024-03-26 01:34:00,FX:EURCAD,1.47256,1.47262,1.47255,1.47262,63.0
2024-03-26 01:35:00,FX:EURCAD,1.47262,1.4727700000000001,1.47261,1.4727700000000001,93.0
2024-03-26 01:36:00,FX:EURCAD,1.4727700000000001,1.4727700000000001,1.4727000000000001,1.47271,43.0
2024-03-26 01:37:00,FX:EURCAD,1.47271,1.4728,1.47269,1.47279,37.0
2024-03-26 01:38:00,FX:EURCAD,1.47279,1.4728400000000001,1.47273,1.47279,90.0
2024-03-26 01:39:00,FX:EURCAD,1.47279,1.47283,1.4727700000000001,1.47283,40.0
2024-03-26 01:40:00,FX:EURCAD,1.47283,1.4728700000000001,1.47281,1.4728700000000001,24.0
2024-03-26 01:41:00,FX:EURCAD,1.4728700000000001,1.47292,1.47285,1.4729100000000002,39.0
2024-03-26 01:42:00,FX:EURCAD,1.4729100000000002,1.47292,1.47278,1.47278,75.0
2024-03-26 01:43:00,FX:EURCAD,1.47278,1.47282,1.47276,1.47279,59.0
2024-03-26 01:44:00,FX:EURCAD,1.47279,1.47281,1.47273,1.4727400000000002,74.0
2024-03-26 01:45:00,FX:EURCAD,1.4727400000000002,1.47281,1.47273,1.4728,35.0
2024-03-26 01:46:00,FX:EURCAD,1.4728,1.47282,1.47278,1.47279,35.0
2024-03-26 01:47:00,FX:EURCAD,1.47279,1.4729700000000001,1.4727700000000001,1.47293,89.0
2024-03-26 01:48:00,FX:EURCAD,1.47293,1.47298,1.4728400000000001,1.47296,118.0
2024-03-26 01:49:00,FX:EURCAD,1.47296,1.47296,1.47292,1.47293,42.0
2024-03-26 01:50:00,FX:EURCAD,1.47293,1.4729400000000001,1.47289,1.4729400000000001,57.0
2024-03-26 01:51:00,FX:EURCAD,1.4729400000000001,1.4729700000000001,1.47293,1.4729700000000001,54.0
2024-03-26 01:52:00,FX:EURCAD,1.4729700000000001,1.4730100000000002,1.47295,1.4729700000000001,79.0
2024-03-26 01:53:00,FX:EURCAD,1.4729700000000001,1.47298,1.47295,1.4729700000000001,44.0
2024-03-26 01:54:00,FX:EURCAD,1.4729700000000001,1.47307,1.47296,1.47307,79.0
2024-03-26 01:55:00,FX:EURCAD,1.47307,1.47319,1.4730400000000001,1.47319,118.0
2024-03-26 01:56:00,FX:EURCAD,1.47319,1.4732100000000001,1.4731800000000002,1.4732100000000001,39.0
2024-03-26 01:57:00,FX:EURCAD,1.4732100000000001,1.47325,1.4731,1.4731,120.0
2024-03-26 01:58:00,FX:EURCAD,1.4731,1.4733,1.4731,1.4733,88.0
2024-03-26 01:59:00,FX:EURCAD,1.4733,1.47332,1.47327,1.4733,136.0
2024-03-26 02:00:00,FX:EURCAD,1.4733,1.47332,1.47319,1.4732,116.0
2024-03-26 02:01:00,FX:EURCAD,1.4732,1.47323,1.47316,1.4731800000000002,51.0
2024-03-26 02:02:00,FX:EURCAD,1.4731800000000002,1.47325,1.47317,1.4732,44.0
2024-03-26 02:03:00,FX:EURCAD,1.4732,1.47322,1.47307,1.47308,48.0
2024-03-26 02:04:00,FX:EURCAD,1.47308,1.47315,1.47307,1.4731100000000001,58.0
2024-03-26 02:05:00,FX:EURCAD,1.4731100000000001,1.4731400000000001,1.47303,1.4730400000000001,74.0
2024-03-26 02:06:00,FX:EURCAD,1.4730400000000001,1.47307,1.47298,1.47307,106.0
2024-03-26 02:07:00,FX:EURCAD,1.47307,1.47309,1.47302,1.47308,34.0
2024-03-26 02:08:00,FX:EURCAD,1.47308,1.4731100000000001,1.47305,1.47307,63.0
2024-03-26 02:09:00,FX:EURCAD,1.47307,1.47313,1.47307,1.4731,60.0
2024-03-26 02:10:00,FX:EURCAD,1.4731,1.47319,1.47306,1.4731,95.0
2024-03-26 02:11:00,FX:EURCAD,1.4731,1.47313,1.4730100000000002,1.47307,96.0
2024-03-26 02:12:00,FX:EURCAD,1.47307,1.4731100000000001,1.4730100000000002,1.47307,43.0
2024-03-26 02:13:00,FX:EURCAD,1.47307,1.47316,1.47306,1.47316,44.0
2024-03-26 02:14:00,FX:EURCAD,1.47316,1.47316,1.4730400000000001,1.4730400000000001,65.0
2024-03-26 02:15:00,FX:EURCAD,1.4730400000000001,1.47306,1.47302,1.47302,46.0
2024-03-26 02:16:00,FX:EURCAD,1.47302,1.47303,1.47289,1.47298,104.0
2024-03-26 02:17:00,FX:EURCAD,1.47298,1.47305,1.4729400000000001,1.47305,107.0
2024-03-26 02:18:00,FX:EURCAD,1.47305,1.47305,1.4729700000000001,1.4729700000000001,59.0
2024-03-26 02:19:00,FX:EURCAD,1.4729700000000001,1.47308,1.47296,1.4730400000000001,57.0
2024-03-26 02:20:00,FX:EURCAD,1.4730400000000001,1.47309,1.4730100000000002,1.47302,101.0
2024-03-26 02:21:00,FX:EURCAD,1.47302,1.47312,1.47302,1.47308,100.0
2024-03-26 02:22:00,FX:EURCAD,1.47308,1.47316,1.47302,1.4731,74.0
2024-03-26 02:23:00,FX:EURCAD,1.4731,1.47313,1.47308,1.47309,77.0
2024-03-26 02:24:00,FX:EURCAD,1.47309,1.47313,1.47307,1.47313,16.0
2024-03-26 02:25:00,FX:EURCAD,1.47313,1.4731400000000001,1.47302,1.47306,103.0
2024-03-26 02:26:00,FX:EURCAD,1.47306,1.47309,1.47303,1.4730400000000001,43.0
2024-03-26 02:27:00,FX:EURCAD,1.4730400000000001,1.4731400000000001,1.4730400000000001,1.4731400000000001,50.0
2024-03-26 02:28:00,FX:EURCAD,1.4731400000000001,1.47315,1.4731,1.47315,72.0
2024-03-26 02:29:00,FX:EURCAD,1.47315,1.47316,1.47307,1.47307,57.0
2024-03-26 02:30:00,FX:EURCAD,1.47307,1.47308,1.4729400000000001,1.4729700000000001,106.0
2024-03-26 02:31:00,FX:EURCAD,1.4729700000000001,1.47305,1.47292,1.4729700000000001,156.0
2024-03-26 02:32:00,FX:EURCAD,1.4729700000000001,1.47303,1.47293,1.47298,121.0
2024-03-26 02:33:00,FX:EURCAD,1.47298,1.47298,1.47292,1.47293,93.0
2024-03-26 02:34:00,FX:EURCAD,1.47293,1.4729400000000001,1.47286,1.47288,92.0
2024-03-26 02:35:00,FX:EURCAD,1.47288,1.47302,1.47288,1.47302,67.0
2024-03-26 02:36:00,FX:EURCAD,1.47302,1.47303,1.47292,1.47292,71.0
2024-03-26 02:37:00,FX:EURCAD,1.47292,1.473,1.4728700000000001,1.47299,113.0
2024-03-26 02:38:00,FX:EURCAD,1.47299,1.47308,1.47298,1.47306,82.0
2024-03-26 02:39:00,FX:EURCAD,1.47306,1.47316,1.47306,1.4731100000000001,116.0
2024-03-26 02:40:00,FX:EURCAD,1.4731100000000001,1.4731100000000001,1.47303,1.47309,114.0
2024-03-26 02:41:00,FX:EURCAD,1.47309,1.47316,1.47309,1.47316,29.0
2024-03-26 02:42:00,FX:EURCAD,1.47316,1.47323,1.47316,1.4732,65.0
2024-03-26 02:43:00,FX:EURCAD,1.4732,1.4732,1.47307,1.47308,71.0
2024-03-26 02:44:00,FX:EURCAD,1.47308,1.47308,1.473,1.4730400000000001,63.0
2024-03-26 02:45:00,FX:EURCAD,1.4730400000000001,1.47308,1.47298,1.47306,70.0
2024-03-26 02:46:00,FX:EURCAD,1.47306,1.47306,1.47302,1.47305,56.0
2024-03-26 02:47:00,FX:EURCAD,1.47305,1.4731100000000001,1.4730400000000001,1.4731,59.0
2024-03-26 02:48:00,FX:EURCAD,1.4731,1.4731,1.47298,1.47302,60.0
2024-03-26 02:49:00,FX:EURCAD,1.47302,1.47303,1.47296,1.47302,77.0
2024-03-26 02:50:00,FX:EURCAD,1.47302,1.47302,1.4729100000000002,1.47298,68.0
2024-03-26 02:51:00,FX:EURCAD,1.47298,1.4730400000000001,1.47296,1.4730100000000002,56.0
2024-03-26 02:52:00,FX:EURCAD,1.4730100000000002,1.4730400000000001,1.47292,1.47303,64.0
2024-03-26 02:53:00,FX:EURCAD,1.47303,1.47316,1.47303,1.4731400000000001,32.0
2024-03-26 02:54:00,FX:EURCAD,1.4731400000000001,1.4731800000000002,1.47306,1.47307,37.0
2024-03-26 02:55:00,FX:EURCAD,1.47307,1.4731800000000002,1.47305,1.47309,54.0
2024-03-26 02:56:00,FX:EURCAD,1.47309,1.47309,1.47295,1.47302,87.0
2024-03-26 02:57:00,FX:EURCAD,1.47302,1.47319,1.473,1.4731800000000002,42.0
2024-03-26 02:58:00,FX:EURCAD,1.4731800000000002,1.4731800000000002,1.47305,1.4731,92.0
2024-03-26 02:59:00,FX:EURCAD,1.4731,1.47312,1.4730400000000001,1.47306,63.0
2024-03-26 03:00:00,FX:EURCAD,1.47306,1.47306,1.47276,1.47288,136.0
2024-03-26 03:01:00,FX:EURCAD,1.47288,1.47296,1.47281,1.47293,137.0
2024-03-26 03:02:00,FX:EURCAD,1.47293,1.47313,1.47292,1.4731100000000001,148.0
2024-03-26 03:03:00,FX:EURCAD,1.4731100000000001,1.47312,1.47303,1.47306,152.0
2024-03-26 03:04:00,FX:EURCAD,1.47306,1.47332,1.4730400000000001,1.47329,180.0
2024-03-26 03:05:00,FX:EURCAD,1.47329,1.47332,1.47308,1.4731100000000001,103.0
2024-03-26 03:06:00,FX:EURCAD,1.4731100000000001,1.4732,1.47309,1.47317,74.0
2024-03-26 03:07:00,FX:EURCAD,1.47317,1.47334,1.47315,1.47334,78.0
2024-03-26 03:08:00,FX:EURCAD,1.47334,1.47334,1.4732,1.4732,92.0
2024-03-26 03:09:00,FX:EURCAD,1.4732,1.4732,1.4731,1.4731,44.0
2024-03-26 03:10:00,FX:EURCAD,1.4731,1.4731400000000001,1.47308,1.47312,89.0
2024-03-26 03:11:00,FX:EURCAD,1.47312,1.4732,1.47308,1.4732,108.0
2024-03-26 03:12:00,FX:EURCAD,1.4732,1.47334,1.47319,1.47332,76.0
2024-03-26 03:13:00,FX:EURCAD,1.47332,1.47332,1.47315,1.4731800000000002,55.0
2024-03-26 03:14:00,FX:EURCAD,1.4731800000000002,1.47323,1.47316,1.4732100000000001,64.0
2024-03-26 03:15:00,FX:EURCAD,1.4732100000000001,1.47323,1.47316,1.47319,55.0
2024-03-26 03:16:00,FX:EURCAD,1.47319,1.47322,1.4731,1.47312,44.0
2024-03-26 03:17:00,FX:EURCAD,1.47312,1.4731400000000001,1.4730400000000001,1.47309,84.0
2024-03-26 03:18:00,FX:EURCAD,1.47309,1.4732,1.47307,1.47307,85.0
2024-03-26 03:19:00,FX:EURCAD,1.47307,1.47315,1.47307,1.47312,118.0
2024-03-26 03:20:00,FX:EURCAD,1.47312,1.47316,1.47308,1.4731400000000001,131.0
2024-03-26 03:21:00,FX:EURCAD,1.4731400000000001,1.47316,1.4729700000000001,1.47307,105.0
2024-03-26 03:22:00,FX:EURCAD,1.47307,1.47307,1.4728700000000001,1.4729,86.0
2024-03-26 03:23:00,FX:EURCAD,1.4729,1.47295,1.47279,1.47295,120.0
2024-03-26 03:24:00,FX:EURCAD,1.47295,1.47299,1.47283,1.47285,145.0
2024-03-26 03:25:00,FX:EURCAD,1.47285,1.4729400000000001,1.47283,1.47286,123.0
2024-03-26 03:26:00,FX:EURCAD,1.47286,1.4729100000000002,1.47266,1.47276,182.0
2024-03-26 03:27:00,FX:EURCAD,1.47276,1.4728400000000001,1.47262,1.47263,184.0
2024-03-26 03:28:00,FX:EURCAD,1.47263,1.47273,1.4726000000000001,1.47265,173.0
2024-03-26 03:29:00,FX:EURCAD,1.47265,1.47275,1.47263,1.47272,121.0
2024-03-26 03:30:00,FX:EURCAD,1.47272,1.47281,1.47262,1.47266,151.0
2024-03-26 03:31:00,FX:EURCAD,1.47266,1.47286,1.47266,1.4727400000000002,178.0
2024-03-26 03:32:00,FX:EURCAD,1.4727400000000002,1.47286,1.47269,1.47286,155.0
2024-03-26 03:33:00,FX:EURCAD,1.47286,1.473,1.47285,1.47298,130.0
2024-03-26 03:34:00,FX:EURCAD,1.47298,1.4731,1.4729700000000001,1.47307,168.0
2024-03-26 03:35:00,FX:EURCAD,1.47307,1.4731800000000002,1.47307,1.4731800000000002,99.0
2024-03-26 03:36:00,FX:EURCAD,1.4731800000000002,1.47326,1.47306,1.47307,144.0
2024-03-26 03:37:00,FX:EURCAD,1.47307,1.4731400000000001,1.47285,1.47286,99.0
2024-03-26 03:38:00,FX:EURCAD,1.47286,1.47305,1.47286,1.47305,182.0
2024-03-26 03:39:00,FX:EURCAD,1.47305,1.47313,1.4730100000000002,1.4730100000000002,142.0
2024-03-26 03:40:00,FX:EURCAD,1.4730100000000002,1.4731100000000001,1.47286,1.47288,203.0
2024-03-26 03:41:00,FX:EURCAD,1.47288,1.4729100000000002,1.4727000000000001,1.4728400000000001,295.0
2024-03-26 03:42:00,FX:EURCAD,1.4728400000000001,1.4729100000000002,1.4727700000000001,1.4728400000000001,215.0
2024-03-26 03:43:00,FX:EURCAD,1.4728400000000001,1.4729,1.47271,1.47282,177.0
2024-03-26 03:44:00,FX:EURCAD,1.47282,1.47299,1.47282,1.47295,153.0
2024-03-26 03:45:00,FX:EURCAD,1.47295,1.47303,1.4729400000000001,1.47303,137.0
2024-03-26 03:46:00,FX:EURCAD,1.47303,1.47307,1.47302,1.47303,146.0
2024-03-26 03:47:00,FX:EURCAD,1.47303,1.4731,1.47298,1.47308,176.0
2024-03-26 03:48:00,FX:EURCAD,1.47308,1.47308,1.47299,1.4730100000000002,101.0
2024-03-26 03:49:00,FX:EURCAD,1.4730100000000002,1.47305,1.47293,1.47303,187.0
2024-03-26 03:50:00,FX:EURCAD,1.47303,1.47312,1.4729700000000001,1.47308,126.0
2024-03-26 03:51:00,FX:EURCAD,1.47308,1.47313,1.4730400000000001,1.4731,93.0
2024-03-26 03:52:00,FX:EURCAD,1.4731,1.47322,1.47308,1.47322,119.0
2024-03-26 03:53:00,FX:EURCAD,1.47322,1.47325,1.47315,1.47325,82.0
2024-03-26 03:54:00,FX:EURCAD,1.47325,1.47327,1.4731800000000002,1.4732,153.0
2024-03-26 03:55:00,FX:EURCAD,1.4732,1.47324,1.47312,1.4732,168.0
2024-03-26 03:56:00,FX:EURCAD,1.4732,1.47325,1.4731,1.4732100000000001,175.0
2024-03-26 03:57:00,FX:EURCAD,1.4732100000000001,1.4732100000000001,1.4729400000000001,1.47299,204.0
2024-03-26 03:58:00,FX:EURCAD,1.47299,1.47302,1.47289,1.4729,224.0
2024-03-26 03:59:00,FX:EURCAD,1.4729,1.47309,1.47272,1.47309,393.0
2024-03-26 04:00:00,FX:EURCAD,1.47309,1.47313,1.47256,1.4726700000000001,466.0
2024-03-26 04:01:00,FX:EURCAD,1.4726700000000001,1.47275,1.47262,1.47271,246.0
2024-03-26 04:02:00,FX:EURCAD,1.47271,1.47296,1.47268,1.47296,292.0
2024-03-26 04:03:00,FX:EURCAD,1.47296,1.4731,1.4729100000000002,1.47298,237.0
2024-03-26 04:04:00,FX:EURCAD,1.47298,1.4730400000000001,1.4728,1.4728700000000001,219.0
2024-03-26 04:05:00,FX:EURCAD,1.4728700000000001,1.47312,1.4728700000000001,1.47312,204.0
2024-03-26 04:06:00,FX:EURCAD,1.47312,1.47315,1.473,1.47303,213.0
2024-03-26 04:07:00,FX:EURCAD,1.47303,1.47315,1.47286,1.47308,199.0
2024-03-26 04:08:00,FX:EURCAD,1.47308,1.47309,1.47282,1.4728700000000001,166.0
2024-03-26 04:09:00,FX:EURCAD,1.4728700000000001,1.47306,1.47281,1.47293,196.0
2024-03-26 04:10:00,FX:EURCAD,1.47293,1.4730100000000002,1.47279,1.47292,254.0
2024-03-26 04:11:00,FX:EURCAD,1.47292,1.47307,1.47283,1.47305,224.0
2024-03-26 04:12:00,FX:EURCAD,1.47305,1.47305,1.47276,1.47288,287.0
2024-03-26 04:13:00,FX:EURCAD,1.47288,1.4729400000000001,1.4727700000000001,1.4729,192.0
2024-03-26 04:14:00,FX:EURCAD,1.4729,1.47293,1.47279,1.4728700000000001,142.0
2024-03-26 04:15:00,FX:EURCAD,1.4728700000000001,1.47293,1.4728,1.47286,163.0
2024-03-26 04:16:00,FX:EURCAD,1.47286,1.47299,1.47275,1.47282,177.0
2024-03-26 04:17:00,FX:EURCAD,1.47282,1.47295,1.47278,1.47281,152.0
2024-03-26 04:18:00,FX:EURCAD,1.47281,1.47285,1.47275,1.47278,102.0
2024-03-26 04:19:00,FX:EURCAD,1.47278,1.4729700000000001,1.47278,1.47295,187.0
2024-03-26 04:20:00,FX:EURCAD,1.47295,1.47302,1.4728400000000001,1.47298,210.0
2024-03-26 04:21:00,FX:EURCAD,1.47298,1.47299,1.47282,1.47296,221.0
2024-03-26 04:22:00,FX:EURCAD,1.47296,1.47296,1.4727400000000002,1.47293,158.0
2024-03-26 04:23:00,FX:EURCAD,1.47293,1.4731800000000002,1.47293,1.47308,184.0
2024-03-26 04:24:00,FX:EURCAD,1.47308,1.47309,1.47289,1.4730100000000002,172.0
2024-03-26 04:25:00,FX:EURCAD,1.4730100000000002,1.47303,1.4728400000000001,1.47299,238.0
2024-03-26 04:26:00,FX:EURCAD,1.47299,1.47305,1.4729100000000002,1.47302,204.0
2024-03-26 04:27:00,FX:EURCAD,1.47302,1.4730400000000001,1.47298,1.47302,141.0
2024-03-26 04:28:00,FX:EURCAD,1.47302,1.4731800000000002,1.47299,1.47316,252.0
2024-03-26 04:29:00,FX:EURCAD,1.47316,1.47323,1.47305,1.47308,307.0
2024-03-26 04:30:00,FX:EURCAD,1.47308,1.47317,1.47296,1.47317,312.0
2024-03-26 04:31:00,FX:EURCAD,1.47317,1.47324,1.4731400000000001,1.47323,201.0
2024-03-26 04:32:00,FX:EURCAD,1.47323,1.47325,1.47312,1.4732100000000001,341.0
2024-03-26 04:33:00,FX:EURCAD,1.4732100000000001,1.47329,1.47313,1.47317,155.0
2024-03-26 04:34:00,FX:EURCAD,1.47317,1.47333,1.47313,1.47333,135.0
2024-03-26 04:35:00,FX:EURCAD,1.47333,1.47347,1.47329,1.47347,133.0
2024-03-26 04:36:00,FX:EURCAD,1.47347,1.47351,1.4734,1.47341,159.0
2024-03-26 04:37:00,FX:EURCAD,1.47341,1.47344,1.47327,1.47327,106.0
2024-03-26 04:38:00,FX:EURCAD,1.47327,1.4734,1.47327,1.47336,72.0
2024-03-26 04:39:00,FX:EURCAD,1.47336,1.47353,1.47336,1.47346,159.0
2024-03-26 04:40:00,FX:EURCAD,1.47346,1.47349,1.47333,1.4733800000000001,114.0
2024-03-26 04:41:00,FX:EURCAD,1.4733800000000001,1.47344,1.47333,1.4734,104.0
2024-03-26 04:42:00,FX:EURCAD,1.4734,1.47344,1.4731800000000002,1.47325,107.0
2024-03-26 04:43:00,FX:EURCAD,1.47325,1.47326,1.47313,1.47313,91.0
2024-03-26 04:44:00,FX:EURCAD,1.47313,1.47326,1.47309,1.4731,165.0
2024-03-26 04:45:00,FX:EURCAD,1.4731,1.47325,1.47305,1.4732,126.0
2024-03-26 04:46:00,FX:EURCAD,1.4732,1.47332,1.47302,1.47306,164.0
2024-03-26 04:47:00,FX:EURCAD,1.47306,1.47322,1.47296,1.47316,236.0
2024-03-26 04:48:00,FX:EURCAD,1.47316,1.4731800000000002,1.47308,1.4731100000000001,186.0
2024-03-26 04:49:00,FX:EURCAD,1.4731100000000001,1.47313,1.4729100000000002,1.4729700000000001,181.0
2024-03-26 04:50:00,FX:EURCAD,1.4729700000000001,1.47303,1.4729,1.4729700000000001,155.0
2024-03-26 04:51:00,FX:EURCAD,1.4729700000000001,1.47308,1.47295,1.4730100000000002,234.0
2024-03-26 04:52:00,FX:EURCAD,1.4730100000000002,1.47307,1.4729,1.4730400000000001,201.0
2024-03-26 04:53:00,FX:EURCAD,1.4730400000000001,1.4731100000000001,1.47299,1.4730400000000001,207.0
2024-03-26 04:54:00,FX:EURCAD,1.4730400000000001,1.4731400000000001,1.4730400000000001,1.4731100000000001,187.0
2024-03-26 04:55:00,FX:EURCAD,1.4731100000000001,1.47322,1.4730400000000001,1.47322,147.0
2024-03-26 04:56:00,FX:EURCAD,1.47322,1.47323,1.47312,1.47313,158.0
2024-03-26 04:57:00,FX:EURCAD,1.47313,1.4732,1.47313,1.47316,112.0
2024-03-26 04:58:00,FX:EURCAD,1.47316,1.47317,1.4731,1.4731400000000001,155.0
2024-03-26 04:59:00,FX:EURCAD,1.4731400000000001,1.47317,1.47305,1.47316,154.0
2024-03-26 05:00:00,FX:EURCAD,1.47316,1.4732100000000001,1.47303,1.47305,215.0
2024-03-26 05:01:00,FX:EURCAD,1.47305,1.47307,1.4730100000000002,1.4730400000000001,146.0
2024-03-26 05:02:00,FX:EURCAD,1.4730400000000001,1.47313,1.47299,1.47305,197.0
2024-03-26 05:03:00,FX:EURCAD,1.47305,1.4731400000000001,1.47296,1.4729700000000001,147.0
2024-03-26 05:04:00,FX:EURCAD,1.4729700000000001,1.4730400000000001,1.4729100000000002,1.473,148.0
2024-03-26 05:05:00,FX:EURCAD,1.473,1.47303,1.4727700000000001,1.47283,156.0
2024-03-26 05:06:00,FX:EURCAD,1.47283,1.4729400000000001,1.47273,1.4728400000000001,191.0
2024-03-26 05:07:00,FX:EURCAD,1.4728400000000001,1.47293,1.4727700000000001,1.4728,131.0
2024-03-26 05:08:00,FX:EURCAD,1.4728,1.47299,1.4727700000000001,1.47292,286.0
2024-03-26 05:09:00,FX:EURCAD,1.47292,1.47302,1.4728700000000001,1.47296,245.0
2024-03-26 05:10:00,FX:EURCAD,1.47296,1.47307,1.47278,1.47281,165.0
2024-03-26 05:11:00,FX:EURCAD,1.47281,1.4729,1.47275,1.47279,149.0
2024-03-26 05:12:00,FX:EURCAD,1.47279,1.4729400000000001,1.47263,1.47264,211.0
2024-03-26 05:13:00,FX:EURCAD,1.47264,1.47272,1.47255,1.47258,129.0
2024-03-26 05:14:00,FX:EURCAD,1.47258,1.47273,1.47256,1.47258,104.0
2024-03-26 05:15:00,FX:EURCAD,1.47258,1.47272,1.47252,1.47269,179.0
2024-03-26 05:16:00,FX:EURCAD,1.47269,1.47276,1.4726700000000001,1.47272,104.0
2024-03-26 05:17:00,FX:EURCAD,1.47272,1.47286,1.47268,1.4727000000000001,101.0
2024-03-26 05:18:00,FX:EURCAD,1.4727000000000001,1.4729700000000001,1.47269,1.4728700000000001,153.0
2024-03-26 05:19:00,FX:EURCAD,1.4728700000000001,1.473,1.47286,1.47298,121.0
2024-03-26 05:20:00,FX:EURCAD,1.47298,1.47298,1.4727000000000001,1.47273,156.0
2024-03-26 05:21:00,FX:EURCAD,1.47273,1.47281,1.4726700000000001,1.47281,180.0
2024-03-26 05:22:00,FX:EURCAD,1.47281,1.4728700000000001,1.47268,1.4727000000000001,209.0
2024-03-26 05:23:00,FX:EURCAD,1.4727000000000001,1.4727000000000001,1.4726000000000001,1.47264,172.0
2024-03-26 05:24:00,FX:EURCAD,1.47264,1.47266,1.47255,1.47264,195.0
2024-03-26 05:25:00,FX:EURCAD,1.47264,1.47286,1.4726000000000001,1.47282,146.0
2024-03-26 05:26:00,FX:EURCAD,1.47282,1.47283,1.47268,1.47275,194.0
2024-03-26 05:27:00,FX:EURCAD,1.47275,1.47275,1.4725000000000001,1.47271,239.0
2024-03-26 05:28:00,FX:EURCAD,1.47271,1.47272,1.47254,1.47264,188.0
2024-03-26 05:29:00,FX:EURCAD,1.47264,1.47264,1.47241,1.47247,224.0
2024-03-26 05:30:00,FX:EURCAD,1.47247,1.4725700000000002,1.47241,1.4725700000000002,241.0
2024-03-26 05:31:00,FX:EURCAD,1.4725700000000002,1.47268,1.4725000000000001,1.4726000000000001,287.0
2024-03-26 05:32:00,FX:EURCAD,1.4726000000000001,1.47273,1.4726000000000001,1.4726700000000001,215.0
2024-03-26 05:33:00,FX:EURCAD,1.4726700000000001,1.4727400000000002,1.4725300000000001,1.47254,196.0
2024-03-26 05:34:00,FX:EURCAD,1.47254,1.4726000000000001,1.47246,1.47247,219.0
2024-03-26 05:35:00,FX:EURCAD,1.47247,1.47256,1.47237,1.47237,171.0
2024-03-26 05:36:00,FX:EURCAD,1.47237,1.4727700000000001,1.4723300000000001,1.47272,140.0
2024-03-26 05:37:00,FX:EURCAD,1.47272,1.4728,1.47245,1.4725000000000001,205.0
2024-03-26 05:38:00,FX:EURCAD,1.4725000000000001,1.47256,1.47238,1.47256,176.0
2024-03-26 05:39:00,FX:EURCAD,1.47256,1.47269,1.47254,1.4726700000000001,139.0
2024-03-26 05:40:00,FX:EURCAD,1.4726700000000001,1.4727400000000002,1.47256,1.47266,201.0
2024-03-26 05:41:00,FX:EURCAD,1.47266,1.4729100000000002,1.47266,1.4727400000000002,218.0
2024-03-26 05:42:00,FX:EURCAD,1.4727400000000002,1.4728700000000001,1.47273,1.47282,125.0
2024-03-26 05:43:00,FX:EURCAD,1.47282,1.4728400000000001,1.47268,1.47275,179.0
2024-03-26 05:44:00,FX:EURCAD,1.47275,1.47281,1.47266,1.47273,149.0
2024-03-26 05:45:00,FX:EURCAD,1.47273,1.47276,1.47262,1.47272,144.0
2024-03-26 05:46:00,FX:EURCAD,1.47272,1.47279,1.47268,1.47279,147.0
2024-03-26 05:47:00,FX:EURCAD,1.47279,1.47279,1.4725300000000001,1.47254,110.0
2024-03-26 05:48:00,FX:EURCAD,1.47254,1.4726700000000001,1.47249,1.47261,199.0
2024-03-26 05:49:00,FX:EURCAD,1.47261,1.47268,1.47258,1.47266,173.0
2024-03-26 05:50:00,FX:EURCAD,1.47266,1.47278,1.4726000000000001,1.4727400000000002,183.0
2024-03-26 05:51:00,FX:EURCAD,1.4727400000000002,1.47281,1.47272,1.47281,136.0
2024-03-26 05:52:00,FX:EURCAD,1.47281,1.47281,1.4726700000000001,1.47269,111.0
2024-03-26 05:53:00,FX:EURCAD,1.47269,1.4729,1.47269,1.47289,100.0
2024-03-26 05:54:00,FX:EURCAD,1.47289,1.47289,1.47278,1.47286,83.0
2024-03-26 05:55:00,FX:EURCAD,1.47286,1.47296,1.4728400000000001,1.4729,95.0
2024-03-26 05:56:00,FX:EURCAD,1.4729,1.4729400000000001,1.47283,1.47283,117.0
2024-03-26 05:57:00,FX:EURCAD,1.47283,1.47299,1.47283,1.4728700000000001,164.0
2024-03-26 05:58:00,FX:EURCAD,1.4728700000000001,1.47298,1.47282,1.47298,181.0
2024-03-26 05:59:00,FX:EURCAD,1.47298,1.47298,1.4727700000000001,1.47289,154.0
2024-03-26 06:00:00,FX:EURCAD,1.47289,1.4729,1.4727400000000002,1.47289,171.0
2024-03-26 06:01:00,FX:EURCAD,1.47289,1.47298,1.47283,1.47286,115.0
2024-03-26 06:02:00,FX:EURCAD,1.47286,1.47286,1.47265,1.47276,189.0
2024-03-26 06:03:00,FX:EURCAD,1.47276,1.4727700000000001,1.4726000000000001,1.47261,127.0
2024-03-26 06:04:00,FX:EURCAD,1.47261,1.47281,1.47261,1.47272,156.0
2024-03-26 06:05:00,FX:EURCAD,1.47272,1.47282,1.4726700000000001,1.4727700000000001,156.0
2024-03-26 06:06:00,FX:EURCAD,1.4727700000000001,1.47286,1.47276,1.4728,64.0
2024-03-26 06:07:00,FX:EURCAD,1.4728,1.47282,1.4726000000000001,1.4726700000000001,154.0
2024-03-26 06:08:00,FX:EURCAD,1.4726700000000001,1.47283,1.4726700000000001,1.47278,96.0
2024-03-26 06:09:00,FX:EURCAD,1.47278,1.47286,1.4726700000000001,1.47268,129.0
2024-03-26 06:10:00,FX:EURCAD,1.47268,1.47275,1.47263,1.4727000000000001,203.0
2024-03-26 06:11:00,FX:EURCAD,1.4727000000000001,1.4727700000000001,1.4726000000000001,1.4726000000000001,124.0
2024-03-26 06:12:00,FX:EURCAD,1.4726000000000001,1.4727000000000001,1.47258,1.4726000000000001,115.0
2024-03-26 06:13:00,FX:EURCAD,1.4726000000000001,1.47316,1.47259,1.4731,321.0
2024-03-26 06:14:00,FX:EURCAD,1.4731,1.47324,1.4731,1.4731800000000002,220.0
2024-03-26 06:15:00,FX:EURCAD,1.4731800000000002,1.4732,1.47313,1.4731400000000001,138.0
2024-03-26 06:16:00,FX:EURCAD,1.4731400000000001,1.47327,1.4731,1.47326,229.0
2024-03-26 06:17:00,FX:EURCAD,1.47326,1.47329,1.4730400000000001,1.4731,193.0
2024-03-26 06:18:00,FX:EURCAD,1.4731,1.47324,1.4730100000000002,1.47319,153.0
2024-03-26 06:19:00,FX:EURCAD,1.47319,1.4733500000000002,1.4731800000000002,1.47322,99.0
2024-03-26 06:20:00,FX:EURCAD,1.47322,1.47323,1.47312,1.47312,121.0
2024-03-26 06:21:00,FX:EURCAD,1.47312,1.47322,1.47308,1.4731800000000002,134.0
2024-03-26 06:22:00,FX:EURCAD,1.4731800000000002,1.47329,1.47317,1.4732800000000001,166.0
2024-03-26 06:23:00,FX:EURCAD,1.4732800000000001,1.4734500000000001,1.47325,1.47337,153.0
2024-03-26 06:24:00,FX:EURCAD,1.47337,1.47346,1.47333,1.4733800000000001,107.0
2024-03-26 06:25:00,FX:EURCAD,1.4733800000000001,1.47347,1.47334,1.4733500000000002,156.0
2024-03-26 06:26:00,FX:EURCAD,1.4733500000000002,1.47344,1.47333,1.47336,126.0
2024-03-26 06:27:00,FX:EURCAD,1.47336,1.47354,1.47336,1.47353,204.0
2024-03-26 06:28:00,FX:EURCAD,1.47353,1.4736,1.47349,1.47357,190.0
2024-03-26 06:29:00,FX:EURCAD,1.47357,1.47363,1.47351,1.4736200000000002,197.0
2024-03-26 06:30:00,FX:EURCAD,1.4736200000000002,1.47383,1.4736200000000002,1.4738,212.0
2024-03-26 06:31:00,FX:EURCAD,1.4738,1.4738900000000001,1.4737,1.4738,200.0
2024-03-26 06:32:00,FX:EURCAD,1.4738,1.47381,1.47363,1.47367,111.0
2024-03-26 06:33:00,FX:EURCAD,1.47367,1.4737200000000001,1.4736,1.47367,179.0
2024-03-26 06:34:00,FX:EURCAD,1.47367,1.47373,1.47359,1.47367,192.0
2024-03-26 06:35:00,FX:EURCAD,1.47367,1.47374,1.4736200000000002,1.47374,131.0
2024-03-26 06:36:00,FX:EURCAD,1.47374,1.47384,1.47368,1.47368,128.0
2024-03-26 06:37:00,FX:EURCAD,1.47368,1.47371,1.4736,1.47364,110.0
2024-03-26 06:38:00,FX:EURCAD,1.47364,1.47377,1.4735800000000001,1.4736,106.0
2024-03-26 06:39:00,FX:EURCAD,1.4736,1.4736200000000002,1.47347,1.47354,128.0
2024-03-26 06:40:00,FX:EURCAD,1.47354,1.47356,1.47323,1.47327,212.0
2024-03-26 06:41:00,FX:EURCAD,1.47327,1.4733500000000002,1.47319,1.4732100000000001,104.0
2024-03-26 06:42:00,FX:EURCAD,1.4732100000000001,1.47336,1.4732,1.47334,125.0
2024-03-26 06:43:00,FX:EURCAD,1.47334,1.4733500000000002,1.47308,1.4731100000000001,105.0
2024-03-26 06:44:00,FX:EURCAD,1.4731100000000001,1.4731800000000002,1.47305,1.47316,87.0
2024-03-26 06:45:00,FX:EURCAD,1.47316,1.47317,1.47288,1.4729,102.0
2024-03-26 06:46:00,FX:EURCAD,1.4729,1.4729400000000001,1.47282,1.47286,114.0
2024-03-26 06:47:00,FX:EURCAD,1.47286,1.4729700000000001,1.4728400000000001,1.47289,166.0
2024-03-26 06:48:00,FX:EURCAD,1.47289,1.47292,1.47268,1.47268,143.0
2024-03-26 06:49:00,FX:EURCAD,1.47268,1.47281,1.47264,1.4726700000000001,215.0
2024-03-26 06:50:00,FX:EURCAD,1.4726700000000001,1.47282,1.47264,1.47272,140.0
2024-03-26 06:51:00,FX:EURCAD,1.47272,1.47273,1.47258,1.47264,141.0
2024-03-26 06:52:00,FX:EURCAD,1.47264,1.4726700000000001,1.47248,1.47251,186.0
2024-03-26 06:53:00,FX:EURCAD,1.47251,1.47265,1.47247,1.47265,156.0
2024-03-26 06:54:00,FX:EURCAD,1.47265,1.47279,1.47259,1.47278,119.0
2024-03-26 06:55:00,FX:EURCAD,1.47278,1.47278,1.47263,1.4726700000000001,126.0
2024-03-26 06:56:00,FX:EURCAD,1.4726700000000001,1.47271,1.47261,1.47262,110.0
2024-03-26 06:57:00,FX:EURCAD,1.47262,1.47262,1.4725000000000001,1.4725700000000002,108.0
2024-03-26 06:58:00,FX:EURCAD,1.4725700000000002,1.47258,1.47241,1.47244,257.0
2024-03-26 06:59:00,FX:EURCAD,1.47244,1.47249,1.47235,1.47246,274.0
2024-03-26 07:00:00,FX:EURCAD,1.47246,1.47247,1.47229,1.47239,242.0
2024-03-26 07:01:00,FX:EURCAD,1.47239,1.47245,1.4723300000000001,1.47245,103.0
2024-03-26 07:02:00,FX:EURCAD,1.47245,1.47251,1.47238,1.4724300000000001,142.0
2024-03-26 07:03:00,FX:EURCAD,1.4724300000000001,1.47256,1.47239,1.47252,128.0
2024-03-26 07:04:00,FX:EURCAD,1.47252,1.47252,1.47224,1.4723000000000002,151.0
2024-03-26 07:05:00,FX:EURCAD,1.4723000000000002,1.47231,1.4721300000000002,1.47215,104.0
2024-03-26 07:06:00,FX:EURCAD,1.47215,1.47248,1.47214,1.47248,164.0
2024-03-26 07:07:00,FX:EURCAD,1.47248,1.47249,1.4723300000000001,1.4723600000000001,88.0
2024-03-26 07:08:00,FX:EURCAD,1.4723600000000001,1.47245,1.47229,1.4724300000000001,143.0
2024-03-26 07:09:00,FX:EURCAD,1.4724300000000001,1.47261,1.4724300000000001,1.47255,152.0
2024-03-26 07:10:00,FX:EURCAD,1.47255,1.4727000000000001,1.47254,1.47261,117.0
2024-03-26 07:11:00,FX:EURCAD,1.47261,1.47261,1.47247,1.47247,84.0
2024-03-26 07:12:00,FX:EURCAD,1.47247,1.47251,1.47242,1.4725000000000001,99.0
2024-03-26 07:13:00,FX:EURCAD,1.4725000000000001,1.47269,1.47248,1.4726700000000001,138.0
2024-03-26 07:14:00,FX:EURCAD,1.4726700000000001,1.4726700000000001,1.4724300000000001,1.4724300000000001,206.0
2024-03-26 07:15:00,FX:EURCAD,1.4724300000000001,1.47247,1.47229,1.47231,151.0
2024-03-26 07:16:00,FX:EURCAD,1.47231,1.4724300000000001,1.47227,1.4724000000000002,154.0
2024-03-26 07:17:00,FX:EURCAD,1.4724000000000002,1.47242,1.47217,1.47219,103.0
2024-03-26 07:18:00,FX:EURCAD,1.47219,1.47232,1.47217,1.47228,141.0
2024-03-26 07:19:00,FX:EURCAD,1.47228,1.47235,1.47227,1.4723000000000002,128.0
2024-03-26 07:20:00,FX:EURCAD,1.4723000000000002,1.47251,1.47229,1.47251,135.0
2024-03-26 07:21:00,FX:EURCAD,1.47251,1.47252,1.4723600000000001,1.47245,163.0
2024-03-26 07:22:00,FX:EURCAD,1.47245,1.47251,1.4722300000000001,1.47224,97.0
2024-03-26 07:23:00,FX:EURCAD,1.47224,1.47237,1.4722300000000001,1.47225,116.0
2024-03-26 07:24:00,FX:EURCAD,1.47225,1.4723300000000001,1.47214,1.47231,191.0
2024-03-26 07:25:00,FX:EURCAD,1.47231,1.47237,1.4722,1.47224,152.0
2024-03-26 07:26:00,FX:EURCAD,1.47224,1.47227,1.4720900000000001,1.4722600000000001,185.0
2024-03-26 07:27:00,FX:EURCAD,1.4722600000000001,1.4723300000000001,1.4722300000000001,1.47225,118.0
2024-03-26 07:28:00,FX:EURCAD,1.47225,1.47234,1.47221,1.47229,105.0
2024-03-26 07:29:00,FX:EURCAD,1.47229,1.4723300000000001,1.47224,1.4723000000000002,108.0
2024-03-26 07:30:00,FX:EURCAD,1.4723000000000002,1.47235,1.47224,1.47235,151.0
2024-03-26 07:31:00,FX:EURCAD,1.47235,1.47238,1.47228,1.4723000000000002,92.0
2024-03-26 07:32:00,FX:EURCAD,1.4723000000000002,1.47242,1.4723000000000002,1.4723300000000001,110.0
2024-03-26 07:33:00,FX:EURCAD,1.4723300000000001,1.47245,1.47232,1.47237,126.0
2024-03-26 07:34:00,FX:EURCAD,1.47237,1.47247,1.47232,1.47244,140.0
2024-03-26 07:35:00,FX:EURCAD,1.47244,1.4725000000000001,1.47244,1.47248,102.0
2024-03-26 07:36:00,FX:EURCAD,1.47248,1.47256,1.47235,1.47255,138.0
2024-03-26 07:37:00,FX:EURCAD,1.47255,1.47265,1.47244,1.47259,166.0
2024-03-26 07:38:00,FX:EURCAD,1.47259,1.4726700000000001,1.47246,1.47254,118.0
2024-03-26 07:39:00,FX:EURCAD,1.47254,1.47259,1.4724300000000001,1.4725000000000001,157.0
2024-03-26 07:40:00,FX:EURCAD,1.4725000000000001,1.47251,1.4723000000000002,1.4723600000000001,151.0
2024-03-26 07:41:00,FX:EURCAD,1.4723600000000001,1.47237,1.47221,1.47225,137.0
2024-03-26 07:42:00,FX:EURCAD,1.47225,1.47238,1.47224,1.47228,102.0
2024-03-26 07:43:00,FX:EURCAD,1.47228,1.4723300000000001,1.47222,1.4723000000000002,90.0
2024-03-26 07:44:00,FX:EURCAD,1.4723000000000002,1.4724300000000001,1.47228,1.47238,140.0
2024-03-26 07:45:00,FX:EURCAD,1.47238,1.47264,1.4723300000000001,1.47259,175.0
2024-03-26 07:46:00,FX:EURCAD,1.47259,1.4727700000000001,1.47252,1.47273,144.0
2024-03-26 07:47:00,FX:EURCAD,1.47273,1.47283,1.47269,1.47282,174.0
2024-03-26 07:48:00,FX:EURCAD,1.47282,1.4729,1.4727000000000001,1.4727400000000002,204.0
2024-03-26 07:49:00,FX:EURCAD,1.4727400000000002,1.4729100000000002,1.4727400000000002,1.4728700000000001,90.0
2024-03-26 07:50:00,FX:EURCAD,1.4728700000000001,1.4730100000000002,1.4728400000000001,1.4728700000000001,87.0
2024-03-26 07:51:00,FX:EURCAD,1.4728700000000001,1.47292,1.47281,1.47283,108.0
2024-03-26 07:52:00,FX:EURCAD,1.47283,1.47283,1.47272,1.47272,142.0
2024-03-26 07:53:00,FX:EURCAD,1.47272,1.47275,1.47259,1.47261,121.0
2024-03-26 07:54:00,FX:EURCAD,1.47261,1.47273,1.47256,1.47271,115.0
2024-03-26 07:55:00,FX:EURCAD,1.47271,1.47275,1.47264,1.47264,186.0
2024-03-26 07:56:00,FX:EURCAD,1.47264,1.47275,1.47261,1.47272,109.0
2024-03-26 07:57:00,FX:EURCAD,1.47272,1.4729,1.4726700000000001,1.47268,234.0
2024-03-26 07:58:00,FX:EURCAD,1.47268,1.47293,1.47263,1.47282,157.0
2024-03-26 07:59:00,FX:EURCAD,1.47282,1.47283,1.47261,1.47263,102.0
2024-03-26 08:00:00,FX:EURCAD,1.47263,1.47286,1.47261,1.47281,317.0
2024-03-26 08:01:00,FX:EURCAD,1.47281,1.47292,1.47271,1.47289,209.0
2024-03-26 08:02:00,FX:EURCAD,1.47289,1.47295,1.47278,1.47283,157.0
2024-03-26 08:03:00,FX:EURCAD,1.47283,1.4729100000000002,1.47276,1.4729100000000002,190.0
2024-03-26 08:04:00,FX:EURCAD,1.4729100000000002,1.4730100000000002,1.4728700000000001,1.47293,153.0
2024-03-26 08:05:00,FX:EURCAD,1.47293,1.47299,1.4728,1.47292,209.0
2024-03-26 08:06:00,FX:EURCAD,1.47292,1.4729700000000001,1.47276,1.47276,125.0
2024-03-26 08:07:00,FX:EURCAD,1.47276,1.4728400000000001,1.4726700000000001,1.47282,143.0
2024-03-26 08:08:00,FX:EURCAD,1.47282,1.47296,1.47276,1.47292,199.0
2024-03-26 08:09:00,FX:EURCAD,1.47292,1.47307,1.47281,1.47302,178.0
2024-03-26 08:10:00,FX:EURCAD,1.47302,1.47306,1.47285,1.47285,83.0
2024-03-26 08:11:00,FX:EURCAD,1.47285,1.4729,1.47278,1.47282,110.0
2024-03-26 08:12:00,FX:EURCAD,1.47282,1.47285,1.4727000000000001,1.47273,110.0
2024-03-26 08:13:00,FX:EURCAD,1.47273,1.4728,1.47259,1.47271,148.0
2024-03-26 08:14:00,FX:EURCAD,1.47271,1.47281,1.47268,1.47279,204.0
2024-03-26 08:15:00,FX:EURCAD,1.47279,1.47295,1.4727700000000001,1.4728700000000001,129.0
2024-03-26 08:16:00,FX:EURCAD,1.4728700000000001,1.4728700000000001,1.47268,1.47273,95.0
2024-03-26 08:17:00,FX:EURCAD,1.47273,1.47275,1.4725300000000001,1.4725700000000002,147.0
2024-03-26 08:18:00,FX:EURCAD,1.4725700000000002,1.47266,1.47252,1.47265,120.0
2024-03-26 08:19:00,FX:EURCAD,1.47265,1.4727700000000001,1.47245,1.47245,202.0
2024-03-26 08:20:00,FX:EURCAD,1.47245,1.47246,1.47219,1.47219,310.0
2024-03-26 08:21:00,FX:EURCAD,1.47219,1.47232,1.47214,1.47217,210.0
2024-03-26 08:22:00,FX:EURCAD,1.47217,1.4722600000000001,1.47211,1.47215,187.0
2024-03-26 08:23:00,FX:EURCAD,1.47215,1.47215,1.47188,1.472,226.0
2024-03-26 08:24:00,FX:EURCAD,1.472,1.47201,1.47184,1.47201,251.0
2024-03-26 08:25:00,FX:EURCAD,1.47201,1.47232,1.472,1.47211,334.0
2024-03-26 08:26:00,FX:EURCAD,1.47211,1.47211,1.4718900000000001,1.47193,159.0
2024-03-26 08:27:00,FX:EURCAD,1.47193,1.4721300000000002,1.47193,1.47204,225.0
2024-03-26 08:28:00,FX:EURCAD,1.47204,1.47221,1.47198,1.47221,125.0
2024-03-26 08:29:00,FX:EURCAD,1.47221,1.47237,1.4719600000000002,1.47201,204.0
2024-03-26 08:30:00,FX:EURCAD,1.47201,1.47251,1.4719600000000002,1.47232,698.0
2024-03-26 08:31:00,FX:EURCAD,1.47232,1.4725300000000001,1.4723000000000002,1.47246,167.0
2024-03-26 08:32:00,FX:EURCAD,1.47246,1.47254,1.47234,1.4723600000000001,165.0
2024-03-26 08:33:00,FX:EURCAD,1.4723600000000001,1.47249,1.4723600000000001,1.47241,209.0
2024-03-26 08:34:00,FX:EURCAD,1.47241,1.4724300000000001,1.47225,1.47225,213.0
2024-03-26 08:35:00,FX:EURCAD,1.47225,1.47238,1.4722,1.47238,272.0
2024-03-26 08:36:00,FX:EURCAD,1.47238,1.47241,1.47228,1.47228,209.0
2024-03-26 08:37:00,FX:EURCAD,1.47228,1.4724000000000002,1.4722300000000001,1.4722600000000001,294.0
2024-03-26 08:38:00,FX:EURCAD,1.4722600000000001,1.47234,1.47221,1.47225,169.0
2024-03-26 08:39:00,FX:EURCAD,1.47225,1.47237,1.47208,1.47215,235.0
2024-03-26 08:40:00,FX:EURCAD,1.47215,1.47219,1.4719600000000002,1.4719900000000001,220.0
2024-03-26 08:41:00,FX:EURCAD,1.4719900000000001,1.47202,1.4716900000000002,1.47171,282.0
2024-03-26 08:42:00,FX:EURCAD,1.47171,1.4717900000000002,1.4716500000000001,1.47177,183.0
2024-03-26 08:43:00,FX:EURCAD,1.47177,1.4718900000000001,1.47167,1.4717900000000002,271.0
2024-03-26 08:44:00,FX:EURCAD,1.4717900000000002,1.4719200000000001,1.4717,1.47177,298.0
2024-03-26 08:45:00,FX:EURCAD,1.47177,1.47183,1.47147,1.47154,233.0
2024-03-26 08:46:00,FX:EURCAD,1.47154,1.47167,1.4715200000000002,1.47164,284.0
2024-03-26 08:47:00,FX:EURCAD,1.47164,1.47168,1.47157,1.47164,234.0
2024-03-26 08:48:00,FX:EURCAD,1.47164,1.47164,1.4712100000000001,1.4712100000000001,230.0
2024-03-26 08:49:00,FX:EURCAD,1.4712100000000001,1.4713,1.47115,1.47116,254.0
2024-03-26 08:50:00,FX:EURCAD,1.47116,1.4712,1.47107,1.47112,202.0
2024-03-26 08:51:00,FX:EURCAD,1.47112,1.47122,1.4710400000000001,1.47119,190.0
2024-03-26 08:52:00,FX:EURCAD,1.47119,1.47127,1.4711,1.4711100000000001,168.0
2024-03-26 08:53:00,FX:EURCAD,1.4711100000000001,1.4711400000000001,1.471,1.471,141.0
2024-03-26 08:54:00,FX:EURCAD,1.471,1.47103,1.4709,1.47096,119.0
2024-03-26 08:55:00,FX:EURCAD,1.47096,1.47103,1.47086,1.47086,159.0
2024-03-26 08:56:00,FX:EURCAD,1.47086,1.4712100000000001,1.47086,1.47119,139.0
2024-03-26 08:57:00,FX:EURCAD,1.47119,1.4712,1.47106,1.4712,154.0
2024-03-26 08:58:00,FX:EURCAD,1.4712,1.47132,1.4709400000000001,1.47096,229.0
2024-03-26 08:59:00,FX:EURCAD,1.47096,1.4711,1.4709100000000002,1.47097,275.0
2024-03-26 09:00:00,FX:EURCAD,1.47097,1.47133,1.47092,1.47119,296.0
2024-03-26 09:01:00,FX:EURCAD,1.47119,1.4712800000000001,1.47106,1.4712,246.0
2024-03-26 09:02:00,FX:EURCAD,1.4712,1.47134,1.4711100000000001,1.47125,163.0
2024-03-26 09:03:00,FX:EURCAD,1.47125,1.4713800000000001,1.47116,1.47132,178.0
2024-03-26 09:04:00,FX:EURCAD,1.47132,1.47146,1.4713100000000001,1.47142,236.0
2024-03-26 09:05:00,FX:EURCAD,1.47142,1.47149,1.47125,1.47147,201.0
2024-03-26 09:06:00,FX:EURCAD,1.47147,1.4716,1.4713800000000001,1.47156,163.0
2024-03-26 09:07:00,FX:EURCAD,1.47156,1.47161,1.4713500000000002,1.47147,231.0
2024-03-26 09:08:00,FX:EURCAD,1.47147,1.47166,1.47147,1.47166,199.0
2024-03-26 09:09:00,FX:EURCAD,1.47166,1.4718200000000001,1.4716500000000001,1.4718,162.0
2024-03-26 09:10:00,FX:EURCAD,1.4718,1.47188,1.4716900000000002,1.4718,154.0
2024-03-26 09:11:00,FX:EURCAD,1.4718,1.47198,1.47176,1.47197,256.0
2024-03-26 09:12:00,FX:EURCAD,1.47197,1.47222,1.47193,1.4721600000000001,222.0
2024-03-26 09:13:00,FX:EURCAD,1.4721600000000001,1.47228,1.4721300000000002,1.4721600000000001,257.0
2024-03-26 09:14:00,FX:EURCAD,1.4721600000000001,1.47228,1.4720900000000001,1.47211,211.0
2024-03-26 09:15:00,FX:EURCAD,1.47211,1.4721600000000001,1.47203,1.47208,125.0
2024-03-26 09:16:00,FX:EURCAD,1.47208,1.4721,1.4718900000000001,1.4718900000000001,156.0
2024-03-26 09:17:00,FX:EURCAD,1.4718900000000001,1.4719,1.47164,1.4716900000000002,225.0
2024-03-26 09:18:00,FX:EURCAD,1.4716900000000002,1.4716900000000002,1.47157,1.47163,190.0
2024-03-26 09:19:00,FX:EURCAD,1.47163,1.4716500000000001,1.4713800000000001,1.4713800000000001,187.0
2024-03-26 09:20:00,FX:EURCAD,1.4713800000000001,1.47144,1.47129,1.47129,142.0
2024-03-26 09:21:00,FX:EURCAD,1.47129,1.47132,1.4711400000000001,1.4711800000000002,210.0
2024-03-26 09:22:00,FX:EURCAD,1.4711800000000002,1.47122,1.47093,1.47093,201.0
2024-03-26 09:23:00,FX:EURCAD,1.47093,1.47098,1.47081,1.47085,327.0
2024-03-26 09:24:00,FX:EURCAD,1.47085,1.47099,1.47083,1.47089,274.0
2024-03-26 09:25:00,FX:EURCAD,1.47089,1.47096,1.47078,1.47082,247.0
2024-03-26 09:26:00,FX:EURCAD,1.47082,1.47092,1.47069,1.47092,257.0
2024-03-26 09:27:00,FX:EURCAD,1.47092,1.47092,1.47083,1.47085,158.0
2024-03-26 09:28:00,FX:EURCAD,1.47085,1.47089,1.47062,1.47064,189.0
2024-03-26 09:29:00,FX:EURCAD,1.47064,1.47089,1.47064,1.47089,178.0
2024-03-26 09:30:00,FX:EURCAD,1.47089,1.4710400000000001,1.4708700000000001,1.47102,195.0
2024-03-26 09:31:00,FX:EURCAD,1.47102,1.47115,1.47092,1.47096,338.0
2024-03-26 09:32:00,FX:EURCAD,1.47096,1.4711,1.47076,1.47085,468.0
2024-03-26 09:33:00,FX:EURCAD,1.47085,1.47109,1.4708400000000001,1.47105,227.0
2024-03-26 09:34:00,FX:EURCAD,1.47105,1.47124,1.4710400000000001,1.47119,190.0
2024-03-26 09:35:00,FX:EURCAD,1.47119,1.4713,1.4711,1.4711400000000001,236.0
2024-03-26 09:36:00,FX:EURCAD,1.4711400000000001,1.47119,1.4710800000000002,1.47109,205.0
2024-03-26 09:37:00,FX:EURCAD,1.47109,1.47116,1.47102,1.47107,220.0
2024-03-26 09:38:00,FX:EURCAD,1.47107,1.47117,1.47103,1.47109,96.0
2024-03-26 09:39:00,FX:EURCAD,1.47109,1.4714,1.47107,1.47139,164.0
2024-03-26 09:40:00,FX:EURCAD,1.47139,1.4715,1.4712100000000001,1.47124,314.0
2024-03-26 09:41:00,FX:EURCAD,1.47124,1.47158,1.47123,1.47157,316.0
2024-03-26 09:42:00,FX:EURCAD,1.47157,1.47157,1.47133,1.47147,282.0
2024-03-26 09:43:00,FX:EURCAD,1.47147,1.4718,1.47147,1.47167,350.0
2024-03-26 09:44:00,FX:EURCAD,1.47167,1.47193,1.47167,1.4719200000000001,186.0
2024-03-26 09:45:00,FX:EURCAD,1.4719200000000001,1.47198,1.47184,1.4719600000000002,135.0
2024-03-26 09:46:00,FX:EURCAD,1.4719600000000002,1.47198,1.47184,1.4719600000000002,167.0
2024-03-26 09:47:00,FX:EURCAD,1.4719600000000002,1.4719900000000001,1.47177,1.4717900000000002,215.0
2024-03-26 09:48:00,FX:EURCAD,1.4717900000000002,1.47187,1.4717,1.47176,268.0
2024-03-26 09:49:00,FX:EURCAD,1.47176,1.47183,1.4716500000000001,1.47168,214.0
2024-03-26 09:50:00,FX:EURCAD,1.47168,1.4717,1.4713800000000001,1.47141,250.0
2024-03-26 09:51:00,FX:EURCAD,1.47141,1.4715200000000002,1.47133,1.4715200000000002,248.0
2024-03-26 09:52:00,FX:EURCAD,1.4715200000000002,1.4717900000000002,1.4715,1.4717900000000002,213.0
2024-03-26 09:53:00,FX:EURCAD,1.4717900000000002,1.47186,1.4717200000000001,1.47181,194.0
2024-03-26 09:54:00,FX:EURCAD,1.47181,1.4719,1.4717500000000001,1.47184,272.0
2024-03-26 09:55:00,FX:EURCAD,1.47184,1.47214,1.47184,1.47212,237.0
2024-03-26 09:56:00,FX:EURCAD,1.47212,1.47227,1.47208,1.47221,163.0
2024-03-26 09:57:00,FX:EURCAD,1.47221,1.4723300000000001,1.4721600000000001,1.47225,141.0
2024-03-26 09:58:00,FX:EURCAD,1.47225,1.4723000000000002,1.4721300000000002,1.4722,116.0
2024-03-26 09:59:00,FX:EURCAD,1.4722,1.4722300000000001,1.47201,1.4720600000000001,270.0
2024-03-26 10:00:00,FX:EURCAD,1.4720600000000001,1.47229,1.47183,1.47224,545.0
2024-03-26 10:01:00,FX:EURCAD,1.47224,1.47242,1.47217,1.4723000000000002,347.0
2024-03-26 10:02:00,FX:EURCAD,1.4723000000000002,1.4723000000000002,1.47201,1.47208,246.0
2024-03-26 10:03:00,FX:EURCAD,1.47208,1.4723300000000001,1.47207,1.47225,270.0
2024-03-26 10:04:00,FX:EURCAD,1.47225,1.47241,1.47212,1.4721300000000002,315.0
2024-03-26 10:05:00,FX:EURCAD,1.4721300000000002,1.4721600000000001,1.4718200000000001,1.47187,290.0
2024-03-26 10:06:00,FX:EURCAD,1.47187,1.47193,1.47176,1.47177,303.0
2024-03-26 10:07:00,FX:EURCAD,1.47177,1.4718200000000001,1.47168,1.4716900000000002,237.0
2024-03-26 10:08:00,FX:EURCAD,1.4716900000000002,1.4716900000000002,1.47137,1.47144,261.0
2024-03-26 10:09:00,FX:EURCAD,1.47144,1.47188,1.47142,1.47186,223.0
2024-03-26 10:10:00,FX:EURCAD,1.47186,1.47186,1.4716900000000002,1.47177,243.0
2024-03-26 10:11:00,FX:EURCAD,1.47177,1.47185,1.4716500000000001,1.47168,214.0
2024-03-26 10:12:00,FX:EURCAD,1.47168,1.47183,1.47167,1.47176,206.0
2024-03-26 10:13:00,FX:EURCAD,1.47176,1.47184,1.4717200000000001,1.47176,236.0
2024-03-26 10:14:00,FX:EURCAD,1.47176,1.47186,1.4717,1.4718,287.0
2024-03-26 10:15:00,FX:EURCAD,1.4718,1.47183,1.4716200000000002,1.47181,348.0
2024-03-26 10:16:00,FX:EURCAD,1.47181,1.4718900000000001,1.4717500000000001,1.47186,219.0
2024-03-26 10:17:00,FX:EURCAD,1.47186,1.4719200000000001,1.4717900000000002,1.47181,233.0
2024-03-26 10:18:00,FX:EURCAD,1.47181,1.4718200000000001,1.47159,1.4716200000000002,251.0
2024-03-26 10:19:00,FX:EURCAD,1.4716200000000002,1.47166,1.47147,1.4715,161.0
2024-03-26 10:20:00,FX:EURCAD,1.4715,1.4716500000000001,1.47143,1.47147,193.0
2024-03-26 10:21:00,FX:EURCAD,1.47147,1.47167,1.47147,1.47161,224.0
2024-03-26 10:22:00,FX:EURCAD,1.47161,1.4717,1.4715200000000002,1.4715200000000002,263.0
2024-03-26 10:23:00,FX:EURCAD,1.4715200000000002,1.4716500000000001,1.4714800000000001,1.4716500000000001,181.0
2024-03-26 10:24:00,FX:EURCAD,1.4716500000000001,1.4717,1.4715200000000002,1.4715200000000002,173.0
2024-03-26 10:25:00,FX:EURCAD,1.4715200000000002,1.47158,1.4712100000000001,1.47124,236.0
2024-03-26 10:26:00,FX:EURCAD,1.47124,1.47141,1.4712,1.47134,149.0
2024-03-26 10:27:00,FX:EURCAD,1.47134,1.47167,1.47133,1.47166,301.0
2024-03-26 10:28:00,FX:EURCAD,1.47166,1.47168,1.4714800000000001,1.4714800000000001,242.0
2024-03-26 10:29:00,FX:EURCAD,1.4714800000000001,1.47156,1.4714,1.47153,331.0
2024-03-26 10:30:00,FX:EURCAD,1.47153,1.4716200000000002,1.4714,1.4715,350.0
2024-03-26 10:31:00,FX:EURCAD,1.4715,1.47164,1.4715,1.47164,218.0
2024-03-26 10:32:00,FX:EURCAD,1.47164,1.47167,1.47143,1.47158,162.0
2024-03-26 10:33:00,FX:EURCAD,1.47158,1.47166,1.47141,1.47166,280.0
2024-03-26 10:34:00,FX:EURCAD,1.47166,1.47171,1.47151,1.4717,305.0
2024-03-26 10:35:00,FX:EURCAD,1.4717,1.4717,1.47144,1.4715200000000002,220.0
2024-03-26 10:36:00,FX:EURCAD,1.4715200000000002,1.47164,1.4714800000000001,1.47157,163.0
2024-03-26 10:37:00,FX:EURCAD,1.47157,1.47173,1.47157,1.47164,198.0
2024-03-26 10:38:00,FX:EURCAD,1.47164,1.47173,1.4716200000000002,1.47171,109.0
2024-03-26 10:39:00,FX:EURCAD,1.47171,1.4717500000000001,1.47151,1.47151,181.0
2024-03-26 10:40:00,FX:EURCAD,1.47151,1.47168,1.47151,1.47157,197.0
2024-03-26 10:41:00,FX:EURCAD,1.47157,1.47159,1.4714800000000001,1.4714800000000001,181.0
2024-03-26 10:42:00,FX:EURCAD,1.4714800000000001,1.4715,1.4712100000000001,1.47132,241.0
2024-03-26 10:43:00,FX:EURCAD,1.47132,1.4716200000000002,1.47126,1.47147,312.0
2024-03-26 10:44:00,FX:EURCAD,1.47147,1.47159,1.47132,1.47133,172.0
2024-03-26 10:45:00,FX:EURCAD,1.47133,1.47142,1.47125,1.47134,354.0
2024-03-26 10:46:00,FX:EURCAD,1.47134,1.47144,1.47122,1.47139,213.0
2024-03-26 10:47:00,FX:EURCAD,1.47139,1.4714,1.4712,1.47126,209.0
2024-03-26 10:48:00,FX:EURCAD,1.47126,1.4712800000000001,1.47109,1.4711,244.0
2024-03-26 10:49:00,FX:EURCAD,1.4711,1.47133,1.47109,1.4713100000000001,148.0
2024-03-26 10:50:00,FX:EURCAD,1.4713100000000001,1.4713500000000002,1.47107,1.47119,203.0
2024-03-26 10:51:00,FX:EURCAD,1.47119,1.47136,1.4711100000000001,1.47129,369.0
2024-03-26 10:52:00,FX:EURCAD,1.47129,1.47143,1.47125,1.4713500000000002,237.0
2024-03-26 10:53:00,FX:EURCAD,1.4713500000000002,1.4715,1.4713100000000001,1.4715,193.0
2024-03-26 10:54:00,FX:EURCAD,1.4715,1.47153,1.47141,1.47149,148.0
2024-03-26 10:55:00,FX:EURCAD,1.47149,1.4715,1.47117,1.47119,245.0
2024-03-26 10:56:00,FX:EURCAD,1.47119,1.47125,1.4711100000000001,1.4711400000000001,259.0
2024-03-26 10:57:00,FX:EURCAD,1.4711400000000001,1.4712800000000001,1.47096,1.4710400000000001,229.0
2024-03-26 10:58:00,FX:EURCAD,1.4710400000000001,1.47113,1.47096,1.47109,247.0
2024-03-26 10:59:00,FX:EURCAD,1.47109,1.4711100000000001,1.47093,1.47106,236.0
2024-03-26 11:00:00,FX:EURCAD,1.47106,1.47113,1.47085,1.47085,237.0
2024-03-26 11:01:00,FX:EURCAD,1.47085,1.4710400000000001,1.47085,1.47096,250.0
2024-03-26 11:02:00,FX:EURCAD,1.47096,1.471,1.47075,1.4708,224.0
2024-03-26 11:03:00,FX:EURCAD,1.4708,1.47088,1.4707000000000001,1.47082,209.0
2024-03-26 11:04:00,FX:EURCAD,1.47082,1.47082,1.4705700000000002,1.47064,187.0
2024-03-26 11:05:00,FX:EURCAD,1.47064,1.47088,1.47064,1.47072,122.0
2024-03-26 11:06:00,FX:EURCAD,1.47072,1.4708400000000001,1.47065,1.47073,191.0
2024-03-26 11:07:00,FX:EURCAD,1.47073,1.47086,1.47068,1.47073,175.0
2024-03-26 11:08:00,FX:EURCAD,1.47073,1.4707400000000002,1.47055,1.47066,171.0
2024-03-26 11:09:00,FX:EURCAD,1.47066,1.4710100000000002,1.47066,1.471,198.0
2024-03-26 11:10:00,FX:EURCAD,1.471,1.471,1.47072,1.47086,151.0
2024-03-26 11:11:00,FX:EURCAD,1.47086,1.47098,1.47081,1.47097,155.0
2024-03-26 11:12:00,FX:EURCAD,1.47097,1.47097,1.47078,1.47089,164.0
2024-03-26 11:13:00,FX:EURCAD,1.47089,1.47093,1.47081,1.47088,217.0
2024-03-26 11:14:00,FX:EURCAD,1.47088,1.47096,1.4708400000000001,1.4708700000000001,178.0
2024-03-26 11:15:00,FX:EURCAD,1.4708700000000001,1.4710100000000002,1.47086,1.4709100000000002,180.0
2024-03-26 11:16:00,FX:EURCAD,1.4709100000000002,1.47093,1.47075,1.47083,250.0
2024-03-26 11:17:00,FX:EURCAD,1.47083,1.47097,1.47071,1.47073,283.0
2024-03-26 11:18:00,FX:EURCAD,1.47073,1.47075,1.47058,1.47061,249.0
2024-03-26 11:19:00,FX:EURCAD,1.47061,1.47065,1.4705700000000002,1.47059,195.0
2024-03-26 11:20:00,FX:EURCAD,1.47059,1.4706700000000001,1.4705000000000001,1.4706000000000001,200.0
2024-03-26 11:21:00,FX:EURCAD,1.4706000000000001,1.47064,1.4705000000000001,1.4705700000000002,252.0
2024-03-26 11:22:00,FX:EURCAD,1.4705700000000002,1.47085,1.47051,1.4707000000000001,148.0
2024-03-26 11:23:00,FX:EURCAD,1.4707000000000001,1.47089,1.47069,1.47085,136.0
2024-03-26 11:24:00,FX:EURCAD,1.47085,1.4711800000000002,1.47079,1.4711400000000001,214.0
2024-03-26 11:25:00,FX:EURCAD,1.4711400000000001,1.47115,1.47096,1.471,166.0
2024-03-26 11:26:00,FX:EURCAD,1.471,1.4712800000000001,1.471,1.47127,188.0
2024-03-26 11:27:00,FX:EURCAD,1.47127,1.4713500000000002,1.47124,1.47129,183.0
2024-03-26 11:28:00,FX:EURCAD,1.47129,1.47143,1.47129,1.47133,242.0
2024-03-26 11:29:00,FX:EURCAD,1.47133,1.4714,1.47127,1.47132,140.0
2024-03-26 11:30:00,FX:EURCAD,1.47132,1.47144,1.47129,1.47132,188.0
2024-03-26 11:31:00,FX:EURCAD,1.47132,1.47136,1.47126,1.47129,232.0
2024-03-26 11:32:00,FX:EURCAD,1.47129,1.47134,1.47122,1.47132,263.0
2024-03-26 11:33:00,FX:EURCAD,1.47132,1.4713800000000001,1.47113,1.4712800000000001,271.0
2024-03-26 11:34:00,FX:EURCAD,1.4712800000000001,1.4713500000000002,1.4711400000000001,1.47129,242.0
2024-03-26 11:35:00,FX:EURCAD,1.47129,1.47144,1.4712800000000001,1.47142,204.0
2024-03-26 11:36:00,FX:EURCAD,1.47142,1.47154,1.47134,1.47142,218.0
2024-03-26 11:37:00,FX:EURCAD,1.47142,1.47154,1.4713100000000001,1.47146,177.0
2024-03-26 11:38:00,FX:EURCAD,1.47146,1.47146,1.47123,1.47127,184.0
2024-03-26 11:39:00,FX:EURCAD,1.47127,1.47137,1.47117,1.4711800000000002,143.0
2024-03-26 11:40:00,FX:EURCAD,1.4711800000000002,1.47127,1.47095,1.47095,262.0
2024-03-26 11:41:00,FX:EURCAD,1.47095,1.47105,1.4708400000000001,1.4709100000000002,270.0
2024-03-26 11:42:00,FX:EURCAD,1.4709100000000002,1.47102,1.4708700000000001,1.47102,151.0
2024-03-26 11:43:00,FX:EURCAD,1.47102,1.47115,1.47078,1.47078,186.0
2024-03-26 11:44:00,FX:EURCAD,1.47078,1.47078,1.47063,1.47069,239.0
2024-03-26 11:45:00,FX:EURCAD,1.47069,1.47082,1.4705700000000002,1.4706000000000001,271.0
2024-03-26 11:46:00,FX:EURCAD,1.4706000000000001,1.47064,1.4703300000000001,1.47049,235.0
2024-03-26 11:47:00,FX:EURCAD,1.47049,1.4707000000000001,1.47047,1.4705300000000001,251.0
2024-03-26 11:48:00,FX:EURCAD,1.4705300000000001,1.47064,1.47049,1.47055,223.0
2024-03-26 11:49:00,FX:EURCAD,1.47055,1.47064,1.47046,1.47061,199.0
2024-03-26 11:50:00,FX:EURCAD,1.47061,1.47061,1.47017,1.4702600000000001,372.0
2024-03-26 11:51:00,FX:EURCAD,1.4702600000000001,1.4706000000000001,1.4702300000000001,1.47051,242.0
2024-03-26 11:52:00,FX:EURCAD,1.47051,1.47068,1.47024,1.47048,305.0
2024-03-26 11:53:00,FX:EURCAD,1.47048,1.47054,1.47031,1.47037,334.0
2024-03-26 11:54:00,FX:EURCAD,1.47037,1.47047,1.47021,1.4703600000000001,366.0
2024-03-26 11:55:00,FX:EURCAD,1.4703600000000001,1.4703600000000001,1.46986,1.46988,426.0
2024-03-26 11:56:00,FX:EURCAD,1.46988,1.46988,1.4692800000000001,1.46932,459.0
2024-03-26 11:57:00,FX:EURCAD,1.46932,1.46941,1.4690800000000002,1.46909,485.0
2024-03-26 11:58:00,FX:EURCAD,1.46909,1.46925,1.46906,1.4691,435.0
2024-03-26 11:59:00,FX:EURCAD,1.4691,1.46947,1.46903,1.46934,585.0
2024-03-26 12:00:00,FX:EURCAD,1.46934,1.46986,1.46924,1.46986,647.0
2024-03-26 12:01:00,FX:EURCAD,1.46986,1.46997,1.46951,1.4697,541.0
2024-03-26 12:02:00,FX:EURCAD,1.4697,1.47004,1.4696500000000001,1.46978,459.0
2024-03-26 12:03:00,FX:EURCAD,1.46978,1.4699900000000001,1.46977,1.4699200000000001,233.0
2024-03-26 12:04:00,FX:EURCAD,1.4699200000000001,1.46994,1.4697,1.46978,187.0
2024-03-26 12:05:00,FX:EURCAD,1.46978,1.46986,1.46976,1.4698,151.0
2024-03-26 12:06:00,FX:EURCAD,1.4698,1.46984,1.46973,1.4698,140.0
2024-03-26 12:07:00,FX:EURCAD,1.4698,1.46987,1.4697500000000001,1.46983,185.0
2024-03-26 12:08:00,FX:EURCAD,1.46983,1.46988,1.46974,1.46976,166.0
2024-03-26 12:09:00,FX:EURCAD,1.46976,1.46983,1.46968,1.4698200000000001,111.0
2024-03-26 12:10:00,FX:EURCAD,1.4698200000000001,1.46985,1.4696900000000002,1.4697500000000001,141.0
2024-03-26 12:11:00,FX:EURCAD,1.4697500000000001,1.46991,1.46974,1.4697500000000001,223.0
2024-03-26 12:12:00,FX:EURCAD,1.4697500000000001,1.46986,1.4697500000000001,1.4698,119.0
2024-03-26 12:13:00,FX:EURCAD,1.4698,1.46984,1.46968,1.46968,118.0
2024-03-26 12:14:00,FX:EURCAD,1.46968,1.4697200000000001,1.46961,1.46963,107.0
2024-03-26 12:15:00,FX:EURCAD,1.46963,1.46964,1.46949,1.4695200000000002,97.0
2024-03-26 12:16:00,FX:EURCAD,1.4695200000000002,1.46956,1.4692800000000001,1.4694,137.0
2024-03-26 12:17:00,FX:EURCAD,1.4694,1.4696,1.46939,1.46956,176.0
2024-03-26 12:18:00,FX:EURCAD,1.46956,1.46963,1.46951,1.46961,137.0
2024-03-26 12:19:00,FX:EURCAD,1.46961,1.46971,1.4696,1.46967,91.0
2024-03-26 12:20:00,FX:EURCAD,1.46967,1.4697200000000001,1.4696,1.46961,158.0
2024-03-26 12:21:00,FX:EURCAD,1.46961,1.46966,1.46947,1.4694800000000001,162.0
2024-03-26 12:22:00,FX:EURCAD,1.4694800000000001,1.46951,1.4693800000000001,1.4694500000000001,166.0
2024-03-26 12:23:00,FX:EURCAD,1.4694500000000001,1.46949,1.4693,1.46932,179.0
2024-03-26 12:24:00,FX:EURCAD,1.46932,1.4695500000000001,1.46929,1.4695,181.0
2024-03-26 12:25:00,FX:EURCAD,1.4695,1.46951,1.46932,1.46932,138.0
2024-03-26 12:26:00,FX:EURCAD,1.46932,1.46939,1.46932,1.46933,95.0
2024-03-26 12:27:00,FX:EURCAD,1.46933,1.4695,1.46933,1.46942,105.0
2024-03-26 12:28:00,FX:EURCAD,1.46942,1.46942,1.4693100000000001,1.4693500000000002,151.0
2024-03-26 12:29:00,FX:EURCAD,1.4693500000000002,1.4695,1.4693500000000002,1.46942,136.0
2024-03-26 12:30:00,FX:EURCAD,1.46942,1.46956,1.46942,1.46956,244.0
2024-03-26 12:31:00,FX:EURCAD,1.46956,1.46958,1.46947,1.46951,144.0
2024-03-26 12:32:00,FX:EURCAD,1.46951,1.46966,1.46951,1.4696500000000001,213.0
2024-03-26 12:33:00,FX:EURCAD,1.4696500000000001,1.4699600000000002,1.4696500000000001,1.46991,201.0
2024-03-26 12:34:00,FX:EURCAD,1.46991,1.46993,1.4698,1.46988,230.0
2024-03-26 12:35:00,FX:EURCAD,1.46988,1.47004,1.46988,1.46997,236.0
2024-03-26 12:36:00,FX:EURCAD,1.46997,1.47003,1.46994,1.47001,125.0
2024-03-26 12:37:00,FX:EURCAD,1.47001,1.47003,1.46991,1.47002,126.0
2024-03-26 12:38:00,FX:EURCAD,1.47002,1.47004,1.4699,1.4699600000000002,104.0
2024-03-26 12:39:00,FX:EURCAD,1.4699600000000002,1.47018,1.4699600000000002,1.4701,143.0
2024-03-26 12:40:00,FX:EURCAD,1.4701,1.47012,1.47003,1.4700900000000001,134.0
2024-03-26 12:41:00,FX:EURCAD,1.4700900000000001,1.4700900000000001,1.46998,1.47,84.0
2024-03-26 12:42:00,FX:EURCAD,1.47,1.47005,1.46991,1.46998,123.0
2024-03-26 12:43:00,FX:EURCAD,1.46998,1.47005,1.46995,1.47001,163.0
2024-03-26 12:44:00,FX:EURCAD,1.47001,1.47012,1.46997,1.4701,115.0
2024-03-26 12:45:00,FX:EURCAD,1.4701,1.47017,1.47003,1.47004,192.0
2024-03-26 12:46:00,FX:EURCAD,1.47004,1.47022,1.47003,1.47017,162.0
2024-03-26 12:47:00,FX:EURCAD,1.47017,1.4703300000000001,1.4701600000000001,1.4703300000000001,139.0
2024-03-26 12:48:00,FX:EURCAD,1.4703300000000001,1.4703300000000001,1.4701600000000001,1.47022,167.0
2024-03-26 12:49:00,FX:EURCAD,1.47022,1.47028,1.4701600000000001,1.4702600000000001,132.0
2024-03-26 12:50:00,FX:EURCAD,1.4702600000000001,1.4703300000000001,1.47021,1.47027,187.0
2024-03-26 12:51:00,FX:EURCAD,1.47027,1.47027,1.47007,1.4700900000000001,144.0
2024-03-26 12:52:00,FX:EURCAD,1.4700900000000001,1.47025,1.47005,1.47012,148.0
2024-03-26 12:53:00,FX:EURCAD,1.47012,1.47018,1.4699200000000001,1.4699200000000001,181.0
2024-03-26 12:54:00,FX:EURCAD,1.4699200000000001,1.4699200000000001,1.46977,1.46984,186.0
2024-03-26 12:55:00,FX:EURCAD,1.46984,1.46993,1.4698200000000001,1.4699,162.0
2024-03-26 12:56:00,FX:EURCAD,1.4699,1.46994,1.46967,1.46983,132.0
2024-03-26 12:57:00,FX:EURCAD,1.46983,1.47004,1.46983,1.47002,181.0
2024-03-26 12:58:00,FX:EURCAD,1.47002,1.47025,1.47001,1.47021,236.0
2024-03-26 12:59:00,FX:EURCAD,1.47021,1.4702600000000001,1.4700900000000001,1.47011,173.0
2024-03-26 13:00:00,FX:EURCAD,1.47011,1.47022,1.47003,1.47012,312.0
2024-03-26 13:01:00,FX:EURCAD,1.47012,1.47014,1.46985,1.46986,359.0
2024-03-26 13:02:00,FX:EURCAD,1.46986,1.47022,1.4698200000000001,1.47017,458.0
2024-03-26 13:03:00,FX:EURCAD,1.47017,1.47024,1.47005,1.4701600000000001,297.0
2024-03-26 13:04:00,FX:EURCAD,1.4701600000000001,1.4703600000000001,1.4700900000000001,1.4703000000000002,214.0
2024-03-26 13:05:00,FX:EURCAD,1.4703000000000002,1.47052,1.47025,1.4704300000000001,182.0
2024-03-26 13:06:00,FX:EURCAD,1.4704300000000001,1.47047,1.47037,1.47037,109.0
2024-03-26 13:07:00,FX:EURCAD,1.47037,1.47056,1.47037,1.4705300000000001,84.0
2024-03-26 13:08:00,FX:EURCAD,1.4705300000000001,1.47058,1.47046,1.4705700000000002,131.0
2024-03-26 13:09:00,FX:EURCAD,1.4705700000000002,1.47063,1.4705000000000001,1.4705700000000002,143.0
2024-03-26 13:10:00,FX:EURCAD,1.4705700000000002,1.47063,1.47045,1.47054,175.0
2024-03-26 13:11:00,FX:EURCAD,1.47054,1.47063,1.47051,1.47063,139.0
2024-03-26 13:12:00,FX:EURCAD,1.47063,1.47064,1.4705700000000002,1.47064,40.0
2024-03-26 13:13:00,FX:EURCAD,1.47064,1.47069,1.47062,1.47066,102.0
2024-03-26 13:14:00,FX:EURCAD,1.47066,1.47086,1.47065,1.47086,93.0
2024-03-26 13:15:00,FX:EURCAD,1.47086,1.47086,1.47075,1.47078,83.0
2024-03-26 13:16:00,FX:EURCAD,1.47078,1.47083,1.47069,1.47081,138.0
2024-03-26 13:17:00,FX:EURCAD,1.47081,1.47088,1.47078,1.47081,109.0
2024-03-26 13:18:00,FX:EURCAD,1.47081,1.4708700000000001,1.47078,1.47085,133.0
2024-03-26 13:19:00,FX:EURCAD,1.47085,1.47088,1.47083,1.4708700000000001,97.0
2024-03-26 13:20:00,FX:EURCAD,1.4708700000000001,1.47098,1.4708700000000001,1.47097,85.0
2024-03-26 13:21:00,FX:EURCAD,1.47097,1.471,1.47096,1.47097,45.0
2024-03-26 13:22:00,FX:EURCAD,1.47097,1.47098,1.4708700000000001,1.47098,113.0
2024-03-26 13:23:00,FX:EURCAD,1.47098,1.47098,1.47083,1.47088,126.0
2024-03-26 13:24:00,FX:EURCAD,1.47088,1.47089,1.47083,1.47085,76.0
2024-03-26 13:25:00,FX:EURCAD,1.47085,1.47089,1.47079,1.4708400000000001,88.0
2024-03-26 13:26:00,FX:EURCAD,1.4708400000000001,1.4708400000000001,1.4707400000000002,1.47075,76.0
2024-03-26 13:27:00,FX:EURCAD,1.47075,1.47078,1.47042,1.47048,157.0
2024-03-26 13:28:00,FX:EURCAD,1.47048,1.47051,1.4704300000000001,1.47046,123.0
2024-03-26 13:29:00,FX:EURCAD,1.47046,1.4705700000000002,1.47046,1.47048,108.0
2024-03-26 13:30:00,FX:EURCAD,1.47048,1.47052,1.47044,1.47051,112.0
2024-03-26 13:31:00,FX:EURCAD,1.47051,1.4705700000000002,1.47047,1.4705300000000001,105.0
2024-03-26 13:32:00,FX:EURCAD,1.4705300000000001,1.47063,1.4705300000000001,1.47063,60.0
2024-03-26 13:33:00,FX:EURCAD,1.47063,1.47065,1.4705300000000001,1.47054,120.0
2024-03-26 13:34:00,FX:EURCAD,1.47054,1.47062,1.4705000000000001,1.47056,147.0
2024-03-26 13:35:00,FX:EURCAD,1.47056,1.47059,1.47046,1.4705300000000001,143.0
2024-03-26 13:36:00,FX:EURCAD,1.4705300000000001,1.47056,1.47048,1.47055,101.0
2024-03-26 13:37:00,FX:EURCAD,1.47055,1.47058,1.47041,1.47049,117.0
2024-03-26 13:38:00,FX:EURCAD,1.47049,1.47054,1.47046,1.47052,33.0
2024-03-26 13:39:00,FX:EURCAD,1.47052,1.4705700000000002,1.47048,1.4705300000000001,95.0
2024-03-26 13:40:00,FX:EURCAD,1.4705300000000001,1.4705300000000001,1.47048,1.4705000000000001,76.0
2024-03-26 13:41:00,FX:EURCAD,1.4705000000000001,1.4706000000000001,1.47048,1.47058,72.0
2024-03-26 13:42:00,FX:EURCAD,1.47058,1.47064,1.47054,1.47058,71.0
2024-03-26 13:43:00,FX:EURCAD,1.47058,1.47059,1.47045,1.47048,93.0
2024-03-26 13:44:00,FX:EURCAD,1.47048,1.47052,1.47045,1.47045,73.0
2024-03-26 13:45:00,FX:EURCAD,1.47045,1.47048,1.4704300000000001,1.47044,74.0
2024-03-26 13:46:00,FX:EURCAD,1.47044,1.47047,1.47037,1.47045,116.0
2024-03-26 13:47:00,FX:EURCAD,1.47045,1.47048,1.47031,1.4703300000000001,113.0
2024-03-26 13:48:00,FX:EURCAD,1.4703300000000001,1.4704000000000002,1.4703000000000002,1.47035,233.0
2024-03-26 13:49:00,FX:EURCAD,1.47035,1.47045,1.47034,1.47039,158.0
2024-03-26 13:50:00,FX:EURCAD,1.47039,1.4704300000000001,1.4703300000000001,1.47037,145.0
2024-03-26 13:51:00,FX:EURCAD,1.47037,1.47048,1.47032,1.47048,176.0
2024-03-26 13:52:00,FX:EURCAD,1.47048,1.47048,1.4703300000000001,1.4704000000000002,104.0
2024-03-26 13:53:00,FX:EURCAD,1.4704000000000002,1.47049,1.4704000000000002,1.47045,69.0
2024-03-26 13:54:00,FX:EURCAD,1.47045,1.47046,1.4704000000000002,1.47041,39.0
2024-03-26 13:55:00,FX:EURCAD,1.47041,1.47047,1.47041,1.4704300000000001,63.0
2024-03-26 13:56:00,FX:EURCAD,1.4704300000000001,1.4705700000000002,1.4704300000000001,1.47051,96.0
2024-03-26 13:57:00,FX:EURCAD,1.47051,1.47051,1.47037,1.47041,83.0
2024-03-26 13:58:00,FX:EURCAD,1.47041,1.4705000000000001,1.47038,1.47049,110.0
2024-03-26 13:59:00,FX:EURCAD,1.47049,1.47049,1.47039,1.47039,83.0
2024-03-26 14:00:00,FX:EURCAD,1.47039,1.47044,1.47032,1.4703600000000001,134.0
2024-03-26 14:01:00,FX:EURCAD,1.4703600000000001,1.4703600000000001,1.47027,1.47034,133.0
2024-03-26 14:02:00,FX:EURCAD,1.47034,1.47037,1.47024,1.47027,123.0
2024-03-26 14:03:00,FX:EURCAD,1.47027,1.4704300000000001,1.47027,1.47037,109.0
2024-03-26 14:04:00,FX:EURCAD,1.47037,1.47042,1.47034,1.4704000000000002,157.0
2024-03-26 14:05:00,FX:EURCAD,1.4704000000000002,1.47045,1.47035,1.47037,76.0
2024-03-26 14:06:00,FX:EURCAD,1.47037,1.47041,1.47032,1.4703300000000001,98.0
2024-03-26 14:07:00,FX:EURCAD,1.4703300000000001,1.47035,1.47024,1.47024,123.0
2024-03-26 14:08:00,FX:EURCAD,1.47024,1.47028,1.47014,1.47025,88.0
2024-03-26 14:09:00,FX:EURCAD,1.47025,1.47028,1.47019,1.47022,89.0
2024-03-26 14:10:00,FX:EURCAD,1.47022,1.4703000000000002,1.47011,1.47021,116.0
2024-03-26 14:11:00,FX:EURCAD,1.47021,1.47029,1.47018,1.4702600000000001,71.0
2024-03-26 14:12:00,FX:EURCAD,1.4702600000000001,1.4703600000000001,1.47024,1.47035,64.0
2024-03-26 14:13:00,FX:EURCAD,1.47035,1.4703600000000001,1.47034,1.47035,17.0
2024-03-26 14:14:00,FX:EURCAD,1.47035,1.47037,1.47028,1.4703000000000002,82.0
2024-03-26 14:15:00,FX:EURCAD,1.4703000000000002,1.47031,1.47021,1.4703000000000002,119.0
2024-03-26 14:16:00,FX:EURCAD,1.4703000000000002,1.47034,1.47027,1.4703300000000001,102.0
2024-03-26 14:17:00,FX:EURCAD,1.4703300000000001,1.47034,1.47027,1.47029,88.0
2024-03-26 14:18:00,FX:EURCAD,1.47029,1.47037,1.4702600000000001,1.47037,86.0
2024-03-26 14:19:00,FX:EURCAD,1.47037,1.47039,1.47031,1.47032,103.0
2024-03-26 14:20:00,FX:EURCAD,1.47032,1.47037,1.47029,1.4703300000000001,118.0
2024-03-26 14:21:00,FX:EURCAD,1.4703300000000001,1.4703600000000001,1.4703300000000001,1.4703300000000001,56.0
2024-03-26 14:22:00,FX:EURCAD,1.4703300000000001,1.47045,1.47032,1.47041,71.0
2024-03-26 14:23:00,FX:EURCAD,1.47041,1.47048,1.47041,1.4704300000000001,90.0
2024-03-26 14:24:00,FX:EURCAD,1.4704300000000001,1.47045,1.47038,1.4704000000000002,39.0
2024-03-26 14:25:00,FX:EURCAD,1.4704000000000002,1.47042,1.4703300000000001,1.47039,89.0
2024-03-26 14:26:00,FX:EURCAD,1.47039,1.47041,1.4703600000000001,1.47037,56.0
2024-03-26 14:27:00,FX:EURCAD,1.47037,1.4704000000000002,1.47035,1.47038,52.0
2024-03-26 14:28:00,FX:EURCAD,1.47038,1.47054,1.4703600000000001,1.47046,119.0
2024-03-26 14:29:00,FX:EURCAD,1.47046,1.4705300000000001,1.4704300000000001,1.47052,61.0
2024-03-26 14:30:00,FX:EURCAD,1.47052,1.47052,1.4703600000000001,1.47045,152.0
2024-03-26 14:31:00,FX:EURCAD,1.47045,1.47047,1.47035,1.47039,96.0
2024-03-26 14:32:00,FX:EURCAD,1.47039,1.47041,1.47034,1.47038,102.0
2024-03-26 14:33:00,FX:EURCAD,1.47038,1.4704000000000002,1.47027,1.4703000000000002,96.0
2024-03-26 14:34:00,FX:EURCAD,1.4703000000000002,1.4703600000000001,1.4703000000000002,1.47035,56.0
2024-03-26 14:35:00,FX:EURCAD,1.47035,1.47041,1.47029,1.47041,79.0
2024-03-26 14:36:00,FX:EURCAD,1.47041,1.47044,1.47038,1.47044,65.0
2024-03-26 14:37:00,FX:EURCAD,1.47044,1.47048,1.47042,1.47042,42.0
2024-03-26 14:38:00,FX:EURCAD,1.47042,1.47047,1.47041,1.47046,69.0
2024-03-26 14:39:00,FX:EURCAD,1.47046,1.47054,1.47046,1.4705300000000001,44.0
2024-03-26 14:40:00,FX:EURCAD,1.4705300000000001,1.47063,1.47046,1.47046,116.0
2024-03-26 14:41:00,FX:EURCAD,1.47046,1.47055,1.47046,1.4705300000000001,62.0
2024-03-26 14:42:00,FX:EURCAD,1.4705300000000001,1.47066,1.47052,1.47065,97.0
2024-03-26 14:43:00,FX:EURCAD,1.47065,1.4706700000000001,1.4705700000000002,1.47064,86.0
2024-03-26 14:44:00,FX:EURCAD,1.47064,1.4706700000000001,1.4706000000000001,1.47065,71.0
2024-03-26 14:45:00,FX:EURCAD,1.47065,1.47065,1.47052,1.47056,159.0
2024-03-26 14:46:00,FX:EURCAD,1.47056,1.47062,1.4705300000000001,1.4706000000000001,152.0
2024-03-26 14:47:00,FX:EURCAD,1.4706000000000001,1.47066,1.47052,1.47052,110.0
2024-03-26 14:48:00,FX:EURCAD,1.47052,1.4706000000000001,1.47052,1.47059,52.0
2024-03-26 14:49:00,FX:EURCAD,1.47059,1.47071,1.47059,1.47068,47.0
2024-03-26 14:50:00,FX:EURCAD,1.47068,1.47092,1.47068,1.47092,68.0
2024-03-26 14:51:00,FX:EURCAD,1.47092,1.4709400000000001,1.4708400000000001,1.47085,157.0
2024-03-26 14:52:00,FX:EURCAD,1.47085,1.47086,1.47071,1.47086,125.0
2024-03-26 14:53:00,FX:EURCAD,1.47086,1.4708700000000001,1.47072,1.47072,91.0
2024-03-26 14:54:00,FX:EURCAD,1.47072,1.47079,1.47071,1.47079,68.0
2024-03-26 14:55:00,FX:EURCAD,1.47079,1.47079,1.47066,1.4706700000000001,55.0
2024-03-26 14:56:00,FX:EURCAD,1.4706700000000001,1.47071,1.47063,1.47065,52.0
2024-03-26 14:57:00,FX:EURCAD,1.47065,1.4707700000000001,1.47061,1.4707700000000001,153.0
2024-03-26 14:58:00,FX:EURCAD,1.4707700000000001,1.47086,1.47071,1.47076,124.0
2024-03-26 14:59:00,FX:EURCAD,1.47076,1.4709100000000002,1.47076,1.4709100000000002,149.0
2024-03-26 15:00:00,FX:EURCAD,1.4709100000000002,1.47099,1.4708700000000001,1.47095,84.0
2024-03-26 15:01:00,FX:EURCAD,1.47095,1.47095,1.4708400000000001,1.47088,73.0
2024-03-26 15:02:00,FX:EURCAD,1.47088,1.47099,1.47086,1.47092,79.0
2024-03-26 15:03:00,FX:EURCAD,1.47092,1.47098,1.47092,1.47093,28.0
2024-03-26 15:04:00,FX:EURCAD,1.47093,1.4709400000000001,1.47092,1.4709400000000001,17.0
2024-03-26 15:05:00,FX:EURCAD,1.4709400000000001,1.47098,1.4709400000000001,1.47098,30.0
2024-03-26 15:06:00,FX:EURCAD,1.47098,1.471,1.4709400000000001,1.47098,65.0
2024-03-26 15:07:00,FX:EURCAD,1.47098,1.47099,1.4709,1.47095,63.0
2024-03-26 15:08:00,FX:EURCAD,1.47095,1.47098,1.47089,1.47096,49.0
2024-03-26 15:09:00,FX:EURCAD,1.47096,1.47096,1.4708700000000001,1.47089,46.0
2024-03-26 15:10:00,FX:EURCAD,1.47089,1.47096,1.47089,1.47095,59.0
2024-03-26 15:11:00,FX:EURCAD,1.47095,1.47097,1.4709100000000002,1.47093,57.0
2024-03-26 15:12:00,FX:EURCAD,1.47093,1.47107,1.47093,1.47107,139.0
2024-03-26 15:13:00,FX:EURCAD,1.47107,1.4711100000000001,1.4710400000000001,1.47106,117.0
2024-03-26 15:14:00,FX:EURCAD,1.47106,1.4711400000000001,1.47103,1.47106,95.0
2024-03-26 15:15:00,FX:EURCAD,1.47106,1.4711100000000001,1.47099,1.4710800000000002,77.0
2024-03-26 15:16:00,FX:EURCAD,1.4710800000000002,1.4711,1.47096,1.47099,75.0
2024-03-26 15:17:00,FX:EURCAD,1.47099,1.4710400000000001,1.47093,1.47095,84.0
2024-03-26 15:18:00,FX:EURCAD,1.47095,1.47102,1.47093,1.471,87.0
2024-03-26 15:19:00,FX:EURCAD,1.471,1.47112,1.47098,1.4711,66.0
2024-03-26 15:20:00,FX:EURCAD,1.4711,1.4711400000000001,1.4710400000000001,1.47113,36.0
2024-03-26 15:21:00,FX:EURCAD,1.47113,1.47124,1.47105,1.47119,68.0
2024-03-26 15:22:00,FX:EURCAD,1.47119,1.47133,1.47113,1.47132,74.0
2024-03-26 15:23:00,FX:EURCAD,1.47132,1.47132,1.47129,1.4713100000000001,32.0
2024-03-26 15:24:00,FX:EURCAD,1.4713100000000001,1.47133,1.47123,1.47126,57.0
2024-03-26 15:25:00,FX:EURCAD,1.47126,1.47137,1.47126,1.4713500000000002,101.0
2024-03-26 15:26:00,FX:EURCAD,1.4713500000000002,1.47142,1.47132,1.47136,88.0
2024-03-26 15:27:00,FX:EURCAD,1.47136,1.47136,1.47122,1.47127,71.0
2024-03-26 15:28:00,FX:EURCAD,1.47127,1.47129,1.47124,1.4712800000000001,78.0
2024-03-26 15:29:00,FX:EURCAD,1.4712800000000001,1.47147,1.47123,1.47132,159.0
2024-03-26 15:30:00,FX:EURCAD,1.47132,1.47143,1.4713100000000001,1.47142,154.0
2024-03-26 15:31:00,FX:EURCAD,1.47142,1.47143,1.47136,1.47139,110.0
2024-03-26 15:32:00,FX:EURCAD,1.47139,1.47144,1.4713,1.4713500000000002,116.0
2024-03-26 15:33:00,FX:EURCAD,1.4713500000000002,1.47151,1.47129,1.47146,124.0
2024-03-26 15:34:00,FX:EURCAD,1.47146,1.4715200000000002,1.47144,1.47149,142.0
2024-03-26 15:35:00,FX:EURCAD,1.47149,1.47151,1.47134,1.47136,73.0
2024-03-26 15:36:00,FX:EURCAD,1.47136,1.47149,1.47136,1.47149,83.0
2024-03-26 15:37:00,FX:EURCAD,1.47149,1.47159,1.4714500000000001,1.47159,60.0
2024-03-26 15:38:00,FX:EURCAD,1.47159,1.4716500000000001,1.47151,1.47164,63.0
2024-03-26 15:39:00,FX:EURCAD,1.47164,1.4716500000000001,1.47141,1.47149,103.0
2024-03-26 15:40:00,FX:EURCAD,1.47149,1.47157,1.4714500000000001,1.4715,100.0
2024-03-26 15:41:00,FX:EURCAD,1.4715,1.47156,1.47146,1.47147,98.0
2024-03-26 15:42:00,FX:EURCAD,1.47147,1.4715500000000001,1.4714500000000001,1.47154,47.0
2024-03-26 15:43:00,FX:EURCAD,1.47154,1.4716,1.47153,1.47154,72.0
2024-03-26 15:44:00,FX:EURCAD,1.47154,1.4716200000000002,1.47153,1.47159,36.0
2024-03-26 15:45:00,FX:EURCAD,1.47159,1.47164,1.47157,1.47164,25.0
2024-03-26 15:46:00,FX:EURCAD,1.47164,1.4716500000000001,1.47159,1.47161,39.0
2024-03-26 15:47:00,FX:EURCAD,1.47161,1.4716500000000001,1.4715500000000001,1.47161,62.0
2024-03-26 15:48:00,FX:EURCAD,1.47161,1.47161,1.47144,1.4715,95.0
2024-03-26 15:49:00,FX:EURCAD,1.4715,1.4715,1.47139,1.47142,47.0
2024-03-26 15:50:00,FX:EURCAD,1.47142,1.4714500000000001,1.4713800000000001,1.47141,71.0
2024-03-26 15:51:00,FX:EURCAD,1.47141,1.47142,1.47127,1.4712800000000001,134.0
2024-03-26 15:52:00,FX:EURCAD,1.4712800000000001,1.4712800000000001,1.4711,1.47113,93.0
2024-03-26 15:53:00,FX:EURCAD,1.47113,1.4712800000000001,1.47112,1.47124,85.0
2024-03-26 15:54:00,FX:EURCAD,1.47124,1.4713100000000001,1.47119,1.47122,139.0
2024-03-26 15:55:00,FX:EURCAD,1.47122,1.4713100000000001,1.47115,1.47127,167.0
2024-03-26 15:56:00,FX:EURCAD,1.47127,1.47134,1.47122,1.47132,193.0
2024-03-26 15:57:00,FX:EURCAD,1.47132,1.4713500000000002,1.47124,1.47126,169.0
2024-03-26 15:58:00,FX:EURCAD,1.47126,1.47133,1.47123,1.4712800000000001,165.0
2024-03-26 15:59:00,FX:EURCAD,1.4712800000000001,1.4713100000000001,1.47117,1.47124,184.0
2024-03-26 16:00:00,FX:EURCAD,1.47124,1.47139,1.4712100000000001,1.47137,115.0
2024-03-26 16:01:00,FX:EURCAD,1.47137,1.47137,1.4713,1.4713100000000001,206.0
2024-03-26 16:02:00,FX:EURCAD,1.4713100000000001,1.47144,1.4713100000000001,1.4714,81.0
2024-03-26 16:03:00,FX:EURCAD,1.4714,1.4714,1.4713,1.4713100000000001,36.0
2024-03-26 16:04:00,FX:EURCAD,1.4713100000000001,1.47133,1.47126,1.47132,29.0
2024-03-26 16:05:00,FX:EURCAD,1.47132,1.4713500000000002,1.47125,1.4713500000000002,52.0
2024-03-26 16:06:00,FX:EURCAD,1.4713500000000002,1.4713500000000002,1.4713100000000001,1.47133,30.0
2024-03-26 16:07:00,FX:EURCAD,1.47133,1.47133,1.47123,1.47126,23.0
2024-03-26 16:08:00,FX:EURCAD,1.47126,1.4713800000000001,1.47126,1.47137,141.0
2024-03-26 16:09:00,FX:EURCAD,1.47137,1.4713800000000001,1.47126,1.47132,176.0
2024-03-26 16:10:00,FX:EURCAD,1.47132,1.4715200000000002,1.47132,1.4715200000000002,34.0
2024-03-26 16:11:00,FX:EURCAD,1.4715200000000002,1.47156,1.4714500000000001,1.47154,41.0
2024-03-26 16:12:00,FX:EURCAD,1.47154,1.47158,1.4714500000000001,1.4715,44.0
2024-03-26 16:13:00,FX:EURCAD,1.4715,1.47158,1.47141,1.47158,44.0
2024-03-26 16:14:00,FX:EURCAD,1.47158,1.47158,1.4713500000000002,1.47137,48.0
2024-03-26 16:15:00,FX:EURCAD,1.47137,1.47144,1.47116,1.47119,73.0
2024-03-26 16:16:00,FX:EURCAD,1.47119,1.47123,1.47116,1.47123,31.0
2024-03-26 16:17:00,FX:EURCAD,1.47123,1.47126,1.4712100000000001,1.47124,49.0
2024-03-26 16:18:00,FX:EURCAD,1.47124,1.4712800000000001,1.4711800000000002,1.47122,22.0
2024-03-26 16:19:00,FX:EURCAD,1.47122,1.4713,1.47117,1.4713,26.0
2024-03-26 16:20:00,FX:EURCAD,1.4713,1.4713,1.47123,1.4712800000000001,15.0
2024-03-26 16:21:00,FX:EURCAD,1.4712800000000001,1.47132,1.47125,1.4713100000000001,16.0
2024-03-26 16:22:00,FX:EURCAD,1.4713100000000001,1.47133,1.4712800000000001,1.4713100000000001,16.0
2024-03-26 16:23:00,FX:EURCAD,1.4713100000000001,1.47132,1.47129,1.47132,13.0
2024-03-26 16:24:00,FX:EURCAD,1.47132,1.47134,1.4713,1.47132,26.0
2024-03-26 16:25:00,FX:EURCAD,1.47132,1.47134,1.4713,1.47134,16.0
2024-03-26 16:26:00,FX:EURCAD,1.47134,1.47134,1.4712800000000001,1.47132,36.0
2024-03-26 16:27:00,FX:EURCAD,1.47132,1.47133,1.47125,1.47125,33.0
2024-03-26 16:28:00,FX:EURCAD,1.47125,1.47126,1.47122,1.47122,12.0
2024-03-26 16:29:00,FX:EURCAD,1.47122,1.47123,1.4712,1.47122,23.0
2024-03-26 16:30:00,FX:EURCAD,1.47122,1.47124,1.47119,1.4712,67.0
2024-03-26 16:31:00,FX:EURCAD,1.4712,1.4713500000000002,1.47119,1.4713500000000002,66.0
2024-03-26 16:32:00,FX:EURCAD,1.4713500000000002,1.47144,1.47134,1.47142,73.0
2024-03-26 16:33:00,FX:EURCAD,1.47142,1.4715,1.47141,1.4715,71.0
2024-03-26 16:34:00,FX:EURCAD,1.4715,1.47156,1.47147,1.4715500000000001,64.0
2024-03-26 16:35:00,FX:EURCAD,1.4715500000000001,1.47156,1.47146,1.47146,49.0
2024-03-26 16:36:00,FX:EURCAD,1.47146,1.4715200000000002,1.4714500000000001,1.4715200000000002,11.0
2024-03-26 16:37:00,FX:EURCAD,1.4715200000000002,1.4715500000000001,1.4715,1.4715,25.0
2024-03-26 16:38:00,FX:EURCAD,1.4715,1.47151,1.47149,1.4715,14.0
2024-03-26 16:39:00,FX:EURCAD,1.4715,1.47151,1.47142,1.47142,24.0
2024-03-26 16:40:00,FX:EURCAD,1.47142,1.4716,1.47142,1.47156,98.0
2024-03-26 16:41:00,FX:EURCAD,1.47156,1.4716500000000001,1.4715,1.4715,91.0
2024-03-26 16:42:00,FX:EURCAD,1.4715,1.4715500000000001,1.47136,1.47136,46.0
2024-03-26 16:43:00,FX:EURCAD,1.47136,1.47136,1.4712100000000001,1.47124,82.0
2024-03-26 16:44:00,FX:EURCAD,1.47124,1.4713,1.4711400000000001,1.47126,68.0
2024-03-26 16:45:00,FX:EURCAD,1.47126,1.4713,1.4710800000000002,1.47113,84.0
2024-03-26 16:46:00,FX:EURCAD,1.47113,1.47119,1.47113,1.47119,32.0
2024-03-26 16:47:00,FX:EURCAD,1.47119,1.4713,1.4711800000000002,1.4711800000000002,58.0
2024-03-26 16:48:00,FX:EURCAD,1.4711800000000002,1.47122,1.47117,1.4712100000000001,51.0
2024-03-26 16:49:00,FX:EURCAD,1.4712100000000001,1.4713100000000001,1.4711,1.4713100000000001,79.0
2024-03-26 16:50:00,FX:EURCAD,1.4713100000000001,1.47139,1.4713100000000001,1.47134,65.0
2024-03-26 16:51:00,FX:EURCAD,1.47134,1.47139,1.47133,1.47134,154.0
2024-03-26 16:52:00,FX:EURCAD,1.47134,1.4713800000000001,1.47129,1.47132,61.0
2024-03-26 16:53:00,FX:EURCAD,1.47132,1.47133,1.47124,1.47129,188.0
2024-03-26 16:54:00,FX:EURCAD,1.47129,1.4713500000000002,1.47125,1.4712800000000001,215.0
2024-03-26 16:55:00,FX:EURCAD,1.4712800000000001,1.47132,1.4712,1.4713100000000001,70.0
2024-03-26 16:56:00,FX:EURCAD,1.4713100000000001,1.47132,1.47125,1.47129,57.0
2024-03-26 16:57:00,FX:EURCAD,1.47129,1.47129,1.47117,1.47117,48.0
2024-03-26 16:58:00,FX:EURCAD,1.47117,1.47117,1.4707700000000001,1.47116,7.0
2024-03-26 16:59:00,FX:EURCAD,1.47116,1.47116,1.4707700000000001,1.4708400000000001,55.0
2024-03-26 17:02:00,FX:EURCAD,1.4708400000000001,1.4709400000000001,1.4708400000000001,1.47092,9.0
2024-03-26 17:03:00,FX:EURCAD,1.47092,1.47093,1.4708,1.47086,10.0
2024-03-26 17:04:00,FX:EURCAD,1.47086,1.4709,1.4708,1.4709,6.0
2024-03-26 17:05:00,FX:EURCAD,1.4709,1.4711400000000001,1.47082,1.47095,17.0
2024-03-26 17:06:00,FX:EURCAD,1.47095,1.47096,1.4709100000000002,1.47093,17.0
2024-03-26 17:07:00,FX:EURCAD,1.47093,1.47096,1.4708700000000001,1.47092,29.0
2024-03-26 17:08:00,FX:EURCAD,1.47092,1.47095,1.4709100000000002,1.47092,17.0
2024-03-26 17:09:00,FX:EURCAD,1.47092,1.47093,1.4709100000000002,1.47093,2.0
2024-03-26 17:10:00,FX:EURCAD,1.47093,1.47098,1.47076,1.47092,6.0
2024-03-26 17:11:00,FX:EURCAD,1.47092,1.47092,1.4709100000000002,1.47092,2.0
2024-03-26 17:12:00,FX:EURCAD,1.47092,1.4709400000000001,1.4709100000000002,1.4709400000000001,3.0
2024-03-26 17:13:00,FX:EURCAD,1.4709400000000001,1.47113,1.4709400000000001,1.47096,48.0
2024-03-26 17:14:00,FX:EURCAD,1.47096,1.47097,1.47096,1.47097,41.0
2024-03-26 17:15:00,FX:EURCAD,1.47097,1.4711,1.47097,1.4710800000000002,64.0
2024-03-26 17:16:00,FX:EURCAD,1.4710800000000002,1.4711,1.47102,1.4710800000000002,57.0
2024-03-26 17:17:00,FX:EURCAD,1.4710800000000002,1.47109,1.471,1.471,42.0
2024-03-26 17:18:00,FX:EURCAD,1.471,1.4710400000000001,1.471,1.4710400000000001,27.0
2024-03-26 17:19:00,FX:EURCAD,1.4710400000000001,1.4711,1.47102,1.4711,16.0
2024-03-26 17:20:00,FX:EURCAD,1.4711,1.47113,1.47107,1.47107,86.0
2024-03-26 17:21:00,FX:EURCAD,1.47107,1.4711,1.47105,1.4711,73.0
2024-03-26 17:22:00,FX:EURCAD,1.4711,1.4712,1.4711,1.4712,15.0
2024-03-26 17:23:00,FX:EURCAD,1.4712,1.4712,1.47109,1.4711400000000001,10.0
2024-03-26 17:24:00,FX:EURCAD,1.4711400000000001,1.47115,1.47107,1.47107,19.0
2024-03-26 17:25:00,FX:EURCAD,1.47107,1.47112,1.47107,1.4710800000000002,21.0
2024-03-26 17:26:00,FX:EURCAD,1.4710800000000002,1.47113,1.47107,1.47113,28.0
2024-03-26 17:27:00,FX:EURCAD,1.47113,1.47122,1.47113,1.47117,40.0
2024-03-26 17:28:00,FX:EURCAD,1.47117,1.47122,1.47116,1.4712100000000001,35.0
2024-03-26 17:29:00,FX:EURCAD,1.4712100000000001,1.47122,1.4711800000000002,1.4711800000000002,32.0
2024-03-26 17:30:00,FX:EURCAD,1.4711800000000002,1.4712100000000001,1.46977,1.47085,117.0
2024-03-26 17:31:00,FX:EURCAD,1.47085,1.47116,1.4708400000000001,1.47113,117.0
2024-03-26 17:32:00,FX:EURCAD,1.47113,1.47123,1.47112,1.47119,52.0
2024-03-26 17:33:00,FX:EURCAD,1.47119,1.47123,1.47116,1.47122,17.0
2024-03-26 17:34:00,FX:EURCAD,1.47122,1.47123,1.47117,1.47117,40.0
2024-03-26 17:35:00,FX:EURCAD,1.47117,1.4712,1.4711400000000001,1.47116,96.0
2024-03-26 17:36:00,FX:EURCAD,1.47116,1.47119,1.47112,1.47117,61.0
2024-03-26 17:37:00,FX:EURCAD,1.47117,1.4712,1.4711400000000001,1.47117,27.0
2024-03-26 17:38:00,FX:EURCAD,1.47117,1.47117,1.47112,1.47116,32.0
2024-03-26 17:39:00,FX:EURCAD,1.47116,1.4711800000000002,1.4711,1.47112,17.0
2024-03-26 17:40:00,FX:EURCAD,1.47112,1.47113,1.4711,1.47112,52.0
2024-03-26 17:41:00,FX:EURCAD,1.47112,1.4711400000000001,1.47109,1.4711100000000001,36.0
2024-03-26 17:42:00,FX:EURCAD,1.4711100000000001,1.4711400000000001,1.4711,1.47113,23.0
2024-03-26 17:43:00,FX:EURCAD,1.47113,1.47116,1.4711100000000001,1.47113,34.0
2024-03-26 17:44:00,FX:EURCAD,1.47113,1.47116,1.47112,1.47113,97.0
2024-03-26 17:45:00,FX:EURCAD,1.47113,1.47116,1.4711100000000001,1.4711400000000001,103.0
2024-03-26 17:46:00,FX:EURCAD,1.4711400000000001,1.47127,1.47112,1.47126,80.0
2024-03-26 17:47:00,FX:EURCAD,1.47126,1.4712800000000001,1.4712100000000001,1.4712100000000001,90.0
2024-03-26 17:48:00,FX:EURCAD,1.4712100000000001,1.47126,1.4711,1.4711100000000001,93.0
2024-03-26 17:49:00,FX:EURCAD,1.4711100000000001,1.47119,1.47107,1.4711400000000001,73.0
2024-03-26 17:50:00,FX:EURCAD,1.4711400000000001,1.4711800000000002,1.4710400000000001,1.47115,84.0
2024-03-26 17:51:00,FX:EURCAD,1.47115,1.47123,1.47095,1.47107,120.0
2024-03-26 17:52:00,FX:EURCAD,1.47107,1.47109,1.47098,1.47103,113.0
2024-03-26 17:53:00,FX:EURCAD,1.47103,1.47113,1.471,1.4711100000000001,128.0
2024-03-26 17:54:00,FX:EURCAD,1.4711100000000001,1.47122,1.47106,1.47115,99.0
2024-03-26 17:55:00,FX:EURCAD,1.47115,1.4712,1.4711400000000001,1.4712,48.0
2024-03-26 17:56:00,FX:EURCAD,1.4712,1.47122,1.4711800000000002,1.47122,23.0
2024-03-26 17:57:00,FX:EURCAD,1.47122,1.47122,1.47116,1.47117,19.0
2024-03-26 17:58:00,FX:EURCAD,1.47117,1.47117,1.4711,1.47116,59.0
2024-03-26 17:59:00,FX:EURCAD,1.47116,1.47116,1.4711,1.47112,44.0
2024-03-26 18:00:00,FX:EURCAD,1.47112,1.47147,1.4711,1.47144,95.0
2024-03-26 18:01:00,FX:EURCAD,1.47144,1.47149,1.47141,1.47141,22.0
2024-03-26 18:02:00,FX:EURCAD,1.47141,1.4715500000000001,1.47141,1.4715200000000002,23.0
2024-03-26 18:03:00,FX:EURCAD,1.4715200000000002,1.4715200000000002,1.4714800000000001,1.47149,9.0
2024-03-26 18:04:00,FX:EURCAD,1.47149,1.47149,1.47147,1.47147,2.0
2024-03-26 18:05:00,FX:EURCAD,1.47147,1.4714800000000001,1.47147,1.4714800000000001,3.0
2024-03-26 18:06:00,FX:EURCAD,1.4714800000000001,1.47153,1.47146,1.47153,29.0
2024-03-26 18:07:00,FX:EURCAD,1.47153,1.47153,1.4714,1.47142,24.0
2024-03-26 18:08:00,FX:EURCAD,1.47142,1.47144,1.4714,1.47142,6.0
2024-03-26 18:09:00,FX:EURCAD,1.47142,1.47147,1.47141,1.47147,10.0
2024-03-26 18:10:00,FX:EURCAD,1.47147,1.47147,1.47143,1.47143,7.0
2024-03-26 18:11:00,FX:EURCAD,1.47143,1.4714500000000001,1.47143,1.4714500000000001,3.0
2024-03-26 18:12:00,FX:EURCAD,1.4714500000000001,1.47146,1.4714500000000001,1.4714500000000001,4.0
2024-03-26 18:13:00,FX:EURCAD,1.4714500000000001,1.4715200000000002,1.47143,1.4715200000000002,17.0
2024-03-26 18:14:00,FX:EURCAD,1.4715200000000002,1.47153,1.47146,1.47146,19.0
2024-03-26 18:15:00,FX:EURCAD,1.47146,1.4715200000000002,1.47146,1.4715200000000002,17.0
2024-03-26 18:16:00,FX:EURCAD,1.4715200000000002,1.47153,1.4715,1.4715200000000002,11.0
2024-03-26 18:17:00,FX:EURCAD,1.4715200000000002,1.47153,1.4715,1.4715,12.0
2024-03-26 18:18:00,FX:EURCAD,1.4715,1.47151,1.47149,1.4715,8.0
2024-03-26 18:19:00,FX:EURCAD,1.4715,1.47153,1.4715,1.4715,13.0
2024-03-26 18:20:00,FX:EURCAD,1.4715,1.47151,1.47147,1.4714800000000001,12.0
2024-03-26 18:21:00,FX:EURCAD,1.4714800000000001,1.47149,1.47146,1.47147,7.0
2024-03-26 18:22:00,FX:EURCAD,1.47147,1.47147,1.47147,1.47147,1.0
2024-03-26 18:24:00,FX:EURCAD,1.47147,1.47149,1.47146,1.4714800000000001,4.0
2024-03-26 18:25:00,FX:EURCAD,1.4714800000000001,1.47154,1.47147,1.4714800000000001,14.0
2024-03-26 18:26:00,FX:EURCAD,1.4714800000000001,1.47153,1.4714800000000001,1.4715200000000002,9.0
2024-03-26 18:27:00,FX:EURCAD,1.4715200000000002,1.4715200000000002,1.4714800000000001,1.47149,14.0
2024-03-26 18:28:00,FX:EURCAD,1.47149,1.47149,1.47141,1.4714500000000001,15.0
2024-03-26 18:29:00,FX:EURCAD,1.4714500000000001,1.4714500000000001,1.47141,1.47142,15.0
2024-03-26 18:30:00,FX:EURCAD,1.47142,1.47149,1.47142,1.47149,14.0
2024-03-26 18:31:00,FX:EURCAD,1.47149,1.4715,1.47147,1.47147,9.0
2024-03-26 18:32:00,FX:EURCAD,1.47147,1.4715200000000002,1.47147,1.4715200000000002,9.0
2024-03-26 18:33:00,FX:EURCAD,1.4715200000000002,1.4715200000000002,1.47147,1.4715,20.0
2024-03-26 18:34:00,FX:EURCAD,1.4715,1.4715,1.47147,1.47147,9.0
2024-03-26 18:35:00,FX:EURCAD,1.47147,1.4715,1.47146,1.47149,14.0
2024-03-26 18:36:00,FX:EURCAD,1.47149,1.4715,1.47143,1.4714800000000001,20.0
2024-03-26 18:37:00,FX:EURCAD,1.4714800000000001,1.4714800000000001,1.4714500000000001,1.47146,13.0
2024-03-26 18:38:00,FX:EURCAD,1.47146,1.4714800000000001,1.47146,1.47146,6.0
2024-03-26 18:39:00,FX:EURCAD,1.47146,1.47151,1.47146,1.47149,6.0
2024-03-26 18:40:00,FX:EURCAD,1.47149,1.47151,1.47149,1.4715,9.0
2024-03-26 18:41:00,FX:EURCAD,1.4715,1.4715,1.4714800000000001,1.4714800000000001,1.0
2024-03-26 18:42:00,FX:EURCAD,1.4714800000000001,1.4715200000000002,1.4714800000000001,1.4715200000000002,4.0
2024-03-26 18:43:00,FX:EURCAD,1.4715200000000002,1.4715200000000002,1.4715,1.4715,3.0
2024-03-26 18:44:00,FX:EURCAD,1.4715,1.47151,1.4714800000000001,1.47149,5.0
2024-03-26 18:45:00,FX:EURCAD,1.47149,1.4715200000000002,1.47144,1.4714500000000001,11.0
2024-03-26 18:46:00,FX:EURCAD,1.4714500000000001,1.4714500000000001,1.47143,1.47143,6.0
2024-03-26 18:47:00,FX:EURCAD,1.47143,1.47144,1.47143,1.47144,6.0
2024-03-26 18:48:00,FX:EURCAD,1.47144,1.47144,1.47142,1.47143,6.0
2024-03-26 18:50:00,FX:EURCAD,1.47143,1.47143,1.47141,1.47141,10.0
2024-03-26 18:51:00,FX:EURCAD,1.47141,1.47142,1.47141,1.47142,2.0
2024-03-26 18:52:00,FX:EURCAD,1.47142,1.4714500000000001,1.47141,1.47144,15.0
2024-03-26 18:53:00,FX:EURCAD,1.47144,1.47146,1.47143,1.47144,6.0
2024-03-26 18:54:00,FX:EURCAD,1.47144,1.47149,1.47144,1.47149,14.0
2024-03-26 18:55:00,FX:EURCAD,1.47149,1.47149,1.4714500000000001,1.47147,7.0
2024-03-26 18:56:00,FX:EURCAD,1.47147,1.47147,1.4714500000000001,1.47146,3.0
2024-03-26 18:57:00,FX:EURCAD,1.47146,1.47147,1.47146,1.47147,9.0
2024-03-26 18:58:00,FX:EURCAD,1.47147,1.4714800000000001,1.4714500000000001,1.4714500000000001,10.0
2024-03-26 18:59:00,FX:EURCAD,1.4714500000000001,1.47149,1.4714500000000001,1.4714800000000001,12.0
2024-03-26 19:00:00,FX:EURCAD,1.4714800000000001,1.47157,1.4714800000000001,1.4715200000000002,27.0
2024-03-26 19:01:00,FX:EURCAD,1.4715200000000002,1.4715500000000001,1.4714800000000001,1.47153,76.0
2024-03-26 19:02:00,FX:EURCAD,1.47153,1.47154,1.47149,1.47153,54.0
2024-03-26 19:03:00,FX:EURCAD,1.47153,1.47153,1.47147,1.47149,31.0
2024-03-26 19:04:00,FX:EURCAD,1.47149,1.47151,1.47143,1.4715,24.0
2024-03-26 19:05:00,FX:EURCAD,1.4715,1.4715500000000001,1.47142,1.4714800000000001,50.0
2024-03-26 19:06:00,FX:EURCAD,1.4714800000000001,1.47151,1.47141,1.47146,162.0
2024-03-26 19:07:00,FX:EURCAD,1.47146,1.47149,1.47136,1.47141,136.0
2024-03-26 19:08:00,FX:EURCAD,1.47141,1.47143,1.47137,1.47142,15.0
2024-03-26 19:09:00,FX:EURCAD,1.47142,1.47144,1.47139,1.47141,76.0
2024-03-26 19:10:00,FX:EURCAD,1.47141,1.47144,1.4713500000000002,1.47143,36.0
2024-03-26 19:11:00,FX:EURCAD,1.47143,1.4714500000000001,1.47136,1.47144,37.0
2024-03-26 19:12:00,FX:EURCAD,1.47144,1.47146,1.4713800000000001,1.47146,45.0
2024-03-26 19:13:00,FX:EURCAD,1.47146,1.47146,1.47137,1.47141,35.0
2024-03-26 19:14:00,FX:EURCAD,1.47141,1.47151,1.4714,1.47144,53.0
2024-03-26 19:15:00,FX:EURCAD,1.47144,1.47144,1.47141,1.47142,10.0
2024-03-26 19:16:00,FX:EURCAD,1.47142,1.47143,1.47142,1.47142,15.0
2024-03-26 19:17:00,FX:EURCAD,1.47142,1.47142,1.47127,1.4712800000000001,29.0
2024-03-26 19:18:00,FX:EURCAD,1.4712800000000001,1.4713500000000002,1.47122,1.47124,24.0
2024-03-26 19:19:00,FX:EURCAD,1.47124,1.47126,1.47122,1.47126,31.0
2024-03-26 19:20:00,FX:EURCAD,1.47126,1.47126,1.47122,1.47124,13.0
2024-03-26 19:21:00,FX:EURCAD,1.47124,1.47124,1.47115,1.4712100000000001,44.0
2024-03-26 19:22:00,FX:EURCAD,1.4712100000000001,1.47123,1.4712100000000001,1.47122,27.0
2024-03-26 19:23:00,FX:EURCAD,1.47122,1.47124,1.47119,1.47124,15.0
2024-03-26 19:24:00,FX:EURCAD,1.47124,1.47127,1.47117,1.47127,32.0
2024-03-26 19:25:00,FX:EURCAD,1.47127,1.47132,1.47125,1.4713100000000001,21.0
2024-03-26 19:26:00,FX:EURCAD,1.4713100000000001,1.47132,1.47127,1.4713100000000001,32.0
2024-03-26 19:27:00,FX:EURCAD,1.4713100000000001,1.4713100000000001,1.47122,1.4713,44.0
2024-03-26 19:28:00,FX:EURCAD,1.4713,1.4713500000000002,1.47127,1.4713,43.0
2024-03-26 19:29:00,FX:EURCAD,1.4713,1.4713,1.47124,1.4712800000000001,28.0
2024-03-26 19:30:00,FX:EURCAD,1.4712800000000001,1.47137,1.47124,1.47125,70.0
2024-03-26 19:31:00,FX:EURCAD,1.47125,1.47126,1.47125,1.47126,11.0
2024-03-26 19:32:00,FX:EURCAD,1.47126,1.47129,1.47117,1.47123,52.0
2024-03-26 19:33:00,FX:EURCAD,1.47123,1.47124,1.4711400000000001,1.4711800000000002,46.0
2024-03-26 19:34:00,FX:EURCAD,1.4711800000000002,1.4712100000000001,1.47112,1.4711400000000001,39.0
2024-03-26 19:35:00,FX:EURCAD,1.4711400000000001,1.4711400000000001,1.4711400000000001,1.4711400000000001,2.0
2024-03-26 19:36:00,FX:EURCAD,1.4711400000000001,1.47119,1.4711400000000001,1.4711800000000002,9.0
2024-03-26 19:37:00,FX:EURCAD,1.4711800000000002,1.47122,1.4711800000000002,1.4712100000000001,21.0
2024-03-26 19:38:00,FX:EURCAD,1.4712100000000001,1.47122,1.4711800000000002,1.4712100000000001,18.0
2024-03-26 19:39:00,FX:EURCAD,1.4712100000000001,1.47122,1.47119,1.4712100000000001,19.0
2024-03-26 19:40:00,FX:EURCAD,1.4712100000000001,1.4712100000000001,1.47119,1.47119,25.0
2024-03-26 19:41:00,FX:EURCAD,1.47119,1.47122,1.47119,1.4712,39.0
2024-03-26 19:42:00,FX:EURCAD,1.4712,1.47123,1.47117,1.4711800000000002,48.0
2024-03-26 19:43:00,FX:EURCAD,1.4711800000000002,1.47125,1.47117,1.47125,27.0
2024-03-26 19:44:00,FX:EURCAD,1.47125,1.4712800000000001,1.47125,1.47127,14.0
2024-03-26 19:45:00,FX:EURCAD,1.47127,1.47127,1.47123,1.47126,31.0
2024-03-26 19:46:00,FX:EURCAD,1.47126,1.47129,1.47126,1.47127,31.0
2024-03-26 19:47:00,FX:EURCAD,1.47127,1.4712800000000001,1.47125,1.47125,10.0
2024-03-26 19:48:00,FX:EURCAD,1.47125,1.47126,1.47125,1.47125,2.0
2024-03-26 19:49:00,FX:EURCAD,1.47125,1.4712800000000001,1.47124,1.47127,13.0
2024-03-26 19:50:00,FX:EURCAD,1.47127,1.47129,1.47122,1.47125,35.0
2024-03-26 19:51:00,FX:EURCAD,1.47125,1.47129,1.4712100000000001,1.47125,31.0
2024-03-26 19:52:00,FX:EURCAD,1.47125,1.47126,1.47117,1.4711800000000002,45.0
2024-03-26 19:53:00,FX:EURCAD,1.4711800000000002,1.4711800000000002,1.4711,1.47113,30.0
2024-03-26 19:54:00,FX:EURCAD,1.47113,1.47116,1.4711,1.4711,30.0
2024-03-26 19:55:00,FX:EURCAD,1.4711,1.4711,1.47106,1.4710800000000002,35.0
2024-03-26 19:56:00,FX:EURCAD,1.4710800000000002,1.4710800000000002,1.47102,1.47102,40.0
2024-03-26 19:57:00,FX:EURCAD,1.47102,1.47105,1.47099,1.47102,41.0
2024-03-26 19:58:00,FX:EURCAD,1.47102,1.47103,1.471,1.47103,41.0
2024-03-26 19:59:00,FX:EURCAD,1.47103,1.4711100000000001,1.47099,1.4711100000000001,138.0
2024-03-26 20:00:00,FX:EURCAD,1.4711100000000001,1.47129,1.4711100000000001,1.4712,102.0
2024-03-26 20:01:00,FX:EURCAD,1.4712,1.47134,1.4711800000000002,1.47134,85.0
2024-03-26 20:02:00,FX:EURCAD,1.47134,1.4714500000000001,1.47133,1.4713800000000001,85.0
2024-03-26 20:03:00,FX:EURCAD,1.4713800000000001,1.47142,1.47113,1.47119,84.0
2024-03-26 20:04:00,FX:EURCAD,1.47119,1.47129,1.4711,1.47124,115.0
2024-03-26 20:05:00,FX:EURCAD,1.47124,1.47132,1.4712100000000001,1.47122,70.0
2024-03-26 20:06:00,FX:EURCAD,1.47122,1.47133,1.47122,1.47127,67.0
2024-03-26 20:07:00,FX:EURCAD,1.47127,1.4713500000000002,1.47126,1.4713,53.0
2024-03-26 20:08:00,FX:EURCAD,1.4713,1.4714,1.47129,1.47136,57.0
2024-03-26 20:09:00,FX:EURCAD,1.47136,1.4714,1.4713500000000002,1.4714,37.0
2024-03-26 20:10:00,FX:EURCAD,1.4714,1.47143,1.47127,1.4713500000000002,100.0
2024-03-26 20:11:00,FX:EURCAD,1.4713500000000002,1.4714,1.47133,1.47134,58.0
2024-03-26 20:12:00,FX:EURCAD,1.47134,1.4714500000000001,1.47134,1.47144,65.0
2024-03-26 20:13:00,FX:EURCAD,1.47144,1.47151,1.47142,1.4715,46.0
2024-03-26 20:14:00,FX:EURCAD,1.4715,1.4715200000000002,1.47144,1.4715,73.0
2024-03-26 20:15:00,FX:EURCAD,1.4715,1.47153,1.47124,1.47132,144.0
2024-03-26 20:16:00,FX:EURCAD,1.47132,1.4713800000000001,1.4713,1.4713800000000001,60.0
2024-03-26 20:17:00,FX:EURCAD,1.4713800000000001,1.47141,1.47133,1.47137,43.0
2024-03-26 20:18:00,FX:EURCAD,1.47137,1.4714,1.47132,1.47133,35.0
2024-03-26 20:19:00,FX:EURCAD,1.47133,1.4714500000000001,1.47132,1.47144,81.0
2024-03-26 20:20:00,FX:EURCAD,1.47144,1.47144,1.4713500000000002,1.47142,71.0
2024-03-26 20:21:00,FX:EURCAD,1.47142,1.47144,1.4714,1.47144,62.0
2024-03-26 20:22:00,FX:EURCAD,1.47144,1.4714500000000001,1.4713,1.47139,91.0
2024-03-26 20:23:00,FX:EURCAD,1.47139,1.47139,1.4712800000000001,1.4713100000000001,118.0
2024-03-26 20:24:00,FX:EURCAD,1.4713100000000001,1.47133,1.47124,1.47133,80.0
2024-03-26 20:25:00,FX:EURCAD,1.47133,1.47136,1.47129,1.4713500000000002,67.0
2024-03-26 20:26:00,FX:EURCAD,1.4713500000000002,1.4714,1.47134,1.4713500000000002,44.0
2024-03-26 20:27:00,FX:EURCAD,1.4713500000000002,1.47143,1.4713,1.47133,67.0
2024-03-26 20:28:00,FX:EURCAD,1.47133,1.47142,1.47129,1.4713100000000001,65.0
2024-03-26 20:29:00,FX:EURCAD,1.4713100000000001,1.47143,1.4713100000000001,1.4713500000000002,46.0
2024-03-26 20:30:00,FX:EURCAD,1.4713500000000002,1.4714500000000001,1.47126,1.4713500000000002,218.0
2024-03-26 20:31:00,FX:EURCAD,1.4713500000000002,1.4714500000000001,1.47129,1.47139,105.0
2024-03-26 20:32:00,FX:EURCAD,1.47139,1.4714500000000001,1.47134,1.4713500000000002,118.0
2024-03-26 20:33:00,FX:EURCAD,1.4713500000000002,1.47136,1.47124,1.47126,107.0
2024-03-26 20:34:00,FX:EURCAD,1.47126,1.4713100000000001,1.47124,1.4713,51.0
2024-03-26 20:35:00,FX:EURCAD,1.4713,1.47132,1.4711800000000002,1.47124,93.0
2024-03-26 20:36:00,FX:EURCAD,1.47124,1.4713,1.47113,1.4711400000000001,116.0
2024-03-26 20:37:00,FX:EURCAD,1.4711400000000001,1.4712100000000001,1.4711400000000001,1.47119,72.0
2024-03-26 20:38:00,FX:EURCAD,1.47119,1.47122,1.4711400000000001,1.4712100000000001,72.0
2024-03-26 20:39:00,FX:EURCAD,1.4712100000000001,1.47127,1.47115,1.47126,74.0
2024-03-26 20:40:00,FX:EURCAD,1.47126,1.4713500000000002,1.4712,1.47134,40.0
2024-03-26 20:41:00,FX:EURCAD,1.47134,1.47134,1.47126,1.47127,29.0
2024-03-26 20:42:00,FX:EURCAD,1.47127,1.47133,1.47127,1.4713,51.0
2024-03-26 20:43:00,FX:EURCAD,1.4713,1.47137,1.47129,1.47137,67.0
2024-03-26 20:44:00,FX:EURCAD,1.47137,1.47141,1.4712800000000001,1.47129,71.0
2024-03-26 20:45:00,FX:EURCAD,1.47129,1.47132,1.47123,1.4712800000000001,154.0
2024-03-26 20:46:00,FX:EURCAD,1.4712800000000001,1.47133,1.47122,1.47123,125.0
2024-03-26 20:47:00,FX:EURCAD,1.47123,1.47137,1.4712100000000001,1.4713500000000002,59.0
2024-03-26 20:48:00,FX:EURCAD,1.4713500000000002,1.47137,1.47126,1.47136,95.0
2024-03-26 20:49:00,FX:EURCAD,1.47136,1.47139,1.47129,1.47132,127.0
2024-03-26 20:50:00,FX:EURCAD,1.47132,1.4713500000000002,1.4712800000000001,1.4712800000000001,70.0
2024-03-26 20:51:00,FX:EURCAD,1.4712800000000001,1.47136,1.47127,1.4713500000000002,129.0
2024-03-26 20:52:00,FX:EURCAD,1.4713500000000002,1.4714,1.4713100000000001,1.47139,92.0
2024-03-26 20:53:00,FX:EURCAD,1.47139,1.4714,1.47133,1.4713800000000001,120.0
2024-03-26 20:54:00,FX:EURCAD,1.4713800000000001,1.4715,1.4713500000000002,1.47147,138.0
2024-03-26 20:55:00,FX:EURCAD,1.47147,1.47151,1.4713100000000001,1.47137,177.0
2024-03-26 20:56:00,FX:EURCAD,1.47137,1.47141,1.47134,1.47136,63.0
2024-03-26 20:57:00,FX:EURCAD,1.47136,1.47143,1.47134,1.47137,49.0
2024-03-26 20:58:00,FX:EURCAD,1.47137,1.47144,1.47137,1.47141,112.0
2024-03-26 20:59:00,FX:EURCAD,1.47141,1.47147,1.47139,1.4714,103.0
2024-03-26 21:00:00,FX:EURCAD,1.4714,1.4714500000000001,1.47132,1.47136,152.0
2024-03-26 21:01:00,FX:EURCAD,1.47136,1.47143,1.4713500000000002,1.47141,78.0
2024-03-26 21:02:00,FX:EURCAD,1.47141,1.4714800000000001,1.4713800000000001,1.4714800000000001,56.0
2024-03-26 21:03:00,FX:EURCAD,1.4714800000000001,1.47156,1.4714500000000001,1.4715,92.0
2024-03-26 21:04:00,FX:EURCAD,1.4715,1.4715,1.4714500000000001,1.4714500000000001,81.0
2024-03-26 21:05:00,FX:EURCAD,1.4714500000000001,1.4714800000000001,1.47142,1.47146,155.0
2024-03-26 21:06:00,FX:EURCAD,1.47146,1.47147,1.4713500000000002,1.47137,130.0
2024-03-26 21:07:00,FX:EURCAD,1.47137,1.47149,1.47137,1.47146,130.0
2024-03-26 21:08:00,FX:EURCAD,1.47146,1.47151,1.4714500000000001,1.47147,187.0
2024-03-26 21:09:00,FX:EURCAD,1.47147,1.47147,1.4714,1.4714,230.0
2024-03-26 21:10:00,FX:EURCAD,1.4714,1.47144,1.4713800000000001,1.47144,175.0
2024-03-26 21:11:00,FX:EURCAD,1.47144,1.47146,1.47133,1.47133,266.0
2024-03-26 21:12:00,FX:EURCAD,1.47133,1.4714,1.4713100000000001,1.47136,100.0
2024-03-26 21:13:00,FX:EURCAD,1.47136,1.47149,1.47136,1.47147,81.0
2024-03-26 21:14:00,FX:EURCAD,1.47147,1.47156,1.47139,1.47139,109.0
2024-03-26 21:15:00,FX:EURCAD,1.47139,1.47144,1.47136,1.4714,109.0
2024-03-26 21:16:00,FX:EURCAD,1.4714,1.4714500000000001,1.4713800000000001,1.47141,161.0
2024-03-26 21:17:00,FX:EURCAD,1.47141,1.4714500000000001,1.47137,1.47141,143.0
2024-03-26 21:18:00,FX:EURCAD,1.47141,1.47144,1.47137,1.47143,147.0
2024-03-26 21:19:00,FX:EURCAD,1.47143,1.47149,1.47137,1.47147,96.0
2024-03-26 21:20:00,FX:EURCAD,1.47147,1.4715500000000001,1.47134,1.47146,175.0
2024-03-26 21:21:00,FX:EURCAD,1.47146,1.47159,1.4714500000000001,1.47159,197.0
2024-03-26 21:22:00,FX:EURCAD,1.47159,1.47163,1.47134,1.47134,171.0
2024-03-26 21:23:00,FX:EURCAD,1.47134,1.47139,1.47134,1.4713500000000002,67.0
2024-03-26 21:24:00,FX:EURCAD,1.4713500000000002,1.47149,1.4713500000000002,1.4713800000000001,101.0
2024-03-26 21:25:00,FX:EURCAD,1.4713800000000001,1.47144,1.47136,1.47137,135.0
2024-03-26 21:26:00,FX:EURCAD,1.47137,1.47143,1.4713500000000002,1.47141,75.0
2024-03-26 21:27:00,FX:EURCAD,1.47141,1.47143,1.47129,1.47133,135.0
2024-03-26 21:28:00,FX:EURCAD,1.47133,1.47139,1.4713100000000001,1.47133,116.0
2024-03-26 21:29:00,FX:EURCAD,1.47133,1.47143,1.47133,1.47136,90.0
2024-03-26 21:30:00,FX:EURCAD,1.47136,1.47141,1.47134,1.4713800000000001,192.0
2024-03-26 21:31:00,FX:EURCAD,1.4713800000000001,1.47154,1.47136,1.4714800000000001,180.0
2024-03-26 21:32:00,FX:EURCAD,1.4714800000000001,1.47159,1.47147,1.4715500000000001,182.0
2024-03-26 21:33:00,FX:EURCAD,1.4715500000000001,1.47159,1.47144,1.4715,135.0
2024-03-26 21:34:00,FX:EURCAD,1.4715,1.4715200000000002,1.47136,1.47137,95.0
2024-03-26 21:35:00,FX:EURCAD,1.47137,1.47154,1.47137,1.4715,139.0
2024-03-26 21:36:00,FX:EURCAD,1.4715,1.47151,1.4714,1.4714,108.0
2024-03-26 21:37:00,FX:EURCAD,1.4714,1.4715,1.4714,1.4714800000000001,123.0
2024-03-26 21:38:00,FX:EURCAD,1.4714800000000001,1.47154,1.4714,1.4714,87.0
2024-03-26 21:39:00,FX:EURCAD,1.4714,1.47142,1.4712800000000001,1.4713,224.0
2024-03-26 21:40:00,FX:EURCAD,1.4713,1.47141,1.4712100000000001,1.47124,155.0
2024-03-26 21:41:00,FX:EURCAD,1.47124,1.47127,1.4711800000000002,1.47124,120.0
2024-03-26 21:42:00,FX:EURCAD,1.47124,1.4713800000000001,1.47117,1.4713,149.0
2024-03-26 21:43:00,FX:EURCAD,1.4713,1.47142,1.47123,1.47133,156.0
2024-03-26 21:44:00,FX:EURCAD,1.47133,1.4714,1.47127,1.4713100000000001,209.0
2024-03-26 21:45:00,FX:EURCAD,1.4713100000000001,1.47143,1.47129,1.4714,214.0
2024-03-26 21:46:00,FX:EURCAD,1.4714,1.47142,1.47129,1.4713,157.0
2024-03-26 21:47:00,FX:EURCAD,1.4713,1.47133,1.47127,1.4713,134.0
2024-03-26 21:48:00,FX:EURCAD,1.4713,1.47134,1.47126,1.4713,99.0
2024-03-26 21:49:00,FX:EURCAD,1.4713,1.47132,1.47124,1.47124,121.0
2024-03-26 21:50:00,FX:EURCAD,1.47124,1.4714,1.47123,1.47136,104.0
2024-03-26 21:51:00,FX:EURCAD,1.47136,1.4713800000000001,1.47124,1.47124,81.0
2024-03-26 21:52:00,FX:EURCAD,1.47124,1.47136,1.47124,1.47136,79.0
2024-03-26 21:53:00,FX:EURCAD,1.47136,1.47142,1.47134,1.47137,107.0
2024-03-26 21:54:00,FX:EURCAD,1.47137,1.47141,1.47125,1.4712800000000001,151.0
2024-03-26 21:55:00,FX:EURCAD,1.4712800000000001,1.47141,1.47127,1.47129,119.0
2024-03-26 21:56:00,FX:EURCAD,1.47129,1.47129,1.47123,1.47126,90.0
2024-03-26 21:57:00,FX:EURCAD,1.47126,1.47129,1.47123,1.47127,59.0
2024-03-26 21:58:00,FX:EURCAD,1.47127,1.47134,1.47123,1.47125,80.0
2024-03-26 21:59:00,FX:EURCAD,1.47125,1.4713500000000002,1.47125,1.47126,123.0
2024-03-26 22:00:00,FX:EURCAD,1.47126,1.47132,1.47122,1.47125,195.0
2024-03-26 22:01:00,FX:EURCAD,1.47125,1.47129,1.47122,1.47127,71.0
2024-03-26 22:02:00,FX:EURCAD,1.47127,1.4713800000000001,1.47127,1.47134,132.0
2024-03-26 22:03:00,FX:EURCAD,1.47134,1.47139,1.47134,1.47139,100.0
2024-03-26 22:04:00,FX:EURCAD,1.47139,1.4714,1.4712800000000001,1.47132,108.0
2024-03-26 22:05:00,FX:EURCAD,1.47132,1.4713800000000001,1.4713100000000001,1.47133,145.0
2024-03-26 22:06:00,FX:EURCAD,1.47133,1.47137,1.4713100000000001,1.47136,107.0
2024-03-26 22:07:00,FX:EURCAD,1.47136,1.4714,1.4713,1.47139,117.0
2024-03-26 22:08:00,FX:EURCAD,1.47139,1.47153,1.47137,1.47143,101.0
2024-03-26 22:09:00,FX:EURCAD,1.47143,1.47143,1.4713800000000001,1.4714,84.0
2024-03-26 22:10:00,FX:EURCAD,1.4714,1.4714800000000001,1.4714,1.47147,109.0
2024-03-26 22:11:00,FX:EURCAD,1.47147,1.4714800000000001,1.47141,1.47144,122.0
2024-03-26 22:12:00,FX:EURCAD,1.47144,1.47151,1.47141,1.47143,132.0
2024-03-26 22:13:00,FX:EURCAD,1.47143,1.47153,1.47142,1.4715200000000002,106.0
2024-03-26 22:14:00,FX:EURCAD,1.4715200000000002,1.47159,1.4715,1.47157,71.0
2024-03-26 22:15:00,FX:EURCAD,1.47157,1.47157,1.47151,1.47154,59.0
2024-03-26 22:16:00,FX:EURCAD,1.47154,1.47157,1.47153,1.47156,54.0
2024-03-26 22:17:00,FX:EURCAD,1.47156,1.4716500000000001,1.47149,1.47149,87.0
2024-03-26 22:18:00,FX:EURCAD,1.47149,1.47156,1.4714800000000001,1.47156,85.0
2024-03-26 22:19:00,FX:EURCAD,1.47156,1.47163,1.47156,1.47157,73.0
2024-03-26 22:20:00,FX:EURCAD,1.47157,1.47167,1.47157,1.4716500000000001,77.0
2024-03-26 22:21:00,FX:EURCAD,1.4716500000000001,1.4716500000000001,1.47158,1.47159,42.0
2024-03-26 22:22:00,FX:EURCAD,1.47159,1.4716500000000001,1.47157,1.4716500000000001,47.0
2024-03-26 22:23:00,FX:EURCAD,1.4716500000000001,1.47168,1.47161,1.4716500000000001,52.0
2024-03-26 22:24:00,FX:EURCAD,1.4716500000000001,1.4717500000000001,1.4716500000000001,1.4717500000000001,68.0
2024-03-26 22:25:00,FX:EURCAD,1.4717500000000001,1.47177,1.4716500000000001,1.47166,84.0
2024-03-26 22:26:00,FX:EURCAD,1.47166,1.4717900000000002,1.47166,1.4717900000000002,41.0
2024-03-26 22:27:00,FX:EURCAD,1.4717900000000002,1.4718,1.4716900000000002,1.47171,77.0
2024-03-26 22:28:00,FX:EURCAD,1.47171,1.4717200000000001,1.47166,1.4716900000000002,79.0
2024-03-26 22:29:00,FX:EURCAD,1.4716900000000002,1.47171,1.47158,1.47164,91.0
2024-03-26 22:30:00,FX:EURCAD,1.47164,1.47171,1.47161,1.4716900000000002,124.0
2024-03-26 22:31:00,FX:EURCAD,1.4716900000000002,1.4718,1.47164,1.4717900000000002,121.0
2024-03-26 22:32:00,FX:EURCAD,1.4717900000000002,1.47186,1.47177,1.47185,79.0
2024-03-26 22:33:00,FX:EURCAD,1.47185,1.47194,1.4718200000000001,1.4719,104.0
2024-03-26 22:34:00,FX:EURCAD,1.4719,1.47205,1.4719,1.47195,61.0
2024-03-26 22:35:00,FX:EURCAD,1.47195,1.4719900000000001,1.4718900000000001,1.47193,82.0
2024-03-26 22:36:00,FX:EURCAD,1.47193,1.4719600000000002,1.47186,1.47194,126.0
2024-03-26 22:37:00,FX:EURCAD,1.47194,1.47195,1.47188,1.47191,97.0
2024-03-26 22:38:00,FX:EURCAD,1.47191,1.47194,1.47191,1.47194,93.0
2024-03-26 22:39:00,FX:EURCAD,1.47194,1.47204,1.4719200000000001,1.47202,96.0
2024-03-26 22:40:00,FX:EURCAD,1.47202,1.47202,1.47201,1.47202,58.0
2024-03-26 22:41:00,FX:EURCAD,1.47202,1.4720900000000001,1.47198,1.47204,137.0
2024-03-26 22:42:00,FX:EURCAD,1.47204,1.47217,1.47204,1.4721300000000002,138.0
2024-03-26 22:43:00,FX:EURCAD,1.4721300000000002,1.47218,1.47201,1.47204,166.0
2024-03-26 22:44:00,FX:EURCAD,1.47204,1.47211,1.47203,1.4720600000000001,113.0
2024-03-26 22:45:00,FX:EURCAD,1.4720600000000001,1.4721,1.47198,1.47198,65.0
2024-03-26 22:46:00,FX:EURCAD,1.47198,1.4721300000000002,1.4719600000000002,1.4721300000000002,91.0
2024-03-26 22:47:00,FX:EURCAD,1.4721300000000002,1.47215,1.47208,1.47215,90.0
2024-03-26 22:48:00,FX:EURCAD,1.47215,1.47215,1.47212,1.47214,80.0
2024-03-26 22:49:00,FX:EURCAD,1.47214,1.47218,1.4721300000000002,1.47215,73.0
2024-03-26 22:50:00,FX:EURCAD,1.47215,1.47218,1.47212,1.47214,69.0
2024-03-26 22:51:00,FX:EURCAD,1.47214,1.47219,1.4721300000000002,1.47218,68.0
2024-03-26 22:52:00,FX:EURCAD,1.47218,1.47218,1.4720900000000001,1.47215,130.0
2024-03-26 22:53:00,FX:EURCAD,1.47215,1.4721600000000001,1.47208,1.4720900000000001,75.0
2024-03-26 22:54:00,FX:EURCAD,1.4720900000000001,1.47212,1.47203,1.47208,109.0
2024-03-26 22:55:00,FX:EURCAD,1.47208,1.4721,1.47205,1.4720900000000001,81.0
2024-03-26 22:56:00,FX:EURCAD,1.4720900000000001,1.4721,1.47203,1.47203,79.0
2024-03-26 22:57:00,FX:EURCAD,1.47203,1.47205,1.47194,1.47195,85.0
2024-03-26 22:58:00,FX:EURCAD,1.47195,1.47197,1.4719,1.47195,81.0
2024-03-26 22:59:00,FX:EURCAD,1.47195,1.47195,1.4718200000000001,1.47185,110.0
2024-03-26 23:00:00,FX:EURCAD,1.47185,1.47195,1.47185,1.47191,96.0
2024-03-26 23:01:00,FX:EURCAD,1.47191,1.47193,1.47177,1.47178,162.0
2024-03-26 23:02:00,FX:EURCAD,1.47178,1.47183,1.47176,1.4718,96.0
2024-03-26 23:03:00,FX:EURCAD,1.4718,1.47191,1.47178,1.47178,121.0
2024-03-26 23:04:00,FX:EURCAD,1.47178,1.47183,1.47177,1.4718,71.0
2024-03-26 23:05:00,FX:EURCAD,1.4718,1.47184,1.47178,1.47181,40.0
2024-03-26 23:06:00,FX:EURCAD,1.47181,1.47188,1.4717900000000002,1.47187,95.0
2024-03-26 23:07:00,FX:EURCAD,1.47187,1.47187,1.47178,1.47187,89.0
2024-03-26 23:08:00,FX:EURCAD,1.47187,1.47188,1.47176,1.47178,126.0
2024-03-26 23:09:00,FX:EURCAD,1.47178,1.47178,1.4716,1.47173,162.0
2024-03-26 23:10:00,FX:EURCAD,1.47173,1.47176,1.47168,1.47173,101.0
2024-03-26 23:11:00,FX:EURCAD,1.47173,1.47176,1.4717200000000001,1.47173,78.0
2024-03-26 23:12:00,FX:EURCAD,1.47173,1.4718200000000001,1.4716900000000002,1.4717500000000001,254.0
2024-03-26 23:13:00,FX:EURCAD,1.4717500000000001,1.4717900000000002,1.4717,1.4717200000000001,176.0
2024-03-26 23:14:00,FX:EURCAD,1.4717200000000001,1.47184,1.4716900000000002,1.4717500000000001,222.0
2024-03-26 23:15:00,FX:EURCAD,1.4717500000000001,1.4717900000000002,1.4716500000000001,1.47173,148.0
2024-03-26 23:16:00,FX:EURCAD,1.47173,1.47174,1.47166,1.47168,115.0
2024-03-26 23:17:00,FX:EURCAD,1.47168,1.4717500000000001,1.47168,1.4717500000000001,104.0
2024-03-26 23:18:00,FX:EURCAD,1.4717500000000001,1.4717900000000002,1.4717200000000001,1.47174,116.0
2024-03-26 23:19:00,FX:EURCAD,1.47174,1.47176,1.47173,1.47176,85.0
2024-03-26 23:20:00,FX:EURCAD,1.47176,1.47185,1.47174,1.47176,109.0
2024-03-26 23:21:00,FX:EURCAD,1.47176,1.47191,1.47176,1.47187,130.0
2024-03-26 23:22:00,FX:EURCAD,1.47187,1.4718900000000001,1.47181,1.47187,122.0
2024-03-26 23:23:00,FX:EURCAD,1.47187,1.4719,1.47184,1.4719,98.0
2024-03-26 23:24:00,FX:EURCAD,1.4719,1.4719,1.4718200000000001,1.47185,101.0
2024-03-26 23:25:00,FX:EURCAD,1.47185,1.4718900000000001,1.4718200000000001,1.47184,94.0
2024-03-26 23:26:00,FX:EURCAD,1.47184,1.4718900000000001,1.4718,1.47185,70.0
2024-03-26 23:27:00,FX:EURCAD,1.47185,1.47186,1.47184,1.47184,88.0
2024-03-26 23:28:00,FX:EURCAD,1.47184,1.47188,1.47183,1.47183,96.0
2024-03-26 23:29:00,FX:EURCAD,1.47183,1.47188,1.47177,1.47187,130.0
2024-03-26 23:30:00,FX:EURCAD,1.47187,1.47193,1.4718,1.47183,186.0
2024-03-26 23:31:00,FX:EURCAD,1.47183,1.4718900000000001,1.47183,1.4718900000000001,87.0
2024-03-26 23:32:00,FX:EURCAD,1.4718900000000001,1.47197,1.47186,1.47197,73.0
2024-03-26 23:33:00,FX:EURCAD,1.47197,1.47197,1.47186,1.4719,86.0
2024-03-26 23:34:00,FX:EURCAD,1.4719,1.4719,1.4718900000000001,1.4719,48.0
2024-03-26 23:35:00,FX:EURCAD,1.4719,1.47197,1.4718900000000001,1.47195,79.0
2024-03-26 23:36:00,FX:EURCAD,1.47195,1.47195,1.4719,1.4719,58.0
2024-03-26 23:37:00,FX:EURCAD,1.4719,1.47195,1.4719,1.47193,54.0
2024-03-26 23:38:00,FX:EURCAD,1.47193,1.47198,1.47191,1.47191,56.0
2024-03-26 23:39:00,FX:EURCAD,1.47191,1.47195,1.4719,1.47191,52.0
2024-03-26 23:40:00,FX:EURCAD,1.47191,1.47195,1.47191,1.47195,42.0
2024-03-26 23:41:00,FX:EURCAD,1.47195,1.4719600000000002,1.47191,1.47191,58.0
2024-03-26 23:42:00,FX:EURCAD,1.47191,1.4719600000000002,1.4718900000000001,1.47193,50.0
2024-03-26 23:43:00,FX:EURCAD,1.47193,1.472,1.47193,1.472,31.0
2024-03-26 23:44:00,FX:EURCAD,1.472,1.472,1.47197,1.4719900000000001,22.0
2024-03-26 23:45:00,FX:EURCAD,1.4719900000000001,1.472,1.47191,1.47195,48.0
2024-03-26 23:46:00,FX:EURCAD,1.47195,1.47195,1.4719200000000001,1.4719200000000001,61.0
2024-03-26 23:47:00,FX:EURCAD,1.4719200000000001,1.47198,1.4719200000000001,1.47198,38.0
2024-03-26 23:48:00,FX:EURCAD,1.47198,1.472,1.4719600000000002,1.472,29.0
2024-03-26 23:49:00,FX:EURCAD,1.472,1.472,1.47195,1.47198,39.0
2024-03-26 23:50:00,FX:EURCAD,1.47198,1.47198,1.4719200000000001,1.47197,52.0
2024-03-26 23:51:00,FX:EURCAD,1.47197,1.47197,1.4719200000000001,1.4719600000000002,39.0
2024-03-26 23:52:00,FX:EURCAD,1.4719600000000002,1.4719600000000002,1.47186,1.47187,59.0
2024-03-26 23:53:00,FX:EURCAD,1.47187,1.47187,1.47176,1.47177,120.0
2024-03-26 23:54:00,FX:EURCAD,1.47177,1.47178,1.47176,1.47178,61.0
2024-03-26 23:55:00,FX:EURCAD,1.47178,1.47183,1.47177,1.47183,101.0
2024-03-26 23:56:00,FX:EURCAD,1.47183,1.47185,1.47183,1.47184,47.0
2024-03-26 23:57:00,FX:EURCAD,1.47184,1.47188,1.47184,1.47186,45.0
2024-03-26 23:58:00,FX:EURCAD,1.47186,1.47186,1.47177,1.47177,62.0
2024-03-26 23:59:00,FX:EURCAD,1.47177,1.47177,1.47167,1.4717,86.0
2024-03-27 00:00:00,FX:EURCAD,1.4717,1.47174,1.4716900000000002,1.47174,65.0
2024-03-27 00:01:00,FX:EURCAD,1.47174,1.4717500000000001,1.4716900000000002,1.4717500000000001,58.0
2024-03-27 00:02:00,FX:EURCAD,1.4717500000000001,1.47183,1.47173,1.4718,80.0
2024-03-27 00:03:00,FX:EURCAD,1.4718,1.4718200000000001,1.4718,1.4718,29.0
2024-03-27 00:04:00,FX:EURCAD,1.4718,1.47181,1.4717900000000002,1.4718,46.0
2024-03-27 00:05:00,FX:EURCAD,1.4718,1.4718,1.4717900000000002,1.4718,36.0
2024-03-27 00:06:00,FX:EURCAD,1.4718,1.4718200000000001,1.47177,1.4718,74.0
2024-03-27 00:07:00,FX:EURCAD,1.4718,1.47187,1.4718,1.47186,35.0
2024-03-27 00:08:00,FX:EURCAD,1.47186,1.47186,1.47176,1.47178,51.0
2024-03-27 00:09:00,FX:EURCAD,1.47178,1.47183,1.4717500000000001,1.4718,83.0
2024-03-27 00:10:00,FX:EURCAD,1.4718,1.4718200000000001,1.47178,1.47181,54.0
2024-03-27 00:11:00,FX:EURCAD,1.47181,1.47183,1.4717900000000002,1.47181,84.0
2024-03-27 00:12:00,FX:EURCAD,1.47181,1.47183,1.4717500000000001,1.47176,71.0
2024-03-27 00:13:00,FX:EURCAD,1.47176,1.4717900000000002,1.47171,1.47171,57.0
2024-03-27 00:14:00,FX:EURCAD,1.47171,1.47174,1.4717,1.47174,46.0
2024-03-27 00:15:00,FX:EURCAD,1.47174,1.47181,1.47174,1.47177,44.0
2024-03-27 00:16:00,FX:EURCAD,1.47177,1.4718,1.47177,1.4718,57.0
2024-03-27 00:17:00,FX:EURCAD,1.4718,1.47186,1.4718,1.47185,68.0
2024-03-27 00:18:00,FX:EURCAD,1.47185,1.47185,1.47183,1.47184,40.0
2024-03-27 00:19:00,FX:EURCAD,1.47184,1.4718900000000001,1.4718200000000001,1.4718200000000001,56.0
2024-03-27 00:20:00,FX:EURCAD,1.4718200000000001,1.47186,1.47177,1.47177,86.0
2024-03-27 00:21:00,FX:EURCAD,1.47177,1.47184,1.47176,1.47184,81.0
2024-03-27 00:22:00,FX:EURCAD,1.47184,1.47186,1.47176,1.47177,80.0
2024-03-27 00:23:00,FX:EURCAD,1.47177,1.47181,1.4717500000000001,1.47177,80.0
2024-03-27 00:24:00,FX:EURCAD,1.47177,1.4718200000000001,1.4717200000000001,1.4717500000000001,90.0
2024-03-27 00:25:00,FX:EURCAD,1.4717500000000001,1.47178,1.47173,1.47178,53.0
2024-03-27 00:26:00,FX:EURCAD,1.47178,1.47178,1.47173,1.47173,64.0
2024-03-27 00:27:00,FX:EURCAD,1.47173,1.4718,1.47171,1.4717500000000001,116.0
2024-03-27 00:28:00,FX:EURCAD,1.4717500000000001,1.47177,1.47171,1.47173,68.0
2024-03-27 00:29:00,FX:EURCAD,1.47173,1.47174,1.47171,1.47174,64.0
2024-03-27 00:30:00,FX:EURCAD,1.47174,1.4717900000000002,1.4717,1.47177,151.0
2024-03-27 00:31:00,FX:EURCAD,1.47177,1.47184,1.47177,1.4717900000000002,85.0
2024-03-27 00:32:00,FX:EURCAD,1.4717900000000002,1.47183,1.47176,1.4718,104.0
2024-03-27 00:33:00,FX:EURCAD,1.4718,1.4718200000000001,1.47173,1.47173,103.0
2024-03-27 00:34:00,FX:EURCAD,1.47173,1.47176,1.47173,1.47176,32.0
2024-03-27 00:35:00,FX:EURCAD,1.47176,1.47181,1.47174,1.47181,101.0
2024-03-27 00:36:00,FX:EURCAD,1.47181,1.47181,1.47176,1.4718,75.0
2024-03-27 00:37:00,FX:EURCAD,1.4718,1.47188,1.4718,1.47181,70.0
2024-03-27 00:38:00,FX:EURCAD,1.47181,1.47181,1.47177,1.4718,63.0
2024-03-27 00:39:00,FX:EURCAD,1.4718,1.47183,1.47176,1.47177,64.0
2024-03-27 00:40:00,FX:EURCAD,1.47177,1.47178,1.4717500000000001,1.47178,104.0
2024-03-27 00:41:00,FX:EURCAD,1.47178,1.47178,1.47173,1.4717500000000001,41.0
2024-03-27 00:42:00,FX:EURCAD,1.4717500000000001,1.47176,1.4717200000000001,1.47174,60.0
2024-03-27 00:43:00,FX:EURCAD,1.47174,1.47174,1.4717,1.4717200000000001,24.0
2024-03-27 00:44:00,FX:EURCAD,1.4717200000000001,1.4717200000000001,1.4716900000000002,1.47171,31.0
2024-03-27 00:45:00,FX:EURCAD,1.47171,1.47171,1.4717,1.4717,59.0
2024-03-27 00:46:00,FX:EURCAD,1.4717,1.4717200000000001,1.4716900000000002,1.4716900000000002,48.0
2024-03-27 00:47:00,FX:EURCAD,1.4716900000000002,1.47171,1.4716900000000002,1.47171,55.0
2024-03-27 00:48:00,FX:EURCAD,1.47171,1.47173,1.4716900000000002,1.47173,27.0
2024-03-27 00:49:00,FX:EURCAD,1.47173,1.4717900000000002,1.4717200000000001,1.47174,81.0
2024-03-27 00:50:00,FX:EURCAD,1.47174,1.47174,1.47164,1.47164,74.0
2024-03-27 00:51:00,FX:EURCAD,1.47164,1.47168,1.47164,1.4716500000000001,128.0
2024-03-27 00:52:00,FX:EURCAD,1.4716500000000001,1.47171,1.47164,1.47166,109.0
2024-03-27 00:53:00,FX:EURCAD,1.47166,1.47167,1.4716200000000002,1.47163,61.0
2024-03-27 00:54:00,FX:EURCAD,1.47163,1.4716500000000001,1.47159,1.47164,122.0
2024-03-27 00:55:00,FX:EURCAD,1.47164,1.4716900000000002,1.47163,1.4716900000000002,73.0
2024-03-27 00:56:00,FX:EURCAD,1.4716900000000002,1.4716900000000002,1.4716500000000001,1.47166,87.0
2024-03-27 00:57:00,FX:EURCAD,1.47166,1.47167,1.47163,1.4716500000000001,46.0
2024-03-27 00:58:00,FX:EURCAD,1.4716500000000001,1.47167,1.4716500000000001,1.47166,59.0
2024-03-27 00:59:00,FX:EURCAD,1.47166,1.4716900000000002,1.47164,1.47168,67.0
2024-03-27 01:00:00,FX:EURCAD,1.47168,1.47168,1.47156,1.47161,131.0
2024-03-27 01:01:00,FX:EURCAD,1.47161,1.47161,1.4715500000000001,1.4715500000000001,107.0
2024-03-27 01:02:00,FX:EURCAD,1.4715500000000001,1.47159,1.47154,1.47159,78.0
2024-03-27 01:03:00,FX:EURCAD,1.47159,1.47161,1.47156,1.47158,64.0
2024-03-27 01:04:00,FX:EURCAD,1.47158,1.47164,1.47157,1.47161,95.0
2024-03-27 01:05:00,FX:EURCAD,1.47161,1.47164,1.47161,1.4716200000000002,86.0
2024-03-27 01:06:00,FX:EURCAD,1.4716200000000002,1.4716900000000002,1.47161,1.47166,137.0
2024-03-27 01:07:00,FX:EURCAD,1.47166,1.47167,1.47156,1.47159,76.0
2024-03-27 01:08:00,FX:EURCAD,1.47159,1.47159,1.4715200000000002,1.4715200000000002,74.0
2024-03-27 01:09:00,FX:EURCAD,1.4715200000000002,1.4715500000000001,1.4715,1.47151,53.0
2024-03-27 01:10:00,FX:EURCAD,1.47151,1.47161,1.4715,1.47161,74.0
2024-03-27 01:11:00,FX:EURCAD,1.47161,1.47164,1.47159,1.47159,82.0
2024-03-27 01:12:00,FX:EURCAD,1.47159,1.4716500000000001,1.47157,1.4716,83.0
2024-03-27 01:13:00,FX:EURCAD,1.4716,1.47163,1.47158,1.4716200000000002,71.0
2024-03-27 01:14:00,FX:EURCAD,1.4716200000000002,1.47166,1.47158,1.47158,67.0
2024-03-27 01:15:00,FX:EURCAD,1.47158,1.47159,1.4715,1.4715,117.0
2024-03-27 01:16:00,FX:EURCAD,1.4715,1.4715200000000002,1.4715,1.4715200000000002,32.0
2024-03-27 01:17:00,FX:EURCAD,1.4715200000000002,1.47161,1.47151,1.4716,68.0
2024-03-27 01:18:00,FX:EURCAD,1.4716,1.47161,1.47156,1.47157,60.0
2024-03-27 01:19:00,FX:EURCAD,1.47157,1.47159,1.47154,1.47156,164.0
2024-03-27 01:20:00,FX:EURCAD,1.47156,1.47163,1.4715200000000002,1.4715200000000002,90.0
2024-03-27 01:21:00,FX:EURCAD,1.4715200000000002,1.47164,1.47151,1.47158,97.0
2024-03-27 01:22:00,FX:EURCAD,1.47158,1.47158,1.47154,1.47156,42.0
2024-03-27 01:23:00,FX:EURCAD,1.47156,1.4716200000000002,1.4715500000000001,1.4716200000000002,55.0
2024-03-27 01:24:00,FX:EURCAD,1.4716200000000002,1.4716200000000002,1.47158,1.47159,43.0
2024-03-27 01:25:00,FX:EURCAD,1.47159,1.47164,1.47158,1.47161,75.0
2024-03-27 01:26:00,FX:EURCAD,1.47161,1.4716200000000002,1.47158,1.4716,31.0
2024-03-27 01:27:00,FX:EURCAD,1.4716,1.47164,1.47158,1.4716200000000002,56.0
2024-03-27 01:28:00,FX:EURCAD,1.4716200000000002,1.4716500000000001,1.4716,1.47161,98.0
2024-03-27 01:29:00,FX:EURCAD,1.47161,1.47164,1.47158,1.4716200000000002,52.0
2024-03-27 01:30:00,FX:EURCAD,1.4716200000000002,1.47166,1.4716,1.47166,40.0
2024-03-27 01:31:00,FX:EURCAD,1.47166,1.47167,1.47163,1.47167,70.0
2024-03-27 01:32:00,FX:EURCAD,1.47167,1.47178,1.4716500000000001,1.47171,64.0
2024-03-27 01:33:00,FX:EURCAD,1.47171,1.4717200000000001,1.47161,1.47166,86.0
2024-03-27 01:34:00,FX:EURCAD,1.47166,1.4716900000000002,1.47163,1.4716900000000002,55.0
2024-03-27 01:35:00,FX:EURCAD,1.4716900000000002,1.4717,1.47164,1.47164,64.0
2024-03-27 01:36:00,FX:EURCAD,1.47164,1.47166,1.4716,1.47166,69.0
2024-03-27 01:37:00,FX:EURCAD,1.47166,1.4717,1.47164,1.47167,59.0
2024-03-27 01:38:00,FX:EURCAD,1.47167,1.4716900000000002,1.47163,1.4716500000000001,54.0
2024-03-27 01:39:00,FX:EURCAD,1.4716500000000001,1.4717,1.4716500000000001,1.47167,56.0
2024-03-27 01:40:00,FX:EURCAD,1.47167,1.4716900000000002,1.4716200000000002,1.47167,64.0
2024-03-27 01:41:00,FX:EURCAD,1.47167,1.47168,1.47158,1.47158,74.0
2024-03-27 01:42:00,FX:EURCAD,1.47158,1.47161,1.4714800000000001,1.47161,112.0
2024-03-27 01:43:00,FX:EURCAD,1.47161,1.47161,1.4715500000000001,1.47156,56.0
2024-03-27 01:44:00,FX:EURCAD,1.47156,1.4716,1.47153,1.47156,54.0
2024-03-27 01:45:00,FX:EURCAD,1.47156,1.4716,1.47154,1.4715500000000001,123.0
2024-03-27 01:46:00,FX:EURCAD,1.4715500000000001,1.47157,1.47154,1.4715500000000001,51.0
2024-03-27 01:47:00,FX:EURCAD,1.4715500000000001,1.47159,1.4715500000000001,1.47158,20.0
2024-03-27 01:48:00,FX:EURCAD,1.47158,1.47159,1.47151,1.47158,78.0
2024-03-27 01:49:00,FX:EURCAD,1.47158,1.47158,1.47147,1.4715,84.0
2024-03-27 01:50:00,FX:EURCAD,1.4715,1.47159,1.4714800000000001,1.47156,60.0
2024-03-27 01:51:00,FX:EURCAD,1.47156,1.47158,1.4714500000000001,1.4715200000000002,79.0
2024-03-27 01:52:00,FX:EURCAD,1.4715200000000002,1.47153,1.47146,1.4715,85.0
2024-03-27 01:53:00,FX:EURCAD,1.4715,1.47153,1.47147,1.47151,67.0
2024-03-27 01:54:00,FX:EURCAD,1.47151,1.47153,1.47143,1.4714500000000001,92.0
2024-03-27 01:55:00,FX:EURCAD,1.4714500000000001,1.4715,1.47139,1.4714,85.0
2024-03-27 01:56:00,FX:EURCAD,1.4714,1.47142,1.47136,1.4713800000000001,82.0
2024-03-27 01:57:00,FX:EURCAD,1.4713800000000001,1.4714500000000001,1.47133,1.4714500000000001,48.0
2024-03-27 01:58:00,FX:EURCAD,1.4714500000000001,1.4714500000000001,1.47133,1.4713800000000001,105.0
2024-03-27 01:59:00,FX:EURCAD,1.4713800000000001,1.47143,1.47134,1.4714,107.0
2024-03-27 02:00:00,FX:EURCAD,1.4714,1.4716500000000001,1.4713500000000002,1.47161,151.0
2024-03-27 02:01:00,FX:EURCAD,1.47161,1.4716200000000002,1.47146,1.4715,145.0
2024-03-27 02:02:00,FX:EURCAD,1.4715,1.47153,1.4714,1.47144,173.0
2024-03-27 02:03:00,FX:EURCAD,1.47144,1.47147,1.4714,1.47142,87.0
2024-03-27 02:04:00,FX:EURCAD,1.47142,1.47144,1.47132,1.4713500000000002,107.0
2024-03-27 02:05:00,FX:EURCAD,1.4713500000000002,1.47141,1.4713,1.47137,130.0
2024-03-27 02:06:00,FX:EURCAD,1.47137,1.47143,1.47134,1.47139,129.0
2024-03-27 02:07:00,FX:EURCAD,1.47139,1.47141,1.4713800000000001,1.47141,122.0
2024-03-27 02:08:00,FX:EURCAD,1.47141,1.47151,1.47139,1.47139,126.0
2024-03-27 02:09:00,FX:EURCAD,1.47139,1.4714500000000001,1.47136,1.47139,134.0
2024-03-27 02:10:00,FX:EURCAD,1.47139,1.47158,1.4713800000000001,1.4715500000000001,126.0
2024-03-27 02:11:00,FX:EURCAD,1.4715500000000001,1.47159,1.47151,1.47159,105.0
2024-03-27 02:12:00,FX:EURCAD,1.47159,1.47159,1.47149,1.47153,84.0
2024-03-27 02:13:00,FX:EURCAD,1.47153,1.47153,1.4714,1.47143,114.0
2024-03-27 02:14:00,FX:EURCAD,1.47143,1.4714800000000001,1.47143,1.47146,70.0
2024-03-27 02:15:00,FX:EURCAD,1.47146,1.4716200000000002,1.47146,1.4716200000000002,115.0
2024-03-27 02:16:00,FX:EURCAD,1.4716200000000002,1.47164,1.47153,1.47153,127.0
2024-03-27 02:17:00,FX:EURCAD,1.47153,1.47161,1.47153,1.47161,103.0
2024-03-27 02:18:00,FX:EURCAD,1.47161,1.4716200000000002,1.47157,1.47158,113.0
2024-03-27 02:19:00,FX:EURCAD,1.47158,1.47161,1.47153,1.47153,120.0
2024-03-27 02:20:00,FX:EURCAD,1.47153,1.47158,1.4714800000000001,1.4715,124.0
2024-03-27 02:21:00,FX:EURCAD,1.4715,1.47164,1.4715,1.4716,112.0
2024-03-27 02:22:00,FX:EURCAD,1.4716,1.4716200000000002,1.47151,1.4715500000000001,132.0
2024-03-27 02:23:00,FX:EURCAD,1.4715500000000001,1.47158,1.4715,1.47151,107.0
2024-03-27 02:24:00,FX:EURCAD,1.47151,1.4715200000000002,1.47146,1.47149,124.0
2024-03-27 02:25:00,FX:EURCAD,1.47149,1.47161,1.4714800000000001,1.4715500000000001,102.0
2024-03-27 02:26:00,FX:EURCAD,1.4715500000000001,1.4716,1.47154,1.47158,95.0
2024-03-27 02:27:00,FX:EURCAD,1.47158,1.47174,1.47154,1.4716900000000002,107.0
2024-03-27 02:28:00,FX:EURCAD,1.4716900000000002,1.4717500000000001,1.47168,1.4717,81.0
2024-03-27 02:29:00,FX:EURCAD,1.4717,1.4717500000000001,1.47168,1.4717,91.0
2024-03-27 02:30:00,FX:EURCAD,1.4717,1.4718200000000001,1.4716900000000002,1.4718,91.0
2024-03-27 02:31:00,FX:EURCAD,1.4718,1.47188,1.47177,1.4718,146.0
2024-03-27 02:32:00,FX:EURCAD,1.4718,1.4718,1.4717,1.4717200000000001,101.0
2024-03-27 02:33:00,FX:EURCAD,1.4717200000000001,1.47177,1.47171,1.47177,55.0
2024-03-27 02:34:00,FX:EURCAD,1.47177,1.4718,1.47171,1.4717900000000002,67.0
2024-03-27 02:35:00,FX:EURCAD,1.4717900000000002,1.4718200000000001,1.47177,1.4718,83.0
2024-03-27 02:36:00,FX:EURCAD,1.4718,1.47185,1.4717900000000002,1.47183,104.0
2024-03-27 02:37:00,FX:EURCAD,1.47183,1.47191,1.4718200000000001,1.4718200000000001,70.0
2024-03-27 02:38:00,FX:EURCAD,1.4718200000000001,1.47188,1.4718,1.4718200000000001,76.0
2024-03-27 02:39:00,FX:EURCAD,1.4718200000000001,1.47195,1.4718,1.47191,123.0
2024-03-27 02:40:00,FX:EURCAD,1.47191,1.47193,1.47185,1.4719,89.0
2024-03-27 02:41:00,FX:EURCAD,1.4719,1.47191,1.47181,1.47188,130.0
2024-03-27 02:42:00,FX:EURCAD,1.47188,1.47197,1.47185,1.4719200000000001,86.0
2024-03-27 02:43:00,FX:EURCAD,1.4719200000000001,1.47202,1.4719200000000001,1.472,111.0
2024-03-27 02:44:00,FX:EURCAD,1.472,1.47205,1.4719900000000001,1.47205,109.0
2024-03-27 02:45:00,FX:EURCAD,1.47205,1.47208,1.47194,1.47205,100.0
2024-03-27 02:46:00,FX:EURCAD,1.47205,1.4721,1.47202,1.47207,83.0
2024-03-27 02:47:00,FX:EURCAD,1.47207,1.47207,1.472,1.47202,137.0
2024-03-27 02:48:00,FX:EURCAD,1.47202,1.4721300000000002,1.47198,1.47212,106.0
2024-03-27 02:49:00,FX:EURCAD,1.47212,1.4721300000000002,1.47195,1.47203,161.0
2024-03-27 02:50:00,FX:EURCAD,1.47203,1.47214,1.47201,1.47211,88.0
2024-03-27 02:51:00,FX:EURCAD,1.47211,1.4721600000000001,1.4720600000000001,1.4720900000000001,166.0
2024-03-27 02:52:00,FX:EURCAD,1.4720900000000001,1.47211,1.47202,1.47204,139.0
2024-03-27 02:53:00,FX:EURCAD,1.47204,1.47205,1.47197,1.47205,133.0
2024-03-27 02:54:00,FX:EURCAD,1.47205,1.47208,1.47194,1.47195,60.0
2024-03-27 02:55:00,FX:EURCAD,1.47195,1.47204,1.47191,1.4719600000000002,137.0
2024-03-27 02:56:00,FX:EURCAD,1.4719600000000002,1.47215,1.47194,1.47202,103.0
2024-03-27 02:57:00,FX:EURCAD,1.47202,1.4722300000000001,1.47201,1.47211,104.0
2024-03-27 02:58:00,FX:EURCAD,1.47211,1.47212,1.47203,1.4721,99.0
2024-03-27 02:59:00,FX:EURCAD,1.4721,1.47224,1.47208,1.4722300000000001,96.0
2024-03-27 03:00:00,FX:EURCAD,1.4722300000000001,1.4722300000000001,1.4719600000000002,1.472,147.0
2024-03-27 03:01:00,FX:EURCAD,1.472,1.47214,1.47198,1.4720900000000001,215.0
2024-03-27 03:02:00,FX:EURCAD,1.4720900000000001,1.47219,1.4720900000000001,1.47219,126.0
2024-03-27 03:03:00,FX:EURCAD,1.47219,1.47242,1.4721300000000002,1.47231,169.0
2024-03-27 03:04:00,FX:EURCAD,1.47231,1.47231,1.47224,1.4723000000000002,123.0
2024-03-27 03:05:00,FX:EURCAD,1.4723000000000002,1.47232,1.4722600000000001,1.4722600000000001,96.0
2024-03-27 03:06:00,FX:EURCAD,1.4722600000000001,1.47227,1.47208,1.4721300000000002,119.0
2024-03-27 03:07:00,FX:EURCAD,1.4721300000000002,1.4722,1.4721,1.4721,81.0
2024-03-27 03:08:00,FX:EURCAD,1.4721,1.47214,1.47204,1.4721,93.0
2024-03-27 03:09:00,FX:EURCAD,1.4721,1.47215,1.47202,1.47214,117.0
2024-03-27 03:10:00,FX:EURCAD,1.47214,1.4721600000000001,1.47203,1.47212,93.0
2024-03-27 03:11:00,FX:EURCAD,1.47212,1.47218,1.47202,1.47204,116.0
2024-03-27 03:12:00,FX:EURCAD,1.47204,1.4721600000000001,1.47202,1.47202,106.0
2024-03-27 03:13:00,FX:EURCAD,1.47202,1.47205,1.4719600000000002,1.47198,90.0
2024-03-27 03:14:00,FX:EURCAD,1.47198,1.47204,1.4719200000000001,1.47202,157.0
2024-03-27 03:15:00,FX:EURCAD,1.47202,1.47207,1.47198,1.47205,126.0
2024-03-27 03:16:00,FX:EURCAD,1.47205,1.47215,1.472,1.47203,175.0
2024-03-27 03:17:00,FX:EURCAD,1.47203,1.47207,1.4719900000000001,1.47207,94.0
2024-03-27 03:18:00,FX:EURCAD,1.47207,1.47217,1.47205,1.47208,112.0
2024-03-27 03:19:00,FX:EURCAD,1.47208,1.4720900000000001,1.472,1.47202,91.0
2024-03-27 03:20:00,FX:EURCAD,1.47202,1.47205,1.4719200000000001,1.4719600000000002,204.0
2024-03-27 03:21:00,FX:EURCAD,1.4719600000000002,1.4720600000000001,1.47195,1.472,154.0
2024-03-27 03:22:00,FX:EURCAD,1.472,1.47215,1.4719600000000002,1.47215,136.0
2024-03-27 03:23:00,FX:EURCAD,1.47215,1.47215,1.47202,1.47207,134.0
2024-03-27 03:24:00,FX:EURCAD,1.47207,1.47214,1.47202,1.47202,112.0
2024-03-27 03:25:00,FX:EURCAD,1.47202,1.4722,1.472,1.47215,92.0
2024-03-27 03:26:00,FX:EURCAD,1.47215,1.47218,1.4718,1.47184,170.0
2024-03-27 03:27:00,FX:EURCAD,1.47184,1.4719,1.4714800000000001,1.47149,274.0
2024-03-27 03:28:00,FX:EURCAD,1.47149,1.47156,1.47126,1.47156,295.0
2024-03-27 03:29:00,FX:EURCAD,1.47156,1.4716,1.4713800000000001,1.4714500000000001,190.0
2024-03-27 03:30:00,FX:EURCAD,1.4714500000000001,1.47146,1.47132,1.47139,223.0
2024-03-27 03:31:00,FX:EURCAD,1.47139,1.4714,1.47115,1.4712100000000001,244.0
2024-03-27 03:32:00,FX:EURCAD,1.4712100000000001,1.47154,1.4711800000000002,1.4714500000000001,255.0
2024-03-27 03:33:00,FX:EURCAD,1.4714500000000001,1.47158,1.47141,1.47156,170.0
2024-03-27 03:34:00,FX:EURCAD,1.47156,1.47166,1.4715,1.47166,201.0
2024-03-27 03:35:00,FX:EURCAD,1.47166,1.47168,1.4715500000000001,1.4716500000000001,239.0
2024-03-27 03:36:00,FX:EURCAD,1.4716500000000001,1.47191,1.47161,1.47188,139.0
2024-03-27 03:37:00,FX:EURCAD,1.47188,1.4719200000000001,1.4718,1.47184,149.0
2024-03-27 03:38:00,FX:EURCAD,1.47184,1.4719,1.4718200000000001,1.47188,75.0
2024-03-27 03:39:00,FX:EURCAD,1.47188,1.47188,1.4717900000000002,1.4718200000000001,172.0
2024-03-27 03:40:00,FX:EURCAD,1.4718200000000001,1.47184,1.4717,1.47176,189.0
2024-03-27 03:41:00,FX:EURCAD,1.47176,1.47177,1.47151,1.47154,188.0
2024-03-27 03:42:00,FX:EURCAD,1.47154,1.47161,1.47146,1.4715,178.0
2024-03-27 03:43:00,FX:EURCAD,1.4715,1.4716,1.47139,1.4715,206.0
2024-03-27 03:44:00,FX:EURCAD,1.4715,1.47161,1.4714500000000001,1.47153,218.0
2024-03-27 03:45:00,FX:EURCAD,1.47153,1.4716900000000002,1.47146,1.47164,215.0
2024-03-27 03:46:00,FX:EURCAD,1.47164,1.47173,1.47149,1.47164,204.0
2024-03-27 03:47:00,FX:EURCAD,1.47164,1.47176,1.47158,1.47166,214.0
2024-03-27 03:48:00,FX:EURCAD,1.47166,1.47173,1.47158,1.4717,208.0
2024-03-27 03:49:00,FX:EURCAD,1.4717,1.47177,1.47166,1.4717500000000001,166.0
2024-03-27 03:50:00,FX:EURCAD,1.4717500000000001,1.47177,1.4716500000000001,1.47174,123.0
2024-03-27 03:51:00,FX:EURCAD,1.47174,1.47177,1.4716,1.47164,138.0
2024-03-27 03:52:00,FX:EURCAD,1.47164,1.47168,1.47141,1.4714800000000001,114.0
2024-03-27 03:53:00,FX:EURCAD,1.4714800000000001,1.47164,1.4714500000000001,1.4716200000000002,206.0
2024-03-27 03:54:00,FX:EURCAD,1.4716200000000002,1.47176,1.4716,1.47167,269.0
2024-03-27 03:55:00,FX:EURCAD,1.47167,1.47168,1.47141,1.47141,176.0
2024-03-27 03:56:00,FX:EURCAD,1.47141,1.47158,1.47136,1.47157,192.0
2024-03-27 03:57:00,FX:EURCAD,1.47157,1.47164,1.47123,1.47133,253.0
2024-03-27 03:58:00,FX:EURCAD,1.47133,1.47146,1.47129,1.4714,214.0
2024-03-27 03:59:00,FX:EURCAD,1.4714,1.47173,1.4713800000000001,1.4717200000000001,253.0
2024-03-27 04:00:00,FX:EURCAD,1.4717200000000001,1.47193,1.4714800000000001,1.47149,484.0
2024-03-27 04:01:00,FX:EURCAD,1.47149,1.47168,1.47149,1.47166,176.0
2024-03-27 04:02:00,FX:EURCAD,1.47166,1.4717900000000002,1.47156,1.4717900000000002,163.0
2024-03-27 04:03:00,FX:EURCAD,1.4717900000000002,1.47184,1.47157,1.47164,154.0
2024-03-27 04:04:00,FX:EURCAD,1.47164,1.47164,1.47141,1.47147,120.0
2024-03-27 04:05:00,FX:EURCAD,1.47147,1.47195,1.47141,1.4719200000000001,230.0
2024-03-27 04:06:00,FX:EURCAD,1.4719200000000001,1.47198,1.47181,1.47194,197.0
2024-03-27 04:07:00,FX:EURCAD,1.47194,1.47198,1.4718900000000001,1.4719,183.0
2024-03-27 04:08:00,FX:EURCAD,1.4719,1.47201,1.4718200000000001,1.4719900000000001,204.0
2024-03-27 04:09:00,FX:EURCAD,1.4719900000000001,1.4721,1.4719900000000001,1.47204,161.0
2024-03-27 04:10:00,FX:EURCAD,1.47204,1.4720900000000001,1.47188,1.4720600000000001,201.0
2024-03-27 04:11:00,FX:EURCAD,1.4720600000000001,1.4720900000000001,1.47194,1.47208,122.0
2024-03-27 04:12:00,FX:EURCAD,1.47208,1.47217,1.47201,1.4721300000000002,169.0
2024-03-27 04:13:00,FX:EURCAD,1.4721300000000002,1.4722,1.47202,1.47205,103.0
2024-03-27 04:14:00,FX:EURCAD,1.47205,1.47207,1.4718900000000001,1.47201,203.0
2024-03-27 04:15:00,FX:EURCAD,1.47201,1.47202,1.4719,1.4719,156.0
2024-03-27 04:16:00,FX:EURCAD,1.4719,1.472,1.4718900000000001,1.47195,112.0
2024-03-27 04:17:00,FX:EURCAD,1.47195,1.47205,1.4719,1.4719,199.0
2024-03-27 04:18:00,FX:EURCAD,1.4719,1.47203,1.4718900000000001,1.4719200000000001,227.0
2024-03-27 04:19:00,FX:EURCAD,1.4719200000000001,1.47198,1.47191,1.4719600000000002,175.0
2024-03-27 04:20:00,FX:EURCAD,1.4719600000000002,1.47204,1.47184,1.47203,173.0
2024-03-27 04:21:00,FX:EURCAD,1.47203,1.4721,1.47193,1.47195,170.0
2024-03-27 04:22:00,FX:EURCAD,1.47195,1.47208,1.47193,1.47201,180.0
2024-03-27 04:23:00,FX:EURCAD,1.47201,1.47201,1.47184,1.47195,198.0
2024-03-27 04:24:00,FX:EURCAD,1.47195,1.4719900000000001,1.47185,1.47187,194.0
2024-03-27 04:25:00,FX:EURCAD,1.47187,1.47202,1.47187,1.47195,165.0
2024-03-27 04:26:00,FX:EURCAD,1.47195,1.4719600000000002,1.47177,1.47183,267.0
2024-03-27 04:27:00,FX:EURCAD,1.47183,1.4719,1.4718,1.47186,142.0
2024-03-27 04:28:00,FX:EURCAD,1.47186,1.4719600000000002,1.47183,1.4719,103.0
2024-03-27 04:29:00,FX:EURCAD,1.4719,1.472,1.4718900000000001,1.4719600000000002,199.0
2024-03-27 04:30:00,FX:EURCAD,1.4719600000000002,1.47217,1.4719200000000001,1.47215,193.0
2024-03-27 04:31:00,FX:EURCAD,1.47215,1.47227,1.47211,1.47217,174.0
2024-03-27 04:32:00,FX:EURCAD,1.47217,1.47227,1.4721600000000001,1.47227,115.0
2024-03-27 04:33:00,FX:EURCAD,1.47227,1.47244,1.47227,1.47241,92.0
2024-03-27 04:34:00,FX:EURCAD,1.47241,1.47248,1.47239,1.47241,152.0
2024-03-27 04:35:00,FX:EURCAD,1.47241,1.4725300000000001,1.47232,1.4724300000000001,188.0
2024-03-27 04:36:00,FX:EURCAD,1.4724300000000001,1.47262,1.47242,1.4725700000000002,185.0
2024-03-27 04:37:00,FX:EURCAD,1.4725700000000002,1.47265,1.47251,1.47264,222.0
2024-03-27 04:38:00,FX:EURCAD,1.47264,1.47272,1.47261,1.47261,178.0
2024-03-27 04:39:00,FX:EURCAD,1.47261,1.4727400000000002,1.47259,1.47271,176.0
2024-03-27 04:40:00,FX:EURCAD,1.47271,1.4728,1.47263,1.4728,172.0
2024-03-27 04:41:00,FX:EURCAD,1.4728,1.4728400000000001,1.4727400000000002,1.47279,202.0
2024-03-27 04:42:00,FX:EURCAD,1.47279,1.47296,1.4727400000000002,1.47293,150.0
2024-03-27 04:43:00,FX:EURCAD,1.47293,1.47316,1.4729100000000002,1.47307,229.0
2024-03-27 04:44:00,FX:EURCAD,1.47307,1.4731800000000002,1.47307,1.47312,119.0
2024-03-27 04:45:00,FX:EURCAD,1.47312,1.4732100000000001,1.47305,1.47305,156.0
2024-03-27 04:46:00,FX:EURCAD,1.47305,1.47317,1.4730100000000002,1.47315,151.0
2024-03-27 04:47:00,FX:EURCAD,1.47315,1.47315,1.47306,1.4731100000000001,108.0
2024-03-27 04:48:00,FX:EURCAD,1.4731100000000001,1.4731100000000001,1.4729,1.4730400000000001,152.0
2024-03-27 04:49:00,FX:EURCAD,1.4730400000000001,1.47313,1.4730100000000002,1.47307,157.0
2024-03-27 04:50:00,FX:EURCAD,1.47307,1.4731400000000001,1.47303,1.4730400000000001,205.0
2024-03-27 04:51:00,FX:EURCAD,1.4730400000000001,1.47319,1.4730400000000001,1.47315,132.0
2024-03-27 04:52:00,FX:EURCAD,1.47315,1.47324,1.473,1.47302,131.0
2024-03-27 04:53:00,FX:EURCAD,1.47302,1.47305,1.47293,1.4730400000000001,85.0
2024-03-27 04:54:00,FX:EURCAD,1.4730400000000001,1.47306,1.4730100000000002,1.47302,52.0
2024-03-27 04:55:00,FX:EURCAD,1.47302,1.4731800000000002,1.47292,1.4731400000000001,146.0
2024-03-27 04:56:00,FX:EURCAD,1.4731400000000001,1.4732,1.4730400000000001,1.4732,181.0
2024-03-27 04:57:00,FX:EURCAD,1.4732,1.47327,1.47316,1.4731800000000002,117.0
2024-03-27 04:58:00,FX:EURCAD,1.4731800000000002,1.4732800000000001,1.47308,1.4731400000000001,158.0
2024-03-27 04:59:00,FX:EURCAD,1.4731400000000001,1.47317,1.47306,1.4731100000000001,277.0
2024-03-27 05:00:00,FX:EURCAD,1.4731100000000001,1.47316,1.47299,1.473,301.0
2024-03-27 05:01:00,FX:EURCAD,1.473,1.47309,1.47289,1.47296,483.0
2024-03-27 05:02:00,FX:EURCAD,1.47296,1.47303,1.4727400000000002,1.4728,543.0
2024-03-27 05:03:00,FX:EURCAD,1.4728,1.47292,1.4727400000000002,1.4729,303.0
2024-03-27 05:04:00,FX:EURCAD,1.4729,1.47303,1.4728400000000001,1.47292,272.0
2024-03-27 05:05:00,FX:EURCAD,1.47292,1.47316,1.47292,1.47315,217.0
2024-03-27 05:06:00,FX:EURCAD,1.47315,1.4733500000000002,1.47313,1.4733500000000002,249.0
2024-03-27 05:07:00,FX:EURCAD,1.4733500000000002,1.47336,1.4731400000000001,1.4731400000000001,256.0
2024-03-27 05:08:00,FX:EURCAD,1.4731400000000001,1.47329,1.47313,1.47316,144.0
2024-03-27 05:09:00,FX:EURCAD,1.47316,1.47327,1.4731,1.4731100000000001,224.0
2024-03-27 05:10:00,FX:EURCAD,1.4731100000000001,1.4732800000000001,1.47309,1.47323,196.0
2024-03-27 05:11:00,FX:EURCAD,1.47323,1.4732800000000001,1.47315,1.47326,173.0
2024-03-27 05:12:00,FX:EURCAD,1.47326,1.4733,1.47313,1.47325,155.0
2024-03-27 05:13:00,FX:EURCAD,1.47325,1.47337,1.47316,1.47322,327.0
2024-03-27 05:14:00,FX:EURCAD,1.47322,1.47337,1.47317,1.47325,181.0
2024-03-27 05:15:00,FX:EURCAD,1.47325,1.47327,1.47308,1.4731400000000001,160.0
2024-03-27 05:16:00,FX:EURCAD,1.4731400000000001,1.47319,1.4730100000000002,1.47307,258.0
2024-03-27 05:17:00,FX:EURCAD,1.47307,1.47317,1.47306,1.47313,160.0
2024-03-27 05:18:00,FX:EURCAD,1.47313,1.4732,1.47305,1.47308,216.0
2024-03-27 05:19:00,FX:EURCAD,1.47308,1.4731800000000002,1.47305,1.47316,242.0
2024-03-27 05:20:00,FX:EURCAD,1.47316,1.4731800000000002,1.47293,1.473,187.0
2024-03-27 05:21:00,FX:EURCAD,1.473,1.47308,1.47299,1.47307,144.0
2024-03-27 05:22:00,FX:EURCAD,1.47307,1.47316,1.47299,1.47316,223.0
2024-03-27 05:23:00,FX:EURCAD,1.47316,1.4731800000000002,1.473,1.47306,232.0
2024-03-27 05:24:00,FX:EURCAD,1.47306,1.47317,1.4730100000000002,1.47306,246.0
2024-03-27 05:25:00,FX:EURCAD,1.47306,1.47313,1.47303,1.4730400000000001,156.0
2024-03-27 05:26:00,FX:EURCAD,1.4730400000000001,1.4731,1.4729400000000001,1.47307,199.0
2024-03-27 05:27:00,FX:EURCAD,1.47307,1.47325,1.47303,1.47305,174.0
2024-03-27 05:28:00,FX:EURCAD,1.47305,1.47319,1.47305,1.47313,250.0
2024-03-27 05:29:00,FX:EURCAD,1.47313,1.4732100000000001,1.47307,1.47316,200.0
2024-03-27 05:30:00,FX:EURCAD,1.47316,1.4732100000000001,1.47302,1.4732100000000001,252.0
2024-03-27 05:31:00,FX:EURCAD,1.4732100000000001,1.47323,1.47307,1.47317,219.0
2024-03-27 05:32:00,FX:EURCAD,1.47317,1.47323,1.4731400000000001,1.47322,185.0
2024-03-27 05:33:00,FX:EURCAD,1.47322,1.47323,1.4731,1.47317,193.0
2024-03-27 05:34:00,FX:EURCAD,1.47317,1.4732,1.47305,1.47319,156.0
2024-03-27 05:35:00,FX:EURCAD,1.47319,1.4732800000000001,1.4731400000000001,1.47325,246.0
2024-03-27 05:36:00,FX:EURCAD,1.47325,1.4733800000000001,1.47324,1.4733500000000002,183.0
2024-03-27 05:37:00,FX:EURCAD,1.4733500000000002,1.47337,1.47326,1.47329,134.0
2024-03-27 05:38:00,FX:EURCAD,1.47329,1.4734,1.47327,1.47332,145.0
2024-03-27 05:39:00,FX:EURCAD,1.47332,1.47336,1.4731400000000001,1.47315,126.0
2024-03-27 05:40:00,FX:EURCAD,1.47315,1.4733100000000001,1.4731100000000001,1.4731100000000001,124.0
2024-03-27 05:41:00,FX:EURCAD,1.4731100000000001,1.47316,1.47293,1.47299,380.0
2024-03-27 05:42:00,FX:EURCAD,1.47299,1.47307,1.47278,1.47278,232.0
2024-03-27 05:43:00,FX:EURCAD,1.47278,1.4729100000000002,1.47269,1.47272,345.0
2024-03-27 05:44:00,FX:EURCAD,1.47272,1.47272,1.47241,1.47242,436.0
2024-03-27 05:45:00,FX:EURCAD,1.47242,1.47263,1.47238,1.47259,289.0
2024-03-27 05:46:00,FX:EURCAD,1.47259,1.47262,1.47229,1.47235,299.0
2024-03-27 05:47:00,FX:EURCAD,1.47235,1.47248,1.47228,1.4724300000000001,161.0
2024-03-27 05:48:00,FX:EURCAD,1.4724300000000001,1.47247,1.47235,1.47239,132.0
2024-03-27 05:49:00,FX:EURCAD,1.47239,1.47256,1.47237,1.47244,124.0
2024-03-27 05:50:00,FX:EURCAD,1.47244,1.47256,1.4724300000000001,1.47251,201.0
2024-03-27 05:51:00,FX:EURCAD,1.47251,1.47251,1.47235,1.47235,183.0
2024-03-27 05:52:00,FX:EURCAD,1.47235,1.47242,1.47231,1.4723300000000001,126.0
2024-03-27 05:53:00,FX:EURCAD,1.4723300000000001,1.4723600000000001,1.47218,1.47221,200.0
2024-03-27 05:54:00,FX:EURCAD,1.47221,1.47227,1.47207,1.47215,269.0
2024-03-27 05:55:00,FX:EURCAD,1.47215,1.47215,1.47203,1.47203,222.0
2024-03-27 05:56:00,FX:EURCAD,1.47203,1.4720900000000001,1.4719600000000002,1.47197,211.0
2024-03-27 05:57:00,FX:EURCAD,1.47197,1.47198,1.47184,1.47186,182.0
2024-03-27 05:58:00,FX:EURCAD,1.47186,1.47195,1.47185,1.47191,165.0
2024-03-27 05:59:00,FX:EURCAD,1.47191,1.47191,1.47185,1.47187,135.0
2024-03-27 06:00:00,FX:EURCAD,1.47187,1.47193,1.4718200000000001,1.47187,191.0
2024-03-27 06:01:00,FX:EURCAD,1.47187,1.47195,1.4717900000000002,1.4719200000000001,169.0
2024-03-27 06:02:00,FX:EURCAD,1.4719200000000001,1.47193,1.47174,1.4719200000000001,200.0
2024-03-27 06:03:00,FX:EURCAD,1.4719200000000001,1.47198,1.47184,1.47193,177.0
2024-03-27 06:04:00,FX:EURCAD,1.47193,1.4721300000000002,1.4719200000000001,1.47212,149.0
2024-03-27 06:05:00,FX:EURCAD,1.47212,1.47214,1.472,1.4720900000000001,197.0
2024-03-27 06:06:00,FX:EURCAD,1.4720900000000001,1.47218,1.47204,1.47207,195.0
2024-03-27 06:07:00,FX:EURCAD,1.47207,1.47207,1.47188,1.47198,231.0
2024-03-27 06:08:00,FX:EURCAD,1.47198,1.47201,1.47184,1.47184,149.0
2024-03-27 06:09:00,FX:EURCAD,1.47184,1.472,1.47183,1.47193,142.0
2024-03-27 06:10:00,FX:EURCAD,1.47193,1.4720600000000001,1.4719200000000001,1.47202,177.0
2024-03-27 06:11:00,FX:EURCAD,1.47202,1.47208,1.4719200000000001,1.47195,206.0
2024-03-27 06:12:00,FX:EURCAD,1.47195,1.4721300000000002,1.47186,1.47208,223.0
2024-03-27 06:13:00,FX:EURCAD,1.47208,1.4722300000000001,1.472,1.47222,166.0
2024-03-27 06:14:00,FX:EURCAD,1.47222,1.47225,1.4720900000000001,1.47218,179.0
2024-03-27 06:15:00,FX:EURCAD,1.47218,1.4723300000000001,1.47212,1.47219,172.0
2024-03-27 06:16:00,FX:EURCAD,1.47219,1.47219,1.47201,1.4720900000000001,104.0
2024-03-27 06:17:00,FX:EURCAD,1.4720900000000001,1.47212,1.47201,1.4720600000000001,184.0
2024-03-27 06:18:00,FX:EURCAD,1.4720600000000001,1.4720600000000001,1.4719,1.47195,180.0
2024-03-27 06:19:00,FX:EURCAD,1.47195,1.4719600000000002,1.47183,1.47184,156.0
2024-03-27 06:20:00,FX:EURCAD,1.47184,1.47184,1.4716200000000002,1.47176,259.0
2024-03-27 06:21:00,FX:EURCAD,1.47176,1.47185,1.4717500000000001,1.47185,160.0
2024-03-27 06:22:00,FX:EURCAD,1.47185,1.47212,1.47185,1.47205,176.0
2024-03-27 06:23:00,FX:EURCAD,1.47205,1.47205,1.47195,1.47201,137.0
2024-03-27 06:24:00,FX:EURCAD,1.47201,1.47201,1.47181,1.47191,176.0
2024-03-27 06:25:00,FX:EURCAD,1.47191,1.4719200000000001,1.4717500000000001,1.4718900000000001,184.0
2024-03-27 06:26:00,FX:EURCAD,1.4718900000000001,1.47202,1.47187,1.4719900000000001,157.0
2024-03-27 06:27:00,FX:EURCAD,1.4719900000000001,1.47202,1.47188,1.472,203.0
2024-03-27 06:28:00,FX:EURCAD,1.472,1.4721,1.47191,1.4720900000000001,155.0
2024-03-27 06:29:00,FX:EURCAD,1.4720900000000001,1.47214,1.47201,1.4721300000000002,195.0
2024-03-27 06:30:00,FX:EURCAD,1.4721300000000002,1.47218,1.4720900000000001,1.47211,138.0
2024-03-27 06:31:00,FX:EURCAD,1.47211,1.4721600000000001,1.47195,1.47197,180.0
2024-03-27 06:32:00,FX:EURCAD,1.47197,1.47203,1.4718900000000001,1.4719200000000001,208.0
2024-03-27 06:33:00,FX:EURCAD,1.4719200000000001,1.47195,1.47178,1.47193,274.0
2024-03-27 06:34:00,FX:EURCAD,1.47193,1.47202,1.47186,1.472,204.0
2024-03-27 06:35:00,FX:EURCAD,1.472,1.4721,1.47197,1.47198,171.0
2024-03-27 06:36:00,FX:EURCAD,1.47198,1.47211,1.47197,1.47205,226.0
2024-03-27 06:37:00,FX:EURCAD,1.47205,1.47224,1.47202,1.47221,270.0
2024-03-27 06:38:00,FX:EURCAD,1.47221,1.4724000000000002,1.47214,1.47231,297.0
2024-03-27 06:39:00,FX:EURCAD,1.47231,1.4723300000000001,1.47219,1.47225,253.0
2024-03-27 06:40:00,FX:EURCAD,1.47225,1.47229,1.4721,1.4722,238.0
2024-03-27 06:41:00,FX:EURCAD,1.4722,1.47232,1.47212,1.47227,224.0
2024-03-27 06:42:00,FX:EURCAD,1.47227,1.4723000000000002,1.47215,1.4722600000000001,165.0
2024-03-27 06:43:00,FX:EURCAD,1.4722600000000001,1.47235,1.47222,1.4722600000000001,187.0
2024-03-27 06:44:00,FX:EURCAD,1.4722600000000001,1.47229,1.47215,1.47215,122.0
2024-03-27 06:45:00,FX:EURCAD,1.47215,1.47242,1.47211,1.47239,207.0
2024-03-27 06:46:00,FX:EURCAD,1.47239,1.47246,1.47227,1.47234,165.0
2024-03-27 06:47:00,FX:EURCAD,1.47234,1.47247,1.4722600000000001,1.4724000000000002,203.0
2024-03-27 06:48:00,FX:EURCAD,1.4724000000000002,1.4724000000000002,1.4722300000000001,1.47224,145.0
2024-03-27 06:49:00,FX:EURCAD,1.47224,1.47235,1.47215,1.47224,192.0
2024-03-27 06:50:00,FX:EURCAD,1.47224,1.4722600000000001,1.47203,1.47219,157.0
2024-03-27 06:51:00,FX:EURCAD,1.47219,1.47221,1.47207,1.4722,151.0
2024-03-27 06:52:00,FX:EURCAD,1.4722,1.47229,1.4722,1.47225,165.0
2024-03-27 06:53:00,FX:EURCAD,1.47225,1.4723600000000001,1.4722,1.47227,163.0
2024-03-27 06:54:00,FX:EURCAD,1.47227,1.47235,1.47218,1.4723300000000001,114.0
2024-03-27 06:55:00,FX:EURCAD,1.4723300000000001,1.4723300000000001,1.4721600000000001,1.47227,132.0
2024-03-27 06:56:00,FX:EURCAD,1.47227,1.47238,1.4722600000000001,1.47235,121.0
2024-03-27 06:57:00,FX:EURCAD,1.47235,1.47244,1.4723000000000002,1.47241,114.0
2024-03-27 06:58:00,FX:EURCAD,1.47241,1.47245,1.4723000000000002,1.4723000000000002,139.0
2024-03-27 06:59:00,FX:EURCAD,1.4723000000000002,1.47248,1.47228,1.47246,229.0
2024-03-27 07:00:00,FX:EURCAD,1.47246,1.47249,1.47227,1.47241,240.0
2024-03-27 07:01:00,FX:EURCAD,1.47241,1.47249,1.4723300000000001,1.47247,208.0
2024-03-27 07:02:00,FX:EURCAD,1.47247,1.47259,1.47244,1.4725000000000001,205.0
2024-03-27 07:03:00,FX:EURCAD,1.4725000000000001,1.4726700000000001,1.47247,1.4726000000000001,169.0
2024-03-27 07:04:00,FX:EURCAD,1.4726000000000001,1.47265,1.47244,1.4725300000000001,191.0
2024-03-27 07:05:00,FX:EURCAD,1.4725300000000001,1.4725300000000001,1.47239,1.47245,100.0
2024-03-27 07:06:00,FX:EURCAD,1.47245,1.4725300000000001,1.47239,1.47242,152.0
2024-03-27 07:07:00,FX:EURCAD,1.47242,1.47251,1.47238,1.47241,173.0
2024-03-27 07:08:00,FX:EURCAD,1.47241,1.4724300000000001,1.47227,1.4723300000000001,148.0
2024-03-27 07:09:00,FX:EURCAD,1.4723300000000001,1.47246,1.4723000000000002,1.47246,152.0
2024-03-27 07:10:00,FX:EURCAD,1.47246,1.47251,1.47239,1.4725000000000001,159.0
2024-03-27 07:11:00,FX:EURCAD,1.4725000000000001,1.47254,1.47232,1.47234,160.0
2024-03-27 07:12:00,FX:EURCAD,1.47234,1.47245,1.47229,1.4724300000000001,143.0
2024-03-27 07:13:00,FX:EURCAD,1.4724300000000001,1.4725300000000001,1.47239,1.47251,171.0
2024-03-27 07:14:00,FX:EURCAD,1.47251,1.47251,1.4723300000000001,1.47238,139.0
2024-03-27 07:15:00,FX:EURCAD,1.47238,1.47238,1.47228,1.4723300000000001,106.0
2024-03-27 07:16:00,FX:EURCAD,1.4723300000000001,1.47238,1.47227,1.4723600000000001,143.0
2024-03-27 07:17:00,FX:EURCAD,1.4723600000000001,1.47241,1.47227,1.47235,107.0
2024-03-27 07:18:00,FX:EURCAD,1.47235,1.47251,1.47235,1.47241,101.0
2024-03-27 07:19:00,FX:EURCAD,1.47241,1.47245,1.47235,1.47235,108.0
2024-03-27 07:20:00,FX:EURCAD,1.47235,1.47235,1.4722600000000001,1.4723300000000001,100.0
2024-03-27 07:21:00,FX:EURCAD,1.4723300000000001,1.47234,1.4722,1.47222,143.0
2024-03-27 07:22:00,FX:EURCAD,1.47222,1.47227,1.47215,1.47222,223.0
2024-03-27 07:23:00,FX:EURCAD,1.47222,1.47224,1.47215,1.47217,143.0
2024-03-27 07:24:00,FX:EURCAD,1.47217,1.47234,1.47215,1.47232,131.0
2024-03-27 07:25:00,FX:EURCAD,1.47232,1.47238,1.4722300000000001,1.4723300000000001,181.0
2024-03-27 07:26:00,FX:EURCAD,1.4723300000000001,1.47238,1.4723000000000002,1.47234,141.0
2024-03-27 07:27:00,FX:EURCAD,1.47234,1.47246,1.47232,1.47241,167.0
2024-03-27 07:28:00,FX:EURCAD,1.47241,1.47247,1.47224,1.4722600000000001,175.0
2024-03-27 07:29:00,FX:EURCAD,1.4722600000000001,1.47231,1.4721600000000001,1.4721600000000001,228.0
2024-03-27 07:30:00,FX:EURCAD,1.4721600000000001,1.47221,1.4720900000000001,1.47211,218.0
2024-03-27 07:31:00,FX:EURCAD,1.47211,1.4721300000000002,1.47194,1.47194,205.0
2024-03-27 07:32:00,FX:EURCAD,1.47194,1.47207,1.4718900000000001,1.47202,120.0
2024-03-27 07:33:00,FX:EURCAD,1.47202,1.4721,1.472,1.47202,167.0
2024-03-27 07:34:00,FX:EURCAD,1.47202,1.4720600000000001,1.47191,1.4719200000000001,143.0
2024-03-27 07:35:00,FX:EURCAD,1.4719200000000001,1.47195,1.47186,1.4719200000000001,195.0
2024-03-27 07:36:00,FX:EURCAD,1.4719200000000001,1.4719200000000001,1.47173,1.47174,150.0
2024-03-27 07:37:00,FX:EURCAD,1.47174,1.4718,1.4716900000000002,1.47173,126.0
2024-03-27 07:38:00,FX:EURCAD,1.47173,1.4718,1.47156,1.47157,160.0
2024-03-27 07:39:00,FX:EURCAD,1.47157,1.47166,1.4715200000000002,1.47163,176.0
2024-03-27 07:40:00,FX:EURCAD,1.47163,1.47167,1.47157,1.47166,132.0
2024-03-27 07:41:00,FX:EURCAD,1.47166,1.4718900000000001,1.47156,1.47186,296.0
2024-03-27 07:42:00,FX:EURCAD,1.47186,1.47193,1.47181,1.47181,155.0
2024-03-27 07:43:00,FX:EURCAD,1.47181,1.47185,1.47166,1.47166,182.0
2024-03-27 07:44:00,FX:EURCAD,1.47166,1.4717,1.4715500000000001,1.4715500000000001,179.0
2024-03-27 07:45:00,FX:EURCAD,1.4715500000000001,1.4716,1.47142,1.47144,115.0
2024-03-27 07:46:00,FX:EURCAD,1.47144,1.47149,1.47132,1.47133,149.0
2024-03-27 07:47:00,FX:EURCAD,1.47133,1.4713800000000001,1.47126,1.47133,202.0
2024-03-27 07:48:00,FX:EURCAD,1.47133,1.47134,1.47113,1.47125,169.0
2024-03-27 07:49:00,FX:EURCAD,1.47125,1.4712800000000001,1.4711400000000001,1.4711800000000002,169.0
2024-03-27 07:50:00,FX:EURCAD,1.4711800000000002,1.4712800000000001,1.4710800000000002,1.47112,159.0
2024-03-27 07:51:00,FX:EURCAD,1.47112,1.47115,1.47102,1.47105,138.0
2024-03-27 07:52:00,FX:EURCAD,1.47105,1.47109,1.47098,1.4710400000000001,144.0
2024-03-27 07:53:00,FX:EURCAD,1.4710400000000001,1.47106,1.47088,1.4709100000000002,107.0
2024-03-27 07:54:00,FX:EURCAD,1.4709100000000002,1.47102,1.47088,1.471,113.0
2024-03-27 07:55:00,FX:EURCAD,1.471,1.4711800000000002,1.47098,1.47113,83.0
2024-03-27 07:56:00,FX:EURCAD,1.47113,1.47124,1.47096,1.47106,225.0
2024-03-27 07:57:00,FX:EURCAD,1.47106,1.4711,1.47089,1.47107,222.0
2024-03-27 07:58:00,FX:EURCAD,1.47107,1.47116,1.47089,1.471,229.0
2024-03-27 07:59:00,FX:EURCAD,1.471,1.47116,1.47092,1.47116,203.0
2024-03-27 08:00:00,FX:EURCAD,1.47116,1.4712800000000001,1.47099,1.4711400000000001,207.0
2024-03-27 08:01:00,FX:EURCAD,1.4711400000000001,1.47123,1.4710100000000002,1.4710400000000001,177.0
2024-03-27 08:02:00,FX:EURCAD,1.4710400000000001,1.47129,1.47103,1.47122,148.0
2024-03-27 08:03:00,FX:EURCAD,1.47122,1.4713100000000001,1.47115,1.47126,101.0
2024-03-27 08:04:00,FX:EURCAD,1.47126,1.4713500000000002,1.47123,1.47127,179.0
2024-03-27 08:05:00,FX:EURCAD,1.47127,1.47134,1.4712,1.47124,252.0
2024-03-27 08:06:00,FX:EURCAD,1.47124,1.47133,1.47122,1.47127,174.0
2024-03-27 08:07:00,FX:EURCAD,1.47127,1.47132,1.47102,1.47109,250.0
2024-03-27 08:08:00,FX:EURCAD,1.47109,1.47122,1.47109,1.47117,156.0
2024-03-27 08:09:00,FX:EURCAD,1.47117,1.47119,1.47103,1.47116,192.0
2024-03-27 08:10:00,FX:EURCAD,1.47116,1.47122,1.4710100000000002,1.4710800000000002,236.0
2024-03-27 08:11:00,FX:EURCAD,1.4710800000000002,1.47109,1.47097,1.47098,199.0
2024-03-27 08:12:00,FX:EURCAD,1.47098,1.47099,1.47076,1.4709400000000001,184.0
2024-03-27 08:13:00,FX:EURCAD,1.4709400000000001,1.47112,1.47093,1.47109,177.0
2024-03-27 08:14:00,FX:EURCAD,1.47109,1.4711400000000001,1.47095,1.4711400000000001,155.0
2024-03-27 08:15:00,FX:EURCAD,1.4711400000000001,1.47123,1.4710800000000002,1.4711100000000001,185.0
2024-03-27 08:16:00,FX:EURCAD,1.4711100000000001,1.47117,1.47103,1.4710800000000002,164.0
2024-03-27 08:17:00,FX:EURCAD,1.4710800000000002,1.47117,1.47107,1.47115,120.0
2024-03-27 08:18:00,FX:EURCAD,1.47115,1.4713100000000001,1.47112,1.4713,195.0
2024-03-27 08:19:00,FX:EURCAD,1.4713,1.4714500000000001,1.47129,1.47134,166.0
2024-03-27 08:20:00,FX:EURCAD,1.47134,1.47146,1.47126,1.47127,242.0
2024-03-27 08:21:00,FX:EURCAD,1.47127,1.4714500000000001,1.47127,1.4714500000000001,174.0
2024-03-27 08:22:00,FX:EURCAD,1.4714500000000001,1.4714500000000001,1.47133,1.47141,224.0
2024-03-27 08:23:00,FX:EURCAD,1.47141,1.47149,1.47136,1.47142,165.0
2024-03-27 08:24:00,FX:EURCAD,1.47142,1.4714800000000001,1.4713,1.4713,187.0
2024-03-27 08:25:00,FX:EURCAD,1.4713,1.47141,1.47127,1.47139,137.0
2024-03-27 08:26:00,FX:EURCAD,1.47139,1.47144,1.4712,1.47126,210.0
2024-03-27 08:27:00,FX:EURCAD,1.47126,1.47141,1.47123,1.47136,222.0
2024-03-27 08:28:00,FX:EURCAD,1.47136,1.47144,1.47103,1.47116,231.0
2024-03-27 08:29:00,FX:EURCAD,1.47116,1.47127,1.4710800000000002,1.4711100000000001,141.0
2024-03-27 08:30:00,FX:EURCAD,1.4711100000000001,1.47127,1.47096,1.47112,216.0
2024-03-27 08:31:00,FX:EURCAD,1.47112,1.47149,1.47112,1.4714800000000001,260.0
2024-03-27 08:32:00,FX:EURCAD,1.4714800000000001,1.47156,1.4713800000000001,1.4714800000000001,179.0
2024-03-27 08:33:00,FX:EURCAD,1.4714800000000001,1.4715200000000002,1.47139,1.47141,228.0
2024-03-27 08:34:00,FX:EURCAD,1.47141,1.47147,1.47137,1.47147,126.0
2024-03-27 08:35:00,FX:EURCAD,1.47147,1.47147,1.47134,1.4713500000000002,153.0
2024-03-27 08:36:00,FX:EURCAD,1.4713500000000002,1.47149,1.47132,1.4714800000000001,213.0
2024-03-27 08:37:00,FX:EURCAD,1.4714800000000001,1.4715500000000001,1.47142,1.4714800000000001,158.0
2024-03-27 08:38:00,FX:EURCAD,1.4714800000000001,1.47149,1.47129,1.4713100000000001,160.0
2024-03-27 08:39:00,FX:EURCAD,1.4713100000000001,1.47149,1.4713100000000001,1.47147,165.0
2024-03-27 08:40:00,FX:EURCAD,1.47147,1.47154,1.47136,1.4715200000000002,183.0
2024-03-27 08:41:00,FX:EURCAD,1.4715200000000002,1.47161,1.4714800000000001,1.47159,148.0
2024-03-27 08:42:00,FX:EURCAD,1.47159,1.4716500000000001,1.47151,1.4716500000000001,191.0
2024-03-27 08:43:00,FX:EURCAD,1.4716500000000001,1.4716500000000001,1.47147,1.4714800000000001,129.0
2024-03-27 08:44:00,FX:EURCAD,1.4714800000000001,1.4714800000000001,1.47134,1.47134,150.0
2024-03-27 08:45:00,FX:EURCAD,1.47134,1.47146,1.47134,1.47146,105.0
2024-03-27 08:46:00,FX:EURCAD,1.47146,1.4716200000000002,1.47141,1.47141,199.0
2024-03-27 08:47:00,FX:EURCAD,1.47141,1.47159,1.47141,1.47159,181.0
2024-03-27 08:48:00,FX:EURCAD,1.47159,1.4716500000000001,1.4715500000000001,1.4716500000000001,115.0
2024-03-27 08:49:00,FX:EURCAD,1.4716500000000001,1.47171,1.47153,1.47164,167.0
2024-03-27 08:50:00,FX:EURCAD,1.47164,1.47166,1.4715500000000001,1.47164,227.0
2024-03-27 08:51:00,FX:EURCAD,1.47164,1.47178,1.47163,1.47174,150.0
2024-03-27 08:52:00,FX:EURCAD,1.47174,1.4717500000000001,1.47166,1.47173,181.0
2024-03-27 08:53:00,FX:EURCAD,1.47173,1.47176,1.47141,1.47151,202.0
2024-03-27 08:54:00,FX:EURCAD,1.47151,1.47163,1.47141,1.4716200000000002,232.0
2024-03-27 08:55:00,FX:EURCAD,1.4716200000000002,1.4717500000000001,1.4716,1.47161,234.0
2024-03-27 08:56:00,FX:EURCAD,1.47161,1.47163,1.4715200000000002,1.4715500000000001,289.0
2024-03-27 08:57:00,FX:EURCAD,1.4715500000000001,1.47159,1.4713800000000001,1.47147,312.0
2024-03-27 08:58:00,FX:EURCAD,1.47147,1.4715500000000001,1.47143,1.47154,229.0
2024-03-27 08:59:00,FX:EURCAD,1.47154,1.47166,1.47147,1.47157,299.0
2024-03-27 09:00:00,FX:EURCAD,1.47157,1.4716,1.4713100000000001,1.47139,368.0
2024-03-27 09:01:00,FX:EURCAD,1.47139,1.4714,1.47116,1.47126,267.0
2024-03-27 09:02:00,FX:EURCAD,1.47126,1.4713,1.47112,1.47115,222.0
2024-03-27 09:03:00,FX:EURCAD,1.47115,1.47122,1.47106,1.47112,204.0
2024-03-27 09:04:00,FX:EURCAD,1.47112,1.47134,1.4711,1.47129,205.0
2024-03-27 09:05:00,FX:EURCAD,1.47129,1.4713,1.47112,1.4712100000000001,178.0
2024-03-27 09:06:00,FX:EURCAD,1.4712100000000001,1.47126,1.47106,1.4710800000000002,189.0
2024-03-27 09:07:00,FX:EURCAD,1.4710800000000002,1.47113,1.47097,1.47099,145.0
2024-03-27 09:08:00,FX:EURCAD,1.47099,1.4710800000000002,1.47096,1.47102,153.0
2024-03-27 09:09:00,FX:EURCAD,1.47102,1.4711,1.47098,1.47105,128.0
2024-03-27 09:10:00,FX:EURCAD,1.47105,1.47123,1.47105,1.4711400000000001,115.0
2024-03-27 09:11:00,FX:EURCAD,1.4711400000000001,1.47117,1.47105,1.47116,205.0
2024-03-27 09:12:00,FX:EURCAD,1.47116,1.4711800000000002,1.4711,1.47116,135.0
2024-03-27 09:13:00,FX:EURCAD,1.47116,1.4713,1.47113,1.4713,111.0
2024-03-27 09:14:00,FX:EURCAD,1.4713,1.47132,1.4711400000000001,1.47119,171.0
2024-03-27 09:15:00,FX:EURCAD,1.47119,1.47136,1.47119,1.4713100000000001,143.0
2024-03-27 09:16:00,FX:EURCAD,1.4713100000000001,1.47136,1.47112,1.4712,171.0
2024-03-27 09:17:00,FX:EURCAD,1.4712,1.4712800000000001,1.47115,1.47119,206.0
2024-03-27 09:18:00,FX:EURCAD,1.47119,1.4713100000000001,1.4711800000000002,1.47125,124.0
2024-03-27 09:19:00,FX:EURCAD,1.47125,1.4713800000000001,1.47116,1.4713500000000002,195.0
2024-03-27 09:20:00,FX:EURCAD,1.4713500000000002,1.47147,1.4713500000000002,1.47147,158.0
2024-03-27 09:21:00,FX:EURCAD,1.47147,1.4716200000000002,1.47144,1.47151,224.0
2024-03-27 09:22:00,FX:EURCAD,1.47151,1.4715200000000002,1.47124,1.47127,258.0
2024-03-27 09:23:00,FX:EURCAD,1.47127,1.47141,1.47125,1.47126,160.0
2024-03-27 09:24:00,FX:EURCAD,1.47126,1.4713,1.4711100000000001,1.47122,241.0
2024-03-27 09:25:00,FX:EURCAD,1.47122,1.47124,1.47113,1.4712100000000001,189.0
2024-03-27 09:26:00,FX:EURCAD,1.4712100000000001,1.47142,1.4712,1.4714,141.0
2024-03-27 09:27:00,FX:EURCAD,1.4714,1.47147,1.4714,1.4714500000000001,83.0
2024-03-27 09:28:00,FX:EURCAD,1.4714500000000001,1.47149,1.4713800000000001,1.4714,135.0
2024-03-27 09:29:00,FX:EURCAD,1.4714,1.4714500000000001,1.47137,1.4714500000000001,85.0
2024-03-27 09:30:00,FX:EURCAD,1.4714500000000001,1.47146,1.47126,1.4713500000000002,268.0
2024-03-27 09:31:00,FX:EURCAD,1.4713500000000002,1.47137,1.47103,1.4711,317.0
2024-03-27 09:32:00,FX:EURCAD,1.4711,1.47112,1.47059,1.47076,222.0
2024-03-27 09:33:00,FX:EURCAD,1.47076,1.4708400000000001,1.47062,1.47071,190.0
2024-03-27 09:34:00,FX:EURCAD,1.47071,1.47075,1.4705000000000001,1.47058,361.0
2024-03-27 09:35:00,FX:EURCAD,1.47058,1.47058,1.47025,1.47032,284.0
2024-03-27 09:36:00,FX:EURCAD,1.47032,1.47035,1.46988,1.46998,418.0
2024-03-27 09:37:00,FX:EURCAD,1.46998,1.47008,1.4699,1.4699200000000001,262.0
2024-03-27 09:38:00,FX:EURCAD,1.4699200000000001,1.4699200000000001,1.4696,1.46968,265.0
2024-03-27 09:39:00,FX:EURCAD,1.46968,1.4699600000000002,1.46967,1.4699600000000002,417.0
2024-03-27 09:40:00,FX:EURCAD,1.4699600000000002,1.47004,1.4699,1.47002,287.0
2024-03-27 09:41:00,FX:EURCAD,1.47002,1.47011,1.46993,1.4699600000000002,260.0
2024-03-27 09:42:00,FX:EURCAD,1.4699600000000002,1.4699600000000002,1.4696200000000001,1.4696900000000002,380.0
2024-03-27 09:43:00,FX:EURCAD,1.4696900000000002,1.4698,1.4696900000000002,1.4697900000000002,235.0
2024-03-27 09:44:00,FX:EURCAD,1.4697900000000002,1.4697900000000002,1.46961,1.46974,226.0
2024-03-27 09:45:00,FX:EURCAD,1.46974,1.46986,1.46957,1.4697,260.0
2024-03-27 09:46:00,FX:EURCAD,1.4697,1.46988,1.4696500000000001,1.46978,235.0
2024-03-27 09:47:00,FX:EURCAD,1.46978,1.4697900000000002,1.4695200000000002,1.4696200000000001,313.0
2024-03-27 09:48:00,FX:EURCAD,1.4696200000000001,1.46964,1.4695,1.46953,233.0
2024-03-27 09:49:00,FX:EURCAD,1.46953,1.4696200000000001,1.46942,1.46959,298.0
2024-03-27 09:50:00,FX:EURCAD,1.46959,1.46963,1.46944,1.46963,225.0
2024-03-27 09:51:00,FX:EURCAD,1.46963,1.46973,1.46953,1.46958,354.0
2024-03-27 09:52:00,FX:EURCAD,1.46958,1.4697500000000001,1.46956,1.46968,176.0
2024-03-27 09:53:00,FX:EURCAD,1.46968,1.4697,1.4695200000000002,1.46966,252.0
2024-03-27 09:54:00,FX:EURCAD,1.46966,1.46983,1.4696500000000001,1.46976,226.0
2024-03-27 09:55:00,FX:EURCAD,1.46976,1.46984,1.4697200000000001,1.46976,262.0
2024-03-27 09:56:00,FX:EURCAD,1.46976,1.46977,1.46966,1.4696900000000002,239.0
2024-03-27 09:57:00,FX:EURCAD,1.4696900000000002,1.46985,1.4696900000000002,1.46981,208.0
2024-03-27 09:58:00,FX:EURCAD,1.46981,1.46985,1.4694800000000001,1.4694800000000001,337.0
2024-03-27 09:59:00,FX:EURCAD,1.4694800000000001,1.4695500000000001,1.46927,1.46927,357.0
2024-03-27 10:00:00,FX:EURCAD,1.46927,1.46959,1.46924,1.46936,408.0
2024-03-27 10:01:00,FX:EURCAD,1.46936,1.46949,1.46934,1.46941,258.0
2024-03-27 10:02:00,FX:EURCAD,1.46941,1.46949,1.4693100000000001,1.46933,229.0
2024-03-27 10:03:00,FX:EURCAD,1.46933,1.46951,1.46933,1.46934,195.0
2024-03-27 10:04:00,FX:EURCAD,1.46934,1.4695200000000002,1.4692800000000001,1.4694,236.0
2024-03-27 10:05:00,FX:EURCAD,1.4694,1.46949,1.4692,1.4693,281.0
2024-03-27 10:06:00,FX:EURCAD,1.4693,1.46932,1.46903,1.46907,232.0
2024-03-27 10:07:00,FX:EURCAD,1.46907,1.4690800000000002,1.46893,1.46897,275.0
2024-03-27 10:08:00,FX:EURCAD,1.46897,1.46897,1.46871,1.4688400000000001,207.0
2024-03-27 10:09:00,FX:EURCAD,1.4688400000000001,1.4689,1.4686700000000001,1.46883,143.0
2024-03-27 10:10:00,FX:EURCAD,1.46883,1.4689400000000001,1.46878,1.46879,170.0
2024-03-27 10:11:00,FX:EURCAD,1.46879,1.46883,1.46862,1.46876,166.0
2024-03-27 10:12:00,FX:EURCAD,1.46876,1.46881,1.4684700000000002,1.4685700000000002,343.0
2024-03-27 10:13:00,FX:EURCAD,1.4685700000000002,1.46858,1.46825,1.46825,234.0
2024-03-27 10:14:00,FX:EURCAD,1.46825,1.46827,1.46812,1.46817,291.0
2024-03-27 10:15:00,FX:EURCAD,1.46817,1.4683300000000001,1.46802,1.46824,343.0
2024-03-27 10:16:00,FX:EURCAD,1.46824,1.46828,1.4681,1.46812,241.0
2024-03-27 10:17:00,FX:EURCAD,1.46812,1.46837,1.46797,1.4681600000000001,233.0
2024-03-27 10:18:00,FX:EURCAD,1.4681600000000001,1.46834,1.4681600000000001,1.46817,190.0
2024-03-27 10:19:00,FX:EURCAD,1.46817,1.4682300000000001,1.4678900000000001,1.468,301.0
2024-03-27 10:20:00,FX:EURCAD,1.468,1.4682,1.46791,1.46817,281.0
2024-03-27 10:21:00,FX:EURCAD,1.46817,1.46837,1.46814,1.46836,213.0
2024-03-27 10:22:00,FX:EURCAD,1.46836,1.46852,1.46831,1.46842,208.0
2024-03-27 10:23:00,FX:EURCAD,1.46842,1.46852,1.46836,1.46839,160.0
2024-03-27 10:24:00,FX:EURCAD,1.46839,1.4685000000000001,1.4683300000000001,1.46838,205.0
2024-03-27 10:25:00,FX:EURCAD,1.46838,1.4686000000000001,1.46836,1.46858,200.0
2024-03-27 10:26:00,FX:EURCAD,1.46858,1.4687000000000001,1.4685000000000001,1.4686000000000001,239.0
2024-03-27 10:27:00,FX:EURCAD,1.4686000000000001,1.46871,1.4685000000000001,1.46854,162.0
2024-03-27 10:28:00,FX:EURCAD,1.46854,1.46859,1.46839,1.46846,204.0
2024-03-27 10:29:00,FX:EURCAD,1.46846,1.46852,1.46846,1.46849,136.0
2024-03-27 10:30:00,FX:EURCAD,1.46849,1.46876,1.46845,1.46872,203.0
2024-03-27 10:31:00,FX:EURCAD,1.46872,1.46892,1.46851,1.46886,275.0
2024-03-27 10:32:00,FX:EURCAD,1.46886,1.46902,1.4688,1.46898,207.0
2024-03-27 10:33:00,FX:EURCAD,1.46898,1.46909,1.46888,1.46895,213.0
2024-03-27 10:34:00,FX:EURCAD,1.46895,1.4692100000000001,1.46895,1.4691,194.0
2024-03-27 10:35:00,FX:EURCAD,1.4691,1.4691100000000001,1.46882,1.4688400000000001,184.0
2024-03-27 10:36:00,FX:EURCAD,1.4688400000000001,1.46892,1.46881,1.46885,213.0
2024-03-27 10:37:00,FX:EURCAD,1.46885,1.4688700000000001,1.46872,1.46875,248.0
2024-03-27 10:38:00,FX:EURCAD,1.46875,1.46875,1.46845,1.46856,157.0
2024-03-27 10:39:00,FX:EURCAD,1.46856,1.46862,1.46848,1.46848,164.0
2024-03-27 10:40:00,FX:EURCAD,1.46848,1.46849,1.46817,1.46827,265.0
2024-03-27 10:41:00,FX:EURCAD,1.46827,1.46854,1.46822,1.46848,277.0
2024-03-27 10:42:00,FX:EURCAD,1.46848,1.4685300000000001,1.46835,1.4684300000000001,332.0
2024-03-27 10:43:00,FX:EURCAD,1.4684300000000001,1.4688,1.46842,1.4688,255.0
2024-03-27 10:44:00,FX:EURCAD,1.4688,1.46885,1.46871,1.46885,214.0
2024-03-27 10:45:00,FX:EURCAD,1.46885,1.46909,1.46882,1.46902,322.0
2024-03-27 10:46:00,FX:EURCAD,1.46902,1.46913,1.46893,1.46903,287.0
2024-03-27 10:47:00,FX:EURCAD,1.46903,1.4691,1.4689,1.46905,270.0
2024-03-27 10:48:00,FX:EURCAD,1.46905,1.46915,1.46903,1.46909,196.0
2024-03-27 10:49:00,FX:EURCAD,1.46909,1.46915,1.46905,1.4691400000000001,198.0
2024-03-27 10:50:00,FX:EURCAD,1.4691400000000001,1.46923,1.46907,1.46909,214.0
2024-03-27 10:51:00,FX:EURCAD,1.46909,1.46923,1.46909,1.4691100000000001,305.0
2024-03-27 10:52:00,FX:EURCAD,1.4691100000000001,1.4693100000000001,1.4691100000000001,1.4692800000000001,215.0
2024-03-27 10:53:00,FX:EURCAD,1.4692800000000001,1.46946,1.4692800000000001,1.46942,299.0
2024-03-27 10:54:00,FX:EURCAD,1.46942,1.46947,1.46933,1.46933,264.0
2024-03-27 10:55:00,FX:EURCAD,1.46933,1.46951,1.46923,1.46943,290.0
2024-03-27 10:56:00,FX:EURCAD,1.46943,1.46964,1.46943,1.46957,248.0
2024-03-27 10:57:00,FX:EURCAD,1.46957,1.46961,1.46922,1.46926,296.0
2024-03-27 10:58:00,FX:EURCAD,1.46926,1.46929,1.46919,1.46927,206.0
2024-03-27 10:59:00,FX:EURCAD,1.46927,1.46932,1.46912,1.4693100000000001,287.0
2024-03-27 11:00:00,FX:EURCAD,1.4693100000000001,1.46942,1.4692800000000001,1.46934,200.0
2024-03-27 11:01:00,FX:EURCAD,1.46934,1.46964,1.4693100000000001,1.46958,224.0
2024-03-27 11:02:00,FX:EURCAD,1.46958,1.4697200000000001,1.4695,1.46966,213.0
2024-03-27 11:03:00,FX:EURCAD,1.46966,1.46985,1.46961,1.4698,217.0
2024-03-27 11:04:00,FX:EURCAD,1.4698,1.46986,1.4697200000000001,1.4697900000000002,197.0
2024-03-27 11:05:00,FX:EURCAD,1.4697900000000002,1.46995,1.4697900000000002,1.46993,181.0
2024-03-27 11:06:00,FX:EURCAD,1.46993,1.46998,1.46985,1.46988,139.0
2024-03-27 11:07:00,FX:EURCAD,1.46988,1.47008,1.46985,1.47002,155.0
2024-03-27 11:08:00,FX:EURCAD,1.47002,1.47004,1.46986,1.4699,120.0
2024-03-27 11:09:00,FX:EURCAD,1.4699,1.4699,1.4697200000000001,1.46983,189.0
2024-03-27 11:10:00,FX:EURCAD,1.46983,1.46987,1.4697500000000001,1.46986,154.0
2024-03-27 11:11:00,FX:EURCAD,1.46986,1.46993,1.46977,1.4699200000000001,105.0
2024-03-27 11:12:00,FX:EURCAD,1.4699200000000001,1.4700600000000001,1.4699200000000001,1.47005,122.0
2024-03-27 11:13:00,FX:EURCAD,1.47005,1.47019,1.47005,1.47012,80.0
2024-03-27 11:14:00,FX:EURCAD,1.47012,1.47014,1.47003,1.47003,62.0
2024-03-27 11:15:00,FX:EURCAD,1.47003,1.47011,1.46995,1.4699900000000001,136.0
2024-03-27 11:16:00,FX:EURCAD,1.4699900000000001,1.4700600000000001,1.4697900000000002,1.46981,110.0
2024-03-27 11:17:00,FX:EURCAD,1.46981,1.46983,1.46964,1.46971,195.0
2024-03-27 11:18:00,FX:EURCAD,1.46971,1.46971,1.4696,1.4696,240.0
2024-03-27 11:19:00,FX:EURCAD,1.4696,1.46967,1.4695200000000002,1.4695500000000001,214.0
2024-03-27 11:20:00,FX:EURCAD,1.4695500000000001,1.46963,1.4695500000000001,1.4696,146.0
2024-03-27 11:21:00,FX:EURCAD,1.4696,1.46963,1.46936,1.46943,178.0
2024-03-27 11:22:00,FX:EURCAD,1.46943,1.4694800000000001,1.46937,1.46939,171.0
2024-03-27 11:23:00,FX:EURCAD,1.46939,1.46949,1.4693500000000002,1.4693800000000001,190.0
2024-03-27 11:24:00,FX:EURCAD,1.4693800000000001,1.46949,1.46937,1.46944,253.0
2024-03-27 11:25:00,FX:EURCAD,1.46944,1.46961,1.4694,1.46959,233.0
2024-03-27 11:26:00,FX:EURCAD,1.46959,1.46961,1.4695,1.4695500000000001,222.0
2024-03-27 11:27:00,FX:EURCAD,1.4695500000000001,1.46961,1.46943,1.46953,158.0
2024-03-27 11:28:00,FX:EURCAD,1.46953,1.46967,1.46953,1.46964,187.0
2024-03-27 11:29:00,FX:EURCAD,1.46964,1.4697,1.4695500000000001,1.4696500000000001,251.0
2024-03-27 11:30:00,FX:EURCAD,1.4696500000000001,1.46983,1.46963,1.4698,241.0
2024-03-27 11:31:00,FX:EURCAD,1.4698,1.46986,1.46974,1.4697500000000001,200.0
2024-03-27 11:32:00,FX:EURCAD,1.4697500000000001,1.47005,1.46974,1.47,312.0
2024-03-27 11:33:00,FX:EURCAD,1.47,1.47004,1.4699600000000002,1.4699900000000001,169.0
2024-03-27 11:34:00,FX:EURCAD,1.4699900000000001,1.47028,1.46998,1.47024,271.0
2024-03-27 11:35:00,FX:EURCAD,1.47024,1.47032,1.47007,1.47007,213.0
2024-03-27 11:36:00,FX:EURCAD,1.47007,1.47022,1.47007,1.47017,165.0
2024-03-27 11:37:00,FX:EURCAD,1.47017,1.47019,1.46993,1.4699900000000001,200.0
2024-03-27 11:38:00,FX:EURCAD,1.4699900000000001,1.47015,1.4699900000000001,1.4700900000000001,217.0
2024-03-27 11:39:00,FX:EURCAD,1.4700900000000001,1.47014,1.47,1.47004,206.0
2024-03-27 11:40:00,FX:EURCAD,1.47004,1.47011,1.4697900000000002,1.4698200000000001,179.0
2024-03-27 11:41:00,FX:EURCAD,1.4698200000000001,1.4701300000000002,1.4698200000000001,1.47003,228.0
2024-03-27 11:42:00,FX:EURCAD,1.47003,1.4701,1.46994,1.47,185.0
2024-03-27 11:43:00,FX:EURCAD,1.47,1.4701300000000002,1.46987,1.47011,177.0
2024-03-27 11:44:00,FX:EURCAD,1.47011,1.47012,1.46981,1.4698900000000001,217.0
2024-03-27 11:45:00,FX:EURCAD,1.4698900000000001,1.46998,1.46983,1.4699600000000002,108.0
2024-03-27 11:46:00,FX:EURCAD,1.4699600000000002,1.4699600000000002,1.46973,1.4697500000000001,161.0
2024-03-27 11:47:00,FX:EURCAD,1.4697500000000001,1.47017,1.46973,1.47015,242.0
2024-03-27 11:48:00,FX:EURCAD,1.47015,1.47018,1.4699600000000002,1.4699600000000002,156.0
2024-03-27 11:49:00,FX:EURCAD,1.4699600000000002,1.4699600000000002,1.46974,1.4697500000000001,219.0
2024-03-27 11:50:00,FX:EURCAD,1.4697500000000001,1.46986,1.46968,1.46984,262.0
2024-03-27 11:51:00,FX:EURCAD,1.46984,1.46987,1.46963,1.4698,243.0
2024-03-27 11:52:00,FX:EURCAD,1.4698,1.46998,1.4698,1.46995,196.0
2024-03-27 11:53:00,FX:EURCAD,1.46995,1.4701300000000002,1.4699200000000001,1.4699600000000002,189.0
2024-03-27 11:54:00,FX:EURCAD,1.4699600000000002,1.4701,1.46994,1.47008,186.0
2024-03-27 11:55:00,FX:EURCAD,1.47008,1.47029,1.4700600000000001,1.47029,209.0
2024-03-27 11:56:00,FX:EURCAD,1.47029,1.47047,1.47024,1.4704300000000001,366.0
2024-03-27 11:57:00,FX:EURCAD,1.4704300000000001,1.4705300000000001,1.47037,1.47049,370.0
2024-03-27 11:58:00,FX:EURCAD,1.47049,1.47049,1.4702300000000001,1.47031,418.0
2024-03-27 11:59:00,FX:EURCAD,1.47031,1.47032,1.47008,1.4700900000000001,332.0
2024-03-27 12:00:00,FX:EURCAD,1.4700900000000001,1.47044,1.4700900000000001,1.4704000000000002,321.0
2024-03-27 12:01:00,FX:EURCAD,1.4704000000000002,1.4705000000000001,1.47024,1.47037,333.0
2024-03-27 12:02:00,FX:EURCAD,1.47037,1.47046,1.47024,1.4704300000000001,272.0
2024-03-27 12:03:00,FX:EURCAD,1.4704300000000001,1.4705000000000001,1.47032,1.47047,208.0
2024-03-27 12:04:00,FX:EURCAD,1.47047,1.4707000000000001,1.47047,1.47069,159.0
2024-03-27 12:05:00,FX:EURCAD,1.47069,1.47073,1.47061,1.47061,76.0
2024-03-27 12:06:00,FX:EURCAD,1.47061,1.47066,1.47054,1.47056,113.0
2024-03-27 12:07:00,FX:EURCAD,1.47056,1.4707000000000001,1.47056,1.4707000000000001,102.0
2024-03-27 12:08:00,FX:EURCAD,1.4707000000000001,1.4707000000000001,1.47044,1.47051,228.0
2024-03-27 12:09:00,FX:EURCAD,1.47051,1.47058,1.47044,1.47047,139.0
2024-03-27 12:10:00,FX:EURCAD,1.47047,1.47058,1.47046,1.47056,125.0
2024-03-27 12:11:00,FX:EURCAD,1.47056,1.47068,1.4705300000000001,1.47054,173.0
2024-03-27 12:12:00,FX:EURCAD,1.47054,1.47062,1.4705000000000001,1.47055,185.0
2024-03-27 12:13:00,FX:EURCAD,1.47055,1.47064,1.47042,1.47064,132.0
2024-03-27 12:14:00,FX:EURCAD,1.47064,1.47075,1.47063,1.47069,162.0
2024-03-27 12:15:00,FX:EURCAD,1.47069,1.47073,1.47062,1.47068,73.0
2024-03-27 12:16:00,FX:EURCAD,1.47068,1.4707000000000001,1.47052,1.47056,139.0
2024-03-27 12:17:00,FX:EURCAD,1.47056,1.47066,1.4705300000000001,1.47066,109.0
2024-03-27 12:18:00,FX:EURCAD,1.47066,1.4706700000000001,1.47041,1.4705000000000001,165.0
2024-03-27 12:19:00,FX:EURCAD,1.4705000000000001,1.47054,1.47039,1.4704000000000002,213.0
2024-03-27 12:20:00,FX:EURCAD,1.4704000000000002,1.47055,1.4704000000000002,1.4704300000000001,189.0
2024-03-27 12:21:00,FX:EURCAD,1.4704300000000001,1.4705700000000002,1.4704300000000001,1.47046,106.0
2024-03-27 12:22:00,FX:EURCAD,1.47046,1.47047,1.47029,1.47031,111.0
2024-03-27 12:23:00,FX:EURCAD,1.47031,1.47041,1.4703000000000002,1.4703000000000002,200.0
2024-03-27 12:24:00,FX:EURCAD,1.4703000000000002,1.47038,1.47027,1.47037,177.0
2024-03-27 12:25:00,FX:EURCAD,1.47037,1.47038,1.47024,1.47027,183.0
2024-03-27 12:26:00,FX:EURCAD,1.47027,1.47038,1.47025,1.47034,188.0
2024-03-27 12:27:00,FX:EURCAD,1.47034,1.47035,1.47018,1.4702600000000001,177.0
2024-03-27 12:28:00,FX:EURCAD,1.4702600000000001,1.47041,1.47012,1.47038,149.0
2024-03-27 12:29:00,FX:EURCAD,1.47038,1.47045,1.47038,1.4704000000000002,95.0
2024-03-27 12:30:00,FX:EURCAD,1.4704000000000002,1.47046,1.47027,1.4703600000000001,164.0
2024-03-27 12:31:00,FX:EURCAD,1.4703600000000001,1.47038,1.4702300000000001,1.4703600000000001,186.0
2024-03-27 12:32:00,FX:EURCAD,1.4703600000000001,1.4705300000000001,1.4703000000000002,1.47049,211.0
2024-03-27 12:33:00,FX:EURCAD,1.47049,1.47059,1.47041,1.47041,224.0
2024-03-27 12:34:00,FX:EURCAD,1.47041,1.47063,1.47034,1.47063,211.0
2024-03-27 12:35:00,FX:EURCAD,1.47063,1.4707400000000002,1.47061,1.47066,231.0
2024-03-27 12:36:00,FX:EURCAD,1.47066,1.4708,1.47066,1.47071,185.0
2024-03-27 12:37:00,FX:EURCAD,1.47071,1.47078,1.47065,1.47075,172.0
2024-03-27 12:38:00,FX:EURCAD,1.47075,1.47078,1.47047,1.47064,207.0
2024-03-27 12:39:00,FX:EURCAD,1.47064,1.4707400000000002,1.4706000000000001,1.47073,212.0
2024-03-27 12:40:00,FX:EURCAD,1.47073,1.47075,1.47058,1.47065,294.0
2024-03-27 12:41:00,FX:EURCAD,1.47065,1.47068,1.4702,1.4702600000000001,284.0
2024-03-27 12:42:00,FX:EURCAD,1.4702600000000001,1.47061,1.47018,1.47061,182.0
2024-03-27 12:43:00,FX:EURCAD,1.47061,1.47062,1.47024,1.47024,178.0
2024-03-27 12:44:00,FX:EURCAD,1.47024,1.47024,1.4699900000000001,1.4699900000000001,196.0
2024-03-27 12:45:00,FX:EURCAD,1.4699900000000001,1.47004,1.46994,1.4699600000000002,132.0
2024-03-27 12:46:00,FX:EURCAD,1.4699600000000002,1.46998,1.4697900000000002,1.46988,287.0
2024-03-27 12:47:00,FX:EURCAD,1.46988,1.4701600000000001,1.4698,1.4700600000000001,163.0
2024-03-27 12:48:00,FX:EURCAD,1.4700600000000001,1.47011,1.46993,1.47001,128.0
2024-03-27 12:49:00,FX:EURCAD,1.47001,1.47004,1.4699900000000001,1.47001,68.0
2024-03-27 12:50:00,FX:EURCAD,1.47001,1.47008,1.46993,1.47008,157.0
2024-03-27 12:51:00,FX:EURCAD,1.47008,1.47015,1.47002,1.4701300000000002,108.0
2024-03-27 12:52:00,FX:EURCAD,1.4701300000000002,1.47022,1.46991,1.46995,242.0
2024-03-27 12:53:00,FX:EURCAD,1.46995,1.47,1.46987,1.46987,226.0
2024-03-27 12:54:00,FX:EURCAD,1.46987,1.4702600000000001,1.46984,1.47014,219.0
2024-03-27 12:55:00,FX:EURCAD,1.47014,1.47017,1.46994,1.46997,147.0
2024-03-27 12:56:00,FX:EURCAD,1.46997,1.47003,1.46984,1.4699,141.0
2024-03-27 12:57:00,FX:EURCAD,1.4699,1.46997,1.4698200000000001,1.46986,174.0
2024-03-27 12:58:00,FX:EURCAD,1.46986,1.4701,1.46984,1.47004,226.0
2024-03-27 12:59:00,FX:EURCAD,1.47004,1.47007,1.47002,1.47007,164.0
2024-03-27 13:00:00,FX:EURCAD,1.47007,1.47021,1.47003,1.47012,188.0
2024-03-27 13:01:00,FX:EURCAD,1.47012,1.47029,1.47005,1.47007,239.0
2024-03-27 13:02:00,FX:EURCAD,1.47007,1.47022,1.47003,1.4701600000000001,282.0
2024-03-27 13:03:00,FX:EURCAD,1.4701600000000001,1.47022,1.47014,1.47022,112.0
2024-03-27 13:04:00,FX:EURCAD,1.47022,1.47035,1.47021,1.47031,236.0
2024-03-27 13:05:00,FX:EURCAD,1.47031,1.47034,1.47024,1.47031,159.0
2024-03-27 13:06:00,FX:EURCAD,1.47031,1.47032,1.47021,1.47022,146.0
2024-03-27 13:07:00,FX:EURCAD,1.47022,1.4703000000000002,1.4702,1.47024,160.0
2024-03-27 13:08:00,FX:EURCAD,1.47024,1.4703000000000002,1.47021,1.4702300000000001,159.0
2024-03-27 13:09:00,FX:EURCAD,1.4702300000000001,1.47031,1.4701600000000001,1.47017,234.0
2024-03-27 13:10:00,FX:EURCAD,1.47017,1.47031,1.4701300000000002,1.4701600000000001,279.0
2024-03-27 13:11:00,FX:EURCAD,1.4701600000000001,1.47017,1.47004,1.47011,259.0
2024-03-27 13:12:00,FX:EURCAD,1.47011,1.4701300000000002,1.47,1.47003,209.0
2024-03-27 13:13:00,FX:EURCAD,1.47003,1.4701300000000002,1.46991,1.46997,228.0
2024-03-27 13:14:00,FX:EURCAD,1.46997,1.4699900000000001,1.46985,1.46987,153.0
2024-03-27 13:15:00,FX:EURCAD,1.46987,1.4699600000000002,1.4697900000000002,1.46984,121.0
2024-03-27 13:16:00,FX:EURCAD,1.46984,1.4698900000000001,1.4697500000000001,1.4698,146.0
2024-03-27 13:17:00,FX:EURCAD,1.4698,1.4698,1.46967,1.46976,82.0
2024-03-27 13:18:00,FX:EURCAD,1.46976,1.46986,1.46973,1.46976,116.0
2024-03-27 13:19:00,FX:EURCAD,1.46976,1.4698,1.46959,1.46966,176.0
2024-03-27 13:20:00,FX:EURCAD,1.46966,1.4697,1.46959,1.4696200000000001,136.0
2024-03-27 13:21:00,FX:EURCAD,1.4696200000000001,1.46976,1.46958,1.46973,179.0
2024-03-27 13:22:00,FX:EURCAD,1.46973,1.4698,1.4696900000000002,1.46976,85.0
2024-03-27 13:23:00,FX:EURCAD,1.46976,1.46976,1.46961,1.4696500000000001,78.0
2024-03-27 13:24:00,FX:EURCAD,1.4696500000000001,1.46967,1.46958,1.46959,56.0
2024-03-27 13:25:00,FX:EURCAD,1.46959,1.46964,1.46953,1.46953,112.0
2024-03-27 13:26:00,FX:EURCAD,1.46953,1.46956,1.46951,1.46954,139.0
2024-03-27 13:27:00,FX:EURCAD,1.46954,1.46964,1.46954,1.46963,105.0
2024-03-27 13:28:00,FX:EURCAD,1.46963,1.4697200000000001,1.46943,1.46943,129.0
2024-03-27 13:29:00,FX:EURCAD,1.46943,1.46949,1.46936,1.46949,172.0
2024-03-27 13:30:00,FX:EURCAD,1.46949,1.46959,1.46941,1.46954,231.0
2024-03-27 13:31:00,FX:EURCAD,1.46954,1.46977,1.46954,1.46977,110.0
2024-03-27 13:32:00,FX:EURCAD,1.46977,1.46985,1.46976,1.46978,157.0
2024-03-27 13:33:00,FX:EURCAD,1.46978,1.46983,1.46976,1.4698,184.0
2024-03-27 13:34:00,FX:EURCAD,1.4698,1.46986,1.46977,1.46986,96.0
2024-03-27 13:35:00,FX:EURCAD,1.46986,1.46991,1.4698200000000001,1.46983,116.0
2024-03-27 13:36:00,FX:EURCAD,1.46983,1.46986,1.4698,1.4698,107.0
2024-03-27 13:37:00,FX:EURCAD,1.4698,1.4698900000000001,1.4698,1.4698900000000001,147.0
2024-03-27 13:38:00,FX:EURCAD,1.4698900000000001,1.46993,1.46987,1.4698900000000001,109.0
2024-03-27 13:39:00,FX:EURCAD,1.4698900000000001,1.4699200000000001,1.46986,1.46986,100.0
2024-03-27 13:40:00,FX:EURCAD,1.46986,1.46987,1.46978,1.4698200000000001,163.0
2024-03-27 13:41:00,FX:EURCAD,1.4698200000000001,1.46986,1.4697500000000001,1.4697900000000002,121.0
2024-03-27 13:42:00,FX:EURCAD,1.4697900000000002,1.46986,1.46977,1.46981,63.0
2024-03-27 13:43:00,FX:EURCAD,1.46981,1.46994,1.46977,1.4699200000000001,76.0
2024-03-27 13:44:00,FX:EURCAD,1.4699200000000001,1.46995,1.46987,1.4698900000000001,54.0
2024-03-27 13:45:00,FX:EURCAD,1.4698900000000001,1.47001,1.4698900000000001,1.47001,76.0
2024-03-27 13:46:00,FX:EURCAD,1.47001,1.47003,1.46991,1.46995,154.0
2024-03-27 13:47:00,FX:EURCAD,1.46995,1.47002,1.46987,1.46987,191.0
2024-03-27 13:48:00,FX:EURCAD,1.46987,1.46997,1.46987,1.4699,109.0
2024-03-27 13:49:00,FX:EURCAD,1.4699,1.47,1.4698900000000001,1.46998,145.0
2024-03-27 13:50:00,FX:EURCAD,1.46998,1.47,1.46983,1.46984,85.0
2024-03-27 13:51:00,FX:EURCAD,1.46984,1.4699,1.46978,1.4698200000000001,101.0
2024-03-27 13:52:00,FX:EURCAD,1.4698200000000001,1.4698900000000001,1.46976,1.4698,178.0
2024-03-27 13:53:00,FX:EURCAD,1.4698,1.46994,1.4697900000000002,1.4698900000000001,135.0
2024-03-27 13:54:00,FX:EURCAD,1.4698900000000001,1.46993,1.46983,1.46984,113.0
2024-03-27 13:55:00,FX:EURCAD,1.46984,1.46993,1.46984,1.46985,155.0
2024-03-27 13:56:00,FX:EURCAD,1.46985,1.46995,1.46984,1.46993,105.0
2024-03-27 13:57:00,FX:EURCAD,1.46993,1.46995,1.46985,1.46988,97.0
2024-03-27 13:58:00,FX:EURCAD,1.46988,1.46988,1.46973,1.46974,91.0
2024-03-27 13:59:00,FX:EURCAD,1.46974,1.46976,1.46968,1.46974,158.0
2024-03-27 14:00:00,FX:EURCAD,1.46974,1.46978,1.4696500000000001,1.46977,105.0
2024-03-27 14:01:00,FX:EURCAD,1.46977,1.4699200000000001,1.46977,1.4699200000000001,188.0
2024-03-27 14:02:00,FX:EURCAD,1.4699200000000001,1.4700600000000001,1.4699,1.47003,102.0
2024-03-27 14:03:00,FX:EURCAD,1.47003,1.47007,1.47002,1.4700600000000001,64.0
2024-03-27 14:04:00,FX:EURCAD,1.4700600000000001,1.47007,1.47003,1.4700600000000001,56.0
2024-03-27 14:05:00,FX:EURCAD,1.4700600000000001,1.4700600000000001,1.46985,1.46985,76.0
2024-03-27 14:06:00,FX:EURCAD,1.46985,1.46986,1.4698200000000001,1.46984,97.0
2024-03-27 14:07:00,FX:EURCAD,1.46984,1.46984,1.4697200000000001,1.46973,92.0
2024-03-27 14:08:00,FX:EURCAD,1.46973,1.4698,1.4697200000000001,1.46974,156.0
2024-03-27 14:09:00,FX:EURCAD,1.46974,1.46974,1.4696,1.46966,111.0
2024-03-27 14:10:00,FX:EURCAD,1.46966,1.46968,1.46959,1.4696,76.0
2024-03-27 14:11:00,FX:EURCAD,1.4696,1.46971,1.4696,1.46968,81.0
2024-03-27 14:12:00,FX:EURCAD,1.46968,1.4697500000000001,1.46966,1.4696900000000002,149.0
2024-03-27 14:13:00,FX:EURCAD,1.4696900000000002,1.4696900000000002,1.4696,1.4696200000000001,56.0
2024-03-27 14:14:00,FX:EURCAD,1.4696200000000001,1.46963,1.46946,1.46946,58.0
2024-03-27 14:15:00,FX:EURCAD,1.46946,1.46946,1.46942,1.46943,49.0
2024-03-27 14:16:00,FX:EURCAD,1.46943,1.46947,1.46939,1.4694,78.0
2024-03-27 14:17:00,FX:EURCAD,1.4694,1.46943,1.46932,1.46936,86.0
2024-03-27 14:18:00,FX:EURCAD,1.46936,1.46937,1.46922,1.46927,103.0
2024-03-27 14:19:00,FX:EURCAD,1.46927,1.46934,1.46926,1.46933,94.0
2024-03-27 14:20:00,FX:EURCAD,1.46933,1.46937,1.46926,1.4693100000000001,89.0
2024-03-27 14:21:00,FX:EURCAD,1.4693100000000001,1.46946,1.4693,1.46932,116.0
2024-03-27 14:22:00,FX:EURCAD,1.46932,1.46936,1.46926,1.4692800000000001,92.0
2024-03-27 14:23:00,FX:EURCAD,1.4692800000000001,1.46947,1.4692800000000001,1.46947,93.0
2024-03-27 14:24:00,FX:EURCAD,1.46947,1.4695,1.4693800000000001,1.4693800000000001,91.0
2024-03-27 14:25:00,FX:EURCAD,1.4693800000000001,1.46939,1.46925,1.46933,103.0
2024-03-27 14:26:00,FX:EURCAD,1.46933,1.46942,1.46933,1.46936,117.0
2024-03-27 14:27:00,FX:EURCAD,1.46936,1.4694,1.46926,1.4693,131.0
2024-03-27 14:28:00,FX:EURCAD,1.4693,1.4693500000000002,1.46915,1.4693100000000001,132.0
2024-03-27 14:29:00,FX:EURCAD,1.4693100000000001,1.4693800000000001,1.4691400000000001,1.46916,156.0
2024-03-27 14:30:00,FX:EURCAD,1.46916,1.46927,1.4691,1.46925,167.0
2024-03-27 14:31:00,FX:EURCAD,1.46925,1.46927,1.4690400000000001,1.46907,115.0
2024-03-27 14:32:00,FX:EURCAD,1.46907,1.46915,1.46898,1.4690100000000001,76.0
2024-03-27 14:33:00,FX:EURCAD,1.4690100000000001,1.46917,1.4690100000000001,1.46917,130.0
2024-03-27 14:34:00,FX:EURCAD,1.46917,1.46917,1.46902,1.46903,170.0
2024-03-27 14:35:00,FX:EURCAD,1.46903,1.46909,1.46893,1.46896,119.0
2024-03-27 14:36:00,FX:EURCAD,1.46896,1.46898,1.4689400000000001,1.46895,49.0
2024-03-27 14:37:00,FX:EURCAD,1.46895,1.46903,1.4689100000000002,1.46896,169.0
2024-03-27 14:38:00,FX:EURCAD,1.46896,1.46905,1.46895,1.46897,140.0
2024-03-27 14:39:00,FX:EURCAD,1.46897,1.46905,1.46889,1.46896,130.0
2024-03-27 14:40:00,FX:EURCAD,1.46896,1.4690400000000001,1.46896,1.46902,47.0
2024-03-27 14:41:00,FX:EURCAD,1.46902,1.46906,1.46899,1.46903,61.0
2024-03-27 14:42:00,FX:EURCAD,1.46903,1.4691,1.46903,1.4691,54.0
2024-03-27 14:43:00,FX:EURCAD,1.4691,1.46916,1.46903,1.46903,69.0
2024-03-27 14:44:00,FX:EURCAD,1.46903,1.4690800000000002,1.46897,1.46898,74.0
2024-03-27 14:45:00,FX:EURCAD,1.46898,1.46899,1.46879,1.4688,113.0
2024-03-27 14:46:00,FX:EURCAD,1.4688,1.46886,1.46879,1.46885,112.0
2024-03-27 14:47:00,FX:EURCAD,1.46885,1.4688700000000001,1.46882,1.46882,100.0
2024-03-27 14:48:00,FX:EURCAD,1.46882,1.4688400000000001,1.4687700000000001,1.46881,85.0
2024-03-27 14:49:00,FX:EURCAD,1.46881,1.4689100000000002,1.46881,1.46889,49.0
2024-03-27 14:50:00,FX:EURCAD,1.46889,1.4689,1.46888,1.46889,14.0
2024-03-27 14:51:00,FX:EURCAD,1.46889,1.46895,1.46881,1.4689,84.0
2024-03-27 14:52:00,FX:EURCAD,1.4689,1.46893,1.4688700000000001,1.4688700000000001,63.0
2024-03-27 14:53:00,FX:EURCAD,1.4688700000000001,1.4689,1.46886,1.46888,57.0
2024-03-27 14:54:00,FX:EURCAD,1.46888,1.46898,1.46886,1.46896,145.0
2024-03-27 14:55:00,FX:EURCAD,1.46896,1.46902,1.46886,1.46886,106.0
2024-03-27 14:56:00,FX:EURCAD,1.46886,1.4689400000000001,1.4687700000000001,1.4689400000000001,96.0
2024-03-27 14:57:00,FX:EURCAD,1.4689400000000001,1.4690800000000002,1.4689400000000001,1.46906,114.0
2024-03-27 14:58:00,FX:EURCAD,1.46906,1.46915,1.4690400000000001,1.46907,164.0
2024-03-27 14:59:00,FX:EURCAD,1.46907,1.46912,1.46903,1.46907,105.0
2024-03-27 15:00:00,FX:EURCAD,1.46907,1.46907,1.4689,1.4689400000000001,155.0
2024-03-27 15:01:00,FX:EURCAD,1.4689400000000001,1.469,1.46878,1.46878,81.0
2024-03-27 15:02:00,FX:EURCAD,1.46878,1.46888,1.46868,1.46888,96.0
2024-03-27 15:03:00,FX:EURCAD,1.46888,1.46889,1.46875,1.46876,56.0
2024-03-27 15:04:00,FX:EURCAD,1.46876,1.4687700000000001,1.4686700000000001,1.46872,89.0
2024-03-27 15:05:00,FX:EURCAD,1.46872,1.46873,1.46866,1.4686700000000001,70.0
2024-03-27 15:06:00,FX:EURCAD,1.4686700000000001,1.46868,1.4685700000000002,1.46858,19.0
2024-03-27 15:07:00,FX:EURCAD,1.46858,1.4686700000000001,1.46855,1.46862,115.0
2024-03-27 15:08:00,FX:EURCAD,1.46862,1.46868,1.46859,1.46861,89.0
2024-03-27 15:09:00,FX:EURCAD,1.46861,1.46868,1.46858,1.46868,98.0
2024-03-27 15:10:00,FX:EURCAD,1.46868,1.46876,1.4686700000000001,1.4687400000000002,78.0
2024-03-27 15:11:00,FX:EURCAD,1.4687400000000002,1.46881,1.46871,1.46879,157.0
2024-03-27 15:12:00,FX:EURCAD,1.46879,1.46882,1.46871,1.46878,140.0
2024-03-27 15:13:00,FX:EURCAD,1.46878,1.4688400000000001,1.46875,1.46883,80.0
2024-03-27 15:14:00,FX:EURCAD,1.46883,1.46885,1.4687400000000002,1.46881,57.0
2024-03-27 15:15:00,FX:EURCAD,1.46881,1.46882,1.46875,1.46876,83.0
2024-03-27 15:16:00,FX:EURCAD,1.46876,1.4688400000000001,1.46876,1.4688,57.0
2024-03-27 15:17:00,FX:EURCAD,1.4688,1.46882,1.46879,1.46879,43.0
2024-03-27 15:18:00,FX:EURCAD,1.46879,1.46888,1.46878,1.4688400000000001,87.0
2024-03-27 15:19:00,FX:EURCAD,1.4688400000000001,1.46886,1.46882,1.46882,32.0
2024-03-27 15:20:00,FX:EURCAD,1.46882,1.4688700000000001,1.46882,1.46883,64.0
2024-03-27 15:21:00,FX:EURCAD,1.46883,1.46886,1.4687400000000002,1.46886,85.0
2024-03-27 15:22:00,FX:EURCAD,1.46886,1.46893,1.46885,1.46892,63.0
2024-03-27 15:23:00,FX:EURCAD,1.46892,1.46898,1.46889,1.46895,108.0
2024-03-27 15:24:00,FX:EURCAD,1.46895,1.46896,1.46886,1.46889,128.0
2024-03-27 15:25:00,FX:EURCAD,1.46889,1.46896,1.46885,1.4689100000000002,78.0
2024-03-27 15:26:00,FX:EURCAD,1.4689100000000002,1.46905,1.4689100000000002,1.46903,91.0
2024-03-27 15:27:00,FX:EURCAD,1.46903,1.46905,1.4689100000000002,1.4689400000000001,63.0
2024-03-27 15:28:00,FX:EURCAD,1.4689400000000001,1.46896,1.46886,1.46892,100.0
2024-03-27 15:29:00,FX:EURCAD,1.46892,1.46892,1.4688700000000001,1.4689100000000002,76.0
2024-03-27 15:30:00,FX:EURCAD,1.4689100000000002,1.46893,1.4689,1.4689,91.0
2024-03-27 15:31:00,FX:EURCAD,1.4689,1.4690400000000001,1.4688700000000001,1.46902,50.0
2024-03-27 15:32:00,FX:EURCAD,1.46902,1.46903,1.46897,1.4690100000000001,78.0
2024-03-27 15:33:00,FX:EURCAD,1.4690100000000001,1.46902,1.4689100000000002,1.46897,95.0
2024-03-27 15:34:00,FX:EURCAD,1.46897,1.46907,1.4689400000000001,1.4690400000000001,84.0
2024-03-27 15:35:00,FX:EURCAD,1.4690400000000001,1.46909,1.46903,1.4690800000000002,26.0
2024-03-27 15:36:00,FX:EURCAD,1.4690800000000002,1.4691400000000001,1.4690100000000001,1.46902,108.0
2024-03-27 15:37:00,FX:EURCAD,1.46902,1.46912,1.469,1.4691100000000001,66.0
2024-03-27 15:38:00,FX:EURCAD,1.4691100000000001,1.46913,1.469,1.46903,91.0
2024-03-27 15:39:00,FX:EURCAD,1.46903,1.4690400000000001,1.4689,1.46892,108.0
2024-03-27 15:40:00,FX:EURCAD,1.46892,1.4690400000000001,1.4689100000000002,1.4689400000000001,136.0
2024-03-27 15:41:00,FX:EURCAD,1.4689400000000001,1.46903,1.4689100000000002,1.46902,102.0
2024-03-27 15:42:00,FX:EURCAD,1.46902,1.4690400000000001,1.4689400000000001,1.4690100000000001,88.0
2024-03-27 15:43:00,FX:EURCAD,1.4690100000000001,1.46905,1.46896,1.46899,39.0
2024-03-27 15:44:00,FX:EURCAD,1.46899,1.4690100000000001,1.4689400000000001,1.46897,113.0
2024-03-27 15:45:00,FX:EURCAD,1.46897,1.46898,1.4688700000000001,1.46893,110.0
2024-03-27 15:46:00,FX:EURCAD,1.46893,1.46899,1.4688,1.4689100000000002,94.0
2024-03-27 15:47:00,FX:EURCAD,1.4689100000000002,1.46905,1.46888,1.46896,119.0
2024-03-27 15:48:00,FX:EURCAD,1.46896,1.46906,1.46892,1.46905,141.0
2024-03-27 15:49:00,FX:EURCAD,1.46905,1.46916,1.4690400000000001,1.46916,224.0
2024-03-27 15:50:00,FX:EURCAD,1.46916,1.4692,1.46906,1.4691,290.0
2024-03-27 15:51:00,FX:EURCAD,1.4691,1.46912,1.46903,1.46907,139.0
2024-03-27 15:52:00,FX:EURCAD,1.46907,1.46912,1.46905,1.4691,86.0
2024-03-27 15:53:00,FX:EURCAD,1.4691,1.4691100000000001,1.46902,1.4690800000000002,185.0
2024-03-27 15:54:00,FX:EURCAD,1.4690800000000002,1.46909,1.4690100000000001,1.4690400000000001,169.0
2024-03-27 15:55:00,FX:EURCAD,1.4690400000000001,1.46915,1.4690100000000001,1.4691400000000001,153.0
2024-03-27 15:56:00,FX:EURCAD,1.4691400000000001,1.46922,1.46912,1.46915,132.0
2024-03-27 15:57:00,FX:EURCAD,1.46915,1.46922,1.4690800000000002,1.4692,121.0
2024-03-27 15:58:00,FX:EURCAD,1.4692,1.46941,1.46919,1.4692800000000001,193.0
2024-03-27 15:59:00,FX:EURCAD,1.4692800000000001,1.46934,1.46917,1.4692,266.0
2024-03-27 16:00:00,FX:EURCAD,1.4692,1.46927,1.46915,1.46926,158.0
2024-03-27 16:01:00,FX:EURCAD,1.46926,1.46944,1.46925,1.4693800000000001,195.0
2024-03-27 16:02:00,FX:EURCAD,1.4693800000000001,1.46944,1.4693100000000001,1.46934,123.0
2024-03-27 16:03:00,FX:EURCAD,1.46934,1.46937,1.4692,1.4692,198.0
2024-03-27 16:04:00,FX:EURCAD,1.4692,1.46922,1.46879,1.46881,210.0
2024-03-27 16:05:00,FX:EURCAD,1.46881,1.46889,1.4687700000000001,1.46878,70.0
2024-03-27 16:06:00,FX:EURCAD,1.46878,1.46883,1.46866,1.4687000000000001,62.0
2024-03-27 16:07:00,FX:EURCAD,1.4687000000000001,1.46872,1.46863,1.46863,46.0
2024-03-27 16:08:00,FX:EURCAD,1.46863,1.46881,1.46858,1.4688,68.0
2024-03-27 16:09:00,FX:EURCAD,1.4688,1.4688400000000001,1.46869,1.46883,99.0
2024-03-27 16:10:00,FX:EURCAD,1.46883,1.4689100000000002,1.46883,1.4689100000000002,39.0
2024-03-27 16:11:00,FX:EURCAD,1.4689100000000002,1.46896,1.4689,1.46896,30.0
2024-03-27 16:12:00,FX:EURCAD,1.46896,1.46897,1.4688700000000001,1.46896,45.0
2024-03-27 16:13:00,FX:EURCAD,1.46896,1.469,1.46895,1.46897,47.0
2024-03-27 16:14:00,FX:EURCAD,1.46897,1.469,1.46892,1.46896,20.0
2024-03-27 16:15:00,FX:EURCAD,1.46896,1.46902,1.46885,1.46889,37.0
2024-03-27 16:16:00,FX:EURCAD,1.46889,1.4689100000000002,1.4688700000000001,1.46888,19.0
2024-03-27 16:17:00,FX:EURCAD,1.46888,1.46892,1.4688700000000001,1.46892,28.0
2024-03-27 16:18:00,FX:EURCAD,1.46892,1.46892,1.4688400000000001,1.46886,21.0
2024-03-27 16:19:00,FX:EURCAD,1.46886,1.46925,1.46886,1.46922,142.0
2024-03-27 16:20:00,FX:EURCAD,1.46922,1.46922,1.4690800000000002,1.46913,55.0
2024-03-27 16:21:00,FX:EURCAD,1.46913,1.4691400000000001,1.46905,1.46907,41.0
2024-03-27 16:22:00,FX:EURCAD,1.46907,1.4691,1.46905,1.46907,31.0
2024-03-27 16:23:00,FX:EURCAD,1.46907,1.4691400000000001,1.46907,1.46907,20.0
2024-03-27 16:24:00,FX:EURCAD,1.46907,1.4690800000000002,1.4689400000000001,1.4689400000000001,42.0
2024-03-27 16:25:00,FX:EURCAD,1.4689400000000001,1.469,1.4689400000000001,1.469,16.0
2024-03-27 16:26:00,FX:EURCAD,1.469,1.46906,1.469,1.46903,24.0
2024-03-27 16:27:00,FX:EURCAD,1.46903,1.46909,1.46902,1.4690800000000002,15.0
2024-03-27 16:28:00,FX:EURCAD,1.4690800000000002,1.4691800000000002,1.46906,1.46915,42.0
2024-03-27 16:29:00,FX:EURCAD,1.46915,1.46916,1.4690400000000001,1.46905,115.0
2024-03-27 16:30:00,FX:EURCAD,1.46905,1.46917,1.4690400000000001,1.46912,67.0
2024-03-27 16:31:00,FX:EURCAD,1.46912,1.46919,1.46906,1.46907,132.0
2024-03-27 16:32:00,FX:EURCAD,1.46907,1.46913,1.46903,1.46907,52.0
2024-03-27 16:33:00,FX:EURCAD,1.46907,1.46907,1.46902,1.4690400000000001,34.0
2024-03-27 16:34:00,FX:EURCAD,1.4690400000000001,1.46905,1.46897,1.469,33.0
2024-03-27 16:35:00,FX:EURCAD,1.469,1.46902,1.46895,1.46902,40.0
2024-03-27 16:36:00,FX:EURCAD,1.46902,1.4691400000000001,1.46899,1.4691400000000001,49.0
2024-03-27 16:37:00,FX:EURCAD,1.4691400000000001,1.4691400000000001,1.4690800000000002,1.4691100000000001,57.0
2024-03-27 16:38:00,FX:EURCAD,1.4691100000000001,1.46919,1.46909,1.46915,51.0
2024-03-27 16:39:00,FX:EURCAD,1.46915,1.4691800000000002,1.4691400000000001,1.46917,54.0
2024-03-27 16:40:00,FX:EURCAD,1.46917,1.4692100000000001,1.46915,1.4691800000000002,42.0
2024-03-27 16:41:00,FX:EURCAD,1.4691800000000002,1.46933,1.46917,1.46922,101.0
2024-03-27 16:42:00,FX:EURCAD,1.46922,1.4692800000000001,1.46922,1.46926,44.0
2024-03-27 16:43:00,FX:EURCAD,1.46926,1.4692800000000001,1.46923,1.46925,13.0
2024-03-27 16:44:00,FX:EURCAD,1.46925,1.4692800000000001,1.46924,1.46927,7.0
2024-03-27 16:45:00,FX:EURCAD,1.46927,1.4693,1.46923,1.46925,38.0
2024-03-27 16:46:00,FX:EURCAD,1.46925,1.46942,1.46923,1.46942,58.0
2024-03-27 16:47:00,FX:EURCAD,1.46942,1.46944,1.46937,1.46941,149.0
2024-03-27 16:48:00,FX:EURCAD,1.46941,1.46946,1.46937,1.46941,177.0
2024-03-27 16:49:00,FX:EURCAD,1.46941,1.46946,1.46937,1.46939,181.0
2024-03-27 16:50:00,FX:EURCAD,1.46939,1.46939,1.4691800000000002,1.4692,71.0
2024-03-27 16:51:00,FX:EURCAD,1.4692,1.46922,1.46913,1.46919,62.0
2024-03-27 16:52:00,FX:EURCAD,1.46919,1.4692100000000001,1.46907,1.46915,54.0
2024-03-27 16:53:00,FX:EURCAD,1.46915,1.46915,1.469,1.46905,68.0
2024-03-27 16:54:00,FX:EURCAD,1.46905,1.46909,1.46896,1.46905,65.0
2024-03-27 16:55:00,FX:EURCAD,1.46905,1.46905,1.4689,1.4689400000000001,85.0
2024-03-27 16:56:00,FX:EURCAD,1.4689400000000001,1.46896,1.4689100000000002,1.46892,96.0
2024-03-27 16:57:00,FX:EURCAD,1.46892,1.4689400000000001,1.4688400000000001,1.4689400000000001,11.0
2024-03-27 16:58:00,FX:EURCAD,1.4689400000000001,1.46895,1.46883,1.46886,27.0
2024-03-27 16:59:00,FX:EURCAD,1.46886,1.4688700000000001,1.46883,1.4688700000000001,3.0
2024-03-27 17:02:00,FX:EURCAD,1.4688700000000001,1.4688700000000001,1.4681,1.46811,2.0
2024-03-27 17:03:00,FX:EURCAD,1.46811,1.46838,1.46753,1.46753,2.0
2024-03-27 17:04:00,FX:EURCAD,1.46753,1.46766,1.46753,1.46764,9.0
2024-03-27 17:05:00,FX:EURCAD,1.46764,1.4679,1.46764,1.46788,5.0
2024-03-27 17:06:00,FX:EURCAD,1.46788,1.46851,1.46787,1.46837,9.0
2024-03-27 17:07:00,FX:EURCAD,1.46837,1.4684700000000002,1.46837,1.4684700000000002,4.0
2024-03-27 17:08:00,FX:EURCAD,1.4684700000000002,1.4685700000000002,1.4684700000000002,1.46849,4.0
2024-03-27 17:09:00,FX:EURCAD,1.46849,1.4686000000000001,1.46848,1.4686000000000001,8.0
2024-03-27 17:10:00,FX:EURCAD,1.4686000000000001,1.46863,1.4684300000000001,1.4685000000000001,23.0
2024-03-27 17:11:00,FX:EURCAD,1.4685000000000001,1.46858,1.46849,1.4685700000000002,26.0
2024-03-27 17:12:00,FX:EURCAD,1.4685700000000002,1.46863,1.46854,1.4686000000000001,20.0
2024-03-27 17:13:00,FX:EURCAD,1.4686000000000001,1.46862,1.4685700000000002,1.46859,18.0
2024-03-27 17:14:00,FX:EURCAD,1.46859,1.46865,1.46859,1.46862,23.0
2024-03-27 17:15:00,FX:EURCAD,1.46862,1.46876,1.46859,1.46872,65.0
2024-03-27 17:16:00,FX:EURCAD,1.46872,1.46875,1.46861,1.46864,116.0
2024-03-27 17:17:00,FX:EURCAD,1.46864,1.4688,1.46864,1.46876,43.0
2024-03-27 17:18:00,FX:EURCAD,1.46876,1.46881,1.46869,1.4687000000000001,65.0
2024-03-27 17:19:00,FX:EURCAD,1.4687000000000001,1.46879,1.46864,1.4687700000000001,118.0
2024-03-27 17:20:00,FX:EURCAD,1.4687700000000001,1.46882,1.4687700000000001,1.46879,44.0
2024-03-27 17:21:00,FX:EURCAD,1.46879,1.46882,1.46878,1.4688,40.0
2024-03-27 17:22:00,FX:EURCAD,1.4688,1.4688700000000001,1.4688,1.46881,37.0
2024-03-27 17:23:00,FX:EURCAD,1.46881,1.46883,1.46879,1.4688,18.0
2024-03-27 17:24:00,FX:EURCAD,1.4688,1.4688,1.46872,1.46876,32.0
2024-03-27 17:25:00,FX:EURCAD,1.46876,1.46878,1.46862,1.46871,19.0
2024-03-27 17:26:00,FX:EURCAD,1.46871,1.46871,1.46869,1.46869,3.0
2024-03-27 17:27:00,FX:EURCAD,1.46869,1.4687000000000001,1.46868,1.4687000000000001,4.0
2024-03-27 17:28:00,FX:EURCAD,1.4687000000000001,1.4687000000000001,1.46866,1.46868,4.0
2024-03-27 17:29:00,FX:EURCAD,1.46868,1.46868,1.46868,1.46868,1.0
2024-03-27 17:30:00,FX:EURCAD,1.46868,1.46875,1.4686700000000001,1.46868,41.0
2024-03-27 17:31:00,FX:EURCAD,1.46868,1.46889,1.4686700000000001,1.46886,238.0
2024-03-27 17:32:00,FX:EURCAD,1.46886,1.46888,1.46885,1.4688700000000001,30.0
2024-03-27 17:33:00,FX:EURCAD,1.4688700000000001,1.46892,1.46886,1.46886,28.0
2024-03-27 17:34:00,FX:EURCAD,1.46886,1.46889,1.4687400000000002,1.4688700000000001,17.0
2024-03-27 17:35:00,FX:EURCAD,1.4688700000000001,1.46888,1.4688400000000001,1.4688400000000001,17.0
2024-03-27 17:36:00,FX:EURCAD,1.4688400000000001,1.46889,1.46872,1.4688400000000001,234.0
2024-03-27 17:37:00,FX:EURCAD,1.4688400000000001,1.46886,1.46879,1.4688400000000001,123.0
2024-03-27 17:38:00,FX:EURCAD,1.4688400000000001,1.4688700000000001,1.46879,1.4688,176.0
2024-03-27 17:39:00,FX:EURCAD,1.4688,1.4688700000000001,1.46876,1.4688400000000001,83.0
2024-03-27 17:40:00,FX:EURCAD,1.4688400000000001,1.46888,1.46882,1.46886,23.0
2024-03-27 17:41:00,FX:EURCAD,1.46886,1.46888,1.4688400000000001,1.46886,21.0
2024-03-27 17:42:00,FX:EURCAD,1.46886,1.4688700000000001,1.46876,1.4687700000000001,101.0
2024-03-27 17:43:00,FX:EURCAD,1.4687700000000001,1.46881,1.46876,1.4687700000000001,113.0
2024-03-27 17:44:00,FX:EURCAD,1.4687700000000001,1.4688,1.46871,1.46876,140.0
2024-03-27 17:45:00,FX:EURCAD,1.46876,1.4688,1.46873,1.46875,176.0
2024-03-27 17:46:00,FX:EURCAD,1.46875,1.46876,1.4687000000000001,1.46872,134.0
2024-03-27 17:47:00,FX:EURCAD,1.46872,1.46875,1.46865,1.46873,277.0
2024-03-27 17:48:00,FX:EURCAD,1.46873,1.4687700000000001,1.46871,1.46876,121.0
2024-03-27 17:49:00,FX:EURCAD,1.46876,1.46879,1.46873,1.4687700000000001,90.0
2024-03-27 17:50:00,FX:EURCAD,1.4687700000000001,1.46879,1.46873,1.46878,60.0
2024-03-27 17:51:00,FX:EURCAD,1.46878,1.46879,1.46871,1.4687400000000002,228.0
2024-03-27 17:52:00,FX:EURCAD,1.4687400000000002,1.46879,1.46871,1.46873,138.0
2024-03-27 17:53:00,FX:EURCAD,1.46873,1.46875,1.46859,1.4687400000000002,51.0
2024-03-27 17:54:00,FX:EURCAD,1.4687400000000002,1.46881,1.46873,1.46878,29.0
2024-03-27 17:55:00,FX:EURCAD,1.46878,1.46878,1.4687400000000002,1.46875,14.0
2024-03-27 17:56:00,FX:EURCAD,1.46875,1.46879,1.46873,1.46873,107.0
2024-03-27 17:57:00,FX:EURCAD,1.46873,1.46881,1.46873,1.46876,73.0
2024-03-27 17:58:00,FX:EURCAD,1.46876,1.4688,1.46876,1.4688,18.0
2024-03-27 17:59:00,FX:EURCAD,1.4688,1.4688400000000001,1.46871,1.4688400000000001,23.0
2024-03-27 18:00:00,FX:EURCAD,1.4688400000000001,1.46905,1.46824,1.4686000000000001,361.0
2024-03-27 18:01:00,FX:EURCAD,1.4686000000000001,1.46915,1.46859,1.46912,312.0
2024-03-27 18:02:00,FX:EURCAD,1.46912,1.46922,1.46898,1.4691800000000002,93.0
2024-03-27 18:03:00,FX:EURCAD,1.4691800000000002,1.46925,1.4691,1.4691,63.0
2024-03-27 18:04:00,FX:EURCAD,1.4691,1.46924,1.46878,1.46896,98.0
2024-03-27 18:05:00,FX:EURCAD,1.46896,1.46896,1.4688400000000001,1.4688700000000001,17.0
2024-03-27 18:06:00,FX:EURCAD,1.4688700000000001,1.46892,1.4688,1.4688,21.0
2024-03-27 18:07:00,FX:EURCAD,1.4688,1.46881,1.46873,1.4688,12.0
2024-03-27 18:08:00,FX:EURCAD,1.4688,1.46885,1.4687400000000002,1.4687400000000002,25.0
2024-03-27 18:09:00,FX:EURCAD,1.4687400000000002,1.46898,1.4687400000000002,1.46893,61.0
2024-03-27 18:10:00,FX:EURCAD,1.46893,1.4690800000000002,1.4689100000000002,1.4690800000000002,57.0
2024-03-27 18:11:00,FX:EURCAD,1.4690800000000002,1.4693500000000002,1.46907,1.46926,122.0
2024-03-27 18:12:00,FX:EURCAD,1.46926,1.46933,1.4692100000000001,1.4693,42.0
2024-03-27 18:13:00,FX:EURCAD,1.4693,1.4693500000000002,1.46919,1.46925,47.0
2024-03-27 18:14:00,FX:EURCAD,1.46925,1.4692800000000001,1.46913,1.46916,104.0
2024-03-27 18:15:00,FX:EURCAD,1.46916,1.46924,1.4691100000000001,1.46923,74.0
2024-03-27 18:16:00,FX:EURCAD,1.46923,1.46929,1.46915,1.46919,29.0
2024-03-27 18:17:00,FX:EURCAD,1.46919,1.46929,1.46917,1.46917,32.0
2024-03-27 18:18:00,FX:EURCAD,1.46917,1.46925,1.46913,1.46925,54.0
2024-03-27 18:19:00,FX:EURCAD,1.46925,1.46932,1.46925,1.46932,25.0
2024-03-27 18:20:00,FX:EURCAD,1.46932,1.4693500000000002,1.46927,1.46934,11.0
2024-03-27 18:21:00,FX:EURCAD,1.46934,1.46934,1.46912,1.4691400000000001,31.0
2024-03-27 18:22:00,FX:EURCAD,1.4691400000000001,1.46916,1.46912,1.46912,16.0
2024-03-27 18:23:00,FX:EURCAD,1.46912,1.46912,1.46898,1.469,35.0
2024-03-27 18:24:00,FX:EURCAD,1.469,1.4690100000000001,1.4689100000000002,1.46896,46.0
2024-03-27 18:25:00,FX:EURCAD,1.46896,1.46902,1.4689100000000002,1.4689100000000002,23.0
2024-03-27 18:26:00,FX:EURCAD,1.4689100000000002,1.46892,1.46888,1.46888,11.0
2024-03-27 18:27:00,FX:EURCAD,1.46888,1.46893,1.46888,1.4689100000000002,35.0
2024-03-27 18:28:00,FX:EURCAD,1.4689100000000002,1.46899,1.4689,1.4689,31.0
2024-03-27 18:29:00,FX:EURCAD,1.4689,1.4690100000000001,1.4689,1.4690100000000001,44.0
2024-03-27 18:30:00,FX:EURCAD,1.4690100000000001,1.4690100000000001,1.4689,1.4689400000000001,26.0
2024-03-27 18:31:00,FX:EURCAD,1.4689400000000001,1.4689400000000001,1.4689100000000002,1.4689400000000001,8.0
2024-03-27 18:32:00,FX:EURCAD,1.4689400000000001,1.4689400000000001,1.46892,1.46893,7.0
2024-03-27 18:33:00,FX:EURCAD,1.46893,1.46893,1.4689100000000002,1.4689100000000002,5.0
2024-03-27 18:34:00,FX:EURCAD,1.4689100000000002,1.46897,1.46876,1.4687700000000001,32.0
2024-03-27 18:35:00,FX:EURCAD,1.4687700000000001,1.4687700000000001,1.46876,1.4687700000000001,2.0
2024-03-27 18:36:00,FX:EURCAD,1.4687700000000001,1.46888,1.46876,1.46888,26.0
2024-03-27 18:37:00,FX:EURCAD,1.46888,1.46888,1.46873,1.46875,18.0
2024-03-27 18:38:00,FX:EURCAD,1.46875,1.46875,1.46864,1.46864,9.0
2024-03-27 18:39:00,FX:EURCAD,1.46864,1.46868,1.46852,1.46858,41.0
2024-03-27 18:40:00,FX:EURCAD,1.46858,1.4686000000000001,1.46858,1.46859,7.0
2024-03-27 18:41:00,FX:EURCAD,1.46859,1.46863,1.46856,1.46856,23.0
2024-03-27 18:42:00,FX:EURCAD,1.46856,1.4687400000000002,1.46856,1.4687400000000002,59.0
2024-03-27 18:43:00,FX:EURCAD,1.4687400000000002,1.4687400000000002,1.4687000000000001,1.4687000000000001,3.0
2024-03-27 18:44:00,FX:EURCAD,1.4687000000000001,1.46876,1.4687000000000001,1.46876,11.0
2024-03-27 18:45:00,FX:EURCAD,1.46876,1.4688400000000001,1.4687000000000001,1.4687700000000001,37.0
2024-03-27 18:46:00,FX:EURCAD,1.4687700000000001,1.46878,1.46872,1.4687700000000001,17.0
2024-03-27 18:47:00,FX:EURCAD,1.4687700000000001,1.46885,1.46869,1.46871,43.0
2024-03-27 18:48:00,FX:EURCAD,1.46871,1.46873,1.46858,1.46866,54.0
2024-03-27 18:49:00,FX:EURCAD,1.46866,1.46871,1.46859,1.46866,53.0
2024-03-27 18:50:00,FX:EURCAD,1.46866,1.46875,1.46866,1.4687400000000002,21.0
2024-03-27 18:51:00,FX:EURCAD,1.4687400000000002,1.46875,1.46862,1.46866,22.0
2024-03-27 18:52:00,FX:EURCAD,1.46866,1.4686700000000001,1.4685300000000001,1.46854,43.0
2024-03-27 18:53:00,FX:EURCAD,1.46854,1.46858,1.4685300000000001,1.46858,19.0
2024-03-27 18:54:00,FX:EURCAD,1.46858,1.4686000000000001,1.46854,1.4685700000000002,31.0
2024-03-27 18:55:00,FX:EURCAD,1.4685700000000002,1.46862,1.46855,1.46858,27.0
2024-03-27 18:56:00,FX:EURCAD,1.46858,1.46863,1.4685700000000002,1.46863,37.0
2024-03-27 18:57:00,FX:EURCAD,1.46863,1.4686700000000001,1.46859,1.46859,22.0
2024-03-27 18:58:00,FX:EURCAD,1.46859,1.4687400000000002,1.46858,1.4687000000000001,64.0
2024-03-27 18:59:00,FX:EURCAD,1.4687000000000001,1.46889,1.4686700000000001,1.4688400000000001,34.0
2024-03-27 19:00:00,FX:EURCAD,1.4688400000000001,1.46885,1.4687700000000001,1.4688400000000001,21.0
2024-03-27 19:01:00,FX:EURCAD,1.4688400000000001,1.4688400000000001,1.46875,1.46875,34.0
2024-03-27 19:02:00,FX:EURCAD,1.46875,1.4688,1.46858,1.46862,67.0
2024-03-27 19:03:00,FX:EURCAD,1.46862,1.4687400000000002,1.46859,1.46873,86.0
2024-03-27 19:04:00,FX:EURCAD,1.46873,1.4688,1.4687000000000001,1.4688,59.0
2024-03-27 19:05:00,FX:EURCAD,1.4688,1.46889,1.46873,1.46889,76.0
2024-03-27 19:06:00,FX:EURCAD,1.46889,1.46889,1.46881,1.4688400000000001,44.0
2024-03-27 19:07:00,FX:EURCAD,1.4688400000000001,1.46885,1.46875,1.4687700000000001,57.0
2024-03-27 19:08:00,FX:EURCAD,1.4687700000000001,1.46885,1.4687700000000001,1.46885,49.0
2024-03-27 19:09:00,FX:EURCAD,1.46885,1.46898,1.46883,1.46896,87.0
2024-03-27 19:10:00,FX:EURCAD,1.46896,1.46898,1.46888,1.46896,58.0
2024-03-27 19:11:00,FX:EURCAD,1.46896,1.46897,1.46882,1.46886,53.0
2024-03-27 19:12:00,FX:EURCAD,1.46886,1.46899,1.46886,1.46896,71.0
2024-03-27 19:13:00,FX:EURCAD,1.46896,1.46899,1.4689400000000001,1.46899,13.0
2024-03-27 19:14:00,FX:EURCAD,1.46899,1.46906,1.46893,1.46906,53.0
2024-03-27 19:15:00,FX:EURCAD,1.46906,1.46907,1.46899,1.46905,75.0
2024-03-27 19:16:00,FX:EURCAD,1.46905,1.46907,1.46897,1.46905,40.0
2024-03-27 19:17:00,FX:EURCAD,1.46905,1.4691100000000001,1.469,1.4690100000000001,19.0
2024-03-27 19:18:00,FX:EURCAD,1.4690100000000001,1.46903,1.46895,1.46895,51.0
2024-03-27 19:19:00,FX:EURCAD,1.46895,1.46897,1.46892,1.4689400000000001,39.0
2024-03-27 19:20:00,FX:EURCAD,1.4689400000000001,1.46899,1.46893,1.46895,18.0
2024-03-27 19:21:00,FX:EURCAD,1.46895,1.46906,1.4689400000000001,1.46903,41.0
2024-03-27 19:22:00,FX:EURCAD,1.46903,1.46906,1.4690100000000001,1.4690100000000001,13.0
2024-03-27 19:23:00,FX:EURCAD,1.4690100000000001,1.46906,1.4689,1.46897,56.0
2024-03-27 19:24:00,FX:EURCAD,1.46897,1.46897,1.46885,1.46893,60.0
2024-03-27 19:25:00,FX:EURCAD,1.46893,1.46896,1.46883,1.46895,97.0
2024-03-27 19:26:00,FX:EURCAD,1.46895,1.46899,1.46893,1.46896,34.0
2024-03-27 19:27:00,FX:EURCAD,1.46896,1.46896,1.46883,1.46883,42.0
2024-03-27 19:28:00,FX:EURCAD,1.46883,1.46889,1.46883,1.46889,24.0
2024-03-27 19:29:00,FX:EURCAD,1.46889,1.4689400000000001,1.4688700000000001,1.46888,39.0
2024-03-27 19:30:00,FX:EURCAD,1.46888,1.469,1.46888,1.4689100000000002,50.0
2024-03-27 19:31:00,FX:EURCAD,1.4689100000000002,1.46898,1.4689100000000002,1.4689400000000001,45.0
2024-03-27 19:32:00,FX:EURCAD,1.4689400000000001,1.4690100000000001,1.46893,1.46899,59.0
2024-03-27 19:33:00,FX:EURCAD,1.46899,1.469,1.46895,1.46898,38.0
2024-03-27 19:34:00,FX:EURCAD,1.46898,1.46899,1.4689,1.46893,48.0
2024-03-27 19:35:00,FX:EURCAD,1.46893,1.46895,1.4689100000000002,1.4689400000000001,28.0
2024-03-27 19:36:00,FX:EURCAD,1.4689400000000001,1.46898,1.46892,1.46895,17.0
2024-03-27 19:37:00,FX:EURCAD,1.46895,1.46899,1.4689100000000002,1.46899,41.0
2024-03-27 19:38:00,FX:EURCAD,1.46899,1.4690100000000001,1.4689400000000001,1.46896,37.0
2024-03-27 19:39:00,FX:EURCAD,1.46896,1.46898,1.4689,1.4689,37.0
2024-03-27 19:40:00,FX:EURCAD,1.4689,1.469,1.46888,1.469,67.0
2024-03-27 19:41:00,FX:EURCAD,1.469,1.46902,1.46897,1.4690100000000001,41.0
2024-03-27 19:42:00,FX:EURCAD,1.4690100000000001,1.46903,1.46896,1.46898,44.0
2024-03-27 19:43:00,FX:EURCAD,1.46898,1.46899,1.46895,1.46897,48.0
2024-03-27 19:44:00,FX:EURCAD,1.46897,1.46898,1.46888,1.4689100000000002,65.0
2024-03-27 19:45:00,FX:EURCAD,1.4689100000000002,1.4689100000000002,1.46879,1.4688700000000001,56.0
2024-03-27 19:46:00,FX:EURCAD,1.4688700000000001,1.46897,1.46886,1.4689,73.0
2024-03-27 19:47:00,FX:EURCAD,1.4689,1.46892,1.46888,1.46889,42.0
2024-03-27 19:48:00,FX:EURCAD,1.46889,1.4689,1.4688,1.46882,63.0
2024-03-27 19:49:00,FX:EURCAD,1.46882,1.4689100000000002,1.46882,1.4689,19.0
2024-03-27 19:50:00,FX:EURCAD,1.4689,1.469,1.46889,1.46899,61.0
2024-03-27 19:51:00,FX:EURCAD,1.46899,1.46909,1.46898,1.4690400000000001,33.0
2024-03-27 19:52:00,FX:EURCAD,1.4690400000000001,1.46905,1.4689400000000001,1.46898,31.0
2024-03-27 19:53:00,FX:EURCAD,1.46898,1.469,1.46896,1.46897,38.0
2024-03-27 19:54:00,FX:EURCAD,1.46897,1.46898,1.4689100000000002,1.46893,36.0
2024-03-27 19:55:00,FX:EURCAD,1.46893,1.46897,1.46893,1.46897,30.0
2024-03-27 19:56:00,FX:EURCAD,1.46897,1.46902,1.4689400000000001,1.46902,19.0
2024-03-27 19:57:00,FX:EURCAD,1.46902,1.46913,1.46899,1.46899,34.0
2024-03-27 19:58:00,FX:EURCAD,1.46899,1.469,1.46886,1.46889,74.0
2024-03-27 19:59:00,FX:EURCAD,1.46889,1.46892,1.46888,1.46888,37.0
2024-03-27 20:00:00,FX:EURCAD,1.46888,1.4691100000000001,1.46888,1.46903,138.0
2024-03-27 20:01:00,FX:EURCAD,1.46903,1.4690400000000001,1.46886,1.46892,161.0
2024-03-27 20:02:00,FX:EURCAD,1.46892,1.4690100000000001,1.4689,1.4689100000000002,143.0
2024-03-27 20:03:00,FX:EURCAD,1.4689100000000002,1.46898,1.46886,1.46895,119.0
2024-03-27 20:04:00,FX:EURCAD,1.46895,1.4690400000000001,1.46888,1.469,128.0
2024-03-27 20:05:00,FX:EURCAD,1.469,1.4690400000000001,1.4689400000000001,1.46902,79.0
2024-03-27 20:06:00,FX:EURCAD,1.46902,1.46902,1.4689,1.46892,85.0
2024-03-27 20:07:00,FX:EURCAD,1.46892,1.46905,1.4689,1.46895,112.0
2024-03-27 20:08:00,FX:EURCAD,1.46895,1.46903,1.4689100000000002,1.46898,52.0
2024-03-27 20:09:00,FX:EURCAD,1.46898,1.4690400000000001,1.46897,1.4690100000000001,39.0
2024-03-27 20:10:00,FX:EURCAD,1.4690100000000001,1.46902,1.4688700000000001,1.4688700000000001,30.0
2024-03-27 20:11:00,FX:EURCAD,1.4688700000000001,1.4689400000000001,1.46882,1.46882,87.0
2024-03-27 20:12:00,FX:EURCAD,1.46882,1.46892,1.46879,1.46892,91.0
2024-03-27 20:13:00,FX:EURCAD,1.46892,1.46892,1.4688400000000001,1.46888,58.0
2024-03-27 20:14:00,FX:EURCAD,1.46888,1.4689,1.4688400000000001,1.4688400000000001,61.0
2024-03-27 20:15:00,FX:EURCAD,1.4688400000000001,1.46886,1.46878,1.4688400000000001,71.0
2024-03-27 20:16:00,FX:EURCAD,1.4688400000000001,1.46895,1.46883,1.46893,45.0
2024-03-27 20:17:00,FX:EURCAD,1.46893,1.4689400000000001,1.46886,1.4689,82.0
2024-03-27 20:18:00,FX:EURCAD,1.4689,1.46895,1.46886,1.4689400000000001,67.0
2024-03-27 20:19:00,FX:EURCAD,1.4689400000000001,1.4689400000000001,1.46883,1.46885,42.0
2024-03-27 20:20:00,FX:EURCAD,1.46885,1.4689400000000001,1.46885,1.46892,27.0
2024-03-27 20:21:00,FX:EURCAD,1.46892,1.46893,1.4688700000000001,1.46889,35.0
2024-03-27 20:22:00,FX:EURCAD,1.46889,1.469,1.46885,1.4689,73.0
2024-03-27 20:23:00,FX:EURCAD,1.4689,1.46897,1.46889,1.46897,34.0
2024-03-27 20:24:00,FX:EURCAD,1.46897,1.46907,1.4689400000000001,1.46905,64.0
2024-03-27 20:25:00,FX:EURCAD,1.46905,1.46905,1.46899,1.4690100000000001,45.0
2024-03-27 20:26:00,FX:EURCAD,1.4690100000000001,1.46907,1.46898,1.46902,74.0
2024-03-27 20:27:00,FX:EURCAD,1.46902,1.46905,1.46897,1.46897,54.0
2024-03-27 20:28:00,FX:EURCAD,1.46897,1.4690100000000001,1.4689,1.4689,96.0
2024-03-27 20:29:00,FX:EURCAD,1.4689,1.46895,1.46888,1.4689400000000001,72.0
2024-03-27 20:30:00,FX:EURCAD,1.4689400000000001,1.469,1.4689,1.46898,99.0
2024-03-27 20:31:00,FX:EURCAD,1.46898,1.46902,1.4689400000000001,1.46902,49.0
2024-03-27 20:32:00,FX:EURCAD,1.46902,1.46907,1.469,1.46907,89.0
2024-03-27 20:33:00,FX:EURCAD,1.46907,1.4690800000000002,1.4690100000000001,1.46907,69.0
2024-03-27 20:34:00,FX:EURCAD,1.46907,1.4691,1.4690400000000001,1.46906,61.0
2024-03-27 20:35:00,FX:EURCAD,1.46906,1.4691100000000001,1.46906,1.4691,55.0
2024-03-27 20:36:00,FX:EURCAD,1.4691,1.4691100000000001,1.46905,1.4691100000000001,29.0
2024-03-27 20:37:00,FX:EURCAD,1.4691100000000001,1.4691400000000001,1.46906,1.46912,71.0
2024-03-27 20:38:00,FX:EURCAD,1.46912,1.4691800000000002,1.46912,1.4691400000000001,56.0
2024-03-27 20:39:00,FX:EURCAD,1.4691400000000001,1.46922,1.46913,1.46922,83.0
2024-03-27 20:40:00,FX:EURCAD,1.46922,1.46924,1.46915,1.46919,80.0
2024-03-27 20:41:00,FX:EURCAD,1.46919,1.46924,1.4691800000000002,1.46919,39.0
2024-03-27 20:42:00,FX:EURCAD,1.46919,1.46922,1.4691400000000001,1.46915,46.0
2024-03-27 20:43:00,FX:EURCAD,1.46915,1.46923,1.46913,1.46915,94.0
2024-03-27 20:44:00,FX:EURCAD,1.46915,1.4692,1.46912,1.4692,64.0
2024-03-27 20:45:00,FX:EURCAD,1.4692,1.46932,1.4692,1.4693100000000001,64.0
2024-03-27 20:46:00,FX:EURCAD,1.4693100000000001,1.46936,1.46923,1.46925,66.0
2024-03-27 20:47:00,FX:EURCAD,1.46925,1.46929,1.46922,1.46929,55.0
2024-03-27 20:48:00,FX:EURCAD,1.46929,1.46933,1.46927,1.46927,79.0
2024-03-27 20:49:00,FX:EURCAD,1.46927,1.46936,1.46927,1.4693,70.0
2024-03-27 20:50:00,FX:EURCAD,1.4693,1.4693,1.46924,1.4692800000000001,94.0
2024-03-27 20:51:00,FX:EURCAD,1.4692800000000001,1.46941,1.4692800000000001,1.46939,73.0
2024-03-27 20:52:00,FX:EURCAD,1.46939,1.4694500000000001,1.46934,1.4694,115.0
2024-03-27 20:53:00,FX:EURCAD,1.4694,1.46958,1.4693800000000001,1.46951,124.0
2024-03-27 20:54:00,FX:EURCAD,1.46951,1.46993,1.4695,1.46976,420.0
2024-03-27 20:55:00,FX:EURCAD,1.46976,1.4699200000000001,1.4695200000000002,1.46953,155.0
2024-03-27 20:56:00,FX:EURCAD,1.46953,1.46953,1.46941,1.46941,65.0
2024-03-27 20:57:00,FX:EURCAD,1.46941,1.46943,1.46929,1.46929,103.0
2024-03-27 20:58:00,FX:EURCAD,1.46929,1.46939,1.46929,1.4693500000000002,116.0
2024-03-27 20:59:00,FX:EURCAD,1.4693500000000002,1.46937,1.4692800000000001,1.46934,137.0
2024-03-27 21:00:00,FX:EURCAD,1.46934,1.4695,1.46934,1.4694800000000001,164.0
2024-03-27 21:01:00,FX:EURCAD,1.4694800000000001,1.4695200000000002,1.4694500000000001,1.4695200000000002,91.0
2024-03-27 21:02:00,FX:EURCAD,1.4695200000000002,1.4695500000000001,1.46947,1.46951,129.0
2024-03-27 21:03:00,FX:EURCAD,1.46951,1.4695200000000002,1.46944,1.46951,187.0
2024-03-27 21:04:00,FX:EURCAD,1.46951,1.4695500000000001,1.46946,1.4694800000000001,128.0
2024-03-27 21:05:00,FX:EURCAD,1.4694800000000001,1.4695500000000001,1.46943,1.46947,83.0
2024-03-27 21:06:00,FX:EURCAD,1.46947,1.4695200000000002,1.46944,1.46949,66.0
2024-03-27 21:07:00,FX:EURCAD,1.46949,1.46963,1.46949,1.46963,66.0
2024-03-27 21:08:00,FX:EURCAD,1.46963,1.46964,1.46958,1.46964,36.0
2024-03-27 21:09:00,FX:EURCAD,1.46964,1.46964,1.46953,1.46953,59.0
2024-03-27 21:10:00,FX:EURCAD,1.46953,1.46961,1.4695,1.46958,53.0
2024-03-27 21:11:00,FX:EURCAD,1.46958,1.46959,1.46949,1.46949,19.0
2024-03-27 21:12:00,FX:EURCAD,1.46949,1.46959,1.4694800000000001,1.46956,39.0
2024-03-27 21:13:00,FX:EURCAD,1.46956,1.46978,1.4695500000000001,1.46978,76.0
2024-03-27 21:14:00,FX:EURCAD,1.46978,1.46978,1.46974,1.4697500000000001,26.0
2024-03-27 21:15:00,FX:EURCAD,1.4697500000000001,1.4698200000000001,1.46974,1.46974,163.0
2024-03-27 21:16:00,FX:EURCAD,1.46974,1.46977,1.46961,1.4696500000000001,133.0
2024-03-27 21:17:00,FX:EURCAD,1.4696500000000001,1.4696900000000002,1.4696200000000001,1.4696200000000001,91.0
2024-03-27 21:18:00,FX:EURCAD,1.4696200000000001,1.4696200000000001,1.46951,1.46956,133.0
2024-03-27 21:19:00,FX:EURCAD,1.46956,1.46957,1.46953,1.46956,90.0
2024-03-27 21:20:00,FX:EURCAD,1.46956,1.46961,1.46953,1.46959,103.0
2024-03-27 21:21:00,FX:EURCAD,1.46959,1.46964,1.4695500000000001,1.46958,92.0
2024-03-27 21:22:00,FX:EURCAD,1.46958,1.4696,1.4695200000000002,1.46954,63.0
2024-03-27 21:23:00,FX:EURCAD,1.46954,1.46957,1.4694800000000001,1.4695200000000002,33.0
2024-03-27 21:24:00,FX:EURCAD,1.4695200000000002,1.46956,1.4695,1.46954,45.0
2024-03-27 21:25:00,FX:EURCAD,1.46954,1.46954,1.4694500000000001,1.4695,35.0
2024-03-27 21:26:00,FX:EURCAD,1.4695,1.4695,1.46943,1.46946,75.0
2024-03-27 21:27:00,FX:EURCAD,1.46946,1.46954,1.46946,1.46946,83.0
2024-03-27 21:28:00,FX:EURCAD,1.46946,1.46956,1.46946,1.4695200000000002,72.0
2024-03-27 21:29:00,FX:EURCAD,1.4695200000000002,1.46958,1.46951,1.46954,66.0
2024-03-27 21:30:00,FX:EURCAD,1.46954,1.46959,1.4695,1.46954,108.0
2024-03-27 21:31:00,FX:EURCAD,1.46954,1.46957,1.46946,1.4695,161.0
2024-03-27 21:32:00,FX:EURCAD,1.4695,1.4695,1.46936,1.46946,167.0
2024-03-27 21:33:00,FX:EURCAD,1.46946,1.46951,1.46942,1.46946,98.0
2024-03-27 21:34:00,FX:EURCAD,1.46946,1.46947,1.46937,1.46944,92.0
2024-03-27 21:35:00,FX:EURCAD,1.46944,1.46947,1.46937,1.46947,127.0
2024-03-27 21:36:00,FX:EURCAD,1.46947,1.46947,1.46939,1.46941,129.0
2024-03-27 21:37:00,FX:EURCAD,1.46941,1.4694800000000001,1.4694,1.46943,115.0
2024-03-27 21:38:00,FX:EURCAD,1.46943,1.4695,1.46939,1.4694500000000001,135.0
2024-03-27 21:39:00,FX:EURCAD,1.4694500000000001,1.46946,1.46939,1.46943,132.0
2024-03-27 21:40:00,FX:EURCAD,1.46943,1.4695200000000002,1.46943,1.46947,86.0
2024-03-27 21:41:00,FX:EURCAD,1.46947,1.4695500000000001,1.46946,1.46953,148.0
2024-03-27 21:42:00,FX:EURCAD,1.46953,1.46959,1.46947,1.46953,155.0
2024-03-27 21:43:00,FX:EURCAD,1.46953,1.46956,1.46949,1.46953,124.0
2024-03-27 21:44:00,FX:EURCAD,1.46953,1.46956,1.46944,1.4695,117.0
2024-03-27 21:45:00,FX:EURCAD,1.4695,1.4696,1.4694800000000001,1.46958,132.0
2024-03-27 21:46:00,FX:EURCAD,1.46958,1.46959,1.4694500000000001,1.4694500000000001,117.0
2024-03-27 21:47:00,FX:EURCAD,1.4694500000000001,1.46957,1.4694500000000001,1.46951,138.0
2024-03-27 21:48:00,FX:EURCAD,1.46951,1.4695200000000002,1.46936,1.4693800000000001,145.0
2024-03-27 21:49:00,FX:EURCAD,1.4693800000000001,1.46943,1.46934,1.46941,151.0
2024-03-27 21:50:00,FX:EURCAD,1.46941,1.46942,1.46927,1.46929,109.0
2024-03-27 21:51:00,FX:EURCAD,1.46929,1.46933,1.46924,1.46926,113.0
2024-03-27 21:52:00,FX:EURCAD,1.46926,1.46936,1.46925,1.46936,73.0
2024-03-27 21:53:00,FX:EURCAD,1.46936,1.46941,1.46932,1.4693800000000001,111.0
2024-03-27 21:54:00,FX:EURCAD,1.4693800000000001,1.46941,1.4693,1.46934,75.0
2024-03-27 21:55:00,FX:EURCAD,1.46934,1.46942,1.46934,1.46942,77.0
2024-03-27 21:56:00,FX:EURCAD,1.46942,1.46949,1.46936,1.46949,99.0
2024-03-27 21:57:00,FX:EURCAD,1.46949,1.46956,1.46946,1.46956,83.0
2024-03-27 21:58:00,FX:EURCAD,1.46956,1.4696,1.46953,1.46956,79.0
2024-03-27 21:59:00,FX:EURCAD,1.46956,1.4696,1.46954,1.46957,169.0
2024-03-27 22:00:00,FX:EURCAD,1.46957,1.46961,1.46954,1.46959,173.0
2024-03-27 22:01:00,FX:EURCAD,1.46959,1.4696,1.46954,1.46956,121.0
2024-03-27 22:02:00,FX:EURCAD,1.46956,1.46959,1.46947,1.46954,121.0
2024-03-27 22:03:00,FX:EURCAD,1.46954,1.46957,1.4695,1.4695200000000002,98.0
2024-03-27 22:04:00,FX:EURCAD,1.4695200000000002,1.46961,1.46951,1.46958,129.0
2024-03-27 22:05:00,FX:EURCAD,1.46958,1.46963,1.46956,1.4696,85.0
2024-03-27 22:06:00,FX:EURCAD,1.4696,1.46961,1.4695500000000001,1.46957,130.0
2024-03-27 22:07:00,FX:EURCAD,1.46957,1.46958,1.4694500000000001,1.4694500000000001,77.0
2024-03-27 22:08:00,FX:EURCAD,1.4694500000000001,1.46946,1.46939,1.46944,80.0
2024-03-27 22:09:00,FX:EURCAD,1.46944,1.46949,1.46943,1.4694500000000001,64.0
2024-03-27 22:10:00,FX:EURCAD,1.4694500000000001,1.4694500000000001,1.46941,1.46943,58.0
2024-03-27 22:11:00,FX:EURCAD,1.46943,1.46943,1.46932,1.46937,87.0
2024-03-27 22:12:00,FX:EURCAD,1.46937,1.46944,1.4691800000000002,1.46922,138.0
2024-03-27 22:13:00,FX:EURCAD,1.46922,1.46924,1.46886,1.46893,221.0
2024-03-27 22:14:00,FX:EURCAD,1.46893,1.4689400000000001,1.46872,1.46878,179.0
2024-03-27 22:15:00,FX:EURCAD,1.46878,1.4688700000000001,1.46873,1.4688700000000001,217.0
2024-03-27 22:16:00,FX:EURCAD,1.4688700000000001,1.46903,1.4688400000000001,1.4690100000000001,134.0
2024-03-27 22:17:00,FX:EURCAD,1.4690100000000001,1.46906,1.4690100000000001,1.46902,67.0
2024-03-27 22:18:00,FX:EURCAD,1.46902,1.46905,1.46893,1.46898,72.0
2024-03-27 22:19:00,FX:EURCAD,1.46898,1.4691400000000001,1.46898,1.46912,119.0
2024-03-27 22:20:00,FX:EURCAD,1.46912,1.46912,1.46905,1.46907,92.0
2024-03-27 22:21:00,FX:EURCAD,1.46907,1.4690800000000002,1.469,1.469,128.0
2024-03-27 22:22:00,FX:EURCAD,1.469,1.46916,1.469,1.4691100000000001,162.0
2024-03-27 22:23:00,FX:EURCAD,1.4691100000000001,1.4692,1.4691,1.46919,97.0
2024-03-27 22:24:00,FX:EURCAD,1.46919,1.46919,1.46896,1.46909,172.0
2024-03-27 22:25:00,FX:EURCAD,1.46909,1.46915,1.46905,1.46913,98.0
2024-03-27 22:26:00,FX:EURCAD,1.46913,1.46924,1.46913,1.46916,78.0
2024-03-27 22:27:00,FX:EURCAD,1.46916,1.46917,1.46906,1.46906,68.0
2024-03-27 22:28:00,FX:EURCAD,1.46906,1.46906,1.4690100000000001,1.46906,48.0
2024-03-27 22:29:00,FX:EURCAD,1.46906,1.46913,1.46905,1.46912,44.0
2024-03-27 22:30:00,FX:EURCAD,1.46912,1.4692800000000001,1.46905,1.46917,143.0
2024-03-27 22:31:00,FX:EURCAD,1.46917,1.46924,1.46913,1.4691400000000001,121.0
2024-03-27 22:32:00,FX:EURCAD,1.4691400000000001,1.4692,1.4691100000000001,1.46916,100.0
2024-03-27 22:33:00,FX:EURCAD,1.46916,1.46922,1.4691400000000001,1.46917,65.0
2024-03-27 22:34:00,FX:EURCAD,1.46917,1.46919,1.46912,1.46915,62.0
2024-03-27 22:35:00,FX:EURCAD,1.46915,1.46917,1.46907,1.46913,70.0
2024-03-27 22:36:00,FX:EURCAD,1.46913,1.4691800000000002,1.4690800000000002,1.46915,144.0
2024-03-27 22:37:00,FX:EURCAD,1.46915,1.46919,1.46912,1.46915,57.0
2024-03-27 22:38:00,FX:EURCAD,1.46915,1.46915,1.46903,1.46912,92.0
2024-03-27 22:39:00,FX:EURCAD,1.46912,1.46915,1.46906,1.46909,84.0
2024-03-27 22:40:00,FX:EURCAD,1.46909,1.4691800000000002,1.4690100000000001,1.46913,110.0
2024-03-27 22:41:00,FX:EURCAD,1.46913,1.46913,1.4690800000000002,1.4691,60.0
2024-03-27 22:42:00,FX:EURCAD,1.4691,1.46913,1.46906,1.46912,55.0
2024-03-27 22:43:00,FX:EURCAD,1.46912,1.46912,1.46903,1.46903,43.0
2024-03-27 22:44:00,FX:EURCAD,1.46903,1.46909,1.46896,1.4690800000000002,57.0
2024-03-27 22:45:00,FX:EURCAD,1.4690800000000002,1.4691100000000001,1.46899,1.4690400000000001,87.0
2024-03-27 22:46:00,FX:EURCAD,1.4690400000000001,1.4691100000000001,1.46899,1.4691100000000001,63.0
2024-03-27 22:47:00,FX:EURCAD,1.4691100000000001,1.46915,1.46902,1.46906,87.0
2024-03-27 22:48:00,FX:EURCAD,1.46906,1.46912,1.46902,1.46909,84.0
2024-03-27 22:49:00,FX:EURCAD,1.46909,1.46912,1.46902,1.46912,105.0
2024-03-27 22:50:00,FX:EURCAD,1.46912,1.4691800000000002,1.46906,1.46912,148.0
2024-03-27 22:51:00,FX:EURCAD,1.46912,1.46916,1.4690400000000001,1.4690800000000002,107.0
2024-03-27 22:52:00,FX:EURCAD,1.4690800000000002,1.46909,1.469,1.4690800000000002,132.0
2024-03-27 22:53:00,FX:EURCAD,1.4690800000000002,1.46912,1.46903,1.4691,81.0
2024-03-27 22:54:00,FX:EURCAD,1.4691,1.46923,1.4690800000000002,1.4692100000000001,109.0
2024-03-27 22:55:00,FX:EURCAD,1.4692100000000001,1.46925,1.4691100000000001,1.4691400000000001,81.0
2024-03-27 22:56:00,FX:EURCAD,1.4691400000000001,1.46923,1.4691,1.46915,111.0
2024-03-27 22:57:00,FX:EURCAD,1.46915,1.46915,1.46902,1.46912,124.0
2024-03-27 22:58:00,FX:EURCAD,1.46912,1.46917,1.46909,1.46912,107.0
2024-03-27 22:59:00,FX:EURCAD,1.46912,1.4692,1.4690800000000002,1.4691800000000002,138.0
2024-03-27 23:00:00,FX:EURCAD,1.4691800000000002,1.46925,1.46913,1.46925,117.0
2024-03-27 23:01:00,FX:EURCAD,1.46925,1.46927,1.46917,1.46924,187.0
2024-03-27 23:02:00,FX:EURCAD,1.46924,1.46925,1.46919,1.46922,60.0
2024-03-27 23:03:00,FX:EURCAD,1.46922,1.46922,1.46915,1.46919,46.0
2024-03-27 23:04:00,FX:EURCAD,1.46919,1.46923,1.46917,1.4692100000000001,88.0
2024-03-27 23:05:00,FX:EURCAD,1.4692100000000001,1.46923,1.46919,1.46923,88.0
2024-03-27 23:06:00,FX:EURCAD,1.46923,1.46925,1.4692,1.46925,72.0
2024-03-27 23:07:00,FX:EURCAD,1.46925,1.46934,1.46922,1.4693100000000001,141.0
2024-03-27 23:08:00,FX:EURCAD,1.4693100000000001,1.4693500000000002,1.4692100000000001,1.46925,168.0
2024-03-27 23:09:00,FX:EURCAD,1.46925,1.4692800000000001,1.46922,1.46926,45.0
2024-03-27 23:10:00,FX:EURCAD,1.46926,1.46929,1.46922,1.46923,38.0
2024-03-27 23:11:00,FX:EURCAD,1.46923,1.46929,1.4692100000000001,1.46924,70.0
2024-03-27 23:12:00,FX:EURCAD,1.46924,1.46927,1.46924,1.46924,37.0
2024-03-27 23:13:00,FX:EURCAD,1.46924,1.46925,1.4692,1.46922,61.0
2024-03-27 23:14:00,FX:EURCAD,1.46922,1.46934,1.46922,1.4693100000000001,93.0
2024-03-27 23:15:00,FX:EURCAD,1.4693100000000001,1.46933,1.46922,1.46924,81.0
2024-03-27 23:16:00,FX:EURCAD,1.46924,1.46927,1.46922,1.46924,36.0
2024-03-27 23:17:00,FX:EURCAD,1.46924,1.4692800000000001,1.4691800000000002,1.46919,43.0
2024-03-27 23:18:00,FX:EURCAD,1.46919,1.46919,1.46909,1.4691800000000002,71.0
2024-03-27 23:19:00,FX:EURCAD,1.4691800000000002,1.46922,1.4691400000000001,1.4692,90.0
2024-03-27 23:20:00,FX:EURCAD,1.4692,1.46927,1.46912,1.46924,88.0
2024-03-27 23:21:00,FX:EURCAD,1.46924,1.46925,1.46912,1.46922,141.0
2024-03-27 23:22:00,FX:EURCAD,1.46922,1.46922,1.4691100000000001,1.46912,87.0
2024-03-27 23:23:00,FX:EURCAD,1.46912,1.4691400000000001,1.46909,1.46909,64.0
2024-03-27 23:24:00,FX:EURCAD,1.46909,1.46912,1.4690100000000001,1.46902,75.0
2024-03-27 23:25:00,FX:EURCAD,1.46902,1.46916,1.4690100000000001,1.46913,61.0
2024-03-27 23:26:00,FX:EURCAD,1.46913,1.46917,1.4691,1.46916,96.0
2024-03-27 23:27:00,FX:EURCAD,1.46916,1.4692100000000001,1.4691100000000001,1.46913,97.0
2024-03-27 23:28:00,FX:EURCAD,1.46913,1.4692,1.4691100000000001,1.4691100000000001,76.0
2024-03-27 23:29:00,FX:EURCAD,1.4691100000000001,1.4692,1.4691100000000001,1.4691800000000002,100.0
2024-03-27 23:30:00,FX:EURCAD,1.4691800000000002,1.4691800000000002,1.46913,1.4691400000000001,43.0
2024-03-27 23:31:00,FX:EURCAD,1.4691400000000001,1.46915,1.46903,1.4690400000000001,39.0
2024-03-27 23:32:00,FX:EURCAD,1.4690400000000001,1.46913,1.46902,1.46909,25.0
2024-03-27 23:33:00,FX:EURCAD,1.46909,1.46913,1.4690400000000001,1.4691100000000001,48.0
2024-03-27 23:34:00,FX:EURCAD,1.4691100000000001,1.4691800000000002,1.4691100000000001,1.46915,64.0
2024-03-27 23:35:00,FX:EURCAD,1.46915,1.4692,1.4691,1.46913,84.0
2024-03-27 23:36:00,FX:EURCAD,1.46913,1.4691800000000002,1.46909,1.46916,48.0
2024-03-27 23:37:00,FX:EURCAD,1.46916,1.46917,1.4691400000000001,1.46915,52.0
2024-03-27 23:38:00,FX:EURCAD,1.46915,1.46916,1.4691,1.4691400000000001,31.0
2024-03-27 23:39:00,FX:EURCAD,1.4691400000000001,1.46916,1.4691,1.46913,66.0
2024-03-27 23:40:00,FX:EURCAD,1.46913,1.46927,1.46913,1.46927,90.0
2024-03-27 23:41:00,FX:EURCAD,1.46927,1.46929,1.46922,1.46925,85.0
2024-03-27 23:42:00,FX:EURCAD,1.46925,1.4693500000000002,1.46924,1.46933,68.0
2024-03-27 23:43:00,FX:EURCAD,1.46933,1.46937,1.46925,1.4693100000000001,101.0
2024-03-27 23:44:00,FX:EURCAD,1.4693100000000001,1.46937,1.4693100000000001,1.46933,56.0
2024-03-27 23:45:00,FX:EURCAD,1.46933,1.46934,1.46927,1.46927,56.0
2024-03-27 23:46:00,FX:EURCAD,1.46927,1.46927,1.46924,1.46924,32.0
2024-03-27 23:47:00,FX:EURCAD,1.46924,1.46929,1.46915,1.46924,106.0
2024-03-27 23:48:00,FX:EURCAD,1.46924,1.46925,1.46915,1.4691800000000002,112.0
2024-03-27 23:49:00,FX:EURCAD,1.4691800000000002,1.46926,1.46915,1.46922,94.0
2024-03-27 23:50:00,FX:EURCAD,1.46922,1.46927,1.4692,1.4692100000000001,77.0
2024-03-27 23:51:00,FX:EURCAD,1.4692100000000001,1.4693,1.46916,1.4693,91.0
2024-03-27 23:52:00,FX:EURCAD,1.4693,1.4693,1.4692,1.46926,64.0
2024-03-27 23:53:00,FX:EURCAD,1.46926,1.46927,1.4692100000000001,1.46924,50.0
2024-03-27 23:54:00,FX:EURCAD,1.46924,1.46927,1.4692,1.46925,58.0
2024-03-27 23:55:00,FX:EURCAD,1.46925,1.46936,1.46922,1.46936,70.0
2024-03-27 23:56:00,FX:EURCAD,1.46936,1.46937,1.46932,1.4693500000000002,27.0
2024-03-27 23:57:00,FX:EURCAD,1.4693500000000002,1.4694,1.46934,1.46934,43.0
2024-03-27 23:58:00,FX:EURCAD,1.46934,1.46937,1.46932,1.46937,31.0
2024-03-27 23:59:00,FX:EURCAD,1.46937,1.4693800000000001,1.4693100000000001,1.46933,73.0
2024-03-28 00:00:00,FX:EURCAD,1.46933,1.46936,1.46923,1.4693500000000002,104.0
2024-03-28 00:01:00,FX:EURCAD,1.4693500000000002,1.46936,1.4692800000000001,1.4692800000000001,46.0
2024-03-28 00:02:00,FX:EURCAD,1.4692800000000001,1.46932,1.46922,1.46927,67.0
2024-03-28 00:03:00,FX:EURCAD,1.46927,1.46939,1.46927,1.46939,50.0
2024-03-28 00:04:00,FX:EURCAD,1.46939,1.46943,1.46933,1.46936,112.0
2024-03-28 00:05:00,FX:EURCAD,1.46936,1.4693800000000001,1.46933,1.46937,48.0
2024-03-28 00:06:00,FX:EURCAD,1.46937,1.4693800000000001,1.46934,1.46936,29.0
2024-03-28 00:07:00,FX:EURCAD,1.46936,1.46937,1.4693100000000001,1.4693500000000002,42.0
2024-03-28 00:08:00,FX:EURCAD,1.4693500000000002,1.4693500000000002,1.46929,1.46929,59.0
2024-03-28 00:09:00,FX:EURCAD,1.46929,1.4693500000000002,1.4692800000000001,1.4693100000000001,34.0
2024-03-28 00:10:00,FX:EURCAD,1.4693100000000001,1.46934,1.46925,1.4693,80.0
2024-03-28 00:11:00,FX:EURCAD,1.4693,1.46933,1.46925,1.46933,34.0
2024-03-28 00:12:00,FX:EURCAD,1.46933,1.46933,1.4692100000000001,1.46923,70.0
2024-03-28 00:13:00,FX:EURCAD,1.46923,1.46929,1.46922,1.46927,53.0
2024-03-28 00:14:00,FX:EURCAD,1.46927,1.4693500000000002,1.46922,1.4693100000000001,99.0
2024-03-28 00:15:00,FX:EURCAD,1.4693100000000001,1.46934,1.46925,1.46926,67.0
2024-03-28 00:16:00,FX:EURCAD,1.46926,1.46934,1.46926,1.4693100000000001,57.0
2024-03-28 00:17:00,FX:EURCAD,1.4693100000000001,1.46939,1.46929,1.46936,83.0
2024-03-28 00:18:00,FX:EURCAD,1.46936,1.46941,1.4693,1.46939,36.0
2024-03-28 00:19:00,FX:EURCAD,1.46939,1.4694,1.4693,1.46936,27.0
2024-03-28 00:20:00,FX:EURCAD,1.46936,1.46944,1.46925,1.46943,77.0
2024-03-28 00:21:00,FX:EURCAD,1.46943,1.46943,1.46936,1.46936,37.0
2024-03-28 00:22:00,FX:EURCAD,1.46936,1.4694,1.4693,1.4693100000000001,28.0
2024-03-28 00:23:00,FX:EURCAD,1.4693100000000001,1.46934,1.46922,1.46925,44.0
2024-03-28 00:24:00,FX:EURCAD,1.46925,1.4693100000000001,1.46924,1.46924,32.0
2024-03-28 00:25:00,FX:EURCAD,1.46924,1.46933,1.46924,1.46929,38.0
2024-03-28 00:26:00,FX:EURCAD,1.46929,1.4693500000000002,1.46925,1.46933,106.0
2024-03-28 00:27:00,FX:EURCAD,1.46933,1.46939,1.46924,1.46924,59.0
2024-03-28 00:28:00,FX:EURCAD,1.46924,1.4693,1.46924,1.46927,40.0
2024-03-28 00:29:00,FX:EURCAD,1.46927,1.4693100000000001,1.46926,1.46929,66.0
2024-03-28 00:30:00,FX:EURCAD,1.46929,1.4693,1.46923,1.46927,61.0
2024-03-28 00:31:00,FX:EURCAD,1.46927,1.46932,1.46923,1.4692800000000001,50.0
2024-03-28 00:32:00,FX:EURCAD,1.4692800000000001,1.46929,1.46924,1.4692800000000001,35.0
2024-03-28 00:33:00,FX:EURCAD,1.4692800000000001,1.46933,1.46924,1.46933,44.0
2024-03-28 00:34:00,FX:EURCAD,1.46933,1.46933,1.46926,1.46932,33.0
2024-03-28 00:35:00,FX:EURCAD,1.46932,1.46934,1.4692,1.4692,68.0
2024-03-28 00:36:00,FX:EURCAD,1.4692,1.4692800000000001,1.4692,1.46922,31.0
2024-03-28 00:37:00,FX:EURCAD,1.46922,1.46925,1.4692,1.46923,46.0
2024-03-28 00:38:00,FX:EURCAD,1.46923,1.46926,1.46923,1.46925,38.0
2024-03-28 00:39:00,FX:EURCAD,1.46925,1.46925,1.46916,1.46919,80.0
2024-03-28 00:40:00,FX:EURCAD,1.46919,1.46927,1.46919,1.46927,29.0
2024-03-28 00:41:00,FX:EURCAD,1.46927,1.4693500000000002,1.4692100000000001,1.46922,72.0
2024-03-28 00:42:00,FX:EURCAD,1.46922,1.46927,1.4692,1.46924,49.0
2024-03-28 00:43:00,FX:EURCAD,1.46924,1.46929,1.46923,1.4692800000000001,34.0
2024-03-28 00:44:00,FX:EURCAD,1.4692800000000001,1.4693,1.46923,1.46924,38.0
2024-03-28 00:45:00,FX:EURCAD,1.46924,1.46933,1.46919,1.46932,72.0
2024-03-28 00:46:00,FX:EURCAD,1.46932,1.46936,1.46927,1.46936,58.0
2024-03-28 00:47:00,FX:EURCAD,1.46936,1.46939,1.4693500000000002,1.4693500000000002,41.0
2024-03-28 00:48:00,FX:EURCAD,1.4693500000000002,1.46936,1.46932,1.46933,23.0
2024-03-28 00:49:00,FX:EURCAD,1.46933,1.46934,1.4693,1.46933,8.0
2024-03-28 00:50:00,FX:EURCAD,1.46933,1.4693500000000002,1.46932,1.46933,29.0
2024-03-28 00:51:00,FX:EURCAD,1.46933,1.4693800000000001,1.46932,1.4693800000000001,28.0
2024-03-28 00:52:00,FX:EURCAD,1.4693800000000001,1.46942,1.46937,1.46942,28.0
2024-03-28 00:53:00,FX:EURCAD,1.46942,1.46942,1.4693800000000001,1.46939,41.0
2024-03-28 00:54:00,FX:EURCAD,1.46939,1.46941,1.4693800000000001,1.46939,23.0
2024-03-28 00:55:00,FX:EURCAD,1.46939,1.46939,1.4693,1.4693100000000001,34.0
2024-03-28 00:56:00,FX:EURCAD,1.4693100000000001,1.46936,1.4693100000000001,1.46934,51.0
2024-03-28 00:57:00,FX:EURCAD,1.46934,1.46939,1.46933,1.46937,24.0
2024-03-28 00:58:00,FX:EURCAD,1.46937,1.46937,1.46933,1.4693500000000002,27.0
2024-03-28 00:59:00,FX:EURCAD,1.4693500000000002,1.4693500000000002,1.46929,1.46929,71.0
2024-03-28 01:00:00,FX:EURCAD,1.46929,1.46932,1.4692800000000001,1.4692800000000001,72.0
2024-03-28 01:01:00,FX:EURCAD,1.4692800000000001,1.46939,1.4692800000000001,1.4693800000000001,64.0
2024-03-28 01:02:00,FX:EURCAD,1.4693800000000001,1.4693800000000001,1.4692800000000001,1.4693,49.0
2024-03-28 01:03:00,FX:EURCAD,1.4693,1.4693100000000001,1.46917,1.46922,86.0
2024-03-28 01:04:00,FX:EURCAD,1.46922,1.46926,1.46919,1.46923,92.0
2024-03-28 01:05:00,FX:EURCAD,1.46923,1.46926,1.46919,1.46922,94.0
2024-03-28 01:06:00,FX:EURCAD,1.46922,1.4692800000000001,1.4691800000000002,1.46922,82.0
2024-03-28 01:07:00,FX:EURCAD,1.46922,1.46924,1.4691800000000002,1.46924,54.0
2024-03-28 01:08:00,FX:EURCAD,1.46924,1.46925,1.4692100000000001,1.46922,35.0
2024-03-28 01:09:00,FX:EURCAD,1.46922,1.46927,1.4692,1.46922,67.0
2024-03-28 01:10:00,FX:EURCAD,1.46922,1.46925,1.4692,1.46922,70.0
2024-03-28 01:11:00,FX:EURCAD,1.46922,1.46925,1.4692,1.46923,69.0
2024-03-28 01:12:00,FX:EURCAD,1.46923,1.46923,1.4692100000000001,1.4692100000000001,43.0
2024-03-28 01:13:00,FX:EURCAD,1.4692100000000001,1.4693,1.4692100000000001,1.46924,47.0
2024-03-28 01:14:00,FX:EURCAD,1.46924,1.46927,1.46923,1.46924,31.0
2024-03-28 01:15:00,FX:EURCAD,1.46924,1.4693100000000001,1.46924,1.46927,38.0
2024-03-28 01:16:00,FX:EURCAD,1.46927,1.46929,1.46925,1.4692800000000001,16.0
2024-03-28 01:17:00,FX:EURCAD,1.4692800000000001,1.46932,1.46923,1.46923,35.0
2024-03-28 01:18:00,FX:EURCAD,1.46923,1.4693,1.46923,1.46925,19.0
2024-03-28 01:19:00,FX:EURCAD,1.46925,1.46933,1.46925,1.46932,87.0
2024-03-28 01:20:00,FX:EURCAD,1.46932,1.46941,1.4693,1.46937,45.0
2024-03-28 01:21:00,FX:EURCAD,1.46937,1.46937,1.4693100000000001,1.4693100000000001,59.0
2024-03-28 01:22:00,FX:EURCAD,1.4693100000000001,1.4693500000000002,1.46927,1.46929,64.0
2024-03-28 01:23:00,FX:EURCAD,1.46929,1.46933,1.46926,1.4693,69.0
2024-03-28 01:24:00,FX:EURCAD,1.4693,1.4693100000000001,1.46925,1.4693100000000001,65.0
2024-03-28 01:25:00,FX:EURCAD,1.4693100000000001,1.46932,1.4692800000000001,1.4693,38.0
2024-03-28 01:26:00,FX:EURCAD,1.4693,1.46934,1.4692800000000001,1.4693100000000001,53.0
2024-03-28 01:27:00,FX:EURCAD,1.4693100000000001,1.46932,1.46929,1.4693100000000001,85.0
2024-03-28 01:28:00,FX:EURCAD,1.4693100000000001,1.46937,1.4692800000000001,1.46934,56.0
2024-03-28 01:29:00,FX:EURCAD,1.46934,1.4694,1.46934,1.4693800000000001,77.0
2024-03-28 01:30:00,FX:EURCAD,1.4693800000000001,1.4693800000000001,1.4693,1.46932,61.0
2024-03-28 01:31:00,FX:EURCAD,1.46932,1.46939,1.4693,1.46933,93.0
2024-03-28 01:32:00,FX:EURCAD,1.46933,1.46939,1.46933,1.46937,72.0
2024-03-28 01:33:00,FX:EURCAD,1.46937,1.4693800000000001,1.4693100000000001,1.46937,119.0
2024-03-28 01:34:00,FX:EURCAD,1.46937,1.46947,1.46936,1.46944,122.0
2024-03-28 01:35:00,FX:EURCAD,1.46944,1.4694800000000001,1.46936,1.4694800000000001,118.0
2024-03-28 01:36:00,FX:EURCAD,1.4694800000000001,1.4695,1.46946,1.46946,101.0
2024-03-28 01:37:00,FX:EURCAD,1.46946,1.4695500000000001,1.46946,1.4695500000000001,63.0
2024-03-28 01:38:00,FX:EURCAD,1.4695500000000001,1.46961,1.46951,1.46959,98.0
2024-03-28 01:39:00,FX:EURCAD,1.46959,1.46963,1.46957,1.46961,67.0
2024-03-28 01:40:00,FX:EURCAD,1.46961,1.46961,1.46954,1.4695500000000001,83.0
2024-03-28 01:41:00,FX:EURCAD,1.4695500000000001,1.4696,1.46953,1.4696,71.0
2024-03-28 01:42:00,FX:EURCAD,1.4696,1.46964,1.46954,1.46959,126.0
2024-03-28 01:43:00,FX:EURCAD,1.46959,1.4696200000000001,1.4695200000000002,1.4695200000000002,62.0
2024-03-28 01:44:00,FX:EURCAD,1.4695200000000002,1.46954,1.46946,1.4694800000000001,71.0
2024-03-28 01:45:00,FX:EURCAD,1.4694800000000001,1.46959,1.46947,1.46949,83.0
2024-03-28 01:46:00,FX:EURCAD,1.46949,1.4695500000000001,1.4694800000000001,1.46951,80.0
2024-03-28 01:47:00,FX:EURCAD,1.46951,1.46957,1.4695,1.46956,46.0
2024-03-28 01:48:00,FX:EURCAD,1.46956,1.4696500000000001,1.46951,1.4696200000000001,61.0
2024-03-28 01:49:00,FX:EURCAD,1.4696200000000001,1.46966,1.46957,1.46964,83.0
2024-03-28 01:50:00,FX:EURCAD,1.46964,1.46971,1.4696200000000001,1.46964,128.0
2024-03-28 01:51:00,FX:EURCAD,1.46964,1.4696900000000002,1.4696,1.46964,90.0
2024-03-28 01:52:00,FX:EURCAD,1.46964,1.46983,1.46964,1.4698200000000001,113.0
2024-03-28 01:53:00,FX:EURCAD,1.4698200000000001,1.46985,1.4697500000000001,1.4698200000000001,163.0
2024-03-28 01:54:00,FX:EURCAD,1.4698200000000001,1.46984,1.46976,1.46981,90.0
2024-03-28 01:55:00,FX:EURCAD,1.46981,1.4698200000000001,1.46966,1.46966,102.0
2024-03-28 01:56:00,FX:EURCAD,1.46966,1.4696900000000002,1.46959,1.4696500000000001,116.0
2024-03-28 01:57:00,FX:EURCAD,1.4696500000000001,1.46967,1.4696200000000001,1.46964,95.0
2024-03-28 01:58:00,FX:EURCAD,1.46964,1.46973,1.46958,1.46973,141.0
2024-03-28 01:59:00,FX:EURCAD,1.46973,1.46976,1.4696900000000002,1.4697200000000001,137.0
2024-03-28 02:00:00,FX:EURCAD,1.4697200000000001,1.46981,1.4697,1.46973,175.0
2024-03-28 02:01:00,FX:EURCAD,1.46973,1.46978,1.46971,1.46976,154.0
2024-03-28 02:02:00,FX:EURCAD,1.46976,1.46978,1.46963,1.46974,159.0
2024-03-28 02:03:00,FX:EURCAD,1.46974,1.4697500000000001,1.4696200000000001,1.4697500000000001,99.0
2024-03-28 02:04:00,FX:EURCAD,1.4697500000000001,1.46977,1.46964,1.46968,101.0
2024-03-28 02:05:00,FX:EURCAD,1.46968,1.46968,1.46957,1.4696500000000001,169.0
2024-03-28 02:06:00,FX:EURCAD,1.4696500000000001,1.4696500000000001,1.46949,1.46954,142.0
2024-03-28 02:07:00,FX:EURCAD,1.46954,1.46958,1.4694800000000001,1.46954,117.0
2024-03-28 02:08:00,FX:EURCAD,1.46954,1.46961,1.4695200000000002,1.46957,131.0
2024-03-28 02:09:00,FX:EURCAD,1.46957,1.46958,1.46954,1.46954,85.0
2024-03-28 02:10:00,FX:EURCAD,1.46954,1.46956,1.46946,1.46946,25.0
2024-03-28 02:11:00,FX:EURCAD,1.46946,1.46956,1.46946,1.46953,84.0
2024-03-28 02:12:00,FX:EURCAD,1.46953,1.46958,1.4695200000000002,1.46957,89.0
2024-03-28 02:13:00,FX:EURCAD,1.46957,1.46959,1.4695200000000002,1.46956,100.0
2024-03-28 02:14:00,FX:EURCAD,1.46956,1.46961,1.46953,1.46954,128.0
2024-03-28 02:15:00,FX:EURCAD,1.46954,1.46959,1.46944,1.46944,86.0
2024-03-28 02:16:00,FX:EURCAD,1.46944,1.46951,1.4693800000000001,1.46946,109.0
2024-03-28 02:17:00,FX:EURCAD,1.46946,1.46956,1.46943,1.46953,97.0
2024-03-28 02:18:00,FX:EURCAD,1.46953,1.46956,1.46944,1.46949,115.0
2024-03-28 02:19:00,FX:EURCAD,1.46949,1.4695,1.4694,1.46941,70.0
2024-03-28 02:20:00,FX:EURCAD,1.46941,1.46947,1.46937,1.46944,50.0
2024-03-28 02:21:00,FX:EURCAD,1.46944,1.46946,1.4693800000000001,1.46942,89.0
2024-03-28 02:22:00,FX:EURCAD,1.46942,1.4694500000000001,1.46932,1.4693500000000002,70.0
2024-03-28 02:23:00,FX:EURCAD,1.4693500000000002,1.46939,1.46933,1.4693500000000002,58.0
2024-03-28 02:24:00,FX:EURCAD,1.4693500000000002,1.46936,1.4693100000000001,1.46936,108.0
2024-03-28 02:25:00,FX:EURCAD,1.46936,1.46943,1.46932,1.46943,97.0
2024-03-28 02:26:00,FX:EURCAD,1.46943,1.46943,1.4692800000000001,1.46933,106.0
2024-03-28 02:27:00,FX:EURCAD,1.46933,1.4693800000000001,1.4693,1.4693500000000002,103.0
2024-03-28 02:28:00,FX:EURCAD,1.4693500000000002,1.4693800000000001,1.4693,1.46933,84.0
2024-03-28 02:29:00,FX:EURCAD,1.46933,1.4694500000000001,1.46933,1.46934,133.0
2024-03-28 02:30:00,FX:EURCAD,1.46934,1.4694500000000001,1.46933,1.46936,164.0
2024-03-28 02:31:00,FX:EURCAD,1.46936,1.46946,1.46936,1.4694500000000001,101.0
2024-03-28 02:32:00,FX:EURCAD,1.4694500000000001,1.4695500000000001,1.46944,1.46953,71.0
2024-03-28 02:33:00,FX:EURCAD,1.46953,1.46957,1.46942,1.46944,104.0
2024-03-28 02:34:00,FX:EURCAD,1.46944,1.4695200000000002,1.4694,1.46942,123.0
2024-03-28 02:35:00,FX:EURCAD,1.46942,1.46954,1.4694,1.46954,85.0
2024-03-28 02:36:00,FX:EURCAD,1.46954,1.4695500000000001,1.46939,1.46942,84.0
2024-03-28 02:37:00,FX:EURCAD,1.46942,1.4694500000000001,1.4693800000000001,1.46941,161.0
2024-03-28 02:38:00,FX:EURCAD,1.46941,1.4695500000000001,1.46939,1.46953,105.0
2024-03-28 02:39:00,FX:EURCAD,1.46953,1.46954,1.46947,1.46949,96.0
2024-03-28 02:40:00,FX:EURCAD,1.46949,1.4696,1.46947,1.46956,101.0
2024-03-28 02:41:00,FX:EURCAD,1.46956,1.46956,1.46951,1.46954,66.0
2024-03-28 02:42:00,FX:EURCAD,1.46954,1.46957,1.46954,1.4695500000000001,67.0
2024-03-28 02:43:00,FX:EURCAD,1.4695500000000001,1.46964,1.46953,1.4696200000000001,112.0
2024-03-28 02:44:00,FX:EURCAD,1.4696200000000001,1.46966,1.4695,1.4695,103.0
2024-03-28 02:45:00,FX:EURCAD,1.4695,1.4695,1.4692800000000001,1.4693,128.0
2024-03-28 02:46:00,FX:EURCAD,1.4693,1.46932,1.4691,1.46913,142.0
2024-03-28 02:47:00,FX:EURCAD,1.46913,1.46925,1.4691,1.46924,110.0
2024-03-28 02:48:00,FX:EURCAD,1.46924,1.46932,1.46923,1.4693,85.0
2024-03-28 02:49:00,FX:EURCAD,1.4693,1.46932,1.46919,1.46919,91.0
2024-03-28 02:50:00,FX:EURCAD,1.46919,1.46924,1.4691100000000001,1.46924,118.0
2024-03-28 02:51:00,FX:EURCAD,1.46924,1.4693100000000001,1.46922,1.4693,117.0
2024-03-28 02:52:00,FX:EURCAD,1.4693,1.46932,1.4692100000000001,1.4692800000000001,112.0
2024-03-28 02:53:00,FX:EURCAD,1.4692800000000001,1.46932,1.46923,1.46925,59.0
2024-03-28 02:54:00,FX:EURCAD,1.46925,1.46933,1.46923,1.46925,91.0
2024-03-28 02:55:00,FX:EURCAD,1.46925,1.4693800000000001,1.46924,1.46937,44.0
2024-03-28 02:56:00,FX:EURCAD,1.46937,1.46941,1.46937,1.46939,51.0
2024-03-28 02:57:00,FX:EURCAD,1.46939,1.4694,1.46933,1.4693500000000002,52.0
2024-03-28 02:58:00,FX:EURCAD,1.4693500000000002,1.4693800000000001,1.46916,1.46917,164.0
2024-03-28 02:59:00,FX:EURCAD,1.46917,1.46927,1.46915,1.46923,139.0
2024-03-28 03:00:00,FX:EURCAD,1.46923,1.4693100000000001,1.46913,1.4693100000000001,310.0
2024-03-28 03:01:00,FX:EURCAD,1.4693100000000001,1.46933,1.46912,1.46917,143.0
2024-03-28 03:02:00,FX:EURCAD,1.46917,1.46929,1.46915,1.46927,69.0
2024-03-28 03:03:00,FX:EURCAD,1.46927,1.46929,1.46917,1.46924,187.0
2024-03-28 03:04:00,FX:EURCAD,1.46924,1.4695,1.46924,1.46946,163.0
2024-03-28 03:05:00,FX:EURCAD,1.46946,1.46947,1.46936,1.4693800000000001,153.0
2024-03-28 03:06:00,FX:EURCAD,1.4693800000000001,1.4693800000000001,1.4692800000000001,1.4692800000000001,107.0
2024-03-28 03:07:00,FX:EURCAD,1.4692800000000001,1.46934,1.46925,1.4693,207.0
2024-03-28 03:08:00,FX:EURCAD,1.4693,1.46946,1.46926,1.46934,151.0
2024-03-28 03:09:00,FX:EURCAD,1.46934,1.4694,1.4693100000000001,1.46932,58.0
2024-03-28 03:10:00,FX:EURCAD,1.46932,1.46934,1.46927,1.4693100000000001,55.0
2024-03-28 03:11:00,FX:EURCAD,1.4693100000000001,1.4693800000000001,1.46919,1.46933,93.0
2024-03-28 03:12:00,FX:EURCAD,1.46933,1.46933,1.46915,1.4691800000000002,115.0
2024-03-28 03:13:00,FX:EURCAD,1.4691800000000002,1.4691800000000002,1.4690400000000001,1.4690800000000002,129.0
2024-03-28 03:14:00,FX:EURCAD,1.4690800000000002,1.46916,1.46902,1.46909,134.0
2024-03-28 03:15:00,FX:EURCAD,1.46909,1.4692,1.46905,1.46915,110.0
2024-03-28 03:16:00,FX:EURCAD,1.46915,1.4692100000000001,1.46905,1.4691,148.0
2024-03-28 03:17:00,FX:EURCAD,1.4691,1.46912,1.4688700000000001,1.4689,208.0
2024-03-28 03:18:00,FX:EURCAD,1.4689,1.4689,1.46819,1.46824,246.0
2024-03-28 03:19:00,FX:EURCAD,1.46824,1.46839,1.46818,1.46836,239.0
2024-03-28 03:20:00,FX:EURCAD,1.46836,1.46844,1.46825,1.4684000000000001,166.0
2024-03-28 03:21:00,FX:EURCAD,1.4684000000000001,1.46844,1.46829,1.46832,129.0
2024-03-28 03:22:00,FX:EURCAD,1.46832,1.46837,1.46821,1.4683000000000002,160.0
2024-03-28 03:23:00,FX:EURCAD,1.4683000000000002,1.4684300000000001,1.46824,1.46835,171.0
2024-03-28 03:24:00,FX:EURCAD,1.46835,1.46837,1.46821,1.46832,222.0
2024-03-28 03:25:00,FX:EURCAD,1.46832,1.46846,1.46831,1.46846,146.0
2024-03-28 03:26:00,FX:EURCAD,1.46846,1.4684700000000002,1.46834,1.46845,129.0
2024-03-28 03:27:00,FX:EURCAD,1.46845,1.46851,1.46838,1.4684300000000001,137.0
2024-03-28 03:28:00,FX:EURCAD,1.4684300000000001,1.4684300000000001,1.46825,1.46838,128.0
2024-03-28 03:29:00,FX:EURCAD,1.46838,1.4685000000000001,1.46837,1.46842,173.0
2024-03-28 03:30:00,FX:EURCAD,1.46842,1.46854,1.46837,1.4685000000000001,188.0
2024-03-28 03:31:00,FX:EURCAD,1.4685000000000001,1.4685300000000001,1.46841,1.4684300000000001,163.0
2024-03-28 03:32:00,FX:EURCAD,1.4684300000000001,1.4686000000000001,1.46838,1.46838,162.0
2024-03-28 03:33:00,FX:EURCAD,1.46838,1.46846,1.4682600000000001,1.46845,255.0
2024-03-28 03:34:00,FX:EURCAD,1.46845,1.46845,1.46832,1.46834,222.0
2024-03-28 03:35:00,FX:EURCAD,1.46834,1.46851,1.46834,1.46846,209.0
2024-03-28 03:36:00,FX:EURCAD,1.46846,1.4685700000000002,1.46842,1.4685300000000001,104.0
2024-03-28 03:37:00,FX:EURCAD,1.4685300000000001,1.4687000000000001,1.4685300000000001,1.46869,174.0
2024-03-28 03:38:00,FX:EURCAD,1.46869,1.46883,1.46866,1.4687400000000002,185.0
2024-03-28 03:39:00,FX:EURCAD,1.4687400000000002,1.4688,1.46871,1.4687400000000002,166.0
2024-03-28 03:40:00,FX:EURCAD,1.4687400000000002,1.4687700000000001,1.46868,1.46872,137.0
2024-03-28 03:41:00,FX:EURCAD,1.46872,1.46876,1.46868,1.4687000000000001,164.0
2024-03-28 03:42:00,FX:EURCAD,1.4687000000000001,1.46871,1.4685700000000002,1.46863,147.0
2024-03-28 03:43:00,FX:EURCAD,1.46863,1.46871,1.46858,1.46864,124.0
2024-03-28 03:44:00,FX:EURCAD,1.46864,1.46868,1.46859,1.46865,127.0
2024-03-28 03:45:00,FX:EURCAD,1.46865,1.4688,1.46865,1.46878,121.0
2024-03-28 03:46:00,FX:EURCAD,1.46878,1.4688,1.46862,1.4687400000000002,103.0
2024-03-28 03:47:00,FX:EURCAD,1.4687400000000002,1.4687400000000002,1.46863,1.46863,103.0
2024-03-28 03:48:00,FX:EURCAD,1.46863,1.46863,1.46856,1.46856,61.0
2024-03-28 03:49:00,FX:EURCAD,1.46856,1.46858,1.46829,1.46836,201.0
2024-03-28 03:50:00,FX:EURCAD,1.46836,1.4684000000000001,1.46829,1.46837,192.0
2024-03-28 03:51:00,FX:EURCAD,1.46837,1.46842,1.46825,1.4683300000000001,162.0
2024-03-28 03:52:00,FX:EURCAD,1.4683300000000001,1.46836,1.4682600000000001,1.46831,144.0
2024-03-28 03:53:00,FX:EURCAD,1.46831,1.4683300000000001,1.46821,1.46825,103.0
2024-03-28 03:54:00,FX:EURCAD,1.46825,1.4683300000000001,1.4682300000000001,1.46829,184.0
2024-03-28 03:55:00,FX:EURCAD,1.46829,1.46837,1.46825,1.46832,192.0
2024-03-28 03:56:00,FX:EURCAD,1.46832,1.46834,1.4682300000000001,1.46825,166.0
2024-03-28 03:57:00,FX:EURCAD,1.46825,1.4683300000000001,1.46818,1.4682,128.0
2024-03-28 03:58:00,FX:EURCAD,1.4682,1.46828,1.46817,1.4682300000000001,96.0
2024-03-28 03:59:00,FX:EURCAD,1.4682300000000001,1.4682300000000001,1.46802,1.46812,201.0
2024-03-28 04:00:00,FX:EURCAD,1.46812,1.46827,1.4678200000000001,1.4678900000000001,286.0
2024-03-28 04:01:00,FX:EURCAD,1.4678900000000001,1.46797,1.4678,1.46787,256.0
2024-03-28 04:02:00,FX:EURCAD,1.46787,1.4679600000000002,1.46777,1.4679600000000002,191.0
2024-03-28 04:03:00,FX:EURCAD,1.4679600000000002,1.4679900000000001,1.46767,1.4677900000000002,215.0
2024-03-28 04:04:00,FX:EURCAD,1.4677900000000002,1.46791,1.46771,1.4678600000000002,155.0
2024-03-28 04:05:00,FX:EURCAD,1.4678600000000002,1.46793,1.4675200000000002,1.46754,301.0
2024-03-28 04:06:00,FX:EURCAD,1.46754,1.4676900000000002,1.4675200000000002,1.46759,236.0
2024-03-28 04:07:00,FX:EURCAD,1.46759,1.46766,1.4674500000000001,1.46766,237.0
2024-03-28 04:08:00,FX:EURCAD,1.46766,1.46768,1.46749,1.46751,176.0
2024-03-28 04:09:00,FX:EURCAD,1.46751,1.46757,1.46733,1.46734,137.0
2024-03-28 04:10:00,FX:EURCAD,1.46734,1.46737,1.4672100000000001,1.4673500000000002,268.0
2024-03-28 04:11:00,FX:EURCAD,1.4673500000000002,1.4674,1.4672500000000002,1.4674,153.0
2024-03-28 04:12:00,FX:EURCAD,1.4674,1.4676,1.46739,1.46757,178.0
2024-03-28 04:13:00,FX:EURCAD,1.46757,1.46773,1.4675500000000001,1.4677,205.0
2024-03-28 04:14:00,FX:EURCAD,1.4677,1.46776,1.4675200000000002,1.46758,226.0
2024-03-28 04:15:00,FX:EURCAD,1.46758,1.4676500000000001,1.46746,1.46759,176.0
2024-03-28 04:16:00,FX:EURCAD,1.46759,1.46759,1.46724,1.4673,283.0
2024-03-28 04:17:00,FX:EURCAD,1.4673,1.4674800000000001,1.46727,1.46741,263.0
2024-03-28 04:18:00,FX:EURCAD,1.46741,1.46749,1.46741,1.46743,117.0
2024-03-28 04:19:00,FX:EURCAD,1.46743,1.4674800000000001,1.4674,1.46742,116.0
2024-03-28 04:20:00,FX:EURCAD,1.46742,1.46753,1.46742,1.46749,89.0
2024-03-28 04:21:00,FX:EURCAD,1.46749,1.46753,1.4673800000000001,1.46751,100.0
2024-03-28 04:22:00,FX:EURCAD,1.46751,1.4676200000000001,1.46747,1.46756,192.0
2024-03-28 04:23:00,FX:EURCAD,1.46756,1.4677,1.4675500000000001,1.4677,323.0
2024-03-28 04:24:00,FX:EURCAD,1.4677,1.46777,1.46764,1.4676900000000002,177.0
2024-03-28 04:25:00,FX:EURCAD,1.4676900000000002,1.46773,1.46758,1.46773,154.0
2024-03-28 04:26:00,FX:EURCAD,1.46773,1.4678,1.4676200000000001,1.46778,161.0
2024-03-28 04:27:00,FX:EURCAD,1.46778,1.4678200000000001,1.4677,1.46781,152.0
2024-03-28 04:28:00,FX:EURCAD,1.46781,1.46785,1.46777,1.46778,153.0
2024-03-28 04:29:00,FX:EURCAD,1.46778,1.4678200000000001,1.4677,1.4677,223.0
2024-03-28 04:30:00,FX:EURCAD,1.4677,1.4679600000000002,1.4677,1.4679600000000002,203.0
2024-03-28 04:31:00,FX:EURCAD,1.4679600000000002,1.46808,1.4679600000000002,1.46797,159.0
2024-03-28 04:32:00,FX:EURCAD,1.46797,1.46803,1.4679200000000001,1.46802,113.0
2024-03-28 04:33:00,FX:EURCAD,1.46802,1.46804,1.46797,1.46804,122.0
2024-03-28 04:34:00,FX:EURCAD,1.46804,1.4681,1.46801,1.4680600000000001,169.0
2024-03-28 04:35:00,FX:EURCAD,1.4680600000000001,1.46808,1.46783,1.468,211.0
2024-03-28 04:36:00,FX:EURCAD,1.468,1.4680600000000001,1.46794,1.46797,114.0
2024-03-28 04:37:00,FX:EURCAD,1.46797,1.46807,1.46791,1.4679200000000001,162.0
2024-03-28 04:38:00,FX:EURCAD,1.4679200000000001,1.46805,1.4679,1.4679900000000001,173.0
2024-03-28 04:39:00,FX:EURCAD,1.4679900000000001,1.46805,1.4679200000000001,1.46801,178.0
2024-03-28 04:40:00,FX:EURCAD,1.46801,1.4681,1.46798,1.46805,149.0
2024-03-28 04:41:00,FX:EURCAD,1.46805,1.46814,1.46793,1.46798,187.0
2024-03-28 04:42:00,FX:EURCAD,1.46798,1.46805,1.46793,1.46798,224.0
2024-03-28 04:43:00,FX:EURCAD,1.46798,1.46811,1.46793,1.4679900000000001,130.0
2024-03-28 04:44:00,FX:EURCAD,1.4679900000000001,1.46805,1.46788,1.46805,104.0
2024-03-28 04:45:00,FX:EURCAD,1.46805,1.4681,1.468,1.468,141.0
2024-03-28 04:46:00,FX:EURCAD,1.468,1.46811,1.4679900000000001,1.46804,146.0
2024-03-28 04:47:00,FX:EURCAD,1.46804,1.46805,1.4679900000000001,1.46803,129.0
2024-03-28 04:48:00,FX:EURCAD,1.46803,1.46807,1.468,1.46807,84.0
2024-03-28 04:49:00,FX:EURCAD,1.46807,1.4681,1.4679,1.4679900000000001,144.0
2024-03-28 04:50:00,FX:EURCAD,1.4679900000000001,1.4680900000000001,1.4679200000000001,1.468,155.0
2024-03-28 04:51:00,FX:EURCAD,1.468,1.4680600000000001,1.46791,1.46802,134.0
2024-03-28 04:52:00,FX:EURCAD,1.46802,1.46815,1.46802,1.46808,122.0
2024-03-28 04:53:00,FX:EURCAD,1.46808,1.46812,1.468,1.46802,118.0
2024-03-28 04:54:00,FX:EURCAD,1.46802,1.46807,1.46791,1.46794,121.0
2024-03-28 04:55:00,FX:EURCAD,1.46794,1.46805,1.4678600000000002,1.4679200000000001,153.0
2024-03-28 04:56:00,FX:EURCAD,1.4679200000000001,1.46795,1.46791,1.46795,48.0
2024-03-28 04:57:00,FX:EURCAD,1.46795,1.4679600000000002,1.46788,1.46794,106.0
2024-03-28 04:58:00,FX:EURCAD,1.46794,1.4680900000000001,1.46794,1.46808,208.0
2024-03-28 04:59:00,FX:EURCAD,1.46808,1.46814,1.46798,1.46804,235.0
2024-03-28 05:00:00,FX:EURCAD,1.46804,1.4681300000000002,1.46795,1.4679900000000001,244.0
2024-03-28 05:01:00,FX:EURCAD,1.4679900000000001,1.4679900000000001,1.4678,1.4679,210.0
2024-03-28 05:02:00,FX:EURCAD,1.4679,1.4679200000000001,1.46767,1.4677,174.0
2024-03-28 05:03:00,FX:EURCAD,1.4677,1.46775,1.4673800000000001,1.4674,156.0
2024-03-28 05:04:00,FX:EURCAD,1.4674,1.4674800000000001,1.4673,1.46743,215.0
2024-03-28 05:05:00,FX:EURCAD,1.46743,1.46761,1.46742,1.46757,218.0
2024-03-28 05:06:00,FX:EURCAD,1.46757,1.4676500000000001,1.4675,1.46764,178.0
2024-03-28 05:07:00,FX:EURCAD,1.46764,1.4677,1.46754,1.46754,193.0
2024-03-28 05:08:00,FX:EURCAD,1.46754,1.46754,1.46737,1.46746,162.0
2024-03-28 05:09:00,FX:EURCAD,1.46746,1.46754,1.46744,1.46744,172.0
2024-03-28 05:10:00,FX:EURCAD,1.46744,1.46753,1.46739,1.46743,139.0
2024-03-28 05:11:00,FX:EURCAD,1.46743,1.46744,1.46736,1.46743,114.0
2024-03-28 05:12:00,FX:EURCAD,1.46743,1.4674500000000001,1.46732,1.4673800000000001,154.0
2024-03-28 05:13:00,FX:EURCAD,1.4673800000000001,1.46741,1.4672100000000001,1.46722,146.0
2024-03-28 05:14:00,FX:EURCAD,1.46722,1.46729,1.4671,1.46712,131.0
2024-03-28 05:15:00,FX:EURCAD,1.46712,1.4672100000000001,1.46705,1.46705,145.0
2024-03-28 05:16:00,FX:EURCAD,1.46705,1.4671100000000001,1.46692,1.46698,186.0
2024-03-28 05:17:00,FX:EURCAD,1.46698,1.46707,1.46685,1.46702,159.0
2024-03-28 05:18:00,FX:EURCAD,1.46702,1.46714,1.46698,1.46698,173.0
2024-03-28 05:19:00,FX:EURCAD,1.46698,1.4671100000000001,1.4669,1.46709,170.0
2024-03-28 05:20:00,FX:EURCAD,1.46709,1.46719,1.46703,1.46713,252.0
2024-03-28 05:21:00,FX:EURCAD,1.46713,1.46715,1.46709,1.46713,130.0
2024-03-28 05:22:00,FX:EURCAD,1.46713,1.46714,1.4669100000000002,1.46699,212.0
2024-03-28 05:23:00,FX:EURCAD,1.46699,1.4671100000000001,1.46697,1.46699,151.0
2024-03-28 05:24:00,FX:EURCAD,1.46699,1.4670400000000001,1.46696,1.467,166.0
2024-03-28 05:25:00,FX:EURCAD,1.467,1.46723,1.467,1.4672,297.0
2024-03-28 05:26:00,FX:EURCAD,1.4672,1.4672500000000002,1.46713,1.46724,259.0
2024-03-28 05:27:00,FX:EURCAD,1.46724,1.46743,1.46719,1.46737,257.0
2024-03-28 05:28:00,FX:EURCAD,1.46737,1.46742,1.46733,1.46737,115.0
2024-03-28 05:29:00,FX:EURCAD,1.46737,1.4673800000000001,1.46724,1.46733,256.0
2024-03-28 05:30:00,FX:EURCAD,1.46733,1.46753,1.4673,1.46744,258.0
2024-03-28 05:31:00,FX:EURCAD,1.46744,1.46744,1.46724,1.46724,124.0
2024-03-28 05:32:00,FX:EURCAD,1.46724,1.4673500000000002,1.46719,1.46732,195.0
2024-03-28 05:33:00,FX:EURCAD,1.46732,1.46734,1.46727,1.4673,113.0
2024-03-28 05:34:00,FX:EURCAD,1.4673,1.4673,1.46712,1.46715,117.0
2024-03-28 05:35:00,FX:EURCAD,1.46715,1.4673500000000002,1.46715,1.46734,103.0
2024-03-28 05:36:00,FX:EURCAD,1.46734,1.4673800000000001,1.46726,1.46729,131.0
2024-03-28 05:37:00,FX:EURCAD,1.46729,1.46739,1.4672800000000001,1.4673,240.0
2024-03-28 05:38:00,FX:EURCAD,1.4673,1.46733,1.4672800000000001,1.4673100000000001,153.0
2024-03-28 05:39:00,FX:EURCAD,1.4673100000000001,1.46746,1.46726,1.46736,176.0
2024-03-28 05:40:00,FX:EURCAD,1.46736,1.46736,1.46719,1.4672500000000002,160.0
2024-03-28 05:41:00,FX:EURCAD,1.4672500000000002,1.46736,1.4672500000000002,1.4673500000000002,126.0
2024-03-28 05:42:00,FX:EURCAD,1.4673500000000002,1.4673800000000001,1.46729,1.4673500000000002,75.0
2024-03-28 05:43:00,FX:EURCAD,1.4673500000000002,1.46741,1.4673,1.46736,92.0
2024-03-28 05:44:00,FX:EURCAD,1.46736,1.46736,1.46723,1.46729,85.0
2024-03-28 05:45:00,FX:EURCAD,1.46729,1.4673,1.46723,1.46724,59.0
2024-03-28 05:46:00,FX:EURCAD,1.46724,1.4672500000000002,1.46712,1.46713,113.0
2024-03-28 05:47:00,FX:EURCAD,1.46713,1.46713,1.46685,1.46686,82.0
2024-03-28 05:48:00,FX:EURCAD,1.46686,1.4669,1.46683,1.46686,134.0
2024-03-28 05:49:00,FX:EURCAD,1.46686,1.46686,1.46669,1.4667400000000002,109.0
2024-03-28 05:50:00,FX:EURCAD,1.4667400000000002,1.4669100000000002,1.4667400000000002,1.46688,133.0
2024-03-28 05:51:00,FX:EURCAD,1.46688,1.4669100000000002,1.46681,1.4669100000000002,98.0
2024-03-28 05:52:00,FX:EURCAD,1.4669100000000002,1.46693,1.46678,1.46683,116.0
2024-03-28 05:53:00,FX:EURCAD,1.46683,1.46689,1.46678,1.46683,166.0
2024-03-28 05:54:00,FX:EURCAD,1.46683,1.46683,1.46669,1.46669,122.0
2024-03-28 05:55:00,FX:EURCAD,1.46669,1.46678,1.46668,1.46668,76.0
2024-03-28 05:56:00,FX:EURCAD,1.46668,1.46673,1.46664,1.46669,64.0
2024-03-28 05:57:00,FX:EURCAD,1.46669,1.4667000000000001,1.46663,1.46663,232.0
2024-03-28 05:58:00,FX:EURCAD,1.46663,1.4667400000000002,1.46663,1.4667000000000001,149.0
2024-03-28 05:59:00,FX:EURCAD,1.4667000000000001,1.4667700000000001,1.4666700000000001,1.46673,161.0
2024-03-28 06:00:00,FX:EURCAD,1.46673,1.46679,1.4666000000000001,1.46665,345.0
2024-03-28 06:01:00,FX:EURCAD,1.46665,1.4666700000000001,1.46658,1.46661,176.0
2024-03-28 06:02:00,FX:EURCAD,1.46661,1.46668,1.46656,1.46659,125.0
2024-03-28 06:03:00,FX:EURCAD,1.46659,1.46661,1.4665000000000001,1.46652,94.0
2024-03-28 06:04:00,FX:EURCAD,1.46652,1.46664,1.46651,1.46658,172.0
2024-03-28 06:05:00,FX:EURCAD,1.46658,1.4666000000000001,1.4665300000000001,1.4665300000000001,122.0
2024-03-28 06:06:00,FX:EURCAD,1.4665300000000001,1.4665700000000002,1.46649,1.46649,150.0
2024-03-28 06:07:00,FX:EURCAD,1.46649,1.4665300000000001,1.46648,1.46652,112.0
2024-03-28 06:08:00,FX:EURCAD,1.46652,1.46665,1.46651,1.46664,153.0
2024-03-28 06:09:00,FX:EURCAD,1.46664,1.46671,1.46664,1.46669,173.0
2024-03-28 06:10:00,FX:EURCAD,1.46669,1.46685,1.46665,1.4667400000000002,296.0
2024-03-28 06:11:00,FX:EURCAD,1.4667400000000002,1.46681,1.4667400000000002,1.46681,105.0
2024-03-28 06:12:00,FX:EURCAD,1.46681,1.4668400000000001,1.46671,1.46671,270.0
2024-03-28 06:13:00,FX:EURCAD,1.46671,1.4668,1.46669,1.46678,191.0
2024-03-28 06:14:00,FX:EURCAD,1.46678,1.46686,1.46675,1.4667700000000001,192.0
2024-03-28 06:15:00,FX:EURCAD,1.4667700000000001,1.4668400000000001,1.46673,1.46683,168.0
2024-03-28 06:16:00,FX:EURCAD,1.46683,1.46686,1.46678,1.46679,169.0
2024-03-28 06:17:00,FX:EURCAD,1.46679,1.46683,1.46664,1.46673,232.0
2024-03-28 06:18:00,FX:EURCAD,1.46673,1.46679,1.46673,1.46675,170.0
2024-03-28 06:19:00,FX:EURCAD,1.46675,1.46675,1.46663,1.46665,134.0
2024-03-28 06:20:00,FX:EURCAD,1.46665,1.4669400000000001,1.46663,1.46693,193.0
2024-03-28 06:21:00,FX:EURCAD,1.46693,1.46695,1.46682,1.46689,127.0
2024-03-28 06:22:00,FX:EURCAD,1.46689,1.4669100000000002,1.4667400000000002,1.46676,261.0
2024-03-28 06:23:00,FX:EURCAD,1.46676,1.46678,1.46668,1.4667700000000001,229.0
2024-03-28 06:24:00,FX:EURCAD,1.4667700000000001,1.46681,1.46659,1.46666,248.0
2024-03-28 06:25:00,FX:EURCAD,1.46666,1.46668,1.4665700000000002,1.46658,186.0
2024-03-28 06:26:00,FX:EURCAD,1.46658,1.46661,1.4665000000000001,1.4665300000000001,189.0
2024-03-28 06:27:00,FX:EURCAD,1.4665300000000001,1.4667400000000002,1.46652,1.46672,209.0
2024-03-28 06:28:00,FX:EURCAD,1.46672,1.4668,1.4666700000000001,1.46672,151.0
2024-03-28 06:29:00,FX:EURCAD,1.46672,1.46673,1.4666000000000001,1.46665,243.0
2024-03-28 06:30:00,FX:EURCAD,1.46665,1.46676,1.46655,1.46659,222.0
2024-03-28 06:31:00,FX:EURCAD,1.46659,1.46668,1.4664700000000002,1.46648,137.0
2024-03-28 06:32:00,FX:EURCAD,1.46648,1.46666,1.46646,1.46664,212.0
2024-03-28 06:33:00,FX:EURCAD,1.46664,1.46695,1.46662,1.4668,194.0
2024-03-28 06:34:00,FX:EURCAD,1.4668,1.4669100000000002,1.4668,1.4669100000000002,242.0
2024-03-28 06:35:00,FX:EURCAD,1.4669100000000002,1.4670100000000001,1.46683,1.46696,199.0
2024-03-28 06:36:00,FX:EURCAD,1.46696,1.46699,1.46683,1.4668700000000001,138.0
2024-03-28 06:37:00,FX:EURCAD,1.4668700000000001,1.46715,1.46686,1.4671100000000001,175.0
2024-03-28 06:38:00,FX:EURCAD,1.4671100000000001,1.46727,1.4671100000000001,1.46719,153.0
2024-03-28 06:39:00,FX:EURCAD,1.46719,1.46734,1.46715,1.46715,77.0
2024-03-28 06:40:00,FX:EURCAD,1.46715,1.46727,1.4671,1.4672,110.0
2024-03-28 06:41:00,FX:EURCAD,1.4672,1.46737,1.46717,1.4672800000000001,210.0
2024-03-28 06:42:00,FX:EURCAD,1.4672800000000001,1.46736,1.46723,1.46724,213.0
2024-03-28 06:43:00,FX:EURCAD,1.46724,1.46734,1.46723,1.46734,157.0
2024-03-28 06:44:00,FX:EURCAD,1.46734,1.46734,1.46709,1.4671100000000001,127.0
2024-03-28 06:45:00,FX:EURCAD,1.4671100000000001,1.46713,1.46695,1.46705,154.0
2024-03-28 06:46:00,FX:EURCAD,1.46705,1.4671,1.4670100000000001,1.46707,143.0
2024-03-28 06:47:00,FX:EURCAD,1.46707,1.46707,1.46688,1.46688,148.0
2024-03-28 06:48:00,FX:EURCAD,1.46688,1.4671,1.46688,1.46706,170.0
2024-03-28 06:49:00,FX:EURCAD,1.46706,1.4671,1.46698,1.46698,178.0
2024-03-28 06:50:00,FX:EURCAD,1.46698,1.46705,1.4669400000000001,1.46702,155.0
2024-03-28 06:51:00,FX:EURCAD,1.46702,1.4671,1.4670100000000001,1.4670800000000002,140.0
2024-03-28 06:52:00,FX:EURCAD,1.4670800000000002,1.4672100000000001,1.46707,1.4672,159.0
2024-03-28 06:53:00,FX:EURCAD,1.4672,1.46722,1.4670800000000002,1.4670800000000002,139.0
2024-03-28 06:54:00,FX:EURCAD,1.4670800000000002,1.4671,1.46703,1.4670400000000001,169.0
2024-03-28 06:55:00,FX:EURCAD,1.4670400000000001,1.4671100000000001,1.46703,1.46707,148.0
2024-03-28 06:56:00,FX:EURCAD,1.46707,1.46717,1.46702,1.46717,207.0
2024-03-28 06:57:00,FX:EURCAD,1.46717,1.4671800000000002,1.46703,1.46709,197.0
2024-03-28 06:58:00,FX:EURCAD,1.46709,1.46719,1.46706,1.46712,189.0
2024-03-28 06:59:00,FX:EURCAD,1.46712,1.46712,1.46696,1.46698,173.0
2024-03-28 07:00:00,FX:EURCAD,1.46698,1.4670800000000002,1.46698,1.46707,190.0
2024-03-28 07:01:00,FX:EURCAD,1.46707,1.46707,1.46698,1.46702,135.0
2024-03-28 07:02:00,FX:EURCAD,1.46702,1.46703,1.46689,1.4669,201.0
2024-03-28 07:03:00,FX:EURCAD,1.4669,1.46703,1.4668400000000001,1.46698,132.0
2024-03-28 07:04:00,FX:EURCAD,1.46698,1.4670800000000002,1.46693,1.4670800000000002,155.0
2024-03-28 07:05:00,FX:EURCAD,1.4670800000000002,1.46712,1.46705,1.46712,87.0
2024-03-28 07:06:00,FX:EURCAD,1.46712,1.46723,1.4670800000000002,1.4672,72.0
2024-03-28 07:07:00,FX:EURCAD,1.4672,1.4672500000000002,1.46706,1.4670800000000002,150.0
2024-03-28 07:08:00,FX:EURCAD,1.4670800000000002,1.46715,1.46703,1.46703,133.0
2024-03-28 07:09:00,FX:EURCAD,1.46703,1.46703,1.46683,1.46685,94.0
2024-03-28 07:10:00,FX:EURCAD,1.46685,1.46689,1.46658,1.46664,165.0
2024-03-28 07:11:00,FX:EURCAD,1.46664,1.4667400000000002,1.46658,1.46673,148.0
2024-03-28 07:12:00,FX:EURCAD,1.46673,1.46679,1.46662,1.46669,117.0
2024-03-28 07:13:00,FX:EURCAD,1.46669,1.46671,1.46661,1.46664,229.0
2024-03-28 07:14:00,FX:EURCAD,1.46664,1.46672,1.46662,1.46671,120.0
2024-03-28 07:15:00,FX:EURCAD,1.46671,1.46675,1.46661,1.4667000000000001,166.0
2024-03-28 07:16:00,FX:EURCAD,1.4667000000000001,1.46671,1.46663,1.46669,93.0
2024-03-28 07:17:00,FX:EURCAD,1.46669,1.46678,1.46664,1.46669,139.0
2024-03-28 07:18:00,FX:EURCAD,1.46669,1.46673,1.46663,1.46673,104.0
2024-03-28 07:19:00,FX:EURCAD,1.46673,1.46683,1.46672,1.46682,96.0
2024-03-28 07:20:00,FX:EURCAD,1.46682,1.4669100000000002,1.46676,1.4669,158.0
2024-03-28 07:21:00,FX:EURCAD,1.4669,1.46695,1.46678,1.4668,143.0
2024-03-28 07:22:00,FX:EURCAD,1.4668,1.46682,1.46673,1.46675,127.0
2024-03-28 07:23:00,FX:EURCAD,1.46675,1.46679,1.46671,1.46676,133.0
2024-03-28 07:24:00,FX:EURCAD,1.46676,1.46676,1.4665000000000001,1.4665700000000002,189.0
2024-03-28 07:25:00,FX:EURCAD,1.4665700000000002,1.46661,1.4664300000000001,1.46648,217.0
2024-03-28 07:26:00,FX:EURCAD,1.46648,1.46649,1.46634,1.4664000000000001,154.0
2024-03-28 07:27:00,FX:EURCAD,1.4664000000000001,1.4664000000000001,1.46619,1.46632,210.0
2024-03-28 07:28:00,FX:EURCAD,1.46632,1.46632,1.46618,1.46618,133.0
2024-03-28 07:29:00,FX:EURCAD,1.46618,1.46629,1.46618,1.46627,134.0
2024-03-28 07:30:00,FX:EURCAD,1.46627,1.4663000000000002,1.46624,1.46624,158.0
2024-03-28 07:31:00,FX:EURCAD,1.46624,1.46635,1.46621,1.4663000000000002,177.0
2024-03-28 07:32:00,FX:EURCAD,1.4663000000000002,1.46662,1.4663000000000002,1.4665700000000002,164.0
2024-03-28 07:33:00,FX:EURCAD,1.4665700000000002,1.46669,1.4664700000000002,1.46668,104.0
2024-03-28 07:34:00,FX:EURCAD,1.46668,1.46671,1.46656,1.46656,114.0
2024-03-28 07:35:00,FX:EURCAD,1.46656,1.4666000000000001,1.46645,1.46652,103.0
2024-03-28 07:36:00,FX:EURCAD,1.46652,1.46658,1.4664300000000001,1.4664700000000002,106.0
2024-03-28 07:37:00,FX:EURCAD,1.4664700000000002,1.46665,1.46642,1.46665,178.0
2024-03-28 07:38:00,FX:EURCAD,1.46665,1.46675,1.46659,1.46666,128.0
2024-03-28 07:39:00,FX:EURCAD,1.46666,1.4667000000000001,1.46651,1.46654,170.0
2024-03-28 07:40:00,FX:EURCAD,1.46654,1.46658,1.46649,1.46655,103.0
2024-03-28 07:41:00,FX:EURCAD,1.46655,1.46658,1.46641,1.46655,107.0
2024-03-28 07:42:00,FX:EURCAD,1.46655,1.4665700000000002,1.46631,1.46632,111.0
2024-03-28 07:43:00,FX:EURCAD,1.46632,1.46635,1.46625,1.46632,98.0
2024-03-28 07:44:00,FX:EURCAD,1.46632,1.46637,1.46624,1.46627,155.0
2024-03-28 07:45:00,FX:EURCAD,1.46627,1.4663300000000001,1.4660600000000001,1.4660600000000001,141.0
2024-03-28 07:46:00,FX:EURCAD,1.4660600000000001,1.4661300000000002,1.46587,1.46587,191.0
2024-03-28 07:47:00,FX:EURCAD,1.46587,1.46588,1.4657,1.46583,206.0
2024-03-28 07:48:00,FX:EURCAD,1.46583,1.4659900000000001,1.46574,1.46598,205.0
2024-03-28 07:49:00,FX:EURCAD,1.46598,1.46602,1.4659200000000001,1.46598,222.0
2024-03-28 07:50:00,FX:EURCAD,1.46598,1.46622,1.4659600000000002,1.46615,124.0
2024-03-28 07:51:00,FX:EURCAD,1.46615,1.46617,1.4660900000000001,1.46615,87.0
2024-03-28 07:52:00,FX:EURCAD,1.46615,1.46632,1.46611,1.46615,175.0
2024-03-28 07:53:00,FX:EURCAD,1.46615,1.46617,1.46603,1.4660600000000001,189.0
2024-03-28 07:54:00,FX:EURCAD,1.4660600000000001,1.46619,1.46605,1.46617,149.0
2024-03-28 07:55:00,FX:EURCAD,1.46617,1.4662600000000001,1.4661,1.4661,242.0
2024-03-28 07:56:00,FX:EURCAD,1.4661,1.4661,1.466,1.4660900000000001,161.0
2024-03-28 07:57:00,FX:EURCAD,1.4660900000000001,1.46628,1.46608,1.4662600000000001,170.0
2024-03-28 07:58:00,FX:EURCAD,1.4662600000000001,1.4662600000000001,1.46615,1.46618,150.0
2024-03-28 07:59:00,FX:EURCAD,1.46618,1.46627,1.4660900000000001,1.46621,223.0
2024-03-28 08:00:00,FX:EURCAD,1.46621,1.46641,1.46619,1.46639,278.0
2024-03-28 08:01:00,FX:EURCAD,1.46639,1.46652,1.4663300000000001,1.46636,195.0
2024-03-28 08:02:00,FX:EURCAD,1.46636,1.46644,1.46604,1.4660600000000001,220.0
2024-03-28 08:03:00,FX:EURCAD,1.4660600000000001,1.4661,1.46594,1.4660900000000001,132.0
2024-03-28 08:04:00,FX:EURCAD,1.4660900000000001,1.46621,1.46605,1.46618,196.0
2024-03-28 08:05:00,FX:EURCAD,1.46618,1.46625,1.4660600000000001,1.46625,244.0
2024-03-28 08:06:00,FX:EURCAD,1.46625,1.4664000000000001,1.46625,1.46637,144.0
2024-03-28 08:07:00,FX:EURCAD,1.46637,1.4665700000000002,1.46637,1.46655,189.0
2024-03-28 08:08:00,FX:EURCAD,1.46655,1.46658,1.46648,1.4665700000000002,126.0
2024-03-28 08:09:00,FX:EURCAD,1.4665700000000002,1.4666000000000001,1.46649,1.46649,167.0
2024-03-28 08:10:00,FX:EURCAD,1.46649,1.46658,1.46644,1.46658,228.0
2024-03-28 08:11:00,FX:EURCAD,1.46658,1.46659,1.46646,1.4664700000000002,121.0
2024-03-28 08:12:00,FX:EURCAD,1.4664700000000002,1.46655,1.4663300000000001,1.46652,128.0
2024-03-28 08:13:00,FX:EURCAD,1.46652,1.46652,1.4662,1.4662300000000001,98.0
2024-03-28 08:14:00,FX:EURCAD,1.4662300000000001,1.46625,1.46607,1.46611,108.0
2024-03-28 08:15:00,FX:EURCAD,1.46611,1.46628,1.46611,1.46627,84.0
2024-03-28 08:16:00,FX:EURCAD,1.46627,1.46638,1.46624,1.46636,117.0
2024-03-28 08:17:00,FX:EURCAD,1.46636,1.46636,1.46611,1.46614,252.0
2024-03-28 08:18:00,FX:EURCAD,1.46614,1.4661600000000001,1.46603,1.46612,154.0
2024-03-28 08:19:00,FX:EURCAD,1.46612,1.46614,1.4659900000000001,1.46607,148.0
2024-03-28 08:20:00,FX:EURCAD,1.46607,1.4660900000000001,1.46588,1.46594,254.0
2024-03-28 08:21:00,FX:EURCAD,1.46594,1.4659600000000002,1.46581,1.46588,196.0
2024-03-28 08:22:00,FX:EURCAD,1.46588,1.46601,1.46583,1.46601,142.0
2024-03-28 08:23:00,FX:EURCAD,1.46601,1.46604,1.4659,1.46593,187.0
2024-03-28 08:24:00,FX:EURCAD,1.46593,1.46617,1.46593,1.46611,162.0
2024-03-28 08:25:00,FX:EURCAD,1.46611,1.46629,1.46607,1.46628,218.0
2024-03-28 08:26:00,FX:EURCAD,1.46628,1.46638,1.46624,1.46627,140.0
2024-03-28 08:27:00,FX:EURCAD,1.46627,1.46649,1.46627,1.46645,71.0
2024-03-28 08:28:00,FX:EURCAD,1.46645,1.46659,1.46645,1.46646,100.0
2024-03-28 08:29:00,FX:EURCAD,1.46646,1.4665000000000001,1.46621,1.46624,297.0
2024-03-28 08:30:00,FX:EURCAD,1.46624,1.46624,1.46576,1.46587,793.0
2024-03-28 08:31:00,FX:EURCAD,1.46587,1.46602,1.46573,1.4657900000000001,189.0
2024-03-28 08:32:00,FX:EURCAD,1.4657900000000001,1.4658,1.46556,1.4657200000000001,272.0
2024-03-28 08:33:00,FX:EURCAD,1.4657200000000001,1.46573,1.46516,1.46524,393.0
2024-03-28 08:34:00,FX:EURCAD,1.46524,1.46558,1.46507,1.46557,316.0
2024-03-28 08:35:00,FX:EURCAD,1.46557,1.46558,1.4653800000000001,1.4655200000000002,300.0
2024-03-28 08:36:00,FX:EURCAD,1.4655200000000002,1.46557,1.4653500000000002,1.46539,289.0
2024-03-28 08:37:00,FX:EURCAD,1.46539,1.46554,1.46533,1.46537,224.0
2024-03-28 08:38:00,FX:EURCAD,1.46537,1.46559,1.4653500000000002,1.46557,346.0
2024-03-28 08:39:00,FX:EURCAD,1.46557,1.4656900000000002,1.46536,1.46539,306.0
2024-03-28 08:40:00,FX:EURCAD,1.46539,1.46554,1.4653,1.4653100000000001,287.0
2024-03-28 08:41:00,FX:EURCAD,1.4653100000000001,1.46554,1.4653100000000001,1.46537,221.0
2024-03-28 08:42:00,FX:EURCAD,1.46537,1.46551,1.4652800000000001,1.46547,255.0
2024-03-28 08:43:00,FX:EURCAD,1.46547,1.46563,1.46547,1.4655500000000001,301.0
2024-03-28 08:44:00,FX:EURCAD,1.4655500000000001,1.46559,1.4653100000000001,1.46544,243.0
2024-03-28 08:45:00,FX:EURCAD,1.46544,1.4654500000000001,1.46529,1.4654500000000001,392.0
2024-03-28 08:46:00,FX:EURCAD,1.4654500000000001,1.46563,1.46539,1.46553,336.0
2024-03-28 08:47:00,FX:EURCAD,1.46553,1.4656900000000002,1.46553,1.4656500000000001,253.0
2024-03-28 08:48:00,FX:EURCAD,1.4656500000000001,1.4656500000000001,1.46549,1.4655200000000002,185.0
2024-03-28 08:49:00,FX:EURCAD,1.4655200000000002,1.4655200000000002,1.4653100000000001,1.4653500000000002,206.0
2024-03-28 08:50:00,FX:EURCAD,1.4653500000000002,1.46539,1.4651800000000001,1.46529,231.0
2024-03-28 08:51:00,FX:EURCAD,1.46529,1.4653,1.46519,1.4652100000000001,186.0
2024-03-28 08:52:00,FX:EURCAD,1.4652100000000001,1.46542,1.4652100000000001,1.4652500000000002,231.0
2024-03-28 08:53:00,FX:EURCAD,1.4652500000000002,1.46543,1.46523,1.46543,331.0
2024-03-28 08:54:00,FX:EURCAD,1.46543,1.46543,1.46532,1.46537,173.0
2024-03-28 08:55:00,FX:EURCAD,1.46537,1.46561,1.4653500000000002,1.4655500000000001,335.0
2024-03-28 08:56:00,FX:EURCAD,1.4655500000000001,1.46571,1.4655200000000002,1.46563,395.0
2024-03-28 08:57:00,FX:EURCAD,1.46563,1.4660600000000001,1.46551,1.46601,543.0
2024-03-28 08:58:00,FX:EURCAD,1.46601,1.46636,1.466,1.46618,534.0
2024-03-28 08:59:00,FX:EURCAD,1.46618,1.46678,1.46614,1.46666,433.0
2024-03-28 09:00:00,FX:EURCAD,1.46666,1.4673800000000001,1.46658,1.46734,750.0
2024-03-28 09:01:00,FX:EURCAD,1.46734,1.4674,1.4668700000000001,1.4670100000000001,579.0
2024-03-28 09:02:00,FX:EURCAD,1.4670100000000001,1.46709,1.46678,1.46699,326.0
2024-03-28 09:03:00,FX:EURCAD,1.46699,1.46723,1.46689,1.46714,359.0
2024-03-28 09:04:00,FX:EURCAD,1.46714,1.46743,1.46703,1.4674,213.0
2024-03-28 09:05:00,FX:EURCAD,1.4674,1.4674,1.4670800000000002,1.4671,243.0
2024-03-28 09:06:00,FX:EURCAD,1.4671,1.4672500000000002,1.46705,1.46706,250.0
2024-03-28 09:07:00,FX:EURCAD,1.46706,1.4671800000000002,1.467,1.46717,339.0
2024-03-28 09:08:00,FX:EURCAD,1.46717,1.46722,1.46699,1.46709,401.0
2024-03-28 09:09:00,FX:EURCAD,1.46709,1.4671,1.46693,1.46696,346.0
2024-03-28 09:10:00,FX:EURCAD,1.46696,1.46702,1.4667700000000001,1.46693,375.0
2024-03-28 09:11:00,FX:EURCAD,1.46693,1.4670800000000002,1.46681,1.4670800000000002,335.0
2024-03-28 09:12:00,FX:EURCAD,1.4670800000000002,1.46709,1.46692,1.46699,307.0
2024-03-28 09:13:00,FX:EURCAD,1.46699,1.4671,1.46686,1.46695,283.0
2024-03-28 09:14:00,FX:EURCAD,1.46695,1.46707,1.46686,1.46707,158.0
2024-03-28 09:15:00,FX:EURCAD,1.46707,1.4670800000000002,1.46672,1.46681,239.0
2024-03-28 09:16:00,FX:EURCAD,1.46681,1.4669100000000002,1.46672,1.46682,200.0
2024-03-28 09:17:00,FX:EURCAD,1.46682,1.46682,1.46663,1.4667400000000002,265.0
2024-03-28 09:18:00,FX:EURCAD,1.4667400000000002,1.4667700000000001,1.46658,1.46664,207.0
2024-03-28 09:19:00,FX:EURCAD,1.46664,1.4666700000000001,1.4662300000000001,1.46631,192.0
2024-03-28 09:20:00,FX:EURCAD,1.46631,1.46639,1.4662,1.46636,211.0
2024-03-28 09:21:00,FX:EURCAD,1.46636,1.46636,1.46621,1.46625,141.0
2024-03-28 09:22:00,FX:EURCAD,1.46625,1.46629,1.4660900000000001,1.46618,264.0
2024-03-28 09:23:00,FX:EURCAD,1.46618,1.46627,1.46614,1.46624,80.0
2024-03-28 09:24:00,FX:EURCAD,1.46624,1.46628,1.46594,1.46598,163.0
2024-03-28 09:25:00,FX:EURCAD,1.46598,1.46621,1.4658600000000002,1.46621,249.0
2024-03-28 09:26:00,FX:EURCAD,1.46621,1.46621,1.46602,1.46615,229.0
2024-03-28 09:27:00,FX:EURCAD,1.46615,1.4663000000000002,1.4661300000000002,1.46625,234.0
2024-03-28 09:28:00,FX:EURCAD,1.46625,1.46625,1.46604,1.46621,191.0
2024-03-28 09:29:00,FX:EURCAD,1.46621,1.46645,1.4662,1.46641,175.0
2024-03-28 09:30:00,FX:EURCAD,1.46641,1.46663,1.46641,1.46654,234.0
2024-03-28 09:31:00,FX:EURCAD,1.46654,1.46654,1.46618,1.46639,237.0
2024-03-28 09:32:00,FX:EURCAD,1.46639,1.46644,1.46624,1.46635,177.0
2024-03-28 09:33:00,FX:EURCAD,1.46635,1.4664300000000001,1.46627,1.46637,196.0
2024-03-28 09:34:00,FX:EURCAD,1.46637,1.46637,1.46615,1.4661600000000001,139.0
2024-03-28 09:35:00,FX:EURCAD,1.4661600000000001,1.46619,1.46597,1.4660900000000001,199.0
2024-03-28 09:36:00,FX:EURCAD,1.4660900000000001,1.4663300000000001,1.4659900000000001,1.4663300000000001,233.0
2024-03-28 09:37:00,FX:EURCAD,1.4663300000000001,1.46634,1.46625,1.4663000000000002,176.0
2024-03-28 09:38:00,FX:EURCAD,1.4663000000000002,1.4663000000000002,1.46587,1.46612,200.0
2024-03-28 09:39:00,FX:EURCAD,1.46612,1.46625,1.4658,1.46583,202.0
2024-03-28 09:40:00,FX:EURCAD,1.46583,1.466,1.4658,1.46583,93.0
2024-03-28 09:41:00,FX:EURCAD,1.46583,1.4659200000000001,1.46571,1.46585,140.0
2024-03-28 09:42:00,FX:EURCAD,1.46585,1.46608,1.46559,1.46574,462.0
2024-03-28 09:43:00,FX:EURCAD,1.46574,1.4658600000000002,1.4656,1.4658600000000002,277.0
2024-03-28 09:44:00,FX:EURCAD,1.4658600000000002,1.4659,1.46539,1.46539,248.0
2024-03-28 09:45:00,FX:EURCAD,1.46539,1.4659600000000002,1.46539,1.4659,246.0
2024-03-28 09:46:00,FX:EURCAD,1.4659,1.466,1.46575,1.46598,177.0
2024-03-28 09:47:00,FX:EURCAD,1.46598,1.46601,1.4657,1.46591,324.0
2024-03-28 09:48:00,FX:EURCAD,1.46591,1.46638,1.46591,1.46631,326.0
2024-03-28 09:49:00,FX:EURCAD,1.46631,1.46639,1.4662,1.4662600000000001,220.0
2024-03-28 09:50:00,FX:EURCAD,1.4662600000000001,1.46627,1.46602,1.46611,319.0
2024-03-28 09:51:00,FX:EURCAD,1.46611,1.46622,1.46602,1.46622,290.0
2024-03-28 09:52:00,FX:EURCAD,1.46622,1.46636,1.46617,1.46617,290.0
2024-03-28 09:53:00,FX:EURCAD,1.46617,1.46639,1.4661,1.46635,217.0
2024-03-28 09:54:00,FX:EURCAD,1.46635,1.46636,1.46602,1.46608,246.0
2024-03-28 09:55:00,FX:EURCAD,1.46608,1.46608,1.46567,1.46571,276.0
2024-03-28 09:56:00,FX:EURCAD,1.46571,1.46597,1.46567,1.4659,249.0
2024-03-28 09:57:00,FX:EURCAD,1.4659,1.4659600000000002,1.46578,1.4658600000000002,271.0
2024-03-28 09:58:00,FX:EURCAD,1.4658600000000002,1.46598,1.46568,1.46575,238.0
2024-03-28 09:59:00,FX:EURCAD,1.46575,1.46575,1.46526,1.46526,401.0
2024-03-28 10:00:00,FX:EURCAD,1.46526,1.46588,1.4649100000000002,1.4652100000000001,1224.0
2024-03-28 10:01:00,FX:EURCAD,1.4652100000000001,1.46533,1.46507,1.4651800000000001,389.0
2024-03-28 10:02:00,FX:EURCAD,1.4651800000000001,1.4651800000000001,1.46495,1.46512,332.0
2024-03-28 10:03:00,FX:EURCAD,1.46512,1.4653100000000001,1.46499,1.46507,388.0
2024-03-28 10:04:00,FX:EURCAD,1.46507,1.46516,1.4648400000000001,1.4650100000000001,401.0
2024-03-28 10:05:00,FX:EURCAD,1.4650100000000001,1.46527,1.4649,1.4649100000000002,376.0
2024-03-28 10:06:00,FX:EURCAD,1.4649100000000002,1.46493,1.4646700000000001,1.46476,373.0
2024-03-28 10:07:00,FX:EURCAD,1.46476,1.46495,1.46472,1.46473,378.0
2024-03-28 10:08:00,FX:EURCAD,1.46473,1.4649100000000002,1.4646400000000002,1.46473,418.0
2024-03-28 10:09:00,FX:EURCAD,1.46473,1.46482,1.46462,1.46478,195.0
2024-03-28 10:10:00,FX:EURCAD,1.46478,1.46481,1.46465,1.46479,222.0
2024-03-28 10:11:00,FX:EURCAD,1.46479,1.4649400000000001,1.46472,1.46479,270.0
2024-03-28 10:12:00,FX:EURCAD,1.46479,1.4648700000000001,1.46455,1.46455,247.0
2024-03-28 10:13:00,FX:EURCAD,1.46455,1.4646700000000001,1.46431,1.46431,250.0
2024-03-28 10:14:00,FX:EURCAD,1.46431,1.4644000000000001,1.46418,1.46427,348.0
2024-03-28 10:15:00,FX:EURCAD,1.46427,1.46428,1.46405,1.46415,417.0
2024-03-28 10:16:00,FX:EURCAD,1.46415,1.46421,1.46397,1.46415,370.0
2024-03-28 10:17:00,FX:EURCAD,1.46415,1.46436,1.46405,1.46428,253.0
2024-03-28 10:18:00,FX:EURCAD,1.46428,1.46432,1.464,1.4640900000000001,363.0
2024-03-28 10:19:00,FX:EURCAD,1.4640900000000001,1.46434,1.4640600000000001,1.4643000000000002,210.0
2024-03-28 10:20:00,FX:EURCAD,1.4643000000000002,1.46438,1.46419,1.46436,214.0
2024-03-28 10:21:00,FX:EURCAD,1.46436,1.46455,1.46431,1.46455,238.0
2024-03-28 10:22:00,FX:EURCAD,1.46455,1.4648,1.46441,1.4647000000000001,310.0
2024-03-28 10:23:00,FX:EURCAD,1.4647000000000001,1.4647700000000001,1.4646000000000001,1.4646700000000001,306.0
2024-03-28 10:24:00,FX:EURCAD,1.4646700000000001,1.46483,1.46453,1.4648,288.0
2024-03-28 10:25:00,FX:EURCAD,1.4648,1.4649400000000001,1.46472,1.46493,141.0
2024-03-28 10:26:00,FX:EURCAD,1.46493,1.4650100000000001,1.46483,1.46489,199.0
2024-03-28 10:27:00,FX:EURCAD,1.46489,1.46505,1.4648700000000001,1.46492,206.0
2024-03-28 10:28:00,FX:EURCAD,1.46492,1.46496,1.46455,1.46458,270.0
2024-03-28 10:29:00,FX:EURCAD,1.46458,1.46462,1.46452,1.4645700000000001,205.0
2024-03-28 10:30:00,FX:EURCAD,1.4645700000000001,1.46472,1.46444,1.46466,270.0
2024-03-28 10:31:00,FX:EURCAD,1.46466,1.46481,1.46465,1.46476,202.0
2024-03-28 10:32:00,FX:EURCAD,1.46476,1.46489,1.46462,1.46478,281.0
2024-03-28 10:33:00,FX:EURCAD,1.46478,1.46495,1.46478,1.46488,229.0
2024-03-28 10:34:00,FX:EURCAD,1.46488,1.46495,1.4647400000000002,1.46478,219.0
2024-03-28 10:35:00,FX:EURCAD,1.46478,1.46492,1.46475,1.4648700000000001,246.0
2024-03-28 10:36:00,FX:EURCAD,1.4648700000000001,1.46503,1.46482,1.46503,267.0
2024-03-28 10:37:00,FX:EURCAD,1.46503,1.46509,1.46499,1.46502,144.0
2024-03-28 10:38:00,FX:EURCAD,1.46502,1.46509,1.4649400000000001,1.4649400000000001,182.0
2024-03-28 10:39:00,FX:EURCAD,1.4649400000000001,1.46507,1.46488,1.4650400000000001,280.0
2024-03-28 10:40:00,FX:EURCAD,1.4650400000000001,1.4650400000000001,1.4648700000000001,1.4649400000000001,196.0
2024-03-28 10:41:00,FX:EURCAD,1.4649400000000001,1.46507,1.4648700000000001,1.4649100000000002,253.0
2024-03-28 10:42:00,FX:EURCAD,1.4649100000000002,1.4651800000000001,1.4649100000000002,1.4650800000000002,251.0
2024-03-28 10:43:00,FX:EURCAD,1.4650800000000002,1.46526,1.46502,1.46502,202.0
2024-03-28 10:44:00,FX:EURCAD,1.46502,1.4650800000000002,1.4649,1.4649100000000002,252.0
2024-03-28 10:45:00,FX:EURCAD,1.4649100000000002,1.46497,1.4646700000000001,1.46473,213.0
2024-03-28 10:46:00,FX:EURCAD,1.46473,1.46481,1.46465,1.46473,164.0
2024-03-28 10:47:00,FX:EURCAD,1.46473,1.46476,1.46436,1.46439,234.0
2024-03-28 10:48:00,FX:EURCAD,1.46439,1.46439,1.46384,1.46401,344.0
2024-03-28 10:49:00,FX:EURCAD,1.46401,1.46415,1.46375,1.4638200000000001,277.0
2024-03-28 10:50:00,FX:EURCAD,1.4638200000000001,1.46384,1.4637,1.46375,193.0
2024-03-28 10:51:00,FX:EURCAD,1.46375,1.46375,1.46331,1.46333,328.0
2024-03-28 10:52:00,FX:EURCAD,1.46333,1.4634,1.46319,1.46323,224.0
2024-03-28 10:53:00,FX:EURCAD,1.46323,1.46333,1.4631800000000001,1.46333,191.0
2024-03-28 10:54:00,FX:EURCAD,1.46333,1.46336,1.4631,1.46316,179.0
2024-03-28 10:55:00,FX:EURCAD,1.46316,1.4633500000000002,1.46314,1.46332,283.0
2024-03-28 10:56:00,FX:EURCAD,1.46332,1.46366,1.46327,1.46363,289.0
2024-03-28 10:57:00,FX:EURCAD,1.46363,1.4637900000000001,1.4634500000000001,1.46346,299.0
2024-03-28 10:58:00,FX:EURCAD,1.46346,1.46364,1.4634200000000002,1.46346,244.0
2024-03-28 10:59:00,FX:EURCAD,1.46346,1.46367,1.46346,1.4635200000000002,314.0
2024-03-28 11:00:00,FX:EURCAD,1.4635200000000002,1.4635500000000001,1.46324,1.46336,388.0
2024-03-28 11:01:00,FX:EURCAD,1.46336,1.4633800000000001,1.46322,1.46331,221.0
2024-03-28 11:02:00,FX:EURCAD,1.46331,1.46337,1.46326,1.46333,227.0
2024-03-28 11:03:00,FX:EURCAD,1.46333,1.46354,1.4632800000000001,1.46351,274.0
2024-03-28 11:04:00,FX:EURCAD,1.46351,1.46354,1.46332,1.4633500000000002,214.0
2024-03-28 11:05:00,FX:EURCAD,1.4633500000000002,1.46339,1.46322,1.46331,153.0
2024-03-28 11:06:00,FX:EURCAD,1.46331,1.46334,1.46316,1.4632100000000001,173.0
2024-03-28 11:07:00,FX:EURCAD,1.4632100000000001,1.4632100000000001,1.4630800000000002,1.4631,126.0
2024-03-28 11:08:00,FX:EURCAD,1.4631,1.46316,1.46299,1.46314,210.0
2024-03-28 11:09:00,FX:EURCAD,1.46314,1.4632,1.4630400000000001,1.4631100000000001,203.0
2024-03-28 11:10:00,FX:EURCAD,1.4631100000000001,1.46312,1.46298,1.46309,332.0
2024-03-28 11:11:00,FX:EURCAD,1.46309,1.46314,1.46303,1.46314,266.0
2024-03-28 11:12:00,FX:EURCAD,1.46314,1.4631800000000001,1.46303,1.46314,130.0
2024-03-28 11:13:00,FX:EURCAD,1.46314,1.4632500000000002,1.46299,1.4632500000000002,149.0
2024-03-28 11:14:00,FX:EURCAD,1.4632500000000002,1.4632800000000001,1.46313,1.46322,134.0
2024-03-28 11:15:00,FX:EURCAD,1.46322,1.4632500000000002,1.46305,1.46305,144.0
2024-03-28 11:16:00,FX:EURCAD,1.46305,1.46309,1.46295,1.46298,198.0
2024-03-28 11:17:00,FX:EURCAD,1.46298,1.4631100000000001,1.46292,1.4630800000000002,212.0
2024-03-28 11:18:00,FX:EURCAD,1.4630800000000002,1.4630800000000002,1.4628400000000001,1.46297,198.0
2024-03-28 11:19:00,FX:EURCAD,1.46297,1.46297,1.4627700000000001,1.46289,221.0
2024-03-28 11:20:00,FX:EURCAD,1.46289,1.46289,1.46273,1.4627400000000002,180.0
2024-03-28 11:21:00,FX:EURCAD,1.4627400000000002,1.46305,1.4627000000000001,1.46299,308.0
2024-03-28 11:22:00,FX:EURCAD,1.46299,1.46306,1.4627400000000002,1.4627400000000002,141.0
2024-03-28 11:23:00,FX:EURCAD,1.4627400000000002,1.46275,1.46245,1.4624700000000002,134.0
2024-03-28 11:24:00,FX:EURCAD,1.4624700000000002,1.46256,1.46227,1.46238,204.0
2024-03-28 11:25:00,FX:EURCAD,1.46238,1.46239,1.462,1.4622300000000001,208.0
2024-03-28 11:26:00,FX:EURCAD,1.4622300000000001,1.46234,1.46204,1.4621,228.0
2024-03-28 11:27:00,FX:EURCAD,1.4621,1.46229,1.46204,1.46208,235.0
2024-03-28 11:28:00,FX:EURCAD,1.46208,1.46212,1.46204,1.46211,85.0
2024-03-28 11:29:00,FX:EURCAD,1.46211,1.46244,1.4621,1.4624300000000001,202.0
2024-03-28 11:30:00,FX:EURCAD,1.4624300000000001,1.46259,1.46242,1.46248,224.0
2024-03-28 11:31:00,FX:EURCAD,1.46248,1.46283,1.46242,1.46283,229.0
2024-03-28 11:32:00,FX:EURCAD,1.46283,1.46305,1.4627700000000001,1.4630100000000001,207.0
2024-03-28 11:33:00,FX:EURCAD,1.4630100000000001,1.46305,1.46271,1.46273,183.0
2024-03-28 11:34:00,FX:EURCAD,1.46273,1.46275,1.46258,1.4626700000000001,144.0
2024-03-28 11:35:00,FX:EURCAD,1.4626700000000001,1.46285,1.46259,1.46285,199.0
2024-03-28 11:36:00,FX:EURCAD,1.46285,1.46295,1.46281,1.46283,142.0
2024-03-28 11:37:00,FX:EURCAD,1.46283,1.46285,1.4626000000000001,1.46268,140.0
2024-03-28 11:38:00,FX:EURCAD,1.46268,1.4628400000000001,1.46262,1.4627000000000001,142.0
2024-03-28 11:39:00,FX:EURCAD,1.4627000000000001,1.4628,1.46266,1.4627000000000001,166.0
2024-03-28 11:40:00,FX:EURCAD,1.4627000000000001,1.46272,1.46238,1.4624000000000001,176.0
2024-03-28 11:41:00,FX:EURCAD,1.4624000000000001,1.46244,1.4622600000000001,1.46241,205.0
2024-03-28 11:42:00,FX:EURCAD,1.46241,1.4624300000000001,1.4620300000000002,1.46204,313.0
2024-03-28 11:43:00,FX:EURCAD,1.46204,1.46246,1.462,1.46225,324.0
2024-03-28 11:44:00,FX:EURCAD,1.46225,1.46225,1.462,1.4622,238.0
2024-03-28 11:45:00,FX:EURCAD,1.4622,1.46245,1.46208,1.4624300000000001,286.0
2024-03-28 11:46:00,FX:EURCAD,1.4624300000000001,1.46269,1.46238,1.46246,284.0
2024-03-28 11:47:00,FX:EURCAD,1.46246,1.46246,1.46205,1.46208,484.0
2024-03-28 11:48:00,FX:EURCAD,1.46208,1.4623300000000001,1.46204,1.46225,321.0
2024-03-28 11:49:00,FX:EURCAD,1.46225,1.46229,1.46194,1.46218,366.0
2024-03-28 11:50:00,FX:EURCAD,1.46218,1.46224,1.46195,1.4621600000000001,535.0
2024-03-28 11:51:00,FX:EURCAD,1.4621600000000001,1.46231,1.46192,1.46229,377.0
2024-03-28 11:52:00,FX:EURCAD,1.46229,1.46237,1.46205,1.46214,349.0
2024-03-28 11:53:00,FX:EURCAD,1.46214,1.46214,1.46178,1.4618200000000001,248.0
2024-03-28 11:54:00,FX:EURCAD,1.4618200000000001,1.46217,1.46181,1.4621600000000001,249.0
2024-03-28 11:55:00,FX:EURCAD,1.4621600000000001,1.46222,1.4618600000000002,1.46217,300.0
2024-03-28 11:56:00,FX:EURCAD,1.46217,1.46237,1.46205,1.46234,520.0
2024-03-28 11:57:00,FX:EURCAD,1.46234,1.46252,1.46166,1.46167,707.0
2024-03-28 11:58:00,FX:EURCAD,1.46167,1.46171,1.46129,1.46137,585.0
2024-03-28 11:59:00,FX:EURCAD,1.46137,1.46163,1.46133,1.4615200000000002,739.0
2024-03-28 12:00:00,FX:EURCAD,1.4615200000000002,1.46164,1.46127,1.4613500000000001,730.0
2024-03-28 12:01:00,FX:EURCAD,1.4613500000000001,1.4613800000000001,1.4610400000000001,1.46105,572.0
2024-03-28 12:02:00,FX:EURCAD,1.46105,1.46158,1.4610100000000001,1.46157,614.0
2024-03-28 12:03:00,FX:EURCAD,1.46157,1.46191,1.46157,1.4617900000000001,384.0
2024-03-28 12:04:00,FX:EURCAD,1.4617900000000001,1.46193,1.46164,1.46173,413.0
2024-03-28 12:05:00,FX:EURCAD,1.46173,1.46178,1.46126,1.4613800000000001,348.0
2024-03-28 12:06:00,FX:EURCAD,1.4613800000000001,1.4614,1.46123,1.46136,311.0
2024-03-28 12:07:00,FX:EURCAD,1.46136,1.46147,1.4611800000000001,1.46146,301.0
2024-03-28 12:08:00,FX:EURCAD,1.46146,1.46153,1.46139,1.46146,188.0
2024-03-28 12:09:00,FX:EURCAD,1.46146,1.4616200000000001,1.4614,1.4616200000000001,187.0
2024-03-28 12:10:00,FX:EURCAD,1.4616200000000001,1.46164,1.4614500000000001,1.4614800000000001,106.0
2024-03-28 12:11:00,FX:EURCAD,1.4614800000000001,1.46149,1.46122,1.46129,141.0
2024-03-28 12:12:00,FX:EURCAD,1.46129,1.46159,1.46129,1.46159,275.0
2024-03-28 12:13:00,FX:EURCAD,1.46159,1.46163,1.46149,1.4615200000000002,232.0
2024-03-28 12:14:00,FX:EURCAD,1.4615200000000002,1.46157,1.46146,1.46157,237.0
2024-03-28 12:15:00,FX:EURCAD,1.46157,1.46167,1.4615500000000001,1.46166,164.0
2024-03-28 12:16:00,FX:EURCAD,1.46166,1.4619600000000001,1.46166,1.46193,153.0
2024-03-28 12:17:00,FX:EURCAD,1.46193,1.46193,1.46166,1.46176,124.0
2024-03-28 12:18:00,FX:EURCAD,1.46176,1.4618200000000001,1.46171,1.4618,95.0
2024-03-28 12:19:00,FX:EURCAD,1.4618,1.4619600000000001,1.4618,1.4619600000000001,70.0
2024-03-28 12:20:00,FX:EURCAD,1.4619600000000001,1.46205,1.46184,1.4620300000000002,301.0
2024-03-28 12:21:00,FX:EURCAD,1.4620300000000002,1.46207,1.46194,1.46204,231.0
2024-03-28 12:22:00,FX:EURCAD,1.46204,1.4623300000000001,1.46204,1.46228,246.0
2024-03-28 12:23:00,FX:EURCAD,1.46228,1.46235,1.4621600000000001,1.4622300000000001,178.0
2024-03-28 12:24:00,FX:EURCAD,1.4622300000000001,1.46229,1.4621300000000002,1.4622600000000001,198.0
2024-03-28 12:25:00,FX:EURCAD,1.4622600000000001,1.46228,1.4621300000000002,1.46215,114.0
2024-03-28 12:26:00,FX:EURCAD,1.46215,1.46219,1.46195,1.4619900000000001,143.0
2024-03-28 12:27:00,FX:EURCAD,1.4619900000000001,1.46204,1.46191,1.4619900000000001,167.0
2024-03-28 12:28:00,FX:EURCAD,1.4619900000000001,1.46202,1.4617900000000001,1.4617900000000001,141.0
2024-03-28 12:29:00,FX:EURCAD,1.4617900000000001,1.46192,1.46175,1.4618600000000002,148.0
2024-03-28 12:30:00,FX:EURCAD,1.4618600000000002,1.46193,1.46173,1.46174,169.0
2024-03-28 12:31:00,FX:EURCAD,1.46174,1.462,1.46174,1.462,165.0
2024-03-28 12:32:00,FX:EURCAD,1.462,1.46207,1.46194,1.4619600000000001,182.0
2024-03-28 12:33:00,FX:EURCAD,1.4619600000000001,1.4619900000000001,1.46167,1.46177,208.0
2024-03-28 12:34:00,FX:EURCAD,1.46177,1.4619900000000001,1.46174,1.46193,153.0
2024-03-28 12:35:00,FX:EURCAD,1.46193,1.46218,1.46193,1.46218,205.0
2024-03-28 12:36:00,FX:EURCAD,1.46218,1.4622,1.46202,1.4620300000000002,139.0
2024-03-28 12:37:00,FX:EURCAD,1.4620300000000002,1.4620300000000002,1.46192,1.46194,128.0
2024-03-28 12:38:00,FX:EURCAD,1.46194,1.46201,1.46191,1.46194,118.0
2024-03-28 12:39:00,FX:EURCAD,1.46194,1.46195,1.4616500000000001,1.4616500000000001,186.0
2024-03-28 12:40:00,FX:EURCAD,1.4616500000000001,1.4617200000000001,1.46154,1.46154,178.0
2024-03-28 12:41:00,FX:EURCAD,1.46154,1.46154,1.4614500000000001,1.4615,134.0
2024-03-28 12:42:00,FX:EURCAD,1.4615,1.46164,1.46134,1.46134,215.0
2024-03-28 12:43:00,FX:EURCAD,1.46134,1.4613500000000001,1.46113,1.4612,154.0
2024-03-28 12:44:00,FX:EURCAD,1.4612,1.46166,1.46119,1.46134,171.0
2024-03-28 12:45:00,FX:EURCAD,1.46134,1.46149,1.4612800000000001,1.46136,143.0
2024-03-28 12:46:00,FX:EURCAD,1.46136,1.46141,1.46131,1.46141,110.0
2024-03-28 12:47:00,FX:EURCAD,1.46141,1.4615,1.4613800000000001,1.46144,121.0
2024-03-28 12:48:00,FX:EURCAD,1.46144,1.4614800000000001,1.46136,1.46136,76.0
2024-03-28 12:49:00,FX:EURCAD,1.46136,1.46153,1.46129,1.46149,134.0
2024-03-28 12:50:00,FX:EURCAD,1.46149,1.46153,1.46126,1.46136,148.0
2024-03-28 12:51:00,FX:EURCAD,1.46136,1.46141,1.46132,1.46136,157.0
2024-03-28 12:52:00,FX:EURCAD,1.46136,1.4615200000000002,1.46131,1.46131,215.0
2024-03-28 12:53:00,FX:EURCAD,1.46131,1.46157,1.4613,1.4615200000000002,206.0
2024-03-28 12:54:00,FX:EURCAD,1.4615200000000002,1.46178,1.46151,1.46178,132.0
2024-03-28 12:55:00,FX:EURCAD,1.46178,1.4619600000000001,1.46176,1.46187,224.0
2024-03-28 12:56:00,FX:EURCAD,1.46187,1.4619900000000001,1.4617200000000001,1.4619900000000001,168.0
2024-03-28 12:57:00,FX:EURCAD,1.4619900000000001,1.46201,1.46184,1.46185,217.0
2024-03-28 12:58:00,FX:EURCAD,1.46185,1.46208,1.46185,1.4619,164.0
2024-03-28 12:59:00,FX:EURCAD,1.4619,1.462,1.4618200000000001,1.46184,236.0
2024-03-28 13:00:00,FX:EURCAD,1.46184,1.4618600000000002,1.4616900000000002,1.4617900000000001,230.0
2024-03-28 13:01:00,FX:EURCAD,1.4617900000000001,1.4618600000000002,1.46164,1.46168,215.0
2024-03-28 13:02:00,FX:EURCAD,1.46168,1.46176,1.46161,1.46174,273.0
2024-03-28 13:03:00,FX:EURCAD,1.46174,1.46175,1.46139,1.4617200000000001,296.0
2024-03-28 13:04:00,FX:EURCAD,1.4617200000000001,1.46183,1.46163,1.46181,200.0
2024-03-28 13:05:00,FX:EURCAD,1.46181,1.46201,1.46173,1.46184,221.0
2024-03-28 13:06:00,FX:EURCAD,1.46184,1.46198,1.46175,1.46198,123.0
2024-03-28 13:07:00,FX:EURCAD,1.46198,1.46204,1.46193,1.46201,108.0
2024-03-28 13:08:00,FX:EURCAD,1.46201,1.46201,1.46194,1.46194,164.0
2024-03-28 13:09:00,FX:EURCAD,1.46194,1.46195,1.46171,1.4617200000000001,174.0
2024-03-28 13:10:00,FX:EURCAD,1.4617200000000001,1.46174,1.46158,1.46158,156.0
2024-03-28 13:11:00,FX:EURCAD,1.46158,1.46185,1.46158,1.4618,216.0
2024-03-28 13:12:00,FX:EURCAD,1.4618,1.46188,1.4617200000000001,1.46181,137.0
2024-03-28 13:13:00,FX:EURCAD,1.46181,1.46187,1.46176,1.46187,146.0
2024-03-28 13:14:00,FX:EURCAD,1.46187,1.4619,1.4618,1.4618600000000002,177.0
2024-03-28 13:15:00,FX:EURCAD,1.4618600000000002,1.46204,1.4617900000000001,1.462,227.0
2024-03-28 13:16:00,FX:EURCAD,1.462,1.4620300000000002,1.46191,1.4620300000000002,154.0
2024-03-28 13:17:00,FX:EURCAD,1.4620300000000002,1.4620600000000001,1.4618600000000002,1.4619,149.0
2024-03-28 13:18:00,FX:EURCAD,1.4619,1.46195,1.46178,1.4618,135.0
2024-03-28 13:19:00,FX:EURCAD,1.4618,1.46188,1.4617200000000001,1.46176,134.0
2024-03-28 13:20:00,FX:EURCAD,1.46176,1.46177,1.46168,1.46176,139.0
2024-03-28 13:21:00,FX:EURCAD,1.46176,1.4618200000000001,1.46176,1.4618200000000001,86.0
2024-03-28 13:22:00,FX:EURCAD,1.4618200000000001,1.46184,1.46176,1.4618200000000001,71.0
2024-03-28 13:23:00,FX:EURCAD,1.4618200000000001,1.46185,1.46181,1.46183,68.0
2024-03-28 13:24:00,FX:EURCAD,1.46183,1.46183,1.46168,1.46173,141.0
2024-03-28 13:25:00,FX:EURCAD,1.46173,1.46176,1.46164,1.46175,155.0
2024-03-28 13:26:00,FX:EURCAD,1.46175,1.46175,1.46158,1.4616200000000001,162.0
2024-03-28 13:27:00,FX:EURCAD,1.4616200000000001,1.46171,1.46156,1.46166,137.0
2024-03-28 13:28:00,FX:EURCAD,1.46166,1.46166,1.46147,1.46163,148.0
2024-03-28 13:29:00,FX:EURCAD,1.46163,1.46171,1.46163,1.46168,73.0
2024-03-28 13:30:00,FX:EURCAD,1.46168,1.46173,1.46166,1.46166,89.0
2024-03-28 13:31:00,FX:EURCAD,1.46166,1.46171,1.4615500000000001,1.4615500000000001,95.0
2024-03-28 13:32:00,FX:EURCAD,1.4615500000000001,1.46159,1.46147,1.46157,105.0
2024-03-28 13:33:00,FX:EURCAD,1.46157,1.46159,1.46149,1.46154,68.0
2024-03-28 13:34:00,FX:EURCAD,1.46154,1.46157,1.46151,1.46156,65.0
2024-03-28 13:35:00,FX:EURCAD,1.46156,1.46158,1.46146,1.46149,151.0
2024-03-28 13:36:00,FX:EURCAD,1.46149,1.4615200000000002,1.46141,1.46144,134.0
2024-03-28 13:37:00,FX:EURCAD,1.46144,1.46147,1.46131,1.46137,144.0
2024-03-28 13:38:00,FX:EURCAD,1.46137,1.46139,1.46127,1.4613500000000001,106.0
2024-03-28 13:39:00,FX:EURCAD,1.4613500000000001,1.46144,1.4613,1.46141,119.0
2024-03-28 13:40:00,FX:EURCAD,1.46141,1.46141,1.46134,1.46139,166.0
2024-03-28 13:41:00,FX:EURCAD,1.46139,1.46149,1.4613500000000001,1.46137,190.0
2024-03-28 13:42:00,FX:EURCAD,1.46137,1.46144,1.4611,1.46113,226.0
2024-03-28 13:43:00,FX:EURCAD,1.46113,1.4612800000000001,1.4610800000000002,1.46126,190.0
2024-03-28 13:44:00,FX:EURCAD,1.46126,1.46129,1.4611,1.4612500000000002,173.0
2024-03-28 13:45:00,FX:EURCAD,1.4612500000000002,1.46127,1.46109,1.46109,185.0
2024-03-28 13:46:00,FX:EURCAD,1.46109,1.46113,1.46102,1.4611,170.0
2024-03-28 13:47:00,FX:EURCAD,1.4611,1.46115,1.46106,1.46115,122.0
2024-03-28 13:48:00,FX:EURCAD,1.46115,1.46116,1.46105,1.46112,116.0
2024-03-28 13:49:00,FX:EURCAD,1.46112,1.46114,1.46105,1.4611100000000001,118.0
2024-03-28 13:50:00,FX:EURCAD,1.4611100000000001,1.4613500000000001,1.4611100000000001,1.46127,140.0
2024-03-28 13:51:00,FX:EURCAD,1.46127,1.46133,1.46126,1.46132,150.0
2024-03-28 13:52:00,FX:EURCAD,1.46132,1.4613500000000001,1.46126,1.4613,117.0
2024-03-28 13:53:00,FX:EURCAD,1.4613,1.4614500000000001,1.4613,1.4614200000000002,72.0
2024-03-28 13:54:00,FX:EURCAD,1.4614200000000002,1.46149,1.4613800000000001,1.46143,165.0
2024-03-28 13:55:00,FX:EURCAD,1.46143,1.46144,1.46127,1.46127,121.0
2024-03-28 13:56:00,FX:EURCAD,1.46127,1.46153,1.46127,1.4614800000000001,132.0
2024-03-28 13:57:00,FX:EURCAD,1.4614800000000001,1.46164,1.4614800000000001,1.46161,166.0
2024-03-28 13:58:00,FX:EURCAD,1.46161,1.46163,1.4614,1.46141,251.0
2024-03-28 13:59:00,FX:EURCAD,1.46141,1.4615,1.46132,1.46143,242.0
2024-03-28 14:00:00,FX:EURCAD,1.46143,1.46156,1.4614,1.46151,139.0
2024-03-28 14:01:00,FX:EURCAD,1.46151,1.4615500000000001,1.4613500000000001,1.46137,163.0
2024-03-28 14:02:00,FX:EURCAD,1.46137,1.46144,1.4613,1.4614,184.0
2024-03-28 14:03:00,FX:EURCAD,1.4614,1.4614500000000001,1.46137,1.4614500000000001,102.0
2024-03-28 14:04:00,FX:EURCAD,1.4614500000000001,1.4614500000000001,1.4613500000000001,1.46139,144.0
2024-03-28 14:05:00,FX:EURCAD,1.46139,1.46143,1.46127,1.4612800000000001,119.0
2024-03-28 14:06:00,FX:EURCAD,1.4612800000000001,1.4614200000000002,1.46123,1.46141,193.0
2024-03-28 14:07:00,FX:EURCAD,1.46141,1.46141,1.4612500000000002,1.46129,152.0
2024-03-28 14:08:00,FX:EURCAD,1.46129,1.46131,1.4612100000000001,1.46124,122.0
2024-03-28 14:09:00,FX:EURCAD,1.46124,1.46133,1.46122,1.46127,75.0
2024-03-28 14:10:00,FX:EURCAD,1.46127,1.46127,1.46114,1.4612100000000001,102.0
2024-03-28 14:11:00,FX:EURCAD,1.4612100000000001,1.46134,1.4611800000000001,1.46134,119.0
2024-03-28 14:12:00,FX:EURCAD,1.46134,1.4613500000000001,1.4611100000000001,1.46115,152.0
2024-03-28 14:13:00,FX:EURCAD,1.46115,1.46117,1.46105,1.46113,193.0
2024-03-28 14:14:00,FX:EURCAD,1.46113,1.4612,1.46109,1.46119,110.0
2024-03-28 14:15:00,FX:EURCAD,1.46119,1.4612,1.4610800000000002,1.46112,101.0
2024-03-28 14:16:00,FX:EURCAD,1.46112,1.46129,1.4610100000000001,1.46123,200.0
2024-03-28 14:17:00,FX:EURCAD,1.46123,1.46129,1.46116,1.46123,186.0
2024-03-28 14:18:00,FX:EURCAD,1.46123,1.4612800000000001,1.46116,1.46119,180.0
2024-03-28 14:19:00,FX:EURCAD,1.46119,1.4613,1.4611,1.4612,341.0
2024-03-28 14:20:00,FX:EURCAD,1.4612,1.4613500000000001,1.46114,1.46124,186.0
2024-03-28 14:21:00,FX:EURCAD,1.46124,1.4614800000000001,1.46124,1.4614200000000002,156.0
2024-03-28 14:22:00,FX:EURCAD,1.4614200000000002,1.46151,1.46141,1.4614200000000002,133.0
2024-03-28 14:23:00,FX:EURCAD,1.4614200000000002,1.4614500000000001,1.46127,1.46137,157.0
2024-03-28 14:24:00,FX:EURCAD,1.46137,1.4613800000000001,1.46126,1.46127,89.0
2024-03-28 14:25:00,FX:EURCAD,1.46127,1.46129,1.46115,1.46115,66.0
2024-03-28 14:26:00,FX:EURCAD,1.46115,1.46119,1.4610800000000002,1.46109,108.0
2024-03-28 14:27:00,FX:EURCAD,1.46109,1.46112,1.46096,1.4610100000000001,113.0
2024-03-28 14:28:00,FX:EURCAD,1.4610100000000001,1.46107,1.46097,1.46099,69.0
2024-03-28 14:29:00,FX:EURCAD,1.46099,1.4611,1.46095,1.46109,141.0
2024-03-28 14:30:00,FX:EURCAD,1.46109,1.46109,1.46105,1.46106,84.0
2024-03-28 14:31:00,FX:EURCAD,1.46106,1.46107,1.46095,1.46098,24.0
2024-03-28 14:32:00,FX:EURCAD,1.46098,1.46106,1.46092,1.4610400000000001,75.0
2024-03-28 14:33:00,FX:EURCAD,1.4610400000000001,1.46109,1.46103,1.4610800000000002,83.0
2024-03-28 14:34:00,FX:EURCAD,1.4610800000000002,1.46115,1.4610100000000001,1.46115,89.0
2024-03-28 14:35:00,FX:EURCAD,1.46115,1.46129,1.46114,1.46129,99.0
2024-03-28 14:36:00,FX:EURCAD,1.46129,1.46129,1.46113,1.46113,89.0
2024-03-28 14:37:00,FX:EURCAD,1.46113,1.46123,1.4610800000000002,1.4611100000000001,140.0
2024-03-28 14:38:00,FX:EURCAD,1.4611100000000001,1.4612100000000001,1.4611100000000001,1.46117,80.0
2024-03-28 14:39:00,FX:EURCAD,1.46117,1.46123,1.46117,1.4612,65.0
2024-03-28 14:40:00,FX:EURCAD,1.4612,1.4612,1.46107,1.46116,87.0
2024-03-28 14:41:00,FX:EURCAD,1.46116,1.46124,1.4611,1.4611100000000001,95.0
2024-03-28 14:42:00,FX:EURCAD,1.4611100000000001,1.46117,1.4611100000000001,1.46114,52.0
2024-03-28 14:43:00,FX:EURCAD,1.46114,1.46129,1.46114,1.46114,155.0
2024-03-28 14:44:00,FX:EURCAD,1.46114,1.4612100000000001,1.46112,1.4611800000000001,97.0
2024-03-28 14:45:00,FX:EURCAD,1.4611800000000001,1.46119,1.4611100000000001,1.4611800000000001,105.0
2024-03-28 14:46:00,FX:EURCAD,1.4611800000000001,1.4612100000000001,1.46116,1.46117,34.0
2024-03-28 14:47:00,FX:EURCAD,1.46117,1.46119,1.46096,1.4610100000000001,147.0
2024-03-28 14:48:00,FX:EURCAD,1.4610100000000001,1.46109,1.46096,1.4610100000000001,122.0
2024-03-28 14:49:00,FX:EURCAD,1.4610100000000001,1.46107,1.46098,1.46103,74.0
2024-03-28 14:50:00,FX:EURCAD,1.46103,1.4610400000000001,1.4608100000000002,1.46083,141.0
2024-03-28 14:51:00,FX:EURCAD,1.46083,1.4608700000000001,1.46063,1.46068,165.0
2024-03-28 14:52:00,FX:EURCAD,1.46068,1.46069,1.46059,1.46066,86.0
2024-03-28 14:53:00,FX:EURCAD,1.46066,1.4606700000000001,1.4605700000000001,1.4605700000000001,42.0
2024-03-28 14:54:00,FX:EURCAD,1.4605700000000001,1.4606400000000002,1.46056,1.4605700000000001,37.0
2024-03-28 14:55:00,FX:EURCAD,1.4605700000000001,1.46062,1.46055,1.46058,63.0
2024-03-28 14:56:00,FX:EURCAD,1.46058,1.46059,1.46049,1.46053,50.0
2024-03-28 14:57:00,FX:EURCAD,1.46053,1.46058,1.4604700000000002,1.46052,106.0
2024-03-28 14:58:00,FX:EURCAD,1.46052,1.46052,1.46036,1.46046,171.0
2024-03-28 14:59:00,FX:EURCAD,1.46046,1.46055,1.46044,1.46052,181.0
2024-03-28 15:00:00,FX:EURCAD,1.46052,1.46078,1.46052,1.46078,92.0
2024-03-28 15:01:00,FX:EURCAD,1.46078,1.4608700000000001,1.46058,1.46061,117.0
2024-03-28 15:02:00,FX:EURCAD,1.46061,1.46065,1.46058,1.46065,127.0
2024-03-28 15:03:00,FX:EURCAD,1.46065,1.46068,1.46059,1.46066,70.0
2024-03-28 15:04:00,FX:EURCAD,1.46066,1.46075,1.46065,1.46068,114.0
2024-03-28 15:05:00,FX:EURCAD,1.46068,1.46079,1.46068,1.46075,85.0
2024-03-28 15:06:00,FX:EURCAD,1.46075,1.46083,1.46073,1.46075,109.0
2024-03-28 15:07:00,FX:EURCAD,1.46075,1.4609400000000001,1.46075,1.4609400000000001,155.0
2024-03-28 15:08:00,FX:EURCAD,1.4609400000000001,1.46103,1.46093,1.46098,166.0
2024-03-28 15:09:00,FX:EURCAD,1.46098,1.46105,1.46095,1.46102,120.0
2024-03-28 15:10:00,FX:EURCAD,1.46102,1.46113,1.46099,1.46113,135.0
2024-03-28 15:11:00,FX:EURCAD,1.46113,1.46116,1.4610800000000002,1.46112,114.0
2024-03-28 15:12:00,FX:EURCAD,1.46112,1.46117,1.46107,1.4610800000000002,124.0
2024-03-28 15:13:00,FX:EURCAD,1.4610800000000002,1.46114,1.46106,1.46112,95.0
2024-03-28 15:14:00,FX:EURCAD,1.46112,1.46112,1.46095,1.46095,85.0
2024-03-28 15:15:00,FX:EURCAD,1.46095,1.46107,1.46095,1.46097,83.0
2024-03-28 15:16:00,FX:EURCAD,1.46097,1.46105,1.46089,1.46105,93.0
2024-03-28 15:17:00,FX:EURCAD,1.46105,1.46116,1.46103,1.46109,178.0
2024-03-28 15:18:00,FX:EURCAD,1.46109,1.4611100000000001,1.46099,1.46106,111.0
2024-03-28 15:19:00,FX:EURCAD,1.46106,1.46106,1.46097,1.4610400000000001,104.0
2024-03-28 15:20:00,FX:EURCAD,1.4610400000000001,1.46109,1.4609,1.4609400000000001,151.0
2024-03-28 15:21:00,FX:EURCAD,1.4609400000000001,1.46095,1.46088,1.46089,112.0
2024-03-28 15:22:00,FX:EURCAD,1.46089,1.4609100000000002,1.46086,1.46088,81.0
2024-03-28 15:23:00,FX:EURCAD,1.46088,1.46099,1.4608700000000001,1.46099,90.0
2024-03-28 15:24:00,FX:EURCAD,1.46099,1.46105,1.46097,1.4610100000000001,169.0
2024-03-28 15:25:00,FX:EURCAD,1.4610100000000001,1.46109,1.46099,1.4610400000000001,181.0
2024-03-28 15:26:00,FX:EURCAD,1.4610400000000001,1.4611,1.46103,1.4610800000000002,97.0
2024-03-28 15:27:00,FX:EURCAD,1.4610800000000002,1.4612,1.46107,1.46113,107.0
2024-03-28 15:28:00,FX:EURCAD,1.46113,1.4612500000000002,1.46113,1.4612500000000002,108.0
2024-03-28 15:29:00,FX:EURCAD,1.4612500000000002,1.4612500000000002,1.46114,1.4611800000000001,168.0
2024-03-28 15:30:00,FX:EURCAD,1.4611800000000001,1.46122,1.46114,1.46122,80.0
2024-03-28 15:31:00,FX:EURCAD,1.46122,1.46131,1.4612100000000001,1.46122,112.0
2024-03-28 15:32:00,FX:EURCAD,1.46122,1.46134,1.46122,1.46122,153.0
2024-03-28 15:33:00,FX:EURCAD,1.46122,1.46123,1.46116,1.46123,127.0
2024-03-28 15:34:00,FX:EURCAD,1.46123,1.46123,1.46112,1.46112,119.0
2024-03-28 15:35:00,FX:EURCAD,1.46112,1.4612100000000001,1.4611,1.4612100000000001,139.0
2024-03-28 15:36:00,FX:EURCAD,1.4612100000000001,1.4612100000000001,1.46098,1.46098,165.0
2024-03-28 15:37:00,FX:EURCAD,1.46098,1.46099,1.46095,1.46099,119.0
2024-03-28 15:38:00,FX:EURCAD,1.46099,1.4610400000000001,1.4609400000000001,1.4610400000000001,146.0
2024-03-28 15:39:00,FX:EURCAD,1.4610400000000001,1.46106,1.4609400000000001,1.4609400000000001,105.0
2024-03-28 15:40:00,FX:EURCAD,1.4609400000000001,1.46097,1.46089,1.46092,106.0
2024-03-28 15:41:00,FX:EURCAD,1.46092,1.46093,1.46088,1.46093,154.0
2024-03-28 15:42:00,FX:EURCAD,1.46093,1.46096,1.46089,1.4609100000000002,92.0
2024-03-28 15:43:00,FX:EURCAD,1.4609100000000002,1.46103,1.4609,1.46102,104.0
2024-03-28 15:44:00,FX:EURCAD,1.46102,1.46103,1.46083,1.46085,85.0
2024-03-28 15:45:00,FX:EURCAD,1.46085,1.46092,1.4608400000000001,1.46089,87.0
2024-03-28 15:46:00,FX:EURCAD,1.46089,1.4609,1.4607400000000001,1.4608100000000002,137.0
2024-03-28 15:47:00,FX:EURCAD,1.4608100000000002,1.4608400000000001,1.4606700000000001,1.4608400000000001,124.0
2024-03-28 15:48:00,FX:EURCAD,1.4608400000000001,1.46085,1.46066,1.4607700000000001,114.0
2024-03-28 15:49:00,FX:EURCAD,1.4607700000000001,1.4607700000000001,1.4606400000000002,1.4607,97.0
2024-03-28 15:50:00,FX:EURCAD,1.4607,1.46089,1.46068,1.46089,145.0
2024-03-28 15:51:00,FX:EURCAD,1.46089,1.46089,1.46071,1.46082,179.0
2024-03-28 15:52:00,FX:EURCAD,1.46082,1.4608400000000001,1.46065,1.4608400000000001,136.0
2024-03-28 15:53:00,FX:EURCAD,1.4608400000000001,1.4609100000000002,1.4607700000000001,1.4609,94.0
2024-03-28 15:54:00,FX:EURCAD,1.4609,1.46095,1.46069,1.46069,210.0
2024-03-28 15:55:00,FX:EURCAD,1.46069,1.4607,1.46059,1.46065,81.0
2024-03-28 15:56:00,FX:EURCAD,1.46065,1.4608100000000002,1.46058,1.46065,223.0
2024-03-28 15:57:00,FX:EURCAD,1.46065,1.46103,1.46061,1.46093,148.0
2024-03-28 15:58:00,FX:EURCAD,1.46093,1.46122,1.4609100000000002,1.46116,244.0
2024-03-28 15:59:00,FX:EURCAD,1.46116,1.4611800000000001,1.461,1.4611100000000001,331.0
2024-03-28 16:00:00,FX:EURCAD,1.4611100000000001,1.4613800000000001,1.46103,1.4613800000000001,236.0
2024-03-28 16:01:00,FX:EURCAD,1.4613800000000001,1.46153,1.4613500000000001,1.4614800000000001,129.0
2024-03-28 16:02:00,FX:EURCAD,1.4614800000000001,1.4614800000000001,1.46136,1.46137,23.0
2024-03-28 16:03:00,FX:EURCAD,1.46137,1.46144,1.46134,1.4614200000000002,92.0
2024-03-28 16:04:00,FX:EURCAD,1.4614200000000002,1.4614500000000001,1.46132,1.4614,59.0
2024-03-28 16:05:00,FX:EURCAD,1.4614,1.4614500000000001,1.46127,1.46137,75.0
2024-03-28 16:06:00,FX:EURCAD,1.46137,1.46137,1.4613500000000001,1.46136,61.0
2024-03-28 16:07:00,FX:EURCAD,1.46136,1.4613800000000001,1.46132,1.46134,119.0
2024-03-28 16:08:00,FX:EURCAD,1.46134,1.4613800000000001,1.46134,1.46136,74.0
2024-03-28 16:09:00,FX:EURCAD,1.46136,1.46137,1.46132,1.46137,49.0
2024-03-28 16:10:00,FX:EURCAD,1.46137,1.46137,1.46122,1.46134,73.0
2024-03-28 16:11:00,FX:EURCAD,1.46134,1.4614500000000001,1.46131,1.46143,64.0
2024-03-28 16:12:00,FX:EURCAD,1.46143,1.4614800000000001,1.46141,1.4614500000000001,170.0
2024-03-28 16:13:00,FX:EURCAD,1.4614500000000001,1.46153,1.46143,1.46153,40.0
2024-03-28 16:14:00,FX:EURCAD,1.46153,1.46159,1.46151,1.4615500000000001,51.0
2024-03-28 16:15:00,FX:EURCAD,1.4615500000000001,1.46157,1.46153,1.46156,38.0
2024-03-28 16:16:00,FX:EURCAD,1.46156,1.46159,1.4614200000000002,1.4614200000000002,185.0
2024-03-28 16:17:00,FX:EURCAD,1.4614200000000002,1.46147,1.46141,1.46147,35.0
2024-03-28 16:18:00,FX:EURCAD,1.46147,1.46149,1.4613800000000001,1.46146,64.0
2024-03-28 16:19:00,FX:EURCAD,1.46146,1.4615200000000002,1.4614500000000001,1.46147,43.0
2024-03-28 16:20:00,FX:EURCAD,1.46147,1.46147,1.46115,1.46115,111.0
2024-03-28 16:21:00,FX:EURCAD,1.46115,1.46115,1.46106,1.4611100000000001,49.0
2024-03-28 16:22:00,FX:EURCAD,1.4611100000000001,1.46112,1.4610400000000001,1.4610800000000002,58.0
2024-03-28 16:23:00,FX:EURCAD,1.4610800000000002,1.46109,1.4610800000000002,1.46109,6.0
2024-03-28 16:24:00,FX:EURCAD,1.46109,1.46114,1.4610800000000002,1.46113,18.0
2024-03-28 16:25:00,FX:EURCAD,1.46113,1.46114,1.46106,1.46107,23.0
2024-03-28 16:26:00,FX:EURCAD,1.46107,1.46112,1.46107,1.4611,17.0
2024-03-28 16:27:00,FX:EURCAD,1.4611,1.46112,1.46109,1.46112,19.0
2024-03-28 16:28:00,FX:EURCAD,1.46112,1.46112,1.46109,1.46112,11.0
2024-03-28 16:29:00,FX:EURCAD,1.46112,1.46116,1.4611100000000001,1.46116,28.0
2024-03-28 16:30:00,FX:EURCAD,1.46116,1.4612,1.46114,1.4612,25.0
2024-03-28 16:31:00,FX:EURCAD,1.4612,1.46122,1.46119,1.46122,5.0
2024-03-28 16:32:00,FX:EURCAD,1.46122,1.46122,1.46113,1.46119,33.0
2024-03-28 16:33:00,FX:EURCAD,1.46119,1.46119,1.46107,1.4610800000000002,77.0
2024-03-28 16:34:00,FX:EURCAD,1.4610800000000002,1.46113,1.4610800000000002,1.46113,22.0
2024-03-28 16:35:00,FX:EURCAD,1.46113,1.46113,1.46106,1.46106,22.0
2024-03-28 16:36:00,FX:EURCAD,1.46106,1.4610800000000002,1.4610100000000001,1.4610100000000001,15.0
2024-03-28 16:37:00,FX:EURCAD,1.4610100000000001,1.4610100000000001,1.461,1.461,40.0
2024-03-28 16:38:00,FX:EURCAD,1.461,1.46103,1.46098,1.46103,31.0
2024-03-28 16:39:00,FX:EURCAD,1.46103,1.4611100000000001,1.4610100000000001,1.4610800000000002,91.0
2024-03-28 16:40:00,FX:EURCAD,1.4610800000000002,1.46117,1.46105,1.46117,61.0
2024-03-28 16:41:00,FX:EURCAD,1.46117,1.46117,1.4611100000000001,1.4611100000000001,36.0
2024-03-28 16:42:00,FX:EURCAD,1.4611100000000001,1.46114,1.46109,1.4611100000000001,91.0
2024-03-28 16:43:00,FX:EURCAD,1.4611100000000001,1.4611100000000001,1.46099,1.46106,40.0
2024-03-28 16:44:00,FX:EURCAD,1.46106,1.4611,1.46103,1.4610800000000002,36.0
2024-03-28 16:45:00,FX:EURCAD,1.4610800000000002,1.46109,1.4610800000000002,1.46109,19.0
2024-03-28 16:46:00,FX:EURCAD,1.46109,1.46109,1.4610100000000001,1.4610400000000001,21.0
2024-03-28 16:47:00,FX:EURCAD,1.4610400000000001,1.46106,1.46075,1.46085,57.0
2024-03-28 16:48:00,FX:EURCAD,1.46085,1.4609100000000002,1.46076,1.4607700000000001,80.0
2024-03-28 16:49:00,FX:EURCAD,1.4607700000000001,1.4608100000000002,1.46053,1.4606400000000002,145.0
2024-03-28 16:50:00,FX:EURCAD,1.4606400000000002,1.46069,1.46052,1.46052,44.0
2024-03-28 16:51:00,FX:EURCAD,1.46052,1.46069,1.46051,1.4606000000000001,74.0
2024-03-28 16:52:00,FX:EURCAD,1.4606000000000001,1.46063,1.46055,1.46055,29.0
2024-03-28 16:53:00,FX:EURCAD,1.46055,1.4606700000000001,1.46055,1.46061,71.0
2024-03-28 16:54:00,FX:EURCAD,1.46061,1.4606400000000002,1.46051,1.46051,82.0
2024-03-28 16:55:00,FX:EURCAD,1.46051,1.46051,1.46036,1.46037,133.0
2024-03-28 16:56:00,FX:EURCAD,1.46037,1.46048,1.46035,1.46038,102.0
2024-03-28 16:57:00,FX:EURCAD,1.46038,1.46053,1.46002,1.46053,49.0
2024-03-28 16:58:00,FX:EURCAD,1.46053,1.46056,1.4604700000000002,1.46053,16.0
2024-03-28 16:59:00,FX:EURCAD,1.46053,1.46053,1.4605000000000001,1.4605000000000001,1.0
2024-03-28 17:02:00,FX:EURCAD,1.4605000000000001,1.4605000000000001,1.45977,1.4597900000000001,4.0
2024-03-28 17:03:00,FX:EURCAD,1.4597900000000001,1.4597900000000001,1.45968,1.45968,18.0
2024-03-28 17:04:00,FX:EURCAD,1.45968,1.45978,1.45967,1.45978,7.0
2024-03-28 17:05:00,FX:EURCAD,1.45978,1.46034,1.4597,1.4603000000000002,62.0
2024-03-28 17:06:00,FX:EURCAD,1.4603000000000002,1.46035,1.4603000000000002,1.46035,8.0
2024-03-28 17:07:00,FX:EURCAD,1.46035,1.46048,1.46031,1.46048,14.0
2024-03-28 17:08:00,FX:EURCAD,1.46048,1.4605000000000001,1.46046,1.4604700000000002,25.0
2024-03-28 17:09:00,FX:EURCAD,1.4604700000000002,1.46056,1.4604700000000002,1.46055,10.0
2024-03-28 17:10:00,FX:EURCAD,1.46055,1.46056,1.4605000000000001,1.4605000000000001,19.0
2024-03-28 17:11:00,FX:EURCAD,1.4605000000000001,1.46051,1.46046,1.46048,18.0
2024-03-28 17:12:00,FX:EURCAD,1.46048,1.46048,1.4604300000000001,1.46046,19.0
2024-03-28 17:13:00,FX:EURCAD,1.46046,1.46054,1.46042,1.46054,26.0
2024-03-28 17:14:00,FX:EURCAD,1.46054,1.46056,1.46049,1.46053,23.0
2024-03-28 17:15:00,FX:EURCAD,1.46053,1.4606400000000002,1.46045,1.4605700000000001,89.0
2024-03-28 17:16:00,FX:EURCAD,1.4605700000000001,1.46063,1.46048,1.46051,105.0
2024-03-28 17:17:00,FX:EURCAD,1.46051,1.46068,1.46049,1.46051,70.0
2024-03-28 17:18:00,FX:EURCAD,1.46051,1.4607,1.46049,1.46049,150.0
2024-03-28 17:19:00,FX:EURCAD,1.46049,1.4607700000000001,1.46049,1.46059,131.0
2024-03-28 17:20:00,FX:EURCAD,1.46059,1.46075,1.46055,1.46059,203.0
2024-03-28 17:21:00,FX:EURCAD,1.46059,1.46071,1.46053,1.46056,233.0
2024-03-28 17:22:00,FX:EURCAD,1.46056,1.46076,1.46051,1.4606000000000001,277.0
2024-03-28 17:23:00,FX:EURCAD,1.4606000000000001,1.46071,1.46056,1.46058,170.0
2024-03-28 17:24:00,FX:EURCAD,1.46058,1.46072,1.46053,1.46065,75.0
2024-03-28 17:25:00,FX:EURCAD,1.46065,1.46065,1.46056,1.46059,91.0
2024-03-28 17:26:00,FX:EURCAD,1.46059,1.46071,1.46046,1.46052,197.0
2024-03-28 17:27:00,FX:EURCAD,1.46052,1.46078,1.4605000000000001,1.46078,67.0
2024-03-28 17:28:00,FX:EURCAD,1.46078,1.4608100000000002,1.4605000000000001,1.46052,195.0
2024-03-28 17:29:00,FX:EURCAD,1.46052,1.46054,1.46051,1.46051,4.0
2024-03-28 17:30:00,FX:EURCAD,1.46051,1.4606700000000001,1.46049,1.46065,82.0
2024-03-28 17:31:00,FX:EURCAD,1.46065,1.46069,1.46056,1.46065,155.0
2024-03-28 17:32:00,FX:EURCAD,1.46065,1.46068,1.46059,1.4606400000000002,90.0
2024-03-28 17:33:00,FX:EURCAD,1.4606400000000002,1.4607,1.46061,1.4606400000000002,56.0
2024-03-28 17:34:00,FX:EURCAD,1.4606400000000002,1.4607,1.46049,1.46066,50.0
2024-03-28 17:35:00,FX:EURCAD,1.46066,1.46076,1.46054,1.46072,221.0
2024-03-28 17:36:00,FX:EURCAD,1.46072,1.4607400000000001,1.4606400000000002,1.46073,159.0
2024-03-28 17:37:00,FX:EURCAD,1.46073,1.46073,1.4605700000000001,1.46066,389.0
2024-03-28 17:38:00,FX:EURCAD,1.46066,1.46079,1.4605700000000001,1.46069,852.0
2024-03-28 17:39:00,FX:EURCAD,1.46069,1.4608100000000002,1.4602300000000001,1.46065,882.0
2024-03-28 17:40:00,FX:EURCAD,1.46065,1.4607700000000001,1.46048,1.4605700000000001,637.0
2024-03-28 17:41:00,FX:EURCAD,1.4605700000000001,1.46076,1.4605000000000001,1.46056,515.0
2024-03-28 17:42:00,FX:EURCAD,1.46056,1.4606400000000002,1.46053,1.46061,224.0
2024-03-28 17:43:00,FX:EURCAD,1.46061,1.46068,1.46049,1.46053,132.0
2024-03-28 17:44:00,FX:EURCAD,1.46053,1.4606000000000001,1.4604700000000002,1.4605700000000001,154.0
2024-03-28 17:45:00,FX:EURCAD,1.4605700000000001,1.4606000000000001,1.46042,1.4605700000000001,353.0
2024-03-28 17:46:00,FX:EURCAD,1.4605700000000001,1.46065,1.4605000000000001,1.46056,220.0
2024-03-28 17:47:00,FX:EURCAD,1.46056,1.46061,1.46045,1.46045,158.0
2024-03-28 17:48:00,FX:EURCAD,1.46045,1.46065,1.46041,1.46058,309.0
2024-03-28 17:49:00,FX:EURCAD,1.46058,1.46068,1.4605000000000001,1.46056,166.0
2024-03-28 17:50:00,FX:EURCAD,1.46056,1.46061,1.46046,1.46053,384.0
2024-03-28 17:51:00,FX:EURCAD,1.46053,1.46059,1.46044,1.46048,401.0
2024-03-28 17:52:00,FX:EURCAD,1.46048,1.46054,1.46042,1.46053,230.0
2024-03-28 17:53:00,FX:EURCAD,1.46053,1.4605700000000001,1.46044,1.4605000000000001,189.0
2024-03-28 17:54:00,FX:EURCAD,1.4605000000000001,1.46054,1.46042,1.46045,435.0
2024-03-28 17:55:00,FX:EURCAD,1.46045,1.46063,1.46041,1.46052,422.0
2024-03-28 17:56:00,FX:EURCAD,1.46052,1.4606000000000001,1.4604300000000001,1.4604300000000001,112.0
2024-03-28 17:57:00,FX:EURCAD,1.4604300000000001,1.4605700000000001,1.46039,1.46042,144.0
2024-03-28 17:58:00,FX:EURCAD,1.46042,1.46055,1.4604000000000001,1.46046,155.0
2024-03-28 17:59:00,FX:EURCAD,1.46046,1.46053,1.46039,1.46042,127.0
2024-03-28 18:00:00,FX:EURCAD,1.46042,1.4605700000000001,1.46042,1.46054,43.0
2024-03-28 18:01:00,FX:EURCAD,1.46054,1.46123,1.46052,1.46053,158.0
2024-03-28 18:02:00,FX:EURCAD,1.46053,1.4608,1.46053,1.46066,265.0
2024-03-28 18:03:00,FX:EURCAD,1.46066,1.46071,1.46052,1.46062,169.0
2024-03-28 18:04:00,FX:EURCAD,1.46062,1.46065,1.46051,1.4606000000000001,96.0
2024-03-28 18:05:00,FX:EURCAD,1.4606000000000001,1.46076,1.46051,1.46051,126.0
2024-03-28 18:06:00,FX:EURCAD,1.46051,1.46063,1.4604700000000002,1.46058,36.0
2024-03-28 18:07:00,FX:EURCAD,1.46058,1.46063,1.46052,1.46054,62.0
2024-03-28 18:08:00,FX:EURCAD,1.46054,1.46069,1.46051,1.46061,67.0
2024-03-28 18:09:00,FX:EURCAD,1.46061,1.46063,1.46051,1.46052,40.0
2024-03-28 18:10:00,FX:EURCAD,1.46052,1.46055,1.46032,1.46055,68.0
2024-03-28 18:11:00,FX:EURCAD,1.46055,1.4605700000000001,1.4604000000000001,1.4605700000000001,47.0
2024-03-28 18:12:00,FX:EURCAD,1.4605700000000001,1.4605700000000001,1.4604000000000001,1.46056,78.0
2024-03-28 18:13:00,FX:EURCAD,1.46056,1.46056,1.46029,1.46037,53.0
2024-03-28 18:14:00,FX:EURCAD,1.46037,1.4608100000000002,1.4603300000000001,1.4607700000000001,131.0
2024-03-28 18:15:00,FX:EURCAD,1.4607700000000001,1.461,1.46051,1.46092,440.0
2024-03-28 18:16:00,FX:EURCAD,1.46092,1.46099,1.4605000000000001,1.46065,433.0
2024-03-28 18:17:00,FX:EURCAD,1.46065,1.4608,1.46055,1.4605700000000001,196.0
2024-03-28 18:18:00,FX:EURCAD,1.4605700000000001,1.46075,1.46056,1.4607400000000001,96.0
2024-03-28 18:19:00,FX:EURCAD,1.4607400000000001,1.46082,1.46065,1.4607,74.0
2024-03-28 18:20:00,FX:EURCAD,1.4607,1.46083,1.4605700000000001,1.46073,149.0
2024-03-28 18:21:00,FX:EURCAD,1.46073,1.46093,1.46073,1.4608,147.0
2024-03-28 18:22:00,FX:EURCAD,1.4608,1.4608,1.4605700000000001,1.4606000000000001,302.0
2024-03-28 18:23:00,FX:EURCAD,1.4606000000000001,1.46085,1.46059,1.4608100000000002,114.0
2024-03-28 18:24:00,FX:EURCAD,1.4608100000000002,1.46085,1.4605700000000001,1.4606000000000001,204.0
2024-03-28 18:25:00,FX:EURCAD,1.4606000000000001,1.4609100000000002,1.46058,1.46059,68.0
2024-03-28 18:26:00,FX:EURCAD,1.46059,1.46097,1.46055,1.46088,283.0
2024-03-28 18:27:00,FX:EURCAD,1.46088,1.4609400000000001,1.46054,1.46054,165.0
2024-03-28 18:28:00,FX:EURCAD,1.46054,1.46069,1.46054,1.4606000000000001,95.0
2024-03-28 18:29:00,FX:EURCAD,1.4606000000000001,1.4606700000000001,1.46054,1.46063,81.0
2024-03-28 18:30:00,FX:EURCAD,1.46063,1.46073,1.46063,1.46065,57.0
2024-03-28 18:31:00,FX:EURCAD,1.46065,1.4608,1.46061,1.46073,52.0
2024-03-28 18:32:00,FX:EURCAD,1.46073,1.4607400000000001,1.46052,1.46065,68.0
2024-03-28 18:33:00,FX:EURCAD,1.46065,1.4606700000000001,1.4605700000000001,1.4605700000000001,58.0
2024-03-28 18:34:00,FX:EURCAD,1.4605700000000001,1.4607400000000001,1.4605700000000001,1.46061,87.0
2024-03-28 18:35:00,FX:EURCAD,1.46061,1.46063,1.46055,1.4605700000000001,59.0
2024-03-28 18:36:00,FX:EURCAD,1.4605700000000001,1.4607,1.4605700000000001,1.4606400000000002,53.0
2024-03-28 18:37:00,FX:EURCAD,1.4606400000000002,1.46066,1.4605700000000001,1.46058,98.0
2024-03-28 18:38:00,FX:EURCAD,1.46058,1.46062,1.4596900000000002,1.4606000000000001,57.0
2024-03-28 18:39:00,FX:EURCAD,1.4606000000000001,1.46063,1.4605000000000001,1.46061,160.0
2024-03-28 18:40:00,FX:EURCAD,1.46061,1.46075,1.46053,1.46055,57.0
2024-03-28 18:41:00,FX:EURCAD,1.46055,1.46065,1.46053,1.46062,44.0
2024-03-28 18:42:00,FX:EURCAD,1.46062,1.46063,1.46055,1.46055,78.0
2024-03-28 18:43:00,FX:EURCAD,1.46055,1.4605700000000001,1.46054,1.4605700000000001,237.0
2024-03-28 18:44:00,FX:EURCAD,1.4605700000000001,1.46059,1.4605700000000001,1.46059,142.0
2024-03-28 18:45:00,FX:EURCAD,1.46059,1.46059,1.46059,1.46059,126.0
2024-03-28 18:46:00,FX:EURCAD,1.46059,1.4606000000000001,1.46059,1.4606000000000001,101.0
2024-03-28 18:47:00,FX:EURCAD,1.4606000000000001,1.4606000000000001,1.46031,1.46046,146.0
2024-03-28 18:48:00,FX:EURCAD,1.46046,1.4606000000000001,1.46046,1.4606000000000001,130.0
2024-03-28 18:49:00,FX:EURCAD,1.4606000000000001,1.4606000000000001,1.46045,1.4606000000000001,74.0
2024-03-28 18:50:00,FX:EURCAD,1.4606000000000001,1.4606000000000001,1.46058,1.4606000000000001,150.0
2024-03-28 18:51:00,FX:EURCAD,1.4606000000000001,1.4606000000000001,1.46036,1.46059,368.0
2024-03-28 18:52:00,FX:EURCAD,1.46059,1.46059,1.4605700000000001,1.46058,344.0
2024-03-28 18:53:00,FX:EURCAD,1.46058,1.46058,1.46056,1.4605700000000001,310.0
2024-03-28 18:54:00,FX:EURCAD,1.4605700000000001,1.46058,1.46056,1.46058,257.0
2024-03-28 18:55:00,FX:EURCAD,1.46058,1.46058,1.46056,1.4605700000000001,169.0
2024-03-28 18:56:00,FX:EURCAD,1.4605700000000001,1.4605700000000001,1.46055,1.46055,222.0
2024-03-28 18:57:00,FX:EURCAD,1.46055,1.4605700000000001,1.46055,1.46056,262.0
2024-03-28 18:58:00,FX:EURCAD,1.46056,1.4605700000000001,1.46056,1.4605700000000001,183.0
2024-03-28 18:59:00,FX:EURCAD,1.4605700000000001,1.46058,1.46054,1.46055,171.0
2024-03-28 19:00:00,FX:EURCAD,1.46055,1.46056,1.46051,1.46054,314.0
2024-03-28 19:01:00,FX:EURCAD,1.46054,1.46054,1.46037,1.4605000000000001,450.0
2024-03-28 19:02:00,FX:EURCAD,1.4605000000000001,1.46052,1.46048,1.46049,618.0
2024-03-28 19:03:00,FX:EURCAD,1.46049,1.46056,1.4604300000000001,1.46048,601.0
2024-03-28 19:04:00,FX:EURCAD,1.46048,1.46068,1.4604300000000001,1.4604700000000002,494.0
2024-03-28 19:05:00,FX:EURCAD,1.4604700000000002,1.4606000000000001,1.46039,1.46046,405.0
2024-03-28 19:06:00,FX:EURCAD,1.46046,1.4605000000000001,1.45957,1.46002,302.0
2024-03-28 19:07:00,FX:EURCAD,1.46002,1.4601300000000001,1.45988,1.4598900000000001,126.0
2024-03-28 19:08:00,FX:EURCAD,1.4598900000000001,1.46009,1.45981,1.45995,211.0
2024-03-28 19:09:00,FX:EURCAD,1.45995,1.46014,1.45985,1.46012,104.0
2024-03-28 19:10:00,FX:EURCAD,1.46012,1.46014,1.45994,1.4600600000000001,113.0
2024-03-28 19:11:00,FX:EURCAD,1.4600600000000001,1.46027,1.4596900000000002,1.4598900000000001,257.0
2024-03-28 19:12:00,FX:EURCAD,1.4598900000000001,1.46019,1.45988,1.46002,113.0
2024-03-28 19:13:00,FX:EURCAD,1.46002,1.46017,1.4599900000000001,1.4601600000000001,131.0
2024-03-28 19:14:00,FX:EURCAD,1.4601600000000001,1.46018,1.45991,1.46012,125.0
2024-03-28 19:15:00,FX:EURCAD,1.46012,1.46012,1.45992,1.46002,82.0
2024-03-28 19:16:00,FX:EURCAD,1.46002,1.46019,1.45957,1.45992,238.0
2024-03-28 19:17:00,FX:EURCAD,1.45992,1.46005,1.45981,1.4598900000000001,106.0
2024-03-28 19:18:00,FX:EURCAD,1.4598900000000001,1.46008,1.45976,1.45994,180.0
2024-03-28 19:19:00,FX:EURCAD,1.45994,1.4600300000000002,1.45978,1.45994,109.0
2024-03-28 19:20:00,FX:EURCAD,1.45994,1.46005,1.4598900000000001,1.45992,58.0
2024-03-28 19:21:00,FX:EURCAD,1.45992,1.46029,1.45992,1.46025,264.0
2024-03-28 19:22:00,FX:EURCAD,1.46025,1.46034,1.46019,1.46025,204.0
2024-03-28 19:23:00,FX:EURCAD,1.46025,1.46054,1.46008,1.46008,276.0
2024-03-28 19:24:00,FX:EURCAD,1.46008,1.4604300000000001,1.46008,1.46022,223.0
2024-03-28 19:25:00,FX:EURCAD,1.46022,1.46054,1.46011,1.4602600000000001,260.0
2024-03-28 19:26:00,FX:EURCAD,1.4602600000000001,1.46054,1.4600300000000002,1.4601,301.0
2024-03-28 19:27:00,FX:EURCAD,1.4601,1.46021,1.46009,1.46017,588.0
2024-03-28 19:28:00,FX:EURCAD,1.46017,1.4604300000000001,1.46001,1.4600300000000002,542.0
2024-03-28 19:29:00,FX:EURCAD,1.4600300000000002,1.46015,1.46,1.46009,148.0
2024-03-28 19:30:00,FX:EURCAD,1.46009,1.46028,1.4599,1.4600600000000001,270.0
2024-03-28 19:31:00,FX:EURCAD,1.4600600000000001,1.4603000000000002,1.45984,1.46009,414.0
2024-03-28 19:32:00,FX:EURCAD,1.46009,1.46053,1.46008,1.46048,274.0
2024-03-28 19:33:00,FX:EURCAD,1.46048,1.46063,1.46044,1.46051,154.0
2024-03-28 19:34:00,FX:EURCAD,1.46051,1.46062,1.4604000000000001,1.46045,243.0
2024-03-28 19:35:00,FX:EURCAD,1.46045,1.46049,1.46032,1.46038,286.0
2024-03-28 19:36:00,FX:EURCAD,1.46038,1.46046,1.46029,1.4603300000000001,185.0
2024-03-28 19:37:00,FX:EURCAD,1.4603300000000001,1.46039,1.46027,1.46036,364.0
2024-03-28 19:38:00,FX:EURCAD,1.46036,1.46042,1.46031,1.46038,529.0
2024-03-28 19:39:00,FX:EURCAD,1.46038,1.46044,1.46032,1.4604000000000001,593.0
2024-03-28 19:40:00,FX:EURCAD,1.4604000000000001,1.46046,1.46036,1.46042,457.0
2024-03-28 19:41:00,FX:EURCAD,1.46042,1.46046,1.46018,1.46022,464.0
2024-03-28 19:42:00,FX:EURCAD,1.46022,1.46035,1.46017,1.46025,212.0
2024-03-28 19:43:00,FX:EURCAD,1.46025,1.46035,1.46018,1.4602300000000001,199.0
2024-03-28 19:44:00,FX:EURCAD,1.4602300000000001,1.46028,1.46017,1.4602000000000002,193.0
2024-03-28 19:45:00,FX:EURCAD,1.4602000000000002,1.46034,1.46019,1.46028,162.0
2024-03-28 19:46:00,FX:EURCAD,1.46028,1.46035,1.4602600000000001,1.46034,201.0
2024-03-28 19:47:00,FX:EURCAD,1.46034,1.46052,1.46025,1.4605000000000001,213.0
2024-03-28 19:48:00,FX:EURCAD,1.4605000000000001,1.46056,1.46042,1.46048,192.0
2024-03-28 19:49:00,FX:EURCAD,1.46048,1.46048,1.46011,1.46028,566.0
2024-03-28 19:50:00,FX:EURCAD,1.46028,1.46042,1.46012,1.46038,743.0
2024-03-28 19:51:00,FX:EURCAD,1.46038,1.46049,1.46015,1.4603300000000001,2279.0
2024-03-28 19:52:00,FX:EURCAD,1.4603300000000001,1.46045,1.4602000000000002,1.4603300000000001,1408.0
2024-03-28 19:53:00,FX:EURCAD,1.4603300000000001,1.46045,1.4602600000000001,1.46042,1056.0
2024-03-28 19:54:00,FX:EURCAD,1.46042,1.46072,1.46034,1.4607,276.0
2024-03-28 19:55:00,FX:EURCAD,1.4607,1.46082,1.4607,1.46076,127.0
2024-03-28 19:56:00,FX:EURCAD,1.46076,1.46079,1.4606400000000002,1.46073,195.0
2024-03-28 19:57:00,FX:EURCAD,1.46073,1.46078,1.46073,1.46078,11.0
2024-03-28 19:58:00,FX:EURCAD,1.46078,1.46078,1.46066,1.46068,19.0
2024-03-28 19:59:00,FX:EURCAD,1.46068,1.46068,1.4606700000000001,1.46068,4.0
2024-03-28 20:00:00,FX:EURCAD,1.46068,1.4608400000000001,1.4604700000000002,1.4605000000000001,269.0
2024-03-28 20:01:00,FX:EURCAD,1.4605000000000001,1.46069,1.46046,1.46062,483.0
2024-03-28 20:02:00,FX:EURCAD,1.46062,1.46066,1.4604700000000002,1.46056,307.0
2024-03-28 20:03:00,FX:EURCAD,1.46056,1.4607,1.46053,1.46059,410.0
2024-03-28 20:04:00,FX:EURCAD,1.46059,1.46066,1.46051,1.46055,375.0
2024-03-28 20:05:00,FX:EURCAD,1.46055,1.46059,1.46041,1.46041,216.0
2024-03-28 20:06:00,FX:EURCAD,1.46041,1.46046,1.46041,1.4604300000000001,61.0
2024-03-28 20:07:00,FX:EURCAD,1.4604300000000001,1.46046,1.4600600000000001,1.4602300000000001,123.0
2024-03-28 20:08:00,FX:EURCAD,1.4602300000000001,1.46039,1.4602300000000001,1.46039,198.0
2024-03-28 20:09:00,FX:EURCAD,1.46039,1.46041,1.46032,1.46038,260.0
2024-03-28 20:10:00,FX:EURCAD,1.46038,1.46039,1.46028,1.46032,225.0
2024-03-28 20:11:00,FX:EURCAD,1.46032,1.46044,1.46032,1.46039,236.0
2024-03-28 20:12:00,FX:EURCAD,1.46039,1.4604000000000001,1.46031,1.4603300000000001,194.0
2024-03-28 20:13:00,FX:EURCAD,1.4603300000000001,1.46036,1.4601600000000001,1.46021,342.0
2024-03-28 20:14:00,FX:EURCAD,1.46021,1.46032,1.46019,1.46027,506.0
2024-03-28 20:15:00,FX:EURCAD,1.46027,1.46032,1.46009,1.4602000000000002,110.0
2024-03-28 20:16:00,FX:EURCAD,1.4602000000000002,1.4602300000000001,1.45987,1.45994,104.0
2024-03-28 20:17:00,FX:EURCAD,1.45994,1.46002,1.45994,1.45997,27.0
2024-03-28 20:18:00,FX:EURCAD,1.45997,1.46002,1.45997,1.4599900000000001,21.0
2024-03-28 20:19:00,FX:EURCAD,1.4599900000000001,1.4599900000000001,1.45998,1.4599900000000001,15.0
2024-03-28 20:20:00,FX:EURCAD,1.4599900000000001,1.4600300000000002,1.4599600000000001,1.46002,30.0
2024-03-28 20:21:00,FX:EURCAD,1.46002,1.46008,1.46,1.46004,61.0
2024-03-28 20:22:00,FX:EURCAD,1.46004,1.4600600000000001,1.45998,1.45998,194.0
2024-03-28 20:23:00,FX:EURCAD,1.45998,1.46002,1.45992,1.4599600000000001,194.0
2024-03-28 20:24:00,FX:EURCAD,1.4599600000000001,1.46002,1.45995,1.46001,182.0
2024-03-28 20:25:00,FX:EURCAD,1.46001,1.46009,1.46001,1.4600300000000002,181.0
2024-03-28 20:26:00,FX:EURCAD,1.4600300000000002,1.4602000000000002,1.46,1.46,50.0
2024-03-28 20:27:00,FX:EURCAD,1.46,1.46011,1.45997,1.46011,80.0
2024-03-28 20:28:00,FX:EURCAD,1.46011,1.46011,1.4600300000000002,1.46007,78.0
2024-03-28 20:29:00,FX:EURCAD,1.46007,1.4601300000000001,1.46005,1.46012,99.0
2024-03-28 20:30:00,FX:EURCAD,1.46012,1.46015,1.4600300000000002,1.46007,82.0
2024-03-28 20:31:00,FX:EURCAD,1.46007,1.46007,1.46001,1.4600600000000001,111.0
2024-03-28 20:32:00,FX:EURCAD,1.4600600000000001,1.46009,1.4600300000000002,1.46005,79.0
2024-03-28 20:33:00,FX:EURCAD,1.46005,1.46009,1.45994,1.46002,86.0
2024-03-28 20:34:00,FX:EURCAD,1.46002,1.4600300000000002,1.4599900000000001,1.4599900000000001,14.0
2024-03-28 20:35:00,FX:EURCAD,1.4599900000000001,1.4600600000000001,1.4599900000000001,1.46004,15.0
2024-03-28 20:36:00,FX:EURCAD,1.46004,1.46004,1.46002,1.46002,68.0
2024-03-28 20:37:00,FX:EURCAD,1.46002,1.4600300000000002,1.4599900000000001,1.46002,68.0
2024-03-28 20:38:00,FX:EURCAD,1.46002,1.46007,1.45998,1.45998,66.0
2024-03-28 20:39:00,FX:EURCAD,1.45998,1.46009,1.45992,1.46001,324.0
2024-03-28 20:40:00,FX:EURCAD,1.46001,1.46008,1.45992,1.45997,683.0
2024-03-28 20:41:00,FX:EURCAD,1.45997,1.46008,1.45991,1.46002,679.0
2024-03-28 20:42:00,FX:EURCAD,1.46002,1.4601,1.46,1.4600600000000001,54.0
2024-03-28 20:43:00,FX:EURCAD,1.4600600000000001,1.46007,1.45998,1.4600300000000002,46.0
2024-03-28 20:44:00,FX:EURCAD,1.4600300000000002,1.4602600000000001,1.4600300000000002,1.46025,71.0
2024-03-28 20:45:00,FX:EURCAD,1.46025,1.46027,1.46021,1.46027,62.0
2024-03-28 20:46:00,FX:EURCAD,1.46027,1.4603000000000002,1.4598600000000002,1.45995,229.0
2024-03-28 20:47:00,FX:EURCAD,1.45995,1.46007,1.45983,1.4600300000000002,279.0
2024-03-28 20:48:00,FX:EURCAD,1.4600300000000002,1.46019,1.4600300000000002,1.4601600000000001,138.0
2024-03-28 20:49:00,FX:EURCAD,1.4601600000000001,1.4602000000000002,1.46012,1.46012,87.0
2024-03-28 20:50:00,FX:EURCAD,1.46012,1.46019,1.46011,1.4601300000000001,180.0
2024-03-28 20:51:00,FX:EURCAD,1.4601300000000001,1.46025,1.4601300000000001,1.4602000000000002,78.0
2024-03-28 20:52:00,FX:EURCAD,1.4602000000000002,1.4602600000000001,1.45983,1.45983,234.0
2024-03-28 20:53:00,FX:EURCAD,1.45983,1.4599,1.45973,1.45978,253.0
2024-03-28 20:54:00,FX:EURCAD,1.45978,1.4607400000000001,1.45974,1.45997,513.0
2024-03-28 20:55:00,FX:EURCAD,1.45997,1.4601,1.45994,1.45995,162.0
2024-03-28 20:56:00,FX:EURCAD,1.45995,1.45995,1.45977,1.45985,294.0
2024-03-28 20:57:00,FX:EURCAD,1.45985,1.46004,1.45984,1.45995,140.0
2024-03-28 20:58:00,FX:EURCAD,1.45995,1.45997,1.4599,1.45991,123.0
2024-03-28 20:59:00,FX:EURCAD,1.45991,1.45995,1.4597,1.45974,251.0
2024-03-28 21:00:00,FX:EURCAD,1.45974,1.4598200000000001,1.4596500000000001,1.45981,255.0
2024-03-28 21:01:00,FX:EURCAD,1.45981,1.45984,1.45934,1.45934,115.0
2024-03-28 21:02:00,FX:EURCAD,1.45934,1.4594,1.4593,1.45937,57.0
2024-03-28 21:03:00,FX:EURCAD,1.45937,1.45943,1.4593500000000001,1.45941,39.0
2024-03-28 21:04:00,FX:EURCAD,1.45941,1.45941,1.45931,1.45937,32.0
2024-03-28 21:05:00,FX:EURCAD,1.45937,1.4593800000000001,1.45932,1.45934,29.0
2024-03-28 21:06:00,FX:EURCAD,1.45934,1.4594,1.45932,1.4594,11.0
2024-03-28 21:07:00,FX:EURCAD,1.4594,1.4594,1.4593500000000001,1.4593500000000001,17.0
2024-03-28 21:08:00,FX:EURCAD,1.4593500000000001,1.4593800000000001,1.45931,1.4593500000000001,26.0
2024-03-28 21:09:00,FX:EURCAD,1.4593500000000001,1.45964,1.45934,1.4596,47.0
2024-03-28 21:10:00,FX:EURCAD,1.4596,1.45964,1.45957,1.45958,23.0
2024-03-28 21:11:00,FX:EURCAD,1.45958,1.45981,1.45958,1.45974,54.0
2024-03-28 21:12:00,FX:EURCAD,1.45974,1.4598200000000001,1.45971,1.45976,25.0
2024-03-28 21:13:00,FX:EURCAD,1.45976,1.4597900000000001,1.4597200000000001,1.4597200000000001,25.0
2024-03-28 21:14:00,FX:EURCAD,1.4597200000000001,1.45977,1.4596900000000002,1.45976,38.0
2024-03-28 21:15:00,FX:EURCAD,1.45976,1.45983,1.45976,1.4598,26.0
2024-03-28 21:16:00,FX:EURCAD,1.4598,1.45987,1.45978,1.45985,12.0
2024-03-28 21:17:00,FX:EURCAD,1.45985,1.45992,1.45985,1.45987,18.0
2024-03-28 21:18:00,FX:EURCAD,1.45987,1.45993,1.4598,1.4598,42.0
2024-03-28 21:19:00,FX:EURCAD,1.4598,1.45998,1.4598,1.45995,131.0
2024-03-28 21:20:00,FX:EURCAD,1.45995,1.45997,1.45993,1.45995,33.0
2024-03-28 21:21:00,FX:EURCAD,1.45995,1.4599600000000001,1.4597900000000001,1.45981,115.0
2024-03-28 21:22:00,FX:EURCAD,1.45981,1.45985,1.4597900000000001,1.45981,128.0
2024-03-28 21:23:00,FX:EURCAD,1.45981,1.45985,1.4598,1.4598200000000001,83.0
2024-03-28 21:24:00,FX:EURCAD,1.4598200000000001,1.45987,1.4597900000000001,1.45985,97.0
2024-03-28 21:25:00,FX:EURCAD,1.45985,1.45988,1.4598200000000001,1.4598600000000002,77.0
2024-03-28 21:26:00,FX:EURCAD,1.4598600000000002,1.4598900000000001,1.4598200000000001,1.45985,74.0
2024-03-28 21:27:00,FX:EURCAD,1.45985,1.45987,1.4597900000000001,1.4597900000000001,151.0
2024-03-28 21:28:00,FX:EURCAD,1.4597900000000001,1.4598,1.4595,1.45953,263.0
2024-03-28 21:29:00,FX:EURCAD,1.45953,1.45957,1.45949,1.45949,198.0
2024-03-28 21:30:00,FX:EURCAD,1.45949,1.45954,1.45947,1.45953,235.0
2024-03-28 21:31:00,FX:EURCAD,1.45953,1.45954,1.45947,1.45949,112.0
2024-03-28 21:32:00,FX:EURCAD,1.45949,1.45957,1.4594200000000002,1.45953,43.0
2024-03-28 21:33:00,FX:EURCAD,1.45953,1.45967,1.45953,1.45954,100.0
2024-03-28 21:34:00,FX:EURCAD,1.45954,1.4596,1.45949,1.4595500000000001,105.0
2024-03-28 21:35:00,FX:EURCAD,1.4595500000000001,1.4595500000000001,1.45932,1.4594500000000001,108.0
2024-03-28 21:36:00,FX:EURCAD,1.4594500000000001,1.4595200000000002,1.4593800000000001,1.45947,115.0
2024-03-28 21:37:00,FX:EURCAD,1.45947,1.4595200000000002,1.4593800000000001,1.45944,126.0
2024-03-28 21:38:00,FX:EURCAD,1.45944,1.4595200000000002,1.4594,1.45944,158.0
2024-03-28 21:39:00,FX:EURCAD,1.45944,1.45946,1.45933,1.4593800000000001,99.0
2024-03-28 21:40:00,FX:EURCAD,1.4593800000000001,1.45941,1.45937,1.4593800000000001,13.0
2024-03-28 21:41:00,FX:EURCAD,1.4593800000000001,1.4594200000000002,1.4593800000000001,1.45941,9.0
2024-03-28 21:42:00,FX:EURCAD,1.45941,1.45943,1.45941,1.4594200000000002,11.0
2024-03-28 21:43:00,FX:EURCAD,1.4594200000000002,1.45943,1.45941,1.45941,2.0
2024-03-28 21:44:00,FX:EURCAD,1.45941,1.45941,1.4590800000000002,1.45914,142.0
2024-03-28 21:45:00,FX:EURCAD,1.45914,1.4592800000000001,1.45906,1.45926,141.0
2024-03-28 21:46:00,FX:EURCAD,1.45926,1.45937,1.4592500000000002,1.45934,103.0
2024-03-28 21:47:00,FX:EURCAD,1.45934,1.4594500000000001,1.45932,1.45944,157.0
2024-03-28 21:48:00,FX:EURCAD,1.45944,1.45951,1.4593800000000001,1.45943,386.0
2024-03-28 21:49:00,FX:EURCAD,1.45943,1.45946,1.45929,1.45931,357.0
2024-03-28 21:50:00,FX:EURCAD,1.45931,1.45937,1.45926,1.45934,178.0
2024-03-28 21:51:00,FX:EURCAD,1.45934,1.45937,1.4592800000000001,1.45932,180.0
2024-03-28 21:52:00,FX:EURCAD,1.45932,1.45939,1.4592800000000001,1.45934,264.0
2024-03-28 21:53:00,FX:EURCAD,1.45934,1.45943,1.4592800000000001,1.45939,184.0
2024-03-28 21:54:00,FX:EURCAD,1.45939,1.45939,1.4592800000000001,1.4592800000000001,25.0
2024-03-28 21:55:00,FX:EURCAD,1.4592800000000001,1.4592800000000001,1.45924,1.45924,19.0
2024-03-28 21:56:00,FX:EURCAD,1.45924,1.45924,1.45898,1.4590800000000002,87.0
2024-03-28 21:57:00,FX:EURCAD,1.4590800000000002,1.4591,1.45905,1.45909,36.0
2024-03-28 21:58:00,FX:EURCAD,1.45909,1.45909,1.45898,1.459,38.0
2024-03-28 21:59:00,FX:EURCAD,1.459,1.45902,1.45882,1.45883,77.0
2024-03-28 22:00:00,FX:EURCAD,1.45883,1.45915,1.45868,1.45875,159.0
2024-03-28 22:01:00,FX:EURCAD,1.45875,1.4588,1.4587400000000001,1.4587700000000001,16.0
2024-03-28 22:02:00,FX:EURCAD,1.4587700000000001,1.4587700000000001,1.45859,1.45862,129.0
2024-03-28 22:03:00,FX:EURCAD,1.45862,1.45872,1.45858,1.45868,75.0
2024-03-28 22:04:00,FX:EURCAD,1.45868,1.45868,1.45858,1.4586000000000001,36.0
2024-03-28 22:05:00,FX:EURCAD,1.4586000000000001,1.4586700000000001,1.45859,1.45863,22.0
2024-03-28 22:06:00,FX:EURCAD,1.45863,1.4586400000000002,1.4586000000000001,1.45861,6.0
2024-03-28 22:07:00,FX:EURCAD,1.45861,1.45863,1.45841,1.45849,41.0
2024-03-28 22:08:00,FX:EURCAD,1.45849,1.4585700000000001,1.45844,1.4585000000000001,69.0
2024-03-28 22:09:00,FX:EURCAD,1.4585000000000001,1.45856,1.45848,1.45855,20.0
2024-03-28 22:10:00,FX:EURCAD,1.45855,1.45866,1.45855,1.45862,25.0
2024-03-28 22:11:00,FX:EURCAD,1.45862,1.45868,1.45861,1.4586700000000001,16.0
2024-03-28 22:12:00,FX:EURCAD,1.4586700000000001,1.45868,1.4586000000000001,1.4586400000000002,102.0
2024-03-28 22:13:00,FX:EURCAD,1.4586400000000002,1.45889,1.4586400000000002,1.4587,224.0
2024-03-28 22:14:00,FX:EURCAD,1.4587,1.4588,1.4586700000000001,1.4587700000000001,309.0
2024-03-28 22:15:00,FX:EURCAD,1.4587700000000001,1.4587700000000001,1.4585700000000001,1.45871,420.0
2024-03-28 22:16:00,FX:EURCAD,1.45871,1.4588100000000002,1.4586700000000001,1.45876,267.0
2024-03-28 22:17:00,FX:EURCAD,1.45876,1.45893,1.45873,1.4588100000000002,334.0
2024-03-28 22:18:00,FX:EURCAD,1.4588100000000002,1.4589100000000002,1.4588,1.4588100000000002,200.0
2024-03-28 22:19:00,FX:EURCAD,1.4588100000000002,1.4588100000000002,1.45868,1.4587,58.0
2024-03-28 22:20:00,FX:EURCAD,1.4587,1.45875,1.45865,1.4587400000000001,59.0
2024-03-28 22:21:00,FX:EURCAD,1.4587400000000001,1.45895,1.4587,1.4588100000000002,652.0
2024-03-28 22:22:00,FX:EURCAD,1.4588100000000002,1.45913,1.45879,1.4591,236.0
2024-03-28 22:23:00,FX:EURCAD,1.4591,1.45912,1.45883,1.45897,80.0
2024-03-28 22:24:00,FX:EURCAD,1.45897,1.45898,1.4589400000000001,1.4589400000000001,18.0
2024-03-28 22:25:00,FX:EURCAD,1.4589400000000001,1.45902,1.45893,1.4590100000000001,79.0
2024-03-28 22:26:00,FX:EURCAD,1.4590100000000001,1.45907,1.45892,1.4590100000000001,109.0
2024-03-28 22:27:00,FX:EURCAD,1.4590100000000001,1.4590400000000001,1.45895,1.45896,39.0
2024-03-28 22:28:00,FX:EURCAD,1.45896,1.45897,1.4589400000000001,1.4589400000000001,24.0
2024-03-28 22:29:00,FX:EURCAD,1.4589400000000001,1.45896,1.45873,1.45876,130.0
2024-03-28 22:30:00,FX:EURCAD,1.45876,1.4588100000000002,1.45871,1.45875,107.0
2024-03-28 22:31:00,FX:EURCAD,1.45875,1.45888,1.45871,1.4587700000000001,121.0
2024-03-28 22:32:00,FX:EURCAD,1.4587700000000001,1.4591,1.45875,1.45895,206.0
2024-03-28 22:33:00,FX:EURCAD,1.45895,1.45905,1.45889,1.45895,131.0
2024-03-28 22:34:00,FX:EURCAD,1.45895,1.45899,1.45886,1.45896,193.0
2024-03-28 22:35:00,FX:EURCAD,1.45896,1.45896,1.45885,1.45896,122.0
2024-03-28 22:36:00,FX:EURCAD,1.45896,1.4590800000000002,1.45896,1.45906,48.0
2024-03-28 22:37:00,FX:EURCAD,1.45906,1.45906,1.4587700000000001,1.4588,80.0
2024-03-28 22:38:00,FX:EURCAD,1.4588,1.4590400000000001,1.45876,1.45893,334.0
2024-03-28 22:39:00,FX:EURCAD,1.45893,1.45912,1.45892,1.4590800000000002,93.0
2024-03-28 22:40:00,FX:EURCAD,1.4590800000000002,1.4591100000000001,1.4590400000000001,1.4590800000000002,21.0
2024-03-28 22:41:00,FX:EURCAD,1.4590800000000002,1.4591,1.45905,1.4590800000000002,45.0
2024-03-28 22:42:00,FX:EURCAD,1.4590800000000002,1.4591,1.4590400000000001,1.4590400000000001,33.0
2024-03-28 22:43:00,FX:EURCAD,1.4590400000000001,1.45909,1.4590400000000001,1.45909,56.0
2024-03-28 22:44:00,FX:EURCAD,1.45909,1.45915,1.45895,1.45898,92.0
2024-03-28 22:45:00,FX:EURCAD,1.45898,1.45909,1.4588700000000001,1.45906,155.0
2024-03-28 22:46:00,FX:EURCAD,1.45906,1.45912,1.4590400000000001,1.45909,23.0
2024-03-28 22:47:00,FX:EURCAD,1.45909,1.45909,1.4590400000000001,1.45906,15.0
2024-03-28 22:48:00,FX:EURCAD,1.45906,1.4590800000000002,1.45876,1.45889,66.0
2024-03-28 22:49:00,FX:EURCAD,1.45889,1.4589400000000001,1.4588400000000001,1.45893,181.0
2024-03-28 22:50:00,FX:EURCAD,1.45893,1.45895,1.45882,1.45888,355.0
2024-03-28 22:51:00,FX:EURCAD,1.45888,1.45893,1.45875,1.45883,172.0
2024-03-28 22:52:00,FX:EURCAD,1.45883,1.45898,1.45883,1.4588700000000001,147.0
2024-03-28 22:53:00,FX:EURCAD,1.4588700000000001,1.459,1.4588700000000001,1.45897,68.0
2024-03-28 22:54:00,FX:EURCAD,1.45897,1.45897,1.45889,1.45893,48.0
2024-03-28 22:55:00,FX:EURCAD,1.45893,1.459,1.45893,1.45896,32.0
2024-03-28 22:56:00,FX:EURCAD,1.45896,1.45898,1.45896,1.45897,23.0
2024-03-28 22:57:00,FX:EURCAD,1.45897,1.459,1.45892,1.45899,33.0
2024-03-28 22:58:00,FX:EURCAD,1.45899,1.45917,1.45897,1.45917,62.0
2024-03-28 22:59:00,FX:EURCAD,1.45917,1.45917,1.45897,1.45903,110.0
2024-03-28 23:00:00,FX:EURCAD,1.45903,1.45912,1.45903,1.4591100000000001,122.0
2024-03-28 23:01:00,FX:EURCAD,1.4591100000000001,1.4591100000000001,1.4590100000000001,1.4590400000000001,234.0
2024-03-28 23:02:00,FX:EURCAD,1.4590400000000001,1.4591,1.45899,1.45903,38.0
2024-03-28 23:03:00,FX:EURCAD,1.45903,1.45903,1.45897,1.45897,26.0
2024-03-28 23:04:00,FX:EURCAD,1.45897,1.4590800000000002,1.45897,1.45905,86.0
2024-03-28 23:05:00,FX:EURCAD,1.45905,1.45913,1.45905,1.4590800000000002,39.0
2024-03-28 23:06:00,FX:EURCAD,1.4590800000000002,1.45912,1.45905,1.45907,23.0
2024-03-28 23:07:00,FX:EURCAD,1.45907,1.4591,1.45898,1.4590400000000001,72.0
2024-03-28 23:08:00,FX:EURCAD,1.4590400000000001,1.4590800000000002,1.4590100000000001,1.45903,32.0
2024-03-28 23:09:00,FX:EURCAD,1.45903,1.4590800000000002,1.45899,1.4590100000000001,62.0
2024-03-28 23:10:00,FX:EURCAD,1.4590100000000001,1.4591,1.4590100000000001,1.45907,79.0
2024-03-28 23:11:00,FX:EURCAD,1.45907,1.4592100000000001,1.4590400000000001,1.45909,94.0
2024-03-28 23:12:00,FX:EURCAD,1.45909,1.4592100000000001,1.45905,1.45912,52.0
2024-03-28 23:13:00,FX:EURCAD,1.45912,1.45916,1.45906,1.45913,83.0
2024-03-28 23:14:00,FX:EURCAD,1.45913,1.45924,1.4590800000000002,1.45915,76.0
2024-03-28 23:15:00,FX:EURCAD,1.45915,1.4592,1.4591,1.45917,41.0
2024-03-28 23:16:00,FX:EURCAD,1.45917,1.4592,1.45902,1.45903,152.0
2024-03-28 23:17:00,FX:EURCAD,1.45903,1.45909,1.4590100000000001,1.45905,133.0
2024-03-28 23:18:00,FX:EURCAD,1.45905,1.45907,1.45898,1.459,166.0
2024-03-28 23:19:00,FX:EURCAD,1.459,1.4590100000000001,1.4589400000000001,1.459,185.0
2024-03-28 23:20:00,FX:EURCAD,1.459,1.4590400000000001,1.45898,1.4590100000000001,112.0
2024-03-28 23:21:00,FX:EURCAD,1.4590100000000001,1.45902,1.45889,1.459,105.0
2024-03-28 23:22:00,FX:EURCAD,1.459,1.45902,1.4589400000000001,1.4589400000000001,104.0
2024-03-28 23:23:00,FX:EURCAD,1.4589400000000001,1.45902,1.4589400000000001,1.459,98.0
2024-03-28 23:24:00,FX:EURCAD,1.459,1.45902,1.4589400000000001,1.4590100000000001,96.0
2024-03-28 23:25:00,FX:EURCAD,1.4590100000000001,1.4590100000000001,1.45896,1.45899,49.0
2024-03-28 23:26:00,FX:EURCAD,1.45899,1.4590400000000001,1.45898,1.459,38.0
2024-03-28 23:27:00,FX:EURCAD,1.459,1.45905,1.459,1.45902,43.0
2024-03-28 23:28:00,FX:EURCAD,1.45902,1.4591,1.4588700000000001,1.45889,134.0
2024-03-28 23:29:00,FX:EURCAD,1.45889,1.4589,1.45883,1.4588700000000001,47.0
2024-03-28 23:30:00,FX:EURCAD,1.4588700000000001,1.45895,1.45886,1.4589400000000001,23.0
2024-03-28 23:31:00,FX:EURCAD,1.4589400000000001,1.45895,1.4589,1.45893,11.0
2024-03-28 23:32:00,FX:EURCAD,1.45893,1.4589400000000001,1.4589,1.4589400000000001,13.0
2024-03-28 23:33:00,FX:EURCAD,1.4589400000000001,1.4589400000000001,1.4589100000000002,1.45892,5.0
2024-03-28 23:34:00,FX:EURCAD,1.45892,1.45893,1.4589100000000002,1.4589100000000002,11.0
2024-03-28 23:35:00,FX:EURCAD,1.4589100000000002,1.45896,1.45888,1.45896,18.0
2024-03-28 23:36:00,FX:EURCAD,1.45896,1.45896,1.4589100000000002,1.4589400000000001,16.0
2024-03-28 23:37:00,FX:EURCAD,1.4589400000000001,1.45896,1.45893,1.45895,10.0
2024-03-28 23:38:00,FX:EURCAD,1.45895,1.45895,1.45893,1.45893,1.0
2024-03-28 23:39:00,FX:EURCAD,1.45893,1.45893,1.45892,1.45893,2.0
2024-03-28 23:40:00,FX:EURCAD,1.45893,1.45898,1.45892,1.45897,17.0
2024-03-28 23:41:00,FX:EURCAD,1.45897,1.45898,1.45895,1.45896,16.0
2024-03-28 23:42:00,FX:EURCAD,1.45896,1.45899,1.45895,1.45895,37.0
2024-03-28 23:43:00,FX:EURCAD,1.45895,1.45899,1.45893,1.45898,61.0
2024-03-28 23:44:00,FX:EURCAD,1.45898,1.45899,1.45885,1.45886,65.0
2024-03-28 23:45:00,FX:EURCAD,1.45886,1.45895,1.45885,1.45889,28.0
2024-03-28 23:46:00,FX:EURCAD,1.45889,1.45895,1.45888,1.45892,32.0
2024-03-28 23:47:00,FX:EURCAD,1.45892,1.45897,1.45888,1.45896,36.0
2024-03-28 23:48:00,FX:EURCAD,1.45896,1.45898,1.4589,1.4589,36.0
2024-03-28 23:49:00,FX:EURCAD,1.4589,1.45893,1.45888,1.4589,24.0
2024-03-28 23:50:00,FX:EURCAD,1.4589,1.4589400000000001,1.4589,1.45893,48.0
2024-03-28 23:51:00,FX:EURCAD,1.45893,1.4589400000000001,1.45888,1.4589100000000002,25.0
2024-03-28 23:52:00,FX:EURCAD,1.4589100000000002,1.45893,1.45889,1.45892,18.0
2024-03-28 23:53:00,FX:EURCAD,1.45892,1.45892,1.4588,1.4588,31.0
2024-03-28 23:54:00,FX:EURCAD,1.4588,1.45883,1.45879,1.45882,12.0
2024-03-28 23:55:00,FX:EURCAD,1.45882,1.45883,1.4588,1.4588100000000002,27.0
2024-03-28 23:56:00,FX:EURCAD,1.4588100000000002,1.45883,1.4588,1.4588,12.0
2024-03-28 23:57:00,FX:EURCAD,1.4588,1.4588100000000002,1.4588,1.4588100000000002,6.0
2024-03-28 23:58:00,FX:EURCAD,1.4588100000000002,1.4588100000000002,1.4588,1.4588,1.0
2024-03-28 23:59:00,FX:EURCAD,1.4588,1.45882,1.45879,1.4588,9.0
2024-03-29 00:00:00,FX:EURCAD,1.4588,1.45893,1.45879,1.45879,42.0
2024-03-29 00:01:00,FX:EURCAD,1.45879,1.45886,1.45879,1.4588,12.0
2024-03-29 00:02:00,FX:EURCAD,1.4588,1.45905,1.4588,1.45897,96.0
2024-03-29 00:03:00,FX:EURCAD,1.45897,1.45898,1.4589400000000001,1.45898,13.0
2024-03-29 00:04:00,FX:EURCAD,1.45898,1.45898,1.45896,1.45896,9.0
2024-03-29 00:05:00,FX:EURCAD,1.45896,1.45897,1.45895,1.45897,10.0
2024-03-29 00:06:00,FX:EURCAD,1.45897,1.45898,1.4589400000000001,1.45897,16.0
2024-03-29 00:07:00,FX:EURCAD,1.45897,1.45902,1.45897,1.45902,14.0
2024-03-29 00:08:00,FX:EURCAD,1.45902,1.45902,1.45898,1.45902,9.0
2024-03-29 00:09:00,FX:EURCAD,1.45902,1.45905,1.45898,1.45903,17.0
2024-03-29 00:10:00,FX:EURCAD,1.45903,1.4590400000000001,1.45897,1.4590400000000001,35.0
2024-03-29 00:11:00,FX:EURCAD,1.4590400000000001,1.4590400000000001,1.45898,1.45899,13.0
2024-03-29 00:12:00,FX:EURCAD,1.45899,1.4590400000000001,1.45898,1.45898,9.0
2024-03-29 00:13:00,FX:EURCAD,1.45898,1.45907,1.45898,1.45903,26.0
2024-03-29 00:14:00,FX:EURCAD,1.45903,1.45912,1.4590100000000001,1.4591,87.0
2024-03-29 00:15:00,FX:EURCAD,1.4591,1.45922,1.45907,1.4592,29.0
2024-03-29 00:16:00,FX:EURCAD,1.4592,1.45924,1.45917,1.45922,66.0
2024-03-29 00:17:00,FX:EURCAD,1.45922,1.45927,1.4592,1.45923,50.0
2024-03-29 00:18:00,FX:EURCAD,1.45923,1.4592800000000001,1.4592100000000001,1.45926,51.0
2024-03-29 00:19:00,FX:EURCAD,1.45926,1.45947,1.45922,1.4594500000000001,48.0
2024-03-29 00:20:00,FX:EURCAD,1.4594500000000001,1.45948,1.4593800000000001,1.4594,17.0
2024-03-29 00:21:00,FX:EURCAD,1.4594,1.45946,1.4594,1.4594500000000001,7.0
2024-03-29 00:22:00,FX:EURCAD,1.4594500000000001,1.4594500000000001,1.4594200000000002,1.45944,7.0
2024-03-29 00:23:00,FX:EURCAD,1.45944,1.45954,1.4594200000000002,1.4595200000000002,27.0
2024-03-29 00:24:00,FX:EURCAD,1.4595200000000002,1.45953,1.4595,1.4595200000000002,6.0
2024-03-29 00:25:00,FX:EURCAD,1.4595200000000002,1.45953,1.4595,1.45953,15.0
2024-03-29 00:26:00,FX:EURCAD,1.45953,1.45967,1.45951,1.45964,39.0
2024-03-29 00:27:00,FX:EURCAD,1.45964,1.45998,1.45963,1.45992,198.0
2024-03-29 00:28:00,FX:EURCAD,1.45992,1.46025,1.4598900000000001,1.4602000000000002,61.0
2024-03-29 00:29:00,FX:EURCAD,1.4602000000000002,1.4603000000000002,1.46012,1.4602000000000002,66.0
2024-03-29 00:30:00,FX:EURCAD,1.4602000000000002,1.46027,1.46017,1.4602300000000001,168.0
2024-03-29 00:31:00,FX:EURCAD,1.4602300000000001,1.46025,1.46021,1.46024,53.0
2024-03-29 00:32:00,FX:EURCAD,1.46024,1.46025,1.46021,1.46024,79.0
2024-03-29 00:33:00,FX:EURCAD,1.46024,1.46025,1.46021,1.46024,76.0
2024-03-29 00:34:00,FX:EURCAD,1.46024,1.46024,1.46014,1.46019,108.0
2024-03-29 00:35:00,FX:EURCAD,1.46019,1.46019,1.46011,1.4601300000000001,56.0
2024-03-29 00:36:00,FX:EURCAD,1.4601300000000001,1.4603000000000002,1.46012,1.46028,99.0
2024-03-29 00:37:00,FX:EURCAD,1.46028,1.46039,1.4602000000000002,1.46037,230.0
2024-03-29 00:38:00,FX:EURCAD,1.46037,1.46053,1.46037,1.46048,37.0
2024-03-29 00:39:00,FX:EURCAD,1.46048,1.46048,1.46042,1.4604300000000001,37.0
2024-03-29 00:40:00,FX:EURCAD,1.4604300000000001,1.46045,1.4602300000000001,1.46038,69.0
2024-03-29 00:41:00,FX:EURCAD,1.46038,1.46038,1.4603000000000002,1.46031,67.0
2024-03-29 00:42:00,FX:EURCAD,1.46031,1.46035,1.46027,1.46028,32.0
2024-03-29 00:43:00,FX:EURCAD,1.46028,1.46039,1.4602600000000001,1.46032,47.0
2024-03-29 00:44:00,FX:EURCAD,1.46032,1.46045,1.45985,1.45987,148.0
2024-03-29 00:45:00,FX:EURCAD,1.45987,1.46,1.45967,1.4599900000000001,179.0
2024-03-29 00:46:00,FX:EURCAD,1.4599900000000001,1.4602600000000001,1.4599600000000001,1.4601600000000001,54.0
2024-03-29 00:47:00,FX:EURCAD,1.4601600000000001,1.46024,1.4601,1.46019,42.0
2024-03-29 00:48:00,FX:EURCAD,1.46019,1.4603300000000001,1.46017,1.46027,50.0
2024-03-29 00:49:00,FX:EURCAD,1.46027,1.46031,1.46025,1.46029,33.0
2024-03-29 00:50:00,FX:EURCAD,1.46029,1.46031,1.46025,1.4602600000000001,47.0
2024-03-29 00:51:00,FX:EURCAD,1.4602600000000001,1.4603300000000001,1.4602600000000001,1.46028,63.0
2024-03-29 00:52:00,FX:EURCAD,1.46028,1.4603300000000001,1.46025,1.4603300000000001,90.0
2024-03-29 00:53:00,FX:EURCAD,1.4603300000000001,1.4603300000000001,1.46029,1.4603000000000002,16.0
2024-03-29 00:54:00,FX:EURCAD,1.4603000000000002,1.46035,1.46025,1.46031,34.0
2024-03-29 00:55:00,FX:EURCAD,1.46031,1.4603300000000001,1.46027,1.46027,15.0
2024-03-29 00:56:00,FX:EURCAD,1.46027,1.46031,1.46027,1.46031,9.0
2024-03-29 00:57:00,FX:EURCAD,1.46031,1.46042,1.46029,1.46039,43.0
2024-03-29 00:58:00,FX:EURCAD,1.46039,1.46046,1.46038,1.46039,54.0
2024-03-29 00:59:00,FX:EURCAD,1.46039,1.46042,1.46038,1.4604000000000001,24.0
2024-03-29 01:00:00,FX:EURCAD,1.4604000000000001,1.46044,1.46038,1.46042,32.0
2024-03-29 01:01:00,FX:EURCAD,1.46042,1.4604700000000002,1.46035,1.4604000000000001,44.0
2024-03-29 01:02:00,FX:EURCAD,1.4604000000000001,1.4604300000000001,1.46036,1.46038,94.0
2024-03-29 01:03:00,FX:EURCAD,1.46038,1.4604300000000001,1.46037,1.46038,36.0
2024-03-29 01:04:00,FX:EURCAD,1.46038,1.46044,1.46038,1.4604300000000001,20.0
2024-03-29 01:05:00,FX:EURCAD,1.4604300000000001,1.46051,1.46042,1.46048,44.0
2024-03-29 01:06:00,FX:EURCAD,1.46048,1.46048,1.4604300000000001,1.46045,30.0
2024-03-29 01:07:00,FX:EURCAD,1.46045,1.4605000000000001,1.4604300000000001,1.4605000000000001,27.0
2024-03-29 01:08:00,FX:EURCAD,1.4605000000000001,1.4605000000000001,1.46031,1.46031,109.0
2024-03-29 01:09:00,FX:EURCAD,1.46031,1.46044,1.46031,1.46044,8.0
2024-03-29 01:10:00,FX:EURCAD,1.46044,1.46046,1.4604300000000001,1.46046,6.0
2024-03-29 01:11:00,FX:EURCAD,1.46046,1.46046,1.4603000000000002,1.46031,75.0
2024-03-29 01:12:00,FX:EURCAD,1.46031,1.46044,1.46031,1.4604300000000001,11.0
2024-03-29 01:13:00,FX:EURCAD,1.4604300000000001,1.4604300000000001,1.46031,1.46032,18.0
2024-03-29 01:14:00,FX:EURCAD,1.46032,1.4603300000000001,1.4602300000000001,1.46024,26.0
2024-03-29 01:15:00,FX:EURCAD,1.46024,1.4603300000000001,1.46024,1.4603300000000001,21.0
2024-03-29 01:16:00,FX:EURCAD,1.4603300000000001,1.4603300000000001,1.4603000000000002,1.46032,4.0
2024-03-29 01:17:00,FX:EURCAD,1.46032,1.4603300000000001,1.46024,1.4602600000000001,10.0
2024-03-29 01:18:00,FX:EURCAD,1.4602600000000001,1.46032,1.46025,1.4602600000000001,10.0
2024-03-29 01:19:00,FX:EURCAD,1.4602600000000001,1.46032,1.4602300000000001,1.46028,53.0
2024-03-29 01:20:00,FX:EURCAD,1.46028,1.46032,1.46024,1.46032,24.0
2024-03-29 01:21:00,FX:EURCAD,1.46032,1.4603300000000001,1.46028,1.46028,8.0
2024-03-29 01:22:00,FX:EURCAD,1.46028,1.46032,1.46028,1.46031,9.0
2024-03-29 01:23:00,FX:EURCAD,1.46031,1.46034,1.46031,1.46032,3.0
2024-03-29 01:24:00,FX:EURCAD,1.46032,1.46038,1.46031,1.46031,20.0
2024-03-29 01:25:00,FX:EURCAD,1.46031,1.4604000000000001,1.4603000000000002,1.46032,32.0
2024-03-29 01:26:00,FX:EURCAD,1.46032,1.46037,1.46028,1.46031,38.0
2024-03-29 01:27:00,FX:EURCAD,1.46031,1.46031,1.46011,1.4601300000000001,124.0
2024-03-29 01:28:00,FX:EURCAD,1.4601300000000001,1.4602000000000002,1.46004,1.46004,102.0
2024-03-29 01:29:00,FX:EURCAD,1.46004,1.46021,1.46001,1.46008,111.0
2024-03-29 01:30:00,FX:EURCAD,1.46008,1.46017,1.46008,1.4601600000000001,88.0
2024-03-29 01:31:00,FX:EURCAD,1.4601600000000001,1.46018,1.46012,1.4601600000000001,64.0
2024-03-29 01:32:00,FX:EURCAD,1.4601600000000001,1.46019,1.4601300000000001,1.46017,107.0
2024-03-29 01:33:00,FX:EURCAD,1.46017,1.46018,1.46014,1.46015,116.0
2024-03-29 01:34:00,FX:EURCAD,1.46015,1.46022,1.46015,1.46021,75.0
2024-03-29 01:35:00,FX:EURCAD,1.46021,1.4602300000000001,1.46019,1.46021,44.0
2024-03-29 01:36:00,FX:EURCAD,1.46021,1.46022,1.46019,1.46022,23.0
2024-03-29 01:37:00,FX:EURCAD,1.46022,1.46022,1.46014,1.46015,28.0
2024-03-29 01:38:00,FX:EURCAD,1.46015,1.4602300000000001,1.46015,1.46022,45.0
2024-03-29 01:39:00,FX:EURCAD,1.46022,1.4602300000000001,1.46021,1.46021,39.0
2024-03-29 01:40:00,FX:EURCAD,1.46021,1.46025,1.4602000000000002,1.46022,83.0
2024-03-29 01:41:00,FX:EURCAD,1.46022,1.4602600000000001,1.4602000000000002,1.46024,95.0
2024-03-29 01:42:00,FX:EURCAD,1.46024,1.46025,1.46019,1.46022,81.0
2024-03-29 01:43:00,FX:EURCAD,1.46022,1.46025,1.46019,1.46022,61.0
2024-03-29 01:44:00,FX:EURCAD,1.46022,1.46025,1.4601600000000001,1.46017,75.0
2024-03-29 01:45:00,FX:EURCAD,1.46017,1.4602000000000002,1.46015,1.46019,66.0
2024-03-29 01:46:00,FX:EURCAD,1.46019,1.46021,1.46017,1.46018,47.0
2024-03-29 01:47:00,FX:EURCAD,1.46018,1.46021,1.46018,1.46019,72.0
2024-03-29 01:48:00,FX:EURCAD,1.46019,1.46021,1.46018,1.4602000000000002,49.0
2024-03-29 01:49:00,FX:EURCAD,1.4602000000000002,1.46021,1.46017,1.46017,33.0
2024-03-29 01:50:00,FX:EURCAD,1.46017,1.4602000000000002,1.4601600000000001,1.46018,19.0
2024-03-29 01:51:00,FX:EURCAD,1.46018,1.46022,1.46009,1.46009,33.0
2024-03-29 01:52:00,FX:EURCAD,1.46009,1.46017,1.46009,1.46017,39.0
2024-03-29 01:53:00,FX:EURCAD,1.46017,1.46019,1.46014,1.4601600000000001,22.0
2024-03-29 01:54:00,FX:EURCAD,1.4601600000000001,1.46021,1.46015,1.46021,17.0
2024-03-29 01:55:00,FX:EURCAD,1.46021,1.46021,1.46017,1.46018,8.0
2024-03-29 01:56:00,FX:EURCAD,1.46018,1.46019,1.46015,1.46018,40.0
2024-03-29 01:57:00,FX:EURCAD,1.46018,1.46019,1.46009,1.46011,42.0
2024-03-29 01:58:00,FX:EURCAD,1.46011,1.46014,1.4601,1.4601300000000001,12.0
2024-03-29 01:59:00,FX:EURCAD,1.4601300000000001,1.46029,1.4601300000000001,1.46019,27.0
2024-03-29 02:00:00,FX:EURCAD,1.46019,1.4602000000000002,1.46014,1.46015,59.0
2024-03-29 02:01:00,FX:EURCAD,1.46015,1.46018,1.4601300000000001,1.4601300000000001,55.0
2024-03-29 02:02:00,FX:EURCAD,1.4601300000000001,1.46017,1.46012,1.46012,50.0
2024-03-29 02:03:00,FX:EURCAD,1.46012,1.46018,1.4601,1.46015,53.0
2024-03-29 02:04:00,FX:EURCAD,1.46015,1.46017,1.46007,1.46015,43.0
2024-03-29 02:05:00,FX:EURCAD,1.46015,1.4601600000000001,1.46012,1.46012,20.0
2024-03-29 02:06:00,FX:EURCAD,1.46012,1.4602600000000001,1.46011,1.46022,63.0
2024-03-29 02:07:00,FX:EURCAD,1.46022,1.46024,1.4602000000000002,1.4602300000000001,39.0
2024-03-29 02:08:00,FX:EURCAD,1.4602300000000001,1.46024,1.46019,1.46021,35.0
2024-03-29 02:09:00,FX:EURCAD,1.46021,1.4602300000000001,1.46019,1.46022,74.0
2024-03-29 02:10:00,FX:EURCAD,1.46022,1.4602600000000001,1.46018,1.46025,64.0
2024-03-29 02:11:00,FX:EURCAD,1.46025,1.46032,1.46022,1.46027,115.0
2024-03-29 02:12:00,FX:EURCAD,1.46027,1.46041,1.4602300000000001,1.46035,148.0
2024-03-29 02:13:00,FX:EURCAD,1.46035,1.46037,1.46027,1.46031,194.0
2024-03-29 02:14:00,FX:EURCAD,1.46031,1.4603300000000001,1.4601300000000001,1.4601300000000001,225.0
2024-03-29 02:15:00,FX:EURCAD,1.4601300000000001,1.46024,1.4601300000000001,1.4602300000000001,29.0
2024-03-29 02:16:00,FX:EURCAD,1.4602300000000001,1.46054,1.4602000000000002,1.46051,97.0
2024-03-29 02:17:00,FX:EURCAD,1.46051,1.46051,1.46039,1.4604300000000001,60.0
2024-03-29 02:18:00,FX:EURCAD,1.4604300000000001,1.4604700000000002,1.46039,1.46041,54.0
2024-03-29 02:19:00,FX:EURCAD,1.46041,1.4607,1.46041,1.4607,134.0
2024-03-29 02:20:00,FX:EURCAD,1.4607,1.4607400000000001,1.46049,1.46049,151.0
2024-03-29 02:21:00,FX:EURCAD,1.46049,1.46052,1.46034,1.46048,162.0
2024-03-29 02:22:00,FX:EURCAD,1.46048,1.46052,1.4602600000000001,1.46048,148.0
2024-03-29 02:23:00,FX:EURCAD,1.46048,1.4607400000000001,1.46044,1.4607400000000001,149.0
2024-03-29 02:24:00,FX:EURCAD,1.4607400000000001,1.46076,1.46058,1.46063,105.0
2024-03-29 02:25:00,FX:EURCAD,1.46063,1.4606400000000002,1.46055,1.46059,73.0
2024-03-29 02:26:00,FX:EURCAD,1.46059,1.4606700000000001,1.46056,1.4606000000000001,39.0
2024-03-29 02:27:00,FX:EURCAD,1.4606000000000001,1.4606000000000001,1.46044,1.46044,49.0
2024-03-29 02:28:00,FX:EURCAD,1.46044,1.4604700000000002,1.46044,1.46045,49.0
2024-03-29 02:29:00,FX:EURCAD,1.46045,1.46049,1.4604300000000001,1.46048,25.0
2024-03-29 02:30:00,FX:EURCAD,1.46048,1.46073,1.46046,1.46073,21.0
2024-03-29 02:31:00,FX:EURCAD,1.46073,1.4607400000000001,1.46069,1.4607,10.0
2024-03-29 02:32:00,FX:EURCAD,1.4607,1.46089,1.4607,1.46086,23.0
2024-03-29 02:33:00,FX:EURCAD,1.46086,1.46088,1.46085,1.46085,4.0
2024-03-29 02:34:00,FX:EURCAD,1.46085,1.46086,1.4608,1.46083,28.0
2024-03-29 02:35:00,FX:EURCAD,1.46083,1.4608700000000001,1.46083,1.4608400000000001,14.0
2024-03-29 02:36:00,FX:EURCAD,1.4608400000000001,1.46088,1.46082,1.4608400000000001,13.0
2024-03-29 02:37:00,FX:EURCAD,1.4608400000000001,1.4609,1.46083,1.46089,38.0
2024-03-29 02:38:00,FX:EURCAD,1.46089,1.46093,1.46085,1.46088,39.0
2024-03-29 02:39:00,FX:EURCAD,1.46088,1.46098,1.46086,1.46096,33.0
2024-03-29 02:40:00,FX:EURCAD,1.46096,1.46112,1.46095,1.46112,11.0
2024-03-29 02:41:00,FX:EURCAD,1.46112,1.46124,1.46099,1.46119,144.0
2024-03-29 02:42:00,FX:EURCAD,1.46119,1.46119,1.4611100000000001,1.46115,76.0
2024-03-29 02:43:00,FX:EURCAD,1.46115,1.4612800000000001,1.4611,1.4612,87.0
2024-03-29 02:44:00,FX:EURCAD,1.4612,1.46129,1.46078,1.4609400000000001,229.0
2024-03-29 02:45:00,FX:EURCAD,1.4609400000000001,1.4611,1.4609,1.46102,218.0
2024-03-29 02:46:00,FX:EURCAD,1.46102,1.4610400000000001,1.4609400000000001,1.46096,133.0
2024-03-29 02:47:00,FX:EURCAD,1.46096,1.46103,1.46095,1.461,91.0
2024-03-29 02:48:00,FX:EURCAD,1.461,1.46102,1.4604300000000001,1.46048,94.0
2024-03-29 02:49:00,FX:EURCAD,1.46048,1.46053,1.4604700000000002,1.46053,21.0
2024-03-29 02:50:00,FX:EURCAD,1.46053,1.46056,1.46051,1.46052,11.0
2024-03-29 02:51:00,FX:EURCAD,1.46052,1.46055,1.46024,1.46024,34.0
2024-03-29 02:52:00,FX:EURCAD,1.46024,1.4602600000000001,1.46022,1.4602600000000001,14.0
2024-03-29 02:53:00,FX:EURCAD,1.4602600000000001,1.46029,1.46017,1.46018,40.0
2024-03-29 02:54:00,FX:EURCAD,1.46018,1.46019,1.46017,1.46019,33.0
2024-03-29 02:55:00,FX:EURCAD,1.46019,1.46025,1.4601600000000001,1.46024,53.0
2024-03-29 02:56:00,FX:EURCAD,1.46024,1.46025,1.46021,1.4602300000000001,56.0
2024-03-29 02:57:00,FX:EURCAD,1.4602300000000001,1.46028,1.46019,1.4602300000000001,74.0
2024-03-29 02:58:00,FX:EURCAD,1.4602300000000001,1.4602300000000001,1.46021,1.46022,33.0
2024-03-29 02:59:00,FX:EURCAD,1.46022,1.46044,1.46017,1.46038,154.0
2024-03-29 03:00:00,FX:EURCAD,1.46038,1.46055,1.46014,1.46024,196.0
2024-03-29 03:01:00,FX:EURCAD,1.46024,1.46032,1.4602000000000002,1.46028,137.0
2024-03-29 03:02:00,FX:EURCAD,1.46028,1.46036,1.4602300000000001,1.46031,168.0
2024-03-29 03:03:00,FX:EURCAD,1.46031,1.46035,1.46024,1.46025,151.0
2024-03-29 03:04:00,FX:EURCAD,1.46025,1.46031,1.46022,1.4603000000000002,142.0
2024-03-29 03:05:00,FX:EURCAD,1.4603000000000002,1.4604000000000001,1.46025,1.46035,191.0
2024-03-29 03:06:00,FX:EURCAD,1.46035,1.46039,1.4602600000000001,1.46039,149.0
2024-03-29 03:07:00,FX:EURCAD,1.46039,1.46041,1.46035,1.4604000000000001,83.0
2024-03-29 03:08:00,FX:EURCAD,1.4604000000000001,1.46041,1.46032,1.46034,94.0
2024-03-29 03:09:00,FX:EURCAD,1.46034,1.4604000000000001,1.46019,1.46022,128.0
2024-03-29 03:10:00,FX:EURCAD,1.46022,1.46042,1.46021,1.46034,471.0
2024-03-29 03:11:00,FX:EURCAD,1.46034,1.4604300000000001,1.46029,1.46034,81.0
2024-03-29 03:12:00,FX:EURCAD,1.46034,1.4605000000000001,1.46029,1.46032,277.0
2024-03-29 03:13:00,FX:EURCAD,1.46032,1.46034,1.46028,1.46028,144.0
2024-03-29 03:14:00,FX:EURCAD,1.46028,1.46053,1.46028,1.46051,185.0
2024-03-29 03:15:00,FX:EURCAD,1.46051,1.46055,1.46039,1.46049,124.0
2024-03-29 03:16:00,FX:EURCAD,1.46049,1.46049,1.46042,1.46045,82.0
2024-03-29 03:17:00,FX:EURCAD,1.46045,1.46053,1.46042,1.46053,47.0
2024-03-29 03:18:00,FX:EURCAD,1.46053,1.46053,1.4604000000000001,1.46046,67.0
2024-03-29 03:19:00,FX:EURCAD,1.46046,1.4605000000000001,1.46046,1.46048,18.0
2024-03-29 03:20:00,FX:EURCAD,1.46048,1.46051,1.46048,1.46048,26.0
2024-03-29 03:21:00,FX:EURCAD,1.46048,1.4605000000000001,1.46041,1.46046,50.0
2024-03-29 03:22:00,FX:EURCAD,1.46046,1.4604700000000002,1.46041,1.46045,17.0
2024-03-29 03:23:00,FX:EURCAD,1.46045,1.46045,1.46042,1.46042,13.0
2024-03-29 03:24:00,FX:EURCAD,1.46042,1.46048,1.46042,1.4604700000000002,41.0
2024-03-29 03:25:00,FX:EURCAD,1.4604700000000002,1.46048,1.4604300000000001,1.46046,14.0
2024-03-29 03:26:00,FX:EURCAD,1.46046,1.4605000000000001,1.46044,1.4605000000000001,21.0
2024-03-29 03:27:00,FX:EURCAD,1.4605000000000001,1.4605000000000001,1.4604300000000001,1.46046,33.0
2024-03-29 03:28:00,FX:EURCAD,1.46046,1.46048,1.46042,1.46048,43.0
2024-03-29 03:29:00,FX:EURCAD,1.46048,1.46049,1.4604000000000001,1.46042,30.0
2024-03-29 03:30:00,FX:EURCAD,1.46042,1.46045,1.4604000000000001,1.46041,28.0
2024-03-29 03:31:00,FX:EURCAD,1.46041,1.46044,1.46018,1.46022,54.0
2024-03-29 03:32:00,FX:EURCAD,1.46022,1.4602300000000001,1.46018,1.46021,25.0
2024-03-29 03:33:00,FX:EURCAD,1.46021,1.46021,1.46019,1.4602000000000002,8.0
2024-03-29 03:34:00,FX:EURCAD,1.4602000000000002,1.46021,1.46018,1.4602000000000002,7.0
2024-03-29 03:35:00,FX:EURCAD,1.4602000000000002,1.4602000000000002,1.46018,1.4602000000000002,5.0
2024-03-29 03:36:00,FX:EURCAD,1.4602000000000002,1.4602300000000001,1.46019,1.46022,24.0
2024-03-29 03:37:00,FX:EURCAD,1.46022,1.4602300000000001,1.46018,1.46019,22.0
2024-03-29 03:38:00,FX:EURCAD,1.46019,1.46019,1.46015,1.4601600000000001,26.0
2024-03-29 03:39:00,FX:EURCAD,1.4601600000000001,1.46028,1.4601600000000001,1.46025,46.0
2024-03-29 03:40:00,FX:EURCAD,1.46025,1.46025,1.46018,1.4602300000000001,76.0
2024-03-29 03:41:00,FX:EURCAD,1.4602300000000001,1.4602600000000001,1.4602000000000002,1.4602600000000001,32.0
2024-03-29 03:42:00,FX:EURCAD,1.4602600000000001,1.46045,1.46022,1.46045,87.0
2024-03-29 03:43:00,FX:EURCAD,1.46045,1.46059,1.46045,1.46053,321.0
2024-03-29 03:44:00,FX:EURCAD,1.46053,1.4608,1.46044,1.46065,294.0
2024-03-29 03:45:00,FX:EURCAD,1.46065,1.46093,1.45984,1.46007,308.0
2024-03-29 03:46:00,FX:EURCAD,1.46007,1.4601300000000001,1.45984,1.45993,187.0
2024-03-29 03:47:00,FX:EURCAD,1.45993,1.45993,1.45975,1.45984,142.0
2024-03-29 03:48:00,FX:EURCAD,1.45984,1.4599,1.45977,1.45981,55.0
2024-03-29 03:49:00,FX:EURCAD,1.45981,1.45987,1.4598,1.45984,18.0
2024-03-29 03:50:00,FX:EURCAD,1.45984,1.45987,1.45981,1.4598600000000002,20.0
2024-03-29 03:51:00,FX:EURCAD,1.4598600000000002,1.4598900000000001,1.4598200000000001,1.45987,17.0
2024-03-29 03:52:00,FX:EURCAD,1.45987,1.45987,1.4592,1.4592,275.0
2024-03-29 03:53:00,FX:EURCAD,1.4592,1.45933,1.45913,1.45914,124.0
2024-03-29 03:54:00,FX:EURCAD,1.45914,1.4592500000000002,1.45914,1.45916,129.0
2024-03-29 03:55:00,FX:EURCAD,1.45916,1.4592100000000001,1.4591,1.4591800000000001,103.0
2024-03-29 03:56:00,FX:EURCAD,1.4591800000000001,1.45932,1.45916,1.45931,29.0
2024-03-29 03:57:00,FX:EURCAD,1.45931,1.4593500000000001,1.4592,1.4592,41.0
2024-03-29 03:58:00,FX:EURCAD,1.4592,1.4593,1.4589400000000001,1.4590100000000001,112.0
2024-03-29 03:59:00,FX:EURCAD,1.4590100000000001,1.45953,1.45898,1.45953,363.0
2024-03-29 04:00:00,FX:EURCAD,1.45953,1.45967,1.4590800000000002,1.4592500000000002,231.0
2024-03-29 04:01:00,FX:EURCAD,1.4592500000000002,1.45933,1.45919,1.4593,74.0
2024-03-29 04:02:00,FX:EURCAD,1.4593,1.45953,1.4592500000000002,1.45941,129.0
2024-03-29 04:03:00,FX:EURCAD,1.45941,1.45953,1.45939,1.45949,109.0
2024-03-29 04:04:00,FX:EURCAD,1.45949,1.4595200000000002,1.45939,1.45949,123.0
2024-03-29 04:05:00,FX:EURCAD,1.45949,1.4595200000000002,1.4593800000000001,1.45944,88.0
2024-03-29 04:06:00,FX:EURCAD,1.45944,1.4595,1.4594200000000002,1.4594500000000001,39.0
2024-03-29 04:07:00,FX:EURCAD,1.4594500000000001,1.45961,1.4594500000000001,1.4595900000000002,39.0
2024-03-29 04:08:00,FX:EURCAD,1.4595900000000002,1.45961,1.4595,1.45953,57.0
2024-03-29 04:09:00,FX:EURCAD,1.45953,1.45964,1.4595200000000002,1.45956,48.0
2024-03-29 04:10:00,FX:EURCAD,1.45956,1.4596200000000001,1.45948,1.45953,31.0
2024-03-29 04:11:00,FX:EURCAD,1.45953,1.4595500000000001,1.45949,1.45951,14.0
2024-03-29 04:12:00,FX:EURCAD,1.45951,1.45954,1.4594500000000001,1.45948,49.0
2024-03-29 04:13:00,FX:EURCAD,1.45948,1.45954,1.45948,1.4595200000000002,40.0
2024-03-29 04:14:00,FX:EURCAD,1.4595200000000002,1.45957,1.4595,1.45953,44.0
2024-03-29 04:15:00,FX:EURCAD,1.45953,1.4595500000000001,1.45947,1.45951,52.0
2024-03-29 04:16:00,FX:EURCAD,1.45951,1.45956,1.45947,1.45949,26.0
2024-03-29 04:17:00,FX:EURCAD,1.45949,1.45957,1.45939,1.4595,70.0
2024-03-29 04:18:00,FX:EURCAD,1.4595,1.45958,1.4595,1.4595200000000002,145.0
2024-03-29 04:19:00,FX:EURCAD,1.4595200000000002,1.45966,1.45946,1.4596,164.0
2024-03-29 04:20:00,FX:EURCAD,1.4596,1.45971,1.4595500000000001,1.45963,181.0
2024-03-29 04:21:00,FX:EURCAD,1.45963,1.45968,1.45957,1.4596,160.0
2024-03-29 04:22:00,FX:EURCAD,1.4596,1.45976,1.4595500000000001,1.45961,102.0
2024-03-29 04:23:00,FX:EURCAD,1.45961,1.4596200000000001,1.45951,1.45956,165.0
2024-03-29 04:24:00,FX:EURCAD,1.45956,1.4596200000000001,1.45947,1.45961,211.0
2024-03-29 04:25:00,FX:EURCAD,1.45961,1.4597900000000001,1.45958,1.4597900000000001,71.0
2024-03-29 04:26:00,FX:EURCAD,1.4597900000000001,1.4597900000000001,1.45973,1.45975,48.0
2024-03-29 04:27:00,FX:EURCAD,1.45975,1.45977,1.4597200000000001,1.45977,66.0
2024-03-29 04:28:00,FX:EURCAD,1.45977,1.45983,1.45977,1.45981,89.0
2024-03-29 04:29:00,FX:EURCAD,1.45981,1.4599900000000001,1.45975,1.45998,151.0
2024-03-29 04:30:00,FX:EURCAD,1.45998,1.46005,1.45993,1.46004,157.0
2024-03-29 04:31:00,FX:EURCAD,1.46004,1.46004,1.45987,1.4598900000000001,147.0
2024-03-29 04:32:00,FX:EURCAD,1.4598900000000001,1.4599600000000001,1.4596200000000001,1.45963,93.0
2024-03-29 04:33:00,FX:EURCAD,1.45963,1.45976,1.45953,1.45976,123.0
2024-03-29 04:34:00,FX:EURCAD,1.45976,1.45983,1.45971,1.4597200000000001,137.0
2024-03-29 04:35:00,FX:EURCAD,1.4597200000000001,1.4598900000000001,1.4597200000000001,1.45987,87.0
2024-03-29 04:36:00,FX:EURCAD,1.45987,1.4599,1.45983,1.45987,160.0
2024-03-29 04:37:00,FX:EURCAD,1.45987,1.45993,1.45974,1.45983,142.0
2024-03-29 04:38:00,FX:EURCAD,1.45983,1.45985,1.4597900000000001,1.4597900000000001,73.0
2024-03-29 04:39:00,FX:EURCAD,1.4597900000000001,1.4598600000000002,1.45978,1.45984,59.0
2024-03-29 04:40:00,FX:EURCAD,1.45984,1.45991,1.45981,1.4598900000000001,133.0
2024-03-29 04:41:00,FX:EURCAD,1.4598900000000001,1.45992,1.4598600000000002,1.45988,121.0
2024-03-29 04:42:00,FX:EURCAD,1.45988,1.45995,1.45984,1.45994,79.0
2024-03-29 04:43:00,FX:EURCAD,1.45994,1.45995,1.4598600000000002,1.4599,45.0
2024-03-29 04:44:00,FX:EURCAD,1.4599,1.45995,1.45987,1.45993,37.0
2024-03-29 04:45:00,FX:EURCAD,1.45993,1.4599600000000001,1.45987,1.4599600000000001,42.0
2024-03-29 04:46:00,FX:EURCAD,1.4599600000000001,1.4599600000000001,1.45993,1.45995,5.0
2024-03-29 04:47:00,FX:EURCAD,1.45995,1.45998,1.45991,1.45995,57.0
2024-03-29 04:48:00,FX:EURCAD,1.45995,1.46004,1.45987,1.46004,126.0
2024-03-29 04:49:00,FX:EURCAD,1.46004,1.46007,1.4599900000000001,1.46001,79.0
2024-03-29 04:50:00,FX:EURCAD,1.46001,1.46007,1.4599900000000001,1.46005,46.0
2024-03-29 04:51:00,FX:EURCAD,1.46005,1.4600600000000001,1.4600300000000002,1.4600300000000002,35.0
2024-03-29 04:52:00,FX:EURCAD,1.4600300000000002,1.46012,1.46,1.4601,108.0
2024-03-29 04:53:00,FX:EURCAD,1.4601,1.46022,1.46008,1.46022,88.0
2024-03-29 04:54:00,FX:EURCAD,1.46022,1.4602600000000001,1.46017,1.46022,53.0
2024-03-29 04:55:00,FX:EURCAD,1.46022,1.46028,1.46021,1.46025,100.0
2024-03-29 04:56:00,FX:EURCAD,1.46025,1.46025,1.46004,1.46022,121.0
2024-03-29 04:57:00,FX:EURCAD,1.46022,1.46049,1.46018,1.46048,141.0
2024-03-29 04:58:00,FX:EURCAD,1.46048,1.46052,1.46035,1.4604000000000001,150.0
2024-03-29 04:59:00,FX:EURCAD,1.4604000000000001,1.4605000000000001,1.46037,1.46049,70.0
2024-03-29 05:00:00,FX:EURCAD,1.46049,1.46049,1.46039,1.46045,35.0
2024-03-29 05:01:00,FX:EURCAD,1.46045,1.46048,1.46042,1.46048,9.0
2024-03-29 05:02:00,FX:EURCAD,1.46048,1.46049,1.46045,1.46045,4.0
2024-03-29 05:03:00,FX:EURCAD,1.46045,1.4604700000000002,1.46039,1.4604300000000001,25.0
2024-03-29 05:04:00,FX:EURCAD,1.4604300000000001,1.46051,1.4604300000000001,1.4605000000000001,9.0
2024-03-29 05:05:00,FX:EURCAD,1.4605000000000001,1.46052,1.4604700000000002,1.46051,6.0
2024-03-29 05:06:00,FX:EURCAD,1.46051,1.46051,1.4602300000000001,1.46028,129.0
2024-03-29 05:07:00,FX:EURCAD,1.46028,1.46053,1.4602300000000001,1.46051,89.0
2024-03-29 05:08:00,FX:EURCAD,1.46051,1.46052,1.4604300000000001,1.46045,11.0
2024-03-29 05:09:00,FX:EURCAD,1.46045,1.46051,1.46045,1.46049,12.0
2024-03-29 05:10:00,FX:EURCAD,1.46049,1.4605000000000001,1.46049,1.4605000000000001,11.0
2024-03-29 05:11:00,FX:EURCAD,1.4605000000000001,1.4605000000000001,1.4604300000000001,1.46045,4.0
2024-03-29 05:12:00,FX:EURCAD,1.46045,1.46046,1.46037,1.4604300000000001,6.0
2024-03-29 05:13:00,FX:EURCAD,1.4604300000000001,1.4604300000000001,1.4600600000000001,1.46014,132.0
2024-03-29 05:14:00,FX:EURCAD,1.46014,1.46015,1.4600300000000002,1.46004,174.0
2024-03-29 05:15:00,FX:EURCAD,1.46004,1.46019,1.45993,1.46009,133.0
2024-03-29 05:16:00,FX:EURCAD,1.46009,1.4601600000000001,1.46008,1.46011,68.0
2024-03-29 05:17:00,FX:EURCAD,1.46011,1.46011,1.45995,1.4599900000000001,128.0
2024-03-29 05:18:00,FX:EURCAD,1.4599900000000001,1.4599900000000001,1.45977,1.45993,178.0
2024-03-29 05:19:00,FX:EURCAD,1.45993,1.45995,1.45967,1.45984,159.0
2024-03-29 05:20:00,FX:EURCAD,1.45984,1.45987,1.45961,1.45984,132.0
2024-03-29 05:21:00,FX:EURCAD,1.45984,1.45993,1.45981,1.45988,134.0
2024-03-29 05:22:00,FX:EURCAD,1.45988,1.45992,1.45976,1.45976,185.0
2024-03-29 05:23:00,FX:EURCAD,1.45976,1.4598600000000002,1.45973,1.4598600000000002,159.0
2024-03-29 05:24:00,FX:EURCAD,1.4598600000000002,1.4599,1.4598,1.45988,170.0
2024-03-29 05:25:00,FX:EURCAD,1.45988,1.45988,1.45977,1.45981,117.0
2024-03-29 05:26:00,FX:EURCAD,1.45981,1.4598600000000002,1.45976,1.4598,125.0
2024-03-29 05:27:00,FX:EURCAD,1.4598,1.45987,1.45978,1.4598200000000001,60.0
2024-03-29 05:28:00,FX:EURCAD,1.4598200000000001,1.45992,1.45968,1.4598900000000001,277.0
2024-03-29 05:29:00,FX:EURCAD,1.4598900000000001,1.45994,1.4597900000000001,1.45991,264.0
2024-03-29 05:30:00,FX:EURCAD,1.45991,1.45995,1.4597200000000001,1.45984,173.0
2024-03-29 05:31:00,FX:EURCAD,1.45984,1.45987,1.4597900000000001,1.4597900000000001,273.0
2024-03-29 05:32:00,FX:EURCAD,1.4597900000000001,1.46004,1.45977,1.4599600000000001,405.0
2024-03-29 05:33:00,FX:EURCAD,1.4599600000000001,1.46011,1.45993,1.46011,229.0
2024-03-29 05:34:00,FX:EURCAD,1.46011,1.4602000000000002,1.4600300000000002,1.4601,183.0
2024-03-29 05:35:00,FX:EURCAD,1.4601,1.4601300000000001,1.46002,1.4600300000000002,128.0
2024-03-29 05:36:00,FX:EURCAD,1.4600300000000002,1.46011,1.4599600000000001,1.4601,148.0
2024-03-29 05:37:00,FX:EURCAD,1.4601,1.46018,1.46005,1.46017,189.0
2024-03-29 05:38:00,FX:EURCAD,1.46017,1.46021,1.46004,1.46021,159.0
2024-03-29 05:39:00,FX:EURCAD,1.46021,1.4602300000000001,1.46014,1.4602300000000001,146.0
2024-03-29 05:40:00,FX:EURCAD,1.4602300000000001,1.46024,1.46014,1.4602000000000002,196.0
2024-03-29 05:41:00,FX:EURCAD,1.4602000000000002,1.4602600000000001,1.46015,1.4602600000000001,136.0
2024-03-29 05:42:00,FX:EURCAD,1.4602600000000001,1.46034,1.4601600000000001,1.46034,190.0
2024-03-29 05:43:00,FX:EURCAD,1.46034,1.46035,1.4602000000000002,1.46032,223.0
2024-03-29 05:44:00,FX:EURCAD,1.46032,1.46035,1.46021,1.4602600000000001,147.0
2024-03-29 05:45:00,FX:EURCAD,1.4602600000000001,1.46034,1.46015,1.46029,323.0
2024-03-29 05:46:00,FX:EURCAD,1.46029,1.46035,1.46022,1.4603300000000001,416.0
2024-03-29 05:47:00,FX:EURCAD,1.4603300000000001,1.46037,1.46024,1.46031,306.0
2024-03-29 05:48:00,FX:EURCAD,1.46031,1.46046,1.46028,1.46042,190.0
2024-03-29 05:49:00,FX:EURCAD,1.46042,1.46046,1.4603000000000002,1.46039,166.0
2024-03-29 05:50:00,FX:EURCAD,1.46039,1.4604700000000002,1.4602600000000001,1.4604000000000001,250.0
2024-03-29 05:51:00,FX:EURCAD,1.4604000000000001,1.46052,1.46035,1.4605000000000001,164.0
2024-03-29 05:52:00,FX:EURCAD,1.4605000000000001,1.46058,1.46044,1.46048,176.0
2024-03-29 05:53:00,FX:EURCAD,1.46048,1.46059,1.46046,1.46052,154.0
2024-03-29 05:54:00,FX:EURCAD,1.46052,1.46059,1.46049,1.46058,121.0
2024-03-29 05:55:00,FX:EURCAD,1.46058,1.46058,1.46045,1.46055,257.0
2024-03-29 05:56:00,FX:EURCAD,1.46055,1.46055,1.4604000000000001,1.46041,239.0
2024-03-29 05:57:00,FX:EURCAD,1.46041,1.46053,1.46041,1.4605000000000001,259.0
2024-03-29 05:58:00,FX:EURCAD,1.4605000000000001,1.46055,1.46044,1.46054,233.0
2024-03-29 05:59:00,FX:EURCAD,1.46054,1.4608700000000001,1.4605000000000001,1.4608700000000001,219.0
2024-03-29 06:00:00,FX:EURCAD,1.4608700000000001,1.46146,1.46079,1.46133,475.0
2024-03-29 06:01:00,FX:EURCAD,1.46133,1.46144,1.46124,1.4612500000000002,402.0
2024-03-29 06:02:00,FX:EURCAD,1.4612500000000002,1.46126,1.46083,1.46092,338.0
2024-03-29 06:03:00,FX:EURCAD,1.46092,1.46106,1.46078,1.46102,397.0
2024-03-29 06:04:00,FX:EURCAD,1.46102,1.46102,1.4608,1.4609400000000001,267.0
2024-03-29 06:05:00,FX:EURCAD,1.4609400000000001,1.46098,1.4607700000000001,1.4608400000000001,208.0
2024-03-29 06:06:00,FX:EURCAD,1.4608400000000001,1.46086,1.4608,1.46083,172.0
2024-03-29 06:07:00,FX:EURCAD,1.46083,1.461,1.4608,1.4608400000000001,249.0
2024-03-29 06:08:00,FX:EURCAD,1.4608400000000001,1.4610400000000001,1.46082,1.46089,279.0
2024-03-29 06:09:00,FX:EURCAD,1.46089,1.46096,1.46076,1.4608,152.0
2024-03-29 06:10:00,FX:EURCAD,1.4608,1.46083,1.46076,1.46083,58.0
2024-03-29 06:11:00,FX:EURCAD,1.46083,1.4608400000000001,1.46076,1.46078,74.0
2024-03-29 06:12:00,FX:EURCAD,1.46078,1.46088,1.4607700000000001,1.46083,155.0
2024-03-29 06:13:00,FX:EURCAD,1.46083,1.46115,1.46083,1.46113,86.0
2024-03-29 06:14:00,FX:EURCAD,1.46113,1.46117,1.46082,1.4610800000000002,527.0
2024-03-29 06:15:00,FX:EURCAD,1.4610800000000002,1.4614500000000001,1.46106,1.46113,296.0
2024-03-29 06:16:00,FX:EURCAD,1.46113,1.46117,1.46106,1.46107,45.0
2024-03-29 06:17:00,FX:EURCAD,1.46107,1.4611100000000001,1.4610100000000001,1.46109,53.0
2024-03-29 06:18:00,FX:EURCAD,1.46109,1.46113,1.46103,1.4611100000000001,44.0
2024-03-29 06:19:00,FX:EURCAD,1.4611100000000001,1.46117,1.4610400000000001,1.4610800000000002,54.0
2024-03-29 06:20:00,FX:EURCAD,1.4610800000000002,1.4612,1.46105,1.46116,73.0
2024-03-29 06:21:00,FX:EURCAD,1.46116,1.46122,1.46099,1.461,169.0
2024-03-29 06:22:00,FX:EURCAD,1.461,1.46116,1.461,1.46115,181.0
2024-03-29 06:23:00,FX:EURCAD,1.46115,1.46117,1.46089,1.46099,180.0
2024-03-29 06:24:00,FX:EURCAD,1.46099,1.4610100000000001,1.4609400000000001,1.46098,151.0
2024-03-29 06:25:00,FX:EURCAD,1.46098,1.4610100000000001,1.4608700000000001,1.46092,161.0
2024-03-29 06:26:00,FX:EURCAD,1.46092,1.4610800000000002,1.46088,1.46103,514.0
2024-03-29 06:27:00,FX:EURCAD,1.46103,1.46107,1.461,1.46105,75.0
2024-03-29 06:28:00,FX:EURCAD,1.46105,1.4615200000000002,1.461,1.4615,225.0
2024-03-29 06:29:00,FX:EURCAD,1.4615,1.4615200000000002,1.46116,1.4613,243.0
2024-03-29 06:30:00,FX:EURCAD,1.4613,1.46161,1.46127,1.46147,210.0
2024-03-29 06:31:00,FX:EURCAD,1.46147,1.46158,1.4614200000000002,1.4615200000000002,130.0
2024-03-29 06:32:00,FX:EURCAD,1.4615200000000002,1.46163,1.4614,1.46147,244.0
2024-03-29 06:33:00,FX:EURCAD,1.46147,1.4617,1.4614,1.46164,156.0
2024-03-29 06:34:00,FX:EURCAD,1.46164,1.4616500000000001,1.46151,1.46154,117.0
2024-03-29 06:35:00,FX:EURCAD,1.46154,1.4617200000000001,1.4615200000000002,1.46163,165.0
2024-03-29 06:36:00,FX:EURCAD,1.46163,1.4616500000000001,1.46141,1.46146,114.0
2024-03-29 06:37:00,FX:EURCAD,1.46146,1.4614800000000001,1.4613800000000001,1.4614200000000002,93.0
2024-03-29 06:38:00,FX:EURCAD,1.4614200000000002,1.46146,1.4613800000000001,1.4613800000000001,89.0
2024-03-29 06:39:00,FX:EURCAD,1.4613800000000001,1.46141,1.4612,1.46126,102.0
2024-03-29 06:40:00,FX:EURCAD,1.46126,1.46161,1.4612,1.46124,122.0
2024-03-29 06:41:00,FX:EURCAD,1.46124,1.4612500000000002,1.46119,1.46124,96.0
2024-03-29 06:42:00,FX:EURCAD,1.46124,1.46124,1.4612,1.46122,81.0
2024-03-29 06:43:00,FX:EURCAD,1.46122,1.4612500000000002,1.46103,1.4611100000000001,165.0
2024-03-29 06:44:00,FX:EURCAD,1.4611100000000001,1.46131,1.4610400000000001,1.46129,302.0
2024-03-29 06:45:00,FX:EURCAD,1.46129,1.46129,1.46089,1.4609400000000001,322.0
2024-03-29 06:46:00,FX:EURCAD,1.4609400000000001,1.4611,1.46092,1.4610100000000001,258.0
2024-03-29 06:47:00,FX:EURCAD,1.4610100000000001,1.4612,1.4610100000000001,1.46116,138.0
2024-03-29 06:48:00,FX:EURCAD,1.46116,1.46124,1.46115,1.46119,110.0
2024-03-29 06:49:00,FX:EURCAD,1.46119,1.46123,1.46113,1.46117,158.0
2024-03-29 06:50:00,FX:EURCAD,1.46117,1.4612100000000001,1.46107,1.4611,221.0
2024-03-29 06:51:00,FX:EURCAD,1.4611,1.4612,1.46109,1.46114,214.0
2024-03-29 06:52:00,FX:EURCAD,1.46114,1.46131,1.4611100000000001,1.46131,199.0
2024-03-29 06:53:00,FX:EURCAD,1.46131,1.4613500000000001,1.46126,1.46131,65.0
2024-03-29 06:54:00,FX:EURCAD,1.46131,1.4614,1.4612,1.46122,91.0
2024-03-29 06:55:00,FX:EURCAD,1.46122,1.4613,1.4611800000000001,1.4613,142.0
2024-03-29 06:56:00,FX:EURCAD,1.4613,1.4614,1.46127,1.4613500000000001,108.0
2024-03-29 06:57:00,FX:EURCAD,1.4613500000000001,1.46139,1.4612800000000001,1.46136,119.0
2024-03-29 06:58:00,FX:EURCAD,1.46136,1.46143,1.4613,1.4613500000000001,121.0
2024-03-29 06:59:00,FX:EURCAD,1.4613500000000001,1.46144,1.46133,1.4613500000000001,96.0
2024-03-29 07:00:00,FX:EURCAD,1.4613500000000001,1.46141,1.4612800000000001,1.46134,62.0
2024-03-29 07:01:00,FX:EURCAD,1.46134,1.46151,1.46106,1.4610800000000002,136.0
2024-03-29 07:02:00,FX:EURCAD,1.4610800000000002,1.4612800000000001,1.46107,1.46117,148.0
2024-03-29 07:03:00,FX:EURCAD,1.46117,1.46124,1.46116,1.4611800000000001,318.0
2024-03-29 07:04:00,FX:EURCAD,1.4611800000000001,1.4612500000000002,1.46115,1.46123,107.0
2024-03-29 07:05:00,FX:EURCAD,1.46123,1.4612800000000001,1.4612,1.46126,103.0
2024-03-29 07:06:00,FX:EURCAD,1.46126,1.4613,1.4612,1.4612500000000002,732.0
2024-03-29 07:07:00,FX:EURCAD,1.4612500000000002,1.4613500000000001,1.46123,1.46129,104.0
2024-03-29 07:08:00,FX:EURCAD,1.46129,1.46164,1.4612800000000001,1.46158,64.0
2024-03-29 07:09:00,FX:EURCAD,1.46158,1.4616500000000001,1.46146,1.4614800000000001,127.0
2024-03-29 07:10:00,FX:EURCAD,1.4614800000000001,1.46156,1.46131,1.46139,126.0
2024-03-29 07:11:00,FX:EURCAD,1.46139,1.46156,1.46123,1.46154,303.0
2024-03-29 07:12:00,FX:EURCAD,1.46154,1.4615500000000001,1.4614200000000002,1.46154,102.0
2024-03-29 07:13:00,FX:EURCAD,1.46154,1.46163,1.4614800000000001,1.4615500000000001,105.0
2024-03-29 07:14:00,FX:EURCAD,1.4615500000000001,1.46176,1.4614500000000001,1.46157,320.0
2024-03-29 07:15:00,FX:EURCAD,1.46157,1.46177,1.4615200000000002,1.46175,248.0
2024-03-29 07:16:00,FX:EURCAD,1.46175,1.46175,1.46156,1.46168,171.0
2024-03-29 07:17:00,FX:EURCAD,1.46168,1.46177,1.4615500000000001,1.46168,113.0
2024-03-29 07:18:00,FX:EURCAD,1.46168,1.46176,1.46164,1.46174,135.0
2024-03-29 07:19:00,FX:EURCAD,1.46174,1.46193,1.46157,1.46164,198.0
2024-03-29 07:20:00,FX:EURCAD,1.46164,1.46173,1.46164,1.46173,136.0
2024-03-29 07:21:00,FX:EURCAD,1.46173,1.46174,1.4615,1.46163,145.0
2024-03-29 07:22:00,FX:EURCAD,1.46163,1.46173,1.4615500000000001,1.46164,126.0
2024-03-29 07:23:00,FX:EURCAD,1.46164,1.46176,1.46164,1.46176,69.0
2024-03-29 07:24:00,FX:EURCAD,1.46176,1.46227,1.46163,1.46195,182.0
2024-03-29 07:25:00,FX:EURCAD,1.46195,1.462,1.4618,1.46191,214.0
2024-03-29 07:26:00,FX:EURCAD,1.46191,1.46192,1.46164,1.4618,199.0
2024-03-29 07:27:00,FX:EURCAD,1.4618,1.46201,1.4617200000000001,1.46183,255.0
2024-03-29 07:28:00,FX:EURCAD,1.46183,1.46187,1.4617900000000001,1.4618600000000002,174.0
2024-03-29 07:29:00,FX:EURCAD,1.4618600000000002,1.4619900000000001,1.46185,1.4619900000000001,132.0
2024-03-29 07:30:00,FX:EURCAD,1.4619900000000001,1.4619900000000001,1.4618,1.46193,194.0
2024-03-29 07:31:00,FX:EURCAD,1.46193,1.46207,1.4618200000000001,1.4620300000000002,276.0
2024-03-29 07:32:00,FX:EURCAD,1.4620300000000002,1.4620300000000002,1.46195,1.46197,56.0
2024-03-29 07:33:00,FX:EURCAD,1.46197,1.4619900000000001,1.4619,1.4619600000000001,96.0
2024-03-29 07:34:00,FX:EURCAD,1.4619600000000001,1.46198,1.46187,1.46191,88.0
2024-03-29 07:35:00,FX:EURCAD,1.46191,1.46204,1.46188,1.46204,138.0
2024-03-29 07:36:00,FX:EURCAD,1.46204,1.46208,1.46191,1.46201,132.0
2024-03-29 07:37:00,FX:EURCAD,1.46201,1.4620300000000002,1.4618600000000002,1.46193,129.0
2024-03-29 07:38:00,FX:EURCAD,1.46193,1.46198,1.46188,1.46193,124.0
2024-03-29 07:39:00,FX:EURCAD,1.46193,1.4619600000000001,1.46188,1.46194,172.0
2024-03-29 07:40:00,FX:EURCAD,1.46194,1.46194,1.46168,1.4617200000000001,203.0
2024-03-29 07:41:00,FX:EURCAD,1.4617200000000001,1.46183,1.46168,1.46173,173.0
2024-03-29 07:42:00,FX:EURCAD,1.46173,1.46176,1.4616500000000001,1.46175,139.0
2024-03-29 07:43:00,FX:EURCAD,1.46175,1.46175,1.46168,1.4617200000000001,123.0
2024-03-29 07:44:00,FX:EURCAD,1.4617200000000001,1.46178,1.46163,1.46176,188.0
2024-03-29 07:45:00,FX:EURCAD,1.46176,1.46176,1.4616,1.46174,85.0
2024-03-29 07:46:00,FX:EURCAD,1.46174,1.46178,1.4616,1.46164,109.0
2024-03-29 07:47:00,FX:EURCAD,1.46164,1.46167,1.4614800000000001,1.46153,104.0
2024-03-29 07:48:00,FX:EURCAD,1.46153,1.46159,1.4614200000000002,1.4615,128.0
2024-03-29 07:49:00,FX:EURCAD,1.4615,1.4615500000000001,1.4614800000000001,1.46153,200.0
2024-03-29 07:50:00,FX:EURCAD,1.46153,1.46158,1.4615,1.46154,101.0
2024-03-29 07:51:00,FX:EURCAD,1.46154,1.46154,1.4614800000000001,1.46153,119.0
2024-03-29 07:52:00,FX:EURCAD,1.46153,1.46159,1.4615,1.46154,110.0
2024-03-29 07:53:00,FX:EURCAD,1.46154,1.4616500000000001,1.4615200000000002,1.4616,126.0
2024-03-29 07:54:00,FX:EURCAD,1.4616,1.4616900000000002,1.46158,1.46159,92.0
2024-03-29 07:55:00,FX:EURCAD,1.46159,1.46176,1.46151,1.4617200000000001,161.0
2024-03-29 07:56:00,FX:EURCAD,1.4617200000000001,1.46176,1.46151,1.46167,81.0
2024-03-29 07:57:00,FX:EURCAD,1.46167,1.4616900000000002,1.46153,1.46156,60.0
2024-03-29 07:58:00,FX:EURCAD,1.46156,1.46157,1.4615200000000002,1.46154,80.0
2024-03-29 07:59:00,FX:EURCAD,1.46154,1.46171,1.4615200000000002,1.46163,107.0
2024-03-29 08:00:00,FX:EURCAD,1.46163,1.46166,1.46156,1.46164,188.0
2024-03-29 08:01:00,FX:EURCAD,1.46164,1.46166,1.46164,1.4616500000000001,87.0
2024-03-29 08:02:00,FX:EURCAD,1.4616500000000001,1.46167,1.4616500000000001,1.46166,64.0
2024-03-29 08:03:00,FX:EURCAD,1.46166,1.46166,1.4616200000000001,1.4616500000000001,33.0
2024-03-29 08:04:00,FX:EURCAD,1.4616500000000001,1.4616500000000001,1.4615,1.4616,54.0
2024-03-29 08:05:00,FX:EURCAD,1.4616,1.4616200000000001,1.46144,1.4614800000000001,95.0
2024-03-29 08:06:00,FX:EURCAD,1.4614800000000001,1.46149,1.46134,1.46134,130.0
2024-03-29 08:07:00,FX:EURCAD,1.46134,1.4614800000000001,1.4613,1.4614800000000001,159.0
2024-03-29 08:08:00,FX:EURCAD,1.4614800000000001,1.4615,1.4614,1.46144,75.0
2024-03-29 08:09:00,FX:EURCAD,1.46144,1.46146,1.4613,1.46131,144.0
2024-03-29 08:10:00,FX:EURCAD,1.46131,1.46134,1.4611800000000001,1.4612100000000001,162.0
2024-03-29 08:11:00,FX:EURCAD,1.4612100000000001,1.46129,1.46119,1.46123,141.0
2024-03-29 08:12:00,FX:EURCAD,1.46123,1.4613,1.46117,1.4612800000000001,190.0
2024-03-29 08:13:00,FX:EURCAD,1.4612800000000001,1.46131,1.46117,1.4612800000000001,189.0
2024-03-29 08:14:00,FX:EURCAD,1.4612800000000001,1.46143,1.46119,1.46137,373.0
2024-03-29 08:15:00,FX:EURCAD,1.46137,1.4616,1.4611,1.4614,274.0
2024-03-29 08:16:00,FX:EURCAD,1.4614,1.46149,1.46116,1.46134,168.0
2024-03-29 08:17:00,FX:EURCAD,1.46134,1.46136,1.4612800000000001,1.4612800000000001,151.0
2024-03-29 08:18:00,FX:EURCAD,1.4612800000000001,1.46129,1.46103,1.46129,124.0
2024-03-29 08:19:00,FX:EURCAD,1.46129,1.4613,1.4612100000000001,1.46126,120.0
2024-03-29 08:20:00,FX:EURCAD,1.46126,1.46127,1.46113,1.46127,78.0
2024-03-29 08:21:00,FX:EURCAD,1.46127,1.46129,1.4611,1.46117,95.0
2024-03-29 08:22:00,FX:EURCAD,1.46117,1.4617,1.4609,1.46112,390.0
2024-03-29 08:23:00,FX:EURCAD,1.46112,1.46126,1.46096,1.46112,277.0
2024-03-29 08:24:00,FX:EURCAD,1.46112,1.46114,1.46073,1.46078,133.0
2024-03-29 08:25:00,FX:EURCAD,1.46078,1.4608,1.46063,1.4606700000000001,118.0
2024-03-29 08:26:00,FX:EURCAD,1.4606700000000001,1.46068,1.46051,1.46058,126.0
2024-03-29 08:27:00,FX:EURCAD,1.46058,1.4606400000000002,1.4603300000000001,1.46036,224.0
2024-03-29 08:28:00,FX:EURCAD,1.46036,1.46063,1.46014,1.4604000000000001,144.0
2024-03-29 08:29:00,FX:EURCAD,1.4604000000000001,1.46109,1.4598900000000001,1.46009,328.0
2024-03-29 08:30:00,FX:EURCAD,1.46009,1.46194,1.4599,1.4615,323.0
2024-03-29 08:31:00,FX:EURCAD,1.4615,1.46161,1.4609100000000002,1.4612,199.0
2024-03-29 08:32:00,FX:EURCAD,1.4612,1.46122,1.46062,1.46066,172.0
2024-03-29 08:33:00,FX:EURCAD,1.46066,1.46088,1.46062,1.46086,189.0
2024-03-29 08:34:00,FX:EURCAD,1.46086,1.4611,1.4608100000000002,1.46095,145.0
2024-03-29 08:35:00,FX:EURCAD,1.46095,1.46107,1.46086,1.46086,124.0
2024-03-29 08:36:00,FX:EURCAD,1.46086,1.46122,1.46079,1.46117,178.0
2024-03-29 08:37:00,FX:EURCAD,1.46117,1.4613,1.46113,1.4612,321.0
2024-03-29 08:38:00,FX:EURCAD,1.4612,1.46127,1.46115,1.46124,434.0
2024-03-29 08:39:00,FX:EURCAD,1.46124,1.46183,1.4610800000000002,1.4618200000000001,610.0
2024-03-29 08:40:00,FX:EURCAD,1.4618200000000001,1.46219,1.46175,1.46211,365.0
2024-03-29 08:41:00,FX:EURCAD,1.46211,1.4626000000000001,1.46151,1.46259,535.0
2024-03-29 08:42:00,FX:EURCAD,1.46259,1.46319,1.46212,1.4622,475.0
2024-03-29 08:43:00,FX:EURCAD,1.4622,1.4626400000000002,1.462,1.46252,510.0
2024-03-29 08:44:00,FX:EURCAD,1.46252,1.4627000000000001,1.46234,1.46252,791.0
2024-03-29 08:45:00,FX:EURCAD,1.46252,1.46261,1.46218,1.4622300000000001,515.0
2024-03-29 08:46:00,FX:EURCAD,1.4622300000000001,1.46231,1.46195,1.4621600000000001,256.0
2024-03-29 08:47:00,FX:EURCAD,1.4621600000000001,1.46219,1.4619,1.46195,218.0
2024-03-29 08:48:00,FX:EURCAD,1.46195,1.46202,1.46173,1.46175,298.0
2024-03-29 08:49:00,FX:EURCAD,1.46175,1.46183,1.46133,1.4614,585.0
2024-03-29 08:50:00,FX:EURCAD,1.4614,1.46191,1.46136,1.46176,553.0
2024-03-29 08:51:00,FX:EURCAD,1.46176,1.4620600000000001,1.4617,1.46193,540.0
2024-03-29 08:52:00,FX:EURCAD,1.46193,1.46207,1.4618900000000001,1.4620300000000002,339.0
2024-03-29 08:53:00,FX:EURCAD,1.4620300000000002,1.46211,1.4618900000000001,1.46204,277.0
2024-03-29 08:54:00,FX:EURCAD,1.46204,1.46214,1.4619600000000001,1.4620300000000002,199.0
2024-03-29 08:55:00,FX:EURCAD,1.4620300000000002,1.46211,1.46202,1.46208,107.0
2024-03-29 08:56:00,FX:EURCAD,1.46208,1.46217,1.4620600000000001,1.46215,120.0
2024-03-29 08:57:00,FX:EURCAD,1.46215,1.46217,1.4620600000000001,1.4621,98.0
2024-03-29 08:58:00,FX:EURCAD,1.4621,1.4621600000000001,1.46208,1.46212,114.0
2024-03-29 08:59:00,FX:EURCAD,1.46212,1.4622,1.46211,1.4621300000000002,118.0
2024-03-29 09:00:00,FX:EURCAD,1.4621300000000002,1.4621300000000002,1.46197,1.46201,179.0
2024-03-29 09:01:00,FX:EURCAD,1.46201,1.4620900000000001,1.4617,1.4617,202.0
2024-03-29 09:02:00,FX:EURCAD,1.4617,1.462,1.46161,1.46183,363.0
2024-03-29 09:03:00,FX:EURCAD,1.46183,1.46198,1.4617,1.46183,201.0
2024-03-29 09:04:00,FX:EURCAD,1.46183,1.46194,1.46183,1.46192,107.0
2024-03-29 09:05:00,FX:EURCAD,1.46192,1.46227,1.46184,1.46218,244.0
2024-03-29 09:06:00,FX:EURCAD,1.46218,1.46228,1.4621300000000002,1.46225,261.0
2024-03-29 09:07:00,FX:EURCAD,1.46225,1.46225,1.46214,1.4622,113.0
2024-03-29 09:08:00,FX:EURCAD,1.4622,1.46227,1.46219,1.46222,64.0
2024-03-29 09:09:00,FX:EURCAD,1.46222,1.4622300000000001,1.4621300000000002,1.46218,62.0
2024-03-29 09:10:00,FX:EURCAD,1.46218,1.46222,1.46214,1.4622,47.0
2024-03-29 09:11:00,FX:EURCAD,1.4622,1.46231,1.46217,1.46231,157.0
2024-03-29 09:12:00,FX:EURCAD,1.46231,1.46231,1.4622300000000001,1.46225,144.0
2024-03-29 09:13:00,FX:EURCAD,1.46225,1.4623300000000001,1.46219,1.4623000000000002,231.0
2024-03-29 09:14:00,FX:EURCAD,1.4623000000000002,1.46239,1.46227,1.46238,114.0
2024-03-29 09:15:00,FX:EURCAD,1.46238,1.46239,1.46235,1.46239,50.0
2024-03-29 09:16:00,FX:EURCAD,1.46239,1.46242,1.46239,1.4624000000000001,47.0
2024-03-29 09:17:00,FX:EURCAD,1.4624000000000001,1.4624300000000001,1.46237,1.46242,42.0
2024-03-29 09:18:00,FX:EURCAD,1.46242,1.4626000000000001,1.46242,1.46255,112.0
2024-03-29 09:19:00,FX:EURCAD,1.46255,1.4626000000000001,1.46253,1.4625700000000001,95.0
2024-03-29 09:20:00,FX:EURCAD,1.4625700000000001,1.4628700000000001,1.46256,1.4627700000000001,148.0
2024-03-29 09:21:00,FX:EURCAD,1.4627700000000001,1.46285,1.4627000000000001,1.46273,265.0
2024-03-29 09:22:00,FX:EURCAD,1.46273,1.4627700000000001,1.46269,1.46275,251.0
2024-03-29 09:23:00,FX:EURCAD,1.46275,1.4629400000000001,1.46273,1.46285,798.0
2024-03-29 09:24:00,FX:EURCAD,1.46285,1.46323,1.46273,1.4630100000000001,689.0
2024-03-29 09:25:00,FX:EURCAD,1.4630100000000001,1.46324,1.46279,1.4630400000000001,1151.0
2024-03-29 09:26:00,FX:EURCAD,1.4630400000000001,1.46312,1.46302,1.46305,277.0
2024-03-29 09:27:00,FX:EURCAD,1.46305,1.46306,1.46289,1.46289,219.0
2024-03-29 09:28:00,FX:EURCAD,1.46289,1.46293,1.4625700000000001,1.4625700000000001,285.0
2024-03-29 09:29:00,FX:EURCAD,1.4625700000000001,1.46265,1.46249,1.46259,212.0
2024-03-29 09:30:00,FX:EURCAD,1.46259,1.46263,1.46248,1.4625000000000001,233.0
2024-03-29 09:31:00,FX:EURCAD,1.4625000000000001,1.4625700000000001,1.46241,1.46241,347.0
2024-03-29 09:32:00,FX:EURCAD,1.46241,1.46248,1.4621600000000001,1.4623000000000002,392.0
2024-03-29 09:33:00,FX:EURCAD,1.4623000000000002,1.4623300000000001,1.46201,1.4620300000000002,264.0
2024-03-29 09:34:00,FX:EURCAD,1.4620300000000002,1.46219,1.462,1.46218,533.0
2024-03-29 09:35:00,FX:EURCAD,1.46218,1.46222,1.46208,1.46217,191.0
2024-03-29 09:36:00,FX:EURCAD,1.46217,1.4622600000000001,1.46214,1.46221,111.0
2024-03-29 09:37:00,FX:EURCAD,1.46221,1.46228,1.46221,1.46227,17.0
2024-03-29 09:38:00,FX:EURCAD,1.46227,1.46229,1.46221,1.46225,29.0
2024-03-29 09:39:00,FX:EURCAD,1.46225,1.46225,1.4618900000000001,1.46197,263.0
2024-03-29 09:40:00,FX:EURCAD,1.46197,1.4619900000000001,1.46193,1.46195,141.0
2024-03-29 09:41:00,FX:EURCAD,1.46195,1.46205,1.46194,1.4620300000000002,135.0
2024-03-29 09:42:00,FX:EURCAD,1.4620300000000002,1.46208,1.46195,1.46204,185.0
2024-03-29 09:43:00,FX:EURCAD,1.46204,1.46208,1.462,1.46207,104.0
2024-03-29 09:44:00,FX:EURCAD,1.46207,1.4620900000000001,1.46198,1.46202,241.0
2024-03-29 09:45:00,FX:EURCAD,1.46202,1.46207,1.46195,1.4619600000000001,226.0
2024-03-29 09:46:00,FX:EURCAD,1.4619600000000001,1.46224,1.46195,1.46222,220.0
2024-03-29 09:47:00,FX:EURCAD,1.46222,1.46227,1.46215,1.4621600000000001,240.0
2024-03-29 09:48:00,FX:EURCAD,1.4621600000000001,1.46245,1.46215,1.4624000000000001,157.0
2024-03-29 09:49:00,FX:EURCAD,1.4624000000000001,1.46244,1.46236,1.46238,79.0
2024-03-29 09:50:00,FX:EURCAD,1.46238,1.46238,1.46229,1.46229,44.0
2024-03-29 09:51:00,FX:EURCAD,1.46229,1.46237,1.46227,1.46237,70.0
2024-03-29 09:52:00,FX:EURCAD,1.46237,1.46239,1.4623300000000001,1.46239,15.0
2024-03-29 09:53:00,FX:EURCAD,1.46239,1.46239,1.46229,1.4623300000000001,27.0
2024-03-29 09:54:00,FX:EURCAD,1.4623300000000001,1.46254,1.46227,1.46252,83.0
2024-03-29 09:55:00,FX:EURCAD,1.46252,1.46253,1.46239,1.46239,67.0
2024-03-29 09:56:00,FX:EURCAD,1.46239,1.46249,1.46239,1.46248,88.0
2024-03-29 09:57:00,FX:EURCAD,1.46248,1.46253,1.46234,1.46248,114.0
2024-03-29 09:58:00,FX:EURCAD,1.46248,1.4625000000000001,1.46237,1.46238,98.0
2024-03-29 09:59:00,FX:EURCAD,1.46238,1.46245,1.46236,1.46237,147.0
2024-03-29 10:00:00,FX:EURCAD,1.46237,1.46244,1.46204,1.4621300000000002,690.0
2024-03-29 10:01:00,FX:EURCAD,1.4621300000000002,1.46221,1.4621,1.46214,239.0
2024-03-29 10:02:00,FX:EURCAD,1.46214,1.46244,1.46205,1.4620900000000001,283.0
2024-03-29 10:03:00,FX:EURCAD,1.4620900000000001,1.46242,1.4620900000000001,1.46227,303.0
2024-03-29 10:04:00,FX:EURCAD,1.46227,1.46256,1.46222,1.4624700000000002,245.0
2024-03-29 10:05:00,FX:EURCAD,1.4624700000000002,1.46249,1.46207,1.46208,302.0
2024-03-29 10:06:00,FX:EURCAD,1.46208,1.46218,1.46204,1.4620900000000001,287.0
2024-03-29 10:07:00,FX:EURCAD,1.4620900000000001,1.46214,1.4620900000000001,1.4621300000000002,40.0
2024-03-29 10:08:00,FX:EURCAD,1.4621300000000002,1.46218,1.4621300000000002,1.46218,92.0
2024-03-29 10:09:00,FX:EURCAD,1.46218,1.4622,1.46214,1.4621600000000001,100.0
2024-03-29 10:10:00,FX:EURCAD,1.4621600000000001,1.46244,1.4621300000000002,1.46239,128.0
2024-03-29 10:11:00,FX:EURCAD,1.46239,1.46241,1.4622300000000001,1.4622600000000001,131.0
2024-03-29 10:12:00,FX:EURCAD,1.4622600000000001,1.4623300000000001,1.46222,1.4622600000000001,131.0
2024-03-29 10:13:00,FX:EURCAD,1.4622600000000001,1.46227,1.46221,1.4622300000000001,126.0
2024-03-29 10:14:00,FX:EURCAD,1.4622300000000001,1.46227,1.46222,1.46224,85.0
2024-03-29 10:15:00,FX:EURCAD,1.46224,1.46229,1.46221,1.4622600000000001,84.0
2024-03-29 10:16:00,FX:EURCAD,1.4622600000000001,1.4622600000000001,1.46221,1.46222,57.0
2024-03-29 10:17:00,FX:EURCAD,1.46222,1.46222,1.4622,1.46221,26.0
2024-03-29 10:18:00,FX:EURCAD,1.46221,1.46229,1.46221,1.46229,44.0
2024-03-29 10:19:00,FX:EURCAD,1.46229,1.46229,1.4622,1.4622,21.0
2024-03-29 10:20:00,FX:EURCAD,1.4622,1.4622600000000001,1.4622,1.46221,18.0
2024-03-29 10:21:00,FX:EURCAD,1.46221,1.46222,1.46211,1.46212,71.0
2024-03-29 10:22:00,FX:EURCAD,1.46212,1.46215,1.46208,1.46214,75.0
2024-03-29 10:23:00,FX:EURCAD,1.46214,1.4621600000000001,1.4621300000000002,1.46215,44.0
2024-03-29 10:24:00,FX:EURCAD,1.46215,1.46222,1.46208,1.46221,87.0
2024-03-29 10:25:00,FX:EURCAD,1.46221,1.46232,1.4621600000000001,1.46229,140.0
2024-03-29 10:26:00,FX:EURCAD,1.46229,1.4623000000000002,1.4621,1.46211,200.0
2024-03-29 10:27:00,FX:EURCAD,1.46211,1.46219,1.4620900000000001,1.46211,120.0
2024-03-29 10:28:00,FX:EURCAD,1.46211,1.4622,1.46211,1.4622,36.0
2024-03-29 10:29:00,FX:EURCAD,1.4622,1.46221,1.46208,1.4620900000000001,55.0
2024-03-29 10:30:00,FX:EURCAD,1.4620900000000001,1.4620900000000001,1.462,1.46201,44.0
2024-03-29 10:31:00,FX:EURCAD,1.46201,1.46218,1.462,1.4621600000000001,56.0
2024-03-29 10:32:00,FX:EURCAD,1.4621600000000001,1.4621600000000001,1.46198,1.462,59.0
2024-03-29 10:33:00,FX:EURCAD,1.462,1.46217,1.46198,1.46212,107.0
2024-03-29 10:34:00,FX:EURCAD,1.46212,1.4622600000000001,1.46208,1.46221,179.0
2024-03-29 10:35:00,FX:EURCAD,1.46221,1.46224,1.46205,1.4621,211.0
2024-03-29 10:36:00,FX:EURCAD,1.4621,1.46211,1.46205,1.4620900000000001,264.0
2024-03-29 10:37:00,FX:EURCAD,1.4620900000000001,1.4621,1.4620300000000002,1.46204,235.0
2024-03-29 10:38:00,FX:EURCAD,1.46204,1.46219,1.46202,1.46207,226.0
2024-03-29 10:39:00,FX:EURCAD,1.46207,1.46228,1.46204,1.46228,339.0
2024-03-29 10:40:00,FX:EURCAD,1.46228,1.46231,1.46208,1.46228,141.0
2024-03-29 10:41:00,FX:EURCAD,1.46228,1.46238,1.4622600000000001,1.4623300000000001,185.0
2024-03-29 10:42:00,FX:EURCAD,1.4623300000000001,1.46242,1.4623300000000001,1.46241,186.0
2024-03-29 10:43:00,FX:EURCAD,1.46241,1.46244,1.4623000000000002,1.46238,80.0
2024-03-29 10:44:00,FX:EURCAD,1.46238,1.46244,1.46229,1.46237,91.0
2024-03-29 10:45:00,FX:EURCAD,1.46237,1.46237,1.4622,1.46227,124.0
2024-03-29 10:46:00,FX:EURCAD,1.46227,1.46227,1.46188,1.46204,329.0
2024-03-29 10:47:00,FX:EURCAD,1.46204,1.46212,1.46191,1.4620600000000001,211.0
2024-03-29 10:48:00,FX:EURCAD,1.4620600000000001,1.46211,1.46183,1.46183,101.0
2024-03-29 10:49:00,FX:EURCAD,1.46183,1.46184,1.46176,1.46178,70.0
2024-03-29 10:50:00,FX:EURCAD,1.46178,1.46188,1.46178,1.4617900000000001,78.0
2024-03-29 10:51:00,FX:EURCAD,1.4617900000000001,1.4619,1.4617900000000001,1.46183,57.0
2024-03-29 10:52:00,FX:EURCAD,1.46183,1.4618600000000002,1.4618,1.4618600000000002,63.0
2024-03-29 10:53:00,FX:EURCAD,1.4618600000000002,1.46195,1.4617900000000001,1.46191,134.0
2024-03-29 10:54:00,FX:EURCAD,1.46191,1.462,1.46187,1.46197,120.0
2024-03-29 10:55:00,FX:EURCAD,1.46197,1.4620300000000002,1.46192,1.46194,107.0
2024-03-29 10:56:00,FX:EURCAD,1.46194,1.46197,1.46191,1.46191,67.0
2024-03-29 10:57:00,FX:EURCAD,1.46191,1.462,1.46183,1.46194,171.0
2024-03-29 10:58:00,FX:EURCAD,1.46194,1.4619600000000001,1.46187,1.46194,161.0
2024-03-29 10:59:00,FX:EURCAD,1.46194,1.4621600000000001,1.46188,1.46193,133.0
2024-03-29 11:00:00,FX:EURCAD,1.46193,1.46194,1.4617900000000001,1.4618600000000002,138.0
2024-03-29 11:01:00,FX:EURCAD,1.4618600000000002,1.4618900000000001,1.46063,1.4606700000000001,246.0
2024-03-29 11:02:00,FX:EURCAD,1.4606700000000001,1.46086,1.46052,1.46061,375.0
2024-03-29 11:03:00,FX:EURCAD,1.46061,1.46071,1.46032,1.46071,281.0
2024-03-29 11:04:00,FX:EURCAD,1.46071,1.4613800000000001,1.4607,1.46113,303.0
2024-03-29 11:05:00,FX:EURCAD,1.46113,1.4613800000000001,1.46112,1.46117,194.0
2024-03-29 11:06:00,FX:EURCAD,1.46117,1.46137,1.46113,1.46123,170.0
2024-03-29 11:07:00,FX:EURCAD,1.46123,1.46129,1.46098,1.4610400000000001,201.0
2024-03-29 11:08:00,FX:EURCAD,1.4610400000000001,1.46119,1.46095,1.46102,388.0
2024-03-29 11:09:00,FX:EURCAD,1.46102,1.4611800000000001,1.46095,1.46105,345.0
2024-03-29 11:10:00,FX:EURCAD,1.46105,1.4612100000000001,1.4609400000000001,1.461,290.0
2024-03-29 11:11:00,FX:EURCAD,1.461,1.46115,1.4609100000000002,1.46109,174.0
2024-03-29 11:12:00,FX:EURCAD,1.46109,1.4611,1.46096,1.46099,163.0
2024-03-29 11:13:00,FX:EURCAD,1.46099,1.4610800000000002,1.46095,1.46102,194.0
2024-03-29 11:14:00,FX:EURCAD,1.46102,1.4611,1.46062,1.46082,280.0
2024-03-29 11:15:00,FX:EURCAD,1.46082,1.46088,1.46051,1.46063,596.0
2024-03-29 11:16:00,FX:EURCAD,1.46063,1.46066,1.4606000000000001,1.4606400000000002,263.0
2024-03-29 11:17:00,FX:EURCAD,1.4606400000000002,1.4607400000000001,1.46061,1.46069,348.0
2024-03-29 11:18:00,FX:EURCAD,1.46069,1.4608400000000001,1.46062,1.4608,243.0
2024-03-29 11:19:00,FX:EURCAD,1.4608,1.46083,1.46072,1.46079,110.0
2024-03-29 11:20:00,FX:EURCAD,1.46079,1.46082,1.46071,1.46082,182.0
2024-03-29 11:21:00,FX:EURCAD,1.46082,1.46083,1.46073,1.46075,143.0
2024-03-29 11:22:00,FX:EURCAD,1.46075,1.46076,1.46063,1.4606700000000001,100.0
2024-03-29 11:23:00,FX:EURCAD,1.4606700000000001,1.4607,1.4605700000000001,1.46058,154.0
2024-03-29 11:24:00,FX:EURCAD,1.46058,1.46066,1.46054,1.46058,79.0
2024-03-29 11:25:00,FX:EURCAD,1.46058,1.46066,1.4605700000000001,1.46061,179.0
2024-03-29 11:26:00,FX:EURCAD,1.46061,1.4606400000000002,1.46038,1.46045,122.0
2024-03-29 11:27:00,FX:EURCAD,1.46045,1.4605000000000001,1.46035,1.4604300000000001,347.0
2024-03-29 11:28:00,FX:EURCAD,1.4604300000000001,1.46068,1.4603000000000002,1.46053,391.0
2024-03-29 11:29:00,FX:EURCAD,1.46053,1.4606700000000001,1.46045,1.46049,340.0
2024-03-29 11:30:00,FX:EURCAD,1.46049,1.4610100000000001,1.4604700000000002,1.46076,283.0
2024-03-29 11:31:00,FX:EURCAD,1.46076,1.46083,1.4605700000000001,1.46066,280.0
2024-03-29 11:32:00,FX:EURCAD,1.46066,1.46068,1.46058,1.46059,44.0
2024-03-29 11:33:00,FX:EURCAD,1.46059,1.4606400000000002,1.46053,1.46063,172.0
2024-03-29 11:34:00,FX:EURCAD,1.46063,1.46069,1.4605000000000001,1.46052,180.0
2024-03-29 11:35:00,FX:EURCAD,1.46052,1.4605700000000001,1.46039,1.46055,189.0
2024-03-29 11:36:00,FX:EURCAD,1.46055,1.46062,1.4605000000000001,1.46055,151.0
2024-03-29 11:37:00,FX:EURCAD,1.46055,1.46065,1.4604300000000001,1.46048,323.0
2024-03-29 11:38:00,FX:EURCAD,1.46048,1.46062,1.46045,1.4606000000000001,203.0
2024-03-29 11:39:00,FX:EURCAD,1.4606000000000001,1.46062,1.46058,1.4606000000000001,177.0
2024-03-29 11:40:00,FX:EURCAD,1.4606000000000001,1.46063,1.46053,1.46053,164.0
2024-03-29 11:41:00,FX:EURCAD,1.46053,1.46055,1.46042,1.46054,202.0
2024-03-29 11:42:00,FX:EURCAD,1.46054,1.4605700000000001,1.46036,1.46037,284.0
2024-03-29 11:43:00,FX:EURCAD,1.46037,1.46041,1.46034,1.46037,371.0
2024-03-29 11:44:00,FX:EURCAD,1.46037,1.4605000000000001,1.46037,1.46044,364.0
2024-03-29 11:45:00,FX:EURCAD,1.46044,1.4605000000000001,1.4603000000000002,1.4603000000000002,425.0
2024-03-29 11:46:00,FX:EURCAD,1.4603000000000002,1.46037,1.46028,1.46034,250.0
2024-03-29 11:47:00,FX:EURCAD,1.46034,1.46039,1.46032,1.46035,286.0
2024-03-29 11:48:00,FX:EURCAD,1.46035,1.46045,1.4603300000000001,1.4604000000000001,250.0
2024-03-29 11:49:00,FX:EURCAD,1.4604000000000001,1.46044,1.46037,1.46039,273.0
2024-03-29 11:50:00,FX:EURCAD,1.46039,1.46042,1.46036,1.46039,316.0
2024-03-29 11:51:00,FX:EURCAD,1.46039,1.4604300000000001,1.46037,1.46039,407.0
2024-03-29 11:52:00,FX:EURCAD,1.46039,1.46044,1.46038,1.46039,331.0
2024-03-29 11:53:00,FX:EURCAD,1.46039,1.4604700000000002,1.46037,1.4604000000000001,324.0
2024-03-29 11:54:00,FX:EURCAD,1.4604000000000001,1.46052,1.46038,1.46044,312.0
2024-03-29 11:55:00,FX:EURCAD,1.46044,1.46051,1.46036,1.4604300000000001,370.0
2024-03-29 11:56:00,FX:EURCAD,1.4604300000000001,1.4605000000000001,1.4604000000000001,1.46045,315.0
2024-03-29 11:57:00,FX:EURCAD,1.46045,1.46071,1.46041,1.46071,435.0
2024-03-29 11:58:00,FX:EURCAD,1.46071,1.46078,1.46061,1.46075,133.0
2024-03-29 11:59:00,FX:EURCAD,1.46075,1.46133,1.46075,1.46133,181.0
2024-03-29 12:00:00,FX:EURCAD,1.46133,1.4615500000000001,1.46126,1.46147,198.0
2024-03-29 12:01:00,FX:EURCAD,1.46147,1.46149,1.4610100000000001,1.46105,201.0
2024-03-29 12:02:00,FX:EURCAD,1.46105,1.46113,1.4610100000000001,1.46109,71.0
2024-03-29 12:03:00,FX:EURCAD,1.46109,1.46113,1.46106,1.4610800000000002,57.0
2024-03-29 12:04:00,FX:EURCAD,1.4610800000000002,1.46114,1.4610400000000001,1.46112,161.0
2024-03-29 12:05:00,FX:EURCAD,1.46112,1.46113,1.46099,1.4610100000000001,67.0
2024-03-29 12:06:00,FX:EURCAD,1.4610100000000001,1.46103,1.46098,1.4610100000000001,20.0
2024-03-29 12:07:00,FX:EURCAD,1.4610100000000001,1.46102,1.4609400000000001,1.46095,7.0
2024-03-29 12:08:00,FX:EURCAD,1.46095,1.46099,1.46095,1.46099,7.0
2024-03-29 12:09:00,FX:EURCAD,1.46099,1.46099,1.46096,1.46098,7.0
2024-03-29 12:10:00,FX:EURCAD,1.46098,1.46098,1.46095,1.46096,6.0
2024-03-29 12:11:00,FX:EURCAD,1.46096,1.46098,1.46093,1.46098,10.0
2024-03-29 12:12:00,FX:EURCAD,1.46098,1.46099,1.46098,1.46098,2.0
2024-03-29 12:13:00,FX:EURCAD,1.46098,1.46099,1.46095,1.46098,5.0
2024-03-29 12:14:00,FX:EURCAD,1.46098,1.46098,1.46071,1.46071,60.0
2024-03-29 12:15:00,FX:EURCAD,1.46071,1.46082,1.4607,1.4608100000000002,43.0
2024-03-29 12:16:00,FX:EURCAD,1.4608100000000002,1.46098,1.4608100000000002,1.46086,32.0
2024-03-29 12:17:00,FX:EURCAD,1.46086,1.46086,1.46085,1.46085,5.0
2024-03-29 12:18:00,FX:EURCAD,1.46085,1.46086,1.4608400000000001,1.4608400000000001,5.0
2024-03-29 12:19:00,FX:EURCAD,1.4608400000000001,1.4608400000000001,1.46082,1.46082,14.0
2024-03-29 12:20:00,FX:EURCAD,1.46082,1.46082,1.46078,1.4608100000000002,9.0
2024-03-29 12:21:00,FX:EURCAD,1.4608100000000002,1.4608100000000002,1.46079,1.4608,6.0
2024-03-29 12:22:00,FX:EURCAD,1.4608,1.4608,1.46079,1.46079,1.0
2024-03-29 12:23:00,FX:EURCAD,1.46079,1.46079,1.46078,1.46078,1.0
2024-03-29 12:24:00,FX:EURCAD,1.46078,1.46082,1.46076,1.46082,6.0
2024-03-29 12:25:00,FX:EURCAD,1.46082,1.46083,1.46079,1.4608100000000002,8.0
2024-03-29 12:26:00,FX:EURCAD,1.4608100000000002,1.4608100000000002,1.4608,1.4608,1.0
2024-03-29 12:27:00,FX:EURCAD,1.4608,1.46085,1.4608,1.4608,6.0
2024-03-29 12:28:00,FX:EURCAD,1.4608,1.4608,1.46078,1.46078,3.0
2024-03-29 12:29:00,FX:EURCAD,1.46078,1.46082,1.46071,1.46072,16.0
2024-03-29 12:30:00,FX:EURCAD,1.46072,1.46076,1.46068,1.46076,27.0
2024-03-29 12:31:00,FX:EURCAD,1.46076,1.46079,1.46072,1.46079,22.0
2024-03-29 12:32:00,FX:EURCAD,1.46079,1.46079,1.46071,1.4607700000000001,41.0
2024-03-29 12:34:00,FX:EURCAD,1.4607700000000001,1.4608,1.4607700000000001,1.46078,46.0
2024-03-29 12:35:00,FX:EURCAD,1.46078,1.46079,1.4607700000000001,1.4607700000000001,104.0
2024-03-29 12:36:00,FX:EURCAD,1.4607700000000001,1.4608,1.4607700000000001,1.4608,86.0
2024-03-29 12:37:00,FX:EURCAD,1.4608,1.4608100000000002,1.4607700000000001,1.46078,24.0
2024-03-29 12:38:00,FX:EURCAD,1.46078,1.46083,1.46078,1.46079,16.0
2024-03-29 12:39:00,FX:EURCAD,1.46079,1.4608,1.46075,1.4608,29.0
2024-03-29 12:40:00,FX:EURCAD,1.4608,1.46082,1.46078,1.4608,10.0
2024-03-29 12:41:00,FX:EURCAD,1.4608,1.4608,1.46073,1.4607400000000001,15.0
2024-03-29 12:42:00,FX:EURCAD,1.4607400000000001,1.4608,1.46072,1.4608,16.0
2024-03-29 12:43:00,FX:EURCAD,1.4608,1.4608,1.4607700000000001,1.46079,35.0
2024-03-29 12:44:00,FX:EURCAD,1.46079,1.46079,1.46063,1.46065,118.0
2024-03-29 12:45:00,FX:EURCAD,1.46065,1.4607,1.46061,1.46066,263.0
2024-03-29 12:46:00,FX:EURCAD,1.46066,1.46076,1.4606400000000002,1.46069,274.0
2024-03-29 12:47:00,FX:EURCAD,1.46069,1.46072,1.46065,1.46069,131.0
2024-03-29 12:48:00,FX:EURCAD,1.46069,1.4608,1.4606700000000001,1.46069,119.0
2024-03-29 12:49:00,FX:EURCAD,1.46069,1.46073,1.4606400000000002,1.46069,213.0
2024-03-29 12:50:00,FX:EURCAD,1.46069,1.46072,1.46062,1.46068,256.0
2024-03-29 12:51:00,FX:EURCAD,1.46068,1.46071,1.46063,1.4607,156.0
2024-03-29 12:52:00,FX:EURCAD,1.4607,1.46075,1.46066,1.46073,174.0
2024-03-29 12:53:00,FX:EURCAD,1.46073,1.46079,1.46072,1.46076,115.0
2024-03-29 12:54:00,FX:EURCAD,1.46076,1.46079,1.4607400000000001,1.46079,61.0
2024-03-29 12:55:00,FX:EURCAD,1.46079,1.4608,1.46072,1.46079,75.0
2024-03-29 12:56:00,FX:EURCAD,1.46079,1.4608,1.46071,1.46075,79.0
2024-03-29 12:57:00,FX:EURCAD,1.46075,1.46082,1.46073,1.46082,71.0
2024-03-29 12:58:00,FX:EURCAD,1.46082,1.46083,1.46073,1.46075,93.0
2024-03-29 12:59:00,FX:EURCAD,1.46075,1.4608,1.46071,1.46072,92.0
2024-03-29 13:00:00,FX:EURCAD,1.46072,1.4608,1.46068,1.46078,107.0
2024-03-29 13:01:00,FX:EURCAD,1.46078,1.46082,1.4607700000000001,1.4608100000000002,80.0
2024-03-29 13:02:00,FX:EURCAD,1.4608100000000002,1.46082,1.4607700000000001,1.46082,94.0
2024-03-29 13:03:00,FX:EURCAD,1.46082,1.46082,1.46079,1.4608,53.0
2024-03-29 13:04:00,FX:EURCAD,1.4608,1.46082,1.4607700000000001,1.4608,39.0
2024-03-29 13:05:00,FX:EURCAD,1.4608,1.4608700000000001,1.46075,1.46086,77.0
2024-03-29 13:06:00,FX:EURCAD,1.46086,1.4608700000000001,1.46075,1.46082,66.0
2024-03-29 13:07:00,FX:EURCAD,1.46082,1.46086,1.46078,1.46085,84.0
2024-03-29 13:08:00,FX:EURCAD,1.46085,1.46085,1.46075,1.4607700000000001,122.0
2024-03-29 13:09:00,FX:EURCAD,1.4607700000000001,1.46086,1.46075,1.4608100000000002,134.0
2024-03-29 13:10:00,FX:EURCAD,1.4608100000000002,1.46095,1.4608,1.46093,84.0
2024-03-29 13:11:00,FX:EURCAD,1.46093,1.4609400000000001,1.46092,1.4609400000000001,58.0
2024-03-29 13:12:00,FX:EURCAD,1.4609400000000001,1.4609400000000001,1.46079,1.4609,80.0
2024-03-29 13:13:00,FX:EURCAD,1.4609,1.4609,1.4607400000000001,1.4608100000000002,75.0
2024-03-29 13:14:00,FX:EURCAD,1.4608100000000002,1.46088,1.46073,1.4607400000000001,92.0
2024-03-29 13:15:00,FX:EURCAD,1.4607400000000001,1.46088,1.46072,1.46082,80.0
2024-03-29 13:16:00,FX:EURCAD,1.46082,1.4608700000000001,1.46078,1.4608400000000001,108.0
2024-03-29 13:17:00,FX:EURCAD,1.4608400000000001,1.4608700000000001,1.4608100000000002,1.46083,36.0
2024-03-29 13:18:00,FX:EURCAD,1.46083,1.46083,1.4607700000000001,1.4608,55.0
2024-03-29 13:19:00,FX:EURCAD,1.4608,1.46082,1.46076,1.46082,107.0
2024-03-29 13:20:00,FX:EURCAD,1.46082,1.4608400000000001,1.4606700000000001,1.46083,110.0
2024-03-29 13:21:00,FX:EURCAD,1.46083,1.46085,1.46076,1.4608100000000002,152.0
2024-03-29 13:22:00,FX:EURCAD,1.4608100000000002,1.46085,1.46079,1.4608100000000002,58.0
2024-03-29 13:23:00,FX:EURCAD,1.4608100000000002,1.46082,1.46066,1.4608,129.0
2024-03-29 13:24:00,FX:EURCAD,1.4608,1.46085,1.46065,1.46082,133.0
2024-03-29 13:25:00,FX:EURCAD,1.46082,1.46082,1.46065,1.46078,159.0
2024-03-29 13:26:00,FX:EURCAD,1.46078,1.4608,1.4606700000000001,1.4606700000000001,52.0
2024-03-29 13:27:00,FX:EURCAD,1.4606700000000001,1.4608,1.4606400000000002,1.4606700000000001,143.0
2024-03-29 13:28:00,FX:EURCAD,1.4606700000000001,1.46086,1.46065,1.4607700000000001,227.0
2024-03-29 13:29:00,FX:EURCAD,1.4607700000000001,1.4608100000000002,1.4607400000000001,1.4607700000000001,96.0
2024-03-29 13:30:00,FX:EURCAD,1.4607700000000001,1.4609,1.46075,1.46089,143.0
2024-03-29 13:31:00,FX:EURCAD,1.46089,1.4609,1.46076,1.4608,121.0
2024-03-29 13:32:00,FX:EURCAD,1.4608,1.46085,1.4607700000000001,1.46083,46.0
2024-03-29 13:33:00,FX:EURCAD,1.46083,1.46085,1.4608,1.46083,44.0
2024-03-29 13:34:00,FX:EURCAD,1.46083,1.46085,1.4608,1.4608100000000002,37.0
2024-03-29 13:35:00,FX:EURCAD,1.4608100000000002,1.46086,1.4607700000000001,1.46079,21.0
2024-03-29 13:36:00,FX:EURCAD,1.46079,1.4608,1.46071,1.46075,62.0
2024-03-29 13:37:00,FX:EURCAD,1.46075,1.46078,1.4607400000000001,1.46076,37.0
2024-03-29 13:38:00,FX:EURCAD,1.46076,1.46079,1.46075,1.4607700000000001,66.0
2024-03-29 13:39:00,FX:EURCAD,1.4607700000000001,1.46078,1.46075,1.4607700000000001,50.0
2024-03-29 13:40:00,FX:EURCAD,1.4607700000000001,1.4608100000000002,1.4607700000000001,1.46078,42.0
2024-03-29 13:41:00,FX:EURCAD,1.46078,1.4608,1.4607700000000001,1.4608,53.0
2024-03-29 13:42:00,FX:EURCAD,1.4608,1.4608100000000002,1.46075,1.46078,101.0
2024-03-29 13:43:00,FX:EURCAD,1.46078,1.46082,1.46073,1.46078,74.0
2024-03-29 13:44:00,FX:EURCAD,1.46078,1.4608100000000002,1.46072,1.46075,67.0
2024-03-29 13:45:00,FX:EURCAD,1.46075,1.4608,1.46071,1.46076,47.0
2024-03-29 13:46:00,FX:EURCAD,1.46076,1.46079,1.4607400000000001,1.46075,12.0
2024-03-29 13:47:00,FX:EURCAD,1.46075,1.46089,1.46075,1.4608700000000001,19.0
2024-03-29 13:48:00,FX:EURCAD,1.4608700000000001,1.46088,1.46086,1.46086,3.0
2024-03-29 13:49:00,FX:EURCAD,1.46086,1.46086,1.46086,1.46086,11.0
2024-03-29 13:50:00,FX:EURCAD,1.46086,1.4608700000000001,1.46085,1.46086,13.0
2024-03-29 13:51:00,FX:EURCAD,1.46086,1.46088,1.46086,1.46086,25.0
2024-03-29 13:52:00,FX:EURCAD,1.46086,1.46088,1.46085,1.46086,15.0
2024-03-29 13:53:00,FX:EURCAD,1.46086,1.46089,1.46085,1.46088,26.0
2024-03-29 13:54:00,FX:EURCAD,1.46088,1.46089,1.46086,1.4608700000000001,24.0
2024-03-29 13:55:00,FX:EURCAD,1.4608700000000001,1.4608700000000001,1.46085,1.46086,8.0
2024-03-29 13:56:00,FX:EURCAD,1.46086,1.46088,1.46085,1.46088,4.0
2024-03-29 13:57:00,FX:EURCAD,1.46088,1.46093,1.46088,1.4609,58.0
2024-03-29 13:58:00,FX:EURCAD,1.4609,1.46093,1.4608700000000001,1.46093,66.0
2024-03-29 13:59:00,FX:EURCAD,1.46093,1.46093,1.46075,1.4608100000000002,133.0
2024-03-29 14:00:00,FX:EURCAD,1.4608100000000002,1.46086,1.4607400000000001,1.46079,325.0
2024-03-29 14:01:00,FX:EURCAD,1.46079,1.46085,1.46072,1.4608,333.0
2024-03-29 14:02:00,FX:EURCAD,1.4608,1.46095,1.46079,1.4609100000000002,183.0
2024-03-29 14:03:00,FX:EURCAD,1.4609100000000002,1.46092,1.4608100000000002,1.46092,130.0
2024-03-29 14:04:00,FX:EURCAD,1.46092,1.46092,1.46086,1.4609,98.0
2024-03-29 14:05:00,FX:EURCAD,1.4609,1.46092,1.4608700000000001,1.4609100000000002,76.0
2024-03-29 14:06:00,FX:EURCAD,1.4609100000000002,1.4614200000000002,1.4609100000000002,1.46096,229.0
2024-03-29 14:07:00,FX:EURCAD,1.46096,1.46114,1.46069,1.46109,352.0
2024-03-29 14:08:00,FX:EURCAD,1.46109,1.4611800000000001,1.46106,1.4611,408.0
2024-03-29 14:09:00,FX:EURCAD,1.4611,1.46117,1.46107,1.4611100000000001,385.0
2024-03-29 14:10:00,FX:EURCAD,1.4611100000000001,1.4612100000000001,1.46105,1.4612100000000001,202.0
2024-03-29 14:11:00,FX:EURCAD,1.4612100000000001,1.46124,1.46114,1.46117,160.0
2024-03-29 14:12:00,FX:EURCAD,1.46117,1.4611800000000001,1.46105,1.4611,242.0
2024-03-29 14:13:00,FX:EURCAD,1.4611,1.46112,1.46107,1.4611,134.0
2024-03-29 14:14:00,FX:EURCAD,1.4611,1.4611100000000001,1.46106,1.46109,168.0
2024-03-29 14:15:00,FX:EURCAD,1.46109,1.46122,1.46105,1.4611100000000001,280.0
2024-03-29 14:16:00,FX:EURCAD,1.4611100000000001,1.46127,1.46107,1.4612,158.0
2024-03-29 14:17:00,FX:EURCAD,1.4612,1.4612800000000001,1.46117,1.46123,211.0
2024-03-29 14:18:00,FX:EURCAD,1.46123,1.4612800000000001,1.4611800000000001,1.4612800000000001,139.0
2024-03-29 14:19:00,FX:EURCAD,1.4612800000000001,1.4613,1.46117,1.46127,223.0
2024-03-29 14:20:00,FX:EURCAD,1.46127,1.46132,1.46115,1.46124,299.0
2024-03-29 14:21:00,FX:EURCAD,1.46124,1.46127,1.46113,1.4612500000000002,220.0
2024-03-29 14:22:00,FX:EURCAD,1.4612500000000002,1.46126,1.4611,1.4612100000000001,227.0
2024-03-29 14:23:00,FX:EURCAD,1.4612100000000001,1.46124,1.46112,1.4612100000000001,188.0
2024-03-29 14:24:00,FX:EURCAD,1.4612100000000001,1.46123,1.4611100000000001,1.46114,227.0
2024-03-29 14:25:00,FX:EURCAD,1.46114,1.46124,1.46114,1.46124,126.0
2024-03-29 14:26:00,FX:EURCAD,1.46124,1.4612800000000001,1.46112,1.46123,175.0
2024-03-29 14:27:00,FX:EURCAD,1.46123,1.46129,1.46117,1.4612500000000002,180.0
2024-03-29 14:28:00,FX:EURCAD,1.4612500000000002,1.46131,1.46122,1.4612800000000001,51.0
2024-03-29 14:29:00,FX:EURCAD,1.4612800000000001,1.46129,1.4611,1.46116,193.0
2024-03-29 14:30:00,FX:EURCAD,1.46116,1.4612500000000002,1.46114,1.46122,168.0
2024-03-29 14:31:00,FX:EURCAD,1.46122,1.4612800000000001,1.46116,1.4612,144.0
2024-03-29 14:32:00,FX:EURCAD,1.4612,1.46124,1.46114,1.46119,200.0
2024-03-29 14:33:00,FX:EURCAD,1.46119,1.46124,1.46117,1.46122,171.0
2024-03-29 14:34:00,FX:EURCAD,1.46122,1.4612500000000002,1.46113,1.46119,204.0
2024-03-29 14:35:00,FX:EURCAD,1.46119,1.4612500000000002,1.4611,1.4612500000000002,142.0
2024-03-29 14:36:00,FX:EURCAD,1.4612500000000002,1.4612500000000002,1.46119,1.4612100000000001,127.0
2024-03-29 14:37:00,FX:EURCAD,1.4612100000000001,1.4612800000000001,1.46119,1.4612500000000002,141.0
2024-03-29 14:38:00,FX:EURCAD,1.4612500000000002,1.46127,1.4612100000000001,1.46123,172.0
2024-03-29 14:39:00,FX:EURCAD,1.46123,1.46127,1.46117,1.46122,141.0
2024-03-29 14:40:00,FX:EURCAD,1.46122,1.46126,1.4612,1.4612100000000001,159.0
2024-03-29 14:41:00,FX:EURCAD,1.4612100000000001,1.46124,1.46115,1.4612100000000001,167.0
2024-03-29 14:42:00,FX:EURCAD,1.4612100000000001,1.46124,1.46115,1.46119,187.0
2024-03-29 14:43:00,FX:EURCAD,1.46119,1.46124,1.46117,1.46123,147.0
2024-03-29 14:44:00,FX:EURCAD,1.46123,1.46126,1.46115,1.4612,206.0
2024-03-29 14:45:00,FX:EURCAD,1.4612,1.46132,1.46117,1.46132,220.0
2024-03-29 14:46:00,FX:EURCAD,1.46132,1.46141,1.46127,1.4613500000000001,122.0
2024-03-29 14:47:00,FX:EURCAD,1.4613500000000001,1.46139,1.46132,1.46136,98.0
2024-03-29 14:48:00,FX:EURCAD,1.46136,1.4614,1.4613,1.4613500000000001,134.0
2024-03-29 14:49:00,FX:EURCAD,1.4613500000000001,1.46141,1.46127,1.46132,147.0
2024-03-29 14:50:00,FX:EURCAD,1.46132,1.46139,1.4612500000000002,1.46131,248.0
2024-03-29 14:51:00,FX:EURCAD,1.46131,1.46137,1.4612800000000001,1.46134,226.0
2024-03-29 14:52:00,FX:EURCAD,1.46134,1.46141,1.46132,1.46134,114.0
2024-03-29 14:53:00,FX:EURCAD,1.46134,1.46137,1.46126,1.46133,158.0
2024-03-29 14:54:00,FX:EURCAD,1.46133,1.4614,1.4612500000000002,1.46136,127.0
2024-03-29 14:55:00,FX:EURCAD,1.46136,1.46147,1.46136,1.46143,62.0
2024-03-29 14:56:00,FX:EURCAD,1.46143,1.46144,1.46129,1.46136,99.0
2024-03-29 14:57:00,FX:EURCAD,1.46136,1.46136,1.46127,1.4613500000000001,55.0
2024-03-29 14:58:00,FX:EURCAD,1.4613500000000001,1.4614,1.4613,1.46136,44.0
2024-03-29 14:59:00,FX:EURCAD,1.46136,1.4613800000000001,1.46131,1.46137,72.0
2024-03-29 15:00:00,FX:EURCAD,1.46137,1.46139,1.46122,1.46124,130.0
2024-03-29 15:01:00,FX:EURCAD,1.46124,1.46132,1.4612100000000001,1.46127,154.0
2024-03-29 15:02:00,FX:EURCAD,1.46127,1.46141,1.4612,1.46126,193.0
2024-03-29 15:03:00,FX:EURCAD,1.46126,1.4612800000000001,1.46114,1.46119,137.0
2024-03-29 15:04:00,FX:EURCAD,1.46119,1.46122,1.4611800000000001,1.46122,33.0
2024-03-29 15:05:00,FX:EURCAD,1.46122,1.46123,1.46117,1.46122,47.0
2024-03-29 15:06:00,FX:EURCAD,1.46122,1.46129,1.4612100000000001,1.46129,66.0
2024-03-29 15:07:00,FX:EURCAD,1.46129,1.46131,1.46123,1.4613,27.0
2024-03-29 15:08:00,FX:EURCAD,1.4613,1.46131,1.46124,1.4613,14.0
2024-03-29 15:09:00,FX:EURCAD,1.4613,1.4613,1.4612500000000002,1.4613,41.0
2024-03-29 15:10:00,FX:EURCAD,1.4613,1.46131,1.4612500000000002,1.46131,15.0
2024-03-29 15:11:00,FX:EURCAD,1.46131,1.46132,1.46124,1.46131,19.0
2024-03-29 15:12:00,FX:EURCAD,1.46131,1.46137,1.46124,1.46137,24.0
2024-03-29 15:13:00,FX:EURCAD,1.46137,1.46137,1.4612500000000002,1.4613500000000001,25.0
2024-03-29 15:14:00,FX:EURCAD,1.4613500000000001,1.4613500000000001,1.46126,1.4613,27.0
2024-03-29 15:15:00,FX:EURCAD,1.4613,1.46133,1.46123,1.46124,46.0
2024-03-29 15:16:00,FX:EURCAD,1.46124,1.46132,1.46122,1.46123,45.0
2024-03-29 15:17:00,FX:EURCAD,1.46123,1.46133,1.46122,1.4612500000000002,24.0
2024-03-29 15:18:00,FX:EURCAD,1.4612500000000002,1.46154,1.4612500000000002,1.46136,315.0
2024-03-29 15:19:00,FX:EURCAD,1.46136,1.4614800000000001,1.46133,1.46141,169.0
2024-03-29 15:20:00,FX:EURCAD,1.46141,1.4616200000000001,1.46134,1.46154,106.0
2024-03-29 15:21:00,FX:EURCAD,1.46154,1.46161,1.46151,1.46158,61.0
2024-03-29 15:22:00,FX:EURCAD,1.46158,1.46161,1.46156,1.46156,95.0
2024-03-29 15:23:00,FX:EURCAD,1.46156,1.46163,1.46156,1.4616200000000001,60.0
2024-03-29 15:24:00,FX:EURCAD,1.4616200000000001,1.4616500000000001,1.4615500000000001,1.46161,165.0
2024-03-29 15:25:00,FX:EURCAD,1.46161,1.46166,1.46158,1.46158,179.0
2024-03-29 15:26:00,FX:EURCAD,1.46158,1.4616500000000001,1.4615500000000001,1.4616,152.0
2024-03-29 15:27:00,FX:EURCAD,1.4616,1.46164,1.46157,1.46163,128.0
2024-03-29 15:28:00,FX:EURCAD,1.46163,1.46185,1.46159,1.46184,133.0
2024-03-29 15:29:00,FX:EURCAD,1.46184,1.46187,1.4615500000000001,1.4616500000000001,316.0
2024-03-29 15:30:00,FX:EURCAD,1.4616500000000001,1.46168,1.4616200000000001,1.46166,137.0
2024-03-29 15:31:00,FX:EURCAD,1.46166,1.46183,1.46164,1.46171,133.0
2024-03-29 15:32:00,FX:EURCAD,1.46171,1.46181,1.46167,1.46175,159.0
2024-03-29 15:33:00,FX:EURCAD,1.46175,1.4618600000000002,1.4617200000000001,1.46177,180.0
2024-03-29 15:34:00,FX:EURCAD,1.46177,1.46183,1.46174,1.46177,116.0
2024-03-29 15:35:00,FX:EURCAD,1.46177,1.46184,1.46173,1.4618,200.0
2024-03-29 15:36:00,FX:EURCAD,1.4618,1.46183,1.4616900000000002,1.46181,232.0
2024-03-29 15:37:00,FX:EURCAD,1.46181,1.46183,1.4616900000000002,1.46171,153.0
2024-03-29 15:38:00,FX:EURCAD,1.46171,1.46176,1.4615,1.4617200000000001,259.0
2024-03-29 15:39:00,FX:EURCAD,1.4617200000000001,1.46175,1.46161,1.46168,171.0
2024-03-29 15:40:00,FX:EURCAD,1.46168,1.46168,1.4616200000000001,1.4616500000000001,194.0
2024-03-29 15:41:00,FX:EURCAD,1.4616500000000001,1.4617,1.4616200000000001,1.4616900000000002,141.0
2024-03-29 15:42:00,FX:EURCAD,1.4616900000000002,1.46171,1.46164,1.4616900000000002,142.0
2024-03-29 15:43:00,FX:EURCAD,1.4616900000000002,1.4616900000000002,1.46157,1.4616200000000001,261.0
2024-03-29 15:44:00,FX:EURCAD,1.4616200000000001,1.46166,1.46153,1.46159,354.0
2024-03-29 15:45:00,FX:EURCAD,1.46159,1.46168,1.46151,1.4615200000000002,311.0
2024-03-29 15:46:00,FX:EURCAD,1.4615200000000002,1.46158,1.46146,1.4615500000000001,322.0
2024-03-29 15:47:00,FX:EURCAD,1.4615500000000001,1.46161,1.46149,1.46157,166.0
2024-03-29 15:48:00,FX:EURCAD,1.46157,1.4616500000000001,1.4615200000000002,1.46164,310.0
2024-03-29 15:49:00,FX:EURCAD,1.46164,1.46167,1.4615500000000001,1.46164,242.0
2024-03-29 15:50:00,FX:EURCAD,1.46164,1.4617,1.46154,1.46158,285.0
2024-03-29 15:51:00,FX:EURCAD,1.46158,1.46167,1.4615,1.46161,502.0
2024-03-29 15:52:00,FX:EURCAD,1.46161,1.46168,1.46157,1.46163,280.0
2024-03-29 15:53:00,FX:EURCAD,1.46163,1.4616500000000001,1.46146,1.4615500000000001,400.0
2024-03-29 15:54:00,FX:EURCAD,1.4615500000000001,1.46161,1.46143,1.46154,244.0
2024-03-29 15:55:00,FX:EURCAD,1.46154,1.46164,1.4613500000000001,1.46153,115.0
2024-03-29 15:56:00,FX:EURCAD,1.46153,1.46159,1.4612800000000001,1.46143,187.0
2024-03-29 15:57:00,FX:EURCAD,1.46143,1.4615500000000001,1.46136,1.46149,365.0
2024-03-29 15:58:00,FX:EURCAD,1.46149,1.46157,1.46139,1.46143,419.0
2024-03-29 15:59:00,FX:EURCAD,1.46143,1.4614800000000001,1.4610800000000002,1.4612,420.0
2024-03-29 16:00:00,FX:EURCAD,1.4612,1.4614500000000001,1.4611100000000001,1.46139,237.0
2024-03-29 16:01:00,FX:EURCAD,1.46139,1.46144,1.46088,1.46141,438.0
2024-03-29 16:02:00,FX:EURCAD,1.46141,1.46143,1.46103,1.46116,426.0
2024-03-29 16:03:00,FX:EURCAD,1.46116,1.4613,1.46095,1.46129,356.0
2024-03-29 16:04:00,FX:EURCAD,1.46129,1.46144,1.46127,1.46133,55.0
2024-03-29 16:05:00,FX:EURCAD,1.46133,1.46143,1.46131,1.46137,87.0
2024-03-29 16:06:00,FX:EURCAD,1.46137,1.46137,1.4610100000000001,1.4610100000000001,81.0
2024-03-29 16:07:00,FX:EURCAD,1.4610100000000001,1.46106,1.461,1.4610100000000001,111.0
2024-03-29 16:08:00,FX:EURCAD,1.4610100000000001,1.46107,1.46095,1.46107,26.0
2024-03-29 16:09:00,FX:EURCAD,1.46107,1.4612,1.46099,1.4611100000000001,48.0
2024-03-29 16:10:00,FX:EURCAD,1.4611100000000001,1.46124,1.46061,1.46106,226.0
2024-03-29 16:11:00,FX:EURCAD,1.46106,1.46117,1.46095,1.46107,71.0
2024-03-29 16:12:00,FX:EURCAD,1.46107,1.46114,1.4609,1.46097,93.0
2024-03-29 16:13:00,FX:EURCAD,1.46097,1.4611100000000001,1.46083,1.46096,179.0
2024-03-29 16:14:00,FX:EURCAD,1.46096,1.46136,1.46079,1.46095,711.0
2024-03-29 16:15:00,FX:EURCAD,1.46095,1.4614200000000002,1.46089,1.46103,485.0
2024-03-29 16:16:00,FX:EURCAD,1.46103,1.46144,1.46078,1.46089,866.0
2024-03-29 16:17:00,FX:EURCAD,1.46089,1.4612500000000002,1.4607700000000001,1.46114,410.0
2024-03-29 16:18:00,FX:EURCAD,1.46114,1.46123,1.46098,1.46102,439.0
2024-03-29 16:19:00,FX:EURCAD,1.46102,1.46119,1.46085,1.46103,393.0
2024-03-29 16:20:00,FX:EURCAD,1.46103,1.46106,1.46096,1.46097,410.0
2024-03-29 16:21:00,FX:EURCAD,1.46097,1.46124,1.46085,1.46117,428.0
2024-03-29 16:22:00,FX:EURCAD,1.46117,1.46137,1.4610100000000001,1.46103,288.0
2024-03-29 16:23:00,FX:EURCAD,1.46103,1.46114,1.46097,1.46103,391.0
2024-03-29 16:24:00,FX:EURCAD,1.46103,1.46131,1.461,1.46116,570.0
2024-03-29 16:25:00,FX:EURCAD,1.46116,1.4612100000000001,1.46098,1.46113,420.0
2024-03-29 16:26:00,FX:EURCAD,1.46113,1.4612100000000001,1.4606700000000001,1.46097,467.0
2024-03-29 16:27:00,FX:EURCAD,1.46097,1.46107,1.46063,1.4610100000000001,447.0
2024-03-29 16:28:00,FX:EURCAD,1.4610100000000001,1.46174,1.46089,1.46133,264.0
2024-03-29 16:29:00,FX:EURCAD,1.46133,1.46141,1.46089,1.46098,374.0
2024-03-29 16:30:00,FX:EURCAD,1.46098,1.4612800000000001,1.46048,1.4610800000000002,941.0
2024-03-29 16:31:00,FX:EURCAD,1.4610800000000002,1.4613800000000001,1.46088,1.4613800000000001,683.0
2024-03-29 16:32:00,FX:EURCAD,1.4613800000000001,1.4614200000000002,1.4611100000000001,1.4613500000000001,401.0
2024-03-29 16:33:00,FX:EURCAD,1.4613500000000001,1.46136,1.4612100000000001,1.46134,337.0
2024-03-29 16:34:00,FX:EURCAD,1.46134,1.46134,1.46122,1.46124,262.0
2024-03-29 16:35:00,FX:EURCAD,1.46124,1.46129,1.46124,1.46129,104.0
2024-03-29 16:36:00,FX:EURCAD,1.46129,1.46133,1.46093,1.46095,199.0
2024-03-29 16:37:00,FX:EURCAD,1.46095,1.46119,1.46095,1.4611800000000001,72.0
2024-03-29 16:38:00,FX:EURCAD,1.4611800000000001,1.4611800000000001,1.4611800000000001,1.4611800000000001,50.0
2024-03-29 16:39:00,FX:EURCAD,1.4611800000000001,1.46119,1.46082,1.46082,354.0
2024-03-29 16:40:00,FX:EURCAD,1.46082,1.46082,1.46071,1.46073,241.0
2024-03-29 16:41:00,FX:EURCAD,1.46073,1.4608700000000001,1.46062,1.46065,252.0
2024-03-29 16:42:00,FX:EURCAD,1.46065,1.4608700000000001,1.46065,1.46079,450.0
2024-03-29 16:43:00,FX:EURCAD,1.46079,1.46099,1.46046,1.4608100000000002,377.0
2024-03-29 16:44:00,FX:EURCAD,1.4608100000000002,1.4609100000000002,1.46065,1.46082,249.0
2024-03-29 16:45:00,FX:EURCAD,1.46082,1.46099,1.46036,1.46049,282.0
2024-03-29 16:46:00,FX:EURCAD,1.46049,1.46082,1.46018,1.46078,241.0
2024-03-29 16:47:00,FX:EURCAD,1.46078,1.46078,1.4604700000000002,1.46048,8.0
2024-03-29 16:50:00,FX:EURCAD,1.46048,1.46083,1.46048,1.46076,31.0
2024-03-31 17:05:00,FX:EURCAD,1.46076,1.46076,1.46032,1.46044,30.0
2024-03-31 17:06:00,FX:EURCAD,1.46044,1.46141,1.46044,1.46129,17.0
2024-03-31 17:07:00,FX:EURCAD,1.46129,1.46129,1.46107,1.46112,5.0
2024-03-31 17:08:00,FX:EURCAD,1.46112,1.46126,1.46085,1.46106,18.0
2024-03-31 17:09:00,FX:EURCAD,1.46106,1.46116,1.46093,1.46093,6.0
2024-03-31 17:10:00,FX:EURCAD,1.46093,1.4616,1.4608100000000002,1.4616,47.0
2024-03-31 17:11:00,FX:EURCAD,1.4616,1.4618900000000001,1.4610100000000001,1.4612,41.0
2024-03-31 17:12:00,FX:EURCAD,1.4612,1.46124,1.4611100000000001,1.4611100000000001,7.0
2024-03-31 17:13:00,FX:EURCAD,1.4611100000000001,1.46161,1.4611100000000001,1.46161,23.0
2024-03-31 17:14:00,FX:EURCAD,1.46161,1.46175,1.46154,1.46174,70.0
2024-03-31 17:15:00,FX:EURCAD,1.46174,1.46176,1.46046,1.46076,94.0
2024-03-31 17:16:00,FX:EURCAD,1.46076,1.46123,1.46069,1.46078,121.0
2024-03-31 17:17:00,FX:EURCAD,1.46078,1.4612,1.46072,1.4609,87.0
2024-03-31 17:18:00,FX:EURCAD,1.4609,1.46112,1.4607700000000001,1.4610100000000001,166.0
2024-03-31 17:19:00,FX:EURCAD,1.4610100000000001,1.4610400000000001,1.46089,1.46096,62.0
2024-03-31 17:20:00,FX:EURCAD,1.46096,1.4610400000000001,1.46082,1.46103,77.0
2024-03-31 17:21:00,FX:EURCAD,1.46103,1.46109,1.46076,1.46089,53.0
2024-03-31 17:22:00,FX:EURCAD,1.46089,1.46098,1.46082,1.46086,82.0
2024-03-31 17:23:00,FX:EURCAD,1.46086,1.46103,1.4607,1.46098,131.0
2024-03-31 17:24:00,FX:EURCAD,1.46098,1.46106,1.4609400000000001,1.46103,92.0
2024-03-31 17:25:00,FX:EURCAD,1.46103,1.46134,1.4609400000000001,1.46096,115.0
2024-03-31 17:26:00,FX:EURCAD,1.46096,1.4610100000000001,1.4608100000000002,1.461,89.0
2024-03-31 17:27:00,FX:EURCAD,1.461,1.46127,1.46088,1.46089,77.0
2024-03-31 17:28:00,FX:EURCAD,1.46089,1.46129,1.4606000000000001,1.46096,155.0
2024-03-31 17:29:00,FX:EURCAD,1.46096,1.46127,1.46075,1.46106,116.0
2024-03-31 17:30:00,FX:EURCAD,1.46106,1.46123,1.46078,1.4609,291.0
2024-03-31 17:31:00,FX:EURCAD,1.4609,1.46116,1.46076,1.4609400000000001,304.0
2024-03-31 17:32:00,FX:EURCAD,1.4609400000000001,1.46115,1.46075,1.46095,285.0
2024-03-31 17:33:00,FX:EURCAD,1.46095,1.4610800000000002,1.46061,1.46085,155.0
2024-03-31 17:34:00,FX:EURCAD,1.46085,1.46107,1.4606700000000001,1.46088,173.0
2024-03-31 17:35:00,FX:EURCAD,1.46088,1.46106,1.4607400000000001,1.46099,153.0
2024-03-31 17:36:00,FX:EURCAD,1.46099,1.4610800000000002,1.46082,1.4610400000000001,127.0
2024-03-31 17:37:00,FX:EURCAD,1.4610400000000001,1.4612100000000001,1.4609400000000001,1.46098,100.0
2024-03-31 17:38:00,FX:EURCAD,1.46098,1.46102,1.4609100000000002,1.4609100000000002,74.0
2024-03-31 17:39:00,FX:EURCAD,1.4609100000000002,1.46105,1.46089,1.46095,84.0
2024-03-31 17:40:00,FX:EURCAD,1.46095,1.46106,1.46086,1.46092,107.0
2024-03-31 17:41:00,FX:EURCAD,1.46092,1.46098,1.46072,1.46072,78.0
2024-03-31 17:42:00,FX:EURCAD,1.46072,1.46076,1.46062,1.46076,68.0
2024-03-31 17:43:00,FX:EURCAD,1.46076,1.46085,1.46073,1.46083,163.0
2024-03-31 17:44:00,FX:EURCAD,1.46083,1.46096,1.46078,1.46096,68.0
2024-03-31 17:45:00,FX:EURCAD,1.46096,1.46096,1.46061,1.4606700000000001,42.0
2024-03-31 17:46:00,FX:EURCAD,1.4606700000000001,1.46075,1.4606000000000001,1.46066,46.0
2024-03-31 17:47:00,FX:EURCAD,1.46066,1.46117,1.4606400000000002,1.46117,97.0
2024-03-31 17:48:00,FX:EURCAD,1.46117,1.4612100000000001,1.4608100000000002,1.4609100000000002,175.0
2024-03-31 17:49:00,FX:EURCAD,1.4609100000000002,1.4609100000000002,1.4603300000000001,1.46078,365.0
2024-03-31 17:50:00,FX:EURCAD,1.46078,1.46105,1.46049,1.4606000000000001,301.0
2024-03-31 17:51:00,FX:EURCAD,1.4606000000000001,1.46086,1.4606000000000001,1.46073,71.0
2024-03-31 17:52:00,FX:EURCAD,1.46073,1.4607700000000001,1.4606400000000002,1.4606700000000001,67.0
2024-03-31 17:53:00,FX:EURCAD,1.4606700000000001,1.46068,1.46056,1.46058,42.0
2024-03-31 17:54:00,FX:EURCAD,1.46058,1.4608400000000001,1.46055,1.46075,164.0
2024-03-31 17:55:00,FX:EURCAD,1.46075,1.4612,1.4606700000000001,1.4611800000000001,188.0
2024-03-31 17:56:00,FX:EURCAD,1.4611800000000001,1.46132,1.4606000000000001,1.4606400000000002,114.0
2024-03-31 17:57:00,FX:EURCAD,1.4606400000000002,1.4608,1.46052,1.46059,116.0
2024-03-31 17:58:00,FX:EURCAD,1.46059,1.46097,1.46056,1.46088,161.0
2024-03-31 17:59:00,FX:EURCAD,1.46088,1.4610100000000001,1.46078,1.46088,167.0
2024-03-31 18:00:00,FX:EURCAD,1.46088,1.46089,1.45896,1.4590100000000001,466.0
2024-03-31 18:01:00,FX:EURCAD,1.4590100000000001,1.46068,1.4590100000000001,1.46049,347.0
2024-03-31 18:02:00,FX:EURCAD,1.46049,1.4605000000000001,1.45961,1.45964,210.0
2024-03-31 18:03:00,FX:EURCAD,1.45964,1.4601,1.4595900000000002,1.45998,161.0
2024-03-31 18:04:00,FX:EURCAD,1.45998,1.46001,1.4596500000000001,1.45977,121.0
2024-03-31 18:05:00,FX:EURCAD,1.45977,1.45984,1.45964,1.45966,56.0
2024-03-31 18:06:00,FX:EURCAD,1.45966,1.45976,1.45966,1.45976,49.0
2024-03-31 18:07:00,FX:EURCAD,1.45976,1.45985,1.4597,1.45977,29.0
2024-03-31 18:08:00,FX:EURCAD,1.45977,1.4597900000000001,1.4594500000000001,1.45946,37.0
2024-03-31 18:09:00,FX:EURCAD,1.45946,1.45973,1.45946,1.45961,37.0
2024-03-31 18:10:00,FX:EURCAD,1.45961,1.4597900000000001,1.45958,1.45963,33.0
2024-03-31 18:11:00,FX:EURCAD,1.45963,1.45974,1.45954,1.4597200000000001,20.0
2024-03-31 18:12:00,FX:EURCAD,1.4597200000000001,1.45978,1.4597200000000001,1.45974,12.0
2024-03-31 18:13:00,FX:EURCAD,1.45974,1.45991,1.45974,1.45983,44.0
2024-03-31 18:14:00,FX:EURCAD,1.45983,1.45988,1.45973,1.45984,31.0
2024-03-31 18:15:00,FX:EURCAD,1.45984,1.45984,1.45975,1.4598200000000001,61.0
2024-03-31 18:16:00,FX:EURCAD,1.4598200000000001,1.4598200000000001,1.45975,1.45975,22.0
2024-03-31 18:17:00,FX:EURCAD,1.45975,1.45985,1.45973,1.45985,11.0
2024-03-31 18:18:00,FX:EURCAD,1.45985,1.46,1.45983,1.4599900000000001,38.0
2024-03-31 18:19:00,FX:EURCAD,1.4599900000000001,1.46012,1.45998,1.46002,25.0
2024-03-31 18:20:00,FX:EURCAD,1.46002,1.46002,1.45994,1.45995,12.0
2024-03-31 18:21:00,FX:EURCAD,1.45995,1.46002,1.45994,1.45995,15.0
2024-03-31 18:22:00,FX:EURCAD,1.45995,1.46002,1.45995,1.46002,14.0
2024-03-31 18:23:00,FX:EURCAD,1.46002,1.4601,1.4599900000000001,1.46008,32.0
2024-03-31 18:24:00,FX:EURCAD,1.46008,1.4602000000000002,1.4600600000000001,1.4600600000000001,72.0
2024-03-31 18:25:00,FX:EURCAD,1.4600600000000001,1.46021,1.4599900000000001,1.4601600000000001,81.0
2024-03-31 18:26:00,FX:EURCAD,1.4601600000000001,1.46039,1.46014,1.46034,42.0
2024-03-31 18:27:00,FX:EURCAD,1.46034,1.46034,1.4603300000000001,1.46034,38.0
2024-03-31 18:28:00,FX:EURCAD,1.46034,1.46034,1.46001,1.46004,52.0
2024-03-31 18:29:00,FX:EURCAD,1.46004,1.46008,1.46004,1.46004,25.0
2024-03-31 18:30:00,FX:EURCAD,1.46004,1.4600600000000001,1.46004,1.46005,26.0
2024-03-31 18:31:00,FX:EURCAD,1.46005,1.46005,1.45995,1.45998,34.0
2024-03-31 18:32:00,FX:EURCAD,1.45998,1.46011,1.4599600000000001,1.46009,23.0
2024-03-31 18:33:00,FX:EURCAD,1.46009,1.4602300000000001,1.4600300000000002,1.46018,50.0
2024-03-31 18:34:00,FX:EURCAD,1.46018,1.4602000000000002,1.46,1.46,36.0
2024-03-31 18:35:00,FX:EURCAD,1.46,1.46,1.4599600000000001,1.45998,20.0
2024-03-31 18:36:00,FX:EURCAD,1.45998,1.45998,1.4598600000000002,1.45994,18.0
2024-03-31 18:37:00,FX:EURCAD,1.45994,1.4599600000000001,1.45994,1.4599600000000001,10.0
2024-03-31 18:38:00,FX:EURCAD,1.4599600000000001,1.4599600000000001,1.4598600000000002,1.45994,29.0
2024-03-31 18:39:00,FX:EURCAD,1.45994,1.46001,1.45993,1.45998,14.0
2024-03-31 18:40:00,FX:EURCAD,1.45998,1.46007,1.45995,1.45995,33.0
2024-03-31 18:41:00,FX:EURCAD,1.45995,1.45995,1.45992,1.45995,13.0
2024-03-31 18:42:00,FX:EURCAD,1.45995,1.45995,1.45975,1.45976,39.0
2024-03-31 18:43:00,FX:EURCAD,1.45976,1.45976,1.45966,1.45966,17.0
2024-03-31 18:44:00,FX:EURCAD,1.45966,1.45968,1.4595500000000001,1.4596200000000001,34.0
2024-03-31 18:45:00,FX:EURCAD,1.4596200000000001,1.45971,1.4596200000000001,1.45964,44.0
2024-03-31 18:46:00,FX:EURCAD,1.45964,1.45964,1.4595500000000001,1.45956,35.0
2024-03-31 18:47:00,FX:EURCAD,1.45956,1.4596,1.45954,1.45954,42.0
2024-03-31 18:48:00,FX:EURCAD,1.45954,1.45958,1.45954,1.45954,14.0
2024-03-31 18:49:00,FX:EURCAD,1.45954,1.45957,1.45951,1.45956,23.0
2024-03-31 18:50:00,FX:EURCAD,1.45956,1.45963,1.45954,1.45963,19.0
2024-03-31 18:51:00,FX:EURCAD,1.45963,1.45964,1.4594,1.4594,53.0
2024-03-31 18:52:00,FX:EURCAD,1.4594,1.45949,1.4594,1.4594500000000001,29.0
2024-03-31 18:53:00,FX:EURCAD,1.4594500000000001,1.45954,1.45944,1.4594500000000001,34.0
2024-03-31 18:54:00,FX:EURCAD,1.4594500000000001,1.45946,1.4593500000000001,1.4593800000000001,21.0
2024-03-31 18:55:00,FX:EURCAD,1.4593800000000001,1.45946,1.45936,1.4594500000000001,14.0
2024-03-31 18:56:00,FX:EURCAD,1.4594500000000001,1.4594500000000001,1.4594,1.4594200000000002,15.0
2024-03-31 18:57:00,FX:EURCAD,1.4594200000000002,1.4595,1.45939,1.4595,20.0
2024-03-31 18:58:00,FX:EURCAD,1.4595,1.45958,1.45949,1.4595500000000001,16.0
2024-03-31 18:59:00,FX:EURCAD,1.4595500000000001,1.4596,1.45953,1.4596,17.0
2024-03-31 19:00:00,FX:EURCAD,1.4596,1.45961,1.45954,1.45958,54.0
2024-03-31 19:01:00,FX:EURCAD,1.45958,1.4596,1.45954,1.45957,70.0
2024-03-31 19:02:00,FX:EURCAD,1.45957,1.4596900000000002,1.45953,1.4595900000000002,129.0
2024-03-31 19:03:00,FX:EURCAD,1.4595900000000002,1.4597,1.45957,1.4596900000000002,79.0
2024-03-31 19:04:00,FX:EURCAD,1.4596900000000002,1.45974,1.4596500000000001,1.4597200000000001,58.0
2024-03-31 19:05:00,FX:EURCAD,1.4597200000000001,1.45976,1.4596900000000002,1.4596900000000002,60.0
2024-03-31 19:06:00,FX:EURCAD,1.4596900000000002,1.45975,1.45968,1.45975,48.0
2024-03-31 19:07:00,FX:EURCAD,1.45975,1.45975,1.4596900000000002,1.45971,49.0
2024-03-31 19:08:00,FX:EURCAD,1.45971,1.45971,1.4597,1.45971,4.0
2024-03-31 19:09:00,FX:EURCAD,1.45971,1.45971,1.4597,1.45971,3.0
2024-03-31 19:10:00,FX:EURCAD,1.45971,1.45973,1.4596500000000001,1.45968,32.0
2024-03-31 19:11:00,FX:EURCAD,1.45968,1.45974,1.45967,1.4597200000000001,55.0
2024-03-31 19:12:00,FX:EURCAD,1.4597200000000001,1.45973,1.45961,1.4596500000000001,68.0
2024-03-31 19:13:00,FX:EURCAD,1.4596500000000001,1.4598,1.4596500000000001,1.4598,23.0
2024-03-31 19:14:00,FX:EURCAD,1.4598,1.45983,1.45977,1.4597900000000001,18.0
2024-03-31 19:15:00,FX:EURCAD,1.4597900000000001,1.4597900000000001,1.45974,1.45976,28.0
2024-03-31 19:16:00,FX:EURCAD,1.45976,1.45977,1.45975,1.45976,6.0
2024-03-31 19:17:00,FX:EURCAD,1.45976,1.45985,1.45975,1.4597900000000001,19.0
2024-03-31 19:18:00,FX:EURCAD,1.4597900000000001,1.4597900000000001,1.45976,1.45977,4.0
2024-03-31 19:19:00,FX:EURCAD,1.45977,1.45992,1.45977,1.4598900000000001,45.0
2024-03-31 19:20:00,FX:EURCAD,1.4598900000000001,1.4598900000000001,1.4598200000000001,1.45987,41.0
2024-03-31 19:21:00,FX:EURCAD,1.45987,1.4598900000000001,1.45985,1.4598900000000001,11.0
2024-03-31 19:22:00,FX:EURCAD,1.4598900000000001,1.4598900000000001,1.45981,1.45985,31.0
2024-03-31 19:23:00,FX:EURCAD,1.45985,1.4598600000000002,1.45973,1.45975,28.0
2024-03-31 19:24:00,FX:EURCAD,1.45975,1.45984,1.45973,1.45975,22.0
2024-03-31 19:25:00,FX:EURCAD,1.45975,1.45985,1.45974,1.45984,27.0
2024-03-31 19:26:00,FX:EURCAD,1.45984,1.4599,1.45971,1.45971,35.0
2024-03-31 19:27:00,FX:EURCAD,1.45971,1.45978,1.45966,1.4597200000000001,37.0
2024-03-31 19:28:00,FX:EURCAD,1.4597200000000001,1.45974,1.45966,1.45968,11.0
2024-03-31 19:29:00,FX:EURCAD,1.45968,1.4597200000000001,1.45967,1.4597200000000001,12.0
2024-03-31 19:30:00,FX:EURCAD,1.4597200000000001,1.45973,1.45963,1.45967,43.0
2024-03-31 19:31:00,FX:EURCAD,1.45967,1.45974,1.45954,1.45974,76.0
2024-03-31 19:32:00,FX:EURCAD,1.45974,1.45978,1.45956,1.45956,109.0
2024-03-31 19:33:00,FX:EURCAD,1.45956,1.45963,1.4595,1.4595,93.0
2024-03-31 19:34:00,FX:EURCAD,1.4595,1.45956,1.45946,1.4595500000000001,142.0
2024-03-31 19:35:00,FX:EURCAD,1.4595500000000001,1.45956,1.4594,1.45949,72.0
2024-03-31 19:36:00,FX:EURCAD,1.45949,1.4596,1.45949,1.45957,61.0
2024-03-31 19:37:00,FX:EURCAD,1.45957,1.4596200000000001,1.45953,1.45961,38.0
2024-03-31 19:38:00,FX:EURCAD,1.45961,1.45963,1.4595500000000001,1.45957,28.0
2024-03-31 19:39:00,FX:EURCAD,1.45957,1.45967,1.45956,1.45964,60.0
2024-03-31 19:40:00,FX:EURCAD,1.45964,1.45964,1.45957,1.45963,47.0
2024-03-31 19:41:00,FX:EURCAD,1.45963,1.45963,1.45953,1.45953,30.0
2024-03-31 19:42:00,FX:EURCAD,1.45953,1.4595500000000001,1.45946,1.4595,40.0
2024-03-31 19:43:00,FX:EURCAD,1.4595,1.4595200000000002,1.4594500000000001,1.4595200000000002,49.0
2024-03-31 19:44:00,FX:EURCAD,1.4595200000000002,1.45961,1.4595,1.45957,68.0
2024-03-31 19:45:00,FX:EURCAD,1.45957,1.45963,1.4595500000000001,1.45963,139.0
2024-03-31 19:46:00,FX:EURCAD,1.45963,1.45963,1.4594500000000001,1.45947,77.0
2024-03-31 19:47:00,FX:EURCAD,1.45947,1.45948,1.4593800000000001,1.45944,47.0
2024-03-31 19:48:00,FX:EURCAD,1.45944,1.45947,1.4594,1.45947,66.0
2024-03-31 19:49:00,FX:EURCAD,1.45947,1.4595200000000002,1.4594,1.4594200000000002,58.0
2024-03-31 19:50:00,FX:EURCAD,1.4594200000000002,1.45944,1.45922,1.45922,66.0
2024-03-31 19:51:00,FX:EURCAD,1.45922,1.4593500000000001,1.4592100000000001,1.45933,56.0
2024-03-31 19:52:00,FX:EURCAD,1.45933,1.45943,1.45931,1.45936,40.0
2024-03-31 19:53:00,FX:EURCAD,1.45936,1.45946,1.4593500000000001,1.45943,61.0
2024-03-31 19:54:00,FX:EURCAD,1.45943,1.45943,1.4593,1.45943,63.0
2024-03-31 19:55:00,FX:EURCAD,1.45943,1.45949,1.4593,1.45932,64.0
2024-03-31 19:56:00,FX:EURCAD,1.45932,1.45932,1.4591800000000001,1.4592,40.0
2024-03-31 19:57:00,FX:EURCAD,1.4592,1.45937,1.45917,1.45937,71.0
2024-03-31 19:58:00,FX:EURCAD,1.45937,1.4594500000000001,1.45927,1.45936,157.0
2024-03-31 19:59:00,FX:EURCAD,1.45936,1.45946,1.45934,1.4593800000000001,213.0
2024-03-31 20:00:00,FX:EURCAD,1.4593800000000001,1.4595,1.4592100000000001,1.4595,273.0
2024-03-31 20:01:00,FX:EURCAD,1.4595,1.4596,1.4594200000000002,1.4594500000000001,196.0
2024-03-31 20:02:00,FX:EURCAD,1.4594500000000001,1.4596,1.4593800000000001,1.45953,200.0
2024-03-31 20:03:00,FX:EURCAD,1.45953,1.45954,1.45931,1.45949,233.0
2024-03-31 20:04:00,FX:EURCAD,1.45949,1.45956,1.45947,1.45951,151.0
2024-03-31 20:05:00,FX:EURCAD,1.45951,1.45953,1.45946,1.45949,156.0
2024-03-31 20:06:00,FX:EURCAD,1.45949,1.45949,1.45934,1.4593500000000001,152.0
2024-03-31 20:07:00,FX:EURCAD,1.4593500000000001,1.4595,1.45933,1.45944,178.0
2024-03-31 20:08:00,FX:EURCAD,1.45944,1.45958,1.4593800000000001,1.45946,192.0
2024-03-31 20:09:00,FX:EURCAD,1.45946,1.45949,1.45931,1.45933,104.0
2024-03-31 20:10:00,FX:EURCAD,1.45933,1.45937,1.4592800000000001,1.45934,121.0
2024-03-31 20:11:00,FX:EURCAD,1.45934,1.45936,1.4592,1.45933,119.0
2024-03-31 20:12:00,FX:EURCAD,1.45933,1.45934,1.4592800000000001,1.45931,78.0
2024-03-31 20:13:00,FX:EURCAD,1.45931,1.45936,1.45924,1.45936,115.0
2024-03-31 20:14:00,FX:EURCAD,1.45936,1.45936,1.45926,1.4592800000000001,108.0
2024-03-31 20:15:00,FX:EURCAD,1.4592800000000001,1.45931,1.45922,1.45931,56.0
2024-03-31 20:16:00,FX:EURCAD,1.45931,1.4593800000000001,1.45905,1.45905,112.0
2024-03-31 20:17:00,FX:EURCAD,1.45905,1.4592500000000002,1.459,1.45917,130.0
2024-03-31 20:18:00,FX:EURCAD,1.45917,1.45922,1.4590400000000001,1.45907,60.0
2024-03-31 20:19:00,FX:EURCAD,1.45907,1.4590800000000002,1.4589400000000001,1.45906,118.0
2024-03-31 20:20:00,FX:EURCAD,1.45906,1.45926,1.4590400000000001,1.45926,119.0
2024-03-31 20:21:00,FX:EURCAD,1.45926,1.45932,1.4591800000000001,1.45923,98.0
2024-03-31 20:22:00,FX:EURCAD,1.45923,1.4593,1.45917,1.4593,71.0
2024-03-31 20:23:00,FX:EURCAD,1.4593,1.4596,1.4593,1.45956,124.0
2024-03-31 20:24:00,FX:EURCAD,1.45956,1.45958,1.45953,1.45953,46.0
2024-03-31 20:25:00,FX:EURCAD,1.45953,1.45968,1.45949,1.45961,120.0
2024-03-31 20:26:00,FX:EURCAD,1.45961,1.45964,1.4595500000000001,1.45956,83.0
2024-03-31 20:27:00,FX:EURCAD,1.45956,1.45956,1.45943,1.4595200000000002,113.0
2024-03-31 20:28:00,FX:EURCAD,1.4595200000000002,1.4596,1.45949,1.45953,63.0
2024-03-31 20:29:00,FX:EURCAD,1.45953,1.45958,1.4595,1.4595200000000002,60.0
2024-03-31 20:30:00,FX:EURCAD,1.4595200000000002,1.4596500000000001,1.4595200000000002,1.4595900000000002,74.0
2024-03-31 20:31:00,FX:EURCAD,1.4595900000000002,1.45963,1.4595,1.45957,106.0
2024-03-31 20:32:00,FX:EURCAD,1.45957,1.4596500000000001,1.45953,1.45957,99.0
2024-03-31 20:33:00,FX:EURCAD,1.45957,1.4596200000000001,1.45953,1.45954,43.0
2024-03-31 20:34:00,FX:EURCAD,1.45954,1.4595500000000001,1.45941,1.4595,182.0
2024-03-31 20:35:00,FX:EURCAD,1.4595,1.45958,1.45941,1.45958,159.0
2024-03-31 20:36:00,FX:EURCAD,1.45958,1.45963,1.45941,1.45946,165.0
2024-03-31 20:37:00,FX:EURCAD,1.45946,1.45954,1.45939,1.45951,125.0
2024-03-31 20:38:00,FX:EURCAD,1.45951,1.45951,1.45933,1.45936,101.0
2024-03-31 20:39:00,FX:EURCAD,1.45936,1.4594,1.45922,1.4594,121.0
2024-03-31 20:40:00,FX:EURCAD,1.4594,1.45944,1.45936,1.45939,139.0
2024-03-31 20:41:00,FX:EURCAD,1.45939,1.45951,1.45939,1.4594,155.0
2024-03-31 20:42:00,FX:EURCAD,1.4594,1.45953,1.4593,1.45932,214.0
2024-03-31 20:43:00,FX:EURCAD,1.45932,1.4594,1.45931,1.45939,229.0
2024-03-31 20:44:00,FX:EURCAD,1.45939,1.45943,1.45931,1.4593500000000001,193.0
2024-03-31 20:45:00,FX:EURCAD,1.4593500000000001,1.45937,1.45924,1.45936,166.0
2024-03-31 20:46:00,FX:EURCAD,1.45936,1.4595,1.45936,1.4594500000000001,182.0
2024-03-31 20:47:00,FX:EURCAD,1.4594500000000001,1.45947,1.4594200000000002,1.45947,110.0
2024-03-31 20:48:00,FX:EURCAD,1.45947,1.45949,1.45941,1.45949,149.0
2024-03-31 20:49:00,FX:EURCAD,1.45949,1.45956,1.45944,1.45946,141.0
2024-03-31 20:50:00,FX:EURCAD,1.45946,1.45957,1.45929,1.45943,209.0
2024-03-31 20:51:00,FX:EURCAD,1.45943,1.45947,1.45939,1.45939,209.0
2024-03-31 20:52:00,FX:EURCAD,1.45939,1.45958,1.45937,1.45956,113.0
2024-03-31 20:53:00,FX:EURCAD,1.45956,1.45957,1.45944,1.45946,174.0
2024-03-31 20:54:00,FX:EURCAD,1.45946,1.45947,1.4592,1.45924,164.0
2024-03-31 20:55:00,FX:EURCAD,1.45924,1.45937,1.4591,1.4591800000000001,121.0
2024-03-31 20:56:00,FX:EURCAD,1.4591800000000001,1.45936,1.45912,1.45929,177.0
2024-03-31 20:57:00,FX:EURCAD,1.45929,1.45936,1.45924,1.4593,162.0
2024-03-31 20:58:00,FX:EURCAD,1.4593,1.45931,1.45923,1.4592500000000002,83.0
2024-03-31 20:59:00,FX:EURCAD,1.4592500000000002,1.45937,1.45922,1.45932,136.0
2024-03-31 21:00:00,FX:EURCAD,1.45932,1.45941,1.4592,1.4593500000000001,201.0
2024-03-31 21:01:00,FX:EURCAD,1.4593500000000001,1.45936,1.45924,1.45926,207.0
2024-03-31 21:02:00,FX:EURCAD,1.45926,1.45933,1.4592100000000001,1.45931,111.0
2024-03-31 21:03:00,FX:EURCAD,1.45931,1.4594200000000002,1.4592800000000001,1.4594200000000002,134.0
2024-03-31 21:04:00,FX:EURCAD,1.4594200000000002,1.45954,1.45933,1.45954,111.0
2024-03-31 21:05:00,FX:EURCAD,1.45954,1.4595500000000001,1.45949,1.45951,88.0
2024-03-31 21:06:00,FX:EURCAD,1.45951,1.45963,1.4595,1.45951,147.0
2024-03-31 21:07:00,FX:EURCAD,1.45951,1.4595900000000002,1.45943,1.4594500000000001,113.0
2024-03-31 21:08:00,FX:EURCAD,1.4594500000000001,1.45957,1.4594500000000001,1.45957,78.0
2024-03-31 21:09:00,FX:EURCAD,1.45957,1.4595900000000002,1.45951,1.45954,69.0
2024-03-31 21:10:00,FX:EURCAD,1.45954,1.4596500000000001,1.45943,1.4596500000000001,100.0
2024-03-31 21:11:00,FX:EURCAD,1.4596500000000001,1.45967,1.45956,1.4596,111.0
2024-03-31 21:12:00,FX:EURCAD,1.4596,1.45961,1.45954,1.45958,41.0
2024-03-31 21:13:00,FX:EURCAD,1.45958,1.4595900000000002,1.4595200000000002,1.45953,75.0
2024-03-31 21:14:00,FX:EURCAD,1.45953,1.4596,1.45949,1.45954,127.0
2024-03-31 21:15:00,FX:EURCAD,1.45954,1.45964,1.4595200000000002,1.45964,186.0
2024-03-31 21:16:00,FX:EURCAD,1.45964,1.4596500000000001,1.45951,1.45954,111.0
2024-03-31 21:17:00,FX:EURCAD,1.45954,1.45967,1.45954,1.45966,121.0
2024-03-31 21:18:00,FX:EURCAD,1.45966,1.4597,1.45958,1.45963,117.0
2024-03-31 21:19:00,FX:EURCAD,1.45963,1.45967,1.45956,1.4596500000000001,124.0
2024-03-31 21:20:00,FX:EURCAD,1.4596500000000001,1.4596900000000002,1.45958,1.4596200000000001,154.0
2024-03-31 21:21:00,FX:EURCAD,1.4596200000000001,1.4596900000000002,1.4596,1.45966,95.0
2024-03-31 21:22:00,FX:EURCAD,1.45966,1.4597200000000001,1.4595900000000002,1.45971,180.0
2024-03-31 21:23:00,FX:EURCAD,1.45971,1.4597200000000001,1.4595900000000002,1.4596,134.0
2024-03-31 21:24:00,FX:EURCAD,1.4596,1.4596500000000001,1.45954,1.45963,100.0
2024-03-31 21:25:00,FX:EURCAD,1.45963,1.45966,1.45954,1.45956,155.0
2024-03-31 21:26:00,FX:EURCAD,1.45956,1.45957,1.45947,1.45951,137.0
2024-03-31 21:27:00,FX:EURCAD,1.45951,1.45968,1.45951,1.4596200000000001,94.0
2024-03-31 21:28:00,FX:EURCAD,1.4596200000000001,1.45964,1.45958,1.45961,69.0
2024-03-31 21:29:00,FX:EURCAD,1.45961,1.4596500000000001,1.45957,1.45964,130.0
2024-03-31 21:30:00,FX:EURCAD,1.45964,1.45964,1.45948,1.4595900000000002,175.0
2024-03-31 21:31:00,FX:EURCAD,1.4595900000000002,1.4595900000000002,1.45951,1.45957,109.0
2024-03-31 21:32:00,FX:EURCAD,1.45957,1.45957,1.4595,1.45953,64.0
2024-03-31 21:33:00,FX:EURCAD,1.45953,1.45966,1.4595200000000002,1.4595900000000002,149.0
2024-03-31 21:34:00,FX:EURCAD,1.4595900000000002,1.45971,1.4595900000000002,1.45968,96.0
2024-03-31 21:35:00,FX:EURCAD,1.45968,1.45975,1.45963,1.4596900000000002,70.0
2024-03-31 21:36:00,FX:EURCAD,1.4596900000000002,1.45974,1.45964,1.45966,71.0
2024-03-31 21:37:00,FX:EURCAD,1.45966,1.45967,1.45958,1.4596500000000001,92.0
2024-03-31 21:38:00,FX:EURCAD,1.4596500000000001,1.4596900000000002,1.45957,1.45968,100.0
2024-03-31 21:39:00,FX:EURCAD,1.45968,1.45971,1.4596500000000001,1.45968,79.0
2024-03-31 21:40:00,FX:EURCAD,1.45968,1.45973,1.4596500000000001,1.4597200000000001,108.0
2024-03-31 21:41:00,FX:EURCAD,1.4597200000000001,1.4598200000000001,1.4597,1.45974,164.0
2024-03-31 21:42:00,FX:EURCAD,1.45974,1.45981,1.45966,1.4596900000000002,121.0
2024-03-31 21:43:00,FX:EURCAD,1.4596900000000002,1.45975,1.45961,1.45964,88.0
2024-03-31 21:44:00,FX:EURCAD,1.45964,1.45968,1.4595900000000002,1.45961,70.0
2024-03-31 21:45:00,FX:EURCAD,1.45961,1.4596500000000001,1.4595200000000002,1.4595200000000002,127.0
2024-03-31 21:46:00,FX:EURCAD,1.4595200000000002,1.45963,1.4595200000000002,1.45963,132.0
2024-03-31 21:47:00,FX:EURCAD,1.45963,1.4596900000000002,1.45954,1.4595900000000002,149.0
2024-03-31 21:48:00,FX:EURCAD,1.4595900000000002,1.45961,1.4595200000000002,1.4596,259.0
2024-03-31 21:49:00,FX:EURCAD,1.4596,1.45963,1.45951,1.45956,137.0
2024-03-31 21:50:00,FX:EURCAD,1.45956,1.45957,1.45943,1.45944,157.0
2024-03-31 21:51:00,FX:EURCAD,1.45944,1.4595,1.45941,1.4594500000000001,138.0
2024-03-31 21:52:00,FX:EURCAD,1.4594500000000001,1.45946,1.45939,1.4594200000000002,138.0
2024-03-31 21:53:00,FX:EURCAD,1.4594200000000002,1.4594500000000001,1.45933,1.45937,177.0
2024-03-31 21:54:00,FX:EURCAD,1.45937,1.4594500000000001,1.45932,1.45939,174.0
2024-03-31 21:55:00,FX:EURCAD,1.45939,1.45949,1.45939,1.45943,172.0
2024-03-31 21:56:00,FX:EURCAD,1.45943,1.4594500000000001,1.45919,1.4592,204.0
2024-03-31 21:57:00,FX:EURCAD,1.4592,1.45924,1.45909,1.4591800000000001,127.0
2024-03-31 21:58:00,FX:EURCAD,1.4591800000000001,1.45923,1.4591,1.45923,175.0
2024-03-31 21:59:00,FX:EURCAD,1.45923,1.4593500000000001,1.45923,1.45933,100.0
2024-03-31 22:00:00,FX:EURCAD,1.45933,1.45941,1.45929,1.45936,81.0
2024-03-31 22:01:00,FX:EURCAD,1.45936,1.45941,1.45932,1.45937,100.0
2024-03-31 22:02:00,FX:EURCAD,1.45937,1.45948,1.4593500000000001,1.45944,126.0
2024-03-31 22:03:00,FX:EURCAD,1.45944,1.45946,1.45937,1.4594,104.0
2024-03-31 22:04:00,FX:EURCAD,1.4594,1.45946,1.4593500000000001,1.45937,62.0
2024-03-31 22:05:00,FX:EURCAD,1.45937,1.4594,1.45926,1.45939,121.0
2024-03-31 22:06:00,FX:EURCAD,1.45939,1.4594200000000002,1.4593500000000001,1.45939,71.0
2024-03-31 22:07:00,FX:EURCAD,1.45939,1.4594200000000002,1.45933,1.45941,87.0
2024-03-31 22:08:00,FX:EURCAD,1.45941,1.45948,1.45934,1.4594200000000002,170.0
2024-03-31 22:09:00,FX:EURCAD,1.4594200000000002,1.45943,1.45933,1.45933,126.0
2024-03-31 22:10:00,FX:EURCAD,1.45933,1.45941,1.4592800000000001,1.45941,121.0
2024-03-31 22:11:00,FX:EURCAD,1.45941,1.4594200000000002,1.45936,1.4594,69.0
2024-03-31 22:12:00,FX:EURCAD,1.4594,1.45943,1.45937,1.4593800000000001,55.0
2024-03-31 22:13:00,FX:EURCAD,1.4593800000000001,1.45941,1.45933,1.45939,94.0
2024-03-31 22:14:00,FX:EURCAD,1.45939,1.4594200000000002,1.45926,1.4592800000000001,77.0
2024-03-31 22:15:00,FX:EURCAD,1.4592800000000001,1.45934,1.45919,1.45919,115.0
2024-03-31 22:16:00,FX:EURCAD,1.45919,1.4593,1.45917,1.45929,77.0
2024-03-31 22:17:00,FX:EURCAD,1.45929,1.45943,1.45929,1.45943,73.0
2024-03-31 22:18:00,FX:EURCAD,1.45943,1.45949,1.4593500000000001,1.4594,106.0
2024-03-31 22:19:00,FX:EURCAD,1.4594,1.45947,1.45937,1.45947,86.0
2024-03-31 22:20:00,FX:EURCAD,1.45947,1.45947,1.45939,1.45939,66.0
2024-03-31 22:21:00,FX:EURCAD,1.45939,1.45944,1.45939,1.4594200000000002,41.0
2024-03-31 22:22:00,FX:EURCAD,1.4594200000000002,1.45949,1.45941,1.4594500000000001,44.0
2024-03-31 22:23:00,FX:EURCAD,1.4594500000000001,1.45947,1.45937,1.45939,35.0
2024-03-31 22:24:00,FX:EURCAD,1.45939,1.4594200000000002,1.45932,1.45936,116.0
2024-03-31 22:25:00,FX:EURCAD,1.45936,1.45939,1.45932,1.45939,56.0
2024-03-31 22:26:00,FX:EURCAD,1.45939,1.4594,1.45929,1.4594,60.0
2024-03-31 22:27:00,FX:EURCAD,1.4594,1.4594200000000002,1.45937,1.4594200000000002,32.0
2024-03-31 22:28:00,FX:EURCAD,1.4594200000000002,1.4594500000000001,1.45937,1.4594200000000002,72.0
2024-03-31 22:29:00,FX:EURCAD,1.4594200000000002,1.45949,1.4594,1.45947,82.0
2024-03-31 22:30:00,FX:EURCAD,1.45947,1.45948,1.45941,1.45947,82.0
2024-03-31 22:31:00,FX:EURCAD,1.45947,1.45948,1.45936,1.4593800000000001,37.0
2024-03-31 22:32:00,FX:EURCAD,1.4593800000000001,1.45951,1.4593800000000001,1.45951,75.0
2024-03-31 22:33:00,FX:EURCAD,1.45951,1.45954,1.45948,1.45951,36.0
2024-03-31 22:34:00,FX:EURCAD,1.45951,1.45957,1.4595,1.45953,36.0
2024-03-31 22:35:00,FX:EURCAD,1.45953,1.45956,1.45948,1.45949,55.0
2024-03-31 22:36:00,FX:EURCAD,1.45949,1.45954,1.45947,1.45949,55.0
2024-03-31 22:37:00,FX:EURCAD,1.45949,1.45954,1.45948,1.45954,22.0
2024-03-31 22:38:00,FX:EURCAD,1.45954,1.45961,1.45951,1.45958,54.0
2024-03-31 22:39:00,FX:EURCAD,1.45958,1.45958,1.4595,1.4595,73.0
2024-03-31 22:40:00,FX:EURCAD,1.4595,1.4595500000000001,1.45943,1.45948,120.0
2024-03-31 22:41:00,FX:EURCAD,1.45948,1.45949,1.45933,1.45937,134.0
2024-03-31 22:42:00,FX:EURCAD,1.45937,1.45939,1.45933,1.4593500000000001,92.0
2024-03-31 22:43:00,FX:EURCAD,1.4593500000000001,1.4594,1.45934,1.45939,106.0
2024-03-31 22:44:00,FX:EURCAD,1.45939,1.45939,1.4593,1.4593,135.0
2024-03-31 22:45:00,FX:EURCAD,1.4593,1.45934,1.45924,1.4592500000000002,136.0
2024-03-31 22:46:00,FX:EURCAD,1.4592500000000002,1.45931,1.4592500000000002,1.45927,83.0
2024-03-31 22:47:00,FX:EURCAD,1.45927,1.45929,1.4592100000000001,1.45927,103.0
2024-03-31 22:48:00,FX:EURCAD,1.45927,1.4592800000000001,1.45919,1.45923,94.0
2024-03-31 22:49:00,FX:EURCAD,1.45923,1.45923,1.45915,1.45916,73.0
2024-03-31 22:50:00,FX:EURCAD,1.45916,1.4591800000000001,1.45909,1.4591800000000001,115.0
2024-03-31 22:51:00,FX:EURCAD,1.4591800000000001,1.45922,1.45916,1.45916,76.0
2024-03-31 22:52:00,FX:EURCAD,1.45916,1.45923,1.4591100000000001,1.45919,126.0
2024-03-31 22:53:00,FX:EURCAD,1.45919,1.45926,1.45916,1.4592500000000002,97.0
2024-03-31 22:54:00,FX:EURCAD,1.4592500000000002,1.45927,1.4592,1.4592500000000002,64.0
2024-03-31 22:55:00,FX:EURCAD,1.4592500000000002,1.45934,1.45924,1.45931,78.0
2024-03-31 22:56:00,FX:EURCAD,1.45931,1.45933,1.45927,1.45931,50.0
2024-03-31 22:57:00,FX:EURCAD,1.45931,1.45931,1.45924,1.45924,54.0
2024-03-31 22:58:00,FX:EURCAD,1.45924,1.4592500000000002,1.45917,1.4591800000000001,51.0
2024-03-31 22:59:00,FX:EURCAD,1.4591800000000001,1.4592500000000002,1.4591800000000001,1.4592500000000002,105.0
2024-03-31 23:00:00,FX:EURCAD,1.4592500000000002,1.45929,1.4592,1.4592,90.0
2024-03-31 23:01:00,FX:EURCAD,1.4592,1.4592800000000001,1.45919,1.45926,97.0
2024-03-31 23:02:00,FX:EURCAD,1.45926,1.45931,1.45922,1.4592800000000001,140.0
2024-03-31 23:03:00,FX:EURCAD,1.4592800000000001,1.4592800000000001,1.45923,1.45924,85.0
2024-03-31 23:04:00,FX:EURCAD,1.45924,1.45933,1.45923,1.45933,103.0
2024-03-31 23:05:00,FX:EURCAD,1.45933,1.4593500000000001,1.45927,1.4593,85.0
2024-03-31 23:06:00,FX:EURCAD,1.4593,1.45932,1.45929,1.45932,46.0
2024-03-31 23:07:00,FX:EURCAD,1.45932,1.45939,1.45927,1.45934,96.0
2024-03-31 23:08:00,FX:EURCAD,1.45934,1.4593800000000001,1.45932,1.45936,53.0
2024-03-31 23:09:00,FX:EURCAD,1.45936,1.4593800000000001,1.45934,1.45934,97.0
2024-03-31 23:10:00,FX:EURCAD,1.45934,1.45934,1.4592800000000001,1.45933,62.0
2024-03-31 23:11:00,FX:EURCAD,1.45933,1.45934,1.45933,1.45934,10.0
2024-03-31 23:12:00,FX:EURCAD,1.45934,1.45941,1.45932,1.45932,43.0
2024-03-31 23:13:00,FX:EURCAD,1.45932,1.45933,1.45929,1.45933,71.0
2024-03-31 23:14:00,FX:EURCAD,1.45933,1.4593800000000001,1.45931,1.4593500000000001,89.0
2024-03-31 23:15:00,FX:EURCAD,1.4593500000000001,1.4594200000000002,1.45933,1.4594,89.0
2024-03-31 23:16:00,FX:EURCAD,1.4594,1.45946,1.45932,1.4594500000000001,136.0
2024-03-31 23:17:00,FX:EURCAD,1.4594500000000001,1.4594500000000001,1.45937,1.45943,81.0
2024-03-31 23:18:00,FX:EURCAD,1.45943,1.45943,1.45933,1.45937,110.0
2024-03-31 23:19:00,FX:EURCAD,1.45937,1.45937,1.45933,1.45934,46.0
2024-03-31 23:20:00,FX:EURCAD,1.45934,1.4593800000000001,1.4593,1.45936,116.0
2024-03-31 23:21:00,FX:EURCAD,1.45936,1.45939,1.45932,1.45936,90.0
2024-03-31 23:22:00,FX:EURCAD,1.45936,1.45937,1.4592800000000001,1.4593,52.0
2024-03-31 23:23:00,FX:EURCAD,1.4593,1.45933,1.4592800000000001,1.4593,48.0
2024-03-31 23:24:00,FX:EURCAD,1.4593,1.45932,1.45929,1.45931,45.0
2024-03-31 23:25:00,FX:EURCAD,1.45931,1.4594,1.4593,1.45933,104.0
2024-03-31 23:26:00,FX:EURCAD,1.45933,1.45944,1.4592800000000001,1.45943,63.0
2024-03-31 23:27:00,FX:EURCAD,1.45943,1.45947,1.45934,1.4593800000000001,68.0
2024-03-31 23:28:00,FX:EURCAD,1.4593800000000001,1.4594200000000002,1.4593500000000001,1.4594,54.0
2024-03-31 23:29:00,FX:EURCAD,1.4594,1.45941,1.4593500000000001,1.45937,27.0
2024-03-31 23:30:00,FX:EURCAD,1.45937,1.45941,1.45924,1.45924,74.0
2024-03-31 23:31:00,FX:EURCAD,1.45924,1.45934,1.45923,1.45931,100.0
2024-03-31 23:32:00,FX:EURCAD,1.45931,1.4593800000000001,1.45931,1.45933,53.0
2024-03-31 23:33:00,FX:EURCAD,1.45933,1.45936,1.4593,1.45933,46.0
2024-03-31 23:34:00,FX:EURCAD,1.45933,1.45943,1.45933,1.4593800000000001,55.0
2024-03-31 23:35:00,FX:EURCAD,1.4593800000000001,1.45946,1.45937,1.45946,40.0
2024-03-31 23:36:00,FX:EURCAD,1.45946,1.4595200000000002,1.45943,1.45943,53.0
2024-03-31 23:37:00,FX:EURCAD,1.45943,1.45946,1.4593800000000001,1.45939,54.0
2024-03-31 23:38:00,FX:EURCAD,1.45939,1.45944,1.45934,1.45936,63.0
2024-03-31 23:39:00,FX:EURCAD,1.45936,1.45946,1.4593500000000001,1.45946,62.0
2024-03-31 23:40:00,FX:EURCAD,1.45946,1.45946,1.4593500000000001,1.45936,58.0
2024-03-31 23:41:00,FX:EURCAD,1.45936,1.4593800000000001,1.45931,1.45937,78.0
2024-03-31 23:42:00,FX:EURCAD,1.45937,1.45937,1.45931,1.45933,29.0
2024-03-31 23:43:00,FX:EURCAD,1.45933,1.45937,1.45932,1.45936,70.0
2024-03-31 23:44:00,FX:EURCAD,1.45936,1.45936,1.4592800000000001,1.45932,105.0
2024-03-31 23:45:00,FX:EURCAD,1.45932,1.4593800000000001,1.45932,1.45932,84.0
2024-03-31 23:46:00,FX:EURCAD,1.45932,1.45936,1.45932,1.45934,62.0
2024-03-31 23:47:00,FX:EURCAD,1.45934,1.4594200000000002,1.45929,1.45941,58.0
2024-03-31 23:48:00,FX:EURCAD,1.45941,1.45944,1.45934,1.45944,64.0
2024-03-31 23:49:00,FX:EURCAD,1.45944,1.45944,1.45937,1.4593800000000001,58.0
2024-03-31 23:50:00,FX:EURCAD,1.4593800000000001,1.45941,1.45934,1.45937,59.0
2024-03-31 23:51:00,FX:EURCAD,1.45937,1.45937,1.45931,1.45932,71.0
2024-03-31 23:52:00,FX:EURCAD,1.45932,1.4593800000000001,1.45932,1.4593500000000001,109.0
2024-03-31 23:53:00,FX:EURCAD,1.4593500000000001,1.4593500000000001,1.45922,1.4592500000000002,118.0
2024-03-31 23:54:00,FX:EURCAD,1.4592500000000002,1.45933,1.4592500000000002,1.45927,109.0
2024-03-31 23:55:00,FX:EURCAD,1.45927,1.45941,1.45926,1.45941,84.0
2024-03-31 23:56:00,FX:EURCAD,1.45941,1.4594200000000002,1.4593500000000001,1.4594200000000002,54.0
2024-03-31 23:57:00,FX:EURCAD,1.4594200000000002,1.45943,1.45937,1.4594,61.0
2024-03-31 23:58:00,FX:EURCAD,1.4594,1.4594,1.45929,1.45932,119.0
2024-03-31 23:59:00,FX:EURCAD,1.45932,1.45932,1.45927,1.4593,102.0
2024-04-01 00:00:00,FX:EURCAD,1.4593,1.45939,1.4593,1.45937,140.0
2024-04-01 00:01:00,FX:EURCAD,1.45937,1.45941,1.4593,1.45932,118.0
2024-04-01 00:02:00,FX:EURCAD,1.45932,1.45943,1.45932,1.45937,114.0
2024-04-01 00:03:00,FX:EURCAD,1.45937,1.4594,1.4593500000000001,1.45939,101.0
2024-04-01 00:04:00,FX:EURCAD,1.45939,1.4594500000000001,1.45937,1.4594200000000002,127.0
2024-04-01 00:05:00,FX:EURCAD,1.4594200000000002,1.4594500000000001,1.4594,1.4594,73.0
2024-04-01 00:06:00,FX:EURCAD,1.4594,1.4594,1.45931,1.45937,91.0
2024-04-01 00:07:00,FX:EURCAD,1.45937,1.45944,1.4593500000000001,1.45941,96.0
2024-04-01 00:08:00,FX:EURCAD,1.45941,1.45946,1.4593800000000001,1.45944,58.0
2024-04-01 00:09:00,FX:EURCAD,1.45944,1.4595,1.45943,1.45947,52.0
2024-04-01 00:10:00,FX:EURCAD,1.45947,1.4595,1.45944,1.45947,39.0
2024-04-01 00:11:00,FX:EURCAD,1.45947,1.45947,1.45933,1.4593500000000001,73.0
2024-04-01 00:12:00,FX:EURCAD,1.4593500000000001,1.45943,1.45931,1.4593800000000001,102.0
2024-04-01 00:13:00,FX:EURCAD,1.4593800000000001,1.45943,1.45934,1.45934,100.0
2024-04-01 00:14:00,FX:EURCAD,1.45934,1.45944,1.45932,1.4593800000000001,120.0
2024-04-01 00:15:00,FX:EURCAD,1.4593800000000001,1.45941,1.45923,1.45929,200.0
2024-04-01 00:16:00,FX:EURCAD,1.45929,1.45933,1.45924,1.4592500000000002,91.0
2024-04-01 00:17:00,FX:EURCAD,1.4592500000000002,1.45941,1.45924,1.45939,149.0
2024-04-01 00:18:00,FX:EURCAD,1.45939,1.4594,1.4592500000000002,1.4593500000000001,204.0
2024-04-01 00:19:00,FX:EURCAD,1.4593500000000001,1.45939,1.45926,1.45929,167.0
2024-04-01 00:20:00,FX:EURCAD,1.45929,1.45929,1.4592,1.4592,114.0
2024-04-01 00:21:00,FX:EURCAD,1.4592,1.4592,1.45917,1.4591800000000001,35.0
2024-04-01 00:22:00,FX:EURCAD,1.4591800000000001,1.45923,1.4591800000000001,1.4592,16.0
2024-04-01 00:23:00,FX:EURCAD,1.4592,1.45924,1.4592,1.45923,10.0
2024-04-01 00:24:00,FX:EURCAD,1.45923,1.45923,1.4592100000000001,1.4592100000000001,22.0
2024-04-01 00:25:00,FX:EURCAD,1.4592100000000001,1.4593,1.4592100000000001,1.4592800000000001,66.0
2024-04-01 00:26:00,FX:EURCAD,1.4592800000000001,1.45933,1.4592500000000002,1.45933,71.0
2024-04-01 00:27:00,FX:EURCAD,1.45933,1.45941,1.4593,1.45932,71.0
2024-04-01 00:28:00,FX:EURCAD,1.45932,1.4593500000000001,1.45929,1.45929,98.0
2024-04-01 00:29:00,FX:EURCAD,1.45929,1.4593,1.4592500000000002,1.45927,87.0
2024-04-01 00:30:00,FX:EURCAD,1.45927,1.4593500000000001,1.4592500000000002,1.45929,102.0
2024-04-01 00:31:00,FX:EURCAD,1.45929,1.4594200000000002,1.45929,1.4594200000000002,75.0
2024-04-01 00:32:00,FX:EURCAD,1.4594200000000002,1.45946,1.45937,1.45939,113.0
2024-04-01 00:33:00,FX:EURCAD,1.45939,1.45949,1.45939,1.45948,60.0
2024-04-01 00:34:00,FX:EURCAD,1.45948,1.45949,1.4594,1.4594,58.0
2024-04-01 00:35:00,FX:EURCAD,1.4594,1.45941,1.45933,1.45933,35.0
2024-04-01 00:36:00,FX:EURCAD,1.45933,1.45937,1.45933,1.4593500000000001,29.0
2024-04-01 00:37:00,FX:EURCAD,1.4593500000000001,1.45944,1.45934,1.45941,50.0
2024-04-01 00:38:00,FX:EURCAD,1.45941,1.45941,1.4593,1.45936,50.0
2024-04-01 00:39:00,FX:EURCAD,1.45936,1.45941,1.4593500000000001,1.45939,55.0
2024-04-01 00:40:00,FX:EURCAD,1.45939,1.45941,1.4593500000000001,1.45941,35.0
2024-04-01 00:41:00,FX:EURCAD,1.45941,1.45941,1.4592800000000001,1.4592800000000001,70.0
2024-04-01 00:42:00,FX:EURCAD,1.4592800000000001,1.45929,1.4592100000000001,1.4592500000000002,43.0
2024-04-01 00:43:00,FX:EURCAD,1.4592500000000002,1.4592800000000001,1.45923,1.45927,16.0
2024-04-01 00:44:00,FX:EURCAD,1.45927,1.45927,1.45922,1.45924,20.0
2024-04-01 00:45:00,FX:EURCAD,1.45924,1.45929,1.4592100000000001,1.45924,63.0
2024-04-01 00:46:00,FX:EURCAD,1.45924,1.45937,1.45922,1.45937,71.0
2024-04-01 00:47:00,FX:EURCAD,1.45937,1.45937,1.45927,1.45927,69.0
2024-04-01 00:48:00,FX:EURCAD,1.45927,1.45934,1.45927,1.4592800000000001,47.0
2024-04-01 00:49:00,FX:EURCAD,1.4592800000000001,1.45936,1.4592800000000001,1.45936,65.0
2024-04-01 00:50:00,FX:EURCAD,1.45936,1.4594,1.4593500000000001,1.4594,19.0
2024-04-01 00:51:00,FX:EURCAD,1.4594,1.4594,1.45937,1.45939,17.0
2024-04-01 00:52:00,FX:EURCAD,1.45939,1.4594200000000002,1.4593800000000001,1.45939,96.0
2024-04-01 00:53:00,FX:EURCAD,1.45939,1.45943,1.45937,1.45941,48.0
2024-04-01 00:54:00,FX:EURCAD,1.45941,1.4594200000000002,1.45936,1.45936,81.0
2024-04-01 00:55:00,FX:EURCAD,1.45936,1.4593800000000001,1.45933,1.45937,34.0
2024-04-01 00:56:00,FX:EURCAD,1.45937,1.45937,1.45924,1.45929,57.0
2024-04-01 00:57:00,FX:EURCAD,1.45929,1.45933,1.45929,1.45932,56.0
2024-04-01 00:58:00,FX:EURCAD,1.45932,1.45933,1.45929,1.45931,50.0
2024-04-01 00:59:00,FX:EURCAD,1.45931,1.45933,1.45927,1.45931,51.0
2024-04-01 01:00:00,FX:EURCAD,1.45931,1.45931,1.45927,1.45929,83.0
2024-04-01 01:01:00,FX:EURCAD,1.45929,1.45939,1.45929,1.4593500000000001,66.0
2024-04-01 01:02:00,FX:EURCAD,1.4593500000000001,1.4594500000000001,1.4593500000000001,1.45941,45.0
2024-04-01 01:03:00,FX:EURCAD,1.45941,1.4594200000000002,1.45936,1.45936,54.0
2024-04-01 01:04:00,FX:EURCAD,1.45936,1.45936,1.45931,1.45932,45.0
2024-04-01 01:05:00,FX:EURCAD,1.45932,1.45937,1.45932,1.4593500000000001,85.0
2024-04-01 01:06:00,FX:EURCAD,1.4593500000000001,1.45937,1.4593,1.45931,59.0
2024-04-01 01:07:00,FX:EURCAD,1.45931,1.45934,1.4593,1.45933,58.0
2024-04-01 01:08:00,FX:EURCAD,1.45933,1.4593800000000001,1.45933,1.4593500000000001,46.0
2024-04-01 01:09:00,FX:EURCAD,1.4593500000000001,1.4593500000000001,1.45929,1.45933,49.0
2024-04-01 01:10:00,FX:EURCAD,1.45933,1.45933,1.4592800000000001,1.45929,34.0
2024-04-01 01:11:00,FX:EURCAD,1.45929,1.45931,1.45926,1.45927,88.0
2024-04-01 01:12:00,FX:EURCAD,1.45927,1.45929,1.4592100000000001,1.4592800000000001,64.0
2024-04-01 01:13:00,FX:EURCAD,1.4592800000000001,1.45933,1.4592800000000001,1.45931,18.0
2024-04-01 01:14:00,FX:EURCAD,1.45931,1.45932,1.4592800000000001,1.4593,39.0
2024-04-01 01:15:00,FX:EURCAD,1.4593,1.4593500000000001,1.45926,1.45934,36.0
2024-04-01 01:16:00,FX:EURCAD,1.45934,1.4593800000000001,1.45932,1.45937,55.0
2024-04-01 01:17:00,FX:EURCAD,1.45937,1.45943,1.45937,1.45941,54.0
2024-04-01 01:18:00,FX:EURCAD,1.45941,1.45941,1.45934,1.45936,78.0
2024-04-01 01:19:00,FX:EURCAD,1.45936,1.45944,1.4593500000000001,1.45937,69.0
2024-04-01 01:20:00,FX:EURCAD,1.45937,1.45944,1.45937,1.45944,58.0
2024-04-01 01:21:00,FX:EURCAD,1.45944,1.45944,1.45939,1.45939,40.0
2024-04-01 01:22:00,FX:EURCAD,1.45939,1.4594,1.45937,1.4593800000000001,38.0
2024-04-01 01:23:00,FX:EURCAD,1.4593800000000001,1.45939,1.45934,1.4593500000000001,63.0
2024-04-01 01:24:00,FX:EURCAD,1.4593500000000001,1.4593800000000001,1.45932,1.45937,80.0
2024-04-01 01:25:00,FX:EURCAD,1.45937,1.4593800000000001,1.45936,1.45937,28.0
2024-04-01 01:26:00,FX:EURCAD,1.45937,1.45943,1.45936,1.45937,62.0
2024-04-01 01:27:00,FX:EURCAD,1.45937,1.45939,1.45937,1.45937,23.0
2024-04-01 01:28:00,FX:EURCAD,1.45937,1.4594200000000002,1.45931,1.45941,74.0
2024-04-01 01:29:00,FX:EURCAD,1.45941,1.4594200000000002,1.4593500000000001,1.4593500000000001,41.0
2024-04-01 01:30:00,FX:EURCAD,1.4593500000000001,1.4594,1.45932,1.45939,98.0
2024-04-01 01:31:00,FX:EURCAD,1.45939,1.45947,1.45939,1.45941,77.0
2024-04-01 01:32:00,FX:EURCAD,1.45941,1.4594500000000001,1.45936,1.4594200000000002,94.0
2024-04-01 01:33:00,FX:EURCAD,1.4594200000000002,1.45946,1.4594,1.4594,113.0
2024-04-01 01:34:00,FX:EURCAD,1.4594,1.4594200000000002,1.45936,1.4594200000000002,74.0
2024-04-01 01:35:00,FX:EURCAD,1.4594200000000002,1.4595,1.4594200000000002,1.45948,71.0
2024-04-01 01:36:00,FX:EURCAD,1.45948,1.45948,1.45937,1.45944,52.0
2024-04-01 01:37:00,FX:EURCAD,1.45944,1.45948,1.45944,1.4594500000000001,26.0
2024-04-01 01:38:00,FX:EURCAD,1.4594500000000001,1.45949,1.45939,1.45939,28.0
2024-04-01 01:39:00,FX:EURCAD,1.45939,1.45946,1.45939,1.45946,55.0
2024-04-01 01:40:00,FX:EURCAD,1.45946,1.4595,1.4594,1.45949,49.0
2024-04-01 01:41:00,FX:EURCAD,1.45949,1.45949,1.4594200000000002,1.45944,61.0
2024-04-01 01:42:00,FX:EURCAD,1.45944,1.45949,1.45939,1.45949,61.0
2024-04-01 01:43:00,FX:EURCAD,1.45949,1.4595,1.4594,1.45944,44.0
2024-04-01 01:44:00,FX:EURCAD,1.45944,1.45947,1.4593800000000001,1.45941,36.0
2024-04-01 01:45:00,FX:EURCAD,1.45941,1.45948,1.45941,1.45948,55.0
2024-04-01 01:46:00,FX:EURCAD,1.45948,1.45957,1.45948,1.45951,48.0
2024-04-01 01:47:00,FX:EURCAD,1.45951,1.45953,1.45947,1.45949,46.0
2024-04-01 01:48:00,FX:EURCAD,1.45949,1.45949,1.45943,1.45946,28.0
2024-04-01 01:49:00,FX:EURCAD,1.45946,1.45949,1.45941,1.45948,32.0
2024-04-01 01:50:00,FX:EURCAD,1.45948,1.45951,1.4594500000000001,1.45951,45.0
2024-04-01 01:51:00,FX:EURCAD,1.45951,1.45953,1.45949,1.4595200000000002,43.0
2024-04-01 01:52:00,FX:EURCAD,1.4595200000000002,1.45953,1.45948,1.45949,53.0
2024-04-01 01:53:00,FX:EURCAD,1.45949,1.4595500000000001,1.4594500000000001,1.45948,66.0
2024-04-01 01:54:00,FX:EURCAD,1.45948,1.45949,1.45941,1.4594500000000001,54.0
2024-04-01 01:55:00,FX:EURCAD,1.4594500000000001,1.4595200000000002,1.45943,1.45949,94.0
2024-04-01 01:56:00,FX:EURCAD,1.45949,1.45953,1.4594500000000001,1.4594500000000001,72.0
2024-04-01 01:57:00,FX:EURCAD,1.4594500000000001,1.45957,1.4594200000000002,1.45951,83.0
2024-04-01 01:58:00,FX:EURCAD,1.45951,1.45954,1.45951,1.45951,60.0
2024-04-01 01:59:00,FX:EURCAD,1.45951,1.45951,1.4594200000000002,1.45947,75.0
2024-04-01 02:00:00,FX:EURCAD,1.45947,1.45947,1.45941,1.4594200000000002,109.0
2024-04-01 02:01:00,FX:EURCAD,1.4594200000000002,1.45943,1.4592500000000002,1.45941,86.0
2024-04-01 02:02:00,FX:EURCAD,1.45941,1.45946,1.45932,1.45941,74.0
2024-04-01 02:03:00,FX:EURCAD,1.45941,1.45956,1.4594,1.45954,78.0
2024-04-01 02:04:00,FX:EURCAD,1.45954,1.4596500000000001,1.4595200000000002,1.45957,156.0
2024-04-01 02:05:00,FX:EURCAD,1.45957,1.4596200000000001,1.4595500000000001,1.45956,75.0
2024-04-01 02:06:00,FX:EURCAD,1.45956,1.45957,1.4595,1.4595,68.0
2024-04-01 02:07:00,FX:EURCAD,1.4595,1.4595500000000001,1.4594500000000001,1.45951,76.0
2024-04-01 02:08:00,FX:EURCAD,1.45951,1.45963,1.4595,1.45961,53.0
2024-04-01 02:09:00,FX:EURCAD,1.45961,1.4596900000000002,1.4596,1.4596500000000001,32.0
2024-04-01 02:10:00,FX:EURCAD,1.4596500000000001,1.4597900000000001,1.4596500000000001,1.45968,120.0
2024-04-01 02:11:00,FX:EURCAD,1.45968,1.45971,1.4596500000000001,1.4596500000000001,51.0
2024-04-01 02:12:00,FX:EURCAD,1.4596500000000001,1.45976,1.4596500000000001,1.45976,45.0
2024-04-01 02:13:00,FX:EURCAD,1.45976,1.4597900000000001,1.4596200000000001,1.4596500000000001,49.0
2024-04-01 02:14:00,FX:EURCAD,1.4596500000000001,1.45971,1.4596500000000001,1.45966,31.0
2024-04-01 02:15:00,FX:EURCAD,1.45966,1.45976,1.45966,1.4597200000000001,59.0
2024-04-01 02:16:00,FX:EURCAD,1.4597200000000001,1.45975,1.45953,1.45953,96.0
2024-04-01 02:17:00,FX:EURCAD,1.45953,1.45958,1.45949,1.4595,79.0
2024-04-01 02:18:00,FX:EURCAD,1.4595,1.45954,1.45947,1.4595200000000002,71.0
2024-04-01 02:19:00,FX:EURCAD,1.4595200000000002,1.45956,1.4594200000000002,1.45947,127.0
2024-04-01 02:20:00,FX:EURCAD,1.45947,1.45951,1.45944,1.45948,118.0
2024-04-01 02:21:00,FX:EURCAD,1.45948,1.45953,1.45943,1.45949,81.0
2024-04-01 02:22:00,FX:EURCAD,1.45949,1.45954,1.45948,1.4595,49.0
2024-04-01 02:23:00,FX:EURCAD,1.4595,1.4595200000000002,1.45943,1.45943,88.0
2024-04-01 02:24:00,FX:EURCAD,1.45943,1.45953,1.45943,1.45953,104.0
2024-04-01 02:25:00,FX:EURCAD,1.45953,1.45958,1.45948,1.45958,113.0
2024-04-01 02:26:00,FX:EURCAD,1.45958,1.4595900000000002,1.45954,1.4595900000000002,90.0
2024-04-01 02:27:00,FX:EURCAD,1.4595900000000002,1.45968,1.4595900000000002,1.45967,87.0
2024-04-01 02:28:00,FX:EURCAD,1.45967,1.45973,1.4596500000000001,1.45973,44.0
2024-04-01 02:29:00,FX:EURCAD,1.45973,1.45973,1.45971,1.45971,38.0
2024-04-01 02:30:00,FX:EURCAD,1.45971,1.45974,1.45961,1.4596900000000002,104.0
2024-04-01 02:31:00,FX:EURCAD,1.4596900000000002,1.4596900000000002,1.4595500000000001,1.45968,154.0
2024-04-01 02:32:00,FX:EURCAD,1.45968,1.45971,1.45958,1.45958,92.0
2024-04-01 02:33:00,FX:EURCAD,1.45958,1.4596200000000001,1.45956,1.45956,85.0
2024-04-01 02:34:00,FX:EURCAD,1.45956,1.4597,1.45956,1.45967,125.0
2024-04-01 02:35:00,FX:EURCAD,1.45967,1.4597,1.4595500000000001,1.4595900000000002,105.0
2024-04-01 02:36:00,FX:EURCAD,1.4595900000000002,1.45963,1.45956,1.45961,61.0
2024-04-01 02:37:00,FX:EURCAD,1.45961,1.45967,1.4596,1.45963,81.0
2024-04-01 02:38:00,FX:EURCAD,1.45963,1.4596500000000001,1.45958,1.45964,104.0
2024-04-01 02:39:00,FX:EURCAD,1.45964,1.4596500000000001,1.45949,1.45949,148.0
2024-04-01 02:40:00,FX:EURCAD,1.45949,1.4595500000000001,1.45948,1.45954,98.0
2024-04-01 02:41:00,FX:EURCAD,1.45954,1.45958,1.45951,1.4595500000000001,118.0
2024-04-01 02:42:00,FX:EURCAD,1.4595500000000001,1.45956,1.4593500000000001,1.45947,161.0
2024-04-01 02:43:00,FX:EURCAD,1.45947,1.45949,1.4594,1.45947,92.0
2024-04-01 02:44:00,FX:EURCAD,1.45947,1.45958,1.45946,1.45957,71.0
2024-04-01 02:45:00,FX:EURCAD,1.45957,1.4596,1.45941,1.45941,108.0
2024-04-01 02:46:00,FX:EURCAD,1.45941,1.45943,1.45923,1.45926,97.0
2024-04-01 02:47:00,FX:EURCAD,1.45926,1.45932,1.45922,1.45929,87.0
2024-04-01 02:48:00,FX:EURCAD,1.45929,1.45937,1.4592100000000001,1.45923,98.0
2024-04-01 02:49:00,FX:EURCAD,1.45923,1.4592800000000001,1.45919,1.45922,139.0
2024-04-01 02:50:00,FX:EURCAD,1.45922,1.45927,1.4592,1.4592100000000001,90.0
2024-04-01 02:51:00,FX:EURCAD,1.4592100000000001,1.4592100000000001,1.45909,1.45916,85.0
2024-04-01 02:52:00,FX:EURCAD,1.45916,1.4592100000000001,1.45912,1.4591800000000001,122.0
2024-04-01 02:53:00,FX:EURCAD,1.4591800000000001,1.4592500000000002,1.45917,1.45924,81.0
2024-04-01 02:54:00,FX:EURCAD,1.45924,1.45924,1.45906,1.45906,111.0
2024-04-01 02:55:00,FX:EURCAD,1.45906,1.45906,1.45893,1.45898,124.0
2024-04-01 02:56:00,FX:EURCAD,1.45898,1.45898,1.45885,1.4589100000000002,130.0
2024-04-01 02:57:00,FX:EURCAD,1.4589100000000002,1.45896,1.45888,1.45888,97.0
2024-04-01 02:58:00,FX:EURCAD,1.45888,1.45896,1.4588400000000001,1.45896,116.0
2024-04-01 02:59:00,FX:EURCAD,1.45896,1.4590800000000002,1.45896,1.459,134.0
2024-04-01 03:00:00,FX:EURCAD,1.459,1.45905,1.4588400000000001,1.45886,222.0
2024-04-01 03:01:00,FX:EURCAD,1.45886,1.45895,1.4588,1.45895,127.0
2024-04-01 03:02:00,FX:EURCAD,1.45895,1.45899,1.4588,1.4589400000000001,133.0
2024-04-01 03:03:00,FX:EURCAD,1.4589400000000001,1.4591800000000001,1.45893,1.4591800000000001,137.0
2024-04-01 03:04:00,FX:EURCAD,1.4591800000000001,1.4592,1.4590400000000001,1.45906,190.0
2024-04-01 03:05:00,FX:EURCAD,1.45906,1.45923,1.45905,1.45919,132.0
2024-04-01 03:06:00,FX:EURCAD,1.45919,1.45939,1.45919,1.45937,130.0
2024-04-01 03:07:00,FX:EURCAD,1.45937,1.45944,1.4593500000000001,1.4594200000000002,114.0
2024-04-01 03:08:00,FX:EURCAD,1.4594200000000002,1.4596200000000001,1.4594200000000002,1.45954,168.0
2024-04-01 03:09:00,FX:EURCAD,1.45954,1.45963,1.4595200000000002,1.45961,69.0
2024-04-01 03:10:00,FX:EURCAD,1.45961,1.45975,1.4595900000000002,1.45967,135.0
2024-04-01 03:11:00,FX:EURCAD,1.45967,1.4596900000000002,1.4596200000000001,1.4596500000000001,87.0
2024-04-01 03:12:00,FX:EURCAD,1.4596500000000001,1.45975,1.4596500000000001,1.4597200000000001,81.0
2024-04-01 03:13:00,FX:EURCAD,1.4597200000000001,1.45973,1.45961,1.45961,76.0
2024-04-01 03:14:00,FX:EURCAD,1.45961,1.45971,1.4596,1.4596,115.0
2024-04-01 03:15:00,FX:EURCAD,1.4596,1.45967,1.4596,1.4596500000000001,90.0
2024-04-01 03:16:00,FX:EURCAD,1.4596500000000001,1.4597,1.45963,1.4597,36.0
2024-04-01 03:17:00,FX:EURCAD,1.4597,1.45983,1.4596900000000002,1.4598,65.0
2024-04-01 03:18:00,FX:EURCAD,1.4598,1.4598,1.45973,1.4598,87.0
2024-04-01 03:19:00,FX:EURCAD,1.4598,1.45991,1.45974,1.45974,102.0
2024-04-01 03:20:00,FX:EURCAD,1.45974,1.45978,1.45963,1.45973,148.0
2024-04-01 03:21:00,FX:EURCAD,1.45973,1.4598600000000002,1.4597200000000001,1.45978,100.0
2024-04-01 03:22:00,FX:EURCAD,1.45978,1.4598,1.45974,1.45974,96.0
2024-04-01 03:23:00,FX:EURCAD,1.45974,1.4598200000000001,1.45973,1.4598,76.0
2024-04-01 03:24:00,FX:EURCAD,1.4598,1.45981,1.45967,1.45971,139.0
2024-04-01 03:25:00,FX:EURCAD,1.45971,1.4598900000000001,1.4597,1.45983,127.0
2024-04-01 03:26:00,FX:EURCAD,1.45983,1.45983,1.45975,1.45978,64.0
2024-04-01 03:27:00,FX:EURCAD,1.45978,1.4598200000000001,1.45975,1.45975,78.0
2024-04-01 03:28:00,FX:EURCAD,1.45975,1.45976,1.45964,1.4596900000000002,75.0
2024-04-01 03:29:00,FX:EURCAD,1.4596900000000002,1.45978,1.4596900000000002,1.45971,86.0
2024-04-01 03:30:00,FX:EURCAD,1.45971,1.45978,1.45963,1.45968,188.0
2024-04-01 03:31:00,FX:EURCAD,1.45968,1.45978,1.45967,1.45975,110.0
2024-04-01 03:32:00,FX:EURCAD,1.45975,1.4598,1.45971,1.45976,128.0
2024-04-01 03:33:00,FX:EURCAD,1.45976,1.4598200000000001,1.45971,1.45978,125.0
2024-04-01 03:34:00,FX:EURCAD,1.45978,1.4598,1.4596900000000002,1.4596900000000002,102.0
2024-04-01 03:35:00,FX:EURCAD,1.4596900000000002,1.45977,1.4596900000000002,1.45974,80.0
2024-04-01 03:36:00,FX:EURCAD,1.45974,1.45976,1.45973,1.45974,84.0
2024-04-01 03:37:00,FX:EURCAD,1.45974,1.45975,1.45957,1.4596,96.0
2024-04-01 03:38:00,FX:EURCAD,1.4596,1.4596500000000001,1.4596,1.45963,130.0
2024-04-01 03:39:00,FX:EURCAD,1.45963,1.4596500000000001,1.4594200000000002,1.4595200000000002,173.0
2024-04-01 03:40:00,FX:EURCAD,1.4595200000000002,1.45954,1.45947,1.45951,94.0
2024-04-01 03:41:00,FX:EURCAD,1.45951,1.4596,1.45951,1.4595900000000002,53.0
2024-04-01 03:42:00,FX:EURCAD,1.4595900000000002,1.4596200000000001,1.45954,1.4595500000000001,115.0
2024-04-01 03:43:00,FX:EURCAD,1.4595500000000001,1.45961,1.45953,1.45956,94.0
2024-04-01 03:44:00,FX:EURCAD,1.45956,1.45957,1.45936,1.4594200000000002,153.0
2024-04-01 03:45:00,FX:EURCAD,1.4594200000000002,1.45948,1.4592500000000002,1.45929,136.0
2024-04-01 03:46:00,FX:EURCAD,1.45929,1.45929,1.45916,1.45917,89.0
2024-04-01 03:47:00,FX:EURCAD,1.45917,1.4591800000000001,1.459,1.45909,121.0
2024-04-01 03:48:00,FX:EURCAD,1.45909,1.45909,1.4588700000000001,1.4589100000000002,149.0
2024-04-01 03:49:00,FX:EURCAD,1.4589100000000002,1.4590400000000001,1.45886,1.45902,131.0
2024-04-01 03:50:00,FX:EURCAD,1.45902,1.45905,1.4589400000000001,1.459,85.0
2024-04-01 03:51:00,FX:EURCAD,1.459,1.4591,1.45896,1.4590800000000002,135.0
2024-04-01 03:52:00,FX:EURCAD,1.4590800000000002,1.45922,1.4590800000000002,1.4592,102.0
2024-04-01 03:53:00,FX:EURCAD,1.4592,1.4592500000000002,1.4592,1.45924,104.0
2024-04-01 03:54:00,FX:EURCAD,1.45924,1.4592800000000001,1.45912,1.45914,137.0
2024-04-01 03:55:00,FX:EURCAD,1.45914,1.4592,1.45902,1.45915,135.0
2024-04-01 03:56:00,FX:EURCAD,1.45915,1.45916,1.45909,1.4591,104.0
2024-04-01 03:57:00,FX:EURCAD,1.4591,1.45917,1.45906,1.45912,113.0
2024-04-01 03:58:00,FX:EURCAD,1.45912,1.45922,1.45912,1.4592,124.0
2024-04-01 03:59:00,FX:EURCAD,1.4592,1.4592800000000001,1.4592,1.4592500000000002,89.0
2024-04-01 04:00:00,FX:EURCAD,1.4592500000000002,1.45927,1.4590400000000001,1.45905,118.0
2024-04-01 04:01:00,FX:EURCAD,1.45905,1.45922,1.45905,1.45922,105.0
2024-04-01 04:02:00,FX:EURCAD,1.45922,1.45923,1.4591100000000001,1.45914,136.0
2024-04-01 04:03:00,FX:EURCAD,1.45914,1.45914,1.45898,1.4590400000000001,108.0
2024-04-01 04:04:00,FX:EURCAD,1.4590400000000001,1.45919,1.4590100000000001,1.45919,108.0
2024-04-01 04:05:00,FX:EURCAD,1.45919,1.45922,1.45914,1.45922,83.0
2024-04-01 04:06:00,FX:EURCAD,1.45922,1.45922,1.4591100000000001,1.45912,62.0
2024-04-01 04:07:00,FX:EURCAD,1.45912,1.4593,1.4591100000000001,1.45929,136.0
2024-04-01 04:08:00,FX:EURCAD,1.45929,1.45943,1.45929,1.4594,94.0
2024-04-01 04:09:00,FX:EURCAD,1.4594,1.4594500000000001,1.4593800000000001,1.45939,82.0
2024-04-01 04:10:00,FX:EURCAD,1.45939,1.45948,1.45939,1.45943,106.0
2024-04-01 04:11:00,FX:EURCAD,1.45943,1.4595,1.4593,1.4593,124.0
2024-04-01 04:12:00,FX:EURCAD,1.4593,1.45934,1.4593,1.45933,65.0
2024-04-01 04:13:00,FX:EURCAD,1.45933,1.45948,1.45932,1.45948,120.0
2024-04-01 04:14:00,FX:EURCAD,1.45948,1.4596200000000001,1.45944,1.45954,130.0
2024-04-01 04:15:00,FX:EURCAD,1.45954,1.4597900000000001,1.45954,1.45978,156.0
2024-04-01 04:16:00,FX:EURCAD,1.45978,1.4597900000000001,1.45966,1.4597,96.0
2024-04-01 04:17:00,FX:EURCAD,1.4597,1.45985,1.4596900000000002,1.45985,111.0
2024-04-01 04:18:00,FX:EURCAD,1.45985,1.45997,1.4598200000000001,1.45997,96.0
2024-04-01 04:19:00,FX:EURCAD,1.45997,1.46005,1.45993,1.45993,116.0
2024-04-01 04:20:00,FX:EURCAD,1.45993,1.45994,1.4597900000000001,1.4598,129.0
2024-04-01 04:21:00,FX:EURCAD,1.4598,1.45985,1.45974,1.45985,131.0
2024-04-01 04:22:00,FX:EURCAD,1.45985,1.4598600000000002,1.45973,1.45976,88.0
2024-04-01 04:23:00,FX:EURCAD,1.45976,1.45983,1.45975,1.4597900000000001,91.0
2024-04-01 04:24:00,FX:EURCAD,1.4597900000000001,1.45981,1.4597200000000001,1.45975,107.0
2024-04-01 04:25:00,FX:EURCAD,1.45975,1.45977,1.4596500000000001,1.45967,137.0
2024-04-01 04:26:00,FX:EURCAD,1.45967,1.45967,1.45947,1.45947,125.0
2024-04-01 04:27:00,FX:EURCAD,1.45947,1.45954,1.4594500000000001,1.4595200000000002,119.0
2024-04-01 04:28:00,FX:EURCAD,1.4595200000000002,1.45956,1.45946,1.45949,128.0
2024-04-01 04:29:00,FX:EURCAD,1.45949,1.45957,1.45948,1.45953,92.0
2024-04-01 04:30:00,FX:EURCAD,1.45953,1.45958,1.45949,1.45951,82.0
2024-04-01 04:31:00,FX:EURCAD,1.45951,1.45956,1.45947,1.45954,112.0
2024-04-01 04:32:00,FX:EURCAD,1.45954,1.4595500000000001,1.45947,1.45954,73.0
2024-04-01 04:33:00,FX:EURCAD,1.45954,1.45954,1.45941,1.45951,102.0
2024-04-01 04:34:00,FX:EURCAD,1.45951,1.45954,1.45948,1.45948,56.0
2024-04-01 04:35:00,FX:EURCAD,1.45948,1.45954,1.45948,1.4595200000000002,62.0
2024-04-01 04:36:00,FX:EURCAD,1.4595200000000002,1.45958,1.4595200000000002,1.4595500000000001,56.0
2024-04-01 04:37:00,FX:EURCAD,1.4595500000000001,1.45966,1.45954,1.45961,64.0
2024-04-01 04:38:00,FX:EURCAD,1.45961,1.45961,1.45953,1.45956,143.0
2024-04-01 04:39:00,FX:EURCAD,1.45956,1.45966,1.45956,1.45963,101.0
2024-04-01 04:40:00,FX:EURCAD,1.45963,1.45968,1.4596,1.45968,126.0
2024-04-01 04:41:00,FX:EURCAD,1.45968,1.45977,1.4596200000000001,1.45974,110.0
2024-04-01 04:42:00,FX:EURCAD,1.45974,1.45977,1.45971,1.45977,126.0
2024-04-01 04:43:00,FX:EURCAD,1.45977,1.45978,1.45966,1.45968,98.0
2024-04-01 04:44:00,FX:EURCAD,1.45968,1.45975,1.45961,1.45966,88.0
2024-04-01 04:45:00,FX:EURCAD,1.45966,1.4597900000000001,1.45964,1.45978,90.0
2024-04-01 04:46:00,FX:EURCAD,1.45978,1.45985,1.45975,1.45985,56.0
2024-04-01 04:47:00,FX:EURCAD,1.45985,1.45988,1.45973,1.45983,121.0
2024-04-01 04:48:00,FX:EURCAD,1.45983,1.45987,1.4597900000000001,1.45984,120.0
2024-04-01 04:49:00,FX:EURCAD,1.45984,1.45988,1.45983,1.45988,70.0
2024-04-01 04:50:00,FX:EURCAD,1.45988,1.45998,1.4598600000000002,1.4599600000000001,138.0
2024-04-01 04:51:00,FX:EURCAD,1.4599600000000001,1.45998,1.4599,1.45993,117.0
2024-04-01 04:52:00,FX:EURCAD,1.45993,1.45995,1.45983,1.45987,137.0
2024-04-01 04:53:00,FX:EURCAD,1.45987,1.45988,1.45973,1.45978,137.0
2024-04-01 04:54:00,FX:EURCAD,1.45978,1.45984,1.45973,1.45974,51.0
2024-04-01 04:55:00,FX:EURCAD,1.45974,1.4598,1.4597,1.4597200000000001,72.0
2024-04-01 04:56:00,FX:EURCAD,1.4597200000000001,1.45974,1.4596500000000001,1.4597200000000001,64.0
2024-04-01 04:57:00,FX:EURCAD,1.4597200000000001,1.45973,1.45963,1.45968,58.0
2024-04-01 04:58:00,FX:EURCAD,1.45968,1.4597900000000001,1.45966,1.45968,79.0
2024-04-01 04:59:00,FX:EURCAD,1.45968,1.45975,1.45968,1.4596900000000002,69.0
2024-04-01 05:00:00,FX:EURCAD,1.4596900000000002,1.4597200000000001,1.45961,1.4596500000000001,86.0
2024-04-01 05:01:00,FX:EURCAD,1.4596500000000001,1.4597,1.4596200000000001,1.45966,102.0
2024-04-01 05:02:00,FX:EURCAD,1.45966,1.45966,1.4595500000000001,1.45964,94.0
2024-04-01 05:03:00,FX:EURCAD,1.45964,1.45964,1.45956,1.4596,69.0
2024-04-01 05:04:00,FX:EURCAD,1.4596,1.45964,1.4595900000000002,1.4596200000000001,81.0
2024-04-01 05:05:00,FX:EURCAD,1.4596200000000001,1.45963,1.4595200000000002,1.45963,111.0
2024-04-01 05:06:00,FX:EURCAD,1.45963,1.4596500000000001,1.45954,1.45954,84.0
2024-04-01 05:07:00,FX:EURCAD,1.45954,1.45957,1.45948,1.45951,80.0
2024-04-01 05:08:00,FX:EURCAD,1.45951,1.45963,1.45951,1.45963,89.0
2024-04-01 05:09:00,FX:EURCAD,1.45963,1.45968,1.45961,1.4596500000000001,98.0
2024-04-01 05:10:00,FX:EURCAD,1.4596500000000001,1.4596500000000001,1.45951,1.4595200000000002,136.0
2024-04-01 05:11:00,FX:EURCAD,1.4595200000000002,1.45954,1.45951,1.4595200000000002,85.0
2024-04-01 05:12:00,FX:EURCAD,1.4595200000000002,1.45953,1.4595,1.4595200000000002,62.0
2024-04-01 05:13:00,FX:EURCAD,1.4595200000000002,1.45954,1.45946,1.4595200000000002,97.0
2024-04-01 05:14:00,FX:EURCAD,1.4595200000000002,1.45953,1.45929,1.45929,114.0
2024-04-01 05:15:00,FX:EURCAD,1.45929,1.4593500000000001,1.45923,1.4593500000000001,93.0
2024-04-01 05:16:00,FX:EURCAD,1.4593500000000001,1.45941,1.45932,1.45937,67.0
2024-04-01 05:17:00,FX:EURCAD,1.45937,1.4593800000000001,1.4593,1.45934,85.0
2024-04-01 05:18:00,FX:EURCAD,1.45934,1.4594200000000002,1.45933,1.4594,104.0
2024-04-01 05:19:00,FX:EURCAD,1.4594,1.4594200000000002,1.45937,1.4594,74.0
2024-04-01 05:20:00,FX:EURCAD,1.4594,1.45949,1.45939,1.45948,44.0
2024-04-01 05:21:00,FX:EURCAD,1.45948,1.45948,1.45939,1.45943,55.0
2024-04-01 05:22:00,FX:EURCAD,1.45943,1.45954,1.45943,1.45944,117.0
2024-04-01 05:23:00,FX:EURCAD,1.45944,1.4595200000000002,1.45944,1.45948,100.0
2024-04-01 05:24:00,FX:EURCAD,1.45948,1.45953,1.45943,1.45948,124.0
2024-04-01 05:25:00,FX:EURCAD,1.45948,1.45956,1.45947,1.4595500000000001,84.0
2024-04-01 05:26:00,FX:EURCAD,1.4595500000000001,1.45961,1.45949,1.45949,118.0
2024-04-01 05:27:00,FX:EURCAD,1.45949,1.4595,1.45939,1.45943,119.0
2024-04-01 05:28:00,FX:EURCAD,1.45943,1.4594500000000001,1.45936,1.4593800000000001,100.0
2024-04-01 05:29:00,FX:EURCAD,1.4593800000000001,1.45946,1.4593,1.4593,131.0
2024-04-01 05:30:00,FX:EURCAD,1.4593,1.4594200000000002,1.4593,1.45939,87.0
2024-04-01 05:31:00,FX:EURCAD,1.45939,1.45939,1.45929,1.4593,91.0
2024-04-01 05:32:00,FX:EURCAD,1.4593,1.45941,1.4593,1.4593,121.0
2024-04-01 05:33:00,FX:EURCAD,1.4593,1.45941,1.4593,1.45934,74.0
2024-04-01 05:34:00,FX:EURCAD,1.45934,1.45936,1.45929,1.45929,90.0
2024-04-01 05:35:00,FX:EURCAD,1.45929,1.45931,1.45927,1.45927,119.0
2024-04-01 05:36:00,FX:EURCAD,1.45927,1.4593,1.4592500000000002,1.4592800000000001,74.0
2024-04-01 05:37:00,FX:EURCAD,1.4592800000000001,1.45939,1.4592800000000001,1.45933,97.0
2024-04-01 05:38:00,FX:EURCAD,1.45933,1.45948,1.45933,1.4594200000000002,104.0
2024-04-01 05:39:00,FX:EURCAD,1.4594200000000002,1.45944,1.45934,1.45934,64.0
2024-04-01 05:40:00,FX:EURCAD,1.45934,1.45948,1.45934,1.45946,115.0
2024-04-01 05:41:00,FX:EURCAD,1.45946,1.45954,1.45939,1.45953,130.0
2024-04-01 05:42:00,FX:EURCAD,1.45953,1.45953,1.45943,1.45946,73.0
2024-04-01 05:43:00,FX:EURCAD,1.45946,1.45948,1.45939,1.45941,109.0
2024-04-01 05:44:00,FX:EURCAD,1.45941,1.45941,1.45929,1.45933,102.0
2024-04-01 05:45:00,FX:EURCAD,1.45933,1.45936,1.4592800000000001,1.45929,67.0
2024-04-01 05:46:00,FX:EURCAD,1.45929,1.45936,1.45924,1.45932,89.0
2024-04-01 05:47:00,FX:EURCAD,1.45932,1.45932,1.4592100000000001,1.45929,51.0
2024-04-01 05:48:00,FX:EURCAD,1.45929,1.4593800000000001,1.45929,1.4593500000000001,59.0
2024-04-01 05:49:00,FX:EURCAD,1.4593500000000001,1.4594,1.45932,1.4593500000000001,48.0
2024-04-01 05:50:00,FX:EURCAD,1.4593500000000001,1.45946,1.45933,1.45937,89.0
2024-04-01 05:51:00,FX:EURCAD,1.45937,1.4594,1.45934,1.45934,99.0
2024-04-01 05:52:00,FX:EURCAD,1.45934,1.45936,1.45931,1.45931,35.0
2024-04-01 05:53:00,FX:EURCAD,1.45931,1.45934,1.4592800000000001,1.45933,90.0
2024-04-01 05:54:00,FX:EURCAD,1.45933,1.45934,1.45922,1.45922,71.0
2024-04-01 05:55:00,FX:EURCAD,1.45922,1.45926,1.45915,1.4592500000000002,72.0
2024-04-01 05:56:00,FX:EURCAD,1.4592500000000002,1.4593500000000001,1.45922,1.45929,107.0
2024-04-01 05:57:00,FX:EURCAD,1.45929,1.4593500000000001,1.45923,1.45927,62.0
2024-04-01 05:58:00,FX:EURCAD,1.45927,1.45936,1.45924,1.4592800000000001,110.0
2024-04-01 05:59:00,FX:EURCAD,1.4592800000000001,1.4593800000000001,1.45927,1.45931,114.0
2024-04-01 06:00:00,FX:EURCAD,1.45931,1.45934,1.45924,1.45927,132.0
2024-04-01 06:01:00,FX:EURCAD,1.45927,1.45937,1.45924,1.45937,158.0
2024-04-01 06:02:00,FX:EURCAD,1.45937,1.45937,1.45926,1.4592800000000001,173.0
2024-04-01 06:03:00,FX:EURCAD,1.4592800000000001,1.45934,1.4592100000000001,1.45924,113.0
2024-04-01 06:04:00,FX:EURCAD,1.45924,1.4593500000000001,1.45923,1.45933,116.0
2024-04-01 06:05:00,FX:EURCAD,1.45933,1.45933,1.45912,1.45913,140.0
2024-04-01 06:06:00,FX:EURCAD,1.45913,1.45913,1.45899,1.4590400000000001,105.0
2024-04-01 06:07:00,FX:EURCAD,1.4590400000000001,1.45916,1.45903,1.45913,102.0
2024-04-01 06:08:00,FX:EURCAD,1.45913,1.45919,1.45907,1.4591100000000001,104.0
2024-04-01 06:09:00,FX:EURCAD,1.4591100000000001,1.45922,1.45906,1.45909,148.0
2024-04-01 06:10:00,FX:EURCAD,1.45909,1.45915,1.45903,1.45905,125.0
2024-04-01 06:11:00,FX:EURCAD,1.45905,1.4590800000000002,1.45902,1.45905,90.0
2024-04-01 06:12:00,FX:EURCAD,1.45905,1.45906,1.45902,1.4590400000000001,50.0
2024-04-01 06:13:00,FX:EURCAD,1.4590400000000001,1.45906,1.4590400000000001,1.4590400000000001,62.0
2024-04-01 06:14:00,FX:EURCAD,1.4590400000000001,1.4591,1.4590400000000001,1.4590800000000002,74.0
2024-04-01 06:15:00,FX:EURCAD,1.4590800000000002,1.4593,1.4590800000000002,1.4592100000000001,104.0
2024-04-01 06:16:00,FX:EURCAD,1.4592100000000001,1.45927,1.45917,1.45919,99.0
2024-04-01 06:17:00,FX:EURCAD,1.45919,1.45924,1.45915,1.45919,113.0
2024-04-01 06:18:00,FX:EURCAD,1.45919,1.4592100000000001,1.45909,1.4591,76.0
2024-04-01 06:19:00,FX:EURCAD,1.4591,1.45914,1.45907,1.45914,79.0
2024-04-01 06:20:00,FX:EURCAD,1.45914,1.4592100000000001,1.45913,1.4592,62.0
2024-04-01 06:21:00,FX:EURCAD,1.4592,1.45923,1.4591,1.45917,82.0
2024-04-01 06:22:00,FX:EURCAD,1.45917,1.45927,1.45912,1.45916,90.0
2024-04-01 06:23:00,FX:EURCAD,1.45916,1.45922,1.45913,1.4592,92.0
2024-04-01 06:24:00,FX:EURCAD,1.4592,1.4592100000000001,1.45914,1.45917,71.0
2024-04-01 06:25:00,FX:EURCAD,1.45917,1.45924,1.45915,1.45923,118.0
2024-04-01 06:26:00,FX:EURCAD,1.45923,1.45932,1.4592,1.45927,138.0
2024-04-01 06:27:00,FX:EURCAD,1.45927,1.45929,1.45924,1.4592500000000002,93.0
2024-04-01 06:28:00,FX:EURCAD,1.4592500000000002,1.45933,1.4592500000000002,1.4592800000000001,88.0
2024-04-01 06:29:00,FX:EURCAD,1.4592800000000001,1.45937,1.4592500000000002,1.45933,111.0
2024-04-01 06:30:00,FX:EURCAD,1.45933,1.4593800000000001,1.45933,1.4593800000000001,90.0
2024-04-01 06:31:00,FX:EURCAD,1.4593800000000001,1.45951,1.45936,1.4594500000000001,104.0
2024-04-01 06:32:00,FX:EURCAD,1.4594500000000001,1.4595200000000002,1.45941,1.4595200000000002,127.0
2024-04-01 06:33:00,FX:EURCAD,1.4595200000000002,1.4596,1.45951,1.4595500000000001,112.0
2024-04-01 06:34:00,FX:EURCAD,1.4595500000000001,1.45961,1.45954,1.4596,85.0
2024-04-01 06:35:00,FX:EURCAD,1.4596,1.45966,1.45958,1.4596200000000001,145.0
2024-04-01 06:36:00,FX:EURCAD,1.4596200000000001,1.4596900000000002,1.4596200000000001,1.45966,123.0
2024-04-01 06:37:00,FX:EURCAD,1.45966,1.45981,1.45966,1.45981,99.0
2024-04-01 06:38:00,FX:EURCAD,1.45981,1.45985,1.4598,1.4598200000000001,50.0
2024-04-01 06:39:00,FX:EURCAD,1.4598200000000001,1.45985,1.45968,1.45971,105.0
2024-04-01 06:40:00,FX:EURCAD,1.45971,1.45974,1.4596500000000001,1.45968,119.0
2024-04-01 06:41:00,FX:EURCAD,1.45968,1.45974,1.45966,1.45971,96.0
2024-04-01 06:42:00,FX:EURCAD,1.45971,1.4597200000000001,1.45966,1.4596900000000002,44.0
2024-04-01 06:43:00,FX:EURCAD,1.4596900000000002,1.45971,1.45964,1.4596500000000001,85.0
2024-04-01 06:44:00,FX:EURCAD,1.4596500000000001,1.45966,1.45961,1.4596200000000001,30.0
2024-04-01 06:45:00,FX:EURCAD,1.4596200000000001,1.4596900000000002,1.4596,1.4596,87.0
2024-04-01 06:46:00,FX:EURCAD,1.4596,1.4596200000000001,1.4595900000000002,1.4596200000000001,47.0
2024-04-01 06:47:00,FX:EURCAD,1.4596200000000001,1.4596200000000001,1.45958,1.45958,37.0
2024-04-01 06:48:00,FX:EURCAD,1.45958,1.4596200000000001,1.45954,1.45961,66.0
2024-04-01 06:49:00,FX:EURCAD,1.45961,1.45966,1.4595900000000002,1.45963,75.0
2024-04-01 06:50:00,FX:EURCAD,1.45963,1.4597,1.45961,1.45964,131.0
2024-04-01 06:51:00,FX:EURCAD,1.45964,1.4596900000000002,1.4595500000000001,1.45963,146.0
2024-04-01 06:52:00,FX:EURCAD,1.45963,1.45967,1.45953,1.45954,112.0
2024-04-01 06:53:00,FX:EURCAD,1.45954,1.4595500000000001,1.4595,1.45954,53.0
2024-04-01 06:54:00,FX:EURCAD,1.45954,1.45957,1.4595,1.4595,58.0
2024-04-01 06:55:00,FX:EURCAD,1.4595,1.4595200000000002,1.45949,1.4595,46.0
2024-04-01 06:56:00,FX:EURCAD,1.4595,1.45958,1.4595,1.45954,93.0
2024-04-01 06:57:00,FX:EURCAD,1.45954,1.4596,1.45953,1.4595500000000001,119.0
2024-04-01 06:58:00,FX:EURCAD,1.4595500000000001,1.45964,1.4595500000000001,1.45961,61.0
2024-04-01 06:59:00,FX:EURCAD,1.45961,1.45976,1.4596,1.45975,69.0
2024-04-01 07:00:00,FX:EURCAD,1.45975,1.45978,1.45953,1.45953,149.0
2024-04-01 07:01:00,FX:EURCAD,1.45953,1.4596200000000001,1.45951,1.4596,92.0
2024-04-01 07:02:00,FX:EURCAD,1.4596,1.4596900000000002,1.4595900000000002,1.45964,157.0
2024-04-01 07:03:00,FX:EURCAD,1.45964,1.45971,1.4596200000000001,1.45963,120.0
2024-04-01 07:04:00,FX:EURCAD,1.45963,1.4596900000000002,1.4596,1.4596200000000001,115.0
2024-04-01 07:05:00,FX:EURCAD,1.4596200000000001,1.45974,1.45961,1.45971,129.0
2024-04-01 07:06:00,FX:EURCAD,1.45971,1.4598900000000001,1.45971,1.45983,144.0
2024-04-01 07:07:00,FX:EURCAD,1.45983,1.45987,1.45983,1.45985,90.0
2024-04-01 07:08:00,FX:EURCAD,1.45985,1.4598900000000001,1.45984,1.45987,80.0
2024-04-01 07:09:00,FX:EURCAD,1.45987,1.46002,1.4598600000000002,1.46,134.0
2024-04-01 07:10:00,FX:EURCAD,1.46,1.46012,1.4599900000000001,1.4599900000000001,107.0
2024-04-01 07:11:00,FX:EURCAD,1.4599900000000001,1.46009,1.4599900000000001,1.46009,122.0
2024-04-01 07:12:00,FX:EURCAD,1.46009,1.46009,1.46,1.46001,125.0
2024-04-01 07:13:00,FX:EURCAD,1.46001,1.4602000000000002,1.46001,1.4602000000000002,143.0
2024-04-01 07:14:00,FX:EURCAD,1.4602000000000002,1.46024,1.46018,1.46022,99.0
2024-04-01 07:15:00,FX:EURCAD,1.46022,1.4602600000000001,1.46017,1.4602000000000002,120.0
2024-04-01 07:16:00,FX:EURCAD,1.4602000000000002,1.46028,1.46018,1.4602600000000001,72.0
2024-04-01 07:17:00,FX:EURCAD,1.4602600000000001,1.46027,1.46018,1.4602300000000001,92.0
2024-04-01 07:18:00,FX:EURCAD,1.4602300000000001,1.46024,1.4599900000000001,1.4599900000000001,107.0
2024-04-01 07:19:00,FX:EURCAD,1.4599900000000001,1.4602600000000001,1.45997,1.46017,112.0
2024-04-01 07:20:00,FX:EURCAD,1.46017,1.46019,1.4601300000000001,1.46017,119.0
2024-04-01 07:21:00,FX:EURCAD,1.46017,1.4603300000000001,1.46017,1.4603000000000002,79.0
2024-04-01 07:22:00,FX:EURCAD,1.4603000000000002,1.46032,1.46027,1.46029,63.0
2024-04-01 07:23:00,FX:EURCAD,1.46029,1.46035,1.4602600000000001,1.46028,83.0
2024-04-01 07:24:00,FX:EURCAD,1.46028,1.46037,1.46028,1.46032,58.0
2024-04-01 07:25:00,FX:EURCAD,1.46032,1.46032,1.46022,1.46024,103.0
2024-04-01 07:26:00,FX:EURCAD,1.46024,1.46024,1.46017,1.4602000000000002,83.0
2024-04-01 07:27:00,FX:EURCAD,1.4602000000000002,1.46025,1.46017,1.4602300000000001,64.0
2024-04-01 07:28:00,FX:EURCAD,1.4602300000000001,1.46041,1.4602300000000001,1.46037,81.0
2024-04-01 07:29:00,FX:EURCAD,1.46037,1.4604700000000002,1.46035,1.46045,90.0
2024-04-01 07:30:00,FX:EURCAD,1.46045,1.46059,1.46044,1.46059,142.0
2024-04-01 07:31:00,FX:EURCAD,1.46059,1.46066,1.46056,1.46066,115.0
2024-04-01 07:32:00,FX:EURCAD,1.46066,1.4611100000000001,1.46066,1.4611,185.0
2024-04-01 07:33:00,FX:EURCAD,1.4611,1.46112,1.46097,1.46107,227.0
2024-04-01 07:34:00,FX:EURCAD,1.46107,1.46119,1.46105,1.4611800000000001,122.0
2024-04-01 07:35:00,FX:EURCAD,1.4611800000000001,1.46126,1.46112,1.4612500000000002,127.0
2024-04-01 07:36:00,FX:EURCAD,1.4612500000000002,1.4613,1.4611800000000001,1.4612,115.0
2024-04-01 07:37:00,FX:EURCAD,1.4612,1.46133,1.46119,1.4612800000000001,101.0
2024-04-01 07:38:00,FX:EURCAD,1.4612800000000001,1.46131,1.4612100000000001,1.46123,123.0
2024-04-01 07:39:00,FX:EURCAD,1.46123,1.46124,1.46116,1.4612100000000001,93.0
2024-04-01 07:40:00,FX:EURCAD,1.4612100000000001,1.46123,1.46117,1.4611800000000001,67.0
2024-04-01 07:41:00,FX:EURCAD,1.4611800000000001,1.46124,1.46115,1.46119,70.0
2024-04-01 07:42:00,FX:EURCAD,1.46119,1.4612,1.46092,1.46092,118.0
2024-04-01 07:43:00,FX:EURCAD,1.46092,1.4611100000000001,1.46092,1.4610800000000002,120.0
2024-04-01 07:44:00,FX:EURCAD,1.4610800000000002,1.4611100000000001,1.461,1.4610100000000001,94.0
2024-04-01 07:45:00,FX:EURCAD,1.4610100000000001,1.46109,1.461,1.46107,101.0
2024-04-01 07:46:00,FX:EURCAD,1.46107,1.46117,1.461,1.46115,110.0
2024-04-01 07:47:00,FX:EURCAD,1.46115,1.46115,1.46109,1.46114,77.0
2024-04-01 07:48:00,FX:EURCAD,1.46114,1.46117,1.46106,1.4610800000000002,78.0
2024-04-01 07:49:00,FX:EURCAD,1.4610800000000002,1.46113,1.46106,1.46107,107.0
2024-04-01 07:50:00,FX:EURCAD,1.46107,1.46113,1.46105,1.46113,99.0
2024-04-01 07:51:00,FX:EURCAD,1.46113,1.4611800000000001,1.46109,1.4611,78.0
2024-04-01 07:52:00,FX:EURCAD,1.4611,1.46113,1.46105,1.46113,115.0
2024-04-01 07:53:00,FX:EURCAD,1.46113,1.46115,1.461,1.461,105.0
2024-04-01 07:54:00,FX:EURCAD,1.461,1.46115,1.46099,1.46113,106.0
2024-04-01 07:55:00,FX:EURCAD,1.46113,1.46119,1.46107,1.46116,104.0
2024-04-01 07:56:00,FX:EURCAD,1.46116,1.46126,1.46115,1.4612500000000002,115.0
2024-04-01 07:57:00,FX:EURCAD,1.4612500000000002,1.4613500000000001,1.46116,1.46127,154.0
2024-04-01 07:58:00,FX:EURCAD,1.46127,1.4613500000000001,1.4612500000000002,1.46132,132.0
2024-04-01 07:59:00,FX:EURCAD,1.46132,1.4613500000000001,1.46123,1.4612800000000001,148.0
2024-04-01 08:00:00,FX:EURCAD,1.4612800000000001,1.4614800000000001,1.4612800000000001,1.46139,169.0
2024-04-01 08:01:00,FX:EURCAD,1.46139,1.46144,1.46126,1.4614200000000002,180.0
2024-04-01 08:02:00,FX:EURCAD,1.4614200000000002,1.4616,1.4614200000000002,1.46153,168.0
2024-04-01 08:03:00,FX:EURCAD,1.46153,1.46161,1.46149,1.46161,119.0
2024-04-01 08:04:00,FX:EURCAD,1.46161,1.46187,1.46159,1.46175,138.0
2024-04-01 08:05:00,FX:EURCAD,1.46175,1.46188,1.46174,1.46185,149.0
2024-04-01 08:06:00,FX:EURCAD,1.46185,1.4622,1.46185,1.46218,182.0
2024-04-01 08:07:00,FX:EURCAD,1.46218,1.4624300000000001,1.46212,1.4621600000000001,193.0
2024-04-01 08:08:00,FX:EURCAD,1.4621600000000001,1.4622600000000001,1.4620900000000001,1.4621,180.0
2024-04-01 08:09:00,FX:EURCAD,1.4621,1.46217,1.46198,1.46201,283.0
2024-04-01 08:10:00,FX:EURCAD,1.46201,1.4621,1.4618900000000001,1.46202,244.0
2024-04-01 08:11:00,FX:EURCAD,1.46202,1.46205,1.46183,1.46185,237.0
2024-04-01 08:12:00,FX:EURCAD,1.46185,1.46193,1.46175,1.46192,149.0
2024-04-01 08:13:00,FX:EURCAD,1.46192,1.46194,1.4617,1.46174,209.0
2024-04-01 08:14:00,FX:EURCAD,1.46174,1.4617900000000001,1.4616,1.46176,200.0
2024-04-01 08:15:00,FX:EURCAD,1.46176,1.46188,1.46173,1.4618600000000002,174.0
2024-04-01 08:16:00,FX:EURCAD,1.4618600000000002,1.46195,1.46184,1.46193,195.0
2024-04-01 08:17:00,FX:EURCAD,1.46193,1.46219,1.46193,1.46219,94.0
2024-04-01 08:18:00,FX:EURCAD,1.46219,1.4622600000000001,1.46214,1.46225,106.0
2024-04-01 08:19:00,FX:EURCAD,1.46225,1.46237,1.46222,1.46228,166.0
2024-04-01 08:20:00,FX:EURCAD,1.46228,1.46228,1.46207,1.46208,232.0
2024-04-01 08:21:00,FX:EURCAD,1.46208,1.4621600000000001,1.4618600000000002,1.46201,191.0
2024-04-01 08:22:00,FX:EURCAD,1.46201,1.46214,1.46201,1.4621300000000002,155.0
2024-04-01 08:23:00,FX:EURCAD,1.4621300000000002,1.4622300000000001,1.46208,1.4622,265.0
2024-04-01 08:24:00,FX:EURCAD,1.4622,1.46232,1.4621300000000002,1.46219,204.0
2024-04-01 08:25:00,FX:EURCAD,1.46219,1.4623300000000001,1.462,1.462,217.0
2024-04-01 08:26:00,FX:EURCAD,1.462,1.46205,1.4617900000000001,1.46197,195.0
2024-04-01 08:27:00,FX:EURCAD,1.46197,1.46208,1.4619,1.4619600000000001,196.0
2024-04-01 08:28:00,FX:EURCAD,1.4619600000000001,1.46208,1.4618900000000001,1.46207,139.0
2024-04-01 08:29:00,FX:EURCAD,1.46207,1.46225,1.46205,1.4622300000000001,162.0
2024-04-01 08:30:00,FX:EURCAD,1.4622300000000001,1.4623300000000001,1.4621600000000001,1.46229,153.0
2024-04-01 08:31:00,FX:EURCAD,1.46229,1.4624000000000001,1.4622,1.46239,160.0
2024-04-01 08:32:00,FX:EURCAD,1.46239,1.46239,1.46225,1.46227,150.0
2024-04-01 08:33:00,FX:EURCAD,1.46227,1.46241,1.4622600000000001,1.46231,158.0
2024-04-01 08:34:00,FX:EURCAD,1.46231,1.46246,1.4623000000000002,1.46231,178.0
2024-04-01 08:35:00,FX:EURCAD,1.46231,1.46232,1.46224,1.46231,124.0
2024-04-01 08:36:00,FX:EURCAD,1.46231,1.46242,1.4622,1.46235,131.0
2024-04-01 08:37:00,FX:EURCAD,1.46235,1.46236,1.46208,1.46215,189.0
2024-04-01 08:38:00,FX:EURCAD,1.46215,1.46238,1.46212,1.46236,168.0
2024-04-01 08:39:00,FX:EURCAD,1.46236,1.4625000000000001,1.4623300000000001,1.46241,154.0
2024-04-01 08:40:00,FX:EURCAD,1.46241,1.46261,1.46238,1.46241,182.0
2024-04-01 08:41:00,FX:EURCAD,1.46241,1.4624300000000001,1.46232,1.4624300000000001,172.0
2024-04-01 08:42:00,FX:EURCAD,1.4624300000000001,1.46259,1.46241,1.46254,205.0
2024-04-01 08:43:00,FX:EURCAD,1.46254,1.46268,1.46248,1.46254,185.0
2024-04-01 08:44:00,FX:EURCAD,1.46254,1.46255,1.4624000000000001,1.46244,218.0
2024-04-01 08:45:00,FX:EURCAD,1.46244,1.4624700000000002,1.46217,1.46228,192.0
2024-04-01 08:46:00,FX:EURCAD,1.46228,1.46254,1.46227,1.46248,168.0
2024-04-01 08:47:00,FX:EURCAD,1.46248,1.46256,1.46242,1.46256,172.0
2024-04-01 08:48:00,FX:EURCAD,1.46256,1.46256,1.46225,1.4624300000000001,150.0
2024-04-01 08:49:00,FX:EURCAD,1.4624300000000001,1.46244,1.46231,1.46238,106.0
2024-04-01 08:50:00,FX:EURCAD,1.46238,1.46238,1.46211,1.4622,141.0
2024-04-01 08:51:00,FX:EURCAD,1.4622,1.46221,1.4619,1.4619900000000001,118.0
2024-04-01 08:52:00,FX:EURCAD,1.4619900000000001,1.46207,1.4617900000000001,1.46181,140.0
2024-04-01 08:53:00,FX:EURCAD,1.46181,1.46207,1.46178,1.46198,139.0
2024-04-01 08:54:00,FX:EURCAD,1.46198,1.46202,1.4618900000000001,1.46197,124.0
2024-04-01 08:55:00,FX:EURCAD,1.46197,1.4620900000000001,1.46195,1.46205,120.0
2024-04-01 08:56:00,FX:EURCAD,1.46205,1.46205,1.4618900000000001,1.46191,93.0
2024-04-01 08:57:00,FX:EURCAD,1.46191,1.46191,1.4617200000000001,1.46185,133.0
2024-04-01 08:58:00,FX:EURCAD,1.46185,1.46187,1.46171,1.46173,127.0
2024-04-01 08:59:00,FX:EURCAD,1.46173,1.4619600000000001,1.4617200000000001,1.46188,157.0
2024-04-01 09:00:00,FX:EURCAD,1.46188,1.46188,1.4616200000000001,1.46184,188.0
2024-04-01 09:01:00,FX:EURCAD,1.46184,1.46185,1.46129,1.46131,238.0
2024-04-01 09:02:00,FX:EURCAD,1.46131,1.46132,1.46117,1.46119,167.0
2024-04-01 09:03:00,FX:EURCAD,1.46119,1.4614500000000001,1.4609100000000002,1.46143,282.0
2024-04-01 09:04:00,FX:EURCAD,1.46143,1.46147,1.46122,1.46139,264.0
2024-04-01 09:05:00,FX:EURCAD,1.46139,1.46151,1.46134,1.46141,242.0
2024-04-01 09:06:00,FX:EURCAD,1.46141,1.46154,1.46136,1.46151,204.0
2024-04-01 09:07:00,FX:EURCAD,1.46151,1.4615500000000001,1.46134,1.4613500000000001,193.0
2024-04-01 09:08:00,FX:EURCAD,1.4613500000000001,1.46149,1.46127,1.4614500000000001,174.0
2024-04-01 09:09:00,FX:EURCAD,1.4614500000000001,1.46149,1.4613500000000001,1.4614200000000002,162.0
2024-04-01 09:10:00,FX:EURCAD,1.4614200000000002,1.46146,1.4611800000000001,1.4613,173.0
2024-04-01 09:11:00,FX:EURCAD,1.4613,1.46132,1.46114,1.46117,155.0
2024-04-01 09:12:00,FX:EURCAD,1.46117,1.4612,1.46106,1.46116,182.0
2024-04-01 09:13:00,FX:EURCAD,1.46116,1.4612,1.46092,1.46093,176.0
2024-04-01 09:14:00,FX:EURCAD,1.46093,1.46096,1.46082,1.46095,146.0
2024-04-01 09:15:00,FX:EURCAD,1.46095,1.46098,1.46086,1.46097,168.0
2024-04-01 09:16:00,FX:EURCAD,1.46097,1.461,1.46066,1.4606700000000001,168.0
2024-04-01 09:17:00,FX:EURCAD,1.4606700000000001,1.46069,1.4605700000000001,1.46062,188.0
2024-04-01 09:18:00,FX:EURCAD,1.46062,1.46072,1.46058,1.46072,192.0
2024-04-01 09:19:00,FX:EURCAD,1.46072,1.46076,1.46062,1.4606400000000002,121.0
2024-04-01 09:20:00,FX:EURCAD,1.4606400000000002,1.46075,1.46052,1.46062,202.0
2024-04-01 09:21:00,FX:EURCAD,1.46062,1.46069,1.4605700000000001,1.46058,124.0
2024-04-01 09:22:00,FX:EURCAD,1.46058,1.46068,1.4604700000000002,1.46053,189.0
2024-04-01 09:23:00,FX:EURCAD,1.46053,1.4606400000000002,1.46041,1.46053,190.0
2024-04-01 09:24:00,FX:EURCAD,1.46053,1.46054,1.46037,1.46038,145.0
2024-04-01 09:25:00,FX:EURCAD,1.46038,1.46045,1.46025,1.46044,138.0
2024-04-01 09:26:00,FX:EURCAD,1.46044,1.4604700000000002,1.46032,1.46044,197.0
2024-04-01 09:27:00,FX:EURCAD,1.46044,1.46044,1.46018,1.4602000000000002,136.0
2024-04-01 09:28:00,FX:EURCAD,1.4602000000000002,1.46039,1.46019,1.46034,125.0
2024-04-01 09:29:00,FX:EURCAD,1.46034,1.46039,1.46024,1.4603000000000002,189.0
2024-04-01 09:30:00,FX:EURCAD,1.4603000000000002,1.46055,1.46011,1.46055,275.0
2024-04-01 09:31:00,FX:EURCAD,1.46055,1.46068,1.46036,1.46068,360.0
2024-04-01 09:32:00,FX:EURCAD,1.46068,1.46092,1.46062,1.46086,365.0
2024-04-01 09:33:00,FX:EURCAD,1.46086,1.46114,1.46085,1.46095,343.0
2024-04-01 09:34:00,FX:EURCAD,1.46095,1.46113,1.46093,1.46109,357.0
2024-04-01 09:35:00,FX:EURCAD,1.46109,1.46164,1.46109,1.46144,299.0
2024-04-01 09:36:00,FX:EURCAD,1.46144,1.46183,1.46144,1.4617900000000001,292.0
2024-04-01 09:37:00,FX:EURCAD,1.4617900000000001,1.4618,1.46136,1.4615200000000002,242.0
2024-04-01 09:38:00,FX:EURCAD,1.4615200000000002,1.46158,1.4613800000000001,1.4615200000000002,252.0
2024-04-01 09:39:00,FX:EURCAD,1.4615200000000002,1.46158,1.46143,1.46158,285.0
2024-04-01 09:40:00,FX:EURCAD,1.46158,1.46163,1.46136,1.46137,274.0
2024-04-01 09:41:00,FX:EURCAD,1.46137,1.46141,1.46113,1.46129,154.0
2024-04-01 09:42:00,FX:EURCAD,1.46129,1.46151,1.46127,1.46151,145.0
2024-04-01 09:43:00,FX:EURCAD,1.46151,1.46157,1.46136,1.46136,117.0
2024-04-01 09:44:00,FX:EURCAD,1.46136,1.46141,1.46116,1.46116,205.0
2024-04-01 09:45:00,FX:EURCAD,1.46116,1.4614800000000001,1.46106,1.46144,351.0
2024-04-01 09:46:00,FX:EURCAD,1.46144,1.46164,1.46137,1.46143,185.0
2024-04-01 09:47:00,FX:EURCAD,1.46143,1.46143,1.46105,1.46112,384.0
2024-04-01 09:48:00,FX:EURCAD,1.46112,1.46133,1.4610800000000002,1.4611800000000001,341.0
2024-04-01 09:49:00,FX:EURCAD,1.4611800000000001,1.4613500000000001,1.46112,1.4612500000000002,294.0
2024-04-01 09:50:00,FX:EURCAD,1.4612500000000002,1.46132,1.46109,1.46113,253.0
2024-04-01 09:51:00,FX:EURCAD,1.46113,1.46119,1.46086,1.46088,269.0
2024-04-01 09:52:00,FX:EURCAD,1.46088,1.46089,1.4604700000000002,1.46054,267.0
2024-04-01 09:53:00,FX:EURCAD,1.46054,1.46055,1.46031,1.46046,204.0
2024-04-01 09:54:00,FX:EURCAD,1.46046,1.46073,1.46042,1.46069,179.0
2024-04-01 09:55:00,FX:EURCAD,1.46069,1.46089,1.46059,1.46089,225.0
2024-04-01 09:56:00,FX:EURCAD,1.46089,1.4610400000000001,1.46079,1.46079,174.0
2024-04-01 09:57:00,FX:EURCAD,1.46079,1.4608700000000001,1.4606000000000001,1.4606000000000001,105.0
2024-04-01 09:58:00,FX:EURCAD,1.4606000000000001,1.4607400000000001,1.46039,1.4604000000000001,143.0
2024-04-01 09:59:00,FX:EURCAD,1.4604000000000001,1.4604700000000002,1.45997,1.45997,292.0
2024-04-01 10:00:00,FX:EURCAD,1.45997,1.4605000000000001,1.45914,1.4595,1376.0
2024-04-01 10:01:00,FX:EURCAD,1.4595,1.45963,1.4592800000000001,1.45948,567.0
2024-04-01 10:02:00,FX:EURCAD,1.45948,1.45956,1.45914,1.45919,520.0
2024-04-01 10:03:00,FX:EURCAD,1.45919,1.45919,1.4588,1.45909,657.0
2024-04-01 10:04:00,FX:EURCAD,1.45909,1.4593,1.45873,1.45889,653.0
2024-04-01 10:05:00,FX:EURCAD,1.45889,1.45902,1.4587,1.4587,611.0
2024-04-01 10:06:00,FX:EURCAD,1.4587,1.45871,1.4584300000000001,1.45849,527.0
2024-04-01 10:07:00,FX:EURCAD,1.45849,1.45892,1.45848,1.45873,524.0
2024-04-01 10:08:00,FX:EURCAD,1.45873,1.4589400000000001,1.4585700000000001,1.45892,492.0
2024-04-01 10:09:00,FX:EURCAD,1.45892,1.4589400000000001,1.4584000000000001,1.45846,326.0
2024-04-01 10:10:00,FX:EURCAD,1.45846,1.45846,1.45787,1.4579600000000001,360.0
2024-04-01 10:11:00,FX:EURCAD,1.4579600000000001,1.45822,1.4578900000000001,1.45804,256.0
2024-04-01 10:12:00,FX:EURCAD,1.45804,1.45829,1.45795,1.4582600000000001,282.0
2024-04-01 10:13:00,FX:EURCAD,1.4582600000000001,1.45849,1.4582000000000002,1.45848,366.0
2024-04-01 10:14:00,FX:EURCAD,1.45848,1.45876,1.4584000000000001,1.45876,366.0
2024-04-01 10:15:00,FX:EURCAD,1.45876,1.45898,1.4586400000000002,1.45896,427.0
2024-04-01 10:16:00,FX:EURCAD,1.45896,1.45896,1.4586400000000002,1.45875,450.0
2024-04-01 10:17:00,FX:EURCAD,1.45875,1.45883,1.45852,1.45855,381.0
2024-04-01 10:18:00,FX:EURCAD,1.45855,1.45866,1.4584700000000002,1.45865,208.0
2024-04-01 10:19:00,FX:EURCAD,1.45865,1.45903,1.45865,1.45892,275.0
2024-04-01 10:20:00,FX:EURCAD,1.45892,1.45916,1.4589,1.45893,242.0
2024-04-01 10:21:00,FX:EURCAD,1.45893,1.4591,1.45883,1.45906,241.0
2024-04-01 10:22:00,FX:EURCAD,1.45906,1.45919,1.459,1.45905,189.0
2024-04-01 10:23:00,FX:EURCAD,1.45905,1.45926,1.45897,1.4590100000000001,233.0
2024-04-01 10:24:00,FX:EURCAD,1.4590100000000001,1.45903,1.4586700000000001,1.4587400000000001,207.0
2024-04-01 10:25:00,FX:EURCAD,1.4587400000000001,1.45895,1.4587,1.45876,234.0
2024-04-01 10:26:00,FX:EURCAD,1.45876,1.45876,1.4585700000000001,1.45866,208.0
2024-04-01 10:27:00,FX:EURCAD,1.45866,1.4588,1.45862,1.45876,168.0
2024-04-01 10:28:00,FX:EURCAD,1.45876,1.4588,1.4587,1.45878,204.0
2024-04-01 10:29:00,FX:EURCAD,1.45878,1.45879,1.45865,1.45878,124.0
2024-04-01 10:30:00,FX:EURCAD,1.45878,1.45927,1.45878,1.45923,175.0
2024-04-01 10:31:00,FX:EURCAD,1.45923,1.4594500000000001,1.4592100000000001,1.45943,128.0
2024-04-01 10:32:00,FX:EURCAD,1.45943,1.45948,1.45914,1.45923,296.0
2024-04-01 10:33:00,FX:EURCAD,1.45923,1.45936,1.45917,1.45929,269.0
2024-04-01 10:34:00,FX:EURCAD,1.45929,1.45946,1.45917,1.45933,264.0
2024-04-01 10:35:00,FX:EURCAD,1.45933,1.45933,1.45883,1.4589,242.0
2024-04-01 10:36:00,FX:EURCAD,1.4589,1.4589400000000001,1.45871,1.4587700000000001,191.0
2024-04-01 10:37:00,FX:EURCAD,1.4587700000000001,1.4589100000000002,1.45862,1.4589,232.0
2024-04-01 10:38:00,FX:EURCAD,1.4589,1.45914,1.4588700000000001,1.4591100000000001,253.0
2024-04-01 10:39:00,FX:EURCAD,1.4591100000000001,1.45927,1.45909,1.4591100000000001,287.0
2024-04-01 10:40:00,FX:EURCAD,1.4591100000000001,1.4591800000000001,1.45907,1.45912,253.0
2024-04-01 10:41:00,FX:EURCAD,1.45912,1.45915,1.45897,1.45899,184.0
2024-04-01 10:42:00,FX:EURCAD,1.45899,1.4590400000000001,1.45873,1.4588100000000002,250.0
2024-04-01 10:43:00,FX:EURCAD,1.4588100000000002,1.45889,1.4587400000000001,1.45879,281.0
2024-04-01 10:44:00,FX:EURCAD,1.45879,1.4589400000000001,1.45876,1.4588700000000001,226.0
2024-04-01 10:45:00,FX:EURCAD,1.4588700000000001,1.4589,1.45876,1.4588400000000001,362.0
2024-04-01 10:46:00,FX:EURCAD,1.4588400000000001,1.45917,1.45882,1.45906,266.0
2024-04-01 10:47:00,FX:EURCAD,1.45906,1.45917,1.45897,1.45898,188.0
2024-04-01 10:48:00,FX:EURCAD,1.45898,1.4590100000000001,1.45849,1.4586700000000001,323.0
2024-04-01 10:49:00,FX:EURCAD,1.4586700000000001,1.4587700000000001,1.45863,1.45865,226.0
2024-04-01 10:50:00,FX:EURCAD,1.45865,1.45879,1.4585000000000001,1.45852,314.0
2024-04-01 10:51:00,FX:EURCAD,1.45852,1.45861,1.45841,1.4585000000000001,284.0
2024-04-01 10:52:00,FX:EURCAD,1.4585000000000001,1.4586700000000001,1.45837,1.4584300000000001,324.0
2024-04-01 10:53:00,FX:EURCAD,1.4584300000000001,1.45855,1.45835,1.45851,331.0
2024-04-01 10:54:00,FX:EURCAD,1.45851,1.45861,1.45841,1.4585000000000001,256.0
2024-04-01 10:55:00,FX:EURCAD,1.4585000000000001,1.45885,1.45849,1.45876,348.0
2024-04-01 10:56:00,FX:EURCAD,1.45876,1.45902,1.4586700000000001,1.45899,248.0
2024-04-01 10:57:00,FX:EURCAD,1.45899,1.4591,1.45853,1.45854,318.0
2024-04-01 10:58:00,FX:EURCAD,1.45854,1.45859,1.45818,1.45819,375.0
2024-04-01 10:59:00,FX:EURCAD,1.45819,1.45831,1.45814,1.4582000000000002,346.0
2024-04-01 11:00:00,FX:EURCAD,1.4582000000000002,1.45832,1.4578900000000001,1.4579,452.0
2024-04-01 11:01:00,FX:EURCAD,1.4579,1.4581,1.4578900000000001,1.45807,229.0
2024-04-01 11:02:00,FX:EURCAD,1.45807,1.4585700000000001,1.45804,1.45838,352.0
2024-04-01 11:03:00,FX:EURCAD,1.45838,1.45859,1.4582000000000002,1.4583000000000002,340.0
2024-04-01 11:04:00,FX:EURCAD,1.4583000000000002,1.45838,1.4581300000000001,1.45824,271.0
2024-04-01 11:05:00,FX:EURCAD,1.45824,1.45853,1.45817,1.45819,305.0
2024-04-01 11:06:00,FX:EURCAD,1.45819,1.45835,1.45817,1.45821,334.0
2024-04-01 11:07:00,FX:EURCAD,1.45821,1.45842,1.45817,1.45831,281.0
2024-04-01 11:08:00,FX:EURCAD,1.45831,1.45844,1.45825,1.45834,240.0
2024-04-01 11:09:00,FX:EURCAD,1.45834,1.45855,1.4583000000000002,1.45846,301.0
2024-04-01 11:10:00,FX:EURCAD,1.45846,1.45849,1.45818,1.45821,313.0
2024-04-01 11:11:00,FX:EURCAD,1.45821,1.45828,1.45812,1.4581600000000001,178.0
2024-04-01 11:12:00,FX:EURCAD,1.4581600000000001,1.45817,1.45794,1.4579900000000001,213.0
2024-04-01 11:13:00,FX:EURCAD,1.4579900000000001,1.4581,1.45792,1.4580600000000001,248.0
2024-04-01 11:14:00,FX:EURCAD,1.4580600000000001,1.45808,1.45777,1.4578900000000001,261.0
2024-04-01 11:15:00,FX:EURCAD,1.4578900000000001,1.45807,1.45787,1.45793,284.0
2024-04-01 11:16:00,FX:EURCAD,1.45793,1.45807,1.45774,1.45801,322.0
2024-04-01 11:17:00,FX:EURCAD,1.45801,1.45802,1.4577900000000001,1.4578,239.0
2024-04-01 11:18:00,FX:EURCAD,1.4578,1.45788,1.45777,1.4578200000000001,163.0
2024-04-01 11:19:00,FX:EURCAD,1.4578200000000001,1.45787,1.4576500000000001,1.45766,244.0
2024-04-01 11:20:00,FX:EURCAD,1.45766,1.45776,1.45753,1.45774,222.0
2024-04-01 11:21:00,FX:EURCAD,1.45774,1.45801,1.45774,1.45785,205.0
2024-04-01 11:22:00,FX:EURCAD,1.45785,1.45807,1.45784,1.45802,198.0
2024-04-01 11:23:00,FX:EURCAD,1.45802,1.45815,1.4579600000000001,1.45797,172.0
2024-04-01 11:24:00,FX:EURCAD,1.45797,1.45827,1.4579600000000001,1.4582600000000001,165.0
2024-04-01 11:25:00,FX:EURCAD,1.4582600000000001,1.45831,1.45808,1.45809,174.0
2024-04-01 11:26:00,FX:EURCAD,1.45809,1.4581,1.45784,1.45798,224.0
2024-04-01 11:27:00,FX:EURCAD,1.45798,1.45807,1.45797,1.4580600000000001,144.0
2024-04-01 11:28:00,FX:EURCAD,1.4580600000000001,1.4580600000000001,1.4578600000000002,1.45792,148.0
2024-04-01 11:29:00,FX:EURCAD,1.45792,1.45794,1.45767,1.45777,137.0
2024-04-01 11:30:00,FX:EURCAD,1.45777,1.45787,1.45767,1.45768,191.0
2024-04-01 11:31:00,FX:EURCAD,1.45768,1.45776,1.45736,1.4575500000000001,263.0
2024-04-01 11:32:00,FX:EURCAD,1.4575500000000001,1.4576500000000001,1.45743,1.45744,316.0
2024-04-01 11:33:00,FX:EURCAD,1.45744,1.45767,1.4574200000000002,1.4575200000000001,257.0
2024-04-01 11:34:00,FX:EURCAD,1.4575200000000001,1.45756,1.45747,1.45748,170.0
2024-04-01 11:35:00,FX:EURCAD,1.45748,1.45749,1.4572100000000001,1.45726,202.0
2024-04-01 11:36:00,FX:EURCAD,1.45726,1.45763,1.45724,1.45757,192.0
2024-04-01 11:37:00,FX:EURCAD,1.45757,1.45757,1.45739,1.45741,152.0
2024-04-01 11:38:00,FX:EURCAD,1.45741,1.4575200000000001,1.45736,1.45748,167.0
2024-04-01 11:39:00,FX:EURCAD,1.45748,1.45771,1.45748,1.4576,159.0
2024-04-01 11:40:00,FX:EURCAD,1.4576,1.4576200000000001,1.45744,1.45744,170.0
2024-04-01 11:41:00,FX:EURCAD,1.45744,1.45747,1.45715,1.45729,201.0
2024-04-01 11:42:00,FX:EURCAD,1.45729,1.45736,1.45727,1.4572800000000001,185.0
2024-04-01 11:43:00,FX:EURCAD,1.4572800000000001,1.45739,1.4572800000000001,1.4573800000000001,156.0
2024-04-01 11:44:00,FX:EURCAD,1.4573800000000001,1.45746,1.45732,1.45743,140.0
2024-04-01 11:45:00,FX:EURCAD,1.45743,1.4575200000000001,1.45736,1.45749,111.0
2024-04-01 11:46:00,FX:EURCAD,1.45749,1.45754,1.45739,1.4575200000000001,191.0
2024-04-01 11:47:00,FX:EURCAD,1.4575200000000001,1.45756,1.45747,1.45751,126.0
2024-04-01 11:48:00,FX:EURCAD,1.45751,1.45774,1.45751,1.45773,155.0
2024-04-01 11:49:00,FX:EURCAD,1.45773,1.45775,1.45764,1.4576900000000002,118.0
2024-04-01 11:50:00,FX:EURCAD,1.4576900000000002,1.45771,1.45757,1.45764,157.0
2024-04-01 11:51:00,FX:EURCAD,1.45764,1.45784,1.45756,1.45781,168.0
2024-04-01 11:52:00,FX:EURCAD,1.45781,1.4578600000000002,1.45776,1.45778,150.0
2024-04-01 11:53:00,FX:EURCAD,1.45778,1.45787,1.45773,1.45774,121.0
2024-04-01 11:54:00,FX:EURCAD,1.45774,1.45778,1.4576900000000002,1.45777,111.0
2024-04-01 11:55:00,FX:EURCAD,1.45777,1.45778,1.4574500000000001,1.4575,196.0
2024-04-01 11:56:00,FX:EURCAD,1.4575,1.45771,1.45748,1.4577,191.0
2024-04-01 11:57:00,FX:EURCAD,1.4577,1.45773,1.4576500000000001,1.45767,136.0
2024-04-01 11:58:00,FX:EURCAD,1.45767,1.45771,1.4575200000000001,1.45754,247.0
2024-04-01 11:59:00,FX:EURCAD,1.45754,1.45766,1.45746,1.4575900000000002,200.0
2024-04-01 12:00:00,FX:EURCAD,1.4575900000000002,1.45767,1.4575200000000001,1.4576200000000001,195.0
2024-04-01 12:01:00,FX:EURCAD,1.4576200000000001,1.45766,1.45754,1.45757,142.0
2024-04-01 12:02:00,FX:EURCAD,1.45757,1.4575900000000002,1.45743,1.45749,179.0
2024-04-01 12:03:00,FX:EURCAD,1.45749,1.45758,1.45746,1.45757,176.0
2024-04-01 12:04:00,FX:EURCAD,1.45757,1.45761,1.45747,1.45751,124.0
2024-04-01 12:05:00,FX:EURCAD,1.45751,1.45754,1.4574,1.45744,140.0
2024-04-01 12:06:00,FX:EURCAD,1.45744,1.45744,1.45739,1.4574,103.0
2024-04-01 12:07:00,FX:EURCAD,1.4574,1.4574200000000002,1.45731,1.4573500000000001,131.0
2024-04-01 12:08:00,FX:EURCAD,1.4573500000000001,1.4576200000000001,1.45733,1.4576200000000001,184.0
2024-04-01 12:09:00,FX:EURCAD,1.4576200000000001,1.45771,1.4576,1.4577,167.0
2024-04-01 12:10:00,FX:EURCAD,1.4577,1.45774,1.4575900000000002,1.4576,172.0
2024-04-01 12:11:00,FX:EURCAD,1.4576,1.45766,1.4575500000000001,1.4576200000000001,193.0
2024-04-01 12:12:00,FX:EURCAD,1.4576200000000001,1.45764,1.45748,1.4575500000000001,208.0
2024-04-01 12:13:00,FX:EURCAD,1.4575500000000001,1.45758,1.4574200000000002,1.45748,209.0
2024-04-01 12:14:00,FX:EURCAD,1.45748,1.4575,1.45726,1.45726,288.0
2024-04-01 12:15:00,FX:EURCAD,1.45726,1.45727,1.45716,1.45724,178.0
2024-04-01 12:16:00,FX:EURCAD,1.45724,1.45737,1.45723,1.4573,255.0
2024-04-01 12:17:00,FX:EURCAD,1.4573,1.45732,1.45716,1.45724,198.0
2024-04-01 12:18:00,FX:EURCAD,1.45724,1.4573,1.45723,1.4573,130.0
2024-04-01 12:19:00,FX:EURCAD,1.4573,1.45739,1.4573,1.45734,84.0
2024-04-01 12:20:00,FX:EURCAD,1.45734,1.45737,1.4573,1.45736,121.0
2024-04-01 12:21:00,FX:EURCAD,1.45736,1.45737,1.4572800000000001,1.4573,92.0
2024-04-01 12:22:00,FX:EURCAD,1.4573,1.45747,1.4572800000000001,1.4574500000000001,140.0
2024-04-01 12:23:00,FX:EURCAD,1.4574500000000001,1.4574500000000001,1.45727,1.45729,214.0
2024-04-01 12:24:00,FX:EURCAD,1.45729,1.4573500000000001,1.45726,1.45731,132.0
2024-04-01 12:25:00,FX:EURCAD,1.45731,1.45744,1.45729,1.45736,159.0
2024-04-01 12:26:00,FX:EURCAD,1.45736,1.4574500000000001,1.4573500000000001,1.45744,140.0
2024-04-01 12:27:00,FX:EURCAD,1.45744,1.45747,1.45739,1.4574,176.0
2024-04-01 12:28:00,FX:EURCAD,1.4574,1.45743,1.45732,1.45736,151.0
2024-04-01 12:29:00,FX:EURCAD,1.45736,1.4574200000000002,1.45731,1.4574200000000002,131.0
2024-04-01 12:30:00,FX:EURCAD,1.4574200000000002,1.45758,1.4574200000000002,1.4575200000000001,163.0
2024-04-01 12:31:00,FX:EURCAD,1.4575200000000001,1.45754,1.45739,1.45739,221.0
2024-04-01 12:32:00,FX:EURCAD,1.45739,1.45744,1.4573500000000001,1.4573800000000001,194.0
2024-04-01 12:33:00,FX:EURCAD,1.4573800000000001,1.45747,1.45736,1.45736,191.0
2024-04-01 12:34:00,FX:EURCAD,1.45736,1.4575,1.45733,1.45747,164.0
2024-04-01 12:35:00,FX:EURCAD,1.45747,1.4575,1.4573800000000001,1.45739,128.0
2024-04-01 12:36:00,FX:EURCAD,1.45739,1.4574,1.4572100000000001,1.45729,135.0
2024-04-01 12:37:00,FX:EURCAD,1.45729,1.45731,1.4572,1.45722,83.0
2024-04-01 12:38:00,FX:EURCAD,1.45722,1.4572500000000002,1.45713,1.45715,121.0
2024-04-01 12:39:00,FX:EURCAD,1.45715,1.45716,1.45703,1.4570400000000001,131.0
2024-04-01 12:40:00,FX:EURCAD,1.4570400000000001,1.45713,1.457,1.45709,129.0
2024-04-01 12:41:00,FX:EURCAD,1.45709,1.45712,1.45699,1.45706,88.0
2024-04-01 12:42:00,FX:EURCAD,1.45706,1.45713,1.4570100000000001,1.4570800000000002,100.0
2024-04-01 12:43:00,FX:EURCAD,1.4570800000000002,1.45719,1.45705,1.4571800000000001,86.0
2024-04-01 12:44:00,FX:EURCAD,1.4571800000000001,1.45726,1.4571100000000001,1.45722,108.0
2024-04-01 12:45:00,FX:EURCAD,1.45722,1.45731,1.45717,1.4572,90.0
2024-04-01 12:46:00,FX:EURCAD,1.4572,1.45736,1.4572,1.45732,92.0
2024-04-01 12:47:00,FX:EURCAD,1.45732,1.45747,1.45732,1.45747,100.0
2024-04-01 12:48:00,FX:EURCAD,1.45747,1.45751,1.45741,1.45744,130.0
2024-04-01 12:49:00,FX:EURCAD,1.45744,1.4576,1.45744,1.45758,129.0
2024-04-01 12:50:00,FX:EURCAD,1.45758,1.45764,1.45751,1.45754,97.0
2024-04-01 12:51:00,FX:EURCAD,1.45754,1.45757,1.45751,1.45757,118.0
2024-04-01 12:52:00,FX:EURCAD,1.45757,1.45761,1.45754,1.4575500000000001,71.0
2024-04-01 12:53:00,FX:EURCAD,1.4575500000000001,1.4576200000000001,1.45743,1.4574500000000001,136.0
2024-04-01 12:54:00,FX:EURCAD,1.4574500000000001,1.4575500000000001,1.45729,1.45753,130.0
2024-04-01 12:55:00,FX:EURCAD,1.45753,1.45757,1.45743,1.4575,102.0
2024-04-01 12:56:00,FX:EURCAD,1.4575,1.45761,1.45749,1.4576,128.0
2024-04-01 12:57:00,FX:EURCAD,1.4576,1.45767,1.4575200000000001,1.4576500000000001,137.0
2024-04-01 12:58:00,FX:EURCAD,1.4576500000000001,1.45768,1.4576200000000001,1.4576500000000001,133.0
2024-04-01 12:59:00,FX:EURCAD,1.4576500000000001,1.45768,1.4576,1.4576200000000001,124.0
2024-04-01 13:00:00,FX:EURCAD,1.4576200000000001,1.45785,1.4576200000000001,1.4578,225.0
2024-04-01 13:01:00,FX:EURCAD,1.4578,1.45797,1.45776,1.45791,218.0
2024-04-01 13:02:00,FX:EURCAD,1.45791,1.45793,1.45777,1.4579,167.0
2024-04-01 13:03:00,FX:EURCAD,1.4579,1.4579900000000001,1.4578600000000002,1.4579900000000001,172.0
2024-04-01 13:04:00,FX:EURCAD,1.4579900000000001,1.45809,1.45798,1.45807,124.0
2024-04-01 13:05:00,FX:EURCAD,1.45807,1.45811,1.45805,1.45808,111.0
2024-04-01 13:06:00,FX:EURCAD,1.45808,1.45839,1.45808,1.45838,126.0
2024-04-01 13:07:00,FX:EURCAD,1.45838,1.45848,1.45838,1.45846,69.0
2024-04-01 13:08:00,FX:EURCAD,1.45846,1.45852,1.45844,1.45845,114.0
2024-04-01 13:09:00,FX:EURCAD,1.45845,1.4584700000000002,1.4582600000000001,1.45835,91.0
2024-04-01 13:10:00,FX:EURCAD,1.45835,1.45846,1.45835,1.45846,150.0
2024-04-01 13:11:00,FX:EURCAD,1.45846,1.45854,1.45844,1.45846,132.0
2024-04-01 13:12:00,FX:EURCAD,1.45846,1.45848,1.45835,1.45848,97.0
2024-04-01 13:13:00,FX:EURCAD,1.45848,1.45854,1.45846,1.4585000000000001,60.0
2024-04-01 13:14:00,FX:EURCAD,1.4585000000000001,1.45865,1.45849,1.45861,140.0
2024-04-01 13:15:00,FX:EURCAD,1.45861,1.4586400000000002,1.4585000000000001,1.45862,150.0
2024-04-01 13:16:00,FX:EURCAD,1.45862,1.4588100000000002,1.45861,1.45872,117.0
2024-04-01 13:17:00,FX:EURCAD,1.45872,1.4588,1.45866,1.4587700000000001,120.0
2024-04-01 13:18:00,FX:EURCAD,1.4587700000000001,1.45882,1.45871,1.4587400000000001,149.0
2024-04-01 13:19:00,FX:EURCAD,1.4587400000000001,1.45906,1.4587400000000001,1.4590400000000001,209.0
2024-04-01 13:20:00,FX:EURCAD,1.4590400000000001,1.45926,1.45895,1.4592500000000002,161.0
2024-04-01 13:21:00,FX:EURCAD,1.4592500000000002,1.45926,1.45919,1.45922,134.0
2024-04-01 13:22:00,FX:EURCAD,1.45922,1.4592800000000001,1.4592,1.45927,110.0
2024-04-01 13:23:00,FX:EURCAD,1.45927,1.4593,1.45917,1.45922,118.0
2024-04-01 13:24:00,FX:EURCAD,1.45922,1.45932,1.4591,1.4592800000000001,131.0
2024-04-01 13:25:00,FX:EURCAD,1.4592800000000001,1.45932,1.45915,1.45922,114.0
2024-04-01 13:26:00,FX:EURCAD,1.45922,1.45924,1.45906,1.45907,74.0
2024-04-01 13:27:00,FX:EURCAD,1.45907,1.4590800000000002,1.45876,1.4588100000000002,128.0
2024-04-01 13:28:00,FX:EURCAD,1.4588100000000002,1.4589,1.45865,1.45869,176.0
2024-04-01 13:29:00,FX:EURCAD,1.45869,1.45883,1.45868,1.45882,145.0
2024-04-01 13:30:00,FX:EURCAD,1.45882,1.4588400000000001,1.4586700000000001,1.4587,121.0
2024-04-01 13:31:00,FX:EURCAD,1.4587,1.45876,1.45865,1.45876,64.0
2024-04-01 13:32:00,FX:EURCAD,1.45876,1.45885,1.45871,1.45883,60.0
2024-04-01 13:33:00,FX:EURCAD,1.45883,1.45888,1.4587400000000001,1.45885,99.0
2024-04-01 13:34:00,FX:EURCAD,1.45885,1.45888,1.45869,1.4587400000000001,110.0
2024-04-01 13:35:00,FX:EURCAD,1.4587400000000001,1.45876,1.4586700000000001,1.45872,105.0
2024-04-01 13:36:00,FX:EURCAD,1.45872,1.45878,1.45869,1.45872,112.0
2024-04-01 13:37:00,FX:EURCAD,1.45872,1.4588,1.45865,1.4586700000000001,164.0
2024-04-01 13:38:00,FX:EURCAD,1.4586700000000001,1.45875,1.45862,1.45875,116.0
2024-04-01 13:39:00,FX:EURCAD,1.45875,1.4587700000000001,1.4586700000000001,1.45868,128.0
2024-04-01 13:40:00,FX:EURCAD,1.45868,1.45871,1.45855,1.4586000000000001,169.0
2024-04-01 13:41:00,FX:EURCAD,1.4586000000000001,1.45866,1.45851,1.45862,245.0
2024-04-01 13:42:00,FX:EURCAD,1.45862,1.4586400000000002,1.45841,1.45849,191.0
2024-04-01 13:43:00,FX:EURCAD,1.45849,1.45851,1.45844,1.45849,116.0
2024-04-01 13:44:00,FX:EURCAD,1.45849,1.45854,1.45846,1.4585000000000001,116.0
2024-04-01 13:45:00,FX:EURCAD,1.4585000000000001,1.4585000000000001,1.45842,1.45846,118.0
2024-04-01 13:46:00,FX:EURCAD,1.45846,1.45848,1.45831,1.45834,156.0
2024-04-01 13:47:00,FX:EURCAD,1.45834,1.45835,1.45815,1.45822,124.0
2024-04-01 13:48:00,FX:EURCAD,1.45822,1.4583300000000001,1.45821,1.45832,74.0
2024-04-01 13:49:00,FX:EURCAD,1.45832,1.45835,1.45831,1.45835,85.0
2024-04-01 13:50:00,FX:EURCAD,1.45835,1.45839,1.45834,1.45835,90.0
2024-04-01 13:51:00,FX:EURCAD,1.45835,1.45846,1.45835,1.45844,64.0
2024-04-01 13:52:00,FX:EURCAD,1.45844,1.45861,1.45844,1.45861,115.0
2024-04-01 13:53:00,FX:EURCAD,1.45861,1.45865,1.45859,1.4586400000000002,74.0
2024-04-01 13:54:00,FX:EURCAD,1.4586400000000002,1.4586400000000002,1.45854,1.45858,99.0
2024-04-01 13:55:00,FX:EURCAD,1.45858,1.45861,1.45858,1.45861,82.0
2024-04-01 13:56:00,FX:EURCAD,1.45861,1.45861,1.45848,1.45853,106.0
2024-04-01 13:57:00,FX:EURCAD,1.45853,1.4585700000000001,1.45852,1.45854,98.0
2024-04-01 13:58:00,FX:EURCAD,1.45854,1.4585700000000001,1.45848,1.45856,100.0
2024-04-01 13:59:00,FX:EURCAD,1.45856,1.45856,1.45851,1.45854,74.0
2024-04-01 14:00:00,FX:EURCAD,1.45854,1.45871,1.45854,1.45869,208.0
2024-04-01 14:01:00,FX:EURCAD,1.45869,1.4589,1.45869,1.45889,142.0
2024-04-01 14:02:00,FX:EURCAD,1.45889,1.45889,1.4588100000000002,1.4588400000000001,128.0
2024-04-01 14:03:00,FX:EURCAD,1.4588400000000001,1.4589,1.4588400000000001,1.45886,97.0
2024-04-01 14:04:00,FX:EURCAD,1.45886,1.45889,1.45878,1.45882,97.0
2024-04-01 14:05:00,FX:EURCAD,1.45882,1.4588700000000001,1.45872,1.4587400000000001,106.0
2024-04-01 14:06:00,FX:EURCAD,1.4587400000000001,1.4589100000000002,1.45871,1.45889,156.0
2024-04-01 14:07:00,FX:EURCAD,1.45889,1.45893,1.45883,1.4588700000000001,85.0
2024-04-01 14:08:00,FX:EURCAD,1.4588700000000001,1.45888,1.45871,1.45871,87.0
2024-04-01 14:09:00,FX:EURCAD,1.45871,1.45888,1.4587,1.45886,132.0
2024-04-01 14:10:00,FX:EURCAD,1.45886,1.45889,1.4588100000000002,1.45889,101.0
2024-04-01 14:11:00,FX:EURCAD,1.45889,1.45902,1.45889,1.45902,71.0
2024-04-01 14:12:00,FX:EURCAD,1.45902,1.45902,1.4589100000000002,1.45895,96.0
2024-04-01 14:13:00,FX:EURCAD,1.45895,1.459,1.45889,1.45896,99.0
2024-04-01 14:14:00,FX:EURCAD,1.45896,1.45896,1.45876,1.4588,116.0
2024-04-01 14:15:00,FX:EURCAD,1.4588,1.45886,1.4588,1.45885,50.0
2024-04-01 14:16:00,FX:EURCAD,1.45885,1.4589400000000001,1.45883,1.4589400000000001,80.0
2024-04-01 14:17:00,FX:EURCAD,1.4589400000000001,1.4590100000000001,1.4589100000000002,1.45898,105.0
2024-04-01 14:18:00,FX:EURCAD,1.45898,1.459,1.4589,1.4589100000000002,96.0
2024-04-01 14:19:00,FX:EURCAD,1.4589100000000002,1.45898,1.4589,1.45898,69.0
2024-04-01 14:20:00,FX:EURCAD,1.45898,1.45902,1.45895,1.4590100000000001,79.0
2024-04-01 14:21:00,FX:EURCAD,1.4590100000000001,1.4590400000000001,1.45899,1.459,74.0
2024-04-01 14:22:00,FX:EURCAD,1.459,1.459,1.4588400000000001,1.45895,110.0
2024-04-01 14:23:00,FX:EURCAD,1.45895,1.45905,1.45895,1.45902,91.0
2024-04-01 14:24:00,FX:EURCAD,1.45902,1.45905,1.45893,1.45893,106.0
2024-04-01 14:25:00,FX:EURCAD,1.45893,1.45902,1.4589100000000002,1.45902,82.0
2024-04-01 14:26:00,FX:EURCAD,1.45902,1.4590800000000002,1.4589400000000001,1.45907,102.0
2024-04-01 14:27:00,FX:EURCAD,1.45907,1.45907,1.459,1.459,42.0
2024-04-01 14:28:00,FX:EURCAD,1.459,1.4590400000000001,1.45899,1.45902,80.0
2024-04-01 14:29:00,FX:EURCAD,1.45902,1.45909,1.459,1.45907,89.0
2024-04-01 14:30:00,FX:EURCAD,1.45907,1.45913,1.4590400000000001,1.45907,77.0
2024-04-01 14:31:00,FX:EURCAD,1.45907,1.4590800000000002,1.45898,1.4590100000000001,105.0
2024-04-01 14:32:00,FX:EURCAD,1.4590100000000001,1.45903,1.45892,1.45895,171.0
2024-04-01 14:33:00,FX:EURCAD,1.45895,1.45897,1.45885,1.45888,142.0
2024-04-01 14:34:00,FX:EURCAD,1.45888,1.45895,1.4588700000000001,1.45892,90.0
2024-04-01 14:35:00,FX:EURCAD,1.45892,1.45892,1.4587,1.45878,127.0
2024-04-01 14:36:00,FX:EURCAD,1.45878,1.4589,1.4587700000000001,1.4588,133.0
2024-04-01 14:37:00,FX:EURCAD,1.4588,1.45882,1.4587,1.45876,147.0
2024-04-01 14:38:00,FX:EURCAD,1.45876,1.4587700000000001,1.45872,1.4587400000000001,113.0
2024-04-01 14:39:00,FX:EURCAD,1.4587400000000001,1.45876,1.45871,1.4587400000000001,120.0
2024-04-01 14:40:00,FX:EURCAD,1.4587400000000001,1.45879,1.45872,1.4587700000000001,119.0
2024-04-01 14:41:00,FX:EURCAD,1.4587700000000001,1.4588,1.45865,1.45868,181.0
2024-04-01 14:42:00,FX:EURCAD,1.45868,1.4587,1.45859,1.45859,113.0
2024-04-01 14:43:00,FX:EURCAD,1.45859,1.4587400000000001,1.45859,1.45872,138.0
2024-04-01 14:44:00,FX:EURCAD,1.45872,1.45879,1.45869,1.45872,157.0
2024-04-01 14:45:00,FX:EURCAD,1.45872,1.45875,1.45868,1.45869,130.0
2024-04-01 14:46:00,FX:EURCAD,1.45869,1.4587400000000001,1.45866,1.45869,106.0
2024-04-01 14:47:00,FX:EURCAD,1.45869,1.45869,1.45856,1.45856,85.0
2024-04-01 14:48:00,FX:EURCAD,1.45856,1.45859,1.45845,1.45846,104.0
2024-04-01 14:49:00,FX:EURCAD,1.45846,1.45848,1.45842,1.45844,95.0
2024-04-01 14:50:00,FX:EURCAD,1.45844,1.45849,1.45837,1.45849,107.0
2024-04-01 14:51:00,FX:EURCAD,1.45849,1.45852,1.45845,1.45846,89.0
2024-04-01 14:52:00,FX:EURCAD,1.45846,1.4585000000000001,1.45845,1.45846,64.0
2024-04-01 14:53:00,FX:EURCAD,1.45846,1.45855,1.45844,1.45855,74.0
2024-04-01 14:54:00,FX:EURCAD,1.45855,1.45861,1.45851,1.45852,112.0
2024-04-01 14:55:00,FX:EURCAD,1.45852,1.45861,1.45844,1.4586000000000001,108.0
2024-04-01 14:56:00,FX:EURCAD,1.4586000000000001,1.45863,1.45844,1.45853,114.0
2024-04-01 14:57:00,FX:EURCAD,1.45853,1.45863,1.45852,1.45862,140.0
2024-04-01 14:58:00,FX:EURCAD,1.45862,1.45875,1.45856,1.4585700000000001,153.0
2024-04-01 14:59:00,FX:EURCAD,1.4585700000000001,1.4586000000000001,1.45839,1.4584300000000001,187.0
2024-04-01 15:00:00,FX:EURCAD,1.4584300000000001,1.45878,1.4584300000000001,1.45876,171.0
2024-04-01 15:01:00,FX:EURCAD,1.45876,1.45886,1.45872,1.4588400000000001,141.0
2024-04-01 15:02:00,FX:EURCAD,1.4588400000000001,1.4589,1.4587700000000001,1.4588400000000001,200.0
2024-04-01 15:03:00,FX:EURCAD,1.4588400000000001,1.4589,1.4588,1.45883,144.0
2024-04-01 15:04:00,FX:EURCAD,1.45883,1.4588400000000001,1.4587700000000001,1.4587700000000001,169.0
2024-04-01 15:05:00,FX:EURCAD,1.4587700000000001,1.4588,1.4586000000000001,1.4587,195.0
2024-04-01 15:06:00,FX:EURCAD,1.4587,1.4587,1.45858,1.4586000000000001,155.0
2024-04-01 15:07:00,FX:EURCAD,1.4586000000000001,1.45862,1.45851,1.45859,150.0
2024-04-01 15:08:00,FX:EURCAD,1.45859,1.45866,1.4585000000000001,1.45865,210.0
2024-04-01 15:09:00,FX:EURCAD,1.45865,1.45871,1.4586400000000002,1.4587,103.0
2024-04-01 15:10:00,FX:EURCAD,1.4587,1.4587,1.45862,1.45866,106.0
2024-04-01 15:11:00,FX:EURCAD,1.45866,1.45876,1.45865,1.45876,86.0
2024-04-01 15:12:00,FX:EURCAD,1.45876,1.4587700000000001,1.45866,1.45872,55.0
2024-04-01 15:13:00,FX:EURCAD,1.45872,1.4587400000000001,1.45866,1.45873,103.0
2024-04-01 15:14:00,FX:EURCAD,1.45873,1.4587400000000001,1.45868,1.45868,66.0
2024-04-01 15:15:00,FX:EURCAD,1.45868,1.45893,1.45861,1.45889,167.0
2024-04-01 15:16:00,FX:EURCAD,1.45889,1.45896,1.45886,1.45886,130.0
2024-04-01 15:17:00,FX:EURCAD,1.45886,1.45886,1.45878,1.4588400000000001,121.0
2024-04-01 15:18:00,FX:EURCAD,1.4588400000000001,1.45889,1.4588,1.45882,83.0
2024-04-01 15:19:00,FX:EURCAD,1.45882,1.45892,1.45875,1.45883,116.0
2024-04-01 15:20:00,FX:EURCAD,1.45883,1.45889,1.4588,1.4588400000000001,70.0
2024-04-01 15:21:00,FX:EURCAD,1.4588400000000001,1.45896,1.4588,1.4589100000000002,100.0
2024-04-01 15:22:00,FX:EURCAD,1.4589100000000002,1.45893,1.4588400000000001,1.45886,114.0
2024-04-01 15:23:00,FX:EURCAD,1.45886,1.45886,1.4588100000000002,1.45885,105.0
2024-04-01 15:24:00,FX:EURCAD,1.45885,1.4588700000000001,1.45873,1.45875,120.0
2024-04-01 15:25:00,FX:EURCAD,1.45875,1.4588,1.45862,1.45878,151.0
2024-04-01 15:26:00,FX:EURCAD,1.45878,1.45879,1.45866,1.4587,164.0
2024-04-01 15:27:00,FX:EURCAD,1.4587,1.4587700000000001,1.45869,1.45869,117.0
2024-04-01 15:28:00,FX:EURCAD,1.45869,1.45872,1.45866,1.4587,92.0
2024-04-01 15:29:00,FX:EURCAD,1.4587,1.45871,1.45856,1.45859,161.0
2024-04-01 15:30:00,FX:EURCAD,1.45859,1.45859,1.45852,1.45854,256.0
2024-04-01 15:31:00,FX:EURCAD,1.45854,1.4585700000000001,1.4585000000000001,1.45852,152.0
2024-04-01 15:32:00,FX:EURCAD,1.45852,1.45878,1.45852,1.4587,197.0
2024-04-01 15:33:00,FX:EURCAD,1.4587,1.45871,1.4586000000000001,1.45863,156.0
2024-04-01 15:34:00,FX:EURCAD,1.45863,1.45869,1.45862,1.4586700000000001,98.0
2024-04-01 15:35:00,FX:EURCAD,1.4586700000000001,1.45869,1.45858,1.45859,120.0
2024-04-01 15:36:00,FX:EURCAD,1.45859,1.4586000000000001,1.45846,1.45848,220.0
2024-04-01 15:37:00,FX:EURCAD,1.45848,1.4585700000000001,1.45848,1.4585700000000001,128.0
2024-04-01 15:38:00,FX:EURCAD,1.4585700000000001,1.45865,1.4585700000000001,1.45859,132.0
2024-04-01 15:39:00,FX:EURCAD,1.45859,1.45863,1.45855,1.45859,47.0
2024-04-01 15:40:00,FX:EURCAD,1.45859,1.4586700000000001,1.45856,1.45862,120.0
2024-04-01 15:41:00,FX:EURCAD,1.45862,1.45862,1.4585000000000001,1.45851,125.0
2024-04-01 15:42:00,FX:EURCAD,1.45851,1.45853,1.45846,1.45848,174.0
2024-04-01 15:43:00,FX:EURCAD,1.45848,1.45853,1.45841,1.4584300000000001,152.0
2024-04-01 15:44:00,FX:EURCAD,1.4584300000000001,1.45845,1.45835,1.45837,94.0
2024-04-01 15:45:00,FX:EURCAD,1.45837,1.45839,1.45829,1.45836,137.0
2024-04-01 15:46:00,FX:EURCAD,1.45836,1.45838,1.4583000000000002,1.45837,77.0
2024-04-01 15:47:00,FX:EURCAD,1.45837,1.45851,1.45836,1.45849,89.0
2024-04-01 15:48:00,FX:EURCAD,1.45849,1.4585000000000001,1.4584700000000002,1.45848,58.0
2024-04-01 15:49:00,FX:EURCAD,1.45848,1.45851,1.4584300000000001,1.4584700000000002,99.0
2024-04-01 15:50:00,FX:EURCAD,1.4584700000000002,1.45848,1.45839,1.45844,101.0
2024-04-01 15:51:00,FX:EURCAD,1.45844,1.45853,1.4584300000000001,1.45852,101.0
2024-04-01 15:52:00,FX:EURCAD,1.45852,1.4585700000000001,1.45848,1.4585000000000001,122.0
2024-04-01 15:53:00,FX:EURCAD,1.4585000000000001,1.45854,1.45841,1.45844,91.0
2024-04-01 15:54:00,FX:EURCAD,1.45844,1.4585000000000001,1.45825,1.45825,131.0
2024-04-01 15:55:00,FX:EURCAD,1.45825,1.45844,1.45822,1.4584000000000001,124.0
2024-04-01 15:56:00,FX:EURCAD,1.4584000000000001,1.45844,1.45828,1.45828,129.0
2024-04-01 15:57:00,FX:EURCAD,1.45828,1.45837,1.45827,1.45836,207.0
2024-04-01 15:58:00,FX:EURCAD,1.45836,1.45837,1.45818,1.4582300000000001,150.0
2024-04-01 15:59:00,FX:EURCAD,1.4582300000000001,1.4582600000000001,1.45807,1.45808,181.0
2024-04-01 16:00:00,FX:EURCAD,1.45808,1.45827,1.45808,1.4582600000000001,153.0
2024-04-01 16:01:00,FX:EURCAD,1.4582600000000001,1.4582600000000001,1.45815,1.45822,117.0
2024-04-01 16:02:00,FX:EURCAD,1.45822,1.45829,1.45817,1.45822,132.0
2024-04-01 16:03:00,FX:EURCAD,1.45822,1.45831,1.45821,1.45831,91.0
2024-04-01 16:04:00,FX:EURCAD,1.45831,1.45831,1.45822,1.4582300000000001,70.0
2024-04-01 16:05:00,FX:EURCAD,1.4582300000000001,1.45828,1.45815,1.4581600000000001,87.0
2024-04-01 16:06:00,FX:EURCAD,1.4581600000000001,1.45817,1.4581,1.4581600000000001,40.0
2024-04-01 16:07:00,FX:EURCAD,1.4581600000000001,1.4582300000000001,1.4581600000000001,1.45822,45.0
2024-04-01 16:08:00,FX:EURCAD,1.45822,1.45824,1.4581,1.45811,72.0
2024-04-01 16:09:00,FX:EURCAD,1.45811,1.4581300000000001,1.4580600000000001,1.45808,61.0
2024-04-01 16:10:00,FX:EURCAD,1.45808,1.45814,1.45808,1.45814,87.0
2024-04-01 16:11:00,FX:EURCAD,1.45814,1.45815,1.4580600000000001,1.45814,52.0
2024-04-01 16:12:00,FX:EURCAD,1.45814,1.45822,1.45811,1.45822,54.0
2024-04-01 16:13:00,FX:EURCAD,1.45822,1.45825,1.45821,1.45822,28.0
2024-04-01 16:14:00,FX:EURCAD,1.45822,1.4582300000000001,1.45819,1.4582000000000002,33.0
2024-04-01 16:15:00,FX:EURCAD,1.4582000000000002,1.4582600000000001,1.4582000000000002,1.4582300000000001,51.0
2024-04-01 16:16:00,FX:EURCAD,1.4582300000000001,1.45824,1.4581600000000001,1.45824,56.0
2024-04-01 16:17:00,FX:EURCAD,1.45824,1.45824,1.45814,1.45818,74.0
2024-04-01 16:18:00,FX:EURCAD,1.45818,1.45819,1.45814,1.45814,42.0
2024-04-01 16:19:00,FX:EURCAD,1.45814,1.4581600000000001,1.45805,1.4580600000000001,41.0
2024-04-01 16:20:00,FX:EURCAD,1.4580600000000001,1.4580600000000001,1.45801,1.45801,80.0
2024-04-01 16:21:00,FX:EURCAD,1.45801,1.45805,1.45798,1.45802,55.0
2024-04-01 16:22:00,FX:EURCAD,1.45802,1.45805,1.45798,1.45804,40.0
2024-04-01 16:23:00,FX:EURCAD,1.45804,1.45805,1.458,1.45805,16.0
2024-04-01 16:24:00,FX:EURCAD,1.45805,1.45805,1.45797,1.45798,76.0
2024-04-01 16:25:00,FX:EURCAD,1.45798,1.45798,1.45792,1.45792,45.0
2024-04-01 16:26:00,FX:EURCAD,1.45792,1.45793,1.4579,1.45793,70.0
2024-04-01 16:27:00,FX:EURCAD,1.45793,1.4579600000000001,1.4579,1.4579600000000001,44.0
2024-04-01 16:28:00,FX:EURCAD,1.4579600000000001,1.45797,1.45794,1.45795,59.0
2024-04-01 16:29:00,FX:EURCAD,1.45795,1.45798,1.45795,1.45798,75.0
2024-04-01 16:30:00,FX:EURCAD,1.45798,1.4580600000000001,1.4579600000000001,1.45805,74.0
2024-04-01 16:31:00,FX:EURCAD,1.45805,1.45812,1.4580300000000002,1.45808,82.0
2024-04-01 16:32:00,FX:EURCAD,1.45808,1.45812,1.4580600000000001,1.45812,142.0
2024-04-01 16:33:00,FX:EURCAD,1.45812,1.45812,1.45802,1.4580300000000002,71.0
2024-04-01 16:34:00,FX:EURCAD,1.4580300000000002,1.45804,1.45783,1.45785,139.0
2024-04-01 16:35:00,FX:EURCAD,1.45785,1.45791,1.45781,1.45787,72.0
2024-04-01 16:36:00,FX:EURCAD,1.45787,1.45794,1.45787,1.45791,35.0
2024-04-01 16:37:00,FX:EURCAD,1.45791,1.45791,1.4578900000000001,1.4578900000000001,29.0
2024-04-01 16:38:00,FX:EURCAD,1.4578900000000001,1.4579,1.45787,1.45788,25.0
2024-04-01 16:39:00,FX:EURCAD,1.45788,1.45792,1.45787,1.45787,41.0
2024-04-01 16:40:00,FX:EURCAD,1.45787,1.45788,1.4578200000000001,1.4578600000000002,53.0
2024-04-01 16:41:00,FX:EURCAD,1.4578600000000002,1.45788,1.45783,1.4578600000000002,88.0
2024-04-01 16:42:00,FX:EURCAD,1.4578600000000002,1.45787,1.4578200000000001,1.45784,65.0
2024-04-01 16:43:00,FX:EURCAD,1.45784,1.45788,1.45781,1.45781,42.0
2024-04-01 16:44:00,FX:EURCAD,1.45781,1.45784,1.45778,1.4577900000000001,39.0
2024-04-01 16:45:00,FX:EURCAD,1.4577900000000001,1.45781,1.45778,1.4578,56.0
2024-04-01 16:46:00,FX:EURCAD,1.4578,1.45783,1.45771,1.45777,58.0
2024-04-01 16:47:00,FX:EURCAD,1.45777,1.45778,1.4576500000000001,1.45767,84.0
2024-04-01 16:48:00,FX:EURCAD,1.45767,1.45773,1.45766,1.45773,71.0
2024-04-01 16:49:00,FX:EURCAD,1.45773,1.45783,1.4577200000000001,1.45776,75.0
2024-04-01 16:50:00,FX:EURCAD,1.45776,1.45781,1.45775,1.45778,34.0
2024-04-01 16:51:00,FX:EURCAD,1.45778,1.4578,1.45775,1.45775,37.0
2024-04-01 16:52:00,FX:EURCAD,1.45775,1.45777,1.4577200000000001,1.45776,57.0
2024-04-01 16:53:00,FX:EURCAD,1.45776,1.45777,1.45774,1.45776,31.0
2024-04-01 16:54:00,FX:EURCAD,1.45776,1.4577900000000001,1.45766,1.4576900000000002,52.0
2024-04-01 16:55:00,FX:EURCAD,1.4576900000000002,1.45787,1.45768,1.4578,98.0
2024-04-01 16:56:00,FX:EURCAD,1.4578,1.45794,1.4577900000000001,1.45791,141.0
2024-04-01 16:57:00,FX:EURCAD,1.45791,1.45791,1.4577,1.4578,27.0
2024-04-01 16:58:00,FX:EURCAD,1.4578,1.4578,1.4576900000000002,1.45774,11.0
2024-04-01 17:03:00,FX:EURCAD,1.45774,1.45774,1.45712,1.4572500000000002,5.0
2024-04-01 17:04:00,FX:EURCAD,1.4572500000000002,1.4572500000000002,1.457,1.457,4.0
2024-04-01 17:05:00,FX:EURCAD,1.457,1.45736,1.45683,1.45724,89.0
2024-04-01 17:06:00,FX:EURCAD,1.45724,1.45746,1.4568400000000001,1.4573500000000001,127.0
2024-04-01 17:07:00,FX:EURCAD,1.4573500000000001,1.45736,1.45726,1.45727,133.0
2024-04-01 17:08:00,FX:EURCAD,1.45727,1.45731,1.45724,1.45726,54.0
2024-04-01 17:09:00,FX:EURCAD,1.45726,1.4575,1.45722,1.45748,107.0
2024-04-01 17:10:00,FX:EURCAD,1.45748,1.45756,1.4574,1.4574,96.0
2024-04-01 17:11:00,FX:EURCAD,1.4574,1.4574200000000002,1.45702,1.45734,113.0
2024-04-01 17:12:00,FX:EURCAD,1.45734,1.45771,1.4572100000000001,1.45766,213.0
2024-04-01 17:13:00,FX:EURCAD,1.45766,1.45771,1.4575200000000001,1.4575200000000001,105.0
2024-04-01 17:14:00,FX:EURCAD,1.4575200000000001,1.45768,1.4575,1.45766,136.0
2024-04-01 17:15:00,FX:EURCAD,1.45766,1.4578900000000001,1.45748,1.45781,438.0
2024-04-01 17:16:00,FX:EURCAD,1.45781,1.45801,1.4575500000000001,1.458,428.0
2024-04-01 17:17:00,FX:EURCAD,1.458,1.45814,1.45778,1.45794,93.0
2024-04-01 17:18:00,FX:EURCAD,1.45794,1.4581,1.4578900000000001,1.4579,9.0
2024-04-01 17:19:00,FX:EURCAD,1.4579,1.4579,1.45785,1.45785,5.0
2024-04-01 17:20:00,FX:EURCAD,1.45785,1.45794,1.45758,1.45773,68.0
2024-04-01 17:21:00,FX:EURCAD,1.45773,1.45805,1.4576500000000001,1.45805,8.0
2024-04-01 17:22:00,FX:EURCAD,1.45805,1.4580600000000001,1.45805,1.45805,3.0
2024-04-01 17:23:00,FX:EURCAD,1.45805,1.4581,1.45805,1.45809,7.0
2024-04-01 17:25:00,FX:EURCAD,1.45809,1.4581,1.45807,1.4581,3.0
2024-04-01 17:26:00,FX:EURCAD,1.4581,1.45812,1.4581,1.45811,5.0
2024-04-01 17:27:00,FX:EURCAD,1.45811,1.45812,1.4580600000000001,1.45808,17.0
2024-04-01 17:28:00,FX:EURCAD,1.45808,1.45808,1.45798,1.45798,60.0
2024-04-01 17:29:00,FX:EURCAD,1.45798,1.45811,1.45798,1.45805,16.0
2024-04-01 17:30:00,FX:EURCAD,1.45805,1.45807,1.45801,1.4580300000000002,21.0
2024-04-01 17:31:00,FX:EURCAD,1.4580300000000002,1.4581,1.45788,1.4578900000000001,89.0
2024-04-01 17:32:00,FX:EURCAD,1.4578900000000001,1.4579600000000001,1.45768,1.45788,40.0
2024-04-01 17:33:00,FX:EURCAD,1.45788,1.45802,1.4577900000000001,1.45798,67.0
2024-04-01 17:34:00,FX:EURCAD,1.45798,1.458,1.45778,1.45778,21.0
2024-04-01 17:35:00,FX:EURCAD,1.45778,1.4579900000000001,1.45778,1.45794,35.0
2024-04-01 17:36:00,FX:EURCAD,1.45794,1.45794,1.45792,1.45794,6.0
2024-04-01 17:37:00,FX:EURCAD,1.45794,1.45795,1.45792,1.45794,8.0
2024-04-01 17:38:00,FX:EURCAD,1.45794,1.45795,1.4579,1.45791,13.0
2024-04-01 17:39:00,FX:EURCAD,1.45791,1.45797,1.4578600000000002,1.4579600000000001,24.0
2024-04-01 17:40:00,FX:EURCAD,1.4579600000000001,1.4579600000000001,1.4579,1.4579,15.0
2024-04-01 17:41:00,FX:EURCAD,1.4579,1.45794,1.45787,1.45792,50.0
2024-04-01 17:42:00,FX:EURCAD,1.45792,1.45793,1.4578600000000002,1.45792,66.0
2024-04-01 17:43:00,FX:EURCAD,1.45792,1.45792,1.4578900000000001,1.4579,5.0
2024-04-01 17:44:00,FX:EURCAD,1.4579,1.45792,1.45787,1.4578900000000001,12.0
2024-04-01 17:45:00,FX:EURCAD,1.4578900000000001,1.45798,1.45787,1.4579600000000001,71.0
2024-04-01 17:46:00,FX:EURCAD,1.4579600000000001,1.45797,1.45791,1.45795,110.0
2024-04-01 17:47:00,FX:EURCAD,1.45795,1.45795,1.45784,1.45788,49.0
2024-04-01 17:48:00,FX:EURCAD,1.45788,1.45792,1.4578200000000001,1.45785,40.0
2024-04-01 17:49:00,FX:EURCAD,1.45785,1.45791,1.45785,1.4578900000000001,7.0
2024-04-01 17:50:00,FX:EURCAD,1.4578900000000001,1.45792,1.4578900000000001,1.45792,5.0
2024-04-01 17:51:00,FX:EURCAD,1.45792,1.45794,1.45791,1.45794,11.0
2024-04-01 17:52:00,FX:EURCAD,1.45794,1.45794,1.45794,1.45794,4.0
2024-04-01 17:53:00,FX:EURCAD,1.45794,1.45795,1.4579,1.45791,34.0
2024-04-01 17:54:00,FX:EURCAD,1.45791,1.45794,1.4579,1.45792,32.0
2024-04-01 17:55:00,FX:EURCAD,1.45792,1.45794,1.45791,1.45794,12.0
2024-04-01 17:56:00,FX:EURCAD,1.45794,1.45795,1.4578900000000001,1.45793,30.0
2024-04-01 17:57:00,FX:EURCAD,1.45793,1.45794,1.45791,1.45793,9.0
2024-04-01 17:58:00,FX:EURCAD,1.45793,1.45794,1.45792,1.45793,7.0
2024-04-01 17:59:00,FX:EURCAD,1.45793,1.45795,1.45791,1.45793,26.0
2024-04-01 18:00:00,FX:EURCAD,1.45793,1.45794,1.45778,1.4578,114.0
2024-04-01 18:01:00,FX:EURCAD,1.4578,1.45794,1.4578,1.4578900000000001,16.0
2024-04-01 18:02:00,FX:EURCAD,1.4578900000000001,1.4579900000000001,1.45788,1.4579900000000001,24.0
2024-04-01 18:03:00,FX:EURCAD,1.4579900000000001,1.45805,1.45795,1.4580300000000002,26.0
2024-04-01 18:04:00,FX:EURCAD,1.4580300000000002,1.45805,1.4580300000000002,1.45805,3.0
2024-04-01 18:05:00,FX:EURCAD,1.45805,1.45814,1.45798,1.4581300000000001,48.0
2024-04-01 18:06:00,FX:EURCAD,1.4581300000000001,1.45818,1.4581300000000001,1.45817,16.0
2024-04-01 18:07:00,FX:EURCAD,1.45817,1.45824,1.4581600000000001,1.45824,15.0
2024-04-01 18:08:00,FX:EURCAD,1.45824,1.45824,1.45818,1.45819,12.0
2024-04-01 18:10:00,FX:EURCAD,1.45819,1.4582300000000001,1.45815,1.4582000000000002,28.0
2024-04-01 18:11:00,FX:EURCAD,1.4582000000000002,1.45822,1.4581600000000001,1.4582000000000002,16.0
2024-04-01 18:12:00,FX:EURCAD,1.4582000000000002,1.4582000000000002,1.45818,1.45818,3.0
2024-04-01 18:13:00,FX:EURCAD,1.45818,1.45818,1.45815,1.4581600000000001,11.0
2024-04-01 18:14:00,FX:EURCAD,1.4581600000000001,1.4582000000000002,1.4581600000000001,1.45818,6.0
2024-04-01 18:15:00,FX:EURCAD,1.45818,1.45818,1.45817,1.45818,4.0
2024-04-01 18:16:00,FX:EURCAD,1.45818,1.45818,1.45818,1.45818,5.0
2024-04-01 18:17:00,FX:EURCAD,1.45818,1.45818,1.45811,1.45811,11.0
2024-04-01 18:18:00,FX:EURCAD,1.45811,1.45811,1.45808,1.45808,2.0
2024-04-01 18:19:00,FX:EURCAD,1.45808,1.45809,1.45808,1.45809,1.0
2024-04-01 18:20:00,FX:EURCAD,1.45809,1.4581,1.45808,1.45808,3.0
2024-04-01 18:21:00,FX:EURCAD,1.45808,1.45808,1.45804,1.4580600000000001,9.0
2024-04-01 18:22:00,FX:EURCAD,1.4580600000000001,1.45807,1.4580600000000001,1.45807,3.0
2024-04-01 18:23:00,FX:EURCAD,1.45807,1.45808,1.45805,1.45808,5.0
2024-04-01 18:24:00,FX:EURCAD,1.45808,1.45808,1.4578900000000001,1.4579,16.0
2024-04-01 18:25:00,FX:EURCAD,1.4579,1.4579,1.45783,1.45785,10.0
2024-04-01 18:26:00,FX:EURCAD,1.45785,1.45787,1.45785,1.45787,8.0
2024-04-01 18:27:00,FX:EURCAD,1.45787,1.45787,1.45785,1.45785,1.0
2024-04-01 18:28:00,FX:EURCAD,1.45785,1.45785,1.45776,1.45776,16.0
2024-04-01 18:29:00,FX:EURCAD,1.45776,1.45778,1.45776,1.45778,10.0
2024-04-01 18:30:00,FX:EURCAD,1.45778,1.4578200000000001,1.45778,1.4578,5.0
2024-04-01 18:31:00,FX:EURCAD,1.4578,1.45784,1.4578,1.45784,3.0
2024-04-01 18:32:00,FX:EURCAD,1.45784,1.45784,1.4578200000000001,1.4578200000000001,4.0
2024-04-01 18:33:00,FX:EURCAD,1.4578200000000001,1.45783,1.4578200000000001,1.45783,4.0
2024-04-01 18:34:00,FX:EURCAD,1.45783,1.45784,1.45783,1.45783,7.0
2024-04-01 18:35:00,FX:EURCAD,1.45783,1.45784,1.45775,1.45776,19.0
2024-04-01 18:36:00,FX:EURCAD,1.45776,1.45776,1.45774,1.45776,9.0
2024-04-01 18:37:00,FX:EURCAD,1.45776,1.45776,1.45774,1.45774,14.0
2024-04-01 18:38:00,FX:EURCAD,1.45774,1.45775,1.45773,1.45775,9.0
2024-04-01 18:39:00,FX:EURCAD,1.45775,1.45777,1.45773,1.45775,10.0
2024-04-01 18:40:00,FX:EURCAD,1.45775,1.45778,1.45774,1.45776,19.0
2024-04-01 18:41:00,FX:EURCAD,1.45776,1.4577900000000001,1.45776,1.45778,16.0
2024-04-01 18:42:00,FX:EURCAD,1.45778,1.45778,1.45777,1.45777,14.0
2024-04-01 18:43:00,FX:EURCAD,1.45777,1.45785,1.45777,1.4577900000000001,29.0
2024-04-01 18:44:00,FX:EURCAD,1.4577900000000001,1.4577900000000001,1.45777,1.45778,16.0
2024-04-01 18:45:00,FX:EURCAD,1.45778,1.45778,1.4577200000000001,1.45777,14.0
2024-04-01 18:46:00,FX:EURCAD,1.45777,1.45777,1.45773,1.45775,20.0
2024-04-01 18:47:00,FX:EURCAD,1.45775,1.4577900000000001,1.4577200000000001,1.4577900000000001,12.0
2024-04-01 18:48:00,FX:EURCAD,1.4577900000000001,1.4577900000000001,1.45771,1.45776,8.0
2024-04-01 18:49:00,FX:EURCAD,1.45776,1.4578,1.45768,1.45775,24.0
2024-04-01 18:50:00,FX:EURCAD,1.45775,1.45793,1.45775,1.45785,33.0
2024-04-01 18:51:00,FX:EURCAD,1.45785,1.45793,1.45784,1.45788,38.0
2024-04-01 18:52:00,FX:EURCAD,1.45788,1.4580300000000002,1.45788,1.45801,43.0
2024-04-01 18:53:00,FX:EURCAD,1.45801,1.45801,1.4578600000000002,1.4578600000000002,26.0
2024-04-01 18:54:00,FX:EURCAD,1.4578600000000002,1.4579,1.45785,1.45788,17.0
2024-04-01 18:55:00,FX:EURCAD,1.45788,1.4578900000000001,1.45784,1.4578600000000002,7.0
2024-04-01 18:56:00,FX:EURCAD,1.4578600000000002,1.4578600000000002,1.45784,1.45784,3.0
2024-04-01 18:57:00,FX:EURCAD,1.45784,1.45785,1.4578,1.45781,13.0
2024-04-01 18:58:00,FX:EURCAD,1.45781,1.45785,1.45781,1.45785,12.0
2024-04-01 18:59:00,FX:EURCAD,1.45785,1.4578600000000002,1.45783,1.4578600000000002,9.0
2024-04-01 19:00:00,FX:EURCAD,1.4578600000000002,1.45793,1.45784,1.45787,72.0
2024-04-01 19:01:00,FX:EURCAD,1.45787,1.45797,1.45785,1.45792,35.0
2024-04-01 19:02:00,FX:EURCAD,1.45792,1.45794,1.45784,1.4578600000000002,39.0
2024-04-01 19:03:00,FX:EURCAD,1.4578600000000002,1.4578900000000001,1.4578200000000001,1.45784,59.0
2024-04-01 19:04:00,FX:EURCAD,1.45784,1.45787,1.45783,1.45785,32.0
2024-04-01 19:05:00,FX:EURCAD,1.45785,1.4578600000000002,1.4576900000000002,1.45783,48.0
2024-04-01 19:06:00,FX:EURCAD,1.45783,1.45783,1.45767,1.4578200000000001,38.0
2024-04-01 19:07:00,FX:EURCAD,1.4578200000000001,1.4578200000000001,1.45758,1.4576,42.0
2024-04-01 19:08:00,FX:EURCAD,1.4576,1.4576200000000001,1.45756,1.45756,43.0
2024-04-01 19:09:00,FX:EURCAD,1.45756,1.4576,1.45749,1.45751,29.0
2024-04-01 19:10:00,FX:EURCAD,1.45751,1.45751,1.45747,1.4575,31.0
2024-04-01 19:11:00,FX:EURCAD,1.4575,1.45756,1.4574500000000001,1.45749,62.0
2024-04-01 19:12:00,FX:EURCAD,1.45749,1.45749,1.4574500000000001,1.45749,28.0
2024-04-01 19:13:00,FX:EURCAD,1.45749,1.4575500000000001,1.45747,1.45751,26.0
2024-04-01 19:14:00,FX:EURCAD,1.45751,1.45761,1.45751,1.4575500000000001,29.0
2024-04-01 19:15:00,FX:EURCAD,1.4575500000000001,1.45761,1.4575500000000001,1.45757,22.0
2024-04-01 19:16:00,FX:EURCAD,1.45757,1.4575900000000002,1.45753,1.45754,46.0
2024-04-01 19:17:00,FX:EURCAD,1.45754,1.45754,1.4574500000000001,1.4574500000000001,32.0
2024-04-01 19:18:00,FX:EURCAD,1.4574500000000001,1.4576,1.4574500000000001,1.4576,36.0
2024-04-01 19:19:00,FX:EURCAD,1.4576,1.4576,1.4575200000000001,1.45757,49.0
2024-04-01 19:20:00,FX:EURCAD,1.45757,1.45757,1.4573800000000001,1.45743,46.0
2024-04-01 19:21:00,FX:EURCAD,1.45743,1.45754,1.4574,1.45747,36.0
2024-04-01 19:22:00,FX:EURCAD,1.45747,1.45748,1.4574,1.45744,25.0
2024-04-01 19:23:00,FX:EURCAD,1.45744,1.45744,1.45736,1.4573800000000001,26.0
2024-04-01 19:24:00,FX:EURCAD,1.4573800000000001,1.45748,1.4573800000000001,1.45748,31.0
2024-04-01 19:25:00,FX:EURCAD,1.45748,1.4575200000000001,1.45744,1.45751,29.0
2024-04-01 19:26:00,FX:EURCAD,1.45751,1.4575200000000001,1.45739,1.45739,34.0
2024-04-01 19:27:00,FX:EURCAD,1.45739,1.45743,1.4573500000000001,1.45743,35.0
2024-04-01 19:28:00,FX:EURCAD,1.45743,1.45749,1.45741,1.45746,32.0
2024-04-01 19:29:00,FX:EURCAD,1.45746,1.45753,1.45743,1.45744,61.0
2024-04-01 19:30:00,FX:EURCAD,1.45744,1.45749,1.45736,1.4574200000000002,41.0
2024-04-01 19:31:00,FX:EURCAD,1.4574200000000002,1.45743,1.45737,1.45739,43.0
2024-04-01 19:32:00,FX:EURCAD,1.45739,1.4574,1.45732,1.45736,48.0
2024-04-01 19:33:00,FX:EURCAD,1.45736,1.4573800000000001,1.45731,1.4573800000000001,25.0
2024-04-01 19:34:00,FX:EURCAD,1.4573800000000001,1.4573800000000001,1.45733,1.4573500000000001,22.0
2024-04-01 19:35:00,FX:EURCAD,1.4573500000000001,1.4574,1.45733,1.4574,15.0
2024-04-01 19:36:00,FX:EURCAD,1.4574,1.45747,1.4574,1.4574500000000001,21.0
2024-04-01 19:37:00,FX:EURCAD,1.4574500000000001,1.4574500000000001,1.4574200000000002,1.4574200000000002,16.0
2024-04-01 19:38:00,FX:EURCAD,1.4574200000000002,1.45747,1.4573800000000001,1.45741,50.0
2024-04-01 19:39:00,FX:EURCAD,1.45741,1.45744,1.45733,1.4573500000000001,57.0
2024-04-01 19:40:00,FX:EURCAD,1.4573500000000001,1.45736,1.45733,1.45734,30.0
2024-04-01 19:41:00,FX:EURCAD,1.45734,1.4573500000000001,1.45732,1.4573500000000001,19.0
2024-04-01 19:42:00,FX:EURCAD,1.4573500000000001,1.45754,1.4573500000000001,1.45754,55.0
2024-04-01 19:43:00,FX:EURCAD,1.45754,1.4576,1.4575,1.45754,58.0
2024-04-01 19:44:00,FX:EURCAD,1.45754,1.45757,1.45749,1.4575500000000001,41.0
2024-04-01 19:45:00,FX:EURCAD,1.4575500000000001,1.45757,1.4575,1.45753,57.0
2024-04-01 19:46:00,FX:EURCAD,1.45753,1.45767,1.45753,1.45756,70.0
2024-04-01 19:47:00,FX:EURCAD,1.45756,1.45761,1.45748,1.45749,78.0
2024-04-01 19:48:00,FX:EURCAD,1.45749,1.4576500000000001,1.45749,1.4575900000000002,49.0
2024-04-01 19:49:00,FX:EURCAD,1.4575900000000002,1.4576,1.45751,1.45753,53.0
2024-04-01 19:50:00,FX:EURCAD,1.45753,1.45763,1.45751,1.45758,106.0
2024-04-01 19:51:00,FX:EURCAD,1.45758,1.45763,1.4575200000000001,1.45757,92.0
2024-04-01 19:52:00,FX:EURCAD,1.45757,1.45758,1.4575,1.45753,55.0
2024-04-01 19:53:00,FX:EURCAD,1.45753,1.45756,1.45747,1.45748,96.0
2024-04-01 19:54:00,FX:EURCAD,1.45748,1.4575500000000001,1.45747,1.45754,65.0
2024-04-01 19:55:00,FX:EURCAD,1.45754,1.45756,1.4574,1.45744,64.0
2024-04-01 19:56:00,FX:EURCAD,1.45744,1.45748,1.45741,1.4574500000000001,89.0
2024-04-01 19:57:00,FX:EURCAD,1.4574500000000001,1.45753,1.45741,1.4574200000000002,78.0
2024-04-01 19:58:00,FX:EURCAD,1.4574200000000002,1.45748,1.45739,1.4574500000000001,41.0
2024-04-01 19:59:00,FX:EURCAD,1.4574500000000001,1.45746,1.45739,1.45743,77.0
2024-04-01 20:00:00,FX:EURCAD,1.45743,1.4575200000000001,1.4572800000000001,1.45732,166.0
2024-04-01 20:01:00,FX:EURCAD,1.45732,1.45746,1.45723,1.4574200000000002,137.0
2024-04-01 20:02:00,FX:EURCAD,1.4574200000000002,1.45744,1.45723,1.4572500000000002,122.0
2024-04-01 20:03:00,FX:EURCAD,1.4572500000000002,1.45727,1.4569,1.45692,166.0
2024-04-01 20:04:00,FX:EURCAD,1.45692,1.4572,1.45692,1.45707,150.0
2024-04-01 20:05:00,FX:EURCAD,1.45707,1.45713,1.45703,1.45703,116.0
2024-04-01 20:06:00,FX:EURCAD,1.45703,1.4571,1.45697,1.45699,44.0
2024-04-01 20:07:00,FX:EURCAD,1.45699,1.45706,1.4569400000000001,1.4570400000000001,70.0
2024-04-01 20:08:00,FX:EURCAD,1.4570400000000001,1.45716,1.45697,1.45709,75.0
2024-04-01 20:09:00,FX:EURCAD,1.45709,1.4571,1.45699,1.45703,49.0
2024-04-01 20:10:00,FX:EURCAD,1.45703,1.45709,1.45697,1.4570400000000001,101.0
2024-04-01 20:11:00,FX:EURCAD,1.4570400000000001,1.45706,1.4569400000000001,1.45703,124.0
2024-04-01 20:12:00,FX:EURCAD,1.45703,1.4571100000000001,1.4569400000000001,1.45709,142.0
2024-04-01 20:13:00,FX:EURCAD,1.45709,1.45717,1.45707,1.45715,108.0
2024-04-01 20:14:00,FX:EURCAD,1.45715,1.4572800000000001,1.45713,1.4572100000000001,79.0
2024-04-01 20:15:00,FX:EURCAD,1.4572100000000001,1.45722,1.45696,1.45703,226.0
2024-04-01 20:16:00,FX:EURCAD,1.45703,1.4571,1.4569,1.4569800000000002,150.0
2024-04-01 20:17:00,FX:EURCAD,1.4569800000000002,1.4570100000000001,1.45693,1.4570100000000001,110.0
2024-04-01 20:18:00,FX:EURCAD,1.4570100000000001,1.45706,1.45697,1.45703,93.0
2024-04-01 20:19:00,FX:EURCAD,1.45703,1.4571100000000001,1.45692,1.45692,157.0
2024-04-01 20:20:00,FX:EURCAD,1.45692,1.45707,1.4569100000000001,1.457,125.0
2024-04-01 20:21:00,FX:EURCAD,1.457,1.45705,1.4569100000000001,1.4570100000000001,142.0
2024-04-01 20:22:00,FX:EURCAD,1.4570100000000001,1.45702,1.4569,1.45695,91.0
2024-04-01 20:23:00,FX:EURCAD,1.45695,1.45703,1.45695,1.45702,139.0
2024-04-01 20:24:00,FX:EURCAD,1.45702,1.45709,1.4569,1.4569,135.0
2024-04-01 20:25:00,FX:EURCAD,1.4569,1.45696,1.4568400000000001,1.45692,122.0
2024-04-01 20:26:00,FX:EURCAD,1.45692,1.45697,1.45685,1.45687,48.0
2024-04-01 20:27:00,FX:EURCAD,1.45687,1.45697,1.45683,1.45695,59.0
2024-04-01 20:28:00,FX:EURCAD,1.45695,1.4570100000000001,1.45695,1.45696,26.0
2024-04-01 20:29:00,FX:EURCAD,1.45696,1.45697,1.4568400000000001,1.4569,89.0
2024-04-01 20:30:00,FX:EURCAD,1.4569,1.45699,1.45689,1.45699,38.0
2024-04-01 20:31:00,FX:EURCAD,1.45699,1.457,1.4569100000000001,1.4569400000000001,65.0
2024-04-01 20:32:00,FX:EURCAD,1.4569400000000001,1.45696,1.45685,1.45695,47.0
2024-04-01 20:33:00,FX:EURCAD,1.45695,1.4569800000000002,1.45689,1.45696,99.0
2024-04-01 20:34:00,FX:EURCAD,1.45696,1.45699,1.45687,1.45699,66.0
2024-04-01 20:35:00,FX:EURCAD,1.45699,1.4570800000000002,1.45697,1.457,63.0
2024-04-01 20:36:00,FX:EURCAD,1.457,1.45712,1.45697,1.45699,137.0
2024-04-01 20:37:00,FX:EURCAD,1.45699,1.45714,1.45697,1.4571,82.0
2024-04-01 20:38:00,FX:EURCAD,1.4571,1.45726,1.45705,1.4572500000000002,62.0
2024-04-01 20:39:00,FX:EURCAD,1.4572500000000002,1.4573,1.45723,1.45727,53.0
2024-04-01 20:40:00,FX:EURCAD,1.45727,1.45727,1.45722,1.45723,31.0
2024-04-01 20:41:00,FX:EURCAD,1.45723,1.4573,1.45713,1.45714,83.0
2024-04-01 20:42:00,FX:EURCAD,1.45714,1.4572500000000002,1.4571,1.45712,101.0
2024-04-01 20:43:00,FX:EURCAD,1.45712,1.45713,1.4571,1.45713,70.0
2024-04-01 20:44:00,FX:EURCAD,1.45713,1.45733,1.45712,1.4572,92.0
2024-04-01 20:45:00,FX:EURCAD,1.4572,1.45724,1.45719,1.45723,62.0
2024-04-01 20:46:00,FX:EURCAD,1.45723,1.45723,1.45707,1.4571100000000001,131.0
2024-04-01 20:47:00,FX:EURCAD,1.4571100000000001,1.45713,1.45706,1.4571100000000001,105.0
2024-04-01 20:48:00,FX:EURCAD,1.4571100000000001,1.45715,1.45706,1.45706,104.0
2024-04-01 20:49:00,FX:EURCAD,1.45706,1.45722,1.45706,1.45714,96.0
2024-04-01 20:50:00,FX:EURCAD,1.45714,1.4572,1.45706,1.45709,158.0
2024-04-01 20:51:00,FX:EURCAD,1.45709,1.45712,1.45705,1.4571,144.0
2024-04-01 20:52:00,FX:EURCAD,1.4571,1.45731,1.4571,1.45726,170.0
2024-04-01 20:53:00,FX:EURCAD,1.45726,1.4574500000000001,1.45724,1.4574500000000001,168.0
2024-04-01 20:54:00,FX:EURCAD,1.4574500000000001,1.4576900000000002,1.4574500000000001,1.45754,273.0
2024-04-01 20:55:00,FX:EURCAD,1.45754,1.4576,1.45748,1.4575200000000001,107.0
2024-04-01 20:56:00,FX:EURCAD,1.4575200000000001,1.4575500000000001,1.45748,1.4575,82.0
2024-04-01 20:57:00,FX:EURCAD,1.4575,1.4575500000000001,1.45748,1.45749,107.0
2024-04-01 20:58:00,FX:EURCAD,1.45749,1.45751,1.45741,1.45743,62.0
2024-04-01 20:59:00,FX:EURCAD,1.45743,1.45749,1.45741,1.45748,107.0
2024-04-01 21:00:00,FX:EURCAD,1.45748,1.45748,1.45744,1.45748,75.0
2024-04-01 21:01:00,FX:EURCAD,1.45748,1.45753,1.4574200000000002,1.45746,138.0
2024-04-01 21:02:00,FX:EURCAD,1.45746,1.45749,1.45739,1.45743,97.0
2024-04-01 21:03:00,FX:EURCAD,1.45743,1.45743,1.45724,1.45724,104.0
2024-04-01 21:04:00,FX:EURCAD,1.45724,1.45734,1.45724,1.4573,91.0
2024-04-01 21:05:00,FX:EURCAD,1.4573,1.45732,1.45726,1.45727,87.0
2024-04-01 21:06:00,FX:EURCAD,1.45727,1.4573800000000001,1.45727,1.45731,73.0
2024-04-01 21:07:00,FX:EURCAD,1.45731,1.45733,1.45723,1.45733,69.0
2024-04-01 21:08:00,FX:EURCAD,1.45733,1.4573500000000001,1.45724,1.45724,66.0
2024-04-01 21:09:00,FX:EURCAD,1.45724,1.45724,1.45715,1.45717,64.0
2024-04-01 21:10:00,FX:EURCAD,1.45717,1.45724,1.45715,1.45716,50.0
2024-04-01 21:11:00,FX:EURCAD,1.45716,1.4572500000000002,1.45716,1.45723,50.0
2024-04-01 21:12:00,FX:EURCAD,1.45723,1.45726,1.45722,1.4572500000000002,20.0
2024-04-01 21:13:00,FX:EURCAD,1.4572500000000002,1.45727,1.45722,1.4572500000000002,44.0
2024-04-01 21:14:00,FX:EURCAD,1.4572500000000002,1.45733,1.4572,1.45722,58.0
2024-04-01 21:15:00,FX:EURCAD,1.45722,1.4573500000000001,1.45719,1.45724,184.0
2024-04-01 21:16:00,FX:EURCAD,1.45724,1.45726,1.45716,1.45717,101.0
2024-04-01 21:17:00,FX:EURCAD,1.45717,1.45729,1.457,1.45709,168.0
2024-04-01 21:18:00,FX:EURCAD,1.45709,1.45709,1.45685,1.45692,181.0
2024-04-01 21:19:00,FX:EURCAD,1.45692,1.45702,1.4569,1.457,194.0
2024-04-01 21:20:00,FX:EURCAD,1.457,1.4571,1.4569400000000001,1.45709,152.0
2024-04-01 21:21:00,FX:EURCAD,1.45709,1.45712,1.45699,1.45705,105.0
2024-04-01 21:22:00,FX:EURCAD,1.45705,1.45715,1.45702,1.45714,66.0
2024-04-01 21:23:00,FX:EURCAD,1.45714,1.45714,1.45695,1.45705,129.0
2024-04-01 21:24:00,FX:EURCAD,1.45705,1.4571800000000001,1.45705,1.4571100000000001,115.0
2024-04-01 21:25:00,FX:EURCAD,1.4571100000000001,1.45717,1.45695,1.4570100000000001,79.0
2024-04-01 21:26:00,FX:EURCAD,1.4570100000000001,1.4570400000000001,1.45697,1.45699,58.0
2024-04-01 21:27:00,FX:EURCAD,1.45699,1.4570400000000001,1.45697,1.45703,118.0
2024-04-01 21:28:00,FX:EURCAD,1.45703,1.45707,1.4569800000000002,1.457,114.0
2024-04-01 21:29:00,FX:EURCAD,1.457,1.4570800000000002,1.457,1.45702,98.0
2024-04-01 21:30:00,FX:EURCAD,1.45702,1.4570400000000001,1.4569400000000001,1.45703,195.0
2024-04-01 21:31:00,FX:EURCAD,1.45703,1.4572,1.45699,1.4572,132.0
2024-04-01 21:32:00,FX:EURCAD,1.4572,1.4573,1.45705,1.45705,158.0
2024-04-01 21:33:00,FX:EURCAD,1.45705,1.45712,1.4570400000000001,1.4570800000000002,61.0
2024-04-01 21:34:00,FX:EURCAD,1.4570800000000002,1.4571,1.45693,1.45695,70.0
2024-04-01 21:35:00,FX:EURCAD,1.45695,1.45699,1.45689,1.4569100000000001,127.0
2024-04-01 21:36:00,FX:EURCAD,1.4569100000000001,1.45696,1.4568100000000002,1.4569400000000001,171.0
2024-04-01 21:37:00,FX:EURCAD,1.4569400000000001,1.45696,1.45668,1.45668,137.0
2024-04-01 21:38:00,FX:EURCAD,1.45668,1.4567700000000001,1.45659,1.45675,149.0
2024-04-01 21:39:00,FX:EURCAD,1.45675,1.45683,1.45671,1.4567400000000001,56.0
2024-04-01 21:40:00,FX:EURCAD,1.4567400000000001,1.45683,1.4567400000000001,1.4567700000000001,150.0
2024-04-01 21:41:00,FX:EURCAD,1.4567700000000001,1.4568400000000001,1.45676,1.45678,75.0
2024-04-01 21:42:00,FX:EURCAD,1.45678,1.4568,1.45671,1.45671,77.0
2024-04-01 21:43:00,FX:EURCAD,1.45671,1.45678,1.45671,1.4567700000000001,100.0
2024-04-01 21:44:00,FX:EURCAD,1.4567700000000001,1.4567700000000001,1.45665,1.45671,106.0
2024-04-01 21:45:00,FX:EURCAD,1.45671,1.45671,1.45659,1.4566700000000001,83.0
2024-04-01 21:46:00,FX:EURCAD,1.4566700000000001,1.45669,1.45659,1.45665,38.0
2024-04-01 21:47:00,FX:EURCAD,1.45665,1.4566700000000001,1.45662,1.45666,54.0
2024-04-01 21:48:00,FX:EURCAD,1.45666,1.45673,1.4566000000000001,1.4566400000000002,101.0
2024-04-01 21:49:00,FX:EURCAD,1.4566400000000002,1.45666,1.45659,1.45662,48.0
2024-04-01 21:50:00,FX:EURCAD,1.45662,1.4566700000000001,1.4566000000000001,1.4566400000000002,51.0
2024-04-01 21:51:00,FX:EURCAD,1.4566400000000002,1.4566700000000001,1.45661,1.45661,28.0
2024-04-01 21:52:00,FX:EURCAD,1.45661,1.45668,1.45661,1.4566400000000002,33.0
2024-04-01 21:53:00,FX:EURCAD,1.4566400000000002,1.45669,1.45661,1.45662,37.0
2024-04-01 21:54:00,FX:EURCAD,1.45662,1.45668,1.45658,1.4566400000000002,29.0
2024-04-01 21:55:00,FX:EURCAD,1.4566400000000002,1.4567,1.45662,1.4567,43.0
2024-04-01 21:56:00,FX:EURCAD,1.4567,1.45673,1.45662,1.45672,67.0
2024-04-01 21:57:00,FX:EURCAD,1.45672,1.45673,1.45668,1.45671,47.0
2024-04-01 21:58:00,FX:EURCAD,1.45671,1.45675,1.45665,1.45671,82.0
2024-04-01 21:59:00,FX:EURCAD,1.45671,1.4567400000000001,1.4566700000000001,1.45671,48.0
2024-04-01 22:00:00,FX:EURCAD,1.45671,1.45671,1.4566000000000001,1.45663,41.0
2024-04-01 22:01:00,FX:EURCAD,1.45663,1.45666,1.45658,1.45666,22.0
2024-04-01 22:02:00,FX:EURCAD,1.45666,1.45666,1.4566000000000001,1.45666,57.0
2024-04-01 22:03:00,FX:EURCAD,1.45666,1.45672,1.45662,1.45665,75.0
2024-04-01 22:04:00,FX:EURCAD,1.45665,1.4567,1.45665,1.45665,48.0
2024-04-01 22:05:00,FX:EURCAD,1.45665,1.45671,1.45648,1.45652,68.0
2024-04-01 22:06:00,FX:EURCAD,1.45652,1.45663,1.45651,1.45662,66.0
2024-04-01 22:07:00,FX:EURCAD,1.45662,1.4566400000000002,1.45656,1.45661,89.0
2024-04-01 22:08:00,FX:EURCAD,1.45661,1.45662,1.45651,1.45651,42.0
2024-04-01 22:09:00,FX:EURCAD,1.45651,1.45659,1.45648,1.45654,63.0
2024-04-01 22:10:00,FX:EURCAD,1.45654,1.45673,1.45654,1.45672,114.0
2024-04-01 22:11:00,FX:EURCAD,1.45672,1.4567400000000001,1.4566700000000001,1.45673,63.0
2024-04-01 22:12:00,FX:EURCAD,1.45673,1.45683,1.45659,1.45679,121.0
2024-04-01 22:13:00,FX:EURCAD,1.45679,1.45682,1.45676,1.45679,52.0
2024-04-01 22:14:00,FX:EURCAD,1.45679,1.4568400000000001,1.45668,1.4567,127.0
2024-04-01 22:15:00,FX:EURCAD,1.4567,1.4567400000000001,1.4566400000000002,1.4567,102.0
2024-04-01 22:16:00,FX:EURCAD,1.4567,1.4567,1.45661,1.45662,123.0
2024-04-01 22:17:00,FX:EURCAD,1.45662,1.45675,1.45662,1.45671,47.0
2024-04-01 22:18:00,FX:EURCAD,1.45671,1.45682,1.45671,1.4567400000000001,84.0
2024-04-01 22:19:00,FX:EURCAD,1.4567400000000001,1.4568400000000001,1.4567400000000001,1.45682,37.0
2024-04-01 22:20:00,FX:EURCAD,1.45682,1.4568400000000001,1.4567400000000001,1.45682,61.0
2024-04-01 22:21:00,FX:EURCAD,1.45682,1.45688,1.4568100000000002,1.45682,43.0
2024-04-01 22:22:00,FX:EURCAD,1.45682,1.45685,1.45679,1.45685,33.0
2024-04-01 22:23:00,FX:EURCAD,1.45685,1.45689,1.4568100000000002,1.45689,42.0
2024-04-01 22:24:00,FX:EURCAD,1.45689,1.45693,1.4568400000000001,1.4568400000000001,50.0
2024-04-01 22:25:00,FX:EURCAD,1.4568400000000001,1.4569400000000001,1.45682,1.4569400000000001,36.0
2024-04-01 22:26:00,FX:EURCAD,1.4569400000000001,1.4569400000000001,1.45687,1.4569,45.0
2024-04-01 22:27:00,FX:EURCAD,1.4569,1.45699,1.45687,1.45697,78.0
2024-04-01 22:28:00,FX:EURCAD,1.45697,1.4570400000000001,1.45693,1.45702,46.0
2024-04-01 22:29:00,FX:EURCAD,1.45702,1.45705,1.457,1.4570400000000001,42.0
2024-04-01 22:30:00,FX:EURCAD,1.4570400000000001,1.4570800000000002,1.4570100000000001,1.4570800000000002,76.0
2024-04-01 22:31:00,FX:EURCAD,1.4570800000000002,1.4570800000000002,1.4569800000000002,1.4570400000000001,75.0
2024-04-01 22:32:00,FX:EURCAD,1.4570400000000001,1.45706,1.4570100000000001,1.45705,71.0
2024-04-01 22:33:00,FX:EURCAD,1.45705,1.45706,1.45699,1.45702,46.0
2024-04-01 22:34:00,FX:EURCAD,1.45702,1.4570400000000001,1.457,1.457,63.0
2024-04-01 22:35:00,FX:EURCAD,1.457,1.45702,1.457,1.45702,46.0
2024-04-01 22:36:00,FX:EURCAD,1.45702,1.45709,1.45702,1.4570400000000001,51.0
2024-04-01 22:37:00,FX:EURCAD,1.4570400000000001,1.4571100000000001,1.4570400000000001,1.45709,51.0
2024-04-01 22:38:00,FX:EURCAD,1.45709,1.45715,1.4570800000000002,1.4571100000000001,86.0
2024-04-01 22:39:00,FX:EURCAD,1.4571100000000001,1.45714,1.4571100000000001,1.45713,15.0
2024-04-01 22:40:00,FX:EURCAD,1.45713,1.45719,1.45709,1.45709,73.0
2024-04-01 22:41:00,FX:EURCAD,1.45709,1.45719,1.45709,1.45717,66.0
2024-04-01 22:42:00,FX:EURCAD,1.45717,1.4572500000000002,1.45717,1.45722,55.0
2024-04-01 22:43:00,FX:EURCAD,1.45722,1.45723,1.45719,1.45723,59.0
2024-04-01 22:44:00,FX:EURCAD,1.45723,1.4572800000000001,1.4572100000000001,1.4572500000000002,77.0
2024-04-01 22:45:00,FX:EURCAD,1.4572500000000002,1.4572500000000002,1.45716,1.45717,53.0
2024-04-01 22:46:00,FX:EURCAD,1.45717,1.45724,1.45717,1.45724,23.0
2024-04-01 22:47:00,FX:EURCAD,1.45724,1.45726,1.4572100000000001,1.45723,46.0
2024-04-01 22:48:00,FX:EURCAD,1.45723,1.45724,1.45719,1.4572100000000001,48.0
2024-04-01 22:49:00,FX:EURCAD,1.4572100000000001,1.4572500000000002,1.4572100000000001,1.45724,43.0
2024-04-01 22:50:00,FX:EURCAD,1.45724,1.4573,1.45722,1.45727,65.0
2024-04-01 22:51:00,FX:EURCAD,1.45727,1.45727,1.4572,1.4572,58.0
2024-04-01 22:52:00,FX:EURCAD,1.4572,1.45723,1.45712,1.45712,57.0
2024-04-01 22:53:00,FX:EURCAD,1.45712,1.45723,1.4571100000000001,1.45719,21.0
2024-04-01 22:54:00,FX:EURCAD,1.45719,1.45724,1.45716,1.4571800000000001,62.0
2024-04-01 22:55:00,FX:EURCAD,1.4571800000000001,1.45723,1.45715,1.45716,39.0
2024-04-01 22:56:00,FX:EURCAD,1.45716,1.4571800000000001,1.4570800000000002,1.45709,22.0
2024-04-01 22:57:00,FX:EURCAD,1.45709,1.4571,1.45702,1.4571,52.0
2024-04-01 22:58:00,FX:EURCAD,1.4571,1.4571100000000001,1.45705,1.45705,50.0
2024-04-01 22:59:00,FX:EURCAD,1.45705,1.4571100000000001,1.4570400000000001,1.45709,58.0
2024-04-01 23:00:00,FX:EURCAD,1.45709,1.4571100000000001,1.45702,1.45702,41.0
2024-04-01 23:01:00,FX:EURCAD,1.45702,1.45705,1.457,1.4570100000000001,38.0
2024-04-01 23:02:00,FX:EURCAD,1.4570100000000001,1.45716,1.457,1.45715,72.0
2024-04-01 23:03:00,FX:EURCAD,1.45715,1.4571800000000001,1.45715,1.45716,37.0
2024-04-01 23:04:00,FX:EURCAD,1.45716,1.45716,1.4570800000000002,1.45712,63.0
2024-04-01 23:05:00,FX:EURCAD,1.45712,1.45715,1.45706,1.45709,27.0
2024-04-01 23:06:00,FX:EURCAD,1.45709,1.45716,1.4570800000000002,1.4571100000000001,60.0
2024-04-01 23:07:00,FX:EURCAD,1.4571100000000001,1.4572100000000001,1.4571,1.45719,57.0
2024-04-01 23:08:00,FX:EURCAD,1.45719,1.45722,1.4571800000000001,1.4572100000000001,23.0
2024-04-01 23:09:00,FX:EURCAD,1.4572100000000001,1.45726,1.4572100000000001,1.45722,31.0
2024-04-01 23:10:00,FX:EURCAD,1.45722,1.45723,1.4572,1.4572100000000001,21.0
2024-04-01 23:11:00,FX:EURCAD,1.4572100000000001,1.45724,1.4572,1.4572100000000001,30.0
2024-04-01 23:12:00,FX:EURCAD,1.4572100000000001,1.45726,1.45716,1.45723,51.0
2024-04-01 23:13:00,FX:EURCAD,1.45723,1.45723,1.45717,1.45717,39.0
2024-04-01 23:14:00,FX:EURCAD,1.45717,1.4572100000000001,1.45715,1.45716,37.0
2024-04-01 23:15:00,FX:EURCAD,1.45716,1.45716,1.4570800000000002,1.4570800000000002,37.0
2024-04-01 23:16:00,FX:EURCAD,1.4570800000000002,1.45714,1.45705,1.4571,26.0
2024-04-01 23:17:00,FX:EURCAD,1.4571,1.4571100000000001,1.4570400000000001,1.4570400000000001,17.0
2024-04-01 23:18:00,FX:EURCAD,1.4570400000000001,1.45706,1.45692,1.4569400000000001,39.0
2024-04-01 23:19:00,FX:EURCAD,1.4569400000000001,1.45699,1.45693,1.4569800000000002,26.0
2024-04-01 23:20:00,FX:EURCAD,1.4569800000000002,1.45703,1.45693,1.45696,65.0
2024-04-01 23:21:00,FX:EURCAD,1.45696,1.45702,1.45689,1.45689,43.0
2024-04-01 23:22:00,FX:EURCAD,1.45689,1.45693,1.45686,1.45687,41.0
2024-04-01 23:23:00,FX:EURCAD,1.45687,1.45689,1.45682,1.45687,73.0
2024-04-01 23:24:00,FX:EURCAD,1.45687,1.4569100000000001,1.45683,1.45689,20.0
2024-04-01 23:25:00,FX:EURCAD,1.45689,1.45695,1.45685,1.45688,78.0
2024-04-01 23:26:00,FX:EURCAD,1.45688,1.4569400000000001,1.45687,1.4569,100.0
2024-04-01 23:27:00,FX:EURCAD,1.4569,1.45693,1.4568400000000001,1.45689,74.0
2024-04-01 23:28:00,FX:EURCAD,1.45689,1.4569,1.4568100000000002,1.4568400000000001,94.0
2024-04-01 23:29:00,FX:EURCAD,1.4568400000000001,1.4569400000000001,1.4568,1.4569,83.0
2024-04-01 23:30:00,FX:EURCAD,1.4569,1.45695,1.45689,1.4569100000000001,70.0
2024-04-01 23:31:00,FX:EURCAD,1.4569100000000001,1.4570100000000001,1.4569,1.45693,48.0
2024-04-01 23:32:00,FX:EURCAD,1.45693,1.4569400000000001,1.4568100000000002,1.4569,76.0
2024-04-01 23:33:00,FX:EURCAD,1.4569,1.4569400000000001,1.45686,1.45688,82.0
2024-04-01 23:34:00,FX:EURCAD,1.45688,1.457,1.45687,1.45699,91.0
2024-04-01 23:35:00,FX:EURCAD,1.45699,1.45706,1.4569400000000001,1.45705,61.0
2024-04-01 23:36:00,FX:EURCAD,1.45705,1.45706,1.457,1.45705,35.0
2024-04-01 23:37:00,FX:EURCAD,1.45705,1.45707,1.4569800000000002,1.45705,55.0
2024-04-01 23:38:00,FX:EURCAD,1.45705,1.45712,1.4570400000000001,1.4571,53.0
2024-04-01 23:39:00,FX:EURCAD,1.4571,1.45716,1.45709,1.45712,65.0
2024-04-01 23:40:00,FX:EURCAD,1.45712,1.45714,1.4571100000000001,1.45712,18.0
2024-04-01 23:41:00,FX:EURCAD,1.45712,1.45716,1.45709,1.45709,66.0
2024-04-01 23:42:00,FX:EURCAD,1.45709,1.45712,1.4570400000000001,1.4571100000000001,89.0
2024-04-01 23:43:00,FX:EURCAD,1.4571100000000001,1.45714,1.4570800000000002,1.45709,65.0
2024-04-01 23:44:00,FX:EURCAD,1.45709,1.45714,1.4570800000000002,1.4571,50.0
2024-04-01 23:45:00,FX:EURCAD,1.4571,1.45715,1.45707,1.45713,38.0
2024-04-01 23:46:00,FX:EURCAD,1.45713,1.45715,1.45706,1.45712,65.0
2024-04-01 23:47:00,FX:EURCAD,1.45712,1.45715,1.4570800000000002,1.4570800000000002,35.0
2024-04-01 23:48:00,FX:EURCAD,1.4570800000000002,1.45715,1.45707,1.45712,56.0
2024-04-01 23:49:00,FX:EURCAD,1.45712,1.45713,1.45705,1.45706,44.0
2024-04-01 23:50:00,FX:EURCAD,1.45706,1.45709,1.45703,1.4570800000000002,78.0
2024-04-01 23:51:00,FX:EURCAD,1.4570800000000002,1.4570800000000002,1.45703,1.45705,43.0
2024-04-01 23:52:00,FX:EURCAD,1.45705,1.4571800000000001,1.4570400000000001,1.45717,33.0
2024-04-01 23:53:00,FX:EURCAD,1.45717,1.45717,1.4571100000000001,1.45713,28.0
2024-04-01 23:54:00,FX:EURCAD,1.45713,1.45715,1.4570800000000002,1.45709,52.0
2024-04-01 23:55:00,FX:EURCAD,1.45709,1.45716,1.4570800000000002,1.45713,40.0
2024-04-01 23:56:00,FX:EURCAD,1.45713,1.45715,1.4571,1.45715,31.0
2024-04-01 23:57:00,FX:EURCAD,1.45715,1.45717,1.4571100000000001,1.4571100000000001,24.0
2024-04-01 23:58:00,FX:EURCAD,1.4571100000000001,1.4571100000000001,1.45705,1.45709,46.0
2024-04-01 23:59:00,FX:EURCAD,1.45709,1.4571,1.4570800000000002,1.45709,17.0
2024-04-02 00:00:00,FX:EURCAD,1.45709,1.45713,1.4570100000000001,1.4571100000000001,55.0
2024-04-02 00:01:00,FX:EURCAD,1.4571100000000001,1.45719,1.4571100000000001,1.45715,50.0
2024-04-02 00:02:00,FX:EURCAD,1.45715,1.4572100000000001,1.45712,1.4571800000000001,43.0
2024-04-02 00:03:00,FX:EURCAD,1.4571800000000001,1.45726,1.45717,1.45722,39.0
2024-04-02 00:04:00,FX:EURCAD,1.45722,1.4572500000000002,1.45716,1.4572500000000002,43.0
2024-04-02 00:05:00,FX:EURCAD,1.4572500000000002,1.45732,1.45716,1.45732,69.0
2024-04-02 00:06:00,FX:EURCAD,1.45732,1.45732,1.4572100000000001,1.4572100000000001,19.0
2024-04-02 00:07:00,FX:EURCAD,1.4572100000000001,1.4572800000000001,1.4571800000000001,1.4572,43.0
2024-04-02 00:08:00,FX:EURCAD,1.4572,1.4572500000000002,1.45719,1.4572,57.0
2024-04-02 00:09:00,FX:EURCAD,1.4572,1.45724,1.45719,1.45722,37.0
2024-04-02 00:10:00,FX:EURCAD,1.45722,1.4572800000000001,1.45722,1.4572500000000002,48.0
2024-04-02 00:11:00,FX:EURCAD,1.4572500000000002,1.45729,1.4572500000000002,1.45727,28.0
2024-04-02 00:12:00,FX:EURCAD,1.45727,1.4572800000000001,1.45726,1.45726,8.0
2024-04-02 00:13:00,FX:EURCAD,1.45726,1.4573,1.45726,1.4572800000000001,55.0
2024-04-02 00:14:00,FX:EURCAD,1.4572800000000001,1.45732,1.4572800000000001,1.45729,36.0
2024-04-02 00:15:00,FX:EURCAD,1.45729,1.45739,1.45729,1.45734,16.0
2024-04-02 00:16:00,FX:EURCAD,1.45734,1.45739,1.45733,1.4573500000000001,21.0
2024-04-02 00:17:00,FX:EURCAD,1.4573500000000001,1.4573500000000001,1.45734,1.45734,7.0
2024-04-02 00:18:00,FX:EURCAD,1.45734,1.4573500000000001,1.45731,1.45732,17.0
2024-04-02 00:19:00,FX:EURCAD,1.45732,1.45739,1.45732,1.4573800000000001,7.0
2024-04-02 00:20:00,FX:EURCAD,1.4573800000000001,1.4574500000000001,1.45737,1.4574200000000002,31.0
2024-04-02 00:21:00,FX:EURCAD,1.4574200000000002,1.45748,1.45741,1.45748,31.0
2024-04-02 00:22:00,FX:EURCAD,1.45748,1.45748,1.45741,1.45743,46.0
2024-04-02 00:23:00,FX:EURCAD,1.45743,1.4575,1.4574200000000002,1.4575,42.0
2024-04-02 00:24:00,FX:EURCAD,1.4575,1.45751,1.4575,1.45751,20.0
2024-04-02 00:25:00,FX:EURCAD,1.45751,1.45753,1.4574500000000001,1.45747,30.0
2024-04-02 00:26:00,FX:EURCAD,1.45747,1.4575,1.45744,1.45749,47.0
2024-04-02 00:27:00,FX:EURCAD,1.45749,1.45749,1.45748,1.45749,12.0
2024-04-02 00:28:00,FX:EURCAD,1.45749,1.4575500000000001,1.45748,1.4575200000000001,26.0
2024-04-02 00:29:00,FX:EURCAD,1.4575200000000001,1.45753,1.45747,1.45753,42.0
2024-04-02 00:30:00,FX:EURCAD,1.45753,1.45758,1.45753,1.4575500000000001,50.0
2024-04-02 00:31:00,FX:EURCAD,1.4575500000000001,1.45758,1.45751,1.4575200000000001,36.0
2024-04-02 00:32:00,FX:EURCAD,1.4575200000000001,1.4576,1.4575200000000001,1.4575500000000001,55.0
2024-04-02 00:33:00,FX:EURCAD,1.4575500000000001,1.4575500000000001,1.45753,1.45754,8.0
2024-04-02 00:34:00,FX:EURCAD,1.45754,1.45757,1.45754,1.45757,33.0
2024-04-02 00:35:00,FX:EURCAD,1.45757,1.4575900000000002,1.45756,1.45757,16.0
2024-04-02 00:36:00,FX:EURCAD,1.45757,1.45758,1.45757,1.45757,10.0
2024-04-02 00:37:00,FX:EURCAD,1.45757,1.4576,1.45757,1.4575900000000002,15.0
2024-04-02 00:38:00,FX:EURCAD,1.4575900000000002,1.45764,1.4575900000000002,1.4576,35.0
2024-04-02 00:39:00,FX:EURCAD,1.4576,1.45761,1.4576,1.45761,6.0
2024-04-02 00:40:00,FX:EURCAD,1.45761,1.4576200000000001,1.45761,1.4576200000000001,6.0
2024-04-02 00:41:00,FX:EURCAD,1.4576200000000001,1.45766,1.45757,1.4576200000000001,47.0
2024-04-02 00:42:00,FX:EURCAD,1.4576200000000001,1.45763,1.45757,1.4576,38.0
2024-04-02 00:43:00,FX:EURCAD,1.4576,1.45764,1.4575900000000002,1.4576,45.0
2024-04-02 00:44:00,FX:EURCAD,1.4576,1.45766,1.45757,1.4576500000000001,47.0
2024-04-02 00:45:00,FX:EURCAD,1.4576500000000001,1.45766,1.4576200000000001,1.45764,19.0
2024-04-02 00:46:00,FX:EURCAD,1.45764,1.4576500000000001,1.45753,1.45757,77.0
2024-04-02 00:47:00,FX:EURCAD,1.45757,1.45761,1.45754,1.45757,42.0
2024-04-02 00:48:00,FX:EURCAD,1.45757,1.45757,1.45754,1.45757,35.0
2024-04-02 00:49:00,FX:EURCAD,1.45757,1.45758,1.45746,1.45747,54.0
2024-04-02 00:50:00,FX:EURCAD,1.45747,1.45749,1.45744,1.45744,40.0
2024-04-02 00:51:00,FX:EURCAD,1.45744,1.45749,1.45744,1.45748,24.0
2024-04-02 00:52:00,FX:EURCAD,1.45748,1.45749,1.45743,1.45746,38.0
2024-04-02 00:53:00,FX:EURCAD,1.45746,1.4575200000000001,1.45746,1.45749,24.0
2024-04-02 00:54:00,FX:EURCAD,1.45749,1.4575200000000001,1.45744,1.45751,34.0
2024-04-02 00:55:00,FX:EURCAD,1.45751,1.4575200000000001,1.45746,1.45748,51.0
2024-04-02 00:56:00,FX:EURCAD,1.45748,1.45753,1.45747,1.4575200000000001,55.0
2024-04-02 00:57:00,FX:EURCAD,1.4575200000000001,1.4575900000000002,1.45747,1.45756,86.0
2024-04-02 00:58:00,FX:EURCAD,1.45756,1.4576200000000001,1.4575200000000001,1.45756,94.0
2024-04-02 00:59:00,FX:EURCAD,1.45756,1.4575900000000002,1.45756,1.45756,46.0
2024-04-02 01:00:00,FX:EURCAD,1.45756,1.45757,1.45747,1.45753,131.0
2024-04-02 01:01:00,FX:EURCAD,1.45753,1.4575500000000001,1.45749,1.45754,87.0
2024-04-02 01:02:00,FX:EURCAD,1.45754,1.4575500000000001,1.45743,1.4575200000000001,85.0
2024-04-02 01:03:00,FX:EURCAD,1.4575200000000001,1.45757,1.45747,1.45757,57.0
2024-04-02 01:04:00,FX:EURCAD,1.45757,1.4576,1.4575200000000001,1.45757,71.0
2024-04-02 01:05:00,FX:EURCAD,1.45757,1.45766,1.4575500000000001,1.45763,77.0
2024-04-02 01:06:00,FX:EURCAD,1.45763,1.45768,1.45758,1.4576200000000001,72.0
2024-04-02 01:07:00,FX:EURCAD,1.4576200000000001,1.45763,1.4575900000000002,1.4576200000000001,68.0
2024-04-02 01:08:00,FX:EURCAD,1.4576200000000001,1.45773,1.45761,1.4577,64.0
2024-04-02 01:09:00,FX:EURCAD,1.4577,1.45776,1.45764,1.45776,59.0
2024-04-02 01:10:00,FX:EURCAD,1.45776,1.45777,1.45773,1.45775,56.0
2024-04-02 01:11:00,FX:EURCAD,1.45775,1.4577900000000001,1.45773,1.45773,59.0
2024-04-02 01:12:00,FX:EURCAD,1.45773,1.45777,1.45773,1.45777,65.0
2024-04-02 01:13:00,FX:EURCAD,1.45777,1.45781,1.45774,1.4578,63.0
2024-04-02 01:14:00,FX:EURCAD,1.4578,1.4578,1.45775,1.45775,13.0
2024-04-02 01:15:00,FX:EURCAD,1.45775,1.45778,1.45771,1.45777,47.0
2024-04-02 01:16:00,FX:EURCAD,1.45777,1.45783,1.45774,1.45774,82.0
2024-04-02 01:17:00,FX:EURCAD,1.45774,1.45774,1.4576200000000001,1.45771,94.0
2024-04-02 01:18:00,FX:EURCAD,1.45771,1.4577200000000001,1.4576,1.45771,43.0
2024-04-02 01:19:00,FX:EURCAD,1.45771,1.45784,1.4576900000000002,1.4578200000000001,71.0
2024-04-02 01:20:00,FX:EURCAD,1.4578200000000001,1.4578200000000001,1.4577,1.4577,46.0
2024-04-02 01:21:00,FX:EURCAD,1.4577,1.4577,1.4575900000000002,1.4576200000000001,50.0
2024-04-02 01:22:00,FX:EURCAD,1.4576200000000001,1.45764,1.45757,1.4576,23.0
2024-04-02 01:23:00,FX:EURCAD,1.4576,1.4576500000000001,1.45757,1.4576200000000001,69.0
2024-04-02 01:24:00,FX:EURCAD,1.4576200000000001,1.45764,1.45748,1.45749,70.0
2024-04-02 01:25:00,FX:EURCAD,1.45749,1.45754,1.45747,1.4575200000000001,32.0
2024-04-02 01:26:00,FX:EURCAD,1.4575200000000001,1.45756,1.4575,1.45753,43.0
2024-04-02 01:27:00,FX:EURCAD,1.45753,1.45758,1.4575,1.45754,78.0
2024-04-02 01:28:00,FX:EURCAD,1.45754,1.45758,1.45751,1.45753,38.0
2024-04-02 01:29:00,FX:EURCAD,1.45753,1.45756,1.45751,1.45751,23.0
2024-04-02 01:30:00,FX:EURCAD,1.45751,1.4575900000000002,1.45749,1.45751,68.0
2024-04-02 01:31:00,FX:EURCAD,1.45751,1.45761,1.4574500000000001,1.45761,55.0
2024-04-02 01:32:00,FX:EURCAD,1.45761,1.45761,1.45749,1.45749,29.0
2024-04-02 01:33:00,FX:EURCAD,1.45749,1.45753,1.45727,1.45741,79.0
2024-04-02 01:34:00,FX:EURCAD,1.45741,1.45744,1.45733,1.45743,44.0
2024-04-02 01:35:00,FX:EURCAD,1.45743,1.45746,1.4573500000000001,1.45736,57.0
2024-04-02 01:36:00,FX:EURCAD,1.45736,1.4574200000000002,1.4572800000000001,1.4574,45.0
2024-04-02 01:37:00,FX:EURCAD,1.4574,1.45757,1.4574,1.45754,72.0
2024-04-02 01:38:00,FX:EURCAD,1.45754,1.45754,1.45747,1.4575,57.0
2024-04-02 01:39:00,FX:EURCAD,1.4575,1.45756,1.45746,1.4575200000000001,51.0
2024-04-02 01:40:00,FX:EURCAD,1.4575200000000001,1.4576200000000001,1.45749,1.45751,61.0
2024-04-02 01:41:00,FX:EURCAD,1.45751,1.45756,1.45751,1.4575200000000001,37.0
2024-04-02 01:42:00,FX:EURCAD,1.4575200000000001,1.4575500000000001,1.45751,1.45753,22.0
2024-04-02 01:43:00,FX:EURCAD,1.45753,1.4576,1.45741,1.45741,63.0
2024-04-02 01:44:00,FX:EURCAD,1.45741,1.45749,1.4574,1.45748,58.0
2024-04-02 01:45:00,FX:EURCAD,1.45748,1.45749,1.45741,1.45744,91.0
2024-04-02 01:46:00,FX:EURCAD,1.45744,1.45748,1.45743,1.45746,61.0
2024-04-02 01:47:00,FX:EURCAD,1.45746,1.45754,1.45743,1.4575,85.0
2024-04-02 01:48:00,FX:EURCAD,1.4575,1.4575200000000001,1.4574500000000001,1.45748,39.0
2024-04-02 01:49:00,FX:EURCAD,1.45748,1.45754,1.4574500000000001,1.4574500000000001,55.0
2024-04-02 01:50:00,FX:EURCAD,1.4574500000000001,1.45753,1.45744,1.4575200000000001,60.0
2024-04-02 01:51:00,FX:EURCAD,1.4575200000000001,1.4575200000000001,1.45743,1.4575200000000001,54.0
2024-04-02 01:52:00,FX:EURCAD,1.4575200000000001,1.4575200000000001,1.45739,1.45739,39.0
2024-04-02 01:53:00,FX:EURCAD,1.45739,1.45741,1.45727,1.4572800000000001,56.0
2024-04-02 01:54:00,FX:EURCAD,1.4572800000000001,1.4573,1.45716,1.45717,77.0
2024-04-02 01:55:00,FX:EURCAD,1.45717,1.45719,1.4569800000000002,1.4569800000000002,134.0
2024-04-02 01:56:00,FX:EURCAD,1.4569800000000002,1.45703,1.4568400000000001,1.45687,90.0
2024-04-02 01:57:00,FX:EURCAD,1.45687,1.45702,1.45686,1.45689,52.0
2024-04-02 01:58:00,FX:EURCAD,1.45689,1.4569400000000001,1.45679,1.45688,126.0
2024-04-02 01:59:00,FX:EURCAD,1.45688,1.4569100000000001,1.4568400000000001,1.4569,76.0
2024-04-02 02:00:00,FX:EURCAD,1.4569,1.45719,1.45673,1.45688,362.0
2024-04-02 02:01:00,FX:EURCAD,1.45688,1.45695,1.45679,1.45695,152.0
2024-04-02 02:02:00,FX:EURCAD,1.45695,1.45703,1.45688,1.4569,105.0
2024-04-02 02:03:00,FX:EURCAD,1.4569,1.45702,1.4569,1.4569100000000001,96.0
2024-04-02 02:04:00,FX:EURCAD,1.4569100000000001,1.45693,1.4567400000000001,1.45683,114.0
2024-04-02 02:05:00,FX:EURCAD,1.45683,1.45693,1.4568100000000002,1.45686,149.0
2024-04-02 02:06:00,FX:EURCAD,1.45686,1.45688,1.45661,1.45661,157.0
2024-04-02 02:07:00,FX:EURCAD,1.45661,1.4566700000000001,1.45658,1.4566400000000002,40.0
2024-04-02 02:08:00,FX:EURCAD,1.4566400000000002,1.45687,1.4566400000000002,1.45676,166.0
2024-04-02 02:09:00,FX:EURCAD,1.45676,1.4567700000000001,1.45666,1.45673,183.0
2024-04-02 02:10:00,FX:EURCAD,1.45673,1.45673,1.45652,1.45659,137.0
2024-04-02 02:11:00,FX:EURCAD,1.45659,1.45669,1.4565700000000001,1.45661,114.0
2024-04-02 02:12:00,FX:EURCAD,1.45661,1.45668,1.45659,1.45663,64.0
2024-04-02 02:13:00,FX:EURCAD,1.45663,1.45692,1.45663,1.45688,109.0
2024-04-02 02:14:00,FX:EURCAD,1.45688,1.4569,1.4566700000000001,1.4567700000000001,156.0
2024-04-02 02:15:00,FX:EURCAD,1.4567700000000001,1.4568,1.45672,1.4567700000000001,167.0
2024-04-02 02:16:00,FX:EURCAD,1.4567700000000001,1.45679,1.45669,1.45675,99.0
2024-04-02 02:17:00,FX:EURCAD,1.45675,1.45682,1.4567400000000001,1.45676,128.0
2024-04-02 02:18:00,FX:EURCAD,1.45676,1.45685,1.45673,1.45676,154.0
2024-04-02 02:19:00,FX:EURCAD,1.45676,1.4568,1.45663,1.45663,151.0
2024-04-02 02:20:00,FX:EURCAD,1.45663,1.45679,1.4566000000000001,1.45679,156.0
2024-04-02 02:21:00,FX:EURCAD,1.45679,1.45685,1.45676,1.4568100000000002,96.0
2024-04-02 02:22:00,FX:EURCAD,1.4568100000000002,1.45683,1.45671,1.45682,111.0
2024-04-02 02:23:00,FX:EURCAD,1.45682,1.45682,1.4567400000000001,1.45682,122.0
2024-04-02 02:24:00,FX:EURCAD,1.45682,1.4569100000000001,1.45682,1.45689,67.0
2024-04-02 02:25:00,FX:EURCAD,1.45689,1.4569400000000001,1.4568,1.45693,54.0
2024-04-02 02:26:00,FX:EURCAD,1.45693,1.45693,1.45682,1.45682,72.0
2024-04-02 02:27:00,FX:EURCAD,1.45682,1.45685,1.45678,1.4568400000000001,97.0
2024-04-02 02:28:00,FX:EURCAD,1.4568400000000001,1.4569800000000002,1.45682,1.45693,104.0
2024-04-02 02:29:00,FX:EURCAD,1.45693,1.45699,1.45689,1.4569100000000001,88.0
2024-04-02 02:30:00,FX:EURCAD,1.4569100000000001,1.4569100000000001,1.45672,1.45673,119.0
2024-04-02 02:31:00,FX:EURCAD,1.45673,1.45685,1.45672,1.45682,115.0
2024-04-02 02:32:00,FX:EURCAD,1.45682,1.45683,1.4566400000000002,1.45666,205.0
2024-04-02 02:33:00,FX:EURCAD,1.45666,1.45666,1.45654,1.45654,79.0
2024-04-02 02:34:00,FX:EURCAD,1.45654,1.45659,1.4564300000000001,1.45659,100.0
2024-04-02 02:35:00,FX:EURCAD,1.45659,1.4566400000000002,1.45656,1.45661,107.0
2024-04-02 02:36:00,FX:EURCAD,1.45661,1.4566400000000002,1.45645,1.45652,89.0
2024-04-02 02:37:00,FX:EURCAD,1.45652,1.45654,1.45646,1.45652,79.0
2024-04-02 02:38:00,FX:EURCAD,1.45652,1.45661,1.4565000000000001,1.45652,101.0
2024-04-02 02:39:00,FX:EURCAD,1.45652,1.45656,1.45649,1.45652,83.0
2024-04-02 02:40:00,FX:EURCAD,1.45652,1.4566000000000001,1.4564300000000001,1.45654,159.0
2024-04-02 02:41:00,FX:EURCAD,1.45654,1.4566000000000001,1.4563700000000002,1.4564000000000001,179.0
2024-04-02 02:42:00,FX:EURCAD,1.4564000000000001,1.45642,1.45622,1.45629,204.0
2024-04-02 02:43:00,FX:EURCAD,1.45629,1.45641,1.4562300000000001,1.45625,211.0
2024-04-02 02:44:00,FX:EURCAD,1.45625,1.45632,1.45617,1.4562300000000001,145.0
2024-04-02 02:45:00,FX:EURCAD,1.4562300000000001,1.45639,1.45621,1.45634,167.0
2024-04-02 02:46:00,FX:EURCAD,1.45634,1.45642,1.45628,1.45631,155.0
2024-04-02 02:47:00,FX:EURCAD,1.45631,1.45638,1.45618,1.45622,137.0
2024-04-02 02:48:00,FX:EURCAD,1.45622,1.45631,1.4562000000000002,1.45629,127.0
2024-04-02 02:49:00,FX:EURCAD,1.45629,1.45634,1.45618,1.45631,170.0
2024-04-02 02:50:00,FX:EURCAD,1.45631,1.45632,1.45612,1.45617,171.0
2024-04-02 02:51:00,FX:EURCAD,1.45617,1.45619,1.4559900000000001,1.45608,98.0
2024-04-02 02:52:00,FX:EURCAD,1.45608,1.45628,1.45608,1.45626,158.0
2024-04-02 02:53:00,FX:EURCAD,1.45626,1.45631,1.45618,1.45631,98.0
2024-04-02 02:54:00,FX:EURCAD,1.45631,1.45631,1.4562300000000001,1.45624,135.0
2024-04-02 02:55:00,FX:EURCAD,1.45624,1.4564000000000001,1.45621,1.4564000000000001,86.0
2024-04-02 02:56:00,FX:EURCAD,1.4564000000000001,1.4564700000000002,1.45622,1.45626,174.0
2024-04-02 02:57:00,FX:EURCAD,1.45626,1.45629,1.45615,1.45628,124.0
2024-04-02 02:58:00,FX:EURCAD,1.45628,1.45635,1.45621,1.45627,104.0
2024-04-02 02:59:00,FX:EURCAD,1.45627,1.45632,1.45624,1.45628,154.0
2024-04-02 03:00:00,FX:EURCAD,1.45628,1.45628,1.4559600000000001,1.45598,335.0
2024-04-02 03:01:00,FX:EURCAD,1.45598,1.4559900000000001,1.4557600000000002,1.45583,197.0
2024-04-02 03:02:00,FX:EURCAD,1.45583,1.45595,1.45575,1.45585,275.0
2024-04-02 03:03:00,FX:EURCAD,1.45585,1.45621,1.45585,1.4560600000000001,241.0
2024-04-02 03:04:00,FX:EURCAD,1.4560600000000001,1.4561600000000001,1.4560300000000002,1.45609,189.0
2024-04-02 03:05:00,FX:EURCAD,1.45609,1.45626,1.45604,1.45625,239.0
2024-04-02 03:06:00,FX:EURCAD,1.45625,1.45632,1.4562000000000002,1.4562000000000002,163.0
2024-04-02 03:07:00,FX:EURCAD,1.4562000000000002,1.45629,1.45609,1.4562300000000001,145.0
2024-04-02 03:08:00,FX:EURCAD,1.4562300000000001,1.45636,1.45622,1.45631,197.0
2024-04-02 03:09:00,FX:EURCAD,1.45631,1.4564300000000001,1.45631,1.45631,114.0
2024-04-02 03:10:00,FX:EURCAD,1.45631,1.45648,1.4563000000000001,1.45646,234.0
2024-04-02 03:11:00,FX:EURCAD,1.45646,1.45649,1.4562300000000001,1.45624,179.0
2024-04-02 03:12:00,FX:EURCAD,1.45624,1.45624,1.45614,1.45619,160.0
2024-04-02 03:13:00,FX:EURCAD,1.45619,1.45625,1.4560300000000002,1.45609,179.0
2024-04-02 03:14:00,FX:EURCAD,1.45609,1.45618,1.45602,1.45618,183.0
2024-04-02 03:15:00,FX:EURCAD,1.45618,1.4563300000000001,1.4561600000000001,1.4563300000000001,151.0
2024-04-02 03:16:00,FX:EURCAD,1.4563300000000001,1.45638,1.45617,1.4563700000000002,229.0
2024-04-02 03:17:00,FX:EURCAD,1.4563700000000002,1.45655,1.4563700000000002,1.45649,165.0
2024-04-02 03:18:00,FX:EURCAD,1.45649,1.4565700000000001,1.45646,1.4565000000000001,191.0
2024-04-02 03:19:00,FX:EURCAD,1.4565000000000001,1.45651,1.45638,1.4565000000000001,190.0
2024-04-02 03:20:00,FX:EURCAD,1.4565000000000001,1.45658,1.45645,1.45646,144.0
2024-04-02 03:21:00,FX:EURCAD,1.45646,1.45649,1.45628,1.4563000000000001,179.0
2024-04-02 03:22:00,FX:EURCAD,1.4563000000000001,1.45632,1.45614,1.4562000000000002,203.0
2024-04-02 03:23:00,FX:EURCAD,1.4562000000000002,1.45627,1.4560300000000002,1.45609,125.0
2024-04-02 03:24:00,FX:EURCAD,1.45609,1.4561,1.45601,1.45601,173.0
2024-04-02 03:25:00,FX:EURCAD,1.45601,1.4562000000000002,1.456,1.456,270.0
2024-04-02 03:26:00,FX:EURCAD,1.456,1.4562000000000002,1.456,1.4562000000000002,249.0
2024-04-02 03:27:00,FX:EURCAD,1.4562000000000002,1.4563000000000001,1.45614,1.4563000000000001,119.0
2024-04-02 03:28:00,FX:EURCAD,1.4563000000000001,1.4564700000000002,1.45629,1.45642,59.0
2024-04-02 03:29:00,FX:EURCAD,1.45642,1.45658,1.4563300000000001,1.45658,148.0
2024-04-02 03:30:00,FX:EURCAD,1.45658,1.45659,1.45624,1.45628,169.0
2024-04-02 03:31:00,FX:EURCAD,1.45628,1.45636,1.45624,1.45632,196.0
2024-04-02 03:32:00,FX:EURCAD,1.45632,1.45648,1.45631,1.4564300000000001,224.0
2024-04-02 03:33:00,FX:EURCAD,1.4564300000000001,1.4565000000000001,1.4564000000000001,1.45644,200.0
2024-04-02 03:34:00,FX:EURCAD,1.45644,1.4565700000000001,1.4564300000000001,1.45654,162.0
2024-04-02 03:35:00,FX:EURCAD,1.45654,1.45662,1.45648,1.45662,141.0
2024-04-02 03:36:00,FX:EURCAD,1.45662,1.45666,1.45655,1.45655,117.0
2024-04-02 03:37:00,FX:EURCAD,1.45655,1.45661,1.45648,1.4565700000000001,158.0
2024-04-02 03:38:00,FX:EURCAD,1.4565700000000001,1.4568100000000002,1.45653,1.45675,230.0
2024-04-02 03:39:00,FX:EURCAD,1.45675,1.4568100000000002,1.45669,1.45675,192.0
2024-04-02 03:40:00,FX:EURCAD,1.45675,1.4568,1.45669,1.45673,207.0
2024-04-02 03:41:00,FX:EURCAD,1.45673,1.4568,1.45666,1.45679,216.0
2024-04-02 03:42:00,FX:EURCAD,1.45679,1.4569100000000001,1.45676,1.45686,219.0
2024-04-02 03:43:00,FX:EURCAD,1.45686,1.4570100000000001,1.4568,1.4569100000000001,217.0
2024-04-02 03:44:00,FX:EURCAD,1.4569100000000001,1.4569400000000001,1.45682,1.4569100000000001,186.0
2024-04-02 03:45:00,FX:EURCAD,1.4569100000000001,1.45695,1.4568100000000002,1.45682,150.0
2024-04-02 03:46:00,FX:EURCAD,1.45682,1.4569,1.45678,1.4568100000000002,124.0
2024-04-02 03:47:00,FX:EURCAD,1.4568100000000002,1.4568400000000001,1.4566700000000001,1.4567700000000001,169.0
2024-04-02 03:48:00,FX:EURCAD,1.4567700000000001,1.4569800000000002,1.45675,1.45696,128.0
2024-04-02 03:49:00,FX:EURCAD,1.45696,1.45696,1.4568,1.45686,161.0
2024-04-02 03:50:00,FX:EURCAD,1.45686,1.4570400000000001,1.4568100000000002,1.45702,128.0
2024-04-02 03:51:00,FX:EURCAD,1.45702,1.4571800000000001,1.45702,1.45717,91.0
2024-04-02 03:52:00,FX:EURCAD,1.45717,1.45724,1.4571,1.4572,164.0
2024-04-02 03:53:00,FX:EURCAD,1.4572,1.45732,1.4572,1.45729,107.0
2024-04-02 03:54:00,FX:EURCAD,1.45729,1.4574,1.45726,1.45739,203.0
2024-04-02 03:55:00,FX:EURCAD,1.45739,1.4574500000000001,1.45734,1.45736,225.0
2024-04-02 03:56:00,FX:EURCAD,1.45736,1.4574200000000002,1.45732,1.45736,150.0
2024-04-02 03:57:00,FX:EURCAD,1.45736,1.45744,1.45729,1.45736,152.0
2024-04-02 03:58:00,FX:EURCAD,1.45736,1.4575,1.45732,1.45747,133.0
2024-04-02 03:59:00,FX:EURCAD,1.45747,1.45763,1.45729,1.45749,253.0
2024-04-02 04:00:00,FX:EURCAD,1.45749,1.45749,1.4564700000000002,1.45652,529.0
2024-04-02 04:01:00,FX:EURCAD,1.45652,1.45656,1.4563700000000002,1.45648,230.0
2024-04-02 04:02:00,FX:EURCAD,1.45648,1.45662,1.45593,1.45595,306.0
2024-04-02 04:03:00,FX:EURCAD,1.45595,1.45604,1.4558200000000001,1.45587,327.0
2024-04-02 04:04:00,FX:EURCAD,1.45587,1.45595,1.4557200000000001,1.45585,228.0
2024-04-02 04:05:00,FX:EURCAD,1.45585,1.45597,1.45575,1.45584,236.0
2024-04-02 04:06:00,FX:EURCAD,1.45584,1.45627,1.45584,1.4561600000000001,337.0
2024-04-02 04:07:00,FX:EURCAD,1.4561600000000001,1.45621,1.4559600000000001,1.45614,210.0
2024-04-02 04:08:00,FX:EURCAD,1.45614,1.4563000000000001,1.45604,1.45627,199.0
2024-04-02 04:09:00,FX:EURCAD,1.45627,1.45639,1.45617,1.45636,174.0
2024-04-02 04:10:00,FX:EURCAD,1.45636,1.4563700000000002,1.4561300000000001,1.45615,276.0
2024-04-02 04:11:00,FX:EURCAD,1.45615,1.4563000000000001,1.4561,1.4562300000000001,167.0
2024-04-02 04:12:00,FX:EURCAD,1.4562300000000001,1.45628,1.45617,1.45622,74.0
2024-04-02 04:13:00,FX:EURCAD,1.45622,1.4563000000000001,1.45619,1.4562000000000002,151.0
2024-04-02 04:14:00,FX:EURCAD,1.4562000000000002,1.4562000000000002,1.4559,1.4559900000000001,135.0
2024-04-02 04:15:00,FX:EURCAD,1.4559900000000001,1.45605,1.45587,1.45588,108.0
2024-04-02 04:16:00,FX:EURCAD,1.45588,1.4558900000000001,1.45556,1.4555900000000002,187.0
2024-04-02 04:17:00,FX:EURCAD,1.4555900000000002,1.4556,1.45533,1.45534,125.0
2024-04-02 04:18:00,FX:EURCAD,1.45534,1.45537,1.45514,1.45531,260.0
2024-04-02 04:19:00,FX:EURCAD,1.45531,1.45531,1.45512,1.45523,166.0
2024-04-02 04:20:00,FX:EURCAD,1.45523,1.45524,1.45502,1.45506,265.0
2024-04-02 04:21:00,FX:EURCAD,1.45506,1.4550800000000002,1.45496,1.45499,141.0
2024-04-02 04:22:00,FX:EURCAD,1.45499,1.45507,1.45492,1.45499,172.0
2024-04-02 04:23:00,FX:EURCAD,1.45499,1.45499,1.45483,1.45486,150.0
2024-04-02 04:24:00,FX:EURCAD,1.45486,1.45503,1.4548400000000001,1.45487,181.0
2024-04-02 04:25:00,FX:EURCAD,1.45487,1.45487,1.45459,1.4546400000000002,184.0
2024-04-02 04:26:00,FX:EURCAD,1.4546400000000002,1.45475,1.45462,1.45463,154.0
2024-04-02 04:27:00,FX:EURCAD,1.45463,1.45479,1.45463,1.45465,142.0
2024-04-02 04:28:00,FX:EURCAD,1.45465,1.45471,1.4546400000000002,1.45469,68.0
2024-04-02 04:29:00,FX:EURCAD,1.45469,1.4547400000000001,1.45458,1.45472,186.0
2024-04-02 04:30:00,FX:EURCAD,1.45472,1.4548,1.4546000000000001,1.4547700000000001,131.0
2024-04-02 04:31:00,FX:EURCAD,1.4547700000000001,1.45503,1.45476,1.45496,177.0
2024-04-02 04:32:00,FX:EURCAD,1.45496,1.4551,1.45488,1.4550800000000002,192.0
2024-04-02 04:33:00,FX:EURCAD,1.4550800000000002,1.45512,1.45497,1.4551,137.0
2024-04-02 04:34:00,FX:EURCAD,1.4551,1.4551,1.4549800000000002,1.45503,211.0
2024-04-02 04:35:00,FX:EURCAD,1.45503,1.45519,1.4549800000000002,1.45515,190.0
2024-04-02 04:36:00,FX:EURCAD,1.45515,1.4552800000000001,1.4551,1.45515,160.0
2024-04-02 04:37:00,FX:EURCAD,1.45515,1.4552500000000002,1.45515,1.45522,82.0
2024-04-02 04:38:00,FX:EURCAD,1.45522,1.45534,1.4551100000000001,1.4552,226.0
2024-04-02 04:39:00,FX:EURCAD,1.4552,1.45524,1.4551,1.45515,121.0
2024-04-02 04:40:00,FX:EURCAD,1.45515,1.4551800000000001,1.45499,1.455,202.0
2024-04-02 04:41:00,FX:EURCAD,1.455,1.4552100000000001,1.45499,1.45503,146.0
2024-04-02 04:42:00,FX:EURCAD,1.45503,1.45519,1.45495,1.4550800000000002,136.0
2024-04-02 04:43:00,FX:EURCAD,1.4550800000000002,1.45523,1.45505,1.45523,135.0
2024-04-02 04:44:00,FX:EURCAD,1.45523,1.4554,1.45522,1.45539,137.0
2024-04-02 04:45:00,FX:EURCAD,1.45539,1.45539,1.45524,1.4553,185.0
2024-04-02 04:46:00,FX:EURCAD,1.4553,1.4553,1.45505,1.45506,211.0
2024-04-02 04:47:00,FX:EURCAD,1.45506,1.4551100000000001,1.45502,1.45505,169.0
2024-04-02 04:48:00,FX:EURCAD,1.45505,1.45532,1.45492,1.45532,195.0
2024-04-02 04:49:00,FX:EURCAD,1.45532,1.45547,1.45529,1.45531,158.0
2024-04-02 04:50:00,FX:EURCAD,1.45531,1.45541,1.4552100000000001,1.45541,97.0
2024-04-02 04:51:00,FX:EURCAD,1.45541,1.4555900000000002,1.4554,1.4555200000000001,114.0
2024-04-02 04:52:00,FX:EURCAD,1.4555200000000001,1.45568,1.4555200000000001,1.45568,92.0
2024-04-02 04:53:00,FX:EURCAD,1.45568,1.45568,1.45557,1.45558,116.0
2024-04-02 04:54:00,FX:EURCAD,1.45558,1.45565,1.45553,1.45561,156.0
2024-04-02 04:55:00,FX:EURCAD,1.45561,1.45561,1.45543,1.45556,184.0
2024-04-02 04:56:00,FX:EURCAD,1.45556,1.45561,1.45553,1.45557,150.0
2024-04-02 04:57:00,FX:EURCAD,1.45557,1.4556,1.4555,1.4555200000000001,107.0
2024-04-02 04:58:00,FX:EURCAD,1.4555200000000001,1.4556,1.45549,1.45549,120.0
2024-04-02 04:59:00,FX:EURCAD,1.45549,1.4556200000000001,1.4554500000000001,1.4555900000000002,112.0
2024-04-02 05:00:00,FX:EURCAD,1.4555900000000002,1.4557900000000001,1.45557,1.45571,232.0
2024-04-02 05:01:00,FX:EURCAD,1.45571,1.45581,1.4557,1.45577,161.0
2024-04-02 05:02:00,FX:EURCAD,1.45577,1.4559,1.45571,1.4558900000000001,118.0
2024-04-02 05:03:00,FX:EURCAD,1.4558900000000001,1.4559900000000001,1.45588,1.45598,191.0
2024-04-02 05:04:00,FX:EURCAD,1.45598,1.4559900000000001,1.45584,1.45595,180.0
2024-04-02 05:05:00,FX:EURCAD,1.45595,1.45617,1.45595,1.4561600000000001,159.0
2024-04-02 05:06:00,FX:EURCAD,1.4561600000000001,1.4563000000000001,1.45614,1.45629,165.0
2024-04-02 05:07:00,FX:EURCAD,1.45629,1.45642,1.45625,1.4563700000000002,175.0
2024-04-02 05:08:00,FX:EURCAD,1.4563700000000002,1.45642,1.45635,1.45639,113.0
2024-04-02 05:09:00,FX:EURCAD,1.45639,1.45659,1.45634,1.45658,133.0
2024-04-02 05:10:00,FX:EURCAD,1.45658,1.4566000000000001,1.45645,1.45652,142.0
2024-04-02 05:11:00,FX:EURCAD,1.45652,1.45661,1.45648,1.4565700000000001,123.0
2024-04-02 05:12:00,FX:EURCAD,1.4565700000000001,1.45659,1.45641,1.45641,111.0
2024-04-02 05:13:00,FX:EURCAD,1.45641,1.45651,1.45635,1.45636,125.0
2024-04-02 05:14:00,FX:EURCAD,1.45636,1.45648,1.45636,1.4564700000000002,127.0
2024-04-02 05:15:00,FX:EURCAD,1.4564700000000002,1.4565000000000001,1.45642,1.4565000000000001,75.0
2024-04-02 05:16:00,FX:EURCAD,1.4565000000000001,1.45653,1.4564000000000001,1.4564000000000001,100.0
2024-04-02 05:17:00,FX:EURCAD,1.4564000000000001,1.45661,1.45639,1.45658,139.0
2024-04-02 05:18:00,FX:EURCAD,1.45658,1.45679,1.4565700000000001,1.45672,111.0
2024-04-02 05:19:00,FX:EURCAD,1.45672,1.4567700000000001,1.4566400000000002,1.45668,93.0
2024-04-02 05:20:00,FX:EURCAD,1.45668,1.45668,1.4565000000000001,1.45651,79.0
2024-04-02 05:21:00,FX:EURCAD,1.45651,1.45651,1.45627,1.45628,158.0
2024-04-02 05:22:00,FX:EURCAD,1.45628,1.45632,1.45624,1.45626,105.0
2024-04-02 05:23:00,FX:EURCAD,1.45626,1.45627,1.45617,1.45618,88.0
2024-04-02 05:24:00,FX:EURCAD,1.45618,1.45621,1.45609,1.4561,106.0
2024-04-02 05:25:00,FX:EURCAD,1.4561,1.4561,1.45593,1.45593,121.0
2024-04-02 05:26:00,FX:EURCAD,1.45593,1.456,1.45592,1.456,109.0
2024-04-02 05:27:00,FX:EURCAD,1.456,1.45601,1.4558900000000001,1.45595,92.0
2024-04-02 05:28:00,FX:EURCAD,1.45595,1.456,1.45585,1.45585,68.0
2024-04-02 05:29:00,FX:EURCAD,1.45585,1.4559600000000001,1.45571,1.45592,152.0
2024-04-02 05:30:00,FX:EURCAD,1.45592,1.45593,1.4558,1.45581,121.0
2024-04-02 05:31:00,FX:EURCAD,1.45581,1.45597,1.45575,1.4559,148.0
2024-04-02 05:32:00,FX:EURCAD,1.4559,1.45592,1.45585,1.4558900000000001,111.0
2024-04-02 05:33:00,FX:EURCAD,1.4558900000000001,1.45594,1.45581,1.45583,93.0
2024-04-02 05:34:00,FX:EURCAD,1.45583,1.45583,1.45567,1.45574,183.0
2024-04-02 05:35:00,FX:EURCAD,1.45574,1.4557900000000001,1.45567,1.45573,99.0
2024-04-02 05:36:00,FX:EURCAD,1.45573,1.45581,1.4556900000000002,1.45573,111.0
2024-04-02 05:37:00,FX:EURCAD,1.45573,1.45594,1.4557200000000001,1.45592,128.0
2024-04-02 05:38:00,FX:EURCAD,1.45592,1.45607,1.45588,1.4560600000000001,106.0
2024-04-02 05:39:00,FX:EURCAD,1.4560600000000001,1.4561300000000001,1.45602,1.4560600000000001,155.0
2024-04-02 05:40:00,FX:EURCAD,1.4560600000000001,1.45612,1.456,1.45612,137.0
2024-04-02 05:41:00,FX:EURCAD,1.45612,1.45624,1.45611,1.4562300000000001,140.0
2024-04-02 05:42:00,FX:EURCAD,1.4562300000000001,1.45628,1.45608,1.4561,80.0
2024-04-02 05:43:00,FX:EURCAD,1.4561,1.45611,1.45605,1.4561,88.0
2024-04-02 05:44:00,FX:EURCAD,1.4561,1.45615,1.4560600000000001,1.45612,66.0
2024-04-02 05:45:00,FX:EURCAD,1.45612,1.45617,1.45605,1.45608,100.0
2024-04-02 05:46:00,FX:EURCAD,1.45608,1.45608,1.45595,1.45598,98.0
2024-04-02 05:47:00,FX:EURCAD,1.45598,1.4561600000000001,1.4559600000000001,1.45605,160.0
2024-04-02 05:48:00,FX:EURCAD,1.45605,1.45617,1.45602,1.45607,124.0
2024-04-02 05:49:00,FX:EURCAD,1.45607,1.45621,1.45604,1.4562000000000002,145.0
2024-04-02 05:50:00,FX:EURCAD,1.4562000000000002,1.45626,1.4561600000000001,1.45626,115.0
2024-04-02 05:51:00,FX:EURCAD,1.45626,1.4563000000000001,1.4561600000000001,1.4561600000000001,196.0
2024-04-02 05:52:00,FX:EURCAD,1.4561600000000001,1.4564000000000001,1.45615,1.45636,170.0
2024-04-02 05:53:00,FX:EURCAD,1.45636,1.45642,1.4563300000000001,1.4564000000000001,114.0
2024-04-02 05:54:00,FX:EURCAD,1.4564000000000001,1.45651,1.4563300000000001,1.45649,196.0
2024-04-02 05:55:00,FX:EURCAD,1.45649,1.45669,1.45648,1.45669,177.0
2024-04-02 05:56:00,FX:EURCAD,1.45669,1.45685,1.45663,1.4568400000000001,165.0
2024-04-02 05:57:00,FX:EURCAD,1.4568400000000001,1.45686,1.45678,1.45678,121.0
2024-04-02 05:58:00,FX:EURCAD,1.45678,1.4568,1.4567,1.45671,180.0
2024-04-02 05:59:00,FX:EURCAD,1.45671,1.4568,1.4566700000000001,1.45671,134.0
2024-04-02 06:00:00,FX:EURCAD,1.45671,1.45671,1.45661,1.45669,159.0
2024-04-02 06:01:00,FX:EURCAD,1.45669,1.4567,1.4566000000000001,1.4566700000000001,100.0
2024-04-02 06:02:00,FX:EURCAD,1.4566700000000001,1.45676,1.45658,1.45675,84.0
2024-04-02 06:03:00,FX:EURCAD,1.45675,1.45676,1.45671,1.45675,73.0
2024-04-02 06:04:00,FX:EURCAD,1.45675,1.45682,1.45673,1.45676,105.0
2024-04-02 06:05:00,FX:EURCAD,1.45676,1.45682,1.45666,1.45666,103.0
2024-04-02 06:06:00,FX:EURCAD,1.45666,1.4567400000000001,1.45666,1.45673,53.0
2024-04-02 06:07:00,FX:EURCAD,1.45673,1.4567700000000001,1.45663,1.45668,100.0
2024-04-02 06:08:00,FX:EURCAD,1.45668,1.4568100000000002,1.45658,1.4568100000000002,119.0
2024-04-02 06:09:00,FX:EURCAD,1.4568100000000002,1.45685,1.4566700000000001,1.45672,118.0
2024-04-02 06:10:00,FX:EURCAD,1.45672,1.45673,1.45666,1.45671,71.0
2024-04-02 06:11:00,FX:EURCAD,1.45671,1.4568100000000002,1.4566700000000001,1.45668,132.0
2024-04-02 06:12:00,FX:EURCAD,1.45668,1.45679,1.45666,1.45668,121.0
2024-04-02 06:13:00,FX:EURCAD,1.45668,1.45685,1.4566400000000002,1.45682,80.0
2024-04-02 06:14:00,FX:EURCAD,1.45682,1.45689,1.45679,1.4568,121.0
2024-04-02 06:15:00,FX:EURCAD,1.4568,1.45682,1.45673,1.4567400000000001,69.0
2024-04-02 06:16:00,FX:EURCAD,1.4567400000000001,1.45688,1.45672,1.45673,109.0
2024-04-02 06:17:00,FX:EURCAD,1.45673,1.4568,1.4567,1.45676,145.0
2024-04-02 06:18:00,FX:EURCAD,1.45676,1.4568400000000001,1.45676,1.45682,80.0
2024-04-02 06:19:00,FX:EURCAD,1.45682,1.45682,1.45675,1.4567700000000001,71.0
2024-04-02 06:20:00,FX:EURCAD,1.4567700000000001,1.45679,1.4566400000000002,1.45669,141.0
2024-04-02 06:21:00,FX:EURCAD,1.45669,1.4567700000000001,1.45666,1.45668,131.0
2024-04-02 06:22:00,FX:EURCAD,1.45668,1.45686,1.4566700000000001,1.45682,125.0
2024-04-02 06:23:00,FX:EURCAD,1.45682,1.45687,1.45675,1.45676,126.0
2024-04-02 06:24:00,FX:EURCAD,1.45676,1.45679,1.45671,1.45675,115.0
2024-04-02 06:25:00,FX:EURCAD,1.45675,1.45678,1.45671,1.45671,119.0
2024-04-02 06:26:00,FX:EURCAD,1.45671,1.45678,1.4566700000000001,1.45675,108.0
2024-04-02 06:27:00,FX:EURCAD,1.45675,1.4568400000000001,1.45671,1.45682,111.0
2024-04-02 06:28:00,FX:EURCAD,1.45682,1.4569,1.4567400000000001,1.4568400000000001,167.0
2024-04-02 06:29:00,FX:EURCAD,1.4568400000000001,1.45686,1.45679,1.45682,166.0
2024-04-02 06:30:00,FX:EURCAD,1.45682,1.4568400000000001,1.45671,1.4567700000000001,108.0
2024-04-02 06:31:00,FX:EURCAD,1.4567700000000001,1.45682,1.45673,1.45675,144.0
2024-04-02 06:32:00,FX:EURCAD,1.45675,1.45678,1.4566700000000001,1.4566700000000001,164.0
2024-04-02 06:33:00,FX:EURCAD,1.4566700000000001,1.45669,1.4566000000000001,1.45669,127.0
2024-04-02 06:34:00,FX:EURCAD,1.45669,1.45672,1.4565700000000001,1.45662,170.0
2024-04-02 06:35:00,FX:EURCAD,1.45662,1.45676,1.45662,1.45666,138.0
2024-04-02 06:36:00,FX:EURCAD,1.45666,1.4568,1.45665,1.45679,106.0
2024-04-02 06:37:00,FX:EURCAD,1.45679,1.45689,1.4567700000000001,1.45682,100.0
2024-04-02 06:38:00,FX:EURCAD,1.45682,1.45682,1.45658,1.45662,106.0
2024-04-02 06:39:00,FX:EURCAD,1.45662,1.45688,1.45662,1.45682,72.0
2024-04-02 06:40:00,FX:EURCAD,1.45682,1.45692,1.4566700000000001,1.4569100000000001,67.0
2024-04-02 06:41:00,FX:EURCAD,1.4569100000000001,1.45693,1.45682,1.4569,123.0
2024-04-02 06:42:00,FX:EURCAD,1.4569,1.45707,1.45688,1.4569,107.0
2024-04-02 06:43:00,FX:EURCAD,1.4569,1.45696,1.45688,1.45693,94.0
2024-04-02 06:44:00,FX:EURCAD,1.45693,1.45695,1.45669,1.45669,89.0
2024-04-02 06:45:00,FX:EURCAD,1.45669,1.4567,1.45661,1.45668,135.0
2024-04-02 06:46:00,FX:EURCAD,1.45668,1.45675,1.4566400000000002,1.45673,53.0
2024-04-02 06:47:00,FX:EURCAD,1.45673,1.45683,1.45672,1.4568100000000002,57.0
2024-04-02 06:48:00,FX:EURCAD,1.4568100000000002,1.4568400000000001,1.45673,1.4568,147.0
2024-04-02 06:49:00,FX:EURCAD,1.4568,1.45689,1.4568,1.4568400000000001,81.0
2024-04-02 06:50:00,FX:EURCAD,1.4568400000000001,1.45697,1.45683,1.45693,120.0
2024-04-02 06:51:00,FX:EURCAD,1.45693,1.45696,1.45687,1.4569100000000001,77.0
2024-04-02 06:52:00,FX:EURCAD,1.4569100000000001,1.457,1.45686,1.45699,72.0
2024-04-02 06:53:00,FX:EURCAD,1.45699,1.4570100000000001,1.4569,1.457,81.0
2024-04-02 06:54:00,FX:EURCAD,1.457,1.4570400000000001,1.45695,1.45695,125.0
2024-04-02 06:55:00,FX:EURCAD,1.45695,1.45695,1.45686,1.4569100000000001,84.0
2024-04-02 06:56:00,FX:EURCAD,1.4569100000000001,1.45696,1.45687,1.45696,109.0
2024-04-02 06:57:00,FX:EURCAD,1.45696,1.45696,1.4568400000000001,1.45693,90.0
2024-04-02 06:58:00,FX:EURCAD,1.45693,1.45726,1.45689,1.45726,213.0
2024-04-02 06:59:00,FX:EURCAD,1.45726,1.45734,1.4572500000000002,1.4573,143.0
2024-04-02 07:00:00,FX:EURCAD,1.4573,1.45756,1.45727,1.45753,261.0
2024-04-02 07:01:00,FX:EURCAD,1.45753,1.45767,1.45746,1.4576500000000001,169.0
2024-04-02 07:02:00,FX:EURCAD,1.4576500000000001,1.4577200000000001,1.45761,1.45763,161.0
2024-04-02 07:03:00,FX:EURCAD,1.45763,1.45763,1.45751,1.4576200000000001,142.0
2024-04-02 07:04:00,FX:EURCAD,1.4576200000000001,1.4576200000000001,1.4575,1.45761,132.0
2024-04-02 07:05:00,FX:EURCAD,1.45761,1.4576900000000002,1.45753,1.4575500000000001,153.0
2024-04-02 07:06:00,FX:EURCAD,1.4575500000000001,1.4575500000000001,1.4572100000000001,1.4572100000000001,107.0
2024-04-02 07:07:00,FX:EURCAD,1.4572100000000001,1.45729,1.45719,1.4572500000000002,84.0
2024-04-02 07:08:00,FX:EURCAD,1.4572500000000002,1.45729,1.45713,1.45723,150.0
2024-04-02 07:09:00,FX:EURCAD,1.45723,1.4573500000000001,1.4572100000000001,1.45726,123.0
2024-04-02 07:10:00,FX:EURCAD,1.45726,1.45739,1.45726,1.45739,129.0
2024-04-02 07:11:00,FX:EURCAD,1.45739,1.45741,1.45729,1.45741,98.0
2024-04-02 07:12:00,FX:EURCAD,1.45741,1.4574500000000001,1.45731,1.4574,148.0
2024-04-02 07:13:00,FX:EURCAD,1.4574,1.45751,1.4573500000000001,1.4574200000000002,122.0
2024-04-02 07:14:00,FX:EURCAD,1.4574200000000002,1.45748,1.4573500000000001,1.45741,101.0
2024-04-02 07:15:00,FX:EURCAD,1.45741,1.45754,1.45739,1.45751,152.0
2024-04-02 07:16:00,FX:EURCAD,1.45751,1.4576,1.45747,1.45753,193.0
2024-04-02 07:17:00,FX:EURCAD,1.45753,1.45768,1.45751,1.45764,106.0
2024-04-02 07:18:00,FX:EURCAD,1.45764,1.4576500000000001,1.45746,1.45747,132.0
2024-04-02 07:19:00,FX:EURCAD,1.45747,1.45766,1.4574500000000001,1.4576200000000001,162.0
2024-04-02 07:20:00,FX:EURCAD,1.4576200000000001,1.45767,1.4575,1.45763,237.0
2024-04-02 07:21:00,FX:EURCAD,1.45763,1.45774,1.45758,1.45774,186.0
2024-04-02 07:22:00,FX:EURCAD,1.45774,1.45775,1.45758,1.45768,147.0
2024-04-02 07:23:00,FX:EURCAD,1.45768,1.45775,1.45754,1.45757,142.0
2024-04-02 07:24:00,FX:EURCAD,1.45757,1.45771,1.45757,1.45771,125.0
2024-04-02 07:25:00,FX:EURCAD,1.45771,1.4578,1.4576,1.4576,127.0
2024-04-02 07:26:00,FX:EURCAD,1.4576,1.4576900000000002,1.45758,1.4576200000000001,147.0
2024-04-02 07:27:00,FX:EURCAD,1.4576200000000001,1.45776,1.4575900000000002,1.4576500000000001,129.0
2024-04-02 07:28:00,FX:EURCAD,1.4576500000000001,1.4576500000000001,1.45757,1.45757,107.0
2024-04-02 07:29:00,FX:EURCAD,1.45757,1.4577,1.45756,1.45768,151.0
2024-04-02 07:30:00,FX:EURCAD,1.45768,1.45784,1.45768,1.45784,149.0
2024-04-02 07:31:00,FX:EURCAD,1.45784,1.45784,1.45778,1.45783,143.0
2024-04-02 07:32:00,FX:EURCAD,1.45783,1.45785,1.45771,1.45778,132.0
2024-04-02 07:33:00,FX:EURCAD,1.45778,1.45778,1.4576,1.45775,149.0
2024-04-02 07:34:00,FX:EURCAD,1.45775,1.45783,1.45764,1.45774,140.0
2024-04-02 07:35:00,FX:EURCAD,1.45774,1.45776,1.45743,1.45743,152.0
2024-04-02 07:36:00,FX:EURCAD,1.45743,1.4575500000000001,1.4574,1.45753,183.0
2024-04-02 07:37:00,FX:EURCAD,1.45753,1.45763,1.45749,1.4575900000000002,147.0
2024-04-02 07:38:00,FX:EURCAD,1.4575900000000002,1.4576500000000001,1.4575200000000001,1.45754,174.0
2024-04-02 07:39:00,FX:EURCAD,1.45754,1.45764,1.45753,1.45763,175.0
2024-04-02 07:40:00,FX:EURCAD,1.45763,1.45775,1.45758,1.4576,185.0
2024-04-02 07:41:00,FX:EURCAD,1.4576,1.4576500000000001,1.45751,1.4575500000000001,91.0
2024-04-02 07:42:00,FX:EURCAD,1.4575500000000001,1.4576200000000001,1.4575500000000001,1.45761,153.0
2024-04-02 07:43:00,FX:EURCAD,1.45761,1.4576200000000001,1.45756,1.45761,93.0
2024-04-02 07:44:00,FX:EURCAD,1.45761,1.4577200000000001,1.45758,1.4576900000000002,132.0
2024-04-02 07:45:00,FX:EURCAD,1.4576900000000002,1.45778,1.45756,1.4575900000000002,152.0
2024-04-02 07:46:00,FX:EURCAD,1.4575900000000002,1.45766,1.4575200000000001,1.4576,111.0
2024-04-02 07:47:00,FX:EURCAD,1.4576,1.45767,1.4575500000000001,1.4576500000000001,122.0
2024-04-02 07:48:00,FX:EURCAD,1.4576500000000001,1.4578600000000002,1.4576500000000001,1.45775,171.0
2024-04-02 07:49:00,FX:EURCAD,1.45775,1.45795,1.45774,1.45783,123.0
2024-04-02 07:50:00,FX:EURCAD,1.45783,1.45783,1.45768,1.4577200000000001,128.0
2024-04-02 07:51:00,FX:EURCAD,1.4577200000000001,1.45778,1.45758,1.4576,119.0
2024-04-02 07:52:00,FX:EURCAD,1.4576,1.45773,1.4575500000000001,1.4577200000000001,97.0
2024-04-02 07:53:00,FX:EURCAD,1.4577200000000001,1.45792,1.4577200000000001,1.45788,168.0
2024-04-02 07:54:00,FX:EURCAD,1.45788,1.4578900000000001,1.45773,1.45778,160.0
2024-04-02 07:55:00,FX:EURCAD,1.45778,1.4577900000000001,1.4576200000000001,1.4576200000000001,184.0
2024-04-02 07:56:00,FX:EURCAD,1.4576200000000001,1.45768,1.45758,1.4576200000000001,149.0
2024-04-02 07:57:00,FX:EURCAD,1.4576200000000001,1.45808,1.45758,1.45807,261.0
2024-04-02 07:58:00,FX:EURCAD,1.45807,1.45818,1.45804,1.45815,415.0
2024-04-02 07:59:00,FX:EURCAD,1.45815,1.45824,1.4580300000000002,1.4580600000000001,471.0
2024-04-02 08:00:00,FX:EURCAD,1.4580600000000001,1.45837,1.45802,1.45828,473.0
2024-04-02 08:01:00,FX:EURCAD,1.45828,1.45861,1.45822,1.45846,263.0
2024-04-02 08:02:00,FX:EURCAD,1.45846,1.45851,1.45818,1.4582000000000002,241.0
2024-04-02 08:03:00,FX:EURCAD,1.4582000000000002,1.45822,1.45801,1.4580600000000001,199.0
2024-04-02 08:04:00,FX:EURCAD,1.4580600000000001,1.4581600000000001,1.45798,1.45814,142.0
2024-04-02 08:05:00,FX:EURCAD,1.45814,1.45817,1.45792,1.458,158.0
2024-04-02 08:06:00,FX:EURCAD,1.458,1.4580300000000002,1.45785,1.45793,153.0
2024-04-02 08:07:00,FX:EURCAD,1.45793,1.45797,1.4578600000000002,1.4579,180.0
2024-04-02 08:08:00,FX:EURCAD,1.4579,1.45792,1.4576900000000002,1.45771,164.0
2024-04-02 08:09:00,FX:EURCAD,1.45771,1.45773,1.4576500000000001,1.45768,146.0
2024-04-02 08:10:00,FX:EURCAD,1.45768,1.4577,1.45757,1.45761,179.0
2024-04-02 08:11:00,FX:EURCAD,1.45761,1.45775,1.45754,1.4575900000000002,244.0
2024-04-02 08:12:00,FX:EURCAD,1.4575900000000002,1.45763,1.45753,1.45758,243.0
2024-04-02 08:13:00,FX:EURCAD,1.45758,1.45758,1.4574,1.4574,248.0
2024-04-02 08:14:00,FX:EURCAD,1.4574,1.4577200000000001,1.4574,1.45766,183.0
2024-04-02 08:15:00,FX:EURCAD,1.45766,1.45788,1.4576500000000001,1.45787,165.0
2024-04-02 08:16:00,FX:EURCAD,1.45787,1.4578900000000001,1.45768,1.4576900000000002,214.0
2024-04-02 08:17:00,FX:EURCAD,1.4576900000000002,1.45775,1.4575900000000002,1.4576,184.0
2024-04-02 08:18:00,FX:EURCAD,1.4576,1.45778,1.4575500000000001,1.45768,240.0
2024-04-02 08:19:00,FX:EURCAD,1.45768,1.4577200000000001,1.45757,1.4575900000000002,262.0
2024-04-02 08:20:00,FX:EURCAD,1.4575900000000002,1.45766,1.4575200000000001,1.4575900000000002,295.0
2024-04-02 08:21:00,FX:EURCAD,1.4575900000000002,1.45771,1.4575900000000002,1.4577,142.0
2024-04-02 08:22:00,FX:EURCAD,1.4577,1.4577200000000001,1.45749,1.4575200000000001,183.0
2024-04-02 08:23:00,FX:EURCAD,1.4575200000000001,1.45764,1.4575,1.4575500000000001,139.0
2024-04-02 08:24:00,FX:EURCAD,1.4575500000000001,1.45773,1.45754,1.4576900000000002,167.0
2024-04-02 08:25:00,FX:EURCAD,1.4576900000000002,1.45771,1.45758,1.4577,201.0
2024-04-02 08:26:00,FX:EURCAD,1.4577,1.4577,1.45749,1.45751,170.0
2024-04-02 08:27:00,FX:EURCAD,1.45751,1.45754,1.45736,1.45744,119.0
2024-04-02 08:28:00,FX:EURCAD,1.45744,1.45746,1.45731,1.4573800000000001,107.0
2024-04-02 08:29:00,FX:EURCAD,1.4573800000000001,1.45747,1.45729,1.4574,93.0
2024-04-02 08:30:00,FX:EURCAD,1.4574,1.45773,1.4574,1.45773,111.0
2024-04-02 08:31:00,FX:EURCAD,1.45773,1.45776,1.45749,1.45749,105.0
2024-04-02 08:32:00,FX:EURCAD,1.45749,1.45754,1.45732,1.45747,188.0
2024-04-02 08:33:00,FX:EURCAD,1.45747,1.45766,1.45744,1.45764,176.0
2024-04-02 08:34:00,FX:EURCAD,1.45764,1.45776,1.45761,1.45764,218.0
2024-04-02 08:35:00,FX:EURCAD,1.45764,1.45785,1.4576200000000001,1.4577200000000001,222.0
2024-04-02 08:36:00,FX:EURCAD,1.4577200000000001,1.45781,1.4576200000000001,1.45778,158.0
2024-04-02 08:37:00,FX:EURCAD,1.45778,1.45793,1.45776,1.45784,172.0
2024-04-02 08:38:00,FX:EURCAD,1.45784,1.45811,1.45783,1.45801,198.0
2024-04-02 08:39:00,FX:EURCAD,1.45801,1.45807,1.4578900000000001,1.458,260.0
2024-04-02 08:40:00,FX:EURCAD,1.458,1.45819,1.45798,1.45819,305.0
2024-04-02 08:41:00,FX:EURCAD,1.45819,1.4582600000000001,1.45814,1.4582300000000001,241.0
2024-04-02 08:42:00,FX:EURCAD,1.4582300000000001,1.45825,1.4581,1.4581,240.0
2024-04-02 08:43:00,FX:EURCAD,1.4581,1.45824,1.4580600000000001,1.45822,267.0
2024-04-02 08:44:00,FX:EURCAD,1.45822,1.45839,1.45815,1.45834,360.0
2024-04-02 08:45:00,FX:EURCAD,1.45834,1.4584300000000001,1.4582600000000001,1.4584000000000001,265.0
2024-04-02 08:46:00,FX:EURCAD,1.4584000000000001,1.45868,1.45837,1.45865,230.0
2024-04-02 08:47:00,FX:EURCAD,1.45865,1.4588,1.45855,1.4587400000000001,206.0
2024-04-02 08:48:00,FX:EURCAD,1.4587400000000001,1.45876,1.45853,1.45869,266.0
2024-04-02 08:49:00,FX:EURCAD,1.45869,1.45878,1.45865,1.45871,235.0
2024-04-02 08:50:00,FX:EURCAD,1.45871,1.4588400000000001,1.45868,1.4588100000000002,206.0
2024-04-02 08:51:00,FX:EURCAD,1.4588100000000002,1.4588400000000001,1.4585700000000001,1.45858,204.0
2024-04-02 08:52:00,FX:EURCAD,1.45858,1.4586700000000001,1.45844,1.4584700000000002,161.0
2024-04-02 08:53:00,FX:EURCAD,1.4584700000000002,1.4587,1.4584700000000002,1.45866,214.0
2024-04-02 08:54:00,FX:EURCAD,1.45866,1.45879,1.4586400000000002,1.4587700000000001,155.0
2024-04-02 08:55:00,FX:EURCAD,1.4587700000000001,1.45879,1.4586400000000002,1.45879,175.0
2024-04-02 08:56:00,FX:EURCAD,1.45879,1.4588400000000001,1.45869,1.4588400000000001,199.0
2024-04-02 08:57:00,FX:EURCAD,1.4588400000000001,1.4588400000000001,1.4586700000000001,1.4586700000000001,114.0
2024-04-02 08:58:00,FX:EURCAD,1.4586700000000001,1.45869,1.45858,1.45861,164.0
2024-04-02 08:59:00,FX:EURCAD,1.45861,1.45871,1.45856,1.45871,205.0
2024-04-02 09:00:00,FX:EURCAD,1.45871,1.4589400000000001,1.4587,1.4588400000000001,313.0
2024-04-02 09:01:00,FX:EURCAD,1.4588400000000001,1.45895,1.45878,1.4589400000000001,291.0
2024-04-02 09:02:00,FX:EURCAD,1.4589400000000001,1.45905,1.4588400000000001,1.459,200.0
2024-04-02 09:03:00,FX:EURCAD,1.459,1.45909,1.45893,1.45903,158.0
2024-04-02 09:04:00,FX:EURCAD,1.45903,1.4590400000000001,1.4588400000000001,1.45897,155.0
2024-04-02 09:05:00,FX:EURCAD,1.45897,1.4590800000000002,1.45897,1.45907,129.0
2024-04-02 09:06:00,FX:EURCAD,1.45907,1.45922,1.459,1.45916,250.0
2024-04-02 09:07:00,FX:EURCAD,1.45916,1.45926,1.4590400000000001,1.45917,179.0
2024-04-02 09:08:00,FX:EURCAD,1.45917,1.45926,1.45912,1.45915,206.0
2024-04-02 09:09:00,FX:EURCAD,1.45915,1.4591800000000001,1.4591,1.4591800000000001,123.0
2024-04-02 09:10:00,FX:EURCAD,1.4591800000000001,1.45923,1.4590400000000001,1.45907,143.0
2024-04-02 09:11:00,FX:EURCAD,1.45907,1.45924,1.4590400000000001,1.45916,132.0
2024-04-02 09:12:00,FX:EURCAD,1.45916,1.4591800000000001,1.45905,1.45912,184.0
2024-04-02 09:13:00,FX:EURCAD,1.45912,1.45919,1.45907,1.45913,142.0
2024-04-02 09:14:00,FX:EURCAD,1.45913,1.45947,1.45909,1.45929,265.0
2024-04-02 09:15:00,FX:EURCAD,1.45929,1.45929,1.45913,1.45922,250.0
2024-04-02 09:16:00,FX:EURCAD,1.45922,1.45937,1.45919,1.45923,209.0
2024-04-02 09:17:00,FX:EURCAD,1.45923,1.4593500000000001,1.4592100000000001,1.45933,184.0
2024-04-02 09:18:00,FX:EURCAD,1.45933,1.45933,1.45914,1.4592,193.0
2024-04-02 09:19:00,FX:EURCAD,1.4592,1.4593500000000001,1.45916,1.4593,230.0
2024-04-02 09:20:00,FX:EURCAD,1.4593,1.4595500000000001,1.45924,1.45953,176.0
2024-04-02 09:21:00,FX:EURCAD,1.45953,1.45953,1.4593500000000001,1.4594,98.0
2024-04-02 09:22:00,FX:EURCAD,1.4594,1.45944,1.4593,1.4593,188.0
2024-04-02 09:23:00,FX:EURCAD,1.4593,1.45956,1.4591800000000001,1.45949,169.0
2024-04-02 09:24:00,FX:EURCAD,1.45949,1.45976,1.45949,1.45976,219.0
2024-04-02 09:25:00,FX:EURCAD,1.45976,1.4599900000000001,1.45966,1.4596900000000002,210.0
2024-04-02 09:26:00,FX:EURCAD,1.4596900000000002,1.45991,1.4596500000000001,1.45991,283.0
2024-04-02 09:27:00,FX:EURCAD,1.45991,1.45995,1.4596900000000002,1.4598600000000002,249.0
2024-04-02 09:28:00,FX:EURCAD,1.4598600000000002,1.46,1.4598200000000001,1.4599900000000001,162.0
2024-04-02 09:29:00,FX:EURCAD,1.4599900000000001,1.4601300000000001,1.4599900000000001,1.4600300000000002,179.0
2024-04-02 09:30:00,FX:EURCAD,1.4600300000000002,1.46036,1.45991,1.4601600000000001,352.0
2024-04-02 09:31:00,FX:EURCAD,1.4601600000000001,1.4601600000000001,1.45995,1.4599900000000001,197.0
2024-04-02 09:32:00,FX:EURCAD,1.4599900000000001,1.46054,1.4599900000000001,1.46046,227.0
2024-04-02 09:33:00,FX:EURCAD,1.46046,1.46068,1.4604000000000001,1.46063,163.0
2024-04-02 09:34:00,FX:EURCAD,1.46063,1.46115,1.46058,1.46115,266.0
2024-04-02 09:35:00,FX:EURCAD,1.46115,1.4613500000000001,1.46105,1.4612,197.0
2024-04-02 09:36:00,FX:EURCAD,1.4612,1.46134,1.4608700000000001,1.46133,374.0
2024-04-02 09:37:00,FX:EURCAD,1.46133,1.4615500000000001,1.4613,1.46146,538.0
2024-04-02 09:38:00,FX:EURCAD,1.46146,1.46146,1.4610800000000002,1.46115,379.0
2024-04-02 09:39:00,FX:EURCAD,1.46115,1.46127,1.46096,1.46116,322.0
2024-04-02 09:40:00,FX:EURCAD,1.46116,1.46157,1.46113,1.46137,348.0
2024-04-02 09:41:00,FX:EURCAD,1.46137,1.4616200000000001,1.46133,1.46151,309.0
2024-04-02 09:42:00,FX:EURCAD,1.46151,1.4616500000000001,1.46141,1.4616500000000001,293.0
2024-04-02 09:43:00,FX:EURCAD,1.4616500000000001,1.46198,1.46161,1.4619,289.0
2024-04-02 09:44:00,FX:EURCAD,1.4619,1.46208,1.46146,1.46146,423.0
2024-04-02 09:45:00,FX:EURCAD,1.46146,1.46175,1.46144,1.46146,313.0
2024-04-02 09:46:00,FX:EURCAD,1.46146,1.46168,1.46146,1.4615500000000001,267.0
2024-04-02 09:47:00,FX:EURCAD,1.4615500000000001,1.4616200000000001,1.4613,1.4615200000000002,266.0
2024-04-02 09:48:00,FX:EURCAD,1.4615200000000002,1.46158,1.4613500000000001,1.4614,195.0
2024-04-02 09:49:00,FX:EURCAD,1.4614,1.4614800000000001,1.46132,1.46144,156.0
2024-04-02 09:50:00,FX:EURCAD,1.46144,1.4617,1.46144,1.46157,143.0
2024-04-02 09:51:00,FX:EURCAD,1.46157,1.4616,1.46127,1.4613800000000001,286.0
2024-04-02 09:52:00,FX:EURCAD,1.4613800000000001,1.46146,1.4611,1.4611,233.0
2024-04-02 09:53:00,FX:EURCAD,1.4611,1.4611100000000001,1.46093,1.461,256.0
2024-04-02 09:54:00,FX:EURCAD,1.461,1.46112,1.4608700000000001,1.4611,270.0
2024-04-02 09:55:00,FX:EURCAD,1.4611,1.46115,1.4609100000000002,1.4611100000000001,281.0
2024-04-02 09:56:00,FX:EURCAD,1.4611100000000001,1.46134,1.4610800000000002,1.46133,290.0
2024-04-02 09:57:00,FX:EURCAD,1.46133,1.46171,1.46131,1.46168,172.0
2024-04-02 09:58:00,FX:EURCAD,1.46168,1.4617,1.46132,1.46136,195.0
2024-04-02 09:59:00,FX:EURCAD,1.46136,1.46136,1.46103,1.46109,272.0
2024-04-02 10:00:00,FX:EURCAD,1.46109,1.46143,1.46038,1.46129,820.0
2024-04-02 10:01:00,FX:EURCAD,1.46129,1.46161,1.46124,1.46146,275.0
2024-04-02 10:02:00,FX:EURCAD,1.46146,1.46166,1.46136,1.4615500000000001,357.0
2024-04-02 10:03:00,FX:EURCAD,1.4615500000000001,1.46159,1.4611800000000001,1.4612500000000002,599.0
2024-04-02 10:04:00,FX:EURCAD,1.4612500000000002,1.46166,1.4612,1.46141,629.0
2024-04-02 10:05:00,FX:EURCAD,1.46141,1.46157,1.4610400000000001,1.46116,573.0
2024-04-02 10:06:00,FX:EURCAD,1.46116,1.46144,1.4610800000000002,1.46124,463.0
2024-04-02 10:07:00,FX:EURCAD,1.46124,1.4613800000000001,1.46107,1.4610800000000002,396.0
2024-04-02 10:08:00,FX:EURCAD,1.4610800000000002,1.4612,1.46096,1.46114,420.0
2024-04-02 10:09:00,FX:EURCAD,1.46114,1.46134,1.4610100000000001,1.46134,468.0
2024-04-02 10:10:00,FX:EURCAD,1.46134,1.46164,1.46133,1.46149,394.0
2024-04-02 10:11:00,FX:EURCAD,1.46149,1.46154,1.4613,1.4614200000000002,399.0
2024-04-02 10:12:00,FX:EURCAD,1.4614200000000002,1.4616,1.46134,1.4614800000000001,533.0
2024-04-02 10:13:00,FX:EURCAD,1.4614800000000001,1.4619600000000001,1.4614800000000001,1.4618900000000001,326.0
2024-04-02 10:14:00,FX:EURCAD,1.4618900000000001,1.46201,1.4616900000000002,1.4616900000000002,374.0
2024-04-02 10:15:00,FX:EURCAD,1.4616900000000002,1.4617200000000001,1.46154,1.46171,366.0
2024-04-02 10:16:00,FX:EURCAD,1.46171,1.4617900000000001,1.46147,1.46159,251.0
2024-04-02 10:17:00,FX:EURCAD,1.46159,1.46174,1.46153,1.46174,230.0
2024-04-02 10:18:00,FX:EURCAD,1.46174,1.46187,1.46159,1.46178,293.0
2024-04-02 10:19:00,FX:EURCAD,1.46178,1.46187,1.46168,1.4618,250.0
2024-04-02 10:20:00,FX:EURCAD,1.4618,1.4618200000000001,1.4615,1.4615,278.0
2024-04-02 10:21:00,FX:EURCAD,1.4615,1.46159,1.46134,1.46153,262.0
2024-04-02 10:22:00,FX:EURCAD,1.46153,1.46215,1.46153,1.46214,310.0
2024-04-02 10:23:00,FX:EURCAD,1.46214,1.46235,1.46197,1.46202,442.0
2024-04-02 10:24:00,FX:EURCAD,1.46202,1.4620600000000001,1.46188,1.46188,361.0
2024-04-02 10:25:00,FX:EURCAD,1.46188,1.4620300000000002,1.4617900000000001,1.462,334.0
2024-04-02 10:26:00,FX:EURCAD,1.462,1.46219,1.46192,1.46211,428.0
2024-04-02 10:27:00,FX:EURCAD,1.46211,1.46214,1.46201,1.46207,308.0
2024-04-02 10:28:00,FX:EURCAD,1.46207,1.46208,1.4618200000000001,1.46193,284.0
2024-04-02 10:29:00,FX:EURCAD,1.46193,1.46194,1.4618,1.46188,260.0
2024-04-02 10:30:00,FX:EURCAD,1.46188,1.46188,1.46163,1.4617900000000001,306.0
2024-04-02 10:31:00,FX:EURCAD,1.4617900000000001,1.4617900000000001,1.46147,1.46156,295.0
2024-04-02 10:32:00,FX:EURCAD,1.46156,1.4616500000000001,1.46139,1.46139,304.0
2024-04-02 10:33:00,FX:EURCAD,1.46139,1.46171,1.46134,1.4616500000000001,392.0
2024-04-02 10:34:00,FX:EURCAD,1.4616500000000001,1.46171,1.4613800000000001,1.46139,234.0
2024-04-02 10:35:00,FX:EURCAD,1.46139,1.4615200000000002,1.46129,1.4614800000000001,284.0
2024-04-02 10:36:00,FX:EURCAD,1.4614800000000001,1.4616,1.4614,1.4615500000000001,360.0
2024-04-02 10:37:00,FX:EURCAD,1.4615500000000001,1.4615500000000001,1.4614,1.4615,264.0
2024-04-02 10:38:00,FX:EURCAD,1.4615,1.46164,1.46149,1.4616,97.0
2024-04-02 10:39:00,FX:EURCAD,1.4616,1.46164,1.4614,1.46143,217.0
2024-04-02 10:40:00,FX:EURCAD,1.46143,1.4615,1.46113,1.4613,342.0
2024-04-02 10:41:00,FX:EURCAD,1.4613,1.46133,1.4611100000000001,1.46122,230.0
2024-04-02 10:42:00,FX:EURCAD,1.46122,1.4615500000000001,1.4611,1.4615500000000001,327.0
2024-04-02 10:43:00,FX:EURCAD,1.4615500000000001,1.46159,1.46143,1.46149,283.0
2024-04-02 10:44:00,FX:EURCAD,1.46149,1.46161,1.46136,1.4614,215.0
2024-04-02 10:45:00,FX:EURCAD,1.4614,1.46168,1.4612500000000002,1.46156,264.0
2024-04-02 10:46:00,FX:EURCAD,1.46156,1.46163,1.46139,1.46151,362.0
2024-04-02 10:47:00,FX:EURCAD,1.46151,1.46163,1.46141,1.4615500000000001,361.0
2024-04-02 10:48:00,FX:EURCAD,1.4615500000000001,1.4618600000000002,1.46153,1.4617900000000001,304.0
2024-04-02 10:49:00,FX:EURCAD,1.4617900000000001,1.46184,1.4615,1.46151,421.0
2024-04-02 10:50:00,FX:EURCAD,1.46151,1.46166,1.46147,1.4616200000000001,354.0
2024-04-02 10:51:00,FX:EURCAD,1.4616200000000001,1.46171,1.4615,1.4616,242.0
2024-04-02 10:52:00,FX:EURCAD,1.4616,1.46184,1.46158,1.4617900000000001,189.0
2024-04-02 10:53:00,FX:EURCAD,1.4617900000000001,1.4619600000000001,1.46166,1.46178,291.0
2024-04-02 10:54:00,FX:EURCAD,1.46178,1.46218,1.46177,1.46208,287.0
2024-04-02 10:55:00,FX:EURCAD,1.46208,1.46208,1.46168,1.4616900000000002,389.0
2024-04-02 10:56:00,FX:EURCAD,1.4616900000000002,1.4620900000000001,1.4616900000000002,1.4620300000000002,346.0
2024-04-02 10:57:00,FX:EURCAD,1.4620300000000002,1.4622,1.4619600000000001,1.46205,378.0
2024-04-02 10:58:00,FX:EURCAD,1.46205,1.4620600000000001,1.46156,1.4617200000000001,377.0
2024-04-02 10:59:00,FX:EURCAD,1.4617200000000001,1.4618,1.4614500000000001,1.46158,427.0
2024-04-02 11:00:00,FX:EURCAD,1.46158,1.4618,1.4614200000000002,1.46157,417.0
2024-04-02 11:01:00,FX:EURCAD,1.46157,1.4616200000000001,1.4613500000000001,1.46139,335.0
2024-04-02 11:02:00,FX:EURCAD,1.46139,1.46174,1.46137,1.4614800000000001,427.0
2024-04-02 11:03:00,FX:EURCAD,1.4614800000000001,1.46181,1.4614800000000001,1.46181,283.0
2024-04-02 11:04:00,FX:EURCAD,1.46181,1.46197,1.46176,1.4619,152.0
2024-04-02 11:05:00,FX:EURCAD,1.4619,1.46192,1.46166,1.46188,171.0
2024-04-02 11:06:00,FX:EURCAD,1.46188,1.46193,1.4617900000000001,1.4617900000000001,143.0
2024-04-02 11:07:00,FX:EURCAD,1.4617900000000001,1.46191,1.4616900000000002,1.46183,199.0
2024-04-02 11:08:00,FX:EURCAD,1.46183,1.46202,1.46181,1.46194,225.0
2024-04-02 11:09:00,FX:EURCAD,1.46194,1.4621300000000002,1.46192,1.462,306.0
2024-04-02 11:10:00,FX:EURCAD,1.462,1.46201,1.46173,1.46174,290.0
2024-04-02 11:11:00,FX:EURCAD,1.46174,1.4619900000000001,1.4617,1.4619,265.0
2024-04-02 11:12:00,FX:EURCAD,1.4619,1.46193,1.4616,1.4616200000000001,217.0
2024-04-02 11:13:00,FX:EURCAD,1.4616200000000001,1.46166,1.46153,1.46158,193.0
2024-04-02 11:14:00,FX:EURCAD,1.46158,1.46158,1.46134,1.46134,221.0
2024-04-02 11:15:00,FX:EURCAD,1.46134,1.46163,1.46134,1.4616,237.0
2024-04-02 11:16:00,FX:EURCAD,1.4616,1.46168,1.46158,1.4616200000000001,184.0
2024-04-02 11:17:00,FX:EURCAD,1.4616200000000001,1.46175,1.46153,1.4616900000000002,187.0
2024-04-02 11:18:00,FX:EURCAD,1.4616900000000002,1.46178,1.46156,1.46159,146.0
2024-04-02 11:19:00,FX:EURCAD,1.46159,1.4618,1.46158,1.46176,243.0
2024-04-02 11:20:00,FX:EURCAD,1.46176,1.46176,1.4616,1.46168,240.0
2024-04-02 11:21:00,FX:EURCAD,1.46168,1.4619,1.4616,1.46185,216.0
2024-04-02 11:22:00,FX:EURCAD,1.46185,1.46187,1.46163,1.46175,315.0
2024-04-02 11:23:00,FX:EURCAD,1.46175,1.46193,1.4617200000000001,1.46192,269.0
2024-04-02 11:24:00,FX:EURCAD,1.46192,1.46207,1.4619,1.46201,249.0
2024-04-02 11:25:00,FX:EURCAD,1.46201,1.46205,1.4619,1.46192,188.0
2024-04-02 11:26:00,FX:EURCAD,1.46192,1.46202,1.4619,1.46192,175.0
2024-04-02 11:27:00,FX:EURCAD,1.46192,1.46193,1.4617200000000001,1.46185,181.0
2024-04-02 11:28:00,FX:EURCAD,1.46185,1.46194,1.46181,1.46187,210.0
2024-04-02 11:29:00,FX:EURCAD,1.46187,1.4618900000000001,1.46178,1.46178,146.0
2024-04-02 11:30:00,FX:EURCAD,1.46178,1.4618600000000002,1.46171,1.46181,267.0
2024-04-02 11:31:00,FX:EURCAD,1.46181,1.46191,1.46173,1.4618600000000002,305.0
2024-04-02 11:32:00,FX:EURCAD,1.4618600000000002,1.46194,1.4617200000000001,1.4619,259.0
2024-04-02 11:33:00,FX:EURCAD,1.4619,1.46205,1.46185,1.46194,242.0
2024-04-02 11:34:00,FX:EURCAD,1.46194,1.46208,1.4618600000000002,1.4620600000000001,262.0
2024-04-02 11:35:00,FX:EURCAD,1.4620600000000001,1.46228,1.4620300000000002,1.46228,274.0
2024-04-02 11:36:00,FX:EURCAD,1.46228,1.46239,1.4622,1.46239,243.0
2024-04-02 11:37:00,FX:EURCAD,1.46239,1.46248,1.46232,1.46244,187.0
2024-04-02 11:38:00,FX:EURCAD,1.46244,1.4625000000000001,1.46219,1.46222,214.0
2024-04-02 11:39:00,FX:EURCAD,1.46222,1.46224,1.46184,1.46187,214.0
2024-04-02 11:40:00,FX:EURCAD,1.46187,1.46197,1.46178,1.46195,131.0
2024-04-02 11:41:00,FX:EURCAD,1.46195,1.46208,1.46195,1.4620600000000001,226.0
2024-04-02 11:42:00,FX:EURCAD,1.4620600000000001,1.46214,1.46194,1.4619600000000001,212.0
2024-04-02 11:43:00,FX:EURCAD,1.4619600000000001,1.4619900000000001,1.46174,1.46183,265.0
2024-04-02 11:44:00,FX:EURCAD,1.46183,1.46193,1.46176,1.4618200000000001,204.0
2024-04-02 11:45:00,FX:EURCAD,1.4618200000000001,1.46187,1.46175,1.46178,199.0
2024-04-02 11:46:00,FX:EURCAD,1.46178,1.4618900000000001,1.46171,1.4618200000000001,206.0
2024-04-02 11:47:00,FX:EURCAD,1.4618200000000001,1.46183,1.4614200000000002,1.46153,227.0
2024-04-02 11:48:00,FX:EURCAD,1.46153,1.46168,1.46149,1.4616200000000001,152.0
2024-04-02 11:49:00,FX:EURCAD,1.4616200000000001,1.46177,1.4616,1.46177,173.0
2024-04-02 11:50:00,FX:EURCAD,1.46177,1.4617900000000001,1.46161,1.4616900000000002,191.0
2024-04-02 11:51:00,FX:EURCAD,1.4616900000000002,1.4619600000000001,1.4616500000000001,1.46187,233.0
2024-04-02 11:52:00,FX:EURCAD,1.46187,1.46191,1.46181,1.4618900000000001,192.0
2024-04-02 11:53:00,FX:EURCAD,1.4618900000000001,1.46201,1.46185,1.4619900000000001,192.0
2024-04-02 11:54:00,FX:EURCAD,1.4619900000000001,1.462,1.46191,1.46194,160.0
2024-04-02 11:55:00,FX:EURCAD,1.46194,1.46195,1.46166,1.46166,229.0
2024-04-02 11:56:00,FX:EURCAD,1.46166,1.46175,1.4616200000000001,1.4616500000000001,153.0
2024-04-02 11:57:00,FX:EURCAD,1.4616500000000001,1.46168,1.4614800000000001,1.46153,161.0
2024-04-02 11:58:00,FX:EURCAD,1.46153,1.46164,1.46149,1.46149,140.0
2024-04-02 11:59:00,FX:EURCAD,1.46149,1.46161,1.46141,1.4615200000000002,212.0
2024-04-02 12:00:00,FX:EURCAD,1.4615200000000002,1.46157,1.46141,1.46157,199.0
2024-04-02 12:01:00,FX:EURCAD,1.46157,1.4616900000000002,1.46154,1.4616900000000002,182.0
2024-04-02 12:02:00,FX:EURCAD,1.4616900000000002,1.46175,1.4616200000000001,1.4616500000000001,177.0
2024-04-02 12:03:00,FX:EURCAD,1.4616500000000001,1.46167,1.46136,1.46143,94.0
2024-04-02 12:04:00,FX:EURCAD,1.46143,1.4615,1.4613500000000001,1.4614,92.0
2024-04-02 12:05:00,FX:EURCAD,1.4614,1.4614200000000002,1.4612800000000001,1.46133,101.0
2024-04-02 12:06:00,FX:EURCAD,1.46133,1.46133,1.46119,1.46122,170.0
2024-04-02 12:07:00,FX:EURCAD,1.46122,1.46139,1.46122,1.46137,131.0
2024-04-02 12:08:00,FX:EURCAD,1.46137,1.46141,1.46129,1.4614,174.0
2024-04-02 12:09:00,FX:EURCAD,1.4614,1.46159,1.4614,1.46156,180.0
2024-04-02 12:10:00,FX:EURCAD,1.46156,1.46164,1.4615200000000002,1.46164,120.0
2024-04-02 12:11:00,FX:EURCAD,1.46164,1.46177,1.46158,1.46161,147.0
2024-04-02 12:12:00,FX:EURCAD,1.46161,1.46184,1.46161,1.46184,139.0
2024-04-02 12:13:00,FX:EURCAD,1.46184,1.46192,1.46171,1.46171,123.0
2024-04-02 12:14:00,FX:EURCAD,1.46171,1.4618,1.4616200000000001,1.46163,189.0
2024-04-02 12:15:00,FX:EURCAD,1.46163,1.46167,1.46153,1.46159,157.0
2024-04-02 12:16:00,FX:EURCAD,1.46159,1.46166,1.4615,1.4616500000000001,190.0
2024-04-02 12:17:00,FX:EURCAD,1.4616500000000001,1.46166,1.4615500000000001,1.46157,107.0
2024-04-02 12:18:00,FX:EURCAD,1.46157,1.46173,1.4615200000000002,1.46173,138.0
2024-04-02 12:19:00,FX:EURCAD,1.46173,1.46175,1.4616200000000001,1.46164,111.0
2024-04-02 12:20:00,FX:EURCAD,1.46164,1.46166,1.4615500000000001,1.4615500000000001,119.0
2024-04-02 12:21:00,FX:EURCAD,1.4615500000000001,1.4616500000000001,1.4615500000000001,1.46156,98.0
2024-04-02 12:22:00,FX:EURCAD,1.46156,1.46158,1.4614500000000001,1.4614500000000001,120.0
2024-04-02 12:23:00,FX:EURCAD,1.4614500000000001,1.46146,1.46136,1.46141,101.0
2024-04-02 12:24:00,FX:EURCAD,1.46141,1.46158,1.46136,1.46156,125.0
2024-04-02 12:25:00,FX:EURCAD,1.46156,1.46163,1.46156,1.46163,104.0
2024-04-02 12:26:00,FX:EURCAD,1.46163,1.46163,1.4614500000000001,1.46146,112.0
2024-04-02 12:27:00,FX:EURCAD,1.46146,1.46153,1.4614,1.46143,160.0
2024-04-02 12:28:00,FX:EURCAD,1.46143,1.4616,1.46143,1.4616,139.0
2024-04-02 12:29:00,FX:EURCAD,1.4616,1.46161,1.46136,1.46136,173.0
2024-04-02 12:30:00,FX:EURCAD,1.46136,1.46153,1.46134,1.46139,112.0
2024-04-02 12:31:00,FX:EURCAD,1.46139,1.46143,1.46137,1.4614200000000002,129.0
2024-04-02 12:32:00,FX:EURCAD,1.4614200000000002,1.46161,1.4614200000000002,1.46154,156.0
2024-04-02 12:33:00,FX:EURCAD,1.46154,1.46159,1.4614800000000001,1.4614800000000001,102.0
2024-04-02 12:34:00,FX:EURCAD,1.4614800000000001,1.46149,1.46136,1.46136,85.0
2024-04-02 12:35:00,FX:EURCAD,1.46136,1.4615200000000002,1.46136,1.46149,103.0
2024-04-02 12:36:00,FX:EURCAD,1.46149,1.46149,1.46129,1.4614,147.0
2024-04-02 12:37:00,FX:EURCAD,1.4614,1.46147,1.46136,1.46141,95.0
2024-04-02 12:38:00,FX:EURCAD,1.46141,1.46158,1.46141,1.46157,63.0
2024-04-02 12:39:00,FX:EURCAD,1.46157,1.4617200000000001,1.46157,1.46167,72.0
2024-04-02 12:40:00,FX:EURCAD,1.46167,1.46173,1.4616500000000001,1.46173,106.0
2024-04-02 12:41:00,FX:EURCAD,1.46173,1.46178,1.46171,1.46176,100.0
2024-04-02 12:42:00,FX:EURCAD,1.46176,1.46185,1.46174,1.4618,106.0
2024-04-02 12:43:00,FX:EURCAD,1.4618,1.46192,1.46175,1.46192,128.0
2024-04-02 12:44:00,FX:EURCAD,1.46192,1.46197,1.46187,1.46187,64.0
2024-04-02 12:45:00,FX:EURCAD,1.46187,1.46191,1.46181,1.46181,90.0
2024-04-02 12:46:00,FX:EURCAD,1.46181,1.4618600000000002,1.46176,1.46178,116.0
2024-04-02 12:47:00,FX:EURCAD,1.46178,1.46184,1.4617200000000001,1.4617200000000001,95.0
2024-04-02 12:48:00,FX:EURCAD,1.4617200000000001,1.4617900000000001,1.46168,1.46168,36.0
2024-04-02 12:49:00,FX:EURCAD,1.46168,1.46178,1.46164,1.46168,107.0
2024-04-02 12:50:00,FX:EURCAD,1.46168,1.46173,1.4615500000000001,1.4616,148.0
2024-04-02 12:51:00,FX:EURCAD,1.4616,1.46168,1.46156,1.46168,77.0
2024-04-02 12:52:00,FX:EURCAD,1.46168,1.4617,1.4616200000000001,1.4616500000000001,77.0
2024-04-02 12:53:00,FX:EURCAD,1.4616500000000001,1.46171,1.46163,1.4617,65.0
2024-04-02 12:54:00,FX:EURCAD,1.4617,1.4618,1.4616500000000001,1.46167,86.0
2024-04-02 12:55:00,FX:EURCAD,1.46167,1.4616900000000002,1.46159,1.46161,93.0
2024-04-02 12:56:00,FX:EURCAD,1.46161,1.4617,1.46159,1.4616900000000002,80.0
2024-04-02 12:57:00,FX:EURCAD,1.4616900000000002,1.4617,1.4614800000000001,1.4614800000000001,106.0
2024-04-02 12:58:00,FX:EURCAD,1.4614800000000001,1.4614800000000001,1.4613800000000001,1.46139,95.0
2024-04-02 12:59:00,FX:EURCAD,1.46139,1.4614,1.46133,1.46134,66.0
2024-04-02 13:00:00,FX:EURCAD,1.46134,1.46139,1.46127,1.46127,129.0
2024-04-02 13:01:00,FX:EURCAD,1.46127,1.46129,1.4612100000000001,1.46127,136.0
2024-04-02 13:02:00,FX:EURCAD,1.46127,1.46136,1.46127,1.4613,135.0
2024-04-02 13:03:00,FX:EURCAD,1.4613,1.46133,1.4612800000000001,1.46129,59.0
2024-04-02 13:04:00,FX:EURCAD,1.46129,1.46133,1.46126,1.46127,66.0
2024-04-02 13:05:00,FX:EURCAD,1.46127,1.46127,1.46117,1.46124,112.0
2024-04-02 13:06:00,FX:EURCAD,1.46124,1.4613,1.46116,1.46127,108.0
2024-04-02 13:07:00,FX:EURCAD,1.46127,1.46127,1.46115,1.46127,111.0
2024-04-02 13:08:00,FX:EURCAD,1.46127,1.4612800000000001,1.46117,1.46117,71.0
2024-04-02 13:09:00,FX:EURCAD,1.46117,1.46126,1.46115,1.46126,71.0
2024-04-02 13:10:00,FX:EURCAD,1.46126,1.46129,1.46122,1.46126,123.0
2024-04-02 13:11:00,FX:EURCAD,1.46126,1.4613,1.4612500000000002,1.46129,64.0
2024-04-02 13:12:00,FX:EURCAD,1.46129,1.46129,1.4612,1.46122,57.0
2024-04-02 13:13:00,FX:EURCAD,1.46122,1.46141,1.46122,1.46141,56.0
2024-04-02 13:14:00,FX:EURCAD,1.46141,1.46141,1.46137,1.4614,62.0
2024-04-02 13:15:00,FX:EURCAD,1.4614,1.4614200000000002,1.4612800000000001,1.46136,84.0
2024-04-02 13:16:00,FX:EURCAD,1.46136,1.4614200000000002,1.4613500000000001,1.46136,96.0
2024-04-02 13:17:00,FX:EURCAD,1.46136,1.46144,1.4613500000000001,1.46144,100.0
2024-04-02 13:18:00,FX:EURCAD,1.46144,1.46147,1.46136,1.4613800000000001,126.0
2024-04-02 13:19:00,FX:EURCAD,1.4613800000000001,1.4614,1.4613500000000001,1.46136,73.0
2024-04-02 13:20:00,FX:EURCAD,1.46136,1.46144,1.46136,1.46144,101.0
2024-04-02 13:21:00,FX:EURCAD,1.46144,1.46147,1.46143,1.4614500000000001,96.0
2024-04-02 13:22:00,FX:EURCAD,1.4614500000000001,1.46147,1.4613,1.46131,94.0
2024-04-02 13:23:00,FX:EURCAD,1.46131,1.46134,1.46124,1.46134,85.0
2024-04-02 13:24:00,FX:EURCAD,1.46134,1.46141,1.46133,1.4613800000000001,54.0
2024-04-02 13:25:00,FX:EURCAD,1.4613800000000001,1.4613800000000001,1.46133,1.46133,107.0
2024-04-02 13:26:00,FX:EURCAD,1.46133,1.4614500000000001,1.46133,1.46141,108.0
2024-04-02 13:27:00,FX:EURCAD,1.46141,1.46144,1.4613500000000001,1.4613500000000001,131.0
2024-04-02 13:28:00,FX:EURCAD,1.4613500000000001,1.46136,1.4613,1.4613,38.0
2024-04-02 13:29:00,FX:EURCAD,1.4613,1.4613,1.46116,1.46116,117.0
2024-04-02 13:30:00,FX:EURCAD,1.46116,1.46129,1.46116,1.4612100000000001,181.0
2024-04-02 13:31:00,FX:EURCAD,1.4612100000000001,1.46127,1.46116,1.46124,107.0
2024-04-02 13:32:00,FX:EURCAD,1.46124,1.4613,1.46124,1.4612800000000001,98.0
2024-04-02 13:33:00,FX:EURCAD,1.4612800000000001,1.4612800000000001,1.4612,1.4612,81.0
2024-04-02 13:34:00,FX:EURCAD,1.4612,1.46123,1.46116,1.4612100000000001,70.0
2024-04-02 13:35:00,FX:EURCAD,1.4612100000000001,1.46129,1.4611800000000001,1.46122,159.0
2024-04-02 13:36:00,FX:EURCAD,1.46122,1.46123,1.46115,1.46115,72.0
2024-04-02 13:37:00,FX:EURCAD,1.46115,1.4612500000000002,1.46114,1.46123,93.0
2024-04-02 13:38:00,FX:EURCAD,1.46123,1.46139,1.46123,1.46139,76.0
2024-04-02 13:39:00,FX:EURCAD,1.46139,1.4614500000000001,1.46137,1.46144,60.0
2024-04-02 13:40:00,FX:EURCAD,1.46144,1.4615500000000001,1.46144,1.4615500000000001,53.0
2024-04-02 13:41:00,FX:EURCAD,1.4615500000000001,1.46158,1.46146,1.4615,97.0
2024-04-02 13:42:00,FX:EURCAD,1.4615,1.46153,1.4614800000000001,1.4615,71.0
2024-04-02 13:43:00,FX:EURCAD,1.4615,1.46151,1.46146,1.46151,58.0
2024-04-02 13:44:00,FX:EURCAD,1.46151,1.46157,1.46126,1.46144,206.0
2024-04-02 13:45:00,FX:EURCAD,1.46144,1.46149,1.4613800000000001,1.46139,165.0
2024-04-02 13:46:00,FX:EURCAD,1.46139,1.46139,1.46126,1.4612800000000001,133.0
2024-04-02 13:47:00,FX:EURCAD,1.4612800000000001,1.46129,1.46119,1.46122,65.0
2024-04-02 13:48:00,FX:EURCAD,1.46122,1.46126,1.46117,1.46124,76.0
2024-04-02 13:49:00,FX:EURCAD,1.46124,1.4612500000000002,1.4611800000000001,1.4612,47.0
2024-04-02 13:50:00,FX:EURCAD,1.4612,1.46131,1.46114,1.46131,100.0
2024-04-02 13:51:00,FX:EURCAD,1.46131,1.46132,1.4612100000000001,1.4612800000000001,95.0
2024-04-02 13:52:00,FX:EURCAD,1.4612800000000001,1.46153,1.4612800000000001,1.46151,119.0
2024-04-02 13:53:00,FX:EURCAD,1.46151,1.46151,1.4614500000000001,1.4615,110.0
2024-04-02 13:54:00,FX:EURCAD,1.4615,1.46154,1.4614800000000001,1.4615,72.0
2024-04-02 13:55:00,FX:EURCAD,1.4615,1.4615200000000002,1.46149,1.4615,58.0
2024-04-02 13:56:00,FX:EURCAD,1.4615,1.46154,1.4615,1.4615,67.0
2024-04-02 13:57:00,FX:EURCAD,1.4615,1.4615,1.46134,1.4613800000000001,98.0
2024-04-02 13:58:00,FX:EURCAD,1.4613800000000001,1.46141,1.4612500000000002,1.46134,157.0
2024-04-02 13:59:00,FX:EURCAD,1.46134,1.46143,1.46131,1.46143,139.0
2024-04-02 14:00:00,FX:EURCAD,1.46143,1.46149,1.46131,1.4614800000000001,159.0
2024-04-02 14:01:00,FX:EURCAD,1.4614800000000001,1.4615200000000002,1.46137,1.46139,142.0
2024-04-02 14:02:00,FX:EURCAD,1.46139,1.4614,1.4613,1.46136,168.0
2024-04-02 14:03:00,FX:EURCAD,1.46136,1.4615500000000001,1.46136,1.4615500000000001,62.0
2024-04-02 14:04:00,FX:EURCAD,1.4615500000000001,1.46157,1.46153,1.46156,70.0
2024-04-02 14:05:00,FX:EURCAD,1.46156,1.46156,1.4614800000000001,1.46156,106.0
2024-04-02 14:06:00,FX:EURCAD,1.46156,1.46156,1.46143,1.46144,104.0
2024-04-02 14:07:00,FX:EURCAD,1.46144,1.46144,1.4613500000000001,1.46136,79.0
2024-04-02 14:08:00,FX:EURCAD,1.46136,1.46136,1.46126,1.46134,78.0
2024-04-02 14:09:00,FX:EURCAD,1.46134,1.46137,1.4612500000000002,1.4612800000000001,108.0
2024-04-02 14:10:00,FX:EURCAD,1.4612800000000001,1.46133,1.4612500000000002,1.46131,109.0
2024-04-02 14:11:00,FX:EURCAD,1.46131,1.4613800000000001,1.4613,1.46133,50.0
2024-04-02 14:12:00,FX:EURCAD,1.46133,1.46133,1.46124,1.46129,100.0
2024-04-02 14:13:00,FX:EURCAD,1.46129,1.46131,1.46126,1.4612800000000001,57.0
2024-04-02 14:14:00,FX:EURCAD,1.4612800000000001,1.46129,1.46117,1.46129,84.0
2024-04-02 14:15:00,FX:EURCAD,1.46129,1.46129,1.46112,1.46115,107.0
2024-04-02 14:16:00,FX:EURCAD,1.46115,1.4612,1.46114,1.46114,95.0
2024-04-02 14:17:00,FX:EURCAD,1.46114,1.46119,1.4611,1.46119,43.0
2024-04-02 14:18:00,FX:EURCAD,1.46119,1.46123,1.46114,1.4612,60.0
2024-04-02 14:19:00,FX:EURCAD,1.4612,1.46123,1.46119,1.46119,24.0
2024-04-02 14:20:00,FX:EURCAD,1.46119,1.46124,1.46117,1.46122,82.0
2024-04-02 14:21:00,FX:EURCAD,1.46122,1.46126,1.46116,1.46117,69.0
2024-04-02 14:22:00,FX:EURCAD,1.46117,1.46124,1.46116,1.46122,64.0
2024-04-02 14:23:00,FX:EURCAD,1.46122,1.46123,1.46117,1.46119,78.0
2024-04-02 14:24:00,FX:EURCAD,1.46119,1.46126,1.4611800000000001,1.46122,63.0
2024-04-02 14:25:00,FX:EURCAD,1.46122,1.46122,1.46103,1.4610400000000001,74.0
2024-04-02 14:26:00,FX:EURCAD,1.4610400000000001,1.46105,1.46097,1.4610100000000001,70.0
2024-04-02 14:27:00,FX:EURCAD,1.4610100000000001,1.46107,1.46096,1.46102,112.0
2024-04-02 14:28:00,FX:EURCAD,1.46102,1.46103,1.4609100000000002,1.4609100000000002,51.0
2024-04-02 14:29:00,FX:EURCAD,1.4609100000000002,1.46105,1.4609100000000002,1.46103,58.0
2024-04-02 14:30:00,FX:EURCAD,1.46103,1.46103,1.461,1.4610100000000001,76.0
2024-04-02 14:31:00,FX:EURCAD,1.4610100000000001,1.4610400000000001,1.46093,1.4610100000000001,95.0
2024-04-02 14:32:00,FX:EURCAD,1.4610100000000001,1.46103,1.46099,1.4610100000000001,26.0
2024-04-02 14:33:00,FX:EURCAD,1.4610100000000001,1.46105,1.461,1.46103,69.0
2024-04-02 14:34:00,FX:EURCAD,1.46103,1.46113,1.46103,1.46107,125.0
2024-04-02 14:35:00,FX:EURCAD,1.46107,1.46109,1.46099,1.4610400000000001,133.0
2024-04-02 14:36:00,FX:EURCAD,1.4610400000000001,1.46114,1.4610400000000001,1.46114,60.0
2024-04-02 14:37:00,FX:EURCAD,1.46114,1.46117,1.46105,1.4610800000000002,78.0
2024-04-02 14:38:00,FX:EURCAD,1.4610800000000002,1.4611800000000001,1.46102,1.46115,104.0
2024-04-02 14:39:00,FX:EURCAD,1.46115,1.4612100000000001,1.4611,1.4611,71.0
2024-04-02 14:40:00,FX:EURCAD,1.4611,1.4611100000000001,1.46105,1.46106,42.0
2024-04-02 14:41:00,FX:EURCAD,1.46106,1.46106,1.4609,1.46096,66.0
2024-04-02 14:42:00,FX:EURCAD,1.46096,1.46097,1.4609100000000002,1.46097,34.0
2024-04-02 14:43:00,FX:EURCAD,1.46097,1.461,1.46089,1.46095,80.0
2024-04-02 14:44:00,FX:EURCAD,1.46095,1.46102,1.46088,1.4609100000000002,68.0
2024-04-02 14:45:00,FX:EURCAD,1.4609100000000002,1.46097,1.46086,1.4609400000000001,77.0
2024-04-02 14:46:00,FX:EURCAD,1.4609400000000001,1.461,1.46093,1.4609400000000001,68.0
2024-04-02 14:47:00,FX:EURCAD,1.4609400000000001,1.4610100000000001,1.46092,1.46093,56.0
2024-04-02 14:48:00,FX:EURCAD,1.46093,1.461,1.4609100000000002,1.4609100000000002,69.0
2024-04-02 14:49:00,FX:EURCAD,1.4609100000000002,1.46095,1.46089,1.46093,54.0
2024-04-02 14:50:00,FX:EURCAD,1.46093,1.4609400000000001,1.46085,1.4609100000000002,80.0
2024-04-02 14:51:00,FX:EURCAD,1.4609100000000002,1.46103,1.4609,1.4609,46.0
2024-04-02 14:52:00,FX:EURCAD,1.4609,1.4609,1.46078,1.46083,73.0
2024-04-02 14:53:00,FX:EURCAD,1.46083,1.46089,1.46082,1.4608700000000001,75.0
2024-04-02 14:54:00,FX:EURCAD,1.4608700000000001,1.46096,1.46083,1.4609400000000001,70.0
2024-04-02 14:55:00,FX:EURCAD,1.4609400000000001,1.461,1.46093,1.46097,44.0
2024-04-02 14:56:00,FX:EURCAD,1.46097,1.4610800000000002,1.46096,1.46107,94.0
2024-04-02 14:57:00,FX:EURCAD,1.46107,1.46107,1.46097,1.46099,44.0
2024-04-02 14:58:00,FX:EURCAD,1.46099,1.46099,1.46083,1.46092,61.0
2024-04-02 14:59:00,FX:EURCAD,1.46092,1.4610100000000001,1.4609,1.46098,141.0
2024-04-02 15:00:00,FX:EURCAD,1.46098,1.461,1.46089,1.46095,84.0
2024-04-02 15:01:00,FX:EURCAD,1.46095,1.46096,1.46089,1.46095,104.0
2024-04-02 15:02:00,FX:EURCAD,1.46095,1.46097,1.4609,1.4609400000000001,74.0
2024-04-02 15:03:00,FX:EURCAD,1.4609400000000001,1.46097,1.4609100000000002,1.46092,42.0
2024-04-02 15:04:00,FX:EURCAD,1.46092,1.46092,1.4608,1.46082,43.0
2024-04-02 15:05:00,FX:EURCAD,1.46082,1.46082,1.4607,1.4608,127.0
2024-04-02 15:06:00,FX:EURCAD,1.4608,1.46088,1.46075,1.46085,101.0
2024-04-02 15:07:00,FX:EURCAD,1.46085,1.46086,1.46072,1.4607700000000001,91.0
2024-04-02 15:08:00,FX:EURCAD,1.4607700000000001,1.46085,1.46076,1.46076,85.0
2024-04-02 15:09:00,FX:EURCAD,1.46076,1.4608400000000001,1.4607400000000001,1.4608100000000002,117.0
2024-04-02 15:10:00,FX:EURCAD,1.4608100000000002,1.4608400000000001,1.4607700000000001,1.4608100000000002,94.0
2024-04-02 15:11:00,FX:EURCAD,1.4608100000000002,1.4608100000000002,1.46069,1.46069,37.0
2024-04-02 15:12:00,FX:EURCAD,1.46069,1.46072,1.4606700000000001,1.4607,52.0
2024-04-02 15:13:00,FX:EURCAD,1.4607,1.46085,1.46069,1.46082,69.0
2024-04-02 15:14:00,FX:EURCAD,1.46082,1.4608700000000001,1.46073,1.46078,106.0
2024-04-02 15:15:00,FX:EURCAD,1.46078,1.4608,1.46073,1.46078,102.0
2024-04-02 15:16:00,FX:EURCAD,1.46078,1.4608400000000001,1.46072,1.4608400000000001,53.0
2024-04-02 15:17:00,FX:EURCAD,1.4608400000000001,1.4608400000000001,1.46071,1.4607400000000001,61.0
2024-04-02 15:18:00,FX:EURCAD,1.4607400000000001,1.4608100000000002,1.4607,1.4608100000000002,69.0
2024-04-02 15:19:00,FX:EURCAD,1.4608100000000002,1.46086,1.46069,1.46079,115.0
2024-04-02 15:20:00,FX:EURCAD,1.46079,1.4608,1.46069,1.46072,100.0
2024-04-02 15:21:00,FX:EURCAD,1.46072,1.4607700000000001,1.46068,1.46068,65.0
2024-04-02 15:22:00,FX:EURCAD,1.46068,1.46073,1.46068,1.46069,38.0
2024-04-02 15:23:00,FX:EURCAD,1.46069,1.46071,1.4606700000000001,1.46068,63.0
2024-04-02 15:24:00,FX:EURCAD,1.46068,1.46068,1.46058,1.46062,66.0
2024-04-02 15:25:00,FX:EURCAD,1.46062,1.46068,1.46059,1.46068,78.0
2024-04-02 15:26:00,FX:EURCAD,1.46068,1.46068,1.46052,1.46053,74.0
2024-04-02 15:27:00,FX:EURCAD,1.46053,1.46056,1.46046,1.46051,88.0
2024-04-02 15:28:00,FX:EURCAD,1.46051,1.46051,1.4604700000000002,1.46048,41.0
2024-04-02 15:29:00,FX:EURCAD,1.46048,1.46052,1.4604700000000002,1.46052,36.0
2024-04-02 15:30:00,FX:EURCAD,1.46052,1.46054,1.46048,1.46051,80.0
2024-04-02 15:31:00,FX:EURCAD,1.46051,1.46056,1.46051,1.46056,45.0
2024-04-02 15:32:00,FX:EURCAD,1.46056,1.46056,1.46052,1.46052,46.0
2024-04-02 15:33:00,FX:EURCAD,1.46052,1.46056,1.4604700000000002,1.46056,62.0
2024-04-02 15:34:00,FX:EURCAD,1.46056,1.46061,1.46056,1.46056,67.0
2024-04-02 15:35:00,FX:EURCAD,1.46056,1.46059,1.46046,1.46052,66.0
2024-04-02 15:36:00,FX:EURCAD,1.46052,1.46058,1.4604700000000002,1.4605700000000001,71.0
2024-04-02 15:37:00,FX:EURCAD,1.4605700000000001,1.46061,1.46056,1.46059,38.0
2024-04-02 15:38:00,FX:EURCAD,1.46059,1.46061,1.4605000000000001,1.46053,74.0
2024-04-02 15:39:00,FX:EURCAD,1.46053,1.46062,1.46049,1.46061,52.0
2024-04-02 15:40:00,FX:EURCAD,1.46061,1.4607700000000001,1.46053,1.46076,104.0
2024-04-02 15:41:00,FX:EURCAD,1.46076,1.46079,1.46069,1.4607700000000001,74.0
2024-04-02 15:42:00,FX:EURCAD,1.4607700000000001,1.46078,1.46072,1.46073,66.0
2024-04-02 15:43:00,FX:EURCAD,1.46073,1.46088,1.46071,1.4608100000000002,112.0
2024-04-02 15:44:00,FX:EURCAD,1.4608100000000002,1.4609,1.46075,1.46086,94.0
2024-04-02 15:45:00,FX:EURCAD,1.46086,1.4609100000000002,1.4607700000000001,1.4607700000000001,107.0
2024-04-02 15:46:00,FX:EURCAD,1.4607700000000001,1.4608100000000002,1.4606700000000001,1.4606700000000001,106.0
2024-04-02 15:47:00,FX:EURCAD,1.4606700000000001,1.4607400000000001,1.46065,1.4607400000000001,113.0
2024-04-02 15:48:00,FX:EURCAD,1.4607400000000001,1.4607400000000001,1.46065,1.46069,76.0
2024-04-02 15:49:00,FX:EURCAD,1.46069,1.4607400000000001,1.46068,1.46072,90.0
2024-04-02 15:50:00,FX:EURCAD,1.46072,1.46076,1.46066,1.46073,121.0
2024-04-02 15:51:00,FX:EURCAD,1.46073,1.4607700000000001,1.4606700000000001,1.46075,101.0
2024-04-02 15:52:00,FX:EURCAD,1.46075,1.46089,1.46075,1.4608700000000001,115.0
2024-04-02 15:53:00,FX:EURCAD,1.4608700000000001,1.46095,1.4608700000000001,1.46095,75.0
2024-04-02 15:54:00,FX:EURCAD,1.46095,1.461,1.4608700000000001,1.46099,162.0
2024-04-02 15:55:00,FX:EURCAD,1.46099,1.46107,1.46093,1.46105,125.0
2024-04-02 15:56:00,FX:EURCAD,1.46105,1.4611800000000001,1.4610100000000001,1.4611,183.0
2024-04-02 15:57:00,FX:EURCAD,1.4611,1.46117,1.46105,1.46117,131.0
2024-04-02 15:58:00,FX:EURCAD,1.46117,1.46131,1.46117,1.46129,103.0
2024-04-02 15:59:00,FX:EURCAD,1.46129,1.46149,1.46127,1.46143,307.0
2024-04-02 16:00:00,FX:EURCAD,1.46143,1.46159,1.46139,1.46141,188.0
2024-04-02 16:01:00,FX:EURCAD,1.46141,1.46156,1.46141,1.46154,80.0
2024-04-02 16:02:00,FX:EURCAD,1.46154,1.4615500000000001,1.46133,1.4613500000000001,87.0
2024-04-02 16:03:00,FX:EURCAD,1.4613500000000001,1.46141,1.46133,1.46136,50.0
2024-04-02 16:04:00,FX:EURCAD,1.46136,1.46137,1.46127,1.46133,58.0
2024-04-02 16:05:00,FX:EURCAD,1.46133,1.4613500000000001,1.46129,1.46133,22.0
2024-04-02 16:06:00,FX:EURCAD,1.46133,1.46144,1.46119,1.4612800000000001,82.0
2024-04-02 16:07:00,FX:EURCAD,1.4612800000000001,1.46136,1.4612500000000002,1.46136,30.0
2024-04-02 16:08:00,FX:EURCAD,1.46136,1.46137,1.4613,1.46137,20.0
2024-04-02 16:09:00,FX:EURCAD,1.46137,1.4614,1.4613,1.4614,22.0
2024-04-02 16:10:00,FX:EURCAD,1.4614,1.46141,1.46137,1.46139,15.0
2024-04-02 16:11:00,FX:EURCAD,1.46139,1.46139,1.46131,1.46136,14.0
2024-04-02 16:12:00,FX:EURCAD,1.46136,1.46146,1.46129,1.46131,51.0
2024-04-02 16:13:00,FX:EURCAD,1.46131,1.4613500000000001,1.46131,1.4613500000000001,17.0
2024-04-02 16:14:00,FX:EURCAD,1.4613500000000001,1.46137,1.46126,1.46129,35.0
2024-04-02 16:15:00,FX:EURCAD,1.46129,1.4613500000000001,1.46123,1.46123,65.0
2024-04-02 16:16:00,FX:EURCAD,1.46123,1.46126,1.46115,1.4612100000000001,55.0
2024-04-02 16:17:00,FX:EURCAD,1.4612100000000001,1.46129,1.4612,1.46129,20.0
2024-04-02 16:18:00,FX:EURCAD,1.46129,1.4613,1.46123,1.46129,29.0
2024-04-02 16:19:00,FX:EURCAD,1.46129,1.46129,1.4612500000000002,1.4612500000000002,5.0
2024-04-02 16:20:00,FX:EURCAD,1.4612500000000002,1.4612500000000002,1.46114,1.46115,29.0
2024-04-02 16:21:00,FX:EURCAD,1.46115,1.46115,1.46107,1.4610800000000002,26.0
2024-04-02 16:22:00,FX:EURCAD,1.4610800000000002,1.4610800000000002,1.4609400000000001,1.46099,39.0
2024-04-02 16:23:00,FX:EURCAD,1.46099,1.4610100000000001,1.46098,1.4610100000000001,8.0
2024-04-02 16:24:00,FX:EURCAD,1.4610100000000001,1.46105,1.46098,1.46098,40.0
2024-04-02 16:25:00,FX:EURCAD,1.46098,1.46105,1.4609400000000001,1.4609400000000001,62.0
2024-04-02 16:26:00,FX:EURCAD,1.4609400000000001,1.46096,1.4609,1.4609100000000002,62.0
2024-04-02 16:27:00,FX:EURCAD,1.4609100000000002,1.46093,1.46088,1.46089,45.0
2024-04-02 16:28:00,FX:EURCAD,1.46089,1.4609100000000002,1.4608,1.4608100000000002,101.0
2024-04-02 16:29:00,FX:EURCAD,1.4608100000000002,1.4608400000000001,1.46069,1.46076,85.0
2024-04-02 16:30:00,FX:EURCAD,1.46076,1.46078,1.46066,1.46068,70.0
2024-04-02 16:31:00,FX:EURCAD,1.46068,1.46076,1.46065,1.4607400000000001,77.0
2024-04-02 16:32:00,FX:EURCAD,1.4607400000000001,1.46075,1.46059,1.4606400000000002,74.0
2024-04-02 16:33:00,FX:EURCAD,1.4606400000000002,1.46068,1.46061,1.46061,35.0
2024-04-02 16:34:00,FX:EURCAD,1.46061,1.4606400000000002,1.4606000000000001,1.4606000000000001,26.0
2024-04-02 16:35:00,FX:EURCAD,1.4606000000000001,1.4606400000000002,1.4605700000000001,1.46062,109.0
2024-04-02 16:36:00,FX:EURCAD,1.46062,1.46062,1.46053,1.46056,39.0
2024-04-02 16:37:00,FX:EURCAD,1.46056,1.4606000000000001,1.46053,1.46056,35.0
2024-04-02 16:38:00,FX:EURCAD,1.46056,1.46056,1.46054,1.46054,36.0
2024-04-02 16:39:00,FX:EURCAD,1.46054,1.46058,1.46051,1.46055,41.0
2024-04-02 16:40:00,FX:EURCAD,1.46055,1.46058,1.46046,1.46051,69.0
2024-04-02 16:41:00,FX:EURCAD,1.46051,1.46054,1.4605000000000001,1.46051,23.0
2024-04-02 16:42:00,FX:EURCAD,1.46051,1.46058,1.46051,1.46051,26.0
2024-04-02 16:43:00,FX:EURCAD,1.46051,1.46058,1.46051,1.4605700000000001,40.0
2024-04-02 16:44:00,FX:EURCAD,1.4605700000000001,1.46078,1.4605700000000001,1.46076,53.0
2024-04-02 16:45:00,FX:EURCAD,1.46076,1.46076,1.46065,1.46075,54.0
2024-04-02 16:46:00,FX:EURCAD,1.46075,1.4609,1.46072,1.4608400000000001,51.0
2024-04-02 16:47:00,FX:EURCAD,1.4608400000000001,1.4608700000000001,1.46076,1.4607700000000001,48.0
2024-04-02 16:48:00,FX:EURCAD,1.4607700000000001,1.4609,1.4607700000000001,1.4609,32.0
2024-04-02 16:49:00,FX:EURCAD,1.4609,1.4609100000000002,1.4608400000000001,1.46089,27.0
2024-04-02 16:50:00,FX:EURCAD,1.46089,1.4609100000000002,1.4608400000000001,1.46085,50.0
2024-04-02 16:51:00,FX:EURCAD,1.46085,1.46088,1.46085,1.4608700000000001,21.0
2024-04-02 16:52:00,FX:EURCAD,1.4608700000000001,1.46088,1.46085,1.46085,20.0
2024-04-02 16:53:00,FX:EURCAD,1.46085,1.4610100000000001,1.46076,1.46079,67.0
2024-04-02 16:54:00,FX:EURCAD,1.46079,1.46082,1.46076,1.46079,23.0
2024-04-02 16:55:00,FX:EURCAD,1.46079,1.46083,1.46071,1.46078,74.0
2024-04-02 16:56:00,FX:EURCAD,1.46078,1.4608,1.4607400000000001,1.4608,79.0
2024-04-02 16:57:00,FX:EURCAD,1.4608,1.46085,1.46027,1.46083,15.0
2024-04-02 16:58:00,FX:EURCAD,1.46083,1.4608700000000001,1.4608,1.46085,16.0
2024-04-02 16:59:00,FX:EURCAD,1.46085,1.4608700000000001,1.46085,1.4608700000000001,1.0
2024-04-02 17:03:00,FX:EURCAD,1.4608700000000001,1.4608700000000001,1.4606000000000001,1.4606000000000001,2.0
2024-04-02 17:04:00,FX:EURCAD,1.4606000000000001,1.4606000000000001,1.46058,1.46058,1.0
2024-04-02 17:05:00,FX:EURCAD,1.46058,1.4609400000000001,1.46058,1.46083,27.0
2024-04-02 17:06:00,FX:EURCAD,1.46083,1.4609400000000001,1.46083,1.46085,8.0
2024-04-02 17:07:00,FX:EURCAD,1.46085,1.46089,1.4607,1.4607400000000001,33.0
2024-04-02 17:08:00,FX:EURCAD,1.4607400000000001,1.46075,1.4607400000000001,1.46075,17.0
2024-04-02 17:09:00,FX:EURCAD,1.46075,1.4607700000000001,1.46046,1.46069,83.0
2024-04-02 17:10:00,FX:EURCAD,1.46069,1.46076,1.46028,1.46029,82.0
2024-04-02 17:11:00,FX:EURCAD,1.46029,1.46055,1.46029,1.4605000000000001,63.0
2024-04-02 17:12:00,FX:EURCAD,1.4605000000000001,1.46061,1.46049,1.4605700000000001,16.0
2024-04-02 17:13:00,FX:EURCAD,1.4605700000000001,1.4605700000000001,1.46056,1.4605700000000001,7.0
2024-04-02 17:14:00,FX:EURCAD,1.4605700000000001,1.4605700000000001,1.4605700000000001,1.4605700000000001,1.0
2024-04-02 17:15:00,FX:EURCAD,1.4605700000000001,1.4606700000000001,1.46056,1.4606700000000001,4.0
2024-04-02 17:16:00,FX:EURCAD,1.4606700000000001,1.4606700000000001,1.46066,1.46066,1.0
2024-04-02 17:18:00,FX:EURCAD,1.46066,1.46066,1.46054,1.46054,22.0
2024-04-02 17:19:00,FX:EURCAD,1.46054,1.46055,1.46054,1.46054,16.0
2024-04-02 17:20:00,FX:EURCAD,1.46054,1.4607700000000001,1.46054,1.4607700000000001,27.0
2024-04-02 17:21:00,FX:EURCAD,1.4607700000000001,1.46083,1.46051,1.46068,73.0
2024-04-02 17:22:00,FX:EURCAD,1.46068,1.46092,1.46068,1.46083,109.0
2024-04-02 17:23:00,FX:EURCAD,1.46083,1.46096,1.4608100000000002,1.46093,39.0
2024-04-02 17:24:00,FX:EURCAD,1.46093,1.46106,1.46083,1.46088,73.0
2024-04-02 17:25:00,FX:EURCAD,1.46088,1.4609100000000002,1.46072,1.46078,92.0
2024-04-02 17:26:00,FX:EURCAD,1.46078,1.46096,1.46069,1.4607700000000001,76.0
2024-04-02 17:27:00,FX:EURCAD,1.4607700000000001,1.46099,1.4607400000000001,1.4609100000000002,78.0
2024-04-02 17:28:00,FX:EURCAD,1.4609100000000002,1.46109,1.4609100000000002,1.46095,66.0
2024-04-02 17:29:00,FX:EURCAD,1.46095,1.46105,1.4609400000000001,1.46095,41.0
2024-04-02 17:30:00,FX:EURCAD,1.46095,1.46102,1.46086,1.46093,138.0
2024-04-02 17:31:00,FX:EURCAD,1.46093,1.461,1.46089,1.46095,55.0
2024-04-02 17:32:00,FX:EURCAD,1.46095,1.46099,1.4608700000000001,1.4609100000000002,44.0
2024-04-02 17:33:00,FX:EURCAD,1.4609100000000002,1.46097,1.4609100000000002,1.46092,9.0
2024-04-02 17:34:00,FX:EURCAD,1.46092,1.4609400000000001,1.46086,1.46089,17.0
2024-04-02 17:35:00,FX:EURCAD,1.46089,1.46095,1.4608,1.46092,100.0
2024-04-02 17:36:00,FX:EURCAD,1.46092,1.46095,1.4608700000000001,1.46093,117.0
2024-04-02 17:37:00,FX:EURCAD,1.46093,1.4609400000000001,1.46085,1.46089,36.0
2024-04-02 17:38:00,FX:EURCAD,1.46089,1.46096,1.46085,1.4609100000000002,55.0
2024-04-02 17:39:00,FX:EURCAD,1.4609100000000002,1.4610100000000001,1.4608700000000001,1.46089,93.0
2024-04-02 17:40:00,FX:EURCAD,1.46089,1.46093,1.46085,1.46092,90.0
2024-04-02 17:41:00,FX:EURCAD,1.46092,1.46097,1.4609100000000002,1.46093,68.0
2024-04-02 17:42:00,FX:EURCAD,1.46093,1.46093,1.46089,1.4609100000000002,63.0
2024-04-02 17:43:00,FX:EURCAD,1.4609100000000002,1.46093,1.46089,1.46092,14.0
2024-04-02 17:44:00,FX:EURCAD,1.46092,1.4609400000000001,1.46085,1.4609,52.0
2024-04-02 17:45:00,FX:EURCAD,1.4609,1.46092,1.4608,1.46082,119.0
2024-04-02 17:46:00,FX:EURCAD,1.46082,1.46085,1.46078,1.46083,57.0
2024-04-02 17:47:00,FX:EURCAD,1.46083,1.4608700000000001,1.4607700000000001,1.4608700000000001,23.0
2024-04-02 17:48:00,FX:EURCAD,1.4608700000000001,1.4608700000000001,1.4608100000000002,1.4608100000000002,22.0
2024-04-02 17:49:00,FX:EURCAD,1.4608100000000002,1.46086,1.4608100000000002,1.46086,29.0
2024-04-02 17:50:00,FX:EURCAD,1.46086,1.46095,1.46086,1.4609400000000001,18.0
2024-04-02 17:51:00,FX:EURCAD,1.4609400000000001,1.46113,1.4609400000000001,1.4611100000000001,66.0
2024-04-02 17:52:00,FX:EURCAD,1.4611100000000001,1.4611100000000001,1.46099,1.4610400000000001,36.0
2024-04-02 17:53:00,FX:EURCAD,1.4610400000000001,1.46105,1.46098,1.461,56.0
2024-04-02 17:54:00,FX:EURCAD,1.461,1.4610100000000001,1.461,1.461,16.0
2024-04-02 17:55:00,FX:EURCAD,1.461,1.461,1.46098,1.46098,43.0
2024-04-02 17:56:00,FX:EURCAD,1.46098,1.4610100000000001,1.46097,1.46099,42.0
2024-04-02 17:57:00,FX:EURCAD,1.46099,1.4611100000000001,1.46097,1.46103,94.0
2024-04-02 17:58:00,FX:EURCAD,1.46103,1.46115,1.46103,1.46106,141.0
2024-04-02 17:59:00,FX:EURCAD,1.46106,1.46114,1.4610400000000001,1.46113,136.0
2024-04-02 18:00:00,FX:EURCAD,1.46113,1.46113,1.46088,1.46088,173.0
2024-04-02 18:01:00,FX:EURCAD,1.46088,1.46089,1.46082,1.46082,103.0
2024-04-02 18:02:00,FX:EURCAD,1.46082,1.4608700000000001,1.4608,1.4608700000000001,34.0
2024-04-02 18:03:00,FX:EURCAD,1.4608700000000001,1.46097,1.4608700000000001,1.4609400000000001,22.0
2024-04-02 18:04:00,FX:EURCAD,1.4609400000000001,1.46095,1.4609400000000001,1.46095,3.0
2024-04-02 18:05:00,FX:EURCAD,1.46095,1.46096,1.46086,1.4608700000000001,14.0
2024-04-02 18:06:00,FX:EURCAD,1.4608700000000001,1.46088,1.4608700000000001,1.4608700000000001,3.0
2024-04-02 18:07:00,FX:EURCAD,1.4608700000000001,1.46088,1.4608700000000001,1.46088,5.0
2024-04-02 18:08:00,FX:EURCAD,1.46088,1.46088,1.46088,1.46088,1.0
2024-04-02 18:09:00,FX:EURCAD,1.46088,1.46088,1.46088,1.46088,1.0
2024-04-02 18:10:00,FX:EURCAD,1.46088,1.46093,1.4608700000000001,1.46088,11.0
2024-04-02 18:11:00,FX:EURCAD,1.46088,1.4609100000000002,1.46086,1.46089,9.0
2024-04-02 18:12:00,FX:EURCAD,1.46089,1.4609100000000002,1.46079,1.46083,16.0
2024-04-02 18:13:00,FX:EURCAD,1.46083,1.46088,1.46082,1.46083,16.0
2024-04-02 18:14:00,FX:EURCAD,1.46083,1.46083,1.46082,1.46083,4.0
2024-04-02 18:15:00,FX:EURCAD,1.46083,1.46083,1.4608100000000002,1.46082,12.0
2024-04-02 18:16:00,FX:EURCAD,1.46082,1.46083,1.46082,1.46083,9.0
2024-04-02 18:17:00,FX:EURCAD,1.46083,1.46083,1.46072,1.46073,15.0
2024-04-02 18:18:00,FX:EURCAD,1.46073,1.46083,1.46071,1.46082,38.0
2024-04-02 18:19:00,FX:EURCAD,1.46082,1.46083,1.4608,1.46082,32.0
2024-04-02 18:20:00,FX:EURCAD,1.46082,1.46083,1.46063,1.46069,15.0
2024-04-02 18:21:00,FX:EURCAD,1.46069,1.46069,1.46061,1.46061,12.0
2024-04-02 18:22:00,FX:EURCAD,1.46061,1.46062,1.4606000000000001,1.46061,5.0
2024-04-02 18:23:00,FX:EURCAD,1.46061,1.46062,1.46061,1.46061,5.0
2024-04-02 18:24:00,FX:EURCAD,1.46061,1.46062,1.46061,1.46062,2.0
2024-04-02 18:25:00,FX:EURCAD,1.46062,1.46062,1.46061,1.46061,3.0
2024-04-02 18:26:00,FX:EURCAD,1.46061,1.46071,1.46061,1.46071,15.0
2024-04-02 18:27:00,FX:EURCAD,1.46071,1.46073,1.46065,1.46073,19.0
2024-04-02 18:28:00,FX:EURCAD,1.46073,1.46073,1.4607,1.4607,10.0
2024-04-02 18:29:00,FX:EURCAD,1.4607,1.4607,1.4606000000000001,1.4606700000000001,28.0
2024-04-02 18:30:00,FX:EURCAD,1.4606700000000001,1.46069,1.46055,1.4606000000000001,40.0
2024-04-02 18:31:00,FX:EURCAD,1.4606000000000001,1.46069,1.4606000000000001,1.46069,17.0
2024-04-02 18:32:00,FX:EURCAD,1.46069,1.4607,1.46061,1.46061,20.0
2024-04-02 18:33:00,FX:EURCAD,1.46061,1.46069,1.46061,1.46066,17.0
2024-04-02 18:34:00,FX:EURCAD,1.46066,1.4606700000000001,1.46063,1.46063,12.0
2024-04-02 18:35:00,FX:EURCAD,1.46063,1.46063,1.46063,1.46063,3.0
2024-04-02 18:36:00,FX:EURCAD,1.46063,1.46071,1.46063,1.46071,9.0
2024-04-02 18:37:00,FX:EURCAD,1.46071,1.46071,1.4606400000000002,1.46066,11.0
2024-04-02 18:38:00,FX:EURCAD,1.46066,1.4606700000000001,1.46061,1.46061,5.0
2024-04-02 18:39:00,FX:EURCAD,1.46061,1.4606700000000001,1.46061,1.4606700000000001,8.0
2024-04-02 18:40:00,FX:EURCAD,1.4606700000000001,1.4607,1.46066,1.4606700000000001,25.0
2024-04-02 18:41:00,FX:EURCAD,1.4606700000000001,1.4608100000000002,1.4606700000000001,1.4607700000000001,28.0
2024-04-02 18:42:00,FX:EURCAD,1.4607700000000001,1.46078,1.46075,1.46075,9.0
2024-04-02 18:43:00,FX:EURCAD,1.46075,1.46075,1.46071,1.46071,7.0
2024-04-02 18:44:00,FX:EURCAD,1.46071,1.46078,1.46071,1.46076,17.0
2024-04-02 18:45:00,FX:EURCAD,1.46076,1.46082,1.46076,1.4607700000000001,15.0
2024-04-02 18:46:00,FX:EURCAD,1.4607700000000001,1.46082,1.4607700000000001,1.46082,9.0
2024-04-02 18:47:00,FX:EURCAD,1.46082,1.46082,1.46078,1.46078,4.0
2024-04-02 18:48:00,FX:EURCAD,1.46078,1.46079,1.46078,1.46078,3.0
2024-04-02 18:49:00,FX:EURCAD,1.46078,1.46078,1.46063,1.46063,14.0
2024-04-02 18:50:00,FX:EURCAD,1.46063,1.4607,1.46063,1.4607,11.0
2024-04-02 18:51:00,FX:EURCAD,1.4607,1.46076,1.4607,1.46076,15.0
2024-04-02 18:52:00,FX:EURCAD,1.46076,1.4607700000000001,1.4607400000000001,1.4607700000000001,14.0
2024-04-02 18:53:00,FX:EURCAD,1.4607700000000001,1.46078,1.46076,1.46076,11.0
2024-04-02 18:54:00,FX:EURCAD,1.46076,1.46076,1.46066,1.46068,23.0
2024-04-02 18:55:00,FX:EURCAD,1.46068,1.46068,1.4606700000000001,1.4606700000000001,2.0
2024-04-02 18:56:00,FX:EURCAD,1.4606700000000001,1.46068,1.46066,1.46066,9.0
2024-04-02 18:57:00,FX:EURCAD,1.46066,1.46071,1.46065,1.46068,18.0
2024-04-02 18:58:00,FX:EURCAD,1.46068,1.46068,1.46058,1.46065,21.0
2024-04-02 18:59:00,FX:EURCAD,1.46065,1.46065,1.4605000000000001,1.4605000000000001,30.0
2024-04-02 19:00:00,FX:EURCAD,1.4605000000000001,1.46055,1.4605000000000001,1.46055,27.0
2024-04-02 19:01:00,FX:EURCAD,1.46055,1.46055,1.46046,1.46048,38.0
2024-04-02 19:02:00,FX:EURCAD,1.46048,1.46049,1.46044,1.46049,35.0
2024-04-02 19:03:00,FX:EURCAD,1.46049,1.4605000000000001,1.46049,1.4605000000000001,4.0
2024-04-02 19:04:00,FX:EURCAD,1.4605000000000001,1.46051,1.46049,1.46051,31.0
2024-04-02 19:05:00,FX:EURCAD,1.46051,1.46052,1.46051,1.46052,21.0
2024-04-02 19:06:00,FX:EURCAD,1.46052,1.46052,1.4605000000000001,1.46051,5.0
2024-04-02 19:07:00,FX:EURCAD,1.46051,1.46052,1.4605000000000001,1.46052,9.0
2024-04-02 19:08:00,FX:EURCAD,1.46052,1.46056,1.4604700000000002,1.46056,39.0
2024-04-02 19:09:00,FX:EURCAD,1.46056,1.46056,1.46054,1.46055,20.0
2024-04-02 19:10:00,FX:EURCAD,1.46055,1.46055,1.46054,1.46055,19.0
2024-04-02 19:11:00,FX:EURCAD,1.46055,1.46055,1.4605000000000001,1.46053,24.0
2024-04-02 19:12:00,FX:EURCAD,1.46053,1.4606000000000001,1.46053,1.46059,90.0
2024-04-02 19:13:00,FX:EURCAD,1.46059,1.46061,1.46059,1.46061,12.0
2024-04-02 19:14:00,FX:EURCAD,1.46061,1.4606700000000001,1.46061,1.46063,21.0
2024-04-02 19:15:00,FX:EURCAD,1.46063,1.46068,1.46059,1.4606400000000002,28.0
2024-04-02 19:16:00,FX:EURCAD,1.4606400000000002,1.46068,1.46061,1.46068,14.0
2024-04-02 19:17:00,FX:EURCAD,1.46068,1.46068,1.4606700000000001,1.46068,2.0
2024-04-02 19:18:00,FX:EURCAD,1.46068,1.46075,1.46068,1.4607400000000001,26.0
2024-04-02 19:19:00,FX:EURCAD,1.4607400000000001,1.46075,1.46073,1.46075,9.0
2024-04-02 19:20:00,FX:EURCAD,1.46075,1.4607700000000001,1.46063,1.46063,29.0
2024-04-02 19:21:00,FX:EURCAD,1.46063,1.4606400000000002,1.46063,1.4606400000000002,20.0
2024-04-02 19:22:00,FX:EURCAD,1.4606400000000002,1.4606400000000002,1.4606000000000001,1.4606400000000002,24.0
2024-04-02 19:23:00,FX:EURCAD,1.4606400000000002,1.46069,1.4606400000000002,1.46068,29.0
2024-04-02 19:24:00,FX:EURCAD,1.46068,1.46068,1.46062,1.4606400000000002,27.0
2024-04-02 19:25:00,FX:EURCAD,1.4606400000000002,1.4606400000000002,1.46054,1.46056,31.0
2024-04-02 19:26:00,FX:EURCAD,1.46056,1.46058,1.46056,1.46058,44.0
2024-04-02 19:27:00,FX:EURCAD,1.46058,1.46059,1.46055,1.46055,21.0
2024-04-02 19:28:00,FX:EURCAD,1.46055,1.46059,1.46052,1.46059,61.0
2024-04-02 19:29:00,FX:EURCAD,1.46059,1.46059,1.4605000000000001,1.4605000000000001,122.0
2024-04-02 19:30:00,FX:EURCAD,1.4605000000000001,1.46051,1.46041,1.46042,41.0
2024-04-02 19:31:00,FX:EURCAD,1.46042,1.4605000000000001,1.46042,1.46049,35.0
2024-04-02 19:32:00,FX:EURCAD,1.46049,1.4605000000000001,1.46049,1.4605000000000001,16.0
2024-04-02 19:33:00,FX:EURCAD,1.4605000000000001,1.46051,1.46049,1.4605000000000001,32.0
2024-04-02 19:34:00,FX:EURCAD,1.4605000000000001,1.4605000000000001,1.46049,1.4605000000000001,22.0
2024-04-02 19:35:00,FX:EURCAD,1.4605000000000001,1.46052,1.46049,1.46051,30.0
2024-04-02 19:36:00,FX:EURCAD,1.46051,1.46052,1.46051,1.46052,15.0
2024-04-02 19:37:00,FX:EURCAD,1.46052,1.46052,1.46051,1.46051,7.0
2024-04-02 19:38:00,FX:EURCAD,1.46051,1.46053,1.4605000000000001,1.4605000000000001,30.0
2024-04-02 19:39:00,FX:EURCAD,1.4605000000000001,1.46053,1.4605000000000001,1.46052,11.0
2024-04-02 19:40:00,FX:EURCAD,1.46052,1.46062,1.46052,1.4606000000000001,50.0
2024-04-02 19:41:00,FX:EURCAD,1.4606000000000001,1.4607,1.4606000000000001,1.4606700000000001,51.0
2024-04-02 19:42:00,FX:EURCAD,1.4606700000000001,1.46068,1.4606700000000001,1.46068,10.0
2024-04-02 19:43:00,FX:EURCAD,1.46068,1.4607,1.46063,1.46065,22.0
2024-04-02 19:44:00,FX:EURCAD,1.46065,1.46071,1.46062,1.46062,27.0
2024-04-02 19:45:00,FX:EURCAD,1.46062,1.4606700000000001,1.4606000000000001,1.4606700000000001,9.0
2024-04-02 19:46:00,FX:EURCAD,1.4606700000000001,1.4606700000000001,1.4605700000000001,1.4605700000000001,19.0
2024-04-02 19:47:00,FX:EURCAD,1.4605700000000001,1.46066,1.4605700000000001,1.4606400000000002,54.0
2024-04-02 19:48:00,FX:EURCAD,1.4606400000000002,1.4606700000000001,1.4606000000000001,1.4606000000000001,32.0
2024-04-02 19:49:00,FX:EURCAD,1.4606000000000001,1.46069,1.46053,1.46055,50.0
2024-04-02 19:50:00,FX:EURCAD,1.46055,1.4605700000000001,1.46046,1.46051,82.0
2024-04-02 19:51:00,FX:EURCAD,1.46051,1.46062,1.4605000000000001,1.46055,64.0
2024-04-02 19:52:00,FX:EURCAD,1.46055,1.46062,1.46055,1.46056,25.0
2024-04-02 19:53:00,FX:EURCAD,1.46056,1.46058,1.46055,1.46058,29.0
2024-04-02 19:54:00,FX:EURCAD,1.46058,1.46059,1.46053,1.4605700000000001,38.0
2024-04-02 19:55:00,FX:EURCAD,1.4605700000000001,1.46066,1.4605700000000001,1.46066,31.0
2024-04-02 19:56:00,FX:EURCAD,1.46066,1.46066,1.46061,1.46061,24.0
2024-04-02 19:57:00,FX:EURCAD,1.46061,1.46062,1.46055,1.46061,30.0
2024-04-02 19:58:00,FX:EURCAD,1.46061,1.46063,1.46059,1.46061,27.0
2024-04-02 19:59:00,FX:EURCAD,1.46061,1.46062,1.4605700000000001,1.4606000000000001,11.0
2024-04-02 20:00:00,FX:EURCAD,1.4606000000000001,1.46068,1.46058,1.4606400000000002,81.0
2024-04-02 20:01:00,FX:EURCAD,1.4606400000000002,1.46072,1.4606000000000001,1.46072,102.0
2024-04-02 20:02:00,FX:EURCAD,1.46072,1.46075,1.4606700000000001,1.46068,68.0
2024-04-02 20:03:00,FX:EURCAD,1.46068,1.4607,1.46062,1.46068,57.0
2024-04-02 20:04:00,FX:EURCAD,1.46068,1.46073,1.4606700000000001,1.46071,65.0
2024-04-02 20:05:00,FX:EURCAD,1.46071,1.4608400000000001,1.46071,1.4608100000000002,83.0
2024-04-02 20:06:00,FX:EURCAD,1.4608100000000002,1.46083,1.4607400000000001,1.46083,47.0
2024-04-02 20:07:00,FX:EURCAD,1.46083,1.46085,1.46073,1.4608,64.0
2024-04-02 20:08:00,FX:EURCAD,1.4608,1.4608100000000002,1.46072,1.46079,48.0
2024-04-02 20:09:00,FX:EURCAD,1.46079,1.46082,1.46073,1.4607700000000001,90.0
2024-04-02 20:10:00,FX:EURCAD,1.4607700000000001,1.4607700000000001,1.46065,1.46072,61.0
2024-04-02 20:11:00,FX:EURCAD,1.46072,1.4607700000000001,1.46066,1.46076,65.0
2024-04-02 20:12:00,FX:EURCAD,1.46076,1.46083,1.4607400000000001,1.46082,64.0
2024-04-02 20:13:00,FX:EURCAD,1.46082,1.46088,1.4608100000000002,1.4608100000000002,37.0
2024-04-02 20:14:00,FX:EURCAD,1.4608100000000002,1.4608400000000001,1.4608100000000002,1.46083,21.0
2024-04-02 20:15:00,FX:EURCAD,1.46083,1.4608700000000001,1.46078,1.46086,27.0
2024-04-02 20:16:00,FX:EURCAD,1.46086,1.4608700000000001,1.46076,1.46076,69.0
2024-04-02 20:17:00,FX:EURCAD,1.46076,1.4608,1.46073,1.4607700000000001,81.0
2024-04-02 20:18:00,FX:EURCAD,1.4607700000000001,1.46082,1.4607400000000001,1.46076,71.0
2024-04-02 20:19:00,FX:EURCAD,1.46076,1.4608,1.46076,1.46079,23.0
2024-04-02 20:20:00,FX:EURCAD,1.46079,1.46085,1.46078,1.4608400000000001,42.0
2024-04-02 20:21:00,FX:EURCAD,1.4608400000000001,1.46085,1.4607700000000001,1.46082,62.0
2024-04-02 20:22:00,FX:EURCAD,1.46082,1.46082,1.46076,1.4607700000000001,66.0
2024-04-02 20:23:00,FX:EURCAD,1.4607700000000001,1.46082,1.46076,1.46076,67.0
2024-04-02 20:24:00,FX:EURCAD,1.46076,1.46086,1.46076,1.46086,27.0
2024-04-02 20:25:00,FX:EURCAD,1.46086,1.46086,1.46078,1.46083,81.0
2024-04-02 20:26:00,FX:EURCAD,1.46083,1.46092,1.46083,1.46089,66.0
2024-04-02 20:27:00,FX:EURCAD,1.46089,1.4609,1.4608400000000001,1.46085,53.0
2024-04-02 20:28:00,FX:EURCAD,1.46085,1.46093,1.46085,1.46093,40.0
2024-04-02 20:29:00,FX:EURCAD,1.46093,1.46095,1.46089,1.4609,29.0
2024-04-02 20:30:00,FX:EURCAD,1.4609,1.46096,1.4608700000000001,1.46092,82.0
2024-04-02 20:31:00,FX:EURCAD,1.46092,1.46097,1.4609,1.46097,52.0
2024-04-02 20:32:00,FX:EURCAD,1.46097,1.46097,1.46089,1.4609,43.0
2024-04-02 20:33:00,FX:EURCAD,1.4609,1.46092,1.46086,1.46088,89.0
2024-04-02 20:34:00,FX:EURCAD,1.46088,1.46088,1.46078,1.46082,67.0
2024-04-02 20:35:00,FX:EURCAD,1.46082,1.46086,1.4608,1.46083,49.0
2024-04-02 20:36:00,FX:EURCAD,1.46083,1.46085,1.4608,1.4608,50.0
2024-04-02 20:37:00,FX:EURCAD,1.4608,1.46089,1.4608,1.4608700000000001,59.0
2024-04-02 20:38:00,FX:EURCAD,1.4608700000000001,1.4608700000000001,1.46079,1.46082,70.0
2024-04-02 20:39:00,FX:EURCAD,1.46082,1.46083,1.4607700000000001,1.46078,69.0
2024-04-02 20:40:00,FX:EURCAD,1.46078,1.46089,1.4607700000000001,1.46089,41.0
2024-04-02 20:41:00,FX:EURCAD,1.46089,1.4609400000000001,1.46088,1.4609400000000001,50.0
2024-04-02 20:42:00,FX:EURCAD,1.4609400000000001,1.461,1.4609,1.46098,55.0
2024-04-02 20:43:00,FX:EURCAD,1.46098,1.46099,1.46093,1.46096,29.0
2024-04-02 20:44:00,FX:EURCAD,1.46096,1.46105,1.46095,1.46099,40.0
2024-04-02 20:45:00,FX:EURCAD,1.46099,1.46105,1.46098,1.46102,57.0
2024-04-02 20:46:00,FX:EURCAD,1.46102,1.46102,1.46097,1.4610100000000001,45.0
2024-04-02 20:47:00,FX:EURCAD,1.4610100000000001,1.46106,1.4610100000000001,1.4610400000000001,20.0
2024-04-02 20:48:00,FX:EURCAD,1.4610400000000001,1.46105,1.46103,1.46103,14.0
2024-04-02 20:49:00,FX:EURCAD,1.46103,1.46103,1.46089,1.46093,81.0
2024-04-02 20:50:00,FX:EURCAD,1.46093,1.461,1.46093,1.46096,38.0
2024-04-02 20:51:00,FX:EURCAD,1.46096,1.4610400000000001,1.46093,1.46102,80.0
2024-04-02 20:52:00,FX:EURCAD,1.46102,1.4611100000000001,1.46102,1.4610800000000002,78.0
2024-04-02 20:53:00,FX:EURCAD,1.4610800000000002,1.4612500000000002,1.46107,1.4612100000000001,116.0
2024-04-02 20:54:00,FX:EURCAD,1.4612100000000001,1.4614,1.4612100000000001,1.46129,288.0
2024-04-02 20:55:00,FX:EURCAD,1.46129,1.4614,1.46129,1.46136,61.0
2024-04-02 20:56:00,FX:EURCAD,1.46136,1.46136,1.46126,1.46127,60.0
2024-04-02 20:57:00,FX:EURCAD,1.46127,1.4612800000000001,1.46124,1.4612500000000002,64.0
2024-04-02 20:58:00,FX:EURCAD,1.4612500000000002,1.46129,1.46124,1.46127,52.0
2024-04-02 20:59:00,FX:EURCAD,1.46127,1.4613800000000001,1.46126,1.46134,124.0
2024-04-02 21:00:00,FX:EURCAD,1.46134,1.46136,1.4610400000000001,1.46107,254.0
2024-04-02 21:01:00,FX:EURCAD,1.46107,1.4611,1.4609400000000001,1.4609400000000001,214.0
2024-04-02 21:02:00,FX:EURCAD,1.4609400000000001,1.46103,1.4609400000000001,1.46096,124.0
2024-04-02 21:03:00,FX:EURCAD,1.46096,1.46107,1.46096,1.46099,95.0
2024-04-02 21:04:00,FX:EURCAD,1.46099,1.4610800000000002,1.46099,1.4610100000000001,95.0
2024-04-02 21:05:00,FX:EURCAD,1.4610100000000001,1.4611,1.461,1.4610400000000001,123.0
2024-04-02 21:06:00,FX:EURCAD,1.4610400000000001,1.46112,1.46102,1.46107,102.0
2024-04-02 21:07:00,FX:EURCAD,1.46107,1.4611,1.4610100000000001,1.4610400000000001,96.0
2024-04-02 21:08:00,FX:EURCAD,1.4610400000000001,1.46115,1.46103,1.4611100000000001,140.0
2024-04-02 21:09:00,FX:EURCAD,1.4611100000000001,1.46112,1.46102,1.46106,86.0
2024-04-02 21:10:00,FX:EURCAD,1.46106,1.46123,1.46105,1.4612,97.0
2024-04-02 21:11:00,FX:EURCAD,1.4612,1.46127,1.4611800000000001,1.46127,94.0
2024-04-02 21:12:00,FX:EURCAD,1.46127,1.46136,1.46126,1.46132,153.0
2024-04-02 21:13:00,FX:EURCAD,1.46132,1.46132,1.46124,1.4612500000000002,65.0
2024-04-02 21:14:00,FX:EURCAD,1.4612500000000002,1.46137,1.4612500000000002,1.46137,53.0
2024-04-02 21:15:00,FX:EURCAD,1.46137,1.46139,1.46132,1.46136,75.0
2024-04-02 21:16:00,FX:EURCAD,1.46136,1.46143,1.46132,1.46143,116.0
2024-04-02 21:17:00,FX:EURCAD,1.46143,1.46146,1.4614,1.4614,48.0
2024-04-02 21:18:00,FX:EURCAD,1.4614,1.46149,1.4614,1.4614200000000002,72.0
2024-04-02 21:19:00,FX:EURCAD,1.4614200000000002,1.4614800000000001,1.4613800000000001,1.4613800000000001,55.0
2024-04-02 21:20:00,FX:EURCAD,1.4613800000000001,1.46139,1.4612500000000002,1.46126,68.0
2024-04-02 21:21:00,FX:EURCAD,1.46126,1.46132,1.4612500000000002,1.46132,89.0
2024-04-02 21:22:00,FX:EURCAD,1.46132,1.46137,1.46131,1.46137,15.0
2024-04-02 21:23:00,FX:EURCAD,1.46137,1.4614,1.4613500000000001,1.46137,33.0
2024-04-02 21:24:00,FX:EURCAD,1.46137,1.46143,1.46134,1.46136,98.0
2024-04-02 21:25:00,FX:EURCAD,1.46136,1.4614,1.4613500000000001,1.46139,101.0
2024-04-02 21:26:00,FX:EURCAD,1.46139,1.46141,1.46134,1.46141,74.0
2024-04-02 21:27:00,FX:EURCAD,1.46141,1.46144,1.4613800000000001,1.4614,43.0
2024-04-02 21:28:00,FX:EURCAD,1.4614,1.4614500000000001,1.4614,1.46141,32.0
2024-04-02 21:29:00,FX:EURCAD,1.46141,1.46147,1.46141,1.46143,38.0
2024-04-02 21:30:00,FX:EURCAD,1.46143,1.46153,1.46134,1.46149,86.0
2024-04-02 21:31:00,FX:EURCAD,1.46149,1.46161,1.46149,1.46156,54.0
2024-04-02 21:32:00,FX:EURCAD,1.46156,1.46159,1.46151,1.46157,105.0
2024-04-02 21:33:00,FX:EURCAD,1.46157,1.4616,1.46149,1.4615200000000002,80.0
2024-04-02 21:34:00,FX:EURCAD,1.4615200000000002,1.46158,1.46151,1.46158,78.0
2024-04-02 21:35:00,FX:EURCAD,1.46158,1.46166,1.46158,1.46163,73.0
2024-04-02 21:36:00,FX:EURCAD,1.46163,1.46173,1.4616200000000001,1.46171,62.0
2024-04-02 21:37:00,FX:EURCAD,1.46171,1.46171,1.46159,1.4616900000000002,68.0
2024-04-02 21:38:00,FX:EURCAD,1.4616900000000002,1.4616900000000002,1.46161,1.4616500000000001,30.0
2024-04-02 21:39:00,FX:EURCAD,1.4616500000000001,1.46168,1.46161,1.46167,28.0
2024-04-02 21:40:00,FX:EURCAD,1.46167,1.46177,1.46167,1.46173,36.0
2024-04-02 21:41:00,FX:EURCAD,1.46173,1.46176,1.46173,1.46176,14.0
2024-04-02 21:42:00,FX:EURCAD,1.46176,1.46181,1.46174,1.46181,28.0
2024-04-02 21:43:00,FX:EURCAD,1.46181,1.46181,1.46175,1.4618,48.0
2024-04-02 21:44:00,FX:EURCAD,1.4618,1.4618900000000001,1.4617900000000001,1.46181,76.0
2024-04-02 21:45:00,FX:EURCAD,1.46181,1.46183,1.46171,1.4618,100.0
2024-04-02 21:46:00,FX:EURCAD,1.4618,1.46181,1.46174,1.46178,51.0
2024-04-02 21:47:00,FX:EURCAD,1.46178,1.46181,1.46173,1.46181,82.0
2024-04-02 21:48:00,FX:EURCAD,1.46181,1.46183,1.46173,1.46173,102.0
2024-04-02 21:49:00,FX:EURCAD,1.46173,1.4618200000000001,1.46171,1.4617200000000001,62.0
2024-04-02 21:50:00,FX:EURCAD,1.4617200000000001,1.4617200000000001,1.46167,1.4616900000000002,79.0
2024-04-02 21:51:00,FX:EURCAD,1.4616900000000002,1.46178,1.46168,1.4617,80.0
2024-04-02 21:52:00,FX:EURCAD,1.4617,1.46185,1.4617,1.4618200000000001,91.0
2024-04-02 21:53:00,FX:EURCAD,1.4618200000000001,1.4618600000000002,1.46177,1.46183,76.0
2024-04-02 21:54:00,FX:EURCAD,1.46183,1.4618600000000002,1.4618200000000001,1.46183,22.0
2024-04-02 21:55:00,FX:EURCAD,1.46183,1.46188,1.46183,1.4618600000000002,47.0
2024-04-02 21:56:00,FX:EURCAD,1.4618600000000002,1.46188,1.4617,1.46178,63.0
2024-04-02 21:57:00,FX:EURCAD,1.46178,1.4618600000000002,1.46177,1.4618600000000002,52.0
2024-04-02 21:58:00,FX:EURCAD,1.4618600000000002,1.46194,1.4618600000000002,1.46191,28.0
2024-04-02 21:59:00,FX:EURCAD,1.46191,1.46198,1.46185,1.46198,81.0
2024-04-02 22:00:00,FX:EURCAD,1.46198,1.46208,1.46198,1.46205,105.0
2024-04-02 22:01:00,FX:EURCAD,1.46205,1.46208,1.462,1.462,73.0
2024-04-02 22:02:00,FX:EURCAD,1.462,1.46205,1.462,1.46205,66.0
2024-04-02 22:03:00,FX:EURCAD,1.46205,1.46205,1.46191,1.46198,99.0
2024-04-02 22:04:00,FX:EURCAD,1.46198,1.462,1.4619600000000001,1.46198,73.0
2024-04-02 22:05:00,FX:EURCAD,1.46198,1.46198,1.4619,1.46193,66.0
2024-04-02 22:06:00,FX:EURCAD,1.46193,1.46193,1.46192,1.46193,53.0
2024-04-02 22:07:00,FX:EURCAD,1.46193,1.4620300000000002,1.46191,1.4619900000000001,120.0
2024-04-02 22:08:00,FX:EURCAD,1.4619900000000001,1.46202,1.46193,1.46201,104.0
2024-04-02 22:09:00,FX:EURCAD,1.46201,1.46201,1.46192,1.46194,61.0
2024-04-02 22:10:00,FX:EURCAD,1.46194,1.46201,1.46191,1.46201,120.0
2024-04-02 22:11:00,FX:EURCAD,1.46201,1.46201,1.4618900000000001,1.4618900000000001,83.0
2024-04-02 22:12:00,FX:EURCAD,1.4618900000000001,1.4619600000000001,1.4618200000000001,1.46183,92.0
2024-04-02 22:13:00,FX:EURCAD,1.46183,1.4618600000000002,1.46173,1.46177,128.0
2024-04-02 22:14:00,FX:EURCAD,1.46177,1.46187,1.46175,1.46187,69.0
2024-04-02 22:15:00,FX:EURCAD,1.46187,1.46194,1.46187,1.46191,97.0
2024-04-02 22:16:00,FX:EURCAD,1.46191,1.46194,1.4619,1.46194,55.0
2024-04-02 22:17:00,FX:EURCAD,1.46194,1.46197,1.46192,1.46195,83.0
2024-04-02 22:18:00,FX:EURCAD,1.46195,1.462,1.46194,1.4619600000000001,38.0
2024-04-02 22:19:00,FX:EURCAD,1.4619600000000001,1.46201,1.4619600000000001,1.46201,16.0
2024-04-02 22:20:00,FX:EURCAD,1.46201,1.46202,1.46197,1.46197,34.0
2024-04-02 22:21:00,FX:EURCAD,1.46197,1.462,1.46193,1.462,45.0
2024-04-02 22:22:00,FX:EURCAD,1.462,1.46205,1.462,1.462,30.0
2024-04-02 22:23:00,FX:EURCAD,1.462,1.46207,1.462,1.46207,41.0
2024-04-02 22:24:00,FX:EURCAD,1.46207,1.4620900000000001,1.4620600000000001,1.46208,46.0
2024-04-02 22:25:00,FX:EURCAD,1.46208,1.46208,1.462,1.462,65.0
2024-04-02 22:26:00,FX:EURCAD,1.462,1.4620300000000002,1.4619600000000001,1.4619600000000001,56.0
2024-04-02 22:27:00,FX:EURCAD,1.4619600000000001,1.46201,1.46194,1.46201,46.0
2024-04-02 22:28:00,FX:EURCAD,1.46201,1.46204,1.46198,1.46202,52.0
2024-04-02 22:29:00,FX:EURCAD,1.46202,1.4621,1.46202,1.4621,44.0
2024-04-02 22:30:00,FX:EURCAD,1.4621,1.46212,1.462,1.4620300000000002,112.0
2024-04-02 22:31:00,FX:EURCAD,1.4620300000000002,1.46207,1.46201,1.46207,67.0
2024-04-02 22:32:00,FX:EURCAD,1.46207,1.46212,1.46204,1.46204,56.0
2024-04-02 22:33:00,FX:EURCAD,1.46204,1.4620600000000001,1.4619900000000001,1.462,43.0
2024-04-02 22:34:00,FX:EURCAD,1.462,1.46208,1.462,1.46202,68.0
2024-04-02 22:35:00,FX:EURCAD,1.46202,1.4620300000000002,1.4619900000000001,1.46202,45.0
2024-04-02 22:36:00,FX:EURCAD,1.46202,1.4620600000000001,1.4619900000000001,1.46202,57.0
2024-04-02 22:37:00,FX:EURCAD,1.46202,1.46204,1.46201,1.46201,33.0
2024-04-02 22:38:00,FX:EURCAD,1.46201,1.46207,1.46201,1.46202,28.0
2024-04-02 22:39:00,FX:EURCAD,1.46202,1.4620600000000001,1.46202,1.4620300000000002,29.0
2024-04-02 22:40:00,FX:EURCAD,1.4620300000000002,1.4620900000000001,1.4620300000000002,1.4620900000000001,49.0
2024-04-02 22:41:00,FX:EURCAD,1.4620900000000001,1.46212,1.46205,1.4620600000000001,60.0
2024-04-02 22:42:00,FX:EURCAD,1.4620600000000001,1.46218,1.46205,1.46217,37.0
2024-04-02 22:43:00,FX:EURCAD,1.46217,1.46219,1.4621300000000002,1.46214,40.0
2024-04-02 22:44:00,FX:EURCAD,1.46214,1.46217,1.4621,1.46211,54.0
2024-04-02 22:45:00,FX:EURCAD,1.46211,1.4621600000000001,1.46211,1.46211,63.0
2024-04-02 22:46:00,FX:EURCAD,1.46211,1.46212,1.46211,1.46211,25.0
2024-04-02 22:47:00,FX:EURCAD,1.46211,1.4621300000000002,1.46208,1.4621300000000002,48.0
2024-04-02 22:48:00,FX:EURCAD,1.4621300000000002,1.46215,1.4621,1.4621,40.0
2024-04-02 22:49:00,FX:EURCAD,1.4621,1.46212,1.4620900000000001,1.46212,39.0
2024-04-02 22:50:00,FX:EURCAD,1.46212,1.46217,1.46212,1.46217,21.0
2024-04-02 22:51:00,FX:EURCAD,1.46217,1.46224,1.4621300000000002,1.46219,39.0
2024-04-02 22:52:00,FX:EURCAD,1.46219,1.46219,1.4621600000000001,1.46218,13.0
2024-04-02 22:53:00,FX:EURCAD,1.46218,1.4623300000000001,1.4621600000000001,1.4622600000000001,50.0
2024-04-02 22:54:00,FX:EURCAD,1.4622600000000001,1.4622600000000001,1.4621300000000002,1.4621300000000002,33.0
2024-04-02 22:55:00,FX:EURCAD,1.4621300000000002,1.4621600000000001,1.46211,1.46215,23.0
2024-04-02 22:56:00,FX:EURCAD,1.46215,1.46219,1.4621300000000002,1.46214,18.0
2024-04-02 22:57:00,FX:EURCAD,1.46214,1.46222,1.46214,1.46215,22.0
2024-04-02 22:58:00,FX:EURCAD,1.46215,1.46218,1.46214,1.4621600000000001,31.0
2024-04-02 22:59:00,FX:EURCAD,1.4621600000000001,1.46218,1.46214,1.46214,35.0
2024-04-02 23:00:00,FX:EURCAD,1.46214,1.46214,1.46205,1.46205,65.0
2024-04-02 23:01:00,FX:EURCAD,1.46205,1.46207,1.46194,1.46194,106.0
2024-04-02 23:02:00,FX:EURCAD,1.46194,1.4620900000000001,1.46193,1.46208,77.0
2024-04-02 23:03:00,FX:EURCAD,1.46208,1.46215,1.4620600000000001,1.46214,53.0
2024-04-02 23:04:00,FX:EURCAD,1.46214,1.46222,1.46214,1.4622,41.0
2024-04-02 23:05:00,FX:EURCAD,1.4622,1.46232,1.4622,1.46232,43.0
2024-04-02 23:06:00,FX:EURCAD,1.46232,1.46235,1.46229,1.46229,45.0
2024-04-02 23:07:00,FX:EURCAD,1.46229,1.46236,1.46229,1.46235,82.0
2024-04-02 23:08:00,FX:EURCAD,1.46235,1.46245,1.46235,1.46242,69.0
2024-04-02 23:09:00,FX:EURCAD,1.46242,1.46242,1.46232,1.46234,93.0
2024-04-02 23:10:00,FX:EURCAD,1.46234,1.46241,1.46234,1.46241,41.0
2024-04-02 23:11:00,FX:EURCAD,1.46241,1.46241,1.46228,1.46229,38.0
2024-04-02 23:12:00,FX:EURCAD,1.46229,1.46231,1.4621300000000002,1.4621300000000002,142.0
2024-04-02 23:13:00,FX:EURCAD,1.4621300000000002,1.46215,1.4621,1.46211,135.0
2024-04-02 23:14:00,FX:EURCAD,1.46211,1.46221,1.46211,1.46219,130.0
2024-04-02 23:15:00,FX:EURCAD,1.46219,1.46224,1.46217,1.46217,105.0
2024-04-02 23:16:00,FX:EURCAD,1.46217,1.46217,1.46207,1.46207,88.0
2024-04-02 23:17:00,FX:EURCAD,1.46207,1.46208,1.462,1.46208,117.0
2024-04-02 23:18:00,FX:EURCAD,1.46208,1.4621,1.4620600000000001,1.4620900000000001,77.0
2024-04-02 23:19:00,FX:EURCAD,1.4620900000000001,1.4620900000000001,1.46207,1.46208,40.0
2024-04-02 23:20:00,FX:EURCAD,1.46208,1.4621300000000002,1.46205,1.46208,99.0
2024-04-02 23:21:00,FX:EURCAD,1.46208,1.46208,1.4619900000000001,1.4619900000000001,50.0
2024-04-02 23:22:00,FX:EURCAD,1.4619900000000001,1.46207,1.46198,1.4619900000000001,74.0
2024-04-02 23:23:00,FX:EURCAD,1.4619900000000001,1.4620600000000001,1.46198,1.4620300000000002,103.0
2024-04-02 23:24:00,FX:EURCAD,1.4620300000000002,1.4620600000000001,1.46195,1.46197,137.0
2024-04-02 23:25:00,FX:EURCAD,1.46197,1.46197,1.46187,1.46188,143.0
2024-04-02 23:26:00,FX:EURCAD,1.46188,1.46193,1.46181,1.46181,72.0
2024-04-02 23:27:00,FX:EURCAD,1.46181,1.46185,1.4617900000000001,1.4617900000000001,53.0
2024-04-02 23:28:00,FX:EURCAD,1.4617900000000001,1.46185,1.46176,1.4618,109.0
2024-04-02 23:29:00,FX:EURCAD,1.4618,1.4618900000000001,1.46177,1.4617900000000001,74.0
2024-04-02 23:30:00,FX:EURCAD,1.4617900000000001,1.4618,1.46163,1.4616500000000001,103.0
2024-04-02 23:31:00,FX:EURCAD,1.4616500000000001,1.4616900000000002,1.46163,1.4616900000000002,66.0
2024-04-02 23:32:00,FX:EURCAD,1.4616900000000002,1.46174,1.46168,1.46173,33.0
2024-04-02 23:33:00,FX:EURCAD,1.46173,1.4617900000000001,1.4617,1.46175,81.0
2024-04-02 23:34:00,FX:EURCAD,1.46175,1.46178,1.46171,1.46177,88.0
2024-04-02 23:35:00,FX:EURCAD,1.46177,1.46183,1.46175,1.4618,49.0
2024-04-02 23:36:00,FX:EURCAD,1.4618,1.46184,1.46178,1.46181,38.0
2024-04-02 23:37:00,FX:EURCAD,1.46181,1.46181,1.46173,1.46173,34.0
2024-04-02 23:38:00,FX:EURCAD,1.46173,1.46178,1.4617,1.46175,75.0
2024-04-02 23:39:00,FX:EURCAD,1.46175,1.46183,1.46174,1.46183,51.0
2024-04-02 23:40:00,FX:EURCAD,1.46183,1.46184,1.4618,1.4618,48.0
2024-04-02 23:41:00,FX:EURCAD,1.4618,1.4618200000000001,1.46175,1.4618,57.0
2024-04-02 23:42:00,FX:EURCAD,1.4618,1.46181,1.46173,1.46176,56.0
2024-04-02 23:43:00,FX:EURCAD,1.46176,1.46177,1.46173,1.46175,49.0
2024-04-02 23:44:00,FX:EURCAD,1.46175,1.46176,1.46167,1.46173,56.0
2024-04-02 23:45:00,FX:EURCAD,1.46173,1.46177,1.4616900000000002,1.46174,53.0
2024-04-02 23:46:00,FX:EURCAD,1.46174,1.46177,1.46167,1.46175,73.0
2024-04-02 23:47:00,FX:EURCAD,1.46175,1.4618,1.46173,1.46177,105.0
2024-04-02 23:48:00,FX:EURCAD,1.46177,1.46181,1.46174,1.46175,36.0
2024-04-02 23:49:00,FX:EURCAD,1.46175,1.46176,1.4617,1.46173,50.0
2024-04-02 23:50:00,FX:EURCAD,1.46173,1.46173,1.4616200000000001,1.46168,42.0
2024-04-02 23:51:00,FX:EURCAD,1.46168,1.4617,1.46166,1.46166,19.0
2024-04-02 23:52:00,FX:EURCAD,1.46166,1.46171,1.4616500000000001,1.4616500000000001,43.0
2024-04-02 23:53:00,FX:EURCAD,1.4616500000000001,1.4617,1.46164,1.4617,18.0
2024-04-02 23:54:00,FX:EURCAD,1.4617,1.4617200000000001,1.4616900000000002,1.46171,46.0
2024-04-02 23:55:00,FX:EURCAD,1.46171,1.4617200000000001,1.4617,1.4617200000000001,22.0
2024-04-02 23:56:00,FX:EURCAD,1.4617200000000001,1.4617200000000001,1.46171,1.4617200000000001,12.0
2024-04-02 23:57:00,FX:EURCAD,1.4617200000000001,1.46177,1.46171,1.46171,35.0
2024-04-02 23:58:00,FX:EURCAD,1.46171,1.46176,1.46168,1.46176,56.0
2024-04-02 23:59:00,FX:EURCAD,1.46176,1.46176,1.4617,1.46171,57.0
2024-04-03 00:00:00,FX:EURCAD,1.46171,1.46171,1.4615200000000002,1.4615500000000001,188.0
2024-04-03 00:01:00,FX:EURCAD,1.4615500000000001,1.4616,1.4614800000000001,1.4616,110.0
2024-04-03 00:02:00,FX:EURCAD,1.4616,1.4616900000000002,1.46157,1.46167,48.0
2024-04-03 00:03:00,FX:EURCAD,1.46167,1.46174,1.46163,1.4616900000000002,71.0
2024-04-03 00:04:00,FX:EURCAD,1.4616900000000002,1.46171,1.46167,1.4616900000000002,38.0
2024-04-03 00:05:00,FX:EURCAD,1.4616900000000002,1.46173,1.46157,1.46161,100.0
2024-04-03 00:06:00,FX:EURCAD,1.46161,1.46168,1.46161,1.46167,67.0
2024-04-03 00:07:00,FX:EURCAD,1.46167,1.46167,1.46153,1.46161,70.0
2024-04-03 00:08:00,FX:EURCAD,1.46161,1.46161,1.46151,1.46156,129.0
2024-04-03 00:09:00,FX:EURCAD,1.46156,1.46161,1.4615500000000001,1.46159,79.0
2024-04-03 00:10:00,FX:EURCAD,1.46159,1.4616,1.46156,1.4616,78.0
2024-04-03 00:11:00,FX:EURCAD,1.4616,1.46161,1.46156,1.46159,23.0
2024-04-03 00:12:00,FX:EURCAD,1.46159,1.4616500000000001,1.46154,1.46157,39.0
2024-04-03 00:13:00,FX:EURCAD,1.46157,1.46157,1.4615200000000002,1.46156,26.0
2024-04-03 00:14:00,FX:EURCAD,1.46156,1.46161,1.46156,1.46159,43.0
2024-04-03 00:15:00,FX:EURCAD,1.46159,1.4617,1.46157,1.46166,58.0
2024-04-03 00:16:00,FX:EURCAD,1.46166,1.46175,1.46166,1.46175,64.0
2024-04-03 00:17:00,FX:EURCAD,1.46175,1.46176,1.4617200000000001,1.46174,35.0
2024-04-03 00:18:00,FX:EURCAD,1.46174,1.4618200000000001,1.46174,1.4617900000000001,66.0
2024-04-03 00:19:00,FX:EURCAD,1.4617900000000001,1.4617900000000001,1.46171,1.46174,32.0
2024-04-03 00:20:00,FX:EURCAD,1.46174,1.46176,1.4616900000000002,1.4617,25.0
2024-04-03 00:21:00,FX:EURCAD,1.4617,1.46174,1.4617,1.4617,44.0
2024-04-03 00:22:00,FX:EURCAD,1.4617,1.46171,1.46168,1.46171,30.0
2024-04-03 00:23:00,FX:EURCAD,1.46171,1.46178,1.46168,1.4616900000000002,38.0
2024-04-03 00:24:00,FX:EURCAD,1.4616900000000002,1.4617,1.4616,1.46163,43.0
2024-04-03 00:25:00,FX:EURCAD,1.46163,1.4617,1.46157,1.46158,51.0
2024-04-03 00:26:00,FX:EURCAD,1.46158,1.46167,1.4615500000000001,1.46167,60.0
2024-04-03 00:27:00,FX:EURCAD,1.46167,1.46173,1.4616500000000001,1.4617200000000001,48.0
2024-04-03 00:28:00,FX:EURCAD,1.4617200000000001,1.4617200000000001,1.46167,1.4616900000000002,47.0
2024-04-03 00:29:00,FX:EURCAD,1.4616900000000002,1.4617900000000001,1.4616900000000002,1.46178,59.0
2024-04-03 00:30:00,FX:EURCAD,1.46178,1.4618200000000001,1.46173,1.46178,39.0
2024-04-03 00:31:00,FX:EURCAD,1.46178,1.46181,1.46177,1.46181,12.0
2024-04-03 00:32:00,FX:EURCAD,1.46181,1.46181,1.4617,1.46171,37.0
2024-04-03 00:33:00,FX:EURCAD,1.46171,1.46173,1.4616900000000002,1.46171,21.0
2024-04-03 00:34:00,FX:EURCAD,1.46171,1.46175,1.46167,1.46173,49.0
2024-04-03 00:35:00,FX:EURCAD,1.46173,1.46173,1.46167,1.46168,61.0
2024-04-03 00:36:00,FX:EURCAD,1.46168,1.46174,1.46166,1.46174,32.0
2024-04-03 00:37:00,FX:EURCAD,1.46174,1.4617900000000001,1.4617,1.4617,44.0
2024-04-03 00:38:00,FX:EURCAD,1.4617,1.46173,1.4616900000000002,1.46173,9.0
2024-04-03 00:39:00,FX:EURCAD,1.46173,1.46175,1.46171,1.46174,15.0
2024-04-03 00:40:00,FX:EURCAD,1.46174,1.46175,1.46171,1.4617200000000001,40.0
2024-04-03 00:41:00,FX:EURCAD,1.4617200000000001,1.4618,1.46171,1.4617900000000001,39.0
2024-04-03 00:42:00,FX:EURCAD,1.4617900000000001,1.46183,1.4617,1.46178,38.0
2024-04-03 00:43:00,FX:EURCAD,1.46178,1.46184,1.46174,1.46175,34.0
2024-04-03 00:44:00,FX:EURCAD,1.46175,1.46175,1.4617200000000001,1.4617200000000001,9.0
2024-04-03 00:45:00,FX:EURCAD,1.4617200000000001,1.46174,1.46171,1.46171,9.0
2024-04-03 00:46:00,FX:EURCAD,1.46171,1.46174,1.4616900000000002,1.46171,48.0
2024-04-03 00:47:00,FX:EURCAD,1.46171,1.46176,1.46171,1.46175,26.0
2024-04-03 00:48:00,FX:EURCAD,1.46175,1.4618,1.46173,1.4617900000000001,21.0
2024-04-03 00:49:00,FX:EURCAD,1.4617900000000001,1.46183,1.46173,1.46181,55.0
2024-04-03 00:50:00,FX:EURCAD,1.46181,1.4619,1.4617900000000001,1.4618900000000001,34.0
2024-04-03 00:51:00,FX:EURCAD,1.4618900000000001,1.4620600000000001,1.46185,1.462,85.0
2024-04-03 00:52:00,FX:EURCAD,1.462,1.46204,1.46195,1.46204,42.0
2024-04-03 00:53:00,FX:EURCAD,1.46204,1.46205,1.4619900000000001,1.46204,27.0
2024-04-03 00:54:00,FX:EURCAD,1.46204,1.4620600000000001,1.46202,1.46202,21.0
2024-04-03 00:55:00,FX:EURCAD,1.46202,1.4620600000000001,1.46197,1.46197,50.0
2024-04-03 00:56:00,FX:EURCAD,1.46197,1.46202,1.46197,1.462,27.0
2024-04-03 00:57:00,FX:EURCAD,1.462,1.46205,1.46198,1.462,48.0
2024-04-03 00:58:00,FX:EURCAD,1.462,1.46202,1.46197,1.46197,20.0
2024-04-03 00:59:00,FX:EURCAD,1.46197,1.46197,1.46181,1.46184,68.0
2024-04-03 01:00:00,FX:EURCAD,1.46184,1.4620600000000001,1.46183,1.4620600000000001,58.0
2024-04-03 01:01:00,FX:EURCAD,1.4620600000000001,1.4620900000000001,1.4619600000000001,1.462,55.0
2024-04-03 01:02:00,FX:EURCAD,1.462,1.4620300000000002,1.46197,1.4620300000000002,18.0
2024-04-03 01:03:00,FX:EURCAD,1.4620300000000002,1.46212,1.4620300000000002,1.4621,17.0
2024-04-03 01:04:00,FX:EURCAD,1.4621,1.4621300000000002,1.46208,1.4621,53.0
2024-04-03 01:05:00,FX:EURCAD,1.4621,1.46222,1.4621,1.46222,63.0
2024-04-03 01:06:00,FX:EURCAD,1.46222,1.46222,1.46211,1.46212,55.0
2024-04-03 01:07:00,FX:EURCAD,1.46212,1.46214,1.4620900000000001,1.4620900000000001,57.0
2024-04-03 01:08:00,FX:EURCAD,1.4620900000000001,1.46214,1.4620900000000001,1.46212,95.0
2024-04-03 01:09:00,FX:EURCAD,1.46212,1.4621300000000002,1.46212,1.4621300000000002,40.0
2024-04-03 01:10:00,FX:EURCAD,1.4621300000000002,1.46219,1.46211,1.4621600000000001,60.0
2024-04-03 01:11:00,FX:EURCAD,1.4621600000000001,1.4622,1.4621300000000002,1.46218,76.0
2024-04-03 01:12:00,FX:EURCAD,1.46218,1.46219,1.46205,1.4620600000000001,96.0
2024-04-03 01:13:00,FX:EURCAD,1.4620600000000001,1.46227,1.4620600000000001,1.46227,76.0
2024-04-03 01:14:00,FX:EURCAD,1.46227,1.46227,1.46218,1.4622300000000001,67.0
2024-04-03 01:15:00,FX:EURCAD,1.4622300000000001,1.4622600000000001,1.4622,1.46221,41.0
2024-04-03 01:16:00,FX:EURCAD,1.46221,1.4622300000000001,1.46217,1.46219,77.0
2024-04-03 01:17:00,FX:EURCAD,1.46219,1.46219,1.46215,1.46218,74.0
2024-04-03 01:18:00,FX:EURCAD,1.46218,1.4622300000000001,1.46218,1.46221,40.0
2024-04-03 01:19:00,FX:EURCAD,1.46221,1.4622300000000001,1.46221,1.46221,56.0
2024-04-03 01:20:00,FX:EURCAD,1.46221,1.4622300000000001,1.4622,1.46221,63.0
2024-04-03 01:21:00,FX:EURCAD,1.46221,1.46222,1.4620900000000001,1.4621,31.0
2024-04-03 01:22:00,FX:EURCAD,1.4621,1.46214,1.46208,1.46214,51.0
2024-04-03 01:23:00,FX:EURCAD,1.46214,1.46221,1.46212,1.46218,77.0
2024-04-03 01:24:00,FX:EURCAD,1.46218,1.46218,1.46212,1.46214,54.0
2024-04-03 01:25:00,FX:EURCAD,1.46214,1.46219,1.4621300000000002,1.46218,64.0
2024-04-03 01:26:00,FX:EURCAD,1.46218,1.4622300000000001,1.46217,1.4622300000000001,63.0
2024-04-03 01:27:00,FX:EURCAD,1.4622300000000001,1.46224,1.4622,1.46224,28.0
2024-04-03 01:28:00,FX:EURCAD,1.46224,1.46224,1.46212,1.46215,75.0
2024-04-03 01:29:00,FX:EURCAD,1.46215,1.46215,1.46202,1.46202,87.0
2024-04-03 01:30:00,FX:EURCAD,1.46202,1.46202,1.46192,1.46195,118.0
2024-04-03 01:31:00,FX:EURCAD,1.46195,1.46198,1.4619,1.46198,32.0
2024-04-03 01:32:00,FX:EURCAD,1.46198,1.46204,1.46198,1.46204,55.0
2024-04-03 01:33:00,FX:EURCAD,1.46204,1.46208,1.46197,1.4620300000000002,61.0
2024-04-03 01:34:00,FX:EURCAD,1.4620300000000002,1.46205,1.4619900000000001,1.46204,64.0
2024-04-03 01:35:00,FX:EURCAD,1.46204,1.46214,1.46201,1.46214,73.0
2024-04-03 01:36:00,FX:EURCAD,1.46214,1.46214,1.46204,1.4620900000000001,71.0
2024-04-03 01:37:00,FX:EURCAD,1.4620900000000001,1.4621,1.4620600000000001,1.46208,60.0
2024-04-03 01:38:00,FX:EURCAD,1.46208,1.4621300000000002,1.46205,1.46208,43.0
2024-04-03 01:39:00,FX:EURCAD,1.46208,1.4621300000000002,1.46208,1.4621,43.0
2024-04-03 01:40:00,FX:EURCAD,1.4621,1.4621300000000002,1.46208,1.46211,51.0
2024-04-03 01:41:00,FX:EURCAD,1.46211,1.46212,1.4620600000000001,1.4620600000000001,55.0
2024-04-03 01:42:00,FX:EURCAD,1.4620600000000001,1.4620900000000001,1.46201,1.4620300000000002,41.0
2024-04-03 01:44:00,FX:EURCAD,1.4620300000000002,1.46211,1.46202,1.46207,38.0
2024-04-03 01:45:00,FX:EURCAD,1.46207,1.4620900000000001,1.4620300000000002,1.46208,50.0
2024-04-03 01:46:00,FX:EURCAD,1.46208,1.4621,1.46201,1.46208,91.0
2024-04-03 01:47:00,FX:EURCAD,1.46208,1.46211,1.46205,1.46211,45.0
2024-04-03 01:48:00,FX:EURCAD,1.46211,1.4621300000000002,1.462,1.4620600000000001,86.0
2024-04-03 01:49:00,FX:EURCAD,1.4620600000000001,1.46211,1.4620600000000001,1.4621,56.0
2024-04-03 01:50:00,FX:EURCAD,1.4621,1.46212,1.46205,1.46205,20.0
2024-04-03 01:51:00,FX:EURCAD,1.46205,1.46211,1.46205,1.4621,44.0
2024-04-03 01:52:00,FX:EURCAD,1.4621,1.4622300000000001,1.4620900000000001,1.4622300000000001,52.0
2024-04-03 01:53:00,FX:EURCAD,1.4622300000000001,1.46225,1.4621600000000001,1.4622,67.0
2024-04-03 01:54:00,FX:EURCAD,1.4622,1.4622,1.4621600000000001,1.46217,30.0
2024-04-03 01:55:00,FX:EURCAD,1.46217,1.46222,1.4621300000000002,1.46222,46.0
2024-04-03 01:56:00,FX:EURCAD,1.46222,1.46222,1.46212,1.4621600000000001,35.0
2024-04-03 01:57:00,FX:EURCAD,1.4621600000000001,1.4621600000000001,1.4620300000000002,1.46214,95.0
2024-04-03 01:58:00,FX:EURCAD,1.46214,1.46219,1.4620900000000001,1.46218,62.0
2024-04-03 01:59:00,FX:EURCAD,1.46218,1.46224,1.46218,1.46224,74.0
2024-04-03 02:00:00,FX:EURCAD,1.46224,1.46225,1.46208,1.4622,209.0
2024-04-03 02:01:00,FX:EURCAD,1.4622,1.46232,1.4621600000000001,1.46232,204.0
2024-04-03 02:02:00,FX:EURCAD,1.46232,1.46252,1.46232,1.46239,156.0
2024-04-03 02:03:00,FX:EURCAD,1.46239,1.46242,1.46217,1.46219,134.0
2024-04-03 02:04:00,FX:EURCAD,1.46219,1.46237,1.46219,1.46227,158.0
2024-04-03 02:05:00,FX:EURCAD,1.46227,1.4623000000000002,1.4622300000000001,1.4623000000000002,63.0
2024-04-03 02:06:00,FX:EURCAD,1.4623000000000002,1.46244,1.4623000000000002,1.46242,82.0
2024-04-03 02:07:00,FX:EURCAD,1.46242,1.46248,1.46231,1.46232,116.0
2024-04-03 02:08:00,FX:EURCAD,1.46232,1.46248,1.46232,1.4624300000000001,105.0
2024-04-03 02:09:00,FX:EURCAD,1.4624300000000001,1.46245,1.46231,1.46231,100.0
2024-04-03 02:10:00,FX:EURCAD,1.46231,1.46244,1.46231,1.4624000000000001,123.0
2024-04-03 02:11:00,FX:EURCAD,1.4624000000000001,1.46241,1.46232,1.46237,61.0
2024-04-03 02:12:00,FX:EURCAD,1.46237,1.4624300000000001,1.46234,1.4624300000000001,94.0
2024-04-03 02:13:00,FX:EURCAD,1.4624300000000001,1.46244,1.46239,1.46242,122.0
2024-04-03 02:14:00,FX:EURCAD,1.46242,1.46242,1.46235,1.46238,82.0
2024-04-03 02:15:00,FX:EURCAD,1.46238,1.4624000000000001,1.4623300000000001,1.46235,70.0
2024-04-03 02:16:00,FX:EURCAD,1.46235,1.4624000000000001,1.4623000000000002,1.46238,56.0
2024-04-03 02:17:00,FX:EURCAD,1.46238,1.46239,1.46219,1.46225,93.0
2024-04-03 02:18:00,FX:EURCAD,1.46225,1.46237,1.46225,1.46237,107.0
2024-04-03 02:19:00,FX:EURCAD,1.46237,1.46239,1.46228,1.46237,106.0
2024-04-03 02:20:00,FX:EURCAD,1.46237,1.46245,1.46236,1.46245,33.0
2024-04-03 02:21:00,FX:EURCAD,1.46245,1.46252,1.46244,1.4624700000000002,89.0
2024-04-03 02:22:00,FX:EURCAD,1.4624700000000002,1.46258,1.4624700000000002,1.4625700000000001,68.0
2024-04-03 02:23:00,FX:EURCAD,1.4625700000000001,1.4625700000000001,1.46235,1.4624000000000001,80.0
2024-04-03 02:24:00,FX:EURCAD,1.4624000000000001,1.46248,1.46238,1.4624700000000002,107.0
2024-04-03 02:25:00,FX:EURCAD,1.4624700000000002,1.4625700000000001,1.46244,1.46256,113.0
2024-04-03 02:26:00,FX:EURCAD,1.46256,1.46258,1.4624000000000001,1.46249,137.0
2024-04-03 02:27:00,FX:EURCAD,1.46249,1.4625000000000001,1.46241,1.46246,74.0
2024-04-03 02:28:00,FX:EURCAD,1.46246,1.46252,1.4624000000000001,1.4624000000000001,115.0
2024-04-03 02:29:00,FX:EURCAD,1.4624000000000001,1.4624000000000001,1.46232,1.46237,103.0
2024-04-03 02:30:00,FX:EURCAD,1.46237,1.4624700000000002,1.46228,1.46244,170.0
2024-04-03 02:31:00,FX:EURCAD,1.46244,1.4625000000000001,1.46241,1.46245,94.0
2024-04-03 02:32:00,FX:EURCAD,1.46245,1.46252,1.46242,1.46252,113.0
2024-04-03 02:33:00,FX:EURCAD,1.46252,1.46252,1.4623300000000001,1.4623300000000001,145.0
2024-04-03 02:34:00,FX:EURCAD,1.4623300000000001,1.4623300000000001,1.46214,1.46215,133.0
2024-04-03 02:35:00,FX:EURCAD,1.46215,1.46219,1.4619600000000001,1.46201,183.0
2024-04-03 02:36:00,FX:EURCAD,1.46201,1.4621,1.46195,1.46205,190.0
2024-04-03 02:37:00,FX:EURCAD,1.46205,1.46212,1.4618200000000001,1.46184,178.0
2024-04-03 02:38:00,FX:EURCAD,1.46184,1.46193,1.4618200000000001,1.46187,159.0
2024-04-03 02:39:00,FX:EURCAD,1.46187,1.46195,1.46185,1.46195,109.0
2024-04-03 02:40:00,FX:EURCAD,1.46195,1.4619600000000001,1.4618600000000002,1.4618600000000002,145.0
2024-04-03 02:41:00,FX:EURCAD,1.4618600000000002,1.4618600000000002,1.4617200000000001,1.46173,136.0
2024-04-03 02:42:00,FX:EURCAD,1.46173,1.46184,1.4617200000000001,1.46178,206.0
2024-04-03 02:43:00,FX:EURCAD,1.46178,1.46181,1.46173,1.4618,113.0
2024-04-03 02:44:00,FX:EURCAD,1.4618,1.46187,1.46176,1.4618600000000002,180.0
2024-04-03 02:45:00,FX:EURCAD,1.4618600000000002,1.46194,1.4618200000000001,1.4618600000000002,177.0
2024-04-03 02:46:00,FX:EURCAD,1.4618600000000002,1.46191,1.46173,1.46177,191.0
2024-04-03 02:47:00,FX:EURCAD,1.46177,1.4618,1.46174,1.46178,95.0
2024-04-03 02:48:00,FX:EURCAD,1.46178,1.46188,1.46177,1.4618600000000002,174.0
2024-04-03 02:49:00,FX:EURCAD,1.4618600000000002,1.4618900000000001,1.46174,1.46177,117.0
2024-04-03 02:50:00,FX:EURCAD,1.46177,1.4618,1.46174,1.4617900000000001,114.0
2024-04-03 02:51:00,FX:EURCAD,1.4617900000000001,1.4618900000000001,1.46178,1.4618600000000002,152.0
2024-04-03 02:52:00,FX:EURCAD,1.4618600000000002,1.46195,1.46185,1.46195,77.0
2024-04-03 02:53:00,FX:EURCAD,1.46195,1.4619900000000001,1.46191,1.46195,107.0
2024-04-03 02:54:00,FX:EURCAD,1.46195,1.4620300000000002,1.46195,1.46197,83.0
2024-04-03 02:55:00,FX:EURCAD,1.46197,1.46205,1.46197,1.46205,91.0
2024-04-03 02:56:00,FX:EURCAD,1.46205,1.46207,1.46201,1.46205,119.0
2024-04-03 02:57:00,FX:EURCAD,1.46205,1.4620600000000001,1.46198,1.4619900000000001,68.0
2024-04-03 02:58:00,FX:EURCAD,1.4619900000000001,1.462,1.46192,1.46194,132.0
2024-04-03 02:59:00,FX:EURCAD,1.46194,1.46195,1.46167,1.46167,194.0
2024-04-03 03:00:00,FX:EURCAD,1.46167,1.46178,1.4614800000000001,1.46149,292.0
2024-04-03 03:01:00,FX:EURCAD,1.46149,1.46156,1.46141,1.4614800000000001,193.0
2024-04-03 03:02:00,FX:EURCAD,1.4614800000000001,1.46166,1.46144,1.46164,174.0
2024-04-03 03:03:00,FX:EURCAD,1.46164,1.46164,1.4614800000000001,1.4614800000000001,259.0
2024-04-03 03:04:00,FX:EURCAD,1.4614800000000001,1.46157,1.46127,1.46129,186.0
2024-04-03 03:05:00,FX:EURCAD,1.46129,1.46144,1.46126,1.46144,169.0
2024-04-03 03:06:00,FX:EURCAD,1.46144,1.4615500000000001,1.46141,1.4614800000000001,167.0
2024-04-03 03:07:00,FX:EURCAD,1.4614800000000001,1.46149,1.46136,1.4613800000000001,206.0
2024-04-03 03:08:00,FX:EURCAD,1.4613800000000001,1.46143,1.4612,1.4612,192.0
2024-04-03 03:09:00,FX:EURCAD,1.4612,1.46132,1.46117,1.46131,217.0
2024-04-03 03:10:00,FX:EURCAD,1.46131,1.4614800000000001,1.46124,1.46141,237.0
2024-04-03 03:11:00,FX:EURCAD,1.46141,1.4614500000000001,1.46134,1.46141,178.0
2024-04-03 03:12:00,FX:EURCAD,1.46141,1.4614800000000001,1.46136,1.46147,197.0
2024-04-03 03:13:00,FX:EURCAD,1.46147,1.4614800000000001,1.46133,1.46134,178.0
2024-04-03 03:14:00,FX:EURCAD,1.46134,1.4613500000000001,1.4612100000000001,1.4612100000000001,161.0
2024-04-03 03:15:00,FX:EURCAD,1.4612100000000001,1.4614,1.4612,1.46132,180.0
2024-04-03 03:16:00,FX:EURCAD,1.46132,1.4614200000000002,1.4613,1.46133,145.0
2024-04-03 03:17:00,FX:EURCAD,1.46133,1.46146,1.46132,1.46144,164.0
2024-04-03 03:18:00,FX:EURCAD,1.46144,1.46146,1.46132,1.4614,177.0
2024-04-03 03:19:00,FX:EURCAD,1.4614,1.46147,1.46132,1.46147,160.0
2024-04-03 03:20:00,FX:EURCAD,1.46147,1.4616,1.4614200000000002,1.4615200000000002,203.0
2024-04-03 03:21:00,FX:EURCAD,1.4615200000000002,1.46164,1.4613,1.46141,221.0
2024-04-03 03:22:00,FX:EURCAD,1.46141,1.46147,1.4614,1.46146,134.0
2024-04-03 03:23:00,FX:EURCAD,1.46146,1.46147,1.46122,1.4612800000000001,166.0
2024-04-03 03:24:00,FX:EURCAD,1.4612800000000001,1.46133,1.46123,1.46132,127.0
2024-04-03 03:25:00,FX:EURCAD,1.46132,1.4614,1.46127,1.46136,119.0
2024-04-03 03:26:00,FX:EURCAD,1.46136,1.46153,1.46133,1.46151,131.0
2024-04-03 03:27:00,FX:EURCAD,1.46151,1.46167,1.4614500000000001,1.4614500000000001,192.0
2024-04-03 03:28:00,FX:EURCAD,1.4614500000000001,1.4615200000000002,1.46139,1.46146,171.0
2024-04-03 03:29:00,FX:EURCAD,1.46146,1.46157,1.4614500000000001,1.4615500000000001,137.0
2024-04-03 03:30:00,FX:EURCAD,1.4615500000000001,1.46174,1.4615500000000001,1.46168,142.0
2024-04-03 03:31:00,FX:EURCAD,1.46168,1.4617900000000001,1.46158,1.46177,183.0
2024-04-03 03:32:00,FX:EURCAD,1.46177,1.46191,1.46177,1.46183,136.0
2024-04-03 03:33:00,FX:EURCAD,1.46183,1.4618600000000002,1.4617,1.4617200000000001,161.0
2024-04-03 03:34:00,FX:EURCAD,1.4617200000000001,1.4619600000000001,1.46171,1.46195,133.0
2024-04-03 03:35:00,FX:EURCAD,1.46195,1.4620900000000001,1.46188,1.46207,169.0
2024-04-03 03:36:00,FX:EURCAD,1.46207,1.46208,1.46194,1.46202,175.0
2024-04-03 03:37:00,FX:EURCAD,1.46202,1.4620300000000002,1.46188,1.46201,263.0
2024-04-03 03:38:00,FX:EURCAD,1.46201,1.4620600000000001,1.4619600000000001,1.46197,211.0
2024-04-03 03:39:00,FX:EURCAD,1.46197,1.462,1.4618200000000001,1.46184,285.0
2024-04-03 03:40:00,FX:EURCAD,1.46184,1.46195,1.46184,1.46192,129.0
2024-04-03 03:41:00,FX:EURCAD,1.46192,1.46215,1.46191,1.4621300000000002,194.0
2024-04-03 03:42:00,FX:EURCAD,1.4621300000000002,1.46227,1.4620600000000001,1.46221,192.0
2024-04-03 03:43:00,FX:EURCAD,1.46221,1.46232,1.46221,1.46224,127.0
2024-04-03 03:44:00,FX:EURCAD,1.46224,1.4623000000000002,1.46217,1.46229,141.0
2024-04-03 03:45:00,FX:EURCAD,1.46229,1.46234,1.4621600000000001,1.4622300000000001,214.0
2024-04-03 03:46:00,FX:EURCAD,1.4622300000000001,1.4623300000000001,1.4622,1.46232,95.0
2024-04-03 03:47:00,FX:EURCAD,1.46232,1.4624000000000001,1.46228,1.46231,164.0
2024-04-03 03:48:00,FX:EURCAD,1.46231,1.4624000000000001,1.46227,1.46236,105.0
2024-04-03 03:49:00,FX:EURCAD,1.46236,1.46268,1.46236,1.46268,178.0
2024-04-03 03:50:00,FX:EURCAD,1.46268,1.46269,1.4625000000000001,1.4625000000000001,166.0
2024-04-03 03:51:00,FX:EURCAD,1.4625000000000001,1.46265,1.46248,1.46263,116.0
2024-04-03 03:52:00,FX:EURCAD,1.46263,1.46266,1.46246,1.46251,108.0
2024-04-03 03:53:00,FX:EURCAD,1.46251,1.46255,1.46245,1.46249,174.0
2024-04-03 03:54:00,FX:EURCAD,1.46249,1.46256,1.46244,1.46255,124.0
2024-04-03 03:55:00,FX:EURCAD,1.46255,1.46259,1.46244,1.46245,100.0
2024-04-03 03:56:00,FX:EURCAD,1.46245,1.46248,1.46236,1.46236,107.0
2024-04-03 03:57:00,FX:EURCAD,1.46236,1.46239,1.46225,1.46229,126.0
2024-04-03 03:58:00,FX:EURCAD,1.46229,1.4624700000000002,1.46229,1.46245,110.0
2024-04-03 03:59:00,FX:EURCAD,1.46245,1.4625000000000001,1.4624000000000001,1.46248,142.0
2024-04-03 04:00:00,FX:EURCAD,1.46248,1.46265,1.46244,1.46256,163.0
2024-04-03 04:01:00,FX:EURCAD,1.46256,1.46263,1.46248,1.46255,182.0
2024-04-03 04:02:00,FX:EURCAD,1.46255,1.4625700000000001,1.46244,1.46244,74.0
2024-04-03 04:03:00,FX:EURCAD,1.46244,1.4624700000000002,1.46235,1.46238,70.0
2024-04-03 04:04:00,FX:EURCAD,1.46238,1.46245,1.4623300000000001,1.46244,48.0
2024-04-03 04:05:00,FX:EURCAD,1.46244,1.46249,1.46235,1.46238,102.0
2024-04-03 04:06:00,FX:EURCAD,1.46238,1.46249,1.46236,1.46237,82.0
2024-04-03 04:07:00,FX:EURCAD,1.46237,1.46253,1.46236,1.46252,33.0
2024-04-03 04:08:00,FX:EURCAD,1.46252,1.46261,1.4625000000000001,1.46261,27.0
2024-04-03 04:09:00,FX:EURCAD,1.46261,1.46263,1.46249,1.46258,112.0
2024-04-03 04:10:00,FX:EURCAD,1.46258,1.46261,1.46249,1.46251,98.0
2024-04-03 04:11:00,FX:EURCAD,1.46251,1.46266,1.4625000000000001,1.46266,81.0
2024-04-03 04:12:00,FX:EURCAD,1.46266,1.4627000000000001,1.4625700000000001,1.46261,116.0
2024-04-03 04:13:00,FX:EURCAD,1.46261,1.46281,1.46258,1.46279,117.0
2024-04-03 04:14:00,FX:EURCAD,1.46279,1.4628400000000001,1.4627700000000001,1.4628,98.0
2024-04-03 04:15:00,FX:EURCAD,1.4628,1.46285,1.46273,1.4627400000000002,127.0
2024-04-03 04:16:00,FX:EURCAD,1.4627400000000002,1.4628400000000001,1.4627400000000002,1.46281,82.0
2024-04-03 04:17:00,FX:EURCAD,1.46281,1.46297,1.46281,1.46296,67.0
2024-04-03 04:18:00,FX:EURCAD,1.46296,1.46305,1.46295,1.46303,162.0
2024-04-03 04:19:00,FX:EURCAD,1.46303,1.46315,1.46303,1.46314,120.0
2024-04-03 04:20:00,FX:EURCAD,1.46314,1.4632100000000001,1.46314,1.4631800000000001,132.0
2024-04-03 04:21:00,FX:EURCAD,1.4631800000000001,1.46329,1.46315,1.4631800000000001,117.0
2024-04-03 04:22:00,FX:EURCAD,1.4631800000000001,1.4632,1.46315,1.46316,135.0
2024-04-03 04:23:00,FX:EURCAD,1.46316,1.46332,1.46316,1.46329,70.0
2024-04-03 04:24:00,FX:EURCAD,1.46329,1.4634,1.46329,1.4634,91.0
2024-04-03 04:25:00,FX:EURCAD,1.4634,1.4635500000000001,1.46339,1.4634800000000001,114.0
2024-04-03 04:26:00,FX:EURCAD,1.4634800000000001,1.46357,1.46343,1.46344,129.0
2024-04-03 04:27:00,FX:EURCAD,1.46344,1.46349,1.4633800000000001,1.4634,91.0
2024-04-03 04:28:00,FX:EURCAD,1.4634,1.4636200000000001,1.4634,1.46359,104.0
2024-04-03 04:29:00,FX:EURCAD,1.46359,1.46373,1.46358,1.46373,190.0
2024-04-03 04:30:00,FX:EURCAD,1.46373,1.46376,1.46364,1.4636500000000001,171.0
2024-04-03 04:31:00,FX:EURCAD,1.4636500000000001,1.46366,1.46347,1.46349,156.0
2024-04-03 04:32:00,FX:EURCAD,1.46349,1.46361,1.46349,1.4636,144.0
2024-04-03 04:33:00,FX:EURCAD,1.4636,1.4638200000000001,1.46359,1.46377,170.0
2024-04-03 04:34:00,FX:EURCAD,1.46377,1.46383,1.46374,1.4637900000000001,156.0
2024-04-03 04:35:00,FX:EURCAD,1.4637900000000001,1.46394,1.46374,1.46394,101.0
2024-04-03 04:36:00,FX:EURCAD,1.46394,1.46394,1.4634500000000001,1.4635500000000001,202.0
2024-04-03 04:37:00,FX:EURCAD,1.4635500000000001,1.4636200000000001,1.4634500000000001,1.46346,130.0
2024-04-03 04:38:00,FX:EURCAD,1.46346,1.4635,1.46334,1.4634500000000001,143.0
2024-04-03 04:39:00,FX:EURCAD,1.4634500000000001,1.46349,1.46339,1.4634,98.0
2024-04-03 04:40:00,FX:EURCAD,1.4634,1.4635,1.46333,1.46347,108.0
2024-04-03 04:41:00,FX:EURCAD,1.46347,1.46349,1.4633500000000002,1.4634200000000002,112.0
2024-04-03 04:42:00,FX:EURCAD,1.4634200000000002,1.46343,1.4633500000000002,1.4634,77.0
2024-04-03 04:43:00,FX:EURCAD,1.4634,1.46341,1.46327,1.4633,157.0
2024-04-03 04:44:00,FX:EURCAD,1.4633,1.4634,1.46322,1.46336,160.0
2024-04-03 04:45:00,FX:EURCAD,1.46336,1.46343,1.4633500000000002,1.4633500000000002,52.0
2024-04-03 04:46:00,FX:EURCAD,1.4633500000000002,1.46343,1.46329,1.46341,48.0
2024-04-03 04:47:00,FX:EURCAD,1.46341,1.46347,1.46341,1.46343,81.0
2024-04-03 04:48:00,FX:EURCAD,1.46343,1.46343,1.46326,1.46326,113.0
2024-04-03 04:49:00,FX:EURCAD,1.46326,1.4633,1.4631,1.46314,121.0
2024-04-03 04:50:00,FX:EURCAD,1.46314,1.46324,1.46312,1.4632,104.0
2024-04-03 04:51:00,FX:EURCAD,1.4632,1.4633,1.46317,1.4632800000000001,46.0
2024-04-03 04:52:00,FX:EURCAD,1.4632800000000001,1.4632800000000001,1.4631100000000001,1.46312,41.0
2024-04-03 04:53:00,FX:EURCAD,1.46312,1.46312,1.46293,1.46298,57.0
2024-04-03 04:54:00,FX:EURCAD,1.46298,1.46306,1.46295,1.4630400000000001,56.0
2024-04-03 04:55:00,FX:EURCAD,1.4630400000000001,1.4631100000000001,1.463,1.4630100000000001,118.0
2024-04-03 04:56:00,FX:EURCAD,1.4630100000000001,1.4630800000000002,1.46299,1.4630800000000002,30.0
2024-04-03 04:57:00,FX:EURCAD,1.4630800000000002,1.4630800000000002,1.4628700000000001,1.4629100000000002,74.0
2024-04-03 04:58:00,FX:EURCAD,1.4629100000000002,1.46297,1.46286,1.46295,80.0
2024-04-03 04:59:00,FX:EURCAD,1.46295,1.46297,1.4627000000000001,1.4627000000000001,121.0
2024-04-03 05:00:00,FX:EURCAD,1.4627000000000001,1.46305,1.46231,1.46305,455.0
2024-04-03 05:01:00,FX:EURCAD,1.46305,1.4630800000000002,1.46282,1.4628400000000001,126.0
2024-04-03 05:02:00,FX:EURCAD,1.4628400000000001,1.46285,1.46273,1.4627400000000002,126.0
2024-04-03 05:03:00,FX:EURCAD,1.4627400000000002,1.4627400000000002,1.46258,1.46262,194.0
2024-04-03 05:04:00,FX:EURCAD,1.46262,1.46266,1.4623300000000001,1.46241,172.0
2024-04-03 05:05:00,FX:EURCAD,1.46241,1.46246,1.46228,1.46229,75.0
2024-04-03 05:06:00,FX:EURCAD,1.46229,1.46231,1.46211,1.46215,139.0
2024-04-03 05:07:00,FX:EURCAD,1.46215,1.4622300000000001,1.4620600000000001,1.46207,102.0
2024-04-03 05:08:00,FX:EURCAD,1.46207,1.4621300000000002,1.46205,1.46212,86.0
2024-04-03 05:09:00,FX:EURCAD,1.46212,1.46212,1.46193,1.46202,128.0
2024-04-03 05:10:00,FX:EURCAD,1.46202,1.46211,1.462,1.4620600000000001,115.0
2024-04-03 05:11:00,FX:EURCAD,1.4620600000000001,1.4621300000000002,1.46178,1.46178,167.0
2024-04-03 05:12:00,FX:EURCAD,1.46178,1.46194,1.46178,1.4618,198.0
2024-04-03 05:13:00,FX:EURCAD,1.4618,1.46184,1.46166,1.46175,186.0
2024-04-03 05:14:00,FX:EURCAD,1.46175,1.46175,1.46151,1.46153,219.0
2024-04-03 05:15:00,FX:EURCAD,1.46153,1.4616,1.4615200000000002,1.46158,116.0
2024-04-03 05:16:00,FX:EURCAD,1.46158,1.4617200000000001,1.46158,1.4616500000000001,160.0
2024-04-03 05:17:00,FX:EURCAD,1.4616500000000001,1.46177,1.46158,1.46173,138.0
2024-04-03 05:18:00,FX:EURCAD,1.46173,1.46175,1.46166,1.46173,123.0
2024-04-03 05:19:00,FX:EURCAD,1.46173,1.46173,1.4615200000000002,1.46158,137.0
2024-04-03 05:20:00,FX:EURCAD,1.46158,1.4616200000000001,1.4615,1.46161,127.0
2024-04-03 05:21:00,FX:EURCAD,1.46161,1.46168,1.46153,1.4615500000000001,199.0
2024-04-03 05:22:00,FX:EURCAD,1.4615500000000001,1.46158,1.46146,1.46156,177.0
2024-04-03 05:23:00,FX:EURCAD,1.46156,1.46163,1.4614800000000001,1.4616,149.0
2024-04-03 05:24:00,FX:EURCAD,1.4616,1.46161,1.4615,1.4615500000000001,185.0
2024-04-03 05:25:00,FX:EURCAD,1.4615500000000001,1.46161,1.46149,1.46161,124.0
2024-04-03 05:26:00,FX:EURCAD,1.46161,1.4616200000000001,1.46157,1.46161,86.0
2024-04-03 05:27:00,FX:EURCAD,1.46161,1.46163,1.46151,1.4615200000000002,124.0
2024-04-03 05:28:00,FX:EURCAD,1.4615200000000002,1.4615500000000001,1.46144,1.4614500000000001,69.0
2024-04-03 05:29:00,FX:EURCAD,1.4614500000000001,1.4616900000000002,1.4614500000000001,1.4616900000000002,178.0
2024-04-03 05:30:00,FX:EURCAD,1.4616900000000002,1.46191,1.46166,1.46191,141.0
2024-04-03 05:31:00,FX:EURCAD,1.46191,1.46191,1.46177,1.4617900000000001,98.0
2024-04-03 05:32:00,FX:EURCAD,1.4617900000000001,1.4617900000000001,1.46164,1.46166,162.0
2024-04-03 05:33:00,FX:EURCAD,1.46166,1.4617200000000001,1.46156,1.46159,119.0
2024-04-03 05:34:00,FX:EURCAD,1.46159,1.46161,1.4615,1.4616,74.0
2024-04-03 05:35:00,FX:EURCAD,1.4616,1.46167,1.46151,1.46158,123.0
2024-04-03 05:36:00,FX:EURCAD,1.46158,1.4616200000000001,1.4615500000000001,1.46159,87.0
2024-04-03 05:37:00,FX:EURCAD,1.46159,1.46168,1.4615,1.46168,158.0
2024-04-03 05:38:00,FX:EURCAD,1.46168,1.46175,1.4616500000000001,1.4616900000000002,119.0
2024-04-03 05:39:00,FX:EURCAD,1.4616900000000002,1.46175,1.46163,1.46164,133.0
2024-04-03 05:40:00,FX:EURCAD,1.46164,1.46176,1.46157,1.46174,169.0
2024-04-03 05:41:00,FX:EURCAD,1.46174,1.46175,1.4617,1.46171,110.0
2024-04-03 05:42:00,FX:EURCAD,1.46171,1.46185,1.46171,1.46185,92.0
2024-04-03 05:43:00,FX:EURCAD,1.46185,1.46188,1.46174,1.46188,116.0
2024-04-03 05:44:00,FX:EURCAD,1.46188,1.4619,1.4617900000000001,1.4619,120.0
2024-04-03 05:45:00,FX:EURCAD,1.4619,1.4619,1.46179,1.46179,90.0
2024-04-03 05:46:00,FX:EURCAD,1.46179,1.46199,1.46174,1.46197,208.0
2024-04-03 05:47:00,FX:EURCAD,1.46197,1.46201,1.46187,1.46193,154.0
2024-04-03 05:48:00,FX:EURCAD,1.46193,1.46203,1.4619,1.46199,203.0
2024-04-03 05:49:00,FX:EURCAD,1.46199,1.46212,1.46195,1.4621,164.0
2024-04-03 05:50:00,FX:EURCAD,1.4621,1.4621,1.46179,1.46191,162.0
2024-04-03 05:51:00,FX:EURCAD,1.46191,1.46193,1.46185,1.46192,161.0
2024-04-03 05:52:00,FX:EURCAD,1.46192,1.46192,1.46172,1.46174,161.0
2024-04-03 05:53:00,FX:EURCAD,1.46174,1.46186,1.46166,1.46185,148.0
2024-04-03 05:54:00,FX:EURCAD,1.46185,1.46188,1.46175,1.46179,208.0
2024-04-03 05:55:00,FX:EURCAD,1.46179,1.46187,1.46165,1.46175,253.0
2024-04-03 05:56:00,FX:EURCAD,1.46175,1.46178,1.46167,1.46175,124.0
2024-04-03 05:57:00,FX:EURCAD,1.46175,1.46183,1.46164,1.46171,192.0
2024-04-03 05:58:00,FX:EURCAD,1.46171,1.46172,1.46161,1.46165,157.0
2024-04-03 05:59:00,FX:EURCAD,1.46165,1.46173,1.46161,1.46163,162.0
2024-04-03 06:00:00,FX:EURCAD,1.46163,1.46175,1.46155,1.46172,249.0
2024-04-03 06:01:00,FX:EURCAD,1.46172,1.46178,1.46171,1.46171,128.0
2024-04-03 06:02:00,FX:EURCAD,1.46171,1.46185,1.46171,1.46183,120.0
2024-04-03 06:03:00,FX:EURCAD,1.46183,1.46183,1.4617,1.46174,129.0
2024-04-03 06:04:00,FX:EURCAD,1.46174,1.46184,1.46171,1.46184,156.0
2024-04-03 06:05:00,FX:EURCAD,1.46184,1.46193,1.46184,1.46189,117.0
2024-04-03 06:06:00,FX:EURCAD,1.46189,1.46192,1.46173,1.46184,161.0
2024-04-03 06:07:00,FX:EURCAD,1.46184,1.46191,1.46182,1.46191,97.0
2024-04-03 06:08:00,FX:EURCAD,1.46191,1.46191,1.46172,1.46174,144.0
2024-04-03 06:09:00,FX:EURCAD,1.46174,1.46198,1.46174,1.46197,97.0
2024-04-03 06:10:00,FX:EURCAD,1.46197,1.46204,1.46195,1.46198,147.0
2024-04-03 06:11:00,FX:EURCAD,1.46198,1.46198,1.46192,1.46193,136.0
2024-04-03 06:12:00,FX:EURCAD,1.46193,1.46212,1.46193,1.46212,141.0
2024-04-03 06:13:00,FX:EURCAD,1.46212,1.46228,1.46212,1.46225,136.0
2024-04-03 06:14:00,FX:EURCAD,1.46225,1.46236,1.46222,1.46231,176.0
2024-04-03 06:15:00,FX:EURCAD,1.46231,1.46233,1.46218,1.46229,179.0
2024-04-03 06:16:00,FX:EURCAD,1.46229,1.46229,1.46217,1.46222,161.0
2024-04-03 06:17:00,FX:EURCAD,1.46222,1.46231,1.4622,1.46226,97.0
2024-04-03 06:18:00,FX:EURCAD,1.46226,1.46228,1.4622,1.46222,129.0
2024-04-03 06:19:00,FX:EURCAD,1.46222,1.4623,1.46221,1.46221,91.0
2024-04-03 06:20:00,FX:EURCAD,1.46221,1.46231,1.46221,1.46223,104.0
2024-04-03 06:21:00,FX:EURCAD,1.46223,1.46224,1.46207,1.46211,113.0
2024-04-03 06:22:00,FX:EURCAD,1.46211,1.46224,1.46211,1.46215,120.0
2024-04-03 06:23:00,FX:EURCAD,1.46215,1.46228,1.46214,1.46228,72.0
2024-04-03 06:24:00,FX:EURCAD,1.46228,1.46236,1.46228,1.46235,48.0
2024-04-03 06:25:00,FX:EURCAD,1.46235,1.46244,1.46234,1.46243,129.0
2024-04-03 06:26:00,FX:EURCAD,1.46243,1.46249,1.46238,1.46238,148.0
2024-04-03 06:27:00,FX:EURCAD,1.46238,1.46249,1.46237,1.46248,125.0
2024-04-03 06:28:00,FX:EURCAD,1.46248,1.46254,1.46247,1.46254,65.0
2024-04-03 06:29:00,FX:EURCAD,1.46254,1.46268,1.46251,1.46265,118.0
2024-04-03 06:30:00,FX:EURCAD,1.46265,1.46273,1.46264,1.46265,136.0
2024-04-03 06:31:00,FX:EURCAD,1.46265,1.46267,1.46248,1.46251,147.0
2024-04-03 06:32:00,FX:EURCAD,1.46251,1.4626,1.46251,1.46252,135.0
2024-04-03 06:33:00,FX:EURCAD,1.46252,1.46265,1.46251,1.46262,134.0
2024-04-03 06:34:00,FX:EURCAD,1.46262,1.46278,1.46261,1.46278,208.0
2024-04-03 06:35:00,FX:EURCAD,1.46278,1.46287,1.46275,1.46286,171.0
2024-04-03 06:36:00,FX:EURCAD,1.46286,1.46286,1.46277,1.4628,88.0
2024-04-03 06:37:00,FX:EURCAD,1.4628,1.46292,1.4628,1.4629,47.0
2024-04-03 06:38:00,FX:EURCAD,1.4629,1.4629,1.46267,1.46281,172.0
2024-04-03 06:39:00,FX:EURCAD,1.46281,1.46286,1.46279,1.46282,104.0
2024-04-03 06:40:00,FX:EURCAD,1.46282,1.46282,1.4627,1.46279,102.0
2024-04-03 06:41:00,FX:EURCAD,1.46279,1.46282,1.46264,1.46264,99.0
2024-04-03 06:42:00,FX:EURCAD,1.46264,1.46264,1.46259,1.46264,80.0
2024-04-03 06:43:00,FX:EURCAD,1.46264,1.46273,1.4626,1.46273,79.0
2024-04-03 06:44:00,FX:EURCAD,1.46273,1.46273,1.46264,1.46271,112.0
2024-04-03 06:45:00,FX:EURCAD,1.46271,1.46277,1.46268,1.46273,137.0
2024-04-03 06:46:00,FX:EURCAD,1.46273,1.4628,1.4626,1.46262,102.0
2024-04-03 06:47:00,FX:EURCAD,1.46262,1.46262,1.46257,1.46257,69.0
2024-04-03 06:48:00,FX:EURCAD,1.46257,1.46263,1.46251,1.46262,161.0
2024-04-03 06:49:00,FX:EURCAD,1.46262,1.46269,1.46261,1.46263,122.0
2024-04-03 06:50:00,FX:EURCAD,1.46263,1.46269,1.46258,1.46268,113.0
2024-04-03 06:51:00,FX:EURCAD,1.46268,1.46268,1.46257,1.46265,158.0
2024-04-03 06:52:00,FX:EURCAD,1.46265,1.46285,1.46265,1.46276,165.0
2024-04-03 06:53:00,FX:EURCAD,1.46276,1.46276,1.46265,1.46272,97.0
2024-04-03 06:54:00,FX:EURCAD,1.46272,1.46274,1.46261,1.46266,104.0
2024-04-03 06:55:00,FX:EURCAD,1.46266,1.46284,1.46266,1.46278,117.0
2024-04-03 06:56:00,FX:EURCAD,1.46278,1.46278,1.46267,1.46274,99.0
2024-04-03 06:57:00,FX:EURCAD,1.46274,1.46274,1.46268,1.46273,88.0
2024-04-03 06:58:00,FX:EURCAD,1.46273,1.46275,1.46271,1.46273,76.0
2024-04-03 06:59:00,FX:EURCAD,1.46273,1.46274,1.46268,1.46272,94.0
2024-04-03 07:00:00,FX:EURCAD,1.46272,1.46281,1.46271,1.46281,108.0
2024-04-03 07:01:00,FX:EURCAD,1.46281,1.46296,1.46275,1.46292,123.0
2024-04-03 07:02:00,FX:EURCAD,1.46292,1.46296,1.46275,1.46277,123.0
2024-04-03 07:03:00,FX:EURCAD,1.46277,1.46282,1.46274,1.46276,117.0
2024-04-03 07:04:00,FX:EURCAD,1.46276,1.46276,1.46266,1.4627,91.0
2024-04-03 07:05:00,FX:EURCAD,1.4627,1.46282,1.46269,1.46281,113.0
2024-04-03 07:06:00,FX:EURCAD,1.46281,1.46283,1.46278,1.46281,76.0
2024-04-03 07:07:00,FX:EURCAD,1.46281,1.46281,1.46272,1.46275,28.0
2024-04-03 07:08:00,FX:EURCAD,1.46275,1.46287,1.46272,1.46284,59.0
2024-04-03 07:09:00,FX:EURCAD,1.46284,1.46285,1.46281,1.46282,44.0
2024-04-03 07:10:00,FX:EURCAD,1.46282,1.46294,1.4628,1.46292,140.0
2024-04-03 07:11:00,FX:EURCAD,1.46292,1.46336,1.46288,1.46333,262.0
2024-04-03 07:12:00,FX:EURCAD,1.46333,1.46341,1.46327,1.46334,156.0
2024-04-03 07:13:00,FX:EURCAD,1.46334,1.46338,1.4632,1.46338,163.0
2024-04-03 07:14:00,FX:EURCAD,1.46338,1.46351,1.46338,1.4635,209.0
2024-04-03 07:15:00,FX:EURCAD,1.4635,1.46353,1.46342,1.46345,217.0
2024-04-03 07:16:00,FX:EURCAD,1.46345,1.46348,1.46337,1.46339,146.0
2024-04-03 07:17:00,FX:EURCAD,1.46339,1.46345,1.46336,1.46344,128.0
2024-04-03 07:18:00,FX:EURCAD,1.46344,1.46345,1.46336,1.46336,127.0
2024-04-03 07:19:00,FX:EURCAD,1.46336,1.46338,1.46331,1.46331,110.0
2024-04-03 07:20:00,FX:EURCAD,1.46331,1.46331,1.46309,1.46318,160.0
2024-04-03 07:21:00,FX:EURCAD,1.46318,1.46319,1.4631,1.46315,110.0
2024-04-03 07:22:00,FX:EURCAD,1.46315,1.46326,1.46315,1.46324,52.0
2024-04-03 07:23:00,FX:EURCAD,1.46324,1.46324,1.46315,1.46317,117.0
2024-04-03 07:24:00,FX:EURCAD,1.46317,1.46318,1.46297,1.46301,153.0
2024-04-03 07:25:00,FX:EURCAD,1.46301,1.46314,1.46296,1.46311,248.0
2024-04-03 07:26:00,FX:EURCAD,1.46311,1.46324,1.46309,1.46313,152.0
2024-04-03 07:27:00,FX:EURCAD,1.46313,1.46314,1.46291,1.46305,205.0
2024-04-03 07:28:00,FX:EURCAD,1.46305,1.46308,1.46292,1.46305,150.0
2024-04-03 07:29:00,FX:EURCAD,1.46305,1.46305,1.46295,1.46297,154.0
2024-04-03 07:30:00,FX:EURCAD,1.46297,1.46306,1.46294,1.46303,126.0
2024-04-03 07:31:00,FX:EURCAD,1.46303,1.46306,1.46298,1.46302,101.0
2024-04-03 07:32:00,FX:EURCAD,1.46302,1.46306,1.4629,1.4629,87.0
2024-04-03 07:33:00,FX:EURCAD,1.4629,1.46292,1.46271,1.46271,146.0
2024-04-03 07:34:00,FX:EURCAD,1.46271,1.4629,1.4627,1.4629,125.0
2024-04-03 07:35:00,FX:EURCAD,1.4629,1.46295,1.46284,1.46285,161.0
2024-04-03 07:36:00,FX:EURCAD,1.46285,1.46299,1.46283,1.46299,117.0
2024-04-03 07:37:00,FX:EURCAD,1.46299,1.46304,1.46287,1.46292,134.0
2024-04-03 07:38:00,FX:EURCAD,1.46292,1.46298,1.46288,1.46297,156.0
2024-04-03 07:39:00,FX:EURCAD,1.46297,1.46297,1.46286,1.46293,123.0
2024-04-03 07:40:00,FX:EURCAD,1.46293,1.46293,1.46282,1.46286,91.0
2024-04-03 07:41:00,FX:EURCAD,1.46286,1.46292,1.46284,1.46292,81.0
2024-04-03 07:42:00,FX:EURCAD,1.46292,1.46293,1.46286,1.46286,108.0
2024-04-03 07:43:00,FX:EURCAD,1.46284,1.46297,1.46284,1.46284,116.0
2024-04-03 07:44:00,FX:EURCAD,1.46284,1.46284,1.46254,1.46271,160.0
2024-04-03 07:45:00,FX:EURCAD,1.46271,1.46272,1.46256,1.46259,237.0
2024-04-03 07:46:00,FX:EURCAD,1.46259,1.4627,1.46258,1.4627,140.0
2024-04-03 07:47:00,FX:EURCAD,1.4627,1.46276,1.46264,1.46266,119.0
2024-04-03 07:48:00,FX:EURCAD,1.46266,1.46274,1.46265,1.46274,186.0
2024-04-03 07:49:00,FX:EURCAD,1.46274,1.46275,1.4626,1.4626,85.0
2024-04-03 07:50:00,FX:EURCAD,1.4626,1.4626,1.46244,1.46245,120.0
2024-04-03 07:51:00,FX:EURCAD,1.46245,1.46261,1.46245,1.46261,160.0
2024-04-03 07:52:00,FX:EURCAD,1.46261,1.46266,1.4626,1.46261,164.0
2024-04-03 07:53:00,FX:EURCAD,1.46261,1.46267,1.46257,1.46257,187.0
2024-04-03 07:54:00,FX:EURCAD,1.46257,1.46257,1.46247,1.46251,155.0
2024-04-03 07:55:00,FX:EURCAD,1.46251,1.46253,1.46241,1.46245,74.0
2024-04-03 07:56:00,FX:EURCAD,1.46245,1.46265,1.46239,1.46261,106.0
2024-04-03 07:57:00,FX:EURCAD,1.46261,1.46278,1.46257,1.46271,142.0
2024-04-03 07:58:00,FX:EURCAD,1.46271,1.46279,1.46262,1.46277,184.0
2024-04-03 07:59:00,FX:EURCAD,1.46277,1.46277,1.46268,1.46269,147.0
2024-04-03 08:00:00,FX:EURCAD,1.46269,1.46286,1.46265,1.46278,231.0
2024-04-03 08:01:00,FX:EURCAD,1.46278,1.46283,1.46266,1.46283,165.0
2024-04-03 08:02:00,FX:EURCAD,1.46283,1.46283,1.46267,1.46274,116.0
2024-04-03 08:03:00,FX:EURCAD,1.46274,1.46274,1.46257,1.46257,106.0
2024-04-03 08:04:00,FX:EURCAD,1.46257,1.46272,1.46246,1.46272,186.0
2024-04-03 08:05:00,FX:EURCAD,1.46272,1.46276,1.46261,1.46275,189.0
2024-04-03 08:06:00,FX:EURCAD,1.46275,1.46288,1.46269,1.46272,155.0
2024-04-03 08:07:00,FX:EURCAD,1.46272,1.46275,1.46258,1.46268,214.0
2024-04-03 08:08:00,FX:EURCAD,1.46268,1.46272,1.46259,1.4627,184.0
2024-04-03 08:09:00,FX:EURCAD,1.4627,1.46274,1.46251,1.46251,203.0
2024-04-03 08:10:00,FX:EURCAD,1.46251,1.46258,1.46248,1.46255,200.0
2024-04-03 08:11:00,FX:EURCAD,1.46255,1.46262,1.46255,1.4626,148.0
2024-04-03 08:12:00,FX:EURCAD,1.4626,1.4626,1.46239,1.46257,239.0
2024-04-03 08:13:00,FX:EURCAD,1.46257,1.46299,1.46257,1.46295,199.0
2024-04-03 08:14:00,FX:EURCAD,1.46295,1.46303,1.46288,1.46293,211.0
2024-04-03 08:15:00,FX:EURCAD,1.46293,1.46312,1.46255,1.46292,603.0
2024-04-03 08:16:00,FX:EURCAD,1.46292,1.46292,1.46268,1.46277,210.0
2024-04-03 08:17:00,FX:EURCAD,1.46277,1.46292,1.46266,1.46276,165.0
2024-04-03 08:18:00,FX:EURCAD,1.46276,1.46285,1.46269,1.4628,318.0
2024-04-03 08:19:00,FX:EURCAD,1.4628,1.46281,1.46266,1.46266,271.0
2024-04-03 08:20:00,FX:EURCAD,1.46266,1.4627,1.46247,1.46247,272.0
2024-04-03 08:21:00,FX:EURCAD,1.46247,1.46248,1.46233,1.46247,331.0
2024-04-03 08:22:00,FX:EURCAD,1.46247,1.46247,1.46223,1.46229,206.0
2024-04-03 08:23:00,FX:EURCAD,1.46229,1.46243,1.46217,1.46224,249.0
2024-04-03 08:24:00,FX:EURCAD,1.46224,1.46243,1.46224,1.46233,256.0
2024-04-03 08:25:00,FX:EURCAD,1.46233,1.46234,1.46204,1.46207,371.0
2024-04-03 08:26:00,FX:EURCAD,1.46207,1.46224,1.46199,1.46214,363.0
2024-04-03 08:27:00,FX:EURCAD,1.46214,1.46219,1.46195,1.46202,354.0
2024-04-03 08:28:00,FX:EURCAD,1.46202,1.46235,1.46201,1.46221,277.0
2024-04-03 08:29:00,FX:EURCAD,1.46221,1.4623,1.46203,1.46207,412.0
2024-04-03 08:30:00,FX:EURCAD,1.46207,1.4624,1.462,1.4624,352.0
2024-04-03 08:31:00,FX:EURCAD,1.4624,1.46246,1.46209,1.4621,351.0
2024-04-03 08:32:00,FX:EURCAD,1.4621,1.46212,1.46198,1.46208,229.0
2024-04-03 08:33:00,FX:EURCAD,1.46208,1.46229,1.46202,1.46225,253.0
2024-04-03 08:34:00,FX:EURCAD,1.46225,1.46247,1.46225,1.46244,308.0
2024-04-03 08:35:00,FX:EURCAD,1.46244,1.46244,1.4621,1.46212,293.0
2024-04-03 08:36:00,FX:EURCAD,1.46212,1.46218,1.46184,1.46197,274.0
2024-04-03 08:37:00,FX:EURCAD,1.46197,1.46225,1.46195,1.46224,244.0
2024-04-03 08:38:00,FX:EURCAD,1.46224,1.46227,1.46203,1.46204,259.0
2024-04-03 08:39:00,FX:EURCAD,1.46204,1.46209,1.46195,1.46201,256.0
2024-04-03 08:40:00,FX:EURCAD,1.46201,1.46215,1.46197,1.462,229.0
2024-04-03 08:41:00,FX:EURCAD,1.462,1.46207,1.4619,1.46207,205.0
2024-04-03 08:42:00,FX:EURCAD,1.46207,1.46237,1.46206,1.46228,308.0
2024-04-03 08:43:00,FX:EURCAD,1.46228,1.46234,1.46218,1.46218,238.0
2024-04-03 08:44:00,FX:EURCAD,1.46218,1.46229,1.46215,1.46227,194.0
2024-04-03 08:45:00,FX:EURCAD,1.46227,1.46236,1.46219,1.46221,212.0
2024-04-03 08:46:00,FX:EURCAD,1.46221,1.4622300000000001,1.46198,1.46214,165.0
2024-04-03 08:47:00,FX:EURCAD,1.46214,1.4622600000000001,1.4620900000000001,1.4622300000000001,138.0
2024-04-03 08:48:00,FX:EURCAD,1.46223,1.46223,1.462,1.46207,195.0
2024-04-03 08:49:00,FX:EURCAD,1.46207,1.46212,1.46193,1.46201,186.0
2024-04-03 08:50:00,FX:EURCAD,1.46201,1.46201,1.46184,1.46198,253.0
2024-04-03 08:51:00,FX:EURCAD,1.46198,1.46213,1.46194,1.46199,410.0
2024-04-03 08:52:00,FX:EURCAD,1.46199,1.46205,1.46178,1.46181,443.0
2024-04-03 08:53:00,FX:EURCAD,1.46181,1.4619,1.46177,1.4618,309.0
2024-04-03 08:54:00,FX:EURCAD,1.4618,1.46204,1.46177,1.46202,313.0
2024-04-03 08:55:00,FX:EURCAD,1.46202,1.46217,1.46196,1.46217,349.0
2024-04-03 08:56:00,FX:EURCAD,1.46217,1.46234,1.46217,1.46232,240.0
2024-04-03 08:57:00,FX:EURCAD,1.46232,1.46233,1.46212,1.46226,260.0
2024-04-03 08:58:00,FX:EURCAD,1.46226,1.46232,1.46221,1.46223,280.0
2024-04-03 08:59:00,FX:EURCAD,1.46223,1.46232,1.46216,1.4623,374.0
2024-04-03 09:00:00,FX:EURCAD,1.4623,1.46241,1.4622,1.46235,365.0
2024-04-03 09:01:00,FX:EURCAD,1.46235,1.46281,1.46234,1.46274,499.0
2024-04-03 09:02:00,FX:EURCAD,1.46274,1.46298,1.4627,1.46289,409.0
2024-04-03 09:03:00,FX:EURCAD,1.46289,1.46292,1.46272,1.46273,298.0
2024-04-03 09:04:00,FX:EURCAD,1.46273,1.46284,1.46271,1.46282,330.0
2024-04-03 09:05:00,FX:EURCAD,1.46282,1.46282,1.46268,1.4627,186.0
2024-04-03 09:06:00,FX:EURCAD,1.4627,1.46284,1.46257,1.46267,266.0
2024-04-03 09:07:00,FX:EURCAD,1.46267,1.46275,1.46258,1.46258,205.0
2024-04-03 09:08:00,FX:EURCAD,1.46258,1.46273,1.46243,1.46269,310.0
2024-04-03 09:09:00,FX:EURCAD,1.46269,1.4627,1.46238,1.46241,329.0
2024-04-03 09:10:00,FX:EURCAD,1.46241,1.46262,1.46239,1.46261,351.0
2024-04-03 09:11:00,FX:EURCAD,1.46261,1.46292,1.46256,1.46292,397.0
2024-04-03 09:12:00,FX:EURCAD,1.46292,1.46311,1.46289,1.4629,367.0
2024-04-03 09:13:00,FX:EURCAD,1.4629,1.46306,1.46289,1.46306,357.0
2024-04-03 09:14:00,FX:EURCAD,1.46306,1.46327,1.46301,1.46327,250.0
2024-04-03 09:15:00,FX:EURCAD,1.46327,1.46345,1.46324,1.46342,231.0
2024-04-03 09:16:00,FX:EURCAD,1.46342,1.46345,1.46327,1.46333,261.0
2024-04-03 09:17:00,FX:EURCAD,1.46333,1.4635,1.46332,1.4635,201.0
2024-04-03 09:18:00,FX:EURCAD,1.4635,1.4636,1.46345,1.46356,305.0
2024-04-03 09:19:00,FX:EURCAD,1.46356,1.46373,1.46356,1.46372,239.0
2024-04-03 09:20:00,FX:EURCAD,1.46372,1.46382,1.46362,1.4637,273.0
2024-04-03 09:21:00,FX:EURCAD,1.4637,1.46383,1.46362,1.46367,395.0
2024-04-03 09:22:00,FX:EURCAD,1.46367,1.46375,1.46355,1.46359,347.0
2024-04-03 09:23:00,FX:EURCAD,1.46359,1.46364,1.46341,1.46351,390.0
2024-04-03 09:24:00,FX:EURCAD,1.46351,1.46372,1.4635,1.46358,255.0
2024-04-03 09:25:00,FX:EURCAD,1.46358,1.4637,1.46356,1.46367,196.0
2024-04-03 09:26:00,FX:EURCAD,1.46367,1.46383,1.46362,1.46365,224.0
2024-04-03 09:27:00,FX:EURCAD,1.46365,1.4638,1.46361,1.46376,294.0
2024-04-03 09:28:00,FX:EURCAD,1.46376,1.46381,1.46359,1.46363,213.0
2024-04-03 09:29:00,FX:EURCAD,1.46363,1.46387,1.4636,1.46385,225.0
2024-04-03 09:30:00,FX:EURCAD,1.46385,1.46385,1.46359,1.46363,435.0
2024-04-03 09:31:00,FX:EURCAD,1.46363,1.46374,1.46331,1.46338,455.0
2024-04-03 09:32:00,FX:EURCAD,1.46338,1.46339,1.4632,1.46327,409.0
2024-04-03 09:33:00,FX:EURCAD,1.46327,1.46349,1.46318,1.46342,432.0
2024-04-03 09:34:00,FX:EURCAD,1.46342,1.46355,1.46337,1.46352,368.0
2024-04-03 09:35:00,FX:EURCAD,1.46352,1.46359,1.46333,1.46344,346.0
2024-04-03 09:36:00,FX:EURCAD,1.46344,1.46344,1.46296,1.46299,405.0
2024-04-03 09:37:00,FX:EURCAD,1.46299,1.46299,1.46258,1.46259,406.0
2024-04-03 09:38:00,FX:EURCAD,1.46259,1.46262,1.46245,1.46256,342.0
2024-04-03 09:39:00,FX:EURCAD,1.46256,1.46267,1.46237,1.46244,238.0
2024-04-03 09:40:00,FX:EURCAD,1.46244,1.4625,1.46226,1.46233,373.0
2024-04-03 09:41:00,FX:EURCAD,1.46233,1.46244,1.46206,1.46212,332.0
2024-04-03 09:42:00,FX:EURCAD,1.46212,1.46223,1.46206,1.4622,223.0
2024-04-03 09:43:00,FX:EURCAD,1.4622,1.46236,1.46213,1.46226,296.0
2024-04-03 09:44:00,FX:EURCAD,1.4622600000000001,1.4623300000000001,1.4620300000000002,1.4620300000000002,391.0
2024-04-03 09:45:00,FX:EURCAD,1.46203,1.46208,1.46185,1.46193,435.0
2024-04-03 09:46:00,FX:EURCAD,1.46193,1.46209,1.46183,1.4619,298.0
2024-04-03 09:47:00,FX:EURCAD,1.4619,1.46197,1.46174,1.46194,271.0
2024-04-03 09:48:00,FX:EURCAD,1.46194,1.46206,1.46185,1.46201,297.0
2024-04-03 09:49:00,FX:EURCAD,1.46201,1.46201,1.46175,1.46185,313.0
2024-04-03 09:50:00,FX:EURCAD,1.46185,1.46191,1.46155,1.46177,287.0
2024-04-03 09:51:00,FX:EURCAD,1.46177,1.46191,1.46174,1.46184,241.0
2024-04-03 09:52:00,FX:EURCAD,1.46184,1.46194,1.46183,1.46188,289.0
2024-04-03 09:53:00,FX:EURCAD,1.46188,1.46201,1.46187,1.46193,240.0
2024-04-03 09:54:00,FX:EURCAD,1.46193,1.46198,1.46185,1.46195,224.0
2024-04-03 09:55:00,FX:EURCAD,1.46195,1.46229,1.46193,1.46229,265.0
2024-04-03 09:56:00,FX:EURCAD,1.46229,1.46229,1.46203,1.46209,345.0
2024-04-03 09:57:00,FX:EURCAD,1.46209,1.46227,1.46205,1.46222,120.0
2024-04-03 09:58:00,FX:EURCAD,1.46222,1.46222,1.46194,1.46194,174.0
2024-04-03 09:59:00,FX:EURCAD,1.46194,1.46195,1.46169,1.46174,392.0
2024-04-03 10:00:00,FX:EURCAD,1.46174,1.46317,1.46148,1.46267,1801.0
2024-04-03 10:01:00,FX:EURCAD,1.46267,1.46315,1.46223,1.46245,732.0
2024-04-03 10:02:00,FX:EURCAD,1.46245,1.46306,1.46223,1.46294,503.0
2024-04-03 10:03:00,FX:EURCAD,1.46294,1.46294,1.46239,1.46239,851.0
2024-04-03 10:04:00,FX:EURCAD,1.46239,1.46276,1.46232,1.46251,516.0
2024-04-03 10:05:00,FX:EURCAD,1.46251,1.4626700000000001,1.46236,1.46261,222.0
