datetime,symbol,open,high,low,close,volume
2024-04-09 03:18:00,FX:EURJPY,164.959,164.962,164.946,164.951,194.0
2024-04-09 03:19:00,FX:EURJPY,164.951,164.951,164.932,164.933,215.0
2024-04-09 03:20:00,FX:EURJPY,164.933,164.94299999999998,164.933,164.941,149.0
2024-04-09 03:21:00,FX:EURJPY,164.941,164.96099999999998,164.938,164.956,196.0
2024-04-09 03:22:00,FX:EURJPY,164.956,164.962,164.94899999999998,164.95399999999998,176.0
2024-04-09 03:23:00,FX:EURJPY,164.95399999999998,164.95399999999998,164.94299999999998,164.952,240.0
2024-04-09 03:24:00,FX:EURJPY,164.952,164.952,164.93099999999998,164.934,150.0
2024-04-09 03:25:00,FX:EURJPY,164.934,164.94,164.92,164.92399999999998,246.0
2024-04-09 03:26:00,FX:EURJPY,164.92399999999998,164.92499999999998,164.908,164.915,208.0
2024-04-09 03:27:00,FX:EURJPY,164.915,164.91799999999998,164.904,164.90699999999998,294.0
2024-04-09 03:28:00,FX:EURJPY,164.90699999999998,164.90699999999998,164.886,164.89,182.0
2024-04-09 03:29:00,FX:EURJPY,164.89,164.897,164.88299999999998,164.885,280.0
2024-04-09 03:30:00,FX:EURJPY,164.885,164.89499999999998,164.868,164.88899999999998,254.0
2024-04-09 03:31:00,FX:EURJPY,164.88899999999998,164.91299999999998,164.88899999999998,164.909,153.0
2024-04-09 03:32:00,FX:EURJPY,164.909,164.926,164.909,164.92,260.0
2024-04-09 03:33:00,FX:EURJPY,164.92,164.94199999999998,164.92,164.941,207.0
2024-04-09 03:34:00,FX:EURJPY,164.941,164.94799999999998,164.938,164.94199999999998,182.0
2024-04-09 03:35:00,FX:EURJPY,164.94199999999998,164.957,164.93599999999998,164.951,204.0
2024-04-09 03:36:00,FX:EURJPY,164.951,164.952,164.92999999999998,164.93699999999998,217.0
2024-04-09 03:37:00,FX:EURJPY,164.93699999999998,164.94799999999998,164.928,164.92999999999998,157.0
2024-04-09 03:38:00,FX:EURJPY,164.92999999999998,164.938,164.916,164.917,200.0
2024-04-09 03:39:00,FX:EURJPY,164.917,164.927,164.911,164.926,187.0
2024-04-09 03:40:00,FX:EURJPY,164.926,164.944,164.91799999999998,164.944,141.0
2024-04-09 03:41:00,FX:EURJPY,164.944,164.944,164.915,164.915,177.0
2024-04-09 03:42:00,FX:EURJPY,164.915,164.921,164.905,164.905,122.0
2024-04-09 03:43:00,FX:EURJPY,164.905,164.91,164.897,164.899,161.0
2024-04-09 03:44:00,FX:EURJPY,164.899,164.911,164.896,164.897,159.0
2024-04-09 03:45:00,FX:EURJPY,164.897,164.90599999999998,164.89,164.893,187.0
2024-04-09 03:46:00,FX:EURJPY,164.893,164.89399999999998,164.882,164.892,218.0
2024-04-09 03:47:00,FX:EURJPY,164.892,164.893,164.88299999999998,164.886,135.0
2024-04-09 03:48:00,FX:EURJPY,164.886,164.905,164.886,164.905,180.0
2024-04-09 03:49:00,FX:EURJPY,164.905,164.909,164.90099999999998,164.903,239.0
2024-04-09 03:50:00,FX:EURJPY,164.903,164.91799999999998,164.902,164.91,147.0
2024-04-09 03:51:00,FX:EURJPY,164.91,164.916,164.904,164.908,98.0
2024-04-09 03:52:00,FX:EURJPY,164.908,164.909,164.892,164.89399999999998,112.0
2024-04-09 03:53:00,FX:EURJPY,164.89399999999998,164.89399999999998,164.882,164.886,160.0
2024-04-09 03:54:00,FX:EURJPY,164.886,164.886,164.864,164.86599999999999,147.0
2024-04-09 03:55:00,FX:EURJPY,164.86599999999999,164.868,164.855,164.856,203.0
2024-04-09 03:56:00,FX:EURJPY,164.856,164.884,164.85399999999998,164.88299999999998,157.0
2024-04-09 03:57:00,FX:EURJPY,164.88299999999998,164.88299999999998,164.84,164.84799999999998,223.0
2024-04-09 03:58:00,FX:EURJPY,164.84799999999998,164.861,164.84799999999998,164.85299999999998,207.0
2024-04-09 03:59:00,FX:EURJPY,164.85299999999998,164.86499999999998,164.852,164.863,113.0
2024-04-09 04:00:00,FX:EURJPY,164.863,164.878,164.851,164.852,275.0
2024-04-09 04:01:00,FX:EURJPY,164.852,164.857,164.84,164.845,287.0
2024-04-09 04:02:00,FX:EURJPY,164.845,164.849,164.821,164.822,265.0
2024-04-09 04:03:00,FX:EURJPY,164.822,164.828,164.814,164.82299999999998,276.0
2024-04-09 04:04:00,FX:EURJPY,164.82299999999998,164.826,164.796,164.807,246.0
2024-04-09 04:05:00,FX:EURJPY,164.807,164.822,164.796,164.798,305.0
2024-04-09 04:06:00,FX:EURJPY,164.798,164.83599999999998,164.798,164.83499999999998,233.0
2024-04-09 04:07:00,FX:EURJPY,164.83499999999998,164.83599999999998,164.816,164.826,184.0
2024-04-09 04:08:00,FX:EURJPY,164.826,164.849,164.822,164.849,193.0
2024-04-09 04:09:00,FX:EURJPY,164.849,164.856,164.84699999999998,164.851,125.0
2024-04-09 04:10:00,FX:EURJPY,164.851,164.85899999999998,164.843,164.852,135.0
2024-04-09 04:11:00,FX:EURJPY,164.852,164.87699999999998,164.852,164.87699999999998,154.0
2024-04-09 04:12:00,FX:EURJPY,164.87699999999998,164.878,164.869,164.875,187.0
2024-04-09 04:13:00,FX:EURJPY,164.875,164.879,164.862,164.869,147.0
2024-04-09 04:14:00,FX:EURJPY,164.869,164.87699999999998,164.86499999999998,164.873,115.0
2024-04-09 04:15:00,FX:EURJPY,164.873,164.88,164.85999999999999,164.87699999999998,164.0
2024-04-09 04:16:00,FX:EURJPY,164.87699999999998,164.89399999999998,164.87699999999998,164.891,224.0
2024-04-09 04:17:00,FX:EURJPY,164.891,164.902,164.886,164.892,140.0
2024-04-09 04:18:00,FX:EURJPY,164.892,164.898,164.88799999999998,164.89399999999998,125.0
2024-04-09 04:19:00,FX:EURJPY,164.89399999999998,164.89999999999998,164.88799999999998,164.891,162.0
2024-04-09 04:20:00,FX:EURJPY,164.891,164.892,164.87,164.873,180.0
2024-04-09 04:21:00,FX:EURJPY,164.873,164.885,164.87,164.882,95.0
2024-04-09 04:22:00,FX:EURJPY,164.882,164.88799999999998,164.87099999999998,164.882,191.0
2024-04-09 04:23:00,FX:EURJPY,164.882,164.887,164.875,164.882,189.0
2024-04-09 04:24:00,FX:EURJPY,164.882,164.88899999999998,164.876,164.88299999999998,209.0
2024-04-09 04:25:00,FX:EURJPY,164.88299999999998,164.902,164.88299999999998,164.892,188.0
2024-04-09 04:26:00,FX:EURJPY,164.892,164.898,164.892,164.89499999999998,190.0
2024-04-09 04:27:00,FX:EURJPY,164.89499999999998,164.899,164.884,164.885,225.0
2024-04-09 04:28:00,FX:EURJPY,164.885,164.88899999999998,164.88,164.88,229.0
2024-04-09 04:29:00,FX:EURJPY,164.88,164.892,164.879,164.89,219.0
2024-04-09 04:30:00,FX:EURJPY,164.89,164.893,164.873,164.886,319.0
2024-04-09 04:31:00,FX:EURJPY,164.886,164.89399999999998,164.88,164.893,142.0
2024-04-09 04:32:00,FX:EURJPY,164.893,164.893,164.873,164.88299999999998,175.0
2024-04-09 04:33:00,FX:EURJPY,164.88299999999998,164.891,164.881,164.88899999999998,230.0
2024-04-09 04:34:00,FX:EURJPY,164.88899999999998,164.89399999999998,164.874,164.874,209.0
2024-04-09 04:35:00,FX:EURJPY,164.874,164.874,164.861,164.86599999999999,227.0
2024-04-09 04:36:00,FX:EURJPY,164.86599999999999,164.887,164.86499999999998,164.887,223.0
2024-04-09 04:37:00,FX:EURJPY,164.887,164.89,164.88,164.88799999999998,229.0
2024-04-09 04:38:00,FX:EURJPY,164.88799999999998,164.89,164.87099999999998,164.876,252.0
2024-04-09 04:39:00,FX:EURJPY,164.876,164.876,164.84799999999998,164.84799999999998,234.0
2024-04-09 04:40:00,FX:EURJPY,164.84799999999998,164.851,164.83599999999998,164.839,194.0
2024-04-09 04:41:00,FX:EURJPY,164.839,164.869,164.838,164.868,128.0
2024-04-09 04:42:00,FX:EURJPY,164.868,164.885,164.867,164.881,119.0
2024-04-09 04:43:00,FX:EURJPY,164.881,164.88799999999998,164.869,164.887,228.0
2024-04-09 04:44:00,FX:EURJPY,164.887,164.887,164.868,164.874,274.0
2024-04-09 04:45:00,FX:EURJPY,164.874,164.88299999999998,164.873,164.878,205.0
2024-04-09 04:46:00,FX:EURJPY,164.878,164.88,164.856,164.858,304.0
2024-04-09 04:47:00,FX:EURJPY,164.858,164.869,164.855,164.868,243.0
2024-04-09 04:48:00,FX:EURJPY,164.868,164.87199999999999,164.862,164.87,282.0
2024-04-09 04:49:00,FX:EURJPY,164.87,164.878,164.87,164.873,237.0
2024-04-09 04:50:00,FX:EURJPY,164.873,164.886,164.867,164.88299999999998,226.0
2024-04-09 04:51:00,FX:EURJPY,164.88299999999998,164.88899999999998,164.88,164.885,204.0
2024-04-09 04:52:00,FX:EURJPY,164.885,164.89499999999998,164.882,164.88299999999998,150.0
2024-04-09 04:53:00,FX:EURJPY,164.88299999999998,164.887,164.88,164.885,141.0
2024-04-09 04:54:00,FX:EURJPY,164.885,164.891,164.88,164.89,143.0
2024-04-09 04:55:00,FX:EURJPY,164.89,164.90099999999998,164.886,164.89499999999998,185.0
2024-04-09 04:56:00,FX:EURJPY,164.89499999999998,164.915,164.89399999999998,164.91199999999998,184.0
2024-04-09 04:57:00,FX:EURJPY,164.91199999999998,164.915,164.90599999999998,164.909,157.0
2024-04-09 04:58:00,FX:EURJPY,164.909,164.923,164.90599999999998,164.911,162.0
2024-04-09 04:59:00,FX:EURJPY,164.911,164.916,164.908,164.91199999999998,174.0
2024-04-09 05:00:00,FX:EURJPY,164.91199999999998,164.92399999999998,164.91,164.91299999999998,220.0
2024-04-09 05:01:00,FX:EURJPY,164.91299999999998,164.92,164.91199999999998,164.916,138.0
2024-04-09 05:02:00,FX:EURJPY,164.916,164.92,164.91199999999998,164.917,182.0
2024-04-09 05:03:00,FX:EURJPY,164.917,164.91899999999998,164.902,164.911,198.0
2024-04-09 05:04:00,FX:EURJPY,164.911,164.911,164.89399999999998,164.90599999999998,156.0
2024-04-09 05:05:00,FX:EURJPY,164.90599999999998,164.921,164.903,164.92,144.0
2024-04-09 05:06:00,FX:EURJPY,164.92,164.939,164.91899999999998,164.92399999999998,167.0
2024-04-09 05:07:00,FX:EURJPY,164.92399999999998,164.939,164.923,164.935,130.0
2024-04-09 05:08:00,FX:EURJPY,164.935,164.935,164.92499999999998,164.929,89.0
2024-04-09 05:09:00,FX:EURJPY,164.929,164.935,164.921,164.923,104.0
2024-04-09 05:10:00,FX:EURJPY,164.923,164.93699999999998,164.921,164.93699999999998,91.0
2024-04-09 05:11:00,FX:EURJPY,164.93699999999998,164.93699999999998,164.928,164.934,138.0
2024-04-09 05:12:00,FX:EURJPY,164.934,164.94,164.92999999999998,164.94,83.0
2024-04-09 05:13:00,FX:EURJPY,164.94,164.96099999999998,164.94,164.952,155.0
2024-04-09 05:14:00,FX:EURJPY,164.952,164.952,164.934,164.938,175.0
2024-04-09 05:15:00,FX:EURJPY,164.938,164.944,164.916,164.92,227.0
2024-04-09 05:16:00,FX:EURJPY,164.92,164.923,164.909,164.922,252.0
2024-04-09 05:17:00,FX:EURJPY,164.922,164.92999999999998,164.91299999999998,164.91299999999998,216.0
2024-04-09 05:18:00,FX:EURJPY,164.91299999999998,164.922,164.893,164.89399999999998,199.0
2024-04-09 05:19:00,FX:EURJPY,164.89399999999998,164.899,164.873,164.88899999999998,219.0
2024-04-09 05:20:00,FX:EURJPY,164.88899999999998,164.89999999999998,164.887,164.897,141.0
2024-04-09 05:21:00,FX:EURJPY,164.897,164.91199999999998,164.892,164.911,117.0
2024-04-09 05:22:00,FX:EURJPY,164.911,164.91899999999998,164.90699999999998,164.914,141.0
2024-04-09 05:23:00,FX:EURJPY,164.914,164.922,164.90599999999998,164.922,175.0
2024-04-09 05:24:00,FX:EURJPY,164.922,164.95,164.922,164.946,153.0
2024-04-09 05:25:00,FX:EURJPY,164.946,164.964,164.93599999999998,164.93599999999998,343.0
2024-04-09 05:26:00,FX:EURJPY,164.93599999999998,164.965,164.93599999999998,164.95,246.0
2024-04-09 05:27:00,FX:EURJPY,164.95,164.969,164.82399999999998,164.85,877.0
2024-04-09 05:28:00,FX:EURJPY,164.85,164.885,164.84699999999998,164.875,608.0
2024-04-09 05:29:00,FX:EURJPY,164.875,164.914,164.875,164.909,356.0
2024-04-09 05:30:00,FX:EURJPY,164.909,164.91799999999998,164.89499999999998,164.90699999999998,356.0
2024-04-09 05:31:00,FX:EURJPY,164.90699999999998,164.94,164.904,164.93699999999998,357.0
2024-04-09 05:32:00,FX:EURJPY,164.93699999999998,164.94799999999998,164.926,164.926,235.0
2024-04-09 05:33:00,FX:EURJPY,164.926,164.93599999999998,164.91899999999998,164.935,301.0
2024-04-09 05:34:00,FX:EURJPY,164.935,164.945,164.92499999999998,164.944,367.0
2024-04-09 05:35:00,FX:EURJPY,164.944,164.944,164.91299999999998,164.914,335.0
2024-04-09 05:36:00,FX:EURJPY,164.914,164.914,164.876,164.887,342.0
2024-04-09 05:37:00,FX:EURJPY,164.887,164.88799999999998,164.863,164.86499999999998,174.0
2024-04-09 05:38:00,FX:EURJPY,164.86499999999998,164.876,164.85299999999998,164.87099999999998,278.0
2024-04-09 05:39:00,FX:EURJPY,164.87099999999998,164.874,164.867,164.868,139.0
2024-04-09 05:40:00,FX:EURJPY,164.868,164.87199999999999,164.855,164.87099999999998,143.0
2024-04-09 05:41:00,FX:EURJPY,164.87099999999998,164.87699999999998,164.86599999999999,164.874,134.0
2024-04-09 05:42:00,FX:EURJPY,164.874,164.926,164.873,164.91799999999998,318.0
2024-04-09 05:43:00,FX:EURJPY,164.91799999999998,164.91899999999998,164.885,164.892,386.0
2024-04-09 05:44:00,FX:EURJPY,164.892,164.892,164.868,164.884,275.0
2024-04-09 05:45:00,FX:EURJPY,164.884,164.902,164.87699999999998,164.88899999999998,256.0
2024-04-09 05:46:00,FX:EURJPY,164.88899999999998,164.897,164.885,164.892,194.0
2024-04-09 05:47:00,FX:EURJPY,164.892,164.896,164.884,164.896,207.0
2024-04-09 05:48:00,FX:EURJPY,164.896,164.904,164.876,164.885,207.0
2024-04-09 05:49:00,FX:EURJPY,164.885,164.885,164.87199999999999,164.879,162.0
2024-04-09 05:50:00,FX:EURJPY,164.879,164.893,164.87699999999998,164.885,258.0
2024-04-09 05:51:00,FX:EURJPY,164.885,164.903,164.882,164.902,159.0
2024-04-09 05:52:00,FX:EURJPY,164.902,164.902,164.88899999999998,164.893,161.0
2024-04-09 05:53:00,FX:EURJPY,164.893,164.916,164.885,164.915,145.0
2024-04-09 05:54:00,FX:EURJPY,164.915,164.929,164.914,164.927,121.0
2024-04-09 05:55:00,FX:EURJPY,164.927,164.93599999999998,164.917,164.928,198.0
2024-04-09 05:56:00,FX:EURJPY,164.928,164.951,164.91,164.951,225.0
2024-04-09 05:57:00,FX:EURJPY,164.951,164.964,164.94799999999998,164.96099999999998,254.0
2024-04-09 05:58:00,FX:EURJPY,164.96099999999998,164.98,164.95399999999998,164.97899999999998,343.0
2024-04-09 05:59:00,FX:EURJPY,164.97899999999998,164.988,164.97,164.974,290.0
2024-04-09 06:00:00,FX:EURJPY,164.974,164.98499999999999,164.97199999999998,164.983,310.0
2024-04-09 06:01:00,FX:EURJPY,164.983,164.989,164.965,164.971,193.0
2024-04-09 06:02:00,FX:EURJPY,164.971,164.974,164.963,164.968,156.0
2024-04-09 06:03:00,FX:EURJPY,164.968,164.98999999999998,164.96699999999998,164.988,146.0
2024-04-09 06:04:00,FX:EURJPY,164.988,164.99099999999999,164.981,164.989,142.0
2024-04-09 06:05:00,FX:EURJPY,164.989,164.99599999999998,164.982,164.994,247.0
2024-04-09 06:06:00,FX:EURJPY,164.994,165.0,164.976,164.97799999999998,203.0
2024-04-09 06:07:00,FX:EURJPY,164.97799999999998,164.987,164.977,164.98499999999999,142.0
2024-04-09 06:08:00,FX:EURJPY,164.98499999999999,164.99099999999999,164.983,164.988,126.0
2024-04-09 06:09:00,FX:EURJPY,164.988,164.98999999999998,164.974,164.974,166.0
2024-04-09 06:10:00,FX:EURJPY,164.974,164.977,164.97,164.977,114.0
2024-04-09 06:11:00,FX:EURJPY,164.977,164.986,164.97299999999998,164.97799999999998,115.0
2024-04-09 06:12:00,FX:EURJPY,164.97799999999998,164.98999999999998,164.97799999999998,164.98999999999998,140.0
2024-04-09 06:13:00,FX:EURJPY,164.98999999999998,164.992,164.98499999999999,164.989,151.0
2024-04-09 06:14:00,FX:EURJPY,164.989,164.989,164.976,164.982,97.0
2024-04-09 06:15:00,FX:EURJPY,164.982,164.995,164.97899999999998,164.986,109.0
2024-04-09 06:16:00,FX:EURJPY,164.986,164.99699999999999,164.98399999999998,164.99699999999999,129.0
2024-04-09 06:17:00,FX:EURJPY,164.99699999999999,165.009,164.98999999999998,165.007,182.0
2024-04-09 06:18:00,FX:EURJPY,165.007,165.01,165.006,165.009,72.0
2024-04-09 06:19:00,FX:EURJPY,165.009,165.017,165.007,165.009,110.0
2024-04-09 06:20:00,FX:EURJPY,165.009,165.015,165.00799999999998,165.01399999999998,88.0
2024-04-09 06:21:00,FX:EURJPY,165.01399999999998,165.027,165.012,165.02499999999998,94.0
2024-04-09 06:22:00,FX:EURJPY,165.02499999999998,165.028,165.016,165.017,134.0
2024-04-09 06:23:00,FX:EURJPY,165.017,165.018,165.00199999999998,165.009,228.0
2024-04-09 06:24:00,FX:EURJPY,165.009,165.02499999999998,165.009,165.021,136.0
2024-04-09 06:25:00,FX:EURJPY,165.021,165.022,165.003,165.015,189.0
2024-04-09 06:26:00,FX:EURJPY,165.015,165.016,165.003,165.004,139.0
2024-04-09 06:27:00,FX:EURJPY,165.004,165.016,165.003,165.009,248.0
2024-04-09 06:28:00,FX:EURJPY,165.009,165.011,164.99599999999998,164.99699999999999,140.0
2024-04-09 06:29:00,FX:EURJPY,164.99699999999999,165.0,164.986,165.0,158.0
2024-04-09 06:30:00,FX:EURJPY,165.0,165.006,164.987,164.993,114.0
2024-04-09 06:31:00,FX:EURJPY,164.993,164.998,164.97199999999998,164.97299999999998,165.0
2024-04-09 06:32:00,FX:EURJPY,164.97299999999998,164.993,164.969,164.989,199.0
2024-04-09 06:33:00,FX:EURJPY,164.989,164.995,164.98499999999999,164.989,134.0
2024-04-09 06:34:00,FX:EURJPY,164.989,164.99599999999998,164.97299999999998,164.97899999999998,130.0
2024-04-09 06:35:00,FX:EURJPY,164.97899999999998,164.988,164.97,164.97199999999998,210.0
2024-04-09 06:36:00,FX:EURJPY,164.97199999999998,164.97299999999998,164.95499999999998,164.956,265.0
2024-04-09 06:37:00,FX:EURJPY,164.956,164.968,164.953,164.956,176.0
2024-04-09 06:38:00,FX:EURJPY,164.956,164.958,164.94299999999998,164.95,170.0
2024-04-09 06:39:00,FX:EURJPY,164.95,164.95399999999998,164.947,164.95,203.0
2024-04-09 06:40:00,FX:EURJPY,164.95,164.956,164.938,164.94,173.0
2024-04-09 06:41:00,FX:EURJPY,164.94,164.964,164.938,164.964,185.0
2024-04-09 06:42:00,FX:EURJPY,164.964,164.96699999999998,164.957,164.95999999999998,148.0
2024-04-09 06:43:00,FX:EURJPY,164.95999999999998,164.96599999999998,164.951,164.952,148.0
2024-04-09 06:44:00,FX:EURJPY,164.952,164.957,164.947,164.956,102.0
2024-04-09 06:45:00,FX:EURJPY,164.956,164.957,164.945,164.95499999999998,139.0
2024-04-09 06:46:00,FX:EURJPY,164.95499999999998,164.97199999999998,164.95499999999998,164.965,121.0
2024-04-09 06:47:00,FX:EURJPY,164.965,164.974,164.96099999999998,164.974,174.0
2024-04-09 06:48:00,FX:EURJPY,164.974,164.98499999999999,164.97199999999998,164.98,118.0
2024-04-09 06:49:00,FX:EURJPY,164.98,164.98,164.974,164.97899999999998,110.0
2024-04-09 06:50:00,FX:EURJPY,164.97899999999998,164.98,164.968,164.969,143.0
2024-04-09 06:51:00,FX:EURJPY,164.969,164.981,164.96599999999998,164.981,142.0
2024-04-09 06:52:00,FX:EURJPY,164.981,164.981,164.963,164.965,121.0
2024-04-09 06:53:00,FX:EURJPY,164.965,164.96699999999998,164.956,164.958,112.0
2024-04-09 06:54:00,FX:EURJPY,164.958,164.968,164.956,164.962,126.0
2024-04-09 06:55:00,FX:EURJPY,164.962,164.98,164.959,164.98,92.0
2024-04-09 06:56:00,FX:EURJPY,164.98,164.98,164.969,164.97899999999998,143.0
2024-04-09 06:57:00,FX:EURJPY,164.97899999999998,164.98,164.96599999999998,164.98,137.0
2024-04-09 06:58:00,FX:EURJPY,164.98,165.00199999999998,164.98,165.00199999999998,143.0
2024-04-09 06:59:00,FX:EURJPY,165.00199999999998,165.01399999999998,164.987,164.989,181.0
2024-04-09 07:00:00,FX:EURJPY,164.989,164.993,164.971,164.974,118.0
2024-04-09 07:01:00,FX:EURJPY,164.974,164.975,164.95399999999998,164.96699999999998,165.0
2024-04-09 07:02:00,FX:EURJPY,164.96699999999998,164.975,164.959,164.975,193.0
2024-04-09 07:03:00,FX:EURJPY,164.975,164.988,164.975,164.982,183.0
2024-04-09 07:04:00,FX:EURJPY,164.982,164.98399999999998,164.977,164.98399999999998,113.0
2024-04-09 07:05:00,FX:EURJPY,164.98399999999998,164.989,164.97299999999998,164.975,111.0
2024-04-09 07:06:00,FX:EURJPY,164.975,164.986,164.974,164.98499999999999,116.0
2024-04-09 07:07:00,FX:EURJPY,164.98499999999999,164.995,164.98,164.995,102.0
2024-04-09 07:08:00,FX:EURJPY,164.995,165.0,164.989,164.99699999999999,180.0
2024-04-09 07:09:00,FX:EURJPY,164.99699999999999,165.01399999999998,164.99599999999998,165.01399999999998,203.0
2024-04-09 07:10:00,FX:EURJPY,165.01399999999998,165.027,165.01,165.023,150.0
2024-04-09 07:11:00,FX:EURJPY,165.023,165.047,165.022,165.028,139.0
2024-04-09 07:12:00,FX:EURJPY,165.028,165.03099999999998,165.01299999999998,165.01399999999998,103.0
2024-04-09 07:13:00,FX:EURJPY,165.01399999999998,165.017,164.99599999999998,164.998,164.0
2024-04-09 07:14:00,FX:EURJPY,164.998,165.011,164.998,165.007,151.0
2024-04-09 07:15:00,FX:EURJPY,165.007,165.018,165.0,165.0,188.0
2024-04-09 07:16:00,FX:EURJPY,165.0,165.003,164.989,164.998,198.0
2024-04-09 07:17:00,FX:EURJPY,164.998,165.003,164.989,165.003,126.0
2024-04-09 07:18:00,FX:EURJPY,165.003,165.01,164.99699999999999,165.009,118.0
2024-04-09 07:19:00,FX:EURJPY,165.009,165.01,165.003,165.007,142.0
2024-04-09 07:20:00,FX:EURJPY,165.007,165.00799999999998,164.98399999999998,164.988,162.0
2024-04-09 07:21:00,FX:EURJPY,164.988,164.99599999999998,164.977,164.98499999999999,204.0
2024-04-09 07:22:00,FX:EURJPY,164.98499999999999,164.992,164.982,164.992,161.0
2024-04-09 07:23:00,FX:EURJPY,164.992,165.01399999999998,164.992,165.0,222.0
2024-04-09 07:24:00,FX:EURJPY,165.0,165.01,164.998,165.001,143.0
2024-04-09 07:25:00,FX:EURJPY,165.001,165.003,164.986,164.986,144.0
2024-04-09 07:26:00,FX:EURJPY,164.986,164.99699999999999,164.976,164.97799999999998,126.0
2024-04-09 07:27:00,FX:EURJPY,164.97799999999998,164.98,164.97,164.97299999999998,145.0
2024-04-09 07:28:00,FX:EURJPY,164.97299999999998,164.982,164.97,164.971,153.0
2024-04-09 07:29:00,FX:EURJPY,164.971,164.97899999999998,164.969,164.976,127.0
2024-04-09 07:30:00,FX:EURJPY,164.976,164.98,164.97,164.97799999999998,80.0
2024-04-09 07:31:00,FX:EURJPY,164.97799999999998,164.97899999999998,164.963,164.963,102.0
2024-04-09 07:32:00,FX:EURJPY,164.963,164.969,164.958,164.959,148.0
2024-04-09 07:33:00,FX:EURJPY,164.959,164.95999999999998,164.94,164.94199999999998,130.0
2024-04-09 07:34:00,FX:EURJPY,164.94199999999998,164.946,164.93599999999998,164.941,138.0
2024-04-09 07:35:00,FX:EURJPY,164.941,164.945,164.93599999999998,164.94199999999998,133.0
2024-04-09 07:36:00,FX:EURJPY,164.94199999999998,164.94199999999998,164.934,164.93599999999998,82.0
2024-04-09 07:37:00,FX:EURJPY,164.93599999999998,164.939,164.908,164.914,145.0
2024-04-09 07:38:00,FX:EURJPY,164.914,164.92499999999998,164.908,164.909,245.0
2024-04-09 07:39:00,FX:EURJPY,164.909,164.91899999999998,164.89999999999998,164.911,290.0
2024-04-09 07:40:00,FX:EURJPY,164.911,164.91299999999998,164.898,164.905,200.0
2024-04-09 07:41:00,FX:EURJPY,164.905,164.916,164.896,164.91299999999998,160.0
2024-04-09 07:42:00,FX:EURJPY,164.91299999999998,164.917,164.89999999999998,164.902,187.0
2024-04-09 07:43:00,FX:EURJPY,164.902,164.902,164.88299999999998,164.88799999999998,215.0
2024-04-09 07:44:00,FX:EURJPY,164.88799999999998,164.892,164.881,164.891,150.0
2024-04-09 07:45:00,FX:EURJPY,164.891,164.89999999999998,164.885,164.899,154.0
2024-04-09 07:46:00,FX:EURJPY,164.899,164.89999999999998,164.881,164.885,251.0
2024-04-09 07:47:00,FX:EURJPY,164.885,164.899,164.881,164.89499999999998,186.0
2024-04-09 07:48:00,FX:EURJPY,164.89499999999998,164.898,164.892,164.89499999999998,209.0
2024-04-09 07:49:00,FX:EURJPY,164.89499999999998,164.908,164.89399999999998,164.898,254.0
2024-04-09 07:50:00,FX:EURJPY,164.898,164.90699999999998,164.89399999999998,164.897,240.0
2024-04-09 07:51:00,FX:EURJPY,164.897,164.898,164.892,164.89499999999998,120.0
2024-04-09 07:52:00,FX:EURJPY,164.89499999999998,164.896,164.882,164.88299999999998,130.0
2024-04-09 07:53:00,FX:EURJPY,164.88299999999998,164.887,164.88,164.882,112.0
2024-04-09 07:54:00,FX:EURJPY,164.882,164.89499999999998,164.881,164.89499999999998,116.0
2024-04-09 07:55:00,FX:EURJPY,164.89499999999998,164.898,164.88799999999998,164.897,188.0
2024-04-09 07:56:00,FX:EURJPY,164.897,164.905,164.892,164.903,164.0
2024-04-09 07:57:00,FX:EURJPY,164.903,164.91199999999998,164.897,164.898,150.0
2024-04-09 07:58:00,FX:EURJPY,164.898,164.914,164.89399999999998,164.914,164.0
2024-04-09 07:59:00,FX:EURJPY,164.914,164.92399999999998,164.90599999999998,164.90699999999998,223.0
2024-04-09 08:00:00,FX:EURJPY,164.90699999999998,164.916,164.89,164.90099999999998,320.0
2024-04-09 08:01:00,FX:EURJPY,164.90099999999998,164.90599999999998,164.892,164.899,191.0
2024-04-09 08:02:00,FX:EURJPY,164.899,164.916,164.896,164.916,268.0
2024-04-09 08:03:00,FX:EURJPY,164.916,164.93599999999998,164.91299999999998,164.934,291.0
2024-04-09 08:04:00,FX:EURJPY,164.934,164.958,164.933,164.946,291.0
2024-04-09 08:05:00,FX:EURJPY,164.946,164.975,164.945,164.97199999999998,362.0
2024-04-09 08:06:00,FX:EURJPY,164.97199999999998,164.983,164.96599999999998,164.975,308.0
2024-04-09 08:07:00,FX:EURJPY,164.975,164.995,164.974,164.97799999999998,225.0
2024-04-09 08:08:00,FX:EURJPY,164.97799999999998,164.98499999999999,164.97299999999998,164.977,179.0
2024-04-09 08:09:00,FX:EURJPY,164.977,164.977,164.95999999999998,164.95999999999998,163.0
2024-04-09 08:10:00,FX:EURJPY,164.95999999999998,164.962,164.94199999999998,164.959,299.0
2024-04-09 08:11:00,FX:EURJPY,164.959,164.977,164.956,164.97299999999998,161.0
2024-04-09 08:12:00,FX:EURJPY,164.97299999999998,164.98499999999999,164.971,164.977,189.0
2024-04-09 08:13:00,FX:EURJPY,164.977,164.987,164.963,164.987,244.0
2024-04-09 08:14:00,FX:EURJPY,164.987,164.98999999999998,164.964,164.981,243.0
2024-04-09 08:15:00,FX:EURJPY,164.981,164.994,164.981,164.99099999999999,119.0
2024-04-09 08:16:00,FX:EURJPY,164.99099999999999,165.003,164.98499999999999,164.989,174.0
2024-04-09 08:17:00,FX:EURJPY,164.989,164.99599999999998,164.988,164.993,157.0
2024-04-09 08:18:00,FX:EURJPY,164.993,164.995,164.98399999999998,164.988,147.0
2024-04-09 08:19:00,FX:EURJPY,164.988,164.993,164.97799999999998,164.97899999999998,281.0
2024-04-09 08:20:00,FX:EURJPY,164.97899999999998,164.986,164.96699999999998,164.974,319.0
2024-04-09 08:21:00,FX:EURJPY,164.974,164.97799999999998,164.934,164.939,332.0
2024-04-09 08:22:00,FX:EURJPY,164.939,164.94899999999998,164.929,164.93099999999998,414.0
2024-04-09 08:23:00,FX:EURJPY,164.93099999999998,164.93699999999998,164.923,164.934,424.0
2024-04-09 08:24:00,FX:EURJPY,164.934,164.94199999999998,164.926,164.93699999999998,331.0
2024-04-09 08:25:00,FX:EURJPY,164.93699999999998,164.952,164.928,164.952,380.0
2024-04-09 08:26:00,FX:EURJPY,164.952,164.97299999999998,164.941,164.956,329.0
2024-04-09 08:27:00,FX:EURJPY,164.956,164.96699999999998,164.946,164.958,306.0
2024-04-09 08:28:00,FX:EURJPY,164.958,164.963,164.94799999999998,164.963,189.0
2024-04-09 08:29:00,FX:EURJPY,164.963,164.98,164.962,164.976,191.0
2024-04-09 08:30:00,FX:EURJPY,164.976,164.97799999999998,164.944,164.959,203.0
2024-04-09 08:31:00,FX:EURJPY,164.959,164.975,164.959,164.97199999999998,162.0
2024-04-09 08:32:00,FX:EURJPY,164.97199999999998,165.01899999999998,164.97199999999998,165.01899999999998,327.0
2024-04-09 08:33:00,FX:EURJPY,165.01899999999998,165.021,165.009,165.018,388.0
2024-04-09 08:34:00,FX:EURJPY,165.018,165.03699999999998,165.016,165.036,380.0
2024-04-09 08:35:00,FX:EURJPY,165.036,165.036,165.016,165.024,463.0
2024-04-09 08:36:00,FX:EURJPY,165.024,165.02499999999998,165.009,165.01999999999998,379.0
2024-04-09 08:37:00,FX:EURJPY,165.01999999999998,165.03,165.017,165.02499999999998,251.0
2024-04-09 08:38:00,FX:EURJPY,165.02499999999998,165.036,165.023,165.027,240.0
2024-04-09 08:39:00,FX:EURJPY,165.027,165.04399999999998,165.022,165.033,261.0
2024-04-09 08:40:00,FX:EURJPY,165.033,165.059,165.033,165.04899999999998,353.0
2024-04-09 08:41:00,FX:EURJPY,165.04899999999998,165.06099999999998,165.042,165.04899999999998,326.0
2024-04-09 08:42:00,FX:EURJPY,165.04899999999998,165.05499999999998,165.042,165.054,212.0
2024-04-09 08:43:00,FX:EURJPY,165.054,165.084,165.054,165.077,264.0
2024-04-09 08:44:00,FX:EURJPY,165.077,165.088,165.075,165.08599999999998,171.0
2024-04-09 08:45:00,FX:EURJPY,165.08599999999998,165.1,165.076,165.09199999999998,257.0
2024-04-09 08:46:00,FX:EURJPY,165.09199999999998,165.096,165.081,165.089,256.0
2024-04-09 08:47:00,FX:EURJPY,165.089,165.105,165.089,165.102,351.0
2024-04-09 08:48:00,FX:EURJPY,165.102,165.117,165.093,165.11499999999998,251.0
2024-04-09 08:49:00,FX:EURJPY,165.11499999999998,165.123,165.087,165.09799999999998,504.0
2024-04-09 08:50:00,FX:EURJPY,165.09799999999998,165.114,165.08599999999998,165.105,443.0
2024-04-09 08:51:00,FX:EURJPY,165.105,165.15699999999998,165.105,165.154,579.0
2024-04-09 08:52:00,FX:EURJPY,165.154,165.17399999999998,165.14999999999998,165.159,453.0
2024-04-09 08:53:00,FX:EURJPY,165.159,165.16199999999998,165.12099999999998,165.129,345.0
2024-04-09 08:54:00,FX:EURJPY,165.129,165.131,165.117,165.12199999999999,212.0
2024-04-09 08:55:00,FX:EURJPY,165.12199999999999,165.135,165.106,165.10999999999999,304.0
2024-04-09 08:56:00,FX:EURJPY,165.10999999999999,165.126,165.106,165.126,260.0
2024-04-09 08:57:00,FX:EURJPY,165.126,165.142,165.117,165.118,243.0
2024-04-09 08:58:00,FX:EURJPY,165.118,165.12699999999998,165.113,165.124,255.0
2024-04-09 08:59:00,FX:EURJPY,165.124,165.13899999999998,165.12099999999998,165.135,382.0
2024-04-09 09:00:00,FX:EURJPY,165.135,165.13799999999998,165.11499999999998,165.132,453.0
2024-04-09 09:01:00,FX:EURJPY,165.132,165.13899999999998,165.108,165.10899999999998,292.0
2024-04-09 09:02:00,FX:EURJPY,165.10899999999998,165.11599999999999,165.094,165.102,314.0
2024-04-09 09:03:00,FX:EURJPY,165.102,165.12099999999998,165.099,165.10299999999998,290.0
2024-04-09 09:04:00,FX:EURJPY,165.10299999999998,165.108,165.088,165.095,266.0
2024-04-09 09:05:00,FX:EURJPY,165.095,165.095,165.07,165.072,249.0
2024-04-09 09:06:00,FX:EURJPY,165.072,165.08599999999998,165.059,165.08499999999998,285.0
2024-04-09 09:07:00,FX:EURJPY,165.08499999999998,165.09099999999998,165.06099999999998,165.078,188.0
2024-04-09 09:08:00,FX:EURJPY,165.078,165.082,165.06799999999998,165.081,226.0
2024-04-09 09:09:00,FX:EURJPY,165.081,165.10899999999998,165.07999999999998,165.101,244.0
2024-04-09 09:10:00,FX:EURJPY,165.101,165.118,165.09699999999998,165.1,240.0
2024-04-09 09:11:00,FX:EURJPY,165.1,165.11499999999998,165.08599999999998,165.094,424.0
2024-04-09 09:12:00,FX:EURJPY,165.094,165.108,165.09099999999998,165.096,319.0
2024-04-09 09:13:00,FX:EURJPY,165.096,165.10999999999999,165.096,165.108,264.0
2024-04-09 09:14:00,FX:EURJPY,165.108,165.136,165.101,165.131,248.0
2024-04-09 09:15:00,FX:EURJPY,165.131,165.137,165.114,165.11599999999999,328.0
2024-04-09 09:16:00,FX:EURJPY,165.11599999999999,165.119,165.111,165.117,200.0
2024-04-09 09:17:00,FX:EURJPY,165.117,165.12099999999998,165.106,165.111,201.0
2024-04-09 09:18:00,FX:EURJPY,165.111,165.11599999999999,165.095,165.09699999999998,188.0
2024-04-09 09:19:00,FX:EURJPY,165.09699999999998,165.1,165.082,165.09699999999998,292.0
2024-04-09 09:20:00,FX:EURJPY,165.09699999999998,165.12699999999998,165.096,165.118,520.0
2024-04-09 09:21:00,FX:EURJPY,165.118,165.129,165.108,165.125,169.0
2024-04-09 09:22:00,FX:EURJPY,165.125,165.13799999999998,165.114,165.137,326.0
2024-04-09 09:23:00,FX:EURJPY,165.137,165.143,165.12699999999998,165.137,245.0
2024-04-09 09:24:00,FX:EURJPY,165.137,165.149,165.117,165.131,321.0
2024-04-09 09:25:00,FX:EURJPY,165.131,165.134,165.118,165.125,284.0
2024-04-09 09:26:00,FX:EURJPY,165.125,165.134,165.11499999999998,165.12,324.0
2024-04-09 09:27:00,FX:EURJPY,165.12,165.12199999999999,165.09799999999998,165.113,360.0
2024-04-09 09:28:00,FX:EURJPY,165.113,165.12199999999999,165.108,165.118,303.0
2024-04-09 09:29:00,FX:EURJPY,165.118,165.143,165.112,165.142,361.0
2024-04-09 09:30:00,FX:EURJPY,165.142,165.161,165.134,165.142,718.0
2024-04-09 09:31:00,FX:EURJPY,165.142,165.155,165.137,165.14999999999998,629.0
2024-04-09 09:32:00,FX:EURJPY,165.14999999999998,165.153,165.125,165.131,401.0
2024-04-09 09:33:00,FX:EURJPY,165.131,165.13899999999998,165.102,165.102,380.0
2024-04-09 09:34:00,FX:EURJPY,165.102,165.12,165.102,165.107,432.0
2024-04-09 09:35:00,FX:EURJPY,165.107,165.132,165.102,165.129,420.0
2024-04-09 09:36:00,FX:EURJPY,165.129,165.137,165.117,165.134,278.0
2024-04-09 09:37:00,FX:EURJPY,165.134,165.15699999999998,165.13299999999998,165.143,366.0
2024-04-09 09:38:00,FX:EURJPY,165.143,165.147,165.134,165.14,351.0
2024-04-09 09:39:00,FX:EURJPY,165.14,165.154,165.136,165.149,331.0
2024-04-09 09:40:00,FX:EURJPY,165.149,165.16799999999998,165.146,165.164,340.0
2024-04-09 09:41:00,FX:EURJPY,165.164,165.17399999999998,165.15599999999998,165.164,407.0
2024-04-09 09:42:00,FX:EURJPY,165.164,165.171,165.149,165.154,381.0
2024-04-09 09:43:00,FX:EURJPY,165.154,165.16299999999998,165.141,165.16299999999998,303.0
2024-04-09 09:44:00,FX:EURJPY,165.16299999999998,165.166,165.131,165.131,235.0
2024-04-09 09:45:00,FX:EURJPY,165.131,165.142,165.124,165.142,273.0
2024-04-09 09:46:00,FX:EURJPY,165.142,165.146,165.118,165.135,424.0
2024-04-09 09:47:00,FX:EURJPY,165.135,165.141,165.126,165.137,325.0
2024-04-09 09:48:00,FX:EURJPY,165.137,165.14,165.118,165.126,335.0
2024-04-09 09:49:00,FX:EURJPY,165.126,165.135,165.10899999999998,165.112,409.0
2024-04-09 09:50:00,FX:EURJPY,165.112,165.117,165.08599999999998,165.09,318.0
2024-04-09 09:51:00,FX:EURJPY,165.09,165.114,165.08599999999998,165.113,329.0
2024-04-09 09:52:00,FX:EURJPY,165.113,165.12099999999998,165.106,165.112,302.0
2024-04-09 09:53:00,FX:EURJPY,165.112,165.11599999999999,165.102,165.10399999999998,199.0
2024-04-09 09:54:00,FX:EURJPY,165.10399999999998,165.11599999999999,165.1,165.11499999999998,238.0
2024-04-09 09:55:00,FX:EURJPY,165.11499999999998,165.119,165.106,165.118,235.0
2024-04-09 09:56:00,FX:EURJPY,165.118,165.118,165.08599999999998,165.094,225.0
2024-04-09 09:57:00,FX:EURJPY,165.094,165.102,165.078,165.101,197.0
2024-04-09 09:58:00,FX:EURJPY,165.101,165.102,165.09099999999998,165.096,194.0
2024-04-09 09:59:00,FX:EURJPY,165.096,165.111,165.096,165.107,169.0
2024-04-09 10:00:00,FX:EURJPY,165.107,165.107,165.084,165.093,288.0
2024-04-09 10:01:00,FX:EURJPY,165.093,165.093,165.064,165.07399999999998,391.0
2024-04-09 10:02:00,FX:EURJPY,165.07399999999998,165.083,165.065,165.07899999999998,305.0
2024-04-09 10:03:00,FX:EURJPY,165.07899999999998,165.095,165.07899999999998,165.089,322.0
2024-04-09 10:04:00,FX:EURJPY,165.089,165.09699999999998,165.08599999999998,165.088,191.0
2024-04-09 10:05:00,FX:EURJPY,165.088,165.09,165.07399999999998,165.082,152.0
2024-04-09 10:06:00,FX:EURJPY,165.082,165.089,165.07299999999998,165.08499999999998,241.0
2024-04-09 10:07:00,FX:EURJPY,165.08499999999998,165.10299999999998,165.084,165.095,260.0
2024-04-09 10:08:00,FX:EURJPY,165.095,165.114,165.093,165.114,316.0
2024-04-09 10:09:00,FX:EURJPY,165.114,165.114,165.09799999999998,165.10899999999998,239.0
2024-04-09 10:10:00,FX:EURJPY,165.10899999999998,165.10899999999998,165.09099999999998,165.099,273.0
2024-04-09 10:11:00,FX:EURJPY,165.099,165.10399999999998,165.078,165.078,239.0
2024-04-09 10:12:00,FX:EURJPY,165.078,165.093,165.07399999999998,165.07399999999998,209.0
2024-04-09 10:13:00,FX:EURJPY,165.07399999999998,165.07899999999998,165.064,165.066,253.0
2024-04-09 10:14:00,FX:EURJPY,165.066,165.07,165.05599999999998,165.066,328.0
2024-04-09 10:15:00,FX:EURJPY,165.066,165.071,165.04899999999998,165.04899999999998,325.0
2024-04-09 10:16:00,FX:EURJPY,165.04899999999998,165.054,165.03699999999998,165.03699999999998,267.0
2024-04-09 10:17:00,FX:EURJPY,165.03699999999998,165.04299999999998,165.023,165.024,201.0
2024-04-09 10:18:00,FX:EURJPY,165.024,165.024,164.98399999999998,164.986,230.0
2024-04-09 10:19:00,FX:EURJPY,164.986,165.001,164.981,165.0,364.0
2024-04-09 10:20:00,FX:EURJPY,165.0,165.0,164.957,164.962,327.0
2024-04-09 10:21:00,FX:EURJPY,164.962,164.962,164.952,164.95999999999998,270.0
2024-04-09 10:22:00,FX:EURJPY,164.95999999999998,164.986,164.95999999999998,164.97299999999998,364.0
2024-04-09 10:23:00,FX:EURJPY,164.97299999999998,164.993,164.97299999999998,164.97899999999998,330.0
2024-04-09 10:24:00,FX:EURJPY,164.97899999999998,164.98,164.933,164.93699999999998,301.0
2024-04-09 10:25:00,FX:EURJPY,164.93699999999998,164.94799999999998,164.93099999999998,164.94199999999998,188.0
2024-04-09 10:26:00,FX:EURJPY,164.94199999999998,164.94299999999998,164.91799999999998,164.92,210.0
2024-04-09 10:27:00,FX:EURJPY,164.92,164.934,164.90599999999998,164.90599999999998,408.0
2024-04-09 10:28:00,FX:EURJPY,164.90599999999998,164.917,164.89499999999998,164.911,319.0
2024-04-09 10:29:00,FX:EURJPY,164.911,164.916,164.891,164.904,435.0
2024-04-09 10:30:00,FX:EURJPY,164.904,164.90699999999998,164.84799999999998,164.85,583.0
2024-04-09 10:31:00,FX:EURJPY,164.85,164.85,164.772,164.79,516.0
2024-04-09 10:32:00,FX:EURJPY,164.79,164.816,164.778,164.815,434.0
2024-04-09 10:33:00,FX:EURJPY,164.815,164.852,164.815,164.846,521.0
2024-04-09 10:34:00,FX:EURJPY,164.846,164.85399999999998,164.80599999999998,164.814,447.0
2024-04-09 10:35:00,FX:EURJPY,164.814,164.816,164.783,164.78699999999998,327.0
2024-04-09 10:36:00,FX:EURJPY,164.78699999999998,164.79,164.719,164.724,394.0
2024-04-09 10:37:00,FX:EURJPY,164.724,164.732,164.69299999999998,164.69299999999998,474.0
2024-04-09 10:38:00,FX:EURJPY,164.69299999999998,164.69799999999998,164.664,164.673,547.0
2024-04-09 10:39:00,FX:EURJPY,164.673,164.70399999999998,164.66,164.67999999999998,547.0
2024-04-09 10:40:00,FX:EURJPY,164.67999999999998,164.70399999999998,164.67499999999998,164.688,573.0
2024-04-09 10:41:00,FX:EURJPY,164.688,164.689,164.646,164.68599999999998,761.0
2024-04-09 10:42:00,FX:EURJPY,164.68599999999998,164.691,164.636,164.64499999999998,656.0
2024-04-09 10:43:00,FX:EURJPY,164.64499999999998,164.65099999999998,164.60999999999999,164.612,471.0
2024-04-09 10:44:00,FX:EURJPY,164.612,164.613,164.58499999999998,164.6,539.0
2024-04-09 10:45:00,FX:EURJPY,164.6,164.629,164.57899999999998,164.629,551.0
2024-04-09 10:46:00,FX:EURJPY,164.629,164.63,164.57,164.57399999999998,481.0
2024-04-09 10:47:00,FX:EURJPY,164.57399999999998,164.583,164.54299999999998,164.56,425.0
2024-04-09 10:48:00,FX:EURJPY,164.56,164.571,164.552,164.559,436.0
2024-04-09 10:49:00,FX:EURJPY,164.559,164.566,164.548,164.565,371.0
2024-04-09 10:50:00,FX:EURJPY,164.565,164.629,164.546,164.629,556.0
2024-04-09 10:51:00,FX:EURJPY,164.629,164.646,164.62099999999998,164.635,487.0
2024-04-09 10:52:00,FX:EURJPY,164.635,164.63899999999998,164.601,164.612,477.0
2024-04-09 10:53:00,FX:EURJPY,164.612,164.624,164.608,164.612,326.0
2024-04-09 10:54:00,FX:EURJPY,164.612,164.642,164.60399999999998,164.62699999999998,449.0
2024-04-09 10:55:00,FX:EURJPY,164.62699999999998,164.65699999999998,164.623,164.63,425.0
2024-04-09 10:56:00,FX:EURJPY,164.63,164.678,164.629,164.677,558.0
2024-04-09 10:57:00,FX:EURJPY,164.677,164.69299999999998,164.628,164.643,475.0
2024-04-09 10:58:00,FX:EURJPY,164.643,164.654,164.637,164.64,388.0
2024-04-09 10:59:00,FX:EURJPY,164.64,164.66,164.635,164.654,493.0
2024-04-09 11:00:00,FX:EURJPY,164.654,164.68599999999998,164.647,164.68599999999998,421.0
2024-04-09 11:01:00,FX:EURJPY,164.68599999999998,164.69199999999998,164.655,164.65699999999998,475.0
2024-04-09 11:02:00,FX:EURJPY,164.65699999999998,164.697,164.65699999999998,164.676,466.0
2024-04-09 11:03:00,FX:EURJPY,164.676,164.691,164.661,164.661,421.0
2024-04-09 11:04:00,FX:EURJPY,164.661,164.664,164.647,164.649,514.0
2024-04-09 11:05:00,FX:EURJPY,164.649,164.677,164.63899999999998,164.67499999999998,401.0
2024-04-09 11:06:00,FX:EURJPY,164.67499999999998,164.715,164.666,164.703,351.0
2024-04-09 11:07:00,FX:EURJPY,164.703,164.70499999999998,164.665,164.67999999999998,510.0
2024-04-09 11:08:00,FX:EURJPY,164.67999999999998,164.67999999999998,164.659,164.67499999999998,360.0
2024-04-09 11:09:00,FX:EURJPY,164.67499999999998,164.68099999999998,164.664,164.673,459.0
2024-04-09 11:10:00,FX:EURJPY,164.673,164.68599999999998,164.66799999999998,164.68599999999998,305.0
2024-04-09 11:11:00,FX:EURJPY,164.68599999999998,164.696,164.677,164.68699999999998,269.0
2024-04-09 11:12:00,FX:EURJPY,164.68699999999998,164.695,164.653,164.655,261.0
2024-04-09 11:13:00,FX:EURJPY,164.655,164.666,164.647,164.65699999999998,337.0
2024-04-09 11:14:00,FX:EURJPY,164.65699999999998,164.661,164.643,164.649,267.0
2024-04-09 11:15:00,FX:EURJPY,164.649,164.684,164.646,164.678,410.0
2024-04-09 11:16:00,FX:EURJPY,164.678,164.689,164.676,164.68599999999998,318.0
2024-04-09 11:17:00,FX:EURJPY,164.68599999999998,164.695,164.67,164.677,427.0
2024-04-09 11:18:00,FX:EURJPY,164.677,164.68099999999998,164.659,164.67,337.0
2024-04-09 11:19:00,FX:EURJPY,164.67,164.683,164.658,164.68099999999998,329.0
2024-04-09 11:20:00,FX:EURJPY,164.68099999999998,164.684,164.649,164.653,273.0
2024-04-09 11:21:00,FX:EURJPY,164.653,164.661,164.647,164.648,280.0
2024-04-09 11:22:00,FX:EURJPY,164.648,164.67999999999998,164.647,164.67399999999998,275.0
2024-04-09 11:23:00,FX:EURJPY,164.67399999999998,164.682,164.658,164.671,245.0
2024-04-09 11:24:00,FX:EURJPY,164.671,164.67399999999998,164.64499999999998,164.65599999999998,288.0
2024-04-09 11:25:00,FX:EURJPY,164.65599999999998,164.67999999999998,164.65599999999998,164.66299999999998,328.0
2024-04-09 11:26:00,FX:EURJPY,164.66299999999998,164.67399999999998,164.637,164.672,260.0
2024-04-09 11:27:00,FX:EURJPY,164.672,164.678,164.655,164.659,356.0
2024-04-09 11:28:00,FX:EURJPY,164.659,164.66,164.63799999999998,164.646,211.0
2024-04-09 11:29:00,FX:EURJPY,164.646,164.648,164.631,164.64499999999998,221.0
2024-04-09 11:30:00,FX:EURJPY,164.64499999999998,164.659,164.63299999999998,164.658,291.0
2024-04-09 11:31:00,FX:EURJPY,164.658,164.665,164.63899999999998,164.654,274.0
2024-04-09 11:32:00,FX:EURJPY,164.654,164.65599999999998,164.629,164.631,281.0
2024-04-09 11:33:00,FX:EURJPY,164.631,164.646,164.625,164.63799999999998,343.0
2024-04-09 11:34:00,FX:EURJPY,164.63799999999998,164.654,164.628,164.629,308.0
2024-04-09 11:35:00,FX:EURJPY,164.629,164.64399999999998,164.62099999999998,164.641,384.0
2024-04-09 11:36:00,FX:EURJPY,164.641,164.653,164.635,164.64999999999998,258.0
2024-04-09 11:37:00,FX:EURJPY,164.64999999999998,164.655,164.64,164.641,283.0
2024-04-09 11:38:00,FX:EURJPY,164.641,164.65599999999998,164.63799999999998,164.63799999999998,205.0
2024-04-09 11:39:00,FX:EURJPY,164.63799999999998,164.641,164.63,164.631,176.0
2024-04-09 11:40:00,FX:EURJPY,164.631,164.646,164.629,164.64399999999998,300.0
2024-04-09 11:41:00,FX:EURJPY,164.64399999999998,164.653,164.641,164.65099999999998,213.0
2024-04-09 11:42:00,FX:EURJPY,164.65099999999998,164.66,164.65099999999998,164.65699999999998,211.0
2024-04-09 11:43:00,FX:EURJPY,164.65699999999998,164.685,164.654,164.684,281.0
2024-04-09 11:44:00,FX:EURJPY,164.684,164.7,164.684,164.688,339.0
2024-04-09 11:45:00,FX:EURJPY,164.688,164.689,164.66899999999998,164.68599999999998,317.0
2024-04-09 11:46:00,FX:EURJPY,164.68599999999998,164.691,164.679,164.683,265.0
2024-04-09 11:47:00,FX:EURJPY,164.683,164.69299999999998,164.678,164.691,187.0
2024-04-09 11:48:00,FX:EURJPY,164.691,164.694,164.679,164.688,130.0
2024-04-09 11:49:00,FX:EURJPY,164.688,164.714,164.688,164.71099999999998,193.0
2024-04-09 11:50:00,FX:EURJPY,164.71099999999998,164.71699999999998,164.706,164.715,177.0
2024-04-09 11:51:00,FX:EURJPY,164.715,164.731,164.713,164.72,275.0
2024-04-09 11:52:00,FX:EURJPY,164.72,164.721,164.71099999999998,164.72,249.0
2024-04-09 11:53:00,FX:EURJPY,164.72,164.724,164.709,164.72199999999998,235.0
2024-04-09 11:54:00,FX:EURJPY,164.72199999999998,164.725,164.703,164.70399999999998,209.0
2024-04-09 11:55:00,FX:EURJPY,164.70399999999998,164.721,164.694,164.697,219.0
2024-04-09 11:56:00,FX:EURJPY,164.697,164.72299999999998,164.69299999999998,164.718,290.0
2024-04-09 11:57:00,FX:EURJPY,164.718,164.72,164.702,164.706,273.0
2024-04-09 11:58:00,FX:EURJPY,164.706,164.712,164.695,164.697,213.0
2024-04-09 11:59:00,FX:EURJPY,164.697,164.71599999999998,164.697,164.713,225.0
2024-04-09 12:00:00,FX:EURJPY,164.713,164.72899999999998,164.708,164.71699999999998,221.0
2024-04-09 12:01:00,FX:EURJPY,164.71699999999998,164.732,164.71599999999998,164.731,220.0
2024-04-09 12:02:00,FX:EURJPY,164.731,164.744,164.731,164.738,230.0
2024-04-09 12:03:00,FX:EURJPY,164.738,164.742,164.725,164.732,269.0
2024-04-09 12:04:00,FX:EURJPY,164.732,164.738,164.72199999999998,164.726,253.0
2024-04-09 12:05:00,FX:EURJPY,164.726,164.737,164.726,164.733,300.0
2024-04-09 12:06:00,FX:EURJPY,164.733,164.739,164.72899999999998,164.738,195.0
2024-04-09 12:07:00,FX:EURJPY,164.738,164.739,164.725,164.733,165.0
2024-04-09 12:08:00,FX:EURJPY,164.733,164.759,164.732,164.753,207.0
2024-04-09 12:09:00,FX:EURJPY,164.753,164.757,164.73499999999999,164.748,299.0
2024-04-09 12:10:00,FX:EURJPY,164.748,164.749,164.71699999999998,164.726,231.0
2024-04-09 12:11:00,FX:EURJPY,164.726,164.726,164.713,164.71599999999998,294.0
2024-04-09 12:12:00,FX:EURJPY,164.71599999999998,164.72899999999998,164.715,164.725,203.0
2024-04-09 12:13:00,FX:EURJPY,164.725,164.733,164.718,164.727,117.0
2024-04-09 12:14:00,FX:EURJPY,164.727,164.732,164.71699999999998,164.731,188.0
2024-04-09 12:15:00,FX:EURJPY,164.731,164.733,164.727,164.731,107.0
2024-04-09 12:16:00,FX:EURJPY,164.731,164.744,164.73,164.744,172.0
2024-04-09 12:17:00,FX:EURJPY,164.744,164.749,164.731,164.732,224.0
2024-04-09 12:18:00,FX:EURJPY,164.732,164.73499999999999,164.714,164.72799999999998,196.0
2024-04-09 12:19:00,FX:EURJPY,164.72799999999998,164.736,164.72199999999998,164.73499999999999,187.0
2024-04-09 12:20:00,FX:EURJPY,164.73499999999999,164.739,164.72199999999998,164.726,220.0
2024-04-09 12:21:00,FX:EURJPY,164.726,164.739,164.724,164.739,195.0
2024-04-09 12:22:00,FX:EURJPY,164.739,164.743,164.73499999999999,164.73999999999998,120.0
2024-04-09 12:23:00,FX:EURJPY,164.73999999999998,164.73999999999998,164.726,164.732,115.0
2024-04-09 12:24:00,FX:EURJPY,164.732,164.736,164.72299999999998,164.726,104.0
2024-04-09 12:25:00,FX:EURJPY,164.726,164.733,164.706,164.712,239.0
2024-04-09 12:26:00,FX:EURJPY,164.712,164.726,164.70499999999998,164.72299999999998,149.0
2024-04-09 12:27:00,FX:EURJPY,164.72299999999998,164.72299999999998,164.709,164.712,140.0
2024-04-09 12:28:00,FX:EURJPY,164.712,164.718,164.706,164.70999999999998,136.0
2024-04-09 12:29:00,FX:EURJPY,164.70999999999998,164.715,164.708,164.709,104.0
2024-04-09 12:30:00,FX:EURJPY,164.709,164.718,164.70399999999998,164.70499999999998,105.0
2024-04-09 12:31:00,FX:EURJPY,164.70499999999998,164.73,164.703,164.72899999999998,133.0
2024-04-09 12:32:00,FX:EURJPY,164.72899999999998,164.744,164.724,164.733,135.0
2024-04-09 12:33:00,FX:EURJPY,164.733,164.739,164.727,164.727,120.0
2024-04-09 12:34:00,FX:EURJPY,164.727,164.72799999999998,164.71599999999998,164.724,120.0
2024-04-09 12:35:00,FX:EURJPY,164.724,164.726,164.71699999999998,164.71699999999998,120.0
2024-04-09 12:36:00,FX:EURJPY,164.71699999999998,164.72,164.713,164.713,87.0
2024-04-09 12:37:00,FX:EURJPY,164.713,164.714,164.701,164.701,82.0
2024-04-09 12:38:00,FX:EURJPY,164.701,164.71099999999998,164.701,164.71099999999998,105.0
2024-04-09 12:39:00,FX:EURJPY,164.71099999999998,164.71099999999998,164.69899999999998,164.70499999999998,152.0
2024-04-09 12:40:00,FX:EURJPY,164.70499999999998,164.706,164.69899999999998,164.7,91.0
2024-04-09 12:41:00,FX:EURJPY,164.7,164.703,164.696,164.69899999999998,102.0
2024-04-09 12:42:00,FX:EURJPY,164.69899999999998,164.702,164.691,164.694,131.0
2024-04-09 12:43:00,FX:EURJPY,164.694,164.7,164.691,164.696,90.0
2024-04-09 12:44:00,FX:EURJPY,164.696,164.697,164.688,164.688,143.0
2024-04-09 12:45:00,FX:EURJPY,164.688,164.694,164.68099999999998,164.68099999999998,121.0
2024-04-09 12:46:00,FX:EURJPY,164.68099999999998,164.683,164.67999999999998,164.682,123.0
2024-04-09 12:47:00,FX:EURJPY,164.682,164.69,164.682,164.685,118.0
2024-04-09 12:48:00,FX:EURJPY,164.685,164.69,164.683,164.688,120.0
2024-04-09 12:49:00,FX:EURJPY,164.688,164.688,164.671,164.676,110.0
2024-04-09 12:50:00,FX:EURJPY,164.676,164.682,164.672,164.677,175.0
2024-04-09 12:51:00,FX:EURJPY,164.677,164.679,164.671,164.679,130.0
2024-04-09 12:52:00,FX:EURJPY,164.679,164.679,164.661,164.66299999999998,145.0
2024-04-09 12:53:00,FX:EURJPY,164.66299999999998,164.667,164.654,164.658,202.0
2024-04-09 12:54:00,FX:EURJPY,164.658,164.658,164.637,164.63899999999998,155.0
2024-04-09 12:55:00,FX:EURJPY,164.63899999999998,164.63899999999998,164.618,164.62199999999999,172.0
2024-04-09 12:56:00,FX:EURJPY,164.62199999999999,164.631,164.618,164.619,133.0
2024-04-09 12:57:00,FX:EURJPY,164.619,164.631,164.612,164.61499999999998,317.0
2024-04-09 12:58:00,FX:EURJPY,164.61499999999998,164.631,164.60899999999998,164.62,202.0
2024-04-09 12:59:00,FX:EURJPY,164.62,164.63,164.617,164.628,234.0
2024-04-09 13:00:00,FX:EURJPY,164.628,164.635,164.618,164.63299999999998,222.0
2024-04-09 13:01:00,FX:EURJPY,164.63299999999998,164.66299999999998,164.63299999999998,164.66299999999998,223.0
2024-04-09 13:02:00,FX:EURJPY,164.66299999999998,164.67499999999998,164.649,164.653,577.0
2024-04-09 13:03:00,FX:EURJPY,164.653,164.653,164.63299999999998,164.637,281.0
2024-04-09 13:04:00,FX:EURJPY,164.637,164.643,164.632,164.641,213.0
2024-04-09 13:05:00,FX:EURJPY,164.641,164.64499999999998,164.626,164.63899999999998,230.0
2024-04-09 13:06:00,FX:EURJPY,164.63899999999998,164.664,164.637,164.65099999999998,197.0
2024-04-09 13:07:00,FX:EURJPY,164.65099999999998,164.654,164.642,164.643,227.0
2024-04-09 13:08:00,FX:EURJPY,164.643,164.65099999999998,164.64,164.649,177.0
2024-04-09 13:09:00,FX:EURJPY,164.649,164.661,164.648,164.661,129.0
2024-04-09 13:10:00,FX:EURJPY,164.661,164.66299999999998,164.646,164.649,178.0
2024-04-09 13:11:00,FX:EURJPY,164.649,164.65099999999998,164.634,164.634,150.0
2024-04-09 13:12:00,FX:EURJPY,164.634,164.643,164.63299999999998,164.637,108.0
2024-04-09 13:13:00,FX:EURJPY,164.637,164.64999999999998,164.637,164.64499999999998,143.0
2024-04-09 13:14:00,FX:EURJPY,164.64499999999998,164.646,164.63899999999998,164.63899999999998,102.0
2024-04-09 13:15:00,FX:EURJPY,164.63899999999998,164.641,164.612,164.618,182.0
2024-04-09 13:16:00,FX:EURJPY,164.618,164.62199999999999,164.60899999999998,164.611,147.0
2024-04-09 13:17:00,FX:EURJPY,164.611,164.614,164.593,164.6,223.0
2024-04-09 13:18:00,FX:EURJPY,164.6,164.62099999999998,164.6,164.619,111.0
2024-04-09 13:19:00,FX:EURJPY,164.619,164.637,164.614,164.636,170.0
2024-04-09 13:20:00,FX:EURJPY,164.636,164.63799999999998,164.62199999999999,164.624,172.0
2024-04-09 13:21:00,FX:EURJPY,164.624,164.629,164.61599999999999,164.626,120.0
2024-04-09 13:22:00,FX:EURJPY,164.626,164.637,164.61599999999999,164.626,165.0
2024-04-09 13:23:00,FX:EURJPY,164.626,164.63899999999998,164.624,164.63799999999998,108.0
2024-04-09 13:24:00,FX:EURJPY,164.63799999999998,164.642,164.62099999999998,164.62199999999999,135.0
2024-04-09 13:25:00,FX:EURJPY,164.62199999999999,164.628,164.611,164.61599999999999,155.0
2024-04-09 13:26:00,FX:EURJPY,164.61599999999999,164.624,164.611,164.61599999999999,123.0
2024-04-09 13:27:00,FX:EURJPY,164.61599999999999,164.62099999999998,164.605,164.608,138.0
2024-04-09 13:28:00,FX:EURJPY,164.608,164.608,164.59799999999998,164.607,188.0
2024-04-09 13:29:00,FX:EURJPY,164.607,164.617,164.606,164.612,232.0
2024-04-09 13:30:00,FX:EURJPY,164.612,164.61499999999998,164.607,164.607,137.0
2024-04-09 13:31:00,FX:EURJPY,164.607,164.623,164.606,164.623,219.0
2024-04-09 13:32:00,FX:EURJPY,164.623,164.626,164.614,164.61499999999998,231.0
2024-04-09 13:33:00,FX:EURJPY,164.61499999999998,164.61599999999999,164.596,164.602,194.0
2024-04-09 13:34:00,FX:EURJPY,164.602,164.619,164.601,164.613,114.0
2024-04-09 13:35:00,FX:EURJPY,164.613,164.62,164.60899999999998,164.619,161.0
2024-04-09 13:36:00,FX:EURJPY,164.619,164.62199999999999,164.61599999999999,164.62,84.0
2024-04-09 13:37:00,FX:EURJPY,164.62,164.62699999999998,164.612,164.617,176.0
2024-04-09 13:38:00,FX:EURJPY,164.617,164.629,164.617,164.624,143.0
2024-04-09 13:39:00,FX:EURJPY,164.624,164.629,164.618,164.62699999999998,99.0
2024-04-09 13:40:00,FX:EURJPY,164.62699999999998,164.63799999999998,164.626,164.636,98.0
2024-04-09 13:41:00,FX:EURJPY,164.636,164.649,164.63299999999998,164.63899999999998,154.0
2024-04-09 13:42:00,FX:EURJPY,164.63899999999998,164.64,164.62099999999998,164.626,164.0
2024-04-09 13:43:00,FX:EURJPY,164.626,164.634,164.624,164.62699999999998,163.0
2024-04-09 13:44:00,FX:EURJPY,164.62699999999998,164.628,164.619,164.62199999999999,155.0
2024-04-09 13:45:00,FX:EURJPY,164.62199999999999,164.626,164.613,164.625,189.0
2024-04-09 13:46:00,FX:EURJPY,164.625,164.625,164.61499999999998,164.62199999999999,155.0
2024-04-09 13:47:00,FX:EURJPY,164.62199999999999,164.629,164.618,164.618,128.0
2024-04-09 13:48:00,FX:EURJPY,164.618,164.62099999999998,164.61599999999999,164.618,103.0
2024-04-09 13:49:00,FX:EURJPY,164.618,164.63,164.60999999999999,164.626,101.0
2024-04-09 13:50:00,FX:EURJPY,164.626,164.635,164.62199999999999,164.634,136.0
2024-04-09 13:51:00,FX:EURJPY,164.634,164.63899999999998,164.629,164.629,141.0
2024-04-09 13:52:00,FX:EURJPY,164.629,164.631,164.619,164.62099999999998,119.0
2024-04-09 13:53:00,FX:EURJPY,164.62099999999998,164.624,164.61499999999998,164.623,112.0
2024-04-09 13:54:00,FX:EURJPY,164.623,164.628,164.62199999999999,164.623,78.0
2024-04-09 13:55:00,FX:EURJPY,164.623,164.624,164.60999999999999,164.612,111.0
2024-04-09 13:56:00,FX:EURJPY,164.612,164.62,164.606,164.617,127.0
2024-04-09 13:57:00,FX:EURJPY,164.617,164.62,164.608,164.60999999999999,126.0
2024-04-09 13:58:00,FX:EURJPY,164.60999999999999,164.611,164.601,164.601,94.0
2024-04-09 13:59:00,FX:EURJPY,164.601,164.613,164.601,164.607,142.0
2024-04-09 14:00:00,FX:EURJPY,164.607,164.60999999999999,164.596,164.60999999999999,180.0
2024-04-09 14:01:00,FX:EURJPY,164.60999999999999,164.62099999999998,164.60999999999999,164.614,114.0
2024-04-09 14:02:00,FX:EURJPY,164.614,164.614,164.60399999999998,164.606,118.0
2024-04-09 14:03:00,FX:EURJPY,164.606,164.61599999999999,164.605,164.607,161.0
2024-04-09 14:04:00,FX:EURJPY,164.607,164.618,164.606,164.61599999999999,126.0
2024-04-09 14:05:00,FX:EURJPY,164.61599999999999,164.623,164.61499999999998,164.618,98.0
2024-04-09 14:06:00,FX:EURJPY,164.618,164.632,164.617,164.632,108.0
2024-04-09 14:07:00,FX:EURJPY,164.632,164.635,164.62199999999999,164.62199999999999,83.0
2024-04-09 14:08:00,FX:EURJPY,164.62199999999999,164.628,164.619,164.628,78.0
2024-04-09 14:09:00,FX:EURJPY,164.628,164.642,164.626,164.641,151.0
2024-04-09 14:10:00,FX:EURJPY,164.641,164.654,164.641,164.648,143.0
2024-04-09 14:11:00,FX:EURJPY,164.648,164.64999999999998,164.641,164.648,124.0
2024-04-09 14:12:00,FX:EURJPY,164.648,164.664,164.648,164.66199999999998,128.0
2024-04-09 14:13:00,FX:EURJPY,164.66199999999998,164.666,164.654,164.664,107.0
2024-04-09 14:14:00,FX:EURJPY,164.664,164.66899999999998,164.66299999999998,164.66299999999998,62.0
2024-04-09 14:15:00,FX:EURJPY,164.66299999999998,164.666,164.66,164.665,81.0
2024-04-09 14:16:00,FX:EURJPY,164.665,164.666,164.65699999999998,164.664,96.0
2024-04-09 14:17:00,FX:EURJPY,164.664,164.66799999999998,164.661,164.666,77.0
2024-04-09 14:18:00,FX:EURJPY,164.666,164.683,164.666,164.682,147.0
2024-04-09 14:19:00,FX:EURJPY,164.682,164.685,164.679,164.682,132.0
2024-04-09 14:20:00,FX:EURJPY,164.682,164.688,164.67999999999998,164.67999999999998,91.0
2024-04-09 14:21:00,FX:EURJPY,164.67999999999998,164.68599999999998,164.677,164.685,91.0
2024-04-09 14:22:00,FX:EURJPY,164.685,164.69199999999998,164.68099999999998,164.688,114.0
2024-04-09 14:23:00,FX:EURJPY,164.688,164.688,164.67999999999998,164.684,82.0
2024-04-09 14:24:00,FX:EURJPY,164.684,164.684,164.667,164.667,121.0
2024-04-09 14:25:00,FX:EURJPY,164.667,164.66899999999998,164.659,164.66299999999998,109.0
2024-04-09 14:26:00,FX:EURJPY,164.66299999999998,164.666,164.658,164.66,129.0
2024-04-09 14:27:00,FX:EURJPY,164.66,164.672,164.658,164.67,103.0
2024-04-09 14:28:00,FX:EURJPY,164.67,164.67,164.66,164.66,62.0
2024-04-09 14:29:00,FX:EURJPY,164.66,164.666,164.65699999999998,164.66,100.0
2024-04-09 14:30:00,FX:EURJPY,164.66,164.66199999999998,164.652,164.659,83.0
2024-04-09 14:31:00,FX:EURJPY,164.659,164.665,164.654,164.66199999999998,93.0
2024-04-09 14:32:00,FX:EURJPY,164.66199999999998,164.671,164.66199999999998,164.667,88.0
2024-04-09 14:33:00,FX:EURJPY,164.667,164.66899999999998,164.66,164.66299999999998,77.0
2024-04-09 14:34:00,FX:EURJPY,164.66299999999998,164.667,164.66299999999998,164.664,63.0
2024-04-09 14:35:00,FX:EURJPY,164.664,164.68099999999998,164.66299999999998,164.67999999999998,106.0
2024-04-09 14:36:00,FX:EURJPY,164.67999999999998,164.685,164.679,164.68099999999998,91.0
2024-04-09 14:37:00,FX:EURJPY,164.68099999999998,164.689,164.678,164.682,145.0
2024-04-09 14:38:00,FX:EURJPY,164.682,164.683,164.676,164.67999999999998,143.0
2024-04-09 14:39:00,FX:EURJPY,164.67999999999998,164.67999999999998,164.659,164.66799999999998,167.0
2024-04-09 14:40:00,FX:EURJPY,164.66799999999998,164.672,164.66199999999998,164.665,192.0
2024-04-09 14:41:00,FX:EURJPY,164.665,164.67,164.659,164.66799999999998,159.0
2024-04-09 14:42:00,FX:EURJPY,164.66799999999998,164.676,164.666,164.67499999999998,203.0
2024-04-09 14:43:00,FX:EURJPY,164.67499999999998,164.676,164.66899999999998,164.671,84.0
2024-04-09 14:44:00,FX:EURJPY,164.671,164.672,164.66199999999998,164.664,96.0
2024-04-09 14:45:00,FX:EURJPY,164.664,164.67,164.658,164.659,141.0
2024-04-09 14:46:00,FX:EURJPY,164.659,164.664,164.65599999999998,164.66199999999998,157.0
2024-04-09 14:47:00,FX:EURJPY,164.66199999999998,164.671,164.66199999999998,164.67,198.0
2024-04-09 14:48:00,FX:EURJPY,164.67,164.67399999999998,164.66799999999998,164.67,101.0
2024-04-09 14:49:00,FX:EURJPY,164.67,164.671,164.654,164.65599999999998,80.0
2024-04-09 14:50:00,FX:EURJPY,164.65599999999998,164.66199999999998,164.653,164.66199999999998,52.0
2024-04-09 14:51:00,FX:EURJPY,164.66199999999998,164.666,164.65699999999998,164.666,101.0
2024-04-09 14:52:00,FX:EURJPY,164.666,164.672,164.66299999999998,164.666,105.0
2024-04-09 14:53:00,FX:EURJPY,164.666,164.677,164.666,164.676,99.0
2024-04-09 14:54:00,FX:EURJPY,164.676,164.685,164.676,164.685,83.0
2024-04-09 14:55:00,FX:EURJPY,164.685,164.68699999999998,164.67999999999998,164.684,95.0
2024-04-09 14:56:00,FX:EURJPY,164.684,164.69899999999998,164.684,164.697,144.0
2024-04-09 14:57:00,FX:EURJPY,164.697,164.69899999999998,164.68099999999998,164.683,146.0
2024-04-09 14:58:00,FX:EURJPY,164.683,164.69299999999998,164.682,164.69,106.0
2024-04-09 14:59:00,FX:EURJPY,164.69,164.696,164.677,164.682,243.0
2024-04-09 15:00:00,FX:EURJPY,164.682,164.682,164.66799999999998,164.66899999999998,119.0
2024-04-09 15:01:00,FX:EURJPY,164.66899999999998,164.676,164.66799999999998,164.67,114.0
2024-04-09 15:02:00,FX:EURJPY,164.67,164.679,164.66799999999998,164.66799999999998,138.0
2024-04-09 15:03:00,FX:EURJPY,164.66799999999998,164.683,164.66799999999998,164.682,69.0
2024-04-09 15:04:00,FX:EURJPY,164.682,164.682,164.66799999999998,164.66799999999998,95.0
2024-04-09 15:05:00,FX:EURJPY,164.66799999999998,164.676,164.66799999999998,164.673,134.0
2024-04-09 15:06:00,FX:EURJPY,164.673,164.67999999999998,164.666,164.666,129.0
2024-04-09 15:07:00,FX:EURJPY,164.666,164.66899999999998,164.655,164.65599999999998,89.0
2024-04-09 15:08:00,FX:EURJPY,164.65599999999998,164.65599999999998,164.63299999999998,164.641,208.0
2024-04-09 15:09:00,FX:EURJPY,164.641,164.64399999999998,164.62699999999998,164.63899999999998,266.0
2024-04-09 15:10:00,FX:EURJPY,164.63899999999998,164.647,164.631,164.635,131.0
2024-04-09 15:11:00,FX:EURJPY,164.635,164.637,164.631,164.637,133.0
2024-04-09 15:12:00,FX:EURJPY,164.637,164.646,164.635,164.636,127.0
2024-04-09 15:13:00,FX:EURJPY,164.636,164.64399999999998,164.63,164.642,174.0
2024-04-09 15:14:00,FX:EURJPY,164.642,164.65599999999998,164.641,164.655,174.0
2024-04-09 15:15:00,FX:EURJPY,164.655,164.672,164.655,164.672,153.0
2024-04-09 15:16:00,FX:EURJPY,164.672,164.67399999999998,164.66899999999998,164.67,197.0
2024-04-09 15:17:00,FX:EURJPY,164.67,164.68599999999998,164.667,164.68099999999998,285.0
2024-04-09 15:18:00,FX:EURJPY,164.68099999999998,164.69,164.678,164.683,290.0
2024-04-09 15:19:00,FX:EURJPY,164.683,164.684,164.676,164.68099999999998,164.0
2024-04-09 15:20:00,FX:EURJPY,164.68099999999998,164.68099999999998,164.665,164.67399999999998,153.0
2024-04-09 15:21:00,FX:EURJPY,164.67399999999998,164.68099999999998,164.671,164.679,101.0
2024-04-09 15:22:00,FX:EURJPY,164.679,164.69799999999998,164.679,164.68699999999998,229.0
2024-04-09 15:23:00,FX:EURJPY,164.68699999999998,164.69299999999998,164.683,164.69,182.0
2024-04-09 15:24:00,FX:EURJPY,164.69,164.69799999999998,164.68099999999998,164.696,175.0
2024-04-09 15:25:00,FX:EURJPY,164.696,164.72,164.69199999999998,164.71099999999998,199.0
2024-04-09 15:26:00,FX:EURJPY,164.71099999999998,164.718,164.709,164.714,165.0
2024-04-09 15:27:00,FX:EURJPY,164.714,164.71699999999998,164.703,164.713,127.0
2024-04-09 15:28:00,FX:EURJPY,164.713,164.726,164.71099999999998,164.726,192.0
2024-04-09 15:29:00,FX:EURJPY,164.726,164.73999999999998,164.726,164.738,186.0
2024-04-09 15:30:00,FX:EURJPY,164.738,164.751,164.736,164.74699999999999,247.0
2024-04-09 15:31:00,FX:EURJPY,164.74699999999999,164.765,164.74699999999999,164.753,227.0
2024-04-09 15:32:00,FX:EURJPY,164.753,164.75799999999998,164.742,164.745,250.0
2024-04-09 15:33:00,FX:EURJPY,164.745,164.755,164.74099999999999,164.75199999999998,154.0
2024-04-09 15:34:00,FX:EURJPY,164.75199999999998,164.75199999999998,164.737,164.739,209.0
2024-04-09 15:35:00,FX:EURJPY,164.739,164.748,164.737,164.748,102.0
2024-04-09 15:36:00,FX:EURJPY,164.748,164.748,164.732,164.73399999999998,203.0
2024-04-09 15:37:00,FX:EURJPY,164.73399999999998,164.739,164.73,164.73,136.0
2024-04-09 15:38:00,FX:EURJPY,164.73,164.73999999999998,164.73,164.738,108.0
2024-04-09 15:39:00,FX:EURJPY,164.738,164.73999999999998,164.721,164.72299999999998,185.0
2024-04-09 15:40:00,FX:EURJPY,164.72299999999998,164.72799999999998,164.71699999999998,164.719,161.0
2024-04-09 15:41:00,FX:EURJPY,164.719,164.726,164.713,164.714,103.0
2024-04-09 15:42:00,FX:EURJPY,164.714,164.732,164.714,164.731,141.0
2024-04-09 15:43:00,FX:EURJPY,164.731,164.737,164.727,164.733,128.0
2024-04-09 15:44:00,FX:EURJPY,164.733,164.738,164.72799999999998,164.733,150.0
2024-04-09 15:45:00,FX:EURJPY,164.733,164.738,164.721,164.72199999999998,230.0
2024-04-09 15:46:00,FX:EURJPY,164.72199999999998,164.733,164.72199999999998,164.72799999999998,185.0
2024-04-09 15:47:00,FX:EURJPY,164.72799999999998,164.731,164.72299999999998,164.731,164.0
2024-04-09 15:48:00,FX:EURJPY,164.731,164.74099999999999,164.73,164.739,174.0
2024-04-09 15:49:00,FX:EURJPY,164.739,164.74099999999999,164.733,164.74099999999999,157.0
2024-04-09 15:50:00,FX:EURJPY,164.74099999999999,164.742,164.733,164.73499999999999,290.0
2024-04-09 15:51:00,FX:EURJPY,164.73499999999999,164.737,164.733,164.736,156.0
2024-04-09 15:52:00,FX:EURJPY,164.736,164.74699999999999,164.736,164.74599999999998,172.0
2024-04-09 15:53:00,FX:EURJPY,164.74599999999998,164.74699999999999,164.73,164.732,187.0
2024-04-09 15:54:00,FX:EURJPY,164.732,164.743,164.732,164.74099999999999,115.0
2024-04-09 15:55:00,FX:EURJPY,164.74099999999999,164.754,164.74099999999999,164.751,175.0
2024-04-09 15:56:00,FX:EURJPY,164.751,164.756,164.742,164.744,167.0
2024-04-09 15:57:00,FX:EURJPY,164.744,164.74599999999998,164.725,164.726,209.0
2024-04-09 15:58:00,FX:EURJPY,164.726,164.739,164.724,164.727,254.0
2024-04-09 15:59:00,FX:EURJPY,164.727,164.74099999999999,164.724,164.73399999999998,224.0
2024-04-09 16:00:00,FX:EURJPY,164.73399999999998,164.757,164.733,164.74099999999999,194.0
2024-04-09 16:01:00,FX:EURJPY,164.74099999999999,164.756,164.73399999999998,164.737,142.0
2024-04-09 16:02:00,FX:EURJPY,164.737,164.761,164.733,164.75799999999998,151.0
2024-04-09 16:03:00,FX:EURJPY,164.75799999999998,164.78,164.754,164.77599999999998,105.0
2024-04-09 16:04:00,FX:EURJPY,164.77599999999998,164.778,164.76399999999998,164.768,90.0
2024-04-09 16:05:00,FX:EURJPY,164.768,164.772,164.762,164.772,51.0
2024-04-09 16:06:00,FX:EURJPY,164.772,164.772,164.757,164.75799999999998,63.0
2024-04-09 16:07:00,FX:EURJPY,164.75799999999998,164.759,164.753,164.753,58.0
2024-04-09 16:08:00,FX:EURJPY,164.753,164.753,164.745,164.751,71.0
2024-04-09 16:09:00,FX:EURJPY,164.751,164.759,164.749,164.753,75.0
2024-04-09 16:10:00,FX:EURJPY,164.753,164.762,164.75199999999998,164.761,57.0
2024-04-09 16:11:00,FX:EURJPY,164.761,164.76899999999998,164.76,164.766,81.0
2024-04-09 16:12:00,FX:EURJPY,164.766,164.76899999999998,164.759,164.76399999999998,47.0
2024-04-09 16:13:00,FX:EURJPY,164.76399999999998,164.774,164.76399999999998,164.772,29.0
2024-04-09 16:14:00,FX:EURJPY,164.772,164.774,164.772,164.772,19.0
2024-04-09 16:15:00,FX:EURJPY,164.772,164.774,164.771,164.772,23.0
2024-04-09 16:16:00,FX:EURJPY,164.772,164.772,164.767,164.768,44.0
2024-04-09 16:17:00,FX:EURJPY,164.768,164.771,164.768,164.771,19.0
2024-04-09 16:18:00,FX:EURJPY,164.771,164.773,164.771,164.773,11.0
2024-04-09 16:19:00,FX:EURJPY,164.773,164.773,164.772,164.772,6.0
2024-04-09 16:20:00,FX:EURJPY,164.772,164.779,164.772,164.77499999999998,69.0
2024-04-09 16:21:00,FX:EURJPY,164.77499999999998,164.78699999999998,164.771,164.785,111.0
2024-04-09 16:22:00,FX:EURJPY,164.785,164.786,164.773,164.77599999999998,82.0
2024-04-09 16:23:00,FX:EURJPY,164.77599999999998,164.777,164.771,164.772,41.0
2024-04-09 16:24:00,FX:EURJPY,164.772,164.77599999999998,164.772,164.77599999999998,25.0
2024-04-09 16:25:00,FX:EURJPY,164.77599999999998,164.78,164.77599999999998,164.77599999999998,37.0
2024-04-09 16:26:00,FX:EURJPY,164.77599999999998,164.777,164.76899999999998,164.76899999999998,37.0
2024-04-09 16:27:00,FX:EURJPY,164.76899999999998,164.778,164.76899999999998,164.777,53.0
2024-04-09 16:28:00,FX:EURJPY,164.777,164.78699999999998,164.777,164.783,50.0
2024-04-09 16:29:00,FX:EURJPY,164.783,164.785,164.767,164.76899999999998,117.0
2024-04-09 16:30:00,FX:EURJPY,164.76899999999998,164.777,164.765,164.773,79.0
2024-04-09 16:31:00,FX:EURJPY,164.773,164.773,164.762,164.76299999999998,69.0
2024-04-09 16:32:00,FX:EURJPY,164.76299999999998,164.767,164.762,164.76299999999998,33.0
2024-04-09 16:33:00,FX:EURJPY,164.76299999999998,164.76899999999998,164.759,164.76,34.0
2024-04-09 16:34:00,FX:EURJPY,164.76,164.76399999999998,164.756,164.76299999999998,67.0
2024-04-09 16:35:00,FX:EURJPY,164.76299999999998,164.768,164.76299999999998,164.767,36.0
2024-04-09 16:36:00,FX:EURJPY,164.767,164.771,164.76299999999998,164.768,53.0
2024-04-09 16:37:00,FX:EURJPY,164.768,164.771,164.767,164.768,91.0
2024-04-09 16:38:00,FX:EURJPY,164.768,164.772,164.765,164.768,49.0
2024-04-09 16:39:00,FX:EURJPY,164.768,164.76899999999998,164.76,164.76,64.0
2024-04-09 16:40:00,FX:EURJPY,164.76,164.76899999999998,164.76,164.76,61.0
2024-04-09 16:41:00,FX:EURJPY,164.76,164.76299999999998,164.759,164.76299999999998,33.0
2024-04-09 16:42:00,FX:EURJPY,164.76299999999998,164.76399999999998,164.755,164.75799999999998,68.0
2024-04-09 16:43:00,FX:EURJPY,164.75799999999998,164.766,164.757,164.766,54.0
2024-04-09 16:44:00,FX:EURJPY,164.766,164.766,164.76399999999998,164.765,45.0
2024-04-09 16:45:00,FX:EURJPY,164.765,164.773,164.761,164.773,60.0
2024-04-09 16:46:00,FX:EURJPY,164.773,164.773,164.766,164.768,65.0
2024-04-09 16:47:00,FX:EURJPY,164.768,164.77599999999998,164.765,164.77599999999998,80.0
2024-04-09 16:48:00,FX:EURJPY,164.77599999999998,164.78,164.774,164.777,44.0
2024-04-09 16:49:00,FX:EURJPY,164.777,164.778,164.76999999999998,164.777,94.0
2024-04-09 16:50:00,FX:EURJPY,164.777,164.777,164.765,164.76899999999998,97.0
2024-04-09 16:51:00,FX:EURJPY,164.76899999999998,164.772,164.766,164.767,57.0
2024-04-09 16:52:00,FX:EURJPY,164.767,164.771,164.762,164.76999999999998,74.0
2024-04-09 16:53:00,FX:EURJPY,164.76999999999998,164.771,164.76299999999998,164.76999999999998,49.0
2024-04-09 16:54:00,FX:EURJPY,164.76999999999998,164.779,164.76899999999998,164.773,78.0
2024-04-09 16:55:00,FX:EURJPY,164.773,164.774,164.76299999999998,164.771,96.0
2024-04-09 16:56:00,FX:EURJPY,164.771,164.779,164.76899999999998,164.774,71.0
2024-04-09 16:57:00,FX:EURJPY,164.774,164.783,164.773,164.777,100.0
2024-04-09 16:58:00,FX:EURJPY,164.777,164.785,164.77499999999998,164.78,61.0
2024-04-09 16:59:00,FX:EURJPY,164.78,164.79999999999998,164.673,164.678,65.0
2024-04-09 17:04:00,FX:EURJPY,164.678,164.72199999999998,164.678,164.70999999999998,3.0
2024-04-09 17:05:00,FX:EURJPY,164.70999999999998,164.74599999999998,164.70999999999998,164.726,74.0
2024-04-09 17:06:00,FX:EURJPY,164.726,164.739,164.712,164.739,20.0
2024-04-09 17:07:00,FX:EURJPY,164.739,164.742,164.739,164.74099999999999,5.0
2024-04-09 17:08:00,FX:EURJPY,164.74099999999999,164.74099999999999,164.71599999999998,164.732,237.0
2024-04-09 17:09:00,FX:EURJPY,164.732,164.74099999999999,164.719,164.725,266.0
2024-04-09 17:10:00,FX:EURJPY,164.725,164.75,164.66799999999998,164.72,237.0
2024-04-09 17:11:00,FX:EURJPY,164.72,164.738,164.71599999999998,164.73399999999998,75.0
2024-04-09 17:12:00,FX:EURJPY,164.73399999999998,164.742,164.73,164.739,70.0
2024-04-09 17:13:00,FX:EURJPY,164.739,164.74599999999998,164.71699999999998,164.739,169.0
2024-04-09 17:14:00,FX:EURJPY,164.739,164.74699999999999,164.73399999999998,164.73499999999999,190.0
2024-04-09 17:15:00,FX:EURJPY,164.73499999999999,164.759,164.725,164.74699999999999,66.0
2024-04-09 17:16:00,FX:EURJPY,164.74699999999999,164.74699999999999,164.724,164.731,212.0
2024-04-09 17:17:00,FX:EURJPY,164.731,164.737,164.718,164.72,296.0
2024-04-09 17:18:00,FX:EURJPY,164.72,164.73,164.71699999999998,164.72899999999998,208.0
2024-04-09 17:19:00,FX:EURJPY,164.72899999999998,164.75199999999998,164.713,164.72799999999998,321.0
2024-04-09 17:20:00,FX:EURJPY,164.72799999999998,164.731,164.689,164.72,415.0
2024-04-09 17:21:00,FX:EURJPY,164.72,164.743,164.718,164.718,310.0
2024-04-09 17:22:00,FX:EURJPY,164.718,164.727,164.684,164.727,425.0
2024-04-09 17:23:00,FX:EURJPY,164.727,164.72799999999998,164.708,164.712,322.0
2024-04-09 17:24:00,FX:EURJPY,164.712,164.756,164.683,164.74099999999999,369.0
2024-04-09 17:25:00,FX:EURJPY,164.74099999999999,164.74599999999998,164.714,164.731,138.0
2024-04-09 17:26:00,FX:EURJPY,164.731,164.75199999999998,164.718,164.726,350.0
2024-04-09 17:27:00,FX:EURJPY,164.726,164.748,164.724,164.737,305.0
2024-04-09 17:28:00,FX:EURJPY,164.737,164.74599999999998,164.71099999999998,164.74599999999998,104.0
2024-04-09 17:29:00,FX:EURJPY,164.74599999999998,164.75199999999998,164.733,164.73999999999998,136.0
2024-04-09 17:30:00,FX:EURJPY,164.73999999999998,164.75199999999998,164.732,164.744,194.0
2024-04-09 17:31:00,FX:EURJPY,164.744,164.748,164.72799999999998,164.73,110.0
2024-04-09 17:32:00,FX:EURJPY,164.73,164.756,164.73,164.74099999999999,414.0
2024-04-09 17:33:00,FX:EURJPY,164.74099999999999,164.762,164.739,164.75,165.0
2024-04-09 17:34:00,FX:EURJPY,164.75,164.76299999999998,164.74599999999998,164.75199999999998,328.0
2024-04-09 17:35:00,FX:EURJPY,164.75199999999998,164.757,164.748,164.754,341.0
2024-04-09 17:36:00,FX:EURJPY,164.754,164.761,164.745,164.757,536.0
2024-04-09 17:37:00,FX:EURJPY,164.757,164.765,164.73999999999998,164.748,483.0
2024-04-09 17:38:00,FX:EURJPY,164.748,164.751,164.71699999999998,164.72899999999998,437.0
2024-04-09 17:39:00,FX:EURJPY,164.72899999999998,164.742,164.725,164.733,326.0
2024-04-09 17:40:00,FX:EURJPY,164.733,164.742,164.72899999999998,164.731,186.0
2024-04-09 17:41:00,FX:EURJPY,164.731,164.737,164.71699999999998,164.719,135.0
2024-04-09 17:42:00,FX:EURJPY,164.719,164.73499999999999,164.719,164.733,147.0
2024-04-09 17:43:00,FX:EURJPY,164.733,164.73999999999998,164.72,164.731,133.0
2024-04-09 17:44:00,FX:EURJPY,164.731,164.737,164.67,164.73,234.0
2024-04-09 17:45:00,FX:EURJPY,164.73,164.745,164.72,164.73499999999999,518.0
2024-04-09 17:46:00,FX:EURJPY,164.73499999999999,164.74599999999998,164.731,164.739,200.0
2024-04-09 17:47:00,FX:EURJPY,164.739,164.751,164.736,164.736,129.0
2024-04-09 17:48:00,FX:EURJPY,164.736,164.739,164.727,164.72899999999998,73.0
2024-04-09 17:49:00,FX:EURJPY,164.72899999999998,164.74699999999999,164.727,164.73999999999998,71.0
2024-04-09 17:50:00,FX:EURJPY,164.73999999999998,164.753,164.73999999999998,164.75,43.0
2024-04-09 17:51:00,FX:EURJPY,164.75,164.753,164.74099999999999,164.74099999999999,112.0
2024-04-09 17:52:00,FX:EURJPY,164.74099999999999,164.74599999999998,164.732,164.744,464.0
2024-04-09 17:53:00,FX:EURJPY,164.744,164.748,164.744,164.748,22.0
2024-04-09 17:54:00,FX:EURJPY,164.748,164.789,164.748,164.789,225.0
2024-04-09 17:55:00,FX:EURJPY,164.789,164.792,164.774,164.783,78.0
2024-04-09 17:56:00,FX:EURJPY,164.783,164.78799999999998,164.783,164.783,32.0
2024-04-09 17:57:00,FX:EURJPY,164.783,164.783,164.78199999999998,164.78199999999998,14.0
2024-04-09 17:58:00,FX:EURJPY,164.78199999999998,164.783,164.768,164.768,60.0
2024-04-09 17:59:00,FX:EURJPY,164.768,164.774,164.765,164.765,98.0
2024-04-09 18:00:00,FX:EURJPY,164.765,164.79,164.753,164.779,179.0
2024-04-09 18:01:00,FX:EURJPY,164.779,164.79999999999998,164.773,164.789,84.0
2024-04-09 18:02:00,FX:EURJPY,164.789,164.79999999999998,164.789,164.792,18.0
2024-04-09 18:03:00,FX:EURJPY,164.792,164.804,164.79,164.79899999999998,38.0
2024-04-09 18:04:00,FX:EURJPY,164.79899999999998,164.802,164.76899999999998,164.76999999999998,33.0
2024-04-09 18:05:00,FX:EURJPY,164.76999999999998,164.778,164.748,164.75199999999998,110.0
2024-04-09 18:06:00,FX:EURJPY,164.75199999999998,164.76,164.748,164.755,54.0
2024-04-09 18:07:00,FX:EURJPY,164.755,164.757,164.755,164.756,54.0
2024-04-09 18:08:00,FX:EURJPY,164.756,164.75799999999998,164.755,164.755,15.0
2024-04-09 18:09:00,FX:EURJPY,164.755,164.757,164.755,164.756,7.0
2024-04-09 18:10:00,FX:EURJPY,164.756,164.757,164.755,164.757,9.0
2024-04-09 18:11:00,FX:EURJPY,164.757,164.76399999999998,164.757,164.76299999999998,18.0
2024-04-09 18:12:00,FX:EURJPY,164.76299999999998,164.784,164.754,164.767,92.0
2024-04-09 18:13:00,FX:EURJPY,164.767,164.774,164.765,164.76999999999998,47.0
2024-04-09 18:14:00,FX:EURJPY,164.76999999999998,164.77599999999998,164.766,164.767,45.0
2024-04-09 18:15:00,FX:EURJPY,164.767,164.77499999999998,164.765,164.77499999999998,18.0
2024-04-09 18:16:00,FX:EURJPY,164.77499999999998,164.78799999999998,164.771,164.78099999999998,60.0
2024-04-09 18:17:00,FX:EURJPY,164.78099999999998,164.784,164.779,164.784,28.0
2024-04-09 18:18:00,FX:EURJPY,164.784,164.785,164.779,164.784,28.0
2024-04-09 18:19:00,FX:EURJPY,164.784,164.784,164.78,164.78099999999998,22.0
2024-04-09 18:20:00,FX:EURJPY,164.78099999999998,164.785,164.77599999999998,164.78099999999998,63.0
2024-04-09 18:21:00,FX:EURJPY,164.78099999999998,164.79399999999998,164.78099999999998,164.79399999999998,62.0
2024-04-09 18:22:00,FX:EURJPY,164.79399999999998,164.795,164.783,164.785,79.0
2024-04-09 18:23:00,FX:EURJPY,164.785,164.78699999999998,164.784,164.784,35.0
2024-04-09 18:24:00,FX:EURJPY,164.784,164.785,164.78199999999998,164.784,25.0
2024-04-09 18:25:00,FX:EURJPY,164.784,164.785,164.783,164.785,31.0
2024-04-09 18:26:00,FX:EURJPY,164.785,164.796,164.785,164.79399999999998,47.0
2024-04-09 18:27:00,FX:EURJPY,164.79399999999998,164.79399999999998,164.785,164.786,32.0
2024-04-09 18:28:00,FX:EURJPY,164.786,164.78799999999998,164.78,164.785,43.0
2024-04-09 18:29:00,FX:EURJPY,164.785,164.78699999999998,164.785,164.785,24.0
2024-04-09 18:30:00,FX:EURJPY,164.785,164.78799999999998,164.784,164.785,41.0
2024-04-09 18:31:00,FX:EURJPY,164.785,164.786,164.772,164.785,82.0
2024-04-09 18:32:00,FX:EURJPY,164.785,164.786,164.785,164.785,21.0
2024-04-09 18:33:00,FX:EURJPY,164.785,164.786,164.773,164.774,46.0
2024-04-09 18:34:00,FX:EURJPY,164.774,164.77599999999998,164.773,164.77599999999998,41.0
2024-04-09 18:35:00,FX:EURJPY,164.77599999999998,164.784,164.77499999999998,164.783,57.0
2024-04-09 18:36:00,FX:EURJPY,164.783,164.78799999999998,164.783,164.784,51.0
2024-04-09 18:37:00,FX:EURJPY,164.784,164.785,164.78099999999998,164.78099999999998,53.0
2024-04-09 18:38:00,FX:EURJPY,164.78099999999998,164.784,164.77499999999998,164.77599999999998,54.0
2024-04-09 18:39:00,FX:EURJPY,164.77599999999998,164.79399999999998,164.77599999999998,164.79399999999998,49.0
2024-04-09 18:40:00,FX:EURJPY,164.79399999999998,164.79399999999998,164.784,164.784,61.0
2024-04-09 18:41:00,FX:EURJPY,164.784,164.784,164.78099999999998,164.783,26.0
2024-04-09 18:42:00,FX:EURJPY,164.783,164.783,164.773,164.777,18.0
2024-04-09 18:43:00,FX:EURJPY,164.777,164.78,164.773,164.78,59.0
2024-04-09 18:44:00,FX:EURJPY,164.78,164.78,164.777,164.779,23.0
2024-04-09 18:45:00,FX:EURJPY,164.779,164.779,164.774,164.77499999999998,28.0
2024-04-09 18:46:00,FX:EURJPY,164.77499999999998,164.78,164.773,164.78,46.0
2024-04-09 18:47:00,FX:EURJPY,164.78,164.78,164.76999999999998,164.771,20.0
2024-04-09 18:48:00,FX:EURJPY,164.771,164.78,164.766,164.78,60.0
2024-04-09 18:49:00,FX:EURJPY,164.78,164.78099999999998,164.774,164.778,78.0
2024-04-09 18:50:00,FX:EURJPY,164.778,164.786,164.767,164.772,75.0
2024-04-09 18:51:00,FX:EURJPY,164.772,164.77599999999998,164.771,164.772,31.0
2024-04-09 18:52:00,FX:EURJPY,164.772,164.77599999999998,164.76899999999998,164.773,51.0
2024-04-09 18:53:00,FX:EURJPY,164.773,164.777,164.768,164.771,50.0
2024-04-09 18:54:00,FX:EURJPY,164.771,164.774,164.76999999999998,164.774,44.0
2024-04-09 18:55:00,FX:EURJPY,164.774,164.779,164.772,164.77499999999998,40.0
2024-04-09 18:56:00,FX:EURJPY,164.77499999999998,164.78,164.77499999999998,164.78,30.0
2024-04-09 18:57:00,FX:EURJPY,164.78,164.78199999999998,164.78,164.78,25.0
2024-04-09 18:58:00,FX:EURJPY,164.78,164.78099999999998,164.78,164.78,23.0
2024-04-09 18:59:00,FX:EURJPY,164.78,164.78199999999998,164.78,164.78099999999998,17.0
2024-04-09 19:00:00,FX:EURJPY,164.78099999999998,164.79,164.78099999999998,164.789,68.0
2024-04-09 19:01:00,FX:EURJPY,164.789,164.79,164.78099999999998,164.784,59.0
2024-04-09 19:02:00,FX:EURJPY,164.784,164.789,164.778,164.78,95.0
2024-04-09 19:03:00,FX:EURJPY,164.78,164.783,164.779,164.78099999999998,53.0
2024-04-09 19:04:00,FX:EURJPY,164.78099999999998,164.78199999999998,164.78099999999998,164.78199999999998,22.0
2024-04-09 19:05:00,FX:EURJPY,164.78199999999998,164.785,164.779,164.785,45.0
2024-04-09 19:06:00,FX:EURJPY,164.785,164.785,164.774,164.778,43.0
2024-04-09 19:07:00,FX:EURJPY,164.778,164.78199999999998,164.777,164.78,32.0
2024-04-09 19:08:00,FX:EURJPY,164.78,164.78,164.777,164.779,30.0
2024-04-09 19:09:00,FX:EURJPY,164.779,164.78699999999998,164.779,164.785,31.0
2024-04-09 19:10:00,FX:EURJPY,164.785,164.785,164.784,164.784,36.0
2024-04-09 19:11:00,FX:EURJPY,164.784,164.784,164.76899999999998,164.78199999999998,65.0
2024-04-09 19:12:00,FX:EURJPY,164.78199999999998,164.78799999999998,164.772,164.783,63.0
2024-04-09 19:13:00,FX:EURJPY,164.783,164.78699999999998,164.783,164.785,17.0
2024-04-09 19:14:00,FX:EURJPY,164.785,164.785,164.78099999999998,164.78199999999998,22.0
2024-04-09 19:15:00,FX:EURJPY,164.78199999999998,164.786,164.779,164.784,72.0
2024-04-09 19:16:00,FX:EURJPY,164.784,164.791,164.78,164.791,47.0
2024-04-09 19:17:00,FX:EURJPY,164.791,164.792,164.78699999999998,164.791,44.0
2024-04-09 19:18:00,FX:EURJPY,164.791,164.79299999999998,164.786,164.792,54.0
2024-04-09 19:19:00,FX:EURJPY,164.792,164.792,164.78699999999998,164.791,19.0
2024-04-09 19:20:00,FX:EURJPY,164.791,164.79399999999998,164.78699999999998,164.79299999999998,37.0
2024-04-09 19:21:00,FX:EURJPY,164.79299999999998,164.79299999999998,164.79,164.792,20.0
2024-04-09 19:22:00,FX:EURJPY,164.792,164.803,164.791,164.801,40.0
2024-04-09 19:23:00,FX:EURJPY,164.801,164.814,164.79899999999998,164.814,55.0
2024-04-09 19:24:00,FX:EURJPY,164.814,164.814,164.81,164.81099999999998,47.0
2024-04-09 19:25:00,FX:EURJPY,164.81099999999998,164.81199999999998,164.79999999999998,164.80599999999998,55.0
2024-04-09 19:26:00,FX:EURJPY,164.80599999999998,164.81,164.79899999999998,164.81,41.0
2024-04-09 19:27:00,FX:EURJPY,164.81,164.81,164.801,164.801,70.0
2024-04-09 19:28:00,FX:EURJPY,164.801,164.80599999999998,164.801,164.80599999999998,48.0
2024-04-09 19:29:00,FX:EURJPY,164.80599999999998,164.82,164.80599999999998,164.81799999999998,83.0
2024-04-09 19:30:00,FX:EURJPY,164.81799999999998,164.819,164.808,164.808,172.0
2024-04-09 19:31:00,FX:EURJPY,164.808,164.809,164.803,164.80499999999998,72.0
2024-04-09 19:32:00,FX:EURJPY,164.80499999999998,164.809,164.79999999999998,164.79999999999998,52.0
2024-04-09 19:33:00,FX:EURJPY,164.79999999999998,164.807,164.79999999999998,164.801,68.0
2024-04-09 19:34:00,FX:EURJPY,164.801,164.808,164.801,164.807,73.0
2024-04-09 19:35:00,FX:EURJPY,164.807,164.813,164.802,164.81099999999998,66.0
2024-04-09 19:36:00,FX:EURJPY,164.81099999999998,164.82,164.809,164.81099999999998,57.0
2024-04-09 19:37:00,FX:EURJPY,164.81099999999998,164.814,164.809,164.81199999999998,48.0
2024-04-09 19:38:00,FX:EURJPY,164.81199999999998,164.814,164.81199999999998,164.81199999999998,28.0
2024-04-09 19:39:00,FX:EURJPY,164.81199999999998,164.81199999999998,164.804,164.804,53.0
2024-04-09 19:40:00,FX:EURJPY,164.804,164.807,164.803,164.807,31.0
2024-04-09 19:41:00,FX:EURJPY,164.807,164.814,164.80499999999998,164.81199999999998,47.0
2024-04-09 19:42:00,FX:EURJPY,164.81199999999998,164.813,164.81,164.81,36.0
2024-04-09 19:43:00,FX:EURJPY,164.81,164.813,164.803,164.803,46.0
2024-04-09 19:44:00,FX:EURJPY,164.803,164.804,164.795,164.798,102.0
2024-04-09 19:45:00,FX:EURJPY,164.798,164.79999999999998,164.791,164.795,158.0
2024-04-09 19:46:00,FX:EURJPY,164.795,164.796,164.779,164.779,97.0
2024-04-09 19:47:00,FX:EURJPY,164.779,164.783,164.77599999999998,164.783,74.0
2024-04-09 19:48:00,FX:EURJPY,164.783,164.795,164.78199999999998,164.786,139.0
2024-04-09 19:49:00,FX:EURJPY,164.786,164.802,164.784,164.789,89.0
2024-04-09 19:50:00,FX:EURJPY,164.789,164.80499999999998,164.78699999999998,164.804,74.0
2024-04-09 19:51:00,FX:EURJPY,164.804,164.808,164.801,164.802,41.0
2024-04-09 19:52:00,FX:EURJPY,164.802,164.80499999999998,164.796,164.79899999999998,53.0
2024-04-09 19:53:00,FX:EURJPY,164.79899999999998,164.80599999999998,164.797,164.80599999999998,61.0
2024-04-09 19:54:00,FX:EURJPY,164.80599999999998,164.808,164.797,164.79999999999998,79.0
2024-04-09 19:55:00,FX:EURJPY,164.79999999999998,164.801,164.795,164.797,53.0
2024-04-09 19:56:00,FX:EURJPY,164.797,164.80499999999998,164.797,164.804,83.0
2024-04-09 19:57:00,FX:EURJPY,164.804,164.81199999999998,164.803,164.808,65.0
2024-04-09 19:58:00,FX:EURJPY,164.808,164.814,164.803,164.814,93.0
2024-04-09 19:59:00,FX:EURJPY,164.814,164.821,164.81099999999998,164.813,82.0
2024-04-09 20:00:00,FX:EURJPY,164.813,164.81699999999998,164.777,164.791,177.0
2024-04-09 20:01:00,FX:EURJPY,164.791,164.792,164.777,164.779,202.0
2024-04-09 20:02:00,FX:EURJPY,164.779,164.79,164.772,164.786,144.0
2024-04-09 20:03:00,FX:EURJPY,164.786,164.79399999999998,164.783,164.785,103.0
2024-04-09 20:04:00,FX:EURJPY,164.785,164.792,164.76999999999998,164.77499999999998,140.0
2024-04-09 20:05:00,FX:EURJPY,164.77499999999998,164.78099999999998,164.757,164.757,198.0
2024-04-09 20:06:00,FX:EURJPY,164.757,164.759,164.739,164.74099999999999,201.0
2024-04-09 20:07:00,FX:EURJPY,164.74099999999999,164.755,164.727,164.74599999999998,241.0
2024-04-09 20:08:00,FX:EURJPY,164.74599999999998,164.754,164.744,164.751,123.0
2024-04-09 20:09:00,FX:EURJPY,164.751,164.768,164.745,164.76399999999998,93.0
2024-04-09 20:10:00,FX:EURJPY,164.76399999999998,164.771,164.761,164.76999999999998,110.0
2024-04-09 20:11:00,FX:EURJPY,164.76999999999998,164.78799999999998,164.76999999999998,164.78799999999998,105.0
2024-04-09 20:12:00,FX:EURJPY,164.78799999999998,164.792,164.78,164.783,105.0
2024-04-09 20:13:00,FX:EURJPY,164.783,164.78699999999998,164.771,164.783,180.0
2024-04-09 20:14:00,FX:EURJPY,164.783,164.789,164.777,164.777,137.0
2024-04-09 20:15:00,FX:EURJPY,164.777,164.779,164.757,164.766,139.0
2024-04-09 20:16:00,FX:EURJPY,164.766,164.767,164.73499999999999,164.73999999999998,109.0
2024-04-09 20:17:00,FX:EURJPY,164.73999999999998,164.73999999999998,164.724,164.727,123.0
2024-04-09 20:18:00,FX:EURJPY,164.727,164.731,164.72299999999998,164.73,146.0
2024-04-09 20:19:00,FX:EURJPY,164.73,164.732,164.715,164.73,239.0
2024-04-09 20:20:00,FX:EURJPY,164.73,164.733,164.713,164.715,150.0
2024-04-09 20:21:00,FX:EURJPY,164.715,164.733,164.713,164.73,224.0
2024-04-09 20:22:00,FX:EURJPY,164.73,164.732,164.712,164.71699999999998,203.0
2024-04-09 20:23:00,FX:EURJPY,164.71699999999998,164.721,164.70499999999998,164.71099999999998,215.0
2024-04-09 20:24:00,FX:EURJPY,164.71099999999998,164.71099999999998,164.696,164.69899999999998,110.0
2024-04-09 20:25:00,FX:EURJPY,164.69899999999998,164.70499999999998,164.69,164.702,172.0
2024-04-09 20:26:00,FX:EURJPY,164.702,164.70399999999998,164.682,164.684,154.0
2024-04-09 20:27:00,FX:EURJPY,164.684,164.688,164.67499999999998,164.688,122.0
2024-04-09 20:28:00,FX:EURJPY,164.688,164.69199999999998,164.679,164.69,155.0
2024-04-09 20:29:00,FX:EURJPY,164.69,164.694,164.67999999999998,164.682,172.0
2024-04-09 20:30:00,FX:EURJPY,164.682,164.688,164.66899999999998,164.67,174.0
2024-04-09 20:31:00,FX:EURJPY,164.67,164.683,164.66799999999998,164.676,143.0
2024-04-09 20:32:00,FX:EURJPY,164.676,164.69199999999998,164.67399999999998,164.691,147.0
2024-04-09 20:33:00,FX:EURJPY,164.691,164.70499999999998,164.691,164.696,159.0
2024-04-09 20:34:00,FX:EURJPY,164.696,164.702,164.684,164.695,182.0
2024-04-09 20:35:00,FX:EURJPY,164.695,164.712,164.695,164.71099999999998,166.0
2024-04-09 20:36:00,FX:EURJPY,164.71099999999998,164.73,164.71099999999998,164.73,157.0
2024-04-09 20:37:00,FX:EURJPY,164.73,164.736,164.72799999999998,164.731,86.0
2024-04-09 20:38:00,FX:EURJPY,164.731,164.733,164.721,164.725,226.0
2024-04-09 20:39:00,FX:EURJPY,164.725,164.72799999999998,164.719,164.72199999999998,112.0
2024-04-09 20:40:00,FX:EURJPY,164.72199999999998,164.751,164.72199999999998,164.732,173.0
2024-04-09 20:41:00,FX:EURJPY,164.732,164.738,164.72199999999998,164.724,140.0
2024-04-09 20:42:00,FX:EURJPY,164.724,164.727,164.714,164.718,94.0
2024-04-09 20:43:00,FX:EURJPY,164.718,164.727,164.71699999999998,164.719,99.0
2024-04-09 20:44:00,FX:EURJPY,164.719,164.726,164.703,164.703,92.0
2024-04-09 20:45:00,FX:EURJPY,164.703,164.70399999999998,164.68599999999998,164.689,145.0
2024-04-09 20:46:00,FX:EURJPY,164.689,164.707,164.68699999999998,164.69799999999998,124.0
2024-04-09 20:47:00,FX:EURJPY,164.69799999999998,164.71099999999998,164.696,164.708,140.0
2024-04-09 20:48:00,FX:EURJPY,164.708,164.713,164.69299999999998,164.696,128.0
2024-04-09 20:49:00,FX:EURJPY,164.696,164.707,164.68099999999998,164.707,140.0
2024-04-09 20:50:00,FX:EURJPY,164.707,164.72,164.70499999999998,164.71699999999998,138.0
2024-04-09 20:51:00,FX:EURJPY,164.71699999999998,164.732,164.715,164.715,168.0
2024-04-09 20:52:00,FX:EURJPY,164.715,164.73499999999999,164.714,164.73399999999998,157.0
2024-04-09 20:53:00,FX:EURJPY,164.73399999999998,164.73999999999998,164.72799999999998,164.738,163.0
2024-04-09 20:54:00,FX:EURJPY,164.738,164.765,164.736,164.76299999999998,417.0
2024-04-09 20:55:00,FX:EURJPY,164.76299999999998,164.767,164.725,164.745,386.0
2024-04-09 20:56:00,FX:EURJPY,164.745,164.748,164.72199999999998,164.726,289.0
2024-04-09 20:57:00,FX:EURJPY,164.726,164.72899999999998,164.712,164.725,285.0
2024-04-09 20:58:00,FX:EURJPY,164.725,164.751,164.71699999999998,164.743,304.0
2024-04-09 20:59:00,FX:EURJPY,164.743,164.743,164.727,164.727,254.0
2024-04-09 21:00:00,FX:EURJPY,164.727,164.753,164.71599999999998,164.72,346.0
2024-04-09 21:01:00,FX:EURJPY,164.72,164.74099999999999,164.72,164.72899999999998,258.0
2024-04-09 21:02:00,FX:EURJPY,164.72899999999998,164.772,164.726,164.772,363.0
2024-04-09 21:03:00,FX:EURJPY,164.772,164.789,164.756,164.78799999999998,428.0
2024-04-09 21:04:00,FX:EURJPY,164.78799999999998,164.796,164.771,164.774,182.0
2024-04-09 21:05:00,FX:EURJPY,164.774,164.78099999999998,164.761,164.76399999999998,211.0
2024-04-09 21:06:00,FX:EURJPY,164.76399999999998,164.766,164.757,164.765,136.0
2024-04-09 21:07:00,FX:EURJPY,164.765,164.78799999999998,164.76399999999998,164.78099999999998,137.0
2024-04-09 21:08:00,FX:EURJPY,164.78099999999998,164.78099999999998,164.768,164.773,87.0
2024-04-09 21:09:00,FX:EURJPY,164.773,164.784,164.772,164.773,139.0
2024-04-09 21:10:00,FX:EURJPY,164.773,164.78099999999998,164.768,164.777,119.0
2024-04-09 21:11:00,FX:EURJPY,164.777,164.779,164.749,164.755,155.0
2024-04-09 21:12:00,FX:EURJPY,164.755,164.759,164.742,164.743,163.0
2024-04-09 21:13:00,FX:EURJPY,164.743,164.74699999999999,164.73499999999999,164.743,143.0
2024-04-09 21:14:00,FX:EURJPY,164.743,164.751,164.731,164.73499999999999,152.0
2024-04-09 21:15:00,FX:EURJPY,164.73499999999999,164.749,164.73399999999998,164.74699999999999,137.0
2024-04-09 21:16:00,FX:EURJPY,164.74699999999999,164.748,164.726,164.745,190.0
2024-04-09 21:17:00,FX:EURJPY,164.745,164.745,164.706,164.712,279.0
2024-04-09 21:18:00,FX:EURJPY,164.712,164.727,164.71099999999998,164.714,207.0
2024-04-09 21:19:00,FX:EURJPY,164.714,164.737,164.714,164.736,239.0
2024-04-09 21:20:00,FX:EURJPY,164.736,164.742,164.726,164.74099999999999,223.0
2024-04-09 21:21:00,FX:EURJPY,164.74099999999999,164.742,164.733,164.73499999999999,134.0
2024-04-09 21:22:00,FX:EURJPY,164.73499999999999,164.743,164.725,164.743,164.0
2024-04-09 21:23:00,FX:EURJPY,164.743,164.744,164.736,164.73999999999998,171.0
2024-04-09 21:24:00,FX:EURJPY,164.73999999999998,164.73999999999998,164.71599999999998,164.719,167.0
2024-04-09 21:25:00,FX:EURJPY,164.719,164.73399999999998,164.719,164.731,129.0
2024-04-09 21:26:00,FX:EURJPY,164.731,164.73499999999999,164.72899999999998,164.733,114.0
2024-04-09 21:27:00,FX:EURJPY,164.733,164.737,164.719,164.72,141.0
2024-04-09 21:28:00,FX:EURJPY,164.72,164.725,164.714,164.724,140.0
2024-04-09 21:29:00,FX:EURJPY,164.724,164.73499999999999,164.72199999999998,164.73,163.0
2024-04-09 21:30:00,FX:EURJPY,164.73,164.737,164.725,164.72899999999998,214.0
2024-04-09 21:31:00,FX:EURJPY,164.72899999999998,164.742,164.72799999999998,164.73999999999998,145.0
2024-04-09 21:32:00,FX:EURJPY,164.73999999999998,164.74599999999998,164.733,164.73399999999998,109.0
2024-04-09 21:33:00,FX:EURJPY,164.73399999999998,164.743,164.733,164.739,132.0
2024-04-09 21:34:00,FX:EURJPY,164.739,164.744,164.73399999999998,164.736,108.0
2024-04-09 21:35:00,FX:EURJPY,164.736,164.736,164.72299999999998,164.724,162.0
2024-04-09 21:36:00,FX:EURJPY,164.724,164.725,164.71099999999998,164.72,196.0
2024-04-09 21:37:00,FX:EURJPY,164.72,164.732,164.71599999999998,164.72899999999998,141.0
2024-04-09 21:38:00,FX:EURJPY,164.72899999999998,164.73399999999998,164.724,164.733,115.0
2024-04-09 21:39:00,FX:EURJPY,164.733,164.733,164.70999999999998,164.72,151.0
2024-04-09 21:40:00,FX:EURJPY,164.72,164.72799999999998,164.70999999999998,164.712,154.0
2024-04-09 21:41:00,FX:EURJPY,164.712,164.71699999999998,164.702,164.702,176.0
2024-04-09 21:42:00,FX:EURJPY,164.702,164.709,164.69899999999998,164.709,164.0
2024-04-09 21:43:00,FX:EURJPY,164.709,164.715,164.69899999999998,164.702,171.0
2024-04-09 21:44:00,FX:EURJPY,164.702,164.714,164.671,164.677,270.0
2024-04-09 21:45:00,FX:EURJPY,164.677,164.682,164.671,164.679,208.0
2024-04-09 21:46:00,FX:EURJPY,164.679,164.695,164.679,164.694,153.0
2024-04-09 21:47:00,FX:EURJPY,164.694,164.70399999999998,164.68599999999998,164.70399999999998,163.0
2024-04-09 21:48:00,FX:EURJPY,164.70399999999998,164.709,164.695,164.702,147.0
2024-04-09 21:49:00,FX:EURJPY,164.702,164.707,164.694,164.69899999999998,148.0
2024-04-09 21:50:00,FX:EURJPY,164.69899999999998,164.701,164.679,164.696,175.0
2024-04-09 21:51:00,FX:EURJPY,164.696,164.70399999999998,164.69199999999998,164.702,162.0
2024-04-09 21:52:00,FX:EURJPY,164.702,164.703,164.66899999999998,164.67,209.0
2024-04-09 21:53:00,FX:EURJPY,164.67,164.678,164.666,164.67399999999998,226.0
2024-04-09 21:54:00,FX:EURJPY,164.67399999999998,164.682,164.673,164.679,169.0
2024-04-09 21:55:00,FX:EURJPY,164.679,164.69,164.679,164.682,244.0
2024-04-09 21:56:00,FX:EURJPY,164.682,164.712,164.678,164.70999999999998,165.0
2024-04-09 21:57:00,FX:EURJPY,164.70999999999998,164.70999999999998,164.69199999999998,164.695,178.0
2024-04-09 21:58:00,FX:EURJPY,164.695,164.69799999999998,164.683,164.69,201.0
2024-04-09 21:59:00,FX:EURJPY,164.69,164.695,164.682,164.68599999999998,119.0
2024-04-09 22:00:00,FX:EURJPY,164.68599999999998,164.703,164.682,164.702,292.0
2024-04-09 22:01:00,FX:EURJPY,164.702,164.70399999999998,164.68599999999998,164.69799999999998,240.0
2024-04-09 22:02:00,FX:EURJPY,164.69799999999998,164.702,164.69199999999998,164.701,181.0
2024-04-09 22:03:00,FX:EURJPY,164.701,164.70399999999998,164.678,164.683,409.0
2024-04-09 22:04:00,FX:EURJPY,164.683,164.688,164.664,164.667,314.0
2024-04-09 22:05:00,FX:EURJPY,164.667,164.678,164.66199999999998,164.676,252.0
2024-04-09 22:06:00,FX:EURJPY,164.676,164.677,164.653,164.654,292.0
2024-04-09 22:07:00,FX:EURJPY,164.654,164.672,164.64999999999998,164.667,240.0
2024-04-09 22:08:00,FX:EURJPY,164.667,164.67999999999998,164.666,164.67999999999998,311.0
2024-04-09 22:09:00,FX:EURJPY,164.67999999999998,164.702,164.67999999999998,164.69899999999998,267.0
2024-04-09 22:10:00,FX:EURJPY,164.69899999999998,164.701,164.68099999999998,164.695,298.0
2024-04-09 22:11:00,FX:EURJPY,164.695,164.701,164.683,164.694,261.0
2024-04-09 22:12:00,FX:EURJPY,164.694,164.69799999999998,164.67499999999998,164.677,187.0
2024-04-09 22:13:00,FX:EURJPY,164.677,164.685,164.66899999999998,164.684,191.0
2024-04-09 22:14:00,FX:EURJPY,164.684,164.68599999999998,164.672,164.67999999999998,163.0
2024-04-09 22:15:00,FX:EURJPY,164.67999999999998,164.69,164.679,164.67999999999998,113.0
2024-04-09 22:16:00,FX:EURJPY,164.67999999999998,164.685,164.678,164.68099999999998,150.0
2024-04-09 22:17:00,FX:EURJPY,164.68099999999998,164.69199999999998,164.67999999999998,164.68099999999998,118.0
2024-04-09 22:18:00,FX:EURJPY,164.68099999999998,164.69,164.679,164.68599999999998,102.0
2024-04-09 22:19:00,FX:EURJPY,164.68599999999998,164.69199999999998,164.68099999999998,164.69,112.0
2024-04-09 22:20:00,FX:EURJPY,164.69,164.703,164.685,164.7,145.0
2024-04-09 22:21:00,FX:EURJPY,164.7,164.70399999999998,164.696,164.697,148.0
2024-04-09 22:22:00,FX:EURJPY,164.697,164.701,164.691,164.694,123.0
2024-04-09 22:23:00,FX:EURJPY,164.694,164.703,164.69199999999998,164.701,102.0
2024-04-09 22:24:00,FX:EURJPY,164.701,164.708,164.7,164.70399999999998,125.0
2024-04-09 22:25:00,FX:EURJPY,164.70399999999998,164.70399999999998,164.69199999999998,164.696,149.0
2024-04-09 22:26:00,FX:EURJPY,164.696,164.70399999999998,164.689,164.689,118.0
2024-04-09 22:27:00,FX:EURJPY,164.689,164.689,164.665,164.665,155.0
2024-04-09 22:28:00,FX:EURJPY,164.665,164.671,164.66299999999998,164.667,107.0
2024-04-09 22:29:00,FX:EURJPY,164.667,164.673,164.655,164.655,113.0
2024-04-09 22:30:00,FX:EURJPY,164.655,164.66899999999998,164.64999999999998,164.66899999999998,238.0
2024-04-09 22:31:00,FX:EURJPY,164.66899999999998,164.672,164.66199999999998,164.66899999999998,132.0
2024-04-09 22:32:00,FX:EURJPY,164.66899999999998,164.66899999999998,164.655,164.664,165.0
2024-04-09 22:33:00,FX:EURJPY,164.664,164.67,164.661,164.66799999999998,162.0
2024-04-09 22:34:00,FX:EURJPY,164.66799999999998,164.676,164.66299999999998,164.66899999999998,161.0
2024-04-09 22:35:00,FX:EURJPY,164.66899999999998,164.67399999999998,164.66199999999998,164.666,188.0
2024-04-09 22:36:00,FX:EURJPY,164.666,164.67499999999998,164.658,164.658,165.0
2024-04-09 22:37:00,FX:EURJPY,164.658,164.673,164.655,164.667,119.0
2024-04-09 22:38:00,FX:EURJPY,164.667,164.66899999999998,164.648,164.65699999999998,177.0
2024-04-09 22:39:00,FX:EURJPY,164.65699999999998,164.671,164.655,164.667,237.0
2024-04-09 22:40:00,FX:EURJPY,164.667,164.683,164.66,164.66,235.0
2024-04-09 22:41:00,FX:EURJPY,164.66,164.665,164.654,164.659,230.0
2024-04-09 22:42:00,FX:EURJPY,164.659,164.66799999999998,164.65699999999998,164.667,160.0
2024-04-09 22:43:00,FX:EURJPY,164.667,164.67499999999998,164.66299999999998,164.671,242.0
2024-04-09 22:44:00,FX:EURJPY,164.671,164.678,164.66799999999998,164.67499999999998,194.0
2024-04-09 22:45:00,FX:EURJPY,164.67499999999998,164.68599999999998,164.67499999999998,164.685,232.0
2024-04-09 22:46:00,FX:EURJPY,164.685,164.695,164.684,164.68599999999998,224.0
2024-04-09 22:47:00,FX:EURJPY,164.68599999999998,164.69299999999998,164.683,164.68699999999998,174.0
2024-04-09 22:48:00,FX:EURJPY,164.68699999999998,164.689,164.67999999999998,164.682,145.0
2024-04-09 22:49:00,FX:EURJPY,164.682,164.682,164.66899999999998,164.66899999999998,143.0
2024-04-09 22:50:00,FX:EURJPY,164.66899999999998,164.678,164.66299999999998,164.66799999999998,167.0
2024-04-09 22:51:00,FX:EURJPY,164.66799999999998,164.683,164.666,164.682,171.0
2024-04-09 22:52:00,FX:EURJPY,164.682,164.68599999999998,164.68099999999998,164.68599999999998,91.0
2024-04-09 22:53:00,FX:EURJPY,164.68599999999998,164.69,164.67999999999998,164.688,121.0
2024-04-09 22:54:00,FX:EURJPY,164.688,164.69899999999998,164.68599999999998,164.696,128.0
2024-04-09 22:55:00,FX:EURJPY,164.696,164.697,164.691,164.694,104.0
2024-04-09 22:56:00,FX:EURJPY,164.694,164.7,164.682,164.696,149.0
2024-04-09 22:57:00,FX:EURJPY,164.696,164.713,164.696,164.706,167.0
2024-04-09 22:58:00,FX:EURJPY,164.706,164.71599999999998,164.706,164.708,122.0
2024-04-09 22:59:00,FX:EURJPY,164.708,164.718,164.706,164.707,152.0
2024-04-09 23:00:00,FX:EURJPY,164.707,164.712,164.707,164.708,115.0
2024-04-09 23:01:00,FX:EURJPY,164.708,164.712,164.69199999999998,164.701,157.0
2024-04-09 23:02:00,FX:EURJPY,164.701,164.708,164.691,164.703,207.0
2024-04-09 23:03:00,FX:EURJPY,164.703,164.706,164.69799999999998,164.7,140.0
2024-04-09 23:04:00,FX:EURJPY,164.7,164.70999999999998,164.695,164.708,114.0
2024-04-09 23:05:00,FX:EURJPY,164.708,164.70999999999998,164.702,164.709,111.0
2024-04-09 23:06:00,FX:EURJPY,164.709,164.712,164.702,164.703,133.0
2024-04-09 23:07:00,FX:EURJPY,164.703,164.707,164.7,164.702,108.0
2024-04-09 23:08:00,FX:EURJPY,164.702,164.702,164.69199999999998,164.69299999999998,87.0
2024-04-09 23:09:00,FX:EURJPY,164.69299999999998,164.7,164.689,164.694,91.0
2024-04-09 23:10:00,FX:EURJPY,164.694,164.702,164.69,164.694,115.0
2024-04-09 23:11:00,FX:EURJPY,164.694,164.696,164.689,164.691,78.0
2024-04-09 23:12:00,FX:EURJPY,164.691,164.70399999999998,164.691,164.697,71.0
2024-04-09 23:13:00,FX:EURJPY,164.697,164.70399999999998,164.697,164.69799999999998,95.0
2024-04-09 23:14:00,FX:EURJPY,164.69799999999998,164.72,164.696,164.719,99.0
2024-04-09 23:15:00,FX:EURJPY,164.719,164.727,164.719,164.72199999999998,132.0
2024-04-09 23:16:00,FX:EURJPY,164.72199999999998,164.724,164.71699999999998,164.71699999999998,139.0
2024-04-09 23:17:00,FX:EURJPY,164.71699999999998,164.72299999999998,164.714,164.71599999999998,125.0
2024-04-09 23:18:00,FX:EURJPY,164.71599999999998,164.72299999999998,164.713,164.72,111.0
2024-04-09 23:19:00,FX:EURJPY,164.72,164.725,164.72,164.724,165.0
2024-04-09 23:20:00,FX:EURJPY,164.724,164.725,164.712,164.715,266.0
2024-04-09 23:21:00,FX:EURJPY,164.715,164.71699999999998,164.707,164.708,108.0
2024-04-09 23:22:00,FX:EURJPY,164.708,164.71099999999998,164.706,164.71099999999998,169.0
2024-04-09 23:23:00,FX:EURJPY,164.71099999999998,164.712,164.706,164.71099999999998,82.0
2024-04-09 23:24:00,FX:EURJPY,164.71099999999998,164.712,164.694,164.696,126.0
2024-04-09 23:25:00,FX:EURJPY,164.696,164.696,164.683,164.684,177.0
2024-04-09 23:26:00,FX:EURJPY,164.684,164.69,164.677,164.678,107.0
2024-04-09 23:27:00,FX:EURJPY,164.678,164.689,164.677,164.68599999999998,133.0
2024-04-09 23:28:00,FX:EURJPY,164.68599999999998,164.69899999999998,164.68599999999998,164.691,150.0
2024-04-09 23:29:00,FX:EURJPY,164.691,164.695,164.685,164.694,166.0
2024-04-09 23:30:00,FX:EURJPY,164.694,164.703,164.69199999999998,164.702,131.0
2024-04-09 23:31:00,FX:EURJPY,164.702,164.703,164.691,164.691,119.0
2024-04-09 23:32:00,FX:EURJPY,164.691,164.691,164.67999999999998,164.685,103.0
2024-04-09 23:33:00,FX:EURJPY,164.685,164.695,164.68099999999998,164.688,104.0
2024-04-09 23:34:00,FX:EURJPY,164.688,164.69799999999998,164.68699999999998,164.696,154.0
2024-04-09 23:35:00,FX:EURJPY,164.696,164.697,164.685,164.689,129.0
2024-04-09 23:36:00,FX:EURJPY,164.689,164.689,164.676,164.685,111.0
2024-04-09 23:37:00,FX:EURJPY,164.685,164.691,164.677,164.677,135.0
2024-04-09 23:38:00,FX:EURJPY,164.677,164.684,164.676,164.682,203.0
2024-04-09 23:39:00,FX:EURJPY,164.682,164.685,164.676,164.68099999999998,194.0
2024-04-09 23:40:00,FX:EURJPY,164.68099999999998,164.694,164.67999999999998,164.694,157.0
2024-04-09 23:41:00,FX:EURJPY,164.694,164.697,164.69,164.69,151.0
2024-04-09 23:42:00,FX:EURJPY,164.69,164.694,164.68599999999998,164.69,156.0
2024-04-09 23:43:00,FX:EURJPY,164.69,164.695,164.688,164.69299999999998,119.0
2024-04-09 23:44:00,FX:EURJPY,164.69299999999998,164.696,164.691,164.694,113.0
2024-04-09 23:45:00,FX:EURJPY,164.694,164.707,164.69299999999998,164.703,153.0
2024-04-09 23:46:00,FX:EURJPY,164.703,164.71099999999998,164.702,164.708,114.0
2024-04-09 23:47:00,FX:EURJPY,164.708,164.71099999999998,164.702,164.703,117.0
2024-04-09 23:48:00,FX:EURJPY,164.703,164.70999999999998,164.7,164.709,136.0
2024-04-09 23:49:00,FX:EURJPY,164.709,164.70999999999998,164.701,164.70999999999998,146.0
2024-04-09 23:50:00,FX:EURJPY,164.70999999999998,164.712,164.702,164.70499999999998,140.0
2024-04-09 23:51:00,FX:EURJPY,164.70499999999998,164.707,164.7,164.701,91.0
2024-04-09 23:52:00,FX:EURJPY,164.701,164.702,164.67999999999998,164.67999999999998,135.0
2024-04-09 23:53:00,FX:EURJPY,164.67999999999998,164.69199999999998,164.67999999999998,164.689,119.0
2024-04-09 23:54:00,FX:EURJPY,164.689,164.69799999999998,164.689,164.69799999999998,91.0
2024-04-09 23:55:00,FX:EURJPY,164.69799999999998,164.69799999999998,164.69,164.69199999999998,102.0
2024-04-09 23:56:00,FX:EURJPY,164.69199999999998,164.696,164.68599999999998,164.695,110.0
2024-04-09 23:57:00,FX:EURJPY,164.695,164.69799999999998,164.688,164.689,194.0
2024-04-09 23:58:00,FX:EURJPY,164.689,164.701,164.68699999999998,164.696,172.0
2024-04-09 23:59:00,FX:EURJPY,164.696,164.69899999999998,164.69199999999998,164.69799999999998,160.0
2024-04-10 00:00:00,FX:EURJPY,164.69799999999998,164.7,164.68599999999998,164.689,193.0
2024-04-10 00:01:00,FX:EURJPY,164.689,164.695,164.685,164.694,182.0
2024-04-10 00:02:00,FX:EURJPY,164.694,164.695,164.68599999999998,164.68599999999998,70.0
2024-04-10 00:03:00,FX:EURJPY,164.68599999999998,164.688,164.682,164.685,114.0
2024-04-10 00:04:00,FX:EURJPY,164.685,164.685,164.67999999999998,164.682,67.0
2024-04-10 00:05:00,FX:EURJPY,164.682,164.682,164.673,164.678,124.0
2024-04-10 00:06:00,FX:EURJPY,164.678,164.679,164.66799999999998,164.66899999999998,91.0
2024-04-10 00:07:00,FX:EURJPY,164.66899999999998,164.672,164.66299999999998,164.665,116.0
2024-04-10 00:08:00,FX:EURJPY,164.665,164.666,164.65599999999998,164.659,99.0
2024-04-10 00:09:00,FX:EURJPY,164.659,164.665,164.658,164.665,56.0
2024-04-10 00:10:00,FX:EURJPY,164.665,164.67399999999998,164.664,164.66799999999998,82.0
2024-04-10 00:11:00,FX:EURJPY,164.66799999999998,164.66899999999998,164.66199999999998,164.66199999999998,81.0
2024-04-10 00:12:00,FX:EURJPY,164.66199999999998,164.673,164.66199999999998,164.672,93.0
2024-04-10 00:13:00,FX:EURJPY,164.672,164.67999999999998,164.66799999999998,164.676,58.0
2024-04-10 00:14:00,FX:EURJPY,164.676,164.677,164.67399999999998,164.677,77.0
2024-04-10 00:15:00,FX:EURJPY,164.677,164.677,164.667,164.671,56.0
2024-04-10 00:16:00,FX:EURJPY,164.671,164.673,164.67,164.671,60.0
2024-04-10 00:17:00,FX:EURJPY,164.671,164.67499999999998,164.664,164.665,124.0
2024-04-10 00:18:00,FX:EURJPY,164.665,164.673,164.664,164.673,107.0
2024-04-10 00:19:00,FX:EURJPY,164.673,164.684,164.672,164.677,85.0
2024-04-10 00:20:00,FX:EURJPY,164.677,164.67999999999998,164.673,164.679,105.0
2024-04-10 00:21:00,FX:EURJPY,164.679,164.68099999999998,164.67,164.676,125.0
2024-04-10 00:22:00,FX:EURJPY,164.676,164.68099999999998,164.671,164.677,116.0
2024-04-10 00:23:00,FX:EURJPY,164.677,164.69,164.677,164.68599999999998,169.0
2024-04-10 00:24:00,FX:EURJPY,164.68599999999998,164.7,164.685,164.69799999999998,82.0
2024-04-10 00:25:00,FX:EURJPY,164.69799999999998,164.69799999999998,164.68599999999998,164.69299999999998,109.0
2024-04-10 00:26:00,FX:EURJPY,164.69299999999998,164.7,164.69299999999998,164.69799999999998,115.0
2024-04-10 00:27:00,FX:EURJPY,164.69799999999998,164.69899999999998,164.68599999999998,164.691,86.0
2024-04-10 00:28:00,FX:EURJPY,164.691,164.697,164.68699999999998,164.697,139.0
2024-04-10 00:29:00,FX:EURJPY,164.697,164.70499999999998,164.696,164.703,140.0
2024-04-10 00:30:00,FX:EURJPY,164.703,164.70399999999998,164.694,164.694,129.0
2024-04-10 00:31:00,FX:EURJPY,164.694,164.713,164.69299999999998,164.70999999999998,207.0
2024-04-10 00:32:00,FX:EURJPY,164.70999999999998,164.714,164.702,164.709,153.0
2024-04-10 00:33:00,FX:EURJPY,164.709,164.713,164.707,164.712,117.0
2024-04-10 00:34:00,FX:EURJPY,164.712,164.715,164.71099999999998,164.714,68.0
2024-04-10 00:35:00,FX:EURJPY,164.714,164.71699999999998,164.701,164.702,75.0
2024-04-10 00:36:00,FX:EURJPY,164.702,164.71099999999998,164.701,164.708,75.0
2024-04-10 00:37:00,FX:EURJPY,164.708,164.72,164.708,164.71599999999998,81.0
2024-04-10 00:38:00,FX:EURJPY,164.71599999999998,164.719,164.707,164.708,115.0
2024-04-10 00:39:00,FX:EURJPY,164.708,164.714,164.702,164.70999999999998,98.0
2024-04-10 00:40:00,FX:EURJPY,164.70999999999998,164.712,164.708,164.70999999999998,70.0
2024-04-10 00:41:00,FX:EURJPY,164.70999999999998,164.714,164.709,164.714,62.0
2024-04-10 00:42:00,FX:EURJPY,164.714,164.719,164.714,164.718,52.0
2024-04-10 00:43:00,FX:EURJPY,164.718,164.721,164.706,164.71099999999998,84.0
2024-04-10 00:44:00,FX:EURJPY,164.71099999999998,164.71599999999998,164.708,164.70999999999998,49.0
2024-04-10 00:45:00,FX:EURJPY,164.70999999999998,164.714,164.702,164.702,110.0
2024-04-10 00:46:00,FX:EURJPY,164.702,164.709,164.69899999999998,164.706,85.0
2024-04-10 00:47:00,FX:EURJPY,164.706,164.712,164.7,164.701,93.0
2024-04-10 00:48:00,FX:EURJPY,164.701,164.701,164.696,164.697,61.0
2024-04-10 00:49:00,FX:EURJPY,164.697,164.713,164.697,164.703,99.0
2024-04-10 00:50:00,FX:EURJPY,164.703,164.712,164.702,164.708,85.0
2024-04-10 00:51:00,FX:EURJPY,164.708,164.713,164.706,164.709,114.0
2024-04-10 00:52:00,FX:EURJPY,164.709,164.70999999999998,164.703,164.706,88.0
2024-04-10 00:53:00,FX:EURJPY,164.706,164.71599999999998,164.70499999999998,164.715,87.0
2024-04-10 00:54:00,FX:EURJPY,164.715,164.724,164.70999999999998,164.724,73.0
2024-04-10 00:55:00,FX:EURJPY,164.724,164.73399999999998,164.72,164.73399999999998,117.0
2024-04-10 00:56:00,FX:EURJPY,164.73399999999998,164.73399999999998,164.725,164.72799999999998,91.0
2024-04-10 00:57:00,FX:EURJPY,164.72799999999998,164.72799999999998,164.718,164.718,97.0
2024-04-10 00:58:00,FX:EURJPY,164.718,164.727,164.718,164.72199999999998,130.0
2024-04-10 00:59:00,FX:EURJPY,164.72199999999998,164.73,164.719,164.724,122.0
2024-04-10 01:00:00,FX:EURJPY,164.724,164.74599999999998,164.719,164.736,226.0
2024-04-10 01:01:00,FX:EURJPY,164.736,164.74099999999999,164.73499999999999,164.737,98.0
2024-04-10 01:02:00,FX:EURJPY,164.737,164.73999999999998,164.736,164.738,121.0
2024-04-10 01:03:00,FX:EURJPY,164.738,164.74699999999999,164.736,164.744,151.0
2024-04-10 01:04:00,FX:EURJPY,164.744,164.745,164.736,164.73999999999998,133.0
2024-04-10 01:05:00,FX:EURJPY,164.73999999999998,164.753,164.737,164.75199999999998,141.0
2024-04-10 01:06:00,FX:EURJPY,164.75199999999998,164.755,164.744,164.74599999999998,141.0
2024-04-10 01:07:00,FX:EURJPY,164.74599999999998,164.748,164.738,164.73999999999998,110.0
2024-04-10 01:08:00,FX:EURJPY,164.73999999999998,164.74099999999999,164.731,164.732,141.0
2024-04-10 01:09:00,FX:EURJPY,164.732,164.739,164.72799999999998,164.73399999999998,137.0
2024-04-10 01:10:00,FX:EURJPY,164.73399999999998,164.738,164.727,164.732,168.0
2024-04-10 01:11:00,FX:EURJPY,164.732,164.733,164.72799999999998,164.73,120.0
2024-04-10 01:12:00,FX:EURJPY,164.73,164.73,164.72299999999998,164.72899999999998,78.0
2024-04-10 01:13:00,FX:EURJPY,164.72899999999998,164.75799999999998,164.72299999999998,164.754,147.0
2024-04-10 01:14:00,FX:EURJPY,164.754,164.76,164.75199999999998,164.759,90.0
2024-04-10 01:15:00,FX:EURJPY,164.759,164.772,164.759,164.76999999999998,164.0
2024-04-10 01:16:00,FX:EURJPY,164.76999999999998,164.77599999999998,164.765,164.768,198.0
2024-04-10 01:17:00,FX:EURJPY,164.768,164.778,164.768,164.773,177.0
2024-04-10 01:18:00,FX:EURJPY,164.773,164.779,164.766,164.777,176.0
2024-04-10 01:19:00,FX:EURJPY,164.777,164.779,164.76299999999998,164.76899999999998,135.0
2024-04-10 01:20:00,FX:EURJPY,164.76899999999998,164.76899999999998,164.76399999999998,164.765,125.0
2024-04-10 01:21:00,FX:EURJPY,164.765,164.76899999999998,164.76299999999998,164.765,195.0
2024-04-10 01:22:00,FX:EURJPY,164.765,164.768,164.761,164.762,167.0
2024-04-10 01:23:00,FX:EURJPY,164.762,164.76999999999998,164.761,164.765,161.0
2024-04-10 01:24:00,FX:EURJPY,164.765,164.771,164.76299999999998,164.767,147.0
2024-04-10 01:25:00,FX:EURJPY,164.767,164.777,164.76399999999998,164.774,161.0
2024-04-10 01:26:00,FX:EURJPY,164.774,164.779,164.762,164.76399999999998,198.0
2024-04-10 01:27:00,FX:EURJPY,164.76399999999998,164.771,164.761,164.766,193.0
2024-04-10 01:28:00,FX:EURJPY,164.766,164.767,164.755,164.756,163.0
2024-04-10 01:29:00,FX:EURJPY,164.756,164.766,164.755,164.76299999999998,117.0
2024-04-10 01:30:00,FX:EURJPY,164.76299999999998,164.771,164.759,164.76399999999998,180.0
2024-04-10 01:31:00,FX:EURJPY,164.76399999999998,164.767,164.75199999999998,164.753,157.0
2024-04-10 01:32:00,FX:EURJPY,164.753,164.765,164.751,164.76399999999998,134.0
2024-04-10 01:33:00,FX:EURJPY,164.76399999999998,164.779,164.76299999999998,164.771,133.0
2024-04-10 01:34:00,FX:EURJPY,164.771,164.77499999999998,164.765,164.76899999999998,145.0
2024-04-10 01:35:00,FX:EURJPY,164.76899999999998,164.774,164.76299999999998,164.76399999999998,141.0
2024-04-10 01:36:00,FX:EURJPY,164.76399999999998,164.768,164.757,164.767,145.0
2024-04-10 01:37:00,FX:EURJPY,164.767,164.76999999999998,164.76,164.76,146.0
2024-04-10 01:38:00,FX:EURJPY,164.76,164.765,164.76,164.765,134.0
2024-04-10 01:39:00,FX:EURJPY,164.765,164.766,164.756,164.76399999999998,141.0
2024-04-10 01:40:00,FX:EURJPY,164.76399999999998,164.767,164.756,164.76,171.0
2024-04-10 01:41:00,FX:EURJPY,164.76,164.765,164.74599999999998,164.74699999999999,92.0
2024-04-10 01:42:00,FX:EURJPY,164.74699999999999,164.75,164.74099999999999,164.748,126.0
2024-04-10 01:43:00,FX:EURJPY,164.748,164.751,164.73999999999998,164.743,176.0
2024-04-10 01:44:00,FX:EURJPY,164.743,164.74599999999998,164.736,164.742,100.0
2024-04-10 01:45:00,FX:EURJPY,164.742,164.743,164.73499999999999,164.736,82.0
2024-04-10 01:46:00,FX:EURJPY,164.736,164.744,164.73499999999999,164.739,92.0
2024-04-10 01:47:00,FX:EURJPY,164.739,164.73999999999998,164.725,164.73,92.0
2024-04-10 01:48:00,FX:EURJPY,164.73,164.736,164.727,164.73499999999999,75.0
2024-04-10 01:49:00,FX:EURJPY,164.73499999999999,164.745,164.73499999999999,164.74099999999999,99.0
2024-04-10 01:50:00,FX:EURJPY,164.74099999999999,164.748,164.73999999999998,164.743,89.0
2024-04-10 01:51:00,FX:EURJPY,164.743,164.744,164.73999999999998,164.743,95.0
2024-04-10 01:52:00,FX:EURJPY,164.743,164.745,164.73,164.738,125.0
2024-04-10 01:53:00,FX:EURJPY,164.738,164.74699999999999,164.736,164.74099999999999,139.0
2024-04-10 01:54:00,FX:EURJPY,164.74099999999999,164.745,164.737,164.744,105.0
2024-04-10 01:55:00,FX:EURJPY,164.744,164.753,164.74099999999999,164.742,121.0
2024-04-10 01:56:00,FX:EURJPY,164.742,164.744,164.732,164.73499999999999,123.0
2024-04-10 01:57:00,FX:EURJPY,164.73499999999999,164.743,164.73,164.736,144.0
2024-04-10 01:58:00,FX:EURJPY,164.736,164.753,164.736,164.73999999999998,164.0
2024-04-10 01:59:00,FX:EURJPY,164.73999999999998,164.744,164.73499999999999,164.743,117.0
2024-04-10 02:00:00,FX:EURJPY,164.743,164.748,164.72299999999998,164.72899999999998,361.0
2024-04-10 02:01:00,FX:EURJPY,164.72899999999998,164.739,164.718,164.72199999999998,241.0
2024-04-10 02:02:00,FX:EURJPY,164.72199999999998,164.73,164.714,164.71699999999998,211.0
2024-04-10 02:03:00,FX:EURJPY,164.71699999999998,164.71699999999998,164.707,164.709,135.0
2024-04-10 02:04:00,FX:EURJPY,164.709,164.713,164.70399999999998,164.708,142.0
2024-04-10 02:05:00,FX:EURJPY,164.708,164.714,164.708,164.70999999999998,91.0
2024-04-10 02:06:00,FX:EURJPY,164.70999999999998,164.721,164.70999999999998,164.71099999999998,176.0
2024-04-10 02:07:00,FX:EURJPY,164.71099999999998,164.714,164.69799999999998,164.70399999999998,137.0
2024-04-10 02:08:00,FX:EURJPY,164.70399999999998,164.70399999999998,164.691,164.697,127.0
2024-04-10 02:09:00,FX:EURJPY,164.697,164.697,164.67,164.68099999999998,167.0
2024-04-10 02:10:00,FX:EURJPY,164.68099999999998,164.682,164.667,164.673,132.0
2024-04-10 02:11:00,FX:EURJPY,164.673,164.67399999999998,164.66,164.664,169.0
2024-04-10 02:12:00,FX:EURJPY,164.664,164.684,164.661,164.67999999999998,163.0
2024-04-10 02:13:00,FX:EURJPY,164.67999999999998,164.69,164.677,164.688,165.0
2024-04-10 02:14:00,FX:EURJPY,164.688,164.696,164.679,164.694,169.0
2024-04-10 02:15:00,FX:EURJPY,164.694,164.70499999999998,164.691,164.702,126.0
2024-04-10 02:16:00,FX:EURJPY,164.702,164.707,164.69899999999998,164.70499999999998,127.0
2024-04-10 02:17:00,FX:EURJPY,164.70499999999998,164.71699999999998,164.694,164.69899999999998,198.0
2024-04-10 02:18:00,FX:EURJPY,164.69899999999998,164.70499999999998,164.696,164.69899999999998,89.0
2024-04-10 02:19:00,FX:EURJPY,164.69899999999998,164.707,164.69899999999998,164.703,161.0
2024-04-10 02:20:00,FX:EURJPY,164.703,164.715,164.703,164.71099999999998,171.0
2024-04-10 02:21:00,FX:EURJPY,164.71099999999998,164.727,164.71099999999998,164.72199999999998,151.0
2024-04-10 02:22:00,FX:EURJPY,164.72199999999998,164.72899999999998,164.721,164.726,145.0
2024-04-10 02:23:00,FX:EURJPY,164.726,164.72899999999998,164.713,164.713,121.0
2024-04-10 02:24:00,FX:EURJPY,164.713,164.72299999999998,164.71099999999998,164.72199999999998,108.0
2024-04-10 02:25:00,FX:EURJPY,164.72199999999998,164.72199999999998,164.71099999999998,164.71599999999998,105.0
2024-04-10 02:26:00,FX:EURJPY,164.71599999999998,164.719,164.70399999999998,164.70399999999998,111.0
2024-04-10 02:27:00,FX:EURJPY,164.70399999999998,164.70999999999998,164.69799999999998,164.69899999999998,102.0
2024-04-10 02:28:00,FX:EURJPY,164.69899999999998,164.708,164.69899999999998,164.70499999999998,86.0
2024-04-10 02:29:00,FX:EURJPY,164.70499999999998,164.71099999999998,164.701,164.703,101.0
2024-04-10 02:30:00,FX:EURJPY,164.703,164.703,164.694,164.7,132.0
2024-04-10 02:31:00,FX:EURJPY,164.7,164.703,164.69,164.69199999999998,152.0
2024-04-10 02:32:00,FX:EURJPY,164.69199999999998,164.70499999999998,164.69,164.69199999999998,105.0
2024-04-10 02:33:00,FX:EURJPY,164.69199999999998,164.695,164.68099999999998,164.683,222.0
2024-04-10 02:34:00,FX:EURJPY,164.683,164.689,164.673,164.68099999999998,119.0
2024-04-10 02:35:00,FX:EURJPY,164.68099999999998,164.684,164.672,164.67499999999998,157.0
2024-04-10 02:36:00,FX:EURJPY,164.67499999999998,164.682,164.672,164.68099999999998,127.0
2024-04-10 02:37:00,FX:EURJPY,164.68099999999998,164.691,164.673,164.68699999999998,209.0
2024-04-10 02:38:00,FX:EURJPY,164.68699999999998,164.689,164.672,164.68599999999998,174.0
2024-04-10 02:39:00,FX:EURJPY,164.68599999999998,164.69,164.683,164.685,97.0
2024-04-10 02:40:00,FX:EURJPY,164.685,164.689,164.684,164.685,76.0
2024-04-10 02:41:00,FX:EURJPY,164.685,164.689,164.67399999999998,164.677,121.0
2024-04-10 02:42:00,FX:EURJPY,164.677,164.682,164.66799999999998,164.672,99.0
2024-04-10 02:43:00,FX:EURJPY,164.672,164.697,164.672,164.697,210.0
2024-04-10 02:44:00,FX:EURJPY,164.697,164.719,164.691,164.718,119.0
2024-04-10 02:45:00,FX:EURJPY,164.718,164.733,164.718,164.73,121.0
2024-04-10 02:46:00,FX:EURJPY,164.73,164.742,164.72799999999998,164.738,232.0
2024-04-10 02:47:00,FX:EURJPY,164.738,164.74599999999998,164.724,164.725,213.0
2024-04-10 02:48:00,FX:EURJPY,164.725,164.72899999999998,164.718,164.718,119.0
2024-04-10 02:49:00,FX:EURJPY,164.718,164.72299999999998,164.70499999999998,164.71099999999998,279.0
2024-04-10 02:50:00,FX:EURJPY,164.71099999999998,164.72299999999998,164.70399999999998,164.72199999999998,196.0
2024-04-10 02:51:00,FX:EURJPY,164.72199999999998,164.724,164.713,164.714,126.0
2024-04-10 02:52:00,FX:EURJPY,164.714,164.72799999999998,164.712,164.724,167.0
2024-04-10 02:53:00,FX:EURJPY,164.724,164.74099999999999,164.72299999999998,164.73999999999998,94.0
2024-04-10 02:54:00,FX:EURJPY,164.73999999999998,164.754,164.733,164.75199999999998,199.0
2024-04-10 02:55:00,FX:EURJPY,164.75199999999998,164.753,164.737,164.74599999999998,179.0
2024-04-10 02:56:00,FX:EURJPY,164.74599999999998,164.756,164.74099999999999,164.749,262.0
2024-04-10 02:57:00,FX:EURJPY,164.749,164.756,164.74599999999998,164.75,242.0
2024-04-10 02:58:00,FX:EURJPY,164.75,164.756,164.738,164.739,330.0
2024-04-10 02:59:00,FX:EURJPY,164.739,164.742,164.73,164.73,296.0
2024-04-10 03:00:00,FX:EURJPY,164.73,164.774,164.73,164.762,321.0
2024-04-10 03:01:00,FX:EURJPY,164.762,164.76999999999998,164.753,164.76,368.0
2024-04-10 03:02:00,FX:EURJPY,164.76,164.78,164.75799999999998,164.76299999999998,273.0
2024-04-10 03:03:00,FX:EURJPY,164.76299999999998,164.76299999999998,164.743,164.743,258.0
2024-04-10 03:04:00,FX:EURJPY,164.743,164.749,164.737,164.748,202.0
2024-04-10 03:05:00,FX:EURJPY,164.748,164.762,164.742,164.753,311.0
2024-04-10 03:06:00,FX:EURJPY,164.753,164.755,164.743,164.744,219.0
2024-04-10 03:07:00,FX:EURJPY,164.744,164.754,164.74099999999999,164.743,235.0
2024-04-10 03:08:00,FX:EURJPY,164.743,164.74699999999999,164.72199999999998,164.72199999999998,163.0
2024-04-10 03:09:00,FX:EURJPY,164.72199999999998,164.73399999999998,164.72199999999998,164.733,161.0
2024-04-10 03:10:00,FX:EURJPY,164.733,164.74599999999998,164.73,164.743,153.0
2024-04-10 03:11:00,FX:EURJPY,164.743,164.74699999999999,164.736,164.74099999999999,156.0
2024-04-10 03:12:00,FX:EURJPY,164.74099999999999,164.759,164.73499999999999,164.75199999999998,184.0
2024-04-10 03:13:00,FX:EURJPY,164.75199999999998,164.774,164.75199999999998,164.774,180.0
2024-04-10 03:14:00,FX:EURJPY,164.774,164.801,164.774,164.784,212.0
2024-04-10 03:15:00,FX:EURJPY,164.784,164.78699999999998,164.751,164.75199999999998,228.0
2024-04-10 03:16:00,FX:EURJPY,164.75199999999998,164.753,164.724,164.725,190.0
2024-04-10 03:17:00,FX:EURJPY,164.725,164.75799999999998,164.72299999999998,164.756,197.0
2024-04-10 03:18:00,FX:EURJPY,164.756,164.757,164.73999999999998,164.744,165.0
2024-04-10 03:19:00,FX:EURJPY,164.744,164.756,164.736,164.751,203.0
2024-04-10 03:20:00,FX:EURJPY,164.751,164.753,164.74099999999999,164.74099999999999,125.0
2024-04-10 03:21:00,FX:EURJPY,164.74099999999999,164.75199999999998,164.73999999999998,164.742,124.0
2024-04-10 03:22:00,FX:EURJPY,164.742,164.75799999999998,164.73999999999998,164.757,126.0
2024-04-10 03:23:00,FX:EURJPY,164.757,164.777,164.756,164.76899999999998,170.0
2024-04-10 03:24:00,FX:EURJPY,164.76899999999998,164.78199999999998,164.76399999999998,164.78199999999998,126.0
2024-04-10 03:25:00,FX:EURJPY,164.78199999999998,164.792,164.76899999999998,164.78099999999998,170.0
2024-04-10 03:26:00,FX:EURJPY,164.78099999999998,164.78199999999998,164.761,164.778,154.0
2024-04-10 03:27:00,FX:EURJPY,164.778,164.786,164.766,164.779,182.0
2024-04-10 03:28:00,FX:EURJPY,164.779,164.78,164.774,164.777,148.0
2024-04-10 03:29:00,FX:EURJPY,164.777,164.785,164.774,164.783,117.0
2024-04-10 03:30:00,FX:EURJPY,164.783,164.82,164.78099999999998,164.81799999999998,158.0
2024-04-10 03:31:00,FX:EURJPY,164.81799999999998,164.831,164.81199999999998,164.819,211.0
2024-04-10 03:32:00,FX:EURJPY,164.819,164.819,164.785,164.789,178.0
2024-04-10 03:33:00,FX:EURJPY,164.789,164.789,164.771,164.778,161.0
2024-04-10 03:34:00,FX:EURJPY,164.778,164.784,164.77499999999998,164.784,153.0
2024-04-10 03:35:00,FX:EURJPY,164.784,164.785,164.761,164.761,148.0
2024-04-10 03:36:00,FX:EURJPY,164.761,164.761,164.748,164.751,130.0
2024-04-10 03:37:00,FX:EURJPY,164.751,164.768,164.751,164.76399999999998,152.0
2024-04-10 03:38:00,FX:EURJPY,164.76399999999998,164.783,164.76,164.779,176.0
2024-04-10 03:39:00,FX:EURJPY,164.779,164.798,164.762,164.76299999999998,187.0
2024-04-10 03:40:00,FX:EURJPY,164.76299999999998,164.765,164.759,164.762,103.0
2024-04-10 03:41:00,FX:EURJPY,164.762,164.78699999999998,164.761,164.785,170.0
2024-04-10 03:42:00,FX:EURJPY,164.785,164.804,164.785,164.791,186.0
2024-04-10 03:43:00,FX:EURJPY,164.791,164.791,164.76,164.771,183.0
2024-04-10 03:44:00,FX:EURJPY,164.771,164.777,164.761,164.773,157.0
2024-04-10 03:45:00,FX:EURJPY,164.773,164.773,164.75799999999998,164.759,184.0
2024-04-10 03:46:00,FX:EURJPY,164.759,164.78699999999998,164.75799999999998,164.78699999999998,210.0
2024-04-10 03:47:00,FX:EURJPY,164.78699999999998,164.79899999999998,164.777,164.789,223.0
2024-04-10 03:48:00,FX:EURJPY,164.789,164.797,164.77599999999998,164.795,223.0
2024-04-10 03:49:00,FX:EURJPY,164.795,164.807,164.795,164.803,176.0
2024-04-10 03:50:00,FX:EURJPY,164.803,164.809,164.79299999999998,164.801,179.0
2024-04-10 03:51:00,FX:EURJPY,164.801,164.815,164.79999999999998,164.80499999999998,174.0
2024-04-10 03:52:00,FX:EURJPY,164.80499999999998,164.81,164.79899999999998,164.802,150.0
2024-04-10 03:53:00,FX:EURJPY,164.802,164.81699999999998,164.801,164.81699999999998,140.0
2024-04-10 03:54:00,FX:EURJPY,164.81699999999998,164.81699999999998,164.807,164.81099999999998,108.0
2024-04-10 03:55:00,FX:EURJPY,164.81099999999998,164.814,164.804,164.81099999999998,136.0
2024-04-10 03:56:00,FX:EURJPY,164.81099999999998,164.822,164.81,164.82,103.0
2024-04-10 03:57:00,FX:EURJPY,164.82,164.82,164.81199999999998,164.81799999999998,94.0
2024-04-10 03:58:00,FX:EURJPY,164.81799999999998,164.828,164.815,164.819,184.0
2024-04-10 03:59:00,FX:EURJPY,164.819,164.82899999999998,164.814,164.827,149.0
2024-04-10 04:00:00,FX:EURJPY,164.827,164.82899999999998,164.802,164.804,219.0
2024-04-10 04:01:00,FX:EURJPY,164.804,164.80499999999998,164.79399999999998,164.795,169.0
2024-04-10 04:02:00,FX:EURJPY,164.795,164.804,164.784,164.784,149.0
2024-04-10 04:03:00,FX:EURJPY,164.784,164.78699999999998,164.765,164.772,226.0
2024-04-10 04:04:00,FX:EURJPY,164.772,164.78699999999998,164.76899999999998,164.784,176.0
2024-04-10 04:05:00,FX:EURJPY,164.784,164.798,164.784,164.792,137.0
2024-04-10 04:06:00,FX:EURJPY,164.792,164.798,164.78099999999998,164.792,160.0
2024-04-10 04:07:00,FX:EURJPY,164.792,164.813,164.78699999999998,164.813,176.0
2024-04-10 04:08:00,FX:EURJPY,164.813,164.813,164.789,164.79399999999998,134.0
2024-04-10 04:09:00,FX:EURJPY,164.79399999999998,164.797,164.78099999999998,164.796,191.0
2024-04-10 04:10:00,FX:EURJPY,164.796,164.79899999999998,164.783,164.783,132.0
2024-04-10 04:11:00,FX:EURJPY,164.783,164.79,164.783,164.785,96.0
2024-04-10 04:12:00,FX:EURJPY,164.785,164.795,164.784,164.795,148.0
2024-04-10 04:13:00,FX:EURJPY,164.795,164.828,164.795,164.828,235.0
2024-04-10 04:14:00,FX:EURJPY,164.828,164.85,164.827,164.844,215.0
2024-04-10 04:15:00,FX:EURJPY,164.844,164.856,164.831,164.85399999999998,213.0
2024-04-10 04:16:00,FX:EURJPY,164.85399999999998,164.856,164.84799999999998,164.85399999999998,181.0
2024-04-10 04:17:00,FX:EURJPY,164.85399999999998,164.858,164.831,164.84699999999998,147.0
2024-04-10 04:18:00,FX:EURJPY,164.84699999999998,164.84799999999998,164.84,164.84099999999998,145.0
2024-04-10 04:19:00,FX:EURJPY,164.84099999999998,164.84699999999998,164.832,164.833,151.0
2024-04-10 04:20:00,FX:EURJPY,164.833,164.839,164.82999999999998,164.839,116.0
2024-04-10 04:21:00,FX:EURJPY,164.839,164.839,164.833,164.837,111.0
2024-04-10 04:22:00,FX:EURJPY,164.837,164.84699999999998,164.832,164.845,168.0
2024-04-10 04:23:00,FX:EURJPY,164.845,164.85299999999998,164.82899999999998,164.82899999999998,164.0
2024-04-10 04:24:00,FX:EURJPY,164.82899999999998,164.84,164.81699999999998,164.84,113.0
2024-04-10 04:25:00,FX:EURJPY,164.84,164.845,164.83499999999998,164.84199999999998,128.0
2024-04-10 04:26:00,FX:EURJPY,164.84199999999998,164.87699999999998,164.84199999999998,164.864,170.0
2024-04-10 04:27:00,FX:EURJPY,164.864,164.88899999999998,164.861,164.88,199.0
2024-04-10 04:28:00,FX:EURJPY,164.88,164.89999999999998,164.88,164.88299999999998,287.0
2024-04-10 04:29:00,FX:EURJPY,164.88299999999998,164.893,164.879,164.881,218.0
2024-04-10 04:30:00,FX:EURJPY,164.881,164.897,164.87699999999998,164.88799999999998,230.0
2024-04-10 04:31:00,FX:EURJPY,164.88799999999998,164.891,164.88,164.886,170.0
2024-04-10 04:32:00,FX:EURJPY,164.886,164.89399999999998,164.886,164.893,95.0
2024-04-10 04:33:00,FX:EURJPY,164.893,164.893,164.878,164.879,169.0
2024-04-10 04:34:00,FX:EURJPY,164.879,164.88299999999998,164.868,164.879,184.0
2024-04-10 04:35:00,FX:EURJPY,164.879,164.882,164.864,164.875,230.0
2024-04-10 04:36:00,FX:EURJPY,164.875,164.878,164.869,164.874,156.0
2024-04-10 04:37:00,FX:EURJPY,164.874,164.881,164.867,164.868,142.0
2024-04-10 04:38:00,FX:EURJPY,164.868,164.881,164.86499999999998,164.873,188.0
2024-04-10 04:39:00,FX:EURJPY,164.873,164.879,164.857,164.85899999999998,176.0
2024-04-10 04:40:00,FX:EURJPY,164.85899999999998,164.862,164.83499999999998,164.839,193.0
2024-04-10 04:41:00,FX:EURJPY,164.839,164.84799999999998,164.833,164.846,153.0
2024-04-10 04:42:00,FX:EURJPY,164.846,164.855,164.837,164.851,170.0
2024-04-10 04:43:00,FX:EURJPY,164.851,164.868,164.85,164.868,124.0
2024-04-10 04:44:00,FX:EURJPY,164.868,164.868,164.84799999999998,164.862,224.0
2024-04-10 04:45:00,FX:EURJPY,164.862,164.878,164.85999999999999,164.87099999999998,166.0
2024-04-10 04:46:00,FX:EURJPY,164.87099999999998,164.892,164.869,164.891,163.0
2024-04-10 04:47:00,FX:EURJPY,164.891,164.893,164.88,164.885,100.0
2024-04-10 04:48:00,FX:EURJPY,164.885,164.902,164.884,164.89999999999998,138.0
2024-04-10 04:49:00,FX:EURJPY,164.89999999999998,164.91299999999998,164.896,164.909,179.0
2024-04-10 04:50:00,FX:EURJPY,164.909,164.909,164.885,164.891,231.0
2024-04-10 04:51:00,FX:EURJPY,164.891,164.89399999999998,164.869,164.885,194.0
2024-04-10 04:52:00,FX:EURJPY,164.885,164.893,164.881,164.892,138.0
2024-04-10 04:53:00,FX:EURJPY,164.892,164.89499999999998,164.884,164.887,176.0
2024-04-10 04:54:00,FX:EURJPY,164.887,164.899,164.887,164.899,163.0
2024-04-10 04:55:00,FX:EURJPY,164.899,164.91,164.899,164.905,100.0
2024-04-10 04:56:00,FX:EURJPY,164.905,164.91299999999998,164.90099999999998,164.905,191.0
2024-04-10 04:57:00,FX:EURJPY,164.905,164.90599999999998,164.896,164.90099999999998,161.0
2024-04-10 04:58:00,FX:EURJPY,164.90099999999998,164.914,164.90099999999998,164.91,145.0
2024-04-10 04:59:00,FX:EURJPY,164.91,164.921,164.91,164.91799999999998,157.0
2024-04-10 05:00:00,FX:EURJPY,164.91799999999998,164.945,164.916,164.944,132.0
2024-04-10 05:01:00,FX:EURJPY,164.944,164.945,164.932,164.933,155.0
2024-04-10 05:02:00,FX:EURJPY,164.933,164.934,164.916,164.917,168.0
2024-04-10 05:03:00,FX:EURJPY,164.917,164.929,164.915,164.927,185.0
2024-04-10 05:04:00,FX:EURJPY,164.927,164.92999999999998,164.902,164.917,296.0
2024-04-10 05:05:00,FX:EURJPY,164.917,164.932,164.917,164.92399999999998,187.0
2024-04-10 05:06:00,FX:EURJPY,164.92399999999998,164.926,164.89999999999998,164.90099999999998,135.0
2024-04-10 05:07:00,FX:EURJPY,164.90099999999998,164.921,164.90099999999998,164.916,124.0
2024-04-10 05:08:00,FX:EURJPY,164.916,164.929,164.915,164.929,111.0
2024-04-10 05:09:00,FX:EURJPY,164.929,164.934,164.91799999999998,164.92399999999998,157.0
2024-04-10 05:10:00,FX:EURJPY,164.92399999999998,164.927,164.91199999999998,164.91299999999998,158.0
2024-04-10 05:11:00,FX:EURJPY,164.91299999999998,164.926,164.911,164.92499999999998,150.0
2024-04-10 05:12:00,FX:EURJPY,164.92499999999998,164.926,164.90699999999998,164.90699999999998,122.0
2024-04-10 05:13:00,FX:EURJPY,164.90699999999998,164.908,164.887,164.88799999999998,123.0
2024-04-10 05:14:00,FX:EURJPY,164.88799999999998,164.892,164.879,164.881,182.0
2024-04-10 05:15:00,FX:EURJPY,164.881,164.88299999999998,164.874,164.88,206.0
2024-04-10 05:16:00,FX:EURJPY,164.88,164.887,164.874,164.886,120.0
2024-04-10 05:17:00,FX:EURJPY,164.886,164.89499999999998,164.878,164.893,180.0
2024-04-10 05:18:00,FX:EURJPY,164.893,164.90699999999998,164.892,164.904,220.0
2024-04-10 05:19:00,FX:EURJPY,164.904,164.91,164.902,164.909,122.0
2024-04-10 05:20:00,FX:EURJPY,164.909,164.911,164.893,164.903,230.0
2024-04-10 05:21:00,FX:EURJPY,164.903,164.90599999999998,164.897,164.903,186.0
2024-04-10 05:22:00,FX:EURJPY,164.903,164.90599999999998,164.896,164.90099999999998,206.0
2024-04-10 05:23:00,FX:EURJPY,164.90099999999998,164.91299999999998,164.90099999999998,164.91199999999998,131.0
2024-04-10 05:24:00,FX:EURJPY,164.91199999999998,164.926,164.91199999999998,164.922,271.0
2024-04-10 05:25:00,FX:EURJPY,164.922,164.939,164.921,164.939,173.0
2024-04-10 05:26:00,FX:EURJPY,164.939,164.941,164.933,164.93599999999998,179.0
2024-04-10 05:27:00,FX:EURJPY,164.93599999999998,164.951,164.934,164.935,274.0
2024-04-10 05:28:00,FX:EURJPY,164.935,164.938,164.92499999999998,164.92499999999998,183.0
2024-04-10 05:29:00,FX:EURJPY,164.92499999999998,164.929,164.92,164.926,167.0
2024-04-10 05:30:00,FX:EURJPY,164.926,164.94,164.926,164.939,134.0
2024-04-10 05:31:00,FX:EURJPY,164.939,164.945,164.93599999999998,164.938,151.0
2024-04-10 05:32:00,FX:EURJPY,164.938,164.947,164.93099999999998,164.93099999999998,213.0
2024-04-10 05:33:00,FX:EURJPY,164.93099999999998,164.945,164.93099999999998,164.94,157.0
2024-04-10 05:34:00,FX:EURJPY,164.94,164.946,164.93699999999998,164.94199999999998,102.0
2024-04-10 05:35:00,FX:EURJPY,164.94199999999998,164.946,164.934,164.94199999999998,148.0
2024-04-10 05:36:00,FX:EURJPY,164.94199999999998,164.94799999999998,164.929,164.932,156.0
2024-04-10 05:37:00,FX:EURJPY,164.932,164.959,164.929,164.946,162.0
2024-04-10 05:38:00,FX:EURJPY,164.946,164.946,164.92,164.934,169.0
2024-04-10 05:39:00,FX:EURJPY,164.934,164.934,164.92,164.921,152.0
2024-04-10 05:40:00,FX:EURJPY,164.921,164.922,164.90099999999998,164.911,128.0
2024-04-10 05:41:00,FX:EURJPY,164.911,164.92499999999998,164.909,164.92499999999998,130.0
2024-04-10 05:42:00,FX:EURJPY,164.92499999999998,164.939,164.922,164.93699999999998,146.0
2024-04-10 05:43:00,FX:EURJPY,164.93699999999998,164.941,164.92399999999998,164.92399999999998,96.0
2024-04-10 05:44:00,FX:EURJPY,164.92399999999998,164.93599999999998,164.92,164.928,140.0
2024-04-10 05:45:00,FX:EURJPY,164.928,164.928,164.91,164.917,98.0
2024-04-10 05:46:00,FX:EURJPY,164.917,164.922,164.91299999999998,164.91299999999998,70.0
2024-04-10 05:47:00,FX:EURJPY,164.91299999999998,164.927,164.911,164.91299999999998,113.0
2024-04-10 05:48:00,FX:EURJPY,164.91299999999998,164.929,164.91199999999998,164.927,123.0
2024-04-10 05:49:00,FX:EURJPY,164.927,164.93599999999998,164.926,164.933,94.0
2024-04-10 05:50:00,FX:EURJPY,164.933,164.952,164.93099999999998,164.952,107.0
2024-04-10 05:51:00,FX:EURJPY,164.952,164.96699999999998,164.951,164.96599999999998,132.0
2024-04-10 05:52:00,FX:EURJPY,164.96599999999998,164.975,164.964,164.97199999999998,134.0
2024-04-10 05:53:00,FX:EURJPY,164.97199999999998,164.98399999999998,164.968,164.97899999999998,156.0
2024-04-10 05:54:00,FX:EURJPY,164.97899999999998,164.983,164.969,164.97199999999998,196.0
2024-04-10 05:55:00,FX:EURJPY,164.97199999999998,164.974,164.953,164.95399999999998,158.0
2024-04-10 05:56:00,FX:EURJPY,164.95399999999998,164.956,164.932,164.932,150.0
2024-04-10 05:57:00,FX:EURJPY,164.932,164.93599999999998,164.91799999999998,164.932,204.0
2024-04-10 05:58:00,FX:EURJPY,164.932,164.94299999999998,164.92999999999998,164.939,176.0
2024-04-10 05:59:00,FX:EURJPY,164.939,164.947,164.938,164.94199999999998,147.0
2024-04-10 06:00:00,FX:EURJPY,164.94199999999998,164.94199999999998,164.91899999999998,164.922,252.0
2024-04-10 06:01:00,FX:EURJPY,164.922,164.92999999999998,164.92,164.926,172.0
2024-04-10 06:02:00,FX:EURJPY,164.926,164.938,164.926,164.933,162.0
2024-04-10 06:03:00,FX:EURJPY,164.933,164.94899999999998,164.932,164.94899999999998,119.0
2024-04-10 06:04:00,FX:EURJPY,164.94899999999998,164.953,164.933,164.935,133.0
2024-04-10 06:05:00,FX:EURJPY,164.935,164.941,164.933,164.93699999999998,142.0
2024-04-10 06:06:00,FX:EURJPY,164.93699999999998,164.94299999999998,164.92999999999998,164.92999999999998,142.0
2024-04-10 06:07:00,FX:EURJPY,164.92999999999998,164.94199999999998,164.92,164.94,149.0
2024-04-10 06:08:00,FX:EURJPY,164.94,164.947,164.93699999999998,164.945,148.0
2024-04-10 06:09:00,FX:EURJPY,164.945,164.94899999999998,164.93599999999998,164.94199999999998,169.0
2024-04-10 06:10:00,FX:EURJPY,164.94199999999998,164.94299999999998,164.932,164.933,147.0
2024-04-10 06:11:00,FX:EURJPY,164.933,164.93599999999998,164.927,164.928,120.0
2024-04-10 06:12:00,FX:EURJPY,164.928,164.928,164.914,164.922,152.0
2024-04-10 06:13:00,FX:EURJPY,164.922,164.929,164.917,164.927,128.0
2024-04-10 06:14:00,FX:EURJPY,164.927,164.933,164.923,164.92499999999998,128.0
2024-04-10 06:15:00,FX:EURJPY,164.92499999999998,164.929,164.917,164.923,161.0
2024-04-10 06:16:00,FX:EURJPY,164.923,164.923,164.916,164.91899999999998,128.0
2024-04-10 06:17:00,FX:EURJPY,164.91899999999998,164.927,164.91799999999998,164.91899999999998,175.0
2024-04-10 06:18:00,FX:EURJPY,164.91899999999998,164.92999999999998,164.90699999999998,164.908,200.0
2024-04-10 06:19:00,FX:EURJPY,164.908,164.92,164.90699999999998,164.91199999999998,142.0
2024-04-10 06:20:00,FX:EURJPY,164.91199999999998,164.922,164.904,164.904,161.0
2024-04-10 06:21:00,FX:EURJPY,164.904,164.91,164.899,164.904,138.0
2024-04-10 06:22:00,FX:EURJPY,164.904,164.91199999999998,164.897,164.91199999999998,180.0
2024-04-10 06:23:00,FX:EURJPY,164.91199999999998,164.916,164.904,164.91299999999998,223.0
2024-04-10 06:24:00,FX:EURJPY,164.91299999999998,164.92,164.90699999999998,164.911,175.0
2024-04-10 06:25:00,FX:EURJPY,164.911,164.929,164.911,164.928,247.0
2024-04-10 06:26:00,FX:EURJPY,164.928,164.92999999999998,164.91,164.914,171.0
2024-04-10 06:27:00,FX:EURJPY,164.914,164.928,164.91299999999998,164.926,228.0
2024-04-10 06:28:00,FX:EURJPY,164.926,164.93599999999998,164.91799999999998,164.935,216.0
2024-04-10 06:29:00,FX:EURJPY,164.935,164.953,164.935,164.953,272.0
2024-04-10 06:30:00,FX:EURJPY,164.953,164.957,164.94799999999998,164.95499999999998,225.0
2024-04-10 06:31:00,FX:EURJPY,164.95499999999998,164.962,164.944,164.946,239.0
2024-04-10 06:32:00,FX:EURJPY,164.946,164.959,164.946,164.953,162.0
2024-04-10 06:33:00,FX:EURJPY,164.953,164.964,164.953,164.962,106.0
2024-04-10 06:34:00,FX:EURJPY,164.962,164.963,164.951,164.95399999999998,116.0
2024-04-10 06:35:00,FX:EURJPY,164.95399999999998,164.95399999999998,164.938,164.938,144.0
2024-04-10 06:36:00,FX:EURJPY,164.938,164.946,164.93699999999998,164.944,233.0
2024-04-10 06:37:00,FX:EURJPY,164.944,164.96699999999998,164.944,164.95999999999998,179.0
2024-04-10 06:38:00,FX:EURJPY,164.95999999999998,164.97299999999998,164.957,164.971,131.0
2024-04-10 06:39:00,FX:EURJPY,164.971,164.974,164.95,164.951,158.0
2024-04-10 06:40:00,FX:EURJPY,164.951,164.951,164.934,164.94299999999998,138.0
2024-04-10 06:41:00,FX:EURJPY,164.94299999999998,164.95,164.938,164.94199999999998,120.0
2024-04-10 06:42:00,FX:EURJPY,164.94199999999998,164.94799999999998,164.935,164.945,122.0
2024-04-10 06:43:00,FX:EURJPY,164.945,164.94799999999998,164.938,164.94299999999998,104.0
2024-04-10 06:44:00,FX:EURJPY,164.94299999999998,164.94299999999998,164.933,164.93699999999998,119.0
2024-04-10 06:45:00,FX:EURJPY,164.93699999999998,164.93699999999998,164.928,164.93599999999998,109.0
2024-04-10 06:46:00,FX:EURJPY,164.93599999999998,164.944,164.92999999999998,164.941,115.0
2024-04-10 06:47:00,FX:EURJPY,164.941,164.944,164.93099999999998,164.93599999999998,88.0
2024-04-10 06:48:00,FX:EURJPY,164.93599999999998,164.944,164.932,164.944,79.0
2024-04-10 06:49:00,FX:EURJPY,164.944,164.951,164.939,164.95,178.0
2024-04-10 06:50:00,FX:EURJPY,164.95,164.96099999999998,164.95,164.95999999999998,113.0
2024-04-10 06:51:00,FX:EURJPY,164.95999999999998,164.965,164.952,164.952,101.0
2024-04-10 06:52:00,FX:EURJPY,164.952,164.95399999999998,164.944,164.945,137.0
2024-04-10 06:53:00,FX:EURJPY,164.945,164.94899999999998,164.941,164.946,90.0
2024-04-10 06:54:00,FX:EURJPY,164.946,164.952,164.934,164.939,117.0
2024-04-10 06:55:00,FX:EURJPY,164.939,164.95399999999998,164.939,164.95399999999998,81.0
2024-04-10 06:56:00,FX:EURJPY,164.95399999999998,164.956,164.94299999999998,164.945,92.0
2024-04-10 06:57:00,FX:EURJPY,164.945,164.94799999999998,164.94299999999998,164.94799999999998,75.0
2024-04-10 06:58:00,FX:EURJPY,164.94799999999998,164.965,164.94799999999998,164.963,90.0
2024-04-10 06:59:00,FX:EURJPY,164.963,164.971,164.95499999999998,164.958,127.0
2024-04-10 07:00:00,FX:EURJPY,164.958,164.958,164.935,164.93699999999998,115.0
2024-04-10 07:01:00,FX:EURJPY,164.93699999999998,164.938,164.922,164.923,151.0
2024-04-10 07:02:00,FX:EURJPY,164.923,164.934,164.91899999999998,164.927,207.0
2024-04-10 07:03:00,FX:EURJPY,164.927,164.932,164.92399999999998,164.932,87.0
2024-04-10 07:04:00,FX:EURJPY,164.932,164.933,164.91799999999998,164.91799999999998,131.0
2024-04-10 07:05:00,FX:EURJPY,164.91799999999998,164.93099999999998,164.91799999999998,164.93099999999998,126.0
2024-04-10 07:06:00,FX:EURJPY,164.93099999999998,164.935,164.92,164.92,146.0
2024-04-10 07:07:00,FX:EURJPY,164.92,164.93099999999998,164.916,164.926,100.0
2024-04-10 07:08:00,FX:EURJPY,164.926,164.94,164.923,164.93699999999998,137.0
2024-04-10 07:09:00,FX:EURJPY,164.93699999999998,164.938,164.927,164.929,122.0
2024-04-10 07:10:00,FX:EURJPY,164.929,164.92999999999998,164.91799999999998,164.923,99.0
2024-04-10 07:11:00,FX:EURJPY,164.923,164.93099999999998,164.921,164.926,135.0
2024-04-10 07:12:00,FX:EURJPY,164.926,164.944,164.92499999999998,164.93699999999998,126.0
2024-04-10 07:13:00,FX:EURJPY,164.93699999999998,164.947,164.93599999999998,164.945,89.0
2024-04-10 07:14:00,FX:EURJPY,164.945,164.956,164.93599999999998,164.941,173.0
2024-04-10 07:15:00,FX:EURJPY,164.941,164.958,164.941,164.958,119.0
2024-04-10 07:16:00,FX:EURJPY,164.958,164.96599999999998,164.95499999999998,164.959,106.0
2024-04-10 07:17:00,FX:EURJPY,164.959,164.97199999999998,164.95499999999998,164.96599999999998,90.0
2024-04-10 07:18:00,FX:EURJPY,164.96599999999998,164.96699999999998,164.953,164.95499999999998,115.0
2024-04-10 07:19:00,FX:EURJPY,164.95499999999998,164.965,164.95,164.963,119.0
2024-04-10 07:20:00,FX:EURJPY,164.963,164.964,164.95,164.95,69.0
2024-04-10 07:21:00,FX:EURJPY,164.95,164.951,164.938,164.944,126.0
2024-04-10 07:22:00,FX:EURJPY,164.944,164.957,164.94199999999998,164.95499999999998,134.0
2024-04-10 07:23:00,FX:EURJPY,164.95499999999998,164.96699999999998,164.953,164.96699999999998,102.0
2024-04-10 07:24:00,FX:EURJPY,164.96699999999998,164.971,164.962,164.964,132.0
2024-04-10 07:25:00,FX:EURJPY,164.964,164.96599999999998,164.96099999999998,164.963,64.0
2024-04-10 07:26:00,FX:EURJPY,164.963,164.97899999999998,164.96099999999998,164.977,143.0
2024-04-10 07:27:00,FX:EURJPY,164.977,164.99099999999999,164.969,164.969,188.0
2024-04-10 07:28:00,FX:EURJPY,164.969,164.97,164.95,164.95,167.0
2024-04-10 07:29:00,FX:EURJPY,164.95,164.957,164.94,164.94,174.0
2024-04-10 07:30:00,FX:EURJPY,164.94,164.94199999999998,164.92399999999998,164.926,196.0
2024-04-10 07:31:00,FX:EURJPY,164.926,164.93599999999998,164.926,164.935,177.0
2024-04-10 07:32:00,FX:EURJPY,164.935,164.945,164.93099999999998,164.934,169.0
2024-04-10 07:33:00,FX:EURJPY,164.934,164.93699999999998,164.923,164.92399999999998,133.0
2024-04-10 07:34:00,FX:EURJPY,164.92399999999998,164.927,164.922,164.92499999999998,109.0
2024-04-10 07:35:00,FX:EURJPY,164.92499999999998,164.926,164.91299999999998,164.914,130.0
2024-04-10 07:36:00,FX:EURJPY,164.914,164.91899999999998,164.903,164.908,158.0
2024-04-10 07:37:00,FX:EURJPY,164.908,164.909,164.90099999999998,164.904,224.0
2024-04-10 07:38:00,FX:EURJPY,164.904,164.91899999999998,164.903,164.91199999999998,187.0
2024-04-10 07:39:00,FX:EURJPY,164.91199999999998,164.91199999999998,164.896,164.897,93.0
2024-04-10 07:40:00,FX:EURJPY,164.897,164.909,164.897,164.90699999999998,190.0
2024-04-10 07:41:00,FX:EURJPY,164.90699999999998,164.908,164.891,164.893,228.0
2024-04-10 07:42:00,FX:EURJPY,164.893,164.893,164.868,164.87099999999998,266.0
2024-04-10 07:43:00,FX:EURJPY,164.87099999999998,164.891,164.87099999999998,164.891,201.0
2024-04-10 07:44:00,FX:EURJPY,164.891,164.892,164.87199999999999,164.88,137.0
2024-04-10 07:45:00,FX:EURJPY,164.88,164.88799999999998,164.87,164.882,175.0
2024-04-10 07:46:00,FX:EURJPY,164.882,164.887,164.874,164.88299999999998,98.0
2024-04-10 07:47:00,FX:EURJPY,164.88299999999998,164.897,164.878,164.893,135.0
2024-04-10 07:48:00,FX:EURJPY,164.893,164.89499999999998,164.867,164.874,205.0
2024-04-10 07:49:00,FX:EURJPY,164.874,164.876,164.862,164.875,165.0
2024-04-10 07:50:00,FX:EURJPY,164.875,164.87699999999998,164.84,164.843,229.0
2024-04-10 07:51:00,FX:EURJPY,164.843,164.852,164.84099999999998,164.843,175.0
2024-04-10 07:52:00,FX:EURJPY,164.843,164.85,164.839,164.84099999999998,115.0
2024-04-10 07:53:00,FX:EURJPY,164.84099999999998,164.85,164.838,164.84,114.0
2024-04-10 07:54:00,FX:EURJPY,164.84,164.843,164.832,164.84099999999998,221.0
2024-04-10 07:55:00,FX:EURJPY,164.84099999999998,164.84099999999998,164.826,164.82999999999998,185.0
2024-04-10 07:56:00,FX:EURJPY,164.82999999999998,164.832,164.815,164.819,235.0
2024-04-10 07:57:00,FX:EURJPY,164.819,164.83599999999998,164.81799999999998,164.827,193.0
2024-04-10 07:58:00,FX:EURJPY,164.827,164.82999999999998,164.822,164.827,235.0
2024-04-10 07:59:00,FX:EURJPY,164.827,164.83599999999998,164.826,164.832,223.0
2024-04-10 08:00:00,FX:EURJPY,164.832,164.844,164.82399999999998,164.828,319.0
2024-04-10 08:01:00,FX:EURJPY,164.828,164.85399999999998,164.827,164.852,354.0
2024-04-10 08:02:00,FX:EURJPY,164.852,164.878,164.846,164.87099999999998,306.0
2024-04-10 08:03:00,FX:EURJPY,164.87099999999998,164.881,164.86599999999999,164.86599999999999,262.0
2024-04-10 08:04:00,FX:EURJPY,164.86599999999999,164.878,164.85999999999999,164.878,291.0
2024-04-10 08:05:00,FX:EURJPY,164.878,164.878,164.861,164.863,183.0
2024-04-10 08:06:00,FX:EURJPY,164.863,164.876,164.862,164.87199999999999,217.0
2024-04-10 08:07:00,FX:EURJPY,164.87199999999999,164.885,164.87,164.873,208.0
2024-04-10 08:08:00,FX:EURJPY,164.873,164.886,164.87199999999999,164.882,302.0
2024-04-10 08:09:00,FX:EURJPY,164.882,164.891,164.873,164.886,331.0
2024-04-10 08:10:00,FX:EURJPY,164.886,164.89,164.874,164.879,290.0
2024-04-10 08:11:00,FX:EURJPY,164.879,164.898,164.869,164.897,250.0
2024-04-10 08:12:00,FX:EURJPY,164.897,164.904,164.89499999999998,164.897,216.0
2024-04-10 08:13:00,FX:EURJPY,164.897,164.899,164.884,164.887,249.0
2024-04-10 08:14:00,FX:EURJPY,164.887,164.89399999999998,164.88299999999998,164.88799999999998,203.0
2024-04-10 08:15:00,FX:EURJPY,164.88799999999998,164.917,164.88799999999998,164.916,272.0
2024-04-10 08:16:00,FX:EURJPY,164.916,164.929,164.911,164.92399999999998,215.0
2024-04-10 08:17:00,FX:EURJPY,164.92399999999998,164.928,164.908,164.923,251.0
2024-04-10 08:18:00,FX:EURJPY,164.923,164.93599999999998,164.914,164.914,293.0
2024-04-10 08:19:00,FX:EURJPY,164.914,164.921,164.905,164.90699999999998,374.0
2024-04-10 08:20:00,FX:EURJPY,164.90699999999998,164.92399999999998,164.904,164.90599999999998,315.0
2024-04-10 08:21:00,FX:EURJPY,164.90599999999998,164.91299999999998,164.89999999999998,164.911,320.0
2024-04-10 08:22:00,FX:EURJPY,164.911,164.915,164.89399999999998,164.89499999999998,261.0
2024-04-10 08:23:00,FX:EURJPY,164.89499999999998,164.91299999999998,164.839,164.899,383.0
2024-04-10 08:24:00,FX:EURJPY,164.899,164.915,164.89499999999998,164.915,211.0
2024-04-10 08:25:00,FX:EURJPY,164.915,164.91899999999998,164.87699999999998,164.88799999999998,250.0
2024-04-10 08:26:00,FX:EURJPY,164.88799999999998,164.88899999999998,164.858,164.86499999999998,227.0
2024-04-10 08:27:00,FX:EURJPY,164.86499999999998,164.90699999999998,164.86499999999998,164.90099999999998,234.0
2024-04-10 08:28:00,FX:EURJPY,164.90099999999998,164.91199999999998,164.876,164.887,346.0
2024-04-10 08:29:00,FX:EURJPY,164.887,164.939,164.838,164.838,959.0
2024-04-10 08:30:00,FX:EURJPY,164.838,164.952,164.421,164.458,2404.0
2024-04-10 08:31:00,FX:EURJPY,164.458,164.601,164.44299999999998,164.554,3326.0
2024-04-10 08:32:00,FX:EURJPY,164.554,164.618,164.52599999999998,164.552,3187.0
2024-04-10 08:33:00,FX:EURJPY,164.552,164.553,164.392,164.39499999999998,2408.0
2024-04-10 08:34:00,FX:EURJPY,164.39499999999998,164.446,164.35299999999998,164.426,2539.0
2024-04-10 08:35:00,FX:EURJPY,164.426,164.47899999999998,164.42,164.446,1895.0
2024-04-10 08:36:00,FX:EURJPY,164.446,164.5,164.399,164.405,1808.0
2024-04-10 08:37:00,FX:EURJPY,164.405,164.42399999999998,164.38,164.39,1528.0
2024-04-10 08:38:00,FX:EURJPY,164.39,164.404,164.343,164.38799999999998,1692.0
2024-04-10 08:39:00,FX:EURJPY,164.38799999999998,164.391,164.343,164.369,1751.0
2024-04-10 08:40:00,FX:EURJPY,164.369,164.397,164.346,164.387,1434.0
2024-04-10 08:41:00,FX:EURJPY,164.387,164.42999999999998,164.357,164.358,1542.0
2024-04-10 08:42:00,FX:EURJPY,164.358,164.43599999999998,164.346,164.433,1535.0
2024-04-10 08:43:00,FX:EURJPY,164.433,164.44299999999998,164.38299999999998,164.386,1109.0
2024-04-10 08:44:00,FX:EURJPY,164.386,164.41299999999998,164.364,164.386,993.0
2024-04-10 08:45:00,FX:EURJPY,164.386,164.39999999999998,163.87699999999998,164.13,2903.0
2024-04-10 08:46:00,FX:EURJPY,164.13,164.321,164.118,164.295,3368.0
2024-04-10 08:47:00,FX:EURJPY,164.295,164.37199999999999,164.257,164.364,1889.0
2024-04-10 08:48:00,FX:EURJPY,164.364,164.37199999999999,164.295,164.295,1407.0
2024-04-10 08:49:00,FX:EURJPY,164.295,164.363,164.285,164.322,1652.0
2024-04-10 08:50:00,FX:EURJPY,164.322,164.343,164.284,164.319,1388.0
2024-04-10 08:51:00,FX:EURJPY,164.319,164.373,164.286,164.36499999999998,1274.0
2024-04-10 08:52:00,FX:EURJPY,164.36499999999998,164.408,164.355,164.399,1035.0
2024-04-10 08:53:00,FX:EURJPY,164.399,164.42499999999998,164.382,164.408,1135.0
2024-04-10 08:54:00,FX:EURJPY,164.408,164.408,164.343,164.358,935.0
2024-04-10 08:55:00,FX:EURJPY,164.358,164.38,164.34099999999998,164.352,1030.0
2024-04-10 08:56:00,FX:EURJPY,164.352,164.37699999999998,164.31799999999998,164.319,1150.0
2024-04-10 08:57:00,FX:EURJPY,164.319,164.35399999999998,164.301,164.31099999999998,843.0
2024-04-10 08:58:00,FX:EURJPY,164.31099999999998,164.328,164.285,164.315,894.0
2024-04-10 08:59:00,FX:EURJPY,164.315,164.32,164.265,164.279,744.0
2024-04-10 09:00:00,FX:EURJPY,164.279,164.303,164.248,164.27499999999998,1376.0
2024-04-10 09:01:00,FX:EURJPY,164.27499999999998,164.292,164.25199999999998,164.28699999999998,1016.0
2024-04-10 09:02:00,FX:EURJPY,164.28699999999998,164.28699999999998,164.243,164.25,898.0
2024-04-10 09:03:00,FX:EURJPY,164.25,164.28,164.24099999999999,164.243,837.0
2024-04-10 09:04:00,FX:EURJPY,164.243,164.285,164.23999999999998,164.271,899.0
2024-04-10 09:05:00,FX:EURJPY,164.271,164.29299999999998,164.237,164.28799999999998,732.0
2024-04-10 09:06:00,FX:EURJPY,164.28799999999998,164.30499999999998,164.26899999999998,164.29399999999998,668.0
2024-04-10 09:07:00,FX:EURJPY,164.29399999999998,164.314,164.285,164.291,667.0
2024-04-10 09:08:00,FX:EURJPY,164.291,164.291,164.23999999999998,164.23999999999998,775.0
2024-04-10 09:09:00,FX:EURJPY,164.23999999999998,164.254,164.197,164.202,808.0
2024-04-10 09:10:00,FX:EURJPY,164.202,164.21099999999998,164.167,164.183,452.0
2024-04-10 09:11:00,FX:EURJPY,164.183,164.183,164.14999999999998,164.15599999999998,454.0
2024-04-10 09:12:00,FX:EURJPY,164.15599999999998,164.16,164.11599999999999,164.135,840.0
2024-04-10 09:13:00,FX:EURJPY,164.135,164.149,164.095,164.1,743.0
2024-04-10 09:14:00,FX:EURJPY,164.1,164.135,164.099,164.118,515.0
2024-04-10 09:15:00,FX:EURJPY,164.118,164.182,164.117,164.146,637.0
2024-04-10 09:16:00,FX:EURJPY,164.146,164.158,164.128,164.158,499.0
2024-04-10 09:17:00,FX:EURJPY,164.158,164.21099999999998,164.142,164.19899999999998,737.0
2024-04-10 09:18:00,FX:EURJPY,164.19899999999998,164.203,164.18099999999998,164.19199999999998,595.0
2024-04-10 09:19:00,FX:EURJPY,164.19199999999998,164.206,164.17399999999998,164.194,498.0
2024-04-10 09:20:00,FX:EURJPY,164.194,164.202,164.14,164.14999999999998,489.0
2024-04-10 09:21:00,FX:EURJPY,164.14999999999998,164.22,164.149,164.219,550.0
2024-04-10 09:22:00,FX:EURJPY,164.219,164.24699999999999,164.21099999999998,164.22899999999998,596.0
2024-04-10 09:23:00,FX:EURJPY,164.22899999999998,164.23399999999998,164.203,164.207,464.0
2024-04-10 09:24:00,FX:EURJPY,164.207,164.209,164.147,164.161,420.0
2024-04-10 09:25:00,FX:EURJPY,164.161,164.18099999999998,164.141,164.167,514.0
2024-04-10 09:26:00,FX:EURJPY,164.167,164.194,164.15699999999998,164.183,341.0
2024-04-10 09:27:00,FX:EURJPY,164.183,164.201,164.17399999999998,164.194,395.0
2024-04-10 09:28:00,FX:EURJPY,164.194,164.221,164.188,164.21699999999998,412.0
2024-04-10 09:29:00,FX:EURJPY,164.21699999999998,164.249,164.208,164.24099999999999,397.0
2024-04-10 09:30:00,FX:EURJPY,164.24099999999999,164.25799999999998,164.20999999999998,164.21099999999998,713.0
2024-04-10 09:31:00,FX:EURJPY,164.21099999999998,164.218,164.15099999999998,164.152,734.0
2024-04-10 09:32:00,FX:EURJPY,164.152,164.213,164.15099999999998,164.208,846.0
2024-04-10 09:33:00,FX:EURJPY,164.208,164.208,164.158,164.165,764.0
2024-04-10 09:34:00,FX:EURJPY,164.165,164.177,164.13799999999998,164.158,615.0
2024-04-10 09:35:00,FX:EURJPY,164.158,164.16299999999998,164.131,164.16299999999998,494.0
2024-04-10 09:36:00,FX:EURJPY,164.16299999999998,164.207,164.161,164.17399999999998,553.0
2024-04-10 09:37:00,FX:EURJPY,164.17399999999998,164.177,164.113,164.117,667.0
2024-04-10 09:38:00,FX:EURJPY,164.117,164.21599999999998,164.06699999999998,164.179,1142.0
2024-04-10 09:39:00,FX:EURJPY,164.179,164.189,164.134,164.18599999999998,719.0
2024-04-10 09:40:00,FX:EURJPY,164.18599999999998,164.231,164.182,164.21599999999998,637.0
2024-04-10 09:41:00,FX:EURJPY,164.21599999999998,164.23399999999998,164.196,164.206,671.0
2024-04-10 09:42:00,FX:EURJPY,164.206,164.209,164.16899999999998,164.172,568.0
2024-04-10 09:43:00,FX:EURJPY,164.172,164.189,164.15699999999998,164.167,432.0
2024-04-10 09:44:00,FX:EURJPY,164.167,164.171,164.13899999999998,164.15599999999998,488.0
2024-04-10 09:45:00,FX:EURJPY,164.15599999999998,164.164,164.09099999999998,164.12,1032.0
2024-04-10 09:46:00,FX:EURJPY,164.12,164.153,164.106,164.111,736.0
2024-04-10 09:47:00,FX:EURJPY,164.111,164.146,164.089,164.129,727.0
2024-04-10 09:48:00,FX:EURJPY,164.129,164.15099999999998,164.102,164.119,686.0
2024-04-10 09:49:00,FX:EURJPY,164.119,164.13899999999998,164.105,164.107,585.0
2024-04-10 09:50:00,FX:EURJPY,164.107,164.183,164.09099999999998,164.16199999999998,601.0
2024-04-10 09:51:00,FX:EURJPY,164.16199999999998,164.173,164.112,164.136,631.0
2024-04-10 09:52:00,FX:EURJPY,164.136,164.15599999999998,164.126,164.142,718.0
2024-04-10 09:53:00,FX:EURJPY,164.142,164.194,164.124,164.19199999999998,749.0
2024-04-10 09:54:00,FX:EURJPY,164.19199999999998,164.203,164.176,164.18099999999998,805.0
2024-04-10 09:55:00,FX:EURJPY,164.18099999999998,164.18099999999998,164.141,164.158,923.0
2024-04-10 09:56:00,FX:EURJPY,164.158,164.188,164.148,164.178,832.0
2024-04-10 09:57:00,FX:EURJPY,164.178,164.194,164.15699999999998,164.183,780.0
2024-04-10 09:58:00,FX:EURJPY,164.183,164.194,164.17,164.18599999999998,564.0
2024-04-10 09:59:00,FX:EURJPY,164.18599999999998,164.189,164.134,164.135,600.0
2024-04-10 10:00:00,FX:EURJPY,164.135,164.15599999999998,164.124,164.129,647.0
2024-04-10 10:01:00,FX:EURJPY,164.129,164.183,164.129,164.16299999999998,749.0
2024-04-10 10:02:00,FX:EURJPY,164.16299999999998,164.172,164.131,164.141,751.0
2024-04-10 10:03:00,FX:EURJPY,164.141,164.155,164.11599999999999,164.141,710.0
2024-04-10 10:04:00,FX:EURJPY,164.141,164.142,164.101,164.108,517.0
2024-04-10 10:05:00,FX:EURJPY,164.108,164.195,164.108,164.183,787.0
2024-04-10 10:06:00,FX:EURJPY,164.183,164.21699999999998,164.18099999999998,164.18699999999998,639.0
2024-04-10 10:07:00,FX:EURJPY,164.18699999999998,164.22899999999998,164.18099999999998,164.221,590.0
2024-04-10 10:08:00,FX:EURJPY,164.221,164.259,164.207,164.255,656.0
2024-04-10 10:09:00,FX:EURJPY,164.255,164.28099999999998,164.24599999999998,164.257,660.0
2024-04-10 10:10:00,FX:EURJPY,164.257,164.262,164.236,164.24699999999999,608.0
2024-04-10 10:11:00,FX:EURJPY,164.24699999999999,164.257,164.22299999999998,164.22899999999998,541.0
2024-04-10 10:12:00,FX:EURJPY,164.22899999999998,164.25,164.22,164.23499999999999,444.0
2024-04-10 10:13:00,FX:EURJPY,164.23499999999999,164.23999999999998,164.208,164.22799999999998,487.0
2024-04-10 10:14:00,FX:EURJPY,164.22799999999998,164.24699999999999,164.21599999999998,164.243,369.0
2024-04-10 10:15:00,FX:EURJPY,164.243,164.25199999999998,164.224,164.242,376.0
2024-04-10 10:16:00,FX:EURJPY,164.242,164.29399999999998,164.242,164.26399999999998,484.0
2024-04-10 10:17:00,FX:EURJPY,164.26399999999998,164.28799999999998,164.254,164.26,476.0
2024-04-10 10:18:00,FX:EURJPY,164.26,164.283,164.25799999999998,164.272,518.0
2024-04-10 10:19:00,FX:EURJPY,164.272,164.314,164.267,164.31099999999998,570.0
2024-04-10 10:20:00,FX:EURJPY,164.31099999999998,164.313,164.285,164.309,503.0
2024-04-10 10:21:00,FX:EURJPY,164.309,164.309,164.257,164.27499999999998,482.0
2024-04-10 10:22:00,FX:EURJPY,164.27499999999998,164.319,164.26999999999998,164.30499999999998,845.0
2024-04-10 10:23:00,FX:EURJPY,164.30499999999998,164.308,164.271,164.274,671.0
2024-04-10 10:24:00,FX:EURJPY,164.274,164.296,164.255,164.29,753.0
2024-04-10 10:25:00,FX:EURJPY,164.29,164.33599999999998,164.28699999999998,164.32,675.0
2024-04-10 10:26:00,FX:EURJPY,164.32,164.32299999999998,164.25,164.262,625.0
2024-04-10 10:27:00,FX:EURJPY,164.262,164.262,164.23999999999998,164.255,566.0
2024-04-10 10:28:00,FX:EURJPY,164.255,164.255,164.227,164.236,379.0
2024-04-10 10:29:00,FX:EURJPY,164.236,164.259,164.219,164.236,489.0
2024-04-10 10:30:00,FX:EURJPY,164.236,164.274,164.236,164.248,570.0
2024-04-10 10:31:00,FX:EURJPY,164.248,164.251,164.224,164.242,476.0
2024-04-10 10:32:00,FX:EURJPY,164.242,164.26999999999998,164.225,164.26399999999998,511.0
2024-04-10 10:33:00,FX:EURJPY,164.26399999999998,164.295,164.251,164.289,573.0
2024-04-10 10:34:00,FX:EURJPY,164.289,164.30499999999998,164.28,164.28799999999998,477.0
2024-04-10 10:35:00,FX:EURJPY,164.28799999999998,164.313,164.283,164.289,584.0
2024-04-10 10:36:00,FX:EURJPY,164.289,164.29399999999998,164.261,164.278,521.0
2024-04-10 10:37:00,FX:EURJPY,164.278,164.28199999999998,164.259,164.28,511.0
2024-04-10 10:38:00,FX:EURJPY,164.28,164.331,164.28,164.326,592.0
2024-04-10 10:39:00,FX:EURJPY,164.326,164.349,164.307,164.313,555.0
2024-04-10 10:40:00,FX:EURJPY,164.313,164.31799999999998,164.265,164.28,577.0
2024-04-10 10:41:00,FX:EURJPY,164.28,164.296,164.26999999999998,164.272,515.0
2024-04-10 10:42:00,FX:EURJPY,164.272,164.278,164.238,164.239,413.0
2024-04-10 10:43:00,FX:EURJPY,164.239,164.25199999999998,164.232,164.245,334.0
2024-04-10 10:44:00,FX:EURJPY,164.245,164.26,164.236,164.248,379.0
2024-04-10 10:45:00,FX:EURJPY,164.248,164.272,164.23999999999998,164.243,490.0
2024-04-10 10:46:00,FX:EURJPY,164.243,164.251,164.20399999999998,164.21599999999998,666.0
2024-04-10 10:47:00,FX:EURJPY,164.21599999999998,164.253,164.21099999999998,164.253,512.0
2024-04-10 10:48:00,FX:EURJPY,164.253,164.253,164.22899999999998,164.251,278.0
2024-04-10 10:49:00,FX:EURJPY,164.251,164.272,164.251,164.261,314.0
2024-04-10 10:50:00,FX:EURJPY,164.261,164.266,164.226,164.25,461.0
2024-04-10 10:51:00,FX:EURJPY,164.25,164.261,164.224,164.23399999999998,482.0
2024-04-10 10:52:00,FX:EURJPY,164.23399999999998,164.24599999999998,164.227,164.237,411.0
2024-04-10 10:53:00,FX:EURJPY,164.237,164.26299999999998,164.236,164.254,385.0
2024-04-10 10:54:00,FX:EURJPY,164.254,164.254,164.22899999999998,164.232,321.0
2024-04-10 10:55:00,FX:EURJPY,164.232,164.249,164.224,164.23399999999998,395.0
2024-04-10 10:56:00,FX:EURJPY,164.23399999999998,164.239,164.202,164.219,388.0
2024-04-10 10:57:00,FX:EURJPY,164.219,164.253,164.212,164.24599999999998,542.0
2024-04-10 10:58:00,FX:EURJPY,164.24599999999998,164.28099999999998,164.242,164.28,453.0
2024-04-10 10:59:00,FX:EURJPY,164.28,164.28699999999998,164.262,164.279,447.0
2024-04-10 11:00:00,FX:EURJPY,164.279,164.302,164.27499999999998,164.28,394.0
2024-04-10 11:01:00,FX:EURJPY,164.28,164.28699999999998,164.26299999999998,164.268,465.0
2024-04-10 11:02:00,FX:EURJPY,164.268,164.278,164.26,164.26299999999998,356.0
2024-04-10 11:03:00,FX:EURJPY,164.26299999999998,164.267,164.243,164.261,410.0
2024-04-10 11:04:00,FX:EURJPY,164.261,164.261,164.233,164.23999999999998,559.0
2024-04-10 11:05:00,FX:EURJPY,164.23999999999998,164.279,164.22799999999998,164.255,563.0
2024-04-10 11:06:00,FX:EURJPY,164.255,164.271,164.24599999999998,164.259,414.0
2024-04-10 11:07:00,FX:EURJPY,164.259,164.28699999999998,164.259,164.28199999999998,401.0
2024-04-10 11:08:00,FX:EURJPY,164.28199999999998,164.284,164.25799999999998,164.261,393.0
2024-04-10 11:09:00,FX:EURJPY,164.261,164.28699999999998,164.259,164.277,328.0
2024-04-10 11:10:00,FX:EURJPY,164.277,164.298,164.271,164.292,599.0
2024-04-10 11:11:00,FX:EURJPY,164.292,164.303,164.284,164.296,337.0
2024-04-10 11:12:00,FX:EURJPY,164.296,164.297,164.26899999999998,164.26999999999998,407.0
2024-04-10 11:13:00,FX:EURJPY,164.26999999999998,164.285,164.268,164.285,425.0
2024-04-10 11:14:00,FX:EURJPY,164.285,164.295,164.25799999999998,164.259,359.0
2024-04-10 11:15:00,FX:EURJPY,164.259,164.28099999999998,164.25799999999998,164.27599999999998,381.0
2024-04-10 11:16:00,FX:EURJPY,164.27599999999998,164.289,164.26899999999998,164.273,374.0
2024-04-10 11:17:00,FX:EURJPY,164.273,164.278,164.26,164.261,293.0
2024-04-10 11:18:00,FX:EURJPY,164.261,164.286,164.25799999999998,164.28199999999998,255.0
2024-04-10 11:19:00,FX:EURJPY,164.28199999999998,164.291,164.26,164.26299999999998,368.0
2024-04-10 11:20:00,FX:EURJPY,164.26299999999998,164.274,164.244,164.274,465.0
2024-04-10 11:21:00,FX:EURJPY,164.274,164.27599999999998,164.257,164.267,370.0
2024-04-10 11:22:00,FX:EURJPY,164.267,164.279,164.25799999999998,164.273,383.0
2024-04-10 11:23:00,FX:EURJPY,164.273,164.286,164.265,164.286,307.0
2024-04-10 11:24:00,FX:EURJPY,164.286,164.28799999999998,164.253,164.25799999999998,354.0
2024-04-10 11:25:00,FX:EURJPY,164.25799999999998,164.26299999999998,164.22799999999998,164.233,340.0
2024-04-10 11:26:00,FX:EURJPY,164.233,164.24099999999999,164.219,164.22,347.0
2024-04-10 11:27:00,FX:EURJPY,164.22,164.253,164.22,164.236,395.0
2024-04-10 11:28:00,FX:EURJPY,164.236,164.25,164.23399999999998,164.23399999999998,292.0
2024-04-10 11:29:00,FX:EURJPY,164.23399999999998,164.259,164.23,164.255,281.0
2024-04-10 11:30:00,FX:EURJPY,164.255,164.26299999999998,164.22,164.22299999999998,415.0
2024-04-10 11:31:00,FX:EURJPY,164.22299999999998,164.232,164.21099999999998,164.22299999999998,277.0
2024-04-10 11:32:00,FX:EURJPY,164.22299999999998,164.23,164.21599999999998,164.226,274.0
2024-04-10 11:33:00,FX:EURJPY,164.226,164.23499999999999,164.213,164.233,309.0
2024-04-10 11:34:00,FX:EURJPY,164.233,164.255,164.231,164.24699999999999,334.0
2024-04-10 11:35:00,FX:EURJPY,164.24699999999999,164.25799999999998,164.236,164.25199999999998,371.0
2024-04-10 11:36:00,FX:EURJPY,164.25199999999998,164.26299999999998,164.238,164.259,414.0
2024-04-10 11:37:00,FX:EURJPY,164.259,164.26299999999998,164.238,164.238,327.0
2024-04-10 11:38:00,FX:EURJPY,164.238,164.249,164.232,164.24599999999998,482.0
2024-04-10 11:39:00,FX:EURJPY,164.24599999999998,164.248,164.237,164.24099999999999,386.0
2024-04-10 11:40:00,FX:EURJPY,164.24099999999999,164.24599999999998,164.227,164.22799999999998,365.0
2024-04-10 11:41:00,FX:EURJPY,164.22799999999998,164.236,164.208,164.23499999999999,432.0
2024-04-10 11:42:00,FX:EURJPY,164.23499999999999,164.24099999999999,164.203,164.20999999999998,407.0
2024-04-10 11:43:00,FX:EURJPY,164.20999999999998,164.20999999999998,164.191,164.202,276.0
2024-04-10 11:44:00,FX:EURJPY,164.202,164.215,164.2,164.207,368.0
2024-04-10 11:45:00,FX:EURJPY,164.207,164.208,164.19299999999998,164.201,257.0
2024-04-10 11:46:00,FX:EURJPY,164.201,164.21099999999998,164.184,164.194,309.0
2024-04-10 11:47:00,FX:EURJPY,164.194,164.209,164.185,164.191,440.0
2024-04-10 11:48:00,FX:EURJPY,164.191,164.202,164.188,164.189,336.0
2024-04-10 11:49:00,FX:EURJPY,164.189,164.189,164.17,164.185,357.0
2024-04-10 11:50:00,FX:EURJPY,164.185,164.219,164.185,164.206,329.0
2024-04-10 11:51:00,FX:EURJPY,164.206,164.209,164.19,164.19,355.0
2024-04-10 11:52:00,FX:EURJPY,164.19,164.21599999999998,164.189,164.213,314.0
2024-04-10 11:53:00,FX:EURJPY,164.213,164.218,164.182,164.185,288.0
2024-04-10 11:54:00,FX:EURJPY,164.185,164.185,164.167,164.17499999999998,333.0
2024-04-10 11:55:00,FX:EURJPY,164.17499999999998,164.178,164.141,164.149,336.0
2024-04-10 11:56:00,FX:EURJPY,164.149,164.18599999999998,164.149,164.184,381.0
2024-04-10 11:57:00,FX:EURJPY,164.184,164.184,164.16199999999998,164.16199999999998,342.0
2024-04-10 11:58:00,FX:EURJPY,164.16199999999998,164.17,164.159,164.16899999999998,325.0
2024-04-10 11:59:00,FX:EURJPY,164.16899999999998,164.18099999999998,164.164,164.167,345.0
2024-04-10 12:00:00,FX:EURJPY,164.167,164.177,164.14999999999998,164.14999999999998,359.0
2024-04-10 12:01:00,FX:EURJPY,164.14999999999998,164.161,164.14,164.142,298.0
2024-04-10 12:02:00,FX:EURJPY,164.142,164.147,164.126,164.126,242.0
2024-04-10 12:03:00,FX:EURJPY,164.126,164.149,164.126,164.149,248.0
2024-04-10 12:04:00,FX:EURJPY,164.149,164.159,164.141,164.153,281.0
2024-04-10 12:05:00,FX:EURJPY,164.153,164.153,164.13299999999998,164.137,284.0
2024-04-10 12:06:00,FX:EURJPY,164.137,164.137,164.123,164.131,252.0
2024-04-10 12:07:00,FX:EURJPY,164.131,164.14,164.128,164.136,244.0
2024-04-10 12:08:00,FX:EURJPY,164.136,164.14,164.12099999999998,164.126,185.0
2024-04-10 12:09:00,FX:EURJPY,164.126,164.14,164.12099999999998,164.126,203.0
2024-04-10 12:10:00,FX:EURJPY,164.126,164.13,164.114,164.125,213.0
2024-04-10 12:11:00,FX:EURJPY,164.125,164.126,164.111,164.12099999999998,135.0
2024-04-10 12:12:00,FX:EURJPY,164.12099999999998,164.12099999999998,164.096,164.108,212.0
2024-04-10 12:13:00,FX:EURJPY,164.108,164.118,164.1,164.112,188.0
2024-04-10 12:14:00,FX:EURJPY,164.112,164.112,164.106,164.10899999999998,155.0
2024-04-10 12:15:00,FX:EURJPY,164.10899999999998,164.111,164.102,164.10899999999998,167.0
2024-04-10 12:16:00,FX:EURJPY,164.10899999999998,164.112,164.096,164.10399999999998,208.0
2024-04-10 12:17:00,FX:EURJPY,164.10399999999998,164.10399999999998,164.088,164.094,248.0
2024-04-10 12:18:00,FX:EURJPY,164.094,164.102,164.083,164.089,309.0
2024-04-10 12:19:00,FX:EURJPY,164.089,164.131,164.081,164.126,327.0
2024-04-10 12:20:00,FX:EURJPY,164.126,164.143,164.125,164.14,285.0
2024-04-10 12:21:00,FX:EURJPY,164.14,164.166,164.14,164.16299999999998,177.0
2024-04-10 12:22:00,FX:EURJPY,164.16299999999998,164.16899999999998,164.153,164.161,229.0
2024-04-10 12:23:00,FX:EURJPY,164.161,164.17,164.15699999999998,164.16799999999998,128.0
2024-04-10 12:24:00,FX:EURJPY,164.16799999999998,164.172,164.159,164.161,258.0
2024-04-10 12:25:00,FX:EURJPY,164.161,164.177,164.158,164.176,199.0
2024-04-10 12:26:00,FX:EURJPY,164.176,164.177,164.16199999999998,164.16199999999998,218.0
2024-04-10 12:27:00,FX:EURJPY,164.16199999999998,164.165,164.14999999999998,164.159,195.0
2024-04-10 12:28:00,FX:EURJPY,164.159,164.166,164.15599999999998,164.15699999999998,238.0
2024-04-10 12:29:00,FX:EURJPY,164.15699999999998,164.15699999999998,164.111,164.11599999999999,248.0
2024-04-10 12:30:00,FX:EURJPY,164.11599999999999,164.123,164.102,164.106,221.0
2024-04-10 12:31:00,FX:EURJPY,164.106,164.114,164.093,164.093,223.0
2024-04-10 12:32:00,FX:EURJPY,164.093,164.10299999999998,164.083,164.08599999999998,168.0
2024-04-10 12:33:00,FX:EURJPY,164.08599999999998,164.09799999999998,164.078,164.08599999999998,216.0
2024-04-10 12:34:00,FX:EURJPY,164.08599999999998,164.087,164.078,164.07999999999998,156.0
2024-04-10 12:35:00,FX:EURJPY,164.07999999999998,164.12199999999999,164.078,164.12,230.0
2024-04-10 12:36:00,FX:EURJPY,164.12,164.123,164.08599999999998,164.099,209.0
2024-04-10 12:37:00,FX:EURJPY,164.099,164.11499999999998,164.099,164.111,121.0
2024-04-10 12:38:00,FX:EURJPY,164.111,164.125,164.099,164.10299999999998,203.0
2024-04-10 12:39:00,FX:EURJPY,164.10299999999998,164.13,164.10299999999998,164.113,282.0
2024-04-10 12:40:00,FX:EURJPY,164.113,164.124,164.111,164.124,152.0
2024-04-10 12:41:00,FX:EURJPY,164.124,164.132,164.12,164.128,232.0
2024-04-10 12:42:00,FX:EURJPY,164.128,164.153,164.12199999999999,164.14999999999998,174.0
2024-04-10 12:43:00,FX:EURJPY,164.14999999999998,164.16799999999998,164.146,164.149,223.0
2024-04-10 12:44:00,FX:EURJPY,164.149,164.15699999999998,164.142,164.14499999999998,190.0
2024-04-10 12:45:00,FX:EURJPY,164.14499999999998,164.166,164.13799999999998,164.13799999999998,228.0
2024-04-10 12:46:00,FX:EURJPY,164.13799999999998,164.155,164.137,164.14999999999998,220.0
2024-04-10 12:47:00,FX:EURJPY,164.14999999999998,164.153,164.143,164.148,170.0
2024-04-10 12:48:00,FX:EURJPY,164.148,164.171,164.146,164.16899999999998,221.0
2024-04-10 12:49:00,FX:EURJPY,164.16899999999998,164.189,164.16899999999998,164.18099999999998,247.0
2024-04-10 12:50:00,FX:EURJPY,164.18099999999998,164.189,164.17,164.182,222.0
2024-04-10 12:51:00,FX:EURJPY,164.182,164.197,164.182,164.195,230.0
2024-04-10 12:52:00,FX:EURJPY,164.195,164.214,164.19,164.206,352.0
2024-04-10 12:53:00,FX:EURJPY,164.206,164.22,164.196,164.218,303.0
2024-04-10 12:54:00,FX:EURJPY,164.218,164.225,164.207,164.215,239.0
2024-04-10 12:55:00,FX:EURJPY,164.215,164.225,164.20999999999998,164.22,274.0
2024-04-10 12:56:00,FX:EURJPY,164.22,164.23499999999999,164.22,164.233,196.0
2024-04-10 12:57:00,FX:EURJPY,164.233,164.236,164.202,164.213,293.0
2024-04-10 12:58:00,FX:EURJPY,164.213,164.23,164.213,164.21699999999998,293.0
2024-04-10 12:59:00,FX:EURJPY,164.21699999999998,164.23,164.19,164.191,287.0
2024-04-10 13:00:00,FX:EURJPY,164.191,164.22,164.18099999999998,164.214,414.0
2024-04-10 13:01:00,FX:EURJPY,164.214,164.227,164.176,164.19199999999998,823.0
2024-04-10 13:02:00,FX:EURJPY,164.19199999999998,164.203,164.17499999999998,164.19899999999998,760.0
2024-04-10 13:03:00,FX:EURJPY,164.19899999999998,164.2,164.176,164.179,460.0
2024-04-10 13:04:00,FX:EURJPY,164.179,164.185,164.15599999999998,164.159,425.0
2024-04-10 13:05:00,FX:EURJPY,164.159,164.16199999999998,164.149,164.15699999999998,374.0
2024-04-10 13:06:00,FX:EURJPY,164.15699999999998,164.161,164.148,164.155,328.0
2024-04-10 13:07:00,FX:EURJPY,164.155,164.158,164.13299999999998,164.13899999999998,343.0
2024-04-10 13:08:00,FX:EURJPY,164.13899999999998,164.143,164.12699999999998,164.131,430.0
2024-04-10 13:09:00,FX:EURJPY,164.131,164.152,164.128,164.132,389.0
2024-04-10 13:10:00,FX:EURJPY,164.132,164.152,164.131,164.14999999999998,439.0
2024-04-10 13:11:00,FX:EURJPY,164.14999999999998,164.165,164.14399999999998,164.165,411.0
2024-04-10 13:12:00,FX:EURJPY,164.165,164.165,164.146,164.158,309.0
2024-04-10 13:13:00,FX:EURJPY,164.158,164.179,164.158,164.17,397.0
2024-04-10 13:14:00,FX:EURJPY,164.17,164.196,164.166,164.195,328.0
2024-04-10 13:15:00,FX:EURJPY,164.195,164.201,164.189,164.194,277.0
2024-04-10 13:16:00,FX:EURJPY,164.194,164.22799999999998,164.19199999999998,164.227,348.0
2024-04-10 13:17:00,FX:EURJPY,164.227,164.257,164.22199999999998,164.24699999999999,384.0
2024-04-10 13:18:00,FX:EURJPY,164.24699999999999,164.24699999999999,164.224,164.23399999999998,392.0
2024-04-10 13:19:00,FX:EURJPY,164.23399999999998,164.286,164.22799999999998,164.284,470.0
2024-04-10 13:20:00,FX:EURJPY,164.284,164.291,164.27599999999998,164.28099999999998,518.0
2024-04-10 13:21:00,FX:EURJPY,164.28099999999998,164.29299999999998,164.26999999999998,164.29299999999998,415.0
2024-04-10 13:22:00,FX:EURJPY,164.29299999999998,164.333,164.289,164.32899999999998,496.0
2024-04-10 13:23:00,FX:EURJPY,164.32899999999998,164.334,164.301,164.307,598.0
2024-04-10 13:24:00,FX:EURJPY,164.307,164.32399999999998,164.307,164.321,370.0
2024-04-10 13:25:00,FX:EURJPY,164.321,164.32999999999998,164.31,164.32,416.0
2024-04-10 13:26:00,FX:EURJPY,164.32,164.32899999999998,164.313,164.325,310.0
2024-04-10 13:27:00,FX:EURJPY,164.325,164.343,164.319,164.331,393.0
2024-04-10 13:28:00,FX:EURJPY,164.331,164.338,164.314,164.31799999999998,389.0
2024-04-10 13:29:00,FX:EURJPY,164.31799999999998,164.319,164.28799999999998,164.291,397.0
2024-04-10 13:30:00,FX:EURJPY,164.291,164.331,164.289,164.32,517.0
2024-04-10 13:31:00,FX:EURJPY,164.32,164.327,164.166,164.201,1930.0
2024-04-10 13:32:00,FX:EURJPY,164.201,164.232,164.096,164.119,1834.0
2024-04-10 13:33:00,FX:EURJPY,164.119,164.131,164.07999999999998,164.10299999999998,1195.0
2024-04-10 13:34:00,FX:EURJPY,164.10299999999998,164.112,164.03199999999998,164.045,1108.0
2024-04-10 13:35:00,FX:EURJPY,164.045,164.072,164.03699999999998,164.064,1034.0
2024-04-10 13:36:00,FX:EURJPY,164.064,164.1,164.059,164.072,766.0
2024-04-10 13:37:00,FX:EURJPY,164.072,164.12099999999998,164.072,164.11499999999998,621.0
2024-04-10 13:38:00,FX:EURJPY,164.11499999999998,164.13799999999998,164.10399999999998,164.106,546.0
2024-04-10 13:39:00,FX:EURJPY,164.106,164.141,164.099,164.136,805.0
2024-04-10 13:40:00,FX:EURJPY,164.136,164.179,164.13,164.161,693.0
2024-04-10 13:41:00,FX:EURJPY,164.161,164.178,164.154,164.177,462.0
2024-04-10 13:42:00,FX:EURJPY,164.177,164.209,164.172,164.197,441.0
2024-04-10 13:43:00,FX:EURJPY,164.197,164.213,164.18599999999998,164.18699999999998,512.0
2024-04-10 13:44:00,FX:EURJPY,164.18699999999998,164.194,164.171,164.18099999999998,456.0
2024-04-10 13:45:00,FX:EURJPY,164.18099999999998,164.19,164.17399999999998,164.18099999999998,520.0
2024-04-10 13:46:00,FX:EURJPY,164.18099999999998,164.19,164.172,164.17399999999998,488.0
2024-04-10 13:47:00,FX:EURJPY,164.17399999999998,164.188,164.16899999999998,164.177,499.0
2024-04-10 13:48:00,FX:EURJPY,164.177,164.202,164.172,164.183,522.0
2024-04-10 13:49:00,FX:EURJPY,164.183,164.226,164.177,164.226,528.0
2024-04-10 13:50:00,FX:EURJPY,164.226,164.244,164.221,164.23,350.0
2024-04-10 13:51:00,FX:EURJPY,164.23,164.245,164.225,164.233,410.0
2024-04-10 13:52:00,FX:EURJPY,164.233,164.24599999999998,164.23,164.23999999999998,447.0
2024-04-10 13:53:00,FX:EURJPY,164.23999999999998,164.254,164.238,164.249,401.0
2024-04-10 13:54:00,FX:EURJPY,164.249,164.26899999999998,164.242,164.265,395.0
2024-04-10 13:55:00,FX:EURJPY,164.265,164.28099999999998,164.259,164.27599999999998,359.0
2024-04-10 13:56:00,FX:EURJPY,164.27599999999998,164.303,164.256,164.301,429.0
2024-04-10 13:57:00,FX:EURJPY,164.301,164.309,164.286,164.298,314.0
2024-04-10 13:58:00,FX:EURJPY,164.298,164.30499999999998,164.239,164.239,359.0
2024-04-10 13:59:00,FX:EURJPY,164.239,164.248,164.22199999999998,164.23,308.0
2024-04-10 14:00:00,FX:EURJPY,164.23,164.27499999999998,164.22899999999998,164.25799999999998,508.0
2024-04-10 14:01:00,FX:EURJPY,164.25799999999998,164.28,164.24099999999999,164.262,603.0
2024-04-10 14:02:00,FX:EURJPY,164.262,164.27499999999998,164.251,164.26,515.0
2024-04-10 14:03:00,FX:EURJPY,164.26,164.271,164.248,164.26,548.0
2024-04-10 14:04:00,FX:EURJPY,164.26,164.28099999999998,164.259,164.266,392.0
2024-04-10 14:05:00,FX:EURJPY,164.266,164.272,164.251,164.261,262.0
2024-04-10 14:06:00,FX:EURJPY,164.261,164.26899999999998,164.248,164.262,371.0
2024-04-10 14:07:00,FX:EURJPY,164.262,164.26399999999998,164.239,164.24699999999999,416.0
2024-04-10 14:08:00,FX:EURJPY,164.24699999999999,164.268,164.23999999999998,164.262,324.0
2024-04-10 14:09:00,FX:EURJPY,164.262,164.272,164.25,164.26,340.0
2024-04-10 14:10:00,FX:EURJPY,164.26,164.27499999999998,164.257,164.273,335.0
2024-04-10 14:11:00,FX:EURJPY,164.273,164.277,164.25199999999998,164.25799999999998,310.0
2024-04-10 14:12:00,FX:EURJPY,164.25799999999998,164.272,164.254,164.26899999999998,325.0
2024-04-10 14:13:00,FX:EURJPY,164.26899999999998,164.298,164.268,164.289,350.0
2024-04-10 14:14:00,FX:EURJPY,164.289,164.30599999999998,164.28099999999998,164.304,437.0
2024-04-10 14:15:00,FX:EURJPY,164.304,164.31,164.28799999999998,164.307,386.0
2024-04-10 14:16:00,FX:EURJPY,164.307,164.307,164.272,164.27499999999998,351.0
2024-04-10 14:17:00,FX:EURJPY,164.27499999999998,164.278,164.244,164.245,461.0
2024-04-10 14:18:00,FX:EURJPY,164.245,164.253,164.233,164.23399999999998,257.0
2024-04-10 14:19:00,FX:EURJPY,164.23399999999998,164.238,164.21699999999998,164.23399999999998,365.0
2024-04-10 14:20:00,FX:EURJPY,164.23399999999998,164.267,164.23399999999998,164.261,440.0
2024-04-10 14:21:00,FX:EURJPY,164.261,164.265,164.25199999999998,164.261,317.0
2024-04-10 14:22:00,FX:EURJPY,164.261,164.268,164.24599999999998,164.249,465.0
2024-04-10 14:23:00,FX:EURJPY,164.249,164.266,164.24599999999998,164.26399999999998,465.0
2024-04-10 14:24:00,FX:EURJPY,164.26399999999998,164.268,164.244,164.24599999999998,340.0
2024-04-10 14:25:00,FX:EURJPY,164.24599999999998,164.251,164.231,164.237,335.0
2024-04-10 14:26:00,FX:EURJPY,164.237,164.25199999999998,164.237,164.243,361.0
2024-04-10 14:27:00,FX:EURJPY,164.243,164.26399999999998,164.242,164.256,331.0
2024-04-10 14:28:00,FX:EURJPY,164.256,164.265,164.25,164.261,403.0
2024-04-10 14:29:00,FX:EURJPY,164.261,164.27499999999998,164.253,164.25799999999998,464.0
2024-04-10 14:30:00,FX:EURJPY,164.25799999999998,164.271,164.257,164.271,303.0
2024-04-10 14:31:00,FX:EURJPY,164.271,164.28199999999998,164.268,164.277,406.0
2024-04-10 14:32:00,FX:EURJPY,164.277,164.28099999999998,164.25,164.255,400.0
2024-04-10 14:33:00,FX:EURJPY,164.255,164.259,164.244,164.256,270.0
2024-04-10 14:34:00,FX:EURJPY,164.256,164.26899999999998,164.251,164.26299999999998,250.0
2024-04-10 14:35:00,FX:EURJPY,164.26299999999998,164.26999999999998,164.256,164.26999999999998,230.0
2024-04-10 14:36:00,FX:EURJPY,164.26999999999998,164.29299999999998,164.261,164.29299999999998,300.0
2024-04-10 14:37:00,FX:EURJPY,164.29299999999998,164.29399999999998,164.277,164.29,358.0
2024-04-10 14:38:00,FX:EURJPY,164.29,164.309,164.278,164.309,295.0
2024-04-10 14:39:00,FX:EURJPY,164.309,164.31799999999998,164.298,164.29899999999998,345.0
2024-04-10 14:40:00,FX:EURJPY,164.29899999999998,164.304,164.289,164.292,315.0
2024-04-10 14:41:00,FX:EURJPY,164.292,164.30499999999998,164.289,164.292,341.0
2024-04-10 14:42:00,FX:EURJPY,164.292,164.296,164.28,164.28699999999998,368.0
2024-04-10 14:43:00,FX:EURJPY,164.28699999999998,164.292,164.28099999999998,164.285,230.0
2024-04-10 14:44:00,FX:EURJPY,164.285,164.296,164.274,164.28699999999998,253.0
2024-04-10 14:45:00,FX:EURJPY,164.28699999999998,164.292,164.26999999999998,164.271,215.0
2024-04-10 14:46:00,FX:EURJPY,164.271,164.28799999999998,164.266,164.28799999999998,214.0
2024-04-10 14:47:00,FX:EURJPY,164.28799999999998,164.289,164.27599999999998,164.279,267.0
2024-04-10 14:48:00,FX:EURJPY,164.279,164.28,164.257,164.27599999999998,250.0
2024-04-10 14:49:00,FX:EURJPY,164.27599999999998,164.283,164.267,164.279,233.0
2024-04-10 14:50:00,FX:EURJPY,164.279,164.29399999999998,164.272,164.289,236.0
2024-04-10 14:51:00,FX:EURJPY,164.289,164.298,164.28199999999998,164.291,229.0
2024-04-10 14:52:00,FX:EURJPY,164.291,164.29399999999998,164.266,164.26899999999998,398.0
2024-04-10 14:53:00,FX:EURJPY,164.26899999999998,164.271,164.259,164.267,272.0
2024-04-10 14:54:00,FX:EURJPY,164.267,164.278,164.26299999999998,164.267,233.0
2024-04-10 14:55:00,FX:EURJPY,164.267,164.26899999999998,164.23399999999998,164.236,375.0
2024-04-10 14:56:00,FX:EURJPY,164.236,164.23999999999998,164.22299999999998,164.224,289.0
2024-04-10 14:57:00,FX:EURJPY,164.224,164.24099999999999,164.218,164.22,351.0
2024-04-10 14:58:00,FX:EURJPY,164.22,164.231,164.20999999999998,164.226,291.0
2024-04-10 14:59:00,FX:EURJPY,164.226,164.22799999999998,164.207,164.225,373.0
2024-04-10 15:00:00,FX:EURJPY,164.225,164.225,164.208,164.21599999999998,502.0
2024-04-10 15:01:00,FX:EURJPY,164.21599999999998,164.232,164.206,164.206,433.0
2024-04-10 15:02:00,FX:EURJPY,164.206,164.215,164.19899999999998,164.214,439.0
2024-04-10 15:03:00,FX:EURJPY,164.214,164.219,164.206,164.208,432.0
2024-04-10 15:04:00,FX:EURJPY,164.208,164.213,164.19799999999998,164.201,371.0
2024-04-10 15:05:00,FX:EURJPY,164.201,164.207,164.189,164.19,237.0
2024-04-10 15:06:00,FX:EURJPY,164.19,164.203,164.19,164.19899999999998,350.0
2024-04-10 15:07:00,FX:EURJPY,164.19899999999998,164.22199999999998,164.19899999999998,164.221,390.0
2024-04-10 15:08:00,FX:EURJPY,164.221,164.226,164.209,164.219,214.0
2024-04-10 15:09:00,FX:EURJPY,164.219,164.233,164.21699999999998,164.22,335.0
2024-04-10 15:10:00,FX:EURJPY,164.22,164.22799999999998,164.21599999999998,164.22,264.0
2024-04-10 15:11:00,FX:EURJPY,164.22,164.22299999999998,164.20999999999998,164.212,236.0
2024-04-10 15:12:00,FX:EURJPY,164.212,164.215,164.209,164.212,120.0
2024-04-10 15:13:00,FX:EURJPY,164.212,164.242,164.21099999999998,164.24099999999999,205.0
2024-04-10 15:14:00,FX:EURJPY,164.24099999999999,164.259,164.23999999999998,164.254,292.0
2024-04-10 15:15:00,FX:EURJPY,164.254,164.28099999999998,164.25199999999998,164.274,402.0
2024-04-10 15:16:00,FX:EURJPY,164.274,164.28,164.26899999999998,164.26999999999998,284.0
2024-04-10 15:17:00,FX:EURJPY,164.26999999999998,164.28099999999998,164.26,164.268,265.0
2024-04-10 15:18:00,FX:EURJPY,164.268,164.28,164.268,164.279,243.0
2024-04-10 15:19:00,FX:EURJPY,164.279,164.291,164.279,164.285,262.0
2024-04-10 15:20:00,FX:EURJPY,164.285,164.301,164.285,164.295,246.0
2024-04-10 15:21:00,FX:EURJPY,164.295,164.301,164.277,164.28,378.0
2024-04-10 15:22:00,FX:EURJPY,164.28,164.291,164.279,164.285,267.0
2024-04-10 15:23:00,FX:EURJPY,164.285,164.29899999999998,164.285,164.29299999999998,308.0
2024-04-10 15:24:00,FX:EURJPY,164.29299999999998,164.307,164.28699999999998,164.30499999999998,335.0
2024-04-10 15:25:00,FX:EURJPY,164.30499999999998,164.325,164.296,164.32399999999998,280.0
2024-04-10 15:26:00,FX:EURJPY,164.32399999999998,164.33499999999998,164.321,164.32299999999998,353.0
2024-04-10 15:27:00,FX:EURJPY,164.32299999999998,164.325,164.316,164.319,311.0
2024-04-10 15:28:00,FX:EURJPY,164.319,164.332,164.316,164.31699999999998,173.0
2024-04-10 15:29:00,FX:EURJPY,164.31699999999998,164.31799999999998,164.304,164.309,226.0
2024-04-10 15:30:00,FX:EURJPY,164.309,164.31199999999998,164.28799999999998,164.292,322.0
2024-04-10 15:31:00,FX:EURJPY,164.292,164.297,164.267,164.296,386.0
2024-04-10 15:32:00,FX:EURJPY,164.296,164.303,164.28,164.28699999999998,326.0
2024-04-10 15:33:00,FX:EURJPY,164.28699999999998,164.301,164.28,164.29299999999998,227.0
2024-04-10 15:34:00,FX:EURJPY,164.29299999999998,164.296,164.286,164.29299999999998,235.0
2024-04-10 15:35:00,FX:EURJPY,164.29299999999998,164.30499999999998,164.291,164.304,227.0
2024-04-10 15:36:00,FX:EURJPY,164.304,164.314,164.301,164.31099999999998,197.0
2024-04-10 15:37:00,FX:EURJPY,164.31099999999998,164.315,164.29899999999998,164.31199999999998,263.0
2024-04-10 15:38:00,FX:EURJPY,164.31199999999998,164.31699999999998,164.304,164.313,224.0
2024-04-10 15:39:00,FX:EURJPY,164.313,164.316,164.30599999999998,164.31199999999998,242.0
2024-04-10 15:40:00,FX:EURJPY,164.31199999999998,164.316,164.304,164.31199999999998,357.0
2024-04-10 15:41:00,FX:EURJPY,164.31199999999998,164.325,164.308,164.32,317.0
2024-04-10 15:42:00,FX:EURJPY,164.32,164.325,164.315,164.31699999999998,192.0
2024-04-10 15:43:00,FX:EURJPY,164.31699999999998,164.327,164.313,164.32299999999998,157.0
2024-04-10 15:44:00,FX:EURJPY,164.32299999999998,164.339,164.31699999999998,164.337,174.0
2024-04-10 15:45:00,FX:EURJPY,164.337,164.337,164.32399999999998,164.32999999999998,128.0
2024-04-10 15:46:00,FX:EURJPY,164.32999999999998,164.34,164.319,164.339,175.0
2024-04-10 15:47:00,FX:EURJPY,164.339,164.346,164.337,164.338,208.0
2024-04-10 15:48:00,FX:EURJPY,164.338,164.339,164.32899999999998,164.331,157.0
2024-04-10 15:49:00,FX:EURJPY,164.331,164.34099999999998,164.331,164.332,175.0
2024-04-10 15:50:00,FX:EURJPY,164.332,164.34,164.325,164.33499999999998,339.0
2024-04-10 15:51:00,FX:EURJPY,164.33499999999998,164.343,164.32899999999998,164.34199999999998,195.0
2024-04-10 15:52:00,FX:EURJPY,164.34199999999998,164.343,164.31099999999998,164.313,344.0
2024-04-10 15:53:00,FX:EURJPY,164.313,164.322,164.309,164.31699999999998,176.0
2024-04-10 15:54:00,FX:EURJPY,164.31699999999998,164.331,164.31699999999998,164.326,244.0
2024-04-10 15:55:00,FX:EURJPY,164.326,164.34699999999998,164.32299999999998,164.34199999999998,247.0
2024-04-10 15:56:00,FX:EURJPY,164.34199999999998,164.362,164.34,164.35999999999999,274.0
2024-04-10 15:57:00,FX:EURJPY,164.35999999999999,164.37099999999998,164.352,164.368,352.0
2024-04-10 15:58:00,FX:EURJPY,164.368,164.369,164.352,164.35399999999998,175.0
2024-04-10 15:59:00,FX:EURJPY,164.35399999999998,164.35399999999998,164.337,164.339,285.0
2024-04-10 16:00:00,FX:EURJPY,164.339,164.343,164.32999999999998,164.34,263.0
2024-04-10 16:01:00,FX:EURJPY,164.34,164.34,164.325,164.328,154.0
2024-04-10 16:02:00,FX:EURJPY,164.328,164.32899999999998,164.31699999999998,164.32,122.0
2024-04-10 16:03:00,FX:EURJPY,164.32,164.33499999999998,164.31799999999998,164.334,151.0
2024-04-10 16:04:00,FX:EURJPY,164.334,164.34,164.32999999999998,164.337,96.0
2024-04-10 16:05:00,FX:EURJPY,164.337,164.345,164.334,164.334,91.0
2024-04-10 16:06:00,FX:EURJPY,164.334,164.338,164.32,164.322,100.0
2024-04-10 16:07:00,FX:EURJPY,164.322,164.32399999999998,164.31699999999998,164.32,59.0
2024-04-10 16:08:00,FX:EURJPY,164.32,164.327,164.32,164.32399999999998,45.0
2024-04-10 16:09:00,FX:EURJPY,164.32399999999998,164.333,164.32399999999998,164.326,62.0
2024-04-10 16:10:00,FX:EURJPY,164.326,164.34099999999998,164.325,164.333,132.0
2024-04-10 16:11:00,FX:EURJPY,164.333,164.34,164.333,164.337,52.0
2024-04-10 16:12:00,FX:EURJPY,164.337,164.35,164.332,164.349,81.0
2024-04-10 16:13:00,FX:EURJPY,164.349,164.35399999999998,164.34699999999998,164.34699999999998,55.0
2024-04-10 16:14:00,FX:EURJPY,164.34699999999998,164.358,164.34699999999998,164.357,72.0
2024-04-10 16:15:00,FX:EURJPY,164.357,164.35999999999999,164.35399999999998,164.357,41.0
2024-04-10 16:16:00,FX:EURJPY,164.357,164.35899999999998,164.34099999999998,164.35,95.0
2024-04-10 16:17:00,FX:EURJPY,164.35,164.35,164.339,164.34199999999998,81.0
2024-04-10 16:18:00,FX:EURJPY,164.34199999999998,164.34799999999998,164.34099999999998,164.346,90.0
2024-04-10 16:19:00,FX:EURJPY,164.346,164.34699999999998,164.34099999999998,164.345,70.0
2024-04-10 16:20:00,FX:EURJPY,164.345,164.349,164.34199999999998,164.349,59.0
2024-04-10 16:21:00,FX:EURJPY,164.349,164.358,164.34099999999998,164.355,76.0
2024-04-10 16:22:00,FX:EURJPY,164.355,164.369,164.35399999999998,164.368,61.0
2024-04-10 16:23:00,FX:EURJPY,164.368,164.368,164.362,164.36599999999999,44.0
2024-04-10 16:24:00,FX:EURJPY,164.36599999999999,164.367,164.349,164.352,66.0
2024-04-10 16:25:00,FX:EURJPY,164.352,164.356,164.349,164.355,48.0
2024-04-10 16:26:00,FX:EURJPY,164.355,164.355,164.34699999999998,164.349,56.0
2024-04-10 16:27:00,FX:EURJPY,164.349,164.35299999999998,164.333,164.33599999999998,85.0
2024-04-10 16:28:00,FX:EURJPY,164.33599999999998,164.349,164.33599999999998,164.346,90.0
2024-04-10 16:29:00,FX:EURJPY,164.346,164.35299999999998,164.34199999999998,164.345,134.0
2024-04-10 16:30:00,FX:EURJPY,164.345,164.35999999999999,164.345,164.355,113.0
2024-04-10 16:31:00,FX:EURJPY,164.355,164.357,164.351,164.356,62.0
2024-04-10 16:32:00,FX:EURJPY,164.356,164.357,164.349,164.352,59.0
2024-04-10 16:33:00,FX:EURJPY,164.352,164.355,164.349,164.352,58.0
2024-04-10 16:34:00,FX:EURJPY,164.352,164.357,164.34799999999998,164.349,46.0
2024-04-10 16:35:00,FX:EURJPY,164.349,164.35299999999998,164.344,164.35299999999998,55.0
2024-04-10 16:36:00,FX:EURJPY,164.35299999999998,164.355,164.35299999999998,164.35399999999998,46.0
2024-04-10 16:37:00,FX:EURJPY,164.35399999999998,164.376,164.352,164.373,90.0
2024-04-10 16:38:00,FX:EURJPY,164.373,164.59099999999998,164.37099999999998,164.52499999999998,1067.0
2024-04-10 16:39:00,FX:EURJPY,164.52499999999998,164.542,164.47,164.48399999999998,240.0
2024-04-10 16:40:00,FX:EURJPY,164.48399999999998,164.498,164.459,164.465,255.0
2024-04-10 16:41:00,FX:EURJPY,164.465,164.49599999999998,164.463,164.476,152.0
2024-04-10 16:42:00,FX:EURJPY,164.476,164.48,164.458,164.468,120.0
2024-04-10 16:43:00,FX:EURJPY,164.468,164.60399999999998,164.468,164.547,376.0
2024-04-10 16:44:00,FX:EURJPY,164.547,164.554,164.503,164.528,208.0
2024-04-10 16:45:00,FX:EURJPY,164.528,164.53199999999998,164.507,164.527,109.0
2024-04-10 16:46:00,FX:EURJPY,164.527,164.53099999999998,164.512,164.52599999999998,118.0
2024-04-10 16:47:00,FX:EURJPY,164.52599999999998,164.52599999999998,164.503,164.50799999999998,90.0
2024-04-10 16:48:00,FX:EURJPY,164.50799999999998,164.509,164.476,164.47799999999998,172.0
2024-04-10 16:49:00,FX:EURJPY,164.47799999999998,164.482,164.47,164.47,120.0
2024-04-10 16:50:00,FX:EURJPY,164.47,164.487,164.45999999999998,164.483,210.0
2024-04-10 16:51:00,FX:EURJPY,164.483,164.49099999999999,164.47899999999998,164.488,121.0
2024-04-10 16:52:00,FX:EURJPY,164.488,164.51399999999998,164.487,164.50799999999998,129.0
2024-04-10 16:53:00,FX:EURJPY,164.50799999999998,164.51299999999998,164.495,164.51,101.0
2024-04-10 16:54:00,FX:EURJPY,164.51,164.52499999999998,164.506,164.518,156.0
2024-04-10 16:55:00,FX:EURJPY,164.518,164.53699999999998,164.517,164.529,116.0
2024-04-10 16:56:00,FX:EURJPY,164.529,164.54899999999998,164.524,164.536,106.0
2024-04-10 16:57:00,FX:EURJPY,164.536,164.536,164.521,164.522,94.0
2024-04-10 16:58:00,FX:EURJPY,164.522,164.53,164.495,164.516,123.0
2024-04-10 16:59:00,FX:EURJPY,164.516,164.534,164.49099999999999,164.52599999999998,126.0
2024-04-10 17:04:00,FX:EURJPY,164.52599999999998,164.52599999999998,164.488,164.488,2.0
2024-04-10 17:05:00,FX:EURJPY,164.488,164.499,164.45999999999998,164.462,64.0
2024-04-10 17:06:00,FX:EURJPY,164.462,164.494,164.45999999999998,164.482,44.0
2024-04-10 17:07:00,FX:EURJPY,164.482,164.49099999999999,164.477,164.488,59.0
2024-04-10 17:08:00,FX:EURJPY,164.488,164.488,164.316,164.321,52.0
2024-04-10 17:09:00,FX:EURJPY,164.321,164.325,164.31699999999998,164.325,16.0
2024-04-10 17:10:00,FX:EURJPY,164.325,164.362,164.315,164.361,20.0
2024-04-10 17:11:00,FX:EURJPY,164.361,164.375,164.338,164.375,18.0
2024-04-10 17:12:00,FX:EURJPY,164.375,164.37699999999998,164.37199999999999,164.37699999999998,18.0
2024-04-10 17:13:00,FX:EURJPY,164.37699999999998,164.37699999999998,164.375,164.37699999999998,9.0
2024-04-10 17:14:00,FX:EURJPY,164.37699999999998,164.378,164.363,164.363,8.0
2024-04-10 17:15:00,FX:EURJPY,164.363,164.428,164.362,164.41899999999998,34.0
2024-04-10 17:16:00,FX:EURJPY,164.41899999999998,164.456,164.404,164.447,79.0
2024-04-10 17:17:00,FX:EURJPY,164.447,164.447,164.415,164.444,68.0
2024-04-10 17:18:00,FX:EURJPY,164.444,164.447,164.44299999999998,164.446,11.0
2024-04-10 17:19:00,FX:EURJPY,164.446,164.44799999999998,164.445,164.445,3.0
2024-04-10 17:20:00,FX:EURJPY,164.445,164.45399999999998,164.415,164.44799999999998,123.0
2024-04-10 17:21:00,FX:EURJPY,164.44799999999998,164.453,164.426,164.427,48.0
2024-04-10 17:22:00,FX:EURJPY,164.427,164.433,164.426,164.433,26.0
2024-04-10 17:23:00,FX:EURJPY,164.433,164.451,164.426,164.45,33.0
2024-04-10 17:24:00,FX:EURJPY,164.45,164.451,164.446,164.44899999999998,20.0
2024-04-10 17:25:00,FX:EURJPY,164.44899999999998,164.458,164.44799999999998,164.457,18.0
2024-04-10 17:26:00,FX:EURJPY,164.457,164.458,164.445,164.451,14.0
2024-04-10 17:27:00,FX:EURJPY,164.451,164.453,164.44799999999998,164.45,21.0
2024-04-10 17:28:00,FX:EURJPY,164.45,164.451,164.417,164.428,36.0
2024-04-10 17:29:00,FX:EURJPY,164.428,164.42999999999998,164.428,164.42999999999998,12.0
2024-04-10 17:30:00,FX:EURJPY,164.42999999999998,164.44,164.411,164.414,81.0
2024-04-10 17:31:00,FX:EURJPY,164.414,164.427,164.41199999999998,164.427,67.0
2024-04-10 17:32:00,FX:EURJPY,164.427,164.43099999999998,164.414,164.417,54.0
2024-04-10 17:33:00,FX:EURJPY,164.417,164.42999999999998,164.41299999999998,164.42999999999998,46.0
2024-04-10 17:34:00,FX:EURJPY,164.42999999999998,164.42999999999998,164.345,164.373,839.0
2024-04-10 17:35:00,FX:EURJPY,164.373,164.427,164.373,164.41,1314.0
2024-04-10 17:36:00,FX:EURJPY,164.41,164.41299999999998,164.399,164.40699999999998,123.0
2024-04-10 17:37:00,FX:EURJPY,164.40699999999998,164.476,164.40099999999998,164.402,38.0
2024-04-10 17:38:00,FX:EURJPY,164.402,164.41199999999998,164.387,164.391,112.0
2024-04-10 17:39:00,FX:EURJPY,164.391,164.40099999999998,164.38899999999998,164.398,119.0
2024-04-10 17:40:00,FX:EURJPY,164.398,164.402,164.38799999999998,164.39999999999998,207.0
2024-04-10 17:41:00,FX:EURJPY,164.39999999999998,164.414,164.39499999999998,164.403,104.0
2024-04-10 17:42:00,FX:EURJPY,164.403,164.421,164.39999999999998,164.408,200.0
2024-04-10 17:43:00,FX:EURJPY,164.408,164.416,164.404,164.415,227.0
2024-04-10 17:44:00,FX:EURJPY,164.415,164.416,164.40599999999998,164.411,152.0
2024-04-10 17:45:00,FX:EURJPY,164.411,164.415,164.405,164.40699999999998,232.0
2024-04-10 17:46:00,FX:EURJPY,164.40699999999998,164.41799999999998,164.40599999999998,164.408,189.0
2024-04-10 17:47:00,FX:EURJPY,164.408,164.41799999999998,164.39999999999998,164.411,319.0
2024-04-10 17:48:00,FX:EURJPY,164.411,164.42499999999998,164.386,164.411,305.0
2024-04-10 17:49:00,FX:EURJPY,164.411,164.41199999999998,164.385,164.40699999999998,306.0
2024-04-10 17:50:00,FX:EURJPY,164.40699999999998,164.41199999999998,164.397,164.405,738.0
2024-04-10 17:51:00,FX:EURJPY,164.405,164.409,164.399,164.402,490.0
2024-04-10 17:52:00,FX:EURJPY,164.402,164.40599999999998,164.392,164.396,72.0
2024-04-10 17:53:00,FX:EURJPY,164.396,164.42,164.36599999999999,164.369,129.0
2024-04-10 17:54:00,FX:EURJPY,164.369,164.369,164.24599999999998,164.292,210.0
2024-04-10 17:55:00,FX:EURJPY,164.292,164.31,164.29,164.31,55.0
2024-04-10 17:56:00,FX:EURJPY,164.31,164.321,164.30499999999998,164.319,43.0
2024-04-10 17:57:00,FX:EURJPY,164.319,164.339,164.319,164.33599999999998,113.0
2024-04-10 17:58:00,FX:EURJPY,164.33599999999998,164.338,164.307,164.308,381.0
2024-04-10 17:59:00,FX:EURJPY,164.308,164.35,164.304,164.32399999999998,626.0
2024-04-10 18:00:00,FX:EURJPY,164.32399999999998,164.385,164.286,164.302,318.0
2024-04-10 18:01:00,FX:EURJPY,164.302,164.32399999999998,164.296,164.296,131.0
2024-04-10 18:02:00,FX:EURJPY,164.296,164.296,164.28199999999998,164.289,51.0
2024-04-10 18:03:00,FX:EURJPY,164.289,164.289,164.265,164.283,192.0
2024-04-10 18:04:00,FX:EURJPY,164.283,164.284,164.251,164.251,84.0
2024-04-10 18:05:00,FX:EURJPY,164.251,164.259,164.22899999999998,164.22899999999998,64.0
2024-04-10 18:06:00,FX:EURJPY,164.22899999999998,164.239,164.221,164.225,132.0
2024-04-10 18:07:00,FX:EURJPY,164.225,164.261,164.22,164.261,107.0
2024-04-10 18:08:00,FX:EURJPY,164.261,164.273,164.25199999999998,164.268,57.0
2024-04-10 18:09:00,FX:EURJPY,164.268,164.27499999999998,164.256,164.256,79.0
2024-04-10 18:10:00,FX:EURJPY,164.256,164.271,164.251,164.26899999999998,53.0
2024-04-10 18:11:00,FX:EURJPY,164.26899999999998,164.278,164.268,164.27499999999998,40.0
2024-04-10 18:12:00,FX:EURJPY,164.27499999999998,164.286,164.272,164.277,90.0
2024-04-10 18:13:00,FX:EURJPY,164.277,164.28199999999998,164.268,164.27599999999998,70.0
2024-04-10 18:14:00,FX:EURJPY,164.27599999999998,164.278,164.268,164.272,55.0
2024-04-10 18:15:00,FX:EURJPY,164.272,164.28799999999998,164.271,164.285,50.0
2024-04-10 18:16:00,FX:EURJPY,164.285,164.296,164.279,164.28799999999998,80.0
2024-04-10 18:17:00,FX:EURJPY,164.28799999999998,164.29999999999998,164.28799999999998,164.29899999999998,55.0
2024-04-10 18:18:00,FX:EURJPY,164.29899999999998,164.301,164.283,164.28699999999998,92.0
2024-04-10 18:19:00,FX:EURJPY,164.28699999999998,164.303,164.28699999999998,164.296,73.0
2024-04-10 18:20:00,FX:EURJPY,164.296,164.333,164.291,164.331,178.0
2024-04-10 18:21:00,FX:EURJPY,164.331,164.346,164.32299999999998,164.334,145.0
2024-04-10 18:22:00,FX:EURJPY,164.334,164.33499999999998,164.327,164.32899999999998,54.0
2024-04-10 18:23:00,FX:EURJPY,164.32899999999998,164.32899999999998,164.308,164.308,67.0
2024-04-10 18:24:00,FX:EURJPY,164.308,164.315,164.289,164.29,62.0
2024-04-10 18:25:00,FX:EURJPY,164.29,164.307,164.29,164.291,70.0
2024-04-10 18:26:00,FX:EURJPY,164.291,164.304,164.29,164.302,52.0
2024-04-10 18:27:00,FX:EURJPY,164.302,164.303,164.28799999999998,164.28799999999998,47.0
2024-04-10 18:28:00,FX:EURJPY,164.28799999999998,164.28799999999998,164.27599999999998,164.28,119.0
2024-04-10 18:29:00,FX:EURJPY,164.28,164.29999999999998,164.28,164.291,61.0
2024-04-10 18:30:00,FX:EURJPY,164.291,164.31199999999998,164.29,164.298,118.0
2024-04-10 18:31:00,FX:EURJPY,164.298,164.322,164.296,164.322,131.0
2024-04-10 18:32:00,FX:EURJPY,164.322,164.32999999999998,164.295,164.296,144.0
2024-04-10 18:33:00,FX:EURJPY,164.296,164.309,164.296,164.304,71.0
2024-04-10 18:34:00,FX:EURJPY,164.304,164.32299999999998,164.304,164.32,147.0
2024-04-10 18:35:00,FX:EURJPY,164.32,164.322,164.31099999999998,164.313,91.0
2024-04-10 18:36:00,FX:EURJPY,164.313,164.314,164.295,164.304,84.0
2024-04-10 18:37:00,FX:EURJPY,164.304,164.31199999999998,164.29899999999998,164.31,88.0
2024-04-10 18:38:00,FX:EURJPY,164.31,164.32299999999998,164.308,164.319,59.0
2024-04-10 18:39:00,FX:EURJPY,164.319,164.32399999999998,164.314,164.314,43.0
2024-04-10 18:40:00,FX:EURJPY,164.314,164.32399999999998,164.314,164.319,60.0
2024-04-10 18:41:00,FX:EURJPY,164.319,164.32399999999998,164.31099999999998,164.316,82.0
2024-04-10 18:42:00,FX:EURJPY,164.316,164.316,164.302,164.30499999999998,55.0
2024-04-10 18:43:00,FX:EURJPY,164.30499999999998,164.308,164.302,164.30499999999998,42.0
2024-04-10 18:44:00,FX:EURJPY,164.30499999999998,164.30599999999998,164.29899999999998,164.303,49.0
2024-04-10 18:45:00,FX:EURJPY,164.303,164.31699999999998,164.303,164.308,59.0
2024-04-10 18:46:00,FX:EURJPY,164.308,164.31199999999998,164.302,164.31199999999998,97.0
2024-04-10 18:47:00,FX:EURJPY,164.31199999999998,164.32299999999998,164.31099999999998,164.31799999999998,57.0
2024-04-10 18:48:00,FX:EURJPY,164.31799999999998,164.319,164.31,164.31,40.0
2024-04-10 18:49:00,FX:EURJPY,164.31,164.31199999999998,164.307,164.307,31.0
2024-04-10 18:50:00,FX:EURJPY,164.307,164.313,164.304,164.307,71.0
2024-04-10 18:51:00,FX:EURJPY,164.307,164.313,164.30499999999998,164.309,43.0
2024-04-10 18:52:00,FX:EURJPY,164.309,164.31,164.29899999999998,164.301,81.0
2024-04-10 18:53:00,FX:EURJPY,164.301,164.313,164.29999999999998,164.31,82.0
2024-04-10 18:54:00,FX:EURJPY,164.31,164.31,164.30499999999998,164.30499999999998,37.0
2024-04-10 18:55:00,FX:EURJPY,164.30499999999998,164.309,164.301,164.30499999999998,51.0
2024-04-10 18:56:00,FX:EURJPY,164.30499999999998,164.307,164.302,164.302,35.0
2024-04-10 18:57:00,FX:EURJPY,164.302,164.30599999999998,164.298,164.302,31.0
2024-04-10 18:58:00,FX:EURJPY,164.302,164.307,164.295,164.295,68.0
2024-04-10 18:59:00,FX:EURJPY,164.295,164.29899999999998,164.279,164.28,66.0
2024-04-10 19:00:00,FX:EURJPY,164.28,164.309,164.279,164.308,79.0
2024-04-10 19:01:00,FX:EURJPY,164.308,164.327,164.30599999999998,164.31,135.0
2024-04-10 19:02:00,FX:EURJPY,164.31,164.31099999999998,164.30499999999998,164.31099999999998,47.0
2024-04-10 19:03:00,FX:EURJPY,164.31099999999998,164.32299999999998,164.309,164.315,103.0
2024-04-10 19:04:00,FX:EURJPY,164.315,164.322,164.295,164.296,97.0
2024-04-10 19:05:00,FX:EURJPY,164.296,164.31799999999998,164.296,164.31099999999998,49.0
2024-04-10 19:06:00,FX:EURJPY,164.31099999999998,164.321,164.307,164.319,90.0
2024-04-10 19:07:00,FX:EURJPY,164.319,164.321,164.309,164.309,65.0
2024-04-10 19:08:00,FX:EURJPY,164.309,164.31199999999998,164.303,164.303,65.0
2024-04-10 19:09:00,FX:EURJPY,164.303,164.30599999999998,164.292,164.298,63.0
2024-04-10 19:10:00,FX:EURJPY,164.298,164.30599999999998,164.29399999999998,164.303,70.0
2024-04-10 19:11:00,FX:EURJPY,164.303,164.30599999999998,164.28099999999998,164.28699999999998,95.0
2024-04-10 19:12:00,FX:EURJPY,164.28699999999998,164.289,164.277,164.283,58.0
2024-04-10 19:13:00,FX:EURJPY,164.283,164.28799999999998,164.279,164.28,73.0
2024-04-10 19:14:00,FX:EURJPY,164.28,164.284,164.26299999999998,164.26399999999998,100.0
2024-04-10 19:15:00,FX:EURJPY,164.26399999999998,164.27499999999998,164.26399999999998,164.274,111.0
2024-04-10 19:16:00,FX:EURJPY,164.274,164.29,164.273,164.285,74.0
2024-04-10 19:17:00,FX:EURJPY,164.285,164.286,164.24699999999999,164.251,112.0
2024-04-10 19:18:00,FX:EURJPY,164.251,164.26399999999998,164.215,164.24099999999999,319.0
2024-04-10 19:19:00,FX:EURJPY,164.24099999999999,164.249,164.17399999999998,164.232,427.0
2024-04-10 19:20:00,FX:EURJPY,164.232,164.284,164.21099999999998,164.28099999999998,346.0
2024-04-10 19:21:00,FX:EURJPY,164.28099999999998,164.307,164.27499999999998,164.301,147.0
2024-04-10 19:22:00,FX:EURJPY,164.301,164.30599999999998,164.272,164.28099999999998,162.0
2024-04-10 19:23:00,FX:EURJPY,164.28099999999998,164.28099999999998,164.255,164.261,128.0
2024-04-10 19:24:00,FX:EURJPY,164.261,164.28699999999998,164.24099999999999,164.28199999999998,144.0
2024-04-10 19:25:00,FX:EURJPY,164.28199999999998,164.29299999999998,164.277,164.28799999999998,119.0
2024-04-10 19:26:00,FX:EURJPY,164.28799999999998,164.31699999999998,164.28799999999998,164.31099999999998,136.0
2024-04-10 19:27:00,FX:EURJPY,164.31099999999998,164.31099999999998,164.271,164.29,164.0
2024-04-10 19:28:00,FX:EURJPY,164.29,164.31,164.28699999999998,164.30499999999998,149.0
2024-04-10 19:29:00,FX:EURJPY,164.30499999999998,164.31199999999998,164.295,164.29999999999998,90.0
2024-04-10 19:30:00,FX:EURJPY,164.29999999999998,164.303,164.265,164.278,195.0
2024-04-10 19:31:00,FX:EURJPY,164.278,164.28699999999998,164.274,164.278,112.0
2024-04-10 19:32:00,FX:EURJPY,164.278,164.28,164.25,164.25199999999998,110.0
2024-04-10 19:33:00,FX:EURJPY,164.25199999999998,164.265,164.214,164.214,132.0
2024-04-10 19:34:00,FX:EURJPY,164.214,164.24099999999999,164.203,164.22199999999998,225.0
2024-04-10 19:35:00,FX:EURJPY,164.22199999999998,164.238,164.21699999999998,164.233,130.0
2024-04-10 19:36:00,FX:EURJPY,164.233,164.277,164.232,164.24599999999998,157.0
2024-04-10 19:37:00,FX:EURJPY,164.24599999999998,164.265,164.244,164.265,93.0
2024-04-10 19:38:00,FX:EURJPY,164.265,164.28099999999998,164.259,164.278,80.0
2024-04-10 19:39:00,FX:EURJPY,164.278,164.278,164.251,164.26299999999998,97.0
2024-04-10 19:40:00,FX:EURJPY,164.26299999999998,164.295,164.26299999999998,164.279,159.0
2024-04-10 19:41:00,FX:EURJPY,164.279,164.284,164.26999999999998,164.27599999999998,91.0
2024-04-10 19:42:00,FX:EURJPY,164.27599999999998,164.27599999999998,164.254,164.262,168.0
2024-04-10 19:43:00,FX:EURJPY,164.262,164.26999999999998,164.249,164.251,105.0
2024-04-10 19:44:00,FX:EURJPY,164.251,164.257,164.24699999999999,164.255,88.0
2024-04-10 19:45:00,FX:EURJPY,164.255,164.278,164.255,164.266,117.0
2024-04-10 19:46:00,FX:EURJPY,164.266,164.277,164.26299999999998,164.265,82.0
2024-04-10 19:47:00,FX:EURJPY,164.265,164.265,164.237,164.23999999999998,115.0
2024-04-10 19:48:00,FX:EURJPY,164.23999999999998,164.244,164.237,164.23999999999998,62.0
2024-04-10 19:49:00,FX:EURJPY,164.23999999999998,164.242,164.21699999999998,164.218,168.0
2024-04-10 19:50:00,FX:EURJPY,164.218,164.227,164.212,164.214,108.0
2024-04-10 19:51:00,FX:EURJPY,164.214,164.215,164.19899999999998,164.20399999999998,127.0
2024-04-10 19:52:00,FX:EURJPY,164.20399999999998,164.227,164.201,164.206,243.0
2024-04-10 19:53:00,FX:EURJPY,164.206,164.244,164.206,164.23399999999998,180.0
2024-04-10 19:54:00,FX:EURJPY,164.23399999999998,164.266,164.226,164.259,240.0
2024-04-10 19:55:00,FX:EURJPY,164.259,164.267,164.244,164.259,190.0
2024-04-10 19:56:00,FX:EURJPY,164.259,164.295,164.259,164.28,178.0
2024-04-10 19:57:00,FX:EURJPY,164.28,164.30599999999998,164.279,164.29899999999998,187.0
2024-04-10 19:58:00,FX:EURJPY,164.29899999999998,164.303,164.278,164.302,172.0
2024-04-10 19:59:00,FX:EURJPY,164.302,164.309,164.283,164.29,237.0
2024-04-10 20:00:00,FX:EURJPY,164.29,164.298,164.272,164.28799999999998,445.0
2024-04-10 20:01:00,FX:EURJPY,164.28799999999998,164.307,164.267,164.28099999999998,411.0
2024-04-10 20:02:00,FX:EURJPY,164.28099999999998,164.32299999999998,164.28099999999998,164.314,327.0
2024-04-10 20:03:00,FX:EURJPY,164.314,164.315,164.25799999999998,164.26,435.0
2024-04-10 20:04:00,FX:EURJPY,164.26,164.297,164.25,164.286,387.0
2024-04-10 20:05:00,FX:EURJPY,164.286,164.28699999999998,164.24599999999998,164.25199999999998,229.0
2024-04-10 20:06:00,FX:EURJPY,164.25199999999998,164.25199999999998,164.208,164.208,209.0
2024-04-10 20:07:00,FX:EURJPY,164.208,164.226,164.19899999999998,164.213,280.0
2024-04-10 20:08:00,FX:EURJPY,164.213,164.215,164.203,164.206,219.0
2024-04-10 20:09:00,FX:EURJPY,164.206,164.209,164.183,164.19299999999998,254.0
2024-04-10 20:10:00,FX:EURJPY,164.19299999999998,164.19799999999998,164.17399999999998,164.17499999999998,290.0
2024-04-10 20:11:00,FX:EURJPY,164.17499999999998,164.185,164.16799999999998,164.171,259.0
2024-04-10 20:12:00,FX:EURJPY,164.171,164.2,164.16,164.196,323.0
2024-04-10 20:13:00,FX:EURJPY,164.196,164.236,164.19299999999998,164.19299999999998,351.0
2024-04-10 20:14:00,FX:EURJPY,164.19299999999998,164.203,164.167,164.19,323.0
2024-04-10 20:15:00,FX:EURJPY,164.19,164.209,164.189,164.2,292.0
2024-04-10 20:16:00,FX:EURJPY,164.2,164.21099999999998,164.197,164.20499999999998,200.0
2024-04-10 20:17:00,FX:EURJPY,164.20499999999998,164.219,164.19899999999998,164.2,202.0
2024-04-10 20:18:00,FX:EURJPY,164.2,164.2,164.161,164.17399999999998,207.0
2024-04-10 20:19:00,FX:EURJPY,164.17399999999998,164.2,164.161,164.195,278.0
2024-04-10 20:20:00,FX:EURJPY,164.195,164.213,164.178,164.202,231.0
2024-04-10 20:21:00,FX:EURJPY,164.202,164.219,164.185,164.18599999999998,184.0
2024-04-10 20:22:00,FX:EURJPY,164.18599999999998,164.218,164.17999999999998,164.218,223.0
2024-04-10 20:23:00,FX:EURJPY,164.218,164.23399999999998,164.212,164.232,162.0
2024-04-10 20:24:00,FX:EURJPY,164.232,164.256,164.231,164.243,189.0
2024-04-10 20:25:00,FX:EURJPY,164.243,164.261,164.243,164.261,193.0
2024-04-10 20:26:00,FX:EURJPY,164.261,164.261,164.24099999999999,164.245,194.0
2024-04-10 20:27:00,FX:EURJPY,164.245,164.248,164.218,164.243,309.0
2024-04-10 20:28:00,FX:EURJPY,164.243,164.249,164.226,164.243,217.0
2024-04-10 20:29:00,FX:EURJPY,164.243,164.26299999999998,164.24099999999999,164.242,197.0
2024-04-10 20:30:00,FX:EURJPY,164.242,164.267,164.24099999999999,164.26299999999998,204.0
2024-04-10 20:31:00,FX:EURJPY,164.26299999999998,164.268,164.256,164.261,202.0
2024-04-10 20:32:00,FX:EURJPY,164.261,164.273,164.253,164.26899999999998,193.0
2024-04-10 20:33:00,FX:EURJPY,164.26899999999998,164.284,164.266,164.272,201.0
2024-04-10 20:34:00,FX:EURJPY,164.272,164.28199999999998,164.22899999999998,164.242,255.0
2024-04-10 20:35:00,FX:EURJPY,164.242,164.251,164.225,164.227,223.0
2024-04-10 20:36:00,FX:EURJPY,164.227,164.23399999999998,164.194,164.21699999999998,336.0
2024-04-10 20:37:00,FX:EURJPY,164.21699999999998,164.238,164.21699999999998,164.232,268.0
2024-04-10 20:38:00,FX:EURJPY,164.232,164.255,164.231,164.243,319.0
2024-04-10 20:39:00,FX:EURJPY,164.243,164.254,164.237,164.244,186.0
2024-04-10 20:40:00,FX:EURJPY,164.244,164.272,164.244,164.25,293.0
2024-04-10 20:41:00,FX:EURJPY,164.25,164.262,164.23399999999998,164.25799999999998,264.0
2024-04-10 20:42:00,FX:EURJPY,164.25799999999998,164.266,164.249,164.266,186.0
2024-04-10 20:43:00,FX:EURJPY,164.266,164.27499999999998,164.262,164.26899999999998,208.0
2024-04-10 20:44:00,FX:EURJPY,164.26899999999998,164.26899999999998,164.255,164.262,184.0
2024-04-10 20:45:00,FX:EURJPY,164.262,164.279,164.24599999999998,164.24599999999998,195.0
2024-04-10 20:46:00,FX:EURJPY,164.24599999999998,164.253,164.22199999999998,164.25199999999998,257.0
2024-04-10 20:47:00,FX:EURJPY,164.25199999999998,164.278,164.233,164.233,203.0
2024-04-10 20:48:00,FX:EURJPY,164.233,164.24599999999998,164.224,164.24599999999998,209.0
2024-04-10 20:49:00,FX:EURJPY,164.24599999999998,164.26299999999998,164.24599999999998,164.256,193.0
2024-04-10 20:50:00,FX:EURJPY,164.256,164.259,164.19799999999998,164.20499999999998,326.0
2024-04-10 20:51:00,FX:EURJPY,164.20499999999998,164.23999999999998,164.18699999999998,164.238,383.0
2024-04-10 20:52:00,FX:EURJPY,164.238,164.29399999999998,164.233,164.29399999999998,479.0
2024-04-10 20:53:00,FX:EURJPY,164.29399999999998,164.29899999999998,164.257,164.283,297.0
2024-04-10 20:54:00,FX:EURJPY,164.283,164.285,164.225,164.245,647.0
2024-04-10 20:55:00,FX:EURJPY,164.245,164.245,164.176,164.189,590.0
2024-04-10 20:56:00,FX:EURJPY,164.189,164.21699999999998,164.17,164.171,458.0
2024-04-10 20:57:00,FX:EURJPY,164.171,164.19299999999998,164.16299999999998,164.19199999999998,270.0
2024-04-10 20:58:00,FX:EURJPY,164.19199999999998,164.197,164.15599999999998,164.189,291.0
2024-04-10 20:59:00,FX:EURJPY,164.189,164.196,164.176,164.18599999999998,300.0
2024-04-10 21:00:00,FX:EURJPY,164.18599999999998,164.209,164.18099999999998,164.20399999999998,245.0
2024-04-10 21:01:00,FX:EURJPY,164.20399999999998,164.214,164.197,164.201,185.0
2024-04-10 21:02:00,FX:EURJPY,164.201,164.207,164.18699999999998,164.18699999999998,328.0
2024-04-10 21:03:00,FX:EURJPY,164.18699999999998,164.194,164.165,164.17,367.0
2024-04-10 21:04:00,FX:EURJPY,164.17,164.178,164.15099999999998,164.176,288.0
2024-04-10 21:05:00,FX:EURJPY,164.176,164.195,164.171,164.195,203.0
2024-04-10 21:06:00,FX:EURJPY,164.195,164.206,164.188,164.189,202.0
2024-04-10 21:07:00,FX:EURJPY,164.189,164.189,164.152,164.173,382.0
2024-04-10 21:08:00,FX:EURJPY,164.173,164.194,164.171,164.178,229.0
2024-04-10 21:09:00,FX:EURJPY,164.178,164.19199999999998,164.14999999999998,164.152,272.0
2024-04-10 21:10:00,FX:EURJPY,164.152,164.17,164.136,164.141,326.0
2024-04-10 21:11:00,FX:EURJPY,164.141,164.15599999999998,164.134,164.14999999999998,251.0
2024-04-10 21:12:00,FX:EURJPY,164.14999999999998,164.18099999999998,164.142,164.17499999999998,296.0
2024-04-10 21:13:00,FX:EURJPY,164.17499999999998,164.215,164.15699999999998,164.196,450.0
2024-04-10 21:14:00,FX:EURJPY,164.196,164.201,164.159,164.165,341.0
2024-04-10 21:15:00,FX:EURJPY,164.165,164.188,164.16199999999998,164.182,323.0
2024-04-10 21:16:00,FX:EURJPY,164.182,164.203,164.177,164.189,291.0
2024-04-10 21:17:00,FX:EURJPY,164.189,164.19799999999998,164.182,164.197,189.0
2024-04-10 21:18:00,FX:EURJPY,164.197,164.209,164.19199999999998,164.19799999999998,310.0
2024-04-10 21:19:00,FX:EURJPY,164.19799999999998,164.202,164.18699999999998,164.189,247.0
2024-04-10 21:20:00,FX:EURJPY,164.189,164.207,164.18699999999998,164.20399999999998,232.0
2024-04-10 21:21:00,FX:EURJPY,164.20399999999998,164.212,164.19899999999998,164.21099999999998,194.0
2024-04-10 21:22:00,FX:EURJPY,164.21099999999998,164.214,164.19,164.19299999999998,191.0
2024-04-10 21:23:00,FX:EURJPY,164.19299999999998,164.19799999999998,164.17499999999998,164.189,190.0
2024-04-10 21:24:00,FX:EURJPY,164.189,164.203,164.184,164.18699999999998,263.0
2024-04-10 21:25:00,FX:EURJPY,164.18699999999998,164.195,164.17999999999998,164.195,190.0
2024-04-10 21:26:00,FX:EURJPY,164.195,164.197,164.164,164.182,231.0
2024-04-10 21:27:00,FX:EURJPY,164.182,164.189,164.172,164.188,228.0
2024-04-10 21:28:00,FX:EURJPY,164.188,164.213,164.18599999999998,164.21099999999998,140.0
2024-04-10 21:29:00,FX:EURJPY,164.21099999999998,164.22,164.20399999999998,164.22,139.0
2024-04-10 21:30:00,FX:EURJPY,164.22,164.26899999999998,164.219,164.22799999999998,395.0
2024-04-10 21:31:00,FX:EURJPY,164.22799999999998,164.254,164.22799999999998,164.23399999999998,256.0
2024-04-10 21:32:00,FX:EURJPY,164.23399999999998,164.23999999999998,164.22,164.227,218.0
2024-04-10 21:33:00,FX:EURJPY,164.227,164.25,164.224,164.25,233.0
2024-04-10 21:34:00,FX:EURJPY,164.25,164.253,164.232,164.233,160.0
2024-04-10 21:35:00,FX:EURJPY,164.233,164.239,164.218,164.237,318.0
2024-04-10 21:36:00,FX:EURJPY,164.237,164.239,164.22899999999998,164.233,223.0
2024-04-10 21:37:00,FX:EURJPY,164.233,164.262,164.232,164.257,250.0
2024-04-10 21:38:00,FX:EURJPY,164.257,164.26399999999998,164.24099999999999,164.24099999999999,196.0
2024-04-10 21:39:00,FX:EURJPY,164.24099999999999,164.242,164.221,164.224,270.0
2024-04-10 21:40:00,FX:EURJPY,164.224,164.248,164.22,164.24599999999998,343.0
2024-04-10 21:41:00,FX:EURJPY,164.24599999999998,164.254,164.23499999999999,164.24699999999999,253.0
2024-04-10 21:42:00,FX:EURJPY,164.24699999999999,164.25799999999998,164.243,164.245,236.0
2024-04-10 21:43:00,FX:EURJPY,164.245,164.245,164.224,164.23499999999999,272.0
2024-04-10 21:44:00,FX:EURJPY,164.23499999999999,164.242,164.218,164.22799999999998,326.0
2024-04-10 21:45:00,FX:EURJPY,164.22799999999998,164.24099999999999,164.22199999999998,164.23,296.0
2024-04-10 21:46:00,FX:EURJPY,164.23,164.24599999999998,164.225,164.23399999999998,294.0
2024-04-10 21:47:00,FX:EURJPY,164.23399999999998,164.24699999999999,164.224,164.227,221.0
2024-04-10 21:48:00,FX:EURJPY,164.227,164.23,164.21099999999998,164.221,276.0
2024-04-10 21:49:00,FX:EURJPY,164.221,164.22799999999998,164.203,164.226,254.0
2024-04-10 21:50:00,FX:EURJPY,164.226,164.257,164.226,164.24599999999998,304.0
2024-04-10 21:51:00,FX:EURJPY,164.24599999999998,164.268,164.245,164.267,249.0
2024-04-10 21:52:00,FX:EURJPY,164.267,164.268,164.227,164.238,288.0
2024-04-10 21:53:00,FX:EURJPY,164.238,164.242,164.22299999999998,164.225,205.0
2024-04-10 21:54:00,FX:EURJPY,164.225,164.233,164.214,164.231,300.0
2024-04-10 21:55:00,FX:EURJPY,164.231,164.233,164.22,164.22,192.0
2024-04-10 21:56:00,FX:EURJPY,164.22,164.23,164.208,164.219,193.0
2024-04-10 21:57:00,FX:EURJPY,164.219,164.22199999999998,164.19799999999998,164.213,207.0
2024-04-10 21:58:00,FX:EURJPY,164.213,164.23499999999999,164.213,164.22299999999998,259.0
2024-04-10 21:59:00,FX:EURJPY,164.22299999999998,164.224,164.207,164.21099999999998,250.0
2024-04-10 22:00:00,FX:EURJPY,164.21099999999998,164.21699999999998,164.201,164.214,250.0
2024-04-10 22:01:00,FX:EURJPY,164.214,164.21599999999998,164.19899999999998,164.208,179.0
2024-04-10 22:02:00,FX:EURJPY,164.208,164.20999999999998,164.18699999999998,164.189,188.0
2024-04-10 22:03:00,FX:EURJPY,164.189,164.196,164.178,164.196,167.0
2024-04-10 22:04:00,FX:EURJPY,164.196,164.197,164.166,164.178,194.0
2024-04-10 22:05:00,FX:EURJPY,164.178,164.18699999999998,164.173,164.179,171.0
2024-04-10 22:06:00,FX:EURJPY,164.179,164.184,164.16899999999998,164.171,156.0
2024-04-10 22:07:00,FX:EURJPY,164.171,164.18599999999998,164.17,164.185,127.0
2024-04-10 22:08:00,FX:EURJPY,164.185,164.19899999999998,164.179,164.18099999999998,161.0
2024-04-10 22:09:00,FX:EURJPY,164.18099999999998,164.185,164.17499999999998,164.184,164.0
2024-04-10 22:10:00,FX:EURJPY,164.184,164.2,164.179,164.19799999999998,168.0
2024-04-10 22:11:00,FX:EURJPY,164.19799999999998,164.208,164.19299999999998,164.207,112.0
2024-04-10 22:12:00,FX:EURJPY,164.207,164.21099999999998,164.19199999999998,164.19799999999998,149.0
2024-04-10 22:13:00,FX:EURJPY,164.19799999999998,164.209,164.183,164.184,143.0
2024-04-10 22:14:00,FX:EURJPY,164.184,164.191,164.178,164.19,119.0
2024-04-10 22:15:00,FX:EURJPY,164.19,164.202,164.189,164.197,123.0
2024-04-10 22:16:00,FX:EURJPY,164.197,164.202,164.194,164.19799999999998,99.0
2024-04-10 22:17:00,FX:EURJPY,164.19799999999998,164.202,164.19,164.201,134.0
2024-04-10 22:18:00,FX:EURJPY,164.201,164.23,164.201,164.22,155.0
2024-04-10 22:19:00,FX:EURJPY,164.22,164.22899999999998,164.21699999999998,164.21699999999998,145.0
2024-04-10 22:20:00,FX:EURJPY,164.21699999999998,164.22199999999998,164.21099999999998,164.21099999999998,147.0
2024-04-10 22:21:00,FX:EURJPY,164.21099999999998,164.21099999999998,164.20399999999998,164.20499999999998,130.0
2024-04-10 22:22:00,FX:EURJPY,164.20499999999998,164.206,164.185,164.18599999999998,121.0
2024-04-10 22:23:00,FX:EURJPY,164.18599999999998,164.197,164.17499999999998,164.189,135.0
2024-04-10 22:24:00,FX:EURJPY,164.189,164.19799999999998,164.183,164.197,102.0
2024-04-10 22:25:00,FX:EURJPY,164.197,164.2,164.189,164.2,145.0
2024-04-10 22:26:00,FX:EURJPY,164.2,164.203,164.191,164.196,115.0
2024-04-10 22:27:00,FX:EURJPY,164.196,164.20399999999998,164.196,164.2,101.0
2024-04-10 22:28:00,FX:EURJPY,164.2,164.20399999999998,164.183,164.185,109.0
2024-04-10 22:29:00,FX:EURJPY,164.185,164.19199999999998,164.185,164.191,54.0
2024-04-10 22:30:00,FX:EURJPY,164.191,164.212,164.191,164.20499999999998,126.0
2024-04-10 22:31:00,FX:EURJPY,164.20499999999998,164.22299999999998,164.201,164.22,124.0
2024-04-10 22:32:00,FX:EURJPY,164.22,164.239,164.21599999999998,164.238,94.0
2024-04-10 22:33:00,FX:EURJPY,164.238,164.24699999999999,164.23499999999999,164.24099999999999,200.0
2024-04-10 22:34:00,FX:EURJPY,164.24099999999999,164.255,164.23999999999998,164.255,140.0
2024-04-10 22:35:00,FX:EURJPY,164.255,164.257,164.244,164.245,105.0
2024-04-10 22:36:00,FX:EURJPY,164.245,164.245,164.218,164.22899999999998,136.0
2024-04-10 22:37:00,FX:EURJPY,164.22899999999998,164.231,164.21099999999998,164.212,110.0
2024-04-10 22:38:00,FX:EURJPY,164.212,164.22199999999998,164.207,164.213,109.0
2024-04-10 22:39:00,FX:EURJPY,164.213,164.22799999999998,164.207,164.22199999999998,131.0
2024-04-10 22:40:00,FX:EURJPY,164.22199999999998,164.227,164.21599999999998,164.218,150.0
2024-04-10 22:41:00,FX:EURJPY,164.218,164.227,164.21599999999998,164.22299999999998,120.0
2024-04-10 22:42:00,FX:EURJPY,164.22299999999998,164.243,164.212,164.23999999999998,227.0
2024-04-10 22:43:00,FX:EURJPY,164.23999999999998,164.24099999999999,164.23399999999998,164.23499999999999,120.0
2024-04-10 22:44:00,FX:EURJPY,164.23499999999999,164.24099999999999,164.233,164.23499999999999,112.0
2024-04-10 22:45:00,FX:EURJPY,164.23499999999999,164.239,164.23399999999998,164.237,117.0
2024-04-10 22:46:00,FX:EURJPY,164.237,164.238,164.233,164.23499999999999,82.0
2024-04-10 22:47:00,FX:EURJPY,164.23499999999999,164.24599999999998,164.23499999999999,164.245,116.0
2024-04-10 22:48:00,FX:EURJPY,164.245,164.245,164.23,164.232,131.0
2024-04-10 22:49:00,FX:EURJPY,164.232,164.25199999999998,164.22199999999998,164.24699999999999,147.0
2024-04-10 22:50:00,FX:EURJPY,164.24699999999999,164.251,164.233,164.24599999999998,172.0
2024-04-10 22:51:00,FX:EURJPY,164.24599999999998,164.25199999999998,164.239,164.245,160.0
2024-04-10 22:52:00,FX:EURJPY,164.245,164.257,164.23999999999998,164.23999999999998,183.0
2024-04-10 22:53:00,FX:EURJPY,164.23999999999998,164.23999999999998,164.225,164.23399999999998,162.0
2024-04-10 22:54:00,FX:EURJPY,164.23399999999998,164.24599999999998,164.232,164.233,197.0
2024-04-10 22:55:00,FX:EURJPY,164.233,164.248,164.233,164.237,202.0
2024-04-10 22:56:00,FX:EURJPY,164.237,164.23999999999998,164.232,164.233,140.0
2024-04-10 22:57:00,FX:EURJPY,164.233,164.23399999999998,164.212,164.21599999999998,126.0
2024-04-10 22:58:00,FX:EURJPY,164.21599999999998,164.22799999999998,164.215,164.22,175.0
2024-04-10 22:59:00,FX:EURJPY,164.22,164.227,164.219,164.221,89.0
2024-04-10 23:00:00,FX:EURJPY,164.221,164.23399999999998,164.21599999999998,164.22799999999998,210.0
2024-04-10 23:01:00,FX:EURJPY,164.22799999999998,164.24099999999999,164.226,164.23999999999998,122.0
2024-04-10 23:02:00,FX:EURJPY,164.23999999999998,164.244,164.22799999999998,164.22899999999998,138.0
2024-04-10 23:03:00,FX:EURJPY,164.22899999999998,164.239,164.22899999999998,164.23499999999999,107.0
2024-04-10 23:04:00,FX:EURJPY,164.23499999999999,164.244,164.233,164.236,175.0
2024-04-10 23:05:00,FX:EURJPY,164.236,164.238,164.21599999999998,164.23399999999998,188.0
2024-04-10 23:06:00,FX:EURJPY,164.23399999999998,164.238,164.233,164.23499999999999,122.0
2024-04-10 23:07:00,FX:EURJPY,164.23499999999999,164.244,164.23499999999999,164.238,135.0
2024-04-10 23:08:00,FX:EURJPY,164.238,164.24099999999999,164.23399999999998,164.23399999999998,71.0
2024-04-10 23:09:00,FX:EURJPY,164.23399999999998,164.24699999999999,164.226,164.245,149.0
2024-04-10 23:10:00,FX:EURJPY,164.245,164.25,164.24099999999999,164.245,95.0
2024-04-10 23:11:00,FX:EURJPY,164.245,164.25799999999998,164.245,164.25199999999998,117.0
2024-04-10 23:12:00,FX:EURJPY,164.25199999999998,164.254,164.248,164.25199999999998,76.0
2024-04-10 23:13:00,FX:EURJPY,164.25199999999998,164.257,164.25,164.25,62.0
2024-04-10 23:14:00,FX:EURJPY,164.25,164.26,164.237,164.253,142.0
2024-04-10 23:15:00,FX:EURJPY,164.253,164.26399999999998,164.251,164.262,126.0
2024-04-10 23:16:00,FX:EURJPY,164.262,164.266,164.255,164.256,102.0
2024-04-10 23:17:00,FX:EURJPY,164.256,164.265,164.25199999999998,164.25799999999998,97.0
2024-04-10 23:18:00,FX:EURJPY,164.25799999999998,164.267,164.257,164.267,79.0
2024-04-10 23:19:00,FX:EURJPY,164.267,164.267,164.253,164.256,122.0
2024-04-10 23:20:00,FX:EURJPY,164.256,164.26399999999998,164.256,164.261,68.0
2024-04-10 23:21:00,FX:EURJPY,164.261,164.273,164.24599999999998,164.24599999999998,149.0
2024-04-10 23:22:00,FX:EURJPY,164.24599999999998,164.25799999999998,164.242,164.25799999999998,131.0
2024-04-10 23:23:00,FX:EURJPY,164.25799999999998,164.278,164.257,164.277,156.0
2024-04-10 23:24:00,FX:EURJPY,164.277,164.278,164.26899999999998,164.278,151.0
2024-04-10 23:25:00,FX:EURJPY,164.278,164.28699999999998,164.274,164.278,146.0
2024-04-10 23:26:00,FX:EURJPY,164.278,164.289,164.277,164.28699999999998,89.0
2024-04-10 23:27:00,FX:EURJPY,164.28699999999998,164.289,164.278,164.284,86.0
2024-04-10 23:28:00,FX:EURJPY,164.284,164.286,164.278,164.279,75.0
2024-04-10 23:29:00,FX:EURJPY,164.279,164.283,164.277,164.279,90.0
2024-04-10 23:30:00,FX:EURJPY,164.279,164.284,164.277,164.28,119.0
2024-04-10 23:31:00,FX:EURJPY,164.28,164.28099999999998,164.278,164.279,60.0
2024-04-10 23:32:00,FX:EURJPY,164.279,164.291,164.278,164.284,99.0
2024-04-10 23:33:00,FX:EURJPY,164.284,164.29,164.28,164.285,95.0
2024-04-10 23:34:00,FX:EURJPY,164.285,164.289,164.284,164.28699999999998,112.0
2024-04-10 23:35:00,FX:EURJPY,164.28699999999998,164.28699999999998,164.268,164.26999999999998,133.0
2024-04-10 23:36:00,FX:EURJPY,164.26999999999998,164.274,164.26399999999998,164.273,108.0
2024-04-10 23:37:00,FX:EURJPY,164.273,164.28099999999998,164.268,164.279,79.0
2024-04-10 23:38:00,FX:EURJPY,164.279,164.28,164.26999999999998,164.27599999999998,127.0
2024-04-10 23:39:00,FX:EURJPY,164.27599999999998,164.284,164.27499999999998,164.28099999999998,78.0
2024-04-10 23:40:00,FX:EURJPY,164.28099999999998,164.298,164.279,164.297,134.0
2024-04-10 23:41:00,FX:EURJPY,164.297,164.301,164.296,164.297,72.0
2024-04-10 23:42:00,FX:EURJPY,164.297,164.307,164.29399999999998,164.307,120.0
2024-04-10 23:43:00,FX:EURJPY,164.307,164.309,164.29999999999998,164.304,100.0
2024-04-10 23:44:00,FX:EURJPY,164.304,164.31099999999998,164.301,164.307,118.0
2024-04-10 23:45:00,FX:EURJPY,164.307,164.31,164.29899999999998,164.301,130.0
2024-04-10 23:46:00,FX:EURJPY,164.301,164.302,164.29899999999998,164.29999999999998,33.0
2024-04-10 23:47:00,FX:EURJPY,164.29999999999998,164.301,164.28799999999998,164.29,75.0
2024-04-10 23:48:00,FX:EURJPY,164.29,164.291,164.28199999999998,164.28199999999998,66.0
2024-04-10 23:49:00,FX:EURJPY,164.28199999999998,164.28699999999998,164.272,164.277,166.0
2024-04-10 23:50:00,FX:EURJPY,164.277,164.283,164.27499999999998,164.28099999999998,47.0
2024-04-10 23:51:00,FX:EURJPY,164.28099999999998,164.28099999999998,164.27499999999998,164.278,52.0
2024-04-10 23:52:00,FX:EURJPY,164.278,164.289,164.278,164.286,76.0
2024-04-10 23:53:00,FX:EURJPY,164.286,164.29,164.28199999999998,164.29,117.0
2024-04-10 23:54:00,FX:EURJPY,164.29,164.295,164.28699999999998,164.29399999999998,113.0
2024-04-10 23:55:00,FX:EURJPY,164.29399999999998,164.326,164.292,164.326,175.0
2024-04-10 23:56:00,FX:EURJPY,164.326,164.326,164.316,164.321,137.0
2024-04-10 23:57:00,FX:EURJPY,164.321,164.325,164.30599999999998,164.313,174.0
2024-04-10 23:58:00,FX:EURJPY,164.313,164.338,164.31199999999998,164.334,211.0
2024-04-10 23:59:00,FX:EURJPY,164.334,164.343,164.32999999999998,164.33499999999998,181.0
2024-04-11 00:00:00,FX:EURJPY,164.33499999999998,164.363,164.32999999999998,164.344,237.0
2024-04-11 00:01:00,FX:EURJPY,164.344,164.361,164.34,164.35399999999998,180.0
2024-04-11 00:02:00,FX:EURJPY,164.35399999999998,164.367,164.34099999999998,164.356,184.0
2024-04-11 00:03:00,FX:EURJPY,164.356,164.358,164.343,164.34699999999998,104.0
2024-04-11 00:04:00,FX:EURJPY,164.34699999999998,164.356,164.345,164.35,94.0
2024-04-11 00:05:00,FX:EURJPY,164.35,164.35,164.344,164.34799999999998,105.0
2024-04-11 00:06:00,FX:EURJPY,164.34799999999998,164.35899999999998,164.34199999999998,164.349,136.0
2024-04-11 00:07:00,FX:EURJPY,164.349,164.35,164.343,164.346,65.0
2024-04-11 00:08:00,FX:EURJPY,164.346,164.34699999999998,164.32999999999998,164.331,93.0
2024-04-11 00:09:00,FX:EURJPY,164.331,164.339,164.32999999999998,164.339,65.0
2024-04-11 00:10:00,FX:EURJPY,164.339,164.339,164.328,164.328,69.0
2024-04-11 00:11:00,FX:EURJPY,164.328,164.32999999999998,164.314,164.319,78.0
2024-04-11 00:12:00,FX:EURJPY,164.319,164.319,164.297,164.298,199.0
2024-04-11 00:13:00,FX:EURJPY,164.298,164.301,164.289,164.29999999999998,208.0
2024-04-11 00:14:00,FX:EURJPY,164.29999999999998,164.313,164.296,164.313,166.0
2024-04-11 00:15:00,FX:EURJPY,164.313,164.31799999999998,164.309,164.313,124.0
2024-04-11 00:16:00,FX:EURJPY,164.313,164.314,164.279,164.28,184.0
2024-04-11 00:17:00,FX:EURJPY,164.28,164.286,164.278,164.286,119.0
2024-04-11 00:18:00,FX:EURJPY,164.286,164.303,164.286,164.29,151.0
2024-04-11 00:19:00,FX:EURJPY,164.29,164.29299999999998,164.286,164.28699999999998,90.0
2024-04-11 00:20:00,FX:EURJPY,164.28699999999998,164.301,164.286,164.29999999999998,103.0
2024-04-11 00:21:00,FX:EURJPY,164.29999999999998,164.29999999999998,164.28799999999998,164.29299999999998,137.0
2024-04-11 00:22:00,FX:EURJPY,164.29299999999998,164.29899999999998,164.29,164.295,116.0
2024-04-11 00:23:00,FX:EURJPY,164.295,164.297,164.291,164.292,96.0
2024-04-11 00:24:00,FX:EURJPY,164.292,164.29899999999998,164.291,164.298,90.0
2024-04-11 00:25:00,FX:EURJPY,164.298,164.304,164.297,164.297,113.0
2024-04-11 00:26:00,FX:EURJPY,164.297,164.30599999999998,164.297,164.301,78.0
2024-04-11 00:27:00,FX:EURJPY,164.301,164.30499999999998,164.297,164.30499999999998,132.0
2024-04-11 00:28:00,FX:EURJPY,164.30499999999998,164.30499999999998,164.286,164.286,74.0
2024-04-11 00:29:00,FX:EURJPY,164.286,164.28699999999998,164.279,164.283,83.0
2024-04-11 00:30:00,FX:EURJPY,164.283,164.297,164.27599999999998,164.28,210.0
2024-04-11 00:31:00,FX:EURJPY,164.28,164.289,164.28,164.28699999999998,109.0
2024-04-11 00:32:00,FX:EURJPY,164.28699999999998,164.28699999999998,164.277,164.285,124.0
2024-04-11 00:33:00,FX:EURJPY,164.285,164.29899999999998,164.283,164.298,124.0
2024-04-11 00:34:00,FX:EURJPY,164.298,164.30499999999998,164.29,164.298,195.0
2024-04-11 00:35:00,FX:EURJPY,164.298,164.32,164.297,164.315,223.0
2024-04-11 00:36:00,FX:EURJPY,164.315,164.315,164.30499999999998,164.30499999999998,120.0
2024-04-11 00:37:00,FX:EURJPY,164.30499999999998,164.308,164.297,164.298,116.0
2024-04-11 00:38:00,FX:EURJPY,164.298,164.29899999999998,164.283,164.292,108.0
2024-04-11 00:39:00,FX:EURJPY,164.292,164.29899999999998,164.289,164.292,150.0
2024-04-11 00:40:00,FX:EURJPY,164.292,164.308,164.291,164.303,117.0
2024-04-11 00:41:00,FX:EURJPY,164.303,164.31099999999998,164.302,164.31099999999998,104.0
2024-04-11 00:42:00,FX:EURJPY,164.31099999999998,164.31199999999998,164.29999999999998,164.29999999999998,94.0
2024-04-11 00:43:00,FX:EURJPY,164.29999999999998,164.30599999999998,164.29999999999998,164.302,90.0
2024-04-11 00:44:00,FX:EURJPY,164.302,164.303,164.297,164.301,128.0
2024-04-11 00:45:00,FX:EURJPY,164.301,164.301,164.29,164.29,100.0
2024-04-11 00:46:00,FX:EURJPY,164.29,164.29399999999998,164.29,164.291,87.0
2024-04-11 00:47:00,FX:EURJPY,164.291,164.303,164.291,164.29999999999998,68.0
2024-04-11 00:48:00,FX:EURJPY,164.29999999999998,164.302,164.29,164.296,82.0
2024-04-11 00:49:00,FX:EURJPY,164.296,164.29899999999998,164.296,164.296,41.0
2024-04-11 00:50:00,FX:EURJPY,164.296,164.296,164.272,164.27499999999998,128.0
2024-04-11 00:51:00,FX:EURJPY,164.27499999999998,164.291,164.268,164.29,92.0
2024-04-11 00:52:00,FX:EURJPY,164.29,164.296,164.28699999999998,164.295,56.0
2024-04-11 00:53:00,FX:EURJPY,164.295,164.301,164.29399999999998,164.298,66.0
2024-04-11 00:54:00,FX:EURJPY,164.298,164.301,164.292,164.29399999999998,146.0
2024-04-11 00:55:00,FX:EURJPY,164.29399999999998,164.297,164.285,164.28699999999998,114.0
2024-04-11 00:56:00,FX:EURJPY,164.28699999999998,164.28799999999998,164.274,164.27499999999998,77.0
2024-04-11 00:57:00,FX:EURJPY,164.27499999999998,164.28199999999998,164.26999999999998,164.279,159.0
2024-04-11 00:58:00,FX:EURJPY,164.279,164.28699999999998,164.27599999999998,164.284,89.0
2024-04-11 00:59:00,FX:EURJPY,164.284,164.30599999999998,164.284,164.30499999999998,105.0
2024-04-11 01:00:00,FX:EURJPY,164.30499999999998,164.32299999999998,164.29899999999998,164.32299999999998,151.0
2024-04-11 01:01:00,FX:EURJPY,164.32299999999998,164.34,164.32299999999998,164.32399999999998,138.0
2024-04-11 01:02:00,FX:EURJPY,164.32399999999998,164.328,164.321,164.32299999999998,149.0
2024-04-11 01:03:00,FX:EURJPY,164.32299999999998,164.32299999999998,164.289,164.308,190.0
2024-04-11 01:04:00,FX:EURJPY,164.308,164.32999999999998,164.307,164.32999999999998,150.0
2024-04-11 01:05:00,FX:EURJPY,164.32999999999998,164.334,164.321,164.32899999999998,165.0
2024-04-11 01:06:00,FX:EURJPY,164.32899999999998,164.32999999999998,164.309,164.31099999999998,116.0
2024-04-11 01:07:00,FX:EURJPY,164.31099999999998,164.319,164.31099999999998,164.31799999999998,70.0
2024-04-11 01:08:00,FX:EURJPY,164.31799999999998,164.319,164.304,164.314,119.0
2024-04-11 01:09:00,FX:EURJPY,164.314,164.32299999999998,164.304,164.322,152.0
2024-04-11 01:10:00,FX:EURJPY,164.322,164.32899999999998,164.308,164.31199999999998,140.0
2024-04-11 01:11:00,FX:EURJPY,164.31199999999998,164.32999999999998,164.31199999999998,164.316,125.0
2024-04-11 01:12:00,FX:EURJPY,164.316,164.322,164.307,164.322,108.0
2024-04-11 01:13:00,FX:EURJPY,164.322,164.328,164.315,164.316,148.0
2024-04-11 01:14:00,FX:EURJPY,164.316,164.31799999999998,164.31199999999998,164.315,110.0
2024-04-11 01:15:00,FX:EURJPY,164.315,164.31699999999998,164.29399999999998,164.29999999999998,132.0
2024-04-11 01:16:00,FX:EURJPY,164.29999999999998,164.32399999999998,164.298,164.32299999999998,187.0
2024-04-11 01:17:00,FX:EURJPY,164.32299999999998,164.326,164.31799999999998,164.322,98.0
2024-04-11 01:18:00,FX:EURJPY,164.322,164.337,164.322,164.33499999999998,94.0
2024-04-11 01:19:00,FX:EURJPY,164.33499999999998,164.346,164.327,164.328,103.0
2024-04-11 01:20:00,FX:EURJPY,164.328,164.331,164.316,164.321,121.0
2024-04-11 01:21:00,FX:EURJPY,164.321,164.346,164.31799999999998,164.346,99.0
2024-04-11 01:22:00,FX:EURJPY,164.346,164.346,164.31799999999998,164.325,142.0
2024-04-11 01:23:00,FX:EURJPY,164.325,164.32999999999998,164.32,164.328,95.0
2024-04-11 01:24:00,FX:EURJPY,164.328,164.346,164.327,164.343,144.0
2024-04-11 01:25:00,FX:EURJPY,164.343,164.349,164.325,164.328,148.0
2024-04-11 01:26:00,FX:EURJPY,164.328,164.32999999999998,164.322,164.322,77.0
2024-04-11 01:27:00,FX:EURJPY,164.322,164.34,164.322,164.334,162.0
2024-04-11 01:28:00,FX:EURJPY,164.334,164.33599999999998,164.325,164.326,89.0
2024-04-11 01:29:00,FX:EURJPY,164.326,164.334,164.32299999999998,164.331,83.0
2024-04-11 01:30:00,FX:EURJPY,164.331,164.339,164.32899999999998,164.332,111.0
2024-04-11 01:31:00,FX:EURJPY,164.332,164.339,164.327,164.338,146.0
2024-04-11 01:32:00,FX:EURJPY,164.338,164.34199999999998,164.33599999999998,164.33599999999998,57.0
2024-04-11 01:33:00,FX:EURJPY,164.33599999999998,164.339,164.32899999999998,164.337,98.0
2024-04-11 01:34:00,FX:EURJPY,164.337,164.343,164.326,164.339,78.0
2024-04-11 01:35:00,FX:EURJPY,164.339,164.339,164.32299999999998,164.327,82.0
2024-04-11 01:36:00,FX:EURJPY,164.327,164.327,164.319,164.322,124.0
2024-04-11 01:37:00,FX:EURJPY,164.322,164.32299999999998,164.304,164.304,82.0
2024-04-11 01:38:00,FX:EURJPY,164.304,164.307,164.28799999999998,164.307,123.0
2024-04-11 01:39:00,FX:EURJPY,164.307,164.314,164.30599999999998,164.308,100.0
2024-04-11 01:40:00,FX:EURJPY,164.308,164.309,164.301,164.308,98.0
2024-04-11 01:41:00,FX:EURJPY,164.308,164.31199999999998,164.307,164.308,100.0
2024-04-11 01:42:00,FX:EURJPY,164.308,164.31699999999998,164.307,164.316,90.0
2024-04-11 01:43:00,FX:EURJPY,164.316,164.31699999999998,164.29999999999998,164.302,107.0
2024-04-11 01:44:00,FX:EURJPY,164.302,164.309,164.297,164.303,105.0
2024-04-11 01:45:00,FX:EURJPY,164.303,164.30599999999998,164.29,164.298,112.0
2024-04-11 01:46:00,FX:EURJPY,164.298,164.314,164.298,164.314,103.0
2024-04-11 01:47:00,FX:EURJPY,164.314,164.31699999999998,164.30599999999998,164.307,172.0
2024-04-11 01:48:00,FX:EURJPY,164.307,164.309,164.29399999999998,164.304,194.0
2024-04-11 01:49:00,FX:EURJPY,164.304,164.307,164.302,164.302,144.0
2024-04-11 01:50:00,FX:EURJPY,164.302,164.30499999999998,164.302,164.302,138.0
2024-04-11 01:51:00,FX:EURJPY,164.302,164.31,164.302,164.308,85.0
2024-04-11 01:52:00,FX:EURJPY,164.308,164.316,164.30599999999998,164.316,74.0
2024-04-11 01:53:00,FX:EURJPY,164.316,164.316,164.308,164.309,65.0
2024-04-11 01:54:00,FX:EURJPY,164.309,164.313,164.301,164.31099999999998,129.0
2024-04-11 01:55:00,FX:EURJPY,164.31099999999998,164.32399999999998,164.30499999999998,164.319,128.0
2024-04-11 01:56:00,FX:EURJPY,164.319,164.322,164.314,164.321,151.0
2024-04-11 01:57:00,FX:EURJPY,164.321,164.32299999999998,164.30499999999998,164.32299999999998,113.0
2024-04-11 01:58:00,FX:EURJPY,164.32299999999998,164.34199999999998,164.32299999999998,164.34099999999998,189.0
2024-04-11 01:59:00,FX:EURJPY,164.34099999999998,164.34799999999998,164.322,164.331,206.0
2024-04-11 02:00:00,FX:EURJPY,164.331,164.33499999999998,164.304,164.32299999999998,315.0
2024-04-11 02:01:00,FX:EURJPY,164.32299999999998,164.32299999999998,164.29999999999998,164.302,249.0
2024-04-11 02:02:00,FX:EURJPY,164.302,164.31799999999998,164.29899999999998,164.304,289.0
2024-04-11 02:03:00,FX:EURJPY,164.304,164.316,164.29899999999998,164.314,183.0
2024-04-11 02:04:00,FX:EURJPY,164.314,164.361,164.31199999999998,164.344,278.0
2024-04-11 02:05:00,FX:EURJPY,164.344,164.368,164.34099999999998,164.35899999999998,268.0
2024-04-11 02:06:00,FX:EURJPY,164.35899999999998,164.379,164.32899999999998,164.331,442.0
2024-04-11 02:07:00,FX:EURJPY,164.331,164.349,164.31199999999998,164.344,296.0
2024-04-11 02:08:00,FX:EURJPY,164.344,164.362,164.34099999999998,164.35,249.0
2024-04-11 02:09:00,FX:EURJPY,164.35,164.355,164.316,164.321,271.0
2024-04-11 02:10:00,FX:EURJPY,164.321,164.32399999999998,164.303,164.308,202.0
2024-04-11 02:11:00,FX:EURJPY,164.308,164.31099999999998,164.289,164.303,183.0
2024-04-11 02:12:00,FX:EURJPY,164.303,164.31799999999998,164.296,164.303,238.0
2024-04-11 02:13:00,FX:EURJPY,164.303,164.322,164.29899999999998,164.319,234.0
2024-04-11 02:14:00,FX:EURJPY,164.319,164.344,164.315,164.34099999999998,254.0
2024-04-11 02:15:00,FX:EURJPY,164.34099999999998,164.352,164.333,164.333,251.0
2024-04-11 02:16:00,FX:EURJPY,164.333,164.34799999999998,164.32299999999998,164.34,271.0
2024-04-11 02:17:00,FX:EURJPY,164.34,164.34099999999998,164.331,164.332,185.0
2024-04-11 02:18:00,FX:EURJPY,164.332,164.33499999999998,164.32399999999998,164.327,198.0
2024-04-11 02:19:00,FX:EURJPY,164.327,164.339,164.325,164.33499999999998,233.0
2024-04-11 02:20:00,FX:EURJPY,164.33499999999998,164.338,164.322,164.32399999999998,189.0
2024-04-11 02:21:00,FX:EURJPY,164.32399999999998,164.332,164.32,164.327,166.0
2024-04-11 02:22:00,FX:EURJPY,164.327,164.34,164.326,164.337,173.0
2024-04-11 02:23:00,FX:EURJPY,164.337,164.361,164.325,164.35999999999999,308.0
2024-04-11 02:24:00,FX:EURJPY,164.35999999999999,164.361,164.34799999999998,164.351,136.0
2024-04-11 02:25:00,FX:EURJPY,164.351,164.368,164.344,164.357,173.0
2024-04-11 02:26:00,FX:EURJPY,164.357,164.36499999999998,164.35299999999998,164.357,155.0
2024-04-11 02:27:00,FX:EURJPY,164.357,164.375,164.357,164.374,176.0
2024-04-11 02:28:00,FX:EURJPY,164.374,164.379,164.362,164.379,184.0
2024-04-11 02:29:00,FX:EURJPY,164.379,164.379,164.34799999999998,164.356,213.0
2024-04-11 02:30:00,FX:EURJPY,164.356,164.392,164.356,164.392,286.0
2024-04-11 02:31:00,FX:EURJPY,164.392,164.402,164.379,164.381,239.0
2024-04-11 02:32:00,FX:EURJPY,164.381,164.398,164.381,164.39,149.0
2024-04-11 02:33:00,FX:EURJPY,164.39,164.396,164.384,164.387,216.0
2024-04-11 02:34:00,FX:EURJPY,164.387,164.398,164.38,164.38299999999998,303.0
2024-04-11 02:35:00,FX:EURJPY,164.38299999999998,164.384,164.362,164.364,229.0
2024-04-11 02:36:00,FX:EURJPY,164.364,164.37699999999998,164.35299999999998,164.35399999999998,262.0
2024-04-11 02:37:00,FX:EURJPY,164.35399999999998,164.361,164.34199999999998,164.35299999999998,202.0
2024-04-11 02:38:00,FX:EURJPY,164.35299999999998,164.36599999999999,164.34199999999998,164.36599999999999,176.0
2024-04-11 02:39:00,FX:EURJPY,164.36599999999999,164.379,164.364,164.374,156.0
2024-04-11 02:40:00,FX:EURJPY,164.374,164.386,164.35899999999998,164.38299999999998,232.0
2024-04-11 02:41:00,FX:EURJPY,164.38299999999998,164.40699999999998,164.382,164.405,237.0
2024-04-11 02:42:00,FX:EURJPY,164.405,164.40599999999998,164.373,164.374,230.0
2024-04-11 02:43:00,FX:EURJPY,164.374,164.39,164.37099999999998,164.384,159.0
2024-04-11 02:44:00,FX:EURJPY,164.384,164.385,164.358,164.358,170.0
2024-04-11 02:45:00,FX:EURJPY,164.358,164.362,164.344,164.344,218.0
2024-04-11 02:46:00,FX:EURJPY,164.344,164.35999999999999,164.34099999999998,164.351,287.0
2024-04-11 02:47:00,FX:EURJPY,164.351,164.384,164.345,164.384,245.0
2024-04-11 02:48:00,FX:EURJPY,164.384,164.384,164.344,164.345,264.0
2024-04-11 02:49:00,FX:EURJPY,164.345,164.351,164.328,164.32899999999998,279.0
2024-04-11 02:50:00,FX:EURJPY,164.32899999999998,164.33499999999998,164.319,164.326,220.0
2024-04-11 02:51:00,FX:EURJPY,164.326,164.34699999999998,164.326,164.34,276.0
2024-04-11 02:52:00,FX:EURJPY,164.34,164.363,164.339,164.35899999999998,262.0
2024-04-11 02:53:00,FX:EURJPY,164.35899999999998,164.375,164.355,164.37,236.0
2024-04-11 02:54:00,FX:EURJPY,164.37,164.37099999999998,164.352,164.368,246.0
2024-04-11 02:55:00,FX:EURJPY,164.368,164.37099999999998,164.35999999999999,164.35999999999999,172.0
2024-04-11 02:56:00,FX:EURJPY,164.35999999999999,164.36599999999999,164.34799999999998,164.351,363.0
2024-04-11 02:57:00,FX:EURJPY,164.351,164.361,164.32899999999998,164.333,312.0
2024-04-11 02:58:00,FX:EURJPY,164.333,164.343,164.313,164.326,314.0
2024-04-11 02:59:00,FX:EURJPY,164.326,164.337,164.314,164.31799999999998,327.0
2024-04-11 03:00:00,FX:EURJPY,164.31799999999998,164.37,164.31199999999998,164.364,428.0
2024-04-11 03:01:00,FX:EURJPY,164.364,164.368,164.344,164.352,346.0
2024-04-11 03:02:00,FX:EURJPY,164.352,164.378,164.338,164.37,410.0
2024-04-11 03:03:00,FX:EURJPY,164.37,164.39499999999998,164.35899999999998,164.38799999999998,456.0
2024-04-11 03:04:00,FX:EURJPY,164.38799999999998,164.391,164.37199999999999,164.38799999999998,338.0
2024-04-11 03:05:00,FX:EURJPY,164.38799999999998,164.456,164.387,164.451,544.0
2024-04-11 03:06:00,FX:EURJPY,164.451,164.451,164.42399999999998,164.438,421.0
2024-04-11 03:07:00,FX:EURJPY,164.438,164.462,164.43099999999998,164.456,395.0
2024-04-11 03:08:00,FX:EURJPY,164.456,164.46699999999998,164.446,164.44899999999998,361.0
2024-04-11 03:09:00,FX:EURJPY,164.44899999999998,164.48499999999999,164.445,164.483,327.0
2024-04-11 03:10:00,FX:EURJPY,164.483,164.488,164.46699999999998,164.487,339.0
2024-04-11 03:11:00,FX:EURJPY,164.487,164.505,164.48499999999999,164.5,348.0
2024-04-11 03:12:00,FX:EURJPY,164.5,164.52599999999998,164.495,164.518,341.0
2024-04-11 03:13:00,FX:EURJPY,164.518,164.51899999999998,164.489,164.49099999999999,290.0
2024-04-11 03:14:00,FX:EURJPY,164.49099999999999,164.5,164.46099999999998,164.465,469.0
2024-04-11 03:15:00,FX:EURJPY,164.465,164.534,164.46099999999998,164.521,509.0
2024-04-11 03:16:00,FX:EURJPY,164.521,164.542,164.517,164.53099999999998,509.0
2024-04-11 03:17:00,FX:EURJPY,164.53099999999998,164.53099999999998,164.505,164.51899999999998,456.0
2024-04-11 03:18:00,FX:EURJPY,164.51899999999998,164.523,164.495,164.506,430.0
2024-04-11 03:19:00,FX:EURJPY,164.506,164.51399999999998,164.48399999999998,164.494,355.0
2024-04-11 03:20:00,FX:EURJPY,164.494,164.524,164.49099999999999,164.505,379.0
2024-04-11 03:21:00,FX:EURJPY,164.505,164.509,164.48499999999999,164.505,396.0
2024-04-11 03:22:00,FX:EURJPY,164.505,164.51399999999998,164.5,164.504,193.0
2024-04-11 03:23:00,FX:EURJPY,164.504,164.50799999999998,164.47899999999998,164.49599999999998,296.0
2024-04-11 03:24:00,FX:EURJPY,164.49599999999998,164.509,164.487,164.493,258.0
2024-04-11 03:25:00,FX:EURJPY,164.493,164.527,164.493,164.523,306.0
2024-04-11 03:26:00,FX:EURJPY,164.523,164.528,164.50799999999998,164.522,331.0
2024-04-11 03:27:00,FX:EURJPY,164.522,164.527,164.495,164.506,450.0
2024-04-11 03:28:00,FX:EURJPY,164.506,164.51,164.48999999999998,164.501,335.0
2024-04-11 03:29:00,FX:EURJPY,164.501,164.51,164.47899999999998,164.48999999999998,365.0
2024-04-11 03:30:00,FX:EURJPY,164.48999999999998,164.51999999999998,164.48,164.487,472.0
2024-04-11 03:31:00,FX:EURJPY,164.487,164.49599999999998,164.476,164.483,440.0
2024-04-11 03:32:00,FX:EURJPY,164.483,164.489,164.457,164.46099999999998,366.0
2024-04-11 03:33:00,FX:EURJPY,164.46099999999998,164.46599999999998,164.444,164.459,296.0
2024-04-11 03:34:00,FX:EURJPY,164.459,164.47899999999998,164.45399999999998,164.457,350.0
2024-04-11 03:35:00,FX:EURJPY,164.457,164.459,164.42499999999998,164.427,431.0
2024-04-11 03:36:00,FX:EURJPY,164.427,164.44199999999998,164.40599999999998,164.42399999999998,394.0
2024-04-11 03:37:00,FX:EURJPY,164.42399999999998,164.433,164.408,164.41899999999998,439.0
2024-04-11 03:38:00,FX:EURJPY,164.41899999999998,164.421,164.385,164.39999999999998,472.0
2024-04-11 03:39:00,FX:EURJPY,164.39999999999998,164.421,164.378,164.421,409.0
2024-04-11 03:40:00,FX:EURJPY,164.421,164.42399999999998,164.40099999999998,164.41,419.0
2024-04-11 03:41:00,FX:EURJPY,164.41,164.427,164.39999999999998,164.40699999999998,372.0
2024-04-11 03:42:00,FX:EURJPY,164.40699999999998,164.429,164.396,164.426,378.0
2024-04-11 03:43:00,FX:EURJPY,164.426,164.435,164.41299999999998,164.426,255.0
2024-04-11 03:44:00,FX:EURJPY,164.426,164.451,164.423,164.451,302.0
2024-04-11 03:45:00,FX:EURJPY,164.451,164.469,164.45,164.458,467.0
2024-04-11 03:46:00,FX:EURJPY,164.458,164.458,164.433,164.44799999999998,317.0
2024-04-11 03:47:00,FX:EURJPY,164.44799999999998,164.452,164.41899999999998,164.44199999999998,273.0
2024-04-11 03:48:00,FX:EURJPY,164.44199999999998,164.459,164.432,164.45,261.0
2024-04-11 03:49:00,FX:EURJPY,164.45,164.45999999999998,164.441,164.45999999999998,327.0
2024-04-11 03:50:00,FX:EURJPY,164.45999999999998,164.47199999999998,164.458,164.471,322.0
2024-04-11 03:51:00,FX:EURJPY,164.471,164.482,164.45499999999998,164.457,296.0
2024-04-11 03:52:00,FX:EURJPY,164.457,164.46099999999998,164.434,164.44199999999998,291.0
2024-04-11 03:53:00,FX:EURJPY,164.44199999999998,164.47,164.44199999999998,164.447,249.0
2024-04-11 03:54:00,FX:EURJPY,164.447,164.47,164.435,164.469,336.0
2024-04-11 03:55:00,FX:EURJPY,164.469,164.501,164.468,164.5,378.0
2024-04-11 03:56:00,FX:EURJPY,164.5,164.518,164.499,164.517,228.0
2024-04-11 03:57:00,FX:EURJPY,164.517,164.535,164.50799999999998,164.51899999999998,310.0
2024-04-11 03:58:00,FX:EURJPY,164.51899999999998,164.53199999999998,164.517,164.518,321.0
2024-04-11 03:59:00,FX:EURJPY,164.518,164.536,164.49699999999999,164.511,441.0
2024-04-11 04:00:00,FX:EURJPY,164.511,164.528,164.5,164.51399999999998,399.0
2024-04-11 04:01:00,FX:EURJPY,164.51399999999998,164.51999999999998,164.50199999999998,164.51399999999998,306.0
2024-04-11 04:02:00,FX:EURJPY,164.51399999999998,164.516,164.492,164.499,321.0
2024-04-11 04:03:00,FX:EURJPY,164.499,164.547,164.494,164.546,357.0
2024-04-11 04:04:00,FX:EURJPY,164.546,164.56,164.54,164.54899999999998,461.0
2024-04-11 04:05:00,FX:EURJPY,164.54899999999998,164.57899999999998,164.545,164.578,395.0
2024-04-11 04:06:00,FX:EURJPY,164.578,164.632,164.578,164.632,291.0
2024-04-11 04:07:00,FX:EURJPY,164.632,164.659,164.62699999999998,164.649,254.0
2024-04-11 04:08:00,FX:EURJPY,164.649,164.649,164.62,164.63899999999998,233.0
2024-04-11 04:09:00,FX:EURJPY,164.63899999999998,164.646,164.626,164.626,238.0
2024-04-11 04:10:00,FX:EURJPY,164.626,164.65099999999998,164.624,164.643,310.0
2024-04-11 04:11:00,FX:EURJPY,164.643,164.64399999999998,164.624,164.63,193.0
2024-04-11 04:12:00,FX:EURJPY,164.63,164.66199999999998,164.629,164.66,219.0
2024-04-11 04:13:00,FX:EURJPY,164.66,164.67499999999998,164.64999999999998,164.65099999999998,294.0
2024-04-11 04:14:00,FX:EURJPY,164.65099999999998,164.652,164.632,164.64,269.0
2024-04-11 04:15:00,FX:EURJPY,164.64,164.659,164.63,164.63799999999998,473.0
2024-04-11 04:16:00,FX:EURJPY,164.63799999999998,164.642,164.617,164.62699999999998,374.0
2024-04-11 04:17:00,FX:EURJPY,164.62699999999998,164.66199999999998,164.623,164.655,310.0
2024-04-11 04:18:00,FX:EURJPY,164.655,164.689,164.64999999999998,164.685,385.0
2024-04-11 04:19:00,FX:EURJPY,164.685,164.69799999999998,164.676,164.69299999999998,336.0
2024-04-11 04:20:00,FX:EURJPY,164.69299999999998,164.695,164.66,164.664,238.0
2024-04-11 04:21:00,FX:EURJPY,164.664,164.664,164.637,164.63899999999998,204.0
2024-04-11 04:22:00,FX:EURJPY,164.63899999999998,164.65699999999998,164.637,164.643,267.0
2024-04-11 04:23:00,FX:EURJPY,164.643,164.643,164.618,164.626,157.0
2024-04-11 04:24:00,FX:EURJPY,164.626,164.63899999999998,164.618,164.618,169.0
2024-04-11 04:25:00,FX:EURJPY,164.618,164.623,164.569,164.57,292.0
2024-04-11 04:26:00,FX:EURJPY,164.57,164.601,164.57,164.601,217.0
2024-04-11 04:27:00,FX:EURJPY,164.601,164.636,164.599,164.624,280.0
2024-04-11 04:28:00,FX:EURJPY,164.624,164.648,164.62199999999999,164.631,281.0
2024-04-11 04:29:00,FX:EURJPY,164.631,164.649,164.60999999999999,164.649,274.0
2024-04-11 04:30:00,FX:EURJPY,164.649,164.68099999999998,164.646,164.67399999999998,363.0
2024-04-11 04:31:00,FX:EURJPY,164.67399999999998,164.685,164.66199999999998,164.67499999999998,361.0
2024-04-11 04:32:00,FX:EURJPY,164.67499999999998,164.67999999999998,164.637,164.642,280.0
2024-04-11 04:33:00,FX:EURJPY,164.642,164.666,164.62699999999998,164.65099999999998,396.0
2024-04-11 04:34:00,FX:EURJPY,164.65099999999998,164.67999999999998,164.64999999999998,164.678,209.0
2024-04-11 04:35:00,FX:EURJPY,164.678,164.678,164.65699999999998,164.66199999999998,288.0
2024-04-11 04:36:00,FX:EURJPY,164.66199999999998,164.68599999999998,164.65099999999998,164.654,519.0
2024-04-11 04:37:00,FX:EURJPY,164.654,164.664,164.635,164.655,393.0
2024-04-11 04:38:00,FX:EURJPY,164.655,164.672,164.654,164.661,278.0
2024-04-11 04:39:00,FX:EURJPY,164.661,164.661,164.62699999999998,164.63,279.0
2024-04-11 04:40:00,FX:EURJPY,164.63,164.631,164.6,164.60399999999998,218.0
2024-04-11 04:41:00,FX:EURJPY,164.60399999999998,164.62199999999999,164.59799999999998,164.619,202.0
2024-04-11 04:42:00,FX:EURJPY,164.619,164.66299999999998,164.619,164.66299999999998,290.0
2024-04-11 04:43:00,FX:EURJPY,164.66299999999998,164.68599999999998,164.66199999999998,164.683,289.0
2024-04-11 04:44:00,FX:EURJPY,164.683,164.69,164.67,164.671,247.0
2024-04-11 04:45:00,FX:EURJPY,164.671,164.682,164.65699999999998,164.665,254.0
2024-04-11 04:46:00,FX:EURJPY,164.665,164.66899999999998,164.642,164.643,309.0
2024-04-11 04:47:00,FX:EURJPY,164.643,164.646,164.575,164.578,438.0
2024-04-11 04:48:00,FX:EURJPY,164.578,164.59799999999998,164.569,164.571,394.0
2024-04-11 04:49:00,FX:EURJPY,164.571,164.57999999999998,164.56199999999998,164.56699999999998,364.0
2024-04-11 04:50:00,FX:EURJPY,164.56699999999998,164.623,164.55499999999998,164.62099999999998,615.0
2024-04-11 04:51:00,FX:EURJPY,164.62099999999998,164.637,164.60999999999999,164.635,293.0
2024-04-11 04:52:00,FX:EURJPY,164.635,164.635,164.60999999999999,164.617,251.0
2024-04-11 04:53:00,FX:EURJPY,164.617,164.63799999999998,164.611,164.637,263.0
2024-04-11 04:54:00,FX:EURJPY,164.637,164.649,164.62,164.624,277.0
2024-04-11 04:55:00,FX:EURJPY,164.624,164.636,164.61599999999999,164.62,392.0
2024-04-11 04:56:00,FX:EURJPY,164.62,164.624,164.605,164.614,358.0
2024-04-11 04:57:00,FX:EURJPY,164.614,164.626,164.605,164.618,353.0
2024-04-11 04:58:00,FX:EURJPY,164.618,164.624,164.608,164.62099999999998,460.0
2024-04-11 04:59:00,FX:EURJPY,164.62099999999998,164.62199999999999,164.584,164.59,316.0
2024-04-11 05:00:00,FX:EURJPY,164.59,164.62699999999998,164.587,164.59,414.0
2024-04-11 05:01:00,FX:EURJPY,164.59,164.60899999999998,164.578,164.594,360.0
2024-04-11 05:02:00,FX:EURJPY,164.594,164.6,164.581,164.584,322.0
2024-04-11 05:03:00,FX:EURJPY,164.584,164.602,164.57999999999998,164.59099999999998,412.0
2024-04-11 05:04:00,FX:EURJPY,164.59099999999998,164.59199999999998,164.57,164.584,381.0
2024-04-11 05:05:00,FX:EURJPY,164.584,164.59,164.57,164.57399999999998,357.0
2024-04-11 05:06:00,FX:EURJPY,164.57399999999998,164.576,164.553,164.56699999999998,333.0
2024-04-11 05:07:00,FX:EURJPY,164.56699999999998,164.57,164.548,164.559,232.0
2024-04-11 05:08:00,FX:EURJPY,164.559,164.56199999999998,164.53099999999998,164.539,221.0
2024-04-11 05:09:00,FX:EURJPY,164.539,164.541,164.515,164.523,223.0
2024-04-11 05:10:00,FX:EURJPY,164.523,164.527,164.503,164.522,311.0
2024-04-11 05:11:00,FX:EURJPY,164.522,164.546,164.51899999999998,164.54399999999998,248.0
2024-04-11 05:12:00,FX:EURJPY,164.54399999999998,164.548,164.529,164.546,307.0
2024-04-11 05:13:00,FX:EURJPY,164.546,164.56,164.521,164.528,374.0
2024-04-11 05:14:00,FX:EURJPY,164.528,164.541,164.51899999999998,164.52599999999998,216.0
2024-04-11 05:15:00,FX:EURJPY,164.52599999999998,164.54,164.521,164.536,194.0
2024-04-11 05:16:00,FX:EURJPY,164.536,164.54,164.512,164.51399999999998,306.0
2024-04-11 05:17:00,FX:EURJPY,164.51399999999998,164.51999999999998,164.486,164.489,266.0
2024-04-11 05:18:00,FX:EURJPY,164.489,164.512,164.482,164.49699999999999,229.0
2024-04-11 05:19:00,FX:EURJPY,164.49699999999999,164.50799999999998,164.487,164.50799999999998,278.0
2024-04-11 05:20:00,FX:EURJPY,164.50799999999998,164.515,164.48399999999998,164.492,276.0
2024-04-11 05:21:00,FX:EURJPY,164.492,164.522,164.48999999999998,164.492,219.0
2024-04-11 05:22:00,FX:EURJPY,164.492,164.51,164.488,164.507,249.0
2024-04-11 05:23:00,FX:EURJPY,164.507,164.516,164.498,164.516,228.0
2024-04-11 05:24:00,FX:EURJPY,164.516,164.522,164.505,164.507,151.0
2024-04-11 05:25:00,FX:EURJPY,164.507,164.523,164.505,164.509,204.0
2024-04-11 05:26:00,FX:EURJPY,164.509,164.512,164.487,164.48999999999998,191.0
2024-04-11 05:27:00,FX:EURJPY,164.48999999999998,164.493,164.45499999999998,164.468,261.0
2024-04-11 05:28:00,FX:EURJPY,164.468,164.48999999999998,164.462,164.48,211.0
2024-04-11 05:29:00,FX:EURJPY,164.48,164.511,164.47899999999998,164.509,263.0
2024-04-11 05:30:00,FX:EURJPY,164.509,164.51899999999998,164.47799999999998,164.489,238.0
2024-04-11 05:31:00,FX:EURJPY,164.489,164.494,164.475,164.48399999999998,191.0
2024-04-11 05:32:00,FX:EURJPY,164.48399999999998,164.48399999999998,164.453,164.462,253.0
2024-04-11 05:33:00,FX:EURJPY,164.462,164.462,164.445,164.451,209.0
2024-04-11 05:34:00,FX:EURJPY,164.451,164.458,164.435,164.457,216.0
2024-04-11 05:35:00,FX:EURJPY,164.457,164.468,164.453,164.457,211.0
2024-04-11 05:36:00,FX:EURJPY,164.457,164.47,164.452,164.459,221.0
2024-04-11 05:37:00,FX:EURJPY,164.459,164.45999999999998,164.428,164.429,236.0
2024-04-11 05:38:00,FX:EURJPY,164.429,164.433,164.40599999999998,164.408,216.0
2024-04-11 05:39:00,FX:EURJPY,164.408,164.415,164.396,164.39999999999998,269.0
2024-04-11 05:40:00,FX:EURJPY,164.39999999999998,164.408,164.391,164.393,262.0
2024-04-11 05:41:00,FX:EURJPY,164.393,164.411,164.393,164.41,225.0
2024-04-11 05:42:00,FX:EURJPY,164.41,164.422,164.40599999999998,164.41299999999998,232.0
2024-04-11 05:43:00,FX:EURJPY,164.41299999999998,164.422,164.40099999999998,164.421,292.0
2024-04-11 05:44:00,FX:EURJPY,164.421,164.422,164.411,164.41799999999998,322.0
2024-04-11 05:45:00,FX:EURJPY,164.41799999999998,164.426,164.402,164.402,265.0
2024-04-11 05:46:00,FX:EURJPY,164.402,164.40599999999998,164.392,164.403,254.0
2024-04-11 05:47:00,FX:EURJPY,164.403,164.411,164.385,164.386,254.0
2024-04-11 05:48:00,FX:EURJPY,164.386,164.387,164.364,164.37199999999999,238.0
2024-04-11 05:49:00,FX:EURJPY,164.37199999999999,164.37699999999998,164.357,164.376,191.0
2024-04-11 05:50:00,FX:EURJPY,164.376,164.37699999999998,164.361,164.369,173.0
2024-04-11 05:51:00,FX:EURJPY,164.369,164.375,164.344,164.35999999999999,202.0
2024-04-11 05:52:00,FX:EURJPY,164.35999999999999,164.37099999999998,164.35399999999998,164.364,238.0
2024-04-11 05:53:00,FX:EURJPY,164.364,164.38299999999998,164.361,164.381,186.0
2024-04-11 05:54:00,FX:EURJPY,164.381,164.38799999999998,164.374,164.375,210.0
2024-04-11 05:55:00,FX:EURJPY,164.375,164.39999999999998,164.375,164.384,199.0
2024-04-11 05:56:00,FX:EURJPY,164.384,164.384,164.356,164.35999999999999,206.0
2024-04-11 05:57:00,FX:EURJPY,164.35999999999999,164.37199999999999,164.34799999999998,164.37,267.0
2024-04-11 05:58:00,FX:EURJPY,164.37,164.39,164.35,164.355,292.0
2024-04-11 05:59:00,FX:EURJPY,164.355,164.373,164.351,164.364,222.0
2024-04-11 06:00:00,FX:EURJPY,164.364,164.37699999999998,164.35299999999998,164.355,345.0
2024-04-11 06:01:00,FX:EURJPY,164.355,164.36599999999999,164.343,164.351,393.0
2024-04-11 06:02:00,FX:EURJPY,164.351,164.352,164.32899999999998,164.34,374.0
2024-04-11 06:03:00,FX:EURJPY,164.34,164.34,164.31699999999998,164.32399999999998,322.0
2024-04-11 06:04:00,FX:EURJPY,164.32399999999998,164.32899999999998,164.315,164.325,233.0
2024-04-11 06:05:00,FX:EURJPY,164.325,164.327,164.309,164.31099999999998,332.0
2024-04-11 06:06:00,FX:EURJPY,164.31099999999998,164.326,164.291,164.29399999999998,342.0
2024-04-11 06:07:00,FX:EURJPY,164.29399999999998,164.295,164.27599999999998,164.27599999999998,248.0
2024-04-11 06:08:00,FX:EURJPY,164.27599999999998,164.28699999999998,164.27499999999998,164.284,164.0
2024-04-11 06:09:00,FX:EURJPY,164.284,164.295,164.28,164.28099999999998,191.0
2024-04-11 06:10:00,FX:EURJPY,164.28099999999998,164.31099999999998,164.273,164.31,255.0
2024-04-11 06:11:00,FX:EURJPY,164.31,164.31099999999998,164.295,164.307,246.0
2024-04-11 06:12:00,FX:EURJPY,164.307,164.316,164.289,164.297,249.0
2024-04-11 06:13:00,FX:EURJPY,164.297,164.31,164.296,164.296,209.0
2024-04-11 06:14:00,FX:EURJPY,164.296,164.307,164.28699999999998,164.296,223.0
2024-04-11 06:15:00,FX:EURJPY,164.296,164.297,164.271,164.273,247.0
2024-04-11 06:16:00,FX:EURJPY,164.273,164.279,164.272,164.277,226.0
2024-04-11 06:17:00,FX:EURJPY,164.277,164.292,164.277,164.292,257.0
2024-04-11 06:18:00,FX:EURJPY,164.292,164.295,164.27599999999998,164.27599999999998,285.0
2024-04-11 06:19:00,FX:EURJPY,164.27599999999998,164.307,164.27599999999998,164.30499999999998,324.0
2024-04-11 06:20:00,FX:EURJPY,164.30499999999998,164.31799999999998,164.304,164.31699999999998,183.0
2024-04-11 06:21:00,FX:EURJPY,164.31699999999998,164.319,164.296,164.297,125.0
2024-04-11 06:22:00,FX:EURJPY,164.297,164.328,164.296,164.31199999999998,231.0
2024-04-11 06:23:00,FX:EURJPY,164.31199999999998,164.331,164.303,164.327,292.0
2024-04-11 06:24:00,FX:EURJPY,164.327,164.332,164.316,164.319,244.0
2024-04-11 06:25:00,FX:EURJPY,164.319,164.326,164.316,164.31799999999998,264.0
2024-04-11 06:26:00,FX:EURJPY,164.31799999999998,164.319,164.302,164.315,306.0
2024-04-11 06:27:00,FX:EURJPY,164.315,164.33499999999998,164.308,164.33499999999998,362.0
2024-04-11 06:28:00,FX:EURJPY,164.33499999999998,164.339,164.326,164.337,246.0
2024-04-11 06:29:00,FX:EURJPY,164.337,164.37099999999998,164.337,164.367,295.0
2024-04-11 06:30:00,FX:EURJPY,164.367,164.375,164.35299999999998,164.356,253.0
2024-04-11 06:31:00,FX:EURJPY,164.356,164.367,164.345,164.345,177.0
2024-04-11 06:32:00,FX:EURJPY,164.345,164.34799999999998,164.32,164.32299999999998,171.0
2024-04-11 06:33:00,FX:EURJPY,164.32299999999998,164.32299999999998,164.29899999999998,164.304,205.0
2024-04-11 06:34:00,FX:EURJPY,164.304,164.321,164.302,164.32,174.0
2024-04-11 06:35:00,FX:EURJPY,164.32,164.321,164.31099999999998,164.314,182.0
2024-04-11 06:36:00,FX:EURJPY,164.314,164.314,164.292,164.297,196.0
2024-04-11 06:37:00,FX:EURJPY,164.297,164.30499999999998,164.284,164.289,214.0
2024-04-11 06:38:00,FX:EURJPY,164.289,164.302,164.289,164.295,191.0
2024-04-11 06:39:00,FX:EURJPY,164.295,164.301,164.274,164.277,183.0
2024-04-11 06:40:00,FX:EURJPY,164.277,164.284,164.251,164.26999999999998,257.0
2024-04-11 06:41:00,FX:EURJPY,164.26999999999998,164.271,164.253,164.266,178.0
2024-04-11 06:42:00,FX:EURJPY,164.266,164.28099999999998,164.257,164.272,159.0
2024-04-11 06:43:00,FX:EURJPY,164.272,164.29399999999998,164.271,164.285,195.0
2024-04-11 06:44:00,FX:EURJPY,164.285,164.29,164.271,164.278,170.0
2024-04-11 06:45:00,FX:EURJPY,164.278,164.285,164.25199999999998,164.255,208.0
2024-04-11 06:46:00,FX:EURJPY,164.255,164.255,164.209,164.23499999999999,262.0
2024-04-11 06:47:00,FX:EURJPY,164.23499999999999,164.236,164.214,164.218,283.0
2024-04-11 06:48:00,FX:EURJPY,164.218,164.239,164.21699999999998,164.231,181.0
2024-04-11 06:49:00,FX:EURJPY,164.231,164.231,164.21599999999998,164.225,180.0
2024-04-11 06:50:00,FX:EURJPY,164.225,164.22899999999998,164.203,164.20399999999998,203.0
2024-04-11 06:51:00,FX:EURJPY,164.20399999999998,164.225,164.201,164.22,233.0
2024-04-11 06:52:00,FX:EURJPY,164.22,164.22,164.202,164.20399999999998,226.0
2024-04-11 06:53:00,FX:EURJPY,164.20399999999998,164.239,164.202,164.239,235.0
2024-04-11 06:54:00,FX:EURJPY,164.239,164.249,164.231,164.245,320.0
2024-04-11 06:55:00,FX:EURJPY,164.245,164.25799999999998,164.237,164.25799999999998,306.0
2024-04-11 06:56:00,FX:EURJPY,164.25799999999998,164.262,164.24099999999999,164.24599999999998,211.0
2024-04-11 06:57:00,FX:EURJPY,164.24599999999998,164.25,164.23999999999998,164.24099999999999,192.0
2024-04-11 06:58:00,FX:EURJPY,164.24099999999999,164.25199999999998,164.239,164.25199999999998,162.0
2024-04-11 06:59:00,FX:EURJPY,164.25199999999998,164.25199999999998,164.239,164.24599999999998,241.0
2024-04-11 07:00:00,FX:EURJPY,164.24599999999998,164.257,164.238,164.256,296.0
2024-04-11 07:01:00,FX:EURJPY,164.256,164.257,164.23399999999998,164.25,236.0
2024-04-11 07:02:00,FX:EURJPY,164.25,164.255,164.238,164.242,201.0
2024-04-11 07:03:00,FX:EURJPY,164.242,164.268,164.239,164.261,149.0
2024-04-11 07:04:00,FX:EURJPY,164.261,164.27599999999998,164.259,164.271,199.0
2024-04-11 07:05:00,FX:EURJPY,164.271,164.29299999999998,164.271,164.292,137.0
2024-04-11 07:06:00,FX:EURJPY,164.292,164.308,164.28199999999998,164.30499999999998,188.0
2024-04-11 07:07:00,FX:EURJPY,164.30499999999998,164.319,164.29899999999998,164.302,223.0
2024-04-11 07:08:00,FX:EURJPY,164.302,164.31,164.296,164.308,162.0
2024-04-11 07:09:00,FX:EURJPY,164.308,164.319,164.301,164.319,158.0
2024-04-11 07:10:00,FX:EURJPY,164.319,164.332,164.316,164.331,138.0
2024-04-11 07:11:00,FX:EURJPY,164.331,164.33599999999998,164.327,164.334,145.0
2024-04-11 07:12:00,FX:EURJPY,164.334,164.33599999999998,164.32399999999998,164.32399999999998,116.0
2024-04-11 07:13:00,FX:EURJPY,164.32399999999998,164.343,164.32299999999998,164.33499999999998,153.0
2024-04-11 07:14:00,FX:EURJPY,164.33499999999998,164.37699999999998,164.334,164.361,250.0
2024-04-11 07:15:00,FX:EURJPY,164.361,164.37099999999998,164.356,164.356,280.0
2024-04-11 07:16:00,FX:EURJPY,164.356,164.358,164.322,164.32299999999998,208.0
2024-04-11 07:17:00,FX:EURJPY,164.32299999999998,164.337,164.31799999999998,164.319,262.0
2024-04-11 07:18:00,FX:EURJPY,164.319,164.32399999999998,164.314,164.315,287.0
2024-04-11 07:19:00,FX:EURJPY,164.315,164.316,164.298,164.29999999999998,367.0
2024-04-11 07:20:00,FX:EURJPY,164.29999999999998,164.29999999999998,164.262,164.266,319.0
2024-04-11 07:21:00,FX:EURJPY,164.266,164.273,164.249,164.25,267.0
2024-04-11 07:22:00,FX:EURJPY,164.25,164.272,164.24599999999998,164.248,250.0
2024-04-11 07:23:00,FX:EURJPY,164.248,164.278,164.245,164.278,175.0
2024-04-11 07:24:00,FX:EURJPY,164.278,164.316,164.27599999999998,164.309,201.0
2024-04-11 07:25:00,FX:EURJPY,164.309,164.319,164.297,164.29899999999998,201.0
2024-04-11 07:26:00,FX:EURJPY,164.29899999999998,164.31199999999998,164.295,164.31,183.0
2024-04-11 07:27:00,FX:EURJPY,164.31,164.316,164.289,164.289,301.0
2024-04-11 07:28:00,FX:EURJPY,164.289,164.30599999999998,164.26999999999998,164.26999999999998,248.0
2024-04-11 07:29:00,FX:EURJPY,164.26999999999998,164.28799999999998,164.265,164.285,198.0
2024-04-11 07:30:00,FX:EURJPY,164.285,164.28799999999998,164.271,164.279,285.0
2024-04-11 07:31:00,FX:EURJPY,164.279,164.296,164.273,164.29,299.0
2024-04-11 07:32:00,FX:EURJPY,164.29,164.308,164.28099999999998,164.30599999999998,252.0
2024-04-11 07:33:00,FX:EURJPY,164.30599999999998,164.31699999999998,164.304,164.307,238.0
2024-04-11 07:34:00,FX:EURJPY,164.307,164.307,164.295,164.297,171.0
2024-04-11 07:35:00,FX:EURJPY,164.297,164.297,164.262,164.26299999999998,325.0
2024-04-11 07:36:00,FX:EURJPY,164.26299999999998,164.26899999999998,164.227,164.238,305.0
2024-04-11 07:37:00,FX:EURJPY,164.238,164.261,164.238,164.257,495.0
2024-04-11 07:38:00,FX:EURJPY,164.257,164.26399999999998,164.245,164.259,300.0
2024-04-11 07:39:00,FX:EURJPY,164.259,164.28699999999998,164.259,164.26299999999998,310.0
2024-04-11 07:40:00,FX:EURJPY,164.26299999999998,164.265,164.245,164.251,277.0
2024-04-11 07:41:00,FX:EURJPY,164.251,164.256,164.232,164.24699999999999,256.0
2024-04-11 07:42:00,FX:EURJPY,164.24699999999999,164.259,164.226,164.22899999999998,451.0
2024-04-11 07:43:00,FX:EURJPY,164.22899999999998,164.257,164.22899999999998,164.249,379.0
2024-04-11 07:44:00,FX:EURJPY,164.249,164.255,164.226,164.23399999999998,302.0
2024-04-11 07:45:00,FX:EURJPY,164.23399999999998,164.24699999999999,164.226,164.227,360.0
2024-04-11 07:46:00,FX:EURJPY,164.227,164.23499999999999,164.218,164.233,292.0
2024-04-11 07:47:00,FX:EURJPY,164.233,164.23999999999998,164.225,164.232,212.0
2024-04-11 07:48:00,FX:EURJPY,164.232,164.24699999999999,164.201,164.218,366.0
2024-04-11 07:49:00,FX:EURJPY,164.218,164.218,164.21099999999998,164.213,175.0
2024-04-11 07:50:00,FX:EURJPY,164.213,164.232,164.213,164.213,223.0
2024-04-11 07:51:00,FX:EURJPY,164.213,164.218,164.2,164.20999999999998,233.0
2024-04-11 07:52:00,FX:EURJPY,164.20999999999998,164.213,164.189,164.189,346.0
2024-04-11 07:53:00,FX:EURJPY,164.189,164.209,164.18599999999998,164.207,249.0
2024-04-11 07:54:00,FX:EURJPY,164.207,164.218,164.203,164.212,204.0
2024-04-11 07:55:00,FX:EURJPY,164.212,164.21699999999998,164.195,164.19799999999998,257.0
2024-04-11 07:56:00,FX:EURJPY,164.19799999999998,164.206,164.18599999999998,164.195,289.0
2024-04-11 07:57:00,FX:EURJPY,164.195,164.212,164.18599999999998,164.19799999999998,292.0
2024-04-11 07:58:00,FX:EURJPY,164.19799999999998,164.24699999999999,164.197,164.236,326.0
2024-04-11 07:59:00,FX:EURJPY,164.236,164.245,164.221,164.238,289.0
2024-04-11 08:00:00,FX:EURJPY,164.238,164.25799999999998,164.214,164.214,416.0
2024-04-11 08:01:00,FX:EURJPY,164.214,164.219,164.165,164.165,545.0
2024-04-11 08:02:00,FX:EURJPY,164.165,164.188,164.15099999999998,164.179,375.0
2024-04-11 08:03:00,FX:EURJPY,164.179,164.184,164.15699999999998,164.165,361.0
2024-04-11 08:04:00,FX:EURJPY,164.165,164.189,164.16299999999998,164.17999999999998,352.0
2024-04-11 08:05:00,FX:EURJPY,164.17999999999998,164.18699999999998,164.167,164.178,299.0
2024-04-11 08:06:00,FX:EURJPY,164.178,164.196,164.177,164.178,367.0
2024-04-11 08:07:00,FX:EURJPY,164.178,164.19799999999998,164.16899999999998,164.19,320.0
2024-04-11 08:08:00,FX:EURJPY,164.19,164.19,164.167,164.171,328.0
2024-04-11 08:09:00,FX:EURJPY,164.171,164.17999999999998,164.17,164.171,207.0
2024-04-11 08:10:00,FX:EURJPY,164.171,164.171,164.154,164.15599999999998,121.0
2024-04-11 08:11:00,FX:EURJPY,164.15599999999998,164.201,164.14499999999998,164.19899999999998,187.0
2024-04-11 08:12:00,FX:EURJPY,164.19899999999998,164.202,164.18699999999998,164.189,185.0
2024-04-11 08:13:00,FX:EURJPY,164.189,164.209,164.189,164.206,203.0
2024-04-11 08:14:00,FX:EURJPY,164.206,164.245,164.206,164.23999999999998,291.0
2024-04-11 08:15:00,FX:EURJPY,164.23999999999998,164.23999999999998,164.036,164.078,1257.0
2024-04-11 08:16:00,FX:EURJPY,164.078,164.084,163.939,163.962,1038.0
2024-04-11 08:17:00,FX:EURJPY,163.962,164.118,163.958,164.09699999999998,792.0
2024-04-11 08:18:00,FX:EURJPY,164.09699999999998,164.14399999999998,164.072,164.075,653.0
2024-04-11 08:19:00,FX:EURJPY,164.075,164.10999999999999,164.06099999999998,164.07,717.0
2024-04-11 08:20:00,FX:EURJPY,164.07,164.082,164.023,164.052,1068.0
2024-04-11 08:21:00,FX:EURJPY,164.052,164.069,164.021,164.04,780.0
2024-04-11 08:22:00,FX:EURJPY,164.04,164.066,164.022,164.063,974.0
2024-04-11 08:23:00,FX:EURJPY,164.063,164.12099999999998,164.052,164.119,625.0
2024-04-11 08:24:00,FX:EURJPY,164.119,164.142,164.10299999999998,164.14,698.0
2024-04-11 08:25:00,FX:EURJPY,164.14,164.165,164.111,164.128,885.0
2024-04-11 08:26:00,FX:EURJPY,164.128,164.19299999999998,164.124,164.19299999999998,582.0
2024-04-11 08:27:00,FX:EURJPY,164.19299999999998,164.22799999999998,164.176,164.225,413.0
2024-04-11 08:28:00,FX:EURJPY,164.225,164.22899999999998,164.182,164.197,370.0
2024-04-11 08:29:00,FX:EURJPY,164.197,164.242,164.17999999999998,164.20399999999998,641.0
2024-04-11 08:30:00,FX:EURJPY,164.20399999999998,164.278,164.10899999999998,164.278,1808.0
2024-04-11 08:31:00,FX:EURJPY,164.278,164.285,164.227,164.237,2370.0
2024-04-11 08:32:00,FX:EURJPY,164.237,164.29399999999998,164.221,164.273,2095.0
2024-04-11 08:33:00,FX:EURJPY,164.273,164.289,164.22899999999998,164.251,1398.0
2024-04-11 08:34:00,FX:EURJPY,164.251,164.29,164.237,164.26399999999998,1222.0
2024-04-11 08:35:00,FX:EURJPY,164.26399999999998,164.31,164.233,164.298,1207.0
2024-04-11 08:36:00,FX:EURJPY,164.298,164.30599999999998,164.23399999999998,164.237,1188.0
2024-04-11 08:37:00,FX:EURJPY,164.237,164.267,164.22199999999998,164.26399999999998,1339.0
2024-04-11 08:38:00,FX:EURJPY,164.26399999999998,164.29,164.238,164.24599999999998,1368.0
2024-04-11 08:39:00,FX:EURJPY,164.24599999999998,164.268,164.183,164.18599999999998,1166.0
2024-04-11 08:40:00,FX:EURJPY,164.18599999999998,164.214,164.173,164.176,1096.0
2024-04-11 08:41:00,FX:EURJPY,164.176,164.212,164.164,164.17,965.0
2024-04-11 08:42:00,FX:EURJPY,164.17,164.213,164.16799999999998,164.18699999999998,729.0
2024-04-11 08:43:00,FX:EURJPY,164.18699999999998,164.195,164.13899999999998,164.142,905.0
2024-04-11 08:44:00,FX:EURJPY,164.142,164.19799999999998,164.14,164.189,1029.0
2024-04-11 08:45:00,FX:EURJPY,164.189,164.19299999999998,164.159,164.167,1022.0
2024-04-11 08:46:00,FX:EURJPY,164.167,164.178,164.128,164.128,1113.0
2024-04-11 08:47:00,FX:EURJPY,164.128,164.147,164.118,164.12199999999999,1071.0
2024-04-11 08:48:00,FX:EURJPY,164.12199999999999,164.16199999999998,164.10999999999999,164.149,1005.0
2024-04-11 08:49:00,FX:EURJPY,164.149,164.165,164.071,164.096,1006.0
2024-04-11 08:50:00,FX:EURJPY,164.096,164.16799999999998,164.07399999999998,164.165,1099.0
2024-04-11 08:51:00,FX:EURJPY,164.165,164.171,164.125,164.13799999999998,997.0
2024-04-11 08:52:00,FX:EURJPY,164.13799999999998,164.16,164.134,164.149,791.0
2024-04-11 08:53:00,FX:EURJPY,164.149,164.22,164.149,164.209,825.0
2024-04-11 08:54:00,FX:EURJPY,164.209,164.242,164.194,164.237,786.0
2024-04-11 08:55:00,FX:EURJPY,164.237,164.25199999999998,164.20499999999998,164.208,757.0
2024-04-11 08:56:00,FX:EURJPY,164.208,164.28099999999998,164.2,164.262,819.0
2024-04-11 08:57:00,FX:EURJPY,164.262,164.26299999999998,164.203,164.21599999999998,764.0
2024-04-11 08:58:00,FX:EURJPY,164.21599999999998,164.261,164.213,164.256,840.0
2024-04-11 08:59:00,FX:EURJPY,164.256,164.256,164.172,164.17499999999998,955.0
2024-04-11 09:00:00,FX:EURJPY,164.17499999999998,164.22299999999998,164.15599999999998,164.21099999999998,1239.0
2024-04-11 09:01:00,FX:EURJPY,164.21099999999998,164.212,164.177,164.19799999999998,966.0
2024-04-11 09:02:00,FX:EURJPY,164.19799999999998,164.208,164.178,164.191,833.0
2024-04-11 09:03:00,FX:EURJPY,164.191,164.212,164.107,164.108,1152.0
2024-04-11 09:04:00,FX:EURJPY,164.108,164.224,164.076,164.215,1275.0
2024-04-11 09:05:00,FX:EURJPY,164.215,164.295,164.206,164.23399999999998,1147.0
2024-04-11 09:06:00,FX:EURJPY,164.23399999999998,164.279,164.221,164.277,822.0
2024-04-11 09:07:00,FX:EURJPY,164.277,164.28699999999998,164.245,164.27599999999998,758.0
2024-04-11 09:08:00,FX:EURJPY,164.27599999999998,164.31,164.265,164.284,799.0
2024-04-11 09:09:00,FX:EURJPY,164.284,164.337,164.268,164.33499999999998,1060.0
2024-04-11 09:10:00,FX:EURJPY,164.33499999999998,164.376,164.328,164.346,767.0
2024-04-11 09:11:00,FX:EURJPY,164.346,164.346,164.257,164.26399999999998,768.0
2024-04-11 09:12:00,FX:EURJPY,164.26399999999998,164.266,164.218,164.259,728.0
2024-04-11 09:13:00,FX:EURJPY,164.259,164.29399999999998,164.24699999999999,164.248,654.0
2024-04-11 09:14:00,FX:EURJPY,164.248,164.28799999999998,164.238,164.26999999999998,623.0
2024-04-11 09:15:00,FX:EURJPY,164.26999999999998,164.295,164.26,164.279,706.0
2024-04-11 09:16:00,FX:EURJPY,164.279,164.308,164.25799999999998,164.292,586.0
2024-04-11 09:17:00,FX:EURJPY,164.292,164.29299999999998,164.255,164.28199999999998,762.0
2024-04-11 09:18:00,FX:EURJPY,164.28199999999998,164.31799999999998,164.28199999999998,164.31799999999998,513.0
2024-04-11 09:19:00,FX:EURJPY,164.31799999999998,164.328,164.28099999999998,164.286,553.0
2024-04-11 09:20:00,FX:EURJPY,164.286,164.316,164.27499999999998,164.28699999999998,723.0
2024-04-11 09:21:00,FX:EURJPY,164.28699999999998,164.314,164.284,164.29999999999998,642.0
2024-04-11 09:22:00,FX:EURJPY,164.29999999999998,164.31699999999998,164.284,164.298,656.0
2024-04-11 09:23:00,FX:EURJPY,164.298,164.307,164.26299999999998,164.296,589.0
2024-04-11 09:24:00,FX:EURJPY,164.296,164.303,164.286,164.28799999999998,605.0
2024-04-11 09:25:00,FX:EURJPY,164.28799999999998,164.32299999999998,164.28699999999998,164.32,549.0
2024-04-11 09:26:00,FX:EURJPY,164.32,164.44299999999998,164.319,164.432,888.0
2024-04-11 09:27:00,FX:EURJPY,164.432,164.48499999999999,164.43099999999998,164.44199999999998,905.0
2024-04-11 09:28:00,FX:EURJPY,164.44199999999998,164.493,164.441,164.486,678.0
2024-04-11 09:29:00,FX:EURJPY,164.486,164.529,164.477,164.494,758.0
2024-04-11 09:30:00,FX:EURJPY,164.494,164.505,164.433,164.45999999999998,1071.0
2024-04-11 09:31:00,FX:EURJPY,164.45999999999998,164.45999999999998,164.38299999999998,164.392,795.0
2024-04-11 09:32:00,FX:EURJPY,164.392,164.404,164.367,164.38,812.0
2024-04-11 09:33:00,FX:EURJPY,164.38,164.381,164.361,164.37699999999998,682.0
2024-04-11 09:34:00,FX:EURJPY,164.37699999999998,164.393,164.363,164.376,622.0
2024-04-11 09:35:00,FX:EURJPY,164.376,164.38299999999998,164.337,164.34799999999998,739.0
2024-04-11 09:36:00,FX:EURJPY,164.34799999999998,164.351,164.326,164.34799999999998,645.0
2024-04-11 09:37:00,FX:EURJPY,164.34799999999998,164.357,164.32299999999998,164.32899999999998,590.0
2024-04-11 09:38:00,FX:EURJPY,164.32899999999998,164.34,164.313,164.325,597.0
2024-04-11 09:39:00,FX:EURJPY,164.325,164.34199999999998,164.303,164.308,823.0
2024-04-11 09:40:00,FX:EURJPY,164.308,164.322,164.28699999999998,164.30599999999998,814.0
2024-04-11 09:41:00,FX:EURJPY,164.30599999999998,164.37199999999999,164.30499999999998,164.36599999999999,470.0
2024-04-11 09:42:00,FX:EURJPY,164.36599999999999,164.374,164.322,164.35899999999998,704.0
2024-04-11 09:43:00,FX:EURJPY,164.35899999999998,164.376,164.332,164.332,722.0
2024-04-11 09:44:00,FX:EURJPY,164.332,164.345,164.322,164.32399999999998,725.0
2024-04-11 09:45:00,FX:EURJPY,164.32399999999998,164.34,164.296,164.32899999999998,728.0
2024-04-11 09:46:00,FX:EURJPY,164.32899999999998,164.34699999999998,164.321,164.338,546.0
2024-04-11 09:47:00,FX:EURJPY,164.338,164.35299999999998,164.326,164.33499999999998,490.0
2024-04-11 09:48:00,FX:EURJPY,164.33499999999998,164.33499999999998,164.296,164.316,473.0
2024-04-11 09:49:00,FX:EURJPY,164.316,164.33499999999998,164.308,164.328,514.0
2024-04-11 09:50:00,FX:EURJPY,164.328,164.351,164.315,164.32,564.0
2024-04-11 09:51:00,FX:EURJPY,164.32,164.33599999999998,164.31799999999998,164.32299999999998,523.0
2024-04-11 09:52:00,FX:EURJPY,164.32299999999998,164.32899999999998,164.313,164.319,378.0
2024-04-11 09:53:00,FX:EURJPY,164.319,164.34199999999998,164.31799999999998,164.321,440.0
2024-04-11 09:54:00,FX:EURJPY,164.321,164.33499999999998,164.316,164.31799999999998,316.0
2024-04-11 09:55:00,FX:EURJPY,164.31799999999998,164.344,164.31699999999998,164.32,415.0
2024-04-11 09:56:00,FX:EURJPY,164.32,164.334,164.313,164.32399999999998,426.0
2024-04-11 09:57:00,FX:EURJPY,164.32399999999998,164.364,164.321,164.358,473.0
2024-04-11 09:58:00,FX:EURJPY,164.358,164.375,164.351,164.374,303.0
2024-04-11 09:59:00,FX:EURJPY,164.374,164.39,164.369,164.384,323.0
2024-04-11 10:00:00,FX:EURJPY,164.384,164.396,164.327,164.33599999999998,635.0
2024-04-11 10:01:00,FX:EURJPY,164.33599999999998,164.384,164.327,164.364,691.0
2024-04-11 10:02:00,FX:EURJPY,164.364,164.384,164.35399999999998,164.37,625.0
2024-04-11 10:03:00,FX:EURJPY,164.37,164.381,164.344,164.344,524.0
2024-04-11 10:04:00,FX:EURJPY,164.344,164.36599999999999,164.338,164.357,545.0
2024-04-11 10:05:00,FX:EURJPY,164.357,164.369,164.334,164.34,521.0
2024-04-11 10:06:00,FX:EURJPY,164.34,164.357,164.32299999999998,164.349,372.0
2024-04-11 10:07:00,FX:EURJPY,164.349,164.362,164.309,164.321,466.0
2024-04-11 10:08:00,FX:EURJPY,164.321,164.35299999999998,164.31199999999998,164.346,520.0
2024-04-11 10:09:00,FX:EURJPY,164.346,164.357,164.33499999999998,164.35399999999998,478.0
2024-04-11 10:10:00,FX:EURJPY,164.35399999999998,164.38299999999998,164.349,164.349,695.0
2024-04-11 10:11:00,FX:EURJPY,164.349,164.355,164.32399999999998,164.325,778.0
2024-04-11 10:12:00,FX:EURJPY,164.325,164.332,164.296,164.298,600.0
2024-04-11 10:13:00,FX:EURJPY,164.298,164.319,164.292,164.304,474.0
2024-04-11 10:14:00,FX:EURJPY,164.304,164.32899999999998,164.291,164.301,454.0
2024-04-11 10:15:00,FX:EURJPY,164.301,164.304,164.271,164.277,371.0
2024-04-11 10:16:00,FX:EURJPY,164.277,164.283,164.231,164.25199999999998,512.0
2024-04-11 10:17:00,FX:EURJPY,164.25199999999998,164.27599999999998,164.239,164.253,491.0
2024-04-11 10:18:00,FX:EURJPY,164.253,164.274,164.238,164.248,552.0
2024-04-11 10:19:00,FX:EURJPY,164.248,164.253,164.23,164.23399999999998,524.0
2024-04-11 10:20:00,FX:EURJPY,164.23399999999998,164.24099999999999,164.213,164.23399999999998,602.0
2024-04-11 10:21:00,FX:EURJPY,164.23399999999998,164.26,164.219,164.24699999999999,499.0
2024-04-11 10:22:00,FX:EURJPY,164.24699999999999,164.268,164.226,164.226,419.0
2024-04-11 10:23:00,FX:EURJPY,164.226,164.23499999999999,164.207,164.208,402.0
2024-04-11 10:24:00,FX:EURJPY,164.208,164.218,164.19899999999998,164.2,386.0
2024-04-11 10:25:00,FX:EURJPY,164.2,164.20399999999998,164.18599999999998,164.194,327.0
2024-04-11 10:26:00,FX:EURJPY,164.194,164.194,164.172,164.177,431.0
2024-04-11 10:27:00,FX:EURJPY,164.177,164.18699999999998,164.16199999999998,164.17,430.0
2024-04-11 10:28:00,FX:EURJPY,164.17,164.179,164.118,164.13899999999998,493.0
2024-04-11 10:29:00,FX:EURJPY,164.13899999999998,164.15699999999998,164.11599999999999,164.11599999999999,422.0
2024-04-11 10:30:00,FX:EURJPY,164.11599999999999,164.13,164.10299999999998,164.105,458.0
2024-04-11 10:31:00,FX:EURJPY,164.105,164.114,164.09199999999998,164.111,472.0
2024-04-11 10:32:00,FX:EURJPY,164.111,164.132,164.105,164.108,400.0
2024-04-11 10:33:00,FX:EURJPY,164.108,164.12199999999999,164.09699999999998,164.11599999999999,494.0
2024-04-11 10:34:00,FX:EURJPY,164.11599999999999,164.11599999999999,164.084,164.08599999999998,482.0
2024-04-11 10:35:00,FX:EURJPY,164.08599999999998,164.09699999999998,164.081,164.09099999999998,408.0
2024-04-11 10:36:00,FX:EURJPY,164.09099999999998,164.094,164.07999999999998,164.08599999999998,393.0
2024-04-11 10:37:00,FX:EURJPY,164.08599999999998,164.088,164.075,164.081,298.0
2024-04-11 10:38:00,FX:EURJPY,164.081,164.093,164.06199999999998,164.075,544.0
2024-04-11 10:39:00,FX:EURJPY,164.075,164.095,164.058,164.087,505.0
2024-04-11 10:40:00,FX:EURJPY,164.087,164.099,164.048,164.054,460.0
2024-04-11 10:41:00,FX:EURJPY,164.054,164.063,164.04399999999998,164.046,322.0
2024-04-11 10:42:00,FX:EURJPY,164.046,164.048,164.027,164.034,642.0
2024-04-11 10:43:00,FX:EURJPY,164.034,164.059,164.033,164.04,480.0
2024-04-11 10:44:00,FX:EURJPY,164.04,164.04899999999998,164.033,164.033,384.0
2024-04-11 10:45:00,FX:EURJPY,164.033,164.04299999999998,164.027,164.03799999999998,351.0
2024-04-11 10:46:00,FX:EURJPY,164.03799999999998,164.047,164.02499999999998,164.046,279.0
2024-04-11 10:47:00,FX:EURJPY,164.046,164.05599999999998,164.04,164.045,257.0
2024-04-11 10:48:00,FX:EURJPY,164.045,164.047,164.01899999999998,164.022,291.0
2024-04-11 10:49:00,FX:EURJPY,164.022,164.024,163.992,163.995,331.0
2024-04-11 10:50:00,FX:EURJPY,163.995,164.003,163.992,164.003,317.0
2024-04-11 10:51:00,FX:EURJPY,164.003,164.046,163.99699999999999,164.00799999999998,465.0
2024-04-11 10:52:00,FX:EURJPY,164.00799999999998,164.022,164.00199999999998,164.016,411.0
2024-04-11 10:53:00,FX:EURJPY,164.016,164.01999999999998,164.003,164.016,366.0
2024-04-11 10:54:00,FX:EURJPY,164.016,164.02499999999998,163.994,164.01399999999998,383.0
2024-04-11 10:55:00,FX:EURJPY,164.01399999999998,164.053,164.01399999999998,164.04899999999998,343.0
2024-04-11 10:56:00,FX:EURJPY,164.04899999999998,164.052,164.022,164.04399999999998,492.0
2024-04-11 10:57:00,FX:EURJPY,164.04399999999998,164.089,164.03699999999998,164.088,466.0
2024-04-11 10:58:00,FX:EURJPY,164.088,164.112,164.08499999999998,164.102,467.0
2024-04-11 10:59:00,FX:EURJPY,164.102,164.112,164.07299999999998,164.07899999999998,569.0
2024-04-11 11:00:00,FX:EURJPY,164.07899999999998,164.09799999999998,164.069,164.09799999999998,483.0
2024-04-11 11:01:00,FX:EURJPY,164.09799999999998,164.101,164.078,164.082,397.0
2024-04-11 11:02:00,FX:EURJPY,164.082,164.08599999999998,164.06799999999998,164.07899999999998,402.0
2024-04-11 11:03:00,FX:EURJPY,164.07899999999998,164.14,164.078,164.13799999999998,398.0
2024-04-11 11:04:00,FX:EURJPY,164.13799999999998,164.14499999999998,164.111,164.128,503.0
2024-04-11 11:05:00,FX:EURJPY,164.128,164.15099999999998,164.123,164.148,396.0
2024-04-11 11:06:00,FX:EURJPY,164.148,164.161,164.142,164.149,398.0
2024-04-11 11:07:00,FX:EURJPY,164.149,164.159,164.12099999999998,164.123,307.0
2024-04-11 11:08:00,FX:EURJPY,164.123,164.129,164.09799999999998,164.09799999999998,258.0
2024-04-11 11:09:00,FX:EURJPY,164.09799999999998,164.10899999999998,164.088,164.1,317.0
2024-04-11 11:10:00,FX:EURJPY,164.1,164.13799999999998,164.1,164.137,326.0
2024-04-11 11:11:00,FX:EURJPY,164.137,164.148,164.129,164.14,263.0
2024-04-11 11:12:00,FX:EURJPY,164.14,164.15599999999998,164.13299999999998,164.14399999999998,392.0
2024-04-11 11:13:00,FX:EURJPY,164.14399999999998,164.14499999999998,164.12,164.14,458.0
2024-04-11 11:14:00,FX:EURJPY,164.14,164.15599999999998,164.129,164.132,409.0
2024-04-11 11:15:00,FX:EURJPY,164.132,164.166,164.132,164.158,415.0
2024-04-11 11:16:00,FX:EURJPY,164.158,164.189,164.15699999999998,164.164,317.0
2024-04-11 11:17:00,FX:EURJPY,164.164,164.178,164.14999999999998,164.171,391.0
2024-04-11 11:18:00,FX:EURJPY,164.171,164.173,164.155,164.16299999999998,293.0
2024-04-11 11:19:00,FX:EURJPY,164.16299999999998,164.172,164.148,164.152,303.0
2024-04-11 11:20:00,FX:EURJPY,164.152,164.16299999999998,164.149,164.15599999999998,374.0
2024-04-11 11:21:00,FX:EURJPY,164.15599999999998,164.159,164.147,164.149,348.0
2024-04-11 11:22:00,FX:EURJPY,164.149,164.161,164.146,164.14999999999998,299.0
2024-04-11 11:23:00,FX:EURJPY,164.14999999999998,164.158,164.13299999999998,164.155,325.0
2024-04-11 11:24:00,FX:EURJPY,164.155,164.155,164.126,164.12699999999998,276.0
2024-04-11 11:25:00,FX:EURJPY,164.12699999999998,164.136,164.108,164.10999999999999,471.0
2024-04-11 11:26:00,FX:EURJPY,164.10999999999999,164.131,164.107,164.13,371.0
2024-04-11 11:27:00,FX:EURJPY,164.13,164.136,164.126,164.126,243.0
2024-04-11 11:28:00,FX:EURJPY,164.126,164.141,164.118,164.132,300.0
2024-04-11 11:29:00,FX:EURJPY,164.132,164.136,164.112,164.114,217.0
2024-04-11 11:30:00,FX:EURJPY,164.114,164.114,164.07899999999998,164.08499999999998,407.0
2024-04-11 11:31:00,FX:EURJPY,164.08499999999998,164.101,164.069,164.09699999999998,347.0
2024-04-11 11:32:00,FX:EURJPY,164.09699999999998,164.10399999999998,164.088,164.09799999999998,287.0
2024-04-11 11:33:00,FX:EURJPY,164.09799999999998,164.10299999999998,164.09199999999998,164.093,183.0
2024-04-11 11:34:00,FX:EURJPY,164.093,164.107,164.09199999999998,164.102,215.0
2024-04-11 11:35:00,FX:EURJPY,164.102,164.132,164.101,164.12699999999998,268.0
2024-04-11 11:36:00,FX:EURJPY,164.12699999999998,164.136,164.125,164.136,282.0
2024-04-11 11:37:00,FX:EURJPY,164.136,164.147,164.132,164.14,417.0
2024-04-11 11:38:00,FX:EURJPY,164.14,164.16,164.132,164.16,469.0
2024-04-11 11:39:00,FX:EURJPY,164.16,164.18699999999998,164.154,164.184,279.0
2024-04-11 11:40:00,FX:EURJPY,164.184,164.195,164.17999999999998,164.185,242.0
2024-04-11 11:41:00,FX:EURJPY,164.185,164.2,164.171,164.189,289.0
2024-04-11 11:42:00,FX:EURJPY,164.189,164.19,164.14999999999998,164.161,361.0
2024-04-11 11:43:00,FX:EURJPY,164.161,164.18099999999998,164.161,164.177,381.0
2024-04-11 11:44:00,FX:EURJPY,164.177,164.18699999999998,164.164,164.16799999999998,304.0
2024-04-11 11:45:00,FX:EURJPY,164.16799999999998,164.184,164.161,164.18099999999998,305.0
2024-04-11 11:46:00,FX:EURJPY,164.18099999999998,164.194,164.171,164.171,244.0
2024-04-11 11:47:00,FX:EURJPY,164.171,164.206,164.171,164.203,283.0
2024-04-11 11:48:00,FX:EURJPY,164.203,164.209,164.19299999999998,164.20499999999998,485.0
2024-04-11 11:49:00,FX:EURJPY,164.20499999999998,164.20999999999998,164.18599999999998,164.191,274.0
2024-04-11 11:50:00,FX:EURJPY,164.191,164.206,164.191,164.20399999999998,284.0
2024-04-11 11:51:00,FX:EURJPY,164.20399999999998,164.22,164.201,164.207,212.0
2024-04-11 11:52:00,FX:EURJPY,164.207,164.214,164.19799999999998,164.19899999999998,253.0
2024-04-11 11:53:00,FX:EURJPY,164.19899999999998,164.2,164.179,164.19199999999998,276.0
2024-04-11 11:54:00,FX:EURJPY,164.19199999999998,164.203,164.18699999999998,164.202,191.0
2024-04-11 11:55:00,FX:EURJPY,164.202,164.213,164.183,164.195,303.0
2024-04-11 11:56:00,FX:EURJPY,164.195,164.22299999999998,164.195,164.209,369.0
2024-04-11 11:57:00,FX:EURJPY,164.209,164.233,164.20399999999998,164.23,387.0
2024-04-11 11:58:00,FX:EURJPY,164.23,164.23,164.214,164.22299999999998,306.0
2024-04-11 11:59:00,FX:EURJPY,164.22299999999998,164.253,164.22299999999998,164.239,382.0
2024-04-11 12:00:00,FX:EURJPY,164.239,164.28099999999998,164.239,164.27499999999998,766.0
2024-04-11 12:01:00,FX:EURJPY,164.27499999999998,164.28199999999998,164.266,164.272,373.0
2024-04-11 12:02:00,FX:EURJPY,164.272,164.27499999999998,164.257,164.26399999999998,425.0
2024-04-11 12:03:00,FX:EURJPY,164.26399999999998,164.26999999999998,164.23,164.233,383.0
2024-04-11 12:04:00,FX:EURJPY,164.233,164.24699999999999,164.23,164.23499999999999,472.0
2024-04-11 12:05:00,FX:EURJPY,164.23499999999999,164.24099999999999,164.225,164.225,372.0
2024-04-11 12:06:00,FX:EURJPY,164.225,164.232,164.22199999999998,164.225,329.0
2024-04-11 12:07:00,FX:EURJPY,164.225,164.23399999999998,164.22,164.22199999999998,308.0
2024-04-11 12:08:00,FX:EURJPY,164.22199999999998,164.242,164.219,164.238,345.0
2024-04-11 12:09:00,FX:EURJPY,164.238,164.25199999999998,164.233,164.23499999999999,320.0
2024-04-11 12:10:00,FX:EURJPY,164.23499999999999,164.248,164.23,164.231,319.0
2024-04-11 12:11:00,FX:EURJPY,164.231,164.239,164.22,164.22199999999998,312.0
2024-04-11 12:12:00,FX:EURJPY,164.22199999999998,164.226,164.208,164.224,374.0
2024-04-11 12:13:00,FX:EURJPY,164.224,164.23399999999998,164.22199999999998,164.225,333.0
2024-04-11 12:14:00,FX:EURJPY,164.225,164.236,164.219,164.221,330.0
2024-04-11 12:15:00,FX:EURJPY,164.221,164.22299999999998,164.20499999999998,164.208,363.0
2024-04-11 12:16:00,FX:EURJPY,164.208,164.214,164.19799999999998,164.20499999999998,466.0
2024-04-11 12:17:00,FX:EURJPY,164.20499999999998,164.213,164.19899999999998,164.209,323.0
2024-04-11 12:18:00,FX:EURJPY,164.209,164.214,164.196,164.209,308.0
2024-04-11 12:19:00,FX:EURJPY,164.209,164.245,164.208,164.238,260.0
2024-04-11 12:20:00,FX:EURJPY,164.238,164.24699999999999,164.224,164.224,196.0
2024-04-11 12:21:00,FX:EURJPY,164.224,164.23499999999999,164.22299999999998,164.232,254.0
2024-04-11 12:22:00,FX:EURJPY,164.232,164.24699999999999,164.22799999999998,164.24699999999999,178.0
2024-04-11 12:23:00,FX:EURJPY,164.24699999999999,164.254,164.244,164.25199999999998,175.0
2024-04-11 12:24:00,FX:EURJPY,164.25199999999998,164.261,164.237,164.23999999999998,242.0
2024-04-11 12:25:00,FX:EURJPY,164.23999999999998,164.266,164.23399999999998,164.266,181.0
2024-04-11 12:26:00,FX:EURJPY,164.266,164.266,164.238,164.251,219.0
2024-04-11 12:27:00,FX:EURJPY,164.251,164.256,164.242,164.253,158.0
2024-04-11 12:28:00,FX:EURJPY,164.253,164.265,164.251,164.259,184.0
2024-04-11 12:29:00,FX:EURJPY,164.259,164.26999999999998,164.257,164.26,192.0
2024-04-11 12:30:00,FX:EURJPY,164.26,164.26299999999998,164.23999999999998,164.262,230.0
2024-04-11 12:31:00,FX:EURJPY,164.262,164.26399999999998,164.251,164.256,140.0
2024-04-11 12:32:00,FX:EURJPY,164.256,164.272,164.256,164.266,195.0
2024-04-11 12:33:00,FX:EURJPY,164.266,164.28,164.26399999999998,164.278,161.0
2024-04-11 12:34:00,FX:EURJPY,164.278,164.283,164.261,164.283,135.0
2024-04-11 12:35:00,FX:EURJPY,164.283,164.28799999999998,164.274,164.28699999999998,228.0
2024-04-11 12:36:00,FX:EURJPY,164.28699999999998,164.301,164.286,164.295,332.0
2024-04-11 12:37:00,FX:EURJPY,164.295,164.295,164.28,164.28,163.0
2024-04-11 12:38:00,FX:EURJPY,164.28,164.284,164.274,164.274,141.0
2024-04-11 12:39:00,FX:EURJPY,164.274,164.274,164.261,164.274,202.0
2024-04-11 12:40:00,FX:EURJPY,164.274,164.286,164.272,164.274,288.0
2024-04-11 12:41:00,FX:EURJPY,164.274,164.274,164.259,164.262,324.0
2024-04-11 12:42:00,FX:EURJPY,164.262,164.26399999999998,164.243,164.257,235.0
2024-04-11 12:43:00,FX:EURJPY,164.257,164.26399999999998,164.245,164.259,217.0
2024-04-11 12:44:00,FX:EURJPY,164.259,164.259,164.24599999999998,164.25199999999998,251.0
2024-04-11 12:45:00,FX:EURJPY,164.25199999999998,164.253,164.239,164.243,125.0
2024-04-11 12:46:00,FX:EURJPY,164.243,164.251,164.23499999999999,164.25,171.0
2024-04-11 12:47:00,FX:EURJPY,164.25,164.254,164.244,164.248,185.0
2024-04-11 12:48:00,FX:EURJPY,164.248,164.255,164.243,164.25199999999998,247.0
2024-04-11 12:49:00,FX:EURJPY,164.25199999999998,164.265,164.248,164.26399999999998,175.0
2024-04-11 12:50:00,FX:EURJPY,164.26399999999998,164.28099999999998,164.259,164.278,287.0
2024-04-11 12:51:00,FX:EURJPY,164.278,164.284,164.27599999999998,164.28,241.0
2024-04-11 12:52:00,FX:EURJPY,164.28,164.295,164.277,164.283,316.0
2024-04-11 12:53:00,FX:EURJPY,164.283,164.289,164.26999999999998,164.26999999999998,277.0
2024-04-11 12:54:00,FX:EURJPY,164.26999999999998,164.272,164.249,164.251,241.0
2024-04-11 12:55:00,FX:EURJPY,164.251,164.255,164.24599999999998,164.24699999999999,228.0
2024-04-11 12:56:00,FX:EURJPY,164.24699999999999,164.254,164.23999999999998,164.24599999999998,239.0
2024-04-11 12:57:00,FX:EURJPY,164.24599999999998,164.24699999999999,164.239,164.243,210.0
2024-04-11 12:58:00,FX:EURJPY,164.243,164.243,164.212,164.225,283.0
2024-04-11 12:59:00,FX:EURJPY,164.225,164.232,164.22,164.22899999999998,304.0
2024-04-11 13:00:00,FX:EURJPY,164.22899999999998,164.23399999999998,164.213,164.214,292.0
2024-04-11 13:01:00,FX:EURJPY,164.214,164.24699999999999,164.194,164.242,618.0
2024-04-11 13:02:00,FX:EURJPY,164.242,164.25,164.212,164.24099999999999,778.0
2024-04-11 13:03:00,FX:EURJPY,164.24099999999999,164.253,164.23,164.248,523.0
2024-04-11 13:04:00,FX:EURJPY,164.248,164.26899999999998,164.24599999999998,164.259,446.0
2024-04-11 13:05:00,FX:EURJPY,164.259,164.271,164.254,164.26,437.0
2024-04-11 13:06:00,FX:EURJPY,164.26,164.272,164.24699999999999,164.26,430.0
2024-04-11 13:07:00,FX:EURJPY,164.26,164.27499999999998,164.25799999999998,164.26999999999998,424.0
2024-04-11 13:08:00,FX:EURJPY,164.26999999999998,164.28799999999998,164.266,164.27499999999998,378.0
2024-04-11 13:09:00,FX:EURJPY,164.27499999999998,164.279,164.26299999999998,164.277,325.0
2024-04-11 13:10:00,FX:EURJPY,164.277,164.28699999999998,164.273,164.278,436.0
2024-04-11 13:11:00,FX:EURJPY,164.278,164.28799999999998,164.26399999999998,164.278,406.0
2024-04-11 13:12:00,FX:EURJPY,164.278,164.297,164.27599999999998,164.29299999999998,370.0
2024-04-11 13:13:00,FX:EURJPY,164.29299999999998,164.29899999999998,164.286,164.296,297.0
2024-04-11 13:14:00,FX:EURJPY,164.296,164.297,164.284,164.289,193.0
2024-04-11 13:15:00,FX:EURJPY,164.289,164.29,164.271,164.274,186.0
2024-04-11 13:16:00,FX:EURJPY,164.274,164.277,164.25799999999998,164.26899999999998,244.0
2024-04-11 13:17:00,FX:EURJPY,164.26899999999998,164.27599999999998,164.254,164.26299999999998,325.0
2024-04-11 13:18:00,FX:EURJPY,164.26299999999998,164.277,164.261,164.26999999999998,353.0
2024-04-11 13:19:00,FX:EURJPY,164.26999999999998,164.29,164.26999999999998,164.277,284.0
2024-04-11 13:20:00,FX:EURJPY,164.277,164.29,164.271,164.28799999999998,280.0
2024-04-11 13:21:00,FX:EURJPY,164.28799999999998,164.296,164.284,164.289,242.0
2024-04-11 13:22:00,FX:EURJPY,164.289,164.304,164.28099999999998,164.28699999999998,271.0
2024-04-11 13:23:00,FX:EURJPY,164.28699999999998,164.292,164.28199999999998,164.28799999999998,199.0
2024-04-11 13:24:00,FX:EURJPY,164.28799999999998,164.29,164.28,164.286,242.0
2024-04-11 13:25:00,FX:EURJPY,164.286,164.29399999999998,164.28099999999998,164.286,235.0
2024-04-11 13:26:00,FX:EURJPY,164.286,164.29999999999998,164.27499999999998,164.29899999999998,248.0
2024-04-11 13:27:00,FX:EURJPY,164.29899999999998,164.31,164.29,164.31,235.0
2024-04-11 13:28:00,FX:EURJPY,164.31,164.31199999999998,164.291,164.303,316.0
2024-04-11 13:29:00,FX:EURJPY,164.303,164.314,164.296,164.314,153.0
2024-04-11 13:30:00,FX:EURJPY,164.314,164.326,164.31099999999998,164.31799999999998,270.0
2024-04-11 13:31:00,FX:EURJPY,164.31799999999998,164.322,164.31099999999998,164.315,178.0
2024-04-11 13:32:00,FX:EURJPY,164.315,164.31799999999998,164.307,164.314,124.0
2024-04-11 13:33:00,FX:EURJPY,164.314,164.321,164.309,164.316,192.0
2024-04-11 13:34:00,FX:EURJPY,164.316,164.337,164.315,164.33499999999998,369.0
2024-04-11 13:35:00,FX:EURJPY,164.33499999999998,164.33499999999998,164.319,164.32399999999998,212.0
2024-04-11 13:36:00,FX:EURJPY,164.32399999999998,164.327,164.32,164.325,260.0
2024-04-11 13:37:00,FX:EURJPY,164.325,164.327,164.32,164.327,166.0
2024-04-11 13:38:00,FX:EURJPY,164.327,164.32899999999998,164.32,164.325,189.0
2024-04-11 13:39:00,FX:EURJPY,164.325,164.34,164.32399999999998,164.33599999999998,243.0
2024-04-11 13:40:00,FX:EURJPY,164.33599999999998,164.33599999999998,164.314,164.316,174.0
2024-04-11 13:41:00,FX:EURJPY,164.316,164.321,164.302,164.30499999999998,153.0
2024-04-11 13:42:00,FX:EURJPY,164.30499999999998,164.32,164.304,164.314,200.0
2024-04-11 13:43:00,FX:EURJPY,164.314,164.321,164.31199999999998,164.31699999999998,187.0
2024-04-11 13:44:00,FX:EURJPY,164.31699999999998,164.321,164.31099999999998,164.313,285.0
2024-04-11 13:45:00,FX:EURJPY,164.313,164.313,164.297,164.30499999999998,235.0
2024-04-11 13:46:00,FX:EURJPY,164.30499999999998,164.309,164.29399999999998,164.302,259.0
2024-04-11 13:47:00,FX:EURJPY,164.302,164.31,164.29299999999998,164.30499999999998,248.0
2024-04-11 13:48:00,FX:EURJPY,164.30499999999998,164.32,164.30499999999998,164.31099999999998,208.0
2024-04-11 13:49:00,FX:EURJPY,164.31099999999998,164.316,164.30599999999998,164.31099999999998,143.0
2024-04-11 13:50:00,FX:EURJPY,164.31099999999998,164.31099999999998,164.29999999999998,164.304,198.0
2024-04-11 13:51:00,FX:EURJPY,164.304,164.326,164.303,164.325,218.0
2024-04-11 13:52:00,FX:EURJPY,164.325,164.32999999999998,164.32,164.327,154.0
2024-04-11 13:53:00,FX:EURJPY,164.327,164.337,164.32,164.33599999999998,174.0
2024-04-11 13:54:00,FX:EURJPY,164.33599999999998,164.352,164.32999999999998,164.349,248.0
2024-04-11 13:55:00,FX:EURJPY,164.349,164.356,164.32999999999998,164.331,187.0
2024-04-11 13:56:00,FX:EURJPY,164.331,164.333,164.321,164.32299999999998,213.0
2024-04-11 13:57:00,FX:EURJPY,164.32299999999998,164.327,164.316,164.32399999999998,182.0
2024-04-11 13:58:00,FX:EURJPY,164.32399999999998,164.333,164.321,164.32399999999998,223.0
2024-04-11 13:59:00,FX:EURJPY,164.32399999999998,164.328,164.31699999999998,164.32399999999998,182.0
2024-04-11 14:00:00,FX:EURJPY,164.32399999999998,164.32999999999998,164.31,164.315,184.0
2024-04-11 14:01:00,FX:EURJPY,164.315,164.333,164.314,164.32999999999998,188.0
2024-04-11 14:02:00,FX:EURJPY,164.32999999999998,164.344,164.328,164.34099999999998,170.0
2024-04-11 14:03:00,FX:EURJPY,164.34099999999998,164.34099999999998,164.325,164.325,150.0
2024-04-11 14:04:00,FX:EURJPY,164.325,164.325,164.31099999999998,164.313,152.0
2024-04-11 14:05:00,FX:EURJPY,164.313,164.32,164.309,164.31,257.0
2024-04-11 14:06:00,FX:EURJPY,164.31,164.327,164.31,164.325,222.0
2024-04-11 14:07:00,FX:EURJPY,164.325,164.345,164.321,164.34099999999998,322.0
2024-04-11 14:08:00,FX:EURJPY,164.34099999999998,164.343,164.333,164.343,366.0
2024-04-11 14:09:00,FX:EURJPY,164.343,164.34699999999998,164.334,164.339,394.0
2024-04-11 14:10:00,FX:EURJPY,164.339,164.344,164.32899999999998,164.33599999999998,338.0
2024-04-11 14:11:00,FX:EURJPY,164.33599999999998,164.343,164.32999999999998,164.334,341.0
2024-04-11 14:12:00,FX:EURJPY,164.334,164.33499999999998,164.31099999999998,164.322,271.0
2024-04-11 14:13:00,FX:EURJPY,164.322,164.334,164.322,164.32899999999998,270.0
2024-04-11 14:14:00,FX:EURJPY,164.32899999999998,164.334,164.32299999999998,164.332,146.0
2024-04-11 14:15:00,FX:EURJPY,164.332,164.349,164.326,164.34199999999998,206.0
2024-04-11 14:16:00,FX:EURJPY,164.34199999999998,164.34699999999998,164.332,164.332,184.0
2024-04-11 14:17:00,FX:EURJPY,164.332,164.34099999999998,164.32399999999998,164.334,208.0
2024-04-11 14:18:00,FX:EURJPY,164.334,164.337,164.32299999999998,164.333,195.0
2024-04-11 14:19:00,FX:EURJPY,164.333,164.344,164.331,164.343,227.0
2024-04-11 14:20:00,FX:EURJPY,164.343,164.349,164.33599999999998,164.337,230.0
2024-04-11 14:21:00,FX:EURJPY,164.337,164.344,164.325,164.34,199.0
2024-04-11 14:22:00,FX:EURJPY,164.34,164.34199999999998,164.32899999999998,164.337,163.0
2024-04-11 14:23:00,FX:EURJPY,164.337,164.34,164.328,164.32899999999998,166.0
2024-04-11 14:24:00,FX:EURJPY,164.32899999999998,164.339,164.32899999999998,164.334,185.0
2024-04-11 14:25:00,FX:EURJPY,164.334,164.352,164.332,164.344,146.0
2024-04-11 14:26:00,FX:EURJPY,164.344,164.352,164.34199999999998,164.34799999999998,118.0
2024-04-11 14:27:00,FX:EURJPY,164.34799999999998,164.349,164.33499999999998,164.33599999999998,140.0
2024-04-11 14:28:00,FX:EURJPY,164.33599999999998,164.34199999999998,164.334,164.33499999999998,162.0
2024-04-11 14:29:00,FX:EURJPY,164.33499999999998,164.338,164.32999999999998,164.33599999999998,119.0
2024-04-11 14:30:00,FX:EURJPY,164.33599999999998,164.344,164.32999999999998,164.332,231.0
2024-04-11 14:31:00,FX:EURJPY,164.332,164.344,164.331,164.338,146.0
2024-04-11 14:32:00,FX:EURJPY,164.338,164.345,164.338,164.344,101.0
2024-04-11 14:33:00,FX:EURJPY,164.344,164.35299999999998,164.34099999999998,164.35299999999998,138.0
2024-04-11 14:34:00,FX:EURJPY,164.35299999999998,164.35399999999998,164.34,164.34,103.0
2024-04-11 14:35:00,FX:EURJPY,164.34,164.36599999999999,164.34,164.364,137.0
2024-04-11 14:36:00,FX:EURJPY,164.364,164.36499999999998,164.356,164.35999999999999,152.0
2024-04-11 14:37:00,FX:EURJPY,164.35999999999999,164.362,164.35399999999998,164.357,169.0
2024-04-11 14:38:00,FX:EURJPY,164.357,164.362,164.35399999999998,164.355,186.0
2024-04-11 14:39:00,FX:EURJPY,164.355,164.362,164.339,164.35,228.0
2024-04-11 14:40:00,FX:EURJPY,164.35,164.35,164.333,164.33599999999998,189.0
2024-04-11 14:41:00,FX:EURJPY,164.33599999999998,164.34799999999998,164.333,164.345,157.0
2024-04-11 14:42:00,FX:EURJPY,164.345,164.35,164.333,164.333,202.0
2024-04-11 14:43:00,FX:EURJPY,164.333,164.349,164.333,164.349,209.0
2024-04-11 14:44:00,FX:EURJPY,164.349,164.349,164.339,164.34,117.0
2024-04-11 14:45:00,FX:EURJPY,164.34,164.343,164.331,164.331,149.0
2024-04-11 14:46:00,FX:EURJPY,164.331,164.34099999999998,164.331,164.33599999999998,173.0
2024-04-11 14:47:00,FX:EURJPY,164.33599999999998,164.34799999999998,164.334,164.33599999999998,253.0
2024-04-11 14:48:00,FX:EURJPY,164.33599999999998,164.352,164.33499999999998,164.34099999999998,206.0
2024-04-11 14:49:00,FX:EURJPY,164.34099999999998,164.34099999999998,164.331,164.333,192.0
2024-04-11 14:50:00,FX:EURJPY,164.333,164.34199999999998,164.325,164.333,186.0
2024-04-11 14:51:00,FX:EURJPY,164.333,164.34199999999998,164.32899999999998,164.333,168.0
2024-04-11 14:52:00,FX:EURJPY,164.333,164.35299999999998,164.333,164.35,235.0
2024-04-11 14:53:00,FX:EURJPY,164.35,164.351,164.338,164.343,203.0
2024-04-11 14:54:00,FX:EURJPY,164.343,164.345,164.331,164.33599999999998,245.0
2024-04-11 14:55:00,FX:EURJPY,164.33599999999998,164.34199999999998,164.331,164.33499999999998,186.0
2024-04-11 14:56:00,FX:EURJPY,164.33499999999998,164.34199999999998,164.322,164.326,287.0
2024-04-11 14:57:00,FX:EURJPY,164.326,164.34099999999998,164.32299999999998,164.33599999999998,219.0
2024-04-11 14:58:00,FX:EURJPY,164.33599999999998,164.352,164.332,164.35,249.0
2024-04-11 14:59:00,FX:EURJPY,164.35,164.37199999999999,164.346,164.362,441.0
2024-04-11 15:00:00,FX:EURJPY,164.362,164.374,164.35299999999998,164.36499999999998,365.0
2024-04-11 15:01:00,FX:EURJPY,164.36499999999998,164.367,164.351,164.352,205.0
2024-04-11 15:02:00,FX:EURJPY,164.352,164.355,164.34,164.351,192.0
2024-04-11 15:03:00,FX:EURJPY,164.351,164.35999999999999,164.35,164.35999999999999,232.0
2024-04-11 15:04:00,FX:EURJPY,164.35999999999999,164.362,164.35399999999998,164.358,193.0
2024-04-11 15:05:00,FX:EURJPY,164.358,164.367,164.352,164.367,171.0
2024-04-11 15:06:00,FX:EURJPY,164.367,164.367,164.35899999999998,164.36499999999998,134.0
2024-04-11 15:07:00,FX:EURJPY,164.36499999999998,164.375,164.36499999999998,164.375,128.0
2024-04-11 15:08:00,FX:EURJPY,164.375,164.387,164.369,164.386,222.0
2024-04-11 15:09:00,FX:EURJPY,164.386,164.386,164.373,164.38,259.0
2024-04-11 15:10:00,FX:EURJPY,164.38,164.38799999999998,164.375,164.378,210.0
2024-04-11 15:11:00,FX:EURJPY,164.378,164.381,164.36499999999998,164.37,231.0
2024-04-11 15:12:00,FX:EURJPY,164.37,164.37,164.35999999999999,164.35999999999999,175.0
2024-04-11 15:13:00,FX:EURJPY,164.35999999999999,164.363,164.358,164.35999999999999,103.0
2024-04-11 15:14:00,FX:EURJPY,164.35999999999999,164.369,164.352,164.362,172.0
2024-04-11 15:15:00,FX:EURJPY,164.362,164.369,164.352,164.368,214.0
2024-04-11 15:16:00,FX:EURJPY,164.368,164.381,164.36499999999998,164.375,234.0
2024-04-11 15:17:00,FX:EURJPY,164.375,164.376,164.367,164.367,174.0
2024-04-11 15:18:00,FX:EURJPY,164.367,164.37,164.35,164.357,350.0
2024-04-11 15:19:00,FX:EURJPY,164.357,164.362,164.34799999999998,164.349,236.0
2024-04-11 15:20:00,FX:EURJPY,164.349,164.35,164.337,164.345,108.0
2024-04-11 15:21:00,FX:EURJPY,164.345,164.346,164.33499999999998,164.34199999999998,158.0
2024-04-11 15:22:00,FX:EURJPY,164.34199999999998,164.357,164.34199999999998,164.357,190.0
2024-04-11 15:23:00,FX:EURJPY,164.357,164.357,164.35,164.351,104.0
2024-04-11 15:24:00,FX:EURJPY,164.351,164.35999999999999,164.35,164.35999999999999,181.0
2024-04-11 15:25:00,FX:EURJPY,164.35999999999999,164.363,164.357,164.35899999999998,185.0
2024-04-11 15:26:00,FX:EURJPY,164.35899999999998,164.368,164.358,164.367,159.0
2024-04-11 15:27:00,FX:EURJPY,164.367,164.374,164.35399999999998,164.357,229.0
2024-04-11 15:28:00,FX:EURJPY,164.357,164.358,164.35,164.351,130.0
2024-04-11 15:29:00,FX:EURJPY,164.351,164.362,164.351,164.35999999999999,146.0
2024-04-11 15:30:00,FX:EURJPY,164.35999999999999,164.361,164.35,164.358,182.0
2024-04-11 15:31:00,FX:EURJPY,164.358,164.374,164.358,164.363,166.0
2024-04-11 15:32:00,FX:EURJPY,164.363,164.36599999999999,164.358,164.35899999999998,85.0
2024-04-11 15:33:00,FX:EURJPY,164.35899999999998,164.36499999999998,164.358,164.361,107.0
2024-04-11 15:34:00,FX:EURJPY,164.361,164.367,164.35999999999999,164.363,86.0
2024-04-11 15:35:00,FX:EURJPY,164.363,164.373,164.362,164.36499999999998,193.0
2024-04-11 15:36:00,FX:EURJPY,164.36499999999998,164.37099999999998,164.363,164.37,102.0
2024-04-11 15:37:00,FX:EURJPY,164.37,164.375,164.36599999999999,164.374,99.0
2024-04-11 15:38:00,FX:EURJPY,164.374,164.37699999999998,164.37099999999998,164.37199999999999,159.0
2024-04-11 15:39:00,FX:EURJPY,164.37199999999999,164.376,164.36599999999999,164.367,133.0
2024-04-11 15:40:00,FX:EURJPY,164.367,164.379,164.367,164.374,120.0
2024-04-11 15:41:00,FX:EURJPY,164.374,164.37699999999998,164.37199999999999,164.37699999999998,112.0
2024-04-11 15:42:00,FX:EURJPY,164.37699999999998,164.387,164.368,164.376,201.0
2024-04-11 15:43:00,FX:EURJPY,164.376,164.379,164.37,164.374,205.0
2024-04-11 15:44:00,FX:EURJPY,164.374,164.385,164.37,164.381,189.0
2024-04-11 15:45:00,FX:EURJPY,164.381,164.392,164.37699999999998,164.386,213.0
2024-04-11 15:46:00,FX:EURJPY,164.386,164.39,164.379,164.386,180.0
2024-04-11 15:47:00,FX:EURJPY,164.386,164.38799999999998,164.367,164.368,210.0
2024-04-11 15:48:00,FX:EURJPY,164.368,164.374,164.363,164.373,197.0
2024-04-11 15:49:00,FX:EURJPY,164.373,164.374,164.34799999999998,164.35299999999998,207.0
2024-04-11 15:50:00,FX:EURJPY,164.35299999999998,164.35299999999998,164.322,164.32999999999998,249.0
2024-04-11 15:51:00,FX:EURJPY,164.32999999999998,164.32999999999998,164.31799999999998,164.328,247.0
2024-04-11 15:52:00,FX:EURJPY,164.328,164.33499999999998,164.326,164.332,229.0
2024-04-11 15:53:00,FX:EURJPY,164.332,164.344,164.332,164.34099999999998,158.0
2024-04-11 15:54:00,FX:EURJPY,164.34099999999998,164.351,164.34,164.349,166.0
2024-04-11 15:55:00,FX:EURJPY,164.349,164.364,164.34799999999998,164.362,254.0
2024-04-11 15:56:00,FX:EURJPY,164.362,164.364,164.351,164.356,241.0
2024-04-11 15:57:00,FX:EURJPY,164.356,164.361,164.349,164.356,221.0
2024-04-11 15:58:00,FX:EURJPY,164.356,164.357,164.34699999999998,164.35299999999998,175.0
2024-04-11 15:59:00,FX:EURJPY,164.35299999999998,164.37,164.339,164.367,263.0
2024-04-11 16:00:00,FX:EURJPY,164.367,164.381,164.35999999999999,164.362,229.0
2024-04-11 16:01:00,FX:EURJPY,164.362,164.379,164.361,164.378,200.0
2024-04-11 16:02:00,FX:EURJPY,164.378,164.381,164.373,164.378,143.0
2024-04-11 16:03:00,FX:EURJPY,164.378,164.378,164.36499999999998,164.37,72.0
2024-04-11 16:04:00,FX:EURJPY,164.37,164.37,164.36499999999998,164.36499999999998,68.0
2024-04-11 16:05:00,FX:EURJPY,164.36499999999998,164.37699999999998,164.36499999999998,164.375,90.0
2024-04-11 16:06:00,FX:EURJPY,164.375,164.387,164.374,164.385,53.0
2024-04-11 16:07:00,FX:EURJPY,164.385,164.38799999999998,164.385,164.38799999999998,34.0
2024-04-11 16:08:00,FX:EURJPY,164.38799999999998,164.398,164.386,164.397,67.0
2024-04-11 16:09:00,FX:EURJPY,164.397,164.39999999999998,164.393,164.39399999999998,44.0
2024-04-11 16:10:00,FX:EURJPY,164.39399999999998,164.39399999999998,164.386,164.386,53.0
2024-04-11 16:11:00,FX:EURJPY,164.386,164.386,164.38299999999998,164.38299999999998,29.0
2024-04-11 16:12:00,FX:EURJPY,164.38299999999998,164.38799999999998,164.379,164.38299999999998,86.0
2024-04-11 16:13:00,FX:EURJPY,164.38299999999998,164.386,164.376,164.376,56.0
2024-04-11 16:14:00,FX:EURJPY,164.376,164.382,164.376,164.381,97.0
2024-04-11 16:15:00,FX:EURJPY,164.381,164.381,164.375,164.378,38.0
2024-04-11 16:16:00,FX:EURJPY,164.378,164.381,164.376,164.379,40.0
2024-04-11 16:17:00,FX:EURJPY,164.379,164.384,164.376,164.378,85.0
2024-04-11 16:18:00,FX:EURJPY,164.378,164.382,164.378,164.38,51.0
2024-04-11 16:19:00,FX:EURJPY,164.38,164.385,164.38,164.382,41.0
2024-04-11 16:20:00,FX:EURJPY,164.382,164.38299999999998,164.38,164.38299999999998,41.0
2024-04-11 16:21:00,FX:EURJPY,164.38299999999998,164.387,164.38,164.386,67.0
2024-04-11 16:22:00,FX:EURJPY,164.386,164.391,164.382,164.38799999999998,68.0
2024-04-11 16:23:00,FX:EURJPY,164.38799999999998,164.39399999999998,164.38799999999998,164.39399999999998,80.0
2024-04-11 16:24:00,FX:EURJPY,164.39399999999998,164.39399999999998,164.386,164.38899999999998,60.0
2024-04-11 16:25:00,FX:EURJPY,164.38899999999998,164.393,164.385,164.385,58.0
2024-04-11 16:26:00,FX:EURJPY,164.385,164.38899999999998,164.385,164.387,50.0
2024-04-11 16:27:00,FX:EURJPY,164.387,164.38799999999998,164.37699999999998,164.381,59.0
2024-04-11 16:28:00,FX:EURJPY,164.381,164.38299999999998,164.38,164.381,42.0
2024-04-11 16:29:00,FX:EURJPY,164.381,164.384,164.37099999999998,164.378,89.0
2024-04-11 16:30:00,FX:EURJPY,164.378,164.382,164.374,164.382,53.0
2024-04-11 16:31:00,FX:EURJPY,164.382,164.38899999999998,164.38,164.38799999999998,38.0
2024-04-11 16:32:00,FX:EURJPY,164.38799999999998,164.391,164.38799999999998,164.38799999999998,34.0
2024-04-11 16:33:00,FX:EURJPY,164.38799999999998,164.38899999999998,164.381,164.382,59.0
2024-04-11 16:34:00,FX:EURJPY,164.382,164.39,164.381,164.39,68.0
2024-04-11 16:35:00,FX:EURJPY,164.39,164.39,164.381,164.385,68.0
2024-04-11 16:36:00,FX:EURJPY,164.385,164.385,164.381,164.381,34.0
2024-04-11 16:37:00,FX:EURJPY,164.381,164.386,164.379,164.386,67.0
2024-04-11 16:38:00,FX:EURJPY,164.386,164.38899999999998,164.386,164.387,111.0
2024-04-11 16:39:00,FX:EURJPY,164.387,164.39,164.385,164.387,78.0
2024-04-11 16:40:00,FX:EURJPY,164.387,164.387,164.37199999999999,164.374,41.0
2024-04-11 16:41:00,FX:EURJPY,164.374,164.375,164.36599999999999,164.368,40.0
2024-04-11 16:42:00,FX:EURJPY,164.368,164.369,164.361,164.364,61.0
2024-04-11 16:43:00,FX:EURJPY,164.364,164.367,164.364,164.36499999999998,82.0
2024-04-11 16:44:00,FX:EURJPY,164.36499999999998,164.368,164.36499999999998,164.367,44.0
2024-04-11 16:45:00,FX:EURJPY,164.367,164.368,164.361,164.36499999999998,119.0
2024-04-11 16:46:00,FX:EURJPY,164.36499999999998,164.36599999999999,164.363,164.36499999999998,30.0
2024-04-11 16:47:00,FX:EURJPY,164.36499999999998,164.367,164.364,164.364,40.0
2024-04-11 16:48:00,FX:EURJPY,164.364,164.364,164.363,164.364,26.0
2024-04-11 16:49:00,FX:EURJPY,164.364,164.369,164.361,164.364,54.0
2024-04-11 16:50:00,FX:EURJPY,164.364,164.36599999999999,164.35999999999999,164.364,54.0
2024-04-11 16:51:00,FX:EURJPY,164.364,164.369,164.363,164.363,37.0
2024-04-11 16:52:00,FX:EURJPY,164.363,164.38299999999998,164.363,164.379,78.0
2024-04-11 16:53:00,FX:EURJPY,164.379,164.382,164.376,164.382,57.0
2024-04-11 16:54:00,FX:EURJPY,164.382,164.385,164.379,164.381,86.0
2024-04-11 16:55:00,FX:EURJPY,164.381,164.392,164.376,164.38799999999998,74.0
2024-04-11 16:56:00,FX:EURJPY,164.38799999999998,164.398,164.38299999999998,164.39399999999998,46.0
2024-04-11 16:57:00,FX:EURJPY,164.39399999999998,164.41199999999998,164.393,164.40099999999998,79.0
2024-04-11 16:58:00,FX:EURJPY,164.40099999999998,164.41199999999998,164.39499999999998,164.404,150.0
2024-04-11 16:59:00,FX:EURJPY,164.404,164.405,164.37699999999998,164.39,84.0
2024-04-11 17:00:00,FX:EURJPY,164.39,164.39,164.363,164.36599999999999,6.0
2024-04-11 17:01:00,FX:EURJPY,164.36599999999999,164.36599999999999,164.36599999999999,164.36599999999999,1.0
2024-04-11 17:02:00,FX:EURJPY,164.36599999999999,164.367,164.36499999999998,164.36499999999998,4.0
2024-04-11 17:03:00,FX:EURJPY,164.36499999999998,164.36499999999998,164.36499999999998,164.36499999999998,1.0
2024-04-11 17:04:00,FX:EURJPY,164.36499999999998,164.39399999999998,164.363,164.368,26.0
2024-04-11 17:05:00,FX:EURJPY,164.368,164.374,164.346,164.364,42.0
2024-04-11 17:06:00,FX:EURJPY,164.364,164.378,164.364,164.374,26.0
2024-04-11 17:07:00,FX:EURJPY,164.374,164.393,164.374,164.38899999999998,14.0
2024-04-11 17:08:00,FX:EURJPY,164.38899999999998,164.39399999999998,164.38899999999998,164.39399999999998,4.0
2024-04-11 17:09:00,FX:EURJPY,164.39399999999998,164.39499999999998,164.392,164.392,6.0
2024-04-11 17:10:00,FX:EURJPY,164.392,164.39499999999998,164.37199999999999,164.382,23.0
2024-04-11 17:11:00,FX:EURJPY,164.382,164.385,164.375,164.37699999999998,16.0
2024-04-11 17:12:00,FX:EURJPY,164.37699999999998,164.38299999999998,164.36499999999998,164.36499999999998,18.0
2024-04-11 17:13:00,FX:EURJPY,164.36499999999998,164.36499999999998,164.345,164.345,26.0
2024-04-11 17:14:00,FX:EURJPY,164.345,164.369,164.32399999999998,164.333,46.0
2024-04-11 17:15:00,FX:EURJPY,164.333,164.33599999999998,164.32999999999998,164.331,33.0
2024-04-11 17:16:00,FX:EURJPY,164.331,164.344,164.326,164.331,35.0
2024-04-11 17:17:00,FX:EURJPY,164.331,164.357,164.327,164.357,22.0
2024-04-11 17:18:00,FX:EURJPY,164.357,164.37199999999999,164.357,164.367,5.0
2024-04-11 17:19:00,FX:EURJPY,164.367,164.367,164.367,164.367,11.0
2024-04-11 17:20:00,FX:EURJPY,164.367,164.367,164.363,164.363,13.0
2024-04-11 17:21:00,FX:EURJPY,164.363,164.363,164.363,164.363,9.0
2024-04-11 17:23:00,FX:EURJPY,164.363,164.364,164.363,164.364,4.0
2024-04-11 17:24:00,FX:EURJPY,164.364,164.369,164.358,164.358,8.0
2024-04-11 17:25:00,FX:EURJPY,164.358,164.35899999999998,164.345,164.345,12.0
2024-04-11 17:26:00,FX:EURJPY,164.345,164.345,164.344,164.344,4.0
2024-04-11 17:27:00,FX:EURJPY,164.344,164.344,164.334,164.339,16.0
2024-04-11 17:28:00,FX:EURJPY,164.339,164.34,164.338,164.338,6.0
2024-04-11 17:29:00,FX:EURJPY,164.338,164.338,164.338,164.338,2.0
2024-04-11 17:30:00,FX:EURJPY,164.338,164.339,164.338,164.339,1.0
2024-04-11 17:32:00,FX:EURJPY,164.339,164.339,164.339,164.339,1.0
2024-04-11 17:33:00,FX:EURJPY,164.339,164.339,164.339,164.339,7.0
2024-04-11 17:35:00,FX:EURJPY,164.339,164.339,164.339,164.339,2.0
2024-04-11 17:37:00,FX:EURJPY,164.339,164.339,164.33499999999998,164.33499999999998,6.0
2024-04-11 17:38:00,FX:EURJPY,164.33499999999998,164.337,164.33499999999998,164.337,3.0
2024-04-11 17:39:00,FX:EURJPY,164.337,164.337,164.337,164.337,1.0
2024-04-11 17:41:00,FX:EURJPY,164.337,164.338,164.33599999999998,164.33599999999998,4.0
2024-04-11 17:42:00,FX:EURJPY,164.33599999999998,164.357,164.33599999999998,164.352,12.0
2024-04-11 17:43:00,FX:EURJPY,164.352,164.352,164.349,164.351,7.0
2024-04-11 17:44:00,FX:EURJPY,164.351,164.351,164.351,164.351,2.0
2024-04-11 17:45:00,FX:EURJPY,164.351,164.355,164.34799999999998,164.35,11.0
2024-04-11 17:46:00,FX:EURJPY,164.35,164.355,164.34699999999998,164.34699999999998,19.0
2024-04-11 17:47:00,FX:EURJPY,164.34699999999998,164.349,164.345,164.349,6.0
2024-04-11 17:48:00,FX:EURJPY,164.349,164.35999999999999,164.344,164.35,23.0
2024-04-11 17:49:00,FX:EURJPY,164.35,164.355,164.35,164.35,9.0
2024-04-11 17:50:00,FX:EURJPY,164.35,164.351,164.34199999999998,164.345,16.0
2024-04-11 17:51:00,FX:EURJPY,164.345,164.345,164.34199999999998,164.343,19.0
2024-04-11 17:52:00,FX:EURJPY,164.343,164.343,164.343,164.343,5.0
2024-04-11 17:53:00,FX:EURJPY,164.343,164.34699999999998,164.34,164.34,14.0
2024-04-11 17:54:00,FX:EURJPY,164.34,164.34199999999998,164.34,164.34,11.0
2024-04-11 17:55:00,FX:EURJPY,164.34,164.34799999999998,164.34,164.343,30.0
2024-04-11 17:56:00,FX:EURJPY,164.343,164.358,164.343,164.35,56.0
2024-04-11 17:57:00,FX:EURJPY,164.35,164.35,164.34799999999998,164.35,15.0
2024-04-11 17:58:00,FX:EURJPY,164.35,164.35,164.345,164.35,14.0
2024-04-11 17:59:00,FX:EURJPY,164.35,164.35,164.34799999999998,164.35,14.0
2024-04-11 18:00:00,FX:EURJPY,164.35,164.35899999999998,164.339,164.339,140.0
2024-04-11 18:01:00,FX:EURJPY,164.339,164.345,164.326,164.327,77.0
2024-04-11 18:02:00,FX:EURJPY,164.327,164.332,164.316,164.32299999999998,47.0
2024-04-11 18:03:00,FX:EURJPY,164.32299999999998,164.32999999999998,164.32299999999998,164.328,24.0
2024-04-11 18:04:00,FX:EURJPY,164.328,164.334,164.328,164.334,19.0
2024-04-11 18:05:00,FX:EURJPY,164.334,164.38,164.334,164.374,73.0
2024-04-11 18:06:00,FX:EURJPY,164.374,164.379,164.367,164.37,56.0
2024-04-11 18:07:00,FX:EURJPY,164.37,164.375,164.36599999999999,164.36599999999999,37.0
2024-04-11 18:08:00,FX:EURJPY,164.36599999999999,164.374,164.36599999999999,164.37099999999998,33.0
2024-04-11 18:09:00,FX:EURJPY,164.37099999999998,164.37699999999998,164.37099999999998,164.37699999999998,20.0
2024-04-11 18:10:00,FX:EURJPY,164.37699999999998,164.385,164.373,164.381,37.0
2024-04-11 18:11:00,FX:EURJPY,164.381,164.381,164.363,164.38,65.0
2024-04-11 18:12:00,FX:EURJPY,164.38,164.387,164.375,164.37699999999998,43.0
2024-04-11 18:13:00,FX:EURJPY,164.37699999999998,164.379,164.375,164.375,13.0
2024-04-11 18:14:00,FX:EURJPY,164.375,164.37699999999998,164.375,164.375,21.0
2024-04-11 18:15:00,FX:EURJPY,164.375,164.378,164.373,164.37699999999998,31.0
2024-04-11 18:16:00,FX:EURJPY,164.37699999999998,164.378,164.37099999999998,164.375,51.0
2024-04-11 18:17:00,FX:EURJPY,164.375,164.379,164.375,164.378,37.0
2024-04-11 18:18:00,FX:EURJPY,164.378,164.38,164.375,164.375,53.0
2024-04-11 18:19:00,FX:EURJPY,164.375,164.37699999999998,164.374,164.374,75.0
2024-04-11 18:20:00,FX:EURJPY,164.374,164.391,164.374,164.387,100.0
2024-04-11 18:21:00,FX:EURJPY,164.387,164.392,164.382,164.384,66.0
2024-04-11 18:22:00,FX:EURJPY,164.384,164.39,164.381,164.382,94.0
2024-04-11 18:23:00,FX:EURJPY,164.382,164.385,164.37199999999999,164.37199999999999,82.0
2024-04-11 18:24:00,FX:EURJPY,164.37199999999999,164.37199999999999,164.34699999999998,164.361,192.0
2024-04-11 18:25:00,FX:EURJPY,164.361,164.369,164.35999999999999,164.361,87.0
2024-04-11 18:26:00,FX:EURJPY,164.361,164.362,164.35399999999998,164.361,83.0
2024-04-11 18:27:00,FX:EURJPY,164.361,164.369,164.35999999999999,164.368,72.0
2024-04-11 18:28:00,FX:EURJPY,164.368,164.376,164.36599999999999,164.369,89.0
2024-04-11 18:29:00,FX:EURJPY,164.369,164.38,164.367,164.367,85.0
2024-04-11 18:30:00,FX:EURJPY,164.367,164.37199999999999,164.36499999999998,164.368,76.0
2024-04-11 18:31:00,FX:EURJPY,164.368,164.379,164.36499999999998,164.376,99.0
2024-04-11 18:32:00,FX:EURJPY,164.376,164.39499999999998,164.37199999999999,164.38899999999998,98.0
2024-04-11 18:33:00,FX:EURJPY,164.38899999999998,164.397,164.38799999999998,164.38899999999998,102.0
2024-04-11 18:34:00,FX:EURJPY,164.38899999999998,164.39399999999998,164.38799999999998,164.391,70.0
2024-04-11 18:35:00,FX:EURJPY,164.391,164.396,164.39,164.39499999999998,65.0
2024-04-11 18:36:00,FX:EURJPY,164.39499999999998,164.39499999999998,164.379,164.38299999999998,80.0
2024-04-11 18:37:00,FX:EURJPY,164.38299999999998,164.39399999999998,164.381,164.38899999999998,69.0
2024-04-11 18:38:00,FX:EURJPY,164.38899999999998,164.398,164.38899999999998,164.397,62.0
2024-04-11 18:39:00,FX:EURJPY,164.397,164.399,164.39399999999998,164.399,52.0
2024-04-11 18:40:00,FX:EURJPY,164.399,164.399,164.391,164.397,55.0
2024-04-11 18:41:00,FX:EURJPY,164.397,164.397,164.396,164.397,6.0
2024-04-11 18:42:00,FX:EURJPY,164.397,164.397,164.384,164.386,56.0
2024-04-11 18:43:00,FX:EURJPY,164.386,164.391,164.375,164.375,67.0
2024-04-11 18:44:00,FX:EURJPY,164.375,164.385,164.375,164.385,59.0
2024-04-11 18:45:00,FX:EURJPY,164.385,164.38799999999998,164.384,164.385,37.0
2024-04-11 18:46:00,FX:EURJPY,164.385,164.38899999999998,164.384,164.386,66.0
2024-04-11 18:47:00,FX:EURJPY,164.386,164.393,164.386,164.391,45.0
2024-04-11 18:48:00,FX:EURJPY,164.391,164.391,164.39,164.391,51.0
2024-04-11 18:49:00,FX:EURJPY,164.391,164.392,164.382,164.382,89.0
2024-04-11 18:50:00,FX:EURJPY,164.382,164.382,164.37699999999998,164.378,39.0
2024-04-11 18:51:00,FX:EURJPY,164.378,164.379,164.375,164.376,33.0
2024-04-11 18:52:00,FX:EURJPY,164.376,164.38,164.369,164.376,55.0
2024-04-11 18:53:00,FX:EURJPY,164.376,164.38,164.37199999999999,164.37699999999998,78.0
2024-04-11 18:54:00,FX:EURJPY,164.37699999999998,164.382,164.37699999999998,164.378,46.0
2024-04-11 18:55:00,FX:EURJPY,164.378,164.38299999999998,164.374,164.376,45.0
2024-04-11 18:56:00,FX:EURJPY,164.376,164.381,164.374,164.38,33.0
2024-04-11 18:57:00,FX:EURJPY,164.38,164.38,164.374,164.375,31.0
2024-04-11 18:58:00,FX:EURJPY,164.375,164.385,164.375,164.38299999999998,60.0
2024-04-11 18:59:00,FX:EURJPY,164.38299999999998,164.385,164.381,164.382,19.0
2024-04-11 19:00:00,FX:EURJPY,164.382,164.384,164.37199999999999,164.37199999999999,56.0
2024-04-11 19:01:00,FX:EURJPY,164.37199999999999,164.386,164.37199999999999,164.385,64.0
2024-04-11 19:02:00,FX:EURJPY,164.385,164.386,164.379,164.381,57.0
2024-04-11 19:03:00,FX:EURJPY,164.381,164.381,164.36499999999998,164.368,63.0
2024-04-11 19:04:00,FX:EURJPY,164.368,164.37699999999998,164.364,164.369,43.0
2024-04-11 19:05:00,FX:EURJPY,164.369,164.375,164.368,164.368,65.0
2024-04-11 19:06:00,FX:EURJPY,164.368,164.381,164.367,164.38,48.0
2024-04-11 19:07:00,FX:EURJPY,164.38,164.38,164.373,164.373,28.0
2024-04-11 19:08:00,FX:EURJPY,164.373,164.374,164.368,164.369,34.0
2024-04-11 19:09:00,FX:EURJPY,164.369,164.369,164.363,164.36599999999999,75.0
2024-04-11 19:10:00,FX:EURJPY,164.36599999999999,164.374,164.36599999999999,164.37199999999999,42.0
2024-04-11 19:11:00,FX:EURJPY,164.37199999999999,164.37699999999998,164.37099999999998,164.374,25.0
2024-04-11 19:12:00,FX:EURJPY,164.374,164.376,164.37,164.37,34.0
2024-04-11 19:13:00,FX:EURJPY,164.37,164.37199999999999,164.362,164.36499999999998,60.0
2024-04-11 19:14:00,FX:EURJPY,164.36499999999998,164.367,164.35999999999999,164.36599999999999,26.0
2024-04-11 19:15:00,FX:EURJPY,164.36599999999999,164.367,164.346,164.34799999999998,57.0
2024-04-11 19:16:00,FX:EURJPY,164.34799999999998,164.351,164.34099999999998,164.346,36.0
2024-04-11 19:17:00,FX:EURJPY,164.346,164.35999999999999,164.344,164.35899999999998,53.0
2024-04-11 19:18:00,FX:EURJPY,164.35899999999998,164.35899999999998,164.35299999999998,164.355,29.0
2024-04-11 19:19:00,FX:EURJPY,164.355,164.357,164.355,164.356,17.0
2024-04-11 19:20:00,FX:EURJPY,164.356,164.362,164.355,164.358,53.0
2024-04-11 19:21:00,FX:EURJPY,164.358,164.35999999999999,164.357,164.35899999999998,52.0
2024-04-11 19:22:00,FX:EURJPY,164.35899999999998,164.363,164.355,164.358,43.0
2024-04-11 19:23:00,FX:EURJPY,164.358,164.362,164.351,164.362,53.0
2024-04-11 19:24:00,FX:EURJPY,164.362,164.36499999999998,164.352,164.35299999999998,58.0
2024-04-11 19:25:00,FX:EURJPY,164.35299999999998,164.356,164.339,164.345,63.0
2024-04-11 19:26:00,FX:EURJPY,164.345,164.345,164.337,164.34099999999998,35.0
2024-04-11 19:27:00,FX:EURJPY,164.34099999999998,164.357,164.34,164.344,95.0
2024-04-11 19:28:00,FX:EURJPY,164.344,164.35399999999998,164.344,164.35,44.0
2024-04-11 19:29:00,FX:EURJPY,164.35,164.358,164.34699999999998,164.35299999999998,44.0
2024-04-11 19:30:00,FX:EURJPY,164.35299999999998,164.355,164.34699999999998,164.352,103.0
2024-04-11 19:31:00,FX:EURJPY,164.352,164.352,164.343,164.343,78.0
2024-04-11 19:32:00,FX:EURJPY,164.343,164.343,164.334,164.34099999999998,66.0
2024-04-11 19:33:00,FX:EURJPY,164.34099999999998,164.34099999999998,164.333,164.339,70.0
2024-04-11 19:34:00,FX:EURJPY,164.339,164.349,164.339,164.345,66.0
2024-04-11 19:35:00,FX:EURJPY,164.345,164.351,164.34199999999998,164.34799999999998,110.0
2024-04-11 19:36:00,FX:EURJPY,164.34799999999998,164.35299999999998,164.343,164.343,110.0
2024-04-11 19:37:00,FX:EURJPY,164.343,164.34699999999998,164.34199999999998,164.345,62.0
2024-04-11 19:38:00,FX:EURJPY,164.345,164.345,164.34199999999998,164.343,42.0
2024-04-11 19:39:00,FX:EURJPY,164.343,164.35299999999998,164.343,164.349,76.0
2024-04-11 19:40:00,FX:EURJPY,164.349,164.35399999999998,164.34099999999998,164.34099999999998,104.0
2024-04-11 19:41:00,FX:EURJPY,164.34099999999998,164.34799999999998,164.34,164.34799999999998,86.0
2024-04-11 19:42:00,FX:EURJPY,164.34799999999998,164.352,164.34699999999998,164.351,38.0
2024-04-11 19:43:00,FX:EURJPY,164.351,164.358,164.351,164.355,69.0
2024-04-11 19:44:00,FX:EURJPY,164.355,164.358,164.352,164.35399999999998,66.0
2024-04-11 19:45:00,FX:EURJPY,164.35399999999998,164.355,164.351,164.35299999999998,72.0
2024-04-11 19:46:00,FX:EURJPY,164.35299999999998,164.35299999999998,164.344,164.34699999999998,52.0
2024-04-11 19:47:00,FX:EURJPY,164.34699999999998,164.37199999999999,164.271,164.273,230.0
2024-04-11 19:48:00,FX:EURJPY,164.273,164.331,164.26899999999998,164.32899999999998,249.0
2024-04-11 19:49:00,FX:EURJPY,164.32899999999998,164.37,164.32399999999998,164.345,228.0
2024-04-11 19:50:00,FX:EURJPY,164.345,164.346,164.309,164.313,165.0
2024-04-11 19:51:00,FX:EURJPY,164.313,164.32399999999998,164.284,164.28799999999998,177.0
2024-04-11 19:52:00,FX:EURJPY,164.28799999999998,164.29899999999998,164.283,164.284,151.0
2024-04-11 19:53:00,FX:EURJPY,164.284,164.307,164.284,164.301,132.0
2024-04-11 19:54:00,FX:EURJPY,164.301,164.31,164.295,164.304,200.0
2024-04-11 19:55:00,FX:EURJPY,164.304,164.308,164.29999999999998,164.30499999999998,86.0
2024-04-11 19:56:00,FX:EURJPY,164.30499999999998,164.321,164.29899999999998,164.32,122.0
2024-04-11 19:57:00,FX:EURJPY,164.32,164.325,164.313,164.32399999999998,124.0
2024-04-11 19:58:00,FX:EURJPY,164.32399999999998,164.33599999999998,164.316,164.334,136.0
2024-04-11 19:59:00,FX:EURJPY,164.334,164.334,164.31699999999998,164.31699999999998,161.0
2024-04-11 20:00:00,FX:EURJPY,164.31699999999998,164.343,164.316,164.33499999999998,398.0
2024-04-11 20:01:00,FX:EURJPY,164.33499999999998,164.35,164.328,164.338,325.0
2024-04-11 20:02:00,FX:EURJPY,164.338,164.35,164.327,164.345,225.0
2024-04-11 20:03:00,FX:EURJPY,164.345,164.386,164.344,164.379,371.0
2024-04-11 20:04:00,FX:EURJPY,164.379,164.399,164.351,164.37199999999999,424.0
2024-04-11 20:05:00,FX:EURJPY,164.37199999999999,164.39499999999998,164.36599999999999,164.38,248.0
2024-04-11 20:06:00,FX:EURJPY,164.38,164.385,164.36599999999999,164.37699999999998,206.0
2024-04-11 20:07:00,FX:EURJPY,164.37699999999998,164.386,164.355,164.358,192.0
2024-04-11 20:08:00,FX:EURJPY,164.358,164.35899999999998,164.259,164.26999999999998,442.0
2024-04-11 20:09:00,FX:EURJPY,164.26999999999998,164.30599999999998,164.26999999999998,164.297,409.0
2024-04-11 20:10:00,FX:EURJPY,164.297,164.297,164.23499999999999,164.239,478.0
2024-04-11 20:11:00,FX:EURJPY,164.239,164.268,164.236,164.253,401.0
2024-04-11 20:12:00,FX:EURJPY,164.253,164.26999999999998,164.237,164.23999999999998,422.0
2024-04-11 20:13:00,FX:EURJPY,164.23999999999998,164.25,164.233,164.237,330.0
2024-04-11 20:14:00,FX:EURJPY,164.237,164.256,164.23399999999998,164.25199999999998,289.0
2024-04-11 20:15:00,FX:EURJPY,164.25199999999998,164.271,164.248,164.261,277.0
2024-04-11 20:16:00,FX:EURJPY,164.261,164.26299999999998,164.251,164.256,191.0
2024-04-11 20:17:00,FX:EURJPY,164.256,164.26,164.245,164.257,243.0
2024-04-11 20:18:00,FX:EURJPY,164.257,164.257,164.233,164.256,207.0
2024-04-11 20:19:00,FX:EURJPY,164.256,164.257,164.242,164.245,225.0
2024-04-11 20:20:00,FX:EURJPY,164.245,164.251,164.243,164.25,160.0
2024-04-11 20:21:00,FX:EURJPY,164.25,164.267,164.25,164.266,174.0
2024-04-11 20:22:00,FX:EURJPY,164.266,164.273,164.248,164.255,194.0
2024-04-11 20:23:00,FX:EURJPY,164.255,164.26399999999998,164.25,164.253,190.0
2024-04-11 20:24:00,FX:EURJPY,164.253,164.259,164.245,164.24699999999999,189.0
2024-04-11 20:25:00,FX:EURJPY,164.24699999999999,164.25799999999998,164.242,164.257,142.0
2024-04-11 20:26:00,FX:EURJPY,164.257,164.28,164.25199999999998,164.25799999999998,262.0
2024-04-11 20:27:00,FX:EURJPY,164.25799999999998,164.279,164.25,164.255,230.0
2024-04-11 20:28:00,FX:EURJPY,164.255,164.26,164.236,164.23999999999998,196.0
2024-04-11 20:29:00,FX:EURJPY,164.23999999999998,164.257,164.238,164.249,171.0
2024-04-11 20:30:00,FX:EURJPY,164.249,164.257,164.24099999999999,164.248,207.0
2024-04-11 20:31:00,FX:EURJPY,164.248,164.278,164.248,164.273,173.0
2024-04-11 20:32:00,FX:EURJPY,164.273,164.301,164.259,164.29,262.0
2024-04-11 20:33:00,FX:EURJPY,164.29,164.291,164.262,164.268,275.0
2024-04-11 20:34:00,FX:EURJPY,164.268,164.279,164.26,164.274,261.0
2024-04-11 20:35:00,FX:EURJPY,164.274,164.297,164.274,164.28,212.0
2024-04-11 20:36:00,FX:EURJPY,164.28,164.286,164.272,164.285,160.0
2024-04-11 20:37:00,FX:EURJPY,164.285,164.313,164.284,164.29999999999998,202.0
2024-04-11 20:38:00,FX:EURJPY,164.29999999999998,164.302,164.292,164.298,126.0
2024-04-11 20:39:00,FX:EURJPY,164.298,164.298,164.284,164.285,69.0
2024-04-11 20:40:00,FX:EURJPY,164.285,164.29,164.277,164.278,130.0
2024-04-11 20:41:00,FX:EURJPY,164.278,164.278,164.257,164.26399999999998,138.0
2024-04-11 20:42:00,FX:EURJPY,164.26399999999998,164.26899999999998,164.251,164.253,133.0
2024-04-11 20:43:00,FX:EURJPY,164.253,164.268,164.253,164.26399999999998,106.0
2024-04-11 20:44:00,FX:EURJPY,164.26399999999998,164.28,164.26299999999998,164.268,146.0
2024-04-11 20:45:00,FX:EURJPY,164.268,164.26899999999998,164.23999999999998,164.24599999999998,192.0
2024-04-11 20:46:00,FX:EURJPY,164.24599999999998,164.24599999999998,164.23,164.236,180.0
2024-04-11 20:47:00,FX:EURJPY,164.236,164.238,164.221,164.22299999999998,170.0
2024-04-11 20:48:00,FX:EURJPY,164.22299999999998,164.24699999999999,164.22,164.243,194.0
2024-04-11 20:49:00,FX:EURJPY,164.243,164.249,164.233,164.248,122.0
2024-04-11 20:50:00,FX:EURJPY,164.248,164.268,164.22,164.221,145.0
2024-04-11 20:51:00,FX:EURJPY,164.221,164.249,164.22,164.243,178.0
2024-04-11 20:52:00,FX:EURJPY,164.243,164.243,164.16799999999998,164.189,451.0
2024-04-11 20:53:00,FX:EURJPY,164.189,164.2,164.172,164.178,337.0
2024-04-11 20:54:00,FX:EURJPY,164.178,164.194,164.108,164.117,834.0
2024-04-11 20:55:00,FX:EURJPY,164.117,164.155,164.113,164.135,574.0
2024-04-11 20:56:00,FX:EURJPY,164.135,164.148,164.111,164.142,390.0
2024-04-11 20:57:00,FX:EURJPY,164.142,164.152,164.132,164.146,315.0
2024-04-11 20:58:00,FX:EURJPY,164.146,164.15099999999998,164.126,164.126,232.0
2024-04-11 20:59:00,FX:EURJPY,164.126,164.135,164.069,164.07299999999998,383.0
2024-04-11 21:00:00,FX:EURJPY,164.07299999999998,164.12,164.072,164.111,437.0
2024-04-11 21:01:00,FX:EURJPY,164.111,164.141,164.09799999999998,164.12099999999998,400.0
2024-04-11 21:02:00,FX:EURJPY,164.12099999999998,164.125,164.09799999999998,164.10999999999999,432.0
2024-04-11 21:03:00,FX:EURJPY,164.10999999999999,164.128,164.102,164.114,417.0
2024-04-11 21:04:00,FX:EURJPY,164.114,164.11499999999998,164.101,164.107,296.0
2024-04-11 21:05:00,FX:EURJPY,164.107,164.13799999999998,164.1,164.132,319.0
2024-04-11 21:06:00,FX:EURJPY,164.132,164.176,164.131,164.16899999999998,304.0
2024-04-11 21:07:00,FX:EURJPY,164.16899999999998,164.183,164.159,164.16899999999998,355.0
2024-04-11 21:08:00,FX:EURJPY,164.16899999999998,164.18599999999998,164.154,164.155,327.0
2024-04-11 21:09:00,FX:EURJPY,164.155,164.158,164.146,164.154,250.0
2024-04-11 21:10:00,FX:EURJPY,164.154,164.164,164.143,164.16,201.0
2024-04-11 21:11:00,FX:EURJPY,164.16,164.161,164.13,164.15699999999998,237.0
2024-04-11 21:12:00,FX:EURJPY,164.15699999999998,164.172,164.143,164.15599999999998,207.0
2024-04-11 21:13:00,FX:EURJPY,164.15599999999998,164.16,164.153,164.159,120.0
2024-04-11 21:14:00,FX:EURJPY,164.159,164.176,164.158,164.158,162.0
2024-04-11 21:15:00,FX:EURJPY,164.158,164.166,164.142,164.165,322.0
2024-04-11 21:16:00,FX:EURJPY,164.165,164.176,164.16,164.167,330.0
2024-04-11 21:17:00,FX:EURJPY,164.167,164.178,164.158,164.172,258.0
2024-04-11 21:18:00,FX:EURJPY,164.172,164.183,164.16899999999998,164.17999999999998,181.0
2024-04-11 21:19:00,FX:EURJPY,164.17999999999998,164.182,164.167,164.171,252.0
2024-04-11 21:20:00,FX:EURJPY,164.171,164.172,164.15599999999998,164.15699999999998,263.0
2024-04-11 21:21:00,FX:EURJPY,164.15699999999998,164.159,164.13799999999998,164.13799999999998,212.0
2024-04-11 21:22:00,FX:EURJPY,164.13799999999998,164.143,164.131,164.14,221.0
2024-04-11 21:23:00,FX:EURJPY,164.14,164.15099999999998,164.129,164.129,227.0
2024-04-11 21:24:00,FX:EURJPY,164.129,164.13799999999998,164.123,164.12699999999998,158.0
2024-04-11 21:25:00,FX:EURJPY,164.12699999999998,164.135,164.117,164.12,197.0
2024-04-11 21:26:00,FX:EURJPY,164.12,164.129,164.10899999999998,164.126,150.0
2024-04-11 21:27:00,FX:EURJPY,164.126,164.134,164.11499999999998,164.134,138.0
2024-04-11 21:28:00,FX:EURJPY,164.134,164.135,164.128,164.135,114.0
2024-04-11 21:29:00,FX:EURJPY,164.135,164.13899999999998,164.128,164.132,122.0
2024-04-11 21:30:00,FX:EURJPY,164.132,164.161,164.132,164.161,217.0
2024-04-11 21:31:00,FX:EURJPY,164.161,164.172,164.161,164.164,167.0
2024-04-11 21:32:00,FX:EURJPY,164.164,164.18599999999998,164.164,164.18599999999998,142.0
2024-04-11 21:33:00,FX:EURJPY,164.18599999999998,164.19299999999998,164.173,164.19299999999998,160.0
2024-04-11 21:34:00,FX:EURJPY,164.19299999999998,164.196,164.17999999999998,164.19,234.0
2024-04-11 21:35:00,FX:EURJPY,164.19,164.2,164.183,164.19899999999998,181.0
2024-04-11 21:36:00,FX:EURJPY,164.19899999999998,164.202,164.18699999999998,164.191,172.0
2024-04-11 21:37:00,FX:EURJPY,164.191,164.19199999999998,164.171,164.178,132.0
2024-04-11 21:38:00,FX:EURJPY,164.178,164.179,164.159,164.16799999999998,170.0
2024-04-11 21:39:00,FX:EURJPY,164.16799999999998,164.173,164.161,164.16299999999998,162.0
2024-04-11 21:40:00,FX:EURJPY,164.16299999999998,164.177,164.16299999999998,164.164,138.0
2024-04-11 21:41:00,FX:EURJPY,164.164,164.167,164.154,164.155,194.0
2024-04-11 21:42:00,FX:EURJPY,164.155,164.161,164.152,164.16,241.0
2024-04-11 21:43:00,FX:EURJPY,164.16,164.16199999999998,164.14499999999998,164.149,121.0
2024-04-11 21:44:00,FX:EURJPY,164.149,164.15099999999998,164.13899999999998,164.14,152.0
2024-04-11 21:45:00,FX:EURJPY,164.14,164.148,164.13799999999998,164.148,149.0
2024-04-11 21:46:00,FX:EURJPY,164.148,164.15599999999998,164.13799999999998,164.152,161.0
2024-04-11 21:47:00,FX:EURJPY,164.152,164.159,164.14999999999998,164.15599999999998,170.0
2024-04-11 21:48:00,FX:EURJPY,164.15599999999998,164.166,164.154,164.16199999999998,111.0
2024-04-11 21:49:00,FX:EURJPY,164.16199999999998,164.177,164.16199999999998,164.177,160.0
2024-04-11 21:50:00,FX:EURJPY,164.177,164.18099999999998,164.161,164.17,167.0
2024-04-11 21:51:00,FX:EURJPY,164.17,164.178,164.17,164.173,128.0
2024-04-11 21:52:00,FX:EURJPY,164.173,164.17499999999998,164.158,164.159,153.0
2024-04-11 21:53:00,FX:EURJPY,164.159,164.16199999999998,164.14999999999998,164.161,186.0
2024-04-11 21:54:00,FX:EURJPY,164.161,164.16899999999998,164.158,164.165,175.0
2024-04-11 21:55:00,FX:EURJPY,164.165,164.166,164.154,164.16,147.0
2024-04-11 21:56:00,FX:EURJPY,164.16,164.173,164.158,164.166,197.0
2024-04-11 21:57:00,FX:EURJPY,164.166,164.18099999999998,164.166,164.176,211.0
2024-04-11 21:58:00,FX:EURJPY,164.176,164.178,164.17,164.176,149.0
2024-04-11 21:59:00,FX:EURJPY,164.176,164.19199999999998,164.172,164.19,129.0
2024-04-11 22:00:00,FX:EURJPY,164.19,164.201,164.18599999999998,164.2,189.0
2024-04-11 22:01:00,FX:EURJPY,164.2,164.2,164.176,164.176,247.0
2024-04-11 22:02:00,FX:EURJPY,164.176,164.18699999999998,164.14499999999998,164.18699999999998,311.0
2024-04-11 22:03:00,FX:EURJPY,164.18699999999998,164.18699999999998,164.171,164.178,212.0
2024-04-11 22:04:00,FX:EURJPY,164.178,164.19299999999998,164.177,164.19299999999998,122.0
2024-04-11 22:05:00,FX:EURJPY,164.19299999999998,164.194,164.188,164.194,111.0
2024-04-11 22:06:00,FX:EURJPY,164.194,164.195,164.184,164.194,168.0
2024-04-11 22:07:00,FX:EURJPY,164.194,164.20499999999998,164.189,164.191,173.0
2024-04-11 22:08:00,FX:EURJPY,164.191,164.19799999999998,164.184,164.19799999999998,99.0
2024-04-11 22:09:00,FX:EURJPY,164.19799999999998,164.206,164.191,164.196,122.0
2024-04-11 22:10:00,FX:EURJPY,164.196,164.20399999999998,164.194,164.19899999999998,76.0
2024-04-11 22:11:00,FX:EURJPY,164.19899999999998,164.19899999999998,164.18099999999998,164.183,141.0
2024-04-11 22:12:00,FX:EURJPY,164.183,164.19299999999998,164.183,164.19199999999998,81.0
2024-04-11 22:13:00,FX:EURJPY,164.19199999999998,164.201,164.19,164.194,148.0
2024-04-11 22:14:00,FX:EURJPY,164.194,164.2,164.19199999999998,164.197,124.0
2024-04-11 22:15:00,FX:EURJPY,164.197,164.197,164.19299999999998,164.194,95.0
2024-04-11 22:16:00,FX:EURJPY,164.194,164.19899999999998,164.19299999999998,164.195,93.0
2024-04-11 22:17:00,FX:EURJPY,164.195,164.202,164.191,164.202,105.0
2024-04-11 22:18:00,FX:EURJPY,164.202,164.207,164.196,164.207,91.0
2024-04-11 22:19:00,FX:EURJPY,164.207,164.21699999999998,164.20399999999998,164.215,90.0
2024-04-11 22:20:00,FX:EURJPY,164.215,164.22,164.213,164.219,128.0
2024-04-11 22:21:00,FX:EURJPY,164.219,164.22,164.203,164.203,127.0
2024-04-11 22:22:00,FX:EURJPY,164.203,164.20499999999998,164.18599999999998,164.18599999999998,122.0
2024-04-11 22:23:00,FX:EURJPY,164.18599999999998,164.18599999999998,164.15699999999998,164.159,159.0
2024-04-11 22:24:00,FX:EURJPY,164.159,164.17499999999998,164.14999999999998,164.172,121.0
2024-04-11 22:25:00,FX:EURJPY,164.172,164.19199999999998,164.17,164.19,129.0
2024-04-11 22:26:00,FX:EURJPY,164.19,164.20499999999998,164.188,164.191,149.0
2024-04-11 22:27:00,FX:EURJPY,164.191,164.19199999999998,164.167,164.17999999999998,180.0
2024-04-11 22:28:00,FX:EURJPY,164.17999999999998,164.182,164.173,164.178,123.0
2024-04-11 22:29:00,FX:EURJPY,164.178,164.18699999999998,164.17399999999998,164.185,127.0
2024-04-11 22:30:00,FX:EURJPY,164.185,164.19199999999998,164.17999999999998,164.188,150.0
2024-04-11 22:31:00,FX:EURJPY,164.188,164.189,164.183,164.184,108.0
2024-04-11 22:32:00,FX:EURJPY,164.184,164.19299999999998,164.182,164.19299999999998,117.0
2024-04-11 22:33:00,FX:EURJPY,164.19299999999998,164.208,164.19299999999998,164.20399999999998,93.0
2024-04-11 22:34:00,FX:EURJPY,164.20399999999998,164.20499999999998,164.194,164.197,118.0
2024-04-11 22:35:00,FX:EURJPY,164.197,164.2,164.19,164.195,133.0
2024-04-11 22:36:00,FX:EURJPY,164.195,164.2,164.191,164.19899999999998,93.0
2024-04-11 22:37:00,FX:EURJPY,164.19899999999998,164.209,164.195,164.20399999999998,161.0
2024-04-11 22:38:00,FX:EURJPY,164.20399999999998,164.20999999999998,164.201,164.208,98.0
2024-04-11 22:39:00,FX:EURJPY,164.208,164.219,164.20399999999998,164.21699999999998,136.0
2024-04-11 22:40:00,FX:EURJPY,164.21699999999998,164.22799999999998,164.21099999999998,164.22799999999998,124.0
2024-04-11 22:41:00,FX:EURJPY,164.22799999999998,164.22799999999998,164.214,164.225,194.0
2024-04-11 22:42:00,FX:EURJPY,164.225,164.24099999999999,164.225,164.232,142.0
2024-04-11 22:43:00,FX:EURJPY,164.232,164.23999999999998,164.225,164.237,221.0
2024-04-11 22:44:00,FX:EURJPY,164.237,164.251,164.233,164.249,218.0
2024-04-11 22:45:00,FX:EURJPY,164.249,164.26299999999998,164.244,164.261,114.0
2024-04-11 22:46:00,FX:EURJPY,164.261,164.267,164.26,164.26299999999998,169.0
2024-04-11 22:47:00,FX:EURJPY,164.26299999999998,164.26299999999998,164.261,164.262,120.0
2024-04-11 22:48:00,FX:EURJPY,164.262,164.26299999999998,164.255,164.262,108.0
2024-04-11 22:49:00,FX:EURJPY,164.262,164.262,164.257,164.257,152.0
2024-04-11 22:50:00,FX:EURJPY,164.257,164.26899999999998,164.25199999999998,164.266,206.0
2024-04-11 22:51:00,FX:EURJPY,164.266,164.28,164.266,164.278,216.0
2024-04-11 22:52:00,FX:EURJPY,164.278,164.278,164.262,164.26999999999998,164.0
2024-04-11 22:53:00,FX:EURJPY,164.26999999999998,164.278,164.26899999999998,164.272,99.0
2024-04-11 22:54:00,FX:EURJPY,164.272,164.27599999999998,164.267,164.271,103.0
2024-04-11 22:55:00,FX:EURJPY,164.271,164.286,164.26899999999998,164.283,139.0
2024-04-11 22:56:00,FX:EURJPY,164.283,164.29899999999998,164.28099999999998,164.29,180.0
2024-04-11 22:57:00,FX:EURJPY,164.29,164.298,164.278,164.298,199.0
2024-04-11 22:58:00,FX:EURJPY,164.298,164.31,164.292,164.307,163.0
2024-04-11 22:59:00,FX:EURJPY,164.307,164.321,164.307,164.309,190.0
2024-04-11 23:00:00,FX:EURJPY,164.309,164.31099999999998,164.29999999999998,164.304,190.0
2024-04-11 23:01:00,FX:EURJPY,164.304,164.304,164.283,164.284,186.0
2024-04-11 23:02:00,FX:EURJPY,164.284,164.292,164.28099999999998,164.29,79.0
2024-04-11 23:03:00,FX:EURJPY,164.29,164.292,164.278,164.292,79.0
2024-04-11 23:04:00,FX:EURJPY,164.292,164.292,164.28,164.28199999999998,61.0
2024-04-11 23:05:00,FX:EURJPY,164.28199999999998,164.289,164.28,164.289,111.0
2024-04-11 23:06:00,FX:EURJPY,164.289,164.289,164.272,164.27599999999998,102.0
2024-04-11 23:07:00,FX:EURJPY,164.27599999999998,164.283,164.26,164.26399999999998,157.0
2024-04-11 23:08:00,FX:EURJPY,164.26399999999998,164.271,164.26,164.267,145.0
2024-04-11 23:09:00,FX:EURJPY,164.267,164.267,164.25799999999998,164.26,79.0
2024-04-11 23:10:00,FX:EURJPY,164.26,164.267,164.251,164.25199999999998,97.0
2024-04-11 23:11:00,FX:EURJPY,164.25199999999998,164.26899999999998,164.25199999999998,164.266,171.0
2024-04-11 23:12:00,FX:EURJPY,164.266,164.26999999999998,164.26,164.262,135.0
2024-04-11 23:13:00,FX:EURJPY,164.262,164.268,164.251,164.253,147.0
2024-04-11 23:14:00,FX:EURJPY,164.253,164.254,164.24599999999998,164.25,78.0
2024-04-11 23:15:00,FX:EURJPY,164.25,164.257,164.244,164.257,138.0
2024-04-11 23:16:00,FX:EURJPY,164.257,164.26899999999998,164.257,164.26299999999998,121.0
2024-04-11 23:17:00,FX:EURJPY,164.26299999999998,164.26299999999998,164.244,164.245,93.0
2024-04-11 23:18:00,FX:EURJPY,164.245,164.256,164.244,164.251,73.0
2024-04-11 23:19:00,FX:EURJPY,164.251,164.257,164.249,164.255,77.0
2024-04-11 23:20:00,FX:EURJPY,164.255,164.26299999999998,164.25,164.259,118.0
2024-04-11 23:21:00,FX:EURJPY,164.259,164.26399999999998,164.256,164.25799999999998,112.0
2024-04-11 23:22:00,FX:EURJPY,164.25799999999998,164.261,164.24599999999998,164.248,97.0
2024-04-11 23:23:00,FX:EURJPY,164.248,164.254,164.245,164.254,88.0
2024-04-11 23:24:00,FX:EURJPY,164.254,164.255,164.243,164.244,96.0
2024-04-11 23:25:00,FX:EURJPY,164.244,164.24599999999998,164.22899999999998,164.245,145.0
2024-04-11 23:26:00,FX:EURJPY,164.245,164.255,164.23999999999998,164.24099999999999,86.0
2024-04-11 23:27:00,FX:EURJPY,164.24099999999999,164.243,164.238,164.239,82.0
2024-04-11 23:28:00,FX:EURJPY,164.239,164.23999999999998,164.22799999999998,164.236,121.0
2024-04-11 23:29:00,FX:EURJPY,164.236,164.24099999999999,164.23,164.232,172.0
2024-04-11 23:30:00,FX:EURJPY,164.232,164.236,164.226,164.226,141.0
2024-04-11 23:31:00,FX:EURJPY,164.226,164.237,164.225,164.23399999999998,120.0
2024-04-11 23:32:00,FX:EURJPY,164.23399999999998,164.23999999999998,164.22799999999998,164.23,109.0
2024-04-11 23:33:00,FX:EURJPY,164.23,164.23999999999998,164.227,164.238,85.0
2024-04-11 23:34:00,FX:EURJPY,164.238,164.239,164.23399999999998,164.23499999999999,77.0
2024-04-11 23:35:00,FX:EURJPY,164.23499999999999,164.25,164.23499999999999,164.249,86.0
2024-04-11 23:36:00,FX:EURJPY,164.249,164.25199999999998,164.245,164.24699999999999,120.0
2024-04-11 23:37:00,FX:EURJPY,164.24699999999999,164.256,164.24699999999999,164.253,113.0
2024-04-11 23:38:00,FX:EURJPY,164.253,164.25799999999998,164.25,164.25199999999998,183.0
2024-04-11 23:39:00,FX:EURJPY,164.25199999999998,164.256,164.248,164.249,190.0
2024-04-11 23:40:00,FX:EURJPY,164.249,164.253,164.23499999999999,164.23499999999999,196.0
2024-04-11 23:41:00,FX:EURJPY,164.23499999999999,164.25199999999998,164.23499999999999,164.243,193.0
2024-04-11 23:42:00,FX:EURJPY,164.243,164.243,164.21599999999998,164.219,161.0
2024-04-11 23:43:00,FX:EURJPY,164.219,164.22,164.207,164.207,82.0
2024-04-11 23:44:00,FX:EURJPY,164.207,164.225,164.207,164.22299999999998,121.0
2024-04-11 23:45:00,FX:EURJPY,164.22299999999998,164.227,164.213,164.21699999999998,105.0
2024-04-11 23:46:00,FX:EURJPY,164.21699999999998,164.219,164.203,164.21099999999998,134.0
2024-04-11 23:47:00,FX:EURJPY,164.21099999999998,164.215,164.197,164.20999999999998,144.0
2024-04-11 23:48:00,FX:EURJPY,164.20999999999998,164.20999999999998,164.197,164.19799999999998,106.0
2024-04-11 23:49:00,FX:EURJPY,164.19799999999998,164.2,164.196,164.19899999999998,58.0
2024-04-11 23:50:00,FX:EURJPY,164.19899999999998,164.203,164.17999999999998,164.17999999999998,103.0
2024-04-11 23:51:00,FX:EURJPY,164.17999999999998,164.197,164.178,164.196,143.0
2024-04-11 23:52:00,FX:EURJPY,164.196,164.213,164.189,164.191,149.0
2024-04-11 23:53:00,FX:EURJPY,164.191,164.19199999999998,164.17999999999998,164.18699999999998,102.0
2024-04-11 23:54:00,FX:EURJPY,164.18699999999998,164.19299999999998,164.177,164.183,101.0
2024-04-11 23:55:00,FX:EURJPY,164.183,164.19,164.183,164.189,97.0
2024-04-11 23:56:00,FX:EURJPY,164.189,164.196,164.17999999999998,164.18599999999998,155.0
2024-04-11 23:57:00,FX:EURJPY,164.18599999999998,164.20399999999998,164.18599999999998,164.202,95.0
2024-04-11 23:58:00,FX:EURJPY,164.202,164.20399999999998,164.196,164.19899999999998,103.0
2024-04-11 23:59:00,FX:EURJPY,164.19899999999998,164.207,164.18599999999998,164.191,178.0
2024-04-12 00:00:00,FX:EURJPY,164.191,164.20399999999998,164.19,164.19899999999998,91.0
2024-04-12 00:01:00,FX:EURJPY,164.19899999999998,164.20499999999998,164.189,164.194,181.0
2024-04-12 00:02:00,FX:EURJPY,164.194,164.202,164.19,164.196,120.0
2024-04-12 00:03:00,FX:EURJPY,164.196,164.2,164.19,164.19299999999998,100.0
2024-04-12 00:04:00,FX:EURJPY,164.19299999999998,164.201,164.19299999999998,164.194,98.0
2024-04-12 00:05:00,FX:EURJPY,164.194,164.208,164.19299999999998,164.20399999999998,135.0
2024-04-12 00:06:00,FX:EURJPY,164.20399999999998,164.206,164.19799999999998,164.206,97.0
2024-04-12 00:07:00,FX:EURJPY,164.206,164.212,164.203,164.20399999999998,90.0
2024-04-12 00:08:00,FX:EURJPY,164.20399999999998,164.20499999999998,164.19299999999998,164.194,82.0
2024-04-12 00:09:00,FX:EURJPY,164.194,164.19899999999998,164.191,164.197,60.0
2024-04-12 00:10:00,FX:EURJPY,164.197,164.202,164.19,164.19299999999998,98.0
2024-04-12 00:11:00,FX:EURJPY,164.19299999999998,164.19899999999998,164.19,164.195,64.0
2024-04-12 00:12:00,FX:EURJPY,164.195,164.203,164.195,164.197,67.0
2024-04-12 00:13:00,FX:EURJPY,164.197,164.203,164.195,164.2,106.0
2024-04-12 00:14:00,FX:EURJPY,164.2,164.202,164.19799999999998,164.202,45.0
2024-04-12 00:15:00,FX:EURJPY,164.202,164.208,164.201,164.201,85.0
2024-04-12 00:16:00,FX:EURJPY,164.201,164.208,164.201,164.203,61.0
2024-04-12 00:17:00,FX:EURJPY,164.203,164.209,164.202,164.20499999999998,56.0
2024-04-12 00:18:00,FX:EURJPY,164.20499999999998,164.206,164.19799999999998,164.201,70.0
2024-04-12 00:19:00,FX:EURJPY,164.201,164.207,164.197,164.19799999999998,102.0
2024-04-12 00:20:00,FX:EURJPY,164.19799999999998,164.2,164.191,164.19799999999998,76.0
2024-04-12 00:21:00,FX:EURJPY,164.19799999999998,164.2,164.196,164.19799999999998,51.0
2024-04-12 00:22:00,FX:EURJPY,164.19799999999998,164.2,164.188,164.189,113.0
2024-04-12 00:23:00,FX:EURJPY,164.189,164.189,164.167,164.167,166.0
2024-04-12 00:24:00,FX:EURJPY,164.167,164.172,164.166,164.16899999999998,94.0
2024-04-12 00:25:00,FX:EURJPY,164.16899999999998,164.16899999999998,164.16299999999998,164.164,106.0
2024-04-12 00:26:00,FX:EURJPY,164.164,164.179,164.164,164.179,121.0
2024-04-12 00:27:00,FX:EURJPY,164.179,164.179,164.16799999999998,164.173,198.0
2024-04-12 00:28:00,FX:EURJPY,164.173,164.176,164.161,164.167,141.0
2024-04-12 00:29:00,FX:EURJPY,164.167,164.16799999999998,164.154,164.15599999999998,134.0
2024-04-12 00:30:00,FX:EURJPY,164.15599999999998,164.159,164.152,164.153,85.0
2024-04-12 00:31:00,FX:EURJPY,164.153,164.154,164.141,164.14999999999998,120.0
2024-04-12 00:32:00,FX:EURJPY,164.14999999999998,164.15099999999998,164.142,164.143,70.0
2024-04-12 00:33:00,FX:EURJPY,164.143,164.153,164.143,164.14399999999998,97.0
2024-04-12 00:34:00,FX:EURJPY,164.14399999999998,164.148,164.14,164.14399999999998,73.0
2024-04-12 00:35:00,FX:EURJPY,164.14399999999998,164.14499999999998,164.137,164.14399999999998,65.0
2024-04-12 00:36:00,FX:EURJPY,164.14399999999998,164.14399999999998,164.13799999999998,164.142,72.0
2024-04-12 00:37:00,FX:EURJPY,164.142,164.142,164.113,164.114,86.0
2024-04-12 00:38:00,FX:EURJPY,164.114,164.13299999999998,164.114,164.128,102.0
2024-04-12 00:39:00,FX:EURJPY,164.128,164.13899999999998,164.11599999999999,164.137,105.0
2024-04-12 00:40:00,FX:EURJPY,164.137,164.153,164.131,164.152,168.0
2024-04-12 00:41:00,FX:EURJPY,164.152,164.166,164.149,164.154,104.0
2024-04-12 00:42:00,FX:EURJPY,164.154,164.165,164.146,164.161,150.0
2024-04-12 00:43:00,FX:EURJPY,164.161,164.17999999999998,164.14499999999998,164.154,176.0
2024-04-12 00:44:00,FX:EURJPY,164.154,164.17999999999998,164.152,164.17399999999998,177.0
2024-04-12 00:45:00,FX:EURJPY,164.17399999999998,164.182,164.167,164.171,178.0
2024-04-12 00:46:00,FX:EURJPY,164.171,164.18099999999998,164.16899999999998,164.173,113.0
2024-04-12 00:47:00,FX:EURJPY,164.173,164.178,164.167,164.167,104.0
2024-04-12 00:48:00,FX:EURJPY,164.167,164.183,164.161,164.177,163.0
2024-04-12 00:49:00,FX:EURJPY,164.177,164.182,164.16799999999998,164.178,142.0
2024-04-12 00:50:00,FX:EURJPY,164.178,164.191,164.177,164.19,144.0
2024-04-12 00:51:00,FX:EURJPY,164.19,164.191,164.184,164.191,87.0
2024-04-12 00:52:00,FX:EURJPY,164.191,164.19899999999998,164.191,164.196,93.0
2024-04-12 00:53:00,FX:EURJPY,164.196,164.206,164.196,164.20399999999998,87.0
2024-04-12 00:54:00,FX:EURJPY,164.20399999999998,164.206,164.191,164.197,131.0
2024-04-12 00:55:00,FX:EURJPY,164.197,164.20399999999998,164.189,164.197,165.0
2024-04-12 00:56:00,FX:EURJPY,164.197,164.203,164.195,164.202,113.0
2024-04-12 00:57:00,FX:EURJPY,164.202,164.203,164.16799999999998,164.16799999999998,243.0
2024-04-12 00:58:00,FX:EURJPY,164.16799999999998,164.171,164.153,164.153,172.0
2024-04-12 00:59:00,FX:EURJPY,164.153,164.154,164.128,164.135,172.0
2024-04-12 01:00:00,FX:EURJPY,164.135,164.14399999999998,164.12699999999998,164.142,269.0
2024-04-12 01:01:00,FX:EURJPY,164.142,164.16,164.136,164.15699999999998,163.0
2024-04-12 01:02:00,FX:EURJPY,164.15699999999998,164.167,164.13299999999998,164.135,134.0
2024-04-12 01:03:00,FX:EURJPY,164.135,164.147,164.131,164.131,121.0
2024-04-12 01:04:00,FX:EURJPY,164.131,164.15099999999998,164.131,164.14499999999998,152.0
2024-04-12 01:05:00,FX:EURJPY,164.14499999999998,164.149,164.12699999999998,164.147,134.0
2024-04-12 01:06:00,FX:EURJPY,164.147,164.161,164.13899999999998,164.15099999999998,137.0
2024-04-12 01:07:00,FX:EURJPY,164.15099999999998,164.155,164.13799999999998,164.143,192.0
2024-04-12 01:08:00,FX:EURJPY,164.143,164.143,164.12199999999999,164.12699999999998,156.0
2024-04-12 01:09:00,FX:EURJPY,164.12699999999998,164.13,164.11599999999999,164.126,118.0
2024-04-12 01:10:00,FX:EURJPY,164.126,164.135,164.123,164.126,144.0
2024-04-12 01:11:00,FX:EURJPY,164.126,164.142,164.125,164.13899999999998,103.0
2024-04-12 01:12:00,FX:EURJPY,164.13899999999998,164.15099999999998,164.136,164.13799999999998,190.0
2024-04-12 01:13:00,FX:EURJPY,164.13799999999998,164.142,164.132,164.141,115.0
2024-04-12 01:14:00,FX:EURJPY,164.141,164.14499999999998,164.14,164.14399999999998,121.0
2024-04-12 01:15:00,FX:EURJPY,164.14399999999998,164.146,164.136,164.136,159.0
2024-04-12 01:16:00,FX:EURJPY,164.136,164.141,164.131,164.13899999999998,157.0
2024-04-12 01:17:00,FX:EURJPY,164.13899999999998,164.147,164.13899999999998,164.14399999999998,73.0
2024-04-12 01:18:00,FX:EURJPY,164.14399999999998,164.152,164.132,164.134,145.0
2024-04-12 01:19:00,FX:EURJPY,164.134,164.135,164.12699999999998,164.134,129.0
2024-04-12 01:20:00,FX:EURJPY,164.134,164.134,164.114,164.11499999999998,170.0
2024-04-12 01:21:00,FX:EURJPY,164.11499999999998,164.119,164.101,164.108,133.0
2024-04-12 01:22:00,FX:EURJPY,164.108,164.112,164.09699999999998,164.1,110.0
2024-04-12 01:23:00,FX:EURJPY,164.1,164.106,164.09799999999998,164.102,120.0
2024-04-12 01:24:00,FX:EURJPY,164.102,164.10999999999999,164.101,164.102,60.0
2024-04-12 01:25:00,FX:EURJPY,164.102,164.10899999999998,164.087,164.108,134.0
2024-04-12 01:26:00,FX:EURJPY,164.108,164.11499999999998,164.1,164.11499999999998,109.0
2024-04-12 01:27:00,FX:EURJPY,164.11499999999998,164.125,164.11499999999998,164.12,118.0
2024-04-12 01:28:00,FX:EURJPY,164.12,164.12,164.11499999999998,164.119,121.0
2024-04-12 01:29:00,FX:EURJPY,164.119,164.125,164.108,164.10999999999999,220.0
2024-04-12 01:30:00,FX:EURJPY,164.10999999999999,164.124,164.107,164.12099999999998,122.0
2024-04-12 01:31:00,FX:EURJPY,164.12099999999998,164.12199999999999,164.113,164.113,116.0
2024-04-12 01:32:00,FX:EURJPY,164.113,164.11599999999999,164.09099999999998,164.096,103.0
2024-04-12 01:33:00,FX:EURJPY,164.096,164.09799999999998,164.096,164.096,46.0
2024-04-12 01:34:00,FX:EURJPY,164.096,164.1,164.08599999999998,164.096,142.0
2024-04-12 01:35:00,FX:EURJPY,164.096,164.102,164.089,164.1,83.0
2024-04-12 01:36:00,FX:EURJPY,164.1,164.10299999999998,164.089,164.101,191.0
2024-04-12 01:37:00,FX:EURJPY,164.101,164.102,164.078,164.07899999999998,117.0
2024-04-12 01:38:00,FX:EURJPY,164.07899999999998,164.088,164.075,164.075,101.0
2024-04-12 01:39:00,FX:EURJPY,164.075,164.07899999999998,164.06,164.06,89.0
2024-04-12 01:40:00,FX:EURJPY,164.06,164.06099999999998,164.03,164.036,192.0
2024-04-12 01:41:00,FX:EURJPY,164.036,164.053,164.036,164.052,150.0
2024-04-12 01:42:00,FX:EURJPY,164.052,164.08499999999998,164.04999999999998,164.06699999999998,204.0
2024-04-12 01:43:00,FX:EURJPY,164.06699999999998,164.089,164.06699999999998,164.089,141.0
2024-04-12 01:44:00,FX:EURJPY,164.089,164.093,164.075,164.089,142.0
2024-04-12 01:45:00,FX:EURJPY,164.089,164.125,164.089,164.119,157.0
2024-04-12 01:46:00,FX:EURJPY,164.119,164.131,164.10999999999999,164.128,222.0
2024-04-12 01:47:00,FX:EURJPY,164.128,164.13,164.12199999999999,164.128,144.0
2024-04-12 01:48:00,FX:EURJPY,164.128,164.13,164.12199999999999,164.128,210.0
2024-04-12 01:49:00,FX:EURJPY,164.128,164.129,164.126,164.128,154.0
2024-04-12 01:50:00,FX:EURJPY,164.128,164.15699999999998,164.12699999999998,164.149,217.0
2024-04-12 01:51:00,FX:EURJPY,164.149,164.14999999999998,164.137,164.142,212.0
2024-04-12 01:52:00,FX:EURJPY,164.142,164.154,164.13,164.14499999999998,173.0
2024-04-12 01:53:00,FX:EURJPY,164.14499999999998,164.14499999999998,164.123,164.123,105.0
2024-04-12 01:54:00,FX:EURJPY,164.123,164.125,164.107,164.108,93.0
2024-04-12 01:55:00,FX:EURJPY,164.108,164.117,164.106,164.107,156.0
2024-04-12 01:56:00,FX:EURJPY,164.107,164.107,164.082,164.09099999999998,133.0
2024-04-12 01:57:00,FX:EURJPY,164.09099999999998,164.09099999999998,164.06099999999998,164.066,140.0
2024-04-12 01:58:00,FX:EURJPY,164.066,164.077,164.054,164.063,142.0
2024-04-12 01:59:00,FX:EURJPY,164.063,164.113,164.05599999999998,164.102,300.0
2024-04-12 02:00:00,FX:EURJPY,164.102,164.135,164.06699999999998,164.069,537.0
2024-04-12 02:01:00,FX:EURJPY,164.069,164.1,164.047,164.09099999999998,382.0
2024-04-12 02:02:00,FX:EURJPY,164.09099999999998,164.105,164.071,164.072,198.0
2024-04-12 02:03:00,FX:EURJPY,164.072,164.09199999999998,164.06099999999998,164.089,470.0
2024-04-12 02:04:00,FX:EURJPY,164.089,164.106,164.07,164.088,362.0
2024-04-12 02:05:00,FX:EURJPY,164.088,164.12,164.087,164.11499999999998,293.0
2024-04-12 02:06:00,FX:EURJPY,164.11499999999998,164.147,164.11499999999998,164.132,202.0
2024-04-12 02:07:00,FX:EURJPY,164.132,164.13299999999998,164.10399999999998,164.12199999999999,241.0
2024-04-12 02:08:00,FX:EURJPY,164.12199999999999,164.13,164.1,164.112,170.0
2024-04-12 02:09:00,FX:EURJPY,164.112,164.112,164.088,164.093,226.0
2024-04-12 02:10:00,FX:EURJPY,164.093,164.1,164.087,164.094,207.0
2024-04-12 02:11:00,FX:EURJPY,164.094,164.102,164.09099999999998,164.09199999999998,184.0
2024-04-12 02:12:00,FX:EURJPY,164.09199999999998,164.094,164.076,164.081,142.0
2024-04-12 02:13:00,FX:EURJPY,164.081,164.09099999999998,164.075,164.08599999999998,199.0
2024-04-12 02:14:00,FX:EURJPY,164.08599999999998,164.094,164.07399999999998,164.09099999999998,154.0
2024-04-12 02:15:00,FX:EURJPY,164.09099999999998,164.099,164.07299999999998,164.07899999999998,152.0
2024-04-12 02:16:00,FX:EURJPY,164.07899999999998,164.09699999999998,164.07899999999998,164.09099999999998,166.0
2024-04-12 02:17:00,FX:EURJPY,164.09099999999998,164.09199999999998,164.077,164.082,141.0
2024-04-12 02:18:00,FX:EURJPY,164.082,164.088,164.075,164.077,125.0
2024-04-12 02:19:00,FX:EURJPY,164.077,164.095,164.077,164.093,188.0
2024-04-12 02:20:00,FX:EURJPY,164.093,164.11599999999999,164.09199999999998,164.101,258.0
2024-04-12 02:21:00,FX:EURJPY,164.101,164.101,164.07,164.07399999999998,188.0
2024-04-12 02:22:00,FX:EURJPY,164.07399999999998,164.07399999999998,164.059,164.064,211.0
2024-04-12 02:23:00,FX:EURJPY,164.064,164.07299999999998,164.054,164.05499999999998,197.0
2024-04-12 02:24:00,FX:EURJPY,164.05499999999998,164.059,164.033,164.042,256.0
2024-04-12 02:25:00,FX:EURJPY,164.042,164.059,164.028,164.047,249.0
2024-04-12 02:26:00,FX:EURJPY,164.047,164.04899999999998,164.03099999999998,164.034,240.0
2024-04-12 02:27:00,FX:EURJPY,164.034,164.041,164.018,164.01999999999998,237.0
2024-04-12 02:28:00,FX:EURJPY,164.01999999999998,164.033,164.009,164.017,249.0
2024-04-12 02:29:00,FX:EURJPY,164.017,164.018,164.001,164.00799999999998,146.0
2024-04-12 02:30:00,FX:EURJPY,164.00799999999998,164.022,163.993,164.001,414.0
2024-04-12 02:31:00,FX:EURJPY,164.001,164.01399999999998,163.995,164.006,361.0
2024-04-12 02:32:00,FX:EURJPY,164.006,164.015,163.986,164.00799999999998,307.0
2024-04-12 02:33:00,FX:EURJPY,164.00799999999998,164.022,164.001,164.021,274.0
2024-04-12 02:34:00,FX:EURJPY,164.021,164.03099999999998,164.01299999999998,164.01999999999998,248.0
2024-04-12 02:35:00,FX:EURJPY,164.01999999999998,164.021,163.994,164.003,263.0
2024-04-12 02:36:00,FX:EURJPY,164.003,164.009,163.974,163.974,251.0
2024-04-12 02:37:00,FX:EURJPY,163.974,163.981,163.928,163.933,376.0
2024-04-12 02:38:00,FX:EURJPY,163.933,163.93599999999998,163.908,163.908,296.0
2024-04-12 02:39:00,FX:EURJPY,163.908,163.911,163.814,163.816,743.0
2024-04-12 02:40:00,FX:EURJPY,163.816,163.851,163.802,163.826,764.0
2024-04-12 02:41:00,FX:EURJPY,163.826,163.82999999999998,163.802,163.802,257.0
2024-04-12 02:42:00,FX:EURJPY,163.802,163.833,163.801,163.827,230.0
2024-04-12 02:43:00,FX:EURJPY,163.827,163.838,163.789,163.792,385.0
2024-04-12 02:44:00,FX:EURJPY,163.792,163.79299999999998,163.71599999999998,163.736,725.0
2024-04-12 02:45:00,FX:EURJPY,163.736,163.753,163.707,163.71099999999998,590.0
2024-04-12 02:46:00,FX:EURJPY,163.71099999999998,163.718,163.685,163.709,505.0
2024-04-12 02:47:00,FX:EURJPY,163.709,163.74099999999999,163.701,163.736,408.0
2024-04-12 02:48:00,FX:EURJPY,163.736,163.73999999999998,163.70999999999998,163.718,369.0
2024-04-12 02:49:00,FX:EURJPY,163.718,163.736,163.706,163.733,390.0
2024-04-12 02:50:00,FX:EURJPY,163.733,163.75,163.71599999999998,163.724,316.0
2024-04-12 02:51:00,FX:EURJPY,163.724,163.724,163.701,163.708,351.0
2024-04-12 02:52:00,FX:EURJPY,163.708,163.718,163.695,163.71699999999998,345.0
2024-04-12 02:53:00,FX:EURJPY,163.71699999999998,163.75799999999998,163.71699999999998,163.749,352.0
2024-04-12 02:54:00,FX:EURJPY,163.749,163.756,163.726,163.755,323.0
2024-04-12 02:55:00,FX:EURJPY,163.755,163.756,163.72799999999998,163.733,246.0
2024-04-12 02:56:00,FX:EURJPY,163.733,163.73499999999999,163.72199999999998,163.725,295.0
2024-04-12 02:57:00,FX:EURJPY,163.725,163.727,163.708,163.71599999999998,320.0
2024-04-12 02:58:00,FX:EURJPY,163.71599999999998,163.737,163.713,163.731,324.0
2024-04-12 02:59:00,FX:EURJPY,163.731,163.74699999999999,163.72199999999998,163.744,305.0
2024-04-12 03:00:00,FX:EURJPY,163.744,163.81099999999998,163.744,163.807,536.0
2024-04-12 03:01:00,FX:EURJPY,163.807,163.822,163.795,163.80599999999998,308.0
2024-04-12 03:02:00,FX:EURJPY,163.80599999999998,163.82299999999998,163.789,163.79299999999998,390.0
2024-04-12 03:03:00,FX:EURJPY,163.79299999999998,163.82299999999998,163.78,163.79,386.0
2024-04-12 03:04:00,FX:EURJPY,163.79,163.807,163.78799999999998,163.80599999999998,328.0
2024-04-12 03:05:00,FX:EURJPY,163.80599999999998,163.82299999999998,163.785,163.815,340.0
2024-04-12 03:06:00,FX:EURJPY,163.815,163.816,163.786,163.79299999999998,408.0
2024-04-12 03:07:00,FX:EURJPY,163.79299999999998,163.816,163.78199999999998,163.814,291.0
2024-04-12 03:08:00,FX:EURJPY,163.814,163.83499999999998,163.802,163.81199999999998,530.0
2024-04-12 03:09:00,FX:EURJPY,163.81199999999998,163.82999999999998,163.809,163.82,369.0
2024-04-12 03:10:00,FX:EURJPY,163.82,163.827,163.79999999999998,163.81099999999998,292.0
2024-04-12 03:11:00,FX:EURJPY,163.81099999999998,163.82899999999998,163.801,163.827,501.0
2024-04-12 03:12:00,FX:EURJPY,163.827,163.82999999999998,163.79999999999998,163.804,307.0
2024-04-12 03:13:00,FX:EURJPY,163.804,163.804,163.767,163.773,421.0
2024-04-12 03:14:00,FX:EURJPY,163.773,163.773,163.75799999999998,163.768,412.0
2024-04-12 03:15:00,FX:EURJPY,163.768,163.784,163.754,163.755,391.0
2024-04-12 03:16:00,FX:EURJPY,163.755,163.784,163.75199999999998,163.78199999999998,379.0
2024-04-12 03:17:00,FX:EURJPY,163.78199999999998,163.78799999999998,163.733,163.73999999999998,422.0
2024-04-12 03:18:00,FX:EURJPY,163.73999999999998,163.743,163.709,163.72299999999998,361.0
2024-04-12 03:19:00,FX:EURJPY,163.72299999999998,163.77499999999998,163.72299999999998,163.75199999999998,362.0
2024-04-12 03:20:00,FX:EURJPY,163.75199999999998,163.772,163.748,163.767,379.0
2024-04-12 03:21:00,FX:EURJPY,163.767,163.795,163.761,163.77499999999998,258.0
2024-04-12 03:22:00,FX:EURJPY,163.77499999999998,163.779,163.744,163.74699999999999,367.0
2024-04-12 03:23:00,FX:EURJPY,163.74699999999999,163.75799999999998,163.715,163.72299999999998,366.0
2024-04-12 03:24:00,FX:EURJPY,163.72299999999998,163.726,163.69899999999998,163.71099999999998,454.0
2024-04-12 03:25:00,FX:EURJPY,163.71099999999998,163.72,163.679,163.694,306.0
2024-04-12 03:26:00,FX:EURJPY,163.694,163.707,163.688,163.689,431.0
2024-04-12 03:27:00,FX:EURJPY,163.689,163.697,163.67999999999998,163.691,288.0
2024-04-12 03:28:00,FX:EURJPY,163.691,163.703,163.648,163.654,338.0
2024-04-12 03:29:00,FX:EURJPY,163.654,163.66799999999998,163.612,163.637,511.0
2024-04-12 03:30:00,FX:EURJPY,163.637,163.646,163.619,163.635,458.0
2024-04-12 03:31:00,FX:EURJPY,163.635,163.67,163.62699999999998,163.654,422.0
2024-04-12 03:32:00,FX:EURJPY,163.654,163.719,163.654,163.702,547.0
2024-04-12 03:33:00,FX:EURJPY,163.702,163.703,163.678,163.69199999999998,409.0
2024-04-12 03:34:00,FX:EURJPY,163.69199999999998,163.701,163.67399999999998,163.697,480.0
2024-04-12 03:35:00,FX:EURJPY,163.697,163.73999999999998,163.697,163.73999999999998,398.0
2024-04-12 03:36:00,FX:EURJPY,163.73999999999998,163.75799999999998,163.737,163.751,350.0
2024-04-12 03:37:00,FX:EURJPY,163.751,163.75799999999998,163.736,163.739,175.0
2024-04-12 03:38:00,FX:EURJPY,163.739,163.743,163.724,163.73399999999998,313.0
2024-04-12 03:39:00,FX:EURJPY,163.73399999999998,163.744,163.708,163.708,284.0
2024-04-12 03:40:00,FX:EURJPY,163.708,163.732,163.69899999999998,163.72899999999998,331.0
2024-04-12 03:41:00,FX:EURJPY,163.72899999999998,163.733,163.7,163.70999999999998,315.0
2024-04-12 03:42:00,FX:EURJPY,163.70999999999998,163.714,163.697,163.703,289.0
2024-04-12 03:43:00,FX:EURJPY,163.703,163.712,163.682,163.703,403.0
2024-04-12 03:44:00,FX:EURJPY,163.703,163.709,163.676,163.678,307.0
2024-04-12 03:45:00,FX:EURJPY,163.678,163.69299999999998,163.667,163.676,406.0
2024-04-12 03:46:00,FX:EURJPY,163.676,163.69199999999998,163.67499999999998,163.679,340.0
2024-04-12 03:47:00,FX:EURJPY,163.679,163.685,163.66199999999998,163.665,331.0
2024-04-12 03:48:00,FX:EURJPY,163.665,163.677,163.66199999999998,163.673,301.0
2024-04-12 03:49:00,FX:EURJPY,163.673,163.679,163.658,163.67,373.0
2024-04-12 03:50:00,FX:EURJPY,163.67,163.70499999999998,163.66799999999998,163.703,338.0
2024-04-12 03:51:00,FX:EURJPY,163.703,163.719,163.689,163.71099999999998,309.0
2024-04-12 03:52:00,FX:EURJPY,163.71099999999998,163.71099999999998,163.67,163.671,306.0
2024-04-12 03:53:00,FX:EURJPY,163.671,163.68699999999998,163.647,163.68599999999998,349.0
2024-04-12 03:54:00,FX:EURJPY,163.68599999999998,163.69299999999998,163.667,163.683,286.0
2024-04-12 03:55:00,FX:EURJPY,163.683,163.69299999999998,163.664,163.677,327.0
2024-04-12 03:56:00,FX:EURJPY,163.677,163.69,163.66299999999998,163.689,311.0
2024-04-12 03:57:00,FX:EURJPY,163.689,163.713,163.684,163.713,338.0
2024-04-12 03:58:00,FX:EURJPY,163.713,163.72799999999998,163.689,163.724,347.0
2024-04-12 03:59:00,FX:EURJPY,163.724,163.73399999999998,163.714,163.733,363.0
2024-04-12 04:00:00,FX:EURJPY,163.733,163.736,163.714,163.72199999999998,238.0
2024-04-12 04:01:00,FX:EURJPY,163.72199999999998,163.72299999999998,163.7,163.703,212.0
2024-04-12 04:02:00,FX:EURJPY,163.703,163.70999999999998,163.66899999999998,163.69,306.0
2024-04-12 04:03:00,FX:EURJPY,163.69,163.691,163.666,163.678,374.0
2024-04-12 04:04:00,FX:EURJPY,163.678,163.685,163.66199999999998,163.68099999999998,247.0
2024-04-12 04:05:00,FX:EURJPY,163.68099999999998,163.701,163.673,163.69799999999998,236.0
2024-04-12 04:06:00,FX:EURJPY,163.69799999999998,163.712,163.69,163.71099999999998,251.0
2024-04-12 04:07:00,FX:EURJPY,163.71099999999998,163.719,163.67399999999998,163.67399999999998,392.0
2024-04-12 04:08:00,FX:EURJPY,163.67399999999998,163.67399999999998,163.659,163.659,242.0
2024-04-12 04:09:00,FX:EURJPY,163.659,163.666,163.658,163.66,213.0
2024-04-12 04:10:00,FX:EURJPY,163.66,163.66,163.626,163.62699999999998,181.0
2024-04-12 04:11:00,FX:EURJPY,163.62699999999998,163.637,163.62199999999999,163.629,236.0
2024-04-12 04:12:00,FX:EURJPY,163.629,163.634,163.612,163.614,246.0
2024-04-12 04:13:00,FX:EURJPY,163.614,163.64399999999998,163.599,163.632,378.0
2024-04-12 04:14:00,FX:EURJPY,163.632,163.637,163.61599999999999,163.625,251.0
2024-04-12 04:15:00,FX:EURJPY,163.625,163.634,163.60299999999998,163.632,265.0
2024-04-12 04:16:00,FX:EURJPY,163.632,163.641,163.624,163.636,148.0
2024-04-12 04:17:00,FX:EURJPY,163.636,163.63799999999998,163.618,163.635,194.0
2024-04-12 04:18:00,FX:EURJPY,163.635,163.672,163.63299999999998,163.67,314.0
2024-04-12 04:19:00,FX:EURJPY,163.67,163.695,163.66899999999998,163.676,295.0
2024-04-12 04:20:00,FX:EURJPY,163.676,163.68099999999998,163.66,163.671,338.0
2024-04-12 04:21:00,FX:EURJPY,163.671,163.684,163.671,163.67999999999998,234.0
2024-04-12 04:22:00,FX:EURJPY,163.67999999999998,163.68699999999998,163.65599999999998,163.66,215.0
2024-04-12 04:23:00,FX:EURJPY,163.66,163.69,163.66,163.688,232.0
2024-04-12 04:24:00,FX:EURJPY,163.688,163.688,163.665,163.66899999999998,286.0
2024-04-12 04:25:00,FX:EURJPY,163.66899999999998,163.672,163.64499999999998,163.66899999999998,210.0
2024-04-12 04:26:00,FX:EURJPY,163.66899999999998,163.673,163.658,163.661,141.0
2024-04-12 04:27:00,FX:EURJPY,163.661,163.665,163.63899999999998,163.646,187.0
2024-04-12 04:28:00,FX:EURJPY,163.646,163.646,163.618,163.62099999999998,318.0
2024-04-12 04:29:00,FX:EURJPY,163.62099999999998,163.64,163.614,163.624,300.0
2024-04-12 04:30:00,FX:EURJPY,163.624,163.625,163.57399999999998,163.587,345.0
2024-04-12 04:31:00,FX:EURJPY,163.587,163.596,163.577,163.593,182.0
2024-04-12 04:32:00,FX:EURJPY,163.593,163.605,163.581,163.6,246.0
2024-04-12 04:33:00,FX:EURJPY,163.6,163.605,163.59199999999998,163.596,216.0
2024-04-12 04:34:00,FX:EURJPY,163.596,163.612,163.589,163.60899999999998,196.0
2024-04-12 04:35:00,FX:EURJPY,163.60899999999998,163.618,163.602,163.60299999999998,233.0
2024-04-12 04:36:00,FX:EURJPY,163.60299999999998,163.60899999999998,163.584,163.601,246.0
2024-04-12 04:37:00,FX:EURJPY,163.601,163.608,163.589,163.594,239.0
2024-04-12 04:38:00,FX:EURJPY,163.594,163.60299999999998,163.589,163.59199999999998,283.0
2024-04-12 04:39:00,FX:EURJPY,163.59199999999998,163.62199999999999,163.59199999999998,163.61499999999998,343.0
2024-04-12 04:40:00,FX:EURJPY,163.61499999999998,163.628,163.61499999999998,163.619,209.0
2024-04-12 04:41:00,FX:EURJPY,163.619,163.625,163.60899999999998,163.611,180.0
2024-04-12 04:42:00,FX:EURJPY,163.611,163.62,163.6,163.601,272.0
2024-04-12 04:43:00,FX:EURJPY,163.601,163.60299999999998,163.593,163.596,182.0
2024-04-12 04:44:00,FX:EURJPY,163.596,163.60999999999999,163.595,163.60899999999998,206.0
2024-04-12 04:45:00,FX:EURJPY,163.60899999999998,163.60899999999998,163.595,163.60399999999998,220.0
2024-04-12 04:46:00,FX:EURJPY,163.60399999999998,163.61599999999999,163.60399999999998,163.61599999999999,209.0
2024-04-12 04:47:00,FX:EURJPY,163.61599999999999,163.625,163.611,163.62199999999999,275.0
2024-04-12 04:48:00,FX:EURJPY,163.62199999999999,163.642,163.61599999999999,163.632,288.0
2024-04-12 04:49:00,FX:EURJPY,163.632,163.63299999999998,163.625,163.63,197.0
2024-04-12 04:50:00,FX:EURJPY,163.63,163.65599999999998,163.62699999999998,163.65099999999998,287.0
2024-04-12 04:51:00,FX:EURJPY,163.65099999999998,163.65699999999998,163.647,163.65599999999998,190.0
2024-04-12 04:52:00,FX:EURJPY,163.65599999999998,163.666,163.646,163.646,148.0
2024-04-12 04:53:00,FX:EURJPY,163.646,163.658,163.636,163.655,136.0
2024-04-12 04:54:00,FX:EURJPY,163.655,163.66,163.64999999999998,163.65099999999998,122.0
2024-04-12 04:55:00,FX:EURJPY,163.65099999999998,163.65099999999998,163.611,163.63,228.0
2024-04-12 04:56:00,FX:EURJPY,163.63,163.632,163.605,163.619,301.0
2024-04-12 04:57:00,FX:EURJPY,163.619,163.62,163.59099999999998,163.601,218.0
2024-04-12 04:58:00,FX:EURJPY,163.601,163.601,163.578,163.57999999999998,238.0
2024-04-12 04:59:00,FX:EURJPY,163.57999999999998,163.596,163.575,163.595,233.0
2024-04-12 05:00:00,FX:EURJPY,163.595,163.60899999999998,163.56199999999998,163.57399999999998,348.0
2024-04-12 05:01:00,FX:EURJPY,163.57399999999998,163.59699999999998,163.57,163.58499999999998,312.0
2024-04-12 05:02:00,FX:EURJPY,163.58499999999998,163.606,163.57399999999998,163.59799999999998,246.0
2024-04-12 05:03:00,FX:EURJPY,163.59799999999998,163.599,163.58599999999998,163.58599999999998,120.0
2024-04-12 05:04:00,FX:EURJPY,163.58599999999998,163.61599999999999,163.58599999999998,163.613,202.0
2024-04-12 05:05:00,FX:EURJPY,163.613,163.634,163.60899999999998,163.62699999999998,227.0
2024-04-12 05:06:00,FX:EURJPY,163.62699999999998,163.632,163.617,163.618,227.0
2024-04-12 05:07:00,FX:EURJPY,163.618,163.626,163.60399999999998,163.60399999999998,181.0
2024-04-12 05:08:00,FX:EURJPY,163.60399999999998,163.62199999999999,163.60399999999998,163.62099999999998,166.0
2024-04-12 05:09:00,FX:EURJPY,163.62099999999998,163.62099999999998,163.601,163.606,145.0
2024-04-12 05:10:00,FX:EURJPY,163.606,163.628,163.606,163.628,130.0
2024-04-12 05:11:00,FX:EURJPY,163.628,163.643,163.61599999999999,163.617,132.0
2024-04-12 05:12:00,FX:EURJPY,163.617,163.62699999999998,163.60899999999998,163.624,200.0
2024-04-12 05:13:00,FX:EURJPY,163.624,163.62699999999998,163.612,163.61499999999998,140.0
2024-04-12 05:14:00,FX:EURJPY,163.61499999999998,163.62199999999999,163.60999999999999,163.611,172.0
2024-04-12 05:15:00,FX:EURJPY,163.611,163.612,163.577,163.583,209.0
2024-04-12 05:16:00,FX:EURJPY,163.583,163.594,163.57399999999998,163.59,180.0
2024-04-12 05:17:00,FX:EURJPY,163.59,163.59099999999998,163.576,163.583,197.0
2024-04-12 05:18:00,FX:EURJPY,163.583,163.59,163.545,163.564,348.0
2024-04-12 05:19:00,FX:EURJPY,163.564,163.578,163.553,163.553,185.0
2024-04-12 05:20:00,FX:EURJPY,163.553,163.553,163.527,163.54899999999998,230.0
2024-04-12 05:21:00,FX:EURJPY,163.54899999999998,163.551,163.511,163.51299999999998,269.0
2024-04-12 05:22:00,FX:EURJPY,163.51299999999998,163.523,163.499,163.499,186.0
2024-04-12 05:23:00,FX:EURJPY,163.499,163.51,163.488,163.499,212.0
2024-04-12 05:24:00,FX:EURJPY,163.499,163.507,163.483,163.49099999999999,227.0
2024-04-12 05:25:00,FX:EURJPY,163.49099999999999,163.49599999999998,163.44199999999998,163.456,551.0
2024-04-12 05:26:00,FX:EURJPY,163.456,163.462,163.434,163.435,390.0
2024-04-12 05:27:00,FX:EURJPY,163.435,163.444,163.41,163.411,395.0
2024-04-12 05:28:00,FX:EURJPY,163.411,163.451,163.408,163.42399999999998,319.0
2024-04-12 05:29:00,FX:EURJPY,163.42399999999998,163.42499999999998,163.405,163.41299999999998,305.0
2024-04-12 05:30:00,FX:EURJPY,163.41299999999998,163.439,163.408,163.42999999999998,300.0
2024-04-12 05:31:00,FX:EURJPY,163.42999999999998,163.452,163.42999999999998,163.44199999999998,287.0
2024-04-12 05:32:00,FX:EURJPY,163.44199999999998,163.447,163.433,163.435,213.0
2024-04-12 05:33:00,FX:EURJPY,163.435,163.468,163.435,163.46699999999998,236.0
2024-04-12 05:34:00,FX:EURJPY,163.46699999999998,163.475,163.46099999999998,163.463,192.0
2024-04-12 05:35:00,FX:EURJPY,163.463,163.46699999999998,163.44199999999998,163.44299999999998,184.0
2024-04-12 05:36:00,FX:EURJPY,163.44299999999998,163.44299999999998,163.405,163.415,284.0
2024-04-12 05:37:00,FX:EURJPY,163.415,163.41899999999998,163.41,163.411,164.0
2024-04-12 05:38:00,FX:EURJPY,163.411,163.421,163.408,163.409,186.0
2024-04-12 05:39:00,FX:EURJPY,163.409,163.42499999999998,163.39399999999998,163.42,213.0
2024-04-12 05:40:00,FX:EURJPY,163.42,163.421,163.402,163.408,155.0
2024-04-12 05:41:00,FX:EURJPY,163.408,163.422,163.39999999999998,163.421,115.0
2024-04-12 05:42:00,FX:EURJPY,163.421,163.42999999999998,163.40699999999998,163.42499999999998,179.0
2024-04-12 05:43:00,FX:EURJPY,163.42499999999998,163.429,163.402,163.41899999999998,249.0
2024-04-12 05:44:00,FX:EURJPY,163.41899999999998,163.42,163.374,163.379,288.0
2024-04-12 05:45:00,FX:EURJPY,163.379,163.384,163.344,163.34699999999998,363.0
2024-04-12 05:46:00,FX:EURJPY,163.34699999999998,163.382,163.343,163.379,226.0
2024-04-12 05:47:00,FX:EURJPY,163.379,163.38899999999998,163.375,163.38,200.0
2024-04-12 05:48:00,FX:EURJPY,163.38,163.39399999999998,163.379,163.39399999999998,279.0
2024-04-12 05:49:00,FX:EURJPY,163.39399999999998,163.397,163.362,163.362,172.0
2024-04-12 05:50:00,FX:EURJPY,163.362,163.375,163.35399999999998,163.356,193.0
2024-04-12 05:51:00,FX:EURJPY,163.356,163.35999999999999,163.33599999999998,163.35,270.0
2024-04-12 05:52:00,FX:EURJPY,163.35,163.368,163.346,163.36599999999999,266.0
2024-04-12 05:53:00,FX:EURJPY,163.36599999999999,163.384,163.36599999999999,163.381,187.0
2024-04-12 05:54:00,FX:EURJPY,163.381,163.423,163.38,163.41899999999998,314.0
2024-04-12 05:55:00,FX:EURJPY,163.41899999999998,163.438,163.416,163.427,348.0
2024-04-12 05:56:00,FX:EURJPY,163.427,163.435,163.417,163.417,235.0
2024-04-12 05:57:00,FX:EURJPY,163.417,163.42999999999998,163.408,163.42999999999998,282.0
2024-04-12 05:58:00,FX:EURJPY,163.42999999999998,163.433,163.41799999999998,163.428,320.0
2024-04-12 05:59:00,FX:EURJPY,163.428,163.429,163.409,163.426,376.0
2024-04-12 06:00:00,FX:EURJPY,163.426,163.439,163.41,163.42,426.0
2024-04-12 06:01:00,FX:EURJPY,163.42,163.433,163.408,163.408,201.0
2024-04-12 06:02:00,FX:EURJPY,163.408,163.42499999999998,163.408,163.41899999999998,193.0
2024-04-12 06:03:00,FX:EURJPY,163.41899999999998,163.426,163.392,163.392,243.0
2024-04-12 06:04:00,FX:EURJPY,163.392,163.404,163.384,163.404,253.0
2024-04-12 06:05:00,FX:EURJPY,163.404,163.41,163.39499999999998,163.408,158.0
2024-04-12 06:06:00,FX:EURJPY,163.408,163.411,163.36599999999999,163.374,288.0
2024-04-12 06:07:00,FX:EURJPY,163.374,163.376,163.352,163.36499999999998,344.0
2024-04-12 06:08:00,FX:EURJPY,163.36499999999998,163.381,163.363,163.38,236.0
2024-04-12 06:09:00,FX:EURJPY,163.38,163.38299999999998,163.36499999999998,163.36499999999998,218.0
2024-04-12 06:10:00,FX:EURJPY,163.36499999999998,163.373,163.362,163.37,162.0
2024-04-12 06:11:00,FX:EURJPY,163.37,163.387,163.362,163.38299999999998,226.0
2024-04-12 06:12:00,FX:EURJPY,163.38299999999998,163.387,163.36599999999999,163.368,121.0
2024-04-12 06:13:00,FX:EURJPY,163.368,163.375,163.362,163.36599999999999,155.0
2024-04-12 06:14:00,FX:EURJPY,163.36599999999999,163.41,163.361,163.409,205.0
2024-04-12 06:15:00,FX:EURJPY,163.409,163.409,163.398,163.403,189.0
2024-04-12 06:16:00,FX:EURJPY,163.403,163.403,163.38299999999998,163.39,171.0
2024-04-12 06:17:00,FX:EURJPY,163.39,163.405,163.381,163.398,164.0
2024-04-12 06:18:00,FX:EURJPY,163.398,163.40599999999998,163.391,163.393,171.0
2024-04-12 06:19:00,FX:EURJPY,163.393,163.39999999999998,163.378,163.38299999999998,188.0
2024-04-12 06:20:00,FX:EURJPY,163.38299999999998,163.384,163.35899999999998,163.35899999999998,213.0
2024-04-12 06:21:00,FX:EURJPY,163.35899999999998,163.35899999999998,163.32999999999998,163.332,288.0
2024-04-12 06:22:00,FX:EURJPY,163.332,163.34099999999998,163.322,163.339,212.0
2024-04-12 06:23:00,FX:EURJPY,163.339,163.346,163.331,163.337,199.0
2024-04-12 06:24:00,FX:EURJPY,163.337,163.344,163.327,163.327,223.0
2024-04-12 06:25:00,FX:EURJPY,163.327,163.339,163.326,163.339,106.0
2024-04-12 06:26:00,FX:EURJPY,163.339,163.34,163.325,163.328,120.0
2024-04-12 06:27:00,FX:EURJPY,163.328,163.334,163.319,163.322,177.0
2024-04-12 06:28:00,FX:EURJPY,163.322,163.339,163.322,163.339,152.0
2024-04-12 06:29:00,FX:EURJPY,163.339,163.368,163.339,163.367,207.0
2024-04-12 06:30:00,FX:EURJPY,163.367,163.376,163.362,163.363,270.0
2024-04-12 06:31:00,FX:EURJPY,163.363,163.368,163.358,163.367,203.0
2024-04-12 06:32:00,FX:EURJPY,163.367,163.40099999999998,163.367,163.38899999999998,304.0
2024-04-12 06:33:00,FX:EURJPY,163.38899999999998,163.39,163.36499999999998,163.374,146.0
2024-04-12 06:34:00,FX:EURJPY,163.374,163.37699999999998,163.35,163.358,142.0
2024-04-12 06:35:00,FX:EURJPY,163.358,163.364,163.352,163.361,155.0
2024-04-12 06:36:00,FX:EURJPY,163.361,163.361,163.34199999999998,163.35,156.0
2024-04-12 06:37:00,FX:EURJPY,163.35,163.363,163.35,163.361,110.0
2024-04-12 06:38:00,FX:EURJPY,163.361,163.364,163.32299999999998,163.32999999999998,187.0
2024-04-12 06:39:00,FX:EURJPY,163.32999999999998,163.331,163.315,163.31799999999998,230.0
2024-04-12 06:40:00,FX:EURJPY,163.31799999999998,163.322,163.309,163.31699999999998,135.0
2024-04-12 06:41:00,FX:EURJPY,163.31699999999998,163.331,163.315,163.319,192.0
2024-04-12 06:42:00,FX:EURJPY,163.319,163.32899999999998,163.31699999999998,163.32399999999998,184.0
2024-04-12 06:43:00,FX:EURJPY,163.32399999999998,163.328,163.31799999999998,163.32,116.0
2024-04-12 06:44:00,FX:EURJPY,163.32,163.33499999999998,163.319,163.32899999999998,119.0
2024-04-12 06:45:00,FX:EURJPY,163.32899999999998,163.343,163.327,163.332,146.0
2024-04-12 06:46:00,FX:EURJPY,163.332,163.33599999999998,163.326,163.327,211.0
2024-04-12 06:47:00,FX:EURJPY,163.327,163.327,163.30599999999998,163.307,279.0
2024-04-12 06:48:00,FX:EURJPY,163.307,163.307,163.23499999999999,163.236,425.0
2024-04-12 06:49:00,FX:EURJPY,163.236,163.237,163.213,163.224,278.0
2024-04-12 06:50:00,FX:EURJPY,163.224,163.227,163.185,163.19299999999998,275.0
2024-04-12 06:51:00,FX:EURJPY,163.19299999999998,163.202,163.184,163.19799999999998,358.0
2024-04-12 06:52:00,FX:EURJPY,163.19799999999998,163.20999999999998,163.172,163.197,413.0
2024-04-12 06:53:00,FX:EURJPY,163.197,163.202,163.185,163.201,248.0
2024-04-12 06:54:00,FX:EURJPY,163.201,163.219,163.196,163.208,279.0
2024-04-12 06:55:00,FX:EURJPY,163.208,163.213,163.197,163.206,271.0
2024-04-12 06:56:00,FX:EURJPY,163.206,163.215,163.189,163.191,216.0
2024-04-12 06:57:00,FX:EURJPY,163.191,163.197,163.17499999999998,163.17499999999998,234.0
2024-04-12 06:58:00,FX:EURJPY,163.17499999999998,163.19799999999998,163.173,163.194,234.0
2024-04-12 06:59:00,FX:EURJPY,163.194,163.194,163.18099999999998,163.185,197.0
2024-04-12 07:00:00,FX:EURJPY,163.185,163.188,163.173,163.17999999999998,258.0
2024-04-12 07:01:00,FX:EURJPY,163.17999999999998,163.22199999999998,163.179,163.221,276.0
2024-04-12 07:02:00,FX:EURJPY,163.221,163.237,163.212,163.23399999999998,208.0
2024-04-12 07:03:00,FX:EURJPY,163.23399999999998,163.244,163.218,163.244,263.0
2024-04-12 07:04:00,FX:EURJPY,163.244,163.245,163.21599999999998,163.21699999999998,277.0
2024-04-12 07:05:00,FX:EURJPY,163.21699999999998,163.227,163.19799999999998,163.2,215.0
2024-04-12 07:06:00,FX:EURJPY,163.2,163.2,163.16899999999998,163.178,205.0
2024-04-12 07:07:00,FX:EURJPY,163.178,163.202,163.178,163.184,194.0
2024-04-12 07:08:00,FX:EURJPY,163.184,163.19799999999998,163.184,163.19,194.0
2024-04-12 07:09:00,FX:EURJPY,163.19,163.191,163.17499999999998,163.177,145.0
2024-04-12 07:10:00,FX:EURJPY,163.177,163.197,163.176,163.197,247.0
2024-04-12 07:11:00,FX:EURJPY,163.197,163.227,163.197,163.225,131.0
2024-04-12 07:12:00,FX:EURJPY,163.225,163.238,163.209,163.22899999999998,317.0
2024-04-12 07:13:00,FX:EURJPY,163.22899999999998,163.232,163.214,163.21699999999998,288.0
2024-04-12 07:14:00,FX:EURJPY,163.21699999999998,163.237,163.21699999999998,163.237,223.0
2024-04-12 07:15:00,FX:EURJPY,163.237,163.255,163.23499999999999,163.25,171.0
2024-04-12 07:16:00,FX:EURJPY,163.25,163.26,163.24599999999998,163.256,241.0
2024-04-12 07:17:00,FX:EURJPY,163.256,163.271,163.256,163.261,230.0
2024-04-12 07:18:00,FX:EURJPY,163.261,163.274,163.261,163.271,225.0
2024-04-12 07:19:00,FX:EURJPY,163.271,163.273,163.256,163.273,208.0
2024-04-12 07:20:00,FX:EURJPY,163.273,163.279,163.244,163.268,267.0
2024-04-12 07:21:00,FX:EURJPY,163.268,163.27599999999998,163.261,163.271,203.0
2024-04-12 07:22:00,FX:EURJPY,163.271,163.29999999999998,163.26999999999998,163.291,280.0
2024-04-12 07:23:00,FX:EURJPY,163.291,163.292,163.28099999999998,163.29,190.0
2024-04-12 07:24:00,FX:EURJPY,163.29,163.301,163.27499999999998,163.28,282.0
2024-04-12 07:25:00,FX:EURJPY,163.28,163.302,163.26299999999998,163.279,432.0
2024-04-12 07:26:00,FX:EURJPY,163.279,163.28799999999998,163.26299999999998,163.283,452.0
2024-04-12 07:27:00,FX:EURJPY,163.283,163.307,163.279,163.295,426.0
2024-04-12 07:28:00,FX:EURJPY,163.295,163.29899999999998,163.272,163.296,353.0
2024-04-12 07:29:00,FX:EURJPY,163.296,163.309,163.28099999999998,163.307,372.0
2024-04-12 07:30:00,FX:EURJPY,163.307,163.314,163.296,163.31199999999998,352.0
2024-04-12 07:31:00,FX:EURJPY,163.31199999999998,163.337,163.30499999999998,163.334,335.0
2024-04-12 07:32:00,FX:EURJPY,163.334,163.337,163.321,163.32899999999998,319.0
2024-04-12 07:33:00,FX:EURJPY,163.32899999999998,163.337,163.31199999999998,163.325,320.0
2024-04-12 07:34:00,FX:EURJPY,163.325,163.338,163.325,163.32999999999998,197.0
2024-04-12 07:35:00,FX:EURJPY,163.32999999999998,163.34699999999998,163.327,163.346,240.0
2024-04-12 07:36:00,FX:EURJPY,163.346,163.34699999999998,163.333,163.333,162.0
2024-04-12 07:37:00,FX:EURJPY,163.333,163.333,163.31799999999998,163.326,179.0
2024-04-12 07:38:00,FX:EURJPY,163.326,163.34199999999998,163.32399999999998,163.333,254.0
2024-04-12 07:39:00,FX:EURJPY,163.333,163.346,163.32999999999998,163.345,132.0
2024-04-12 07:40:00,FX:EURJPY,163.345,163.346,163.309,163.31099999999998,314.0
2024-04-12 07:41:00,FX:EURJPY,163.31099999999998,163.32,163.30599999999998,163.31,234.0
2024-04-12 07:42:00,FX:EURJPY,163.31,163.32,163.29299999999998,163.309,172.0
2024-04-12 07:43:00,FX:EURJPY,163.309,163.32999999999998,163.30499999999998,163.32899999999998,194.0
2024-04-12 07:44:00,FX:EURJPY,163.32899999999998,163.32899999999998,163.30499999999998,163.30599999999998,195.0
2024-04-12 07:45:00,FX:EURJPY,163.30599999999998,163.31,163.301,163.307,238.0
2024-04-12 07:46:00,FX:EURJPY,163.307,163.31199999999998,163.298,163.301,147.0
2024-04-12 07:47:00,FX:EURJPY,163.301,163.31199999999998,163.29999999999998,163.31,137.0
2024-04-12 07:48:00,FX:EURJPY,163.31,163.321,163.29,163.291,162.0
2024-04-12 07:49:00,FX:EURJPY,163.291,163.297,163.28799999999998,163.28799999999998,192.0
2024-04-12 07:50:00,FX:EURJPY,163.28799999999998,163.292,163.279,163.29,218.0
2024-04-12 07:51:00,FX:EURJPY,163.29,163.314,163.29,163.31,270.0
2024-04-12 07:52:00,FX:EURJPY,163.31,163.314,163.304,163.31,149.0
2024-04-12 07:53:00,FX:EURJPY,163.31,163.31199999999998,163.259,163.26399999999998,255.0
2024-04-12 07:54:00,FX:EURJPY,163.26399999999998,163.26399999999998,163.24099999999999,163.251,206.0
2024-04-12 07:55:00,FX:EURJPY,163.251,163.256,163.2,163.209,230.0
2024-04-12 07:56:00,FX:EURJPY,163.209,163.209,163.161,163.164,230.0
2024-04-12 07:57:00,FX:EURJPY,163.164,163.167,163.14,163.141,361.0
2024-04-12 07:58:00,FX:EURJPY,163.141,163.143,163.118,163.13299999999998,412.0
2024-04-12 07:59:00,FX:EURJPY,163.13299999999998,163.134,163.117,163.134,221.0
2024-04-12 08:00:00,FX:EURJPY,163.134,163.149,163.11599999999999,163.128,390.0
2024-04-12 08:01:00,FX:EURJPY,163.128,163.148,163.128,163.148,318.0
2024-04-12 08:02:00,FX:EURJPY,163.148,163.19,163.148,163.17399999999998,314.0
2024-04-12 08:03:00,FX:EURJPY,163.17399999999998,163.185,163.15099999999998,163.178,330.0
2024-04-12 08:04:00,FX:EURJPY,163.178,163.197,163.172,163.19199999999998,384.0
2024-04-12 08:05:00,FX:EURJPY,163.19199999999998,163.197,163.17,163.197,401.0
2024-04-12 08:06:00,FX:EURJPY,163.197,163.209,163.189,163.201,255.0
2024-04-12 08:07:00,FX:EURJPY,163.201,163.20399999999998,163.18599999999998,163.188,281.0
2024-04-12 08:08:00,FX:EURJPY,163.188,163.19799999999998,163.165,163.16899999999998,322.0
2024-04-12 08:09:00,FX:EURJPY,163.16899999999998,163.16899999999998,163.14999999999998,163.153,272.0
2024-04-12 08:10:00,FX:EURJPY,163.153,163.15599999999998,163.128,163.137,263.0
2024-04-12 08:11:00,FX:EURJPY,163.137,163.14399999999998,163.129,163.141,209.0
2024-04-12 08:12:00,FX:EURJPY,163.141,163.14399999999998,163.113,163.12,242.0
2024-04-12 08:13:00,FX:EURJPY,163.12,163.12199999999999,163.09699999999998,163.09799999999998,331.0
2024-04-12 08:14:00,FX:EURJPY,163.09799999999998,163.099,163.07,163.082,280.0
2024-04-12 08:15:00,FX:EURJPY,163.082,163.102,163.06,163.069,277.0
2024-04-12 08:16:00,FX:EURJPY,163.069,163.075,163.058,163.06199999999998,219.0
2024-04-12 08:17:00,FX:EURJPY,163.06199999999998,163.07899999999998,163.06099999999998,163.077,224.0
2024-04-12 08:18:00,FX:EURJPY,163.077,163.10899999999998,163.076,163.107,186.0
2024-04-12 08:19:00,FX:EURJPY,163.107,163.13,163.101,163.12199999999999,238.0
2024-04-12 08:20:00,FX:EURJPY,163.12199999999999,163.14999999999998,163.111,163.142,364.0
2024-04-12 08:21:00,FX:EURJPY,163.142,163.147,163.12099999999998,163.12099999999998,312.0
2024-04-12 08:22:00,FX:EURJPY,163.12099999999998,163.12199999999999,163.108,163.113,306.0
2024-04-12 08:23:00,FX:EURJPY,163.113,163.12199999999999,163.088,163.09,458.0
2024-04-12 08:24:00,FX:EURJPY,163.09,163.095,163.053,163.05499999999998,335.0
2024-04-12 08:25:00,FX:EURJPY,163.05499999999998,163.064,163.04,163.06,251.0
2024-04-12 08:26:00,FX:EURJPY,163.06,163.099,163.06,163.077,460.0
2024-04-12 08:27:00,FX:EURJPY,163.077,163.077,163.058,163.06,259.0
2024-04-12 08:28:00,FX:EURJPY,163.06,163.066,163.05499999999998,163.06199999999998,215.0
2024-04-12 08:29:00,FX:EURJPY,163.06199999999998,163.075,163.047,163.064,385.0
2024-04-12 08:30:00,FX:EURJPY,163.064,163.10399999999998,163.06099999999998,163.094,512.0
2024-04-12 08:31:00,FX:EURJPY,163.094,163.099,163.07399999999998,163.082,401.0
2024-04-12 08:32:00,FX:EURJPY,163.082,163.087,163.063,163.07299999999998,476.0
2024-04-12 08:33:00,FX:EURJPY,163.07299999999998,163.075,163.047,163.04899999999998,491.0
2024-04-12 08:34:00,FX:EURJPY,163.04899999999998,163.06199999999998,163.047,163.06099999999998,369.0
2024-04-12 08:35:00,FX:EURJPY,163.06099999999998,163.071,163.051,163.054,193.0
2024-04-12 08:36:00,FX:EURJPY,163.054,163.05499999999998,162.94199999999998,162.946,677.0
2024-04-12 08:37:00,FX:EURJPY,162.946,162.971,162.851,162.971,1210.0
2024-04-12 08:38:00,FX:EURJPY,162.971,162.989,162.89399999999998,162.932,847.0
2024-04-12 08:39:00,FX:EURJPY,162.932,162.938,162.85399999999998,162.85399999999998,665.0
2024-04-12 08:40:00,FX:EURJPY,162.85399999999998,162.864,162.786,162.82999999999998,701.0
2024-04-12 08:41:00,FX:EURJPY,162.82999999999998,162.831,162.767,162.785,664.0
2024-04-12 08:42:00,FX:EURJPY,162.785,162.796,162.708,162.73,696.0
2024-04-12 08:43:00,FX:EURJPY,162.73,162.73,162.6,162.602,1034.0
2024-04-12 08:44:00,FX:EURJPY,162.602,162.64499999999998,162.587,162.606,824.0
2024-04-12 08:45:00,FX:EURJPY,162.606,162.61499999999998,162.554,162.589,850.0
2024-04-12 08:46:00,FX:EURJPY,162.589,162.64499999999998,162.57399999999998,162.641,755.0
2024-04-12 08:47:00,FX:EURJPY,162.641,162.641,162.56699999999998,162.57399999999998,707.0
2024-04-12 08:48:00,FX:EURJPY,162.57399999999998,162.58599999999998,162.507,162.539,976.0
2024-04-12 08:49:00,FX:EURJPY,162.539,162.569,162.533,162.554,584.0
2024-04-12 08:50:00,FX:EURJPY,162.554,162.614,162.501,162.60399999999998,802.0
2024-04-12 08:51:00,FX:EURJPY,162.60399999999998,162.626,162.57299999999998,162.617,560.0
2024-04-12 08:52:00,FX:EURJPY,162.617,162.619,162.56699999999998,162.607,613.0
2024-04-12 08:53:00,FX:EURJPY,162.607,162.64399999999998,162.601,162.64399999999998,681.0
2024-04-12 08:54:00,FX:EURJPY,162.64399999999998,162.69899999999998,162.63799999999998,162.666,714.0
2024-04-12 08:55:00,FX:EURJPY,162.666,162.666,162.614,162.614,483.0
2024-04-12 08:56:00,FX:EURJPY,162.614,162.64399999999998,162.58599999999998,162.623,621.0
2024-04-12 08:57:00,FX:EURJPY,162.623,162.626,162.581,162.595,537.0
2024-04-12 08:58:00,FX:EURJPY,162.595,162.62099999999998,162.587,162.60399999999998,542.0
2024-04-12 08:59:00,FX:EURJPY,162.60399999999998,162.617,162.584,162.60999999999999,493.0
2024-04-12 09:00:00,FX:EURJPY,162.60999999999999,162.629,162.57299999999998,162.59099999999998,565.0
2024-04-12 09:01:00,FX:EURJPY,162.59099999999998,162.60999999999999,162.545,162.59799999999998,693.0
2024-04-12 09:02:00,FX:EURJPY,162.59799999999998,162.6,162.505,162.522,801.0
2024-04-12 09:03:00,FX:EURJPY,162.522,162.546,162.492,162.536,803.0
2024-04-12 09:04:00,FX:EURJPY,162.536,162.551,162.493,162.51299999999998,771.0
2024-04-12 09:05:00,FX:EURJPY,162.51299999999998,162.517,162.387,162.39499999999998,828.0
2024-04-12 09:06:00,FX:EURJPY,162.39499999999998,162.423,162.384,162.393,659.0
2024-04-12 09:07:00,FX:EURJPY,162.393,162.39999999999998,162.296,162.351,1010.0
2024-04-12 09:08:00,FX:EURJPY,162.351,162.379,162.321,162.33499999999998,606.0
2024-04-12 09:09:00,FX:EURJPY,162.33499999999998,162.339,162.272,162.33499999999998,602.0
2024-04-12 09:10:00,FX:EURJPY,162.33499999999998,162.363,162.30499999999998,162.314,568.0
2024-04-12 09:11:00,FX:EURJPY,162.314,162.38,162.292,162.375,583.0
2024-04-12 09:12:00,FX:EURJPY,162.375,162.44199999999998,162.373,162.441,521.0
2024-04-12 09:13:00,FX:EURJPY,162.441,162.511,162.428,162.49599999999998,664.0
2024-04-12 09:14:00,FX:EURJPY,162.49599999999998,162.516,162.464,162.515,708.0
2024-04-12 09:15:00,FX:EURJPY,162.515,162.596,162.51299999999998,162.596,617.0
2024-04-12 09:16:00,FX:EURJPY,162.596,162.636,162.576,162.63299999999998,800.0
2024-04-12 09:17:00,FX:EURJPY,162.63299999999998,162.659,162.60999999999999,162.612,658.0
2024-04-12 09:18:00,FX:EURJPY,162.612,162.618,162.589,162.6,481.0
2024-04-12 09:19:00,FX:EURJPY,162.6,162.60999999999999,162.57299999999998,162.58499999999998,599.0
2024-04-12 09:20:00,FX:EURJPY,162.58499999999998,162.60399999999998,162.554,162.60399999999998,493.0
2024-04-12 09:21:00,FX:EURJPY,162.60399999999998,162.608,162.566,162.569,459.0
2024-04-12 09:22:00,FX:EURJPY,162.569,162.589,162.54899999999998,162.566,346.0
2024-04-12 09:23:00,FX:EURJPY,162.566,162.608,162.56099999999998,162.595,392.0
2024-04-12 09:24:00,FX:EURJPY,162.595,162.601,162.547,162.56799999999998,463.0
2024-04-12 09:25:00,FX:EURJPY,162.56799999999998,162.58499999999998,162.553,162.55599999999998,402.0
2024-04-12 09:26:00,FX:EURJPY,162.55599999999998,162.582,162.53199999999998,162.578,375.0
2024-04-12 09:27:00,FX:EURJPY,162.578,162.60299999999998,162.57,162.602,326.0
2024-04-12 09:28:00,FX:EURJPY,162.602,162.646,162.59799999999998,162.632,533.0
2024-04-12 09:29:00,FX:EURJPY,162.632,162.643,162.614,162.623,451.0
2024-04-12 09:30:00,FX:EURJPY,162.623,162.632,162.60899999999998,162.61599999999999,646.0
2024-04-12 09:31:00,FX:EURJPY,162.61599999999999,162.63799999999998,162.59799999999998,162.617,588.0
2024-04-12 09:32:00,FX:EURJPY,162.617,162.659,162.617,162.65099999999998,551.0
2024-04-12 09:33:00,FX:EURJPY,162.65099999999998,162.671,162.64,162.642,526.0
2024-04-12 09:34:00,FX:EURJPY,162.642,162.709,162.634,162.708,560.0
2024-04-12 09:35:00,FX:EURJPY,162.708,162.71099999999998,162.672,162.673,448.0
2024-04-12 09:36:00,FX:EURJPY,162.673,162.70499999999998,162.66199999999998,162.70499999999998,432.0
2024-04-12 09:37:00,FX:EURJPY,162.70499999999998,162.757,162.70399999999998,162.756,520.0
2024-04-12 09:38:00,FX:EURJPY,162.756,162.822,162.753,162.78,673.0
2024-04-12 09:39:00,FX:EURJPY,162.78,162.802,162.774,162.796,460.0
2024-04-12 09:40:00,FX:EURJPY,162.796,162.796,162.765,162.777,498.0
2024-04-12 09:41:00,FX:EURJPY,162.777,162.789,162.75,162.76899999999998,498.0
2024-04-12 09:42:00,FX:EURJPY,162.76899999999998,162.808,162.753,162.78,645.0
2024-04-12 09:43:00,FX:EURJPY,162.78,162.785,162.76,162.77499999999998,431.0
2024-04-12 09:44:00,FX:EURJPY,162.77499999999998,162.80499999999998,162.767,162.771,537.0
2024-04-12 09:45:00,FX:EURJPY,162.771,162.789,162.756,162.78099999999998,725.0
2024-04-12 09:46:00,FX:EURJPY,162.78099999999998,162.856,162.78,162.844,399.0
2024-04-12 09:47:00,FX:EURJPY,162.844,162.861,162.809,162.809,654.0
2024-04-12 09:48:00,FX:EURJPY,162.809,162.82999999999998,162.801,162.813,605.0
2024-04-12 09:49:00,FX:EURJPY,162.813,162.815,162.774,162.777,639.0
2024-04-12 09:50:00,FX:EURJPY,162.777,162.819,162.77499999999998,162.80499999999998,435.0
2024-04-12 09:51:00,FX:EURJPY,162.80499999999998,162.816,162.725,162.73499999999999,512.0
2024-04-12 09:52:00,FX:EURJPY,162.73499999999999,162.757,162.701,162.706,590.0
2024-04-12 09:53:00,FX:EURJPY,162.706,162.731,162.69899999999998,162.708,630.0
2024-04-12 09:54:00,FX:EURJPY,162.708,162.72799999999998,162.706,162.726,512.0
2024-04-12 09:55:00,FX:EURJPY,162.726,162.74099999999999,162.702,162.708,469.0
2024-04-12 09:56:00,FX:EURJPY,162.708,162.72199999999998,162.697,162.714,399.0
2024-04-12 09:57:00,FX:EURJPY,162.714,162.74099999999999,162.71099999999998,162.73999999999998,349.0
2024-04-12 09:58:00,FX:EURJPY,162.73999999999998,162.795,162.739,162.779,453.0
2024-04-12 09:59:00,FX:EURJPY,162.779,162.807,162.738,162.738,776.0
2024-04-12 10:00:00,FX:EURJPY,162.738,162.761,162.682,162.737,1315.0
2024-04-12 10:01:00,FX:EURJPY,162.737,162.743,162.677,162.67999999999998,622.0
2024-04-12 10:02:00,FX:EURJPY,162.67999999999998,162.683,162.626,162.647,752.0
2024-04-12 10:03:00,FX:EURJPY,162.647,162.65699999999998,162.596,162.602,1039.0
2024-04-12 10:04:00,FX:EURJPY,162.602,162.617,162.56799999999998,162.60299999999998,717.0
2024-04-12 10:05:00,FX:EURJPY,162.60299999999998,162.614,162.575,162.588,714.0
2024-04-12 10:06:00,FX:EURJPY,162.588,162.589,162.547,162.56,698.0
2024-04-12 10:07:00,FX:EURJPY,162.56,162.56199999999998,162.441,162.445,832.0
2024-04-12 10:08:00,FX:EURJPY,162.445,162.458,162.414,162.438,861.0
2024-04-12 10:09:00,FX:EURJPY,162.438,162.457,162.429,162.447,800.0
2024-04-12 10:10:00,FX:EURJPY,162.447,162.453,162.391,162.402,773.0
2024-04-12 10:11:00,FX:EURJPY,162.402,162.42999999999998,162.368,162.429,648.0
2024-04-12 10:12:00,FX:EURJPY,162.429,162.438,162.37099999999998,162.404,592.0
2024-04-12 10:13:00,FX:EURJPY,162.404,162.44199999999998,162.40099999999998,162.417,601.0
2024-04-12 10:14:00,FX:EURJPY,162.417,162.445,162.392,162.445,746.0
2024-04-12 10:15:00,FX:EURJPY,162.445,162.453,162.387,162.392,701.0
2024-04-12 10:16:00,FX:EURJPY,162.392,162.439,162.39,162.435,593.0
2024-04-12 10:17:00,FX:EURJPY,162.435,162.445,162.41199999999998,162.421,506.0
2024-04-12 10:18:00,FX:EURJPY,162.421,162.453,162.41899999999998,162.447,480.0
2024-04-12 10:19:00,FX:EURJPY,162.447,162.45399999999998,162.42399999999998,162.42499999999998,564.0
2024-04-12 10:20:00,FX:EURJPY,162.42499999999998,162.429,162.386,162.391,575.0
2024-04-12 10:21:00,FX:EURJPY,162.391,162.456,162.386,162.45499999999998,553.0
2024-04-12 10:22:00,FX:EURJPY,162.45499999999998,162.48,162.451,162.451,505.0
2024-04-12 10:23:00,FX:EURJPY,162.451,162.48399999999998,162.44899999999998,162.48399999999998,396.0
2024-04-12 10:24:00,FX:EURJPY,162.48399999999998,162.563,162.47,162.56099999999998,599.0
2024-04-12 10:25:00,FX:EURJPY,162.56099999999998,162.59799999999998,162.551,162.595,491.0
2024-04-12 10:26:00,FX:EURJPY,162.595,162.608,162.571,162.578,503.0
2024-04-12 10:27:00,FX:EURJPY,162.578,162.60899999999998,162.577,162.59099999999998,437.0
2024-04-12 10:28:00,FX:EURJPY,162.59099999999998,162.617,162.569,162.57299999999998,520.0
2024-04-12 10:29:00,FX:EURJPY,162.57299999999998,162.65099999999998,162.563,162.63799999999998,505.0
2024-04-12 10:30:00,FX:EURJPY,162.63799999999998,162.701,162.634,162.694,458.0
2024-04-12 10:31:00,FX:EURJPY,162.694,162.696,162.641,162.653,483.0
2024-04-12 10:32:00,FX:EURJPY,162.653,162.658,162.634,162.637,571.0
2024-04-12 10:33:00,FX:EURJPY,162.637,162.646,162.612,162.61499999999998,623.0
2024-04-12 10:34:00,FX:EURJPY,162.61499999999998,162.61599999999999,162.552,162.563,632.0
2024-04-12 10:35:00,FX:EURJPY,162.563,162.587,162.54299999999998,162.54299999999998,535.0
2024-04-12 10:36:00,FX:EURJPY,162.54299999999998,162.56199999999998,162.536,162.558,400.0
2024-04-12 10:37:00,FX:EURJPY,162.558,162.57899999999998,162.535,162.577,401.0
2024-04-12 10:38:00,FX:EURJPY,162.577,162.593,162.54299999999998,162.566,611.0
2024-04-12 10:39:00,FX:EURJPY,162.566,162.571,162.545,162.559,570.0
2024-04-12 10:40:00,FX:EURJPY,162.559,162.566,162.527,162.548,523.0
2024-04-12 10:41:00,FX:EURJPY,162.548,162.54999999999998,162.52499999999998,162.54,462.0
2024-04-12 10:42:00,FX:EURJPY,162.54,162.587,162.54,162.551,504.0
2024-04-12 10:43:00,FX:EURJPY,162.551,162.551,162.53099999999998,162.539,338.0
2024-04-12 10:44:00,FX:EURJPY,162.539,162.54299999999998,162.51899999999998,162.529,343.0
2024-04-12 10:45:00,FX:EURJPY,162.529,162.552,162.52599999999998,162.535,449.0
2024-04-12 10:46:00,FX:EURJPY,162.535,162.563,162.527,162.56099999999998,400.0
2024-04-12 10:47:00,FX:EURJPY,162.56099999999998,162.564,162.546,162.548,392.0
2024-04-12 10:48:00,FX:EURJPY,162.548,162.59099999999998,162.54399999999998,162.575,579.0
2024-04-12 10:49:00,FX:EURJPY,162.575,162.57899999999998,162.53,162.53,475.0
2024-04-12 10:50:00,FX:EURJPY,162.53,162.536,162.488,162.504,421.0
2024-04-12 10:51:00,FX:EURJPY,162.504,162.51899999999998,162.498,162.50799999999998,325.0
2024-04-12 10:52:00,FX:EURJPY,162.50799999999998,162.533,162.495,162.528,518.0
2024-04-12 10:53:00,FX:EURJPY,162.528,162.542,162.507,162.511,469.0
2024-04-12 10:54:00,FX:EURJPY,162.511,162.54399999999998,162.509,162.536,455.0
2024-04-12 10:55:00,FX:EURJPY,162.536,162.56,162.535,162.547,481.0
2024-04-12 10:56:00,FX:EURJPY,162.547,162.554,162.518,162.533,424.0
2024-04-12 10:57:00,FX:EURJPY,162.533,162.545,162.51,162.53099999999998,418.0
2024-04-12 10:58:00,FX:EURJPY,162.53099999999998,162.559,162.53,162.557,469.0
2024-04-12 10:59:00,FX:EURJPY,162.557,162.565,162.552,162.56,404.0
2024-04-12 11:00:00,FX:EURJPY,162.56,162.59699999999998,162.551,162.57999999999998,374.0
2024-04-12 11:01:00,FX:EURJPY,162.57999999999998,162.601,162.57399999999998,162.595,313.0
2024-04-12 11:02:00,FX:EURJPY,162.595,162.59799999999998,162.57,162.577,343.0
2024-04-12 11:03:00,FX:EURJPY,162.577,162.59799999999998,162.57299999999998,162.587,407.0
2024-04-12 11:04:00,FX:EURJPY,162.587,162.606,162.583,162.59099999999998,438.0
2024-04-12 11:05:00,FX:EURJPY,162.59099999999998,162.62099999999998,162.57,162.618,557.0
2024-04-12 11:06:00,FX:EURJPY,162.618,162.63899999999998,162.614,162.62,460.0
2024-04-12 11:07:00,FX:EURJPY,162.62,162.62699999999998,162.59699999999998,162.612,501.0
2024-04-12 11:08:00,FX:EURJPY,162.612,162.632,162.612,162.62,479.0
2024-04-12 11:09:00,FX:EURJPY,162.62,162.701,162.619,162.673,397.0
2024-04-12 11:10:00,FX:EURJPY,162.673,162.70399999999998,162.67,162.702,382.0
2024-04-12 11:11:00,FX:EURJPY,162.702,162.743,162.69899999999998,162.738,397.0
2024-04-12 11:12:00,FX:EURJPY,162.738,162.771,162.738,162.748,565.0
2024-04-12 11:13:00,FX:EURJPY,162.748,162.753,162.712,162.727,349.0
2024-04-12 11:14:00,FX:EURJPY,162.727,162.738,162.707,162.709,435.0
2024-04-12 11:15:00,FX:EURJPY,162.709,162.725,162.7,162.7,468.0
2024-04-12 11:16:00,FX:EURJPY,162.7,162.719,162.678,162.719,453.0
2024-04-12 11:17:00,FX:EURJPY,162.719,162.736,162.70999999999998,162.72799999999998,386.0
2024-04-12 11:18:00,FX:EURJPY,162.72799999999998,162.761,162.72799999999998,162.75199999999998,387.0
2024-04-12 11:19:00,FX:EURJPY,162.75199999999998,162.767,162.74699999999999,162.76,326.0
2024-04-12 11:20:00,FX:EURJPY,162.76,162.78099999999998,162.757,162.759,374.0
2024-04-12 11:21:00,FX:EURJPY,162.759,162.77499999999998,162.755,162.765,269.0
2024-04-12 11:22:00,FX:EURJPY,162.765,162.766,162.74599999999998,162.756,404.0
2024-04-12 11:23:00,FX:EURJPY,162.756,162.762,162.744,162.748,360.0
2024-04-12 11:24:00,FX:EURJPY,162.748,162.79,162.74699999999999,162.78699999999998,372.0
2024-04-12 11:25:00,FX:EURJPY,162.78699999999998,162.809,162.784,162.801,316.0
2024-04-12 11:26:00,FX:EURJPY,162.801,162.837,162.79999999999998,162.83599999999998,279.0
2024-04-12 11:27:00,FX:EURJPY,162.83599999999998,162.849,162.827,162.84199999999998,281.0
2024-04-12 11:28:00,FX:EURJPY,162.84199999999998,162.85899999999998,162.838,162.856,313.0
2024-04-12 11:29:00,FX:EURJPY,162.856,162.887,162.85299999999998,162.874,451.0
2024-04-12 11:30:00,FX:EURJPY,162.874,162.882,162.86499999999998,162.878,444.0
2024-04-12 11:31:00,FX:EURJPY,162.878,162.882,162.856,162.881,589.0
2024-04-12 11:32:00,FX:EURJPY,162.881,162.892,162.869,162.881,485.0
2024-04-12 11:33:00,FX:EURJPY,162.881,162.93099999999998,162.879,162.92,438.0
2024-04-12 11:34:00,FX:EURJPY,162.92,162.97199999999998,162.91799999999998,162.971,369.0
2024-04-12 11:35:00,FX:EURJPY,162.971,163.005,162.964,162.98999999999998,541.0
2024-04-12 11:36:00,FX:EURJPY,162.98999999999998,162.99699999999999,162.965,162.98399999999998,381.0
2024-04-12 11:37:00,FX:EURJPY,162.98399999999998,162.99099999999999,162.963,162.96599999999998,313.0
2024-04-12 11:38:00,FX:EURJPY,162.96599999999998,162.986,162.959,162.964,350.0
2024-04-12 11:39:00,FX:EURJPY,162.964,162.971,162.939,162.95,422.0
2024-04-12 11:40:00,FX:EURJPY,162.95,162.95399999999998,162.929,162.95399999999998,435.0
2024-04-12 11:41:00,FX:EURJPY,162.95399999999998,162.96699999999998,162.94199999999998,162.962,390.0
2024-04-12 11:42:00,FX:EURJPY,162.962,163.016,162.962,162.989,448.0
2024-04-12 11:43:00,FX:EURJPY,162.989,162.99599999999998,162.974,162.98,457.0
2024-04-12 11:44:00,FX:EURJPY,162.98,163.001,162.975,162.999,369.0
2024-04-12 11:45:00,FX:EURJPY,162.999,163.01299999999998,162.98,162.988,298.0
2024-04-12 11:46:00,FX:EURJPY,162.988,163.01,162.987,162.993,225.0
2024-04-12 11:47:00,FX:EURJPY,162.993,163.007,162.98399999999998,163.003,327.0
2024-04-12 11:48:00,FX:EURJPY,163.003,163.027,163.0,163.012,239.0
2024-04-12 11:49:00,FX:EURJPY,163.012,163.03699999999998,163.011,163.016,264.0
2024-04-12 11:50:00,FX:EURJPY,163.016,163.06,163.01299999999998,163.05499999999998,278.0
2024-04-12 11:51:00,FX:EURJPY,163.05499999999998,163.07999999999998,163.051,163.069,282.0
2024-04-12 11:52:00,FX:EURJPY,163.069,163.069,163.046,163.05599999999998,335.0
2024-04-12 11:53:00,FX:EURJPY,163.05599999999998,163.065,163.04399999999998,163.06,319.0
2024-04-12 11:54:00,FX:EURJPY,163.06,163.06799999999998,163.03199999999998,163.042,318.0
2024-04-12 11:55:00,FX:EURJPY,163.042,163.07,163.035,163.069,382.0
2024-04-12 11:56:00,FX:EURJPY,163.069,163.082,163.06799999999998,163.07999999999998,283.0
2024-04-12 11:57:00,FX:EURJPY,163.07999999999998,163.118,163.063,163.105,401.0
2024-04-12 11:58:00,FX:EURJPY,163.105,163.107,163.039,163.053,430.0
2024-04-12 11:59:00,FX:EURJPY,163.053,163.05499999999998,163.01999999999998,163.024,452.0
2024-04-12 12:00:00,FX:EURJPY,163.024,163.02599999999998,162.992,163.005,469.0
2024-04-12 12:01:00,FX:EURJPY,163.005,163.005,162.97299999999998,162.977,388.0
2024-04-12 12:02:00,FX:EURJPY,162.977,162.986,162.957,162.96699999999998,414.0
2024-04-12 12:03:00,FX:EURJPY,162.96699999999998,162.977,162.959,162.975,404.0
2024-04-12 12:04:00,FX:EURJPY,162.975,162.97899999999998,162.96099999999998,162.977,440.0
2024-04-12 12:05:00,FX:EURJPY,162.977,163.007,162.976,162.993,369.0
2024-04-12 12:06:00,FX:EURJPY,162.993,163.01899999999998,162.97799999999998,163.009,338.0
2024-04-12 12:07:00,FX:EURJPY,163.009,163.03199999999998,163.00199999999998,163.015,237.0
2024-04-12 12:08:00,FX:EURJPY,163.015,163.036,163.01399999999998,163.02599999999998,284.0
2024-04-12 12:09:00,FX:EURJPY,163.02599999999998,163.02599999999998,163.003,163.004,280.0
2024-04-12 12:10:00,FX:EURJPY,163.004,163.01299999999998,162.992,162.993,364.0
2024-04-12 12:11:00,FX:EURJPY,162.993,163.001,162.97199999999998,162.98399999999998,371.0
2024-04-12 12:12:00,FX:EURJPY,162.98399999999998,163.009,162.97299999999998,162.998,242.0
2024-04-12 12:13:00,FX:EURJPY,162.998,163.01,162.983,162.983,319.0
2024-04-12 12:14:00,FX:EURJPY,162.983,162.988,162.965,162.965,351.0
2024-04-12 12:15:00,FX:EURJPY,162.965,162.971,162.944,162.94799999999998,347.0
2024-04-12 12:16:00,FX:EURJPY,162.94799999999998,162.964,162.947,162.959,326.0
2024-04-12 12:17:00,FX:EURJPY,162.959,162.95999999999998,162.934,162.934,399.0
2024-04-12 12:18:00,FX:EURJPY,162.934,162.94199999999998,162.92999999999998,162.939,242.0
2024-04-12 12:19:00,FX:EURJPY,162.939,162.94,162.90099999999998,162.902,334.0
2024-04-12 12:20:00,FX:EURJPY,162.902,162.935,162.902,162.927,373.0
2024-04-12 12:21:00,FX:EURJPY,162.927,162.958,162.91799999999998,162.956,343.0
2024-04-12 12:22:00,FX:EURJPY,162.956,162.97,162.94899999999998,162.963,310.0
2024-04-12 12:23:00,FX:EURJPY,162.963,162.97,162.94799999999998,162.953,309.0
2024-04-12 12:24:00,FX:EURJPY,162.953,162.988,162.951,162.98499999999999,234.0
2024-04-12 12:25:00,FX:EURJPY,162.98499999999999,163.006,162.981,163.001,344.0
2024-04-12 12:26:00,FX:EURJPY,163.001,163.00199999999998,162.962,162.965,388.0
2024-04-12 12:27:00,FX:EURJPY,162.965,162.98399999999998,162.96099999999998,162.962,184.0
2024-04-12 12:28:00,FX:EURJPY,162.962,162.97799999999998,162.95999999999998,162.97299999999998,258.0
2024-04-12 12:29:00,FX:EURJPY,162.97299999999998,162.98,162.957,162.958,293.0
2024-04-12 12:30:00,FX:EURJPY,162.958,162.964,162.944,162.94899999999998,318.0
2024-04-12 12:31:00,FX:EURJPY,162.94899999999998,162.956,162.938,162.95,329.0
2024-04-12 12:32:00,FX:EURJPY,162.95,162.95,162.91299999999998,162.915,303.0
2024-04-12 12:33:00,FX:EURJPY,162.915,162.91799999999998,162.90099999999998,162.909,285.0
2024-04-12 12:34:00,FX:EURJPY,162.909,162.94,162.909,162.926,285.0
2024-04-12 12:35:00,FX:EURJPY,162.926,162.93099999999998,162.917,162.92,297.0
2024-04-12 12:36:00,FX:EURJPY,162.92,162.929,162.911,162.91199999999998,262.0
2024-04-12 12:37:00,FX:EURJPY,162.91199999999998,162.921,162.897,162.897,267.0
2024-04-12 12:38:00,FX:EURJPY,162.897,162.897,162.882,162.891,179.0
2024-04-12 12:39:00,FX:EURJPY,162.891,162.893,162.87099999999998,162.882,358.0
2024-04-12 12:40:00,FX:EURJPY,162.882,162.893,162.876,162.886,246.0
2024-04-12 12:41:00,FX:EURJPY,162.886,162.891,162.879,162.882,296.0
2024-04-12 12:42:00,FX:EURJPY,162.882,162.898,162.873,162.885,285.0
2024-04-12 12:43:00,FX:EURJPY,162.885,162.893,162.876,162.879,318.0
2024-04-12 12:44:00,FX:EURJPY,162.879,162.882,162.861,162.864,237.0
2024-04-12 12:45:00,FX:EURJPY,162.864,162.874,162.852,162.874,187.0
2024-04-12 12:46:00,FX:EURJPY,162.874,162.881,162.85399999999998,162.856,262.0
2024-04-12 12:47:00,FX:EURJPY,162.856,162.857,162.83499999999998,162.84099999999998,360.0
2024-04-12 12:48:00,FX:EURJPY,162.84099999999998,162.85299999999998,162.826,162.82999999999998,244.0
2024-04-12 12:49:00,FX:EURJPY,162.82999999999998,162.855,162.82899999999998,162.855,261.0
2024-04-12 12:50:00,FX:EURJPY,162.855,162.87099999999998,162.84099999999998,162.86599999999999,349.0
2024-04-12 12:51:00,FX:EURJPY,162.86599999999999,162.886,162.85299999999998,162.885,251.0
2024-04-12 12:52:00,FX:EURJPY,162.885,162.891,162.88,162.88,297.0
2024-04-12 12:53:00,FX:EURJPY,162.88,162.90699999999998,162.875,162.89499999999998,416.0
2024-04-12 12:54:00,FX:EURJPY,162.89499999999998,162.905,162.88799999999998,162.893,363.0
2024-04-12 12:55:00,FX:EURJPY,162.893,162.904,162.884,162.902,221.0
2024-04-12 12:56:00,FX:EURJPY,162.902,162.93599999999998,162.902,162.934,297.0
2024-04-12 12:57:00,FX:EURJPY,162.934,162.934,162.90699999999998,162.926,328.0
2024-04-12 12:58:00,FX:EURJPY,162.926,162.944,162.923,162.929,339.0
2024-04-12 12:59:00,FX:EURJPY,162.929,162.944,162.921,162.93099999999998,380.0
2024-04-12 13:00:00,FX:EURJPY,162.93099999999998,162.94799999999998,162.91199999999998,162.92399999999998,358.0
2024-04-12 13:01:00,FX:EURJPY,162.92399999999998,162.94,162.917,162.929,277.0
2024-04-12 13:02:00,FX:EURJPY,162.929,162.93599999999998,162.916,162.935,208.0
2024-04-12 13:03:00,FX:EURJPY,162.935,162.94899999999998,162.93099999999998,162.941,166.0
2024-04-12 13:04:00,FX:EURJPY,162.941,162.957,162.939,162.951,257.0
2024-04-12 13:05:00,FX:EURJPY,162.951,162.983,162.94899999999998,162.983,249.0
2024-04-12 13:06:00,FX:EURJPY,162.983,162.999,162.97899999999998,162.99599999999998,341.0
2024-04-12 13:07:00,FX:EURJPY,162.99599999999998,163.01,162.988,163.003,312.0
2024-04-12 13:08:00,FX:EURJPY,163.003,163.007,162.989,162.99699999999999,223.0
2024-04-12 13:09:00,FX:EURJPY,162.99699999999999,162.99699999999999,162.964,162.99099999999999,307.0
2024-04-12 13:10:00,FX:EURJPY,162.99099999999999,163.0,162.981,162.983,304.0
2024-04-12 13:11:00,FX:EURJPY,162.983,162.98399999999998,162.97,162.983,380.0
2024-04-12 13:12:00,FX:EURJPY,162.983,162.983,162.969,162.977,316.0
2024-04-12 13:13:00,FX:EURJPY,162.977,162.983,162.96699999999998,162.982,243.0
2024-04-12 13:14:00,FX:EURJPY,162.982,162.989,162.976,162.976,242.0
2024-04-12 13:15:00,FX:EURJPY,162.976,163.01,162.97199999999998,163.00799999999998,274.0
2024-04-12 13:16:00,FX:EURJPY,163.00799999999998,163.024,163.007,163.01999999999998,159.0
2024-04-12 13:17:00,FX:EURJPY,163.01999999999998,163.033,163.00799999999998,163.011,219.0
2024-04-12 13:18:00,FX:EURJPY,163.011,163.024,163.004,163.017,160.0
2024-04-12 13:19:00,FX:EURJPY,163.017,163.017,162.992,162.993,266.0
2024-04-12 13:20:00,FX:EURJPY,162.993,162.994,162.969,162.974,238.0
2024-04-12 13:21:00,FX:EURJPY,162.974,162.97899999999998,162.947,162.947,227.0
2024-04-12 13:22:00,FX:EURJPY,162.947,162.951,162.90599999999998,162.909,296.0
2024-04-12 13:23:00,FX:EURJPY,162.909,162.92999999999998,162.903,162.921,360.0
2024-04-12 13:24:00,FX:EURJPY,162.921,162.926,162.89,162.892,318.0
2024-04-12 13:25:00,FX:EURJPY,162.892,162.896,162.878,162.881,326.0
2024-04-12 13:26:00,FX:EURJPY,162.881,162.893,162.873,162.874,194.0
2024-04-12 13:27:00,FX:EURJPY,162.874,162.886,162.87,162.875,181.0
2024-04-12 13:28:00,FX:EURJPY,162.875,162.88899999999998,162.875,162.882,187.0
2024-04-12 13:29:00,FX:EURJPY,162.882,162.908,162.878,162.90099999999998,216.0
2024-04-12 13:30:00,FX:EURJPY,162.90099999999998,162.908,162.885,162.892,207.0
2024-04-12 13:31:00,FX:EURJPY,162.892,162.91,162.892,162.90599999999998,210.0
2024-04-12 13:32:00,FX:EURJPY,162.90599999999998,162.91899999999998,162.897,162.916,226.0
2024-04-12 13:33:00,FX:EURJPY,162.916,162.933,162.905,162.916,264.0
2024-04-12 13:34:00,FX:EURJPY,162.916,162.939,162.909,162.92999999999998,320.0
2024-04-12 13:35:00,FX:EURJPY,162.92999999999998,162.946,162.926,162.934,256.0
2024-04-12 13:36:00,FX:EURJPY,162.934,162.945,162.928,162.933,381.0
2024-04-12 13:37:00,FX:EURJPY,162.933,162.94199999999998,162.92499999999998,162.93099999999998,277.0
2024-04-12 13:38:00,FX:EURJPY,162.93099999999998,162.932,162.91,162.914,330.0
2024-04-12 13:39:00,FX:EURJPY,162.914,162.94,162.914,162.935,351.0
2024-04-12 13:40:00,FX:EURJPY,162.935,162.962,162.933,162.946,324.0
2024-04-12 13:41:00,FX:EURJPY,162.946,162.956,162.93699999999998,162.953,281.0
2024-04-12 13:42:00,FX:EURJPY,162.953,162.98499999999999,162.953,162.981,318.0
2024-04-12 13:43:00,FX:EURJPY,162.981,162.99599999999998,162.97899999999998,162.992,400.0
2024-04-12 13:44:00,FX:EURJPY,162.992,162.99599999999998,162.98499999999999,162.988,304.0
2024-04-12 13:45:00,FX:EURJPY,162.988,162.99099999999999,162.969,162.975,300.0
2024-04-12 13:46:00,FX:EURJPY,162.975,162.97899999999998,162.96099999999998,162.974,290.0
2024-04-12 13:47:00,FX:EURJPY,162.974,163.005,162.968,163.003,353.0
2024-04-12 13:48:00,FX:EURJPY,163.003,163.03,163.00199999999998,163.023,395.0
2024-04-12 13:49:00,FX:EURJPY,163.023,163.034,163.01299999999998,163.021,297.0
2024-04-12 13:50:00,FX:EURJPY,163.021,163.046,163.021,163.045,369.0
2024-04-12 13:51:00,FX:EURJPY,163.045,163.045,163.022,163.029,314.0
2024-04-12 13:52:00,FX:EURJPY,163.029,163.041,163.023,163.036,217.0
2024-04-12 13:53:00,FX:EURJPY,163.036,163.064,163.036,163.052,296.0
2024-04-12 13:54:00,FX:EURJPY,163.052,163.06,163.045,163.04899999999998,227.0
2024-04-12 13:55:00,FX:EURJPY,163.04899999999998,163.05599999999998,163.039,163.04,187.0
2024-04-12 13:56:00,FX:EURJPY,163.04,163.048,163.035,163.048,221.0
2024-04-12 13:57:00,FX:EURJPY,163.048,163.06199999999998,163.047,163.059,227.0
2024-04-12 13:58:00,FX:EURJPY,163.059,163.059,163.034,163.042,206.0
2024-04-12 13:59:00,FX:EURJPY,163.042,163.048,163.035,163.036,202.0
2024-04-12 14:00:00,FX:EURJPY,163.036,163.03799999999998,163.016,163.01999999999998,155.0
2024-04-12 14:01:00,FX:EURJPY,163.01999999999998,163.03099999999998,163.016,163.02499999999998,196.0
2024-04-12 14:02:00,FX:EURJPY,163.02499999999998,163.029,163.01399999999998,163.021,234.0
2024-04-12 14:03:00,FX:EURJPY,163.021,163.028,163.018,163.021,145.0
2024-04-12 14:04:00,FX:EURJPY,163.021,163.03099999999998,163.01299999999998,163.029,210.0
2024-04-12 14:05:00,FX:EURJPY,163.029,163.06099999999998,163.024,163.06,315.0
2024-04-12 14:06:00,FX:EURJPY,163.06,163.06199999999998,163.041,163.04999999999998,284.0
2024-04-12 14:07:00,FX:EURJPY,163.04999999999998,163.06799999999998,163.048,163.065,342.0
2024-04-12 14:08:00,FX:EURJPY,163.065,163.09699999999998,163.064,163.096,400.0
2024-04-12 14:09:00,FX:EURJPY,163.096,163.09699999999998,163.077,163.08499999999998,279.0
2024-04-12 14:10:00,FX:EURJPY,163.08499999999998,163.089,163.076,163.088,196.0
2024-04-12 14:11:00,FX:EURJPY,163.088,163.113,163.088,163.10399999999998,256.0
2024-04-12 14:12:00,FX:EURJPY,163.10399999999998,163.106,163.09,163.09099999999998,195.0
2024-04-12 14:13:00,FX:EURJPY,163.09099999999998,163.095,163.084,163.09099999999998,292.0
2024-04-12 14:14:00,FX:EURJPY,163.09099999999998,163.105,163.08599999999998,163.088,210.0
2024-04-12 14:15:00,FX:EURJPY,163.088,163.106,163.08499999999998,163.101,212.0
2024-04-12 14:16:00,FX:EURJPY,163.101,163.106,163.09799999999998,163.101,204.0
2024-04-12 14:17:00,FX:EURJPY,163.101,163.114,163.09699999999998,163.105,185.0
2024-04-12 14:18:00,FX:EURJPY,163.105,163.117,163.1,163.105,248.0
2024-04-12 14:19:00,FX:EURJPY,163.105,163.113,163.09699999999998,163.09799999999998,227.0
2024-04-12 14:20:00,FX:EURJPY,163.09799999999998,163.118,163.09699999999998,163.11499999999998,237.0
2024-04-12 14:21:00,FX:EURJPY,163.11499999999998,163.119,163.101,163.10299999999998,241.0
2024-04-12 14:22:00,FX:EURJPY,163.10299999999998,163.11599999999999,163.09799999999998,163.11599999999999,174.0
2024-04-12 14:23:00,FX:EURJPY,163.11599999999999,163.117,163.088,163.09699999999998,313.0
2024-04-12 14:24:00,FX:EURJPY,163.09699999999998,163.09699999999998,163.083,163.083,385.0
2024-04-12 14:25:00,FX:EURJPY,163.083,163.09199999999998,163.075,163.083,385.0
2024-04-12 14:26:00,FX:EURJPY,163.083,163.09699999999998,163.083,163.094,300.0
2024-04-12 14:27:00,FX:EURJPY,163.094,163.101,163.084,163.08499999999998,252.0
2024-04-12 14:28:00,FX:EURJPY,163.08499999999998,163.093,163.07999999999998,163.082,219.0
2024-04-12 14:29:00,FX:EURJPY,163.082,163.09699999999998,163.07899999999998,163.09099999999998,322.0
2024-04-12 14:30:00,FX:EURJPY,163.09099999999998,163.096,163.07299999999998,163.076,281.0
2024-04-12 14:31:00,FX:EURJPY,163.076,163.084,163.071,163.072,197.0
2024-04-12 14:32:00,FX:EURJPY,163.072,163.07299999999998,163.04899999999998,163.053,241.0
2024-04-12 14:33:00,FX:EURJPY,163.053,163.063,163.04899999999998,163.04899999999998,310.0
2024-04-12 14:34:00,FX:EURJPY,163.04899999999998,163.05499999999998,163.047,163.04999999999998,235.0
2024-04-12 14:35:00,FX:EURJPY,163.04999999999998,163.063,163.041,163.046,242.0
2024-04-12 14:36:00,FX:EURJPY,163.046,163.046,163.034,163.03699999999998,218.0
2024-04-12 14:37:00,FX:EURJPY,163.03699999999998,163.03799999999998,163.016,163.022,254.0
2024-04-12 14:38:00,FX:EURJPY,163.022,163.02499999999998,163.003,163.011,352.0
2024-04-12 14:39:00,FX:EURJPY,163.011,163.01899999999998,162.98499999999999,162.989,380.0
2024-04-12 14:40:00,FX:EURJPY,162.989,163.005,162.987,163.005,342.0
2024-04-12 14:41:00,FX:EURJPY,163.005,163.01399999999998,162.999,163.005,270.0
2024-04-12 14:42:00,FX:EURJPY,163.005,163.033,163.00199999999998,163.01399999999998,379.0
2024-04-12 14:43:00,FX:EURJPY,163.01399999999998,163.018,162.993,162.993,330.0
2024-04-12 14:44:00,FX:EURJPY,162.993,162.995,162.982,162.98499999999999,294.0
2024-04-12 14:45:00,FX:EURJPY,162.98499999999999,163.0,162.983,162.986,246.0
2024-04-12 14:46:00,FX:EURJPY,162.986,163.015,162.98499999999999,163.01,258.0
2024-04-12 14:47:00,FX:EURJPY,163.01,163.011,163.00199999999998,163.00799999999998,201.0
2024-04-12 14:48:00,FX:EURJPY,163.00799999999998,163.00799999999998,163.0,163.004,186.0
2024-04-12 14:49:00,FX:EURJPY,163.004,163.016,163.003,163.01,186.0
2024-04-12 14:50:00,FX:EURJPY,163.01,163.018,163.00199999999998,163.011,184.0
2024-04-12 14:51:00,FX:EURJPY,163.011,163.016,163.01,163.011,185.0
2024-04-12 14:52:00,FX:EURJPY,163.011,163.01299999999998,163.005,163.006,127.0
2024-04-12 14:53:00,FX:EURJPY,163.006,163.01299999999998,163.004,163.007,296.0
2024-04-12 14:54:00,FX:EURJPY,163.007,163.01999999999998,163.007,163.017,169.0
2024-04-12 14:55:00,FX:EURJPY,163.017,163.01899999999998,163.01399999999998,163.018,154.0
2024-04-12 14:56:00,FX:EURJPY,163.018,163.023,163.01299999999998,163.015,268.0
2024-04-12 14:57:00,FX:EURJPY,163.015,163.027,163.015,163.02599999999998,223.0
2024-04-12 14:58:00,FX:EURJPY,163.02599999999998,163.036,163.022,163.022,196.0
2024-04-12 14:59:00,FX:EURJPY,163.022,163.024,163.00199999999998,163.004,340.0
2024-04-12 15:00:00,FX:EURJPY,163.004,163.00799999999998,162.99699999999999,163.007,168.0
2024-04-12 15:01:00,FX:EURJPY,163.007,163.01899999999998,163.006,163.01399999999998,147.0
2024-04-12 15:02:00,FX:EURJPY,163.01399999999998,163.024,163.01299999999998,163.024,107.0
2024-04-12 15:03:00,FX:EURJPY,163.024,163.033,163.01999999999998,163.028,190.0
2024-04-12 15:04:00,FX:EURJPY,163.028,163.03799999999998,163.02599999999998,163.033,261.0
2024-04-12 15:05:00,FX:EURJPY,163.033,163.039,163.02499999999998,163.028,204.0
2024-04-12 15:06:00,FX:EURJPY,163.028,163.033,163.016,163.017,277.0
2024-04-12 15:07:00,FX:EURJPY,163.017,163.03,163.016,163.023,313.0
2024-04-12 15:08:00,FX:EURJPY,163.023,163.02499999999998,163.006,163.009,278.0
2024-04-12 15:09:00,FX:EURJPY,163.009,163.01,163.001,163.00799999999998,207.0
2024-04-12 15:10:00,FX:EURJPY,163.00799999999998,163.011,162.983,162.987,289.0
2024-04-12 15:11:00,FX:EURJPY,162.987,162.99599999999998,162.982,162.986,255.0
2024-04-12 15:12:00,FX:EURJPY,162.986,163.00199999999998,162.982,162.982,244.0
2024-04-12 15:13:00,FX:EURJPY,162.982,162.98399999999998,162.96699999999998,162.968,169.0
2024-04-12 15:14:00,FX:EURJPY,162.968,162.974,162.96699999999998,162.971,95.0
2024-04-12 15:15:00,FX:EURJPY,162.971,162.971,162.96099999999998,162.96099999999998,139.0
2024-04-12 15:16:00,FX:EURJPY,162.96099999999998,162.98,162.96099999999998,162.971,172.0
2024-04-12 15:17:00,FX:EURJPY,162.971,162.981,162.965,162.968,161.0
2024-04-12 15:18:00,FX:EURJPY,162.968,162.97299999999998,162.962,162.965,96.0
2024-04-12 15:19:00,FX:EURJPY,162.965,162.977,162.965,162.974,150.0
2024-04-12 15:20:00,FX:EURJPY,162.974,162.982,162.97199999999998,162.975,180.0
2024-04-12 15:21:00,FX:EURJPY,162.975,162.986,162.96599999999998,162.97799999999998,157.0
2024-04-12 15:22:00,FX:EURJPY,162.97799999999998,162.97799999999998,162.97199999999998,162.974,146.0
2024-04-12 15:23:00,FX:EURJPY,162.974,162.98999999999998,162.974,162.989,183.0
2024-04-12 15:24:00,FX:EURJPY,162.989,162.992,162.983,162.98399999999998,135.0
2024-04-12 15:25:00,FX:EURJPY,162.98399999999998,163.01299999999998,162.98399999999998,163.004,331.0
2024-04-12 15:26:00,FX:EURJPY,163.004,163.005,162.995,162.999,186.0
2024-04-12 15:27:00,FX:EURJPY,162.999,163.005,162.987,162.989,162.0
2024-04-12 15:28:00,FX:EURJPY,162.989,162.994,162.981,162.99099999999999,178.0
2024-04-12 15:29:00,FX:EURJPY,162.99099999999999,163.003,162.989,163.00199999999998,222.0
2024-04-12 15:30:00,FX:EURJPY,163.00199999999998,163.02499999999998,163.00199999999998,163.01299999999998,224.0
2024-04-12 15:31:00,FX:EURJPY,163.01299999999998,163.017,163.005,163.016,299.0
2024-04-12 15:32:00,FX:EURJPY,163.016,163.03799999999998,163.016,163.036,245.0
2024-04-12 15:33:00,FX:EURJPY,163.036,163.042,163.02499999999998,163.02499999999998,305.0
2024-04-12 15:34:00,FX:EURJPY,163.02499999999998,163.034,163.016,163.016,301.0
2024-04-12 15:35:00,FX:EURJPY,163.016,163.024,163.01299999999998,163.024,224.0
2024-04-12 15:36:00,FX:EURJPY,163.024,163.024,163.01399999999998,163.015,277.0
2024-04-12 15:37:00,FX:EURJPY,163.015,163.01999999999998,163.001,163.001,186.0
2024-04-12 15:38:00,FX:EURJPY,163.001,163.00199999999998,162.97899999999998,162.981,170.0
2024-04-12 15:39:00,FX:EURJPY,162.981,162.987,162.975,162.975,164.0
2024-04-12 15:40:00,FX:EURJPY,162.975,162.98999999999998,162.975,162.98499999999999,136.0
2024-04-12 15:41:00,FX:EURJPY,162.98499999999999,163.0,162.98499999999999,163.0,135.0
2024-04-12 15:42:00,FX:EURJPY,163.0,163.015,162.995,163.01399999999998,216.0
2024-04-12 15:43:00,FX:EURJPY,163.01399999999998,163.028,163.01399999999998,163.024,288.0
2024-04-12 15:44:00,FX:EURJPY,163.024,163.034,163.021,163.03199999999998,203.0
2024-04-12 15:45:00,FX:EURJPY,163.03199999999998,163.064,163.03099999999998,163.06099999999998,176.0
2024-04-12 15:46:00,FX:EURJPY,163.06099999999998,163.065,163.04999999999998,163.051,222.0
2024-04-12 15:47:00,FX:EURJPY,163.051,163.05599999999998,163.036,163.04,265.0
2024-04-12 15:48:00,FX:EURJPY,163.04,163.047,163.033,163.042,238.0
2024-04-12 15:49:00,FX:EURJPY,163.042,163.052,163.039,163.046,214.0
2024-04-12 15:50:00,FX:EURJPY,163.046,163.048,163.028,163.03,272.0
2024-04-12 15:51:00,FX:EURJPY,163.03,163.03699999999998,163.01899999999998,163.01899999999998,223.0
2024-04-12 15:52:00,FX:EURJPY,163.01899999999998,163.027,163.016,163.024,268.0
2024-04-12 15:53:00,FX:EURJPY,163.024,163.02499999999998,163.017,163.017,271.0
2024-04-12 15:54:00,FX:EURJPY,163.017,163.02599999999998,163.015,163.021,174.0
2024-04-12 15:55:00,FX:EURJPY,163.021,163.036,163.021,163.034,186.0
2024-04-12 15:56:00,FX:EURJPY,163.034,163.034,163.01999999999998,163.023,189.0
2024-04-12 15:57:00,FX:EURJPY,163.023,163.029,163.023,163.02499999999998,190.0
2024-04-12 15:58:00,FX:EURJPY,163.02499999999998,163.033,163.024,163.02599999999998,282.0
2024-04-12 15:59:00,FX:EURJPY,163.02599999999998,163.03,163.01299999999998,163.018,267.0
2024-04-12 16:00:00,FX:EURJPY,163.018,163.024,163.015,163.023,242.0
2024-04-12 16:01:00,FX:EURJPY,163.023,163.033,163.021,163.028,177.0
2024-04-12 16:02:00,FX:EURJPY,163.028,163.042,163.022,163.039,166.0
2024-04-12 16:03:00,FX:EURJPY,163.039,163.06,163.034,163.058,167.0
2024-04-12 16:04:00,FX:EURJPY,163.058,163.077,163.058,163.077,141.0
2024-04-12 16:05:00,FX:EURJPY,163.077,163.087,163.07399999999998,163.07999999999998,113.0
2024-04-12 16:06:00,FX:EURJPY,163.07999999999998,163.088,163.078,163.087,143.0
2024-04-12 16:07:00,FX:EURJPY,163.087,163.095,163.08499999999998,163.089,115.0
2024-04-12 16:08:00,FX:EURJPY,163.089,163.09799999999998,163.088,163.09699999999998,151.0
2024-04-12 16:09:00,FX:EURJPY,163.09699999999998,163.09799999999998,163.093,163.09699999999998,75.0
2024-04-12 16:10:00,FX:EURJPY,163.09699999999998,163.1,163.09099999999998,163.09699999999998,113.0
2024-04-12 16:11:00,FX:EURJPY,163.09699999999998,163.1,163.09199999999998,163.099,151.0
2024-04-12 16:12:00,FX:EURJPY,163.099,163.101,163.07999999999998,163.101,93.0
2024-04-12 16:13:00,FX:EURJPY,163.101,163.12199999999999,163.09799999999998,163.108,183.0
2024-04-12 16:14:00,FX:EURJPY,163.108,163.108,163.096,163.1,71.0
2024-04-12 16:15:00,FX:EURJPY,163.1,163.1,163.094,163.095,59.0
2024-04-12 16:16:00,FX:EURJPY,163.095,163.096,163.065,163.06699999999998,90.0
2024-04-12 16:17:00,FX:EURJPY,163.06699999999998,163.082,163.06699999999998,163.07899999999998,86.0
2024-04-12 16:18:00,FX:EURJPY,163.07899999999998,163.08599999999998,163.076,163.083,152.0
2024-04-12 16:19:00,FX:EURJPY,163.083,163.088,163.07399999999998,163.07999999999998,107.0
2024-04-12 16:20:00,FX:EURJPY,163.07999999999998,163.082,163.07399999999998,163.082,122.0
2024-04-12 16:21:00,FX:EURJPY,163.082,163.084,163.053,163.07,105.0
2024-04-12 16:22:00,FX:EURJPY,163.07,163.08599999999998,163.06699999999998,163.084,86.0
2024-04-12 16:23:00,FX:EURJPY,163.084,163.09099999999998,163.081,163.084,35.0
2024-04-12 16:24:00,FX:EURJPY,163.084,163.08499999999998,163.07899999999998,163.08499999999998,44.0
2024-04-12 16:25:00,FX:EURJPY,163.08499999999998,163.09199999999998,163.083,163.08499999999998,79.0
2024-04-12 16:26:00,FX:EURJPY,163.08499999999998,163.08599999999998,163.078,163.081,70.0
2024-04-12 16:27:00,FX:EURJPY,163.081,163.09199999999998,163.081,163.09199999999998,43.0
2024-04-12 16:28:00,FX:EURJPY,163.09199999999998,163.093,163.084,163.08499999999998,45.0
2024-04-12 16:29:00,FX:EURJPY,163.08499999999998,163.095,163.081,163.083,151.0
2024-04-12 16:30:00,FX:EURJPY,163.083,163.105,163.07899999999998,163.101,91.0
2024-04-12 16:31:00,FX:EURJPY,163.101,163.10299999999998,163.09,163.093,40.0
2024-04-12 16:32:00,FX:EURJPY,163.093,163.096,163.07299999999998,163.076,59.0
2024-04-12 16:33:00,FX:EURJPY,163.076,163.07999999999998,163.07299999999998,163.07899999999998,36.0
2024-04-12 16:34:00,FX:EURJPY,163.07899999999998,163.07999999999998,163.065,163.066,48.0
2024-04-12 16:35:00,FX:EURJPY,163.066,163.07,163.063,163.066,46.0
2024-04-12 16:36:00,FX:EURJPY,163.066,163.08599999999998,163.064,163.082,76.0
2024-04-12 16:37:00,FX:EURJPY,163.082,163.08499999999998,163.07999999999998,163.083,57.0
2024-04-12 16:38:00,FX:EURJPY,163.083,163.083,163.07399999999998,163.075,60.0
2024-04-12 16:39:00,FX:EURJPY,163.075,163.083,163.07399999999998,163.081,32.0
2024-04-12 16:40:00,FX:EURJPY,163.081,163.093,163.075,163.09099999999998,98.0
2024-04-12 16:41:00,FX:EURJPY,163.09099999999998,163.102,163.09099999999998,163.09699999999998,97.0
2024-04-12 16:42:00,FX:EURJPY,163.09699999999998,163.099,163.09,163.094,61.0
2024-04-12 16:43:00,FX:EURJPY,163.094,163.1,163.08499999999998,163.09799999999998,121.0
2024-04-12 16:44:00,FX:EURJPY,163.09799999999998,163.10399999999998,163.096,163.099,73.0
2024-04-12 16:45:00,FX:EURJPY,163.099,163.107,163.096,163.102,87.0
2024-04-12 16:46:00,FX:EURJPY,163.102,163.105,163.09699999999998,163.101,95.0
2024-04-12 16:47:00,FX:EURJPY,163.101,163.107,163.095,163.09699999999998,75.0
2024-04-12 16:48:00,FX:EURJPY,163.09699999999998,163.10999999999999,163.09199999999998,163.10999999999999,87.0
2024-04-12 16:49:00,FX:EURJPY,163.10999999999999,163.12699999999998,163.101,163.124,134.0
2024-04-12 16:50:00,FX:EURJPY,163.124,163.125,163.10999999999999,163.117,151.0
2024-04-12 16:51:00,FX:EURJPY,163.117,163.125,163.111,163.12199999999999,128.0
2024-04-12 16:52:00,FX:EURJPY,163.12199999999999,163.137,163.118,163.12099999999998,144.0
2024-04-12 16:53:00,FX:EURJPY,163.12099999999998,163.12199999999999,163.10899999999998,163.112,132.0
2024-04-12 16:54:00,FX:EURJPY,163.112,163.119,163.10299999999998,163.11599999999999,124.0
2024-04-12 16:55:00,FX:EURJPY,163.11599999999999,163.15599999999998,163.057,163.065,278.0
2024-04-12 16:56:00,FX:EURJPY,163.065,163.08499999999998,163.01,163.041,159.0
2024-04-12 16:57:00,FX:EURJPY,163.041,163.075,162.96599999999998,162.987,78.0
2024-04-12 16:58:00,FX:EURJPY,162.987,162.987,162.964,162.964,1.0
2024-04-14 17:05:00,FX:EURJPY,162.748,162.748,162.732,162.732,1.0
2024-04-14 17:06:00,FX:EURJPY,162.732,162.773,162.72799999999998,162.766,1069.0
2024-04-14 17:07:00,FX:EURJPY,162.766,162.773,162.731,162.765,188.0
2024-04-14 17:08:00,FX:EURJPY,162.765,162.765,162.70999999999998,162.70999999999998,1.0
2024-04-14 17:09:00,FX:EURJPY,162.70999999999998,162.70999999999998,162.70999999999998,162.70999999999998,2.0
2024-04-14 17:10:00,FX:EURJPY,162.70999999999998,162.719,162.70999999999998,162.719,1.0
2024-04-14 17:14:00,FX:EURJPY,162.719,162.78199999999998,162.719,162.78199999999998,4.0
2024-04-14 17:19:00,FX:EURJPY,162.78199999999998,162.78199999999998,162.755,162.755,1.0
2024-04-14 17:20:00,FX:EURJPY,162.755,162.755,162.73,162.73,2.0
2024-04-14 17:23:00,FX:EURJPY,162.73,162.755,162.73,162.73399999999998,5.0
2024-04-14 17:24:00,FX:EURJPY,162.73399999999998,162.749,162.73399999999998,162.749,2.0
2024-04-14 17:25:00,FX:EURJPY,162.749,162.761,162.72799999999998,162.72799999999998,8.0
2024-04-14 17:29:00,FX:EURJPY,162.72799999999998,162.72799999999998,162.702,162.702,2.0
2024-04-14 17:31:00,FX:EURJPY,162.702,162.702,162.7,162.7,1.0
2024-04-14 17:32:00,FX:EURJPY,162.7,162.707,162.68699999999998,162.694,34.0
2024-04-14 17:33:00,FX:EURJPY,162.694,162.697,162.694,162.697,5.0
2024-04-14 17:35:00,FX:EURJPY,162.697,162.703,162.697,162.703,2.0
2024-04-14 17:36:00,FX:EURJPY,162.703,162.74699999999999,162.703,162.703,37.0
2024-04-14 17:37:00,FX:EURJPY,162.703,162.706,162.689,162.694,24.0
2024-04-14 17:38:00,FX:EURJPY,162.694,162.726,162.694,162.70999999999998,30.0
2024-04-14 17:39:00,FX:EURJPY,162.70999999999998,162.71599999999998,162.70999999999998,162.714,9.0
2024-04-14 17:40:00,FX:EURJPY,162.714,162.72,162.709,162.714,23.0
2024-04-14 17:41:00,FX:EURJPY,162.714,162.71699999999998,162.70499999999998,162.71699999999998,27.0
2024-04-14 17:42:00,FX:EURJPY,162.71699999999998,162.724,162.714,162.724,41.0
2024-04-14 17:43:00,FX:EURJPY,162.724,162.73399999999998,162.713,162.731,263.0
2024-04-14 17:44:00,FX:EURJPY,162.731,162.778,162.724,162.766,257.0
2024-04-14 17:45:00,FX:EURJPY,162.766,162.772,162.71599999999998,162.71699999999998,362.0
2024-04-14 17:46:00,FX:EURJPY,162.71699999999998,162.71699999999998,162.653,162.667,145.0
2024-04-14 17:47:00,FX:EURJPY,162.667,162.691,162.646,162.659,125.0
2024-04-14 17:48:00,FX:EURJPY,162.659,162.69299999999998,162.646,162.69199999999998,85.0
2024-04-14 17:49:00,FX:EURJPY,162.69199999999998,162.73499999999999,162.672,162.732,166.0
2024-04-14 17:50:00,FX:EURJPY,162.732,162.732,162.703,162.70499999999998,71.0
2024-04-14 17:51:00,FX:EURJPY,162.70499999999998,162.718,162.67499999999998,162.71699999999998,44.0
2024-04-14 17:52:00,FX:EURJPY,162.71699999999998,162.724,162.678,162.713,84.0
2024-04-14 17:53:00,FX:EURJPY,162.713,162.713,162.691,162.70399999999998,30.0
2024-04-14 17:54:00,FX:EURJPY,162.70399999999998,162.725,162.70399999999998,162.725,3.0
2024-04-14 17:55:00,FX:EURJPY,162.725,162.738,162.708,162.721,7.0
2024-04-14 17:56:00,FX:EURJPY,162.721,162.725,162.721,162.725,3.0
2024-04-14 17:57:00,FX:EURJPY,162.725,162.733,162.724,162.727,6.0
2024-04-14 17:58:00,FX:EURJPY,162.727,162.75,162.713,162.713,251.0
2024-04-14 17:59:00,FX:EURJPY,162.713,162.869,162.713,162.826,16.0
2024-04-14 18:00:00,FX:EURJPY,162.826,162.97199999999998,162.821,162.87199999999999,409.0
2024-04-14 18:01:00,FX:EURJPY,162.87199999999999,162.983,162.87199999999999,162.97199999999998,433.0
2024-04-14 18:02:00,FX:EURJPY,162.97199999999998,163.006,162.898,162.929,606.0
2024-04-14 18:03:00,FX:EURJPY,162.929,162.98,162.916,162.95499999999998,304.0
2024-04-14 18:04:00,FX:EURJPY,162.95499999999998,162.987,162.92399999999998,162.93099999999998,259.0
2024-04-14 18:05:00,FX:EURJPY,162.93099999999998,162.952,162.90099999999998,162.905,376.0
2024-04-14 18:06:00,FX:EURJPY,162.905,162.91799999999998,162.882,162.903,290.0
2024-04-14 18:07:00,FX:EURJPY,162.903,162.904,162.875,162.88799999999998,220.0
2024-04-14 18:08:00,FX:EURJPY,162.88799999999998,162.951,162.88799999999998,162.946,293.0
2024-04-14 18:09:00,FX:EURJPY,162.946,162.98,162.94299999999998,162.95999999999998,187.0
2024-04-14 18:10:00,FX:EURJPY,162.95999999999998,162.99599999999998,162.934,162.99599999999998,307.0
2024-04-14 18:11:00,FX:EURJPY,162.99599999999998,163.00799999999998,162.97799999999998,162.994,153.0
2024-04-14 18:12:00,FX:EURJPY,162.994,163.006,162.988,162.98999999999998,100.0
2024-04-14 18:13:00,FX:EURJPY,162.98999999999998,162.993,162.958,162.96099999999998,173.0
2024-04-14 18:14:00,FX:EURJPY,162.96099999999998,162.968,162.95499999999998,162.963,162.0
2024-04-14 18:15:00,FX:EURJPY,162.963,162.96599999999998,162.95499999999998,162.96599999999998,171.0
2024-04-14 18:16:00,FX:EURJPY,162.96599999999998,162.98499999999999,162.96599999999998,162.97799999999998,106.0
2024-04-14 18:17:00,FX:EURJPY,162.97799999999998,163.005,162.975,162.99699999999999,117.0
2024-04-14 18:18:00,FX:EURJPY,162.99699999999999,163.01,162.98399999999998,162.988,355.0
2024-04-14 18:19:00,FX:EURJPY,162.988,163.016,162.988,163.004,127.0
2024-04-14 18:20:00,FX:EURJPY,163.004,163.03699999999998,163.0,163.03699999999998,179.0
2024-04-14 18:21:00,FX:EURJPY,163.03699999999998,163.081,163.028,163.06799999999998,229.0
2024-04-14 18:22:00,FX:EURJPY,163.06799999999998,163.107,163.06,163.09699999999998,189.0
2024-04-14 18:23:00,FX:EURJPY,163.09699999999998,163.12099999999998,163.09699999999998,163.12099999999998,277.0
2024-04-14 18:24:00,FX:EURJPY,163.12099999999998,163.15599999999998,163.112,163.143,187.0
2024-04-14 18:25:00,FX:EURJPY,163.143,163.18599999999998,163.143,163.18099999999998,180.0
2024-04-14 18:26:00,FX:EURJPY,163.18099999999998,163.189,163.155,163.164,206.0
2024-04-14 18:27:00,FX:EURJPY,163.164,163.171,163.15099999999998,163.155,111.0
2024-04-14 18:28:00,FX:EURJPY,163.155,163.178,163.146,163.17499999999998,203.0
2024-04-14 18:29:00,FX:EURJPY,163.17499999999998,163.176,163.155,163.164,246.0
2024-04-14 18:30:00,FX:EURJPY,163.164,163.191,163.16299999999998,163.191,226.0
2024-04-14 18:31:00,FX:EURJPY,163.191,163.197,163.15699999999998,163.161,401.0
2024-04-14 18:32:00,FX:EURJPY,163.161,163.16299999999998,163.135,163.141,291.0
2024-04-14 18:33:00,FX:EURJPY,163.141,163.148,163.136,163.146,126.0
2024-04-14 18:34:00,FX:EURJPY,163.146,163.146,163.12099999999998,163.13299999999998,136.0
2024-04-14 18:35:00,FX:EURJPY,163.13299999999998,163.148,163.101,163.113,221.0
2024-04-14 18:36:00,FX:EURJPY,163.113,163.114,163.101,163.105,73.0
2024-04-14 18:37:00,FX:EURJPY,163.105,163.14399999999998,163.099,163.143,72.0
2024-04-14 18:38:00,FX:EURJPY,163.143,163.18599999999998,163.143,163.18099999999998,121.0
2024-04-14 18:39:00,FX:EURJPY,163.18099999999998,163.19,163.16799999999998,163.173,107.0
2024-04-14 18:40:00,FX:EURJPY,163.173,163.178,163.165,163.17,188.0
2024-04-14 18:41:00,FX:EURJPY,163.17,163.173,163.158,163.16899999999998,307.0
2024-04-14 18:42:00,FX:EURJPY,163.16899999999998,163.171,163.147,163.14999999999998,173.0
2024-04-14 18:43:00,FX:EURJPY,163.14999999999998,163.189,163.143,163.18699999999998,164.0
2024-04-14 18:44:00,FX:EURJPY,163.18699999999998,163.189,163.161,163.16199999999998,141.0
2024-04-14 18:45:00,FX:EURJPY,163.16199999999998,163.17499999999998,163.15699999999998,163.173,127.0
2024-04-14 18:46:00,FX:EURJPY,163.173,163.189,163.173,163.17999999999998,114.0
2024-04-14 18:47:00,FX:EURJPY,163.17999999999998,163.188,163.17,163.185,318.0
2024-04-14 18:48:00,FX:EURJPY,163.185,163.20399999999998,163.176,163.18699999999998,332.0
2024-04-14 18:49:00,FX:EURJPY,163.18699999999998,163.195,163.185,163.19299999999998,100.0
2024-04-14 18:50:00,FX:EURJPY,163.19299999999998,163.19299999999998,163.18099999999998,163.18099999999998,102.0
2024-04-14 18:51:00,FX:EURJPY,163.18099999999998,163.196,163.18099999999998,163.195,136.0
2024-04-14 18:52:00,FX:EURJPY,163.195,163.197,163.185,163.19299999999998,122.0
2024-04-14 18:53:00,FX:EURJPY,163.19299999999998,163.233,163.189,163.226,181.0
2024-04-14 18:54:00,FX:EURJPY,163.226,163.23,163.22,163.22199999999998,75.0
2024-04-14 18:55:00,FX:EURJPY,163.22199999999998,163.23,163.213,163.22799999999998,213.0
2024-04-14 18:56:00,FX:EURJPY,163.22799999999998,163.236,163.225,163.233,68.0
2024-04-14 18:57:00,FX:EURJPY,163.233,163.24599999999998,163.231,163.23999999999998,78.0
2024-04-14 18:58:00,FX:EURJPY,163.23999999999998,163.242,163.23,163.236,112.0
2024-04-14 18:59:00,FX:EURJPY,163.236,163.238,163.227,163.23399999999998,111.0
2024-04-14 19:00:00,FX:EURJPY,163.23399999999998,163.23499999999999,163.21599999999998,163.232,263.0
2024-04-14 19:01:00,FX:EURJPY,163.232,163.239,163.172,163.17499999999998,474.0
2024-04-14 19:02:00,FX:EURJPY,163.17499999999998,163.179,163.17,163.177,160.0
2024-04-14 19:03:00,FX:EURJPY,163.177,163.18599999999998,163.165,163.18599999999998,138.0
2024-04-14 19:04:00,FX:EURJPY,163.18599999999998,163.191,163.18099999999998,163.189,177.0
2024-04-14 19:05:00,FX:EURJPY,163.189,163.191,163.182,163.19,130.0
2024-04-14 19:06:00,FX:EURJPY,163.19,163.194,163.183,163.185,126.0
2024-04-14 19:07:00,FX:EURJPY,163.185,163.19199999999998,163.177,163.189,131.0
2024-04-14 19:08:00,FX:EURJPY,163.189,163.189,163.16899999999998,163.172,161.0
2024-04-14 19:09:00,FX:EURJPY,163.172,163.18099999999998,163.164,163.173,89.0
2024-04-14 19:10:00,FX:EURJPY,163.173,163.177,163.155,163.166,120.0
2024-04-14 19:11:00,FX:EURJPY,163.166,163.16799999999998,163.146,163.152,134.0
2024-04-14 19:12:00,FX:EURJPY,163.152,163.161,163.135,163.13799999999998,108.0
2024-04-14 19:13:00,FX:EURJPY,163.13799999999998,163.152,163.13799999999998,163.15099999999998,96.0
2024-04-14 19:14:00,FX:EURJPY,163.15099999999998,163.16299999999998,163.14,163.141,128.0
2024-04-14 19:15:00,FX:EURJPY,163.141,163.153,163.14,163.14999999999998,130.0
2024-04-14 19:16:00,FX:EURJPY,163.14999999999998,163.155,163.147,163.149,62.0
2024-04-14 19:17:00,FX:EURJPY,163.149,163.172,163.146,163.16899999999998,140.0
2024-04-14 19:18:00,FX:EURJPY,163.16899999999998,163.176,163.166,163.171,147.0
2024-04-14 19:19:00,FX:EURJPY,163.171,163.18099999999998,163.165,163.165,177.0
2024-04-14 19:20:00,FX:EURJPY,163.165,163.171,163.161,163.166,127.0
2024-04-14 19:21:00,FX:EURJPY,163.166,163.17,163.154,163.161,173.0
2024-04-14 19:22:00,FX:EURJPY,163.161,163.177,163.155,163.15599999999998,168.0
2024-04-14 19:23:00,FX:EURJPY,163.15599999999998,163.158,163.143,163.15599999999998,82.0
2024-04-14 19:24:00,FX:EURJPY,163.15599999999998,163.16799999999998,163.152,163.16799999999998,108.0
2024-04-14 19:25:00,FX:EURJPY,163.16799999999998,163.16799999999998,163.165,163.166,113.0
2024-04-14 19:26:00,FX:EURJPY,163.166,163.178,163.159,163.177,113.0
2024-04-14 19:27:00,FX:EURJPY,163.177,163.189,163.176,163.177,86.0
2024-04-14 19:28:00,FX:EURJPY,163.177,163.188,163.176,163.18599999999998,138.0
2024-04-14 19:29:00,FX:EURJPY,163.18599999999998,163.18599999999998,163.173,163.17399999999998,177.0
2024-04-14 19:30:00,FX:EURJPY,163.17399999999998,163.195,163.172,163.18099999999998,174.0
2024-04-14 19:31:00,FX:EURJPY,163.18099999999998,163.19899999999998,163.179,163.196,99.0
2024-04-14 19:32:00,FX:EURJPY,163.196,163.202,163.19,163.19799999999998,123.0
2024-04-14 19:33:00,FX:EURJPY,163.19799999999998,163.2,163.177,163.189,127.0
2024-04-14 19:34:00,FX:EURJPY,163.189,163.19299999999998,163.18599999999998,163.189,71.0
2024-04-14 19:35:00,FX:EURJPY,163.189,163.19,163.177,163.182,60.0
2024-04-14 19:36:00,FX:EURJPY,163.182,163.197,163.182,163.188,105.0
2024-04-14 19:37:00,FX:EURJPY,163.188,163.19199999999998,163.178,163.189,70.0
2024-04-14 19:38:00,FX:EURJPY,163.189,163.197,163.18599999999998,163.189,79.0
2024-04-14 19:39:00,FX:EURJPY,163.189,163.202,163.17999999999998,163.196,125.0
2024-04-14 19:40:00,FX:EURJPY,163.196,163.19799999999998,163.182,163.185,137.0
2024-04-14 19:41:00,FX:EURJPY,163.185,163.191,163.176,163.184,130.0
2024-04-14 19:42:00,FX:EURJPY,163.184,163.19199999999998,163.17999999999998,163.185,201.0
2024-04-14 19:43:00,FX:EURJPY,163.185,163.195,163.184,163.19299999999998,157.0
2024-04-14 19:44:00,FX:EURJPY,163.19299999999998,163.194,163.179,163.184,138.0
2024-04-14 19:45:00,FX:EURJPY,163.184,163.19299999999998,163.173,163.19299999999998,118.0
2024-04-14 19:46:00,FX:EURJPY,163.19299999999998,163.197,163.178,163.19199999999998,158.0
2024-04-14 19:47:00,FX:EURJPY,163.19199999999998,163.19899999999998,163.18099999999998,163.197,138.0
2024-04-14 19:48:00,FX:EURJPY,163.197,163.208,163.189,163.19899999999998,139.0
2024-04-14 19:49:00,FX:EURJPY,163.19899999999998,163.207,163.194,163.195,123.0
2024-04-14 19:50:00,FX:EURJPY,163.195,163.201,163.182,163.19899999999998,177.0
2024-04-14 19:51:00,FX:EURJPY,163.19899999999998,163.2,163.17499999999998,163.183,172.0
2024-04-14 19:52:00,FX:EURJPY,163.183,163.201,163.17999999999998,163.19,236.0
2024-04-14 19:53:00,FX:EURJPY,163.19,163.213,163.18699999999998,163.20399999999998,208.0
2024-04-14 19:54:00,FX:EURJPY,163.20399999999998,163.218,163.19,163.201,195.0
2024-04-14 19:55:00,FX:EURJPY,163.201,163.218,163.19199999999998,163.209,245.0
2024-04-14 19:56:00,FX:EURJPY,163.209,163.233,163.206,163.21599999999998,261.0
2024-04-14 19:57:00,FX:EURJPY,163.21599999999998,163.25,163.197,163.213,306.0
2024-04-14 19:58:00,FX:EURJPY,163.213,163.23999999999998,163.202,163.22,303.0
2024-04-14 19:59:00,FX:EURJPY,163.22,163.23399999999998,163.20499999999998,163.208,380.0
2024-04-14 20:00:00,FX:EURJPY,163.208,163.239,163.203,163.22199999999998,527.0
2024-04-14 20:01:00,FX:EURJPY,163.22199999999998,163.232,163.207,163.22199999999998,379.0
2024-04-14 20:02:00,FX:EURJPY,163.22199999999998,163.237,163.19299999999998,163.202,285.0
2024-04-14 20:03:00,FX:EURJPY,163.202,163.21699999999998,163.195,163.196,250.0
2024-04-14 20:04:00,FX:EURJPY,163.196,163.21599999999998,163.18099999999998,163.197,299.0
2024-04-14 20:05:00,FX:EURJPY,163.197,163.201,163.189,163.189,292.0
2024-04-14 20:06:00,FX:EURJPY,163.189,163.22299999999998,163.172,163.22199999999998,322.0
2024-04-14 20:07:00,FX:EURJPY,163.22199999999998,163.226,163.208,163.21599999999998,196.0
2024-04-14 20:08:00,FX:EURJPY,163.21599999999998,163.233,163.206,163.226,174.0
2024-04-14 20:09:00,FX:EURJPY,163.226,163.265,163.22,163.262,201.0
2024-04-14 20:10:00,FX:EURJPY,163.262,163.273,163.24099999999999,163.273,200.0
2024-04-14 20:11:00,FX:EURJPY,163.273,163.29299999999998,163.256,163.271,260.0
2024-04-14 20:12:00,FX:EURJPY,163.271,163.28,163.254,163.255,215.0
2024-04-14 20:13:00,FX:EURJPY,163.255,163.286,163.24699999999999,163.268,150.0
2024-04-14 20:14:00,FX:EURJPY,163.268,163.273,163.24699999999999,163.25799999999998,136.0
2024-04-14 20:15:00,FX:EURJPY,163.25799999999998,163.26,163.224,163.23,193.0
2024-04-14 20:16:00,FX:EURJPY,163.23,163.24099999999999,163.22,163.231,238.0
2024-04-14 20:17:00,FX:EURJPY,163.231,163.23999999999998,163.21599999999998,163.221,282.0
2024-04-14 20:18:00,FX:EURJPY,163.221,163.242,163.213,163.23999999999998,316.0
2024-04-14 20:19:00,FX:EURJPY,163.23999999999998,163.23999999999998,163.182,163.184,359.0
2024-04-14 20:20:00,FX:EURJPY,163.184,163.20499999999998,163.183,163.189,342.0
2024-04-14 20:21:00,FX:EURJPY,163.189,163.201,163.177,163.182,334.0
2024-04-14 20:22:00,FX:EURJPY,163.182,163.208,163.18099999999998,163.203,193.0
2024-04-14 20:23:00,FX:EURJPY,163.203,163.213,163.19799999999998,163.20499999999998,195.0
2024-04-14 20:24:00,FX:EURJPY,163.20499999999998,163.21699999999998,163.202,163.213,160.0
2024-04-14 20:25:00,FX:EURJPY,163.213,163.23,163.213,163.225,192.0
2024-04-14 20:26:00,FX:EURJPY,163.225,163.245,163.224,163.237,276.0
2024-04-14 20:27:00,FX:EURJPY,163.237,163.251,163.232,163.248,219.0
2024-04-14 20:28:00,FX:EURJPY,163.248,163.261,163.238,163.26,250.0
2024-04-14 20:29:00,FX:EURJPY,163.26,163.278,163.248,163.267,330.0
2024-04-14 20:30:00,FX:EURJPY,163.267,163.279,163.253,163.26,371.0
2024-04-14 20:31:00,FX:EURJPY,163.26,163.268,163.249,163.26299999999998,354.0
2024-04-14 20:32:00,FX:EURJPY,163.26299999999998,163.26399999999998,163.249,163.256,220.0
2024-04-14 20:33:00,FX:EURJPY,163.256,163.285,163.255,163.266,259.0
2024-04-14 20:34:00,FX:EURJPY,163.266,163.285,163.265,163.28099999999998,194.0
2024-04-14 20:35:00,FX:EURJPY,163.28099999999998,163.28699999999998,163.267,163.283,177.0
2024-04-14 20:36:00,FX:EURJPY,163.283,163.292,163.28,163.28,136.0
2024-04-14 20:37:00,FX:EURJPY,163.28,163.292,163.27499999999998,163.279,154.0
2024-04-14 20:38:00,FX:EURJPY,163.279,163.285,163.271,163.271,111.0
2024-04-14 20:39:00,FX:EURJPY,163.271,163.29399999999998,163.271,163.29,132.0
2024-04-14 20:40:00,FX:EURJPY,163.29,163.307,163.289,163.29999999999998,151.0
2024-04-14 20:41:00,FX:EURJPY,163.29999999999998,163.31099999999998,163.297,163.309,144.0
2024-04-14 20:42:00,FX:EURJPY,163.309,163.31,163.295,163.29899999999998,159.0
2024-04-14 20:43:00,FX:EURJPY,163.29899999999998,163.307,163.29299999999998,163.302,131.0
2024-04-14 20:44:00,FX:EURJPY,163.302,163.302,163.291,163.29999999999998,164.0
2024-04-14 20:45:00,FX:EURJPY,163.29999999999998,163.313,163.29999999999998,163.301,101.0
2024-04-14 20:46:00,FX:EURJPY,163.301,163.309,163.292,163.29999999999998,112.0
2024-04-14 20:47:00,FX:EURJPY,163.29999999999998,163.314,163.298,163.29999999999998,90.0
2024-04-14 20:48:00,FX:EURJPY,163.29999999999998,163.313,163.297,163.301,129.0
2024-04-14 20:49:00,FX:EURJPY,163.301,163.30499999999998,163.284,163.285,121.0
2024-04-14 20:50:00,FX:EURJPY,163.285,163.28799999999998,163.28099999999998,163.28699999999998,122.0
2024-04-14 20:51:00,FX:EURJPY,163.28699999999998,163.28699999999998,163.266,163.271,225.0
2024-04-14 20:52:00,FX:EURJPY,163.271,163.296,163.262,163.28799999999998,219.0
2024-04-14 20:53:00,FX:EURJPY,163.28799999999998,163.31199999999998,163.284,163.307,181.0
2024-04-14 20:54:00,FX:EURJPY,163.307,163.339,163.29999999999998,163.333,563.0
2024-04-14 20:55:00,FX:EURJPY,163.333,163.367,163.328,163.34199999999998,815.0
2024-04-14 20:56:00,FX:EURJPY,163.34199999999998,163.346,163.313,163.322,280.0
2024-04-14 20:57:00,FX:EURJPY,163.322,163.327,163.302,163.308,219.0
2024-04-14 20:58:00,FX:EURJPY,163.308,163.319,163.30599999999998,163.313,162.0
2024-04-14 20:59:00,FX:EURJPY,163.313,163.369,163.31,163.368,279.0
2024-04-14 21:00:00,FX:EURJPY,163.368,163.385,163.356,163.374,310.0
2024-04-14 21:01:00,FX:EURJPY,163.374,163.387,163.36599999999999,163.385,205.0
2024-04-14 21:02:00,FX:EURJPY,163.385,163.39999999999998,163.357,163.37,340.0
2024-04-14 21:03:00,FX:EURJPY,163.37,163.384,163.36499999999998,163.38,144.0
2024-04-14 21:04:00,FX:EURJPY,163.38,163.399,163.376,163.391,183.0
2024-04-14 21:05:00,FX:EURJPY,163.391,163.595,163.35399999999998,163.509,1060.0
2024-04-14 21:06:00,FX:EURJPY,163.509,163.55599999999998,163.509,163.554,578.0
2024-04-14 21:07:00,FX:EURJPY,163.554,163.57999999999998,163.545,163.57,355.0
2024-04-14 21:08:00,FX:EURJPY,163.57,163.596,163.51999999999998,163.54,460.0
2024-04-14 21:09:00,FX:EURJPY,163.54,163.557,163.522,163.536,245.0
2024-04-14 21:10:00,FX:EURJPY,163.536,163.547,163.521,163.53199999999998,213.0
2024-04-14 21:11:00,FX:EURJPY,163.53199999999998,163.56,163.527,163.54399999999998,344.0
2024-04-14 21:12:00,FX:EURJPY,163.54399999999998,163.56199999999998,163.50799999999998,163.51,306.0
2024-04-14 21:13:00,FX:EURJPY,163.51,163.518,163.483,163.501,304.0
2024-04-14 21:14:00,FX:EURJPY,163.501,163.509,163.45399999999998,163.46599999999998,309.0
2024-04-14 21:15:00,FX:EURJPY,163.46599999999998,163.47,163.415,163.44799999999998,435.0
2024-04-14 21:16:00,FX:EURJPY,163.44799999999998,163.47799999999998,163.44,163.464,347.0
2024-04-14 21:17:00,FX:EURJPY,163.464,163.47799999999998,163.451,163.458,289.0
2024-04-14 21:18:00,FX:EURJPY,163.458,163.488,163.456,163.468,273.0
2024-04-14 21:19:00,FX:EURJPY,163.468,163.50199999999998,163.464,163.486,251.0
2024-04-14 21:20:00,FX:EURJPY,163.486,163.515,163.486,163.505,268.0
2024-04-14 21:21:00,FX:EURJPY,163.505,163.51299999999998,163.49099999999999,163.5,310.0
2024-04-14 21:22:00,FX:EURJPY,163.5,163.51,163.492,163.498,203.0
2024-04-14 21:23:00,FX:EURJPY,163.498,163.51999999999998,163.49099999999999,163.51899999999998,268.0
2024-04-14 21:24:00,FX:EURJPY,163.51899999999998,163.52599999999998,163.507,163.51,188.0
2024-04-14 21:25:00,FX:EURJPY,163.51,163.518,163.492,163.498,184.0
2024-04-14 21:26:00,FX:EURJPY,163.498,163.521,163.49699999999999,163.518,159.0
2024-04-14 21:27:00,FX:EURJPY,163.518,163.53099999999998,163.51299999999998,163.516,140.0
2024-04-14 21:28:00,FX:EURJPY,163.516,163.516,163.475,163.477,172.0
2024-04-14 21:29:00,FX:EURJPY,163.477,163.49599999999998,163.477,163.49099999999999,153.0
2024-04-14 21:30:00,FX:EURJPY,163.49099999999999,163.504,163.488,163.50199999999998,186.0
2024-04-14 21:31:00,FX:EURJPY,163.50199999999998,163.522,163.494,163.51,190.0
2024-04-14 21:32:00,FX:EURJPY,163.51,163.521,163.504,163.507,235.0
2024-04-14 21:33:00,FX:EURJPY,163.507,163.51299999999998,163.494,163.504,122.0
2024-04-14 21:34:00,FX:EURJPY,163.504,163.518,163.503,163.511,166.0
2024-04-14 21:35:00,FX:EURJPY,163.511,163.512,163.489,163.506,264.0
2024-04-14 21:36:00,FX:EURJPY,163.506,163.517,163.505,163.51299999999998,176.0
2024-04-14 21:37:00,FX:EURJPY,163.51299999999998,163.522,163.48999999999998,163.49099999999999,191.0
2024-04-14 21:38:00,FX:EURJPY,163.49099999999999,163.501,163.483,163.48999999999998,108.0
2024-04-14 21:39:00,FX:EURJPY,163.48999999999998,163.49099999999999,163.481,163.482,121.0
2024-04-14 21:40:00,FX:EURJPY,163.482,163.48999999999998,163.476,163.483,132.0
2024-04-14 21:41:00,FX:EURJPY,163.483,163.49099999999999,163.471,163.489,185.0
2024-04-14 21:42:00,FX:EURJPY,163.489,163.492,163.48,163.486,145.0
2024-04-14 21:43:00,FX:EURJPY,163.486,163.506,163.48499999999999,163.49699999999999,190.0
2024-04-14 21:44:00,FX:EURJPY,163.49699999999999,163.51,163.494,163.494,128.0
2024-04-14 21:45:00,FX:EURJPY,163.494,163.503,163.489,163.495,93.0
2024-04-14 21:46:00,FX:EURJPY,163.495,163.51899999999998,163.495,163.51299999999998,132.0
2024-04-14 21:47:00,FX:EURJPY,163.51299999999998,163.517,163.501,163.51,168.0
2024-04-14 21:48:00,FX:EURJPY,163.51,163.518,163.51,163.51,97.0
2024-04-14 21:49:00,FX:EURJPY,163.51,163.51,163.49599999999998,163.5,84.0
2024-04-14 21:50:00,FX:EURJPY,163.5,163.507,163.48399999999998,163.501,179.0
2024-04-14 21:51:00,FX:EURJPY,163.501,163.51999999999998,163.501,163.512,166.0
2024-04-14 21:52:00,FX:EURJPY,163.512,163.521,163.5,163.516,199.0
2024-04-14 21:53:00,FX:EURJPY,163.516,163.53099999999998,163.509,163.53,164.0
2024-04-14 21:54:00,FX:EURJPY,163.53,163.548,163.53,163.541,164.0
2024-04-14 21:55:00,FX:EURJPY,163.541,163.54299999999998,163.52599999999998,163.54299999999998,98.0
2024-04-14 21:56:00,FX:EURJPY,163.54299999999998,163.553,163.54,163.542,91.0
2024-04-14 21:57:00,FX:EURJPY,163.542,163.554,163.536,163.542,112.0
2024-04-14 21:58:00,FX:EURJPY,163.542,163.54999999999998,163.542,163.54899999999998,83.0
2024-04-14 21:59:00,FX:EURJPY,163.54899999999998,163.557,163.54299999999998,163.54399999999998,100.0
2024-04-14 22:00:00,FX:EURJPY,163.54399999999998,163.558,163.53699999999998,163.54399999999998,167.0
2024-04-14 22:01:00,FX:EURJPY,163.54399999999998,163.55499999999998,163.534,163.54999999999998,241.0
2024-04-14 22:02:00,FX:EURJPY,163.54999999999998,163.565,163.54899999999998,163.565,188.0
2024-04-14 22:03:00,FX:EURJPY,163.565,163.59099999999998,163.565,163.582,312.0
2024-04-14 22:04:00,FX:EURJPY,163.582,163.59699999999998,163.578,163.59699999999998,262.0
2024-04-14 22:05:00,FX:EURJPY,163.59699999999998,163.608,163.588,163.60399999999998,254.0
2024-04-14 22:06:00,FX:EURJPY,163.60399999999998,163.60999999999999,163.572,163.57899999999998,222.0
2024-04-14 22:07:00,FX:EURJPY,163.57899999999998,163.6,163.578,163.588,277.0
2024-04-14 22:08:00,FX:EURJPY,163.588,163.607,163.584,163.58499999999998,221.0
2024-04-14 22:09:00,FX:EURJPY,163.58499999999998,163.602,163.578,163.599,198.0
2024-04-14 22:10:00,FX:EURJPY,163.599,163.608,163.587,163.607,197.0
2024-04-14 22:11:00,FX:EURJPY,163.607,163.60999999999999,163.596,163.59699999999998,144.0
2024-04-14 22:12:00,FX:EURJPY,163.59699999999998,163.607,163.596,163.59699999999998,174.0
2024-04-14 22:13:00,FX:EURJPY,163.59699999999998,163.602,163.59,163.59799999999998,181.0
2024-04-14 22:14:00,FX:EURJPY,163.59799999999998,163.607,163.587,163.60399999999998,171.0
2024-04-14 22:15:00,FX:EURJPY,163.60399999999998,163.618,163.60399999999998,163.612,140.0
2024-04-14 22:16:00,FX:EURJPY,163.612,163.625,163.612,163.619,85.0
2024-04-14 22:17:00,FX:EURJPY,163.619,163.64,163.618,163.64,184.0
2024-04-14 22:18:00,FX:EURJPY,163.64,163.64499999999998,163.636,163.641,145.0
2024-04-14 22:19:00,FX:EURJPY,163.641,163.649,163.632,163.636,206.0
2024-04-14 22:20:00,FX:EURJPY,163.636,163.64499999999998,163.629,163.64,166.0
2024-04-14 22:21:00,FX:EURJPY,163.64,163.66799999999998,163.64,163.652,279.0
2024-04-14 22:22:00,FX:EURJPY,163.652,163.683,163.647,163.683,234.0
2024-04-14 22:23:00,FX:EURJPY,163.683,163.69199999999998,163.66799999999998,163.671,224.0
2024-04-14 22:24:00,FX:EURJPY,163.671,163.673,163.64999999999998,163.66199999999998,194.0
2024-04-14 22:25:00,FX:EURJPY,163.66199999999998,163.67,163.64399999999998,163.64399999999998,129.0
2024-04-14 22:26:00,FX:EURJPY,163.64399999999998,163.66799999999998,163.64399999999998,163.66,158.0
2024-04-14 22:27:00,FX:EURJPY,163.66,163.66899999999998,163.65599999999998,163.658,107.0
2024-04-14 22:28:00,FX:EURJPY,163.658,163.665,163.64999999999998,163.655,171.0
2024-04-14 22:29:00,FX:EURJPY,163.655,163.67999999999998,163.655,163.678,139.0
2024-04-14 22:30:00,FX:EURJPY,163.678,163.69899999999998,163.678,163.678,134.0
2024-04-14 22:31:00,FX:EURJPY,163.678,163.724,163.677,163.706,233.0
2024-04-14 22:32:00,FX:EURJPY,163.706,163.719,163.69199999999998,163.719,201.0
2024-04-14 22:33:00,FX:EURJPY,163.719,163.72299999999998,163.706,163.718,240.0
2024-04-14 22:34:00,FX:EURJPY,163.718,163.732,163.71699999999998,163.72,222.0
2024-04-14 22:35:00,FX:EURJPY,163.72,163.73,163.71099999999998,163.71699999999998,184.0
2024-04-14 22:36:00,FX:EURJPY,163.71699999999998,163.725,163.714,163.724,136.0
2024-04-14 22:37:00,FX:EURJPY,163.724,163.726,163.706,163.71099999999998,189.0
2024-04-14 22:38:00,FX:EURJPY,163.71099999999998,163.72,163.703,163.714,237.0
2024-04-14 22:39:00,FX:EURJPY,163.714,163.72,163.701,163.713,244.0
2024-04-14 22:40:00,FX:EURJPY,163.713,163.715,163.696,163.707,265.0
2024-04-14 22:41:00,FX:EURJPY,163.707,163.714,163.7,163.712,215.0
2024-04-14 22:42:00,FX:EURJPY,163.712,163.721,163.70499999999998,163.719,193.0
2024-04-14 22:43:00,FX:EURJPY,163.719,163.727,163.70999999999998,163.72299999999998,170.0
2024-04-14 22:44:00,FX:EURJPY,163.72299999999998,163.72799999999998,163.721,163.724,74.0
2024-04-14 22:45:00,FX:EURJPY,163.724,163.725,163.701,163.70499999999998,115.0
2024-04-14 22:46:00,FX:EURJPY,163.70499999999998,163.709,163.696,163.702,135.0
2024-04-14 22:47:00,FX:EURJPY,163.702,163.702,163.683,163.688,129.0
2024-04-14 22:48:00,FX:EURJPY,163.688,163.70399999999998,163.688,163.703,106.0
2024-04-14 22:49:00,FX:EURJPY,163.703,163.724,163.703,163.721,102.0
2024-04-14 22:50:00,FX:EURJPY,163.721,163.725,163.71699999999998,163.724,78.0
2024-04-14 22:51:00,FX:EURJPY,163.724,163.726,163.715,163.718,94.0
2024-04-14 22:52:00,FX:EURJPY,163.718,163.739,163.71099999999998,163.727,171.0
2024-04-14 22:53:00,FX:EURJPY,163.727,163.73,163.72,163.72199999999998,233.0
2024-04-14 22:54:00,FX:EURJPY,163.72199999999998,163.736,163.72,163.732,162.0
2024-04-14 22:55:00,FX:EURJPY,163.732,163.73399999999998,163.71699999999998,163.718,165.0
2024-04-14 22:56:00,FX:EURJPY,163.718,163.727,163.715,163.721,162.0
2024-04-14 22:57:00,FX:EURJPY,163.721,163.727,163.71699999999998,163.724,104.0
2024-04-14 22:58:00,FX:EURJPY,163.724,163.72799999999998,163.715,163.71699999999998,121.0
2024-04-14 22:59:00,FX:EURJPY,163.71699999999998,163.718,163.70499999999998,163.70999999999998,79.0
2024-04-14 23:00:00,FX:EURJPY,163.70999999999998,163.732,163.70999999999998,163.72,182.0
2024-04-14 23:01:00,FX:EURJPY,163.72,163.72199999999998,163.70399999999998,163.70399999999998,159.0
2024-04-14 23:02:00,FX:EURJPY,163.70399999999998,163.71099999999998,163.69299999999998,163.7,148.0
2024-04-14 23:03:00,FX:EURJPY,163.7,163.70399999999998,163.691,163.69299999999998,213.0
2024-04-14 23:04:00,FX:EURJPY,163.69299999999998,163.69899999999998,163.691,163.697,138.0
2024-04-14 23:05:00,FX:EURJPY,163.697,163.69799999999998,163.678,163.68099999999998,104.0
2024-04-14 23:06:00,FX:EURJPY,163.68099999999998,163.682,163.672,163.68099999999998,121.0
2024-04-14 23:07:00,FX:EURJPY,163.68099999999998,163.69199999999998,163.67999999999998,163.69,74.0
2024-04-14 23:08:00,FX:EURJPY,163.69,163.69799999999998,163.689,163.697,113.0
2024-04-14 23:09:00,FX:EURJPY,163.697,163.69799999999998,163.689,163.694,106.0
2024-04-14 23:10:00,FX:EURJPY,163.694,163.695,163.671,163.69,167.0
2024-04-14 23:11:00,FX:EURJPY,163.69,163.697,163.68099999999998,163.697,128.0
2024-04-14 23:12:00,FX:EURJPY,163.697,163.701,163.688,163.689,124.0
2024-04-14 23:13:00,FX:EURJPY,163.689,163.69,163.661,163.66799999999998,181.0
2024-04-14 23:14:00,FX:EURJPY,163.66799999999998,163.678,163.667,163.671,129.0
2024-04-14 23:15:00,FX:EURJPY,163.671,163.68099999999998,163.66199999999998,163.68099999999998,149.0
2024-04-14 23:16:00,FX:EURJPY,163.68099999999998,163.68699999999998,163.66799999999998,163.67499999999998,104.0
2024-04-14 23:17:00,FX:EURJPY,163.67499999999998,163.68099999999998,163.66799999999998,163.66799999999998,117.0
2024-04-14 23:18:00,FX:EURJPY,163.66799999999998,163.67,163.641,163.643,157.0
2024-04-14 23:19:00,FX:EURJPY,163.643,163.64999999999998,163.624,163.624,91.0
2024-04-14 23:20:00,FX:EURJPY,163.624,163.626,163.611,163.618,186.0
2024-04-14 23:21:00,FX:EURJPY,163.618,163.637,163.617,163.634,184.0
2024-04-14 23:22:00,FX:EURJPY,163.634,163.658,163.632,163.653,185.0
2024-04-14 23:23:00,FX:EURJPY,163.653,163.666,163.653,163.661,111.0
2024-04-14 23:24:00,FX:EURJPY,163.661,163.671,163.659,163.671,155.0
2024-04-14 23:25:00,FX:EURJPY,163.671,163.702,163.671,163.7,151.0
2024-04-14 23:26:00,FX:EURJPY,163.7,163.702,163.695,163.7,75.0
2024-04-14 23:27:00,FX:EURJPY,163.7,163.703,163.68099999999998,163.68099999999998,156.0
2024-04-14 23:28:00,FX:EURJPY,163.68099999999998,163.69799999999998,163.661,163.66299999999998,255.0
2024-04-14 23:29:00,FX:EURJPY,163.66299999999998,163.67,163.658,163.661,107.0
2024-04-14 23:30:00,FX:EURJPY,163.661,163.67999999999998,163.661,163.671,182.0
2024-04-14 23:31:00,FX:EURJPY,163.671,163.69299999999998,163.67,163.689,188.0
2024-04-14 23:32:00,FX:EURJPY,163.689,163.694,163.67999999999998,163.68099999999998,150.0
2024-04-14 23:33:00,FX:EURJPY,163.68099999999998,163.69299999999998,163.68099999999998,163.69,132.0
2024-04-14 23:34:00,FX:EURJPY,163.69,163.70399999999998,163.684,163.691,124.0
2024-04-14 23:35:00,FX:EURJPY,163.691,163.70499999999998,163.69,163.69799999999998,84.0
2024-04-14 23:36:00,FX:EURJPY,163.69799999999998,163.71599999999998,163.69799999999998,163.712,165.0
2024-04-14 23:37:00,FX:EURJPY,163.712,163.73399999999998,163.71099999999998,163.714,209.0
2024-04-14 23:38:00,FX:EURJPY,163.714,163.726,163.712,163.718,140.0
2024-04-14 23:39:00,FX:EURJPY,163.718,163.738,163.718,163.73,128.0
2024-04-14 23:40:00,FX:EURJPY,163.73,163.73,163.718,163.72199999999998,152.0
2024-04-14 23:41:00,FX:EURJPY,163.72199999999998,163.72199999999998,163.71599999999998,163.721,93.0
2024-04-14 23:42:00,FX:EURJPY,163.721,163.721,163.70399999999998,163.714,84.0
2024-04-14 23:43:00,FX:EURJPY,163.714,163.72199999999998,163.708,163.713,108.0
2024-04-14 23:44:00,FX:EURJPY,163.713,163.719,163.70499999999998,163.713,84.0
2024-04-14 23:45:00,FX:EURJPY,163.713,163.72199999999998,163.713,163.719,115.0
2024-04-14 23:46:00,FX:EURJPY,163.719,163.719,163.713,163.715,81.0
2024-04-14 23:47:00,FX:EURJPY,163.715,163.724,163.709,163.72199999999998,116.0
2024-04-14 23:48:00,FX:EURJPY,163.72199999999998,163.724,163.714,163.721,61.0
2024-04-14 23:49:00,FX:EURJPY,163.721,163.721,163.70399999999998,163.70499999999998,78.0
2024-04-14 23:50:00,FX:EURJPY,163.70499999999998,163.70499999999998,163.68599999999998,163.69,88.0
2024-04-14 23:51:00,FX:EURJPY,163.69,163.69299999999998,163.683,163.685,94.0
2024-04-14 23:52:00,FX:EURJPY,163.685,163.70399999999998,163.685,163.70399999999998,80.0
2024-04-14 23:53:00,FX:EURJPY,163.70399999999998,163.712,163.702,163.709,68.0
2024-04-14 23:54:00,FX:EURJPY,163.709,163.709,163.703,163.703,48.0
2024-04-14 23:55:00,FX:EURJPY,163.703,163.703,163.696,163.701,74.0
2024-04-14 23:56:00,FX:EURJPY,163.701,163.70499999999998,163.69199999999998,163.694,110.0
2024-04-14 23:57:00,FX:EURJPY,163.694,163.713,163.694,163.70399999999998,131.0
2024-04-14 23:58:00,FX:EURJPY,163.70399999999998,163.708,163.696,163.7,122.0
2024-04-14 23:59:00,FX:EURJPY,163.7,163.701,163.69199999999998,163.69199999999998,89.0
2024-04-15 00:00:00,FX:EURJPY,163.69199999999998,163.69899999999998,163.682,163.69899999999998,161.0
2024-04-15 00:01:00,FX:EURJPY,163.69899999999998,163.703,163.691,163.694,107.0
2024-04-15 00:02:00,FX:EURJPY,163.694,163.702,163.694,163.69799999999998,132.0
2024-04-15 00:03:00,FX:EURJPY,163.69799999999998,163.70399999999998,163.697,163.70399999999998,54.0
2024-04-15 00:04:00,FX:EURJPY,163.70399999999998,163.71699999999998,163.703,163.71599999999998,56.0
2024-04-15 00:05:00,FX:EURJPY,163.71599999999998,163.71599999999998,163.69899999999998,163.70499999999998,102.0
2024-04-15 00:06:00,FX:EURJPY,163.70499999999998,163.70499999999998,163.695,163.695,78.0
2024-04-15 00:07:00,FX:EURJPY,163.695,163.702,163.694,163.701,48.0
2024-04-15 00:08:00,FX:EURJPY,163.701,163.707,163.68699999999998,163.68699999999998,58.0
2024-04-15 00:09:00,FX:EURJPY,163.68699999999998,163.697,163.684,163.696,89.0
2024-04-15 00:10:00,FX:EURJPY,163.696,163.706,163.69199999999998,163.706,95.0
2024-04-15 00:11:00,FX:EURJPY,163.706,163.715,163.697,163.69799999999998,119.0
2024-04-15 00:12:00,FX:EURJPY,163.69799999999998,163.701,163.689,163.689,70.0
2024-04-15 00:13:00,FX:EURJPY,163.689,163.719,163.683,163.719,164.0
2024-04-15 00:14:00,FX:EURJPY,163.719,163.759,163.719,163.742,369.0
2024-04-15 00:15:00,FX:EURJPY,163.742,163.754,163.73499999999999,163.75199999999998,193.0
2024-04-15 00:16:00,FX:EURJPY,163.75199999999998,163.76,163.749,163.759,144.0
2024-04-15 00:17:00,FX:EURJPY,163.759,163.76,163.732,163.749,131.0
2024-04-15 00:18:00,FX:EURJPY,163.749,163.75,163.738,163.743,119.0
2024-04-15 00:19:00,FX:EURJPY,163.743,163.744,163.739,163.743,106.0
2024-04-15 00:20:00,FX:EURJPY,163.743,163.744,163.72199999999998,163.732,182.0
2024-04-15 00:21:00,FX:EURJPY,163.732,163.73499999999999,163.719,163.72,82.0
2024-04-15 00:22:00,FX:EURJPY,163.72,163.726,163.715,163.72,62.0
2024-04-15 00:23:00,FX:EURJPY,163.72,163.727,163.71699999999998,163.72199999999998,95.0
2024-04-15 00:24:00,FX:EURJPY,163.72199999999998,163.732,163.72,163.72799999999998,31.0
2024-04-15 00:25:00,FX:EURJPY,163.72799999999998,163.765,163.727,163.75799999999998,192.0
2024-04-15 00:26:00,FX:EURJPY,163.75799999999998,163.773,163.756,163.767,119.0
2024-04-15 00:27:00,FX:EURJPY,163.767,163.76999999999998,163.761,163.765,85.0
2024-04-15 00:28:00,FX:EURJPY,163.765,163.78,163.75799999999998,163.78,145.0
2024-04-15 00:29:00,FX:EURJPY,163.78,163.785,163.77499999999998,163.78099999999998,105.0
2024-04-15 00:30:00,FX:EURJPY,163.78099999999998,163.783,163.75799999999998,163.765,111.0
2024-04-15 00:31:00,FX:EURJPY,163.765,163.779,163.765,163.768,82.0
2024-04-15 00:32:00,FX:EURJPY,163.768,163.777,163.755,163.759,144.0
2024-04-15 00:33:00,FX:EURJPY,163.759,163.761,163.748,163.753,75.0
2024-04-15 00:34:00,FX:EURJPY,163.753,163.768,163.743,163.76399999999998,134.0
2024-04-15 00:35:00,FX:EURJPY,163.76399999999998,163.797,163.76299999999998,163.797,136.0
2024-04-15 00:36:00,FX:EURJPY,163.797,163.80499999999998,163.785,163.785,123.0
2024-04-15 00:37:00,FX:EURJPY,163.785,163.80499999999998,163.778,163.804,196.0
2024-04-15 00:38:00,FX:EURJPY,163.804,163.82399999999998,163.803,163.82399999999998,114.0
2024-04-15 00:39:00,FX:EURJPY,163.82399999999998,163.84799999999998,163.82399999999998,163.84799999999998,199.0
2024-04-15 00:40:00,FX:EURJPY,163.84799999999998,163.86599999999999,163.834,163.845,144.0
2024-04-15 00:41:00,FX:EURJPY,163.845,163.845,163.834,163.837,139.0
2024-04-15 00:42:00,FX:EURJPY,163.837,163.85,163.833,163.85,91.0
2024-04-15 00:43:00,FX:EURJPY,163.85,163.85399999999998,163.82999999999998,163.82999999999998,107.0
2024-04-15 00:44:00,FX:EURJPY,163.82999999999998,163.85999999999999,163.82999999999998,163.856,118.0
2024-04-15 00:45:00,FX:EURJPY,163.856,163.861,163.84,163.84,160.0
2024-04-15 00:46:00,FX:EURJPY,163.84,163.85399999999998,163.839,163.852,135.0
2024-04-15 00:47:00,FX:EURJPY,163.852,163.856,163.849,163.851,113.0
2024-04-15 00:48:00,FX:EURJPY,163.851,163.858,163.85,163.85399999999998,100.0
2024-04-15 00:49:00,FX:EURJPY,163.85399999999998,163.86599999999999,163.84099999999998,163.846,142.0
2024-04-15 00:50:00,FX:EURJPY,163.846,163.85,163.819,163.83499999999998,168.0
2024-04-15 00:51:00,FX:EURJPY,163.83499999999998,163.837,163.822,163.826,131.0
2024-04-15 00:52:00,FX:EURJPY,163.826,163.837,163.82299999999998,163.837,156.0
2024-04-15 00:53:00,FX:EURJPY,163.837,163.849,163.82299999999998,163.84099999999998,211.0
2024-04-15 00:54:00,FX:EURJPY,163.84099999999998,163.843,163.822,163.828,177.0
2024-04-15 00:55:00,FX:EURJPY,163.828,163.845,163.827,163.84,177.0
2024-04-15 00:56:00,FX:EURJPY,163.84,163.85899999999998,163.84,163.856,221.0
2024-04-15 00:57:00,FX:EURJPY,163.856,163.867,163.85,163.852,136.0
2024-04-15 00:58:00,FX:EURJPY,163.852,163.855,163.82899999999998,163.832,157.0
2024-04-15 00:59:00,FX:EURJPY,163.832,163.833,163.81199999999998,163.82,164.0
2024-04-15 01:00:00,FX:EURJPY,163.82,163.843,163.815,163.839,230.0
2024-04-15 01:01:00,FX:EURJPY,163.839,163.84799999999998,163.826,163.82999999999998,212.0
2024-04-15 01:02:00,FX:EURJPY,163.82999999999998,163.84099999999998,163.82299999999998,163.84099999999998,196.0
2024-04-15 01:03:00,FX:EURJPY,163.84099999999998,163.849,163.83599999999998,163.843,154.0
2024-04-15 01:04:00,FX:EURJPY,163.843,163.846,163.81699999999998,163.81799999999998,122.0
2024-04-15 01:05:00,FX:EURJPY,163.81799999999998,163.84099999999998,163.81699999999998,163.834,176.0
2024-04-15 01:06:00,FX:EURJPY,163.834,163.857,163.833,163.84099999999998,145.0
2024-04-15 01:07:00,FX:EURJPY,163.84099999999998,163.856,163.837,163.85299999999998,154.0
2024-04-15 01:08:00,FX:EURJPY,163.85299999999998,163.856,163.84,163.843,157.0
2024-04-15 01:09:00,FX:EURJPY,163.843,163.851,163.84,163.851,139.0
2024-04-15 01:10:00,FX:EURJPY,163.851,163.852,163.84099999999998,163.845,141.0
2024-04-15 01:11:00,FX:EURJPY,163.845,163.84799999999998,163.83599999999998,163.84799999999998,129.0
2024-04-15 01:12:00,FX:EURJPY,163.84799999999998,163.856,163.84199999999998,163.84199999999998,165.0
2024-04-15 01:13:00,FX:EURJPY,163.84199999999998,163.85999999999999,163.84199999999998,163.85299999999998,133.0
2024-04-15 01:14:00,FX:EURJPY,163.85299999999998,163.85999999999999,163.85299999999998,163.85899999999998,112.0
2024-04-15 01:15:00,FX:EURJPY,163.85899999999998,163.87,163.85899999999998,163.86599999999999,123.0
2024-04-15 01:16:00,FX:EURJPY,163.86599999999999,163.87099999999998,163.858,163.861,140.0
2024-04-15 01:17:00,FX:EURJPY,163.861,163.86599999999999,163.85,163.85,128.0
2024-04-15 01:18:00,FX:EURJPY,163.85,163.87699999999998,163.84799999999998,163.87199999999999,177.0
2024-04-15 01:19:00,FX:EURJPY,163.87199999999999,163.887,163.869,163.88,177.0
2024-04-15 01:20:00,FX:EURJPY,163.88,163.89399999999998,163.876,163.876,194.0
2024-04-15 01:21:00,FX:EURJPY,163.876,163.89399999999998,163.876,163.884,183.0
2024-04-15 01:22:00,FX:EURJPY,163.884,163.886,163.875,163.879,124.0
2024-04-15 01:23:00,FX:EURJPY,163.879,163.879,163.85299999999998,163.855,142.0
2024-04-15 01:24:00,FX:EURJPY,163.855,163.867,163.855,163.85899999999998,132.0
2024-04-15 01:25:00,FX:EURJPY,163.85899999999998,163.879,163.858,163.879,151.0
2024-04-15 01:26:00,FX:EURJPY,163.879,163.879,163.851,163.851,181.0
2024-04-15 01:27:00,FX:EURJPY,163.851,163.851,163.833,163.849,154.0
2024-04-15 01:28:00,FX:EURJPY,163.849,163.867,163.84799999999998,163.864,154.0
2024-04-15 01:29:00,FX:EURJPY,163.864,163.87,163.85299999999998,163.856,173.0
2024-04-15 01:30:00,FX:EURJPY,163.856,163.861,163.84699999999998,163.85,218.0
2024-04-15 01:31:00,FX:EURJPY,163.85,163.862,163.85,163.85899999999998,136.0
2024-04-15 01:32:00,FX:EURJPY,163.85899999999998,163.85899999999998,163.84699999999998,163.851,148.0
2024-04-15 01:33:00,FX:EURJPY,163.851,163.85899999999998,163.85,163.855,126.0
2024-04-15 01:34:00,FX:EURJPY,163.855,163.873,163.855,163.86599999999999,180.0
2024-04-15 01:35:00,FX:EURJPY,163.86599999999999,163.86599999999999,163.85999999999999,163.862,103.0
2024-04-15 01:36:00,FX:EURJPY,163.862,163.862,163.851,163.85299999999998,102.0
2024-04-15 01:37:00,FX:EURJPY,163.85299999999998,163.87199999999999,163.85299999999998,163.87,183.0
2024-04-15 01:38:00,FX:EURJPY,163.87,163.87,163.855,163.861,106.0
2024-04-15 01:39:00,FX:EURJPY,163.861,163.864,163.84199999999998,163.864,121.0
2024-04-15 01:40:00,FX:EURJPY,163.864,163.873,163.861,163.869,161.0
2024-04-15 01:41:00,FX:EURJPY,163.869,163.89499999999998,163.864,163.893,172.0
2024-04-15 01:42:00,FX:EURJPY,163.893,163.903,163.88299999999998,163.892,222.0
2024-04-15 01:43:00,FX:EURJPY,163.892,163.899,163.886,163.89499999999998,183.0
2024-04-15 01:44:00,FX:EURJPY,163.89499999999998,163.915,163.89399999999998,163.91299999999998,146.0
2024-04-15 01:45:00,FX:EURJPY,163.91299999999998,163.92,163.904,163.91299999999998,195.0
2024-04-15 01:46:00,FX:EURJPY,163.91299999999998,163.917,163.89499999999998,163.90599999999998,299.0
2024-04-15 01:47:00,FX:EURJPY,163.90599999999998,163.911,163.896,163.897,184.0
2024-04-15 01:48:00,FX:EURJPY,163.897,163.91,163.892,163.89399999999998,197.0
2024-04-15 01:49:00,FX:EURJPY,163.89399999999998,163.909,163.88799999999998,163.90699999999998,254.0
2024-04-15 01:50:00,FX:EURJPY,163.90699999999998,163.908,163.891,163.892,197.0
2024-04-15 01:51:00,FX:EURJPY,163.892,163.89499999999998,163.886,163.893,159.0
2024-04-15 01:52:00,FX:EURJPY,163.893,163.922,163.892,163.916,229.0
2024-04-15 01:53:00,FX:EURJPY,163.916,163.94299999999998,163.91199999999998,163.928,168.0
2024-04-15 01:54:00,FX:EURJPY,163.928,163.94199999999998,163.917,163.92399999999998,344.0
2024-04-15 01:55:00,FX:EURJPY,163.92399999999998,163.94299999999998,163.923,163.934,187.0
2024-04-15 01:56:00,FX:EURJPY,163.934,163.952,163.921,163.938,269.0
2024-04-15 01:57:00,FX:EURJPY,163.938,163.94899999999998,163.92999999999998,163.935,222.0
2024-04-15 01:58:00,FX:EURJPY,163.935,163.95999999999998,163.934,163.956,303.0
2024-04-15 01:59:00,FX:EURJPY,163.956,163.977,163.944,163.945,232.0
2024-04-15 02:00:00,FX:EURJPY,163.945,163.965,163.934,163.958,529.0
2024-04-15 02:01:00,FX:EURJPY,163.958,163.958,163.928,163.929,386.0
2024-04-15 02:02:00,FX:EURJPY,163.929,163.94299999999998,163.926,163.941,289.0
2024-04-15 02:03:00,FX:EURJPY,163.941,163.946,163.914,163.946,422.0
2024-04-15 02:04:00,FX:EURJPY,163.946,163.98399999999998,163.93099999999998,163.98,502.0
2024-04-15 02:05:00,FX:EURJPY,163.98,163.983,163.956,163.958,507.0
2024-04-15 02:06:00,FX:EURJPY,163.958,163.977,163.947,163.94899999999998,459.0
2024-04-15 02:07:00,FX:EURJPY,163.94899999999998,163.97299999999998,163.947,163.95499999999998,426.0
2024-04-15 02:08:00,FX:EURJPY,163.95499999999998,163.962,163.929,163.94299999999998,420.0
2024-04-15 02:09:00,FX:EURJPY,163.94299999999998,163.964,163.938,163.944,411.0
2024-04-15 02:10:00,FX:EURJPY,163.944,163.957,163.941,163.95499999999998,246.0
2024-04-15 02:11:00,FX:EURJPY,163.95499999999998,163.98399999999998,163.95,163.983,429.0
2024-04-15 02:12:00,FX:EURJPY,163.983,164.00199999999998,163.98,164.00199999999998,294.0
2024-04-15 02:13:00,FX:EURJPY,164.00199999999998,164.022,163.987,163.989,425.0
2024-04-15 02:14:00,FX:EURJPY,163.989,164.007,163.98399999999998,163.999,331.0
2024-04-15 02:15:00,FX:EURJPY,163.999,164.006,163.98999999999998,164.0,376.0
2024-04-15 02:16:00,FX:EURJPY,164.0,164.003,163.977,163.98,371.0
2024-04-15 02:17:00,FX:EURJPY,163.98,164.007,163.958,163.99699999999999,355.0
2024-04-15 02:18:00,FX:EURJPY,163.99699999999999,164.009,163.989,163.999,302.0
2024-04-15 02:19:00,FX:EURJPY,163.999,163.999,163.932,163.933,354.0
2024-04-15 02:20:00,FX:EURJPY,163.933,163.93599999999998,163.92399999999998,163.928,259.0
2024-04-15 02:21:00,FX:EURJPY,163.928,163.93099999999998,163.909,163.916,392.0
2024-04-15 02:22:00,FX:EURJPY,163.916,163.956,163.915,163.94,469.0
2024-04-15 02:23:00,FX:EURJPY,163.94,163.94799999999998,163.922,163.926,398.0
2024-04-15 02:24:00,FX:EURJPY,163.926,163.971,163.92499999999998,163.964,463.0
2024-04-15 02:25:00,FX:EURJPY,163.964,163.982,163.953,163.982,365.0
2024-04-15 02:26:00,FX:EURJPY,163.982,164.007,163.977,164.006,247.0
2024-04-15 02:27:00,FX:EURJPY,164.006,164.053,164.005,164.03099999999998,428.0
2024-04-15 02:28:00,FX:EURJPY,164.03099999999998,164.04,164.016,164.033,414.0
2024-04-15 02:29:00,FX:EURJPY,164.033,164.047,164.01299999999998,164.029,388.0
2024-04-15 02:30:00,FX:EURJPY,164.029,164.03199999999998,164.005,164.006,481.0
2024-04-15 02:31:00,FX:EURJPY,164.006,164.009,163.957,163.97899999999998,476.0
2024-04-15 02:32:00,FX:EURJPY,163.97899999999998,163.99599999999998,163.969,163.992,407.0
2024-04-15 02:33:00,FX:EURJPY,163.992,164.004,163.976,163.988,364.0
2024-04-15 02:34:00,FX:EURJPY,163.988,164.015,163.982,163.992,423.0
2024-04-15 02:35:00,FX:EURJPY,163.992,164.003,163.95,163.951,359.0
2024-04-15 02:36:00,FX:EURJPY,163.951,163.97,163.93599999999998,163.938,473.0
2024-04-15 02:37:00,FX:EURJPY,163.938,163.952,163.91299999999998,163.934,501.0
2024-04-15 02:38:00,FX:EURJPY,163.934,163.935,163.90699999999998,163.91299999999998,375.0
2024-04-15 02:39:00,FX:EURJPY,163.91299999999998,163.91299999999998,163.879,163.891,423.0
2024-04-15 02:40:00,FX:EURJPY,163.891,163.899,163.882,163.88899999999998,365.0
2024-04-15 02:41:00,FX:EURJPY,163.88899999999998,163.89,163.869,163.874,349.0
2024-04-15 02:42:00,FX:EURJPY,163.874,163.887,163.87099999999998,163.885,372.0
2024-04-15 02:43:00,FX:EURJPY,163.885,163.905,163.87699999999998,163.902,379.0
2024-04-15 02:44:00,FX:EURJPY,163.902,163.902,163.881,163.88299999999998,294.0
2024-04-15 02:45:00,FX:EURJPY,163.88299999999998,163.88299999999998,163.814,163.815,550.0
2024-04-15 02:46:00,FX:EURJPY,163.815,163.84199999999998,163.813,163.827,433.0
2024-04-15 02:47:00,FX:EURJPY,163.827,163.84199999999998,163.82299999999998,163.833,355.0
2024-04-15 02:48:00,FX:EURJPY,163.833,163.84199999999998,163.82399999999998,163.84199999999998,345.0
2024-04-15 02:49:00,FX:EURJPY,163.84199999999998,163.896,163.83599999999998,163.87199999999999,386.0
2024-04-15 02:50:00,FX:EURJPY,163.87199999999999,163.904,163.858,163.89499999999998,342.0
2024-04-15 02:51:00,FX:EURJPY,163.89499999999998,163.90699999999998,163.886,163.90699999999998,304.0
2024-04-15 02:52:00,FX:EURJPY,163.90699999999998,163.932,163.902,163.915,410.0
2024-04-15 02:53:00,FX:EURJPY,163.915,163.922,163.89999999999998,163.903,304.0
2024-04-15 02:54:00,FX:EURJPY,163.903,163.92999999999998,163.899,163.927,251.0
2024-04-15 02:55:00,FX:EURJPY,163.927,163.929,163.91,163.929,314.0
2024-04-15 02:56:00,FX:EURJPY,163.929,163.944,163.929,163.938,198.0
2024-04-15 02:57:00,FX:EURJPY,163.938,163.946,163.91299999999998,163.944,290.0
2024-04-15 02:58:00,FX:EURJPY,163.944,163.959,163.94,163.956,306.0
2024-04-15 02:59:00,FX:EURJPY,163.956,163.96599999999998,163.93699999999998,163.94199999999998,334.0
2024-04-15 03:00:00,FX:EURJPY,163.94199999999998,163.97799999999998,163.917,163.952,634.0
2024-04-15 03:01:00,FX:EURJPY,163.952,164.01899999999998,163.951,164.01299999999998,573.0
2024-04-15 03:02:00,FX:EURJPY,164.01299999999998,164.035,163.99699999999999,164.029,525.0
2024-04-15 03:03:00,FX:EURJPY,164.029,164.03,163.992,164.01399999999998,545.0
2024-04-15 03:04:00,FX:EURJPY,164.01399999999998,164.022,163.97799999999998,163.97899999999998,375.0
2024-04-15 03:05:00,FX:EURJPY,163.97899999999998,163.97899999999998,163.928,163.929,366.0
2024-04-15 03:06:00,FX:EURJPY,163.929,163.947,163.908,163.933,418.0
2024-04-15 03:07:00,FX:EURJPY,163.933,163.96099999999998,163.916,163.94299999999998,534.0
2024-04-15 03:08:00,FX:EURJPY,163.94299999999998,163.986,163.94,163.95,632.0
2024-04-15 03:09:00,FX:EURJPY,163.95,163.957,163.91799999999998,163.94199999999998,489.0
2024-04-15 03:10:00,FX:EURJPY,163.94199999999998,163.971,163.94199999999998,163.957,474.0
2024-04-15 03:11:00,FX:EURJPY,163.957,163.95999999999998,163.908,163.91299999999998,469.0
2024-04-15 03:12:00,FX:EURJPY,163.91299999999998,163.939,163.909,163.93699999999998,338.0
2024-04-15 03:13:00,FX:EURJPY,163.93699999999998,163.962,163.932,163.951,510.0
2024-04-15 03:14:00,FX:EURJPY,163.951,163.96699999999998,163.945,163.959,419.0
2024-04-15 03:15:00,FX:EURJPY,163.959,163.976,163.947,163.964,486.0
2024-04-15 03:16:00,FX:EURJPY,163.964,163.99099999999999,163.959,163.981,556.0
2024-04-15 03:17:00,FX:EURJPY,163.981,163.99599999999998,163.962,163.995,489.0
2024-04-15 03:18:00,FX:EURJPY,163.995,164.02599999999998,163.993,164.016,392.0
2024-04-15 03:19:00,FX:EURJPY,164.016,164.01999999999998,163.987,163.989,477.0
2024-04-15 03:20:00,FX:EURJPY,163.989,164.03799999999998,163.986,164.03699999999998,527.0
2024-04-15 03:21:00,FX:EURJPY,164.03699999999998,164.04299999999998,163.994,163.995,409.0
2024-04-15 03:22:00,FX:EURJPY,163.995,164.018,163.976,164.006,401.0
2024-04-15 03:23:00,FX:EURJPY,164.006,164.03,163.995,164.024,389.0
2024-04-15 03:24:00,FX:EURJPY,164.024,164.033,164.00199999999998,164.009,429.0
2024-04-15 03:25:00,FX:EURJPY,164.009,164.016,163.989,164.016,349.0
2024-04-15 03:26:00,FX:EURJPY,164.016,164.03699999999998,164.016,164.029,421.0
2024-04-15 03:27:00,FX:EURJPY,164.029,164.05499999999998,164.029,164.053,314.0
2024-04-15 03:28:00,FX:EURJPY,164.053,164.065,164.04399999999998,164.053,347.0
2024-04-15 03:29:00,FX:EURJPY,164.053,164.09199999999998,164.053,164.078,397.0
2024-04-15 03:30:00,FX:EURJPY,164.078,164.125,164.077,164.112,446.0
2024-04-15 03:31:00,FX:EURJPY,164.112,164.125,164.075,164.075,326.0
2024-04-15 03:32:00,FX:EURJPY,164.075,164.089,164.05599999999998,164.06699999999998,534.0
2024-04-15 03:33:00,FX:EURJPY,164.06699999999998,164.09199999999998,164.054,164.059,495.0
2024-04-15 03:34:00,FX:EURJPY,164.059,164.07399999999998,164.04399999999998,164.04999999999998,393.0
2024-04-15 03:35:00,FX:EURJPY,164.04999999999998,164.051,164.024,164.04299999999998,461.0
2024-04-15 03:36:00,FX:EURJPY,164.04299999999998,164.05599999999998,164.02599999999998,164.053,420.0
2024-04-15 03:37:00,FX:EURJPY,164.053,164.059,164.04,164.042,416.0
2024-04-15 03:38:00,FX:EURJPY,164.042,164.04999999999998,164.017,164.047,438.0
2024-04-15 03:39:00,FX:EURJPY,164.047,164.052,164.03199999999998,164.034,353.0
2024-04-15 03:40:00,FX:EURJPY,164.034,164.06099999999998,164.024,164.03099999999998,321.0
2024-04-15 03:41:00,FX:EURJPY,164.03099999999998,164.041,164.005,164.009,287.0
2024-04-15 03:42:00,FX:EURJPY,164.009,164.036,164.009,164.018,314.0
2024-04-15 03:43:00,FX:EURJPY,164.018,164.033,164.00799999999998,164.011,250.0
2024-04-15 03:44:00,FX:EURJPY,164.011,164.01399999999998,163.98499999999999,163.99099999999999,243.0
2024-04-15 03:45:00,FX:EURJPY,163.99099999999999,163.99699999999999,163.97199999999998,163.982,211.0
2024-04-15 03:46:00,FX:EURJPY,163.982,163.98999999999998,163.963,163.982,314.0
2024-04-15 03:47:00,FX:EURJPY,163.982,163.995,163.965,163.96699999999998,303.0
2024-04-15 03:48:00,FX:EURJPY,163.96699999999998,163.98999999999998,163.96699999999998,163.982,314.0
2024-04-15 03:49:00,FX:EURJPY,163.982,164.006,163.981,164.004,274.0
2024-04-15 03:50:00,FX:EURJPY,164.004,164.004,163.959,163.963,303.0
2024-04-15 03:51:00,FX:EURJPY,163.963,163.989,163.96099999999998,163.988,369.0
2024-04-15 03:52:00,FX:EURJPY,163.988,164.011,163.987,164.004,317.0
2024-04-15 03:53:00,FX:EURJPY,164.004,164.03799999999998,164.004,164.035,334.0
2024-04-15 03:54:00,FX:EURJPY,164.035,164.054,164.01899999999998,164.02599999999998,475.0
2024-04-15 03:55:00,FX:EURJPY,164.02599999999998,164.042,164.022,164.03699999999998,338.0
2024-04-15 03:56:00,FX:EURJPY,164.03699999999998,164.05599999999998,164.03699999999998,164.04999999999998,283.0
2024-04-15 03:57:00,FX:EURJPY,164.04999999999998,164.06,164.04,164.04299999999998,221.0
2024-04-15 03:58:00,FX:EURJPY,164.04299999999998,164.051,164.033,164.036,238.0
2024-04-15 03:59:00,FX:EURJPY,164.036,164.042,164.024,164.03199999999998,266.0
2024-04-15 04:00:00,FX:EURJPY,164.03199999999998,164.057,164.03099999999998,164.045,269.0
2024-04-15 04:01:00,FX:EURJPY,164.045,164.075,164.045,164.072,269.0
2024-04-15 04:02:00,FX:EURJPY,164.072,164.101,164.069,164.099,392.0
2024-04-15 04:03:00,FX:EURJPY,164.099,164.105,164.076,164.07899999999998,266.0
2024-04-15 04:04:00,FX:EURJPY,164.07899999999998,164.09699999999998,164.07299999999998,164.078,272.0
2024-04-15 04:05:00,FX:EURJPY,164.078,164.082,164.06199999999998,164.077,237.0
2024-04-15 04:06:00,FX:EURJPY,164.077,164.10299999999998,164.07399999999998,164.07999999999998,425.0
2024-04-15 04:07:00,FX:EURJPY,164.07999999999998,164.106,164.075,164.09799999999998,311.0
2024-04-15 04:08:00,FX:EURJPY,164.09799999999998,164.099,164.078,164.08599999999998,205.0
2024-04-15 04:09:00,FX:EURJPY,164.08599999999998,164.099,164.07999999999998,164.081,256.0
2024-04-15 04:10:00,FX:EURJPY,164.081,164.081,164.06099999999998,164.065,411.0
2024-04-15 04:11:00,FX:EURJPY,164.065,164.075,163.867,163.953,1136.0
2024-04-15 04:12:00,FX:EURJPY,163.953,164.018,163.94199999999998,163.99099999999999,693.0
2024-04-15 04:13:00,FX:EURJPY,163.99099999999999,164.005,163.963,163.963,531.0
2024-04-15 04:14:00,FX:EURJPY,163.963,163.987,163.95,163.957,478.0
2024-04-15 04:15:00,FX:EURJPY,163.957,163.97899999999998,163.94299999999998,163.97799999999998,316.0
2024-04-15 04:16:00,FX:EURJPY,163.97799999999998,163.992,163.876,163.916,733.0
2024-04-15 04:17:00,FX:EURJPY,163.916,163.926,163.867,163.923,680.0
2024-04-15 04:18:00,FX:EURJPY,163.923,163.92399999999998,163.875,163.87699999999998,567.0
2024-04-15 04:19:00,FX:EURJPY,163.87699999999998,163.90099999999998,163.852,163.869,611.0
2024-04-15 04:20:00,FX:EURJPY,163.869,163.869,163.837,163.84,395.0
2024-04-15 04:21:00,FX:EURJPY,163.84,163.905,163.83599999999998,163.90099999999998,459.0
2024-04-15 04:22:00,FX:EURJPY,163.90099999999998,163.975,163.89999999999998,163.969,352.0
2024-04-15 04:23:00,FX:EURJPY,163.969,163.97899999999998,163.946,163.96599999999998,480.0
2024-04-15 04:24:00,FX:EURJPY,163.96599999999998,163.999,163.96599999999998,163.993,284.0
2024-04-15 04:25:00,FX:EURJPY,163.993,163.999,163.96599999999998,163.98999999999998,297.0
2024-04-15 04:26:00,FX:EURJPY,163.98999999999998,163.99699999999999,163.976,163.987,365.0
2024-04-15 04:27:00,FX:EURJPY,163.987,164.01,163.982,163.986,454.0
2024-04-15 04:28:00,FX:EURJPY,163.986,163.98999999999998,163.97299999999998,163.98399999999998,413.0
2024-04-15 04:29:00,FX:EURJPY,163.98399999999998,163.993,163.96699999999998,163.98999999999998,353.0
2024-04-15 04:30:00,FX:EURJPY,163.98999999999998,164.027,163.98,164.02499999999998,379.0
2024-04-15 04:31:00,FX:EURJPY,164.02499999999998,164.03099999999998,164.00799999999998,164.009,334.0
2024-04-15 04:32:00,FX:EURJPY,164.009,164.01299999999998,163.992,164.0,228.0
2024-04-15 04:33:00,FX:EURJPY,164.0,164.016,163.981,163.989,292.0
2024-04-15 04:34:00,FX:EURJPY,163.989,164.005,163.988,164.003,244.0
2024-04-15 04:35:00,FX:EURJPY,164.003,164.017,163.994,164.00199999999998,270.0
2024-04-15 04:36:00,FX:EURJPY,164.00199999999998,164.02499999999998,164.001,164.02499999999998,218.0
2024-04-15 04:37:00,FX:EURJPY,164.02499999999998,164.04,163.99599999999998,163.99599999999998,192.0
2024-04-15 04:38:00,FX:EURJPY,163.99599999999998,164.022,163.99599999999998,164.004,344.0
2024-04-15 04:39:00,FX:EURJPY,164.004,164.022,163.989,163.994,503.0
2024-04-15 04:40:00,FX:EURJPY,163.994,164.005,163.98,163.989,427.0
2024-04-15 04:41:00,FX:EURJPY,163.989,163.99699999999999,163.956,163.959,333.0
2024-04-15 04:42:00,FX:EURJPY,163.959,163.995,163.958,163.98499999999999,370.0
2024-04-15 04:43:00,FX:EURJPY,163.98499999999999,163.99099999999999,163.974,163.98,357.0
2024-04-15 04:44:00,FX:EURJPY,163.98,164.006,163.97299999999998,163.974,384.0
2024-04-15 04:45:00,FX:EURJPY,163.974,163.981,163.958,163.969,260.0
2024-04-15 04:46:00,FX:EURJPY,163.969,163.981,163.96099999999998,163.975,271.0
2024-04-15 04:47:00,FX:EURJPY,163.975,163.97799999999998,163.958,163.968,265.0
2024-04-15 04:48:00,FX:EURJPY,163.968,163.969,163.952,163.956,208.0
2024-04-15 04:49:00,FX:EURJPY,163.956,163.98499999999999,163.953,163.982,268.0
2024-04-15 04:50:00,FX:EURJPY,163.982,163.992,163.962,163.982,309.0
2024-04-15 04:51:00,FX:EURJPY,163.982,163.995,163.97,163.97199999999998,301.0
2024-04-15 04:52:00,FX:EURJPY,163.97199999999998,163.982,163.958,163.959,347.0
2024-04-15 04:53:00,FX:EURJPY,163.959,163.97199999999998,163.953,163.969,380.0
2024-04-15 04:54:00,FX:EURJPY,163.969,163.975,163.956,163.957,211.0
2024-04-15 04:55:00,FX:EURJPY,163.957,163.96699999999998,163.952,163.956,281.0
2024-04-15 04:56:00,FX:EURJPY,163.956,163.963,163.932,163.933,246.0
2024-04-15 04:57:00,FX:EURJPY,163.933,163.957,163.932,163.94299999999998,238.0
2024-04-15 04:58:00,FX:EURJPY,163.94299999999998,163.95399999999998,163.939,163.952,156.0
2024-04-15 04:59:00,FX:EURJPY,163.952,163.97,163.95,163.96699999999998,149.0
2024-04-15 05:00:00,FX:EURJPY,163.96699999999998,163.97899999999998,163.944,163.96699999999998,276.0
2024-04-15 05:01:00,FX:EURJPY,163.96699999999998,163.98499999999999,163.964,163.98399999999998,176.0
2024-04-15 05:02:00,FX:EURJPY,163.98399999999998,164.004,163.98399999999998,163.994,259.0
2024-04-15 05:03:00,FX:EURJPY,163.994,164.005,163.993,163.995,191.0
2024-04-15 05:04:00,FX:EURJPY,163.995,163.995,163.953,163.962,271.0
2024-04-15 05:05:00,FX:EURJPY,163.962,163.977,163.958,163.963,194.0
2024-04-15 05:06:00,FX:EURJPY,163.963,163.974,163.91299999999998,163.92,266.0
2024-04-15 05:07:00,FX:EURJPY,163.92,163.923,163.898,163.91,228.0
2024-04-15 05:08:00,FX:EURJPY,163.91,163.93599999999998,163.91,163.935,275.0
2024-04-15 05:09:00,FX:EURJPY,163.935,163.946,163.92499999999998,163.94299999999998,204.0
2024-04-15 05:10:00,FX:EURJPY,163.94299999999998,163.97,163.933,163.969,262.0
2024-04-15 05:11:00,FX:EURJPY,163.969,163.995,163.96599999999998,163.98499999999999,308.0
2024-04-15 05:12:00,FX:EURJPY,163.98499999999999,163.986,163.946,163.947,275.0
2024-04-15 05:13:00,FX:EURJPY,163.947,163.956,163.94199999999998,163.944,224.0
2024-04-15 05:14:00,FX:EURJPY,163.944,163.95399999999998,163.935,163.944,235.0
2024-04-15 05:15:00,FX:EURJPY,163.944,163.947,163.92,163.92,218.0
2024-04-15 05:16:00,FX:EURJPY,163.92,163.92399999999998,163.905,163.905,263.0
2024-04-15 05:17:00,FX:EURJPY,163.905,163.922,163.903,163.92,200.0
2024-04-15 05:18:00,FX:EURJPY,163.92,163.92,163.89999999999998,163.904,195.0
2024-04-15 05:19:00,FX:EURJPY,163.904,163.95999999999998,163.903,163.958,266.0
2024-04-15 05:20:00,FX:EURJPY,163.958,163.958,163.93099999999998,163.939,323.0
2024-04-15 05:21:00,FX:EURJPY,163.939,163.94199999999998,163.91899999999998,163.93099999999998,219.0
2024-04-15 05:22:00,FX:EURJPY,163.93099999999998,163.95,163.93099999999998,163.94199999999998,237.0
2024-04-15 05:23:00,FX:EURJPY,163.94199999999998,163.952,163.92999999999998,163.945,188.0
2024-04-15 05:24:00,FX:EURJPY,163.945,163.959,163.945,163.958,246.0
2024-04-15 05:25:00,FX:EURJPY,163.958,163.976,163.957,163.95999999999998,272.0
2024-04-15 05:26:00,FX:EURJPY,163.95999999999998,163.96599999999998,163.934,163.957,293.0
2024-04-15 05:27:00,FX:EURJPY,163.957,163.969,163.941,163.96099999999998,184.0
2024-04-15 05:28:00,FX:EURJPY,163.96099999999998,163.976,163.959,163.97299999999998,200.0
2024-04-15 05:29:00,FX:EURJPY,163.97299999999998,163.976,163.95399999999998,163.975,223.0
2024-04-15 05:30:00,FX:EURJPY,163.975,163.987,163.97,163.986,249.0
2024-04-15 05:31:00,FX:EURJPY,163.986,163.99699999999999,163.97899999999998,163.995,279.0
2024-04-15 05:32:00,FX:EURJPY,163.995,163.999,163.986,163.99699999999999,299.0
2024-04-15 05:33:00,FX:EURJPY,163.99699999999999,164.009,163.992,163.994,354.0
2024-04-15 05:34:00,FX:EURJPY,163.994,164.001,163.97899999999998,163.989,307.0
2024-04-15 05:35:00,FX:EURJPY,163.989,164.011,163.988,163.99599999999998,295.0
2024-04-15 05:36:00,FX:EURJPY,163.99599999999998,163.99699999999999,163.98,163.989,203.0
2024-04-15 05:37:00,FX:EURJPY,163.989,163.998,163.986,163.993,215.0
2024-04-15 05:38:00,FX:EURJPY,163.993,164.01299999999998,163.992,164.006,146.0
2024-04-15 05:39:00,FX:EURJPY,164.006,164.006,163.988,163.998,177.0
2024-04-15 05:40:00,FX:EURJPY,163.998,164.004,163.988,163.989,212.0
2024-04-15 05:41:00,FX:EURJPY,163.989,163.992,163.97799999999998,163.982,172.0
2024-04-15 05:42:00,FX:EURJPY,163.982,164.009,163.982,163.998,173.0
2024-04-15 05:43:00,FX:EURJPY,163.998,164.02499999999998,163.99699999999999,164.003,210.0
2024-04-15 05:44:00,FX:EURJPY,164.003,164.02499999999998,163.998,164.00199999999998,249.0
2024-04-15 05:45:00,FX:EURJPY,164.00199999999998,164.012,163.99699999999999,164.009,205.0
2024-04-15 05:46:00,FX:EURJPY,164.009,164.024,163.989,164.024,378.0
2024-04-15 05:47:00,FX:EURJPY,164.024,164.028,164.012,164.015,173.0
2024-04-15 05:48:00,FX:EURJPY,164.015,164.016,163.99099999999999,164.006,276.0
2024-04-15 05:49:00,FX:EURJPY,164.006,164.022,164.006,164.022,245.0
2024-04-15 05:50:00,FX:EURJPY,164.022,164.024,164.00199999999998,164.004,139.0
2024-04-15 05:51:00,FX:EURJPY,164.004,164.01399999999998,164.0,164.01399999999998,184.0
2024-04-15 05:52:00,FX:EURJPY,164.01399999999998,164.021,163.995,163.99599999999998,167.0
2024-04-15 05:53:00,FX:EURJPY,163.99599999999998,164.003,163.98999999999998,163.992,276.0
2024-04-15 05:54:00,FX:EURJPY,163.992,164.003,163.992,164.00199999999998,175.0
2024-04-15 05:55:00,FX:EURJPY,164.00199999999998,164.00199999999998,163.97,163.97299999999998,274.0
2024-04-15 05:56:00,FX:EURJPY,163.97299999999998,163.98499999999999,163.97299999999998,163.977,259.0
2024-04-15 05:57:00,FX:EURJPY,163.977,163.97799999999998,163.962,163.974,209.0
2024-04-15 05:58:00,FX:EURJPY,163.974,163.97899999999998,163.941,163.941,223.0
2024-04-15 05:59:00,FX:EURJPY,163.941,163.956,163.938,163.951,233.0
2024-04-15 06:00:00,FX:EURJPY,163.951,163.97199999999998,163.95,163.962,169.0
2024-04-15 06:01:00,FX:EURJPY,163.962,163.969,163.947,163.958,230.0
2024-04-15 06:02:00,FX:EURJPY,163.958,163.958,163.945,163.95,219.0
2024-04-15 06:03:00,FX:EURJPY,163.95,163.97899999999998,163.94899999999998,163.97,201.0
2024-04-15 06:04:00,FX:EURJPY,163.97,163.981,163.962,163.964,176.0
2024-04-15 06:05:00,FX:EURJPY,163.964,163.98,163.94299999999998,163.965,283.0
2024-04-15 06:06:00,FX:EURJPY,163.965,163.96699999999998,163.947,163.96099999999998,118.0
2024-04-15 06:07:00,FX:EURJPY,163.96099999999998,163.97199999999998,163.958,163.95999999999998,177.0
2024-04-15 06:08:00,FX:EURJPY,163.95999999999998,163.96699999999998,163.952,163.96699999999998,128.0
2024-04-15 06:09:00,FX:EURJPY,163.96699999999998,163.971,163.962,163.971,170.0
2024-04-15 06:10:00,FX:EURJPY,163.971,163.987,163.971,163.982,148.0
2024-04-15 06:11:00,FX:EURJPY,163.982,163.98399999999998,163.974,163.97899999999998,125.0
2024-04-15 06:12:00,FX:EURJPY,163.97899999999998,163.993,163.977,163.98399999999998,151.0
2024-04-15 06:13:00,FX:EURJPY,163.98399999999998,163.99699999999999,163.982,163.995,106.0
2024-04-15 06:14:00,FX:EURJPY,163.995,164.015,163.995,164.01,104.0
2024-04-15 06:15:00,FX:EURJPY,164.01,164.01399999999998,164.001,164.004,203.0
2024-04-15 06:16:00,FX:EURJPY,164.004,164.01399999999998,164.001,164.01299999999998,115.0
2024-04-15 06:17:00,FX:EURJPY,164.01299999999998,164.01999999999998,164.012,164.015,147.0
2024-04-15 06:18:00,FX:EURJPY,164.015,164.024,164.012,164.024,72.0
2024-04-15 06:19:00,FX:EURJPY,164.024,164.028,164.01,164.01,166.0
2024-04-15 06:20:00,FX:EURJPY,164.01,164.011,163.995,164.001,168.0
2024-04-15 06:21:00,FX:EURJPY,164.001,164.001,163.987,163.989,131.0
2024-04-15 06:22:00,FX:EURJPY,163.989,163.994,163.976,163.987,193.0
2024-04-15 06:23:00,FX:EURJPY,163.987,163.992,163.98,163.983,129.0
2024-04-15 06:24:00,FX:EURJPY,163.983,163.989,163.97899999999998,163.98499999999999,114.0
2024-04-15 06:25:00,FX:EURJPY,163.98499999999999,163.987,163.976,163.982,167.0
2024-04-15 06:26:00,FX:EURJPY,163.982,164.001,163.976,164.001,185.0
2024-04-15 06:27:00,FX:EURJPY,164.001,164.022,164.0,164.022,141.0
2024-04-15 06:28:00,FX:EURJPY,164.022,164.033,164.001,164.00199999999998,279.0
2024-04-15 06:29:00,FX:EURJPY,164.00199999999998,164.005,164.0,164.0,183.0
2024-04-15 06:30:00,FX:EURJPY,164.0,164.001,163.986,163.98999999999998,210.0
2024-04-15 06:31:00,FX:EURJPY,163.98999999999998,163.992,163.975,163.976,228.0
2024-04-15 06:32:00,FX:EURJPY,163.976,163.981,163.96599999999998,163.97199999999998,270.0
2024-04-15 06:33:00,FX:EURJPY,163.97199999999998,163.98,163.957,163.97799999999998,202.0
2024-04-15 06:34:00,FX:EURJPY,163.97799999999998,164.001,163.97799999999998,163.998,240.0
2024-04-15 06:35:00,FX:EURJPY,163.998,164.01,163.987,164.00799999999998,246.0
2024-04-15 06:36:00,FX:EURJPY,164.00799999999998,164.01,163.998,164.006,229.0
2024-04-15 06:37:00,FX:EURJPY,164.006,164.018,163.998,164.011,229.0
2024-04-15 06:38:00,FX:EURJPY,164.011,164.03,164.009,164.029,198.0
2024-04-15 06:39:00,FX:EURJPY,164.029,164.03199999999998,164.017,164.023,215.0
2024-04-15 06:40:00,FX:EURJPY,164.023,164.028,164.015,164.024,249.0
2024-04-15 06:41:00,FX:EURJPY,164.024,164.03699999999998,164.023,164.03699999999998,263.0
2024-04-15 06:42:00,FX:EURJPY,164.03699999999998,164.052,164.01399999999998,164.015,333.0
2024-04-15 06:43:00,FX:EURJPY,164.015,164.021,164.003,164.009,391.0
2024-04-15 06:44:00,FX:EURJPY,164.009,164.03,164.00799999999998,164.027,244.0
2024-04-15 06:45:00,FX:EURJPY,164.027,164.04,164.021,164.022,242.0
2024-04-15 06:46:00,FX:EURJPY,164.022,164.027,163.98999999999998,163.99099999999999,220.0
2024-04-15 06:47:00,FX:EURJPY,163.99099999999999,163.99699999999999,163.977,163.98499999999999,194.0
2024-04-15 06:48:00,FX:EURJPY,163.98499999999999,163.99099999999999,163.97799999999998,163.983,286.0
2024-04-15 06:49:00,FX:EURJPY,163.983,164.017,163.97199999999998,164.004,329.0
2024-04-15 06:50:00,FX:EURJPY,164.004,164.03199999999998,164.004,164.027,175.0
2024-04-15 06:51:00,FX:EURJPY,164.027,164.039,164.017,164.03699999999998,135.0
2024-04-15 06:52:00,FX:EURJPY,164.03699999999998,164.057,164.034,164.057,170.0
2024-04-15 06:53:00,FX:EURJPY,164.057,164.072,164.057,164.065,173.0
2024-04-15 06:54:00,FX:EURJPY,164.065,164.075,164.058,164.059,166.0
2024-04-15 06:55:00,FX:EURJPY,164.059,164.06199999999998,164.036,164.053,223.0
2024-04-15 06:56:00,FX:EURJPY,164.053,164.064,164.04899999999998,164.05599999999998,202.0
2024-04-15 06:57:00,FX:EURJPY,164.05599999999998,164.071,164.052,164.06,237.0
2024-04-15 06:58:00,FX:EURJPY,164.06,164.069,164.054,164.05499999999998,193.0
2024-04-15 06:59:00,FX:EURJPY,164.05499999999998,164.06099999999998,164.048,164.051,179.0
2024-04-15 07:00:00,FX:EURJPY,164.051,164.07299999999998,164.051,164.06199999999998,210.0
2024-04-15 07:01:00,FX:EURJPY,164.06199999999998,164.076,164.052,164.063,242.0
2024-04-15 07:02:00,FX:EURJPY,164.063,164.076,164.06199999999998,164.07,190.0
2024-04-15 07:03:00,FX:EURJPY,164.07,164.071,164.05499999999998,164.06699999999998,187.0
2024-04-15 07:04:00,FX:EURJPY,164.06699999999998,164.06699999999998,164.051,164.06199999999998,130.0
2024-04-15 07:05:00,FX:EURJPY,164.06199999999998,164.072,164.047,164.04899999999998,161.0
2024-04-15 07:06:00,FX:EURJPY,164.04899999999998,164.04999999999998,164.035,164.036,184.0
2024-04-15 07:07:00,FX:EURJPY,164.036,164.04299999999998,164.029,164.042,156.0
2024-04-15 07:08:00,FX:EURJPY,164.042,164.078,164.042,164.06699999999998,237.0
2024-04-15 07:09:00,FX:EURJPY,164.06699999999998,164.08499999999998,164.06199999999998,164.07899999999998,212.0
2024-04-15 07:10:00,FX:EURJPY,164.07899999999998,164.095,164.076,164.082,232.0
2024-04-15 07:11:00,FX:EURJPY,164.082,164.111,164.082,164.105,282.0
2024-04-15 07:12:00,FX:EURJPY,164.105,164.111,164.08499999999998,164.096,231.0
2024-04-15 07:13:00,FX:EURJPY,164.096,164.111,164.094,164.108,181.0
2024-04-15 07:14:00,FX:EURJPY,164.108,164.14,164.106,164.137,207.0
2024-04-15 07:15:00,FX:EURJPY,164.137,164.14,164.09699999999998,164.106,180.0
2024-04-15 07:16:00,FX:EURJPY,164.106,164.118,164.102,164.107,170.0
2024-04-15 07:17:00,FX:EURJPY,164.107,164.118,164.09799999999998,164.106,201.0
2024-04-15 07:18:00,FX:EURJPY,164.106,164.117,164.099,164.11599999999999,180.0
2024-04-15 07:19:00,FX:EURJPY,164.11599999999999,164.11599999999999,164.066,164.07,231.0
2024-04-15 07:20:00,FX:EURJPY,164.07,164.09099999999998,164.06699999999998,164.084,244.0
2024-04-15 07:21:00,FX:EURJPY,164.084,164.089,164.077,164.07899999999998,169.0
2024-04-15 07:22:00,FX:EURJPY,164.07899999999998,164.07899999999998,164.06699999999998,164.07299999999998,169.0
2024-04-15 07:23:00,FX:EURJPY,164.07299999999998,164.07399999999998,164.048,164.069,170.0
2024-04-15 07:24:00,FX:EURJPY,164.069,164.07,164.053,164.059,221.0
2024-04-15 07:25:00,FX:EURJPY,164.059,164.08499999999998,164.058,164.082,414.0
2024-04-15 07:26:00,FX:EURJPY,164.082,164.094,164.075,164.08499999999998,305.0
2024-04-15 07:27:00,FX:EURJPY,164.08499999999998,164.09,164.07,164.07999999999998,299.0
2024-04-15 07:28:00,FX:EURJPY,164.07999999999998,164.099,164.078,164.07999999999998,411.0
2024-04-15 07:29:00,FX:EURJPY,164.07999999999998,164.081,164.057,164.06,319.0
2024-04-15 07:30:00,FX:EURJPY,164.06,164.07399999999998,164.054,164.05499999999998,298.0
2024-04-15 07:31:00,FX:EURJPY,164.05499999999998,164.07,164.045,164.063,253.0
2024-04-15 07:32:00,FX:EURJPY,164.063,164.06799999999998,164.041,164.04299999999998,250.0
2024-04-15 07:33:00,FX:EURJPY,164.04299999999998,164.047,164.02599999999998,164.03199999999998,162.0
2024-04-15 07:34:00,FX:EURJPY,164.03199999999998,164.039,164.003,164.01299999999998,284.0
2024-04-15 07:35:00,FX:EURJPY,164.01299999999998,164.03199999999998,164.01299999999998,164.027,221.0
2024-04-15 07:36:00,FX:EURJPY,164.027,164.03,164.01,164.015,170.0
2024-04-15 07:37:00,FX:EURJPY,164.015,164.024,164.00799999999998,164.018,162.0
2024-04-15 07:38:00,FX:EURJPY,164.018,164.052,164.004,164.006,295.0
2024-04-15 07:39:00,FX:EURJPY,164.006,164.007,163.989,163.993,259.0
2024-04-15 07:40:00,FX:EURJPY,163.993,164.004,163.986,163.986,198.0
2024-04-15 07:41:00,FX:EURJPY,163.986,164.006,163.981,164.004,227.0
2024-04-15 07:42:00,FX:EURJPY,164.004,164.006,163.99099999999999,164.0,231.0
2024-04-15 07:43:00,FX:EURJPY,164.0,164.01999999999998,163.995,164.009,264.0
2024-04-15 07:44:00,FX:EURJPY,164.009,164.033,163.989,163.98999999999998,268.0
2024-04-15 07:45:00,FX:EURJPY,163.98999999999998,164.001,163.982,163.986,309.0
2024-04-15 07:46:00,FX:EURJPY,163.986,163.98999999999998,163.97299999999998,163.98,247.0
2024-04-15 07:47:00,FX:EURJPY,163.98,163.993,163.976,163.976,247.0
2024-04-15 07:48:00,FX:EURJPY,163.976,163.981,163.952,163.95499999999998,223.0
2024-04-15 07:49:00,FX:EURJPY,163.95499999999998,163.974,163.946,163.974,236.0
2024-04-15 07:50:00,FX:EURJPY,163.974,163.97899999999998,163.958,163.959,133.0
2024-04-15 07:51:00,FX:EURJPY,163.959,163.962,163.941,163.945,188.0
2024-04-15 07:52:00,FX:EURJPY,163.945,163.96599999999998,163.935,163.962,215.0
2024-04-15 07:53:00,FX:EURJPY,163.962,163.964,163.946,163.94899999999998,164.0
2024-04-15 07:54:00,FX:EURJPY,163.94899999999998,163.957,163.932,163.933,236.0
2024-04-15 07:55:00,FX:EURJPY,163.933,163.953,163.93099999999998,163.944,228.0
2024-04-15 07:56:00,FX:EURJPY,163.944,163.95499999999998,163.93099999999998,163.95399999999998,200.0
2024-04-15 07:57:00,FX:EURJPY,163.95399999999998,163.982,163.95399999999998,163.982,223.0
2024-04-15 07:58:00,FX:EURJPY,163.982,164.00199999999998,163.981,163.98999999999998,316.0
2024-04-15 07:59:00,FX:EURJPY,163.98999999999998,163.99699999999999,163.97899999999998,163.99099999999999,345.0
2024-04-15 08:00:00,FX:EURJPY,163.99099999999999,163.999,163.97,163.99699999999999,386.0
2024-04-15 08:01:00,FX:EURJPY,163.99699999999999,164.029,163.99699999999999,164.011,343.0
2024-04-15 08:02:00,FX:EURJPY,164.011,164.01899999999998,163.992,163.998,306.0
2024-04-15 08:03:00,FX:EURJPY,163.998,164.022,163.993,164.006,289.0
2024-04-15 08:04:00,FX:EURJPY,164.006,164.01999999999998,164.0,164.009,354.0
2024-04-15 08:05:00,FX:EURJPY,164.009,164.011,163.993,163.993,295.0
2024-04-15 08:06:00,FX:EURJPY,163.993,163.99699999999999,163.97199999999998,163.988,350.0
2024-04-15 08:07:00,FX:EURJPY,163.988,164.03699999999998,163.987,164.03699999999998,327.0
2024-04-15 08:08:00,FX:EURJPY,164.03699999999998,164.054,164.018,164.052,398.0
2024-04-15 08:09:00,FX:EURJPY,164.052,164.064,164.04,164.04,357.0
2024-04-15 08:10:00,FX:EURJPY,164.04,164.054,164.03799999999998,164.04399999999998,419.0
2024-04-15 08:11:00,FX:EURJPY,164.04399999999998,164.065,164.04299999999998,164.054,327.0
2024-04-15 08:12:00,FX:EURJPY,164.054,164.054,164.03099999999998,164.039,314.0
2024-04-15 08:13:00,FX:EURJPY,164.039,164.041,164.021,164.021,316.0
2024-04-15 08:14:00,FX:EURJPY,164.021,164.046,164.021,164.04399999999998,250.0
2024-04-15 08:15:00,FX:EURJPY,164.04399999999998,164.04899999999998,164.03099999999998,164.03799999999998,274.0
2024-04-15 08:16:00,FX:EURJPY,164.03799999999998,164.041,164.023,164.027,185.0
2024-04-15 08:17:00,FX:EURJPY,164.027,164.04399999999998,164.021,164.023,205.0
2024-04-15 08:18:00,FX:EURJPY,164.023,164.028,164.009,164.01999999999998,236.0
2024-04-15 08:19:00,FX:EURJPY,164.01999999999998,164.024,164.003,164.003,217.0
2024-04-15 08:20:00,FX:EURJPY,164.003,164.023,163.998,164.009,238.0
2024-04-15 08:21:00,FX:EURJPY,164.009,164.016,164.001,164.003,195.0
2024-04-15 08:22:00,FX:EURJPY,164.003,164.015,164.003,164.005,181.0
2024-04-15 08:23:00,FX:EURJPY,164.005,164.011,163.982,164.0,268.0
2024-04-15 08:24:00,FX:EURJPY,164.0,164.0,163.97899999999998,163.986,265.0
2024-04-15 08:25:00,FX:EURJPY,163.986,164.004,163.98499999999999,163.99599999999998,266.0
2024-04-15 08:26:00,FX:EURJPY,163.99599999999998,164.01999999999998,163.99599999999998,164.017,138.0
2024-04-15 08:27:00,FX:EURJPY,164.017,164.022,164.005,164.005,115.0
2024-04-15 08:28:00,FX:EURJPY,164.005,164.046,164.005,164.04,143.0
2024-04-15 08:29:00,FX:EURJPY,164.04,164.04899999999998,163.99099999999999,163.994,605.0
2024-04-15 08:30:00,FX:EURJPY,163.994,164.19899999999998,163.85899999999998,164.07999999999998,3498.0
2024-04-15 08:31:00,FX:EURJPY,164.07999999999998,164.173,164.063,164.14999999999998,2191.0
2024-04-15 08:32:00,FX:EURJPY,164.14999999999998,164.185,164.118,164.15099999999998,1571.0
2024-04-15 08:33:00,FX:EURJPY,164.15099999999998,164.18099999999998,164.10299999999998,164.125,1067.0
2024-04-15 08:34:00,FX:EURJPY,164.125,164.17999999999998,164.123,164.14499999999998,1085.0
2024-04-15 08:35:00,FX:EURJPY,164.14499999999998,164.189,164.102,164.15099999999998,1103.0
2024-04-15 08:36:00,FX:EURJPY,164.15099999999998,164.196,164.14499999999998,164.15599999999998,811.0
2024-04-15 08:37:00,FX:EURJPY,164.15599999999998,164.184,164.135,164.16299999999998,864.0
2024-04-15 08:38:00,FX:EURJPY,164.16299999999998,164.19899999999998,164.143,164.147,846.0
2024-04-15 08:39:00,FX:EURJPY,164.147,164.155,164.108,164.142,949.0
2024-04-15 08:40:00,FX:EURJPY,164.142,164.18699999999998,164.124,164.16899999999998,1017.0
2024-04-15 08:41:00,FX:EURJPY,164.16899999999998,164.16899999999998,164.12699999999998,164.161,726.0
2024-04-15 08:42:00,FX:EURJPY,164.161,164.171,164.106,164.143,1005.0
2024-04-15 08:43:00,FX:EURJPY,164.143,164.16199999999998,164.135,164.142,671.0
2024-04-15 08:44:00,FX:EURJPY,164.142,164.2,164.14,164.17,760.0
2024-04-15 08:45:00,FX:EURJPY,164.17,164.20499999999998,164.166,164.18699999999998,623.0
2024-04-15 08:46:00,FX:EURJPY,164.18699999999998,164.194,164.16299999999998,164.167,574.0
2024-04-15 08:47:00,FX:EURJPY,164.167,164.16799999999998,164.13,164.135,676.0
2024-04-15 08:48:00,FX:EURJPY,164.135,164.159,164.126,164.143,785.0
2024-04-15 08:49:00,FX:EURJPY,164.143,164.167,164.131,164.13299999999998,574.0
2024-04-15 08:50:00,FX:EURJPY,164.13299999999998,164.142,164.108,164.108,584.0
2024-04-15 08:51:00,FX:EURJPY,164.108,164.132,164.101,164.12699999999998,525.0
2024-04-15 08:52:00,FX:EURJPY,164.12699999999998,164.149,164.112,164.148,600.0
2024-04-15 08:53:00,FX:EURJPY,164.148,164.161,164.12,164.13899999999998,454.0
2024-04-15 08:54:00,FX:EURJPY,164.13899999999998,164.176,164.13799999999998,164.166,579.0
2024-04-15 08:55:00,FX:EURJPY,164.166,164.215,164.166,164.213,553.0
2024-04-15 08:56:00,FX:EURJPY,164.213,164.213,164.158,164.159,442.0
2024-04-15 08:57:00,FX:EURJPY,164.159,164.203,164.159,164.182,402.0
2024-04-15 08:58:00,FX:EURJPY,164.182,164.19199999999998,164.155,164.155,445.0
2024-04-15 08:59:00,FX:EURJPY,164.155,164.202,164.153,164.16899999999998,532.0
2024-04-15 09:00:00,FX:EURJPY,164.16899999999998,164.233,164.167,164.233,764.0
2024-04-15 09:01:00,FX:EURJPY,164.233,164.24099999999999,164.21099999999998,164.23499999999999,637.0
2024-04-15 09:02:00,FX:EURJPY,164.23499999999999,164.239,164.203,164.20399999999998,604.0
2024-04-15 09:03:00,FX:EURJPY,164.20399999999998,164.262,164.20399999999998,164.23399999999998,695.0
2024-04-15 09:04:00,FX:EURJPY,164.23399999999998,164.32399999999998,164.23399999999998,164.307,703.0
2024-04-15 09:05:00,FX:EURJPY,164.307,164.326,164.29399999999998,164.31099999999998,491.0
2024-04-15 09:06:00,FX:EURJPY,164.31099999999998,164.32399999999998,164.29899999999998,164.307,476.0
2024-04-15 09:07:00,FX:EURJPY,164.307,164.392,164.30599999999998,164.37699999999998,535.0
2024-04-15 09:08:00,FX:EURJPY,164.37699999999998,164.41299999999998,164.34799999999998,164.37699999999998,610.0
2024-04-15 09:09:00,FX:EURJPY,164.37699999999998,164.41899999999998,164.373,164.408,396.0
2024-04-15 09:10:00,FX:EURJPY,164.408,164.438,164.40099999999998,164.409,593.0
2024-04-15 09:11:00,FX:EURJPY,164.409,164.409,164.381,164.396,360.0
2024-04-15 09:12:00,FX:EURJPY,164.396,164.41899999999998,164.39,164.403,494.0
2024-04-15 09:13:00,FX:EURJPY,164.403,164.408,164.361,164.36599999999999,442.0
2024-04-15 09:14:00,FX:EURJPY,164.36599999999999,164.379,164.35,164.35999999999999,372.0
2024-04-15 09:15:00,FX:EURJPY,164.35999999999999,164.385,164.349,164.361,487.0
2024-04-15 09:16:00,FX:EURJPY,164.361,164.37199999999999,164.32899999999998,164.32999999999998,453.0
2024-04-15 09:17:00,FX:EURJPY,164.32999999999998,164.358,164.32899999999998,164.34699999999998,347.0
2024-04-15 09:18:00,FX:EURJPY,164.34699999999998,164.356,164.326,164.33599999999998,378.0
2024-04-15 09:19:00,FX:EURJPY,164.33599999999998,164.364,164.316,164.358,327.0
2024-04-15 09:20:00,FX:EURJPY,164.358,164.36499999999998,164.339,164.339,299.0
2024-04-15 09:21:00,FX:EURJPY,164.339,164.349,164.314,164.322,364.0
2024-04-15 09:22:00,FX:EURJPY,164.322,164.32299999999998,164.283,164.283,508.0
2024-04-15 09:23:00,FX:EURJPY,164.283,164.284,164.24599999999998,164.24699999999999,516.0
2024-04-15 09:24:00,FX:EURJPY,164.24699999999999,164.265,164.243,164.255,364.0
2024-04-15 09:25:00,FX:EURJPY,164.255,164.28,164.251,164.267,431.0
2024-04-15 09:26:00,FX:EURJPY,164.267,164.268,164.248,164.255,349.0
2024-04-15 09:27:00,FX:EURJPY,164.255,164.259,164.22899999999998,164.255,373.0
2024-04-15 09:28:00,FX:EURJPY,164.255,164.279,164.243,164.259,361.0
2024-04-15 09:29:00,FX:EURJPY,164.259,164.321,164.259,164.31699999999998,377.0
2024-04-15 09:30:00,FX:EURJPY,164.31699999999998,164.325,164.284,164.308,660.0
2024-04-15 09:31:00,FX:EURJPY,164.308,164.322,164.291,164.29399999999998,684.0
2024-04-15 09:32:00,FX:EURJPY,164.29399999999998,164.334,164.291,164.327,620.0
2024-04-15 09:33:00,FX:EURJPY,164.327,164.327,164.245,164.24599999999998,684.0
2024-04-15 09:34:00,FX:EURJPY,164.24599999999998,164.25,164.214,164.225,719.0
2024-04-15 09:35:00,FX:EURJPY,164.225,164.23399999999998,164.207,164.218,627.0
2024-04-15 09:36:00,FX:EURJPY,164.218,164.22899999999998,164.202,164.209,562.0
2024-04-15 09:37:00,FX:EURJPY,164.209,164.255,164.19899999999998,164.238,629.0
2024-04-15 09:38:00,FX:EURJPY,164.238,164.277,164.23399999999998,164.268,472.0
2024-04-15 09:39:00,FX:EURJPY,164.268,164.27499999999998,164.255,164.271,468.0
2024-04-15 09:40:00,FX:EURJPY,164.271,164.32299999999998,164.261,164.321,468.0
2024-04-15 09:41:00,FX:EURJPY,164.321,164.331,164.274,164.27499999999998,521.0
2024-04-15 09:42:00,FX:EURJPY,164.27499999999998,164.296,164.251,164.259,523.0
2024-04-15 09:43:00,FX:EURJPY,164.259,164.26399999999998,164.22299999999998,164.23,431.0
2024-04-15 09:44:00,FX:EURJPY,164.23,164.231,164.195,164.201,431.0
2024-04-15 09:45:00,FX:EURJPY,164.201,164.214,164.19199999999998,164.203,320.0
2024-04-15 09:46:00,FX:EURJPY,164.203,164.253,164.201,164.244,419.0
2024-04-15 09:47:00,FX:EURJPY,164.244,164.249,164.22,164.221,323.0
2024-04-15 09:48:00,FX:EURJPY,164.221,164.23399999999998,164.213,164.224,408.0
2024-04-15 09:49:00,FX:EURJPY,164.224,164.236,164.22299999999998,164.22899999999998,338.0
2024-04-15 09:50:00,FX:EURJPY,164.22899999999998,164.23,164.19899999999998,164.214,468.0
2024-04-15 09:51:00,FX:EURJPY,164.214,164.232,164.20399999999998,164.224,639.0
2024-04-15 09:52:00,FX:EURJPY,164.224,164.25199999999998,164.218,164.249,531.0
2024-04-15 09:53:00,FX:EURJPY,164.249,164.254,164.21599999999998,164.218,423.0
2024-04-15 09:54:00,FX:EURJPY,164.218,164.227,164.203,164.207,474.0
2024-04-15 09:55:00,FX:EURJPY,164.207,164.225,164.196,164.214,521.0
2024-04-15 09:56:00,FX:EURJPY,164.214,164.23,164.203,164.21099999999998,331.0
2024-04-15 09:57:00,FX:EURJPY,164.21099999999998,164.227,164.209,164.214,258.0
2024-04-15 09:58:00,FX:EURJPY,164.214,164.221,164.18699999999998,164.202,234.0
2024-04-15 09:59:00,FX:EURJPY,164.202,164.207,164.189,164.189,304.0
2024-04-15 10:00:00,FX:EURJPY,164.189,164.19899999999998,164.17,164.19,448.0
2024-04-15 10:01:00,FX:EURJPY,164.19,164.215,164.18099999999998,164.21099999999998,294.0
2024-04-15 10:02:00,FX:EURJPY,164.21099999999998,164.245,164.20999999999998,164.21699999999998,430.0
2024-04-15 10:03:00,FX:EURJPY,164.21699999999998,164.224,164.182,164.184,422.0
2024-04-15 10:04:00,FX:EURJPY,164.184,164.19199999999998,164.164,164.185,544.0
2024-04-15 10:05:00,FX:EURJPY,164.185,164.197,164.179,164.182,477.0
2024-04-15 10:06:00,FX:EURJPY,164.182,164.18699999999998,164.16,164.164,546.0
2024-04-15 10:07:00,FX:EURJPY,164.164,164.17399999999998,164.131,164.13799999999998,642.0
2024-04-15 10:08:00,FX:EURJPY,164.13799999999998,164.143,164.107,164.117,667.0
2024-04-15 10:09:00,FX:EURJPY,164.117,164.137,164.113,164.125,606.0
2024-04-15 10:10:00,FX:EURJPY,164.125,164.136,164.09199999999998,164.09199999999998,667.0
2024-04-15 10:11:00,FX:EURJPY,164.09199999999998,164.106,164.064,164.071,498.0
2024-04-15 10:12:00,FX:EURJPY,164.071,164.081,164.06,164.07,612.0
2024-04-15 10:13:00,FX:EURJPY,164.07,164.108,164.07,164.102,573.0
2024-04-15 10:14:00,FX:EURJPY,164.102,164.10899999999998,164.07999999999998,164.087,691.0
2024-04-15 10:15:00,FX:EURJPY,164.087,164.124,164.08599999999998,164.123,580.0
2024-04-15 10:16:00,FX:EURJPY,164.123,164.141,164.102,164.136,540.0
2024-04-15 10:17:00,FX:EURJPY,164.136,164.143,164.12099999999998,164.124,510.0
2024-04-15 10:18:00,FX:EURJPY,164.124,164.143,164.12,164.134,431.0
2024-04-15 10:19:00,FX:EURJPY,164.134,164.137,164.102,164.102,485.0
2024-04-15 10:20:00,FX:EURJPY,164.102,164.142,164.102,164.11599999999999,620.0
2024-04-15 10:21:00,FX:EURJPY,164.11599999999999,164.123,164.076,164.081,589.0
2024-04-15 10:22:00,FX:EURJPY,164.081,164.106,164.06799999999998,164.084,739.0
2024-04-15 10:23:00,FX:EURJPY,164.084,164.09,164.054,164.07899999999998,514.0
2024-04-15 10:24:00,FX:EURJPY,164.07899999999998,164.094,164.065,164.08499999999998,564.0
2024-04-15 10:25:00,FX:EURJPY,164.08499999999998,164.09199999999998,164.072,164.077,602.0
2024-04-15 10:26:00,FX:EURJPY,164.077,164.08599999999998,164.04399999999998,164.065,606.0
2024-04-15 10:27:00,FX:EURJPY,164.065,164.10399999999998,164.06099999999998,164.077,629.0
2024-04-15 10:28:00,FX:EURJPY,164.077,164.084,164.063,164.07299999999998,573.0
2024-04-15 10:29:00,FX:EURJPY,164.07299999999998,164.077,164.053,164.072,591.0
2024-04-15 10:30:00,FX:EURJPY,164.072,164.09199999999998,164.04899999999998,164.084,611.0
2024-04-15 10:31:00,FX:EURJPY,164.084,164.13299999999998,164.081,164.13299999999998,486.0
2024-04-15 10:32:00,FX:EURJPY,164.13299999999998,164.134,164.082,164.096,509.0
2024-04-15 10:33:00,FX:EURJPY,164.096,164.119,164.08599999999998,164.08599999999998,550.0
2024-04-15 10:34:00,FX:EURJPY,164.08599999999998,164.09,164.042,164.042,519.0
2024-04-15 10:35:00,FX:EURJPY,164.042,164.07,164.03199999999998,164.034,813.0
2024-04-15 10:36:00,FX:EURJPY,164.034,164.03799999999998,163.76299999999998,163.91,1583.0
2024-04-15 10:37:00,FX:EURJPY,163.91,163.993,163.632,163.867,3148.0
2024-04-15 10:38:00,FX:EURJPY,163.867,163.87199999999999,163.702,163.733,1888.0
2024-04-15 10:39:00,FX:EURJPY,163.733,163.838,163.72799999999998,163.831,1565.0
2024-04-15 10:40:00,FX:EURJPY,163.831,163.90099999999998,163.826,163.876,1138.0
2024-04-15 10:41:00,FX:EURJPY,163.876,163.88899999999998,163.82,163.844,849.0
2024-04-15 10:42:00,FX:EURJPY,163.844,163.849,163.79999999999998,163.831,1035.0
2024-04-15 10:43:00,FX:EURJPY,163.831,163.846,163.75799999999998,163.76,790.0
2024-04-15 10:44:00,FX:EURJPY,163.76,163.802,163.757,163.797,763.0
2024-04-15 10:45:00,FX:EURJPY,163.797,163.82999999999998,163.784,163.809,697.0
2024-04-15 10:46:00,FX:EURJPY,163.809,163.82899999999998,163.784,163.813,481.0
2024-04-15 10:47:00,FX:EURJPY,163.813,163.838,163.80499999999998,163.834,436.0
2024-04-15 10:48:00,FX:EURJPY,163.834,163.87199999999999,163.825,163.87,443.0
2024-04-15 10:49:00,FX:EURJPY,163.87,163.90099999999998,163.861,163.899,465.0
2024-04-15 10:50:00,FX:EURJPY,163.899,163.95499999999998,163.88899999999998,163.946,562.0
2024-04-15 10:51:00,FX:EURJPY,163.946,163.946,163.92399999999998,163.934,567.0
2024-04-15 10:52:00,FX:EURJPY,163.934,163.94,163.886,163.893,658.0
2024-04-15 10:53:00,FX:EURJPY,163.893,163.94799999999998,163.891,163.91899999999998,672.0
2024-04-15 10:54:00,FX:EURJPY,163.91899999999998,163.958,163.91899999999998,163.94,483.0
2024-04-15 10:55:00,FX:EURJPY,163.94,163.98,163.94,163.974,536.0
2024-04-15 10:56:00,FX:EURJPY,163.974,163.98399999999998,163.952,163.981,537.0
2024-04-15 10:57:00,FX:EURJPY,163.981,164.027,163.977,164.009,591.0
2024-04-15 10:58:00,FX:EURJPY,164.009,164.011,163.989,163.993,457.0
2024-04-15 10:59:00,FX:EURJPY,163.993,164.007,163.989,164.005,415.0
2024-04-15 11:00:00,FX:EURJPY,164.005,164.007,163.945,163.951,842.0
2024-04-15 11:01:00,FX:EURJPY,163.951,163.969,163.929,163.96699999999998,772.0
2024-04-15 11:02:00,FX:EURJPY,163.96699999999998,163.969,163.94199999999998,163.95,486.0
2024-04-15 11:03:00,FX:EURJPY,163.95,163.97899999999998,163.94899999999998,163.963,453.0
2024-04-15 11:04:00,FX:EURJPY,163.963,163.965,163.93699999999998,163.946,454.0
2024-04-15 11:05:00,FX:EURJPY,163.946,163.97,163.945,163.947,419.0
2024-04-15 11:06:00,FX:EURJPY,163.947,163.97,163.93599999999998,163.964,517.0
2024-04-15 11:07:00,FX:EURJPY,163.964,163.98499999999999,163.964,163.974,385.0
2024-04-15 11:08:00,FX:EURJPY,163.974,163.998,163.97,163.995,329.0
2024-04-15 11:09:00,FX:EURJPY,163.995,164.01,163.98399999999998,163.98399999999998,313.0
2024-04-15 11:10:00,FX:EURJPY,163.98399999999998,164.029,163.976,164.027,389.0
2024-04-15 11:11:00,FX:EURJPY,164.027,164.07,164.027,164.06099999999998,524.0
2024-04-15 11:12:00,FX:EURJPY,164.06099999999998,164.081,164.06,164.07899999999998,472.0
2024-04-15 11:13:00,FX:EURJPY,164.07899999999998,164.081,164.05499999999998,164.065,483.0
2024-04-15 11:14:00,FX:EURJPY,164.065,164.089,164.05599999999998,164.059,411.0
2024-04-15 11:15:00,FX:EURJPY,164.059,164.059,164.006,164.006,407.0
2024-04-15 11:16:00,FX:EURJPY,164.006,164.017,163.97299999999998,163.974,366.0
2024-04-15 11:17:00,FX:EURJPY,163.974,164.02599999999998,163.958,164.017,484.0
2024-04-15 11:18:00,FX:EURJPY,164.017,164.04399999999998,164.012,164.018,388.0
2024-04-15 11:19:00,FX:EURJPY,164.018,164.04299999999998,163.998,164.036,502.0
2024-04-15 11:20:00,FX:EURJPY,164.036,164.04999999999998,164.02499999999998,164.035,330.0
2024-04-15 11:21:00,FX:EURJPY,164.035,164.03699999999998,164.01999999999998,164.03199999999998,388.0
2024-04-15 11:22:00,FX:EURJPY,164.03199999999998,164.034,164.01999999999998,164.03,260.0
2024-04-15 11:23:00,FX:EURJPY,164.03,164.03099999999998,163.971,163.97199999999998,431.0
2024-04-15 11:24:00,FX:EURJPY,163.97199999999998,164.00199999999998,163.963,163.99099999999999,412.0
2024-04-15 11:25:00,FX:EURJPY,163.99099999999999,164.022,163.98399999999998,164.021,384.0
2024-04-15 11:26:00,FX:EURJPY,164.021,164.021,163.999,164.01299999999998,301.0
2024-04-15 11:27:00,FX:EURJPY,164.01299999999998,164.04999999999998,164.01299999999998,164.04999999999998,343.0
2024-04-15 11:28:00,FX:EURJPY,164.04999999999998,164.09099999999998,164.04899999999998,164.09099999999998,423.0
2024-04-15 11:29:00,FX:EURJPY,164.09099999999998,164.09099999999998,164.054,164.07999999999998,539.0
2024-04-15 11:30:00,FX:EURJPY,164.07999999999998,164.08499999999998,164.052,164.053,513.0
2024-04-15 11:31:00,FX:EURJPY,164.053,164.071,164.04399999999998,164.069,388.0
2024-04-15 11:32:00,FX:EURJPY,164.069,164.07399999999998,164.057,164.066,269.0
2024-04-15 11:33:00,FX:EURJPY,164.066,164.106,164.06,164.093,311.0
2024-04-15 11:34:00,FX:EURJPY,164.093,164.117,164.093,164.108,259.0
2024-04-15 11:35:00,FX:EURJPY,164.108,164.134,164.071,164.12,624.0
2024-04-15 11:36:00,FX:EURJPY,164.12,164.16199999999998,164.1,164.16,504.0
2024-04-15 11:37:00,FX:EURJPY,164.16,164.161,164.135,164.153,417.0
2024-04-15 11:38:00,FX:EURJPY,164.153,164.15699999999998,164.14,164.14399999999998,348.0
2024-04-15 11:39:00,FX:EURJPY,164.14399999999998,164.149,164.136,164.13799999999998,243.0
2024-04-15 11:40:00,FX:EURJPY,164.13799999999998,164.16899999999998,164.135,164.16899999999998,327.0
2024-04-15 11:41:00,FX:EURJPY,164.16899999999998,164.17499999999998,164.154,164.161,410.0
2024-04-15 11:42:00,FX:EURJPY,164.161,164.172,164.15099999999998,164.17,370.0
2024-04-15 11:43:00,FX:EURJPY,164.17,164.17999999999998,164.166,164.172,331.0
2024-04-15 11:44:00,FX:EURJPY,164.172,164.183,164.171,164.176,319.0
2024-04-15 11:45:00,FX:EURJPY,164.176,164.19299999999998,164.16899999999998,164.183,395.0
2024-04-15 11:46:00,FX:EURJPY,164.183,164.18699999999998,164.165,164.18699999999998,365.0
2024-04-15 11:47:00,FX:EURJPY,164.18699999999998,164.195,164.164,164.18599999999998,319.0
2024-04-15 11:48:00,FX:EURJPY,164.18599999999998,164.20499999999998,164.18099999999998,164.20399999999998,362.0
2024-04-15 11:49:00,FX:EURJPY,164.20399999999998,164.219,164.177,164.17999999999998,401.0
2024-04-15 11:50:00,FX:EURJPY,164.17999999999998,164.185,164.165,164.16799999999998,314.0
2024-04-15 11:51:00,FX:EURJPY,164.16799999999998,164.20499999999998,164.16,164.20499999999998,384.0
2024-04-15 11:52:00,FX:EURJPY,164.20499999999998,164.215,164.19799999999998,164.21099999999998,351.0
2024-04-15 11:53:00,FX:EURJPY,164.21099999999998,164.224,164.209,164.213,278.0
2024-04-15 11:54:00,FX:EURJPY,164.213,164.224,164.20499999999998,164.22299999999998,282.0
2024-04-15 11:55:00,FX:EURJPY,164.22299999999998,164.25199999999998,164.22299999999998,164.243,334.0
2024-04-15 11:56:00,FX:EURJPY,164.243,164.244,164.21699999999998,164.22899999999998,379.0
2024-04-15 11:57:00,FX:EURJPY,164.22899999999998,164.233,164.221,164.22299999999998,370.0
2024-04-15 11:58:00,FX:EURJPY,164.22299999999998,164.23499999999999,164.221,164.227,411.0
2024-04-15 11:59:00,FX:EURJPY,164.227,164.22799999999998,164.17999999999998,164.17999999999998,321.0
2024-04-15 12:00:00,FX:EURJPY,164.17999999999998,164.21599999999998,164.17999999999998,164.21599999999998,394.0
2024-04-15 12:01:00,FX:EURJPY,164.21599999999998,164.22899999999998,164.21099999999998,164.226,279.0
2024-04-15 12:02:00,FX:EURJPY,164.226,164.22799999999998,164.209,164.22199999999998,259.0
2024-04-15 12:03:00,FX:EURJPY,164.22199999999998,164.232,164.21099999999998,164.231,187.0
2024-04-15 12:04:00,FX:EURJPY,164.231,164.24599999999998,164.225,164.237,231.0
2024-04-15 12:05:00,FX:EURJPY,164.237,164.237,164.213,164.213,253.0
2024-04-15 12:06:00,FX:EURJPY,164.213,164.227,164.20499999999998,164.22199999999998,292.0
2024-04-15 12:07:00,FX:EURJPY,164.22199999999998,164.237,164.183,164.184,277.0
2024-04-15 12:08:00,FX:EURJPY,164.184,164.197,164.179,164.196,333.0
2024-04-15 12:09:00,FX:EURJPY,164.196,164.201,164.185,164.18599999999998,352.0
2024-04-15 12:10:00,FX:EURJPY,164.18599999999998,164.213,164.18599999999998,164.19899999999998,218.0
2024-04-15 12:11:00,FX:EURJPY,164.19899999999998,164.206,164.195,164.197,166.0
2024-04-15 12:12:00,FX:EURJPY,164.197,164.197,164.178,164.183,257.0
2024-04-15 12:13:00,FX:EURJPY,164.183,164.2,164.183,164.196,230.0
2024-04-15 12:14:00,FX:EURJPY,164.196,164.208,164.19,164.20499999999998,126.0
2024-04-15 12:15:00,FX:EURJPY,164.20499999999998,164.206,164.184,164.184,244.0
2024-04-15 12:16:00,FX:EURJPY,164.184,164.196,164.183,164.185,282.0
2024-04-15 12:17:00,FX:EURJPY,164.185,164.19799999999998,164.179,164.194,285.0
2024-04-15 12:18:00,FX:EURJPY,164.194,164.197,164.164,164.17499999999998,260.0
2024-04-15 12:19:00,FX:EURJPY,164.17499999999998,164.177,164.149,164.16,254.0
2024-04-15 12:20:00,FX:EURJPY,164.16,164.176,164.155,164.173,233.0
2024-04-15 12:21:00,FX:EURJPY,164.173,164.194,164.164,164.164,277.0
2024-04-15 12:22:00,FX:EURJPY,164.164,164.176,164.134,164.13899999999998,315.0
2024-04-15 12:23:00,FX:EURJPY,164.13899999999998,164.155,164.134,164.152,208.0
2024-04-15 12:24:00,FX:EURJPY,164.152,164.16799999999998,164.143,164.152,311.0
2024-04-15 12:25:00,FX:EURJPY,164.152,164.167,164.146,164.165,205.0
2024-04-15 12:26:00,FX:EURJPY,164.165,164.173,164.14499999999998,164.147,216.0
2024-04-15 12:27:00,FX:EURJPY,164.147,164.149,164.094,164.094,220.0
2024-04-15 12:28:00,FX:EURJPY,164.094,164.114,164.084,164.10399999999998,326.0
2024-04-15 12:29:00,FX:EURJPY,164.10399999999998,164.117,164.1,164.10399999999998,229.0
2024-04-15 12:30:00,FX:EURJPY,164.10399999999998,164.108,164.07299999999998,164.087,302.0
2024-04-15 12:31:00,FX:EURJPY,164.087,164.088,164.059,164.072,390.0
2024-04-15 12:32:00,FX:EURJPY,164.072,164.077,164.046,164.046,350.0
2024-04-15 12:33:00,FX:EURJPY,164.046,164.07299999999998,164.046,164.06699999999998,382.0
2024-04-15 12:34:00,FX:EURJPY,164.06699999999998,164.07899999999998,164.066,164.069,331.0
2024-04-15 12:35:00,FX:EURJPY,164.069,164.072,164.04299999999998,164.06199999999998,291.0
2024-04-15 12:36:00,FX:EURJPY,164.06199999999998,164.075,164.052,164.07399999999998,262.0
2024-04-15 12:37:00,FX:EURJPY,164.07399999999998,164.083,164.07,164.077,200.0
2024-04-15 12:38:00,FX:EURJPY,164.077,164.089,164.06699999999998,164.071,234.0
2024-04-15 12:39:00,FX:EURJPY,164.071,164.075,164.06199999999998,164.07,161.0
2024-04-15 12:40:00,FX:EURJPY,164.07,164.095,164.07,164.09,260.0
2024-04-15 12:41:00,FX:EURJPY,164.09,164.09199999999998,164.054,164.057,268.0
2024-04-15 12:42:00,FX:EURJPY,164.057,164.06,164.035,164.042,245.0
2024-04-15 12:43:00,FX:EURJPY,164.042,164.057,164.041,164.054,192.0
2024-04-15 12:44:00,FX:EURJPY,164.054,164.06,164.04,164.051,168.0
2024-04-15 12:45:00,FX:EURJPY,164.051,164.05599999999998,164.04399999999998,164.05499999999998,157.0
2024-04-15 12:46:00,FX:EURJPY,164.05499999999998,164.081,164.05499999999998,164.07399999999998,314.0
2024-04-15 12:47:00,FX:EURJPY,164.07399999999998,164.07999999999998,164.058,164.06199999999998,247.0
2024-04-15 12:48:00,FX:EURJPY,164.06199999999998,164.06799999999998,164.053,164.05599999999998,276.0
2024-04-15 12:49:00,FX:EURJPY,164.05599999999998,164.071,164.054,164.071,243.0
2024-04-15 12:50:00,FX:EURJPY,164.071,164.083,164.069,164.07999999999998,218.0
2024-04-15 12:51:00,FX:EURJPY,164.07999999999998,164.081,164.06799999999998,164.077,230.0
2024-04-15 12:52:00,FX:EURJPY,164.077,164.082,164.066,164.075,193.0
2024-04-15 12:53:00,FX:EURJPY,164.075,164.099,164.071,164.09699999999998,260.0
2024-04-15 12:54:00,FX:EURJPY,164.09699999999998,164.09799999999998,164.071,164.095,229.0
2024-04-15 12:55:00,FX:EURJPY,164.095,164.101,164.08599999999998,164.09,164.0
2024-04-15 12:56:00,FX:EURJPY,164.09,164.10399999999998,164.082,164.10299999999998,288.0
2024-04-15 12:57:00,FX:EURJPY,164.10299999999998,164.114,164.096,164.106,330.0
2024-04-15 12:58:00,FX:EURJPY,164.106,164.125,164.10399999999998,164.105,326.0
2024-04-15 12:59:00,FX:EURJPY,164.105,164.12,164.099,164.117,163.0
2024-04-15 13:00:00,FX:EURJPY,164.117,164.117,164.045,164.054,313.0
2024-04-15 13:01:00,FX:EURJPY,164.054,164.076,164.046,164.07399999999998,200.0
2024-04-15 13:02:00,FX:EURJPY,164.07399999999998,164.09,164.072,164.09,208.0
2024-04-15 13:03:00,FX:EURJPY,164.09,164.094,164.054,164.058,305.0
2024-04-15 13:04:00,FX:EURJPY,164.058,164.077,164.052,164.075,287.0
2024-04-15 13:05:00,FX:EURJPY,164.075,164.084,164.06,164.082,214.0
2024-04-15 13:06:00,FX:EURJPY,164.082,164.107,164.082,164.1,196.0
2024-04-15 13:07:00,FX:EURJPY,164.1,164.1,164.082,164.083,219.0
2024-04-15 13:08:00,FX:EURJPY,164.083,164.1,164.081,164.09799999999998,199.0
2024-04-15 13:09:00,FX:EURJPY,164.09799999999998,164.106,164.083,164.094,307.0
2024-04-15 13:10:00,FX:EURJPY,164.094,164.095,164.054,164.054,269.0
2024-04-15 13:11:00,FX:EURJPY,164.054,164.066,164.054,164.06,228.0
2024-04-15 13:12:00,FX:EURJPY,164.06,164.07,164.05499999999998,164.057,230.0
2024-04-15 13:13:00,FX:EURJPY,164.057,164.072,164.047,164.05499999999998,263.0
2024-04-15 13:14:00,FX:EURJPY,164.05499999999998,164.057,164.048,164.051,146.0
2024-04-15 13:15:00,FX:EURJPY,164.051,164.053,164.04,164.052,251.0
2024-04-15 13:16:00,FX:EURJPY,164.052,164.05499999999998,164.04399999999998,164.045,159.0
2024-04-15 13:17:00,FX:EURJPY,164.045,164.045,164.01899999999998,164.03799999999998,207.0
2024-04-15 13:18:00,FX:EURJPY,164.03799999999998,164.042,164.001,164.001,219.0
2024-04-15 13:19:00,FX:EURJPY,164.001,164.001,163.951,163.956,436.0
2024-04-15 13:20:00,FX:EURJPY,163.956,163.957,163.929,163.94,279.0
2024-04-15 13:21:00,FX:EURJPY,163.94,163.952,163.921,163.92399999999998,224.0
2024-04-15 13:22:00,FX:EURJPY,163.92399999999998,163.93599999999998,163.916,163.91899999999998,344.0
2024-04-15 13:23:00,FX:EURJPY,163.91899999999998,163.939,163.908,163.922,380.0
2024-04-15 13:24:00,FX:EURJPY,163.922,163.947,163.916,163.92499999999998,305.0
2024-04-15 13:25:00,FX:EURJPY,163.92499999999998,163.926,163.91299999999998,163.92,261.0
2024-04-15 13:26:00,FX:EURJPY,163.92,163.92,163.849,163.892,616.0
2024-04-15 13:27:00,FX:EURJPY,163.892,163.91,163.88799999999998,163.893,367.0
2024-04-15 13:28:00,FX:EURJPY,163.893,163.899,163.868,163.89,414.0
2024-04-15 13:29:00,FX:EURJPY,163.89,163.905,163.864,163.864,341.0
2024-04-15 13:30:00,FX:EURJPY,163.864,163.86599999999999,163.79899999999998,163.802,352.0
2024-04-15 13:31:00,FX:EURJPY,163.802,163.85399999999998,163.791,163.849,514.0
2024-04-15 13:32:00,FX:EURJPY,163.849,163.85,163.807,163.81199999999998,404.0
2024-04-15 13:33:00,FX:EURJPY,163.81199999999998,163.83499999999998,163.81199999999998,163.825,277.0
2024-04-15 13:34:00,FX:EURJPY,163.825,163.899,163.821,163.873,441.0
2024-04-15 13:35:00,FX:EURJPY,163.873,163.88799999999998,163.864,163.878,442.0
2024-04-15 13:36:00,FX:EURJPY,163.878,163.879,163.85299999999998,163.85399999999998,394.0
2024-04-15 13:37:00,FX:EURJPY,163.85399999999998,163.878,163.85299999999998,163.873,505.0
2024-04-15 13:38:00,FX:EURJPY,163.873,163.878,163.849,163.864,451.0
2024-04-15 13:39:00,FX:EURJPY,163.864,163.868,163.828,163.864,481.0
2024-04-15 13:40:00,FX:EURJPY,163.864,163.86599999999999,163.82899999999998,163.84199999999998,425.0
2024-04-15 13:41:00,FX:EURJPY,163.84199999999998,163.856,163.839,163.856,380.0
2024-04-15 13:42:00,FX:EURJPY,163.856,163.885,163.856,163.885,347.0
2024-04-15 13:43:00,FX:EURJPY,163.885,163.916,163.882,163.892,411.0
2024-04-15 13:44:00,FX:EURJPY,163.892,163.90099999999998,163.882,163.882,520.0
2024-04-15 13:45:00,FX:EURJPY,163.882,163.911,163.87699999999998,163.905,364.0
2024-04-15 13:46:00,FX:EURJPY,163.905,163.914,163.89,163.897,331.0
2024-04-15 13:47:00,FX:EURJPY,163.897,163.897,163.887,163.892,345.0
2024-04-15 13:48:00,FX:EURJPY,163.892,163.892,163.86599999999999,163.868,274.0
2024-04-15 13:49:00,FX:EURJPY,163.868,163.87,163.84799999999998,163.856,296.0
2024-04-15 13:50:00,FX:EURJPY,163.856,163.856,163.84,163.849,310.0
2024-04-15 13:51:00,FX:EURJPY,163.849,163.85,163.79999999999998,163.803,396.0
2024-04-15 13:52:00,FX:EURJPY,163.803,163.83499999999998,163.79899999999998,163.832,476.0
2024-04-15 13:53:00,FX:EURJPY,163.832,163.867,163.82999999999998,163.858,336.0
2024-04-15 13:54:00,FX:EURJPY,163.858,163.882,163.856,163.87,344.0
2024-04-15 13:55:00,FX:EURJPY,163.87,163.88,163.857,163.857,324.0
2024-04-15 13:56:00,FX:EURJPY,163.857,163.87,163.852,163.86599999999999,255.0
2024-04-15 13:57:00,FX:EURJPY,163.86599999999999,163.887,163.85899999999998,163.879,288.0
2024-04-15 13:58:00,FX:EURJPY,163.879,163.90099999999998,163.876,163.892,231.0
2024-04-15 13:59:00,FX:EURJPY,163.892,163.903,163.858,163.869,388.0
2024-04-15 14:00:00,FX:EURJPY,163.869,163.88299999999998,163.844,163.882,373.0
2024-04-15 14:01:00,FX:EURJPY,163.882,163.891,163.85399999999998,163.879,347.0
2024-04-15 14:02:00,FX:EURJPY,163.879,163.88,163.85,163.868,424.0
2024-04-15 14:03:00,FX:EURJPY,163.868,163.878,163.85899999999998,163.864,412.0
2024-04-15 14:04:00,FX:EURJPY,163.864,163.891,163.85999999999999,163.891,344.0
2024-04-15 14:05:00,FX:EURJPY,163.891,163.891,163.87199999999999,163.878,309.0
2024-04-15 14:06:00,FX:EURJPY,163.878,163.88799999999998,163.869,163.874,292.0
2024-04-15 14:07:00,FX:EURJPY,163.874,163.88299999999998,163.87199999999999,163.874,232.0
2024-04-15 14:08:00,FX:EURJPY,163.874,163.88799999999998,163.867,163.87199999999999,197.0
2024-04-15 14:09:00,FX:EURJPY,163.87199999999999,163.876,163.86599999999999,163.868,219.0
2024-04-15 14:10:00,FX:EURJPY,163.868,163.87,163.857,163.862,159.0
2024-04-15 14:11:00,FX:EURJPY,163.862,163.86599999999999,163.845,163.85299999999998,228.0
2024-04-15 14:12:00,FX:EURJPY,163.85299999999998,163.864,163.846,163.85999999999999,332.0
2024-04-15 14:13:00,FX:EURJPY,163.85999999999999,163.885,163.858,163.87199999999999,311.0
2024-04-15 14:14:00,FX:EURJPY,163.87199999999999,163.887,163.87199999999999,163.878,222.0
2024-04-15 14:15:00,FX:EURJPY,163.878,163.89399999999998,163.86599999999999,163.885,270.0
2024-04-15 14:16:00,FX:EURJPY,163.885,163.891,163.874,163.882,327.0
2024-04-15 14:17:00,FX:EURJPY,163.882,163.89499999999998,163.858,163.858,371.0
2024-04-15 14:18:00,FX:EURJPY,163.858,163.896,163.851,163.896,323.0
2024-04-15 14:19:00,FX:EURJPY,163.896,163.911,163.893,163.909,241.0
2024-04-15 14:20:00,FX:EURJPY,163.909,163.941,163.905,163.938,243.0
2024-04-15 14:21:00,FX:EURJPY,163.938,163.946,163.92499999999998,163.941,325.0
2024-04-15 14:22:00,FX:EURJPY,163.941,163.95,163.91,163.91,332.0
2024-04-15 14:23:00,FX:EURJPY,163.91,163.922,163.897,163.91799999999998,259.0
2024-04-15 14:24:00,FX:EURJPY,163.91799999999998,163.921,163.91,163.91899999999998,146.0
2024-04-15 14:25:00,FX:EURJPY,163.91899999999998,163.939,163.91299999999998,163.939,229.0
2024-04-15 14:26:00,FX:EURJPY,163.939,163.94,163.929,163.93099999999998,205.0
2024-04-15 14:27:00,FX:EURJPY,163.93099999999998,163.932,163.926,163.92999999999998,281.0
2024-04-15 14:28:00,FX:EURJPY,163.92999999999998,163.932,163.893,163.898,286.0
2024-04-15 14:29:00,FX:EURJPY,163.898,163.899,163.881,163.885,213.0
2024-04-15 14:30:00,FX:EURJPY,163.885,163.885,163.86499999999998,163.876,224.0
2024-04-15 14:31:00,FX:EURJPY,163.876,163.876,163.85,163.863,207.0
2024-04-15 14:32:00,FX:EURJPY,163.863,163.89,163.862,163.886,213.0
2024-04-15 14:33:00,FX:EURJPY,163.886,163.90599999999998,163.879,163.90099999999998,232.0
2024-04-15 14:34:00,FX:EURJPY,163.90099999999998,163.92399999999998,163.897,163.915,319.0
2024-04-15 14:35:00,FX:EURJPY,163.915,163.93599999999998,163.914,163.92499999999998,280.0
2024-04-15 14:36:00,FX:EURJPY,163.92499999999998,163.92999999999998,163.91899999999998,163.92499999999998,323.0
2024-04-15 14:37:00,FX:EURJPY,163.92499999999998,163.93699999999998,163.921,163.932,342.0
2024-04-15 14:38:00,FX:EURJPY,163.932,163.946,163.932,163.93699999999998,226.0
2024-04-15 14:39:00,FX:EURJPY,163.93699999999998,163.938,163.914,163.92499999999998,222.0
2024-04-15 14:40:00,FX:EURJPY,163.92499999999998,163.94,163.923,163.92399999999998,224.0
2024-04-15 14:41:00,FX:EURJPY,163.92399999999998,163.92999999999998,163.90699999999998,163.915,344.0
2024-04-15 14:42:00,FX:EURJPY,163.915,163.92499999999998,163.91299999999998,163.914,309.0
2024-04-15 14:43:00,FX:EURJPY,163.914,163.92499999999998,163.914,163.917,223.0
2024-04-15 14:44:00,FX:EURJPY,163.917,163.923,163.915,163.91799999999998,210.0
2024-04-15 14:45:00,FX:EURJPY,163.91799999999998,163.921,163.876,163.885,304.0
2024-04-15 14:46:00,FX:EURJPY,163.885,163.891,163.876,163.878,267.0
2024-04-15 14:47:00,FX:EURJPY,163.878,163.88299999999998,163.87199999999999,163.874,146.0
2024-04-15 14:48:00,FX:EURJPY,163.874,163.885,163.861,163.862,196.0
2024-04-15 14:49:00,FX:EURJPY,163.862,163.862,163.832,163.83599999999998,189.0
2024-04-15 14:50:00,FX:EURJPY,163.83599999999998,163.851,163.82999999999998,163.83599999999998,213.0
2024-04-15 14:51:00,FX:EURJPY,163.83599999999998,163.84699999999998,163.819,163.819,201.0
2024-04-15 14:52:00,FX:EURJPY,163.819,163.825,163.80599999999998,163.81099999999998,199.0
2024-04-15 14:53:00,FX:EURJPY,163.81099999999998,163.834,163.81099999999998,163.825,255.0
2024-04-15 14:54:00,FX:EURJPY,163.825,163.826,163.79899999999998,163.802,268.0
2024-04-15 14:55:00,FX:EURJPY,163.802,163.828,163.79999999999998,163.807,279.0
2024-04-15 14:56:00,FX:EURJPY,163.807,163.831,163.80599999999998,163.816,255.0
2024-04-15 14:57:00,FX:EURJPY,163.816,163.846,163.808,163.846,234.0
2024-04-15 14:58:00,FX:EURJPY,163.846,163.868,163.845,163.855,289.0
2024-04-15 14:59:00,FX:EURJPY,163.855,163.862,163.82999999999998,163.846,331.0
2024-04-15 15:00:00,FX:EURJPY,163.846,163.856,163.838,163.852,248.0
2024-04-15 15:01:00,FX:EURJPY,163.852,163.86599999999999,163.84,163.86499999999998,250.0
2024-04-15 15:02:00,FX:EURJPY,163.86499999999998,163.874,163.85999999999999,163.868,227.0
2024-04-15 15:03:00,FX:EURJPY,163.868,163.87,163.837,163.84199999999998,289.0
2024-04-15 15:04:00,FX:EURJPY,163.84199999999998,163.84199999999998,163.822,163.822,231.0
2024-04-15 15:05:00,FX:EURJPY,163.822,163.82299999999998,163.79999999999998,163.815,242.0
2024-04-15 15:06:00,FX:EURJPY,163.815,163.815,163.785,163.786,220.0
2024-04-15 15:07:00,FX:EURJPY,163.786,163.798,163.77499999999998,163.777,268.0
2024-04-15 15:08:00,FX:EURJPY,163.777,163.79899999999998,163.77499999999998,163.78699999999998,188.0
2024-04-15 15:09:00,FX:EURJPY,163.78699999999998,163.814,163.785,163.81199999999998,173.0
2024-04-15 15:10:00,FX:EURJPY,163.81199999999998,163.831,163.81,163.81699999999998,198.0
2024-04-15 15:11:00,FX:EURJPY,163.81699999999998,163.846,163.81699999999998,163.83499999999998,204.0
2024-04-15 15:12:00,FX:EURJPY,163.83499999999998,163.838,163.822,163.82399999999998,217.0
2024-04-15 15:13:00,FX:EURJPY,163.82399999999998,163.834,163.81699999999998,163.834,136.0
2024-04-15 15:14:00,FX:EURJPY,163.834,163.84099999999998,163.828,163.828,155.0
2024-04-15 15:15:00,FX:EURJPY,163.828,163.843,163.828,163.834,216.0
2024-04-15 15:16:00,FX:EURJPY,163.834,163.838,163.80599999999998,163.80599999999998,205.0
2024-04-15 15:17:00,FX:EURJPY,163.80599999999998,163.807,163.766,163.76899999999998,272.0
2024-04-15 15:18:00,FX:EURJPY,163.76899999999998,163.77599999999998,163.76399999999998,163.773,271.0
2024-04-15 15:19:00,FX:EURJPY,163.773,163.777,163.751,163.753,227.0
2024-04-15 15:20:00,FX:EURJPY,163.753,163.79,163.753,163.785,206.0
2024-04-15 15:21:00,FX:EURJPY,163.785,163.792,163.779,163.786,268.0
2024-04-15 15:22:00,FX:EURJPY,163.786,163.81199999999998,163.786,163.80599999999998,193.0
2024-04-15 15:23:00,FX:EURJPY,163.80599999999998,163.822,163.80599999999998,163.822,169.0
2024-04-15 15:24:00,FX:EURJPY,163.822,163.828,163.809,163.81199999999998,187.0
2024-04-15 15:25:00,FX:EURJPY,163.81199999999998,163.834,163.81199999999998,163.831,159.0
2024-04-15 15:26:00,FX:EURJPY,163.831,163.831,163.822,163.82999999999998,147.0
2024-04-15 15:27:00,FX:EURJPY,163.82999999999998,163.82999999999998,163.81699999999998,163.822,156.0
2024-04-15 15:28:00,FX:EURJPY,163.822,163.82399999999998,163.81199999999998,163.81799999999998,155.0
2024-04-15 15:29:00,FX:EURJPY,163.81799999999998,163.81799999999998,163.803,163.815,144.0
2024-04-15 15:30:00,FX:EURJPY,163.815,163.831,163.815,163.822,248.0
2024-04-15 15:31:00,FX:EURJPY,163.822,163.84,163.809,163.839,226.0
2024-04-15 15:32:00,FX:EURJPY,163.839,163.868,163.832,163.868,332.0
2024-04-15 15:33:00,FX:EURJPY,163.868,163.876,163.852,163.85399999999998,190.0
2024-04-15 15:34:00,FX:EURJPY,163.85399999999998,163.869,163.85399999999998,163.858,208.0
2024-04-15 15:35:00,FX:EURJPY,163.858,163.879,163.858,163.874,200.0
2024-04-15 15:36:00,FX:EURJPY,163.874,163.896,163.874,163.886,175.0
2024-04-15 15:37:00,FX:EURJPY,163.886,163.89,163.844,163.84799999999998,310.0
2024-04-15 15:38:00,FX:EURJPY,163.84799999999998,163.88,163.84699999999998,163.878,219.0
2024-04-15 15:39:00,FX:EURJPY,163.878,163.89499999999998,163.868,163.88899999999998,187.0
2024-04-15 15:40:00,FX:EURJPY,163.88899999999998,163.88899999999998,163.85999999999999,163.862,215.0
2024-04-15 15:41:00,FX:EURJPY,163.862,163.869,163.85399999999998,163.867,250.0
2024-04-15 15:42:00,FX:EURJPY,163.867,163.87,163.85299999999998,163.85999999999999,254.0
2024-04-15 15:43:00,FX:EURJPY,163.85999999999999,163.869,163.85,163.861,171.0
2024-04-15 15:44:00,FX:EURJPY,163.861,163.864,163.845,163.846,150.0
2024-04-15 15:45:00,FX:EURJPY,163.846,163.857,163.837,163.852,188.0
2024-04-15 15:46:00,FX:EURJPY,163.852,163.858,163.84199999999998,163.846,247.0
2024-04-15 15:47:00,FX:EURJPY,163.846,163.851,163.837,163.84099999999998,271.0
2024-04-15 15:48:00,FX:EURJPY,163.84099999999998,163.85399999999998,163.83599999999998,163.84799999999998,265.0
2024-04-15 15:49:00,FX:EURJPY,163.84799999999998,163.887,163.84799999999998,163.886,254.0
2024-04-15 15:50:00,FX:EURJPY,163.886,163.886,163.873,163.87699999999998,267.0
2024-04-15 15:51:00,FX:EURJPY,163.87699999999998,163.879,163.857,163.86499999999998,249.0
2024-04-15 15:52:00,FX:EURJPY,163.86499999999998,163.867,163.861,163.862,120.0
2024-04-15 15:53:00,FX:EURJPY,163.862,163.864,163.856,163.857,163.0
2024-04-15 15:54:00,FX:EURJPY,163.857,163.868,163.856,163.86599999999999,132.0
2024-04-15 15:55:00,FX:EURJPY,163.86599999999999,163.867,163.856,163.867,137.0
2024-04-15 15:56:00,FX:EURJPY,163.867,163.885,163.86499999999998,163.885,130.0
2024-04-15 15:57:00,FX:EURJPY,163.885,163.89499999999998,163.881,163.892,212.0
2024-04-15 15:58:00,FX:EURJPY,163.892,163.89399999999998,163.87699999999998,163.886,158.0
2024-04-15 15:59:00,FX:EURJPY,163.886,163.89399999999998,163.873,163.884,240.0
2024-04-15 16:00:00,FX:EURJPY,163.884,163.893,163.87,163.87099999999998,170.0
2024-04-15 16:01:00,FX:EURJPY,163.87099999999998,163.875,163.85899999999998,163.87,183.0
2024-04-15 16:02:00,FX:EURJPY,163.87,163.87099999999998,163.858,163.858,86.0
2024-04-15 16:03:00,FX:EURJPY,163.858,163.873,163.858,163.87,77.0
2024-04-15 16:04:00,FX:EURJPY,163.87,163.87699999999998,163.87,163.874,77.0
2024-04-15 16:05:00,FX:EURJPY,163.874,163.882,163.87199999999999,163.879,62.0
2024-04-15 16:06:00,FX:EURJPY,163.879,163.88799999999998,163.879,163.885,59.0
2024-04-15 16:07:00,FX:EURJPY,163.885,163.90099999999998,163.88299999999998,163.90099999999998,67.0
2024-04-15 16:08:00,FX:EURJPY,163.90099999999998,163.903,163.886,163.88799999999998,76.0
2024-04-15 16:09:00,FX:EURJPY,163.88799999999998,163.892,163.88299999999998,163.88299999999998,60.0
2024-04-15 16:10:00,FX:EURJPY,163.88299999999998,163.897,163.88299999999998,163.892,94.0
2024-04-15 16:11:00,FX:EURJPY,163.892,163.893,163.869,163.87099999999998,75.0
2024-04-15 16:12:00,FX:EURJPY,163.87099999999998,163.87199999999999,163.864,163.868,68.0
2024-04-15 16:13:00,FX:EURJPY,163.868,163.875,163.86599999999999,163.87099999999998,99.0
2024-04-15 16:14:00,FX:EURJPY,163.87099999999998,163.87099999999998,163.86499999999998,163.86499999999998,37.0
2024-04-15 16:15:00,FX:EURJPY,163.86499999999998,163.869,163.861,163.86599999999999,51.0
2024-04-15 16:16:00,FX:EURJPY,163.86599999999999,163.87699999999998,163.863,163.876,52.0
2024-04-15 16:17:00,FX:EURJPY,163.876,163.879,163.873,163.874,66.0
2024-04-15 16:18:00,FX:EURJPY,163.874,163.881,163.87099999999998,163.881,70.0
2024-04-15 16:19:00,FX:EURJPY,163.881,163.881,163.874,163.878,56.0
2024-04-15 16:20:00,FX:EURJPY,163.878,163.878,163.86499999999998,163.86599999999999,85.0
2024-04-15 16:21:00,FX:EURJPY,163.86599999999999,163.869,163.857,163.857,68.0
2024-04-15 16:22:00,FX:EURJPY,163.857,163.85999999999999,163.857,163.85999999999999,64.0
2024-04-15 16:23:00,FX:EURJPY,163.85999999999999,163.85999999999999,163.858,163.858,45.0
2024-04-15 16:24:00,FX:EURJPY,163.858,163.868,163.858,163.861,69.0
2024-04-15 16:25:00,FX:EURJPY,163.861,163.862,163.858,163.85899999999998,56.0
2024-04-15 16:26:00,FX:EURJPY,163.85899999999998,163.85999999999999,163.85399999999998,163.85399999999998,32.0
2024-04-15 16:27:00,FX:EURJPY,163.85399999999998,163.85899999999998,163.85399999999998,163.857,26.0
2024-04-15 16:28:00,FX:EURJPY,163.857,163.867,163.855,163.855,59.0
2024-04-15 16:29:00,FX:EURJPY,163.855,163.858,163.843,163.85299999999998,95.0
2024-04-15 16:30:00,FX:EURJPY,163.85299999999998,163.855,163.84799999999998,163.852,70.0
2024-04-15 16:31:00,FX:EURJPY,163.852,163.856,163.845,163.85,140.0
2024-04-15 16:32:00,FX:EURJPY,163.85,163.85899999999998,163.84099999999998,163.849,125.0
2024-04-15 16:33:00,FX:EURJPY,163.849,163.85299999999998,163.84699999999998,163.85299999999998,93.0
2024-04-15 16:34:00,FX:EURJPY,163.85299999999998,163.858,163.846,163.856,125.0
2024-04-15 16:35:00,FX:EURJPY,163.856,163.86499999999998,163.844,163.844,93.0
2024-04-15 16:36:00,FX:EURJPY,163.844,163.851,163.839,163.845,117.0
2024-04-15 16:37:00,FX:EURJPY,163.845,163.846,163.838,163.838,34.0
2024-04-15 16:38:00,FX:EURJPY,163.838,163.844,163.826,163.83599999999998,126.0
2024-04-15 16:39:00,FX:EURJPY,163.83599999999998,163.843,163.83599999999998,163.84099999999998,119.0
2024-04-15 16:40:00,FX:EURJPY,163.84099999999998,163.85,163.839,163.84199999999998,106.0
2024-04-15 16:41:00,FX:EURJPY,163.84199999999998,163.845,163.84099999999998,163.844,60.0
2024-04-15 16:42:00,FX:EURJPY,163.844,163.84699999999998,163.843,163.845,51.0
2024-04-15 16:43:00,FX:EURJPY,163.845,163.849,163.843,163.849,79.0
2024-04-15 16:44:00,FX:EURJPY,163.849,163.858,163.845,163.845,104.0
2024-04-15 16:45:00,FX:EURJPY,163.845,163.858,163.845,163.855,94.0
2024-04-15 16:46:00,FX:EURJPY,163.855,163.863,163.85,163.85299999999998,84.0
2024-04-15 16:47:00,FX:EURJPY,163.85299999999998,163.85999999999999,163.851,163.85299999999998,61.0
2024-04-15 16:48:00,FX:EURJPY,163.85299999999998,163.85399999999998,163.846,163.84699999999998,69.0
2024-04-15 16:49:00,FX:EURJPY,163.84699999999998,163.84799999999998,163.82899999999998,163.83599999999998,133.0
2024-04-15 16:50:00,FX:EURJPY,163.83599999999998,163.856,163.825,163.852,132.0
2024-04-15 16:51:00,FX:EURJPY,163.852,163.856,163.838,163.856,77.0
2024-04-15 16:52:00,FX:EURJPY,163.856,163.862,163.85,163.861,116.0
2024-04-15 16:53:00,FX:EURJPY,163.861,163.867,163.857,163.86499999999998,114.0
2024-04-15 16:54:00,FX:EURJPY,163.86499999999998,163.87199999999999,163.86499999999998,163.87,96.0
2024-04-15 16:55:00,FX:EURJPY,163.87,163.875,163.85899999999998,163.875,83.0
2024-04-15 16:56:00,FX:EURJPY,163.875,163.897,163.867,163.89399999999998,79.0
2024-04-15 16:57:00,FX:EURJPY,163.89399999999998,163.902,163.891,163.89399999999998,108.0
2024-04-15 16:58:00,FX:EURJPY,163.89399999999998,163.90099999999998,163.88899999999998,163.898,122.0
2024-04-15 16:59:00,FX:EURJPY,163.898,163.90699999999998,163.861,163.896,156.0
2024-04-15 17:00:00,FX:EURJPY,163.896,163.897,163.879,163.879,9.0
2024-04-15 17:01:00,FX:EURJPY,163.879,163.88799999999998,163.879,163.884,4.0
2024-04-15 17:02:00,FX:EURJPY,163.884,163.89,163.884,163.88899999999998,3.0
2024-04-15 17:03:00,FX:EURJPY,163.88899999999998,163.88899999999998,163.874,163.87699999999998,5.0
2024-04-15 17:04:00,FX:EURJPY,163.87699999999998,163.87699999999998,163.861,163.861,5.0
2024-04-15 17:05:00,FX:EURJPY,163.861,163.864,163.855,163.855,46.0
2024-04-15 17:06:00,FX:EURJPY,163.855,163.862,163.851,163.862,28.0
2024-04-15 17:07:00,FX:EURJPY,163.862,163.862,163.861,163.861,4.0
2024-04-15 17:09:00,FX:EURJPY,163.861,163.861,163.85899999999998,163.85899999999998,1.0
2024-04-15 17:10:00,FX:EURJPY,163.85899999999998,163.85899999999998,163.85899999999998,163.85899999999998,18.0
2024-04-15 17:11:00,FX:EURJPY,163.85899999999998,163.861,163.858,163.858,24.0
2024-04-15 17:12:00,FX:EURJPY,163.858,163.858,163.857,163.857,23.0
2024-04-15 17:13:00,FX:EURJPY,163.857,163.857,163.84699999999998,163.84699999999998,41.0
2024-04-15 17:14:00,FX:EURJPY,163.84699999999998,163.858,163.84699999999998,163.84699999999998,16.0
2024-04-15 17:15:00,FX:EURJPY,163.84699999999998,163.85399999999998,163.84699999999998,163.84799999999998,14.0
2024-04-15 17:16:00,FX:EURJPY,163.84799999999998,163.85299999999998,163.84699999999998,163.84699999999998,8.0
2024-04-15 17:17:00,FX:EURJPY,163.84699999999998,163.84699999999998,163.83499999999998,163.83499999999998,10.0
2024-04-15 17:18:00,FX:EURJPY,163.83499999999998,163.84,163.779,163.779,32.0
2024-04-15 17:19:00,FX:EURJPY,163.779,163.82999999999998,163.779,163.82999999999998,33.0
2024-04-15 17:20:00,FX:EURJPY,163.82999999999998,163.82999999999998,163.77599999999998,163.81799999999998,23.0
2024-04-15 17:21:00,FX:EURJPY,163.81799999999998,163.82899999999998,163.81799999999998,163.82899999999998,53.0
2024-04-15 17:22:00,FX:EURJPY,163.82899999999998,163.849,163.82899999999998,163.84099999999998,23.0
2024-04-15 17:23:00,FX:EURJPY,163.84099999999998,163.84099999999998,163.82,163.82,16.0
2024-04-15 17:24:00,FX:EURJPY,163.82,163.82,163.814,163.814,20.0
2024-04-15 17:25:00,FX:EURJPY,163.814,163.82999999999998,163.81,163.81,6.0
2024-04-15 17:26:00,FX:EURJPY,163.81,163.839,163.81,163.839,72.0
2024-04-15 17:27:00,FX:EURJPY,163.839,163.85,163.837,163.837,12.0
2024-04-15 17:28:00,FX:EURJPY,163.837,163.837,163.826,163.826,7.0
2024-04-15 17:29:00,FX:EURJPY,163.826,163.83499999999998,163.82399999999998,163.825,23.0
2024-04-15 17:30:00,FX:EURJPY,163.825,163.849,163.825,163.849,29.0
2024-04-15 17:31:00,FX:EURJPY,163.849,163.849,163.84099999999998,163.846,17.0
2024-04-15 17:32:00,FX:EURJPY,163.846,163.846,163.834,163.834,232.0
2024-04-15 17:33:00,FX:EURJPY,163.834,163.844,163.82999999999998,163.844,152.0
2024-04-15 17:34:00,FX:EURJPY,163.844,163.845,163.843,163.845,21.0
2024-04-15 17:35:00,FX:EURJPY,163.845,163.857,163.845,163.852,29.0
2024-04-15 17:36:00,FX:EURJPY,163.852,163.861,163.844,163.858,30.0
2024-04-15 17:37:00,FX:EURJPY,163.858,163.858,163.843,163.852,91.0
2024-04-15 17:38:00,FX:EURJPY,163.852,163.864,163.84699999999998,163.858,65.0
2024-04-15 17:39:00,FX:EURJPY,163.858,163.858,163.837,163.85299999999998,86.0
2024-04-15 17:40:00,FX:EURJPY,163.85299999999998,163.85299999999998,163.83599999999998,163.845,64.0
2024-04-15 17:41:00,FX:EURJPY,163.845,163.862,163.844,163.85999999999999,84.0
2024-04-15 17:42:00,FX:EURJPY,163.85999999999999,163.86499999999998,163.851,163.858,44.0
2024-04-15 17:43:00,FX:EURJPY,163.858,163.862,163.855,163.855,41.0
2024-04-15 17:44:00,FX:EURJPY,163.855,163.86599999999999,163.852,163.85999999999999,92.0
2024-04-15 17:45:00,FX:EURJPY,163.85999999999999,163.874,163.858,163.873,90.0
2024-04-15 17:46:00,FX:EURJPY,163.873,163.873,163.85,163.85,67.0
2024-04-15 17:47:00,FX:EURJPY,163.85,163.868,163.846,163.86599999999999,67.0
2024-04-15 17:48:00,FX:EURJPY,163.86599999999999,163.87099999999998,163.857,163.87099999999998,56.0
2024-04-15 17:49:00,FX:EURJPY,163.87099999999998,163.873,163.869,163.87099999999998,17.0
2024-04-15 17:50:00,FX:EURJPY,163.87099999999998,163.874,163.867,163.87099999999998,43.0
2024-04-15 17:51:00,FX:EURJPY,163.87099999999998,163.873,163.868,163.87,15.0
2024-04-15 17:52:00,FX:EURJPY,163.87,163.873,163.851,163.852,18.0
2024-04-15 17:53:00,FX:EURJPY,163.852,163.868,163.84799999999998,163.849,17.0
2024-04-15 17:54:00,FX:EURJPY,163.849,163.862,163.849,163.85999999999999,31.0
2024-04-15 17:55:00,FX:EURJPY,163.85999999999999,163.903,163.844,163.84699999999998,61.0
2024-04-15 17:56:00,FX:EURJPY,163.84699999999998,163.915,163.843,163.85,63.0
2024-04-15 17:57:00,FX:EURJPY,163.85,163.863,163.845,163.85899999999998,92.0
2024-04-15 17:58:00,FX:EURJPY,163.85899999999998,163.864,163.844,163.864,265.0
2024-04-15 17:59:00,FX:EURJPY,163.864,163.864,163.85299999999998,163.856,170.0
2024-04-15 18:00:00,FX:EURJPY,163.856,163.863,163.82399999999998,163.826,190.0
2024-04-15 18:01:00,FX:EURJPY,163.826,163.831,163.81699999999998,163.82299999999998,59.0
2024-04-15 18:02:00,FX:EURJPY,163.82299999999998,163.83499999999998,163.81799999999998,163.833,48.0
2024-04-15 18:03:00,FX:EURJPY,163.833,163.839,163.81699999999998,163.81799999999998,32.0
2024-04-15 18:04:00,FX:EURJPY,163.81799999999998,163.84099999999998,163.79999999999998,163.807,122.0
2024-04-15 18:05:00,FX:EURJPY,163.807,163.807,163.80599999999998,163.807,27.0
2024-04-15 18:06:00,FX:EURJPY,163.807,163.82299999999998,163.80499999999998,163.821,49.0
2024-04-15 18:07:00,FX:EURJPY,163.821,163.837,163.821,163.832,28.0
2024-04-15 18:08:00,FX:EURJPY,163.832,163.832,163.804,163.814,49.0
2024-04-15 18:09:00,FX:EURJPY,163.814,163.82399999999998,163.81199999999998,163.814,44.0
2024-04-15 18:10:00,FX:EURJPY,163.814,163.81699999999998,163.814,163.815,33.0
2024-04-15 18:11:00,FX:EURJPY,163.815,163.822,163.81199999999998,163.822,53.0
2024-04-15 18:12:00,FX:EURJPY,163.822,163.827,163.821,163.82299999999998,44.0
2024-04-15 18:13:00,FX:EURJPY,163.82299999999998,163.839,163.82299999999998,163.832,110.0
2024-04-15 18:14:00,FX:EURJPY,163.832,163.833,163.81,163.81799999999998,109.0
2024-04-15 18:15:00,FX:EURJPY,163.81799999999998,163.839,163.816,163.83599999999998,62.0
2024-04-15 18:16:00,FX:EURJPY,163.83599999999998,163.844,163.82899999999998,163.844,67.0
2024-04-15 18:17:00,FX:EURJPY,163.844,163.85,163.843,163.84699999999998,41.0
2024-04-15 18:18:00,FX:EURJPY,163.84699999999998,163.85399999999998,163.84699999999998,163.85399999999998,75.0
2024-04-15 18:19:00,FX:EURJPY,163.85399999999998,163.86499999999998,163.851,163.861,76.0
2024-04-15 18:20:00,FX:EURJPY,163.861,163.861,163.85299999999998,163.858,56.0
2024-04-15 18:21:00,FX:EURJPY,163.858,163.868,163.857,163.864,48.0
2024-04-15 18:22:00,FX:EURJPY,163.864,163.86499999999998,163.85899999999998,163.863,25.0
2024-04-15 18:23:00,FX:EURJPY,163.863,163.867,163.85899999999998,163.867,47.0
2024-04-15 18:24:00,FX:EURJPY,163.867,163.879,163.86499999999998,163.87699999999998,49.0
2024-04-15 18:25:00,FX:EURJPY,163.87699999999998,163.896,163.87699999999998,163.89,61.0
2024-04-15 18:26:00,FX:EURJPY,163.89,163.89,163.878,163.885,72.0
2024-04-15 18:27:00,FX:EURJPY,163.885,163.89,163.884,163.885,43.0
2024-04-15 18:28:00,FX:EURJPY,163.885,163.88799999999998,163.874,163.885,50.0
2024-04-15 18:29:00,FX:EURJPY,163.885,163.887,163.881,163.881,20.0
2024-04-15 18:30:00,FX:EURJPY,163.881,163.88299999999998,163.86499999999998,163.87199999999999,63.0
2024-04-15 18:31:00,FX:EURJPY,163.87199999999999,163.874,163.86499999999998,163.869,47.0
2024-04-15 18:32:00,FX:EURJPY,163.869,163.875,163.867,163.87199999999999,48.0
2024-04-15 18:33:00,FX:EURJPY,163.87199999999999,163.876,163.857,163.867,53.0
2024-04-15 18:34:00,FX:EURJPY,163.867,163.869,163.849,163.851,53.0
2024-04-15 18:35:00,FX:EURJPY,163.851,163.85299999999998,163.83499999999998,163.837,69.0
2024-04-15 18:36:00,FX:EURJPY,163.837,163.844,163.83499999999998,163.843,31.0
2024-04-15 18:37:00,FX:EURJPY,163.843,163.84699999999998,163.83599999999998,163.843,48.0
2024-04-15 18:38:00,FX:EURJPY,163.843,163.85299999999998,163.843,163.851,65.0
2024-04-15 18:39:00,FX:EURJPY,163.851,163.851,163.846,163.846,35.0
2024-04-15 18:40:00,FX:EURJPY,163.846,163.846,163.82899999999998,163.82999999999998,98.0
2024-04-15 18:41:00,FX:EURJPY,163.82999999999998,163.82999999999998,163.822,163.827,81.0
2024-04-15 18:42:00,FX:EURJPY,163.827,163.837,163.827,163.831,60.0
2024-04-15 18:43:00,FX:EURJPY,163.831,163.839,163.827,163.834,50.0
2024-04-15 18:44:00,FX:EURJPY,163.834,163.839,163.82899999999998,163.838,44.0
2024-04-15 18:45:00,FX:EURJPY,163.838,163.84199999999998,163.838,163.84099999999998,47.0
2024-04-15 18:46:00,FX:EURJPY,163.84099999999998,163.861,163.84,163.858,64.0
2024-04-15 18:47:00,FX:EURJPY,163.858,163.862,163.857,163.858,34.0
2024-04-15 18:48:00,FX:EURJPY,163.858,163.863,163.83599999999998,163.837,79.0
2024-04-15 18:49:00,FX:EURJPY,163.837,163.837,163.82999999999998,163.83499999999998,32.0
2024-04-15 18:50:00,FX:EURJPY,163.83499999999998,163.845,163.83499999999998,163.839,32.0
2024-04-15 18:51:00,FX:EURJPY,163.839,163.84799999999998,163.833,163.839,39.0
2024-04-15 18:52:00,FX:EURJPY,163.839,163.845,163.839,163.843,37.0
2024-04-15 18:53:00,FX:EURJPY,163.843,163.855,163.843,163.852,26.0
2024-04-15 18:54:00,FX:EURJPY,163.852,163.852,163.82999999999998,163.834,86.0
2024-04-15 18:55:00,FX:EURJPY,163.834,163.838,163.821,163.831,107.0
2024-04-15 18:56:00,FX:EURJPY,163.831,163.84,163.831,163.837,45.0
2024-04-15 18:57:00,FX:EURJPY,163.837,163.839,163.82899999999998,163.837,41.0
2024-04-15 18:58:00,FX:EURJPY,163.837,163.851,163.828,163.82999999999998,102.0
2024-04-15 18:59:00,FX:EURJPY,163.82999999999998,163.845,163.828,163.844,71.0
2024-04-15 19:00:00,FX:EURJPY,163.844,163.844,163.833,163.83599999999998,84.0
2024-04-15 19:01:00,FX:EURJPY,163.83599999999998,163.83599999999998,163.807,163.82299999999998,100.0
2024-04-15 19:02:00,FX:EURJPY,163.82299999999998,163.82899999999998,163.814,163.814,94.0
2024-04-15 19:03:00,FX:EURJPY,163.814,163.82399999999998,163.79899999999998,163.82299999999998,194.0
2024-04-15 19:04:00,FX:EURJPY,163.82299999999998,163.839,163.81799999999998,163.833,177.0
2024-04-15 19:05:00,FX:EURJPY,163.833,163.851,163.832,163.843,144.0
2024-04-15 19:06:00,FX:EURJPY,163.843,163.85299999999998,163.843,163.84699999999998,91.0
2024-04-15 19:07:00,FX:EURJPY,163.84699999999998,163.84699999999998,163.844,163.84699999999998,64.0
2024-04-15 19:08:00,FX:EURJPY,163.84699999999998,163.85999999999999,163.84699999999998,163.85299999999998,112.0
2024-04-15 19:09:00,FX:EURJPY,163.85299999999998,163.861,163.85299999999998,163.861,94.0
2024-04-15 19:10:00,FX:EURJPY,163.861,163.869,163.85999999999999,163.867,122.0
2024-04-15 19:11:00,FX:EURJPY,163.867,163.869,163.86599999999999,163.868,45.0
2024-04-15 19:12:00,FX:EURJPY,163.868,163.869,163.862,163.864,67.0
2024-04-15 19:13:00,FX:EURJPY,163.864,163.86499999999998,163.862,163.862,121.0
2024-04-15 19:14:00,FX:EURJPY,163.862,163.862,163.839,163.84099999999998,103.0
2024-04-15 19:15:00,FX:EURJPY,163.84099999999998,163.85,163.838,163.844,125.0
2024-04-15 19:16:00,FX:EURJPY,163.844,163.85399999999998,163.833,163.85,145.0
2024-04-15 19:17:00,FX:EURJPY,163.85,163.862,163.846,163.85399999999998,123.0
2024-04-15 19:18:00,FX:EURJPY,163.85399999999998,163.85899999999998,163.85399999999998,163.855,55.0
2024-04-15 19:19:00,FX:EURJPY,163.855,163.881,163.85299999999998,163.875,149.0
2024-04-15 19:20:00,FX:EURJPY,163.875,163.875,163.864,163.87099999999998,62.0
2024-04-15 19:21:00,FX:EURJPY,163.87099999999998,163.881,163.87099999999998,163.878,66.0
2024-04-15 19:22:00,FX:EURJPY,163.878,163.899,163.878,163.896,71.0
2024-04-15 19:23:00,FX:EURJPY,163.896,163.902,163.896,163.898,65.0
2024-04-15 19:24:00,FX:EURJPY,163.898,163.903,163.887,163.88799999999998,128.0
2024-04-15 19:25:00,FX:EURJPY,163.88799999999998,163.891,163.878,163.878,103.0
2024-04-15 19:26:00,FX:EURJPY,163.878,163.887,163.87699999999998,163.88,110.0
2024-04-15 19:27:00,FX:EURJPY,163.88,163.885,163.864,163.873,107.0
2024-04-15 19:28:00,FX:EURJPY,163.873,163.88899999999998,163.873,163.886,74.0
2024-04-15 19:29:00,FX:EURJPY,163.886,163.88799999999998,163.87699999999998,163.88,75.0
2024-04-15 19:30:00,FX:EURJPY,163.88,163.891,163.869,163.88299999999998,222.0
2024-04-15 19:31:00,FX:EURJPY,163.88299999999998,163.884,163.864,163.87699999999998,144.0
2024-04-15 19:32:00,FX:EURJPY,163.87699999999998,163.881,163.875,163.88,110.0
2024-04-15 19:33:00,FX:EURJPY,163.88,163.88,163.87,163.876,101.0
2024-04-15 19:34:00,FX:EURJPY,163.876,163.893,163.876,163.892,101.0
2024-04-15 19:35:00,FX:EURJPY,163.892,163.892,163.886,163.88799999999998,59.0
2024-04-15 19:36:00,FX:EURJPY,163.88799999999998,163.88799999999998,163.88299999999998,163.88799999999998,66.0
2024-04-15 19:37:00,FX:EURJPY,163.88799999999998,163.893,163.875,163.881,102.0
2024-04-15 19:38:00,FX:EURJPY,163.881,163.886,163.873,163.873,90.0
2024-04-15 19:39:00,FX:EURJPY,163.873,163.88799999999998,163.867,163.87699999999998,144.0
2024-04-15 19:40:00,FX:EURJPY,163.87699999999998,163.879,163.87199999999999,163.879,128.0
2024-04-15 19:41:00,FX:EURJPY,163.879,163.887,163.878,163.886,98.0
2024-04-15 19:42:00,FX:EURJPY,163.886,163.886,163.849,163.849,190.0
2024-04-15 19:43:00,FX:EURJPY,163.849,163.85299999999998,163.83599999999998,163.83599999999998,187.0
2024-04-15 19:44:00,FX:EURJPY,163.83599999999998,163.864,163.83599999999998,163.862,103.0
2024-04-15 19:45:00,FX:EURJPY,163.862,163.87099999999998,163.85399999999998,163.857,165.0
2024-04-15 19:46:00,FX:EURJPY,163.857,163.857,163.84099999999998,163.855,116.0
2024-04-15 19:47:00,FX:EURJPY,163.855,163.855,163.84,163.85,138.0
2024-04-15 19:48:00,FX:EURJPY,163.85,163.858,163.837,163.84699999999998,87.0
2024-04-15 19:49:00,FX:EURJPY,163.84699999999998,163.84699999999998,163.83499999999998,163.84099999999998,58.0
2024-04-15 19:50:00,FX:EURJPY,163.84099999999998,163.84199999999998,163.82899999999998,163.82999999999998,89.0
2024-04-15 19:51:00,FX:EURJPY,163.82999999999998,163.839,163.819,163.833,110.0
2024-04-15 19:52:00,FX:EURJPY,163.833,163.84699999999998,163.831,163.846,65.0
2024-04-15 19:53:00,FX:EURJPY,163.846,163.851,163.84,163.84699999999998,72.0
2024-04-15 19:54:00,FX:EURJPY,163.84699999999998,163.852,163.834,163.839,107.0
2024-04-15 19:55:00,FX:EURJPY,163.839,163.843,163.807,163.81,195.0
2024-04-15 19:56:00,FX:EURJPY,163.81,163.81799999999998,163.804,163.816,125.0
2024-04-15 19:57:00,FX:EURJPY,163.816,163.855,163.80599999999998,163.851,186.0
2024-04-15 19:58:00,FX:EURJPY,163.851,163.87,163.849,163.85999999999999,302.0
2024-04-15 19:59:00,FX:EURJPY,163.85999999999999,163.87,163.845,163.85299999999998,322.0
2024-04-15 20:00:00,FX:EURJPY,163.85299999999998,163.85299999999998,163.78199999999998,163.79,488.0
2024-04-15 20:01:00,FX:EURJPY,163.79,163.796,163.744,163.767,584.0
2024-04-15 20:02:00,FX:EURJPY,163.767,163.76999999999998,163.72,163.76,421.0
2024-04-15 20:03:00,FX:EURJPY,163.76,163.76899999999998,163.74699999999999,163.76899999999998,338.0
2024-04-15 20:04:00,FX:EURJPY,163.76899999999998,163.785,163.761,163.767,247.0
2024-04-15 20:05:00,FX:EURJPY,163.767,163.78099999999998,163.756,163.78099999999998,187.0
2024-04-15 20:06:00,FX:EURJPY,163.78099999999998,163.81,163.772,163.808,178.0
2024-04-15 20:07:00,FX:EURJPY,163.808,163.808,163.77599999999998,163.778,124.0
2024-04-15 20:08:00,FX:EURJPY,163.778,163.81199999999998,163.777,163.81,163.0
2024-04-15 20:09:00,FX:EURJPY,163.81,163.822,163.797,163.815,156.0
2024-04-15 20:10:00,FX:EURJPY,163.815,163.828,163.801,163.81699999999998,213.0
2024-04-15 20:11:00,FX:EURJPY,163.81699999999998,163.834,163.807,163.821,210.0
2024-04-15 20:12:00,FX:EURJPY,163.821,163.858,163.81699999999998,163.855,169.0
2024-04-15 20:13:00,FX:EURJPY,163.855,163.858,163.84199999999998,163.843,211.0
2024-04-15 20:14:00,FX:EURJPY,163.843,163.857,163.833,163.845,142.0
2024-04-15 20:15:00,FX:EURJPY,163.845,163.852,163.82999999999998,163.84699999999998,205.0
2024-04-15 20:16:00,FX:EURJPY,163.84699999999998,163.85299999999998,163.81099999999998,163.81099999999998,226.0
2024-04-15 20:17:00,FX:EURJPY,163.81099999999998,163.821,163.80599999999998,163.81,221.0
2024-04-15 20:18:00,FX:EURJPY,163.81,163.82299999999998,163.807,163.81699999999998,161.0
2024-04-15 20:19:00,FX:EURJPY,163.81699999999998,163.831,163.813,163.82,139.0
2024-04-15 20:20:00,FX:EURJPY,163.82,163.838,163.819,163.831,124.0
2024-04-15 20:21:00,FX:EURJPY,163.831,163.838,163.80499999999998,163.807,171.0
2024-04-15 20:22:00,FX:EURJPY,163.807,163.821,163.804,163.819,174.0
2024-04-15 20:23:00,FX:EURJPY,163.819,163.825,163.81199999999998,163.82299999999998,154.0
2024-04-15 20:24:00,FX:EURJPY,163.82299999999998,163.856,163.816,163.852,178.0
2024-04-15 20:25:00,FX:EURJPY,163.852,163.852,163.834,163.83599999999998,161.0
2024-04-15 20:26:00,FX:EURJPY,163.83599999999998,163.87199999999999,163.832,163.87099999999998,274.0
2024-04-15 20:27:00,FX:EURJPY,163.87099999999998,163.874,163.862,163.87099999999998,190.0
2024-04-15 20:28:00,FX:EURJPY,163.87099999999998,163.905,163.87,163.88799999999998,251.0
2024-04-15 20:29:00,FX:EURJPY,163.88799999999998,163.892,163.864,163.892,226.0
2024-04-15 20:30:00,FX:EURJPY,163.892,163.90099999999998,163.876,163.887,270.0
2024-04-15 20:31:00,FX:EURJPY,163.887,163.899,163.87699999999998,163.87699999999998,176.0
2024-04-15 20:32:00,FX:EURJPY,163.87699999999998,163.884,163.873,163.878,169.0
2024-04-15 20:33:00,FX:EURJPY,163.878,163.878,163.855,163.856,188.0
2024-04-15 20:34:00,FX:EURJPY,163.856,163.899,163.85399999999998,163.87699999999998,276.0
2024-04-15 20:35:00,FX:EURJPY,163.87699999999998,163.89399999999998,163.868,163.893,277.0
2024-04-15 20:36:00,FX:EURJPY,163.893,163.928,163.887,163.91899999999998,229.0
2024-04-15 20:37:00,FX:EURJPY,163.91899999999998,163.91899999999998,163.886,163.90099999999998,264.0
2024-04-15 20:38:00,FX:EURJPY,163.90099999999998,163.90699999999998,163.867,163.87,317.0
2024-04-15 20:39:00,FX:EURJPY,163.87,163.886,163.863,163.876,189.0
2024-04-15 20:40:00,FX:EURJPY,163.876,163.88899999999998,163.85999999999999,163.867,302.0
2024-04-15 20:41:00,FX:EURJPY,163.867,163.88799999999998,163.86599999999999,163.88799999999998,254.0
2024-04-15 20:42:00,FX:EURJPY,163.88799999999998,163.91799999999998,163.88799999999998,163.90099999999998,233.0
2024-04-15 20:43:00,FX:EURJPY,163.90099999999998,163.90599999999998,163.882,163.885,201.0
2024-04-15 20:44:00,FX:EURJPY,163.885,163.89999999999998,163.878,163.89499999999998,224.0
2024-04-15 20:45:00,FX:EURJPY,163.89499999999998,163.90699999999998,163.89,163.903,180.0
2024-04-15 20:46:00,FX:EURJPY,163.903,163.904,163.885,163.887,149.0
2024-04-15 20:47:00,FX:EURJPY,163.887,163.91,163.886,163.891,145.0
2024-04-15 20:48:00,FX:EURJPY,163.891,163.891,163.867,163.867,164.0
2024-04-15 20:49:00,FX:EURJPY,163.867,163.87099999999998,163.851,163.87,166.0
2024-04-15 20:50:00,FX:EURJPY,163.87,163.892,163.87,163.881,319.0
2024-04-15 20:51:00,FX:EURJPY,163.881,163.89399999999998,163.879,163.88899999999998,228.0
2024-04-15 20:52:00,FX:EURJPY,163.88899999999998,163.896,163.856,163.861,299.0
2024-04-15 20:53:00,FX:EURJPY,163.861,163.902,163.85999999999999,163.896,355.0
2024-04-15 20:54:00,FX:EURJPY,163.896,163.926,163.88,163.911,558.0
2024-04-15 20:55:00,FX:EURJPY,163.911,163.914,163.885,163.893,381.0
2024-04-15 20:56:00,FX:EURJPY,163.893,163.91,163.886,163.893,226.0
2024-04-15 20:57:00,FX:EURJPY,163.893,163.902,163.87099999999998,163.873,270.0
2024-04-15 20:58:00,FX:EURJPY,163.873,163.899,163.849,163.852,238.0
2024-04-15 20:59:00,FX:EURJPY,163.852,163.869,163.825,163.82899999999998,281.0
2024-04-15 21:00:00,FX:EURJPY,163.82899999999998,163.838,163.815,163.82,293.0
2024-04-15 21:01:00,FX:EURJPY,163.82,163.826,163.804,163.825,239.0
2024-04-15 21:02:00,FX:EURJPY,163.825,163.837,163.80599999999998,163.808,237.0
2024-04-15 21:03:00,FX:EURJPY,163.808,163.81199999999998,163.792,163.792,247.0
2024-04-15 21:04:00,FX:EURJPY,163.792,163.797,163.792,163.79299999999998,123.0
2024-04-15 21:05:00,FX:EURJPY,163.79299999999998,163.80599999999998,163.78099999999998,163.79,261.0
2024-04-15 21:06:00,FX:EURJPY,163.79,163.79899999999998,163.779,163.785,244.0
2024-04-15 21:07:00,FX:EURJPY,163.785,163.802,163.771,163.792,337.0
2024-04-15 21:08:00,FX:EURJPY,163.792,163.821,163.78699999999998,163.813,263.0
2024-04-15 21:09:00,FX:EURJPY,163.813,163.82,163.801,163.81799999999998,270.0
2024-04-15 21:10:00,FX:EURJPY,163.81799999999998,163.81799999999998,163.771,163.777,251.0
2024-04-15 21:11:00,FX:EURJPY,163.777,163.797,163.77499999999998,163.77599999999998,180.0
2024-04-15 21:12:00,FX:EURJPY,163.77599999999998,163.783,163.768,163.78199999999998,146.0
2024-04-15 21:13:00,FX:EURJPY,163.78199999999998,163.813,163.78,163.81099999999998,162.0
2024-04-15 21:14:00,FX:EURJPY,163.81099999999998,163.816,163.79299999999998,163.79399999999998,177.0
2024-04-15 21:15:00,FX:EURJPY,163.79399999999998,163.81799999999998,163.75199999999998,163.755,800.0
2024-04-15 21:16:00,FX:EURJPY,163.755,163.804,163.753,163.789,904.0
2024-04-15 21:17:00,FX:EURJPY,163.789,163.802,163.75799999999998,163.78199999999998,559.0
2024-04-15 21:18:00,FX:EURJPY,163.78199999999998,163.791,163.766,163.773,367.0
2024-04-15 21:19:00,FX:EURJPY,163.773,163.78799999999998,163.755,163.767,359.0
2024-04-15 21:20:00,FX:EURJPY,163.767,163.802,163.767,163.785,355.0
2024-04-15 21:21:00,FX:EURJPY,163.785,163.809,163.78099999999998,163.80599999999998,281.0
2024-04-15 21:22:00,FX:EURJPY,163.80599999999998,163.82299999999998,163.796,163.816,238.0
2024-04-15 21:23:00,FX:EURJPY,163.816,163.82999999999998,163.81099999999998,163.81699999999998,234.0
2024-04-15 21:24:00,FX:EURJPY,163.81699999999998,163.81699999999998,163.761,163.766,301.0
2024-04-15 21:25:00,FX:EURJPY,163.766,163.783,163.766,163.78099999999998,178.0
2024-04-15 21:26:00,FX:EURJPY,163.78099999999998,163.79999999999998,163.772,163.772,194.0
2024-04-15 21:27:00,FX:EURJPY,163.772,163.803,163.76,163.79399999999998,370.0
2024-04-15 21:28:00,FX:EURJPY,163.79399999999998,163.81699999999998,163.78099999999998,163.79299999999998,366.0
2024-04-15 21:29:00,FX:EURJPY,163.79299999999998,163.809,163.778,163.795,348.0
2024-04-15 21:30:00,FX:EURJPY,163.795,163.80599999999998,163.784,163.78799999999998,328.0
2024-04-15 21:31:00,FX:EURJPY,163.78799999999998,163.79399999999998,163.779,163.78699999999998,326.0
2024-04-15 21:32:00,FX:EURJPY,163.78699999999998,163.79299999999998,163.766,163.78099999999998,245.0
2024-04-15 21:33:00,FX:EURJPY,163.78099999999998,163.786,163.761,163.76299999999998,223.0
2024-04-15 21:34:00,FX:EURJPY,163.76299999999998,163.785,163.762,163.779,322.0
2024-04-15 21:35:00,FX:EURJPY,163.779,163.78099999999998,163.759,163.77599999999998,220.0
2024-04-15 21:36:00,FX:EURJPY,163.77599999999998,163.778,163.759,163.774,187.0
2024-04-15 21:37:00,FX:EURJPY,163.774,163.784,163.76299999999998,163.78199999999998,188.0
2024-04-15 21:38:00,FX:EURJPY,163.78199999999998,163.792,163.78099999999998,163.78699999999998,142.0
2024-04-15 21:39:00,FX:EURJPY,163.78699999999998,163.804,163.784,163.79299999999998,217.0
2024-04-15 21:40:00,FX:EURJPY,163.79299999999998,163.809,163.784,163.802,257.0
2024-04-15 21:41:00,FX:EURJPY,163.802,163.808,163.79899999999998,163.79999999999998,180.0
2024-04-15 21:42:00,FX:EURJPY,163.79999999999998,163.803,163.79,163.792,186.0
2024-04-15 21:43:00,FX:EURJPY,163.792,163.802,163.78699999999998,163.797,199.0
2024-04-15 21:44:00,FX:EURJPY,163.797,163.803,163.792,163.803,211.0
2024-04-15 21:45:00,FX:EURJPY,163.803,163.82,163.803,163.81199999999998,255.0
2024-04-15 21:46:00,FX:EURJPY,163.81199999999998,163.84199999999998,163.81199999999998,163.83499999999998,217.0
2024-04-15 21:47:00,FX:EURJPY,163.83499999999998,163.84099999999998,163.825,163.837,224.0
2024-04-15 21:48:00,FX:EURJPY,163.837,163.843,163.831,163.83599999999998,255.0
2024-04-15 21:49:00,FX:EURJPY,163.83599999999998,163.845,163.833,163.843,145.0
2024-04-15 21:50:00,FX:EURJPY,163.843,163.861,163.84199999999998,163.858,139.0
2024-04-15 21:51:00,FX:EURJPY,163.858,163.884,163.84,163.85,278.0
2024-04-15 21:52:00,FX:EURJPY,163.85,163.864,163.843,163.84699999999998,243.0
2024-04-15 21:53:00,FX:EURJPY,163.84699999999998,163.85399999999998,163.831,163.85299999999998,161.0
2024-04-15 21:54:00,FX:EURJPY,163.85299999999998,163.85399999999998,163.83499999999998,163.852,155.0
2024-04-15 21:55:00,FX:EURJPY,163.852,163.85299999999998,163.84,163.845,156.0
2024-04-15 21:56:00,FX:EURJPY,163.845,163.85399999999998,163.844,163.85399999999998,129.0
2024-04-15 21:57:00,FX:EURJPY,163.85399999999998,163.85899999999998,163.844,163.85899999999998,113.0
2024-04-15 21:58:00,FX:EURJPY,163.85899999999998,163.868,163.84799999999998,163.868,192.0
2024-04-15 21:59:00,FX:EURJPY,163.868,163.879,163.85999999999999,163.869,148.0
2024-04-15 22:00:00,FX:EURJPY,163.869,163.88,163.84199999999998,163.849,406.0
2024-04-15 22:01:00,FX:EURJPY,163.849,163.88799999999998,163.84799999999998,163.88299999999998,214.0
2024-04-15 22:02:00,FX:EURJPY,163.88299999999998,163.899,163.88,163.882,228.0
2024-04-15 22:03:00,FX:EURJPY,163.882,163.90099999999998,163.87699999999998,163.897,222.0
2024-04-15 22:04:00,FX:EURJPY,163.897,163.899,163.88,163.882,192.0
2024-04-15 22:05:00,FX:EURJPY,163.882,163.892,163.874,163.879,289.0
2024-04-15 22:06:00,FX:EURJPY,163.879,163.892,163.867,163.868,234.0
2024-04-15 22:07:00,FX:EURJPY,163.868,163.869,163.855,163.856,222.0
2024-04-15 22:08:00,FX:EURJPY,163.856,163.861,163.84,163.856,321.0
2024-04-15 22:09:00,FX:EURJPY,163.856,163.862,163.852,163.85399999999998,191.0
2024-04-15 22:10:00,FX:EURJPY,163.85399999999998,163.856,163.831,163.844,216.0
2024-04-15 22:11:00,FX:EURJPY,163.844,163.845,163.813,163.82299999999998,239.0
2024-04-15 22:12:00,FX:EURJPY,163.82299999999998,163.837,163.813,163.83499999999998,181.0
2024-04-15 22:13:00,FX:EURJPY,163.83499999999998,163.84199999999998,163.826,163.84199999999998,237.0
2024-04-15 22:14:00,FX:EURJPY,163.84199999999998,163.851,163.83499999999998,163.84699999999998,230.0
2024-04-15 22:15:00,FX:EURJPY,163.84699999999998,163.852,163.816,163.82399999999998,227.0
2024-04-15 22:16:00,FX:EURJPY,163.82399999999998,163.843,163.82299999999998,163.84199999999998,228.0
2024-04-15 22:17:00,FX:EURJPY,163.84199999999998,163.849,163.82899999999998,163.845,193.0
2024-04-15 22:18:00,FX:EURJPY,163.845,163.851,163.83499999999998,163.83499999999998,200.0
2024-04-15 22:19:00,FX:EURJPY,163.83499999999998,163.837,163.827,163.82899999999998,138.0
2024-04-15 22:20:00,FX:EURJPY,163.82899999999998,163.84,163.81699999999998,163.839,173.0
2024-04-15 22:21:00,FX:EURJPY,163.839,163.849,163.834,163.84799999999998,149.0
2024-04-15 22:22:00,FX:EURJPY,163.84799999999998,163.85399999999998,163.838,163.849,150.0
2024-04-15 22:23:00,FX:EURJPY,163.849,163.861,163.84799999999998,163.85999999999999,109.0
2024-04-15 22:24:00,FX:EURJPY,163.85999999999999,163.869,163.855,163.867,73.0
2024-04-15 22:25:00,FX:EURJPY,163.867,163.867,163.852,163.85299999999998,162.0
2024-04-15 22:26:00,FX:EURJPY,163.85299999999998,163.85899999999998,163.82999999999998,163.837,177.0
2024-04-15 22:27:00,FX:EURJPY,163.837,163.84199999999998,163.834,163.838,173.0
2024-04-15 22:28:00,FX:EURJPY,163.838,163.84699999999998,163.82999999999998,163.831,144.0
2024-04-15 22:29:00,FX:EURJPY,163.831,163.837,163.803,163.80599999999998,257.0
2024-04-15 22:30:00,FX:EURJPY,163.80599999999998,163.814,163.791,163.79899999999998,253.0
2024-04-15 22:31:00,FX:EURJPY,163.79899999999998,163.804,163.78099999999998,163.78799999999998,229.0
2024-04-15 22:32:00,FX:EURJPY,163.78799999999998,163.79,163.75799999999998,163.76299999999998,232.0
2024-04-15 22:33:00,FX:EURJPY,163.76299999999998,163.76999999999998,163.761,163.76399999999998,187.0
2024-04-15 22:34:00,FX:EURJPY,163.76399999999998,163.765,163.74699999999999,163.751,178.0
2024-04-15 22:35:00,FX:EURJPY,163.751,163.76,163.744,163.748,178.0
2024-04-15 22:36:00,FX:EURJPY,163.748,163.748,163.73,163.73399999999998,235.0
2024-04-15 22:37:00,FX:EURJPY,163.73399999999998,163.737,163.721,163.72299999999998,168.0
2024-04-15 22:38:00,FX:EURJPY,163.72299999999998,163.72299999999998,163.69299999999998,163.7,296.0
2024-04-15 22:39:00,FX:EURJPY,163.7,163.70499999999998,163.688,163.689,271.0
2024-04-15 22:40:00,FX:EURJPY,163.689,163.69299999999998,163.67499999999998,163.689,378.0
2024-04-15 22:41:00,FX:EURJPY,163.689,163.702,163.68699999999998,163.701,193.0
2024-04-15 22:42:00,FX:EURJPY,163.701,163.709,163.697,163.709,131.0
2024-04-15 22:43:00,FX:EURJPY,163.709,163.724,163.702,163.721,145.0
2024-04-15 22:44:00,FX:EURJPY,163.721,163.72899999999998,163.71599999999998,163.727,175.0
2024-04-15 22:45:00,FX:EURJPY,163.727,163.742,163.72,163.74099999999999,128.0
2024-04-15 22:46:00,FX:EURJPY,163.74099999999999,163.742,163.707,163.708,154.0
2024-04-15 22:47:00,FX:EURJPY,163.708,163.709,163.697,163.69899999999998,185.0
2024-04-15 22:48:00,FX:EURJPY,163.69899999999998,163.712,163.697,163.70999999999998,123.0
2024-04-15 22:49:00,FX:EURJPY,163.70999999999998,163.714,163.70499999999998,163.712,144.0
2024-04-15 22:50:00,FX:EURJPY,163.712,163.719,163.70399999999998,163.71699999999998,150.0
2024-04-15 22:51:00,FX:EURJPY,163.71699999999998,163.72899999999998,163.715,163.72199999999998,153.0
2024-04-15 22:52:00,FX:EURJPY,163.72199999999998,163.72799999999998,163.71599999999998,163.718,160.0
2024-04-15 22:53:00,FX:EURJPY,163.718,163.73999999999998,163.713,163.739,132.0
2024-04-15 22:54:00,FX:EURJPY,163.739,163.74699999999999,163.73499999999999,163.736,122.0
2024-04-15 22:55:00,FX:EURJPY,163.736,163.736,163.72899999999998,163.731,100.0
2024-04-15 22:56:00,FX:EURJPY,163.731,163.738,163.70999999999998,163.714,201.0
2024-04-15 22:57:00,FX:EURJPY,163.714,163.726,163.70999999999998,163.725,203.0
2024-04-15 22:58:00,FX:EURJPY,163.725,163.736,163.72199999999998,163.733,275.0
2024-04-15 22:59:00,FX:EURJPY,163.733,163.73399999999998,163.725,163.72799999999998,166.0
2024-04-15 23:00:00,FX:EURJPY,163.72799999999998,163.736,163.72799999999998,163.73399999999998,141.0
2024-04-15 23:01:00,FX:EURJPY,163.73399999999998,163.736,163.724,163.725,70.0
2024-04-15 23:02:00,FX:EURJPY,163.725,163.73399999999998,163.719,163.725,184.0
2024-04-15 23:03:00,FX:EURJPY,163.725,163.737,163.72199999999998,163.736,103.0
2024-04-15 23:04:00,FX:EURJPY,163.736,163.749,163.733,163.738,141.0
2024-04-15 23:05:00,FX:EURJPY,163.738,163.749,163.732,163.74599999999998,125.0
2024-04-15 23:06:00,FX:EURJPY,163.74599999999998,163.75,163.736,163.744,109.0
2024-04-15 23:07:00,FX:EURJPY,163.744,163.74699999999999,163.72299999999998,163.725,196.0
2024-04-15 23:08:00,FX:EURJPY,163.725,163.736,163.72299999999998,163.733,110.0
2024-04-15 23:09:00,FX:EURJPY,163.733,163.73999999999998,163.72899999999998,163.739,70.0
2024-04-15 23:10:00,FX:EURJPY,163.739,163.755,163.733,163.744,132.0
2024-04-15 23:11:00,FX:EURJPY,163.744,163.753,163.736,163.748,153.0
2024-04-15 23:12:00,FX:EURJPY,163.748,163.75,163.743,163.745,36.0
2024-04-15 23:13:00,FX:EURJPY,163.745,163.766,163.745,163.766,153.0
2024-04-15 23:14:00,FX:EURJPY,163.766,163.766,163.748,163.759,154.0
2024-04-15 23:15:00,FX:EURJPY,163.759,163.759,163.742,163.749,162.0
2024-04-15 23:16:00,FX:EURJPY,163.749,163.757,163.732,163.751,177.0
2024-04-15 23:17:00,FX:EURJPY,163.751,163.756,163.744,163.751,145.0
2024-04-15 23:18:00,FX:EURJPY,163.751,163.759,163.751,163.759,90.0
2024-04-15 23:19:00,FX:EURJPY,163.759,163.768,163.75199999999998,163.755,137.0
2024-04-15 23:20:00,FX:EURJPY,163.755,163.762,163.755,163.756,68.0
2024-04-15 23:21:00,FX:EURJPY,163.756,163.774,163.756,163.773,86.0
2024-04-15 23:22:00,FX:EURJPY,163.773,163.778,163.768,163.76999999999998,80.0
2024-04-15 23:23:00,FX:EURJPY,163.76999999999998,163.783,163.767,163.78,93.0
2024-04-15 23:24:00,FX:EURJPY,163.78,163.78199999999998,163.75,163.762,165.0
2024-04-15 23:25:00,FX:EURJPY,163.762,163.768,163.749,163.757,125.0
2024-04-15 23:26:00,FX:EURJPY,163.757,163.759,163.74699999999999,163.753,139.0
2024-04-15 23:27:00,FX:EURJPY,163.753,163.768,163.753,163.762,139.0
2024-04-15 23:28:00,FX:EURJPY,163.762,163.768,163.762,163.767,89.0
2024-04-15 23:29:00,FX:EURJPY,163.767,163.792,163.76399999999998,163.789,113.0
2024-04-15 23:30:00,FX:EURJPY,163.789,163.79,163.78,163.79,128.0
2024-04-15 23:31:00,FX:EURJPY,163.79,163.79299999999998,163.78199999999998,163.789,149.0
2024-04-15 23:32:00,FX:EURJPY,163.789,163.79399999999998,163.783,163.785,83.0
2024-04-15 23:33:00,FX:EURJPY,163.785,163.78699999999998,163.778,163.78099999999998,120.0
2024-04-15 23:34:00,FX:EURJPY,163.78099999999998,163.785,163.773,163.78099999999998,80.0
2024-04-15 23:35:00,FX:EURJPY,163.78099999999998,163.79399999999998,163.78099999999998,163.784,92.0
2024-04-15 23:36:00,FX:EURJPY,163.784,163.792,163.78199999999998,163.78799999999998,117.0
2024-04-15 23:37:00,FX:EURJPY,163.78799999999998,163.796,163.786,163.796,69.0
2024-04-15 23:38:00,FX:EURJPY,163.796,163.796,163.783,163.79,102.0
2024-04-15 23:39:00,FX:EURJPY,163.79,163.79,163.78199999999998,163.78799999999998,62.0
2024-04-15 23:40:00,FX:EURJPY,163.78799999999998,163.791,163.783,163.786,108.0
2024-04-15 23:41:00,FX:EURJPY,163.786,163.786,163.736,163.737,170.0
2024-04-15 23:42:00,FX:EURJPY,163.737,163.737,163.725,163.733,74.0
2024-04-15 23:43:00,FX:EURJPY,163.733,163.739,163.726,163.738,98.0
2024-04-15 23:44:00,FX:EURJPY,163.738,163.771,163.738,163.76899999999998,138.0
2024-04-15 23:45:00,FX:EURJPY,163.76899999999998,163.77499999999998,163.76299999999998,163.767,103.0
2024-04-15 23:46:00,FX:EURJPY,163.767,163.771,163.761,163.766,125.0
2024-04-15 23:47:00,FX:EURJPY,163.766,163.774,163.76299999999998,163.774,120.0
2024-04-15 23:48:00,FX:EURJPY,163.774,163.778,163.771,163.772,162.0
2024-04-15 23:49:00,FX:EURJPY,163.772,163.774,163.76299999999998,163.76399999999998,146.0
2024-04-15 23:50:00,FX:EURJPY,163.76399999999998,163.76999999999998,163.76299999999998,163.766,62.0
2024-04-15 23:51:00,FX:EURJPY,163.766,163.76899999999998,163.765,163.768,74.0
2024-04-15 23:52:00,FX:EURJPY,163.768,163.76999999999998,163.767,163.76899999999998,33.0
2024-04-15 23:53:00,FX:EURJPY,163.76899999999998,163.76899999999998,163.75,163.768,111.0
2024-04-15 23:54:00,FX:EURJPY,163.768,163.76899999999998,163.76299999999998,163.765,92.0
2024-04-15 23:55:00,FX:EURJPY,163.765,163.768,163.76299999999998,163.768,67.0
2024-04-15 23:56:00,FX:EURJPY,163.768,163.77499999999998,163.761,163.768,94.0
2024-04-15 23:57:00,FX:EURJPY,163.768,163.785,163.768,163.785,97.0
2024-04-15 23:58:00,FX:EURJPY,163.785,163.78699999999998,163.78,163.78199999999998,74.0
2024-04-15 23:59:00,FX:EURJPY,163.78199999999998,163.792,163.78199999999998,163.78799999999998,107.0
2024-04-16 00:00:00,FX:EURJPY,163.78799999999998,163.795,163.78099999999998,163.795,133.0
2024-04-16 00:01:00,FX:EURJPY,163.795,163.796,163.78199999999998,163.785,118.0
2024-04-16 00:02:00,FX:EURJPY,163.785,163.785,163.76299999999998,163.767,124.0
2024-04-16 00:03:00,FX:EURJPY,163.767,163.77499999999998,163.766,163.774,110.0
2024-04-16 00:04:00,FX:EURJPY,163.774,163.774,163.76,163.767,119.0
2024-04-16 00:05:00,FX:EURJPY,163.767,163.792,163.767,163.791,157.0
2024-04-16 00:06:00,FX:EURJPY,163.791,163.79299999999998,163.78699999999998,163.791,120.0
2024-04-16 00:07:00,FX:EURJPY,163.791,163.796,163.773,163.777,177.0
2024-04-16 00:08:00,FX:EURJPY,163.777,163.779,163.773,163.773,123.0
2024-04-16 00:09:00,FX:EURJPY,163.773,163.774,163.761,163.761,98.0
2024-04-16 00:10:00,FX:EURJPY,163.761,163.76399999999998,163.75,163.754,147.0
2024-04-16 00:11:00,FX:EURJPY,163.754,163.76299999999998,163.751,163.754,94.0
2024-04-16 00:12:00,FX:EURJPY,163.754,163.76299999999998,163.753,163.753,80.0
2024-04-16 00:13:00,FX:EURJPY,163.753,163.757,163.749,163.751,88.0
2024-04-16 00:14:00,FX:EURJPY,163.751,163.75199999999998,163.748,163.75199999999998,57.0
2024-04-16 00:15:00,FX:EURJPY,163.75199999999998,163.75199999999998,163.745,163.74599999999998,88.0
2024-04-16 00:16:00,FX:EURJPY,163.74599999999998,163.75199999999998,163.739,163.74699999999999,116.0
2024-04-16 00:17:00,FX:EURJPY,163.74699999999999,163.755,163.74599999999998,163.753,49.0
2024-04-16 00:18:00,FX:EURJPY,163.753,163.76299999999998,163.753,163.761,118.0
2024-04-16 00:19:00,FX:EURJPY,163.761,163.76299999999998,163.755,163.76,135.0
2024-04-16 00:20:00,FX:EURJPY,163.76,163.76999999999998,163.759,163.76899999999998,135.0
2024-04-16 00:21:00,FX:EURJPY,163.76899999999998,163.773,163.76,163.76,58.0
2024-04-16 00:22:00,FX:EURJPY,163.76,163.76399999999998,163.756,163.756,37.0
2024-04-16 00:23:00,FX:EURJPY,163.756,163.757,163.748,163.753,107.0
2024-04-16 00:24:00,FX:EURJPY,163.753,163.756,163.748,163.748,125.0
2024-04-16 00:25:00,FX:EURJPY,163.748,163.761,163.744,163.748,129.0
2024-04-16 00:26:00,FX:EURJPY,163.748,163.748,163.743,163.744,110.0
2024-04-16 00:27:00,FX:EURJPY,163.744,163.756,163.74099999999999,163.754,77.0
2024-04-16 00:28:00,FX:EURJPY,163.754,163.761,163.75,163.754,96.0
2024-04-16 00:29:00,FX:EURJPY,163.754,163.757,163.749,163.757,81.0
2024-04-16 00:30:00,FX:EURJPY,163.757,163.76,163.744,163.744,111.0
2024-04-16 00:31:00,FX:EURJPY,163.744,163.744,163.72799999999998,163.733,153.0
2024-04-16 00:32:00,FX:EURJPY,163.733,163.73399999999998,163.726,163.726,104.0
2024-04-16 00:33:00,FX:EURJPY,163.726,163.73,163.72,163.72799999999998,146.0
2024-04-16 00:34:00,FX:EURJPY,163.72799999999998,163.745,163.726,163.745,141.0
2024-04-16 00:35:00,FX:EURJPY,163.745,163.754,163.74099999999999,163.75199999999998,115.0
2024-04-16 00:36:00,FX:EURJPY,163.75199999999998,163.76399999999998,163.751,163.76,127.0
2024-04-16 00:37:00,FX:EURJPY,163.76,163.76999999999998,163.756,163.768,146.0
2024-04-16 00:38:00,FX:EURJPY,163.768,163.771,163.76299999999998,163.76899999999998,94.0
2024-04-16 00:39:00,FX:EURJPY,163.76899999999998,163.76999999999998,163.76899999999998,163.76999999999998,65.0
2024-04-16 00:40:00,FX:EURJPY,163.76999999999998,163.772,163.765,163.76999999999998,100.0
2024-04-16 00:41:00,FX:EURJPY,163.76999999999998,163.777,163.767,163.76899999999998,86.0
2024-04-16 00:42:00,FX:EURJPY,163.76899999999998,163.778,163.75199999999998,163.753,148.0
2024-04-16 00:43:00,FX:EURJPY,163.753,163.753,163.739,163.742,151.0
2024-04-16 00:44:00,FX:EURJPY,163.742,163.74599999999998,163.731,163.732,148.0
2024-04-16 00:45:00,FX:EURJPY,163.732,163.73399999999998,163.73,163.73,76.0
2024-04-16 00:46:00,FX:EURJPY,163.73,163.744,163.73,163.736,114.0
2024-04-16 00:47:00,FX:EURJPY,163.736,163.745,163.736,163.744,92.0
2024-04-16 00:48:00,FX:EURJPY,163.744,163.751,163.743,163.751,55.0
2024-04-16 00:49:00,FX:EURJPY,163.751,163.75799999999998,163.748,163.75799999999998,72.0
2024-04-16 00:50:00,FX:EURJPY,163.75799999999998,163.766,163.755,163.761,160.0
2024-04-16 00:51:00,FX:EURJPY,163.761,163.765,163.75199999999998,163.76299999999998,138.0
2024-04-16 00:52:00,FX:EURJPY,163.76299999999998,163.76299999999998,163.75,163.751,103.0
2024-04-16 00:53:00,FX:EURJPY,163.751,163.762,163.74599999999998,163.759,130.0
2024-04-16 00:54:00,FX:EURJPY,163.759,163.759,163.745,163.754,80.0
2024-04-16 00:55:00,FX:EURJPY,163.754,163.754,163.721,163.721,161.0
2024-04-16 00:56:00,FX:EURJPY,163.721,163.72899999999998,163.707,163.713,121.0
2024-04-16 00:57:00,FX:EURJPY,163.713,163.72299999999998,163.701,163.71699999999998,161.0
2024-04-16 00:58:00,FX:EURJPY,163.71699999999998,163.75,163.71699999999998,163.739,182.0
2024-04-16 00:59:00,FX:EURJPY,163.739,163.74699999999999,163.739,163.74099999999999,133.0
2024-04-16 01:00:00,FX:EURJPY,163.74099999999999,163.76,163.74099999999999,163.75199999999998,182.0
2024-04-16 01:01:00,FX:EURJPY,163.75199999999998,163.75199999999998,163.73499999999999,163.743,140.0
2024-04-16 01:02:00,FX:EURJPY,163.743,163.74699999999999,163.73399999999998,163.74699999999999,171.0
2024-04-16 01:03:00,FX:EURJPY,163.74699999999999,163.754,163.73999999999998,163.754,129.0
2024-04-16 01:04:00,FX:EURJPY,163.754,163.75799999999998,163.744,163.74599999999998,121.0
2024-04-16 01:05:00,FX:EURJPY,163.74599999999998,163.765,163.74599999999998,163.765,106.0
2024-04-16 01:06:00,FX:EURJPY,163.765,163.784,163.761,163.783,93.0
2024-04-16 01:07:00,FX:EURJPY,163.783,163.78699999999998,163.78,163.785,144.0
2024-04-16 01:08:00,FX:EURJPY,163.785,163.79399999999998,163.784,163.792,156.0
2024-04-16 01:09:00,FX:EURJPY,163.792,163.801,163.786,163.796,165.0
2024-04-16 01:10:00,FX:EURJPY,163.796,163.801,163.78199999999998,163.797,181.0
2024-04-16 01:11:00,FX:EURJPY,163.797,163.803,163.791,163.79899999999998,181.0
2024-04-16 01:12:00,FX:EURJPY,163.79899999999998,163.81099999999998,163.79899999999998,163.80499999999998,167.0
2024-04-16 01:13:00,FX:EURJPY,163.80499999999998,163.807,163.79999999999998,163.802,153.0
2024-04-16 01:14:00,FX:EURJPY,163.802,163.81199999999998,163.802,163.809,125.0
2024-04-16 01:15:00,FX:EURJPY,163.809,163.827,163.803,163.827,127.0
2024-04-16 01:16:00,FX:EURJPY,163.827,163.849,163.827,163.84799999999998,127.0
2024-04-16 01:17:00,FX:EURJPY,163.84799999999998,163.85299999999998,163.839,163.85,145.0
2024-04-16 01:18:00,FX:EURJPY,163.85,163.852,163.843,163.84699999999998,183.0
2024-04-16 01:19:00,FX:EURJPY,163.84699999999998,163.85399999999998,163.84699999999998,163.852,138.0
2024-04-16 01:20:00,FX:EURJPY,163.852,163.867,163.851,163.856,112.0
2024-04-16 01:21:00,FX:EURJPY,163.856,163.856,163.85299999999998,163.85299999999998,93.0
2024-04-16 01:22:00,FX:EURJPY,163.85299999999998,163.85999999999999,163.84699999999998,163.85999999999999,152.0
2024-04-16 01:23:00,FX:EURJPY,163.85999999999999,163.864,163.855,163.861,137.0
2024-04-16 01:24:00,FX:EURJPY,163.861,163.863,163.856,163.857,65.0
2024-04-16 01:25:00,FX:EURJPY,163.857,163.85899999999998,163.844,163.845,85.0
2024-04-16 01:26:00,FX:EURJPY,163.845,163.851,163.834,163.84699999999998,155.0
2024-04-16 01:27:00,FX:EURJPY,163.84699999999998,163.851,163.845,163.84799999999998,141.0
2024-04-16 01:28:00,FX:EURJPY,163.84799999999998,163.85299999999998,163.846,163.85,112.0
2024-04-16 01:29:00,FX:EURJPY,163.85,163.861,163.85,163.85299999999998,142.0
2024-04-16 01:30:00,FX:EURJPY,163.85299999999998,163.85399999999998,163.844,163.85299999999998,78.0
2024-04-16 01:31:00,FX:EURJPY,163.85299999999998,163.862,163.843,163.843,93.0
2024-04-16 01:32:00,FX:EURJPY,163.843,163.843,163.837,163.839,37.0
2024-04-16 01:33:00,FX:EURJPY,163.839,163.85999999999999,163.83499999999998,163.856,133.0
2024-04-16 01:34:00,FX:EURJPY,163.856,163.861,163.85,163.85,175.0
2024-04-16 01:35:00,FX:EURJPY,163.85,163.861,163.85,163.85999999999999,175.0
2024-04-16 01:36:00,FX:EURJPY,163.85999999999999,163.85999999999999,163.85,163.85399999999998,173.0
2024-04-16 01:37:00,FX:EURJPY,163.85399999999998,163.85899999999998,163.849,163.857,145.0
2024-04-16 01:38:00,FX:EURJPY,163.857,163.863,163.856,163.85999999999999,82.0
2024-04-16 01:39:00,FX:EURJPY,163.85999999999999,163.873,163.856,163.87199999999999,111.0
2024-04-16 01:40:00,FX:EURJPY,163.87199999999999,163.878,163.868,163.87199999999999,158.0
2024-04-16 01:41:00,FX:EURJPY,163.87199999999999,163.891,163.85899999999998,163.89,257.0
2024-04-16 01:42:00,FX:EURJPY,163.89,163.896,163.884,163.885,157.0
2024-04-16 01:43:00,FX:EURJPY,163.885,163.887,163.867,163.876,145.0
2024-04-16 01:44:00,FX:EURJPY,163.876,163.87699999999998,163.86499999999998,163.868,206.0
2024-04-16 01:45:00,FX:EURJPY,163.868,163.887,163.867,163.878,277.0
2024-04-16 01:46:00,FX:EURJPY,163.878,163.88299999999998,163.87,163.87,168.0
2024-04-16 01:47:00,FX:EURJPY,163.87,163.874,163.86599999999999,163.87199999999999,126.0
2024-04-16 01:48:00,FX:EURJPY,163.87199999999999,163.874,163.855,163.87099999999998,181.0
2024-04-16 01:49:00,FX:EURJPY,163.87099999999998,163.87199999999999,163.84699999999998,163.856,245.0
2024-04-16 01:50:00,FX:EURJPY,163.856,163.873,163.845,163.87099999999998,227.0
2024-04-16 01:51:00,FX:EURJPY,163.87099999999998,163.88,163.849,163.876,272.0
2024-04-16 01:52:00,FX:EURJPY,163.876,163.878,163.863,163.86499999999998,196.0
2024-04-16 01:53:00,FX:EURJPY,163.86499999999998,163.876,163.85399999999998,163.863,206.0
2024-04-16 01:54:00,FX:EURJPY,163.863,163.87099999999998,163.855,163.858,210.0
2024-04-16 01:55:00,FX:EURJPY,163.858,163.882,163.851,163.867,286.0
2024-04-16 01:56:00,FX:EURJPY,163.867,163.87199999999999,163.852,163.863,108.0
2024-04-16 01:57:00,FX:EURJPY,163.863,163.87,163.857,163.857,146.0
2024-04-16 01:58:00,FX:EURJPY,163.857,163.875,163.857,163.875,145.0
2024-04-16 01:59:00,FX:EURJPY,163.875,163.899,163.87099999999998,163.89,333.0
2024-04-16 02:00:00,FX:EURJPY,163.89,163.91,163.86499999999998,163.886,808.0
2024-04-16 02:01:00,FX:EURJPY,163.886,163.886,163.86599999999999,163.87,262.0
2024-04-16 02:02:00,FX:EURJPY,163.87,163.884,163.851,163.85899999999998,285.0
2024-04-16 02:03:00,FX:EURJPY,163.85899999999998,163.884,163.858,163.86499999999998,341.0
2024-04-16 02:04:00,FX:EURJPY,163.86499999999998,163.88299999999998,163.85,163.881,449.0
2024-04-16 02:05:00,FX:EURJPY,163.881,163.881,163.84199999999998,163.84799999999998,347.0
2024-04-16 02:06:00,FX:EURJPY,163.84799999999998,163.852,163.807,163.813,386.0
2024-04-16 02:07:00,FX:EURJPY,163.813,163.815,163.773,163.773,356.0
2024-04-16 02:08:00,FX:EURJPY,163.773,163.778,163.74099999999999,163.75,411.0
2024-04-16 02:09:00,FX:EURJPY,163.75,163.755,163.736,163.749,287.0
2024-04-16 02:10:00,FX:EURJPY,163.749,163.76999999999998,163.738,163.767,259.0
2024-04-16 02:11:00,FX:EURJPY,163.767,163.779,163.75,163.773,227.0
2024-04-16 02:12:00,FX:EURJPY,163.773,163.796,163.771,163.786,228.0
2024-04-16 02:13:00,FX:EURJPY,163.786,163.791,163.771,163.778,235.0
2024-04-16 02:14:00,FX:EURJPY,163.778,163.786,163.761,163.786,236.0
2024-04-16 02:15:00,FX:EURJPY,163.786,163.796,163.779,163.789,363.0
2024-04-16 02:16:00,FX:EURJPY,163.789,163.792,163.72799999999998,163.73399999999998,505.0
2024-04-16 02:17:00,FX:EURJPY,163.73399999999998,163.73399999999998,163.70999999999998,163.724,305.0
2024-04-16 02:18:00,FX:EURJPY,163.724,163.727,163.701,163.712,291.0
2024-04-16 02:19:00,FX:EURJPY,163.712,163.73399999999998,163.697,163.715,284.0
2024-04-16 02:20:00,FX:EURJPY,163.715,163.73,163.712,163.727,188.0
2024-04-16 02:21:00,FX:EURJPY,163.727,163.74599999999998,163.72,163.72,280.0
2024-04-16 02:22:00,FX:EURJPY,163.72,163.757,163.69799999999998,163.753,331.0
2024-04-16 02:23:00,FX:EURJPY,163.753,163.795,163.753,163.783,329.0
2024-04-16 02:24:00,FX:EURJPY,163.783,163.792,163.774,163.778,220.0
2024-04-16 02:25:00,FX:EURJPY,163.778,163.778,163.74699999999999,163.76299999999998,252.0
2024-04-16 02:26:00,FX:EURJPY,163.76299999999998,163.78099999999998,163.753,163.766,214.0
2024-04-16 02:27:00,FX:EURJPY,163.766,163.796,163.766,163.774,193.0
2024-04-16 02:28:00,FX:EURJPY,163.774,163.809,163.771,163.804,292.0
2024-04-16 02:29:00,FX:EURJPY,163.804,163.838,163.804,163.83499999999998,419.0
2024-04-16 02:30:00,FX:EURJPY,163.83499999999998,163.84199999999998,163.815,163.828,469.0
2024-04-16 02:31:00,FX:EURJPY,163.828,163.89,163.797,163.809,713.0
2024-04-16 02:32:00,FX:EURJPY,163.809,163.91,163.809,163.869,945.0
2024-04-16 02:33:00,FX:EURJPY,163.869,163.881,163.85,163.869,487.0
2024-04-16 02:34:00,FX:EURJPY,163.869,163.891,163.862,163.875,490.0
2024-04-16 02:35:00,FX:EURJPY,163.875,163.902,163.87,163.902,443.0
2024-04-16 02:36:00,FX:EURJPY,163.902,163.93099999999998,163.869,163.927,431.0
2024-04-16 02:37:00,FX:EURJPY,163.927,163.95,163.91799999999998,163.95,362.0
2024-04-16 02:38:00,FX:EURJPY,163.95,163.96599999999998,163.946,163.95399999999998,357.0
2024-04-16 02:39:00,FX:EURJPY,163.95399999999998,163.987,163.951,163.976,305.0
2024-04-16 02:40:00,FX:EURJPY,163.976,163.992,163.96599999999998,163.975,347.0
2024-04-16 02:41:00,FX:EURJPY,163.975,164.009,163.964,164.001,480.0
2024-04-16 02:42:00,FX:EURJPY,164.001,164.001,163.951,163.952,318.0
2024-04-16 02:43:00,FX:EURJPY,163.952,163.981,163.946,163.958,445.0
2024-04-16 02:44:00,FX:EURJPY,163.958,163.983,163.94199999999998,163.969,314.0
2024-04-16 02:45:00,FX:EURJPY,163.969,163.98,163.965,163.976,134.0
2024-04-16 02:46:00,FX:EURJPY,163.976,163.992,163.968,163.97899999999998,307.0
2024-04-16 02:47:00,FX:EURJPY,163.97899999999998,163.982,163.952,163.962,300.0
2024-04-16 02:48:00,FX:EURJPY,163.962,163.983,163.94199999999998,163.94799999999998,337.0
2024-04-16 02:49:00,FX:EURJPY,163.94799999999998,163.95399999999998,163.928,163.944,386.0
2024-04-16 02:50:00,FX:EURJPY,163.944,163.965,163.941,163.962,283.0
2024-04-16 02:51:00,FX:EURJPY,163.962,163.97799999999998,163.958,163.958,288.0
2024-04-16 02:52:00,FX:EURJPY,163.958,163.96099999999998,163.944,163.957,193.0
2024-04-16 02:53:00,FX:EURJPY,163.957,163.957,163.926,163.944,229.0
2024-04-16 02:54:00,FX:EURJPY,163.944,163.969,163.934,163.962,302.0
2024-04-16 02:55:00,FX:EURJPY,163.962,163.962,163.93599999999998,163.94199999999998,320.0
2024-04-16 02:56:00,FX:EURJPY,163.94199999999998,163.97199999999998,163.92999999999998,163.95399999999998,396.0
2024-04-16 02:57:00,FX:EURJPY,163.95399999999998,163.95399999999998,163.926,163.929,320.0
2024-04-16 02:58:00,FX:EURJPY,163.929,163.929,163.911,163.91799999999998,283.0
2024-04-16 02:59:00,FX:EURJPY,163.91799999999998,163.938,163.915,163.93699999999998,313.0
2024-04-16 03:00:00,FX:EURJPY,163.93699999999998,163.98,163.927,163.97899999999998,661.0
2024-04-16 03:01:00,FX:EURJPY,163.97899999999998,163.981,163.90699999999998,163.929,609.0
2024-04-16 03:02:00,FX:EURJPY,163.929,163.944,163.922,163.92399999999998,604.0
2024-04-16 03:03:00,FX:EURJPY,163.92399999999998,163.941,163.914,163.928,612.0
2024-04-16 03:04:00,FX:EURJPY,163.928,163.94199999999998,163.92399999999998,163.93699999999998,576.0
2024-04-16 03:05:00,FX:EURJPY,163.93699999999998,163.96699999999998,163.929,163.96599999999998,676.0
2024-04-16 03:06:00,FX:EURJPY,163.96599999999998,163.981,163.944,163.95,441.0
2024-04-16 03:07:00,FX:EURJPY,163.95,163.981,163.94799999999998,163.974,338.0
2024-04-16 03:08:00,FX:EURJPY,163.974,163.98399999999998,163.96099999999998,163.96099999999998,316.0
2024-04-16 03:09:00,FX:EURJPY,163.96099999999998,163.97,163.945,163.96099999999998,409.0
2024-04-16 03:10:00,FX:EURJPY,163.96099999999998,163.964,163.927,163.932,412.0
2024-04-16 03:11:00,FX:EURJPY,163.932,163.934,163.917,163.917,293.0
2024-04-16 03:12:00,FX:EURJPY,163.917,163.958,163.917,163.951,413.0
2024-04-16 03:13:00,FX:EURJPY,163.951,163.97199999999998,163.951,163.97199999999998,395.0
2024-04-16 03:14:00,FX:EURJPY,163.97199999999998,163.98,163.96099999999998,163.974,443.0
2024-04-16 03:15:00,FX:EURJPY,163.974,163.99099999999999,163.94799999999998,163.974,410.0
2024-04-16 03:16:00,FX:EURJPY,163.974,163.989,163.962,163.986,437.0
2024-04-16 03:17:00,FX:EURJPY,163.986,163.992,163.969,163.99099999999999,415.0
2024-04-16 03:18:00,FX:EURJPY,163.99099999999999,164.01,163.983,163.98999999999998,375.0
2024-04-16 03:19:00,FX:EURJPY,163.98999999999998,164.00199999999998,163.982,163.993,382.0
2024-04-16 03:20:00,FX:EURJPY,163.993,164.012,163.988,164.01,424.0
2024-04-16 03:21:00,FX:EURJPY,164.01,164.046,164.007,164.045,350.0
2024-04-16 03:22:00,FX:EURJPY,164.045,164.08499999999998,164.042,164.084,401.0
2024-04-16 03:23:00,FX:EURJPY,164.084,164.09199999999998,164.05499999999998,164.069,494.0
2024-04-16 03:24:00,FX:EURJPY,164.069,164.071,164.018,164.02499999999998,347.0
2024-04-16 03:25:00,FX:EURJPY,164.02499999999998,164.035,164.007,164.034,283.0
2024-04-16 03:26:00,FX:EURJPY,164.034,164.036,163.982,163.983,309.0
2024-04-16 03:27:00,FX:EURJPY,163.983,163.98999999999998,163.962,163.965,398.0
2024-04-16 03:28:00,FX:EURJPY,163.965,163.97899999999998,163.94899999999998,163.97199999999998,441.0
2024-04-16 03:29:00,FX:EURJPY,163.97199999999998,163.99099999999999,163.96699999999998,163.976,262.0
2024-04-16 03:30:00,FX:EURJPY,163.976,163.976,163.915,163.91899999999998,424.0
2024-04-16 03:31:00,FX:EURJPY,163.91899999999998,163.934,163.90599999999998,163.929,423.0
2024-04-16 03:32:00,FX:EURJPY,163.929,163.94899999999998,163.911,163.93099999999998,416.0
2024-04-16 03:33:00,FX:EURJPY,163.93099999999998,163.935,163.91,163.916,413.0
2024-04-16 03:34:00,FX:EURJPY,163.916,163.91899999999998,163.892,163.904,495.0
2024-04-16 03:35:00,FX:EURJPY,163.904,163.926,163.896,163.915,532.0
2024-04-16 03:36:00,FX:EURJPY,163.915,163.915,163.892,163.892,420.0
2024-04-16 03:37:00,FX:EURJPY,163.892,163.89999999999998,163.882,163.89,410.0
2024-04-16 03:38:00,FX:EURJPY,163.89,163.92499999999998,163.88799999999998,163.91299999999998,371.0
2024-04-16 03:39:00,FX:EURJPY,163.91299999999998,163.92499999999998,163.90699999999998,163.915,221.0
2024-04-16 03:40:00,FX:EURJPY,163.915,163.916,163.899,163.914,176.0
2024-04-16 03:41:00,FX:EURJPY,163.914,163.93699999999998,163.91299999999998,163.92399999999998,263.0
2024-04-16 03:42:00,FX:EURJPY,163.92399999999998,163.92999999999998,163.91299999999998,163.922,288.0
2024-04-16 03:43:00,FX:EURJPY,163.922,163.922,163.89399999999998,163.89999999999998,315.0
2024-04-16 03:44:00,FX:EURJPY,163.89999999999998,163.91799999999998,163.897,163.917,276.0
2024-04-16 03:45:00,FX:EURJPY,163.917,163.932,163.89999999999998,163.926,290.0
2024-04-16 03:46:00,FX:EURJPY,163.926,163.926,163.878,163.89499999999998,448.0
2024-04-16 03:47:00,FX:EURJPY,163.89499999999998,163.909,163.878,163.909,273.0
2024-04-16 03:48:00,FX:EURJPY,163.909,163.915,163.898,163.91,185.0
2024-04-16 03:49:00,FX:EURJPY,163.91,163.911,163.887,163.899,219.0
2024-04-16 03:50:00,FX:EURJPY,163.899,163.904,163.88299999999998,163.88799999999998,300.0
2024-04-16 03:51:00,FX:EURJPY,163.88799999999998,163.89,163.855,163.858,286.0
2024-04-16 03:52:00,FX:EURJPY,163.858,163.86499999999998,163.843,163.851,365.0
2024-04-16 03:53:00,FX:EURJPY,163.851,163.87699999999998,163.844,163.85399999999998,323.0
2024-04-16 03:54:00,FX:EURJPY,163.85399999999998,163.882,163.84799999999998,163.87099999999998,463.0
2024-04-16 03:55:00,FX:EURJPY,163.87099999999998,163.903,163.87099999999998,163.89499999999998,529.0
2024-04-16 03:56:00,FX:EURJPY,163.89499999999998,163.90599999999998,163.881,163.89999999999998,401.0
2024-04-16 03:57:00,FX:EURJPY,163.89999999999998,163.938,163.896,163.93699999999998,463.0
2024-04-16 03:58:00,FX:EURJPY,163.93699999999998,163.97899999999998,163.935,163.938,397.0
2024-04-16 03:59:00,FX:EURJPY,163.938,163.952,163.92499999999998,163.92999999999998,284.0
2024-04-16 04:00:00,FX:EURJPY,163.92999999999998,163.951,163.928,163.95,406.0
2024-04-16 04:01:00,FX:EURJPY,163.95,163.97799999999998,163.944,163.977,466.0
2024-04-16 04:02:00,FX:EURJPY,163.977,163.99699999999999,163.96599999999998,163.994,399.0
2024-04-16 04:03:00,FX:EURJPY,163.994,164.012,163.98399999999998,164.006,381.0
2024-04-16 04:04:00,FX:EURJPY,164.006,164.06099999999998,164.005,164.059,410.0
2024-04-16 04:05:00,FX:EURJPY,164.059,164.071,164.03,164.042,544.0
2024-04-16 04:06:00,FX:EURJPY,164.042,164.048,163.983,163.987,383.0
2024-04-16 04:07:00,FX:EURJPY,163.987,164.009,163.97299999999998,163.99699999999999,374.0
2024-04-16 04:08:00,FX:EURJPY,163.99699999999999,164.009,163.957,163.962,280.0
2024-04-16 04:09:00,FX:EURJPY,163.962,163.97,163.945,163.95999999999998,374.0
2024-04-16 04:10:00,FX:EURJPY,163.95999999999998,163.976,163.947,163.958,354.0
2024-04-16 04:11:00,FX:EURJPY,163.958,163.97199999999998,163.956,163.96699999999998,277.0
2024-04-16 04:12:00,FX:EURJPY,163.96699999999998,163.97799999999998,163.956,163.958,280.0
2024-04-16 04:13:00,FX:EURJPY,163.958,163.98,163.956,163.969,306.0
2024-04-16 04:14:00,FX:EURJPY,163.969,163.971,163.957,163.95999999999998,309.0
2024-04-16 04:15:00,FX:EURJPY,163.95999999999998,163.97299999999998,163.934,163.96099999999998,367.0
2024-04-16 04:16:00,FX:EURJPY,163.96099999999998,163.964,163.938,163.944,287.0
2024-04-16 04:17:00,FX:EURJPY,163.944,163.968,163.932,163.96599999999998,326.0
2024-04-16 04:18:00,FX:EURJPY,163.96599999999998,163.976,163.965,163.97299999999998,194.0
2024-04-16 04:19:00,FX:EURJPY,163.97299999999998,163.974,163.951,163.956,228.0
2024-04-16 04:20:00,FX:EURJPY,163.956,163.96699999999998,163.94899999999998,163.94899999999998,284.0
2024-04-16 04:21:00,FX:EURJPY,163.94899999999998,163.957,163.944,163.952,292.0
2024-04-16 04:22:00,FX:EURJPY,163.952,163.957,163.933,163.93699999999998,270.0
2024-04-16 04:23:00,FX:EURJPY,163.93699999999998,163.939,163.90599999999998,163.911,269.0
2024-04-16 04:24:00,FX:EURJPY,163.911,163.921,163.90699999999998,163.91799999999998,245.0
2024-04-16 04:25:00,FX:EURJPY,163.91799999999998,163.93099999999998,163.90599999999998,163.929,237.0
2024-04-16 04:26:00,FX:EURJPY,163.929,163.964,163.922,163.963,271.0
2024-04-16 04:27:00,FX:EURJPY,163.963,164.001,163.95999999999998,164.001,262.0
2024-04-16 04:28:00,FX:EURJPY,164.001,164.001,163.97299999999998,163.983,358.0
2024-04-16 04:29:00,FX:EURJPY,163.983,164.01299999999998,163.982,164.011,400.0
2024-04-16 04:30:00,FX:EURJPY,164.011,164.02599999999998,164.00799999999998,164.021,405.0
2024-04-16 04:31:00,FX:EURJPY,164.021,164.04899999999998,164.018,164.01899999999998,354.0
2024-04-16 04:32:00,FX:EURJPY,164.01899999999998,164.024,163.97199999999998,163.974,293.0
2024-04-16 04:33:00,FX:EURJPY,163.974,164.003,163.96699999999998,163.995,255.0
2024-04-16 04:34:00,FX:EURJPY,163.995,164.003,163.986,164.001,232.0
2024-04-16 04:35:00,FX:EURJPY,164.001,164.04399999999998,163.999,164.03799999999998,244.0
2024-04-16 04:36:00,FX:EURJPY,164.03799999999998,164.052,164.01899999999998,164.02599999999998,213.0
2024-04-16 04:37:00,FX:EURJPY,164.02599999999998,164.04399999999998,164.015,164.03799999999998,257.0
2024-04-16 04:38:00,FX:EURJPY,164.03799999999998,164.03799999999998,164.007,164.00799999999998,280.0
2024-04-16 04:39:00,FX:EURJPY,164.00799999999998,164.028,163.994,164.02499999999998,282.0
2024-04-16 04:40:00,FX:EURJPY,164.02499999999998,164.045,164.011,164.012,369.0
2024-04-16 04:41:00,FX:EURJPY,164.012,164.01299999999998,163.981,163.983,221.0
2024-04-16 04:42:00,FX:EURJPY,163.983,164.015,163.983,164.00199999999998,240.0
2024-04-16 04:43:00,FX:EURJPY,164.00199999999998,164.00199999999998,163.968,163.99599999999998,251.0
2024-04-16 04:44:00,FX:EURJPY,163.99599999999998,164.009,163.98399999999998,163.999,261.0
2024-04-16 04:45:00,FX:EURJPY,163.999,163.999,163.963,163.977,291.0
2024-04-16 04:46:00,FX:EURJPY,163.977,163.977,163.957,163.96099999999998,303.0
2024-04-16 04:47:00,FX:EURJPY,163.96099999999998,163.986,163.952,163.986,238.0
2024-04-16 04:48:00,FX:EURJPY,163.986,164.01999999999998,163.98399999999998,163.99699999999999,343.0
2024-04-16 04:49:00,FX:EURJPY,163.99699999999999,163.99699999999999,163.97799999999998,163.983,318.0
2024-04-16 04:50:00,FX:EURJPY,163.983,164.001,163.983,163.99699999999999,336.0
2024-04-16 04:51:00,FX:EURJPY,163.99699999999999,164.00199999999998,163.974,163.974,330.0
2024-04-16 04:52:00,FX:EURJPY,163.974,163.99099999999999,163.97299999999998,163.98399999999998,210.0
2024-04-16 04:53:00,FX:EURJPY,163.98399999999998,164.005,163.98,163.999,200.0
2024-04-16 04:54:00,FX:EURJPY,163.999,164.035,163.992,164.033,261.0
2024-04-16 04:55:00,FX:EURJPY,164.033,164.047,164.028,164.04399999999998,236.0
2024-04-16 04:56:00,FX:EURJPY,164.04399999999998,164.09199999999998,164.04399999999998,164.078,273.0
2024-04-16 04:57:00,FX:EURJPY,164.078,164.078,164.029,164.03,203.0
2024-04-16 04:58:00,FX:EURJPY,164.03,164.03699999999998,163.99699999999999,164.0,236.0
2024-04-16 04:59:00,FX:EURJPY,164.0,164.03099999999998,163.99699999999999,164.022,233.0
2024-04-16 05:00:00,FX:EURJPY,164.022,164.146,164.022,164.13299999999998,722.0
2024-04-16 05:01:00,FX:EURJPY,164.13299999999998,164.14,164.07899999999998,164.08599999999998,244.0
2024-04-16 05:02:00,FX:EURJPY,164.08599999999998,164.10399999999998,164.05599999999998,164.093,349.0
2024-04-16 05:03:00,FX:EURJPY,164.093,164.128,164.083,164.12699999999998,385.0
2024-04-16 05:04:00,FX:EURJPY,164.12699999999998,164.147,164.117,164.14399999999998,374.0
2024-04-16 05:05:00,FX:EURJPY,164.14399999999998,164.212,164.131,164.212,439.0
2024-04-16 05:06:00,FX:EURJPY,164.212,164.215,164.177,164.18699999999998,377.0
2024-04-16 05:07:00,FX:EURJPY,164.18699999999998,164.259,164.18699999999998,164.23999999999998,517.0
2024-04-16 05:08:00,FX:EURJPY,164.23999999999998,164.259,164.23499999999999,164.253,404.0
2024-04-16 05:09:00,FX:EURJPY,164.253,164.257,164.22899999999998,164.249,418.0
2024-04-16 05:10:00,FX:EURJPY,164.249,164.266,164.239,164.265,419.0
2024-04-16 05:11:00,FX:EURJPY,164.265,164.29299999999998,164.26,164.272,446.0
2024-04-16 05:12:00,FX:EURJPY,164.272,164.286,164.257,164.277,423.0
2024-04-16 05:13:00,FX:EURJPY,164.277,164.30499999999998,164.274,164.29299999999998,539.0
2024-04-16 05:14:00,FX:EURJPY,164.29299999999998,164.29999999999998,164.28099999999998,164.283,434.0
2024-04-16 05:15:00,FX:EURJPY,164.283,164.291,164.26,164.28699999999998,446.0
2024-04-16 05:16:00,FX:EURJPY,164.28699999999998,164.296,164.266,164.28699999999998,545.0
2024-04-16 05:17:00,FX:EURJPY,164.28699999999998,164.29399999999998,164.268,164.26999999999998,247.0
2024-04-16 05:18:00,FX:EURJPY,164.26999999999998,164.28799999999998,164.26,164.28199999999998,220.0
2024-04-16 05:19:00,FX:EURJPY,164.28199999999998,164.286,164.239,164.244,275.0
2024-04-16 05:20:00,FX:EURJPY,164.244,164.244,164.196,164.20399999999998,332.0
2024-04-16 05:21:00,FX:EURJPY,164.20399999999998,164.207,164.171,164.171,276.0
2024-04-16 05:22:00,FX:EURJPY,164.171,164.178,164.14399999999998,164.15099999999998,279.0
2024-04-16 05:23:00,FX:EURJPY,164.15099999999998,164.165,164.14,164.161,266.0
2024-04-16 05:24:00,FX:EURJPY,164.161,164.161,164.10299999999998,164.136,471.0
2024-04-16 05:25:00,FX:EURJPY,164.136,164.167,164.13299999999998,164.14999999999998,396.0
2024-04-16 05:26:00,FX:EURJPY,164.14999999999998,164.171,164.14499999999998,164.164,377.0
2024-04-16 05:27:00,FX:EURJPY,164.164,164.178,164.13799999999998,164.13899999999998,482.0
2024-04-16 05:28:00,FX:EURJPY,164.13899999999998,164.14999999999998,164.12199999999999,164.12199999999999,357.0
2024-04-16 05:29:00,FX:EURJPY,164.12199999999999,164.135,164.118,164.118,341.0
2024-04-16 05:30:00,FX:EURJPY,164.118,164.141,164.112,164.123,302.0
2024-04-16 05:31:00,FX:EURJPY,164.123,164.123,164.10899999999998,164.112,221.0
2024-04-16 05:32:00,FX:EURJPY,164.112,164.12699999999998,164.10899999999998,164.117,215.0
2024-04-16 05:33:00,FX:EURJPY,164.117,164.123,164.102,164.102,294.0
2024-04-16 05:34:00,FX:EURJPY,164.102,164.10899999999998,164.06799999999998,164.06799999999998,250.0
2024-04-16 05:35:00,FX:EURJPY,164.06799999999998,164.09099999999998,164.06699999999998,164.08499999999998,278.0
2024-04-16 05:36:00,FX:EURJPY,164.08499999999998,164.117,164.083,164.106,281.0
2024-04-16 05:37:00,FX:EURJPY,164.106,164.106,164.075,164.089,270.0
2024-04-16 05:38:00,FX:EURJPY,164.089,164.10299999999998,164.084,164.099,299.0
2024-04-16 05:39:00,FX:EURJPY,164.099,164.111,164.081,164.111,210.0
2024-04-16 05:40:00,FX:EURJPY,164.111,164.131,164.106,164.131,181.0
2024-04-16 05:41:00,FX:EURJPY,164.131,164.153,164.12699999999998,164.129,215.0
2024-04-16 05:42:00,FX:EURJPY,164.129,164.159,164.124,164.142,267.0
2024-04-16 05:43:00,FX:EURJPY,164.142,164.16,164.137,164.14999999999998,251.0
2024-04-16 05:44:00,FX:EURJPY,164.14999999999998,164.16,164.141,164.158,281.0
2024-04-16 05:45:00,FX:EURJPY,164.158,164.185,164.158,164.179,247.0
2024-04-16 05:46:00,FX:EURJPY,164.179,164.197,164.178,164.19,176.0
2024-04-16 05:47:00,FX:EURJPY,164.19,164.195,164.18699999999998,164.19199999999998,178.0
2024-04-16 05:48:00,FX:EURJPY,164.19199999999998,164.221,164.19199999999998,164.218,237.0
2024-04-16 05:49:00,FX:EURJPY,164.218,164.22799999999998,164.21599999999998,164.21699999999998,277.0
2024-04-16 05:50:00,FX:EURJPY,164.21699999999998,164.226,164.203,164.20999999999998,295.0
2024-04-16 05:51:00,FX:EURJPY,164.20999999999998,164.232,164.203,164.22,313.0
2024-04-16 05:52:00,FX:EURJPY,164.22,164.237,164.20999999999998,164.23499999999999,335.0
2024-04-16 05:53:00,FX:EURJPY,164.23499999999999,164.23999999999998,164.191,164.19199999999998,240.0
2024-04-16 05:54:00,FX:EURJPY,164.19199999999998,164.20499999999998,164.183,164.20499999999998,277.0
2024-04-16 05:55:00,FX:EURJPY,164.20499999999998,164.257,164.201,164.245,433.0
2024-04-16 05:56:00,FX:EURJPY,164.245,164.245,164.226,164.22899999999998,296.0
2024-04-16 05:57:00,FX:EURJPY,164.22899999999998,164.25199999999998,164.227,164.227,325.0
2024-04-16 05:58:00,FX:EURJPY,164.227,164.259,164.22199999999998,164.255,301.0
2024-04-16 05:59:00,FX:EURJPY,164.255,164.291,164.25,164.28799999999998,329.0
2024-04-16 06:00:00,FX:EURJPY,164.28799999999998,164.297,164.28,164.28799999999998,308.0
2024-04-16 06:01:00,FX:EURJPY,164.28799999999998,164.30599999999998,164.285,164.29399999999998,246.0
2024-04-16 06:02:00,FX:EURJPY,164.29399999999998,164.303,164.28199999999998,164.289,339.0
2024-04-16 06:03:00,FX:EURJPY,164.289,164.31799999999998,164.28199999999998,164.29899999999998,357.0
2024-04-16 06:04:00,FX:EURJPY,164.29899999999998,164.316,164.29399999999998,164.316,300.0
2024-04-16 06:05:00,FX:EURJPY,164.316,164.325,164.292,164.29399999999998,250.0
2024-04-16 06:06:00,FX:EURJPY,164.29399999999998,164.31099999999998,164.29299999999998,164.303,267.0
2024-04-16 06:07:00,FX:EURJPY,164.303,164.32299999999998,164.303,164.304,236.0
2024-04-16 06:08:00,FX:EURJPY,164.304,164.334,164.303,164.316,268.0
2024-04-16 06:09:00,FX:EURJPY,164.316,164.31699999999998,164.29399999999998,164.297,174.0
2024-04-16 06:10:00,FX:EURJPY,164.297,164.298,164.283,164.286,219.0
2024-04-16 06:11:00,FX:EURJPY,164.286,164.301,164.284,164.29999999999998,202.0
2024-04-16 06:12:00,FX:EURJPY,164.29999999999998,164.303,164.291,164.302,211.0
2024-04-16 06:13:00,FX:EURJPY,164.302,164.307,164.28799999999998,164.291,198.0
2024-04-16 06:14:00,FX:EURJPY,164.291,164.308,164.286,164.303,257.0
2024-04-16 06:15:00,FX:EURJPY,164.303,164.31099999999998,164.29399999999998,164.303,249.0
2024-04-16 06:16:00,FX:EURJPY,164.303,164.314,164.27499999999998,164.28,252.0
2024-04-16 06:17:00,FX:EURJPY,164.28,164.285,164.257,164.265,279.0
2024-04-16 06:18:00,FX:EURJPY,164.265,164.283,164.265,164.271,165.0
2024-04-16 06:19:00,FX:EURJPY,164.271,164.29299999999998,164.271,164.285,206.0
2024-04-16 06:20:00,FX:EURJPY,164.285,164.29399999999998,164.267,164.277,194.0
2024-04-16 06:21:00,FX:EURJPY,164.277,164.277,164.245,164.249,181.0
2024-04-16 06:22:00,FX:EURJPY,164.249,164.249,164.226,164.227,187.0
2024-04-16 06:23:00,FX:EURJPY,164.227,164.238,164.213,164.225,211.0
2024-04-16 06:24:00,FX:EURJPY,164.225,164.23399999999998,164.20999999999998,164.21099999999998,209.0
2024-04-16 06:25:00,FX:EURJPY,164.21099999999998,164.22199999999998,164.20399999999998,164.21599999999998,243.0
2024-04-16 06:26:00,FX:EURJPY,164.21599999999998,164.23399999999998,164.209,164.233,178.0
2024-04-16 06:27:00,FX:EURJPY,164.233,164.239,164.214,164.22799999999998,221.0
2024-04-16 06:28:00,FX:EURJPY,164.22799999999998,164.239,164.20499999999998,164.214,252.0
2024-04-16 06:29:00,FX:EURJPY,164.214,164.227,164.213,164.221,200.0
2024-04-16 06:30:00,FX:EURJPY,164.221,164.22199999999998,164.20399999999998,164.207,190.0
2024-04-16 06:31:00,FX:EURJPY,164.207,164.226,164.203,164.203,169.0
2024-04-16 06:32:00,FX:EURJPY,164.203,164.256,164.203,164.24599999999998,272.0
2024-04-16 06:33:00,FX:EURJPY,164.24599999999998,164.274,164.243,164.272,243.0
2024-04-16 06:34:00,FX:EURJPY,164.272,164.298,164.26399999999998,164.267,320.0
2024-04-16 06:35:00,FX:EURJPY,164.267,164.28099999999998,164.249,164.278,428.0
2024-04-16 06:36:00,FX:EURJPY,164.278,164.283,164.274,164.27499999999998,235.0
2024-04-16 06:37:00,FX:EURJPY,164.27499999999998,164.278,164.262,164.266,194.0
2024-04-16 06:38:00,FX:EURJPY,164.266,164.274,164.26,164.262,224.0
2024-04-16 06:39:00,FX:EURJPY,164.262,164.27599999999998,164.262,164.268,191.0
2024-04-16 06:40:00,FX:EURJPY,164.268,164.268,164.256,164.26,168.0
2024-04-16 06:41:00,FX:EURJPY,164.26,164.26899999999998,164.225,164.231,252.0
2024-04-16 06:42:00,FX:EURJPY,164.231,164.249,164.221,164.245,225.0
2024-04-16 06:43:00,FX:EURJPY,164.245,164.25,164.236,164.24699999999999,259.0
2024-04-16 06:44:00,FX:EURJPY,164.24699999999999,164.265,164.243,164.244,277.0
2024-04-16 06:45:00,FX:EURJPY,164.244,164.277,164.239,164.27499999999998,273.0
2024-04-16 06:46:00,FX:EURJPY,164.27499999999998,164.289,164.257,164.259,325.0
2024-04-16 06:47:00,FX:EURJPY,164.259,164.268,164.248,164.259,331.0
2024-04-16 06:48:00,FX:EURJPY,164.259,164.27499999999998,164.255,164.26299999999998,294.0
2024-04-16 06:49:00,FX:EURJPY,164.26299999999998,164.279,164.25,164.278,375.0
2024-04-16 06:50:00,FX:EURJPY,164.278,164.278,164.26399999999998,164.26999999999998,287.0
2024-04-16 06:51:00,FX:EURJPY,164.26999999999998,164.291,164.26899999999998,164.28799999999998,182.0
2024-04-16 06:52:00,FX:EURJPY,164.28799999999998,164.29,164.27599999999998,164.28099999999998,181.0
2024-04-16 06:53:00,FX:EURJPY,164.28099999999998,164.296,164.28099999999998,164.284,253.0
2024-04-16 06:54:00,FX:EURJPY,164.284,164.28799999999998,164.271,164.286,286.0
2024-04-16 06:55:00,FX:EURJPY,164.286,164.289,164.267,164.284,213.0
2024-04-16 06:56:00,FX:EURJPY,164.284,164.31099999999998,164.28,164.30599999999998,254.0
2024-04-16 06:57:00,FX:EURJPY,164.30599999999998,164.30599999999998,164.279,164.28,191.0
2024-04-16 06:58:00,FX:EURJPY,164.28,164.28799999999998,164.279,164.28,160.0
2024-04-16 06:59:00,FX:EURJPY,164.28,164.295,164.27499999999998,164.28,252.0
2024-04-16 07:00:00,FX:EURJPY,164.28,164.32,164.27599999999998,164.302,394.0
2024-04-16 07:01:00,FX:EURJPY,164.302,164.31099999999998,164.28099999999998,164.283,239.0
2024-04-16 07:02:00,FX:EURJPY,164.283,164.302,164.267,164.295,310.0
2024-04-16 07:03:00,FX:EURJPY,164.295,164.304,164.283,164.29,159.0
2024-04-16 07:04:00,FX:EURJPY,164.29,164.304,164.28699999999998,164.302,198.0
2024-04-16 07:05:00,FX:EURJPY,164.302,164.304,164.29,164.297,247.0
2024-04-16 07:06:00,FX:EURJPY,164.297,164.32899999999998,164.286,164.301,322.0
2024-04-16 07:07:00,FX:EURJPY,164.301,164.308,164.29,164.292,159.0
2024-04-16 07:08:00,FX:EURJPY,164.292,164.352,164.291,164.346,243.0
2024-04-16 07:09:00,FX:EURJPY,164.346,164.358,164.34,164.358,224.0
2024-04-16 07:10:00,FX:EURJPY,164.358,164.404,164.358,164.393,319.0
2024-04-16 07:11:00,FX:EURJPY,164.393,164.42,164.38899999999998,164.41199999999998,201.0
2024-04-16 07:12:00,FX:EURJPY,164.41199999999998,164.42399999999998,164.392,164.39999999999998,219.0
2024-04-16 07:13:00,FX:EURJPY,164.39999999999998,164.40099999999998,164.36599999999999,164.367,186.0
2024-04-16 07:14:00,FX:EURJPY,164.367,164.40099999999998,164.363,164.39,228.0
2024-04-16 07:15:00,FX:EURJPY,164.39,164.41799999999998,164.39,164.416,236.0
2024-04-16 07:16:00,FX:EURJPY,164.416,164.427,164.409,164.422,198.0
2024-04-16 07:17:00,FX:EURJPY,164.422,164.426,164.40699999999998,164.416,218.0
2024-04-16 07:18:00,FX:EURJPY,164.416,164.428,164.40699999999998,164.42499999999998,318.0
2024-04-16 07:19:00,FX:EURJPY,164.42499999999998,164.462,164.42399999999998,164.446,309.0
2024-04-16 07:20:00,FX:EURJPY,164.446,164.475,164.441,164.44199999999998,350.0
2024-04-16 07:21:00,FX:EURJPY,164.44199999999998,164.462,164.44199999999998,164.445,222.0
2024-04-16 07:22:00,FX:EURJPY,164.445,164.462,164.43099999999998,164.45499999999998,268.0
2024-04-16 07:23:00,FX:EURJPY,164.45499999999998,164.5,164.44799999999998,164.492,229.0
2024-04-16 07:24:00,FX:EURJPY,164.492,164.498,164.462,164.469,214.0
2024-04-16 07:25:00,FX:EURJPY,164.469,164.47199999999998,164.456,164.456,268.0
2024-04-16 07:26:00,FX:EURJPY,164.456,164.463,164.447,164.452,202.0
2024-04-16 07:27:00,FX:EURJPY,164.452,164.468,164.435,164.468,251.0
2024-04-16 07:28:00,FX:EURJPY,164.468,164.483,164.426,164.426,284.0
2024-04-16 07:29:00,FX:EURJPY,164.426,164.426,164.414,164.416,300.0
2024-04-16 07:30:00,FX:EURJPY,164.416,164.439,164.408,164.432,256.0
2024-04-16 07:31:00,FX:EURJPY,164.432,164.45499999999998,164.428,164.453,285.0
2024-04-16 07:32:00,FX:EURJPY,164.453,164.468,164.452,164.468,245.0
2024-04-16 07:33:00,FX:EURJPY,164.468,164.469,164.452,164.469,172.0
2024-04-16 07:34:00,FX:EURJPY,164.469,164.47199999999998,164.44199999999998,164.444,228.0
2024-04-16 07:35:00,FX:EURJPY,164.444,164.45399999999998,164.434,164.446,205.0
2024-04-16 07:36:00,FX:EURJPY,164.446,164.462,164.446,164.45499999999998,306.0
2024-04-16 07:37:00,FX:EURJPY,164.45499999999998,164.469,164.453,164.463,310.0
2024-04-16 07:38:00,FX:EURJPY,164.463,164.477,164.456,164.476,223.0
2024-04-16 07:39:00,FX:EURJPY,164.476,164.476,164.453,164.464,241.0
2024-04-16 07:40:00,FX:EURJPY,164.464,164.465,164.43599999999998,164.43599999999998,253.0
2024-04-16 07:41:00,FX:EURJPY,164.43599999999998,164.451,164.43099999999998,164.44899999999998,175.0
2024-04-16 07:42:00,FX:EURJPY,164.44899999999998,164.44899999999998,164.438,164.44,152.0
2024-04-16 07:43:00,FX:EURJPY,164.44,164.464,164.432,164.453,196.0
2024-04-16 07:44:00,FX:EURJPY,164.453,164.464,164.452,164.457,140.0
2024-04-16 07:45:00,FX:EURJPY,164.457,164.506,164.456,164.49099999999999,301.0
2024-04-16 07:46:00,FX:EURJPY,164.49099999999999,164.501,164.476,164.488,254.0
2024-04-16 07:47:00,FX:EURJPY,164.488,164.512,164.488,164.509,214.0
2024-04-16 07:48:00,FX:EURJPY,164.509,164.517,164.499,164.503,197.0
2024-04-16 07:49:00,FX:EURJPY,164.503,164.512,164.501,164.511,147.0
2024-04-16 07:50:00,FX:EURJPY,164.511,164.551,164.503,164.546,301.0
2024-04-16 07:51:00,FX:EURJPY,164.546,164.56,164.535,164.559,255.0
2024-04-16 07:52:00,FX:EURJPY,164.559,164.60399999999998,164.545,164.59699999999998,381.0
2024-04-16 07:53:00,FX:EURJPY,164.59699999999998,164.629,164.588,164.59099999999998,444.0
2024-04-16 07:54:00,FX:EURJPY,164.59099999999998,164.62099999999998,164.589,164.593,301.0
2024-04-16 07:55:00,FX:EURJPY,164.593,164.606,164.58599999999998,164.606,249.0
2024-04-16 07:56:00,FX:EURJPY,164.606,164.613,164.59099999999998,164.59699999999998,243.0
2024-04-16 07:57:00,FX:EURJPY,164.59699999999998,164.607,164.58599999999998,164.587,329.0
2024-04-16 07:58:00,FX:EURJPY,164.587,164.588,164.55499999999998,164.559,350.0
2024-04-16 07:59:00,FX:EURJPY,164.559,164.563,164.552,164.554,228.0
2024-04-16 08:00:00,FX:EURJPY,164.554,164.572,164.541,164.54399999999998,304.0
2024-04-16 08:01:00,FX:EURJPY,164.54399999999998,164.54899999999998,164.53099999999998,164.54299999999998,458.0
2024-04-16 08:02:00,FX:EURJPY,164.54299999999998,164.54399999999998,164.518,164.518,352.0
2024-04-16 08:03:00,FX:EURJPY,164.518,164.54299999999998,164.517,164.54,274.0
2024-04-16 08:04:00,FX:EURJPY,164.54,164.565,164.53699999999998,164.559,293.0
2024-04-16 08:05:00,FX:EURJPY,164.559,164.559,164.54,164.54899999999998,299.0
2024-04-16 08:06:00,FX:EURJPY,164.54899999999998,164.54899999999998,164.53099999999998,164.542,289.0
2024-04-16 08:07:00,FX:EURJPY,164.542,164.54999999999998,164.534,164.542,211.0
2024-04-16 08:08:00,FX:EURJPY,164.542,164.557,164.534,164.534,187.0
2024-04-16 08:09:00,FX:EURJPY,164.534,164.54899999999998,164.534,164.53799999999998,294.0
2024-04-16 08:10:00,FX:EURJPY,164.53799999999998,164.56,164.52599999999998,164.545,433.0
2024-04-16 08:11:00,FX:EURJPY,164.545,164.57,164.54399999999998,164.57,235.0
2024-04-16 08:12:00,FX:EURJPY,164.57,164.57899999999998,164.56099999999998,164.578,158.0
2024-04-16 08:13:00,FX:EURJPY,164.578,164.578,164.56099999999998,164.575,184.0
2024-04-16 08:14:00,FX:EURJPY,164.575,164.60299999999998,164.572,164.601,175.0
2024-04-16 08:15:00,FX:EURJPY,164.601,164.612,164.59699999999998,164.608,153.0
2024-04-16 08:16:00,FX:EURJPY,164.608,164.617,164.60299999999998,164.607,234.0
2024-04-16 08:17:00,FX:EURJPY,164.607,164.612,164.595,164.6,257.0
2024-04-16 08:18:00,FX:EURJPY,164.6,164.61599999999999,164.587,164.613,205.0
2024-04-16 08:19:00,FX:EURJPY,164.613,164.624,164.599,164.6,294.0
2024-04-16 08:20:00,FX:EURJPY,164.6,164.612,164.57999999999998,164.58599999999998,490.0
2024-04-16 08:21:00,FX:EURJPY,164.58599999999998,164.60399999999998,164.55499999999998,164.56,480.0
2024-04-16 08:22:00,FX:EURJPY,164.56,164.59,164.542,164.545,502.0
2024-04-16 08:23:00,FX:EURJPY,164.545,164.547,164.527,164.53699999999998,398.0
2024-04-16 08:24:00,FX:EURJPY,164.53699999999998,164.557,164.53699999999998,164.546,440.0
2024-04-16 08:25:00,FX:EURJPY,164.546,164.553,164.534,164.54899999999998,414.0
2024-04-16 08:26:00,FX:EURJPY,164.54899999999998,164.557,164.54299999999998,164.551,254.0
2024-04-16 08:27:00,FX:EURJPY,164.551,164.563,164.542,164.547,228.0
2024-04-16 08:28:00,FX:EURJPY,164.547,164.557,164.539,164.548,237.0
2024-04-16 08:29:00,FX:EURJPY,164.548,164.56199999999998,164.54299999999998,164.54299999999998,201.0
2024-04-16 08:30:00,FX:EURJPY,164.54299999999998,164.557,164.51899999999998,164.53699999999998,1276.0
2024-04-16 08:31:00,FX:EURJPY,164.53699999999998,164.566,164.535,164.53699999999998,599.0
2024-04-16 08:32:00,FX:EURJPY,164.53699999999998,164.605,164.53699999999998,164.605,444.0
2024-04-16 08:33:00,FX:EURJPY,164.605,164.605,164.58599999999998,164.594,473.0
2024-04-16 08:34:00,FX:EURJPY,164.594,164.611,164.59099999999998,164.59699999999998,632.0
2024-04-16 08:35:00,FX:EURJPY,164.59699999999998,164.618,164.596,164.61499999999998,482.0
2024-04-16 08:36:00,FX:EURJPY,164.61499999999998,164.623,164.602,164.618,448.0
2024-04-16 08:37:00,FX:EURJPY,164.618,164.634,164.60899999999998,164.614,527.0
2024-04-16 08:38:00,FX:EURJPY,164.614,164.671,164.60299999999998,164.67,612.0
2024-04-16 08:39:00,FX:EURJPY,164.67,164.678,164.632,164.642,436.0
2024-04-16 08:40:00,FX:EURJPY,164.642,164.655,164.63,164.631,365.0
2024-04-16 08:41:00,FX:EURJPY,164.631,164.64,164.625,164.631,362.0
2024-04-16 08:42:00,FX:EURJPY,164.631,164.63299999999998,164.60399999999998,164.618,278.0
2024-04-16 08:43:00,FX:EURJPY,164.618,164.629,164.605,164.608,288.0
2024-04-16 08:44:00,FX:EURJPY,164.608,164.614,164.59699999999998,164.605,265.0
2024-04-16 08:45:00,FX:EURJPY,164.605,164.613,164.59799999999998,164.60399999999998,279.0
2024-04-16 08:46:00,FX:EURJPY,164.60399999999998,164.60399999999998,164.57399999999998,164.587,337.0
2024-04-16 08:47:00,FX:EURJPY,164.587,164.596,164.554,164.56,399.0
2024-04-16 08:48:00,FX:EURJPY,164.56,164.59099999999998,164.559,164.56799999999998,399.0
2024-04-16 08:49:00,FX:EURJPY,164.56799999999998,164.581,164.56099999999998,164.57299999999998,261.0
2024-04-16 08:50:00,FX:EURJPY,164.57299999999998,164.599,164.57,164.58599999999998,337.0
2024-04-16 08:51:00,FX:EURJPY,164.58599999999998,164.59199999999998,164.541,164.54299999999998,374.0
2024-04-16 08:52:00,FX:EURJPY,164.54299999999998,164.59099999999998,164.541,164.59099999999998,470.0
2024-04-16 08:53:00,FX:EURJPY,164.59099999999998,164.61499999999998,164.581,164.612,334.0
2024-04-16 08:54:00,FX:EURJPY,164.612,164.614,164.569,164.58599999999998,499.0
2024-04-16 08:55:00,FX:EURJPY,164.58599999999998,164.619,164.57899999999998,164.618,332.0
2024-04-16 08:56:00,FX:EURJPY,164.618,164.626,164.54,164.55499999999998,426.0
2024-04-16 08:57:00,FX:EURJPY,164.55499999999998,164.57399999999998,164.551,164.56,322.0
2024-04-16 08:58:00,FX:EURJPY,164.56,164.581,164.553,164.575,293.0
2024-04-16 08:59:00,FX:EURJPY,164.575,164.578,164.52599999999998,164.52599999999998,276.0
2024-04-16 09:00:00,FX:EURJPY,164.52599999999998,164.566,164.506,164.552,1155.0
2024-04-16 09:01:00,FX:EURJPY,164.552,164.557,164.52499999999998,164.528,581.0
2024-04-16 09:02:00,FX:EURJPY,164.528,164.584,164.52499999999998,164.584,429.0
2024-04-16 09:03:00,FX:EURJPY,164.584,164.589,164.56,164.566,369.0
2024-04-16 09:04:00,FX:EURJPY,164.566,164.59199999999998,164.557,164.566,465.0
2024-04-16 09:05:00,FX:EURJPY,164.566,164.59199999999998,164.558,164.56799999999998,388.0
2024-04-16 09:06:00,FX:EURJPY,164.56799999999998,164.608,164.566,164.605,385.0
2024-04-16 09:07:00,FX:EURJPY,164.605,164.611,164.575,164.582,386.0
2024-04-16 09:08:00,FX:EURJPY,164.582,164.59199999999998,164.565,164.575,344.0
2024-04-16 09:09:00,FX:EURJPY,164.575,164.594,164.558,164.56099999999998,383.0
2024-04-16 09:10:00,FX:EURJPY,164.56099999999998,164.57299999999998,164.539,164.547,432.0
2024-04-16 09:11:00,FX:EURJPY,164.547,164.56199999999998,164.546,164.554,227.0
2024-04-16 09:12:00,FX:EURJPY,164.554,164.57,164.542,164.552,239.0
2024-04-16 09:13:00,FX:EURJPY,164.552,164.55499999999998,164.535,164.54,321.0
2024-04-16 09:14:00,FX:EURJPY,164.54,164.54899999999998,164.47899999999998,164.48399999999998,350.0
2024-04-16 09:15:00,FX:EURJPY,164.48399999999998,164.51299999999998,164.469,164.504,501.0
2024-04-16 09:16:00,FX:EURJPY,164.504,164.524,164.487,164.493,412.0
2024-04-16 09:17:00,FX:EURJPY,164.493,164.51899999999998,164.47799999999998,164.47799999999998,459.0
2024-04-16 09:18:00,FX:EURJPY,164.47799999999998,164.489,164.46099999999998,164.48,354.0
2024-04-16 09:19:00,FX:EURJPY,164.48,164.498,164.475,164.47799999999998,330.0
2024-04-16 09:20:00,FX:EURJPY,164.47799999999998,164.493,164.474,164.475,316.0
2024-04-16 09:21:00,FX:EURJPY,164.475,164.5,164.471,164.489,379.0
2024-04-16 09:22:00,FX:EURJPY,164.489,164.498,164.474,164.49599999999998,476.0
2024-04-16 09:23:00,FX:EURJPY,164.49599999999998,164.5,164.47,164.482,387.0
2024-04-16 09:24:00,FX:EURJPY,164.482,164.48999999999998,164.45499999999998,164.457,338.0
2024-04-16 09:25:00,FX:EURJPY,164.457,164.474,164.44799999999998,164.474,301.0
2024-04-16 09:26:00,FX:EURJPY,164.474,164.512,164.47199999999998,164.511,429.0
2024-04-16 09:27:00,FX:EURJPY,164.511,164.54,164.509,164.53199999999998,466.0
2024-04-16 09:28:00,FX:EURJPY,164.53199999999998,164.55599999999998,164.53,164.541,509.0
2024-04-16 09:29:00,FX:EURJPY,164.541,164.559,164.533,164.539,402.0
2024-04-16 09:30:00,FX:EURJPY,164.539,164.54,164.47799999999998,164.494,633.0
2024-04-16 09:31:00,FX:EURJPY,164.494,164.50799999999998,164.483,164.50199999999998,496.0
2024-04-16 09:32:00,FX:EURJPY,164.50199999999998,164.534,164.498,164.527,514.0
2024-04-16 09:33:00,FX:EURJPY,164.527,164.53699999999998,164.498,164.51899999999998,490.0
2024-04-16 09:34:00,FX:EURJPY,164.51899999999998,164.55499999999998,164.51899999999998,164.547,449.0
2024-04-16 09:35:00,FX:EURJPY,164.547,164.547,164.504,164.505,467.0
2024-04-16 09:36:00,FX:EURJPY,164.505,164.554,164.503,164.51299999999998,543.0
2024-04-16 09:37:00,FX:EURJPY,164.51299999999998,164.548,164.50799999999998,164.546,602.0
2024-04-16 09:38:00,FX:EURJPY,164.546,164.547,164.307,164.45,1513.0
2024-04-16 09:39:00,FX:EURJPY,164.45,164.45,163.76899999999998,164.255,4318.0
2024-04-16 09:40:00,FX:EURJPY,164.255,164.313,164.14399999999998,164.253,2049.0
2024-04-16 09:41:00,FX:EURJPY,164.253,164.326,164.191,164.31099999999998,1307.0
2024-04-16 09:42:00,FX:EURJPY,164.31099999999998,164.315,164.237,164.253,862.0
2024-04-16 09:43:00,FX:EURJPY,164.253,164.32399999999998,164.24699999999999,164.296,968.0
2024-04-16 09:44:00,FX:EURJPY,164.296,164.343,164.273,164.28099999999998,1072.0
2024-04-16 09:45:00,FX:EURJPY,164.28099999999998,164.307,164.23999999999998,164.261,979.0
2024-04-16 09:46:00,FX:EURJPY,164.261,164.266,164.224,164.259,825.0
2024-04-16 09:47:00,FX:EURJPY,164.259,164.261,164.21099999999998,164.224,855.0
2024-04-16 09:48:00,FX:EURJPY,164.224,164.239,164.185,164.197,578.0
2024-04-16 09:49:00,FX:EURJPY,164.197,164.215,164.171,164.178,666.0
2024-04-16 09:50:00,FX:EURJPY,164.178,164.185,164.112,164.137,778.0
2024-04-16 09:51:00,FX:EURJPY,164.137,164.15599999999998,164.106,164.106,722.0
2024-04-16 09:52:00,FX:EURJPY,164.106,164.136,164.083,164.09699999999998,696.0
2024-04-16 09:53:00,FX:EURJPY,164.09699999999998,164.12099999999998,164.078,164.09099999999998,585.0
2024-04-16 09:54:00,FX:EURJPY,164.09099999999998,164.167,164.09099999999998,164.15599999999998,661.0
2024-04-16 09:55:00,FX:EURJPY,164.15599999999998,164.184,164.117,164.167,594.0
2024-04-16 09:56:00,FX:EURJPY,164.167,164.256,164.167,164.255,507.0
2024-04-16 09:57:00,FX:EURJPY,164.255,164.28699999999998,164.24699999999999,164.27499999999998,463.0
2024-04-16 09:58:00,FX:EURJPY,164.27499999999998,164.31,164.26999999999998,164.301,477.0
2024-04-16 09:59:00,FX:EURJPY,164.301,164.325,164.295,164.297,460.0
2024-04-16 10:00:00,FX:EURJPY,164.297,164.314,164.25,164.26,689.0
2024-04-16 10:01:00,FX:EURJPY,164.26,164.333,164.25799999999998,164.333,479.0
2024-04-16 10:02:00,FX:EURJPY,164.333,164.363,164.333,164.358,479.0
2024-04-16 10:03:00,FX:EURJPY,164.358,164.36599999999999,164.331,164.351,533.0
2024-04-16 10:04:00,FX:EURJPY,164.351,164.40099999999998,164.34699999999998,164.397,563.0
2024-04-16 10:05:00,FX:EURJPY,164.397,164.42499999999998,164.393,164.421,600.0
2024-04-16 10:06:00,FX:EURJPY,164.421,164.45,164.411,164.41199999999998,677.0
2024-04-16 10:07:00,FX:EURJPY,164.41199999999998,164.45,164.391,164.445,599.0
2024-04-16 10:08:00,FX:EURJPY,164.445,164.46099999999998,164.439,164.44799999999998,449.0
2024-04-16 10:09:00,FX:EURJPY,164.44799999999998,164.53099999999998,164.447,164.528,572.0
2024-04-16 10:10:00,FX:EURJPY,164.528,164.578,164.505,164.50799999999998,853.0
2024-04-16 10:11:00,FX:EURJPY,164.50799999999998,164.548,164.499,164.523,614.0
2024-04-16 10:12:00,FX:EURJPY,164.523,164.533,164.481,164.515,486.0
2024-04-16 10:13:00,FX:EURJPY,164.515,164.51999999999998,164.475,164.487,545.0
2024-04-16 10:14:00,FX:EURJPY,164.487,164.53199999999998,164.483,164.506,671.0
2024-04-16 10:15:00,FX:EURJPY,164.506,164.57899999999998,164.505,164.558,592.0
2024-04-16 10:16:00,FX:EURJPY,164.558,164.59099999999998,164.557,164.577,499.0
2024-04-16 10:17:00,FX:EURJPY,164.577,164.57899999999998,164.53699999999998,164.539,553.0
2024-04-16 10:18:00,FX:EURJPY,164.539,164.54,164.49599999999998,164.524,666.0
2024-04-16 10:19:00,FX:EURJPY,164.524,164.53799999999998,164.50199999999998,164.50199999999998,602.0
2024-04-16 10:20:00,FX:EURJPY,164.50199999999998,164.546,164.49699999999999,164.53,576.0
2024-04-16 10:21:00,FX:EURJPY,164.53,164.53099999999998,164.447,164.44899999999998,521.0
2024-04-16 10:22:00,FX:EURJPY,164.44899999999998,164.453,164.416,164.42,614.0
2024-04-16 10:23:00,FX:EURJPY,164.42,164.421,164.378,164.381,423.0
2024-04-16 10:24:00,FX:EURJPY,164.381,164.435,164.381,164.429,523.0
2024-04-16 10:25:00,FX:EURJPY,164.429,164.452,164.398,164.399,499.0
2024-04-16 10:26:00,FX:EURJPY,164.399,164.434,164.382,164.40699999999998,539.0
2024-04-16 10:27:00,FX:EURJPY,164.40699999999998,164.414,164.384,164.385,416.0
2024-04-16 10:28:00,FX:EURJPY,164.385,164.398,164.367,164.37099999999998,433.0
2024-04-16 10:29:00,FX:EURJPY,164.37099999999998,164.417,164.37,164.398,513.0
2024-04-16 10:30:00,FX:EURJPY,164.398,164.452,164.398,164.44299999999998,467.0
2024-04-16 10:31:00,FX:EURJPY,164.44299999999998,164.456,164.415,164.423,488.0
2024-04-16 10:32:00,FX:EURJPY,164.423,164.43099999999998,164.405,164.415,345.0
2024-04-16 10:33:00,FX:EURJPY,164.415,164.445,164.402,164.44,518.0
2024-04-16 10:34:00,FX:EURJPY,164.44,164.453,164.417,164.43099999999998,483.0
2024-04-16 10:35:00,FX:EURJPY,164.43099999999998,164.47799999999998,164.42499999999998,164.46099999999998,433.0
2024-04-16 10:36:00,FX:EURJPY,164.46099999999998,164.47899999999998,164.44899999999998,164.46099999999998,341.0
2024-04-16 10:37:00,FX:EURJPY,164.46099999999998,164.463,164.428,164.462,401.0
2024-04-16 10:38:00,FX:EURJPY,164.462,164.463,164.42499999999998,164.429,495.0
2024-04-16 10:39:00,FX:EURJPY,164.429,164.446,164.42399999999998,164.441,475.0
2024-04-16 10:40:00,FX:EURJPY,164.441,164.446,164.39,164.391,475.0
2024-04-16 10:41:00,FX:EURJPY,164.391,164.404,164.364,164.386,443.0
2024-04-16 10:42:00,FX:EURJPY,164.386,164.434,164.384,164.423,442.0
2024-04-16 10:43:00,FX:EURJPY,164.423,164.43699999999998,164.41199999999998,164.429,472.0
2024-04-16 10:44:00,FX:EURJPY,164.429,164.444,164.42399999999998,164.44,353.0
2024-04-16 10:45:00,FX:EURJPY,164.44,164.48399999999998,164.438,164.475,506.0
2024-04-16 10:46:00,FX:EURJPY,164.475,164.487,164.456,164.457,389.0
2024-04-16 10:47:00,FX:EURJPY,164.457,164.475,164.45499999999998,164.465,343.0
2024-04-16 10:48:00,FX:EURJPY,164.465,164.49099999999999,164.45999999999998,164.46599999999998,482.0
2024-04-16 10:49:00,FX:EURJPY,164.46599999999998,164.481,164.44199999999998,164.44299999999998,429.0
2024-04-16 10:50:00,FX:EURJPY,164.44299999999998,164.47299999999998,164.441,164.45499999999998,381.0
2024-04-16 10:51:00,FX:EURJPY,164.45499999999998,164.45499999999998,164.2,164.219,764.0
2024-04-16 10:52:00,FX:EURJPY,164.219,164.361,164.208,164.326,1360.0
2024-04-16 10:53:00,FX:EURJPY,164.326,164.345,164.291,164.29999999999998,666.0
2024-04-16 10:54:00,FX:EURJPY,164.29999999999998,164.321,164.28099999999998,164.29899999999998,529.0
2024-04-16 10:55:00,FX:EURJPY,164.29899999999998,164.33599999999998,164.29899999999998,164.31,497.0
2024-04-16 10:56:00,FX:EURJPY,164.31,164.321,164.27599999999998,164.291,425.0
2024-04-16 10:57:00,FX:EURJPY,164.291,164.327,164.277,164.326,431.0
2024-04-16 10:58:00,FX:EURJPY,164.326,164.351,164.309,164.35,331.0
2024-04-16 10:59:00,FX:EURJPY,164.35,164.368,164.344,164.355,475.0
2024-04-16 11:00:00,FX:EURJPY,164.355,164.369,164.327,164.33499999999998,602.0
2024-04-16 11:01:00,FX:EURJPY,164.33499999999998,164.339,164.29299999999998,164.308,490.0
2024-04-16 11:02:00,FX:EURJPY,164.308,164.361,164.307,164.34199999999998,540.0
2024-04-16 11:03:00,FX:EURJPY,164.34199999999998,164.351,164.326,164.328,544.0
2024-04-16 11:04:00,FX:EURJPY,164.328,164.34099999999998,164.283,164.30599999999998,535.0
2024-04-16 11:05:00,FX:EURJPY,164.30599999999998,164.32999999999998,164.28799999999998,164.31199999999998,468.0
2024-04-16 11:06:00,FX:EURJPY,164.31199999999998,164.381,164.307,164.362,306.0
2024-04-16 11:07:00,FX:EURJPY,164.362,164.374,164.337,164.351,414.0
2024-04-16 11:08:00,FX:EURJPY,164.351,164.355,164.31799999999998,164.339,458.0
2024-04-16 11:09:00,FX:EURJPY,164.339,164.344,164.315,164.33599999999998,367.0
2024-04-16 11:10:00,FX:EURJPY,164.33599999999998,164.38299999999998,164.325,164.37699999999998,423.0
2024-04-16 11:11:00,FX:EURJPY,164.37699999999998,164.381,164.358,164.376,366.0
2024-04-16 11:12:00,FX:EURJPY,164.376,164.397,164.376,164.381,331.0
2024-04-16 11:13:00,FX:EURJPY,164.381,164.385,164.369,164.374,343.0
2024-04-16 11:14:00,FX:EURJPY,164.374,164.385,164.349,164.355,456.0
2024-04-16 11:15:00,FX:EURJPY,164.355,164.364,164.343,164.352,433.0
2024-04-16 11:16:00,FX:EURJPY,164.352,164.35399999999998,164.313,164.314,435.0
2024-04-16 11:17:00,FX:EURJPY,164.314,164.332,164.308,164.308,445.0
2024-04-16 11:18:00,FX:EURJPY,164.308,164.328,164.301,164.31099999999998,376.0
2024-04-16 11:19:00,FX:EURJPY,164.31099999999998,164.31199999999998,164.271,164.272,391.0
2024-04-16 11:20:00,FX:EURJPY,164.272,164.28099999999998,164.231,164.23399999999998,446.0
2024-04-16 11:21:00,FX:EURJPY,164.23399999999998,164.24599999999998,164.22799999999998,164.233,377.0
2024-04-16 11:22:00,FX:EURJPY,164.233,164.23499999999999,164.206,164.21599999999998,418.0
2024-04-16 11:23:00,FX:EURJPY,164.21599999999998,164.254,164.21099999999998,164.253,342.0
2024-04-16 11:24:00,FX:EURJPY,164.253,164.253,164.22199999999998,164.22799999999998,421.0
2024-04-16 11:25:00,FX:EURJPY,164.22799999999998,164.262,164.22299999999998,164.244,469.0
2024-04-16 11:26:00,FX:EURJPY,164.244,164.24599999999998,164.20499999999998,164.207,367.0
2024-04-16 11:27:00,FX:EURJPY,164.207,164.22299999999998,164.197,164.201,283.0
2024-04-16 11:28:00,FX:EURJPY,164.201,164.23499999999999,164.19899999999998,164.22,422.0
2024-04-16 11:29:00,FX:EURJPY,164.22,164.231,164.21099999999998,164.21599999999998,402.0
2024-04-16 11:30:00,FX:EURJPY,164.21599999999998,164.221,164.188,164.188,560.0
2024-04-16 11:31:00,FX:EURJPY,164.188,164.189,164.159,164.18099999999998,422.0
2024-04-16 11:32:00,FX:EURJPY,164.18099999999998,164.21099999999998,164.161,164.21099999999998,445.0
2024-04-16 11:33:00,FX:EURJPY,164.21099999999998,164.22299999999998,164.197,164.197,344.0
2024-04-16 11:34:00,FX:EURJPY,164.197,164.21599999999998,164.194,164.20999999999998,362.0
2024-04-16 11:35:00,FX:EURJPY,164.20999999999998,164.231,164.208,164.22,373.0
2024-04-16 11:36:00,FX:EURJPY,164.22,164.23999999999998,164.219,164.238,288.0
2024-04-16 11:37:00,FX:EURJPY,164.238,164.242,164.207,164.207,282.0
2024-04-16 11:38:00,FX:EURJPY,164.207,164.232,164.20499999999998,164.206,309.0
2024-04-16 11:39:00,FX:EURJPY,164.206,164.209,164.167,164.16899999999998,317.0
2024-04-16 11:40:00,FX:EURJPY,164.16899999999998,164.22,164.16899999999998,164.21099999999998,352.0
2024-04-16 11:41:00,FX:EURJPY,164.21099999999998,164.22299999999998,164.18099999999998,164.221,323.0
2024-04-16 11:42:00,FX:EURJPY,164.221,164.237,164.219,164.219,215.0
2024-04-16 11:43:00,FX:EURJPY,164.219,164.242,164.21599999999998,164.24099999999999,353.0
2024-04-16 11:44:00,FX:EURJPY,164.24099999999999,164.251,164.22799999999998,164.24699999999999,376.0
2024-04-16 11:45:00,FX:EURJPY,164.24699999999999,164.25,164.226,164.233,421.0
2024-04-16 11:46:00,FX:EURJPY,164.233,164.253,164.22799999999998,164.249,409.0
2024-04-16 11:47:00,FX:EURJPY,164.249,164.26399999999998,164.237,164.25799999999998,289.0
2024-04-16 11:48:00,FX:EURJPY,164.25799999999998,164.279,164.23999999999998,164.26999999999998,388.0
2024-04-16 11:49:00,FX:EURJPY,164.26999999999998,164.272,164.255,164.272,263.0
2024-04-16 11:50:00,FX:EURJPY,164.272,164.302,164.267,164.302,279.0
2024-04-16 11:51:00,FX:EURJPY,164.302,164.302,164.28099999999998,164.283,310.0
2024-04-16 11:52:00,FX:EURJPY,164.283,164.31,164.28099999999998,164.30599999999998,247.0
2024-04-16 11:53:00,FX:EURJPY,164.30599999999998,164.31699999999998,164.29899999999998,164.307,304.0
2024-04-16 11:54:00,FX:EURJPY,164.307,164.31099999999998,164.277,164.301,323.0
2024-04-16 11:55:00,FX:EURJPY,164.301,164.315,164.298,164.31,340.0
2024-04-16 11:56:00,FX:EURJPY,164.31,164.321,164.302,164.302,346.0
2024-04-16 11:57:00,FX:EURJPY,164.302,164.31099999999998,164.28799999999998,164.302,345.0
2024-04-16 11:58:00,FX:EURJPY,164.302,164.302,164.27499999999998,164.28099999999998,322.0
2024-04-16 11:59:00,FX:EURJPY,164.28099999999998,164.286,164.267,164.279,262.0
2024-04-16 12:00:00,FX:EURJPY,164.279,164.28,164.215,164.22299999999998,447.0
2024-04-16 12:01:00,FX:EURJPY,164.22299999999998,164.254,164.218,164.244,466.0
2024-04-16 12:02:00,FX:EURJPY,164.244,164.24699999999999,164.225,164.237,378.0
2024-04-16 12:03:00,FX:EURJPY,164.237,164.257,164.226,164.237,461.0
2024-04-16 12:04:00,FX:EURJPY,164.237,164.23999999999998,164.218,164.227,331.0
2024-04-16 12:05:00,FX:EURJPY,164.227,164.227,164.20399999999998,164.22,339.0
2024-04-16 12:06:00,FX:EURJPY,164.22,164.255,164.213,164.251,388.0
2024-04-16 12:07:00,FX:EURJPY,164.251,164.262,164.244,164.255,290.0
2024-04-16 12:08:00,FX:EURJPY,164.255,164.28799999999998,164.25,164.28,335.0
2024-04-16 12:09:00,FX:EURJPY,164.28,164.297,164.271,164.286,267.0
2024-04-16 12:10:00,FX:EURJPY,164.286,164.29299999999998,164.26899999999998,164.28,302.0
2024-04-16 12:11:00,FX:EURJPY,164.28,164.28099999999998,164.25799999999998,164.272,326.0
2024-04-16 12:12:00,FX:EURJPY,164.272,164.27599999999998,164.24699999999999,164.254,256.0
2024-04-16 12:13:00,FX:EURJPY,164.254,164.28799999999998,164.248,164.27499999999998,293.0
2024-04-16 12:14:00,FX:EURJPY,164.27499999999998,164.286,164.26899999999998,164.286,264.0
2024-04-16 12:15:00,FX:EURJPY,164.286,164.289,164.268,164.27599999999998,264.0
2024-04-16 12:16:00,FX:EURJPY,164.27599999999998,164.278,164.226,164.244,437.0
2024-04-16 12:17:00,FX:EURJPY,164.244,164.24699999999999,164.212,164.22299999999998,318.0
2024-04-16 12:18:00,FX:EURJPY,164.22299999999998,164.22799999999998,164.21099999999998,164.214,321.0
2024-04-16 12:19:00,FX:EURJPY,164.214,164.23,164.19899999999998,164.22799999999998,490.0
2024-04-16 12:20:00,FX:EURJPY,164.22799999999998,164.24699999999999,164.21699999999998,164.244,444.0
2024-04-16 12:21:00,FX:EURJPY,164.244,164.253,164.23399999999998,164.253,345.0
2024-04-16 12:22:00,FX:EURJPY,164.253,164.253,164.219,164.219,305.0
2024-04-16 12:23:00,FX:EURJPY,164.219,164.237,164.218,164.22199999999998,269.0
2024-04-16 12:24:00,FX:EURJPY,164.22199999999998,164.23,164.20999999999998,164.227,290.0
2024-04-16 12:25:00,FX:EURJPY,164.227,164.268,164.219,164.268,277.0
2024-04-16 12:26:00,FX:EURJPY,164.268,164.27499999999998,164.256,164.273,359.0
2024-04-16 12:27:00,FX:EURJPY,164.273,164.27499999999998,164.261,164.26899999999998,267.0
2024-04-16 12:28:00,FX:EURJPY,164.26899999999998,164.283,164.25799999999998,164.278,323.0
2024-04-16 12:29:00,FX:EURJPY,164.278,164.278,164.256,164.26399999999998,358.0
2024-04-16 12:30:00,FX:EURJPY,164.26399999999998,164.296,164.26399999999998,164.26899999999998,378.0
2024-04-16 12:31:00,FX:EURJPY,164.26899999999998,164.279,164.26,164.262,280.0
2024-04-16 12:32:00,FX:EURJPY,164.262,164.273,164.251,164.254,235.0
2024-04-16 12:33:00,FX:EURJPY,164.254,164.259,164.219,164.22199999999998,256.0
2024-04-16 12:34:00,FX:EURJPY,164.22199999999998,164.24099999999999,164.215,164.226,318.0
2024-04-16 12:35:00,FX:EURJPY,164.226,164.233,164.214,164.226,324.0
2024-04-16 12:36:00,FX:EURJPY,164.226,164.231,164.208,164.21699999999998,388.0
2024-04-16 12:37:00,FX:EURJPY,164.21699999999998,164.226,164.2,164.202,338.0
2024-04-16 12:38:00,FX:EURJPY,164.202,164.218,164.196,164.214,245.0
2024-04-16 12:39:00,FX:EURJPY,164.214,164.22799999999998,164.209,164.21599999999998,267.0
2024-04-16 12:40:00,FX:EURJPY,164.21599999999998,164.218,164.19299999999998,164.203,325.0
2024-04-16 12:41:00,FX:EURJPY,164.203,164.226,164.196,164.215,285.0
2024-04-16 12:42:00,FX:EURJPY,164.215,164.219,164.19199999999998,164.203,359.0
2024-04-16 12:43:00,FX:EURJPY,164.203,164.22,164.201,164.21599999999998,309.0
2024-04-16 12:44:00,FX:EURJPY,164.21599999999998,164.232,164.21599999999998,164.226,323.0
2024-04-16 12:45:00,FX:EURJPY,164.226,164.22899999999998,164.208,164.218,297.0
2024-04-16 12:46:00,FX:EURJPY,164.218,164.22299999999998,164.20499999999998,164.212,300.0
2024-04-16 12:47:00,FX:EURJPY,164.212,164.231,164.208,164.231,250.0
2024-04-16 12:48:00,FX:EURJPY,164.231,164.277,164.231,164.27599999999998,334.0
2024-04-16 12:49:00,FX:EURJPY,164.27599999999998,164.286,164.268,164.283,215.0
2024-04-16 12:50:00,FX:EURJPY,164.283,164.304,164.262,164.298,289.0
2024-04-16 12:51:00,FX:EURJPY,164.298,164.29899999999998,164.286,164.286,283.0
2024-04-16 12:52:00,FX:EURJPY,164.286,164.29399999999998,164.277,164.279,245.0
2024-04-16 12:53:00,FX:EURJPY,164.279,164.29399999999998,164.26899999999998,164.26899999999998,250.0
2024-04-16 12:54:00,FX:EURJPY,164.26899999999998,164.271,164.23999999999998,164.24599999999998,205.0
2024-04-16 12:55:00,FX:EURJPY,164.24599999999998,164.271,164.24599999999998,164.261,197.0
2024-04-16 12:56:00,FX:EURJPY,164.261,164.261,164.23399999999998,164.243,334.0
2024-04-16 12:57:00,FX:EURJPY,164.243,164.24599999999998,164.18699999999998,164.20999999999998,331.0
2024-04-16 12:58:00,FX:EURJPY,164.20999999999998,164.219,164.20399999999998,164.214,436.0
2024-04-16 12:59:00,FX:EURJPY,164.214,164.245,164.214,164.242,378.0
2024-04-16 13:00:00,FX:EURJPY,164.242,164.25799999999998,164.22799999999998,164.232,326.0
2024-04-16 13:01:00,FX:EURJPY,164.232,164.243,164.224,164.22899999999998,352.0
2024-04-16 13:02:00,FX:EURJPY,164.22899999999998,164.23399999999998,164.209,164.231,302.0
2024-04-16 13:03:00,FX:EURJPY,164.231,164.249,164.21099999999998,164.232,299.0
2024-04-16 13:04:00,FX:EURJPY,164.232,164.242,164.214,164.226,243.0
2024-04-16 13:05:00,FX:EURJPY,164.226,164.22899999999998,164.209,164.22799999999998,279.0
2024-04-16 13:06:00,FX:EURJPY,164.22799999999998,164.245,164.22299999999998,164.244,240.0
2024-04-16 13:07:00,FX:EURJPY,164.244,164.28099999999998,164.244,164.268,240.0
2024-04-16 13:08:00,FX:EURJPY,164.268,164.285,164.265,164.277,275.0
2024-04-16 13:09:00,FX:EURJPY,164.277,164.283,164.274,164.277,242.0
2024-04-16 13:10:00,FX:EURJPY,164.277,164.278,164.256,164.273,313.0
2024-04-16 13:11:00,FX:EURJPY,164.273,164.284,164.271,164.277,198.0
2024-04-16 13:12:00,FX:EURJPY,164.277,164.277,164.244,164.25,203.0
2024-04-16 13:13:00,FX:EURJPY,164.25,164.274,164.25,164.25199999999998,200.0
2024-04-16 13:14:00,FX:EURJPY,164.25199999999998,164.26899999999998,164.251,164.254,238.0
2024-04-16 13:15:00,FX:EURJPY,164.254,164.266,164.25,164.256,223.0
2024-04-16 13:16:00,FX:EURJPY,164.256,164.277,164.253,164.277,181.0
2024-04-16 13:17:00,FX:EURJPY,164.277,164.28199999999998,164.25799999999998,164.273,172.0
2024-04-16 13:18:00,FX:EURJPY,164.273,164.284,164.267,164.27599999999998,131.0
2024-04-16 13:19:00,FX:EURJPY,164.27599999999998,164.289,164.267,164.28799999999998,140.0
2024-04-16 13:20:00,FX:EURJPY,164.28799999999998,164.28799999999998,164.265,164.26999999999998,203.0
2024-04-16 13:21:00,FX:EURJPY,164.26999999999998,164.279,164.265,164.272,266.0
2024-04-16 13:22:00,FX:EURJPY,164.272,164.273,164.249,164.25799999999998,240.0
2024-04-16 13:23:00,FX:EURJPY,164.25799999999998,164.274,164.256,164.262,223.0
2024-04-16 13:24:00,FX:EURJPY,164.262,164.27499999999998,164.253,164.274,129.0
2024-04-16 13:25:00,FX:EURJPY,164.274,164.27499999999998,164.243,164.24599999999998,206.0
2024-04-16 13:26:00,FX:EURJPY,164.24599999999998,164.26399999999998,164.243,164.262,167.0
2024-04-16 13:27:00,FX:EURJPY,164.262,164.268,164.249,164.26,237.0
2024-04-16 13:28:00,FX:EURJPY,164.26,164.27599999999998,164.256,164.27599999999998,210.0
2024-04-16 13:29:00,FX:EURJPY,164.27599999999998,164.28199999999998,164.213,164.227,512.0
2024-04-16 13:30:00,FX:EURJPY,164.227,164.239,164.087,164.088,1225.0
2024-04-16 13:31:00,FX:EURJPY,164.088,164.131,164.083,164.09799999999998,1144.0
2024-04-16 13:32:00,FX:EURJPY,164.09799999999998,164.123,164.087,164.1,1179.0
2024-04-16 13:33:00,FX:EURJPY,164.1,164.107,164.07899999999998,164.095,802.0
2024-04-16 13:34:00,FX:EURJPY,164.095,164.13299999999998,164.084,164.126,884.0
2024-04-16 13:35:00,FX:EURJPY,164.126,164.17,164.123,164.166,1151.0
2024-04-16 13:36:00,FX:EURJPY,164.166,164.182,164.147,164.148,1123.0
2024-04-16 13:37:00,FX:EURJPY,164.148,164.15599999999998,164.125,164.136,903.0
2024-04-16 13:38:00,FX:EURJPY,164.136,164.18699999999998,164.129,164.17999999999998,706.0
2024-04-16 13:39:00,FX:EURJPY,164.17999999999998,164.17999999999998,164.149,164.173,834.0
2024-04-16 13:40:00,FX:EURJPY,164.173,164.262,164.172,164.262,842.0
2024-04-16 13:41:00,FX:EURJPY,164.262,164.28199999999998,164.243,164.25,803.0
2024-04-16 13:42:00,FX:EURJPY,164.25,164.278,164.244,164.268,663.0
2024-04-16 13:43:00,FX:EURJPY,164.268,164.284,164.262,164.27499999999998,500.0
2024-04-16 13:44:00,FX:EURJPY,164.27499999999998,164.291,164.26299999999998,164.284,612.0
2024-04-16 13:45:00,FX:EURJPY,164.284,164.303,164.279,164.301,508.0
2024-04-16 13:46:00,FX:EURJPY,164.301,164.307,164.285,164.30499999999998,476.0
2024-04-16 13:47:00,FX:EURJPY,164.30499999999998,164.315,164.274,164.289,554.0
2024-04-16 13:48:00,FX:EURJPY,164.289,164.29299999999998,164.25799999999998,164.265,516.0
2024-04-16 13:49:00,FX:EURJPY,164.265,164.271,164.233,164.23499999999999,644.0
2024-04-16 13:50:00,FX:EURJPY,164.23499999999999,164.266,164.233,164.259,668.0
2024-04-16 13:51:00,FX:EURJPY,164.259,164.26399999999998,164.23999999999998,164.244,507.0
2024-04-16 13:52:00,FX:EURJPY,164.244,164.245,164.221,164.233,587.0
2024-04-16 13:53:00,FX:EURJPY,164.233,164.255,164.22799999999998,164.23399999999998,436.0
2024-04-16 13:54:00,FX:EURJPY,164.23399999999998,164.28799999999998,164.233,164.272,440.0
2024-04-16 13:55:00,FX:EURJPY,164.272,164.284,164.257,164.268,354.0
2024-04-16 13:56:00,FX:EURJPY,164.268,164.27499999999998,164.26399999999998,164.266,319.0
2024-04-16 13:57:00,FX:EURJPY,164.266,164.277,164.254,164.26999999999998,368.0
2024-04-16 13:58:00,FX:EURJPY,164.26999999999998,164.291,164.268,164.277,409.0
2024-04-16 13:59:00,FX:EURJPY,164.277,164.31099999999998,164.27499999999998,164.30599999999998,488.0
2024-04-16 14:00:00,FX:EURJPY,164.30599999999998,164.307,164.279,164.284,528.0
2024-04-16 14:01:00,FX:EURJPY,164.284,164.304,164.28099999999998,164.302,431.0
2024-04-16 14:02:00,FX:EURJPY,164.302,164.314,164.277,164.278,416.0
2024-04-16 14:03:00,FX:EURJPY,164.278,164.301,164.277,164.28799999999998,322.0
2024-04-16 14:04:00,FX:EURJPY,164.28799999999998,164.307,164.28199999999998,164.301,409.0
2024-04-16 14:05:00,FX:EURJPY,164.301,164.315,164.296,164.297,345.0
2024-04-16 14:06:00,FX:EURJPY,164.297,164.31699999999998,164.295,164.308,469.0
2024-04-16 14:07:00,FX:EURJPY,164.308,164.358,164.301,164.343,753.0
2024-04-16 14:08:00,FX:EURJPY,164.343,164.368,164.333,164.356,1043.0
2024-04-16 14:09:00,FX:EURJPY,164.356,164.40099999999998,164.355,164.39399999999998,804.0
2024-04-16 14:10:00,FX:EURJPY,164.39399999999998,164.39999999999998,164.381,164.38899999999998,656.0
2024-04-16 14:11:00,FX:EURJPY,164.38899999999998,164.405,164.38,164.398,682.0
2024-04-16 14:12:00,FX:EURJPY,164.398,164.402,164.375,164.385,714.0
2024-04-16 14:13:00,FX:EURJPY,164.385,164.385,164.322,164.334,684.0
2024-04-16 14:14:00,FX:EURJPY,164.334,164.34,164.29399999999998,164.302,525.0
2024-04-16 14:15:00,FX:EURJPY,164.302,164.307,164.26899999999998,164.277,748.0
2024-04-16 14:16:00,FX:EURJPY,164.277,164.303,164.273,164.298,684.0
2024-04-16 14:17:00,FX:EURJPY,164.298,164.30599999999998,164.284,164.284,673.0
2024-04-16 14:18:00,FX:EURJPY,164.284,164.297,164.271,164.27499999999998,507.0
2024-04-16 14:19:00,FX:EURJPY,164.27499999999998,164.28099999999998,164.268,164.26999999999998,375.0
2024-04-16 14:20:00,FX:EURJPY,164.26999999999998,164.28,164.253,164.25799999999998,523.0
2024-04-16 14:21:00,FX:EURJPY,164.25799999999998,164.26399999999998,164.21099999999998,164.232,573.0
2024-04-16 14:22:00,FX:EURJPY,164.232,164.24699999999999,164.226,164.245,568.0
2024-04-16 14:23:00,FX:EURJPY,164.245,164.251,164.227,164.237,541.0
2024-04-16 14:24:00,FX:EURJPY,164.237,164.239,164.21599999999998,164.22,496.0
2024-04-16 14:25:00,FX:EURJPY,164.22,164.266,164.22,164.265,732.0
2024-04-16 14:26:00,FX:EURJPY,164.265,164.27499999999998,164.26299999999998,164.272,580.0
2024-04-16 14:27:00,FX:EURJPY,164.272,164.277,164.244,164.257,553.0
2024-04-16 14:28:00,FX:EURJPY,164.257,164.261,164.225,164.243,505.0
2024-04-16 14:29:00,FX:EURJPY,164.243,164.24599999999998,164.23,164.23399999999998,450.0
2024-04-16 14:30:00,FX:EURJPY,164.23399999999998,164.27499999999998,164.23,164.268,592.0
2024-04-16 14:31:00,FX:EURJPY,164.268,164.283,164.261,164.272,549.0
2024-04-16 14:32:00,FX:EURJPY,164.272,164.289,164.272,164.28,410.0
2024-04-16 14:33:00,FX:EURJPY,164.28,164.28,164.253,164.274,467.0
2024-04-16 14:34:00,FX:EURJPY,164.274,164.344,164.274,164.34,564.0
2024-04-16 14:35:00,FX:EURJPY,164.34,164.37,164.332,164.34099999999998,653.0
2024-04-16 14:36:00,FX:EURJPY,164.34099999999998,164.35299999999998,164.326,164.35299999999998,540.0
2024-04-16 14:37:00,FX:EURJPY,164.35299999999998,164.361,164.32899999999998,164.337,510.0
2024-04-16 14:38:00,FX:EURJPY,164.337,164.358,164.333,164.35299999999998,356.0
2024-04-16 14:39:00,FX:EURJPY,164.35299999999998,164.355,164.339,164.34199999999998,293.0
2024-04-16 14:40:00,FX:EURJPY,164.34199999999998,164.352,164.326,164.32899999999998,325.0
2024-04-16 14:41:00,FX:EURJPY,164.32899999999998,164.34699999999998,164.32399999999998,164.344,261.0
2024-04-16 14:42:00,FX:EURJPY,164.344,164.368,164.34199999999998,164.346,342.0
2024-04-16 14:43:00,FX:EURJPY,164.346,164.363,164.346,164.34799999999998,336.0
2024-04-16 14:44:00,FX:EURJPY,164.34799999999998,164.35399999999998,164.338,164.344,319.0
2024-04-16 14:45:00,FX:EURJPY,164.344,164.345,164.319,164.319,287.0
2024-04-16 14:46:00,FX:EURJPY,164.319,164.343,164.31699999999998,164.326,233.0
2024-04-16 14:47:00,FX:EURJPY,164.326,164.357,164.326,164.352,233.0
2024-04-16 14:48:00,FX:EURJPY,164.352,164.363,164.345,164.346,219.0
2024-04-16 14:49:00,FX:EURJPY,164.346,164.34699999999998,164.326,164.344,285.0
2024-04-16 14:50:00,FX:EURJPY,164.344,164.37099999999998,164.332,164.367,396.0
2024-04-16 14:51:00,FX:EURJPY,164.367,164.381,164.364,164.37099999999998,506.0
2024-04-16 14:52:00,FX:EURJPY,164.37099999999998,164.404,164.37,164.397,309.0
2024-04-16 14:53:00,FX:EURJPY,164.397,164.415,164.38299999999998,164.40599999999998,378.0
2024-04-16 14:54:00,FX:EURJPY,164.40599999999998,164.417,164.402,164.404,392.0
2024-04-16 14:55:00,FX:EURJPY,164.404,164.408,164.38899999999998,164.391,484.0
2024-04-16 14:56:00,FX:EURJPY,164.391,164.404,164.384,164.39399999999998,243.0
2024-04-16 14:57:00,FX:EURJPY,164.39399999999998,164.415,164.38799999999998,164.41,310.0
2024-04-16 14:58:00,FX:EURJPY,164.41,164.426,164.405,164.40599999999998,374.0
2024-04-16 14:59:00,FX:EURJPY,164.40599999999998,164.41899999999998,164.399,164.405,503.0
2024-04-16 15:00:00,FX:EURJPY,164.405,164.415,164.38899999999998,164.393,473.0
2024-04-16 15:01:00,FX:EURJPY,164.393,164.41299999999998,164.39,164.409,472.0
2024-04-16 15:02:00,FX:EURJPY,164.409,164.422,164.409,164.41899999999998,310.0
2024-04-16 15:03:00,FX:EURJPY,164.41899999999998,164.42,164.40099999999998,164.404,225.0
2024-04-16 15:04:00,FX:EURJPY,164.404,164.40699999999998,164.393,164.396,279.0
2024-04-16 15:05:00,FX:EURJPY,164.396,164.40099999999998,164.384,164.39499999999998,433.0
2024-04-16 15:06:00,FX:EURJPY,164.39499999999998,164.40599999999998,164.38799999999998,164.405,329.0
2024-04-16 15:07:00,FX:EURJPY,164.405,164.408,164.39,164.40599999999998,312.0
2024-04-16 15:08:00,FX:EURJPY,164.40599999999998,164.40699999999998,164.392,164.397,310.0
2024-04-16 15:09:00,FX:EURJPY,164.397,164.404,164.38899999999998,164.399,286.0
2024-04-16 15:10:00,FX:EURJPY,164.399,164.40099999999998,164.369,164.37699999999998,278.0
2024-04-16 15:11:00,FX:EURJPY,164.37699999999998,164.384,164.368,164.374,306.0
2024-04-16 15:12:00,FX:EURJPY,164.374,164.39,164.37,164.37199999999999,225.0
2024-04-16 15:13:00,FX:EURJPY,164.37199999999999,164.376,164.368,164.373,163.0
2024-04-16 15:14:00,FX:EURJPY,164.373,164.379,164.369,164.37099999999998,136.0
2024-04-16 15:15:00,FX:EURJPY,164.37099999999998,164.376,164.367,164.37199999999999,154.0
2024-04-16 15:16:00,FX:EURJPY,164.37199999999999,164.374,164.344,164.346,174.0
2024-04-16 15:17:00,FX:EURJPY,164.346,164.358,164.34099999999998,164.346,218.0
2024-04-16 15:18:00,FX:EURJPY,164.346,164.357,164.345,164.355,170.0
2024-04-16 15:19:00,FX:EURJPY,164.355,164.363,164.34699999999998,164.363,197.0
2024-04-16 15:20:00,FX:EURJPY,164.363,164.363,164.343,164.343,164.0
2024-04-16 15:21:00,FX:EURJPY,164.343,164.35299999999998,164.343,164.34699999999998,196.0
2024-04-16 15:22:00,FX:EURJPY,164.34699999999998,164.351,164.34199999999998,164.346,129.0
2024-04-16 15:23:00,FX:EURJPY,164.346,164.363,164.34199999999998,164.358,215.0
2024-04-16 15:24:00,FX:EURJPY,164.358,164.364,164.355,164.35899999999998,148.0
2024-04-16 15:25:00,FX:EURJPY,164.35899999999998,164.362,164.355,164.361,173.0
2024-04-16 15:26:00,FX:EURJPY,164.361,164.36599999999999,164.356,164.362,143.0
2024-04-16 15:27:00,FX:EURJPY,164.362,164.369,164.361,164.368,128.0
2024-04-16 15:28:00,FX:EURJPY,164.368,164.37,164.35899999999998,164.363,137.0
2024-04-16 15:29:00,FX:EURJPY,164.363,164.373,164.363,164.37,133.0
2024-04-16 15:30:00,FX:EURJPY,164.37,164.37,164.349,164.352,170.0
2024-04-16 15:31:00,FX:EURJPY,164.352,164.356,164.346,164.351,185.0
2024-04-16 15:32:00,FX:EURJPY,164.351,164.352,164.332,164.334,163.0
2024-04-16 15:33:00,FX:EURJPY,164.334,164.33499999999998,164.309,164.31,218.0
2024-04-16 15:34:00,FX:EURJPY,164.31,164.314,164.278,164.28099999999998,390.0
2024-04-16 15:35:00,FX:EURJPY,164.28099999999998,164.28099999999998,164.251,164.273,513.0
2024-04-16 15:36:00,FX:EURJPY,164.273,164.278,164.256,164.259,293.0
2024-04-16 15:37:00,FX:EURJPY,164.259,164.26999999999998,164.253,164.267,236.0
2024-04-16 15:38:00,FX:EURJPY,164.267,164.28699999999998,164.266,164.286,294.0
2024-04-16 15:39:00,FX:EURJPY,164.286,164.295,164.28199999999998,164.283,343.0
2024-04-16 15:40:00,FX:EURJPY,164.283,164.29399999999998,164.28,164.285,218.0
2024-04-16 15:41:00,FX:EURJPY,164.285,164.28799999999998,164.274,164.279,210.0
2024-04-16 15:42:00,FX:EURJPY,164.279,164.285,164.26399999999998,164.267,253.0
2024-04-16 15:43:00,FX:EURJPY,164.267,164.277,164.26299999999998,164.27599999999998,176.0
2024-04-16 15:44:00,FX:EURJPY,164.27599999999998,164.29999999999998,164.27599999999998,164.296,242.0
2024-04-16 15:45:00,FX:EURJPY,164.296,164.316,164.29399999999998,164.30499999999998,184.0
2024-04-16 15:46:00,FX:EURJPY,164.30499999999998,164.31799999999998,164.295,164.313,234.0
2024-04-16 15:47:00,FX:EURJPY,164.313,164.313,164.28199999999998,164.285,227.0
2024-04-16 15:48:00,FX:EURJPY,164.285,164.307,164.28099999999998,164.304,209.0
2024-04-16 15:49:00,FX:EURJPY,164.304,164.313,164.303,164.31199999999998,146.0
2024-04-16 15:50:00,FX:EURJPY,164.31199999999998,164.314,164.301,164.304,246.0
2024-04-16 15:51:00,FX:EURJPY,164.304,164.313,164.29399999999998,164.29399999999998,162.0
2024-04-16 15:52:00,FX:EURJPY,164.29399999999998,164.29999999999998,164.289,164.295,130.0
2024-04-16 15:53:00,FX:EURJPY,164.295,164.295,164.278,164.279,202.0
2024-04-16 15:54:00,FX:EURJPY,164.279,164.28799999999998,164.278,164.285,236.0
2024-04-16 15:55:00,FX:EURJPY,164.285,164.295,164.266,164.267,208.0
2024-04-16 15:56:00,FX:EURJPY,164.267,164.267,164.238,164.254,248.0
2024-04-16 15:57:00,FX:EURJPY,164.254,164.261,164.236,164.243,276.0
2024-04-16 15:58:00,FX:EURJPY,164.243,164.244,164.226,164.231,301.0
2024-04-16 15:59:00,FX:EURJPY,164.231,164.248,164.22,164.24599999999998,371.0
2024-04-16 16:00:00,FX:EURJPY,164.24599999999998,164.28,164.242,164.253,366.0
2024-04-16 16:01:00,FX:EURJPY,164.253,164.28099999999998,164.249,164.268,212.0
2024-04-16 16:02:00,FX:EURJPY,164.268,164.272,164.25799999999998,164.26899999999998,181.0
2024-04-16 16:03:00,FX:EURJPY,164.26899999999998,164.271,164.26899999999998,164.26999999999998,59.0
2024-04-16 16:04:00,FX:EURJPY,164.26999999999998,164.272,164.25199999999998,164.253,119.0
2024-04-16 16:05:00,FX:EURJPY,164.253,164.255,164.24699999999999,164.253,119.0
2024-04-16 16:06:00,FX:EURJPY,164.253,164.255,164.239,164.24099999999999,104.0
2024-04-16 16:07:00,FX:EURJPY,164.24099999999999,164.262,164.24099999999999,164.256,101.0
2024-04-16 16:08:00,FX:EURJPY,164.256,164.257,164.25,164.25199999999998,103.0
2024-04-16 16:09:00,FX:EURJPY,164.25199999999998,164.257,164.248,164.257,66.0
2024-04-16 16:10:00,FX:EURJPY,164.257,164.265,164.25,164.26,150.0
2024-04-16 16:11:00,FX:EURJPY,164.26,164.261,164.254,164.255,63.0
2024-04-16 16:12:00,FX:EURJPY,164.255,164.26,164.254,164.25799999999998,70.0
2024-04-16 16:13:00,FX:EURJPY,164.25799999999998,164.266,164.25799999999998,164.261,192.0
2024-04-16 16:14:00,FX:EURJPY,164.261,164.266,164.26,164.26299999999998,75.0
2024-04-16 16:15:00,FX:EURJPY,164.26299999999998,164.26299999999998,164.254,164.257,68.0
2024-04-16 16:16:00,FX:EURJPY,164.257,164.261,164.256,164.257,74.0
2024-04-16 16:17:00,FX:EURJPY,164.257,164.257,164.249,164.25,60.0
2024-04-16 16:18:00,FX:EURJPY,164.25,164.253,164.248,164.248,68.0
2024-04-16 16:19:00,FX:EURJPY,164.248,164.25,164.24699999999999,164.248,59.0
2024-04-16 16:20:00,FX:EURJPY,164.248,164.248,164.236,164.238,65.0
2024-04-16 16:21:00,FX:EURJPY,164.238,164.243,164.236,164.23999999999998,77.0
2024-04-16 16:22:00,FX:EURJPY,164.23999999999998,164.245,164.236,164.24099999999999,81.0
2024-04-16 16:23:00,FX:EURJPY,164.24099999999999,164.24099999999999,164.237,164.237,29.0
2024-04-16 16:24:00,FX:EURJPY,164.237,164.249,164.237,164.24599999999998,96.0
2024-04-16 16:25:00,FX:EURJPY,164.24599999999998,164.24699999999999,164.23399999999998,164.236,107.0
2024-04-16 16:26:00,FX:EURJPY,164.236,164.238,164.23499999999999,164.23499999999999,64.0
2024-04-16 16:27:00,FX:EURJPY,164.23499999999999,164.237,164.233,164.23399999999998,51.0
2024-04-16 16:28:00,FX:EURJPY,164.23399999999998,164.23399999999998,164.214,164.218,140.0
2024-04-16 16:29:00,FX:EURJPY,164.218,164.226,164.209,164.226,152.0
2024-04-16 16:30:00,FX:EURJPY,164.226,164.236,164.224,164.23399999999998,128.0
2024-04-16 16:31:00,FX:EURJPY,164.23399999999998,164.23499999999999,164.23,164.233,91.0
2024-04-16 16:32:00,FX:EURJPY,164.233,164.236,164.231,164.23399999999998,49.0
2024-04-16 16:33:00,FX:EURJPY,164.23399999999998,164.23499999999999,164.226,164.231,83.0
2024-04-16 16:34:00,FX:EURJPY,164.231,164.249,164.226,164.248,78.0
2024-04-16 16:35:00,FX:EURJPY,164.248,164.26,164.245,164.256,65.0
2024-04-16 16:36:00,FX:EURJPY,164.256,164.25799999999998,164.24599999999998,164.24599999999998,54.0
2024-04-16 16:37:00,FX:EURJPY,164.24599999999998,164.257,164.242,164.257,61.0
2024-04-16 16:38:00,FX:EURJPY,164.257,164.273,164.254,164.26899999999998,107.0
2024-04-16 16:39:00,FX:EURJPY,164.26899999999998,164.26899999999998,164.26299999999998,164.266,77.0
2024-04-16 16:40:00,FX:EURJPY,164.266,164.268,164.251,164.26,100.0
2024-04-16 16:41:00,FX:EURJPY,164.26,164.26999999999998,164.26,164.266,82.0
2024-04-16 16:42:00,FX:EURJPY,164.266,164.266,164.256,164.256,62.0
2024-04-16 16:43:00,FX:EURJPY,164.256,164.262,164.254,164.257,65.0
2024-04-16 16:44:00,FX:EURJPY,164.257,164.26399999999998,164.255,164.259,72.0
2024-04-16 16:45:00,FX:EURJPY,164.259,164.26299999999998,164.253,164.262,63.0
2024-04-16 16:46:00,FX:EURJPY,164.262,164.26899999999998,164.25199999999998,164.259,84.0
2024-04-16 16:47:00,FX:EURJPY,164.259,164.27499999999998,164.259,164.27499999999998,95.0
2024-04-16 16:48:00,FX:EURJPY,164.27499999999998,164.278,164.268,164.277,146.0
2024-04-16 16:49:00,FX:EURJPY,164.277,164.278,164.27599999999998,164.27599999999998,41.0
2024-04-16 16:50:00,FX:EURJPY,164.27599999999998,164.278,164.273,164.277,67.0
2024-04-16 16:51:00,FX:EURJPY,164.277,164.279,164.26999999999998,164.273,96.0
2024-04-16 16:52:00,FX:EURJPY,164.273,164.28099999999998,164.267,164.268,104.0
2024-04-16 16:53:00,FX:EURJPY,164.268,164.295,164.266,164.29399999999998,104.0
2024-04-16 16:54:00,FX:EURJPY,164.29399999999998,164.296,164.278,164.28199999999998,141.0
2024-04-16 16:55:00,FX:EURJPY,164.28199999999998,164.297,164.278,164.292,135.0
2024-04-16 16:56:00,FX:EURJPY,164.292,164.319,164.286,164.297,122.0
2024-04-16 16:57:00,FX:EURJPY,164.297,164.30599999999998,164.297,164.303,60.0
2024-04-16 16:58:00,FX:EURJPY,164.303,164.314,164.29,164.297,173.0
2024-04-16 16:59:00,FX:EURJPY,164.297,164.298,164.27499999999998,164.27499999999998,84.0
2024-04-16 17:00:00,FX:EURJPY,164.27499999999998,164.27499999999998,164.189,164.189,3.0
2024-04-16 17:02:00,FX:EURJPY,164.189,164.191,164.189,164.191,1.0
2024-04-16 17:03:00,FX:EURJPY,164.191,164.254,164.191,164.254,2.0
2024-04-16 17:04:00,FX:EURJPY,164.254,164.254,164.25199999999998,164.253,5.0
2024-04-16 17:05:00,FX:EURJPY,164.253,164.26299999999998,164.225,164.22799999999998,44.0
2024-04-16 17:06:00,FX:EURJPY,164.22799999999998,164.22799999999998,164.19799999999998,164.219,58.0
2024-04-16 17:07:00,FX:EURJPY,164.219,164.22199999999998,164.219,164.221,5.0
2024-04-16 17:08:00,FX:EURJPY,164.221,164.22299999999998,164.21699999999998,164.22299999999998,10.0
2024-04-16 17:09:00,FX:EURJPY,164.22299999999998,164.22299999999998,164.22199999999998,164.22199999999998,1.0
2024-04-16 17:10:00,FX:EURJPY,164.22199999999998,164.237,164.208,164.218,24.0
2024-04-16 17:11:00,FX:EURJPY,164.218,164.218,164.196,164.196,15.0
2024-04-16 17:12:00,FX:EURJPY,164.196,164.22,164.16899999999998,164.184,71.0
2024-04-16 17:13:00,FX:EURJPY,164.184,164.189,164.16299999999998,164.17,63.0
2024-04-16 17:14:00,FX:EURJPY,164.17,164.286,164.159,164.25799999999998,69.0
2024-04-16 17:15:00,FX:EURJPY,164.25799999999998,164.27499999999998,164.17399999999998,164.244,133.0
2024-04-16 17:16:00,FX:EURJPY,164.244,164.26399999999998,164.177,164.22,136.0
2024-04-16 17:17:00,FX:EURJPY,164.22,164.242,164.194,164.227,127.0
2024-04-16 17:18:00,FX:EURJPY,164.227,164.227,164.18599999999998,164.19799999999998,87.0
2024-04-16 17:19:00,FX:EURJPY,164.19799999999998,164.203,164.19299999999998,164.2,21.0
2024-04-16 17:20:00,FX:EURJPY,164.2,164.23,164.197,164.227,51.0
2024-04-16 17:21:00,FX:EURJPY,164.227,164.231,164.21599999999998,164.21599999999998,31.0
2024-04-16 17:22:00,FX:EURJPY,164.21599999999998,164.23399999999998,164.212,164.218,34.0
2024-04-16 17:23:00,FX:EURJPY,164.218,164.239,164.213,164.238,63.0
2024-04-16 17:24:00,FX:EURJPY,164.238,164.23999999999998,164.22299999999998,164.236,45.0
2024-04-16 17:25:00,FX:EURJPY,164.236,164.23999999999998,164.22299999999998,164.227,157.0
2024-04-16 17:26:00,FX:EURJPY,164.227,164.236,164.221,164.22199999999998,47.0
2024-04-16 17:27:00,FX:EURJPY,164.22199999999998,164.22199999999998,164.206,164.21099999999998,22.0
2024-04-16 17:28:00,FX:EURJPY,164.21099999999998,164.214,164.208,164.212,34.0
2024-04-16 17:29:00,FX:EURJPY,164.212,164.212,164.203,164.212,14.0
2024-04-16 17:30:00,FX:EURJPY,164.212,164.24099999999999,164.212,164.212,57.0
2024-04-16 17:31:00,FX:EURJPY,164.212,164.212,164.209,164.212,27.0
2024-04-16 17:32:00,FX:EURJPY,164.212,164.215,164.208,164.212,68.0
2024-04-16 17:33:00,FX:EURJPY,164.212,164.255,164.212,164.231,88.0
2024-04-16 17:34:00,FX:EURJPY,164.231,164.232,164.22199999999998,164.22199999999998,35.0
2024-04-16 17:35:00,FX:EURJPY,164.22199999999998,164.22199999999998,164.203,164.206,51.0
2024-04-16 17:36:00,FX:EURJPY,164.206,164.206,164.191,164.194,113.0
2024-04-16 17:37:00,FX:EURJPY,164.194,164.261,164.17499999999998,164.232,312.0
2024-04-16 17:38:00,FX:EURJPY,164.232,164.232,164.21699999999998,164.21699999999998,45.0
2024-04-16 17:39:00,FX:EURJPY,164.21699999999998,164.227,164.21699999999998,164.227,36.0
2024-04-16 17:40:00,FX:EURJPY,164.227,164.24099999999999,164.18699999999998,164.197,200.0
2024-04-16 17:41:00,FX:EURJPY,164.197,164.203,164.17399999999998,164.17999999999998,154.0
2024-04-16 17:42:00,FX:EURJPY,164.17999999999998,164.21099999999998,164.179,164.207,140.0
2024-04-16 17:43:00,FX:EURJPY,164.207,164.207,164.19899999999998,164.201,117.0
2024-04-16 17:44:00,FX:EURJPY,164.201,164.20999999999998,164.201,164.201,129.0
2024-04-16 17:45:00,FX:EURJPY,164.201,164.207,164.201,164.207,86.0
2024-04-16 17:46:00,FX:EURJPY,164.207,164.214,164.207,164.20999999999998,143.0
2024-04-16 17:47:00,FX:EURJPY,164.20999999999998,164.238,164.18699999999998,164.194,183.0
2024-04-16 17:48:00,FX:EURJPY,164.194,164.22799999999998,164.19199999999998,164.207,178.0
2024-04-16 17:49:00,FX:EURJPY,164.207,164.22199999999998,164.20499999999998,164.21699999999998,146.0
2024-04-16 17:50:00,FX:EURJPY,164.21699999999998,164.22199999999998,164.20499999999998,164.213,111.0
2024-04-16 17:51:00,FX:EURJPY,164.213,164.255,164.203,164.219,200.0
2024-04-16 17:52:00,FX:EURJPY,164.219,164.232,164.206,164.212,161.0
2024-04-16 17:53:00,FX:EURJPY,164.212,164.224,164.19899999999998,164.21699999999998,173.0
2024-04-16 17:54:00,FX:EURJPY,164.21699999999998,164.224,164.18699999999998,164.195,228.0
2024-04-16 17:55:00,FX:EURJPY,164.195,164.202,164.185,164.202,120.0
2024-04-16 17:56:00,FX:EURJPY,164.202,164.219,164.191,164.191,203.0
2024-04-16 17:57:00,FX:EURJPY,164.191,164.21699999999998,164.165,164.196,312.0
2024-04-16 17:58:00,FX:EURJPY,164.196,164.19799999999998,164.16,164.177,147.0
2024-04-16 17:59:00,FX:EURJPY,164.177,164.19899999999998,164.177,164.19299999999998,193.0
2024-04-16 18:00:00,FX:EURJPY,164.19299999999998,164.261,164.19299999999998,164.22299999999998,202.0
2024-04-16 18:01:00,FX:EURJPY,164.22299999999998,164.22899999999998,164.2,164.21099999999998,149.0
2024-04-16 18:02:00,FX:EURJPY,164.21099999999998,164.21599999999998,164.2,164.213,113.0
2024-04-16 18:03:00,FX:EURJPY,164.213,164.21699999999998,164.202,164.203,27.0
2024-04-16 18:04:00,FX:EURJPY,164.203,164.207,164.18699999999998,164.19,70.0
2024-04-16 18:05:00,FX:EURJPY,164.19,164.20499999999998,164.189,164.20399999999998,79.0
2024-04-16 18:06:00,FX:EURJPY,164.20399999999998,164.208,164.19899999999998,164.202,84.0
2024-04-16 18:07:00,FX:EURJPY,164.202,164.243,164.202,164.23999999999998,99.0
2024-04-16 18:08:00,FX:EURJPY,164.23999999999998,164.243,164.226,164.22799999999998,68.0
2024-04-16 18:09:00,FX:EURJPY,164.22799999999998,164.22799999999998,164.208,164.22,45.0
2024-04-16 18:10:00,FX:EURJPY,164.22,164.221,164.202,164.21099999999998,53.0
2024-04-16 18:11:00,FX:EURJPY,164.21099999999998,164.212,164.182,164.185,75.0
2024-04-16 18:12:00,FX:EURJPY,164.185,164.20399999999998,164.185,164.2,30.0
2024-04-16 18:13:00,FX:EURJPY,164.2,164.214,164.196,164.209,92.0
2024-04-16 18:14:00,FX:EURJPY,164.209,164.238,164.209,164.232,70.0
2024-04-16 18:15:00,FX:EURJPY,164.232,164.23399999999998,164.202,164.202,41.0
2024-04-16 18:16:00,FX:EURJPY,164.202,164.20499999999998,164.195,164.197,41.0
2024-04-16 18:17:00,FX:EURJPY,164.197,164.209,164.197,164.207,81.0
2024-04-16 18:18:00,FX:EURJPY,164.207,164.207,164.202,164.20399999999998,15.0
2024-04-16 18:19:00,FX:EURJPY,164.20399999999998,164.20499999999998,164.20399999999998,164.20499999999998,7.0
2024-04-16 18:20:00,FX:EURJPY,164.20499999999998,164.213,164.20399999999998,164.207,28.0
2024-04-16 18:21:00,FX:EURJPY,164.207,164.212,164.2,164.212,61.0
2024-04-16 18:22:00,FX:EURJPY,164.212,164.21699999999998,164.208,164.212,44.0
2024-04-16 18:23:00,FX:EURJPY,164.212,164.224,164.21099999999998,164.224,60.0
2024-04-16 18:24:00,FX:EURJPY,164.224,164.231,164.221,164.22899999999998,64.0
2024-04-16 18:25:00,FX:EURJPY,164.22899999999998,164.233,164.225,164.233,66.0
2024-04-16 18:26:00,FX:EURJPY,164.233,164.23499999999999,164.22899999999998,164.23,67.0
2024-04-16 18:27:00,FX:EURJPY,164.23,164.233,164.22299999999998,164.22299999999998,64.0
2024-04-16 18:28:00,FX:EURJPY,164.22299999999998,164.225,164.22299999999998,164.224,20.0
2024-04-16 18:29:00,FX:EURJPY,164.224,164.22799999999998,164.224,164.22799999999998,26.0
2024-04-16 18:30:00,FX:EURJPY,164.22799999999998,164.242,164.22799999999998,164.239,87.0
2024-04-16 18:31:00,FX:EURJPY,164.239,164.25199999999998,164.239,164.24699999999999,62.0
2024-04-16 18:32:00,FX:EURJPY,164.24699999999999,164.251,164.24599999999998,164.249,25.0
2024-04-16 18:33:00,FX:EURJPY,164.249,164.255,164.249,164.253,26.0
2024-04-16 18:34:00,FX:EURJPY,164.253,164.253,164.249,164.25,45.0
2024-04-16 18:35:00,FX:EURJPY,164.25,164.253,164.25,164.253,16.0
2024-04-16 18:36:00,FX:EURJPY,164.253,164.254,164.23499999999999,164.23499999999999,62.0
2024-04-16 18:37:00,FX:EURJPY,164.23499999999999,164.239,164.225,164.226,43.0
2024-04-16 18:38:00,FX:EURJPY,164.226,164.23,164.22299999999998,164.23,36.0
2024-04-16 18:39:00,FX:EURJPY,164.23,164.23,164.225,164.225,31.0
2024-04-16 18:40:00,FX:EURJPY,164.225,164.23499999999999,164.224,164.233,31.0
2024-04-16 18:41:00,FX:EURJPY,164.233,164.239,164.22899999999998,164.22899999999998,33.0
2024-04-16 18:42:00,FX:EURJPY,164.22899999999998,164.233,164.22,164.233,51.0
2024-04-16 18:43:00,FX:EURJPY,164.233,164.23499999999999,164.22899999999998,164.232,22.0
2024-04-16 18:44:00,FX:EURJPY,164.232,164.233,164.226,164.226,27.0
2024-04-16 18:45:00,FX:EURJPY,164.226,164.226,164.2,164.20999999999998,158.0
2024-04-16 18:46:00,FX:EURJPY,164.20999999999998,164.236,164.206,164.23399999999998,126.0
2024-04-16 18:47:00,FX:EURJPY,164.23399999999998,164.242,164.23,164.236,94.0
2024-04-16 18:48:00,FX:EURJPY,164.236,164.255,164.231,164.254,121.0
2024-04-16 18:49:00,FX:EURJPY,164.254,164.261,164.24699999999999,164.26,74.0
2024-04-16 18:50:00,FX:EURJPY,164.26,164.266,164.26,164.261,44.0
2024-04-16 18:51:00,FX:EURJPY,164.261,164.272,164.259,164.26899999999998,70.0
2024-04-16 18:52:00,FX:EURJPY,164.26899999999998,164.26899999999998,164.259,164.259,46.0
2024-04-16 18:53:00,FX:EURJPY,164.259,164.26399999999998,164.259,164.259,33.0
2024-04-16 18:54:00,FX:EURJPY,164.259,164.26,164.248,164.254,77.0
2024-04-16 18:55:00,FX:EURJPY,164.254,164.259,164.25199999999998,164.259,67.0
2024-04-16 18:56:00,FX:EURJPY,164.259,164.26399999999998,164.251,164.251,67.0
2024-04-16 18:57:00,FX:EURJPY,164.251,164.259,164.251,164.259,35.0
2024-04-16 18:58:00,FX:EURJPY,164.259,164.268,164.25799999999998,164.266,19.0
2024-04-16 18:59:00,FX:EURJPY,164.266,164.268,164.265,164.267,11.0
2024-04-16 19:00:00,FX:EURJPY,164.267,164.267,164.25199999999998,164.259,72.0
2024-04-16 19:01:00,FX:EURJPY,164.259,164.26299999999998,164.255,164.261,76.0
2024-04-16 19:02:00,FX:EURJPY,164.261,164.27499999999998,164.25799999999998,164.26999999999998,51.0
2024-04-16 19:03:00,FX:EURJPY,164.26999999999998,164.272,164.26999999999998,164.271,10.0
2024-04-16 19:04:00,FX:EURJPY,164.271,164.283,164.271,164.28199999999998,112.0
2024-04-16 19:05:00,FX:EURJPY,164.28199999999998,164.285,164.27599999999998,164.278,56.0
2024-04-16 19:06:00,FX:EURJPY,164.278,164.28799999999998,164.273,164.274,71.0
2024-04-16 19:07:00,FX:EURJPY,164.274,164.279,164.274,164.279,43.0
2024-04-16 19:08:00,FX:EURJPY,164.279,164.289,164.279,164.289,24.0
2024-04-16 19:09:00,FX:EURJPY,164.289,164.296,164.286,164.296,33.0
2024-04-16 19:10:00,FX:EURJPY,164.296,164.30499999999998,164.29299999999998,164.297,80.0
2024-04-16 19:11:00,FX:EURJPY,164.297,164.325,164.297,164.307,107.0
2024-04-16 19:12:00,FX:EURJPY,164.307,164.314,164.30499999999998,164.31,72.0
2024-04-16 19:13:00,FX:EURJPY,164.31,164.32,164.308,164.313,85.0
2024-04-16 19:14:00,FX:EURJPY,164.313,164.32399999999998,164.31099999999998,164.31699999999998,103.0
2024-04-16 19:15:00,FX:EURJPY,164.31699999999998,164.33599999999998,164.31699999999998,164.333,81.0
2024-04-16 19:16:00,FX:EURJPY,164.333,164.33599999999998,164.32899999999998,164.33599999999998,66.0
2024-04-16 19:17:00,FX:EURJPY,164.33599999999998,164.34799999999998,164.33499999999998,164.34699999999998,105.0
2024-04-16 19:18:00,FX:EURJPY,164.34699999999998,164.35,164.34699999999998,164.34799999999998,75.0
2024-04-16 19:19:00,FX:EURJPY,164.34799999999998,164.35,164.34099999999998,164.343,105.0
2024-04-16 19:20:00,FX:EURJPY,164.343,164.34799999999998,164.34099999999998,164.345,118.0
2024-04-16 19:21:00,FX:EURJPY,164.345,164.355,164.344,164.34799999999998,74.0
2024-04-16 19:22:00,FX:EURJPY,164.34799999999998,164.35,164.338,164.34,46.0
2024-04-16 19:23:00,FX:EURJPY,164.34,164.34199999999998,164.334,164.33599999999998,82.0
2024-04-16 19:24:00,FX:EURJPY,164.33599999999998,164.346,164.33599999999998,164.343,59.0
2024-04-16 19:25:00,FX:EURJPY,164.343,164.346,164.332,164.332,103.0
2024-04-16 19:26:00,FX:EURJPY,164.332,164.337,164.328,164.333,59.0
2024-04-16 19:27:00,FX:EURJPY,164.333,164.343,164.333,164.337,96.0
2024-04-16 19:28:00,FX:EURJPY,164.337,164.34699999999998,164.332,164.337,101.0
2024-04-16 19:29:00,FX:EURJPY,164.337,164.35,164.333,164.349,109.0
2024-04-16 19:30:00,FX:EURJPY,164.349,164.355,164.34199999999998,164.343,99.0
2024-04-16 19:31:00,FX:EURJPY,164.343,164.345,164.319,164.321,132.0
2024-04-16 19:32:00,FX:EURJPY,164.321,164.321,164.29999999999998,164.309,115.0
2024-04-16 19:33:00,FX:EURJPY,164.309,164.334,164.309,164.325,154.0
2024-04-16 19:34:00,FX:EURJPY,164.325,164.33599999999998,164.32399999999998,164.33499999999998,71.0
2024-04-16 19:35:00,FX:EURJPY,164.33499999999998,164.33499999999998,164.326,164.331,101.0
2024-04-16 19:36:00,FX:EURJPY,164.331,164.345,164.331,164.34,135.0
2024-04-16 19:37:00,FX:EURJPY,164.34,164.345,164.327,164.328,113.0
2024-04-16 19:38:00,FX:EURJPY,164.328,164.333,164.316,164.316,128.0
2024-04-16 19:39:00,FX:EURJPY,164.316,164.31699999999998,164.316,164.316,46.0
2024-04-16 19:40:00,FX:EURJPY,164.316,164.319,164.31,164.31799999999998,75.0
2024-04-16 19:41:00,FX:EURJPY,164.31799999999998,164.32899999999998,164.31799999999998,164.326,125.0
2024-04-16 19:42:00,FX:EURJPY,164.326,164.33499999999998,164.319,164.32999999999998,170.0
2024-04-16 19:43:00,FX:EURJPY,164.32999999999998,164.34799999999998,164.328,164.34099999999998,123.0
2024-04-16 19:44:00,FX:EURJPY,164.34099999999998,164.349,164.337,164.34,156.0
2024-04-16 19:45:00,FX:EURJPY,164.34,164.34099999999998,164.32,164.326,165.0
2024-04-16 19:46:00,FX:EURJPY,164.326,164.33599999999998,164.326,164.333,132.0
2024-04-16 19:47:00,FX:EURJPY,164.333,164.333,164.302,164.303,113.0
2024-04-16 19:48:00,FX:EURJPY,164.303,164.308,164.297,164.30499999999998,127.0
2024-04-16 19:49:00,FX:EURJPY,164.30499999999998,164.30499999999998,164.29,164.296,105.0
2024-04-16 19:50:00,FX:EURJPY,164.296,164.29999999999998,164.28699999999998,164.28799999999998,86.0
2024-04-16 19:51:00,FX:EURJPY,164.28799999999998,164.295,164.278,164.291,90.0
2024-04-16 19:52:00,FX:EURJPY,164.291,164.301,164.29,164.296,143.0
2024-04-16 19:53:00,FX:EURJPY,164.296,164.29899999999998,164.27599999999998,164.278,227.0
2024-04-16 19:54:00,FX:EURJPY,164.278,164.28799999999998,164.26999999999998,164.285,196.0
2024-04-16 19:55:00,FX:EURJPY,164.285,164.285,164.27599999999998,164.28199999999998,159.0
2024-04-16 19:56:00,FX:EURJPY,164.28199999999998,164.286,164.278,164.283,145.0
2024-04-16 19:57:00,FX:EURJPY,164.283,164.31,164.28,164.307,162.0
2024-04-16 19:58:00,FX:EURJPY,164.307,164.308,164.29899999999998,164.307,102.0
2024-04-16 19:59:00,FX:EURJPY,164.307,164.31799999999998,164.29899999999998,164.304,202.0
2024-04-16 20:00:00,FX:EURJPY,164.304,164.31199999999998,164.295,164.31,381.0
2024-04-16 20:01:00,FX:EURJPY,164.31,164.314,164.28099999999998,164.284,296.0
2024-04-16 20:02:00,FX:EURJPY,164.284,164.29999999999998,164.28,164.28099999999998,295.0
2024-04-16 20:03:00,FX:EURJPY,164.28099999999998,164.285,164.268,164.271,259.0
2024-04-16 20:04:00,FX:EURJPY,164.271,164.277,164.25,164.254,237.0
2024-04-16 20:05:00,FX:EURJPY,164.254,164.255,164.22799999999998,164.231,224.0
2024-04-16 20:06:00,FX:EURJPY,164.231,164.232,164.209,164.22199999999998,190.0
2024-04-16 20:07:00,FX:EURJPY,164.22199999999998,164.24599999999998,164.22199999999998,164.231,197.0
2024-04-16 20:08:00,FX:EURJPY,164.231,164.233,164.213,164.226,187.0
2024-04-16 20:09:00,FX:EURJPY,164.226,164.24699999999999,164.224,164.24599999999998,204.0
2024-04-16 20:10:00,FX:EURJPY,164.24599999999998,164.255,164.242,164.25199999999998,171.0
2024-04-16 20:11:00,FX:EURJPY,164.25199999999998,164.255,164.21599999999998,164.219,188.0
2024-04-16 20:12:00,FX:EURJPY,164.219,164.22799999999998,164.21599999999998,164.21599999999998,129.0
2024-04-16 20:13:00,FX:EURJPY,164.21599999999998,164.226,164.20399999999998,164.225,194.0
2024-04-16 20:14:00,FX:EURJPY,164.225,164.22899999999998,164.214,164.21599999999998,143.0
2024-04-16 20:15:00,FX:EURJPY,164.21599999999998,164.23399999999998,164.212,164.22799999999998,143.0
2024-04-16 20:16:00,FX:EURJPY,164.22799999999998,164.245,164.22199999999998,164.243,184.0
2024-04-16 20:17:00,FX:EURJPY,164.243,164.255,164.242,164.248,120.0
2024-04-16 20:18:00,FX:EURJPY,164.248,164.253,164.237,164.237,140.0
2024-04-16 20:19:00,FX:EURJPY,164.237,164.249,164.23399999999998,164.248,142.0
2024-04-16 20:20:00,FX:EURJPY,164.248,164.254,164.242,164.253,103.0
2024-04-16 20:21:00,FX:EURJPY,164.253,164.268,164.251,164.259,235.0
2024-04-16 20:22:00,FX:EURJPY,164.259,164.272,164.25,164.268,199.0
2024-04-16 20:23:00,FX:EURJPY,164.268,164.268,164.24699999999999,164.253,250.0
2024-04-16 20:24:00,FX:EURJPY,164.253,164.255,164.23999999999998,164.242,183.0
2024-04-16 20:25:00,FX:EURJPY,164.242,164.278,164.238,164.278,215.0
2024-04-16 20:26:00,FX:EURJPY,164.278,164.28699999999998,164.272,164.272,162.0
2024-04-16 20:27:00,FX:EURJPY,164.272,164.272,164.26299999999998,164.26899999999998,88.0
2024-04-16 20:28:00,FX:EURJPY,164.26899999999998,164.272,164.259,164.266,104.0
2024-04-16 20:29:00,FX:EURJPY,164.266,164.27499999999998,164.26,164.267,133.0
2024-04-16 20:30:00,FX:EURJPY,164.267,164.26999999999998,164.261,164.266,103.0
2024-04-16 20:31:00,FX:EURJPY,164.266,164.27499999999998,164.253,164.26899999999998,217.0
2024-04-16 20:32:00,FX:EURJPY,164.26899999999998,164.26899999999998,164.253,164.253,162.0
2024-04-16 20:33:00,FX:EURJPY,164.253,164.254,164.236,164.244,183.0
2024-04-16 20:34:00,FX:EURJPY,164.244,164.253,164.243,164.249,145.0
2024-04-16 20:35:00,FX:EURJPY,164.249,164.255,164.24699999999999,164.254,117.0
2024-04-16 20:36:00,FX:EURJPY,164.254,164.25799999999998,164.243,164.245,106.0
2024-04-16 20:37:00,FX:EURJPY,164.245,164.25799999999998,164.243,164.25,112.0
2024-04-16 20:38:00,FX:EURJPY,164.25,164.253,164.231,164.237,118.0
2024-04-16 20:39:00,FX:EURJPY,164.237,164.26,164.237,164.259,146.0
2024-04-16 20:40:00,FX:EURJPY,164.259,164.259,164.243,164.25199999999998,139.0
2024-04-16 20:41:00,FX:EURJPY,164.25199999999998,164.26399999999998,164.24699999999999,164.26,129.0
2024-04-16 20:42:00,FX:EURJPY,164.26,164.265,164.23999999999998,164.24099999999999,120.0
2024-04-16 20:43:00,FX:EURJPY,164.24099999999999,164.24599999999998,164.227,164.227,198.0
2024-04-16 20:44:00,FX:EURJPY,164.227,164.231,164.22,164.231,133.0
2024-04-16 20:45:00,FX:EURJPY,164.231,164.232,164.21699999999998,164.23,263.0
2024-04-16 20:46:00,FX:EURJPY,164.23,164.283,164.23,164.28199999999998,265.0
2024-04-16 20:47:00,FX:EURJPY,164.28199999999998,164.297,164.27499999999998,164.292,236.0
2024-04-16 20:48:00,FX:EURJPY,164.292,164.303,164.286,164.28699999999998,150.0
2024-04-16 20:49:00,FX:EURJPY,164.28699999999998,164.298,164.286,164.289,202.0
2024-04-16 20:50:00,FX:EURJPY,164.289,164.30599999999998,164.286,164.29299999999998,228.0
2024-04-16 20:51:00,FX:EURJPY,164.29299999999998,164.31,164.28799999999998,164.308,184.0
2024-04-16 20:52:00,FX:EURJPY,164.308,164.346,164.308,164.343,256.0
2024-04-16 20:53:00,FX:EURJPY,164.343,164.345,164.333,164.338,202.0
2024-04-16 20:54:00,FX:EURJPY,164.338,164.363,164.319,164.362,447.0
2024-04-16 20:55:00,FX:EURJPY,164.362,164.364,164.322,164.345,440.0
2024-04-16 20:56:00,FX:EURJPY,164.345,164.346,164.32899999999998,164.334,152.0
2024-04-16 20:57:00,FX:EURJPY,164.334,164.34199999999998,164.314,164.334,270.0
2024-04-16 20:58:00,FX:EURJPY,164.334,164.339,164.319,164.32,245.0
2024-04-16 20:59:00,FX:EURJPY,164.32,164.331,164.316,164.31799999999998,272.0
2024-04-16 21:00:00,FX:EURJPY,164.31799999999998,164.328,164.313,164.328,302.0
2024-04-16 21:01:00,FX:EURJPY,164.328,164.328,164.29899999999998,164.29999999999998,242.0
2024-04-16 21:02:00,FX:EURJPY,164.29999999999998,164.303,164.289,164.296,269.0
2024-04-16 21:03:00,FX:EURJPY,164.296,164.298,164.283,164.28699999999998,190.0
2024-04-16 21:04:00,FX:EURJPY,164.28699999999998,164.296,164.283,164.296,155.0
2024-04-16 21:05:00,FX:EURJPY,164.296,164.316,164.29299999999998,164.316,128.0
2024-04-16 21:06:00,FX:EURJPY,164.316,164.326,164.307,164.308,123.0
2024-04-16 21:07:00,FX:EURJPY,164.308,164.308,164.289,164.301,175.0
2024-04-16 21:08:00,FX:EURJPY,164.301,164.303,164.28799999999998,164.292,155.0
2024-04-16 21:09:00,FX:EURJPY,164.292,164.292,164.28,164.283,131.0
2024-04-16 21:10:00,FX:EURJPY,164.283,164.29899999999998,164.278,164.29299999999998,183.0
2024-04-16 21:11:00,FX:EURJPY,164.29299999999998,164.31099999999998,164.292,164.298,180.0
2024-04-16 21:12:00,FX:EURJPY,164.298,164.31,164.297,164.298,138.0
2024-04-16 21:13:00,FX:EURJPY,164.298,164.309,164.296,164.30499999999998,160.0
2024-04-16 21:14:00,FX:EURJPY,164.30499999999998,164.308,164.30499999999998,164.30599999999998,82.0
2024-04-16 21:15:00,FX:EURJPY,164.30599999999998,164.325,164.304,164.307,326.0
2024-04-16 21:16:00,FX:EURJPY,164.307,164.309,164.29,164.29,164.0
2024-04-16 21:17:00,FX:EURJPY,164.29,164.302,164.28199999999998,164.301,152.0
2024-04-16 21:18:00,FX:EURJPY,164.301,164.31,164.297,164.308,130.0
2024-04-16 21:19:00,FX:EURJPY,164.308,164.31799999999998,164.297,164.31799999999998,127.0
2024-04-16 21:20:00,FX:EURJPY,164.31799999999998,164.334,164.31799999999998,164.32399999999998,142.0
2024-04-16 21:21:00,FX:EURJPY,164.32399999999998,164.343,164.321,164.34199999999998,187.0
2024-04-16 21:22:00,FX:EURJPY,164.34199999999998,164.361,164.338,164.358,208.0
2024-04-16 21:23:00,FX:EURJPY,164.358,164.358,164.33599999999998,164.34199999999998,173.0
2024-04-16 21:24:00,FX:EURJPY,164.34199999999998,164.34799999999998,164.334,164.346,133.0
2024-04-16 21:25:00,FX:EURJPY,164.346,164.367,164.345,164.362,176.0
2024-04-16 21:26:00,FX:EURJPY,164.362,164.363,164.344,164.34799999999998,126.0
2024-04-16 21:27:00,FX:EURJPY,164.34799999999998,164.356,164.337,164.346,194.0
2024-04-16 21:28:00,FX:EURJPY,164.346,164.35399999999998,164.337,164.338,173.0
2024-04-16 21:29:00,FX:EURJPY,164.338,164.345,164.322,164.325,183.0
2024-04-16 21:30:00,FX:EURJPY,164.325,164.33499999999998,164.319,164.32299999999998,269.0
2024-04-16 21:31:00,FX:EURJPY,164.32299999999998,164.33599999999998,164.31799999999998,164.331,240.0
2024-04-16 21:32:00,FX:EURJPY,164.331,164.34,164.32299999999998,164.332,259.0
2024-04-16 21:33:00,FX:EURJPY,164.332,164.333,164.308,164.31,233.0
2024-04-16 21:34:00,FX:EURJPY,164.31,164.31099999999998,164.295,164.298,248.0
2024-04-16 21:35:00,FX:EURJPY,164.298,164.314,164.295,164.313,198.0
2024-04-16 21:36:00,FX:EURJPY,164.313,164.332,164.31,164.327,183.0
2024-04-16 21:37:00,FX:EURJPY,164.327,164.33499999999998,164.313,164.322,162.0
2024-04-16 21:38:00,FX:EURJPY,164.322,164.32999999999998,164.316,164.316,152.0
2024-04-16 21:39:00,FX:EURJPY,164.316,164.32999999999998,164.31099999999998,164.325,204.0
2024-04-16 21:40:00,FX:EURJPY,164.325,164.32899999999998,164.315,164.321,236.0
2024-04-16 21:41:00,FX:EURJPY,164.321,164.327,164.316,164.32399999999998,209.0
2024-04-16 21:42:00,FX:EURJPY,164.32399999999998,164.34,164.315,164.33599999999998,283.0
2024-04-16 21:43:00,FX:EURJPY,164.33599999999998,164.345,164.33499999999998,164.34199999999998,209.0
2024-04-16 21:44:00,FX:EURJPY,164.34199999999998,164.34199999999998,164.327,164.337,191.0
2024-04-16 21:45:00,FX:EURJPY,164.337,164.345,164.332,164.343,174.0
2024-04-16 21:46:00,FX:EURJPY,164.343,164.35999999999999,164.338,164.35399999999998,238.0
2024-04-16 21:47:00,FX:EURJPY,164.35399999999998,164.355,164.34699999999998,164.349,184.0
2024-04-16 21:48:00,FX:EURJPY,164.349,164.35299999999998,164.345,164.345,154.0
2024-04-16 21:49:00,FX:EURJPY,164.345,164.34699999999998,164.331,164.334,198.0
2024-04-16 21:50:00,FX:EURJPY,164.334,164.35299999999998,164.331,164.35299999999998,289.0
2024-04-16 21:51:00,FX:EURJPY,164.35299999999998,164.368,164.346,164.364,238.0
2024-04-16 21:52:00,FX:EURJPY,164.364,164.403,164.363,164.38899999999998,314.0
2024-04-16 21:53:00,FX:EURJPY,164.38899999999998,164.40099999999998,164.38799999999998,164.396,246.0
2024-04-16 21:54:00,FX:EURJPY,164.396,164.416,164.39,164.40599999999998,289.0
2024-04-16 21:55:00,FX:EURJPY,164.40599999999998,164.40599999999998,164.392,164.403,209.0
2024-04-16 21:56:00,FX:EURJPY,164.403,164.40699999999998,164.391,164.40599999999998,262.0
2024-04-16 21:57:00,FX:EURJPY,164.40599999999998,164.416,164.402,164.415,185.0
2024-04-16 21:58:00,FX:EURJPY,164.415,164.41899999999998,164.399,164.39999999999998,272.0
2024-04-16 21:59:00,FX:EURJPY,164.39999999999998,164.409,164.396,164.40099999999998,261.0
2024-04-16 22:00:00,FX:EURJPY,164.40099999999998,164.414,164.393,164.40099999999998,278.0
2024-04-16 22:01:00,FX:EURJPY,164.40099999999998,164.41199999999998,164.391,164.404,275.0
2024-04-16 22:02:00,FX:EURJPY,164.404,164.414,164.40099999999998,164.414,255.0
2024-04-16 22:03:00,FX:EURJPY,164.414,164.41799999999998,164.403,164.41799999999998,168.0
2024-04-16 22:04:00,FX:EURJPY,164.41799999999998,164.429,164.41299999999998,164.42,232.0
2024-04-16 22:05:00,FX:EURJPY,164.42,164.423,164.41,164.42,161.0
2024-04-16 22:06:00,FX:EURJPY,164.42,164.428,164.41299999999998,164.421,183.0
2024-04-16 22:07:00,FX:EURJPY,164.421,164.421,164.396,164.397,186.0
2024-04-16 22:08:00,FX:EURJPY,164.397,164.398,164.38899999999998,164.398,147.0
2024-04-16 22:09:00,FX:EURJPY,164.398,164.41799999999998,164.39399999999998,164.416,89.0
2024-04-16 22:10:00,FX:EURJPY,164.416,164.426,164.41299999999998,164.415,142.0
2024-04-16 22:11:00,FX:EURJPY,164.415,164.426,164.408,164.414,169.0
2024-04-16 22:12:00,FX:EURJPY,164.414,164.42,164.404,164.409,113.0
2024-04-16 22:13:00,FX:EURJPY,164.409,164.433,164.404,164.432,186.0
2024-04-16 22:14:00,FX:EURJPY,164.432,164.434,164.411,164.43099999999998,133.0
2024-04-16 22:15:00,FX:EURJPY,164.43099999999998,164.44299999999998,164.429,164.42999999999998,161.0
2024-04-16 22:16:00,FX:EURJPY,164.42999999999998,164.43099999999998,164.41299999999998,164.414,94.0
2024-04-16 22:17:00,FX:EURJPY,164.414,164.428,164.40699999999998,164.41799999999998,162.0
2024-04-16 22:18:00,FX:EURJPY,164.41799999999998,164.429,164.414,164.428,160.0
2024-04-16 22:19:00,FX:EURJPY,164.428,164.43699999999998,164.426,164.43699999999998,189.0
2024-04-16 22:20:00,FX:EURJPY,164.43699999999998,164.441,164.417,164.417,127.0
2024-04-16 22:21:00,FX:EURJPY,164.417,164.43699999999998,164.41299999999998,164.433,94.0
2024-04-16 22:22:00,FX:EURJPY,164.433,164.435,164.41199999999998,164.41299999999998,166.0
2024-04-16 22:23:00,FX:EURJPY,164.41299999999998,164.453,164.41199999999998,164.451,147.0
2024-04-16 22:24:00,FX:EURJPY,164.451,164.451,164.438,164.44799999999998,149.0
2024-04-16 22:25:00,FX:EURJPY,164.44799999999998,164.451,164.432,164.432,187.0
2024-04-16 22:26:00,FX:EURJPY,164.432,164.44799999999998,164.428,164.446,121.0
2024-04-16 22:27:00,FX:EURJPY,164.446,164.451,164.433,164.434,159.0
2024-04-16 22:28:00,FX:EURJPY,164.434,164.44,164.42999999999998,164.43599999999998,119.0
2024-04-16 22:29:00,FX:EURJPY,164.43599999999998,164.44199999999998,164.42499999999998,164.427,147.0
2024-04-16 22:30:00,FX:EURJPY,164.427,164.44899999999998,164.427,164.44799999999998,142.0
2024-04-16 22:31:00,FX:EURJPY,164.44799999999998,164.44899999999998,164.445,164.447,87.0
2024-04-16 22:32:00,FX:EURJPY,164.447,164.44799999999998,164.434,164.44199999999998,146.0
2024-04-16 22:33:00,FX:EURJPY,164.44199999999998,164.446,164.42999999999998,164.43599999999998,161.0
2024-04-16 22:34:00,FX:EURJPY,164.43599999999998,164.44,164.434,164.43699999999998,99.0
2024-04-16 22:35:00,FX:EURJPY,164.43699999999998,164.44,164.428,164.439,178.0
2024-04-16 22:36:00,FX:EURJPY,164.439,164.441,164.433,164.438,147.0
2024-04-16 22:37:00,FX:EURJPY,164.438,164.44299999999998,164.43099999999998,164.44,139.0
2024-04-16 22:38:00,FX:EURJPY,164.44,164.447,164.427,164.43599999999998,139.0
2024-04-16 22:39:00,FX:EURJPY,164.43599999999998,164.453,164.435,164.45,138.0
2024-04-16 22:40:00,FX:EURJPY,164.45,164.464,164.447,164.45999999999998,98.0
2024-04-16 22:41:00,FX:EURJPY,164.45999999999998,164.46599999999998,164.45499999999998,164.45999999999998,110.0
2024-04-16 22:42:00,FX:EURJPY,164.45999999999998,164.465,164.445,164.44899999999998,190.0
2024-04-16 22:43:00,FX:EURJPY,164.44899999999998,164.453,164.44199999999998,164.452,139.0
2024-04-16 22:44:00,FX:EURJPY,164.452,164.464,164.452,164.456,109.0
2024-04-16 22:45:00,FX:EURJPY,164.456,164.458,164.444,164.451,109.0
2024-04-16 22:46:00,FX:EURJPY,164.451,164.45399999999998,164.432,164.435,128.0
2024-04-16 22:47:00,FX:EURJPY,164.435,164.445,164.434,164.44,57.0
2024-04-16 22:48:00,FX:EURJPY,164.44,164.44,164.429,164.43099999999998,90.0
2024-04-16 22:49:00,FX:EURJPY,164.43099999999998,164.438,164.426,164.438,74.0
2024-04-16 22:50:00,FX:EURJPY,164.438,164.469,164.434,164.46599999999998,222.0
2024-04-16 22:51:00,FX:EURJPY,164.46599999999998,164.46599999999998,164.45,164.451,111.0
2024-04-16 22:52:00,FX:EURJPY,164.451,164.456,164.445,164.446,106.0
2024-04-16 22:53:00,FX:EURJPY,164.446,164.451,164.438,164.447,184.0
2024-04-16 22:54:00,FX:EURJPY,164.447,164.458,164.44299999999998,164.452,181.0
2024-04-16 22:55:00,FX:EURJPY,164.452,164.46699999999998,164.452,164.465,108.0
2024-04-16 22:56:00,FX:EURJPY,164.465,164.469,164.465,164.46599999999998,83.0
2024-04-16 22:57:00,FX:EURJPY,164.46599999999998,164.474,164.465,164.471,126.0
2024-04-16 22:58:00,FX:EURJPY,164.471,164.482,164.47,164.481,134.0
2024-04-16 22:59:00,FX:EURJPY,164.481,164.49099999999999,164.48,164.48999999999998,103.0
2024-04-16 23:00:00,FX:EURJPY,164.48999999999998,164.49099999999999,164.457,164.465,229.0
2024-04-16 23:01:00,FX:EURJPY,164.465,164.477,164.458,164.464,183.0
2024-04-16 23:02:00,FX:EURJPY,164.464,164.477,164.462,164.47299999999998,146.0
2024-04-16 23:03:00,FX:EURJPY,164.47299999999998,164.47299999999998,164.45399999999998,164.45499999999998,142.0
2024-04-16 23:04:00,FX:EURJPY,164.45499999999998,164.459,164.445,164.452,146.0
2024-04-16 23:05:00,FX:EURJPY,164.452,164.452,164.434,164.439,176.0
2024-04-16 23:06:00,FX:EURJPY,164.439,164.452,164.435,164.45,140.0
2024-04-16 23:07:00,FX:EURJPY,164.45,164.459,164.43699999999998,164.44,169.0
2024-04-16 23:08:00,FX:EURJPY,164.44,164.445,164.43599999999998,164.438,190.0
2024-04-16 23:09:00,FX:EURJPY,164.438,164.44799999999998,164.43599999999998,164.44199999999998,157.0
2024-04-16 23:10:00,FX:EURJPY,164.44199999999998,164.445,164.427,164.438,170.0
2024-04-16 23:11:00,FX:EURJPY,164.438,164.453,164.435,164.452,67.0
2024-04-16 23:12:00,FX:EURJPY,164.452,164.453,164.44299999999998,164.445,90.0
2024-04-16 23:13:00,FX:EURJPY,164.445,164.45499999999998,164.444,164.44899999999998,95.0
2024-04-16 23:14:00,FX:EURJPY,164.44899999999998,164.45,164.434,164.43599999999998,104.0
2024-04-16 23:15:00,FX:EURJPY,164.43599999999998,164.44799999999998,164.43099999999998,164.444,152.0
2024-04-16 23:16:00,FX:EURJPY,164.444,164.458,164.441,164.456,109.0
2024-04-16 23:17:00,FX:EURJPY,164.456,164.459,164.441,164.44299999999998,77.0
2024-04-16 23:18:00,FX:EURJPY,164.44299999999998,164.447,164.441,164.445,70.0
2024-04-16 23:19:00,FX:EURJPY,164.445,164.446,164.429,164.43699999999998,128.0
2024-04-16 23:20:00,FX:EURJPY,164.43699999999998,164.43699999999998,164.427,164.427,123.0
2024-04-16 23:21:00,FX:EURJPY,164.427,164.438,164.423,164.423,126.0
2024-04-16 23:22:00,FX:EURJPY,164.423,164.423,164.403,164.404,127.0
2024-04-16 23:23:00,FX:EURJPY,164.404,164.40699999999998,164.39499999999998,164.403,137.0
2024-04-16 23:24:00,FX:EURJPY,164.403,164.40599999999998,164.39399999999998,164.396,84.0
2024-04-16 23:25:00,FX:EURJPY,164.396,164.40599999999998,164.39499999999998,164.405,104.0
2024-04-16 23:26:00,FX:EURJPY,164.405,164.414,164.405,164.41199999999998,97.0
2024-04-16 23:27:00,FX:EURJPY,164.41199999999998,164.41199999999998,164.405,164.409,96.0
2024-04-16 23:28:00,FX:EURJPY,164.409,164.409,164.397,164.397,47.0
2024-04-16 23:29:00,FX:EURJPY,164.397,164.40099999999998,164.38899999999998,164.39399999999998,92.0
2024-04-16 23:30:00,FX:EURJPY,164.39399999999998,164.39399999999998,164.37699999999998,164.378,106.0
2024-04-16 23:31:00,FX:EURJPY,164.378,164.391,164.373,164.38,154.0
2024-04-16 23:32:00,FX:EURJPY,164.38,164.38899999999998,164.376,164.376,125.0
2024-04-16 23:33:00,FX:EURJPY,164.376,164.384,164.373,164.381,144.0
2024-04-16 23:34:00,FX:EURJPY,164.381,164.385,164.367,164.369,152.0
2024-04-16 23:35:00,FX:EURJPY,164.369,164.37099999999998,164.356,164.35899999999998,140.0
2024-04-16 23:36:00,FX:EURJPY,164.35899999999998,164.369,164.357,164.367,151.0
2024-04-16 23:37:00,FX:EURJPY,164.367,164.37099999999998,164.358,164.35999999999999,155.0
2024-04-16 23:38:00,FX:EURJPY,164.35999999999999,164.364,164.356,164.357,124.0
2024-04-16 23:39:00,FX:EURJPY,164.357,164.357,164.349,164.349,86.0
2024-04-16 23:40:00,FX:EURJPY,164.349,164.36499999999998,164.34799999999998,164.36499999999998,166.0
2024-04-16 23:41:00,FX:EURJPY,164.36499999999998,164.37099999999998,164.36499999999998,164.36599999999999,80.0
2024-04-16 23:42:00,FX:EURJPY,164.36599999999999,164.37,164.364,164.36599999999999,103.0
2024-04-16 23:43:00,FX:EURJPY,164.36599999999999,164.36599999999999,164.34099999999998,164.351,139.0
2024-04-16 23:44:00,FX:EURJPY,164.351,164.352,164.334,164.343,160.0
2024-04-16 23:45:00,FX:EURJPY,164.343,164.345,164.33499999999998,164.33499999999998,129.0
2024-04-16 23:46:00,FX:EURJPY,164.33499999999998,164.35299999999998,164.334,164.351,196.0
2024-04-16 23:47:00,FX:EURJPY,164.351,164.362,164.33599999999998,164.33599999999998,148.0
2024-04-16 23:48:00,FX:EURJPY,164.33599999999998,164.343,164.32999999999998,164.34,132.0
2024-04-16 23:49:00,FX:EURJPY,164.34,164.343,164.334,164.343,140.0
2024-04-16 23:50:00,FX:EURJPY,164.343,164.36599999999999,164.339,164.35999999999999,148.0
2024-04-16 23:51:00,FX:EURJPY,164.35999999999999,164.367,164.356,164.367,176.0
2024-04-16 23:52:00,FX:EURJPY,164.367,164.37099999999998,164.35999999999999,164.37099999999998,178.0
2024-04-16 23:53:00,FX:EURJPY,164.37099999999998,164.374,164.358,164.362,162.0
2024-04-16 23:54:00,FX:EURJPY,164.362,164.363,164.35299999999998,164.356,121.0
2024-04-16 23:55:00,FX:EURJPY,164.356,164.362,164.349,164.35999999999999,161.0
2024-04-16 23:56:00,FX:EURJPY,164.35999999999999,164.362,164.35399999999998,164.35999999999999,147.0
2024-04-16 23:57:00,FX:EURJPY,164.35999999999999,164.35999999999999,164.346,164.352,81.0
2024-04-16 23:58:00,FX:EURJPY,164.352,164.356,164.34699999999998,164.35299999999998,121.0
2024-04-16 23:59:00,FX:EURJPY,164.35299999999998,164.35399999999998,164.34699999999998,164.34699999999998,119.0
2024-04-17 00:00:00,FX:EURJPY,164.34699999999998,164.355,164.34699999999998,164.352,101.0
2024-04-17 00:01:00,FX:EURJPY,164.352,164.35299999999998,164.337,164.338,102.0
2024-04-17 00:02:00,FX:EURJPY,164.338,164.349,164.337,164.34,105.0
2024-04-17 00:03:00,FX:EURJPY,164.34,164.345,164.33499999999998,164.33599999999998,65.0
2024-04-17 00:04:00,FX:EURJPY,164.33599999999998,164.337,164.328,164.32999999999998,126.0
2024-04-17 00:05:00,FX:EURJPY,164.32999999999998,164.337,164.325,164.334,203.0
2024-04-17 00:06:00,FX:EURJPY,164.334,164.34199999999998,164.32999999999998,164.34099999999998,117.0
2024-04-17 00:07:00,FX:EURJPY,164.34099999999998,164.349,164.34,164.345,149.0
2024-04-17 00:08:00,FX:EURJPY,164.345,164.351,164.339,164.34799999999998,134.0
2024-04-17 00:09:00,FX:EURJPY,164.34799999999998,164.35,164.34,164.349,163.0
2024-04-17 00:10:00,FX:EURJPY,164.349,164.35299999999998,164.344,164.352,83.0
2024-04-17 00:11:00,FX:EURJPY,164.352,164.37199999999999,164.349,164.37099999999998,102.0
2024-04-17 00:12:00,FX:EURJPY,164.37099999999998,164.382,164.37,164.37099999999998,108.0
2024-04-17 00:13:00,FX:EURJPY,164.37099999999998,164.37699999999998,164.37099999999998,164.376,140.0
2024-04-17 00:14:00,FX:EURJPY,164.376,164.38299999999998,164.369,164.369,82.0
2024-04-17 00:15:00,FX:EURJPY,164.369,164.37,164.35299999999998,164.361,161.0
2024-04-17 00:16:00,FX:EURJPY,164.361,164.362,164.358,164.35999999999999,36.0
2024-04-17 00:17:00,FX:EURJPY,164.35999999999999,164.364,164.357,164.363,64.0
2024-04-17 00:18:00,FX:EURJPY,164.363,164.369,164.357,164.357,74.0
2024-04-17 00:19:00,FX:EURJPY,164.357,164.364,164.357,164.35899999999998,51.0
2024-04-17 00:20:00,FX:EURJPY,164.35899999999998,164.36599999999999,164.35899999999998,164.35899999999998,94.0
2024-04-17 00:21:00,FX:EURJPY,164.35899999999998,164.37,164.35899999999998,164.36499999999998,141.0
2024-04-17 00:22:00,FX:EURJPY,164.36499999999998,164.37099999999998,164.36499999999998,164.367,62.0
2024-04-17 00:23:00,FX:EURJPY,164.367,164.367,164.35999999999999,164.36599999999999,66.0
2024-04-17 00:24:00,FX:EURJPY,164.36599999999999,164.37,164.364,164.37,69.0
2024-04-17 00:25:00,FX:EURJPY,164.37,164.37,164.363,164.36499999999998,65.0
2024-04-17 00:26:00,FX:EURJPY,164.36499999999998,164.382,164.363,164.37099999999998,73.0
2024-04-17 00:27:00,FX:EURJPY,164.37099999999998,164.37199999999999,164.368,164.369,54.0
2024-04-17 00:28:00,FX:EURJPY,164.369,164.369,164.35399999999998,164.357,94.0
2024-04-17 00:29:00,FX:EURJPY,164.357,164.357,164.34,164.34,115.0
2024-04-17 00:30:00,FX:EURJPY,164.34,164.35999999999999,164.337,164.35899999999998,159.0
2024-04-17 00:31:00,FX:EURJPY,164.35899999999998,164.361,164.346,164.34699999999998,118.0
2024-04-17 00:32:00,FX:EURJPY,164.34699999999998,164.34799999999998,164.328,164.331,107.0
2024-04-17 00:33:00,FX:EURJPY,164.331,164.333,164.326,164.32899999999998,74.0
2024-04-17 00:34:00,FX:EURJPY,164.32899999999998,164.33599999999998,164.327,164.331,78.0
2024-04-17 00:35:00,FX:EURJPY,164.331,164.332,164.29899999999998,164.304,161.0
2024-04-17 00:36:00,FX:EURJPY,164.304,164.31699999999998,164.298,164.315,187.0
2024-04-17 00:37:00,FX:EURJPY,164.315,164.322,164.304,164.31699999999998,160.0
2024-04-17 00:38:00,FX:EURJPY,164.31699999999998,164.321,164.291,164.29399999999998,139.0
2024-04-17 00:39:00,FX:EURJPY,164.29399999999998,164.295,164.28699999999998,164.29,148.0
2024-04-17 00:40:00,FX:EURJPY,164.29,164.29399999999998,164.285,164.28799999999998,131.0
2024-04-17 00:41:00,FX:EURJPY,164.28799999999998,164.29299999999998,164.28199999999998,164.28799999999998,179.0
2024-04-17 00:42:00,FX:EURJPY,164.28799999999998,164.29399999999998,164.284,164.291,122.0
2024-04-17 00:43:00,FX:EURJPY,164.291,164.29399999999998,164.286,164.291,117.0
2024-04-17 00:44:00,FX:EURJPY,164.291,164.301,164.28799999999998,164.297,116.0
2024-04-17 00:45:00,FX:EURJPY,164.297,164.298,164.29,164.291,76.0
2024-04-17 00:46:00,FX:EURJPY,164.291,164.292,164.28699999999998,164.291,109.0
2024-04-17 00:47:00,FX:EURJPY,164.291,164.297,164.29,164.291,66.0
2024-04-17 00:48:00,FX:EURJPY,164.291,164.29399999999998,164.29,164.292,56.0
2024-04-17 00:49:00,FX:EURJPY,164.292,164.29899999999998,164.291,164.298,41.0
2024-04-17 00:50:00,FX:EURJPY,164.298,164.304,164.298,164.29899999999998,63.0
2024-04-17 00:51:00,FX:EURJPY,164.29899999999998,164.29999999999998,164.292,164.292,62.0
2024-04-17 00:52:00,FX:EURJPY,164.292,164.295,164.29,164.292,60.0
2024-04-17 00:53:00,FX:EURJPY,164.292,164.296,164.292,164.29399999999998,60.0
2024-04-17 00:54:00,FX:EURJPY,164.29399999999998,164.298,164.29299999999998,164.29399999999998,35.0
2024-04-17 00:55:00,FX:EURJPY,164.29399999999998,164.308,164.29299999999998,164.307,68.0
2024-04-17 00:56:00,FX:EURJPY,164.307,164.315,164.30599999999998,164.314,90.0
2024-04-17 00:57:00,FX:EURJPY,164.314,164.31699999999998,164.31199999999998,164.315,67.0
2024-04-17 00:58:00,FX:EURJPY,164.315,164.31799999999998,164.307,164.31,118.0
2024-04-17 00:59:00,FX:EURJPY,164.31,164.313,164.307,164.31,63.0
2024-04-17 01:00:00,FX:EURJPY,164.31,164.31099999999998,164.289,164.292,206.0
2024-04-17 01:01:00,FX:EURJPY,164.292,164.292,164.255,164.256,202.0
2024-04-17 01:02:00,FX:EURJPY,164.256,164.273,164.253,164.26399999999998,155.0
2024-04-17 01:03:00,FX:EURJPY,164.26399999999998,164.27499999999998,164.254,164.274,240.0
2024-04-17 01:04:00,FX:EURJPY,164.274,164.28099999999998,164.266,164.273,206.0
2024-04-17 01:05:00,FX:EURJPY,164.273,164.27499999999998,164.25799999999998,164.273,168.0
2024-04-17 01:06:00,FX:EURJPY,164.273,164.28199999999998,164.26399999999998,164.266,173.0
2024-04-17 01:07:00,FX:EURJPY,164.266,164.26899999999998,164.255,164.257,169.0
2024-04-17 01:08:00,FX:EURJPY,164.257,164.268,164.257,164.26399999999998,95.0
2024-04-17 01:09:00,FX:EURJPY,164.26399999999998,164.265,164.254,164.256,97.0
2024-04-17 01:10:00,FX:EURJPY,164.256,164.262,164.254,164.259,144.0
2024-04-17 01:11:00,FX:EURJPY,164.259,164.259,164.231,164.233,119.0
2024-04-17 01:12:00,FX:EURJPY,164.233,164.242,164.23,164.23399999999998,108.0
2024-04-17 01:13:00,FX:EURJPY,164.23399999999998,164.24099999999999,164.227,164.232,165.0
2024-04-17 01:14:00,FX:EURJPY,164.232,164.232,164.226,164.231,114.0
2024-04-17 01:15:00,FX:EURJPY,164.231,164.236,164.22199999999998,164.22799999999998,160.0
2024-04-17 01:16:00,FX:EURJPY,164.22799999999998,164.237,164.22,164.225,125.0
2024-04-17 01:17:00,FX:EURJPY,164.225,164.23399999999998,164.225,164.232,68.0
2024-04-17 01:18:00,FX:EURJPY,164.232,164.237,164.23,164.232,114.0
2024-04-17 01:19:00,FX:EURJPY,164.232,164.233,164.208,164.21599999999998,185.0
2024-04-17 01:20:00,FX:EURJPY,164.21599999999998,164.218,164.20399999999998,164.207,115.0
2024-04-17 01:21:00,FX:EURJPY,164.207,164.209,164.194,164.207,147.0
2024-04-17 01:22:00,FX:EURJPY,164.207,164.224,164.20499999999998,164.219,128.0
2024-04-17 01:23:00,FX:EURJPY,164.219,164.221,164.212,164.219,61.0
2024-04-17 01:24:00,FX:EURJPY,164.219,164.225,164.215,164.219,117.0
2024-04-17 01:25:00,FX:EURJPY,164.219,164.224,164.213,164.219,139.0
2024-04-17 01:26:00,FX:EURJPY,164.219,164.226,164.21599999999998,164.22199999999998,84.0
2024-04-17 01:27:00,FX:EURJPY,164.22199999999998,164.23399999999998,164.221,164.224,128.0
2024-04-17 01:28:00,FX:EURJPY,164.224,164.232,164.22299999999998,164.22299999999998,92.0
2024-04-17 01:29:00,FX:EURJPY,164.22299999999998,164.225,164.219,164.22299999999998,64.0
2024-04-17 01:30:00,FX:EURJPY,164.22299999999998,164.22299999999998,164.201,164.203,145.0
2024-04-17 01:31:00,FX:EURJPY,164.203,164.212,164.179,164.18699999999998,206.0
2024-04-17 01:32:00,FX:EURJPY,164.18699999999998,164.19899999999998,164.178,164.19,190.0
2024-04-17 01:33:00,FX:EURJPY,164.19,164.2,164.17999999999998,164.19,157.0
2024-04-17 01:34:00,FX:EURJPY,164.19,164.196,164.18099999999998,164.18599999999998,197.0
2024-04-17 01:35:00,FX:EURJPY,164.18599999999998,164.188,164.177,164.17999999999998,101.0
2024-04-17 01:36:00,FX:EURJPY,164.17999999999998,164.194,164.17499999999998,164.177,208.0
2024-04-17 01:37:00,FX:EURJPY,164.177,164.191,164.171,164.17399999999998,147.0
2024-04-17 01:38:00,FX:EURJPY,164.17399999999998,164.17999999999998,164.16899999999998,164.172,110.0
2024-04-17 01:39:00,FX:EURJPY,164.172,164.17399999999998,164.164,164.165,82.0
2024-04-17 01:40:00,FX:EURJPY,164.165,164.166,164.14499999999998,164.146,141.0
2024-04-17 01:41:00,FX:EURJPY,164.146,164.16199999999998,164.136,164.159,148.0
2024-04-17 01:42:00,FX:EURJPY,164.159,164.16199999999998,164.149,164.159,216.0
2024-04-17 01:43:00,FX:EURJPY,164.159,164.16799999999998,164.153,164.155,132.0
2024-04-17 01:44:00,FX:EURJPY,164.155,164.16,164.14499999999998,164.14999999999998,121.0
2024-04-17 01:45:00,FX:EURJPY,164.14999999999998,164.153,164.129,164.131,160.0
2024-04-17 01:46:00,FX:EURJPY,164.131,164.13899999999998,164.125,164.13799999999998,143.0
2024-04-17 01:47:00,FX:EURJPY,164.13799999999998,164.143,164.135,164.136,207.0
2024-04-17 01:48:00,FX:EURJPY,164.136,164.143,164.129,164.13,188.0
2024-04-17 01:49:00,FX:EURJPY,164.13,164.136,164.126,164.12699999999998,71.0
2024-04-17 01:50:00,FX:EURJPY,164.12699999999998,164.12699999999998,164.114,164.12,147.0
2024-04-17 01:51:00,FX:EURJPY,164.12,164.134,164.117,164.12199999999999,154.0
2024-04-17 01:52:00,FX:EURJPY,164.12199999999999,164.126,164.12,164.126,96.0
2024-04-17 01:53:00,FX:EURJPY,164.126,164.13,164.12,164.125,123.0
2024-04-17 01:54:00,FX:EURJPY,164.125,164.125,164.083,164.08599999999998,164.0
2024-04-17 01:55:00,FX:EURJPY,164.08599999999998,164.089,164.06799999999998,164.076,194.0
2024-04-17 01:56:00,FX:EURJPY,164.076,164.087,164.06699999999998,164.069,195.0
2024-04-17 01:57:00,FX:EURJPY,164.069,164.07399999999998,164.047,164.04999999999998,269.0
2024-04-17 01:58:00,FX:EURJPY,164.04999999999998,164.066,164.048,164.06099999999998,173.0
2024-04-17 01:59:00,FX:EURJPY,164.06099999999998,164.078,164.047,164.07399999999998,310.0
2024-04-17 02:00:00,FX:EURJPY,164.07399999999998,164.14399999999998,164.04399999999998,164.06699999999998,1184.0
2024-04-17 02:01:00,FX:EURJPY,164.06699999999998,164.077,164.016,164.04399999999998,532.0
2024-04-17 02:02:00,FX:EURJPY,164.04399999999998,164.077,164.033,164.06099999999998,437.0
2024-04-17 02:03:00,FX:EURJPY,164.06099999999998,164.064,164.03099999999998,164.03099999999998,310.0
2024-04-17 02:04:00,FX:EURJPY,164.03099999999998,164.036,163.99699999999999,164.018,505.0
2024-04-17 02:05:00,FX:EURJPY,164.018,164.041,164.018,164.03099999999998,440.0
2024-04-17 02:06:00,FX:EURJPY,164.03099999999998,164.03099999999998,163.97,163.98499999999999,386.0
2024-04-17 02:07:00,FX:EURJPY,163.98499999999999,163.98499999999999,163.92399999999998,163.98,644.0
2024-04-17 02:08:00,FX:EURJPY,163.98,164.009,163.977,164.00199999999998,416.0
2024-04-17 02:09:00,FX:EURJPY,164.00199999999998,164.006,163.965,163.969,558.0
2024-04-17 02:10:00,FX:EURJPY,163.969,163.993,163.94799999999998,163.992,520.0
2024-04-17 02:11:00,FX:EURJPY,163.992,164.00199999999998,163.97799999999998,163.993,479.0
2024-04-17 02:12:00,FX:EURJPY,163.993,163.993,163.935,163.94799999999998,561.0
2024-04-17 02:13:00,FX:EURJPY,163.94799999999998,163.988,163.94199999999998,163.988,481.0
2024-04-17 02:14:00,FX:EURJPY,163.988,164.064,163.97899999999998,164.051,506.0
2024-04-17 02:15:00,FX:EURJPY,164.051,164.076,164.03799999999998,164.076,439.0
2024-04-17 02:16:00,FX:EURJPY,164.076,164.078,164.04999999999998,164.052,378.0
2024-04-17 02:17:00,FX:EURJPY,164.052,164.088,164.03699999999998,164.082,477.0
2024-04-17 02:18:00,FX:EURJPY,164.082,164.1,164.082,164.087,353.0
2024-04-17 02:19:00,FX:EURJPY,164.087,164.093,164.051,164.054,355.0
2024-04-17 02:20:00,FX:EURJPY,164.054,164.058,164.022,164.041,422.0
2024-04-17 02:21:00,FX:EURJPY,164.041,164.078,164.04,164.077,354.0
2024-04-17 02:22:00,FX:EURJPY,164.077,164.078,164.04299999999998,164.063,370.0
2024-04-17 02:23:00,FX:EURJPY,164.063,164.07899999999998,164.05599999999998,164.069,367.0
2024-04-17 02:24:00,FX:EURJPY,164.069,164.1,164.069,164.093,306.0
2024-04-17 02:25:00,FX:EURJPY,164.093,164.094,164.07899999999998,164.07999999999998,363.0
2024-04-17 02:26:00,FX:EURJPY,164.07999999999998,164.089,164.07,164.08599999999998,330.0
2024-04-17 02:27:00,FX:EURJPY,164.08599999999998,164.117,164.07999999999998,164.1,272.0
2024-04-17 02:28:00,FX:EURJPY,164.1,164.125,164.09199999999998,164.10999999999999,258.0
2024-04-17 02:29:00,FX:EURJPY,164.10999999999999,164.125,164.10399999999998,164.118,270.0
2024-04-17 02:30:00,FX:EURJPY,164.118,164.166,164.114,164.16199999999998,386.0
2024-04-17 02:31:00,FX:EURJPY,164.16199999999998,164.188,164.161,164.188,354.0
2024-04-17 02:32:00,FX:EURJPY,164.188,164.208,164.17999999999998,164.207,237.0
2024-04-17 02:33:00,FX:EURJPY,164.207,164.21699999999998,164.19299999999998,164.208,211.0
2024-04-17 02:34:00,FX:EURJPY,164.208,164.213,164.191,164.206,234.0
2024-04-17 02:35:00,FX:EURJPY,164.206,164.212,164.177,164.195,261.0
2024-04-17 02:36:00,FX:EURJPY,164.195,164.20999999999998,164.17999999999998,164.20999999999998,414.0
2024-04-17 02:37:00,FX:EURJPY,164.20999999999998,164.255,164.208,164.249,342.0
2024-04-17 02:38:00,FX:EURJPY,164.249,164.249,164.22299999999998,164.22899999999998,427.0
2024-04-17 02:39:00,FX:EURJPY,164.22899999999998,164.248,164.21699999999998,164.226,314.0
2024-04-17 02:40:00,FX:EURJPY,164.226,164.238,164.215,164.21699999999998,276.0
2024-04-17 02:41:00,FX:EURJPY,164.21699999999998,164.21699999999998,164.176,164.182,284.0
2024-04-17 02:42:00,FX:EURJPY,164.182,164.212,164.182,164.206,346.0
2024-04-17 02:43:00,FX:EURJPY,164.206,164.22199999999998,164.189,164.196,305.0
2024-04-17 02:44:00,FX:EURJPY,164.196,164.197,164.15099999999998,164.154,331.0
2024-04-17 02:45:00,FX:EURJPY,164.154,164.19,164.14499999999998,164.176,349.0
2024-04-17 02:46:00,FX:EURJPY,164.176,164.201,164.16199999999998,164.179,353.0
2024-04-17 02:47:00,FX:EURJPY,164.179,164.189,164.176,164.188,263.0
2024-04-17 02:48:00,FX:EURJPY,164.188,164.203,164.176,164.19799999999998,320.0
2024-04-17 02:49:00,FX:EURJPY,164.19799999999998,164.219,164.197,164.21099999999998,331.0
2024-04-17 02:50:00,FX:EURJPY,164.21099999999998,164.214,164.189,164.189,418.0
2024-04-17 02:51:00,FX:EURJPY,164.189,164.22199999999998,164.188,164.221,515.0
2024-04-17 02:52:00,FX:EURJPY,164.221,164.267,164.202,164.25,517.0
2024-04-17 02:53:00,FX:EURJPY,164.25,164.31699999999998,164.243,164.31,696.0
2024-04-17 02:54:00,FX:EURJPY,164.31,164.31,164.28099999999998,164.29399999999998,366.0
2024-04-17 02:55:00,FX:EURJPY,164.29399999999998,164.31,164.28799999999998,164.29899999999998,419.0
2024-04-17 02:56:00,FX:EURJPY,164.29899999999998,164.29999999999998,164.257,164.25799999999998,284.0
2024-04-17 02:57:00,FX:EURJPY,164.25799999999998,164.307,164.256,164.29899999999998,337.0
2024-04-17 02:58:00,FX:EURJPY,164.29899999999998,164.314,164.284,164.301,397.0
2024-04-17 02:59:00,FX:EURJPY,164.301,164.314,164.26999999999998,164.27499999999998,508.0
2024-04-17 03:00:00,FX:EURJPY,164.27499999999998,164.285,164.225,164.23499999999999,668.0
2024-04-17 03:01:00,FX:EURJPY,164.23499999999999,164.259,164.22799999999998,164.257,588.0
2024-04-17 03:02:00,FX:EURJPY,164.257,164.28699999999998,164.24099999999999,164.285,599.0
2024-04-17 03:03:00,FX:EURJPY,164.285,164.304,164.273,164.297,598.0
2024-04-17 03:04:00,FX:EURJPY,164.297,164.32899999999998,164.286,164.326,542.0
2024-04-17 03:05:00,FX:EURJPY,164.326,164.332,164.307,164.319,574.0
2024-04-17 03:06:00,FX:EURJPY,164.319,164.319,164.283,164.30599999999998,585.0
2024-04-17 03:07:00,FX:EURJPY,164.30599999999998,164.309,164.28199999999998,164.298,487.0
2024-04-17 03:08:00,FX:EURJPY,164.298,164.309,164.292,164.297,351.0
2024-04-17 03:09:00,FX:EURJPY,164.297,164.307,164.271,164.284,390.0
2024-04-17 03:10:00,FX:EURJPY,164.284,164.31,164.271,164.273,486.0
2024-04-17 03:11:00,FX:EURJPY,164.273,164.28,164.257,164.274,341.0
2024-04-17 03:12:00,FX:EURJPY,164.274,164.277,164.233,164.257,411.0
2024-04-17 03:13:00,FX:EURJPY,164.257,164.279,164.257,164.265,356.0
2024-04-17 03:14:00,FX:EURJPY,164.265,164.278,164.251,164.271,302.0
2024-04-17 03:15:00,FX:EURJPY,164.271,164.283,164.265,164.274,271.0
2024-04-17 03:16:00,FX:EURJPY,164.274,164.279,164.244,164.268,346.0
2024-04-17 03:17:00,FX:EURJPY,164.268,164.26999999999998,164.232,164.233,290.0
2024-04-17 03:18:00,FX:EURJPY,164.233,164.233,164.20499999999998,164.22899999999998,353.0
2024-04-17 03:19:00,FX:EURJPY,164.22899999999998,164.22899999999998,164.184,164.191,363.0
2024-04-17 03:20:00,FX:EURJPY,164.191,164.20999999999998,164.15599999999998,164.194,377.0
2024-04-17 03:21:00,FX:EURJPY,164.194,164.23999999999998,164.19199999999998,164.22199999999998,324.0
2024-04-17 03:22:00,FX:EURJPY,164.22199999999998,164.237,164.213,164.219,317.0
2024-04-17 03:23:00,FX:EURJPY,164.219,164.24699999999999,164.20999999999998,164.24599999999998,411.0
2024-04-17 03:24:00,FX:EURJPY,164.24599999999998,164.255,164.231,164.23999999999998,299.0
2024-04-17 03:25:00,FX:EURJPY,164.23999999999998,164.267,164.233,164.266,380.0
2024-04-17 03:26:00,FX:EURJPY,164.266,164.31799999999998,164.26399999999998,164.31099999999998,457.0
2024-04-17 03:27:00,FX:EURJPY,164.31099999999998,164.316,164.283,164.316,443.0
2024-04-17 03:28:00,FX:EURJPY,164.316,164.339,164.314,164.337,230.0
2024-04-17 03:29:00,FX:EURJPY,164.337,164.337,164.309,164.327,317.0
2024-04-17 03:30:00,FX:EURJPY,164.327,164.327,164.309,164.313,358.0
2024-04-17 03:31:00,FX:EURJPY,164.313,164.32899999999998,164.313,164.316,195.0
2024-04-17 03:32:00,FX:EURJPY,164.316,164.339,164.303,164.331,322.0
2024-04-17 03:33:00,FX:EURJPY,164.331,164.355,164.32299999999998,164.334,242.0
2024-04-17 03:34:00,FX:EURJPY,164.334,164.34,164.316,164.321,241.0
2024-04-17 03:35:00,FX:EURJPY,164.321,164.32399999999998,164.297,164.298,273.0
2024-04-17 03:36:00,FX:EURJPY,164.298,164.313,164.29299999999998,164.308,230.0
2024-04-17 03:37:00,FX:EURJPY,164.308,164.34799999999998,164.308,164.34699999999998,254.0
2024-04-17 03:38:00,FX:EURJPY,164.34699999999998,164.35399999999998,164.334,164.352,226.0
2024-04-17 03:39:00,FX:EURJPY,164.352,164.356,164.322,164.328,350.0
2024-04-17 03:40:00,FX:EURJPY,164.328,164.33599999999998,164.313,164.32299999999998,254.0
2024-04-17 03:41:00,FX:EURJPY,164.32299999999998,164.367,164.32299999999998,164.325,237.0
2024-04-17 03:42:00,FX:EURJPY,164.325,164.331,164.304,164.309,301.0
2024-04-17 03:43:00,FX:EURJPY,164.309,164.326,164.30599999999998,164.316,293.0
2024-04-17 03:44:00,FX:EURJPY,164.316,164.349,164.315,164.345,389.0
2024-04-17 03:45:00,FX:EURJPY,164.345,164.361,164.344,164.356,341.0
2024-04-17 03:46:00,FX:EURJPY,164.356,164.356,164.332,164.34699999999998,330.0
2024-04-17 03:47:00,FX:EURJPY,164.34699999999998,164.35299999999998,164.328,164.338,309.0
2024-04-17 03:48:00,FX:EURJPY,164.338,164.36499999999998,164.331,164.361,285.0
2024-04-17 03:49:00,FX:EURJPY,164.361,164.374,164.34799999999998,164.35399999999998,327.0
2024-04-17 03:50:00,FX:EURJPY,164.35399999999998,164.358,164.325,164.332,306.0
2024-04-17 03:51:00,FX:EURJPY,164.332,164.334,164.28099999999998,164.31099999999998,445.0
2024-04-17 03:52:00,FX:EURJPY,164.31099999999998,164.33599999999998,164.29899999999998,164.33599999999998,341.0
2024-04-17 03:53:00,FX:EURJPY,164.33599999999998,164.35,164.327,164.328,356.0
2024-04-17 03:54:00,FX:EURJPY,164.328,164.33499999999998,164.31799999999998,164.327,395.0
2024-04-17 03:55:00,FX:EURJPY,164.327,164.34099999999998,164.30599999999998,164.31699999999998,406.0
2024-04-17 03:56:00,FX:EURJPY,164.31699999999998,164.331,164.304,164.31799999999998,452.0
2024-04-17 03:57:00,FX:EURJPY,164.31799999999998,164.34199999999998,164.316,164.33499999999998,391.0
2024-04-17 03:58:00,FX:EURJPY,164.33499999999998,164.345,164.31099999999998,164.313,390.0
2024-04-17 03:59:00,FX:EURJPY,164.313,164.32299999999998,164.278,164.28099999999998,363.0
2024-04-17 04:00:00,FX:EURJPY,164.28099999999998,164.28799999999998,164.267,164.26999999999998,285.0
2024-04-17 04:01:00,FX:EURJPY,164.26999999999998,164.29299999999998,164.267,164.28099999999998,273.0
2024-04-17 04:02:00,FX:EURJPY,164.28099999999998,164.29999999999998,164.27599999999998,164.29899999999998,222.0
2024-04-17 04:03:00,FX:EURJPY,164.29899999999998,164.308,164.29299999999998,164.298,189.0
2024-04-17 04:04:00,FX:EURJPY,164.298,164.308,164.284,164.29299999999998,214.0
2024-04-17 04:05:00,FX:EURJPY,164.29299999999998,164.298,164.283,164.29,187.0
2024-04-17 04:06:00,FX:EURJPY,164.29,164.31099999999998,164.28799999999998,164.307,239.0
2024-04-17 04:07:00,FX:EURJPY,164.307,164.34799999999998,164.307,164.34799999999998,221.0
2024-04-17 04:08:00,FX:EURJPY,164.34799999999998,164.34799999999998,164.328,164.334,331.0
2024-04-17 04:09:00,FX:EURJPY,164.334,164.34,164.321,164.338,332.0
2024-04-17 04:10:00,FX:EURJPY,164.338,164.351,164.31699999999998,164.32299999999998,394.0
2024-04-17 04:11:00,FX:EURJPY,164.32299999999998,164.34699999999998,164.319,164.319,310.0
2024-04-17 04:12:00,FX:EURJPY,164.319,164.368,164.31099999999998,164.346,472.0
2024-04-17 04:13:00,FX:EURJPY,164.346,164.351,164.32,164.321,450.0
2024-04-17 04:14:00,FX:EURJPY,164.321,164.32999999999998,164.321,164.327,305.0
2024-04-17 04:15:00,FX:EURJPY,164.327,164.33499999999998,164.307,164.332,279.0
2024-04-17 04:16:00,FX:EURJPY,164.332,164.35999999999999,164.331,164.352,286.0
2024-04-17 04:17:00,FX:EURJPY,164.352,164.39399999999998,164.351,164.39399999999998,317.0
2024-04-17 04:18:00,FX:EURJPY,164.39399999999998,164.41299999999998,164.381,164.39999999999998,360.0
2024-04-17 04:19:00,FX:EURJPY,164.39999999999998,164.44,164.397,164.426,465.0
2024-04-17 04:20:00,FX:EURJPY,164.426,164.46599999999998,164.415,164.457,620.0
2024-04-17 04:21:00,FX:EURJPY,164.457,164.471,164.429,164.434,650.0
2024-04-17 04:22:00,FX:EURJPY,164.434,164.46599999999998,164.434,164.45,460.0
2024-04-17 04:23:00,FX:EURJPY,164.45,164.471,164.44899999999998,164.45999999999998,379.0
2024-04-17 04:24:00,FX:EURJPY,164.45999999999998,164.49099999999999,164.457,164.486,353.0
2024-04-17 04:25:00,FX:EURJPY,164.486,164.50799999999998,164.481,164.489,400.0
2024-04-17 04:26:00,FX:EURJPY,164.489,164.49099999999999,164.47,164.486,256.0
2024-04-17 04:27:00,FX:EURJPY,164.486,164.487,164.452,164.456,312.0
2024-04-17 04:28:00,FX:EURJPY,164.456,164.482,164.44799999999998,164.468,330.0
2024-04-17 04:29:00,FX:EURJPY,164.468,164.47799999999998,164.463,164.468,266.0
2024-04-17 04:30:00,FX:EURJPY,164.468,164.475,164.432,164.468,410.0
2024-04-17 04:31:00,FX:EURJPY,164.468,164.48999999999998,164.463,164.489,315.0
2024-04-17 04:32:00,FX:EURJPY,164.489,164.505,164.48,164.498,348.0
2024-04-17 04:33:00,FX:EURJPY,164.498,164.501,164.489,164.499,398.0
2024-04-17 04:34:00,FX:EURJPY,164.499,164.527,164.499,164.515,307.0
2024-04-17 04:35:00,FX:EURJPY,164.515,164.53199999999998,164.506,164.511,417.0
2024-04-17 04:36:00,FX:EURJPY,164.511,164.516,164.498,164.498,393.0
2024-04-17 04:37:00,FX:EURJPY,164.498,164.509,164.494,164.504,354.0
2024-04-17 04:38:00,FX:EURJPY,164.504,164.52499999999998,164.48999999999998,164.52499999999998,364.0
2024-04-17 04:39:00,FX:EURJPY,164.52499999999998,164.527,164.488,164.492,269.0
2024-04-17 04:40:00,FX:EURJPY,164.492,164.499,164.486,164.48999999999998,316.0
2024-04-17 04:41:00,FX:EURJPY,164.48999999999998,164.51899999999998,164.47799999999998,164.499,402.0
2024-04-17 04:42:00,FX:EURJPY,164.499,164.499,164.482,164.48999999999998,307.0
2024-04-17 04:43:00,FX:EURJPY,164.48999999999998,164.498,164.477,164.487,198.0
2024-04-17 04:44:00,FX:EURJPY,164.487,164.5,164.48,164.493,296.0
2024-04-17 04:45:00,FX:EURJPY,164.493,164.499,164.474,164.474,222.0
2024-04-17 04:46:00,FX:EURJPY,164.474,164.498,164.47,164.492,229.0
2024-04-17 04:47:00,FX:EURJPY,164.492,164.492,164.477,164.489,216.0
2024-04-17 04:48:00,FX:EURJPY,164.489,164.48999999999998,164.427,164.42999999999998,253.0
2024-04-17 04:49:00,FX:EURJPY,164.42999999999998,164.456,164.429,164.45,249.0
2024-04-17 04:50:00,FX:EURJPY,164.45,164.456,164.44199999999998,164.446,344.0
2024-04-17 04:51:00,FX:EURJPY,164.446,164.48,164.43599999999998,164.47899999999998,366.0
2024-04-17 04:52:00,FX:EURJPY,164.47899999999998,164.50199999999998,164.47799999999998,164.5,346.0
2024-04-17 04:53:00,FX:EURJPY,164.5,164.505,164.482,164.49699999999999,299.0
2024-04-17 04:54:00,FX:EURJPY,164.49699999999999,164.506,164.487,164.501,269.0
2024-04-17 04:55:00,FX:EURJPY,164.501,164.506,164.465,164.469,311.0
2024-04-17 04:56:00,FX:EURJPY,164.469,164.469,164.434,164.438,289.0
2024-04-17 04:57:00,FX:EURJPY,164.438,164.45,164.421,164.446,326.0
2024-04-17 04:58:00,FX:EURJPY,164.446,164.46599999999998,164.439,164.445,328.0
2024-04-17 04:59:00,FX:EURJPY,164.445,164.46599999999998,164.43599999999998,164.463,295.0
2024-04-17 05:00:00,FX:EURJPY,164.463,164.463,164.40099999999998,164.41799999999998,791.0
2024-04-17 05:01:00,FX:EURJPY,164.41799999999998,164.423,164.386,164.398,465.0
2024-04-17 05:02:00,FX:EURJPY,164.398,164.444,164.397,164.44299999999998,236.0
2024-04-17 05:03:00,FX:EURJPY,164.44299999999998,164.452,164.42499999999998,164.428,382.0
2024-04-17 05:04:00,FX:EURJPY,164.428,164.429,164.40599999999998,164.416,343.0
2024-04-17 05:05:00,FX:EURJPY,164.416,164.429,164.39499999999998,164.402,273.0
2024-04-17 05:06:00,FX:EURJPY,164.402,164.43099999999998,164.391,164.42,373.0
2024-04-17 05:07:00,FX:EURJPY,164.42,164.42499999999998,164.40599999999998,164.409,329.0
2024-04-17 05:08:00,FX:EURJPY,164.409,164.435,164.40599999999998,164.409,280.0
2024-04-17 05:09:00,FX:EURJPY,164.409,164.411,164.382,164.38899999999998,321.0
2024-04-17 05:10:00,FX:EURJPY,164.38899999999998,164.417,164.38799999999998,164.40099999999998,315.0
2024-04-17 05:11:00,FX:EURJPY,164.40099999999998,164.429,164.399,164.429,268.0
2024-04-17 05:12:00,FX:EURJPY,164.429,164.46099999999998,164.41799999999998,164.42,405.0
2024-04-17 05:13:00,FX:EURJPY,164.42,164.427,164.399,164.416,294.0
2024-04-17 05:14:00,FX:EURJPY,164.416,164.44199999999998,164.41,164.42,300.0
2024-04-17 05:15:00,FX:EURJPY,164.42,164.441,164.409,164.434,355.0
2024-04-17 05:16:00,FX:EURJPY,164.434,164.44199999999998,164.417,164.41799999999998,237.0
2024-04-17 05:17:00,FX:EURJPY,164.41799999999998,164.427,164.396,164.398,258.0
2024-04-17 05:18:00,FX:EURJPY,164.398,164.432,164.392,164.432,369.0
2024-04-17 05:19:00,FX:EURJPY,164.432,164.435,164.415,164.416,199.0
2024-04-17 05:20:00,FX:EURJPY,164.416,164.43099999999998,164.414,164.427,300.0
2024-04-17 05:21:00,FX:EURJPY,164.427,164.429,164.41899999999998,164.41899999999998,233.0
2024-04-17 05:22:00,FX:EURJPY,164.41899999999998,164.42999999999998,164.41199999999998,164.426,205.0
2024-04-17 05:23:00,FX:EURJPY,164.426,164.45399999999998,164.426,164.452,213.0
2024-04-17 05:24:00,FX:EURJPY,164.452,164.463,164.447,164.46099999999998,321.0
2024-04-17 05:25:00,FX:EURJPY,164.46099999999998,164.487,164.46099999999998,164.47,283.0
2024-04-17 05:26:00,FX:EURJPY,164.47,164.488,164.47,164.48,298.0
2024-04-17 05:27:00,FX:EURJPY,164.48,164.49599999999998,164.475,164.482,403.0
2024-04-17 05:28:00,FX:EURJPY,164.482,164.498,164.481,164.48999999999998,345.0
2024-04-17 05:29:00,FX:EURJPY,164.48999999999998,164.50199999999998,164.488,164.499,257.0
2024-04-17 05:30:00,FX:EURJPY,164.499,164.51899999999998,164.492,164.517,257.0
2024-04-17 05:31:00,FX:EURJPY,164.517,164.55599999999998,164.517,164.547,298.0
2024-04-17 05:32:00,FX:EURJPY,164.547,164.57399999999998,164.546,164.546,280.0
2024-04-17 05:33:00,FX:EURJPY,164.546,164.552,164.524,164.527,442.0
2024-04-17 05:34:00,FX:EURJPY,164.527,164.529,164.509,164.51,272.0
2024-04-17 05:35:00,FX:EURJPY,164.51,164.533,164.504,164.51899999999998,392.0
2024-04-17 05:36:00,FX:EURJPY,164.51899999999998,164.522,164.499,164.505,340.0
2024-04-17 05:37:00,FX:EURJPY,164.505,164.512,164.494,164.51,207.0
2024-04-17 05:38:00,FX:EURJPY,164.51,164.51,164.495,164.503,189.0
2024-04-17 05:39:00,FX:EURJPY,164.503,164.504,164.48,164.489,233.0
2024-04-17 05:40:00,FX:EURJPY,164.489,164.49599999999998,164.47199999999998,164.482,246.0
2024-04-17 05:41:00,FX:EURJPY,164.482,164.48399999999998,164.465,164.482,166.0
2024-04-17 05:42:00,FX:EURJPY,164.482,164.498,164.482,164.49099999999999,264.0
2024-04-17 05:43:00,FX:EURJPY,164.49099999999999,164.505,164.48499999999999,164.504,216.0
2024-04-17 05:44:00,FX:EURJPY,164.504,164.51,164.498,164.51,136.0
2024-04-17 05:45:00,FX:EURJPY,164.51,164.546,164.506,164.53,195.0
2024-04-17 05:46:00,FX:EURJPY,164.53,164.539,164.515,164.521,192.0
2024-04-17 05:47:00,FX:EURJPY,164.521,164.535,164.514,164.534,156.0
2024-04-17 05:48:00,FX:EURJPY,164.534,164.544,164.52,164.527,214.0
2024-04-17 05:49:00,FX:EURJPY,164.527,164.541,164.506,164.507,214.0
2024-04-17 05:50:00,FX:EURJPY,164.507,164.529,164.506,164.528,221.0
2024-04-17 05:51:00,FX:EURJPY,164.528,164.542,164.525,164.539,229.0
2024-04-17 05:52:00,FX:EURJPY,164.539,164.54,164.505,164.507,248.0
2024-04-17 05:53:00,FX:EURJPY,164.507,164.524,164.505,164.51,237.0
2024-04-17 05:54:00,FX:EURJPY,164.51,164.52,164.495,164.517,230.0
2024-04-17 05:55:00,FX:EURJPY,164.517,164.517,164.499,164.499,219.0
2024-04-17 05:56:00,FX:EURJPY,164.499,164.505,164.489,164.491,143.0
2024-04-17 05:57:00,FX:EURJPY,164.491,164.494,164.479,164.481,199.0
2024-04-17 05:58:00,FX:EURJPY,164.481,164.485,164.473,164.475,219.0
2024-04-17 05:59:00,FX:EURJPY,164.475,164.507,164.469,164.506,232.0
2024-04-17 06:00:00,FX:EURJPY,164.506,164.525,164.505,164.525,213.0
2024-04-17 06:01:00,FX:EURJPY,164.525,164.538,164.524,164.525,212.0
2024-04-17 06:02:00,FX:EURJPY,164.525,164.527,164.508,164.508,179.0
2024-04-17 06:03:00,FX:EURJPY,164.508,164.529,164.508,164.522,222.0
2024-04-17 06:04:00,FX:EURJPY,164.522,164.538,164.511,164.532,213.0
2024-04-17 06:05:00,FX:EURJPY,164.532,164.545,164.527,164.527,228.0
2024-04-17 06:06:00,FX:EURJPY,164.527,164.534,164.516,164.516,229.0
2024-04-17 06:07:00,FX:EURJPY,164.516,164.537,164.513,164.532,301.0
2024-04-17 06:08:00,FX:EURJPY,164.532,164.549,164.529,164.536,334.0
2024-04-17 06:09:00,FX:EURJPY,164.536,164.553,164.535,164.551,196.0
2024-04-17 06:10:00,FX:EURJPY,164.551,164.551,164.539,164.543,151.0
2024-04-17 06:11:00,FX:EURJPY,164.543,164.554,164.534,164.537,181.0
2024-04-17 06:12:00,FX:EURJPY,164.537,164.543,164.531,164.539,167.0
2024-04-17 06:13:00,FX:EURJPY,164.539,164.541,164.532,164.532,98.0
2024-04-17 06:14:00,FX:EURJPY,164.532,164.553,164.532,164.549,173.0
2024-04-17 06:15:00,FX:EURJPY,164.549,164.549,164.536,164.545,148.0
2024-04-17 06:16:00,FX:EURJPY,164.545,164.546,164.536,164.539,136.0
2024-04-17 06:17:00,FX:EURJPY,164.539,164.541,164.528,164.536,121.0
2024-04-17 06:18:00,FX:EURJPY,164.536,164.541,164.52,164.52,206.0
2024-04-17 06:19:00,FX:EURJPY,164.52,164.534,164.517,164.533,207.0
2024-04-17 06:20:00,FX:EURJPY,164.533,164.548,164.53,164.53,153.0
2024-04-17 06:21:00,FX:EURJPY,164.53,164.535,164.52,164.52,113.0
2024-04-17 06:22:00,FX:EURJPY,164.52,164.531,164.518,164.526,122.0
2024-04-17 06:23:00,FX:EURJPY,164.526,164.527,164.502,164.504,165.0
2024-04-17 06:24:00,FX:EURJPY,164.504,164.528,164.502,164.526,186.0
2024-04-17 06:25:00,FX:EURJPY,164.526,164.526,164.519,164.523,116.0
2024-04-17 06:26:00,FX:EURJPY,164.523,164.524,164.518,164.524,135.0
2024-04-17 06:27:00,FX:EURJPY,164.524,164.525,164.515,164.521,111.0
2024-04-17 06:28:00,FX:EURJPY,164.521,164.529,164.513,164.529,167.0
2024-04-17 06:29:00,FX:EURJPY,164.529,164.536,164.527,164.527,132.0
2024-04-17 06:30:00,FX:EURJPY,164.527,164.54,164.521,164.521,135.0
2024-04-17 06:31:00,FX:EURJPY,164.521,164.549,164.521,164.539,153.0
2024-04-17 06:32:00,FX:EURJPY,164.539,164.56,164.539,164.558,187.0
2024-04-17 06:33:00,FX:EURJPY,164.558,164.558,164.543,164.547,166.0
2024-04-17 06:34:00,FX:EURJPY,164.547,164.557,164.543,164.553,173.0
2024-04-17 06:35:00,FX:EURJPY,164.553,164.559,164.547,164.557,187.0
2024-04-17 06:36:00,FX:EURJPY,164.557,164.558,164.537,164.538,127.0
2024-04-17 06:37:00,FX:EURJPY,164.538,164.538,164.527,164.531,196.0
2024-04-17 06:38:00,FX:EURJPY,164.531,164.535,164.521,164.529,149.0
2024-04-17 06:39:00,FX:EURJPY,164.529,164.539,164.526,164.539,159.0
2024-04-17 06:40:00,FX:EURJPY,164.539,164.543,164.532,164.534,110.0
2024-04-17 06:41:00,FX:EURJPY,164.534,164.559,164.527,164.554,166.0
2024-04-17 06:42:00,FX:EURJPY,164.554,164.566,164.551,164.562,161.0
2024-04-17 06:43:00,FX:EURJPY,164.562,164.567,164.556,164.565,183.0
2024-04-17 06:44:00,FX:EURJPY,164.565,164.566,164.549,164.549,181.0
2024-04-17 06:45:00,FX:EURJPY,164.549,164.555,164.526,164.554,209.0
2024-04-17 06:46:00,FX:EURJPY,164.554,164.56,164.553,164.559,108.0
2024-04-17 06:47:00,FX:EURJPY,164.559,164.567,164.55,164.567,113.0
2024-04-17 06:48:00,FX:EURJPY,164.567,164.573,164.562,164.568,172.0
2024-04-17 06:49:00,FX:EURJPY,164.568,164.569,164.54,164.54,110.0
2024-04-17 06:50:00,FX:EURJPY,164.54,164.557,164.538,164.556,243.0
2024-04-17 06:51:00,FX:EURJPY,164.556,164.562,164.554,164.561,103.0
2024-04-17 06:52:00,FX:EURJPY,164.561,164.562,164.535,164.54,120.0
2024-04-17 06:53:00,FX:EURJPY,164.54,164.544,164.528,164.531,125.0
2024-04-17 06:54:00,FX:EURJPY,164.531,164.532,164.516,164.531,166.0
2024-04-17 06:55:00,FX:EURJPY,164.531,164.531,164.504,164.511,180.0
2024-04-17 06:56:00,FX:EURJPY,164.511,164.524,164.5,164.501,145.0
2024-04-17 06:57:00,FX:EURJPY,164.501,164.514,164.501,164.502,135.0
2024-04-17 06:58:00,FX:EURJPY,164.502,164.508,164.496,164.505,132.0
2024-04-17 06:59:00,FX:EURJPY,164.505,164.514,164.5,164.511,230.0
2024-04-17 07:00:00,FX:EURJPY,164.511,164.53,164.506,164.527,229.0
2024-04-17 07:01:00,FX:EURJPY,164.527,164.543,164.527,164.541,263.0
2024-04-17 07:02:00,FX:EURJPY,164.541,164.557,164.54,164.556,289.0
2024-04-17 07:03:00,FX:EURJPY,164.556,164.583,164.556,164.58,223.0
2024-04-17 07:04:00,FX:EURJPY,164.58,164.602,164.58,164.598,247.0
2024-04-17 07:05:00,FX:EURJPY,164.598,164.632,164.598,164.631,310.0
2024-04-17 07:06:00,FX:EURJPY,164.631,164.631,164.605,164.608,206.0
2024-04-17 07:07:00,FX:EURJPY,164.608,164.611,164.598,164.61,235.0
2024-04-17 07:08:00,FX:EURJPY,164.61,164.617,164.609,164.616,167.0
2024-04-17 07:09:00,FX:EURJPY,164.616,164.632,164.611,164.631,168.0
2024-04-17 07:10:00,FX:EURJPY,164.631,164.638,164.621,164.627,212.0
2024-04-17 07:11:00,FX:EURJPY,164.627,164.628,164.61,164.614,275.0
2024-04-17 07:12:00,FX:EURJPY,164.614,164.618,164.588,164.594,268.0
2024-04-17 07:13:00,FX:EURJPY,164.594,164.601,164.588,164.592,199.0
2024-04-17 07:14:00,FX:EURJPY,164.592,164.605,164.588,164.603,187.0
2024-04-17 07:15:00,FX:EURJPY,164.603,164.613,164.593,164.6,278.0
2024-04-17 07:16:00,FX:EURJPY,164.6,164.625,164.597,164.625,183.0
2024-04-17 07:17:00,FX:EURJPY,164.625,164.625,164.609,164.61,184.0
2024-04-17 07:18:00,FX:EURJPY,164.61,164.613,164.6,164.613,103.0
2024-04-17 07:19:00,FX:EURJPY,164.613,164.618,164.596,164.605,176.0
2024-04-17 07:20:00,FX:EURJPY,164.605,164.605,164.584,164.584,151.0
2024-04-17 07:21:00,FX:EURJPY,164.584,164.588,164.579,164.585,141.0
2024-04-17 07:22:00,FX:EURJPY,164.585,164.604,164.577,164.604,208.0
2024-04-17 07:23:00,FX:EURJPY,164.604,164.608,164.557,164.564,222.0
2024-04-17 07:24:00,FX:EURJPY,164.564,164.579,164.564,164.578,201.0
2024-04-17 07:25:00,FX:EURJPY,164.578,164.592,164.571,164.577,201.0
2024-04-17 07:26:00,FX:EURJPY,164.577,164.583,164.569,164.581,164.0
2024-04-17 07:27:00,FX:EURJPY,164.581,164.582,164.564,164.573,179.0
2024-04-17 07:28:00,FX:EURJPY,164.573,164.58,164.563,164.579,139.0
2024-04-17 07:29:00,FX:EURJPY,164.579,164.59,164.571,164.581,189.0
2024-04-17 07:30:00,FX:EURJPY,164.581,164.581,164.56,164.566,222.0
2024-04-17 07:31:00,FX:EURJPY,164.566,164.566,164.544,164.552,171.0
2024-04-17 07:32:00,FX:EURJPY,164.552,164.553,164.525,164.533,161.0
2024-04-17 07:33:00,FX:EURJPY,164.533,164.571,164.527,164.569,182.0
2024-04-17 07:34:00,FX:EURJPY,164.569,164.571,164.544,164.544,224.0
2024-04-17 07:35:00,FX:EURJPY,164.544,164.551,164.526,164.536,180.0
2024-04-17 07:36:00,FX:EURJPY,164.536,164.544,164.519,164.52,142.0
2024-04-17 07:37:00,FX:EURJPY,164.52,164.531,164.506,164.507,203.0
2024-04-17 07:38:00,FX:EURJPY,164.507,164.518,164.507,164.507,149.0
2024-04-17 07:39:00,FX:EURJPY,164.507,164.513,164.496,164.509,166.0
2024-04-17 07:40:00,FX:EURJPY,164.509,164.518,164.501,164.501,125.0
2024-04-17 07:41:00,FX:EURJPY,164.501,164.518,164.499,164.517,145.0
2024-04-17 07:42:00,FX:EURJPY,164.517,164.529,164.511,164.516,166.0
2024-04-17 07:43:00,FX:EURJPY,164.516,164.529,164.511,164.529,172.0
2024-04-17 07:44:00,FX:EURJPY,164.529,164.54,164.513,164.516,163.0
2024-04-17 07:45:00,FX:EURJPY,164.516,164.516,164.491,164.491,155.0
2024-04-17 07:46:00,FX:EURJPY,164.491,164.494,164.469,164.47,196.0
2024-04-17 07:47:00,FX:EURJPY,164.47,164.492,164.466,164.489,200.0
2024-04-17 07:48:00,FX:EURJPY,164.489,164.494,164.477,164.479,237.0
2024-04-17 07:49:00,FX:EURJPY,164.479,164.488,164.478,164.479,174.0
2024-04-17 07:50:00,FX:EURJPY,164.479,164.491,164.479,164.484,129.0
2024-04-17 07:51:00,FX:EURJPY,164.484,164.494,164.479,164.481,146.0
2024-04-17 07:52:00,FX:EURJPY,164.481,164.494,164.476,164.478,215.0
2024-04-17 07:53:00,FX:EURJPY,164.478,164.49,164.478,164.481,172.0
2024-04-17 07:54:00,FX:EURJPY,164.481,164.483,164.467,164.478,131.0
2024-04-17 07:55:00,FX:EURJPY,164.478,164.478,164.446,164.451,183.0
2024-04-17 07:56:00,FX:EURJPY,164.451,164.452,164.419,164.419,276.0
2024-04-17 07:57:00,FX:EURJPY,164.419,164.435,164.415,164.434,358.0
2024-04-17 07:58:00,FX:EURJPY,164.434,164.447,164.434,164.439,337.0
2024-04-17 07:59:00,FX:EURJPY,164.439,164.474,164.439,164.458,306.0
2024-04-17 08:00:00,FX:EURJPY,164.458,164.498,164.458,164.491,309.0
2024-04-17 08:01:00,FX:EURJPY,164.491,164.5,164.489,164.498,376.0
2024-04-17 08:02:00,FX:EURJPY,164.498,164.52,164.49,164.514,356.0
2024-04-17 08:03:00,FX:EURJPY,164.514,164.529,164.51,164.518,364.0
2024-04-17 08:04:00,FX:EURJPY,164.518,164.553,164.517,164.551,316.0
2024-04-17 08:05:00,FX:EURJPY,164.551,164.569,164.551,164.569,343.0
2024-04-17 08:06:00,FX:EURJPY,164.569,164.571,164.557,164.569,339.0
2024-04-17 08:07:00,FX:EURJPY,164.569,164.581,164.55,164.577,345.0
2024-04-17 08:08:00,FX:EURJPY,164.577,164.579,164.549,164.557,232.0
2024-04-17 08:09:00,FX:EURJPY,164.557,164.557,164.538,164.542,259.0
2024-04-17 08:10:00,FX:EURJPY,164.542,164.544,164.532,164.544,191.0
2024-04-17 08:11:00,FX:EURJPY,164.544,164.556,164.536,164.554,246.0
2024-04-17 08:12:00,FX:EURJPY,164.554,164.566,164.543,164.553,235.0
2024-04-17 08:13:00,FX:EURJPY,164.553,164.569,164.552,164.563,148.0
2024-04-17 08:14:00,FX:EURJPY,164.563,164.563,164.542,164.556,195.0
2024-04-17 08:15:00,FX:EURJPY,164.556,164.557,164.523,164.524,231.0
2024-04-17 08:16:00,FX:EURJPY,164.524,164.534,164.515,164.528,293.0
2024-04-17 08:17:00,FX:EURJPY,164.528,164.542,164.526,164.54,238.0
2024-04-17 08:18:00,FX:EURJPY,164.54,164.554,164.537,164.55,190.0
2024-04-17 08:19:00,FX:EURJPY,164.55,164.573,164.55,164.568,213.0
2024-04-17 08:20:00,FX:EURJPY,164.568,164.572,164.545,164.555,520.0
2024-04-17 08:21:00,FX:EURJPY,164.555,164.555,164.516,164.526,354.0
2024-04-17 08:22:00,FX:EURJPY,164.526,164.527,164.487,164.517,349.0
2024-04-17 08:23:00,FX:EURJPY,164.517,164.52,164.493,164.495,364.0
2024-04-17 08:24:00,FX:EURJPY,164.495,164.497,164.455,164.461,339.0
2024-04-17 08:25:00,FX:EURJPY,164.461,164.478,164.459,164.462,283.0
2024-04-17 08:26:00,FX:EURJPY,164.462,164.468,164.452,164.459,239.0
2024-04-17 08:27:00,FX:EURJPY,164.459,164.465,164.456,164.464,129.0
2024-04-17 08:28:00,FX:EURJPY,164.464,164.466,164.453,164.463,207.0
2024-04-17 08:29:00,FX:EURJPY,164.463,164.486,164.462,164.473,292.0
2024-04-17 08:30:00,FX:EURJPY,164.473,164.478,164.452,164.458,465.0
2024-04-17 08:31:00,FX:EURJPY,164.458,164.461,164.436,164.45,334.0
2024-04-17 08:32:00,FX:EURJPY,164.45,164.464,164.45,164.451,269.0
2024-04-17 08:33:00,FX:EURJPY,164.451,164.461,164.445,164.46,233.0
2024-04-17 08:34:00,FX:EURJPY,164.46,164.469,164.453,164.468,161.0
2024-04-17 08:35:00,FX:EURJPY,164.468,164.48,164.466,164.475,259.0
2024-04-17 08:36:00,FX:EURJPY,164.475,164.476,164.437,164.45,277.0
2024-04-17 08:37:00,FX:EURJPY,164.45,164.468,164.44,164.467,280.0
2024-04-17 08:38:00,FX:EURJPY,164.467,164.483,164.465,164.482,138.0
2024-04-17 08:39:00,FX:EURJPY,164.482,164.5,164.482,164.49,229.0
2024-04-17 08:40:00,FX:EURJPY,164.49,164.493,164.448,164.452,252.0
2024-04-17 08:41:00,FX:EURJPY,164.452,164.49,164.438,164.469,347.0
2024-04-17 08:42:00,FX:EURJPY,164.469,164.47,164.455,164.462,303.0
2024-04-17 08:43:00,FX:EURJPY,164.462,164.478,164.461,164.465,219.0
2024-04-17 08:44:00,FX:EURJPY,164.465,164.491,164.465,164.491,248.0
2024-04-17 08:45:00,FX:EURJPY,164.491,164.51,164.488,164.507,310.0
2024-04-17 08:46:00,FX:EURJPY,164.507,164.517,164.503,164.511,316.0
2024-04-17 08:47:00,FX:EURJPY,164.511,164.535,164.508,164.518,370.0
2024-04-17 08:48:00,FX:EURJPY,164.518,164.523,164.501,164.501,222.0
2024-04-17 08:49:00,FX:EURJPY,164.501,164.513,164.495,164.498,243.0
2024-04-17 08:50:00,FX:EURJPY,164.498,164.515,164.496,164.504,331.0
2024-04-17 08:51:00,FX:EURJPY,164.504,164.513,164.488,164.497,205.0
2024-04-17 08:52:00,FX:EURJPY,164.497,164.5,164.483,164.484,233.0
2024-04-17 08:53:00,FX:EURJPY,164.484,164.484,164.464,164.48,261.0
2024-04-17 08:54:00,FX:EURJPY,164.48,164.481,164.456,164.458,235.0
2024-04-17 08:55:00,FX:EURJPY,164.458,164.485,164.456,164.467,296.0
2024-04-17 08:56:00,FX:EURJPY,164.467,164.476,164.456,164.468,283.0
2024-04-17 08:57:00,FX:EURJPY,164.468,164.47,164.424,164.438,338.0
2024-04-17 08:58:00,FX:EURJPY,164.438,164.45,164.423,164.445,353.0
2024-04-17 08:59:00,FX:EURJPY,164.445,164.452,164.435,164.442,286.0
2024-04-17 09:00:00,FX:EURJPY,164.442,164.473,164.439,164.464,341.0
2024-04-17 09:01:00,FX:EURJPY,164.464,164.473,164.461,164.47,324.0
2024-04-17 09:02:00,FX:EURJPY,164.47,164.473,164.456,164.468,248.0
2024-04-17 09:03:00,FX:EURJPY,164.468,164.484,164.464,164.478,279.0
2024-04-17 09:04:00,FX:EURJPY,164.478,164.498,164.46,164.468,252.0
2024-04-17 09:05:00,FX:EURJPY,164.468,164.474,164.445,164.454,275.0
2024-04-17 09:06:00,FX:EURJPY,164.454,164.475,164.453,164.455,298.0
2024-04-17 09:07:00,FX:EURJPY,164.455,164.479,164.454,164.466,258.0
2024-04-17 09:08:00,FX:EURJPY,164.466,164.485,164.461,164.485,220.0
2024-04-17 09:09:00,FX:EURJPY,164.485,164.492,164.477,164.481,243.0
2024-04-17 09:10:00,FX:EURJPY,164.481,164.482,164.463,164.478,268.0
2024-04-17 09:11:00,FX:EURJPY,164.478,164.479,164.461,164.465,150.0
2024-04-17 09:12:00,FX:EURJPY,164.465,164.472,164.456,164.471,329.0
2024-04-17 09:13:00,FX:EURJPY,164.471,164.494,164.467,164.494,348.0
2024-04-17 09:14:00,FX:EURJPY,164.494,164.528,164.494,164.528,395.0
2024-04-17 09:15:00,FX:EURJPY,164.528,164.545,164.523,164.542,359.0
2024-04-17 09:16:00,FX:EURJPY,164.542,164.549,164.512,164.512,299.0
2024-04-17 09:17:00,FX:EURJPY,164.512,164.521,164.509,164.517,191.0
2024-04-17 09:18:00,FX:EURJPY,164.517,164.52,164.494,164.498,297.0
2024-04-17 09:19:00,FX:EURJPY,164.498,164.498,164.483,164.487,428.0
2024-04-17 09:20:00,FX:EURJPY,164.487,164.5,164.48,164.498,337.0
2024-04-17 09:21:00,FX:EURJPY,164.498,164.514,164.496,164.513,257.0
2024-04-17 09:22:00,FX:EURJPY,164.513,164.517,164.482,164.517,405.0
2024-04-17 09:23:00,FX:EURJPY,164.517,164.525,164.499,164.503,344.0
2024-04-17 09:24:00,FX:EURJPY,164.503,164.527,164.498,164.525,223.0
2024-04-17 09:25:00,FX:EURJPY,164.525,164.526,164.51,164.525,349.0
2024-04-17 09:26:00,FX:EURJPY,164.525,164.543,164.524,164.539,268.0
2024-04-17 09:27:00,FX:EURJPY,164.539,164.56,164.529,164.559,283.0
2024-04-17 09:28:00,FX:EURJPY,164.559,164.58,164.556,164.562,319.0
2024-04-17 09:29:00,FX:EURJPY,164.562,164.59,164.555,164.572,363.0
2024-04-17 09:30:00,FX:EURJPY,164.572,164.572,164.545,164.565,385.0
2024-04-17 09:31:00,FX:EURJPY,164.565,164.598,164.559,164.568,469.0
2024-04-17 09:32:00,FX:EURJPY,164.568,164.57,164.529,164.542,469.0
2024-04-17 09:33:00,FX:EURJPY,164.542,164.568,164.536,164.55,484.0
2024-04-17 09:34:00,FX:EURJPY,164.55,164.564,164.546,164.557,439.0
2024-04-17 09:35:00,FX:EURJPY,164.557,164.579,164.537,164.578,368.0
2024-04-17 09:36:00,FX:EURJPY,164.578,164.583,164.56,164.574,478.0
2024-04-17 09:37:00,FX:EURJPY,164.574,164.576,164.549,164.567,588.0
2024-04-17 09:38:00,FX:EURJPY,164.567,164.586,164.558,164.578,465.0
2024-04-17 09:39:00,FX:EURJPY,164.578,164.589,164.569,164.574,311.0
2024-04-17 09:40:00,FX:EURJPY,164.574,164.594,164.563,164.565,392.0
2024-04-17 09:41:00,FX:EURJPY,164.565,164.572,164.539,164.568,502.0
2024-04-17 09:42:00,FX:EURJPY,164.568,164.587,164.557,164.587,431.0
2024-04-17 09:43:00,FX:EURJPY,164.587,164.644,164.584,164.633,419.0
2024-04-17 09:44:00,FX:EURJPY,164.633,164.655,164.632,164.655,313.0
2024-04-17 09:45:00,FX:EURJPY,164.655,164.669,164.649,164.662,385.0
2024-04-17 09:46:00,FX:EURJPY,164.662,164.699,164.66,164.694,337.0
2024-04-17 09:47:00,FX:EURJPY,164.694,164.747,164.689,164.739,510.0
2024-04-17 09:48:00,FX:EURJPY,164.739,164.744,164.684,164.696,452.0
2024-04-17 09:49:00,FX:EURJPY,164.696,164.696,164.644,164.649,434.0
2024-04-17 09:50:00,FX:EURJPY,164.649,164.677,164.648,164.677,361.0
2024-04-17 09:51:00,FX:EURJPY,164.677,164.677,164.634,164.637,348.0
2024-04-17 09:52:00,FX:EURJPY,164.637,164.693,164.637,164.671,390.0
2024-04-17 09:53:00,FX:EURJPY,164.671,164.69,164.662,164.667,448.0
2024-04-17 09:54:00,FX:EURJPY,164.667,164.672,164.646,164.664,358.0
2024-04-17 09:55:00,FX:EURJPY,164.664,164.664,164.642,164.652,328.0
2024-04-17 09:56:00,FX:EURJPY,164.652,164.673,164.635,164.644,259.0
2024-04-17 09:57:00,FX:EURJPY,164.644,164.65,164.616,164.617,320.0
2024-04-17 09:58:00,FX:EURJPY,164.617,164.624,164.607,164.61,413.0
2024-04-17 09:59:00,FX:EURJPY,164.61,164.625,164.602,164.61,429.0
2024-04-17 10:00:00,FX:EURJPY,164.61,164.636,164.605,164.632,532.0
2024-04-17 10:01:00,FX:EURJPY,164.632,164.632,164.621,164.631,281.0
2024-04-17 10:02:00,FX:EURJPY,164.631,164.645,164.625,164.632,332.0
2024-04-17 10:03:00,FX:EURJPY,164.632,164.649,164.631,164.636,320.0
2024-04-17 10:04:00,FX:EURJPY,164.636,164.638,164.595,164.611,318.0
2024-04-17 10:05:00,FX:EURJPY,164.611,164.614,164.599,164.604,295.0
2024-04-17 10:06:00,FX:EURJPY,164.604,164.645,164.603,164.635,419.0
2024-04-17 10:07:00,FX:EURJPY,164.635,164.661,164.627,164.661,423.0
2024-04-17 10:08:00,FX:EURJPY,164.661,164.661,164.637,164.653,367.0
2024-04-17 10:09:00,FX:EURJPY,164.653,164.662,164.633,164.652,291.0
2024-04-17 10:10:00,FX:EURJPY,164.652,164.666,164.642,164.645,389.0
2024-04-17 10:11:00,FX:EURJPY,164.645,164.654,164.587,164.589,360.0
2024-04-17 10:12:00,FX:EURJPY,164.589,164.597,164.551,164.558,337.0
2024-04-17 10:13:00,FX:EURJPY,164.558,164.578,164.549,164.577,361.0
2024-04-17 10:14:00,FX:EURJPY,164.577,164.594,164.567,164.583,402.0
2024-04-17 10:15:00,FX:EURJPY,164.583,164.589,164.559,164.576,391.0
2024-04-17 10:16:00,FX:EURJPY,164.576,164.577,164.55,164.573,371.0
2024-04-17 10:17:00,FX:EURJPY,164.573,164.586,164.572,164.582,334.0
2024-04-17 10:18:00,FX:EURJPY,164.582,164.62,164.579,164.606,349.0
2024-04-17 10:19:00,FX:EURJPY,164.606,164.606,164.583,164.596,310.0
2024-04-17 10:20:00,FX:EURJPY,164.596,164.597,164.553,164.553,349.0
2024-04-17 10:21:00,FX:EURJPY,164.553,164.565,164.549,164.562,232.0
2024-04-17 10:22:00,FX:EURJPY,164.562,164.574,164.517,164.521,361.0
2024-04-17 10:23:00,FX:EURJPY,164.521,164.532,164.508,164.528,263.0
2024-04-17 10:24:00,FX:EURJPY,164.528,164.547,164.528,164.547,289.0
2024-04-17 10:25:00,FX:EURJPY,164.547,164.588,164.547,164.575,372.0
2024-04-17 10:26:00,FX:EURJPY,164.575,164.627,164.575,164.622,360.0
2024-04-17 10:27:00,FX:EURJPY,164.622,164.622,164.59,164.593,424.0
2024-04-17 10:28:00,FX:EURJPY,164.593,164.596,164.573,164.585,395.0
2024-04-17 10:29:00,FX:EURJPY,164.585,164.585,164.56,164.567,296.0
2024-04-17 10:30:00,FX:EURJPY,164.567,164.579,164.554,164.578,281.0
2024-04-17 10:31:00,FX:EURJPY,164.578,164.598,164.567,164.589,385.0
2024-04-17 10:32:00,FX:EURJPY,164.589,164.596,164.569,164.57,376.0
2024-04-17 10:33:00,FX:EURJPY,164.57,164.573,164.549,164.567,404.0
2024-04-17 10:34:00,FX:EURJPY,164.567,164.572,164.547,164.558,330.0
2024-04-17 10:35:00,FX:EURJPY,164.558,164.574,164.537,164.573,303.0
2024-04-17 10:36:00,FX:EURJPY,164.573,164.6,164.549,164.549,409.0
2024-04-17 10:37:00,FX:EURJPY,164.549,164.554,164.533,164.542,326.0
2024-04-17 10:38:00,FX:EURJPY,164.542,164.553,164.534,164.536,323.0
2024-04-17 10:39:00,FX:EURJPY,164.536,164.544,164.523,164.526,356.0
2024-04-17 10:40:00,FX:EURJPY,164.526,164.531,164.512,164.522,386.0
2024-04-17 10:41:00,FX:EURJPY,164.522,164.539,164.522,164.536,450.0
2024-04-17 10:42:00,FX:EURJPY,164.536,164.549,164.529,164.548,392.0
2024-04-17 10:43:00,FX:EURJPY,164.548,164.553,164.522,164.526,360.0
2024-04-17 10:44:00,FX:EURJPY,164.526,164.526,164.498,164.522,329.0
2024-04-17 10:45:00,FX:EURJPY,164.522,164.532,164.517,164.529,298.0
2024-04-17 10:46:00,FX:EURJPY,164.529,164.555,164.514,164.519,337.0
2024-04-17 10:47:00,FX:EURJPY,164.519,164.533,164.518,164.527,301.0
2024-04-17 10:48:00,FX:EURJPY,164.527,164.542,164.526,164.541,359.0
2024-04-17 10:49:00,FX:EURJPY,164.541,164.541,164.521,164.526,226.0
2024-04-17 10:50:00,FX:EURJPY,164.526,164.526,164.5,164.509,312.0
2024-04-17 10:51:00,FX:EURJPY,164.509,164.509,164.461,164.475,557.0
2024-04-17 10:52:00,FX:EURJPY,164.475,164.478,164.437,164.437,324.0
2024-04-17 10:53:00,FX:EURJPY,164.437,164.445,164.421,164.433,333.0
2024-04-17 10:54:00,FX:EURJPY,164.433,164.436,164.404,164.416,381.0
2024-04-17 10:55:00,FX:EURJPY,164.416,164.457,164.416,164.45,338.0
2024-04-17 10:56:00,FX:EURJPY,164.45,164.468,164.447,164.466,234.0
2024-04-17 10:57:00,FX:EURJPY,164.466,164.503,164.465,164.502,430.0
2024-04-17 10:58:00,FX:EURJPY,164.502,164.521,164.496,164.504,494.0
2024-04-17 10:59:00,FX:EURJPY,164.504,164.504,164.479,164.48,545.0
2024-04-17 11:00:00,FX:EURJPY,164.48,164.508,164.479,164.505,446.0
2024-04-17 11:01:00,FX:EURJPY,164.505,164.548,164.505,164.541,372.0
2024-04-17 11:02:00,FX:EURJPY,164.541,164.541,164.508,164.512,346.0
2024-04-17 11:03:00,FX:EURJPY,164.512,164.521,164.499,164.519,344.0
2024-04-17 11:04:00,FX:EURJPY,164.519,164.537,164.517,164.529,264.0
2024-04-17 11:05:00,FX:EURJPY,164.529,164.534,164.52,164.531,259.0
2024-04-17 11:06:00,FX:EURJPY,164.531,164.539,164.498,164.498,271.0
2024-04-17 11:07:00,FX:EURJPY,164.498,164.508,164.479,164.506,307.0
2024-04-17 11:08:00,FX:EURJPY,164.506,164.522,164.502,164.507,287.0
2024-04-17 11:09:00,FX:EURJPY,164.507,164.521,164.505,164.52,302.0
2024-04-17 11:10:00,FX:EURJPY,164.52,164.538,164.512,164.526,307.0
2024-04-17 11:11:00,FX:EURJPY,164.526,164.55,164.521,164.547,246.0
2024-04-17 11:12:00,FX:EURJPY,164.547,164.547,164.526,164.542,250.0
2024-04-17 11:13:00,FX:EURJPY,164.542,164.543,164.521,164.536,309.0
2024-04-17 11:14:00,FX:EURJPY,164.536,164.553,164.534,164.552,387.0
2024-04-17 11:15:00,FX:EURJPY,164.552,164.56,164.536,164.546,383.0
2024-04-17 11:16:00,FX:EURJPY,164.546,164.574,164.544,164.557,322.0
2024-04-17 11:17:00,FX:EURJPY,164.557,164.563,164.547,164.557,297.0
2024-04-17 11:18:00,FX:EURJPY,164.557,164.564,164.545,164.554,348.0
2024-04-17 11:19:00,FX:EURJPY,164.554,164.556,164.515,164.515,322.0
2024-04-17 11:20:00,FX:EURJPY,164.515,164.524,164.511,164.519,307.0
2024-04-17 11:21:00,FX:EURJPY,164.519,164.527,164.511,164.525,374.0
2024-04-17 11:22:00,FX:EURJPY,164.525,164.533,164.518,164.522,459.0
2024-04-17 11:23:00,FX:EURJPY,164.522,164.534,164.513,164.519,339.0
2024-04-17 11:24:00,FX:EURJPY,164.519,164.542,164.516,164.536,342.0
2024-04-17 11:25:00,FX:EURJPY,164.536,164.545,164.53,164.54,423.0
2024-04-17 11:26:00,FX:EURJPY,164.54,164.545,164.526,164.544,433.0
2024-04-17 11:27:00,FX:EURJPY,164.544,164.565,164.543,164.56,394.0
2024-04-17 11:28:00,FX:EURJPY,164.56,164.58,164.557,164.558,260.0
2024-04-17 11:29:00,FX:EURJPY,164.558,164.568,164.543,164.544,266.0
2024-04-17 11:30:00,FX:EURJPY,164.544,164.551,164.508,164.513,387.0
2024-04-17 11:31:00,FX:EURJPY,164.513,164.537,164.51,164.53,326.0
2024-04-17 11:32:00,FX:EURJPY,164.53,164.554,164.525,164.529,289.0
2024-04-17 11:33:00,FX:EURJPY,164.529,164.542,164.528,164.535,255.0
2024-04-17 11:34:00,FX:EURJPY,164.535,164.576,164.535,164.575,299.0
2024-04-17 11:35:00,FX:EURJPY,164.575,164.616,164.575,164.59,480.0
2024-04-17 11:36:00,FX:EURJPY,164.59,164.591,164.563,164.567,308.0
2024-04-17 11:37:00,FX:EURJPY,164.567,164.567,164.543,164.549,342.0
2024-04-17 11:38:00,FX:EURJPY,164.549,164.564,164.542,164.563,385.0
2024-04-17 11:39:00,FX:EURJPY,164.563,164.566,164.55,164.558,332.0
2024-04-17 11:40:00,FX:EURJPY,164.558,164.573,164.546,164.571,292.0
2024-04-17 11:41:00,FX:EURJPY,164.571,164.58,164.559,164.573,269.0
2024-04-17 11:42:00,FX:EURJPY,164.573,164.586,164.558,164.586,250.0
2024-04-17 11:43:00,FX:EURJPY,164.586,164.602,164.58,164.582,271.0
2024-04-17 11:44:00,FX:EURJPY,164.582,164.592,164.577,164.59,283.0
2024-04-17 11:45:00,FX:EURJPY,164.59,164.591,164.562,164.569,449.0
2024-04-17 11:46:00,FX:EURJPY,164.569,164.57,164.55,164.559,381.0
2024-04-17 11:47:00,FX:EURJPY,164.559,164.572,164.553,164.569,357.0
2024-04-17 11:48:00,FX:EURJPY,164.569,164.569,164.544,164.555,358.0
2024-04-17 11:49:00,FX:EURJPY,164.555,164.555,164.532,164.546,358.0
2024-04-17 11:50:00,FX:EURJPY,164.546,164.559,164.538,164.548,259.0
2024-04-17 11:51:00,FX:EURJPY,164.548,164.556,164.54,164.543,274.0
2024-04-17 11:52:00,FX:EURJPY,164.543,164.548,164.53,164.53,278.0
2024-04-17 11:53:00,FX:EURJPY,164.53,164.54,164.509,164.514,388.0
2024-04-17 11:54:00,FX:EURJPY,164.514,164.551,164.514,164.545,490.0
2024-04-17 11:55:00,FX:EURJPY,164.545,164.557,164.538,164.557,273.0
2024-04-17 11:56:00,FX:EURJPY,164.557,164.558,164.545,164.554,240.0
2024-04-17 11:57:00,FX:EURJPY,164.554,164.572,164.549,164.568,293.0
2024-04-17 11:58:00,FX:EURJPY,164.568,164.572,164.541,164.551,281.0
2024-04-17 11:59:00,FX:EURJPY,164.551,164.559,164.545,164.555,339.0
2024-04-17 12:00:00,FX:EURJPY,164.555,164.565,164.515,164.518,389.0
2024-04-17 12:01:00,FX:EURJPY,164.518,164.539,164.516,164.53,355.0
2024-04-17 12:02:00,FX:EURJPY,164.53,164.531,164.489,164.492,369.0
2024-04-17 12:03:00,FX:EURJPY,164.492,164.497,164.474,164.477,350.0
2024-04-17 12:04:00,FX:EURJPY,164.477,164.477,164.416,164.416,517.0
2024-04-17 12:05:00,FX:EURJPY,164.416,164.433,164.38,164.38,503.0
2024-04-17 12:06:00,FX:EURJPY,164.38,164.423,164.373,164.401,453.0
2024-04-17 12:07:00,FX:EURJPY,164.401,164.436,164.398,164.431,394.0
2024-04-17 12:08:00,FX:EURJPY,164.431,164.432,164.393,164.409,300.0
2024-04-17 12:09:00,FX:EURJPY,164.409,164.419,164.395,164.409,445.0
2024-04-17 12:10:00,FX:EURJPY,164.409,164.441,164.409,164.434,487.0
2024-04-17 12:11:00,FX:EURJPY,164.434,164.488,164.433,164.486,517.0
2024-04-17 12:12:00,FX:EURJPY,164.486,164.508,164.467,164.508,439.0
2024-04-17 12:13:00,FX:EURJPY,164.508,164.51,164.495,164.495,310.0
2024-04-17 12:14:00,FX:EURJPY,164.495,164.5,164.474,164.49,366.0
2024-04-17 12:15:00,FX:EURJPY,164.49,164.511,164.482,164.486,407.0
2024-04-17 12:16:00,FX:EURJPY,164.486,164.501,164.476,164.485,315.0
2024-04-17 12:17:00,FX:EURJPY,164.485,164.494,164.456,164.459,257.0
2024-04-17 12:18:00,FX:EURJPY,164.459,164.482,164.459,164.472,291.0
2024-04-17 12:19:00,FX:EURJPY,164.472,164.492,164.472,164.478,183.0
2024-04-17 12:20:00,FX:EURJPY,164.478,164.487,164.456,164.463,302.0
2024-04-17 12:21:00,FX:EURJPY,164.463,164.487,164.463,164.473,396.0
2024-04-17 12:22:00,FX:EURJPY,164.473,164.475,164.449,164.449,331.0
2024-04-17 12:23:00,FX:EURJPY,164.449,164.458,164.438,164.445,309.0
2024-04-17 12:24:00,FX:EURJPY,164.445,164.46,164.412,164.414,307.0
2024-04-17 12:25:00,FX:EURJPY,164.414,164.452,164.283,164.306,1436.0
2024-04-17 12:26:00,FX:EURJPY,164.306,164.438,164.256,164.401,1609.0
2024-04-17 12:27:00,FX:EURJPY,164.401,164.427,164.312,164.348,1265.0
2024-04-17 12:28:00,FX:EURJPY,164.348,164.412,164.336,164.388,714.0
2024-04-17 12:29:00,FX:EURJPY,164.388,164.413,164.373,164.411,508.0
2024-04-17 12:30:00,FX:EURJPY,164.411,164.452,164.405,164.419,509.0
2024-04-17 12:31:00,FX:EURJPY,164.419,164.44,164.394,164.428,435.0
2024-04-17 12:32:00,FX:EURJPY,164.428,164.44,164.415,164.425,508.0
2024-04-17 12:33:00,FX:EURJPY,164.425,164.477,164.404,164.468,637.0
2024-04-17 12:34:00,FX:EURJPY,164.468,164.486,164.455,164.471,425.0
2024-04-17 12:35:00,FX:EURJPY,164.471,164.485,164.454,164.455,495.0
2024-04-17 12:36:00,FX:EURJPY,164.455,164.491,164.451,164.48,504.0
2024-04-17 12:37:00,FX:EURJPY,164.48,164.509,164.461,164.509,427.0
2024-04-17 12:38:00,FX:EURJPY,164.509,164.536,164.492,164.52,532.0
2024-04-17 12:39:00,FX:EURJPY,164.52,164.52,164.465,164.471,467.0
2024-04-17 12:40:00,FX:EURJPY,164.471,164.475,164.438,164.444,406.0
2024-04-17 12:41:00,FX:EURJPY,164.444,164.489,164.434,164.434,581.0
2024-04-17 12:42:00,FX:EURJPY,164.434,164.434,164.369,164.385,740.0
2024-04-17 12:43:00,FX:EURJPY,164.385,164.419,164.372,164.398,673.0
2024-04-17 12:44:00,FX:EURJPY,164.398,164.399,164.369,164.378,585.0
2024-04-17 12:45:00,FX:EURJPY,164.378,164.438,164.377,164.41,578.0
2024-04-17 12:46:00,FX:EURJPY,164.41,164.416,164.395,164.397,462.0
2024-04-17 12:47:00,FX:EURJPY,164.397,164.422,164.385,164.397,471.0
2024-04-17 12:48:00,FX:EURJPY,164.397,164.408,164.367,164.406,360.0
2024-04-17 12:49:00,FX:EURJPY,164.406,164.446,164.406,164.442,396.0
2024-04-17 12:50:00,FX:EURJPY,164.442,164.444,164.385,164.387,423.0
2024-04-17 12:51:00,FX:EURJPY,164.387,164.421,164.358,164.376,484.0
2024-04-17 12:52:00,FX:EURJPY,164.376,164.383,164.352,164.353,319.0
2024-04-17 12:53:00,FX:EURJPY,164.353,164.362,164.315,164.345,647.0
2024-04-17 12:54:00,FX:EURJPY,164.345,164.389,164.344,164.378,496.0
2024-04-17 12:55:00,FX:EURJPY,164.378,164.38,164.338,164.368,557.0
2024-04-17 12:56:00,FX:EURJPY,164.368,164.379,164.348,164.353,445.0
2024-04-17 12:57:00,FX:EURJPY,164.353,164.363,164.345,164.358,449.0
2024-04-17 12:58:00,FX:EURJPY,164.358,164.374,164.322,164.323,464.0
2024-04-17 12:59:00,FX:EURJPY,164.323,164.332,164.285,164.301,486.0
2024-04-17 13:00:00,FX:EURJPY,164.301,164.313,164.279,164.308,472.0
2024-04-17 13:01:00,FX:EURJPY,164.308,164.348,164.306,164.32,378.0
2024-04-17 13:02:00,FX:EURJPY,164.32,164.366,164.312,164.342,1018.0
2024-04-17 13:03:00,FX:EURJPY,164.342,164.346,164.25,164.294,715.0
2024-04-17 13:04:00,FX:EURJPY,164.294,164.299,164.267,164.283,360.0
2024-04-17 13:05:00,FX:EURJPY,164.283,164.306,164.276,164.277,488.0
2024-04-17 13:06:00,FX:EURJPY,164.277,164.316,164.237,164.306,627.0
2024-04-17 13:07:00,FX:EURJPY,164.306,164.326,164.276,164.317,650.0
2024-04-17 13:08:00,FX:EURJPY,164.317,164.362,164.317,164.359,515.0
2024-04-17 13:09:00,FX:EURJPY,164.359,164.385,164.356,164.381,403.0
2024-04-17 13:10:00,FX:EURJPY,164.381,164.392,164.372,164.375,411.0
2024-04-17 13:11:00,FX:EURJPY,164.375,164.39,164.356,164.388,383.0
2024-04-17 13:12:00,FX:EURJPY,164.388,164.409,164.382,164.409,345.0
2024-04-17 13:13:00,FX:EURJPY,164.409,164.424,164.381,164.384,357.0
2024-04-17 13:14:00,FX:EURJPY,164.384,164.392,164.365,164.375,318.0
2024-04-17 13:15:00,FX:EURJPY,164.375,164.412,164.375,164.409,464.0
2024-04-17 13:16:00,FX:EURJPY,164.409,164.445,164.395,164.435,433.0
2024-04-17 13:17:00,FX:EURJPY,164.435,164.45,164.416,164.422,398.0
2024-04-17 13:18:00,FX:EURJPY,164.422,164.442,164.422,164.433,222.0
2024-04-17 13:19:00,FX:EURJPY,164.433,164.444,164.424,164.43,312.0
2024-04-17 13:20:00,FX:EURJPY,164.43,164.468,164.429,164.466,311.0
2024-04-17 13:21:00,FX:EURJPY,164.466,164.49,164.465,164.483,261.0
2024-04-17 13:22:00,FX:EURJPY,164.483,164.491,164.467,164.467,403.0
2024-04-17 13:23:00,FX:EURJPY,164.467,164.472,164.45,164.451,379.0
2024-04-17 13:24:00,FX:EURJPY,164.451,164.46,164.441,164.445,294.0
2024-04-17 13:25:00,FX:EURJPY,164.445,164.468,164.445,164.458,412.0
2024-04-17 13:26:00,FX:EURJPY,164.458,164.466,164.44,164.458,396.0
2024-04-17 13:27:00,FX:EURJPY,164.458,164.488,164.455,164.487,462.0
2024-04-17 13:28:00,FX:EURJPY,164.487,164.513,164.487,164.508,404.0
2024-04-17 13:29:00,FX:EURJPY,164.508,164.52,164.49,164.519,397.0
2024-04-17 13:30:00,FX:EURJPY,164.519,164.564,164.516,164.563,485.0
2024-04-17 13:31:00,FX:EURJPY,164.563,164.567,164.539,164.547,363.0
2024-04-17 13:32:00,FX:EURJPY,164.547,164.559,164.531,164.534,247.0
2024-04-17 13:33:00,FX:EURJPY,164.534,164.545,164.527,164.539,242.0
2024-04-17 13:34:00,FX:EURJPY,164.539,164.556,164.538,164.55,287.0
2024-04-17 13:35:00,FX:EURJPY,164.55,164.551,164.533,164.54,228.0
2024-04-17 13:36:00,FX:EURJPY,164.54,164.559,164.54,164.556,132.0
2024-04-17 13:37:00,FX:EURJPY,164.556,164.591,164.556,164.59,248.0
2024-04-17 13:38:00,FX:EURJPY,164.59,164.603,164.588,164.596,201.0
2024-04-17 13:39:00,FX:EURJPY,164.596,164.609,164.596,164.601,200.0
2024-04-17 13:40:00,FX:EURJPY,164.601,164.621,164.601,164.613,250.0
2024-04-17 13:41:00,FX:EURJPY,164.613,164.626,164.61,164.614,204.0
2024-04-17 13:42:00,FX:EURJPY,164.614,164.618,164.559,164.56,336.0
2024-04-17 13:43:00,FX:EURJPY,164.56,164.563,164.533,164.549,305.0
2024-04-17 13:44:00,FX:EURJPY,164.549,164.579,164.548,164.558,363.0
2024-04-17 13:45:00,FX:EURJPY,164.558,164.564,164.529,164.532,398.0
2024-04-17 13:46:00,FX:EURJPY,164.53199999999998,164.534,164.505,164.511,390.0
2024-04-17 13:47:00,FX:EURJPY,164.51,164.532,164.509,164.53,364.0
2024-04-17 13:48:00,FX:EURJPY,164.53,164.53,164.5,164.517,395.0
2024-04-17 13:49:00,FX:EURJPY,164.517,164.531,164.502,164.531,375.0
2024-04-17 13:50:00,FX:EURJPY,164.531,164.536,164.515,164.519,494.0
2024-04-17 13:51:00,FX:EURJPY,164.519,164.534,164.508,164.522,504.0
2024-04-17 13:52:00,FX:EURJPY,164.522,164.528,164.501,164.51,374.0
2024-04-17 13:53:00,FX:EURJPY,164.51,164.561,164.501,164.559,425.0
2024-04-17 13:54:00,FX:EURJPY,164.559,164.578,164.553,164.57,270.0
2024-04-17 13:55:00,FX:EURJPY,164.57,164.594,164.56,164.584,303.0
2024-04-17 13:56:00,FX:EURJPY,164.584,164.588,164.564,164.568,293.0
2024-04-17 13:57:00,FX:EURJPY,164.568,164.589,164.558,164.588,239.0
2024-04-17 13:58:00,FX:EURJPY,164.588,164.597,164.57,164.57,238.0
2024-04-17 13:59:00,FX:EURJPY,164.57,164.623,164.57,164.622,241.0
2024-04-17 14:00:00,FX:EURJPY,164.622,164.634,164.607,164.625,204.0
2024-04-17 14:01:00,FX:EURJPY,164.625,164.662,164.623,164.66,314.0
2024-04-17 14:02:00,FX:EURJPY,164.66,164.662,164.625,164.643,294.0
2024-04-17 14:03:00,FX:EURJPY,164.643,164.658,164.634,164.637,317.0
2024-04-17 14:04:00,FX:EURJPY,164.637,164.658,164.633,164.651,348.0
2024-04-17 14:05:00,FX:EURJPY,164.651,164.651,164.618,164.618,211.0
2024-04-17 14:06:00,FX:EURJPY,164.618,164.628,164.61,164.61,292.0
2024-04-17 14:07:00,FX:EURJPY,164.61,164.616,164.584,164.587,313.0
2024-04-17 14:08:00,FX:EURJPY,164.587,164.598,164.566,164.574,448.0
2024-04-17 14:09:00,FX:EURJPY,164.574,164.642,164.574,164.635,338.0
2024-04-17 14:10:00,FX:EURJPY,164.635,164.644,164.611,164.613,304.0
2024-04-17 14:11:00,FX:EURJPY,164.613,164.614,164.577,164.61,322.0
2024-04-17 14:12:00,FX:EURJPY,164.61,164.627,164.61,164.615,277.0
2024-04-17 14:13:00,FX:EURJPY,164.615,164.64,164.615,164.635,269.0
2024-04-17 14:14:00,FX:EURJPY,164.635,164.659,164.627,164.655,277.0
2024-04-17 14:15:00,FX:EURJPY,164.655,164.666,164.631,164.631,392.0
2024-04-17 14:16:00,FX:EURJPY,164.631,164.634,164.608,164.612,370.0
2024-04-17 14:17:00,FX:EURJPY,164.612,164.637,164.611,164.625,407.0
2024-04-17 14:18:00,FX:EURJPY,164.625,164.654,164.624,164.649,262.0
2024-04-17 14:19:00,FX:EURJPY,164.649,164.654,164.625,164.638,319.0
2024-04-17 14:20:00,FX:EURJPY,164.638,164.646,164.628,164.635,384.0
2024-04-17 14:21:00,FX:EURJPY,164.635,164.647,164.632,164.647,203.0
2024-04-17 14:22:00,FX:EURJPY,164.647,164.665,164.642,164.662,311.0
2024-04-17 14:23:00,FX:EURJPY,164.662,164.662,164.641,164.644,233.0
2024-04-17 14:24:00,FX:EURJPY,164.644,164.655,164.64,164.655,200.0
2024-04-17 14:25:00,FX:EURJPY,164.655,164.667,164.649,164.654,240.0
2024-04-17 14:26:00,FX:EURJPY,164.654,164.664,164.649,164.65,212.0
2024-04-17 14:27:00,FX:EURJPY,164.65,164.673,164.64,164.667,332.0
2024-04-17 14:28:00,FX:EURJPY,164.667,164.686,164.654,164.681,305.0
2024-04-17 14:29:00,FX:EURJPY,164.681,164.681,164.651,164.658,289.0
2024-04-17 14:30:00,FX:EURJPY,164.658,164.667,164.658,164.664,332.0
2024-04-17 14:31:00,FX:EURJPY,164.664,164.668,164.659,164.665,259.0
2024-04-17 14:32:00,FX:EURJPY,164.665,164.675,164.661,164.67,204.0
2024-04-17 14:33:00,FX:EURJPY,164.67,164.67,164.655,164.66,235.0
2024-04-17 14:34:00,FX:EURJPY,164.66,164.66,164.65,164.657,148.0
2024-04-17 14:35:00,FX:EURJPY,164.657,164.661,164.637,164.655,197.0
2024-04-17 14:36:00,FX:EURJPY,164.655,164.661,164.641,164.649,222.0
2024-04-17 14:37:00,FX:EURJPY,164.649,164.649,164.625,164.647,192.0
2024-04-17 14:38:00,FX:EURJPY,164.647,164.668,164.647,164.665,336.0
2024-04-17 14:39:00,FX:EURJPY,164.665,164.679,164.661,164.662,257.0
2024-04-17 14:40:00,FX:EURJPY,164.662,164.686,164.662,164.674,221.0
2024-04-17 14:41:00,FX:EURJPY,164.674,164.7,164.673,164.699,261.0
2024-04-17 14:42:00,FX:EURJPY,164.699,164.732,164.697,164.73,450.0
2024-04-17 14:43:00,FX:EURJPY,164.73,164.746,164.724,164.726,341.0
2024-04-17 14:44:00,FX:EURJPY,164.726,164.765,164.722,164.764,433.0
2024-04-17 14:45:00,FX:EURJPY,164.76,164.802,164.758,164.797,326.0
2024-04-17 14:46:00,FX:EURJPY,164.797,164.804,164.784,164.793,256.0
2024-04-17 14:47:00,FX:EURJPY,164.793,164.796,164.77,164.784,311.0
2024-04-17 14:48:00,FX:EURJPY,164.784,164.788,164.766,164.788,351.0
2024-04-17 14:49:00,FX:EURJPY,164.788,164.797,164.781,164.789,433.0
2024-04-17 14:50:00,FX:EURJPY,164.789,164.811,164.788,164.798,476.0
2024-04-17 14:51:00,FX:EURJPY,164.798,164.798,164.754,164.755,168.0
2024-04-17 14:52:00,FX:EURJPY,164.755,164.755,164.714,164.715,258.0
2024-04-17 14:53:00,FX:EURJPY,164.715,164.717,164.657,164.658,286.0
2024-04-17 14:54:00,FX:EURJPY,164.658,164.665,164.642,164.663,294.0
2024-04-17 14:55:00,FX:EURJPY,164.663,164.683,164.648,164.66,337.0
2024-04-17 14:56:00,FX:EURJPY,164.66,164.691,164.66,164.678,274.0
2024-04-17 14:57:00,FX:EURJPY,164.678,164.695,164.678,164.689,220.0
2024-04-17 14:58:00,FX:EURJPY,164.689,164.706,164.679,164.689,268.0
2024-04-17 14:59:00,FX:EURJPY,164.689,164.696,164.674,164.696,364.0
2024-04-17 15:00:00,FX:EURJPY,164.696,164.699,164.672,164.672,348.0
2024-04-17 15:01:00,FX:EURJPY,164.672,164.684,164.661,164.681,368.0
2024-04-17 15:02:00,FX:EURJPY,164.681,164.683,164.66,164.665,334.0
2024-04-17 15:03:00,FX:EURJPY,164.665,164.68,164.662,164.669,331.0
2024-04-17 15:04:00,FX:EURJPY,164.669,164.694,164.668,164.686,251.0
2024-04-17 15:05:00,FX:EURJPY,164.686,164.702,164.685,164.7,284.0
2024-04-17 15:06:00,FX:EURJPY,164.7,164.7,164.675,164.689,284.0
2024-04-17 15:07:00,FX:EURJPY,164.689,164.697,164.683,164.687,278.0
2024-04-17 15:08:00,FX:EURJPY,164.687,164.697,164.682,164.695,311.0
2024-04-17 15:09:00,FX:EURJPY,164.695,164.696,164.683,164.691,180.0
2024-04-17 15:10:00,FX:EURJPY,164.691,164.707,164.685,164.693,257.0
2024-04-17 15:11:00,FX:EURJPY,164.693,164.696,164.681,164.681,237.0
2024-04-17 15:12:00,FX:EURJPY,164.681,164.685,164.664,164.669,310.0
2024-04-17 15:13:00,FX:EURJPY,164.669,164.674,164.648,164.67,239.0
2024-04-17 15:14:00,FX:EURJPY,164.67,164.677,164.656,164.656,192.0
2024-04-17 15:15:00,FX:EURJPY,164.656,164.667,164.65,164.661,203.0
2024-04-17 15:16:00,FX:EURJPY,164.661,164.673,164.654,164.658,248.0
2024-04-17 15:17:00,FX:EURJPY,164.658,164.676,164.651,164.67,196.0
2024-04-17 15:18:00,FX:EURJPY,164.67,164.671,164.654,164.655,207.0
2024-04-17 15:19:00,FX:EURJPY,164.655,164.66,164.632,164.634,159.0
2024-04-17 15:20:00,FX:EURJPY,164.634,164.647,164.627,164.629,275.0
2024-04-17 15:21:00,FX:EURJPY,164.629,164.63,164.613,164.618,325.0
2024-04-17 15:22:00,FX:EURJPY,164.618,164.632,164.617,164.631,251.0
2024-04-17 15:23:00,FX:EURJPY,164.631,164.683,164.631,164.679,349.0
2024-04-17 15:24:00,FX:EURJPY,164.679,164.682,164.663,164.663,209.0
2024-04-17 15:25:00,FX:EURJPY,164.663,164.679,164.653,164.659,371.0
2024-04-17 15:26:00,FX:EURJPY,164.659,164.673,164.655,164.671,307.0
2024-04-17 15:27:00,FX:EURJPY,164.671,164.674,164.659,164.664,252.0
2024-04-17 15:28:00,FX:EURJPY,164.664,164.67,164.656,164.659,330.0
2024-04-17 15:29:00,FX:EURJPY,164.659,164.661,164.643,164.651,131.0
2024-04-17 15:30:00,FX:EURJPY,164.651,164.664,164.649,164.664,166.0
2024-04-17 15:31:00,FX:EURJPY,164.664,164.668,164.655,164.664,146.0
2024-04-17 15:32:00,FX:EURJPY,164.664,164.667,164.656,164.66,185.0
2024-04-17 15:33:00,FX:EURJPY,164.66,164.677,164.657,164.671,181.0
2024-04-17 15:34:00,FX:EURJPY,164.671,164.677,164.666,164.666,182.0
2024-04-17 15:35:00,FX:EURJPY,164.666,164.669,164.659,164.668,126.0
2024-04-17 15:36:00,FX:EURJPY,164.668,164.674,164.664,164.673,113.0
2024-04-17 15:37:00,FX:EURJPY,164.673,164.681,164.668,164.67,192.0
2024-04-17 15:38:00,FX:EURJPY,164.67,164.672,164.646,164.661,195.0
2024-04-17 15:39:00,FX:EURJPY,164.661,164.667,164.656,164.659,167.0
2024-04-17 15:40:00,FX:EURJPY,164.659,164.662,164.648,164.651,255.0
2024-04-17 15:41:00,FX:EURJPY,164.651,164.681,164.646,164.674,316.0
2024-04-17 15:42:00,FX:EURJPY,164.674,164.681,164.674,164.681,165.0
2024-04-17 15:43:00,FX:EURJPY,164.681,164.691,164.676,164.684,218.0
2024-04-17 15:44:00,FX:EURJPY,164.684,164.693,164.683,164.687,193.0
2024-04-17 15:45:00,FX:EURJPY,164.687,164.691,164.676,164.688,314.0
2024-04-17 15:46:00,FX:EURJPY,164.688,164.699,164.683,164.697,245.0
2024-04-17 15:47:00,FX:EURJPY,164.697,164.699,164.688,164.688,290.0
2024-04-17 15:48:00,FX:EURJPY,164.688,164.697,164.68699999999998,164.688,211.0
2024-04-17 15:49:00,FX:EURJPY,164.688,164.692,164.685,164.685,177.0
2024-04-17 15:50:00,FX:EURJPY,164.685,164.693,164.678,164.683,228.0
2024-04-17 15:51:00,FX:EURJPY,164.683,164.687,164.675,164.677,236.0
2024-04-17 15:52:00,FX:EURJPY,164.677,164.698,164.677,164.696,221.0
2024-04-17 15:53:00,FX:EURJPY,164.696,164.723,164.696,164.701,244.0
2024-04-17 15:54:00,FX:EURJPY,164.701,164.711,164.694,164.695,254.0
2024-04-17 15:55:00,FX:EURJPY,164.695,164.695,164.677,164.684,290.0
2024-04-17 15:56:00,FX:EURJPY,164.684,164.688,164.679,164.679,201.0
2024-04-17 15:57:00,FX:EURJPY,164.679,164.679,164.667,164.674,244.0
2024-04-17 15:58:00,FX:EURJPY,164.674,164.679,164.661,164.678,303.0
2024-04-17 15:59:00,FX:EURJPY,164.678,164.695,164.676,164.693,291.0
2024-04-17 16:00:00,FX:EURJPY,164.693,164.702,164.681,164.681,225.0
2024-04-17 16:01:00,FX:EURJPY,164.681,164.687,164.675,164.681,164.0
2024-04-17 16:02:00,FX:EURJPY,164.681,164.704,164.681,164.703,123.0
2024-04-17 16:03:00,FX:EURJPY,164.703,164.705,164.699,164.7,87.0
2024-04-17 16:04:00,FX:EURJPY,164.7,164.709,164.7,164.709,81.0
2024-04-17 16:05:00,FX:EURJPY,164.709,164.709,164.693,164.694,110.0
2024-04-17 16:06:00,FX:EURJPY,164.694,164.697,164.689,164.689,66.0
2024-04-17 16:07:00,FX:EURJPY,164.689,164.691,164.679,164.683,47.0
2024-04-17 16:08:00,FX:EURJPY,164.683,164.687,164.682,164.683,54.0
2024-04-17 16:09:00,FX:EURJPY,164.683,164.692,164.677,164.689,77.0
2024-04-17 16:10:00,FX:EURJPY,164.689,164.695,164.683,164.686,64.0
2024-04-17 16:11:00,FX:EURJPY,164.686,164.705,164.686,164.702,69.0
2024-04-17 16:12:00,FX:EURJPY,164.702,164.711,164.698,164.706,115.0
2024-04-17 16:13:00,FX:EURJPY,164.706,164.71,164.701,164.708,78.0
2024-04-17 16:14:00,FX:EURJPY,164.708,164.711,164.706,164.71,38.0
2024-04-17 16:15:00,FX:EURJPY,164.71,164.715,164.705,164.712,60.0
2024-04-17 16:16:00,FX:EURJPY,164.712,164.716,164.711,164.715,51.0
2024-04-17 16:17:00,FX:EURJPY,164.715,164.73,164.713,164.729,82.0
2024-04-17 16:18:00,FX:EURJPY,164.729,164.731,164.725,164.73,52.0
2024-04-17 16:19:00,FX:EURJPY,164.73,164.73,164.717,164.717,73.0
2024-04-17 16:20:00,FX:EURJPY,164.717,164.723,164.716,164.717,75.0
2024-04-17 16:21:00,FX:EURJPY,164.717,164.719,164.715,164.717,32.0
2024-04-17 16:22:00,FX:EURJPY,164.717,164.72,164.711,164.718,35.0
2024-04-17 16:23:00,FX:EURJPY,164.718,164.729,164.717,164.728,62.0
2024-04-17 16:24:00,FX:EURJPY,164.728,164.733,164.725,164.733,84.0
2024-04-17 16:25:00,FX:EURJPY,164.733,164.746,164.733,164.745,70.0
2024-04-17 16:26:00,FX:EURJPY,164.745,164.755,164.742,164.746,71.0
2024-04-17 16:27:00,FX:EURJPY,164.746,164.763,164.746,164.76,120.0
2024-04-17 16:28:00,FX:EURJPY,164.76,164.762,164.759,164.761,52.0
2024-04-17 16:29:00,FX:EURJPY,164.761,164.768,164.752,164.768,182.0
2024-04-17 16:30:00,FX:EURJPY,164.768,164.771,164.76,164.768,81.0
2024-04-17 16:31:00,FX:EURJPY,164.768,164.771,164.763,164.769,68.0
2024-04-17 16:32:00,FX:EURJPY,164.769,164.771,164.765,164.77,77.0
2024-04-17 16:33:00,FX:EURJPY,164.77,164.775,164.764,164.769,73.0
2024-04-17 16:34:00,FX:EURJPY,164.769,164.776,164.768,164.772,55.0
2024-04-17 16:35:00,FX:EURJPY,164.772,164.776,164.767,164.77,84.0
2024-04-17 16:36:00,FX:EURJPY,164.77,164.793,164.77,164.789,100.0
2024-04-17 16:37:00,FX:EURJPY,164.789,164.792,164.781,164.783,49.0
2024-04-17 16:38:00,FX:EURJPY,164.783,164.784,164.779,164.78,62.0
2024-04-17 16:39:00,FX:EURJPY,164.78,164.784,164.779,164.782,65.0
2024-04-17 16:40:00,FX:EURJPY,164.782,164.787,164.782,164.786,60.0
2024-04-17 16:41:00,FX:EURJPY,164.786,164.79,164.778,164.786,80.0
2024-04-17 16:42:00,FX:EURJPY,164.786,164.787,164.785,164.785,39.0
2024-04-17 16:43:00,FX:EURJPY,164.785,164.787,164.775,164.781,82.0
2024-04-17 16:44:00,FX:EURJPY,164.781,164.785,164.78,164.783,64.0
2024-04-17 16:45:00,FX:EURJPY,164.783,164.785,164.775,164.779,194.0
2024-04-17 16:46:00,FX:EURJPY,164.779,164.783,164.763,164.763,107.0
2024-04-17 16:47:00,FX:EURJPY,164.763,164.766,164.747,164.766,122.0
2024-04-17 16:48:00,FX:EURJPY,164.766,164.76899999999998,164.76299999999998,164.766,53.0
2024-04-17 16:49:00,FX:EURJPY,164.766,164.766,164.756,164.76399999999998,94.0
2024-04-17 16:50:00,FX:EURJPY,164.76399999999998,164.76399999999998,164.75,164.762,108.0
2024-04-17 16:51:00,FX:EURJPY,164.762,164.766,164.754,164.765,98.0
2024-04-17 16:52:00,FX:EURJPY,164.765,164.787,164.76,164.77,184.0
2024-04-17 16:53:00,FX:EURJPY,164.77,164.785,164.767,164.769,116.0
2024-04-17 16:54:00,FX:EURJPY,164.769,164.789,164.769,164.774,102.0
2024-04-17 16:55:00,FX:EURJPY,164.774,164.785,164.768,164.769,109.0
2024-04-17 16:56:00,FX:EURJPY,164.769,164.787,164.761,164.764,96.0
2024-04-17 16:57:00,FX:EURJPY,164.764,164.782,164.755,164.781,85.0
2024-04-17 16:58:00,FX:EURJPY,164.781,164.781,164.759,164.768,83.0
2024-04-17 16:59:00,FX:EURJPY,164.768,164.773,164.763,164.767,77.0
2024-04-17 17:00:00,FX:EURJPY,164.767,164.767,164.703,164.724,17.0
2024-04-17 17:01:00,FX:EURJPY,164.724,164.727,164.705,164.705,4.0
2024-04-17 17:02:00,FX:EURJPY,164.705,164.722,164.705,164.722,5.0
2024-04-17 17:03:00,FX:EURJPY,164.722,164.722,164.694,164.711,8.0
2024-04-17 17:04:00,FX:EURJPY,164.711,164.711,164.696,164.696,11.0
2024-04-17 17:05:00,FX:EURJPY,164.696,164.696,164.686,164.686,12.0
2024-04-17 17:06:00,FX:EURJPY,164.686,164.69,164.682,164.687,18.0
2024-04-17 17:07:00,FX:EURJPY,164.687,164.688,164.676,164.676,21.0
2024-04-17 17:08:00,FX:EURJPY,164.676,164.679,164.671,164.671,15.0
2024-04-17 17:09:00,FX:EURJPY,164.671,164.681,164.671,164.681,11.0
2024-04-17 17:10:00,FX:EURJPY,164.681,164.684,164.68,164.684,20.0
2024-04-17 17:11:00,FX:EURJPY,164.684,164.699,164.684,164.699,16.0
2024-04-17 17:12:00,FX:EURJPY,164.699,164.702,164.685,164.685,11.0
2024-04-17 17:13:00,FX:EURJPY,164.685,164.685,164.677,164.68,22.0
2024-04-17 17:14:00,FX:EURJPY,164.68,164.68,164.638,164.644,56.0
2024-04-17 17:15:00,FX:EURJPY,164.644,164.652,164.632,164.635,44.0
2024-04-17 17:16:00,FX:EURJPY,164.635,164.646,164.634,164.64,32.0
2024-04-17 17:17:00,FX:EURJPY,164.64,164.651,164.632,164.647,78.0
2024-04-17 17:18:00,FX:EURJPY,164.647,164.65,164.638,164.644,105.0
2024-04-17 17:19:00,FX:EURJPY,164.644,164.647,164.636,164.637,48.0
2024-04-17 17:20:00,FX:EURJPY,164.637,164.643,164.636,164.636,67.0
2024-04-17 17:21:00,FX:EURJPY,164.636,164.645,164.635,164.645,54.0
2024-04-17 17:22:00,FX:EURJPY,164.645,164.65,164.635,164.635,84.0
2024-04-17 17:23:00,FX:EURJPY,164.635,164.647,164.633,164.633,64.0
2024-04-17 17:24:00,FX:EURJPY,164.633,164.641,164.631,164.639,63.0
2024-04-17 17:25:00,FX:EURJPY,164.639,164.639,164.625,164.638,46.0
2024-04-17 17:26:00,FX:EURJPY,164.638,164.641,164.626,164.634,44.0
2024-04-17 17:27:00,FX:EURJPY,164.634,164.64,164.626,164.633,100.0
2024-04-17 17:28:00,FX:EURJPY,164.633,164.639,164.631,164.635,114.0
2024-04-17 17:29:00,FX:EURJPY,164.635,164.662,164.628,164.662,72.0
2024-04-17 17:30:00,FX:EURJPY,164.662,164.662,164.654,164.655,29.0
2024-04-17 17:31:00,FX:EURJPY,164.655,164.662,164.647,164.648,46.0
2024-04-17 17:32:00,FX:EURJPY,164.648,164.657,164.64,164.643,30.0
2024-04-17 17:33:00,FX:EURJPY,164.643,164.652,164.643,164.644,13.0
2024-04-17 17:34:00,FX:EURJPY,164.644,164.653,164.644,164.646,27.0
2024-04-17 17:35:00,FX:EURJPY,164.646,164.646,164.646,164.646,6.0
2024-04-17 17:36:00,FX:EURJPY,164.646,164.65,164.637,164.65,57.0
2024-04-17 17:37:00,FX:EURJPY,164.65,164.65,164.647,164.647,28.0
2024-04-17 17:38:00,FX:EURJPY,164.647,164.647,164.642,164.642,26.0
2024-04-17 17:39:00,FX:EURJPY,164.642,164.648,164.642,164.648,39.0
2024-04-17 17:40:00,FX:EURJPY,164.648,164.651,164.648,164.648,45.0
2024-04-17 17:41:00,FX:EURJPY,164.648,164.648,164.647,164.647,46.0
2024-04-17 17:42:00,FX:EURJPY,164.647,164.647,164.647,164.647,19.0
2024-04-17 17:43:00,FX:EURJPY,164.647,164.647,164.635,164.64,89.0
2024-04-17 17:44:00,FX:EURJPY,164.64,164.645,164.634,164.634,73.0
2024-04-17 17:45:00,FX:EURJPY,164.634,164.641,164.634,164.634,49.0
2024-04-17 17:46:00,FX:EURJPY,164.634,164.637,164.633,164.633,37.0
2024-04-17 17:47:00,FX:EURJPY,164.633,164.636,164.633,164.636,46.0
2024-04-17 17:48:00,FX:EURJPY,164.636,164.64,164.636,164.637,43.0
2024-04-17 17:49:00,FX:EURJPY,164.637,164.645,164.635,164.644,47.0
2024-04-17 17:50:00,FX:EURJPY,164.644,164.644,164.639,164.639,51.0
2024-04-17 17:51:00,FX:EURJPY,164.639,164.641,164.639,164.641,40.0
2024-04-17 17:52:00,FX:EURJPY,164.641,164.659,164.638,164.653,34.0
2024-04-17 17:53:00,FX:EURJPY,164.653,164.667,164.643,164.648,81.0
2024-04-17 17:54:00,FX:EURJPY,164.648,164.662,164.641,164.648,57.0
2024-04-17 17:55:00,FX:EURJPY,164.648,164.661,164.643,164.652,35.0
2024-04-17 17:56:00,FX:EURJPY,164.652,164.652,164.646,164.646,33.0
2024-04-17 17:57:00,FX:EURJPY,164.646,164.651,164.629,164.644,71.0
2024-04-17 17:58:00,FX:EURJPY,164.644,164.669,164.64,164.65,72.0
2024-04-17 17:59:00,FX:EURJPY,164.65,164.671,164.64,164.671,70.0
2024-04-17 18:00:00,FX:EURJPY,164.671,164.747,164.659,164.72,583.0
2024-04-17 18:01:00,FX:EURJPY,164.72,164.735,164.681,164.681,173.0
2024-04-17 18:02:00,FX:EURJPY,164.681,164.719,164.678,164.701,172.0
2024-04-17 18:03:00,FX:EURJPY,164.701,164.721,164.7,164.709,182.0
2024-04-17 18:04:00,FX:EURJPY,164.709,164.716,164.696,164.699,212.0
2024-04-17 18:05:00,FX:EURJPY,164.699,164.71,164.696,164.71,124.0
2024-04-17 18:06:00,FX:EURJPY,164.71,164.719,164.7,164.707,99.0
2024-04-17 18:07:00,FX:EURJPY,164.707,164.719,164.698,164.708,71.0
2024-04-17 18:08:00,FX:EURJPY,164.708,164.716,164.7,164.706,103.0
2024-04-17 18:09:00,FX:EURJPY,164.706,164.706,164.696,164.7,136.0
2024-04-17 18:10:00,FX:EURJPY,164.7,164.706,164.697,164.706,86.0
2024-04-17 18:11:00,FX:EURJPY,164.706,164.714,164.701,164.702,113.0
2024-04-17 18:12:00,FX:EURJPY,164.702,164.71,164.692,164.704,183.0
2024-04-17 18:13:00,FX:EURJPY,164.704,164.713,164.694,164.696,128.0
2024-04-17 18:14:00,FX:EURJPY,164.696,164.732,164.696,164.715,111.0
2024-04-17 18:15:00,FX:EURJPY,164.715,164.721,164.713,164.719,68.0
2024-04-17 18:16:00,FX:EURJPY,164.719,164.72,164.707,164.717,53.0
2024-04-17 18:17:00,FX:EURJPY,164.717,164.717,164.702,164.71,46.0
2024-04-17 18:18:00,FX:EURJPY,164.71,164.711,164.694,164.695,63.0
2024-04-17 18:19:00,FX:EURJPY,164.695,164.695,164.676,164.676,57.0
2024-04-17 18:20:00,FX:EURJPY,164.676,164.676,164.672,164.675,46.0
2024-04-17 18:21:00,FX:EURJPY,164.675,164.677,164.642,164.642,117.0
2024-04-17 18:22:00,FX:EURJPY,164.642,164.644,164.639,164.641,39.0
2024-04-17 18:23:00,FX:EURJPY,164.641,164.641,164.623,164.631,126.0
2024-04-17 18:24:00,FX:EURJPY,164.631,164.636,164.627,164.634,56.0
2024-04-17 18:25:00,FX:EURJPY,164.634,164.639,164.626,164.626,44.0
2024-04-17 18:26:00,FX:EURJPY,164.626,164.635,164.625,164.625,49.0
2024-04-17 18:27:00,FX:EURJPY,164.625,164.636,164.622,164.633,38.0
2024-04-17 18:28:00,FX:EURJPY,164.633,164.637,164.633,164.637,21.0
2024-04-17 18:29:00,FX:EURJPY,164.637,164.64,164.633,164.634,48.0
2024-04-17 18:30:00,FX:EURJPY,164.634,164.643,164.624,164.634,109.0
2024-04-17 18:31:00,FX:EURJPY,164.634,164.644,164.63,164.642,104.0
2024-04-17 18:32:00,FX:EURJPY,164.642,164.642,164.632,164.633,108.0
2024-04-17 18:33:00,FX:EURJPY,164.633,164.643,164.63,164.637,63.0
2024-04-17 18:34:00,FX:EURJPY,164.637,164.637,164.618,164.62,87.0
2024-04-17 18:35:00,FX:EURJPY,164.62,164.634,164.62,164.629,58.0
2024-04-17 18:36:00,FX:EURJPY,164.629,164.637,164.628,164.633,78.0
2024-04-17 18:37:00,FX:EURJPY,164.633,164.685,164.63,164.68,159.0
2024-04-17 18:38:00,FX:EURJPY,164.68,164.68,164.655,164.665,102.0
2024-04-17 18:39:00,FX:EURJPY,164.665,164.68,164.664,164.676,63.0
2024-04-17 18:40:00,FX:EURJPY,164.676,164.676,164.668,164.672,57.0
2024-04-17 18:41:00,FX:EURJPY,164.672,164.674,164.672,164.674,29.0
2024-04-17 18:42:00,FX:EURJPY,164.674,164.676,164.673,164.674,26.0
2024-04-17 18:43:00,FX:EURJPY,164.674,164.683,164.674,164.676,29.0
2024-04-17 18:44:00,FX:EURJPY,164.676,164.678,164.676,164.678,17.0
2024-04-17 18:45:00,FX:EURJPY,164.678,164.67999999999998,164.676,164.67999999999998,32.0
2024-04-17 18:46:00,FX:EURJPY,164.67999999999998,164.68099999999998,164.67499999999998,164.677,31.0
2024-04-17 18:47:00,FX:EURJPY,164.677,164.678,164.666,164.667,25.0
2024-04-17 18:48:00,FX:EURJPY,164.667,164.667,164.653,164.662,68.0
2024-04-17 18:49:00,FX:EURJPY,164.662,164.667,164.655,164.66,50.0
2024-04-17 18:50:00,FX:EURJPY,164.66,164.663,164.654,164.654,36.0
2024-04-17 18:51:00,FX:EURJPY,164.654,164.656,164.65,164.65,52.0
2024-04-17 18:52:00,FX:EURJPY,164.65,164.656,164.65,164.65,40.0
2024-04-17 18:53:00,FX:EURJPY,164.65,164.65,164.644,164.646,55.0
2024-04-17 18:54:00,FX:EURJPY,164.646,164.654,164.646,164.654,34.0
2024-04-17 18:55:00,FX:EURJPY,164.654,164.654,164.649,164.65,42.0
2024-04-17 18:56:00,FX:EURJPY,164.65,164.661,164.649,164.661,58.0
2024-04-17 18:57:00,FX:EURJPY,164.661,164.661,164.659,164.661,30.0
2024-04-17 18:58:00,FX:EURJPY,164.661,164.665,164.657,164.658,46.0
2024-04-17 18:59:00,FX:EURJPY,164.658,164.659,164.655,164.657,67.0
2024-04-17 19:00:00,FX:EURJPY,164.657,164.663,164.654,164.656,73.0
2024-04-17 19:01:00,FX:EURJPY,164.656,164.666,164.656,164.662,58.0
2024-04-17 19:02:00,FX:EURJPY,164.662,164.726,164.657,164.715,163.0
2024-04-17 19:03:00,FX:EURJPY,164.715,164.715,164.701,164.702,130.0
2024-04-17 19:04:00,FX:EURJPY,164.702,164.706,164.689,164.692,115.0
2024-04-17 19:05:00,FX:EURJPY,164.692,164.695,164.683,164.685,62.0
2024-04-17 19:06:00,FX:EURJPY,164.685,164.694,164.685,164.689,100.0
2024-04-17 19:07:00,FX:EURJPY,164.689,164.69,164.681,164.681,54.0
2024-04-17 19:08:00,FX:EURJPY,164.681,164.686,164.68,164.683,90.0
2024-04-17 19:09:00,FX:EURJPY,164.683,164.683,164.676,164.677,42.0
2024-04-17 19:10:00,FX:EURJPY,164.677,164.678,164.676,164.676,21.0
2024-04-17 19:11:00,FX:EURJPY,164.676,164.676,164.646,164.648,111.0
2024-04-17 19:12:00,FX:EURJPY,164.648,164.655,164.646,164.647,76.0
2024-04-17 19:13:00,FX:EURJPY,164.647,164.65,164.643,164.648,57.0
2024-04-17 19:14:00,FX:EURJPY,164.648,164.648,164.637,164.637,65.0
2024-04-17 19:15:00,FX:EURJPY,164.637,164.643,164.631,164.633,98.0
2024-04-17 19:16:00,FX:EURJPY,164.633,164.638,164.61,164.613,67.0
2024-04-17 19:17:00,FX:EURJPY,164.613,164.613,164.584,164.601,175.0
2024-04-17 19:18:00,FX:EURJPY,164.601,164.607,164.596,164.601,161.0
2024-04-17 19:19:00,FX:EURJPY,164.601,164.604,164.591,164.595,110.0
2024-04-17 19:20:00,FX:EURJPY,164.595,164.609,164.593,164.606,134.0
2024-04-17 19:21:00,FX:EURJPY,164.606,164.618,164.604,164.612,100.0
2024-04-17 19:22:00,FX:EURJPY,164.612,164.613,164.599,164.601,86.0
2024-04-17 19:23:00,FX:EURJPY,164.601,164.628,164.557,164.59,246.0
2024-04-17 19:24:00,FX:EURJPY,164.59,164.6,164.585,164.589,86.0
2024-04-17 19:25:00,FX:EURJPY,164.589,164.599,164.587,164.599,60.0
2024-04-17 19:26:00,FX:EURJPY,164.599,164.609,164.596,164.608,51.0
2024-04-17 19:27:00,FX:EURJPY,164.608,164.609,164.606,164.606,31.0
2024-04-17 19:28:00,FX:EURJPY,164.606,164.609,164.603,164.607,37.0
2024-04-17 19:29:00,FX:EURJPY,164.607,164.61,164.607,164.61,24.0
2024-04-17 19:30:00,FX:EURJPY,164.61,164.618,164.61,164.612,59.0
2024-04-17 19:31:00,FX:EURJPY,164.612,164.615,164.593,164.595,96.0
2024-04-17 19:32:00,FX:EURJPY,164.595,164.596,164.574,164.591,132.0
2024-04-17 19:33:00,FX:EURJPY,164.591,164.601,164.588,164.59,74.0
2024-04-17 19:34:00,FX:EURJPY,164.59,164.595,164.584,164.585,95.0
2024-04-17 19:35:00,FX:EURJPY,164.585,164.595,164.581,164.593,156.0
2024-04-17 19:36:00,FX:EURJPY,164.593,164.602,164.593,164.595,99.0
2024-04-17 19:37:00,FX:EURJPY,164.595,164.598,164.585,164.588,80.0
2024-04-17 19:38:00,FX:EURJPY,164.588,164.602,164.587,164.601,56.0
2024-04-17 19:39:00,FX:EURJPY,164.601,164.609,164.601,164.609,49.0
2024-04-17 19:40:00,FX:EURJPY,164.609,164.62,164.609,164.615,74.0
2024-04-17 19:41:00,FX:EURJPY,164.615,164.618,164.613,164.613,51.0
2024-04-17 19:42:00,FX:EURJPY,164.613,164.621,164.613,164.619,62.0
2024-04-17 19:43:00,FX:EURJPY,164.619,164.619,164.611,164.619,75.0
2024-04-17 19:44:00,FX:EURJPY,164.619,164.627,164.619,164.624,87.0
2024-04-17 19:45:00,FX:EURJPY,164.624,164.638,164.623,164.634,106.0
2024-04-17 19:46:00,FX:EURJPY,164.634,164.643,164.634,164.643,72.0
2024-04-17 19:47:00,FX:EURJPY,164.643,164.645,164.639,164.643,112.0
2024-04-17 19:48:00,FX:EURJPY,164.643,164.643,164.634,164.63799999999998,75.0
2024-04-17 19:49:00,FX:EURJPY,164.638,164.64,164.626,164.636,99.0
2024-04-17 19:50:00,FX:EURJPY,164.636,164.645,164.63,164.645,96.0
2024-04-17 19:51:00,FX:EURJPY,164.645,164.65,164.635,164.65,80.0
2024-04-17 19:52:00,FX:EURJPY,164.65,164.653,164.64,164.643,54.0
2024-04-17 19:53:00,FX:EURJPY,164.643,164.645,164.631,164.633,81.0
2024-04-17 19:54:00,FX:EURJPY,164.633,164.653,164.633,164.651,54.0
2024-04-17 19:55:00,FX:EURJPY,164.651,164.661,164.647,164.657,77.0
2024-04-17 19:56:00,FX:EURJPY,164.657,164.658,164.645,164.655,73.0
2024-04-17 19:57:00,FX:EURJPY,164.655,164.675,164.654,164.673,89.0
2024-04-17 19:58:00,FX:EURJPY,164.673,164.687,164.672,164.681,132.0
2024-04-17 19:59:00,FX:EURJPY,164.681,164.688,164.663,164.663,216.0
2024-04-17 20:00:00,FX:EURJPY,164.663,164.677,164.636,164.644,369.0
2024-04-17 20:01:00,FX:EURJPY,164.644,164.668,164.644,164.652,298.0
2024-04-17 20:02:00,FX:EURJPY,164.652,164.667,164.645,164.665,234.0
2024-04-17 20:03:00,FX:EURJPY,164.665,164.665,164.646,164.648,142.0
2024-04-17 20:04:00,FX:EURJPY,164.648,164.665,164.647,164.662,173.0
2024-04-17 20:05:00,FX:EURJPY,164.662,164.69,164.648,164.689,228.0
2024-04-17 20:06:00,FX:EURJPY,164.689,164.689,164.678,164.678,112.0
2024-04-17 20:07:00,FX:EURJPY,164.678,164.679,164.667,164.674,128.0
2024-04-17 20:08:00,FX:EURJPY,164.674,164.682,164.661,164.664,175.0
2024-04-17 20:09:00,FX:EURJPY,164.664,164.693,164.662,164.672,178.0
2024-04-17 20:10:00,FX:EURJPY,164.672,164.677,164.652,164.667,162.0
2024-04-17 20:11:00,FX:EURJPY,164.667,164.668,164.64,164.65,139.0
2024-04-17 20:12:00,FX:EURJPY,164.65,164.661,164.644,164.644,183.0
2024-04-17 20:13:00,FX:EURJPY,164.644,164.645,164.606,164.624,221.0
2024-04-17 20:14:00,FX:EURJPY,164.624,164.628,164.607,164.621,222.0
2024-04-17 20:15:00,FX:EURJPY,164.621,164.659,164.62,164.629,238.0
2024-04-17 20:16:00,FX:EURJPY,164.629,164.633,164.621,164.627,182.0
2024-04-17 20:17:00,FX:EURJPY,164.627,164.66,164.627,164.66,180.0
2024-04-17 20:18:00,FX:EURJPY,164.66,164.67,164.655,164.661,193.0
2024-04-17 20:19:00,FX:EURJPY,164.661,164.665,164.642,164.645,214.0
2024-04-17 20:20:00,FX:EURJPY,164.645,164.647,164.634,164.636,166.0
2024-04-17 20:21:00,FX:EURJPY,164.636,164.637,164.623,164.63,235.0
2024-04-17 20:22:00,FX:EURJPY,164.63,164.635,164.626,164.627,138.0
2024-04-17 20:23:00,FX:EURJPY,164.627,164.639,164.627,164.639,79.0
2024-04-17 20:24:00,FX:EURJPY,164.639,164.656,164.639,164.646,167.0
2024-04-17 20:25:00,FX:EURJPY,164.646,164.66,164.636,164.645,131.0
2024-04-17 20:26:00,FX:EURJPY,164.645,164.655,164.64,164.647,124.0
2024-04-17 20:27:00,FX:EURJPY,164.647,164.652,164.636,164.642,149.0
2024-04-17 20:28:00,FX:EURJPY,164.642,164.644,164.626,164.633,102.0
2024-04-17 20:29:00,FX:EURJPY,164.633,164.643,164.625,164.641,130.0
2024-04-17 20:30:00,FX:EURJPY,164.641,164.646,164.63,164.64,147.0
2024-04-17 20:31:00,FX:EURJPY,164.64,164.658,164.638,164.645,89.0
2024-04-17 20:32:00,FX:EURJPY,164.645,164.656,164.645,164.647,124.0
2024-04-17 20:33:00,FX:EURJPY,164.647,164.651,164.644,164.647,101.0
2024-04-17 20:34:00,FX:EURJPY,164.647,164.65,164.639,164.643,142.0
2024-04-17 20:35:00,FX:EURJPY,164.643,164.654,164.64,164.649,132.0
2024-04-17 20:36:00,FX:EURJPY,164.649,164.658,164.648,164.656,156.0
2024-04-17 20:37:00,FX:EURJPY,164.656,164.658,164.644,164.658,133.0
2024-04-17 20:38:00,FX:EURJPY,164.658,164.663,164.636,164.638,272.0
2024-04-17 20:39:00,FX:EURJPY,164.638,164.642,164.635,164.64,179.0
2024-04-17 20:40:00,FX:EURJPY,164.64,164.653,164.637,164.646,138.0
2024-04-17 20:41:00,FX:EURJPY,164.646,164.65,164.627,164.633,166.0
2024-04-17 20:42:00,FX:EURJPY,164.633,164.634,164.623,164.625,148.0
2024-04-17 20:43:00,FX:EURJPY,164.625,164.627,164.601,164.601,167.0
2024-04-17 20:44:00,FX:EURJPY,164.601,164.60999999999999,164.594,164.601,142.0
2024-04-17 20:45:00,FX:EURJPY,164.601,164.62699999999998,164.601,164.611,199.0
2024-04-17 20:46:00,FX:EURJPY,164.611,164.613,164.59799999999998,164.602,198.0
2024-04-17 20:47:00,FX:EURJPY,164.602,164.607,164.596,164.605,193.0
2024-04-17 20:48:00,FX:EURJPY,164.605,164.605,164.592,164.594,198.0
2024-04-17 20:49:00,FX:EURJPY,164.594,164.594,164.569,164.569,187.0
2024-04-17 20:50:00,FX:EURJPY,164.569,164.571,164.55,164.567,272.0
2024-04-17 20:51:00,FX:EURJPY,164.567,164.586,164.561,164.58,212.0
2024-04-17 20:52:00,FX:EURJPY,164.58,164.612,164.576,164.611,199.0
2024-04-17 20:53:00,FX:EURJPY,164.611,164.638,164.609,164.624,281.0
2024-04-17 20:54:00,FX:EURJPY,164.624,164.643,164.61,164.631,455.0
2024-04-17 20:55:00,FX:EURJPY,164.631,164.64,164.613,164.626,405.0
2024-04-17 20:56:00,FX:EURJPY,164.626,164.634,164.605,164.605,252.0
2024-04-17 20:57:00,FX:EURJPY,164.605,164.615,164.592,164.595,218.0
2024-04-17 20:58:00,FX:EURJPY,164.595,164.615,164.595,164.609,237.0
2024-04-17 20:59:00,FX:EURJPY,164.609,164.626,164.609,164.617,297.0
2024-04-17 21:00:00,FX:EURJPY,164.617,164.639,164.616,164.634,383.0
2024-04-17 21:01:00,FX:EURJPY,164.634,164.637,164.622,164.622,282.0
2024-04-17 21:02:00,FX:EURJPY,164.622,164.626,164.614,164.618,265.0
2024-04-17 21:03:00,FX:EURJPY,164.618,164.641,164.615,164.641,241.0
2024-04-17 21:04:00,FX:EURJPY,164.641,164.662,164.64,164.66,268.0
2024-04-17 21:05:00,FX:EURJPY,164.66,164.666,164.641,164.642,248.0
2024-04-17 21:06:00,FX:EURJPY,164.642,164.646,164.628,164.628,209.0
2024-04-17 21:07:00,FX:EURJPY,164.628,164.628,164.598,164.6,262.0
2024-04-17 21:08:00,FX:EURJPY,164.6,164.604,164.572,164.596,296.0
2024-04-17 21:09:00,FX:EURJPY,164.596,164.608,164.596,164.605,199.0
2024-04-17 21:10:00,FX:EURJPY,164.605,164.605,164.568,164.573,311.0
2024-04-17 21:11:00,FX:EURJPY,164.573,164.591,164.546,164.586,350.0
2024-04-17 21:12:00,FX:EURJPY,164.586,164.602,164.575,164.601,250.0
2024-04-17 21:13:00,FX:EURJPY,164.601,164.613,164.595,164.608,159.0
2024-04-17 21:14:00,FX:EURJPY,164.608,164.618,164.599,164.603,273.0
2024-04-17 21:15:00,FX:EURJPY,164.603,164.61,164.589,164.6,353.0
2024-04-17 21:16:00,FX:EURJPY,164.6,164.609,164.589,164.602,234.0
2024-04-17 21:17:00,FX:EURJPY,164.602,164.602,164.59,164.598,153.0
2024-04-17 21:18:00,FX:EURJPY,164.598,164.599,164.569,164.575,244.0
2024-04-17 21:19:00,FX:EURJPY,164.575,164.591,164.575,164.589,189.0
2024-04-17 21:20:00,FX:EURJPY,164.589,164.59,164.579,164.585,189.0
2024-04-17 21:21:00,FX:EURJPY,164.585,164.587,164.567,164.571,242.0
2024-04-17 21:22:00,FX:EURJPY,164.571,164.577,164.557,164.557,239.0
2024-04-17 21:23:00,FX:EURJPY,164.557,164.559,164.549,164.552,170.0
2024-04-17 21:24:00,FX:EURJPY,164.552,164.579,164.551,164.579,129.0
2024-04-17 21:25:00,FX:EURJPY,164.579,164.579,164.562,164.572,176.0
2024-04-17 21:26:00,FX:EURJPY,164.572,164.572,164.558,164.559,119.0
2024-04-17 21:27:00,FX:EURJPY,164.559,164.559,164.539,164.545,151.0
2024-04-17 21:28:00,FX:EURJPY,164.545,164.546,164.539,164.539,132.0
2024-04-17 21:29:00,FX:EURJPY,164.539,164.542,164.521,164.521,145.0
2024-04-17 21:30:00,FX:EURJPY,164.521,164.529,164.486,164.522,444.0
2024-04-17 21:31:00,FX:EURJPY,164.522,164.548,164.518,164.524,309.0
2024-04-17 21:32:00,FX:EURJPY,164.524,164.54,164.516,164.517,328.0
2024-04-17 21:33:00,FX:EURJPY,164.517,164.537,164.517,164.53,372.0
2024-04-17 21:34:00,FX:EURJPY,164.53,164.544,164.521,164.54,345.0
2024-04-17 21:35:00,FX:EURJPY,164.54,164.541,164.522,164.522,322.0
2024-04-17 21:36:00,FX:EURJPY,164.522,164.525,164.511,164.52,263.0
2024-04-17 21:37:00,FX:EURJPY,164.52,164.528,164.514,164.52,214.0
2024-04-17 21:38:00,FX:EURJPY,164.52,164.533,164.518,164.528,269.0
2024-04-17 21:39:00,FX:EURJPY,164.528,164.531,164.517,164.524,250.0
2024-04-17 21:40:00,FX:EURJPY,164.524,164.527,164.506,164.506,191.0
2024-04-17 21:41:00,FX:EURJPY,164.506,164.512,164.5,164.512,159.0
2024-04-17 21:42:00,FX:EURJPY,164.512,164.531,164.507,164.526,202.0
2024-04-17 21:43:00,FX:EURJPY,164.526,164.527,164.508,164.51,122.0
2024-04-17 21:44:00,FX:EURJPY,164.51,164.537,164.51,164.537,188.0
2024-04-17 21:45:00,FX:EURJPY,164.537,164.553,164.536,164.547,175.0
2024-04-17 21:46:00,FX:EURJPY,164.547,164.568,164.547,164.564,195.0
2024-04-17 21:47:00,FX:EURJPY,164.564,164.582,164.562,164.578,148.0
2024-04-17 21:48:00,FX:EURJPY,164.578,164.579,164.569,164.573,90.0
2024-04-17 21:49:00,FX:EURJPY,164.573,164.577,164.556,164.564,198.0
2024-04-17 21:50:00,FX:EURJPY,164.564,164.568,164.554,164.556,139.0
2024-04-17 21:51:00,FX:EURJPY,164.556,164.557,164.532,164.537,155.0
2024-04-17 21:52:00,FX:EURJPY,164.537,164.552,164.535,164.544,223.0
2024-04-17 21:53:00,FX:EURJPY,164.544,164.552,164.543,164.548,128.0
2024-04-17 21:54:00,FX:EURJPY,164.548,164.559,164.545,164.559,139.0
2024-04-17 21:55:00,FX:EURJPY,164.559,164.568,164.548,164.56,158.0
2024-04-17 21:56:00,FX:EURJPY,164.56,164.563,164.555,164.56,144.0
2024-04-17 21:57:00,FX:EURJPY,164.56,164.578,164.556,164.562,224.0
2024-04-17 21:58:00,FX:EURJPY,164.562,164.567,164.556,164.559,220.0
2024-04-17 21:59:00,FX:EURJPY,164.559,164.568,164.555,164.558,188.0
2024-04-17 22:00:00,FX:EURJPY,164.558,164.567,164.55,164.551,173.0
2024-04-17 22:01:00,FX:EURJPY,164.551,164.579,164.551,164.578,192.0
2024-04-17 22:02:00,FX:EURJPY,164.578,164.578,164.57,164.571,184.0
2024-04-17 22:03:00,FX:EURJPY,164.571,164.586,164.57,164.586,93.0
2024-04-17 22:04:00,FX:EURJPY,164.586,164.586,164.569,164.569,130.0
2024-04-17 22:05:00,FX:EURJPY,164.569,164.571,164.555,164.555,119.0
2024-04-17 22:06:00,FX:EURJPY,164.555,164.555,164.543,164.545,134.0
2024-04-17 22:07:00,FX:EURJPY,164.545,164.568,164.545,164.565,190.0
2024-04-17 22:08:00,FX:EURJPY,164.565,164.575,164.561,164.569,105.0
2024-04-17 22:09:00,FX:EURJPY,164.569,164.584,164.569,164.582,159.0
2024-04-17 22:10:00,FX:EURJPY,164.582,164.584,164.563,164.581,194.0
2024-04-17 22:11:00,FX:EURJPY,164.581,164.581,164.56,164.562,167.0
2024-04-17 22:12:00,FX:EURJPY,164.562,164.583,164.538,164.539,211.0
2024-04-17 22:13:00,FX:EURJPY,164.539,164.539,164.433,164.433,757.0
2024-04-17 22:14:00,FX:EURJPY,164.433,164.479,164.374,164.414,1404.0
2024-04-17 22:15:00,FX:EURJPY,164.414,164.466,164.358,164.441,931.0
2024-04-17 22:16:00,FX:EURJPY,164.441,164.442,164.383,164.43,638.0
2024-04-17 22:17:00,FX:EURJPY,164.43,164.438,164.379,164.408,499.0
2024-04-17 22:18:00,FX:EURJPY,164.408,164.442,164.39,164.417,451.0
2024-04-17 22:19:00,FX:EURJPY,164.417,164.479,164.413,164.472,327.0
2024-04-17 22:20:00,FX:EURJPY,164.472,164.478,164.452,164.472,257.0
2024-04-17 22:21:00,FX:EURJPY,164.472,164.477,164.451,164.466,288.0
2024-04-17 22:22:00,FX:EURJPY,164.466,164.467,164.419,164.431,268.0
2024-04-17 22:23:00,FX:EURJPY,164.431,164.439,164.413,164.413,228.0
2024-04-17 22:24:00,FX:EURJPY,164.413,164.443,164.408,164.431,146.0
2024-04-17 22:25:00,FX:EURJPY,164.431,164.451,164.429,164.445,184.0
2024-04-17 22:26:00,FX:EURJPY,164.445,164.448,164.427,164.427,173.0
2024-04-17 22:27:00,FX:EURJPY,164.427,164.46,164.412,164.45,246.0
2024-04-17 22:28:00,FX:EURJPY,164.45,164.495,164.44,164.494,271.0
2024-04-17 22:29:00,FX:EURJPY,164.494,164.494,164.466,164.469,247.0
2024-04-17 22:30:00,FX:EURJPY,164.469,164.473,164.459,164.459,164.0
2024-04-17 22:31:00,FX:EURJPY,164.459,164.472,164.438,164.454,243.0
2024-04-17 22:32:00,FX:EURJPY,164.454,164.467,164.44,164.462,237.0
2024-04-17 22:33:00,FX:EURJPY,164.462,164.478,164.46,164.477,174.0
2024-04-17 22:34:00,FX:EURJPY,164.477,164.481,164.466,164.478,149.0
2024-04-17 22:35:00,FX:EURJPY,164.478,164.492,164.469,164.484,218.0
2024-04-17 22:36:00,FX:EURJPY,164.484,164.486,164.473,164.473,134.0
2024-04-17 22:37:00,FX:EURJPY,164.473,164.477,164.453,164.46,201.0
2024-04-17 22:38:00,FX:EURJPY,164.46,164.473,164.449,164.469,252.0
2024-04-17 22:39:00,FX:EURJPY,164.469,164.474,164.456,164.459,259.0
2024-04-17 22:40:00,FX:EURJPY,164.459,164.481,164.453,164.453,249.0
2024-04-17 22:41:00,FX:EURJPY,164.453,164.478,164.452,164.478,223.0
2024-04-17 22:42:00,FX:EURJPY,164.478,164.479,164.468,164.474,180.0
2024-04-17 22:43:00,FX:EURJPY,164.474,164.485,164.468,164.475,150.0
2024-04-17 22:44:00,FX:EURJPY,164.475,164.48,164.463,164.465,145.0
2024-04-17 22:45:00,FX:EURJPY,164.465,164.493,164.46,164.491,162.0
2024-04-17 22:46:00,FX:EURJPY,164.491,164.529,164.491,164.522,118.0
2024-04-17 22:47:00,FX:EURJPY,164.522,164.537,164.521,164.523,188.0
2024-04-17 22:48:00,FX:EURJPY,164.523,164.523,164.505,164.521,155.0
2024-04-17 22:49:00,FX:EURJPY,164.521,164.531,164.518,164.523,168.0
2024-04-17 22:50:00,FX:EURJPY,164.523,164.524,164.5,164.511,200.0
2024-04-17 22:51:00,FX:EURJPY,164.511,164.53,164.49,164.519,272.0
2024-04-17 22:52:00,FX:EURJPY,164.519,164.546,164.517,164.536,213.0
2024-04-17 22:53:00,FX:EURJPY,164.536,164.536,164.521,164.522,117.0
2024-04-17 22:54:00,FX:EURJPY,164.522,164.538,164.521,164.535,155.0
2024-04-17 22:55:00,FX:EURJPY,164.535,164.542,164.523,164.534,185.0
2024-04-17 22:56:00,FX:EURJPY,164.534,164.535,164.522,164.532,176.0
2024-04-17 22:57:00,FX:EURJPY,164.532,164.542,164.519,164.541,170.0
2024-04-17 22:58:00,FX:EURJPY,164.541,164.566,164.54,164.564,236.0
2024-04-17 22:59:00,FX:EURJPY,164.564,164.58,164.556,164.579,219.0
2024-04-17 23:00:00,FX:EURJPY,164.579,164.582,164.563,164.569,178.0
2024-04-17 23:01:00,FX:EURJPY,164.569,164.586,164.557,164.586,155.0
2024-04-17 23:02:00,FX:EURJPY,164.586,164.599,164.582,164.597,164.0
2024-04-17 23:03:00,FX:EURJPY,164.597,164.597,164.585,164.587,109.0
2024-04-17 23:04:00,FX:EURJPY,164.587,164.591,164.58,164.584,156.0
2024-04-17 23:05:00,FX:EURJPY,164.584,164.588,164.573,164.587,137.0
2024-04-17 23:06:00,FX:EURJPY,164.587,164.591,164.574,164.584,144.0
2024-04-17 23:07:00,FX:EURJPY,164.584,164.607,164.584,164.6,147.0
2024-04-17 23:08:00,FX:EURJPY,164.6,164.625,164.6,164.621,148.0
2024-04-17 23:09:00,FX:EURJPY,164.621,164.632,164.616,164.62,174.0
2024-04-17 23:10:00,FX:EURJPY,164.62,164.626,164.618,164.626,153.0
2024-04-17 23:11:00,FX:EURJPY,164.626,164.646,164.624,164.63,174.0
2024-04-17 23:12:00,FX:EURJPY,164.63,164.634,164.62,164.632,182.0
2024-04-17 23:13:00,FX:EURJPY,164.632,164.665,164.627,164.662,233.0
2024-04-17 23:14:00,FX:EURJPY,164.662,164.689,164.66,164.689,259.0
2024-04-17 23:15:00,FX:EURJPY,164.689,164.691,164.678,164.681,161.0
2024-04-17 23:16:00,FX:EURJPY,164.681,164.696,164.676,164.688,175.0
2024-04-17 23:17:00,FX:EURJPY,164.688,164.689,164.655,164.66,203.0
2024-04-17 23:18:00,FX:EURJPY,164.66,164.663,164.643,164.649,196.0
2024-04-17 23:19:00,FX:EURJPY,164.649,164.679,164.644,164.656,240.0
2024-04-17 23:20:00,FX:EURJPY,164.656,164.657,164.648,164.654,105.0
2024-04-17 23:21:00,FX:EURJPY,164.654,164.684,164.649,164.679,186.0
2024-04-17 23:22:00,FX:EURJPY,164.679,164.685,164.679,164.681,131.0
2024-04-17 23:23:00,FX:EURJPY,164.681,164.692,164.672,164.69,173.0
2024-04-17 23:24:00,FX:EURJPY,164.69,164.701,164.685,164.696,180.0
2024-04-17 23:25:00,FX:EURJPY,164.696,164.717,164.696,164.715,159.0
2024-04-17 23:26:00,FX:EURJPY,164.715,164.733,164.713,164.726,179.0
2024-04-17 23:27:00,FX:EURJPY,164.726,164.737,164.725,164.729,140.0
2024-04-17 23:28:00,FX:EURJPY,164.729,164.73,164.715,164.715,157.0
2024-04-17 23:29:00,FX:EURJPY,164.715,164.715,164.69,164.705,189.0
2024-04-17 23:30:00,FX:EURJPY,164.705,164.714,164.688,164.71,228.0
2024-04-17 23:31:00,FX:EURJPY,164.71,164.754,164.703,164.737,284.0
2024-04-17 23:32:00,FX:EURJPY,164.737,164.74,164.725,164.737,161.0
2024-04-17 23:33:00,FX:EURJPY,164.737,164.739,164.722,164.724,120.0
2024-04-17 23:34:00,FX:EURJPY,164.724,164.751,164.724,164.743,152.0
2024-04-17 23:35:00,FX:EURJPY,164.743,164.746,164.728,164.734,127.0
2024-04-17 23:36:00,FX:EURJPY,164.734,164.734,164.717,164.722,109.0
2024-04-17 23:37:00,FX:EURJPY,164.722,164.723,164.713,164.714,127.0
2024-04-17 23:38:00,FX:EURJPY,164.714,164.727,164.704,164.726,174.0
2024-04-17 23:39:00,FX:EURJPY,164.726,164.728,164.711,164.712,132.0
2024-04-17 23:40:00,FX:EURJPY,164.712,164.733,164.712,164.728,115.0
2024-04-17 23:41:00,FX:EURJPY,164.728,164.741,164.728,164.739,138.0
2024-04-17 23:42:00,FX:EURJPY,164.739,164.747,164.738,164.745,112.0
2024-04-17 23:43:00,FX:EURJPY,164.745,164.747,164.74,164.741,97.0
2024-04-17 23:44:00,FX:EURJPY,164.741,164.744,164.733,164.737,146.0
2024-04-17 23:45:00,FX:EURJPY,164.737,164.737,164.71699999999998,164.726,169.0
2024-04-17 23:46:00,FX:EURJPY,164.726,164.743,164.726,164.738,132.0
2024-04-17 23:47:00,FX:EURJPY,164.738,164.746,164.733,164.742,124.0
2024-04-17 23:48:00,FX:EURJPY,164.742,164.743,164.72,164.722,172.0
2024-04-17 23:49:00,FX:EURJPY,164.722,164.724,164.711,164.716,147.0
2024-04-17 23:50:00,FX:EURJPY,164.716,164.728,164.711,164.727,185.0
2024-04-17 23:51:00,FX:EURJPY,164.727,164.732,164.717,164.722,203.0
2024-04-17 23:52:00,FX:EURJPY,164.722,164.727,164.711,164.711,96.0
2024-04-17 23:53:00,FX:EURJPY,164.711,164.728,164.711,164.716,165.0
2024-04-17 23:54:00,FX:EURJPY,164.716,164.722,164.713,164.715,127.0
2024-04-17 23:55:00,FX:EURJPY,164.715,164.735,164.71,164.729,135.0
2024-04-17 23:56:00,FX:EURJPY,164.729,164.735,164.703,164.706,150.0
2024-04-17 23:57:00,FX:EURJPY,164.706,164.72,164.706,164.72,98.0
2024-04-17 23:58:00,FX:EURJPY,164.72,164.722,164.71,164.719,141.0
2024-04-17 23:59:00,FX:EURJPY,164.719,164.729,164.717,164.722,90.0
2024-04-18 00:00:00,FX:EURJPY,164.722,164.737,164.722,164.728,120.0
2024-04-18 00:01:00,FX:EURJPY,164.728,164.732,164.725,164.728,68.0
2024-04-18 00:02:00,FX:EURJPY,164.728,164.729,164.72,164.722,90.0
2024-04-18 00:03:00,FX:EURJPY,164.722,164.722,164.713,164.714,71.0
2024-04-18 00:04:00,FX:EURJPY,164.714,164.73,164.713,164.727,104.0
2024-04-18 00:05:00,FX:EURJPY,164.727,164.729,164.714,164.721,91.0
2024-04-18 00:06:00,FX:EURJPY,164.721,164.727,164.709,164.727,110.0
2024-04-18 00:07:00,FX:EURJPY,164.727,164.727,164.715,164.717,119.0
2024-04-18 00:08:00,FX:EURJPY,164.717,164.721,164.703,164.705,92.0
2024-04-18 00:09:00,FX:EURJPY,164.705,164.706,164.7,164.7,95.0
2024-04-18 00:10:00,FX:EURJPY,164.7,164.709,164.699,164.708,84.0
2024-04-18 00:11:00,FX:EURJPY,164.708,164.719,164.707,164.717,112.0
2024-04-18 00:12:00,FX:EURJPY,164.717,164.72,164.712,164.716,117.0
2024-04-18 00:13:00,FX:EURJPY,164.716,164.741,164.716,164.738,98.0
2024-04-18 00:14:00,FX:EURJPY,164.738,164.758,164.738,164.754,121.0
2024-04-18 00:15:00,FX:EURJPY,164.754,164.756,164.739,164.739,78.0
2024-04-18 00:16:00,FX:EURJPY,164.739,164.74,164.721,164.721,115.0
2024-04-18 00:17:00,FX:EURJPY,164.721,164.721,164.711,164.715,67.0
2024-04-18 00:18:00,FX:EURJPY,164.715,164.723,164.711,164.722,130.0
2024-04-18 00:19:00,FX:EURJPY,164.722,164.725,164.719,164.724,89.0
2024-04-18 00:20:00,FX:EURJPY,164.724,164.728,164.72,164.727,91.0
2024-04-18 00:21:00,FX:EURJPY,164.727,164.729,164.72,164.72,69.0
2024-04-18 00:22:00,FX:EURJPY,164.72,164.73,164.719,164.723,107.0
2024-04-18 00:23:00,FX:EURJPY,164.723,164.731,164.721,164.728,127.0
2024-04-18 00:24:00,FX:EURJPY,164.728,164.735,164.728,164.733,99.0
2024-04-18 00:25:00,FX:EURJPY,164.733,164.735,164.725,164.725,117.0
2024-04-18 00:26:00,FX:EURJPY,164.725,164.734,164.714,164.731,106.0
2024-04-18 00:27:00,FX:EURJPY,164.731,164.754,164.73,164.751,81.0
2024-04-18 00:28:00,FX:EURJPY,164.751,164.757,164.751,164.756,138.0
2024-04-18 00:29:00,FX:EURJPY,164.756,164.774,164.756,164.773,157.0
2024-04-18 00:30:00,FX:EURJPY,164.773,164.79,164.769,164.79,222.0
2024-04-18 00:31:00,FX:EURJPY,164.79,164.794,164.777,164.788,203.0
2024-04-18 00:32:00,FX:EURJPY,164.788,164.789,164.775,164.775,176.0
2024-04-18 00:33:00,FX:EURJPY,164.775,164.776,164.76,164.772,139.0
2024-04-18 00:34:00,FX:EURJPY,164.772,164.776,164.768,164.77,150.0
2024-04-18 00:35:00,FX:EURJPY,164.77,164.773,164.768,164.771,103.0
2024-04-18 00:36:00,FX:EURJPY,164.771,164.775,164.743,164.753,223.0
2024-04-18 00:37:00,FX:EURJPY,164.753,164.756,164.751,164.751,72.0
2024-04-18 00:38:00,FX:EURJPY,164.751,164.756,164.736,164.736,121.0
2024-04-18 00:39:00,FX:EURJPY,164.736,164.742,164.73,164.738,99.0
2024-04-18 00:40:00,FX:EURJPY,164.738,164.745,164.736,164.743,84.0
2024-04-18 00:41:00,FX:EURJPY,164.743,164.764,164.743,164.753,125.0
2024-04-18 00:42:00,FX:EURJPY,164.753,164.767,164.753,164.763,116.0
2024-04-18 00:43:00,FX:EURJPY,164.763,164.764,164.738,164.738,117.0
2024-04-18 00:44:00,FX:EURJPY,164.738,164.745,164.732,164.737,85.0
2024-04-18 00:45:00,FX:EURJPY,164.737,164.746,164.736,164.746,76.0
2024-04-18 00:46:00,FX:EURJPY,164.746,164.748,164.717,164.727,125.0
2024-04-18 00:47:00,FX:EURJPY,164.727,164.73,164.726,164.73,69.0
2024-04-18 00:48:00,FX:EURJPY,164.73,164.736,164.724,164.734,110.0
2024-04-18 00:49:00,FX:EURJPY,164.734,164.734,164.714,164.727,94.0
2024-04-18 00:50:00,FX:EURJPY,164.727,164.74,164.725,164.738,102.0
2024-04-18 00:51:00,FX:EURJPY,164.738,164.74,164.734,164.734,76.0
2024-04-18 00:52:00,FX:EURJPY,164.734,164.742,164.728,164.737,123.0
2024-04-18 00:53:00,FX:EURJPY,164.737,164.739,164.731,164.731,93.0
2024-04-18 00:54:00,FX:EURJPY,164.731,164.731,164.721,164.726,76.0
2024-04-18 00:55:00,FX:EURJPY,164.726,164.742,164.724,164.739,98.0
2024-04-18 00:56:00,FX:EURJPY,164.739,164.739,164.732,164.737,102.0
2024-04-18 00:57:00,FX:EURJPY,164.737,164.737,164.726,164.73,80.0
2024-04-18 00:58:00,FX:EURJPY,164.73,164.743,164.724,164.738,123.0
2024-04-18 00:59:00,FX:EURJPY,164.738,164.76,164.734,164.76,84.0
2024-04-18 01:00:00,FX:EURJPY,164.76,164.76,164.745,164.751,140.0
2024-04-18 01:01:00,FX:EURJPY,164.751,164.751,164.745,164.747,84.0
2024-04-18 01:02:00,FX:EURJPY,164.747,164.756,164.743,164.749,162.0
2024-04-18 01:03:00,FX:EURJPY,164.749,164.753,164.744,164.744,92.0
2024-04-18 01:04:00,FX:EURJPY,164.744,164.752,164.741,164.744,121.0
2024-04-18 01:05:00,FX:EURJPY,164.744,164.75,164.738,164.74,116.0
2024-04-18 01:06:00,FX:EURJPY,164.74,164.742,164.732,164.732,76.0
2024-04-18 01:07:00,FX:EURJPY,164.732,164.742,164.732,164.74,83.0
2024-04-18 01:08:00,FX:EURJPY,164.74,164.746,164.738,164.742,60.0
2024-04-18 01:09:00,FX:EURJPY,164.742,164.766,164.74,164.752,101.0
2024-04-18 01:10:00,FX:EURJPY,164.752,164.76,164.749,164.76,130.0
2024-04-18 01:11:00,FX:EURJPY,164.76,164.773,164.759,164.766,135.0
2024-04-18 01:12:00,FX:EURJPY,164.766,164.768,164.754,164.755,91.0
2024-04-18 01:13:00,FX:EURJPY,164.755,164.755,164.749,164.753,68.0
2024-04-18 01:14:00,FX:EURJPY,164.753,164.773,164.752,164.773,150.0
2024-04-18 01:15:00,FX:EURJPY,164.773,164.773,164.754,164.76,182.0
2024-04-18 01:16:00,FX:EURJPY,164.76,164.779,164.755,164.776,139.0
2024-04-18 01:17:00,FX:EURJPY,164.776,164.776,164.746,164.752,173.0
2024-04-18 01:18:00,FX:EURJPY,164.752,164.766,164.752,164.765,100.0
2024-04-18 01:19:00,FX:EURJPY,164.765,164.767,164.761,164.764,98.0
2024-04-18 01:20:00,FX:EURJPY,164.764,164.764,164.741,164.756,128.0
2024-04-18 01:21:00,FX:EURJPY,164.756,164.772,164.754,164.771,139.0
2024-04-18 01:22:00,FX:EURJPY,164.771,164.782,164.77,164.78,126.0
2024-04-18 01:23:00,FX:EURJPY,164.78,164.786,164.779,164.784,105.0
2024-04-18 01:24:00,FX:EURJPY,164.784,164.792,164.782,164.791,155.0
2024-04-18 01:25:00,FX:EURJPY,164.791,164.811,164.787,164.802,188.0
2024-04-18 01:26:00,FX:EURJPY,164.802,164.806,164.795,164.803,98.0
2024-04-18 01:27:00,FX:EURJPY,164.803,164.816,164.803,164.812,116.0
2024-04-18 01:28:00,FX:EURJPY,164.812,164.812,164.786,164.79,163.0
2024-04-18 01:29:00,FX:EURJPY,164.79,164.793,164.775,164.781,115.0
2024-04-18 01:30:00,FX:EURJPY,164.781,164.789,164.769,164.772,177.0
2024-04-18 01:31:00,FX:EURJPY,164.772,164.777,164.766,164.775,204.0
2024-04-18 01:32:00,FX:EURJPY,164.775,164.792,164.773,164.773,164.0
2024-04-18 01:33:00,FX:EURJPY,164.773,164.806,164.772,164.8,201.0
2024-04-18 01:34:00,FX:EURJPY,164.8,164.8,164.792,164.793,181.0
2024-04-18 01:35:00,FX:EURJPY,164.793,164.794,164.771,164.774,190.0
2024-04-18 01:36:00,FX:EURJPY,164.774,164.776,164.768,164.77,139.0
2024-04-18 01:37:00,FX:EURJPY,164.77,164.776,164.767,164.773,141.0
2024-04-18 01:38:00,FX:EURJPY,164.773,164.785,164.764,164.775,192.0
2024-04-18 01:39:00,FX:EURJPY,164.775,164.776,164.763,164.763,103.0
2024-04-18 01:40:00,FX:EURJPY,164.763,164.784,164.763,164.781,125.0
2024-04-18 01:41:00,FX:EURJPY,164.781,164.785,164.769,164.783,148.0
2024-04-18 01:42:00,FX:EURJPY,164.783,164.786,164.781,164.782,96.0
2024-04-18 01:43:00,FX:EURJPY,164.782,164.791,164.78,164.79,166.0
2024-04-18 01:44:00,FX:EURJPY,164.79,164.808,164.789,164.808,77.0
2024-04-18 01:45:00,FX:EURJPY,164.808,164.808,164.8,164.801,119.0
2024-04-18 01:46:00,FX:EURJPY,164.801,164.804,164.796,164.804,141.0
2024-04-18 01:47:00,FX:EURJPY,164.804,164.813,164.801,164.809,142.0
2024-04-18 01:48:00,FX:EURJPY,164.809,164.816,164.804,164.815,181.0
2024-04-18 01:49:00,FX:EURJPY,164.815,164.86,164.815,164.843,230.0
2024-04-18 01:50:00,FX:EURJPY,164.843,164.853,164.834,164.84,162.0
2024-04-18 01:51:00,FX:EURJPY,164.84,164.84,164.812,164.82,188.0
2024-04-18 01:52:00,FX:EURJPY,164.82,164.821,164.813,164.815,160.0
2024-04-18 01:53:00,FX:EURJPY,164.815,164.815,164.787,164.796,222.0
2024-04-18 01:54:00,FX:EURJPY,164.796,164.82,164.796,164.801,177.0
2024-04-18 01:55:00,FX:EURJPY,164.801,164.815,164.799,164.815,140.0
2024-04-18 01:56:00,FX:EURJPY,164.815,164.818,164.806,164.808,173.0
2024-04-18 01:57:00,FX:EURJPY,164.808,164.808,164.774,164.777,202.0
2024-04-18 01:58:00,FX:EURJPY,164.777,164.802,164.776,164.798,230.0
2024-04-18 01:59:00,FX:EURJPY,164.798,164.802,164.782,164.793,222.0
2024-04-18 02:00:00,FX:EURJPY,164.793,164.814,164.774,164.81,318.0
2024-04-18 02:01:00,FX:EURJPY,164.81,164.82,164.808,164.82,250.0
2024-04-18 02:02:00,FX:EURJPY,164.82,164.836,164.807,164.817,292.0
2024-04-18 02:03:00,FX:EURJPY,164.817,164.841,164.812,164.837,268.0
2024-04-18 02:04:00,FX:EURJPY,164.837,164.844,164.826,164.841,260.0
2024-04-18 02:05:00,FX:EURJPY,164.841,164.85,164.814,164.814,287.0
2024-04-18 02:06:00,FX:EURJPY,164.814,164.814,164.745,164.767,404.0
2024-04-18 02:07:00,FX:EURJPY,164.767,164.772,164.752,164.762,246.0
2024-04-18 02:08:00,FX:EURJPY,164.762,164.766,164.736,164.748,253.0
2024-04-18 02:10:00,FX:EURJPY,164.748,164.781,164.744,164.778,332.0
2024-04-18 02:11:00,FX:EURJPY,164.778,164.779,164.761,164.761,173.0
2024-04-18 02:12:00,FX:EURJPY,164.761,164.763,164.741,164.747,254.0
2024-04-18 02:13:00,FX:EURJPY,164.747,164.759,164.735,164.738,216.0
2024-04-18 02:14:00,FX:EURJPY,164.738,164.755,164.734,164.745,279.0
2024-04-18 02:15:00,FX:EURJPY,164.745,164.751,164.738,164.747,191.0
2024-04-18 02:16:00,FX:EURJPY,164.747,164.77,164.744,164.759,318.0
2024-04-18 02:17:00,FX:EURJPY,164.759,164.759,164.71,164.734,314.0
2024-04-18 02:18:00,FX:EURJPY,164.734,164.749,164.712,164.712,285.0
2024-04-18 02:19:00,FX:EURJPY,164.712,164.712,164.686,164.704,324.0
2024-04-18 02:20:00,FX:EURJPY,164.704,164.724,164.692,164.714,400.0
2024-04-18 02:21:00,FX:EURJPY,164.714,164.719,164.706,164.707,248.0
2024-04-18 02:22:00,FX:EURJPY,164.707,164.741,164.703,164.729,311.0
2024-04-18 02:23:00,FX:EURJPY,164.729,164.753,164.729,164.731,234.0
2024-04-18 02:24:00,FX:EURJPY,164.731,164.736,164.721,164.733,237.0
2024-04-18 02:25:00,FX:EURJPY,164.733,164.737,164.717,164.734,283.0
2024-04-18 02:26:00,FX:EURJPY,164.734,164.746,164.728,164.744,215.0
2024-04-18 02:27:00,FX:EURJPY,164.744,164.752,164.737,164.737,194.0
2024-04-18 02:28:00,FX:EURJPY,164.737,164.782,164.733,164.781,273.0
2024-04-18 02:29:00,FX:EURJPY,164.781,164.803,164.778,164.798,244.0
2024-04-18 02:30:00,FX:EURJPY,164.798,164.799,164.784,164.79,136.0
2024-04-18 02:31:00,FX:EURJPY,164.79,164.809,164.78699999999998,164.803,237.0
2024-04-18 02:32:00,FX:EURJPY,164.803,164.814,164.803,164.81099999999998,122.0
